time_s,device_time_s,system_time_s,gaze_x,gaze_y,valid,left_gaze_x,left_gaze_y,right_gaze_x,right_gaze_y,left_valid,right_valid,pupil_left,pupil_right,source_device,raw_gaze_x,raw_gaze_y,raw_cx,raw_cy,coordinate_space
1.1471004486083984,,,0.0,0.0,0,,,,,,,,,GP3,0.0,0.0,0.0,0.0,normalised
1.157344102859497,,,0.0,0.0,0,,,,,,,,,GP3,0.0,0.0,0.0,0.0,normalised
1.8933463096618652,,,0.0,0.0,0,,,,,,,,,GP3,0.0,0.0,0.0,0.0,normalised
1.904088020324707,,,0.0,0.0,0,,,,,,,,,GP3,0.0,0.0,0.0,0.0,normalised
1.9171347618103027,,,0.0,0.0,0,,,,,,,,,GP3,0.0,0.0,0.2474,0.44167,normalised
1.931403398513794,,,0.0,0.0,0,,,,,,,,,GP3,0.0,0.0,0.2474,0.44167,normalised
1.9491934776306152,,,0.0,0.0,0,,,,,,,,,GP3,0.0,0.0,0.2474,0.44167,normalised
1.9637393951416016,,,0.0,0.0,0,,,,,,,,,GP3,0.0,0.0,0.2474,0.44167,normalised
1.9823458194732666,,,0.0,0.0,0,,,,,,,,,GP3,0.0,0.0,0.2474,0.44167,normalised
1.9969820976257324,,,0.0,0.0,0,,,,,,,,,GP3,0.0,0.0,0.2474,0.44167,normalised
2.013864040374756,,,0.0,0.0,0,,,,,,,,,GP3,0.0,0.0,0.2474,0.44167,normalised
2.0315399169921875,,,0.0,0.0,0,,,,,,,,,GP3,0.0,0.0,0.2474,0.44167,normalised
2.0449531078338623,,,0.0,0.0,0,,,,,,,,,GP3,0.0,0.0,0.2474,0.44167,normalised
2.065190315246582,,,0.83095,1.48547,1,,,,,,,,,GP3,0.83095,1.48547,0.2474,0.44167,normalised
2.0756399631500244,,,0.84312,1.48556,1,,,,,,,,,GP3,0.84312,1.48556,0.2474,0.44167,normalised
2.092284679412842,,,0.86851,1.49971,1,,,,,,,,,GP3,0.86851,1.49971,0.2474,0.44167,normalised
2.1093358993530273,,,0.88159,1.50717,1,,,,,,,,,GP3,0.88159,1.50717,0.2474,0.44167,normalised
2.1263420581817627,,,0.88986,1.51159,1,,,,,,,,,GP3,0.88986,1.51159,0.2474,0.44167,normalised
2.141322612762451,,,0.89539,1.51456,1,,,,,,,,,GP3,0.89539,1.51456,0.2474,0.44167,normalised
2.158315658569336,,,0.89569,1.51526,1,,,,,,,,,GP3,0.89569,1.51526,0.2474,0.44167,normalised
2.1737186908721924,,,0.89577,1.51491,1,,,,,,,,,GP3,0.89577,1.51491,0.2474,0.44167,normalised
2.1904454231262207,,,0.89587,1.51467,1,,,,,,,,,GP3,0.89587,1.51467,0.2474,0.44167,normalised
2.206265687942505,,,0.89567,1.51357,1,,,,,,,,,GP3,0.89567,1.51357,0.2474,0.44167,normalised
2.221268892288208,,,0.89496,1.513,1,,,,,,,,,GP3,0.89496,1.513,0.2474,0.44167,normalised
2.2402760982513428,,,0.89431,1.51249,1,,,,,,,,,GP3,0.89431,1.51249,0.2474,0.44167,normalised
2.2547051906585693,,,0.89239,1.51016,1,,,,,,,,,GP3,0.89239,1.51016,0.2474,0.44167,normalised
2.2719995975494385,,,0.8909,1.50978,1,,,,,,,,,GP3,0.8909,1.50978,0.2474,0.44167,normalised
2.2863054275512695,,,0.88965,1.50947,1,,,,,,,,,GP3,0.88965,1.50947,0.2474,0.44167,normalised
2.3039567470550537,,,0.88883,1.5093,1,,,,,,,,,GP3,0.88883,1.5093,0.2474,0.44167,normalised
2.319840908050537,,,0.88936,1.51033,1,,,,,,,,,GP3,0.88936,1.51033,0.2474,0.44167,normalised
2.334392786026001,,,0.88985,1.51126,1,,,,,,,,,GP3,0.88985,1.51126,0.2474,0.44167,normalised
2.352851390838623,,,0.88986,1.51122,1,,,,,,,,,GP3,0.88986,1.51122,0.2474,0.44167,normalised
2.3679039478302,,,0.889,1.51122,1,,,,,,,,,GP3,0.889,1.51122,0.2474,0.44167,normalised
2.3843438625335693,,,0.8882,1.5112,1,,,,,,,,,GP3,0.8882,1.5112,0.2474,0.44167,normalised
2.39898943901062,,,0.88861,1.51186,1,,,,,,,,,GP3,0.88861,1.51186,0.2474,0.44167,normalised
2.4161226749420166,,,0.88803,1.51181,1,,,,,,,,,GP3,0.88803,1.51181,0.2474,0.44167,normalised
2.431164503097534,,,0.88754,1.51178,1,,,,,,,,,GP3,0.88754,1.51178,0.2474,0.44167,normalised
2.4470407962799072,,,0.88725,1.51145,1,,,,,,,,,GP3,0.88725,1.51145,0.2474,0.44167,normalised
2.4628498554229736,,,0.88757,1.51234,1,,,,,,,,,GP3,0.88757,1.51234,0.2474,0.44167,normalised
2.478557586669922,,,0.88788,1.51319,1,,,,,,,,,GP3,0.88788,1.51319,0.2474,0.44167,normalised
2.4971654415130615,,,0.88791,1.5133,1,,,,,,,,,GP3,0.88791,1.5133,0.2474,0.44167,normalised
2.513103485107422,,,0.88825,1.51316,1,,,,,,,,,GP3,0.88825,1.51316,0.2474,0.44167,normalised
2.5270192623138428,,,0.88852,1.513,1,,,,,,,,,GP3,0.88852,1.513,0.2474,0.44167,normalised
2.544644594192505,,,0.88847,1.51249,1,,,,,,,,,GP3,0.88847,1.51249,0.2474,0.44167,normalised
2.5617246627807617,,,0.88806,1.51187,1,,,,,,,,,GP3,0.88806,1.51187,0.2474,0.44167,normalised
2.577611207962036,,,0.88768,1.51129,1,,,,,,,,,GP3,0.88768,1.51129,0.2474,0.44167,normalised
2.593777656555176,,,0.88728,1.51085,1,,,,,,,,,GP3,0.88728,1.51085,0.2474,0.44167,normalised
2.6113054752349854,,,0.88739,1.51124,1,,,,,,,,,GP3,0.88739,1.51124,0.2474,0.44167,normalised
2.6257035732269287,,,0.8875,1.51162,1,,,,,,,,,GP3,0.8875,1.51162,0.2474,0.44167,normalised
2.641069173812866,,,0.88778,1.51207,1,,,,,,,,,GP3,0.88778,1.51207,0.2474,0.44167,normalised
2.659954786300659,,,0.88768,1.51206,1,,,,,,,,,GP3,0.88768,1.51206,0.2474,0.44167,normalised
2.6757731437683105,,,0.88759,1.51206,1,,,,,,,,,GP3,0.88759,1.51206,0.2474,0.44167,normalised
2.68945050239563,,,0.88718,1.51142,1,,,,,,,,,GP3,0.88718,1.51142,0.2474,0.44167,normalised
2.7081551551818848,,,0.88685,1.51086,1,,,,,,,,,GP3,0.88685,1.51086,0.2474,0.44167,normalised
2.722668409347534,,,0.88653,1.51033,1,,,,,,,,,GP3,0.88653,1.51033,0.2474,0.44167,normalised
2.737522602081299,,,0.88673,1.51046,1,,,,,,,,,GP3,0.88673,1.51046,0.2474,0.44167,normalised
2.7546911239624023,,,0.8868,1.51045,1,,,,,,,,,GP3,0.8868,1.51045,0.2474,0.44167,normalised
2.7707087993621826,,,0.88685,1.51043,1,,,,,,,,,GP3,0.88685,1.51043,0.2474,0.44167,normalised
2.7856366634368896,,,0.88738,1.50974,1,,,,,,,,,GP3,0.88738,1.50974,0.2474,0.44167,normalised
2.802447557449341,,,0.88802,1.50989,1,,,,,,,,,GP3,0.88802,1.50989,0.2474,0.44167,normalised
2.8193118572235107,,,0.88862,1.51004,1,,,,,,,,,GP3,0.88862,1.51004,0.2474,0.44167,normalised
2.834200143814087,,,0.88862,1.51004,1,,,,,,,,,GP3,0.88862,1.51004,0.2474,0.44167,normalised
2.850672483444214,,,0.88862,1.51004,1,,,,,,,,,GP3,0.88862,1.51004,0.2474,0.44167,normalised
2.8716742992401123,,,0.88862,1.51004,1,,,,,,,,,GP3,0.88862,1.51004,0.2474,0.44167,normalised
2.8854005336761475,,,0.89195,1.5053,0,,,,,,,,,GP3,0.89195,1.5053,0.2474,0.44167,normalised
2.9011313915252686,,,0.89195,1.5053,0,,,,,,,,,GP3,0.89195,1.5053,0.2474,0.44167,normalised
2.917720317840576,,,0.89195,1.5053,0,,,,,,,,,GP3,0.89195,1.5053,0.2474,0.44167,normalised
2.932279586791992,,,0.0,0.0,0,,,,,,,,,GP3,0.0,0.0,0.2474,0.44167,normalised
2.9508559703826904,,,0.0,0.0,0,,,,,,,,,GP3,0.0,0.0,0.2474,0.44167,normalised
2.9676010608673096,,,0.0,0.0,0,,,,,,,,,GP3,0.0,0.0,0.2474,0.44167,normalised
2.9842159748077393,,,0.0,0.0,0,,,,,,,,,GP3,0.0,0.0,0.2474,0.44167,normalised
2.9987611770629883,,,0.0,0.0,0,,,,,,,,,GP3,0.0,0.0,0.2474,0.44167,normalised
3.0146031379699707,,,0.0,0.0,0,,,,,,,,,GP3,0.0,0.0,0.2474,0.44167,normalised
3.0326337814331055,,,0.0,0.0,0,,,,,,,,,GP3,0.0,0.0,0.2474,0.44167,normalised
3.049971580505371,,,0.0,0.0,0,,,,,,,,,GP3,0.0,0.0,0.2474,0.44167,normalised
3.063709259033203,,,0.0,0.0,0,,,,,,,,,GP3,0.0,0.0,0.2474,0.44167,normalised
3.0800163745880127,,,0.0,0.0,0,,,,,,,,,GP3,0.0,0.0,0.2474,0.44167,normalised
3.096926212310791,,,0.0,0.0,0,,,,,,,,,GP3,0.0,0.0,0.2474,0.44167,normalised
3.112734079360962,,,0.0,0.0,0,,,,,,,,,GP3,0.0,0.0,0.2474,0.44167,normalised
3.1297733783721924,,,0.0,0.0,0,,,,,,,,,GP3,0.0,0.0,0.2474,0.44167,normalised
3.1444168090820312,,,0.0,0.0,0,,,,,,,,,GP3,0.0,0.0,0.2474,0.44167,normalised
3.1605095863342285,,,0.0,0.0,0,,,,,,,,,GP3,0.0,0.0,0.2474,0.44167,normalised
3.177687168121338,,,1.27571,2.05951,0,,,,,,,,,GP3,1.27571,2.05951,0.2474,0.44167,normalised
3.1902740001678467,,,1.10588,1.86174,0,,,,,,,,,GP3,1.10588,1.86174,0.2474,0.44167,normalised
3.206483840942383,,,1.04942,1.79568,0,,,,,,,,,GP3,1.04942,1.79568,0.2474,0.44167,normalised
3.2224152088165283,,,0.92698,1.65853,0,,,,,,,,,GP3,0.92698,1.65853,0.2474,0.44167,normalised
3.2405223846435547,,,0.92055,1.65062,0,,,,,,,,,GP3,0.92055,1.65062,0.2474,0.44167,normalised
3.2551116943359375,,,0.91857,1.64787,0,,,,,,,,,GP3,0.91857,1.64787,0.2474,0.44167,normalised
3.272040843963623,,,0.92741,1.65555,1,,,,,,,,,GP3,0.92741,1.65555,0.2474,0.44167,normalised
3.289771318435669,,,0.92288,1.65814,1,,,,,,,,,GP3,0.92288,1.65814,0.2474,0.44167,normalised
3.3033902645111084,,,0.91976,1.65996,1,,,,,,,,,GP3,0.91976,1.65996,0.2474,0.44167,normalised
3.3200314044952393,,,0.91976,1.65996,1,,,,,,,,,GP3,0.91976,1.65996,0.2474,0.44167,normalised
3.3379251956939697,,,0.91976,1.65996,1,,,,,,,,,GP3,0.91976,1.65996,0.2474,0.44167,normalised
3.3556067943573,,,0.91976,1.65996,1,,,,,,,,,GP3,0.91976,1.65996,0.2474,0.44167,normalised
3.369304895401001,,,0.91831,1.66024,0,,,,,,,,,GP3,0.91831,1.66024,0.2474,0.44167,normalised
3.38778018951416,,,0.91831,1.66024,0,,,,,,,,,GP3,0.91831,1.66024,0.2474,0.44167,normalised
3.401585817337036,,,0.91831,1.66024,0,,,,,,,,,GP3,0.91831,1.66024,0.2474,0.44167,normalised
3.4193503856658936,,,0.0,0.0,0,,,,,,,,,GP3,0.0,0.0,0.2474,0.44167,normalised
3.436123847961426,,,0.0,0.0,0,,,,,,,,,GP3,0.0,0.0,0.2474,0.44167,normalised
3.451565980911255,,,0.0,0.0,0,,,,,,,,,GP3,0.0,0.0,0.2474,0.44167,normalised
3.467820882797241,,,0.0,0.0,0,,,,,,,,,GP3,0.0,0.0,0.2474,0.44167,normalised
3.4844555854797363,,,0.0,0.0,0,,,,,,,,,GP3,0.0,0.0,0.2474,0.44167,normalised
3.499539852142334,,,0.0,0.0,0,,,,,,,,,GP3,0.0,0.0,0.2474,0.44167,normalised
3.516211986541748,,,0.0,0.0,0,,,,,,,,,GP3,0.0,0.0,0.2474,0.44167,normalised
3.5332257747650146,,,0.0,0.0,0,,,,,,,,,GP3,0.0,0.0,0.2474,0.44167,normalised
3.550612688064575,,,0.0,0.0,0,,,,,,,,,GP3,0.0,0.0,0.2474,0.44167,normalised
3.5665345191955566,,,0.0,0.0,0,,,,,,,,,GP3,0.0,0.0,0.2474,0.44167,normalised
3.5824825763702393,,,0.0,0.0,0,,,,,,,,,GP3,0.0,0.0,0.2474,0.44167,normalised
3.5972139835357666,,,0.0,0.0,0,,,,,,,,,GP3,0.0,0.0,0.2474,0.44167,normalised
3.6148386001586914,,,0.0,0.0,0,,,,,,,,,GP3,0.0,0.0,0.2474,0.44167,normalised
3.631629705429077,,,0.0,0.0,0,,,,,,,,,GP3,0.0,0.0,0.2474,0.44167,normalised
3.646571397781372,,,0.0,0.0,0,,,,,,,,,GP3,0.0,0.0,0.2474,0.44167,normalised
3.6610982418060303,,,0.0,0.0,0,,,,,,,,,GP3,0.0,0.0,0.2474,0.44167,normalised
3.6821749210357666,,,0.40938,0.59934,0,,,,,,,,,GP3,0.40938,0.59934,0.2474,0.44167,normalised
3.6939697265625,,,0.54584,0.79912,0,,,,,,,,,GP3,0.54584,0.79912,0.2474,0.44167,normalised
3.711085319519043,,,0.78202,1.07576,0,,,,,,,,,GP3,0.78202,1.07576,0.2474,0.44167,normalised
3.7268099784851074,,,0.71152,0.87538,0,,,,,,,,,GP3,0.71152,0.87538,0.2474,0.44167,normalised
3.7417635917663574,,,0.68923,0.81215,0,,,,,,,,,GP3,0.68923,0.81215,0.2474,0.44167,normalised
3.7604691982269287,,,0.63703,0.65189,0,,,,,,,,,GP3,0.63703,0.65189,0.2474,0.44167,normalised
3.7744317054748535,,,0.63382,0.63622,0,,,,,,,,,GP3,0.63382,0.63622,0.2474,0.44167,normalised
3.791999340057373,,,0.63469,0.63666,0,,,,,,,,,GP3,0.63469,0.63666,0.2474,0.44167,normalised
3.8127267360687256,,,0.635,0.63648,1,,,,,,,,,GP3,0.635,0.63648,0.2474,0.44167,normalised
3.8242340087890625,,,0.63635,0.63885,1,,,,,,,,,GP3,0.63635,0.63885,0.2474,0.44167,normalised
3.8392906188964844,,,0.63748,0.64098,1,,,,,,,,,GP3,0.63748,0.64098,0.2474,0.44167,normalised
3.85569429397583,,,0.63803,0.64258,1,,,,,,,,,GP3,0.63803,0.64258,0.2474,0.44167,normalised
3.8731987476348877,,,0.64046,0.64485,1,,,,,,,,,GP3,0.64046,0.64485,0.2474,0.44167,normalised
3.887704610824585,,,0.64194,0.64537,1,,,,,,,,,GP3,0.64194,0.64537,0.2474,0.44167,normalised
3.904656171798706,,,0.64269,0.64308,1,,,,,,,,,GP3,0.64269,0.64308,0.2474,0.44167,normalised
3.92242693901062,,,0.64168,0.63959,1,,,,,,,,,GP3,0.64168,0.63959,0.2474,0.44167,normalised
3.9366867542266846,,,0.64055,0.63582,1,,,,,,,,,GP3,0.64055,0.63582,0.2474,0.44167,normalised
3.952993392944336,,,0.63962,0.63434,1,,,,,,,,,GP3,0.63962,0.63434,0.2474,0.44167,normalised
3.9690515995025635,,,0.63925,0.63317,1,,,,,,,,,GP3,0.63925,0.63317,0.2474,0.44167,normalised
3.9861299991607666,,,0.63892,0.63216,1,,,,,,,,,GP3,0.63892,0.63216,0.2474,0.44167,normalised
4.000953674316406,,,0.63936,0.63156,1,,,,,,,,,GP3,0.63936,0.63156,0.2474,0.44167,normalised
4.018863916397095,,,0.64023,0.6301,1,,,,,,,,,GP3,0.64023,0.6301,0.2474,0.44167,normalised
4.033578634262085,,,0.6409,0.62851,1,,,,,,,,,GP3,0.6409,0.62851,0.2474,0.44167,normalised
4.049377918243408,,,0.6411,0.63161,1,,,,,,,,,GP3,0.6411,0.63161,0.2474,0.44167,normalised
4.06625771522522,,,0.63611,0.62932,1,,,,,,,,,GP3,0.63611,0.62932,0.2474,0.44167,normalised
4.08328914642334,,,0.63151,0.627,1,,,,,,,,,GP3,0.63151,0.627,0.2474,0.44167,normalised
4.097999811172485,,,0.64999,0.65745,1,,,,,,,,,GP3,0.64999,0.65745,0.2474,0.44167,normalised
4.1158366203308105,,,0.6702,0.70171,0,,,,,,,,,GP3,0.6702,0.70171,0.2474,0.44167,normalised
4.130404472351074,,,0.73563,0.8464,0,,,,,,,,,GP3,0.73563,0.8464,0.2474,0.44167,normalised
4.147416591644287,,,0.83096,1.00267,0,,,,,,,,,GP3,0.83096,1.00267,0.2474,0.44167,normalised
4.165561676025391,,,0.94422,1.19332,0,,,,,,,,,GP3,0.94422,1.19332,0.2474,0.44167,normalised
4.180586099624634,,,0.97703,1.23322,0,,,,,,,,,GP3,0.97703,1.23322,0.2474,0.44167,normalised
4.195363998413086,,,1.00745,1.27201,0,,,,,,,,,GP3,1.00745,1.27201,0.2474,0.44167,normalised
4.2111804485321045,,,1.04225,1.31635,0,,,,,,,,,GP3,1.04225,1.31635,0.2474,0.44167,normalised
4.22783899307251,,,1.04527,1.32256,0,,,,,,,,,GP3,1.04527,1.32256,0.2474,0.44167,normalised
4.244085311889648,,,1.02493,1.27697,0,,,,,,,,,GP3,1.02493,1.27697,0.2474,0.44167,normalised
4.259054183959961,,,1.01288,1.25371,1,,,,,,,,,GP3,1.01288,1.25371,0.2474,0.44167,normalised
4.277862787246704,,,1.0056,1.2393,1,,,,,,,,,GP3,1.0056,1.2393,0.2474,0.44167,normalised
4.29249119758606,,,1.00503,1.23399,1,,,,,,,,,GP3,1.00503,1.23399,0.2474,0.44167,normalised
4.309238910675049,,,1.00215,1.22985,1,,,,,,,,,GP3,1.00215,1.22985,0.2474,0.44167,normalised
4.326155185699463,,,0.99999,1.22675,1,,,,,,,,,GP3,0.99999,1.22675,0.2474,0.44167,normalised
4.342913389205933,,,0.99975,1.22426,1,,,,,,,,,GP3,0.99975,1.22426,0.2474,0.44167,normalised
4.358016729354858,,,1.00463,1.2264,1,,,,,,,,,GP3,1.00463,1.2264,0.2474,0.44167,normalised
4.374775648117065,,,1.00863,1.22815,1,,,,,,,,,GP3,1.00863,1.22815,0.2474,0.44167,normalised
4.388606786727905,,,1.01011,1.22829,1,,,,,,,,,GP3,1.01011,1.22829,0.2474,0.44167,normalised
4.407607316970825,,,1.0122,1.22864,1,,,,,,,,,GP3,1.0122,1.22864,0.2474,0.44167,normalised
4.42203950881958,,,1.01399,1.22899,1,,,,,,,,,GP3,1.01399,1.22899,0.2474,0.44167,normalised
4.439098119735718,,,1.0137,1.22812,1,,,,,,,,,GP3,1.0137,1.22812,0.2474,0.44167,normalised
4.455258369445801,,,1.01413,1.22852,1,,,,,,,,,GP3,1.01413,1.22852,0.2474,0.44167,normalised
4.47002911567688,,,1.01452,1.22894,1,,,,,,,,,GP3,1.01452,1.22894,0.2474,0.44167,normalised
4.486550331115723,,,1.01353,1.22931,1,,,,,,,,,GP3,1.01353,1.22931,0.2474,0.44167,normalised
4.503614187240601,,,1.01273,1.22976,1,,,,,,,,,GP3,1.01273,1.22976,0.2474,0.44167,normalised
4.519622325897217,,,1.01199,1.23006,1,,,,,,,,,GP3,1.01199,1.23006,0.2474,0.44167,normalised
4.534996032714844,,,1.01265,1.23071,1,,,,,,,,,GP3,1.01265,1.23071,0.2474,0.44167,normalised
4.551856517791748,,,1.01135,1.23013,1,,,,,,,,,GP3,1.01135,1.23013,0.2474,0.44167,normalised
4.567018508911133,,,1.01017,1.22959,1,,,,,,,,,GP3,1.01017,1.22959,0.2474,0.44167,normalised
4.583525896072388,,,1.01228,1.23048,1,,,,,,,,,GP3,1.01228,1.23048,0.2474,0.44167,normalised
4.600494146347046,,,1.01522,1.23164,1,,,,,,,,,GP3,1.01522,1.23164,0.2474,0.44167,normalised
4.61635422706604,,,1.01793,1.2327,1,,,,,,,,,GP3,1.01793,1.2327,0.2474,0.44167,normalised
4.632471799850464,,,1.01897,1.23288,1,,,,,,,,,GP3,1.01897,1.23288,0.2474,0.44167,normalised
4.64869499206543,,,1.02201,1.23511,1,,,,,,,,,GP3,1.02201,1.23511,0.2474,0.44167,normalised
4.6647562980651855,,,1.02484,1.23719,1,,,,,,,,,GP3,1.02484,1.23719,0.2474,0.44167,normalised
4.6807568073272705,,,1.0244,1.23734,1,,,,,,,,,GP3,1.0244,1.23734,0.2474,0.44167,normalised
4.699927091598511,,,1.04956,1.26493,0,,,,,,,,,GP3,1.04956,1.26493,0.2474,0.44167,normalised
4.714846611022949,,,1.07737,1.34418,0,,,,,,,,,GP3,1.07737,1.34418,0.2474,0.44167,normalised
4.729481935501099,,,1.00816,1.23697,0,,,,,,,,,GP3,1.00816,1.23697,0.2474,0.44167,normalised
4.74737286567688,,,0.95531,1.19835,0,,,,,,,,,GP3,0.95531,1.19835,0.2474,0.44167,normalised
4.761988639831543,,,0.92315,1.1737,0,,,,,,,,,GP3,0.92315,1.1737,0.2474,0.44167,normalised
4.7786338329315186,,,0.84441,1.01084,0,,,,,,,,,GP3,0.84441,1.01084,0.2474,0.44167,normalised
4.793871164321899,,,0.75071,0.87967,0,,,,,,,,,GP3,0.75071,0.87967,0.2474,0.44167,normalised
4.811479568481445,,,0.71386,0.84576,0,,,,,,,,,GP3,0.71386,0.84576,0.2474,0.44167,normalised
4.825815677642822,,,0.70224,0.8246,0,,,,,,,,,GP3,0.70224,0.8246,0.2474,0.44167,normalised
4.842445373535156,,,0.6917,0.8594,1,,,,,,,,,GP3,0.6917,0.8594,0.2474,0.44167,normalised
4.856342792510986,,,0.68513,0.87988,1,,,,,,,,,GP3,0.68513,0.87988,0.2474,0.44167,normalised
4.874483108520508,,,0.67212,0.87284,1,,,,,,,,,GP3,0.67212,0.87284,0.2474,0.44167,normalised
4.892183542251587,,,0.5725,0.93878,0,,,,,,,,,GP3,0.5725,0.93878,0.2474,0.44167,normalised
4.9090211391448975,,,0.35914,1.10617,0,,,,,,,,,GP3,0.35914,1.10617,0.2474,0.44167,normalised
4.921412229537964,,,0.08767,0.90861,0,,,,,,,,,GP3,0.08767,0.90861,0.2474,0.44167,normalised
4.938246250152588,,,-0.15475,0.89352,0,,,,,,,,,GP3,-0.15475,0.89352,0.2474,0.44167,normalised
4.955279588699341,,,-0.15475,0.89352,0,,,,,,,,,GP3,-0.15475,0.89352,0.2474,0.44167,normalised
4.972324371337891,,,-0.15475,0.89352,0,,,,,,,,,GP3,-0.15475,0.89352,0.2474,0.44167,normalised
4.986827850341797,,,0.0,0.0,0,,,,,,,,,GP3,0.0,0.0,0.2474,0.44167,normalised
5.0034260749816895,,,0.0,0.0,0,,,,,,,,,GP3,0.0,0.0,0.2474,0.44167,normalised
5.021008014678955,,,-0.02228,-0.03771,0,,,,,,,,,GP3,-0.02228,-0.03771,0.2474,0.44167,normalised
5.035112380981445,,,-0.04455,-0.07543,0,,,,,,,,,GP3,-0.04455,-0.07543,0.2474,0.44167,normalised
5.052557468414307,,,-0.04455,-0.07543,0,,,,,,,,,GP3,-0.04455,-0.07543,0.2474,0.44167,normalised
5.067569971084595,,,0.67864,0.75033,0,,,,,,,,,GP3,0.67864,0.75033,0.2474,0.44167,normalised
5.083448171615601,,,1.40183,1.57609,0,,,,,,,,,GP3,1.40183,1.57609,0.2474,0.44167,normalised
5.100437879562378,,,1.40183,1.57609,0,,,,,,,,,GP3,1.40183,1.57609,0.2474,0.44167,normalised
5.116421461105347,,,1.40183,1.57609,0,,,,,,,,,GP3,1.40183,1.57609,0.2474,0.44167,normalised
5.136878728866577,,,0.0,0.0,0,,,,,,,,,GP3,0.0,0.0,0.2474,0.44167,normalised
5.1537230014801025,,,0.0,0.0,0,,,,,,,,,GP3,0.0,0.0,0.2474,0.44167,normalised
5.170133590698242,,,0.0,0.0,0,,,,,,,,,GP3,0.0,0.0,0.2474,0.44167,normalised
5.192660808563232,,,0.0,0.0,0,,,,,,,,,GP3,0.0,0.0,0.2474,0.44167,normalised
5.203169584274292,,,0.0,0.0,0,,,,,,,,,GP3,0.0,0.0,0.2474,0.44167,normalised
5.219005584716797,,,0.0,0.0,0,,,,,,,,,GP3,0.0,0.0,0.2474,0.44167,normalised
5.232837677001953,,,0.0,0.0,0,,,,,,,,,GP3,0.0,0.0,0.2474,0.44167,normalised
5.247664928436279,,,0.0,0.0,0,,,,,,,,,GP3,0.0,0.0,0.2474,0.44167,normalised
5.266738176345825,,,0.0,0.0,0,,,,,,,,,GP3,0.0,0.0,0.2474,0.44167,normalised
5.283320188522339,,,0.8481,0.9321,0,,,,,,,,,GP3,0.8481,0.9321,0.2474,0.44167,normalised
5.296037197113037,,,0.84706,0.92774,0,,,,,,,,,GP3,0.84706,0.92774,0.2474,0.44167,normalised
5.308821201324463,,,0.86664,0.95144,0,,,,,,,,,GP3,0.86664,0.95144,0.2474,0.44167,normalised
5.325814485549927,,,0.93793,1.03393,0,,,,,,,,,GP3,0.93793,1.03393,0.2474,0.44167,normalised
5.342621326446533,,,0.99583,1.0945,0,,,,,,,,,GP3,0.99583,1.0945,0.2474,0.44167,normalised
5.357973575592041,,,0.9542,1.04428,0,,,,,,,,,GP3,0.9542,1.04428,0.2474,0.44167,normalised
5.377071142196655,,,0.9542,1.04428,1,,,,,,,,,GP3,0.9542,1.04428,0.2474,0.44167,normalised
5.3906660079956055,,,0.9542,1.04428,1,,,,,,,,,GP3,0.9542,1.04428,0.2474,0.44167,normalised
5.407404661178589,,,0.96776,1.05409,1,,,,,,,,,GP3,0.96776,1.05409,0.2474,0.44167,normalised
5.423774719238281,,,0.9869,1.06076,1,,,,,,,,,GP3,0.9869,1.06076,0.2474,0.44167,normalised
5.43911600112915,,,0.99967,1.06576,1,,,,,,,,,GP3,0.99967,1.06576,0.2474,0.44167,normalised
5.455244779586792,,,1.00905,1.07716,1,,,,,,,,,GP3,1.00905,1.07716,0.2474,0.44167,normalised
5.4712584018707275,,,1.01641,1.07521,1,,,,,,,,,GP3,1.01641,1.07521,0.2474,0.44167,normalised
5.487525701522827,,,1.02213,1.0737,1,,,,,,,,,GP3,1.02213,1.0737,0.2474,0.44167,normalised
5.503708362579346,,,1.02692,1.09123,1,,,,,,,,,GP3,1.02692,1.09123,0.2474,0.44167,normalised
5.5206379890441895,,,1.02749,1.09423,1,,,,,,,,,GP3,1.02749,1.09423,0.2474,0.44167,normalised
5.537452459335327,,,1.02794,1.09655,1,,,,,,,,,GP3,1.02794,1.09655,0.2474,0.44167,normalised
5.553379774093628,,,1.03129,1.10919,1,,,,,,,,,GP3,1.03129,1.10919,0.2474,0.44167,normalised
5.5695343017578125,,,1.03441,1.11886,1,,,,,,,,,GP3,1.03441,1.11886,0.2474,0.44167,normalised
5.587272882461548,,,1.05778,1.14853,0,,,,,,,,,GP3,1.05778,1.14853,0.2474,0.44167,normalised
5.60281229019165,,,1.04965,1.20196,0,,,,,,,,,GP3,1.04965,1.20196,0.2474,0.44167,normalised
5.617462396621704,,,1.04838,1.21919,0,,,,,,,,,GP3,1.04838,1.21919,0.2474,0.44167,normalised
5.632974624633789,,,1.04444,1.25472,0,,,,,,,,,GP3,1.04444,1.25472,0.2474,0.44167,normalised
5.649924993515015,,,1.06372,1.27473,0,,,,,,,,,GP3,1.06372,1.27473,0.2474,0.44167,normalised
5.6654627323150635,,,1.07005,1.27852,0,,,,,,,,,GP3,1.07005,1.27852,0.2474,0.44167,normalised
5.682919979095459,,,1.07346,1.27899,1,,,,,,,,,GP3,1.07346,1.27899,0.2474,0.44167,normalised
5.697433710098267,,,1.07239,1.27884,1,,,,,,,,,GP3,1.07239,1.27884,0.2474,0.44167,normalised
5.714240789413452,,,1.07272,1.27698,1,,,,,,,,,GP3,1.07272,1.27698,0.2474,0.44167,normalised
5.731985569000244,,,1.07297,1.27547,1,,,,,,,,,GP3,1.07297,1.27547,0.2474,0.44167,normalised
5.74814772605896,,,1.0718,1.27345,1,,,,,,,,,GP3,1.0718,1.27345,0.2474,0.44167,normalised
5.76709246635437,,,1.07408,1.27473,1,,,,,,,,,GP3,1.07408,1.27473,0.2474,0.44167,normalised
5.781797885894775,,,1.0758,1.27622,1,,,,,,,,,GP3,1.0758,1.27622,0.2474,0.44167,normalised
5.794489145278931,,,1.05885,1.25198,1,,,,,,,,,GP3,1.05885,1.25198,0.2474,0.44167,normalised
5.811759948730469,,,1.04927,1.23178,1,,,,,,,,,GP3,1.04927,1.23178,0.2474,0.44167,normalised
5.829372882843018,,,1.04123,1.21487,1,,,,,,,,,GP3,1.04123,1.21487,0.2474,0.44167,normalised
5.843089818954468,,,1.01786,1.18018,1,,,,,,,,,GP3,1.01786,1.18018,0.2474,0.44167,normalised
5.862311124801636,,,0.97727,1.11368,0,,,,,,,,,GP3,0.97727,1.11368,0.2474,0.44167,normalised
5.87652850151062,,,0.83162,0.89367,0,,,,,,,,,GP3,0.83162,0.89367,0.2474,0.44167,normalised
5.892424583435059,,,0.78707,0.82833,0,,,,,,,,,GP3,0.78707,0.82833,0.2474,0.44167,normalised
5.908513307571411,,,0.69141,0.68446,0,,,,,,,,,GP3,0.69141,0.68446,0.2474,0.44167,normalised
5.9241108894348145,,,0.69348,0.69118,0,,,,,,,,,GP3,0.69348,0.69118,0.2474,0.44167,normalised
5.940808534622192,,,0.70181,0.71135,0,,,,,,,,,GP3,0.70181,0.71135,0.2474,0.44167,normalised
5.958010911941528,,,0.70183,0.71898,1,,,,,,,,,GP3,0.70183,0.71898,0.2474,0.44167,normalised
5.973960876464844,,,0.70185,0.72356,1,,,,,,,,,GP3,0.70185,0.72356,0.2474,0.44167,normalised
5.990777254104614,,,0.71285,0.74367,1,,,,,,,,,GP3,0.71285,0.74367,0.2474,0.44167,normalised
6.008735179901123,,,0.80681,0.88525,0,,,,,,,,,GP3,0.80681,0.88525,0.2474,0.44167,normalised
6.022716045379639,,,1.03146,1.20875,0,,,,,,,,,GP3,1.03146,1.20875,0.2474,0.44167,normalised
6.03941011428833,,,1.01827,1.31911,0,,,,,,,,,GP3,1.01827,1.31911,0.2474,0.44167,normalised
6.0541300773620605,,,1.11963,1.4258,0,,,,,,,,,GP3,1.11963,1.4258,0.2474,0.44167,normalised
6.069644212722778,,,1.11487,1.31217,0,,,,,,,,,GP3,1.11487,1.31217,0.2474,0.44167,normalised
6.0890867710113525,,,1.07592,1.40469,0,,,,,,,,,GP3,1.07592,1.40469,0.2474,0.44167,normalised
6.1057446002960205,,,1.05971,1.44691,1,,,,,,,,,GP3,1.05971,1.44691,0.2474,0.44167,normalised
6.120930910110474,,,1.04997,1.47226,1,,,,,,,,,GP3,1.04997,1.47226,0.2474,0.44167,normalised
6.1356587409973145,,,1.04105,1.48886,1,,,,,,,,,GP3,1.04105,1.48886,0.2474,0.44167,normalised
6.153613805770874,,,1.03439,1.49841,1,,,,,,,,,GP3,1.03439,1.49841,0.2474,0.44167,normalised
6.169959783554077,,,1.02939,1.50557,1,,,,,,,,,GP3,1.02939,1.50557,0.2474,0.44167,normalised
6.185656309127808,,,1.02413,1.51099,1,,,,,,,,,GP3,1.02413,1.51099,0.2474,0.44167,normalised
6.200225591659546,,,1.02018,1.51641,1,,,,,,,,,GP3,1.02018,1.51641,0.2474,0.44167,normalised
6.217357397079468,,,1.01695,1.52083,1,,,,,,,,,GP3,1.01695,1.52083,0.2474,0.44167,normalised
6.231651067733765,,,1.01259,1.52208,1,,,,,,,,,GP3,1.01259,1.52208,0.2474,0.44167,normalised
6.248277187347412,,,1.00991,1.52544,1,,,,,,,,,GP3,1.00991,1.52544,0.2474,0.44167,normalised
6.263095855712891,,,0.98976,1.56434,0,,,,,,,,,GP3,0.98976,1.56434,0.2474,0.44167,normalised
6.282413959503174,,,0.98911,1.5555,0,,,,,,,,,GP3,0.98911,1.5555,0.2474,0.44167,normalised
6.296075105667114,,,0.98595,1.55194,0,,,,,,,,,GP3,0.98595,1.55194,0.2474,0.44167,normalised
6.313268184661865,,,0.98442,1.55028,1,,,,,,,,,GP3,0.98442,1.55028,0.2474,0.44167,normalised
6.328620672225952,,,0.98609,1.55317,1,,,,,,,,,GP3,0.98609,1.55317,0.2474,0.44167,normalised
6.344953775405884,,,0.98764,1.55662,1,,,,,,,,,GP3,0.98764,1.55662,0.2474,0.44167,normalised
6.361429929733276,,,0.98869,1.55905,1,,,,,,,,,GP3,0.98869,1.55905,0.2474,0.44167,normalised
6.378499507904053,,,0.9857,1.55414,1,,,,,,,,,GP3,0.9857,1.55414,0.2474,0.44167,normalised
6.393853425979614,,,0.9867,1.55497,1,,,,,,,,,GP3,0.9867,1.55497,0.2474,0.44167,normalised
6.409686088562012,,,0.98752,1.55564,1,,,,,,,,,GP3,0.98752,1.55564,0.2474,0.44167,normalised
6.427314519882202,,,0.98451,1.55155,1,,,,,,,,,GP3,0.98451,1.55155,0.2474,0.44167,normalised
6.441833734512329,,,0.98535,1.55091,1,,,,,,,,,GP3,0.98535,1.55091,0.2474,0.44167,normalised
6.4588987827301025,,,0.98606,1.55038,1,,,,,,,,,GP3,0.98606,1.55038,0.2474,0.44167,normalised
6.4734251499176025,,,0.98626,1.55006,1,,,,,,,,,GP3,0.98626,1.55006,0.2474,0.44167,normalised
6.490946292877197,,,0.98548,1.54942,1,,,,,,,,,GP3,0.98548,1.54942,0.2474,0.44167,normalised
6.508476972579956,,,0.9848,1.54884,1,,,,,,,,,GP3,0.9848,1.54884,0.2474,0.44167,normalised
6.5231218338012695,,,0.97765,1.52532,1,,,,,,,,,GP3,0.97765,1.52532,0.2474,0.44167,normalised
6.537961006164551,,,0.97551,1.521,1,,,,,,,,,GP3,0.97551,1.521,0.2474,0.44167,normalised
6.555068016052246,,,0.9648,1.49273,0,,,,,,,,,GP3,0.9648,1.49273,0.2474,0.44167,normalised
6.573132753372192,,,0.79134,1.0199,0,,,,,,,,,GP3,0.79134,1.0199,0.2474,0.44167,normalised
6.588122129440308,,,0.73777,0.86062,0,,,,,,,,,GP3,0.73777,0.86062,0.2474,0.44167,normalised
6.602877378463745,,,0.62707,0.54574,0,,,,,,,,,GP3,0.62707,0.54574,0.2474,0.44167,normalised
6.621673583984375,,,0.62472,0.53942,0,,,,,,,,,GP3,0.62472,0.53942,0.2474,0.44167,normalised
6.636845111846924,,,0.6306,0.54303,0,,,,,,,,,GP3,0.6306,0.54303,0.2474,0.44167,normalised
6.6522955894470215,,,0.63289,0.54269,1,,,,,,,,,GP3,0.63289,0.54269,0.2474,0.44167,normalised
6.66887640953064,,,0.63012,0.53857,1,,,,,,,,,GP3,0.63012,0.53857,0.2474,0.44167,normalised
6.686203956604004,,,0.6275,0.53367,1,,,,,,,,,GP3,0.6275,0.53367,0.2474,0.44167,normalised
6.703326463699341,,,0.6251,0.52871,1,,,,,,,,,GP3,0.6251,0.52871,0.2474,0.44167,normalised
6.71776819229126,,,0.62408,0.52607,1,,,,,,,,,GP3,0.62408,0.52607,0.2474,0.44167,normalised
6.735288619995117,,,0.62408,0.52617,1,,,,,,,,,GP3,0.62408,0.52617,0.2474,0.44167,normalised
6.75156831741333,,,0.62424,0.52667,1,,,,,,,,,GP3,0.62424,0.52667,0.2474,0.44167,normalised
6.7679502964019775,,,0.62505,0.52648,1,,,,,,,,,GP3,0.62505,0.52648,0.2474,0.44167,normalised
6.7823004722595215,,,0.62481,0.52373,1,,,,,,,,,GP3,0.62481,0.52373,0.2474,0.44167,normalised
6.800365447998047,,,0.6245,0.52121,1,,,,,,,,,GP3,0.6245,0.52121,0.2474,0.44167,normalised
6.817962169647217,,,0.61996,0.51007,1,,,,,,,,,GP3,0.61996,0.51007,0.2474,0.44167,normalised
6.831801176071167,,,0.61775,0.5009,1,,,,,,,,,GP3,0.61775,0.5009,0.2474,0.44167,normalised
6.845673084259033,,,0.61624,0.49419,1,,,,,,,,,GP3,0.61624,0.49419,0.2474,0.44167,normalised
6.864690780639648,,,0.61498,0.48789,1,,,,,,,,,GP3,0.61498,0.48789,0.2474,0.44167,normalised
6.880081653594971,,,0.60651,0.45742,0,,,,,,,,,GP3,0.60651,0.45742,0.2474,0.44167,normalised
6.895309209823608,,,0.59861,0.43067,0,,,,,,,,,GP3,0.59861,0.43067,0.2474,0.44167,normalised
6.913019895553589,,,0.59768,0.422,0,,,,,,,,,GP3,0.59768,0.422,0.2474,0.44167,normalised
6.929594039916992,,,0.59401,0.41838,1,,,,,,,,,GP3,0.59401,0.41838,0.2474,0.44167,normalised
6.942544937133789,,,0.5922,0.41721,1,,,,,,,,,GP3,0.5922,0.41721,0.2474,0.44167,normalised
6.958852052688599,,,0.59103,0.41362,1,,,,,,,,,GP3,0.59103,0.41362,0.2474,0.44167,normalised
6.977846145629883,,,0.59071,0.41197,1,,,,,,,,,GP3,0.59071,0.41197,0.2474,0.44167,normalised
6.992510080337524,,,0.59025,0.41019,1,,,,,,,,,GP3,0.59025,0.41019,0.2474,0.44167,normalised
7.008479118347168,,,0.58864,0.40737,1,,,,,,,,,GP3,0.58864,0.40737,0.2474,0.44167,normalised
7.025150299072266,,,0.58965,0.4092,1,,,,,,,,,GP3,0.58965,0.4092,0.2474,0.44167,normalised
7.03959059715271,,,0.59063,0.41109,1,,,,,,,,,GP3,0.59063,0.41109,0.2474,0.44167,normalised
7.059178113937378,,,0.58543,0.42551,1,,,,,,,,,GP3,0.58543,0.42551,0.2474,0.44167,normalised
7.075122594833374,,,0.58235,0.4358,1,,,,,,,,,GP3,0.58235,0.4358,0.2474,0.44167,normalised
7.09026312828064,,,0.57953,0.44411,1,,,,,,,,,GP3,0.57953,0.44411,0.2474,0.44167,normalised
7.1059889793396,,,0.57618,0.45359,1,,,,,,,,,GP3,0.57618,0.45359,0.2474,0.44167,normalised
7.123944282531738,,,0.56996,0.46052,1,,,,,,,,,GP3,0.56996,0.46052,0.2474,0.44167,normalised
7.139750003814697,,,0.56421,0.466,1,,,,,,,,,GP3,0.56421,0.466,0.2474,0.44167,normalised
7.15792179107666,,,0.54852,0.50398,0,,,,,,,,,GP3,0.54852,0.50398,0.2474,0.44167,normalised
7.171636581420898,,,0.52228,0.54482,0,,,,,,,,,GP3,0.52228,0.54482,0.2474,0.44167,normalised
7.187413454055786,,,0.512,0.55477,0,,,,,,,,,GP3,0.512,0.55477,0.2474,0.44167,normalised
7.20319390296936,,,0.50998,0.55631,1,,,,,,,,,GP3,0.50998,0.55631,0.2474,0.44167,normalised
7.220673322677612,,,0.51246,0.56772,1,,,,,,,,,GP3,0.51246,0.56772,0.2474,0.44167,normalised
7.234670162200928,,,0.51373,0.57441,1,,,,,,,,,GP3,0.51373,0.57441,0.2474,0.44167,normalised
7.2501959800720215,,,0.51051,0.57776,1,,,,,,,,,GP3,0.51051,0.57776,0.2474,0.44167,normalised
7.268970012664795,,,0.50925,0.57476,1,,,,,,,,,GP3,0.50925,0.57476,0.2474,0.44167,normalised
7.283591985702515,,,0.50827,0.57242,1,,,,,,,,,GP3,0.50827,0.57242,0.2474,0.44167,normalised
7.299192190170288,,,0.52023,0.56915,1,,,,,,,,,GP3,0.52023,0.56915,0.2474,0.44167,normalised
7.316884994506836,,,0.52996,0.56973,1,,,,,,,,,GP3,0.52996,0.56973,0.2474,0.44167,normalised
7.330557107925415,,,0.53839,0.57117,1,,,,,,,,,GP3,0.53839,0.57117,0.2474,0.44167,normalised
7.349232196807861,,,0.54439,0.56855,1,,,,,,,,,GP3,0.54439,0.56855,0.2474,0.44167,normalised
7.365796804428101,,,0.55024,0.56968,1,,,,,,,,,GP3,0.55024,0.56968,0.2474,0.44167,normalised
7.379914999008179,,,0.55531,0.57066,1,,,,,,,,,GP3,0.55531,0.57066,0.2474,0.44167,normalised
7.397254705429077,,,0.55932,0.5703,1,,,,,,,,,GP3,0.55932,0.5703,0.2474,0.44167,normalised
7.411584138870239,,,0.56461,0.5712,1,,,,,,,,,GP3,0.56461,0.5712,0.2474,0.44167,normalised
7.429113149642944,,,0.59676,0.56965,0,,,,,,,,,GP3,0.59676,0.56965,0.2474,0.44167,normalised
7.445070266723633,,,0.6005,0.5406,0,,,,,,,,,GP3,0.6005,0.5406,0.2474,0.44167,normalised
7.461554765701294,,,0.6231,0.57916,0,,,,,,,,,GP3,0.6231,0.57916,0.2474,0.44167,normalised
7.477537393569946,,,0.63405,0.59756,1,,,,,,,,,GP3,0.63405,0.59756,0.2474,0.44167,normalised
7.495604991912842,,,0.68733,0.58782,1,,,,,,,,,GP3,0.68733,0.58782,0.2474,0.44167,normalised
7.50911021232605,,,0.87943,1.19069,0,,,,,,,,,GP3,0.87943,1.19069,0.2474,0.44167,normalised
7.526784181594849,,,0.87943,1.19069,0,,,,,,,,,GP3,0.87943,1.19069,0.2474,0.44167,normalised
7.54653000831604,,,0.87943,1.19069,0,,,,,,,,,GP3,0.87943,1.19069,0.2474,0.44167,normalised
7.563125371932983,,,0.0,0.0,0,,,,,,,,,GP3,0.0,0.0,0.2474,0.44167,normalised
7.576760768890381,,,0.0,0.0,0,,,,,,,,,GP3,0.0,0.0,0.2474,0.44167,normalised
7.593483924865723,,,0.0,0.0,0,,,,,,,,,GP3,0.0,0.0,0.2474,0.44167,normalised
7.611018180847168,,,0.0,0.0,0,,,,,,,,,GP3,0.0,0.0,0.2474,0.44167,normalised
7.625837326049805,,,0.0,0.0,0,,,,,,,,,GP3,0.0,0.0,0.2474,0.44167,normalised
7.643334150314331,,,0.0,0.0,0,,,,,,,,,GP3,0.0,0.0,0.2474,0.44167,normalised
7.658222675323486,,,0.0,0.0,0,,,,,,,,,GP3,0.0,0.0,0.2474,0.44167,normalised
7.675143241882324,,,0.0,0.0,0,,,,,,,,,GP3,0.0,0.0,0.2474,0.44167,normalised
7.692448616027832,,,0.0,0.0,0,,,,,,,,,GP3,0.0,0.0,0.2474,0.44167,normalised
7.705167055130005,,,0.0,0.0,0,,,,,,,,,GP3,0.0,0.0,0.2474,0.44167,normalised
7.722890138626099,,,0.0,0.0,0,,,,,,,,,GP3,0.0,0.0,0.2474,0.44167,normalised
7.739453077316284,,,0.31765,0.24095,0,,,,,,,,,GP3,0.31765,0.24095,0.2474,0.44167,normalised
7.751930475234985,,,0.62699,0.45136,0,,,,,,,,,GP3,0.62699,0.45136,0.2474,0.44167,normalised
7.768438339233398,,,0.62499,0.44286,0,,,,,,,,,GP3,0.62499,0.44286,0.2474,0.44167,normalised
7.783962249755859,,,0.62429,0.45986,0,,,,,,,,,GP3,0.62429,0.45986,0.2474,0.44167,normalised
7.801503419876099,,,0.63062,0.47534,1,,,,,,,,,GP3,0.63062,0.47534,0.2474,0.44167,normalised
7.816328525543213,,,0.63524,0.48719,1,,,,,,,,,GP3,0.63524,0.48719,0.2474,0.44167,normalised
7.833037376403809,,,0.63704,0.49877,1,,,,,,,,,GP3,0.63704,0.49877,0.2474,0.44167,normalised
7.850667476654053,,,0.63707,0.502,1,,,,,,,,,GP3,0.63707,0.502,0.2474,0.44167,normalised
7.866269826889038,,,0.6371,0.50442,1,,,,,,,,,GP3,0.6371,0.50442,0.2474,0.44167,normalised
7.880656480789185,,,0.63694,0.50818,1,,,,,,,,,GP3,0.63694,0.50818,0.2474,0.44167,normalised
7.897223711013794,,,0.63676,0.51743,1,,,,,,,,,GP3,0.63676,0.51743,0.2474,0.44167,normalised
7.9158899784088135,,,0.63644,0.5245,1,,,,,,,,,GP3,0.63644,0.5245,0.2474,0.44167,normalised
7.929669380187988,,,0.63624,0.52584,1,,,,,,,,,GP3,0.63624,0.52584,0.2474,0.44167,normalised
7.9476494789123535,,,0.6346,0.52593,1,,,,,,,,,GP3,0.6346,0.52593,0.2474,0.44167,normalised
7.962885141372681,,,0.6329,0.52512,1,,,,,,,,,GP3,0.6329,0.52512,0.2474,0.44167,normalised
7.977874755859375,,,0.63148,0.52339,1,,,,,,,,,GP3,0.63148,0.52339,0.2474,0.44167,normalised
7.99519419670105,,,0.62981,0.52212,1,,,,,,,,,GP3,0.62981,0.52212,0.2474,0.44167,normalised
8.011053323745728,,,0.62836,0.52111,1,,,,,,,,,GP3,0.62836,0.52111,0.2474,0.44167,normalised
8.027706384658813,,,0.62765,0.52158,1,,,,,,,,,GP3,0.62765,0.52158,0.2474,0.44167,normalised
8.042547464370728,,,0.6271,0.5221,1,,,,,,,,,GP3,0.6271,0.5221,0.2474,0.44167,normalised
8.059557914733887,,,0.6268,0.52307,1,,,,,,,,,GP3,0.6268,0.52307,0.2474,0.44167,normalised
8.077354669570923,,,0.62607,0.52506,1,,,,,,,,,GP3,0.62607,0.52506,0.2474,0.44167,normalised
8.094189405441284,,,0.62563,0.52835,1,,,,,,,,,GP3,0.62563,0.52835,0.2474,0.44167,normalised
8.11100697517395,,,0.62517,0.5312,1,,,,,,,,,GP3,0.62517,0.5312,0.2474,0.44167,normalised
8.125138998031616,,,0.62507,0.53244,1,,,,,,,,,GP3,0.62507,0.53244,0.2474,0.44167,normalised
8.14095950126648,,,0.62433,0.53044,1,,,,,,,,,GP3,0.62433,0.53044,0.2474,0.44167,normalised
8.158815145492554,,,0.62361,0.52848,1,,,,,,,,,GP3,0.62361,0.52848,0.2474,0.44167,normalised
8.174637079238892,,,0.62361,0.52879,1,,,,,,,,,GP3,0.62361,0.52879,0.2474,0.44167,normalised
8.19252610206604,,,0.62338,0.52767,1,,,,,,,,,GP3,0.62338,0.52767,0.2474,0.44167,normalised
8.207046031951904,,,0.62303,0.52619,1,,,,,,,,,GP3,0.62303,0.52619,0.2474,0.44167,normalised
8.224678039550781,,,0.62272,0.52602,1,,,,,,,,,GP3,0.62272,0.52602,0.2474,0.44167,normalised
8.236321687698364,,,0.62261,0.52679,1,,,,,,,,,GP3,0.62261,0.52679,0.2474,0.44167,normalised
8.25443959236145,,,0.62265,0.52794,1,,,,,,,,,GP3,0.62265,0.52794,0.2474,0.44167,normalised
8.269550800323486,,,0.62319,0.52907,1,,,,,,,,,GP3,0.62319,0.52907,0.2474,0.44167,normalised
8.288202047348022,,,0.61998,0.52363,1,,,,,,,,,GP3,0.61998,0.52363,0.2474,0.44167,normalised
8.304174184799194,,,0.60176,0.49577,0,,,,,,,,,GP3,0.60176,0.49577,0.2474,0.44167,normalised
8.318867206573486,,,0.7,0.66955,0,,,,,,,,,GP3,0.7,0.66955,0.2474,0.44167,normalised
8.336597681045532,,,0.74089,0.73888,0,,,,,,,,,GP3,0.74089,0.73888,0.2474,0.44167,normalised
8.350136280059814,,,0.81333,0.86174,0,,,,,,,,,GP3,0.81333,0.86174,0.2474,0.44167,normalised
8.36684250831604,,,0.87734,0.98355,0,,,,,,,,,GP3,0.87734,0.98355,0.2474,0.44167,normalised
8.383997440338135,,,0.90506,1.03363,0,,,,,,,,,GP3,0.90506,1.03363,0.2474,0.44167,normalised
8.400035381317139,,,0.95401,1.12308,0,,,,,,,,,GP3,0.95401,1.12308,0.2474,0.44167,normalised
8.417431592941284,,,0.94629,1.10583,0,,,,,,,,,GP3,0.94629,1.10583,0.2474,0.44167,normalised
8.43364429473877,,,0.94795,1.10133,0,,,,,,,,,GP3,0.94795,1.10133,0.2474,0.44167,normalised
8.448038339614868,,,0.94879,1.09938,1,,,,,,,,,GP3,0.94879,1.09938,0.2474,0.44167,normalised
8.464275121688843,,,0.94747,1.09538,1,,,,,,,,,GP3,0.94747,1.09538,0.2474,0.44167,normalised
8.482599258422852,,,0.94419,1.0876,1,,,,,,,,,GP3,0.94419,1.0876,0.2474,0.44167,normalised
8.495188474655151,,,0.94194,1.0827,1,,,,,,,,,GP3,0.94194,1.0827,0.2474,0.44167,normalised
8.514227390289307,,,0.9458,1.09423,1,,,,,,,,,GP3,0.9458,1.09423,0.2474,0.44167,normalised
8.531760215759277,,,0.9489,1.10308,1,,,,,,,,,GP3,0.9489,1.10308,0.2474,0.44167,normalised
8.546487092971802,,,0.9514,1.10997,1,,,,,,,,,GP3,0.9514,1.10997,0.2474,0.44167,normalised
8.562030792236328,,,0.9575,1.12059,1,,,,,,,,,GP3,0.9575,1.12059,0.2474,0.44167,normalised
8.579386472702026,,,0.9654,1.13165,1,,,,,,,,,GP3,0.9654,1.13165,0.2474,0.44167,normalised
8.592310667037964,,,0.97209,1.14076,1,,,,,,,,,GP3,0.97209,1.14076,0.2474,0.44167,normalised
8.611331701278687,,,0.97619,1.14631,1,,,,,,,,,GP3,0.97619,1.14631,0.2474,0.44167,normalised
8.62603497505188,,,0.97891,1.15164,1,,,,,,,,,GP3,0.97891,1.15164,0.2474,0.44167,normalised
8.640853881835938,,,0.98129,1.15644,1,,,,,,,,,GP3,0.98129,1.15644,0.2474,0.44167,normalised
8.660212993621826,,,0.99896,1.18562,0,,,,,,,,,GP3,0.99896,1.18562,0.2474,0.44167,normalised
8.676376342773438,,,1.03052,1.22882,0,,,,,,,,,GP3,1.03052,1.22882,0.2474,0.44167,normalised
8.689210891723633,,,1.04099,1.24347,0,,,,,,,,,GP3,1.04099,1.24347,0.2474,0.44167,normalised
8.709628105163574,,,1.04817,1.32855,0,,,,,,,,,GP3,1.04817,1.32855,0.2474,0.44167,normalised
8.723134994506836,,,1.04951,1.3338,0,,,,,,,,,GP3,1.04951,1.3338,0.2474,0.44167,normalised
8.737962245941162,,,1.04977,1.33652,0,,,,,,,,,GP3,1.04977,1.33652,0.2474,0.44167,normalised
8.758334875106812,,,1.04024,1.39322,1,,,,,,,,,GP3,1.04024,1.39322,0.2474,0.44167,normalised
8.772055387496948,,,1.03028,1.42212,1,,,,,,,,,GP3,1.03028,1.42212,0.2474,0.44167,normalised
8.788941383361816,,,1.02362,1.44132,1,,,,,,,,,GP3,1.02362,1.44132,0.2474,0.44167,normalised
8.806086778640747,,,1.01961,1.45565,1,,,,,,,,,GP3,1.01961,1.45565,0.2474,0.44167,normalised
8.820511817932129,,,1.01357,1.46327,1,,,,,,,,,GP3,1.01357,1.46327,0.2474,0.44167,normalised
8.836249589920044,,,1.00885,1.46916,1,,,,,,,,,GP3,1.00885,1.46916,0.2474,0.44167,normalised
8.856170177459717,,,1.00836,1.47857,1,,,,,,,,,GP3,1.00836,1.47857,0.2474,0.44167,normalised
8.869872808456421,,,1.0049,1.48308,1,,,,,,,,,GP3,1.0049,1.48308,0.2474,0.44167,normalised
8.88662600517273,,,1.00203,1.48687,1,,,,,,,,,GP3,1.00203,1.48687,0.2474,0.44167,normalised
8.902567386627197,,,1.00007,1.48885,1,,,,,,,,,GP3,1.00007,1.48885,0.2474,0.44167,normalised
8.916128635406494,,,0.99135,1.51836,0,,,,,,,,,GP3,0.99135,1.51836,0.2474,0.44167,normalised
8.933089971542358,,,0.99283,1.52572,0,,,,,,,,,GP3,0.99283,1.52572,0.2474,0.44167,normalised
8.952038526535034,,,0.98582,1.52482,0,,,,,,,,,GP3,0.98582,1.52482,0.2474,0.44167,normalised
8.966974973678589,,,0.98168,1.52809,1,,,,,,,,,GP3,0.98168,1.52809,0.2474,0.44167,normalised
8.98299765586853,,,0.97919,1.53006,1,,,,,,,,,GP3,0.97919,1.53006,0.2474,0.44167,normalised
9.000816583633423,,,0.9765,1.52669,1,,,,,,,,,GP3,0.9765,1.52669,0.2474,0.44167,normalised
9.01447057723999,,,0.97505,1.5165,1,,,,,,,,,GP3,0.97505,1.5165,0.2474,0.44167,normalised
9.031699895858765,,,0.97391,1.50865,1,,,,,,,,,GP3,0.97391,1.50865,0.2474,0.44167,normalised
9.045342206954956,,,0.9568,1.44703,1,,,,,,,,,GP3,0.9568,1.44703,0.2474,0.44167,normalised
9.06153917312622,,,0.93625,1.38045,1,,,,,,,,,GP3,0.93625,1.38045,0.2474,0.44167,normalised
9.078490972518921,,,0.91936,1.32587,1,,,,,,,,,GP3,0.91936,1.32587,0.2474,0.44167,normalised
9.095166206359863,,,0.90369,1.27786,1,,,,,,,,,GP3,0.90369,1.27786,0.2474,0.44167,normalised
9.111169338226318,,,0.8906,1.23819,1,,,,,,,,,GP3,0.8906,1.23819,0.2474,0.44167,normalised
9.127029180526733,,,0.8611,1.15249,0,,,,,,,,,GP3,0.8611,1.15249,0.2474,0.44167,normalised
9.143060207366943,,,0.80022,0.9726,0,,,,,,,,,GP3,0.80022,0.9726,0.2474,0.44167,normalised
9.160272598266602,,,0.78471,0.91726,0,,,,,,,,,GP3,0.78471,0.91726,0.2474,0.44167,normalised
9.176738977432251,,,0.74888,0.80163,0,,,,,,,,,GP3,0.74888,0.80163,0.2474,0.44167,normalised
9.19230341911316,,,0.74538,0.78909,0,,,,,,,,,GP3,0.74538,0.78909,0.2474,0.44167,normalised
9.206933498382568,,,0.74378,0.78576,0,,,,,,,,,GP3,0.74378,0.78576,0.2474,0.44167,normalised
9.2236487865448,,,0.74268,0.7833,1,,,,,,,,,GP3,0.74268,0.7833,0.2474,0.44167,normalised
9.241037607192993,,,0.72835,0.74351,1,,,,,,,,,GP3,0.72835,0.74351,0.2474,0.44167,normalised
9.255549430847168,,,0.71583,0.70919,1,,,,,,,,,GP3,0.71583,0.70919,0.2474,0.44167,normalised
9.27230453491211,,,0.70712,0.68528,1,,,,,,,,,GP3,0.70712,0.68528,0.2474,0.44167,normalised
9.28834581375122,,,0.70067,0.66727,1,,,,,,,,,GP3,0.70067,0.66727,0.2474,0.44167,normalised
9.304602146148682,,,0.69477,0.65251,1,,,,,,,,,GP3,0.69477,0.65251,0.2474,0.44167,normalised
9.323673248291016,,,0.68992,0.64046,1,,,,,,,,,GP3,0.68992,0.64046,0.2474,0.44167,normalised
9.33678913116455,,,0.68628,0.62918,1,,,,,,,,,GP3,0.68628,0.62918,0.2474,0.44167,normalised
9.354515314102173,,,0.68243,0.62181,1,,,,,,,,,GP3,0.68243,0.62181,0.2474,0.44167,normalised
9.371545553207397,,,0.67925,0.61573,1,,,,,,,,,GP3,0.67925,0.61573,0.2474,0.44167,normalised
9.38480019569397,,,0.66597,0.58066,0,,,,,,,,,GP3,0.66597,0.58066,0.2474,0.44167,normalised
9.40262222290039,,,0.65856,0.54845,0,,,,,,,,,GP3,0.65856,0.54845,0.2474,0.44167,normalised
9.421261548995972,,,0.65424,0.5323,0,,,,,,,,,GP3,0.65424,0.5323,0.2474,0.44167,normalised
9.434961557388306,,,0.64867,0.51626,1,,,,,,,,,GP3,0.64867,0.51626,0.2474,0.44167,normalised
9.450537204742432,,,0.64618,0.50925,1,,,,,,,,,GP3,0.64618,0.50925,0.2474,0.44167,normalised
9.467389583587646,,,0.64479,0.5053,1,,,,,,,,,GP3,0.64479,0.5053,0.2474,0.44167,normalised
9.482698678970337,,,0.64506,0.50657,1,,,,,,,,,GP3,0.64506,0.50657,0.2474,0.44167,normalised
9.499122858047485,,,0.64421,0.50599,1,,,,,,,,,GP3,0.64421,0.50599,0.2474,0.44167,normalised
9.516722679138184,,,0.64333,0.50486,1,,,,,,,,,GP3,0.64333,0.50486,0.2474,0.44167,normalised
9.532781600952148,,,0.64427,0.50742,1,,,,,,,,,GP3,0.64427,0.50742,0.2474,0.44167,normalised
9.547884225845337,,,0.64537,0.51059,1,,,,,,,,,GP3,0.64537,0.51059,0.2474,0.44167,normalised
9.565396308898926,,,0.64645,0.51373,1,,,,,,,,,GP3,0.64645,0.51373,0.2474,0.44167,normalised
9.580098867416382,,,0.64756,0.5185,1,,,,,,,,,GP3,0.64756,0.5185,0.2474,0.44167,normalised
9.596888303756714,,,0.64823,0.51819,1,,,,,,,,,GP3,0.64823,0.51819,0.2474,0.44167,normalised
9.614265441894531,,,0.64881,0.51793,1,,,,,,,,,GP3,0.64881,0.51793,0.2474,0.44167,normalised
9.628183603286743,,,0.65078,0.52379,1,,,,,,,,,GP3,0.65078,0.52379,0.2474,0.44167,normalised
9.64498233795166,,,0.65251,0.52851,1,,,,,,,,,GP3,0.65251,0.52851,0.2474,0.44167,normalised
9.660962581634521,,,0.65397,0.5325,1,,,,,,,,,GP3,0.65397,0.5325,0.2474,0.44167,normalised
9.676932334899902,,,0.65458,0.53506,1,,,,,,,,,GP3,0.65458,0.53506,0.2474,0.44167,normalised
9.696691513061523,,,0.65522,0.53809,1,,,,,,,,,GP3,0.65522,0.53809,0.2474,0.44167,normalised
9.708381175994873,,,0.66531,0.56829,0,,,,,,,,,GP3,0.66531,0.56829,0.2474,0.44167,normalised
9.72772479057312,,,0.65377,0.56487,0,,,,,,,,,GP3,0.65377,0.56487,0.2474,0.44167,normalised
9.742480039596558,,,0.66371,0.59249,0,,,,,,,,,GP3,0.66371,0.59249,0.2474,0.44167,normalised
9.757121086120605,,,0.66868,0.6063,1,,,,,,,,,GP3,0.66868,0.6063,0.2474,0.44167,normalised
9.778756141662598,,,0.67532,0.61793,1,,,,,,,,,GP3,0.67532,0.61793,0.2474,0.44167,normalised
9.79246473312378,,,0.677,0.61365,1,,,,,,,,,GP3,0.677,0.61365,0.2474,0.44167,normalised
9.807737112045288,,,0.6782,0.61058,1,,,,,,,,,GP3,0.6782,0.61058,0.2474,0.44167,normalised
9.823240756988525,,,0.68186,0.61815,1,,,,,,,,,GP3,0.68186,0.61815,0.2474,0.44167,normalised
9.837860584259033,,,0.68244,0.61802,1,,,,,,,,,GP3,0.68244,0.61802,0.2474,0.44167,normalised
9.853800296783447,,,0.68287,0.61773,1,,,,,,,,,GP3,0.68287,0.61773,0.2474,0.44167,normalised
9.87117338180542,,,0.68139,0.61488,1,,,,,,,,,GP3,0.68139,0.61488,0.2474,0.44167,normalised
9.888699054718018,,,0.68,0.61208,1,,,,,,,,,GP3,0.68,0.61208,0.2474,0.44167,normalised
9.902553796768188,,,0.6787,0.60942,1,,,,,,,,,GP3,0.6787,0.60942,0.2474,0.44167,normalised
9.919887781143188,,,0.68121,0.61517,1,,,,,,,,,GP3,0.68121,0.61517,0.2474,0.44167,normalised
9.935482501983643,,,0.6799,0.6123,1,,,,,,,,,GP3,0.6799,0.6123,0.2474,0.44167,normalised
9.951418399810791,,,0.67888,0.61014,1,,,,,,,,,GP3,0.67888,0.61014,0.2474,0.44167,normalised
9.968757390975952,,,0.67666,0.60448,1,,,,,,,,,GP3,0.67666,0.60448,0.2474,0.44167,normalised
9.986445188522339,,,0.6758,0.60147,1,,,,,,,,,GP3,0.6758,0.60147,0.2474,0.44167,normalised
9.999246597290039,,,0.67513,0.59908,1,,,,,,,,,GP3,0.67513,0.59908,0.2474,0.44167,normalised
10.019275188446045,,,0.67626,0.60121,1,,,,,,,,,GP3,0.67626,0.60121,0.2474,0.44167,normalised
10.031954765319824,,,0.67492,0.60009,1,,,,,,,,,GP3,0.67492,0.60009,0.2474,0.44167,normalised
10.047722339630127,,,0.67371,0.59907,1,,,,,,,,,GP3,0.67371,0.59907,0.2474,0.44167,normalised
10.064233541488647,,,0.67244,0.59791,1,,,,,,,,,GP3,0.67244,0.59791,0.2474,0.44167,normalised
10.0814049243927,,,0.67103,0.59507,1,,,,,,,,,GP3,0.67103,0.59507,0.2474,0.44167,normalised
10.098344802856445,,,0.66974,0.59252,1,,,,,,,,,GP3,0.66974,0.59252,0.2474,0.44167,normalised
10.114737510681152,,,0.65478,0.56359,0,,,,,,,,,GP3,0.65478,0.56359,0.2474,0.44167,normalised
10.12997031211853,,,0.6494,0.56467,0,,,,,,,,,GP3,0.6494,0.56467,0.2474,0.44167,normalised
10.14582872390747,,,0.64811,0.56632,0,,,,,,,,,GP3,0.64811,0.56632,0.2474,0.44167,normalised
10.163193702697754,,,0.64858,0.56631,1,,,,,,,,,GP3,0.64858,0.56631,0.2474,0.44167,normalised
10.179157972335815,,,0.64725,0.56013,1,,,,,,,,,GP3,0.64725,0.56013,0.2474,0.44167,normalised
10.195315599441528,,,0.64604,0.55508,1,,,,,,,,,GP3,0.64604,0.55508,0.2474,0.44167,normalised
10.212536573410034,,,0.6424,0.55006,1,,,,,,,,,GP3,0.6424,0.55006,0.2474,0.44167,normalised
10.227150201797485,,,0.6414,0.54689,1,,,,,,,,,GP3,0.6414,0.54689,0.2474,0.44167,normalised
10.243607997894287,,,0.64062,0.54443,1,,,,,,,,,GP3,0.64062,0.54443,0.2474,0.44167,normalised
10.260496854782104,,,0.63996,0.54138,1,,,,,,,,,GP3,0.63996,0.54138,0.2474,0.44167,normalised
10.27530026435852,,,0.63805,0.53705,1,,,,,,,,,GP3,0.63805,0.53705,0.2474,0.44167,normalised
10.292076587677002,,,0.63628,0.53292,1,,,,,,,,,GP3,0.63628,0.53292,0.2474,0.44167,normalised
10.309072017669678,,,0.63471,0.53022,1,,,,,,,,,GP3,0.63471,0.53022,0.2474,0.44167,normalised
10.323577165603638,,,0.63422,0.52899,1,,,,,,,,,GP3,0.63422,0.52899,0.2474,0.44167,normalised
10.34065556526184,,,0.6338,0.52792,1,,,,,,,,,GP3,0.6338,0.52792,0.2474,0.44167,normalised
10.357051134109497,,,0.63321,0.52651,1,,,,,,,,,GP3,0.63321,0.52651,0.2474,0.44167,normalised
10.371500492095947,,,0.63231,0.52582,1,,,,,,,,,GP3,0.63231,0.52582,0.2474,0.44167,normalised
10.389615058898926,,,0.63152,0.52521,1,,,,,,,,,GP3,0.63152,0.52521,0.2474,0.44167,normalised
10.406999588012695,,,0.63114,0.52546,1,,,,,,,,,GP3,0.63114,0.52546,0.2474,0.44167,normalised
10.42005205154419,,,0.63074,0.5247,1,,,,,,,,,GP3,0.63074,0.5247,0.2474,0.44167,normalised
10.437661170959473,,,0.63037,0.52401,1,,,,,,,,,GP3,0.63037,0.52401,0.2474,0.44167,normalised
10.454630613327026,,,0.63026,0.52271,1,,,,,,,,,GP3,0.63026,0.52271,0.2474,0.44167,normalised
10.468843698501587,,,0.63011,0.52244,1,,,,,,,,,GP3,0.63011,0.52244,0.2474,0.44167,normalised
10.486822605133057,,,0.62998,0.5222,1,,,,,,,,,GP3,0.62998,0.5222,0.2474,0.44167,normalised
10.501827001571655,,,0.63034,0.52261,1,,,,,,,,,GP3,0.63034,0.52261,0.2474,0.44167,normalised
10.518568754196167,,,0.63043,0.52252,1,,,,,,,,,GP3,0.63043,0.52252,0.2474,0.44167,normalised
10.534275531768799,,,0.63052,0.52245,1,,,,,,,,,GP3,0.63052,0.52245,0.2474,0.44167,normalised
10.552072286605835,,,0.6309,0.52349,1,,,,,,,,,GP3,0.6309,0.52349,0.2474,0.44167,normalised
10.568209171295166,,,0.63086,0.52347,1,,,,,,,,,GP3,0.63086,0.52347,0.2474,0.44167,normalised
10.58491063117981,,,0.63083,0.52351,1,,,,,,,,,GP3,0.63083,0.52351,0.2474,0.44167,normalised
10.598543882369995,,,0.63121,0.52421,1,,,,,,,,,GP3,0.63121,0.52421,0.2474,0.44167,normalised
10.616326332092285,,,0.63141,0.52469,1,,,,,,,,,GP3,0.63141,0.52469,0.2474,0.44167,normalised
10.630301475524902,,,0.63157,0.52499,1,,,,,,,,,GP3,0.63157,0.52499,0.2474,0.44167,normalised
10.648194313049316,,,0.63139,0.52478,1,,,,,,,,,GP3,0.63139,0.52478,0.2474,0.44167,normalised
10.662738800048828,,,0.63076,0.52408,1,,,,,,,,,GP3,0.63076,0.52408,0.2474,0.44167,normalised
10.680431604385376,,,0.63006,0.52315,1,,,,,,,,,GP3,0.63006,0.52315,0.2474,0.44167,normalised
10.696130514144897,,,0.6299,0.52236,1,,,,,,,,,GP3,0.6299,0.52236,0.2474,0.44167,normalised
10.712202787399292,,,0.62934,0.52093,1,,,,,,,,,GP3,0.62934,0.52093,0.2474,0.44167,normalised
10.729905843734741,,,0.62892,0.51986,1,,,,,,,,,GP3,0.62892,0.51986,0.2474,0.44167,normalised
10.74510145187378,,,0.6292,0.52024,1,,,,,,,,,GP3,0.6292,0.52024,0.2474,0.44167,normalised
10.763033390045166,,,0.62895,0.51977,1,,,,,,,,,GP3,0.62895,0.51977,0.2474,0.44167,normalised
10.77601671218872,,,0.62867,0.51921,1,,,,,,,,,GP3,0.62867,0.51921,0.2474,0.44167,normalised
10.793176174163818,,,0.62885,0.51928,1,,,,,,,,,GP3,0.62885,0.51928,0.2474,0.44167,normalised
10.808172702789307,,,0.62876,0.51954,1,,,,,,,,,GP3,0.62876,0.51954,0.2474,0.44167,normalised
10.825022459030151,,,0.62868,0.51978,1,,,,,,,,,GP3,0.62868,0.51978,0.2474,0.44167,normalised
10.841793537139893,,,0.62878,0.51998,1,,,,,,,,,GP3,0.62878,0.51998,0.2474,0.44167,normalised
10.85911250114441,,,0.62896,0.52047,1,,,,,,,,,GP3,0.62896,0.52047,0.2474,0.44167,normalised
10.873749494552612,,,0.62912,0.52091,1,,,,,,,,,GP3,0.62912,0.52091,0.2474,0.44167,normalised
10.889504194259644,,,0.629,0.52086,1,,,,,,,,,GP3,0.629,0.52086,0.2474,0.44167,normalised
10.907225131988525,,,0.62913,0.52064,1,,,,,,,,,GP3,0.62913,0.52064,0.2474,0.44167,normalised
10.921958208084106,,,0.62926,0.52048,1,,,,,,,,,GP3,0.62926,0.52048,0.2474,0.44167,normalised
10.938173294067383,,,0.6296,0.52148,1,,,,,,,,,GP3,0.6296,0.52148,0.2474,0.44167,normalised
10.955044269561768,,,0.62978,0.52143,1,,,,,,,,,GP3,0.62978,0.52143,0.2474,0.44167,normalised
10.969779968261719,,,0.64271,0.5466,0,,,,,,,,,GP3,0.64271,0.5466,0.2474,0.44167,normalised
10.98874807357788,,,0.64624,0.56361,0,,,,,,,,,GP3,0.64624,0.56361,0.2474,0.44167,normalised
11.0061674118042,,,0.64997,0.57852,0,,,,,,,,,GP3,0.64997,0.57852,0.2474,0.44167,normalised
11.020671606063843,,,0.65266,0.58825,1,,,,,,,,,GP3,0.65266,0.58825,0.2474,0.44167,normalised
11.035683870315552,,,0.65404,0.58764,1,,,,,,,,,GP3,0.65404,0.58764,0.2474,0.44167,normalised
11.052392721176147,,,0.65912,0.59742,1,,,,,,,,,GP3,0.65912,0.59742,0.2474,0.44167,normalised
11.067885398864746,,,0.66223,0.60281,1,,,,,,,,,GP3,0.66223,0.60281,0.2474,0.44167,normalised
11.084630012512207,,,0.66018,0.60363,1,,,,,,,,,GP3,0.66018,0.60363,0.2474,0.44167,normalised
11.102799892425537,,,0.66036,0.60165,1,,,,,,,,,GP3,0.66036,0.60165,0.2474,0.44167,normalised
11.116165399551392,,,0.66032,0.59949,1,,,,,,,,,GP3,0.66032,0.59949,0.2474,0.44167,normalised
11.133294105529785,,,0.66045,0.59992,1,,,,,,,,,GP3,0.66045,0.59992,0.2474,0.44167,normalised
11.150876998901367,,,0.66014,0.59657,1,,,,,,,,,GP3,0.66014,0.59657,0.2474,0.44167,normalised
11.165264129638672,,,0.65987,0.59374,1,,,,,,,,,GP3,0.65987,0.59374,0.2474,0.44167,normalised
11.181842803955078,,,0.65982,0.59599,1,,,,,,,,,GP3,0.65982,0.59599,0.2474,0.44167,normalised
11.196772575378418,,,0.65887,0.59327,1,,,,,,,,,GP3,0.65887,0.59327,0.2474,0.44167,normalised
11.21533989906311,,,0.65815,0.59126,1,,,,,,,,,GP3,0.65815,0.59126,0.2474,0.44167,normalised
11.230614185333252,,,0.65903,0.59021,1,,,,,,,,,GP3,0.65903,0.59021,0.2474,0.44167,normalised
11.247682809829712,,,0.65962,0.59291,1,,,,,,,,,GP3,0.65962,0.59291,0.2474,0.44167,normalised
11.261669874191284,,,0.66034,0.59593,1,,,,,,,,,GP3,0.66034,0.59593,0.2474,0.44167,normalised
11.27794337272644,,,0.66057,0.59673,1,,,,,,,,,GP3,0.66057,0.59673,0.2474,0.44167,normalised
11.295668363571167,,,0.66117,0.59842,1,,,,,,,,,GP3,0.66117,0.59842,0.2474,0.44167,normalised
11.30983853340149,,,0.66162,0.59962,1,,,,,,,,,GP3,0.66162,0.59962,0.2474,0.44167,normalised
11.327476978302002,,,0.66325,0.60252,1,,,,,,,,,GP3,0.66325,0.60252,0.2474,0.44167,normalised
11.342312097549438,,,0.6628,0.60013,1,,,,,,,,,GP3,0.6628,0.60013,0.2474,0.44167,normalised
11.359025716781616,,,0.66226,0.5976,1,,,,,,,,,GP3,0.66226,0.5976,0.2474,0.44167,normalised
11.376058578491211,,,0.66225,0.59753,1,,,,,,,,,GP3,0.66225,0.59753,0.2474,0.44167,normalised
11.391221046447754,,,0.66185,0.5949,1,,,,,,,,,GP3,0.66185,0.5949,0.2474,0.44167,normalised
11.406935691833496,,,0.66168,0.59303,1,,,,,,,,,GP3,0.66168,0.59303,0.2474,0.44167,normalised
11.42464280128479,,,0.66197,0.59383,1,,,,,,,,,GP3,0.66197,0.59383,0.2474,0.44167,normalised
11.440468788146973,,,0.66271,0.59549,1,,,,,,,,,GP3,0.66271,0.59549,0.2474,0.44167,normalised
11.456424236297607,,,0.6634,0.597,1,,,,,,,,,GP3,0.6634,0.597,0.2474,0.44167,normalised
11.474827527999878,,,0.66357,0.59761,1,,,,,,,,,GP3,0.66357,0.59761,0.2474,0.44167,normalised
11.488777875900269,,,0.66354,0.59659,1,,,,,,,,,GP3,0.66354,0.59659,0.2474,0.44167,normalised
11.505630493164062,,,0.66342,0.59538,1,,,,,,,,,GP3,0.66342,0.59538,0.2474,0.44167,normalised
11.520143032073975,,,0.66298,0.5949,1,,,,,,,,,GP3,0.66298,0.5949,0.2474,0.44167,normalised
11.536321878433228,,,0.66323,0.59466,1,,,,,,,,,GP3,0.66323,0.59466,0.2474,0.44167,normalised
11.554414510726929,,,0.66345,0.59436,1,,,,,,,,,GP3,0.66345,0.59436,0.2474,0.44167,normalised
11.569308280944824,,,0.66319,0.59301,1,,,,,,,,,GP3,0.66319,0.59301,0.2474,0.44167,normalised
11.585240364074707,,,0.66264,0.59126,1,,,,,,,,,GP3,0.66264,0.59126,0.2474,0.44167,normalised
11.601541996002197,,,0.66208,0.58949,1,,,,,,,,,GP3,0.66208,0.58949,0.2474,0.44167,normalised
11.619329452514648,,,0.6623,0.59006,1,,,,,,,,,GP3,0.6623,0.59006,0.2474,0.44167,normalised
11.63301420211792,,,0.66148,0.58863,1,,,,,,,,,GP3,0.66148,0.58863,0.2474,0.44167,normalised
11.650306463241577,,,0.65377,0.56217,0,,,,,,,,,GP3,0.65377,0.56217,0.2474,0.44167,normalised
11.667644739151001,,,0.68108,0.58062,0,,,,,,,,,GP3,0.68108,0.58062,0.2474,0.44167,normalised
11.68410348892212,,,0.68715,0.58004,0,,,,,,,,,GP3,0.68715,0.58004,0.2474,0.44167,normalised
11.699687719345093,,,0.6893,0.57692,1,,,,,,,,,GP3,0.6893,0.57692,0.2474,0.44167,normalised
11.715126276016235,,,0.69265,0.57725,1,,,,,,,,,GP3,0.69265,0.57725,0.2474,0.44167,normalised
11.731815338134766,,,0.69238,0.57934,1,,,,,,,,,GP3,0.69238,0.57934,0.2474,0.44167,normalised
11.746656894683838,,,0.69253,0.58199,1,,,,,,,,,GP3,0.69253,0.58199,0.2474,0.44167,normalised
11.763501167297363,,,0.69421,0.58351,1,,,,,,,,,GP3,0.69421,0.58351,0.2474,0.44167,normalised
11.779992580413818,,,0.69697,0.58597,1,,,,,,,,,GP3,0.69697,0.58597,0.2474,0.44167,normalised
11.795917987823486,,,0.69899,0.58737,1,,,,,,,,,GP3,0.69899,0.58737,0.2474,0.44167,normalised
11.810947895050049,,,0.69852,0.58778,1,,,,,,,,,GP3,0.69852,0.58778,0.2474,0.44167,normalised
11.828209400177002,,,0.69873,0.58714,1,,,,,,,,,GP3,0.69873,0.58714,0.2474,0.44167,normalised
11.846264123916626,,,0.69891,0.5866,1,,,,,,,,,GP3,0.69891,0.5866,0.2474,0.44167,normalised
11.85965371131897,,,0.69792,0.586,1,,,,,,,,,GP3,0.69792,0.586,0.2474,0.44167,normalised
11.87832760810852,,,0.69851,0.58642,1,,,,,,,,,GP3,0.69851,0.58642,0.2474,0.44167,normalised
11.89236569404602,,,0.69914,0.58719,1,,,,,,,,,GP3,0.69914,0.58719,0.2474,0.44167,normalised
11.909018516540527,,,0.69922,0.58776,1,,,,,,,,,GP3,0.69922,0.58776,0.2474,0.44167,normalised
11.925588607788086,,,0.69899,0.58833,1,,,,,,,,,GP3,0.69899,0.58833,0.2474,0.44167,normalised
11.94348406791687,,,0.69878,0.58884,1,,,,,,,,,GP3,0.69878,0.58884,0.2474,0.44167,normalised
11.957634925842285,,,0.69889,0.5892,1,,,,,,,,,GP3,0.69889,0.5892,0.2474,0.44167,normalised
11.975910663604736,,,0.69945,0.58956,1,,,,,,,,,GP3,0.69945,0.58956,0.2474,0.44167,normalised
11.989681005477905,,,0.69997,0.58988,1,,,,,,,,,GP3,0.69997,0.58988,0.2474,0.44167,normalised
12.005872011184692,,,0.7011,0.59258,1,,,,,,,,,GP3,0.7011,0.59258,0.2474,0.44167,normalised
12.023058891296387,,,0.70106,0.59336,1,,,,,,,,,GP3,0.70106,0.59336,0.2474,0.44167,normalised
12.039703607559204,,,0.70102,0.59402,1,,,,,,,,,GP3,0.70102,0.59402,0.2474,0.44167,normalised
12.056307315826416,,,0.70253,0.59466,1,,,,,,,,,GP3,0.70253,0.59466,0.2474,0.44167,normalised
12.072512865066528,,,0.70351,0.59441,1,,,,,,,,,GP3,0.70351,0.59441,0.2474,0.44167,normalised
12.08620834350586,,,0.70437,0.59408,1,,,,,,,,,GP3,0.70437,0.59408,0.2474,0.44167,normalised
12.104387521743774,,,0.70582,0.59459,1,,,,,,,,,GP3,0.70582,0.59459,0.2474,0.44167,normalised
12.119742393493652,,,0.70697,0.5952,1,,,,,,,,,GP3,0.70697,0.5952,0.2474,0.44167,normalised
12.13528299331665,,,0.70808,0.59588,1,,,,,,,,,GP3,0.70808,0.59588,0.2474,0.44167,normalised
12.150862216949463,,,0.74415,0.62638,0,,,,,,,,,GP3,0.74415,0.62638,0.2474,0.44167,normalised
12.16869330406189,,,0.8377,0.73554,0,,,,,,,,,GP3,0.8377,0.73554,0.2474,0.44167,normalised
12.185060262680054,,,0.86863,0.77046,0,,,,,,,,,GP3,0.86863,0.77046,0.2474,0.44167,normalised
12.201716184616089,,,0.96023,0.84897,0,,,,,,,,,GP3,0.96023,0.84897,0.2474,0.44167,normalised
12.21638298034668,,,0.99516,0.84398,0,,,,,,,,,GP3,0.99516,0.84398,0.2474,0.44167,normalised
12.234280347824097,,,1.00704,0.84409,0,,,,,,,,,GP3,1.00704,0.84409,0.2474,0.44167,normalised
12.248185396194458,,,1.01298,0.85399,1,,,,,,,,,GP3,1.01298,0.85399,0.2474,0.44167,normalised
12.264573335647583,,,1.01496,0.85881,1,,,,,,,,,GP3,1.01496,0.85881,0.2474,0.44167,normalised
12.280436754226685,,,1.01617,0.86144,1,,,,,,,,,GP3,1.01617,0.86144,0.2474,0.44167,normalised
12.299400806427002,,,1.01982,0.86616,1,,,,,,,,,GP3,1.01982,0.86616,0.2474,0.44167,normalised
12.314122200012207,,,1.02146,0.86618,1,,,,,,,,,GP3,1.02146,0.86618,0.2474,0.44167,normalised
12.32851505279541,,,1.02273,0.86613,1,,,,,,,,,GP3,1.02273,0.86613,0.2474,0.44167,normalised
12.346030235290527,,,1.02759,0.87236,1,,,,,,,,,GP3,1.02759,0.87236,0.2474,0.44167,normalised
12.361905097961426,,,1.03075,0.87866,1,,,,,,,,,GP3,1.03075,0.87866,0.2474,0.44167,normalised
12.376824140548706,,,1.03343,0.88418,1,,,,,,,,,GP3,1.03343,0.88418,0.2474,0.44167,normalised
12.394242286682129,,,1.02911,0.88284,1,,,,,,,,,GP3,1.02911,0.88284,0.2474,0.44167,normalised
12.411752462387085,,,1.0294,0.88647,1,,,,,,,,,GP3,1.0294,0.88647,0.2474,0.44167,normalised
12.426584005355835,,,1.02965,0.88965,1,,,,,,,,,GP3,1.02965,0.88965,0.2474,0.44167,normalised
12.442534446716309,,,1.02947,0.89253,1,,,,,,,,,GP3,1.02947,0.89253,0.2474,0.44167,normalised
12.460283041000366,,,1.02874,0.8944,1,,,,,,,,,GP3,1.02874,0.8944,0.2474,0.44167,normalised
12.47447943687439,,,1.02809,0.89607,1,,,,,,,,,GP3,1.02809,0.89607,0.2474,0.44167,normalised
12.492824077606201,,,1.02657,0.89565,1,,,,,,,,,GP3,1.02657,0.89565,0.2474,0.44167,normalised
12.509565830230713,,,1.02548,0.89357,1,,,,,,,,,GP3,1.02548,0.89357,0.2474,0.44167,normalised
12.524525165557861,,,1.02449,0.89169,1,,,,,,,,,GP3,1.02449,0.89169,0.2474,0.44167,normalised
12.542325258255005,,,1.0227,0.89047,1,,,,,,,,,GP3,1.0227,0.89047,0.2474,0.44167,normalised
12.557011604309082,,,1.02122,0.89038,1,,,,,,,,,GP3,1.02122,0.89038,0.2474,0.44167,normalised
12.57109785079956,,,1.01987,0.89023,1,,,,,,,,,GP3,1.01987,0.89023,0.2474,0.44167,normalised
12.590299606323242,,,1.01819,0.88938,1,,,,,,,,,GP3,1.01819,0.88938,0.2474,0.44167,normalised
12.608104467391968,,,1.01816,0.89078,1,,,,,,,,,GP3,1.01816,0.89078,0.2474,0.44167,normalised
12.621697664260864,,,1.01811,0.89197,1,,,,,,,,,GP3,1.01811,0.89197,0.2474,0.44167,normalised
12.638139724731445,,,1.01697,0.89173,1,,,,,,,,,GP3,1.01697,0.89173,0.2474,0.44167,normalised
12.65564513206482,,,1.01751,0.89315,1,,,,,,,,,GP3,1.01751,0.89315,0.2474,0.44167,normalised
12.671523094177246,,,1.01802,0.89442,1,,,,,,,,,GP3,1.01802,0.89442,0.2474,0.44167,normalised
12.686419010162354,,,1.01848,0.89505,1,,,,,,,,,GP3,1.01848,0.89505,0.2474,0.44167,normalised
12.70443320274353,,,1.01712,0.89358,1,,,,,,,,,GP3,1.01712,0.89358,0.2474,0.44167,normalised
12.718136072158813,,,1.01582,0.89211,1,,,,,,,,,GP3,1.01582,0.89211,0.2474,0.44167,normalised
12.736716032028198,,,1.01462,0.89089,1,,,,,,,,,GP3,1.01462,0.89089,0.2474,0.44167,normalised
12.750338077545166,,,1.0126,0.88911,1,,,,,,,,,GP3,1.0126,0.88911,0.2474,0.44167,normalised
12.768318176269531,,,1.01075,0.88762,1,,,,,,,,,GP3,1.01075,0.88762,0.2474,0.44167,normalised
12.783052444458008,,,1.01075,0.8873,1,,,,,,,,,GP3,1.01075,0.8873,0.2474,0.44167,normalised
12.797787189483643,,,1.01044,0.88689,1,,,,,,,,,GP3,1.01044,0.88689,0.2474,0.44167,normalised
12.814600229263306,,,1.01009,0.88621,1,,,,,,,,,GP3,1.01009,0.88621,0.2474,0.44167,normalised
12.833575010299683,,,1.01002,0.88524,1,,,,,,,,,GP3,1.01002,0.88524,0.2474,0.44167,normalised
12.84824824333191,,,0.98904,0.85917,0,,,,,,,,,GP3,0.98904,0.85917,0.2474,0.44167,normalised
12.86529278755188,,,0.98275,0.83339,0,,,,,,,,,GP3,0.98275,0.83339,0.2474,0.44167,normalised
12.882084131240845,,,0.98634,0.8455,0,,,,,,,,,GP3,0.98634,0.8455,0.2474,0.44167,normalised
12.895325183868408,,,0.98744,0.85003,1,,,,,,,,,GP3,0.98744,0.85003,0.2474,0.44167,normalised
12.913222074508667,,,0.9881,0.85276,1,,,,,,,,,GP3,0.9881,0.85276,0.2474,0.44167,normalised
12.93035340309143,,,0.98968,0.85896,1,,,,,,,,,GP3,0.98968,0.85896,0.2474,0.44167,normalised
12.944154024124146,,,0.98803,0.86159,1,,,,,,,,,GP3,0.98803,0.86159,0.2474,0.44167,normalised
12.960767030715942,,,0.98696,0.86469,1,,,,,,,,,GP3,0.98696,0.86469,0.2474,0.44167,normalised
12.978538274765015,,,0.98701,0.86776,1,,,,,,,,,GP3,0.98701,0.86776,0.2474,0.44167,normalised
12.99418020248413,,,0.98517,0.86724,1,,,,,,,,,GP3,0.98517,0.86724,0.2474,0.44167,normalised
13.010253667831421,,,0.98369,0.86651,1,,,,,,,,,GP3,0.98369,0.86651,0.2474,0.44167,normalised
13.027374982833862,,,0.98462,0.86445,1,,,,,,,,,GP3,0.98462,0.86445,0.2474,0.44167,normalised
13.040472507476807,,,0.9856,0.86369,1,,,,,,,,,GP3,0.9856,0.86369,0.2474,0.44167,normalised
13.05893087387085,,,0.98627,0.86209,1,,,,,,,,,GP3,0.98627,0.86209,0.2474,0.44167,normalised
13.07507061958313,,,0.98663,0.86087,1,,,,,,,,,GP3,0.98663,0.86087,0.2474,0.44167,normalised
13.089876651763916,,,0.98553,0.85917,1,,,,,,,,,GP3,0.98553,0.85917,0.2474,0.44167,normalised
13.10573959350586,,,0.98466,0.85839,1,,,,,,,,,GP3,0.98466,0.85839,0.2474,0.44167,normalised
13.1214599609375,,,0.98397,0.85829,1,,,,,,,,,GP3,0.98397,0.85829,0.2474,0.44167,normalised
13.138912677764893,,,0.98371,0.85824,1,,,,,,,,,GP3,0.98371,0.85824,0.2474,0.44167,normalised
13.153609037399292,,,0.98347,0.8582,1,,,,,,,,,GP3,0.98347,0.8582,0.2474,0.44167,normalised
13.171934843063354,,,0.98335,0.85831,1,,,,,,,,,GP3,0.98335,0.85831,0.2474,0.44167,normalised
13.186919689178467,,,0.9832,0.85726,1,,,,,,,,,GP3,0.9832,0.85726,0.2474,0.44167,normalised
13.202780485153198,,,0.98303,0.85607,1,,,,,,,,,GP3,0.98303,0.85607,0.2474,0.44167,normalised
13.220298528671265,,,0.98318,0.85618,1,,,,,,,,,GP3,0.98318,0.85618,0.2474,0.44167,normalised
13.23572564125061,,,0.98365,0.85624,1,,,,,,,,,GP3,0.98365,0.85624,0.2474,0.44167,normalised
13.251383304595947,,,0.98408,0.85616,1,,,,,,,,,GP3,0.98408,0.85616,0.2474,0.44167,normalised
13.267168760299683,,,0.98502,0.85647,1,,,,,,,,,GP3,0.98502,0.85647,0.2474,0.44167,normalised
13.284424066543579,,,0.98536,0.85689,1,,,,,,,,,GP3,0.98536,0.85689,0.2474,0.44167,normalised
13.300355911254883,,,0.98563,0.85706,1,,,,,,,,,GP3,0.98563,0.85706,0.2474,0.44167,normalised
13.316988468170166,,,0.98602,0.85696,1,,,,,,,,,GP3,0.98602,0.85696,0.2474,0.44167,normalised
13.332624912261963,,,0.98597,0.85627,1,,,,,,,,,GP3,0.98597,0.85627,0.2474,0.44167,normalised
13.34758973121643,,,0.98604,0.85621,1,,,,,,,,,GP3,0.98604,0.85621,0.2474,0.44167,normalised
13.364914894104004,,,0.98528,0.8554,1,,,,,,,,,GP3,0.98528,0.8554,0.2474,0.44167,normalised
13.381866693496704,,,0.98567,0.8561,1,,,,,,,,,GP3,0.98567,0.8561,0.2474,0.44167,normalised
13.40060019493103,,,0.98603,0.85677,1,,,,,,,,,GP3,0.98603,0.85677,0.2474,0.44167,normalised
13.41506814956665,,,0.98602,0.85712,1,,,,,,,,,GP3,0.98602,0.85712,0.2474,0.44167,normalised
13.429760694503784,,,0.98527,0.85597,1,,,,,,,,,GP3,0.98527,0.85597,0.2474,0.44167,normalised
13.447357654571533,,,0.9845,0.85461,1,,,,,,,,,GP3,0.9845,0.85461,0.2474,0.44167,normalised
13.463490724563599,,,0.98453,0.85465,1,,,,,,,,,GP3,0.98453,0.85465,0.2474,0.44167,normalised
13.477084398269653,,,0.98529,0.85474,1,,,,,,,,,GP3,0.98529,0.85474,0.2474,0.44167,normalised
13.49500584602356,,,0.986,0.85473,1,,,,,,,,,GP3,0.986,0.85473,0.2474,0.44167,normalised
13.511773586273193,,,0.9864,0.85494,1,,,,,,,,,GP3,0.9864,0.85494,0.2474,0.44167,normalised
13.528253078460693,,,0.98641,0.85402,1,,,,,,,,,GP3,0.98641,0.85402,0.2474,0.44167,normalised
13.542362451553345,,,0.98646,0.85338,1,,,,,,,,,GP3,0.98646,0.85338,0.2474,0.44167,normalised
13.559421300888062,,,0.98603,0.85355,1,,,,,,,,,GP3,0.98603,0.85355,0.2474,0.44167,normalised
13.575192213058472,,,0.98652,0.85398,1,,,,,,,,,GP3,0.98652,0.85398,0.2474,0.44167,normalised
13.592790126800537,,,0.98698,0.85435,1,,,,,,,,,GP3,0.98698,0.85435,0.2474,0.44167,normalised
13.606637954711914,,,0.98672,0.85423,1,,,,,,,,,GP3,0.98672,0.85423,0.2474,0.44167,normalised
13.62381100654602,,,0.98639,0.85401,1,,,,,,,,,GP3,0.98639,0.85401,0.2474,0.44167,normalised
13.641388177871704,,,0.98632,0.85486,1,,,,,,,,,GP3,0.98632,0.85486,0.2474,0.44167,normalised
13.656387329101562,,,0.98644,0.85467,1,,,,,,,,,GP3,0.98644,0.85467,0.2474,0.44167,normalised
13.67128872871399,,,0.98739,0.85597,1,,,,,,,,,GP3,0.98739,0.85597,0.2474,0.44167,normalised
13.69020938873291,,,0.98835,0.8573,1,,,,,,,,,GP3,0.98835,0.8573,0.2474,0.44167,normalised
13.705094337463379,,,0.98896,0.85759,1,,,,,,,,,GP3,0.98896,0.85759,0.2474,0.44167,normalised
13.72286319732666,,,0.98934,0.85728,1,,,,,,,,,GP3,0.98934,0.85728,0.2474,0.44167,normalised
13.736111879348755,,,0.98969,0.85665,1,,,,,,,,,GP3,0.98969,0.85665,0.2474,0.44167,normalised
13.752674579620361,,,0.98997,0.85574,1,,,,,,,,,GP3,0.98997,0.85574,0.2474,0.44167,normalised
13.76856017112732,,,0.99125,0.85676,1,,,,,,,,,GP3,0.99125,0.85676,0.2474,0.44167,normalised
13.784838199615479,,,1.00621,0.87988,0,,,,,,,,,GP3,1.00621,0.87988,0.2474,0.44167,normalised
13.800594806671143,,,1.01462,0.89358,0,,,,,,,,,GP3,1.01462,0.89358,0.2474,0.44167,normalised
13.817366600036621,,,1.0126,0.89339,0,,,,,,,,,GP3,1.0126,0.89339,0.2474,0.44167,normalised
13.835145711898804,,,1.01186,0.89599,1,,,,,,,,,GP3,1.01186,0.89599,0.2474,0.44167,normalised
13.848984003067017,,,1.00235,0.88386,1,,,,,,,,,GP3,1.00235,0.88386,0.2474,0.44167,normalised
13.865577936172485,,,1.00203,0.87795,1,,,,,,,,,GP3,1.00203,0.87795,0.2474,0.44167,normalised
13.883118152618408,,,1.00181,0.87379,1,,,,,,,,,GP3,1.00181,0.87379,0.2474,0.44167,normalised
13.898605585098267,,,0.9996,0.87391,1,,,,,,,,,GP3,0.9996,0.87391,0.2474,0.44167,normalised
13.915677785873413,,,1.00084,0.8773,1,,,,,,,,,GP3,1.00084,0.8773,0.2474,0.44167,normalised
13.93018889427185,,,1.00173,0.87894,1,,,,,,,,,GP3,1.00173,0.87894,0.2474,0.44167,normalised
13.947752475738525,,,0.99896,0.87365,1,,,,,,,,,GP3,0.99896,0.87365,0.2474,0.44167,normalised
13.963318586349487,,,0.99726,0.8715,1,,,,,,,,,GP3,0.99726,0.8715,0.2474,0.44167,normalised
13.981163501739502,,,0.9957,0.86904,1,,,,,,,,,GP3,0.9957,0.86904,0.2474,0.44167,normalised
13.995506048202515,,,0.99549,0.86819,1,,,,,,,,,GP3,0.99549,0.86819,0.2474,0.44167,normalised
14.01331114768982,,,0.99746,0.87044,1,,,,,,,,,GP3,0.99746,0.87044,0.2474,0.44167,normalised
14.027418613433838,,,0.99921,0.87269,1,,,,,,,,,GP3,0.99921,0.87269,0.2474,0.44167,normalised
14.044792175292969,,,0.99798,0.87064,1,,,,,,,,,GP3,0.99798,0.87064,0.2474,0.44167,normalised
14.060778141021729,,,0.99818,0.87075,1,,,,,,,,,GP3,0.99818,0.87075,0.2474,0.44167,normalised
14.076342582702637,,,0.9984,0.87111,1,,,,,,,,,GP3,0.9984,0.87111,0.2474,0.44167,normalised
14.091630697250366,,,0.99854,0.872,1,,,,,,,,,GP3,0.99854,0.872,0.2474,0.44167,normalised
14.10883903503418,,,0.99828,0.87362,1,,,,,,,,,GP3,0.99828,0.87362,0.2474,0.44167,normalised
14.126631259918213,,,0.99809,0.8755,1,,,,,,,,,GP3,0.99809,0.8755,0.2474,0.44167,normalised
14.140421390533447,,,0.99884,0.87764,1,,,,,,,,,GP3,0.99884,0.87764,0.2474,0.44167,normalised
14.158629894256592,,,0.99879,0.8786,1,,,,,,,,,GP3,0.99879,0.8786,0.2474,0.44167,normalised
14.17694091796875,,,0.99874,0.87941,1,,,,,,,,,GP3,0.99874,0.87941,0.2474,0.44167,normalised
14.189765691757202,,,0.99762,0.87762,1,,,,,,,,,GP3,0.99762,0.87762,0.2474,0.44167,normalised
14.20673418045044,,,0.99739,0.87688,1,,,,,,,,,GP3,0.99739,0.87688,0.2474,0.44167,normalised
14.223510026931763,,,0.99709,0.87572,1,,,,,,,,,GP3,0.99709,0.87572,0.2474,0.44167,normalised
14.239936590194702,,,0.99745,0.87572,1,,,,,,,,,GP3,0.99745,0.87572,0.2474,0.44167,normalised
14.254680871963501,,,0.99664,0.87411,1,,,,,,,,,GP3,0.99664,0.87411,0.2474,0.44167,normalised
14.269155263900757,,,0.99593,0.87292,1,,,,,,,,,GP3,0.99593,0.87292,0.2474,0.44167,normalised
14.286794662475586,,,0.99542,0.87279,1,,,,,,,,,GP3,0.99542,0.87279,0.2474,0.44167,normalised
14.30351185798645,,,0.99508,0.873,1,,,,,,,,,GP3,0.99508,0.873,0.2474,0.44167,normalised
14.31825065612793,,,0.99478,0.87334,1,,,,,,,,,GP3,0.99478,0.87334,0.2474,0.44167,normalised
14.335990190505981,,,0.99591,0.87501,1,,,,,,,,,GP3,0.99591,0.87501,0.2474,0.44167,normalised
14.35187816619873,,,0.996,0.87481,1,,,,,,,,,GP3,0.996,0.87481,0.2474,0.44167,normalised
14.3664231300354,,,0.99604,0.87437,1,,,,,,,,,GP3,0.99604,0.87437,0.2474,0.44167,normalised
14.384431600570679,,,0.99579,0.87398,1,,,,,,,,,GP3,0.99579,0.87398,0.2474,0.44167,normalised
14.402194738388062,,,0.99513,0.8724,1,,,,,,,,,GP3,0.99513,0.8724,0.2474,0.44167,normalised
14.416522979736328,,,0.99448,0.8708,1,,,,,,,,,GP3,0.99448,0.8708,0.2474,0.44167,normalised
14.432588338851929,,,0.99412,0.86995,1,,,,,,,,,GP3,0.99412,0.86995,0.2474,0.44167,normalised
14.4501051902771,,,0.99424,0.87011,1,,,,,,,,,GP3,0.99424,0.87011,0.2474,0.44167,normalised
14.463733911514282,,,0.9944,0.87058,1,,,,,,,,,GP3,0.9944,0.87058,0.2474,0.44167,normalised
14.480706214904785,,,0.99451,0.87148,1,,,,,,,,,GP3,0.99451,0.87148,0.2474,0.44167,normalised
14.498631000518799,,,0.99483,0.8729,1,,,,,,,,,GP3,0.99483,0.8729,0.2474,0.44167,normalised
14.512447834014893,,,0.99514,0.87422,1,,,,,,,,,GP3,0.99514,0.87422,0.2474,0.44167,normalised
14.529316186904907,,,0.99445,0.87389,1,,,,,,,,,GP3,0.99445,0.87389,0.2474,0.44167,normalised
14.54619550704956,,,0.99458,0.87471,1,,,,,,,,,GP3,0.99458,0.87471,0.2474,0.44167,normalised
14.56047773361206,,,0.99444,0.87527,1,,,,,,,,,GP3,0.99444,0.87527,0.2474,0.44167,normalised
14.57976245880127,,,0.99364,0.87485,1,,,,,,,,,GP3,0.99364,0.87485,0.2474,0.44167,normalised
14.593596935272217,,,0.99321,0.87482,1,,,,,,,,,GP3,0.99321,0.87482,0.2474,0.44167,normalised
14.61166524887085,,,0.99277,0.87473,1,,,,,,,,,GP3,0.99277,0.87473,0.2474,0.44167,normalised
14.626848936080933,,,0.9932,0.87553,1,,,,,,,,,GP3,0.9932,0.87553,0.2474,0.44167,normalised
14.643663167953491,,,0.99549,0.90589,0,,,,,,,,,GP3,0.99549,0.90589,0.2474,0.44167,normalised
14.659295558929443,,,1.00696,0.93818,0,,,,,,,,,GP3,1.00696,0.93818,0.2474,0.44167,normalised
14.674304723739624,,,1.01272,0.93512,0,,,,,,,,,GP3,1.01272,0.93512,0.2474,0.44167,normalised
14.691588878631592,,,1.00689,0.92751,1,,,,,,,,,GP3,1.00689,0.92751,0.2474,0.44167,normalised
14.706323146820068,,,1.00348,0.92411,1,,,,,,,,,GP3,1.00348,0.92411,0.2474,0.44167,normalised
14.725147008895874,,,0.99725,0.8862,1,,,,,,,,,GP3,0.99725,0.8862,0.2474,0.44167,normalised
14.739558696746826,,,0.99238,0.86299,1,,,,,,,,,GP3,0.99238,0.86299,0.2474,0.44167,normalised
14.757447719573975,,,0.98861,0.84427,1,,,,,,,,,GP3,0.98861,0.84427,0.2474,0.44167,normalised
14.771441459655762,,,0.98077,0.79542,1,,,,,,,,,GP3,0.98077,0.79542,0.2474,0.44167,normalised
14.788118124008179,,,0.97204,0.75142,1,,,,,,,,,GP3,0.97204,0.75142,0.2474,0.44167,normalised
14.804852485656738,,,0.96464,0.71454,1,,,,,,,,,GP3,0.96464,0.71454,0.2474,0.44167,normalised
14.81937837600708,,,0.95646,0.67735,1,,,,,,,,,GP3,0.95646,0.67735,0.2474,0.44167,normalised
14.836241483688354,,,0.95301,0.65416,1,,,,,,,,,GP3,0.95301,0.65416,0.2474,0.44167,normalised
14.853116989135742,,,0.94057,0.58363,0,,,,,,,,,GP3,0.94057,0.58363,0.2474,0.44167,normalised
14.869800806045532,,,0.90294,0.44156,0,,,,,,,,,GP3,0.90294,0.44156,0.2474,0.44167,normalised
14.884700059890747,,,0.89371,0.39454,0,,,,,,,,,GP3,0.89371,0.39454,0.2474,0.44167,normalised
14.900360584259033,,,0.87191,0.29923,0,,,,,,,,,GP3,0.87191,0.29923,0.2474,0.44167,normalised
14.91738224029541,,,0.84792,0.23051,0,,,,,,,,,GP3,0.84792,0.23051,0.2474,0.44167,normalised
14.934434175491333,,,0.84524,0.22428,0,,,,,,,,,GP3,0.84524,0.22428,0.2474,0.44167,normalised
14.95113229751587,,,0.83455,0.19675,0,,,,,,,,,GP3,0.83455,0.19675,0.2474,0.44167,normalised
14.966742277145386,,,0.82311,0.12934,0,,,,,,,,,GP3,0.82311,0.12934,0.2474,0.44167,normalised
14.981874465942383,,,0.81753,0.10605,0,,,,,,,,,GP3,0.81753,0.10605,0.2474,0.44167,normalised
14.998668670654297,,,0.80858,0.0616,0,,,,,,,,,GP3,0.80858,0.0616,0.2474,0.44167,normalised
15.01639986038208,,,0.80292,0.05164,0,,,,,,,,,GP3,0.80292,0.05164,0.2474,0.44167,normalised
15.03107738494873,,,0.79966,0.04444,0,,,,,,,,,GP3,0.79966,0.04444,0.2474,0.44167,normalised
15.04784107208252,,,0.79689,0.03704,1,,,,,,,,,GP3,0.79689,0.03704,0.2474,0.44167,normalised
15.063775539398193,,,0.80017,0.01717,1,,,,,,,,,GP3,0.80017,0.01717,0.2474,0.44167,normalised
15.08131718635559,,,0.81691,0.03054,1,,,,,,,,,GP3,0.81691,0.03054,0.2474,0.44167,normalised
15.095331192016602,,,0.82967,0.04191,1,,,,,,,,,GP3,0.82967,0.04191,0.2474,0.44167,normalised
15.11339020729065,,,0.83041,0.02637,1,,,,,,,,,GP3,0.83041,0.02637,0.2474,0.44167,normalised
15.126589298248291,,,0.83421,0.02488,1,,,,,,,,,GP3,0.83421,0.02488,0.2474,0.44167,normalised
15.143399715423584,,,0.84105,0.03234,1,,,,,,,,,GP3,0.84105,0.03234,0.2474,0.44167,normalised
15.160212993621826,,,0.85091,0.04633,1,,,,,,,,,GP3,0.85091,0.04633,0.2474,0.44167,normalised
15.176597833633423,,,0.85632,0.0506,1,,,,,,,,,GP3,0.85632,0.0506,0.2474,0.44167,normalised
15.192861557006836,,,0.85985,0.05183,1,,,,,,,,,GP3,0.85985,0.05183,0.2474,0.44167,normalised
15.209212064743042,,,0.86329,0.05335,1,,,,,,,,,GP3,0.86329,0.05335,0.2474,0.44167,normalised
15.223942041397095,,,0.86599,0.05456,1,,,,,,,,,GP3,0.86599,0.05456,0.2474,0.44167,normalised
15.241461038589478,,,0.86878,0.05659,1,,,,,,,,,GP3,0.86878,0.05659,0.2474,0.44167,normalised
15.258375406265259,,,0.90029,0.07515,0,,,,,,,,,GP3,0.90029,0.07515,0.2474,0.44167,normalised
15.27307939529419,,,0.90512,0.10286,0,,,,,,,,,GP3,0.90512,0.10286,0.2474,0.44167,normalised
15.291018009185791,,,0.90886,0.11708,0,,,,,,,,,GP3,0.90886,0.11708,0.2474,0.44167,normalised
15.30715560913086,,,0.9186,0.13326,1,,,,,,,,,GP3,0.9186,0.13326,0.2474,0.44167,normalised
15.322108745574951,,,0.92205,0.13746,1,,,,,,,,,GP3,0.92205,0.13746,0.2474,0.44167,normalised
15.339885711669922,,,0.921,0.1325,1,,,,,,,,,GP3,0.921,0.1325,0.2474,0.44167,normalised
15.353271484375,,,0.91566,0.11957,1,,,,,,,,,GP3,0.91566,0.11957,0.2474,0.44167,normalised
15.37040090560913,,,0.9089,0.10394,1,,,,,,,,,GP3,0.9089,0.10394,0.2474,0.44167,normalised
15.385951519012451,,,0.90359,0.09165,1,,,,,,,,,GP3,0.90359,0.09165,0.2474,0.44167,normalised
15.40187120437622,,,0.89985,0.08398,1,,,,,,,,,GP3,0.89985,0.08398,0.2474,0.44167,normalised
15.418505907058716,,,0.89943,0.08385,1,,,,,,,,,GP3,0.89943,0.08385,0.2474,0.44167,normalised
15.435043096542358,,,0.90082,0.08778,1,,,,,,,,,GP3,0.90082,0.08778,0.2474,0.44167,normalised
15.453009605407715,,,0.90373,0.09289,1,,,,,,,,,GP3,0.90373,0.09289,0.2474,0.44167,normalised
15.467288494110107,,,0.90513,0.09508,1,,,,,,,,,GP3,0.90513,0.09508,0.2474,0.44167,normalised
15.484403848648071,,,0.90547,0.09495,1,,,,,,,,,GP3,0.90547,0.09495,0.2474,0.44167,normalised
15.50115966796875,,,0.90429,0.09209,1,,,,,,,,,GP3,0.90429,0.09209,0.2474,0.44167,normalised
15.51683497428894,,,0.90305,0.08911,1,,,,,,,,,GP3,0.90305,0.08911,0.2474,0.44167,normalised
15.532847881317139,,,0.90195,0.08646,1,,,,,,,,,GP3,0.90195,0.08646,0.2474,0.44167,normalised
15.548873901367188,,,0.90173,0.08501,1,,,,,,,,,GP3,0.90173,0.08501,0.2474,0.44167,normalised
15.564908981323242,,,0.89988,0.08071,1,,,,,,,,,GP3,0.89988,0.08071,0.2474,0.44167,normalised
15.581541299819946,,,0.8982,0.07681,1,,,,,,,,,GP3,0.8982,0.07681,0.2474,0.44167,normalised
15.5980806350708,,,0.8968,0.07387,1,,,,,,,,,GP3,0.8968,0.07387,0.2474,0.44167,normalised
15.614855289459229,,,0.89648,0.0728,1,,,,,,,,,GP3,0.89648,0.0728,0.2474,0.44167,normalised
15.629018783569336,,,0.89619,0.07181,1,,,,,,,,,GP3,0.89619,0.07181,0.2474,0.44167,normalised
15.644916296005249,,,0.89675,0.07244,1,,,,,,,,,GP3,0.89675,0.07244,0.2474,0.44167,normalised
15.66330337524414,,,0.88561,0.04181,0,,,,,,,,,GP3,0.88561,0.04181,0.2474,0.44167,normalised
15.679792881011963,,,0.88298,0.03185,0,,,,,,,,,GP3,0.88298,0.03185,0.2474,0.44167,normalised
15.69456171989441,,,0.88583,0.04021,0,,,,,,,,,GP3,0.88583,0.04021,0.2474,0.44167,normalised
15.709916591644287,,,0.88583,0.0417,1,,,,,,,,,GP3,0.88583,0.0417,0.2474,0.44167,normalised
15.72765588760376,,,0.88431,0.03914,1,,,,,,,,,GP3,0.88431,0.03914,0.2474,0.44167,normalised
15.741498470306396,,,0.88468,0.03635,1,,,,,,,,,GP3,0.88468,0.03635,0.2474,0.44167,normalised
15.75903034210205,,,0.88127,0.03028,1,,,,,,,,,GP3,0.88127,0.03028,0.2474,0.44167,normalised
15.776577711105347,,,0.87865,0.02558,1,,,,,,,,,GP3,0.87865,0.02558,0.2474,0.44167,normalised
15.791267395019531,,,0.88246,0.03012,1,,,,,,,,,GP3,0.88246,0.03012,0.2474,0.44167,normalised
15.80747127532959,,,0.88645,0.03968,1,,,,,,,,,GP3,0.88645,0.03968,0.2474,0.44167,normalised
15.82504153251648,,,0.89158,0.05182,1,,,,,,,,,GP3,0.89158,0.05182,0.2474,0.44167,normalised
15.84081244468689,,,0.89614,0.06116,1,,,,,,,,,GP3,0.89614,0.06116,0.2474,0.44167,normalised
15.855408191680908,,,0.89841,0.06697,1,,,,,,,,,GP3,0.89841,0.06697,0.2474,0.44167,normalised
15.872305154800415,,,0.90033,0.07188,1,,,,,,,,,GP3,0.90033,0.07188,0.2474,0.44167,normalised
15.888264894485474,,,0.90513,0.0816,1,,,,,,,,,GP3,0.90513,0.0816,0.2474,0.44167,normalised
15.904458045959473,,,0.90862,0.08984,1,,,,,,,,,GP3,0.90862,0.08984,0.2474,0.44167,normalised
15.91940712928772,,,0.92461,0.12486,0,,,,,,,,,GP3,0.92461,0.12486,0.2474,0.44167,normalised
15.93694806098938,,,0.97047,0.21679,0,,,,,,,,,GP3,0.97047,0.21679,0.2474,0.44167,normalised
15.953015089035034,,,0.97383,0.22667,0,,,,,,,,,GP3,0.97383,0.22667,0.2474,0.44167,normalised
15.970347881317139,,,0.98867,0.2581,0,,,,,,,,,GP3,0.98867,0.2581,0.2474,0.44167,normalised
15.985357522964478,,,0.96715,0.2172,0,,,,,,,,,GP3,0.96715,0.2172,0.2474,0.44167,normalised
16.00257658958435,,,0.959,0.20395,0,,,,,,,,,GP3,0.959,0.20395,0.2474,0.44167,normalised
16.016115188598633,,,0.93912,0.1664,0,,,,,,,,,GP3,0.93912,0.1664,0.2474,0.44167,normalised
16.033443927764893,,,0.93748,0.14247,0,,,,,,,,,GP3,0.93748,0.14247,0.2474,0.44167,normalised
16.051158905029297,,,0.93379,0.11763,0,,,,,,,,,GP3,0.93379,0.11763,0.2474,0.44167,normalised
16.064815044403076,,,0.92659,0.09314,1,,,,,,,,,GP3,0.92659,0.09314,0.2474,0.44167,normalised
16.08239459991455,,,0.90484,0.03933,0,,,,,,,,,GP3,0.90484,0.03933,0.2474,0.44167,normalised
16.098750591278076,,,0.89126,0.02085,0,,,,,,,,,GP3,0.89126,0.02085,0.2474,0.44167,normalised
16.11477518081665,,,0.89418,0.03145,0,,,,,,,,,GP3,0.89418,0.03145,0.2474,0.44167,normalised
16.13216781616211,,,0.89444,0.04189,1,,,,,,,,,GP3,0.89444,0.04189,0.2474,0.44167,normalised
16.146808385849,,,0.91244,0.07987,1,,,,,,,,,GP3,0.91244,0.07987,0.2474,0.44167,normalised
16.16272473335266,,,0.92647,0.11003,1,,,,,,,,,GP3,0.92647,0.11003,0.2474,0.44167,normalised
16.178210735321045,,,0.93017,0.11847,1,,,,,,,,,GP3,0.93017,0.11847,0.2474,0.44167,normalised
16.195372581481934,,,0.93025,0.11895,1,,,,,,,,,GP3,0.93025,0.11895,0.2474,0.44167,normalised
16.211163997650146,,,0.92955,0.11755,1,,,,,,,,,GP3,0.92955,0.11755,0.2474,0.44167,normalised
16.22774076461792,,,0.9299,0.11742,1,,,,,,,,,GP3,0.9299,0.11742,0.2474,0.44167,normalised
16.24525213241577,,,0.93016,0.11696,1,,,,,,,,,GP3,0.93016,0.11696,0.2474,0.44167,normalised
16.259231567382812,,,0.92924,0.11399,1,,,,,,,,,GP3,0.92924,0.11399,0.2474,0.44167,normalised
16.278172731399536,,,0.92689,0.10913,1,,,,,,,,,GP3,0.92689,0.10913,0.2474,0.44167,normalised
16.291971683502197,,,0.92615,0.10671,1,,,,,,,,,GP3,0.92615,0.10671,0.2474,0.44167,normalised
16.30971884727478,,,0.9255,0.10462,1,,,,,,,,,GP3,0.9255,0.10462,0.2474,0.44167,normalised
16.32470154762268,,,0.92341,0.1019,1,,,,,,,,,GP3,0.92341,0.1019,0.2474,0.44167,normalised
16.341344594955444,,,0.92429,0.10298,1,,,,,,,,,GP3,0.92429,0.10298,0.2474,0.44167,normalised
16.355862140655518,,,0.92543,0.10478,1,,,,,,,,,GP3,0.92543,0.10478,0.2474,0.44167,normalised
16.373587131500244,,,0.92717,0.10518,1,,,,,,,,,GP3,0.92717,0.10518,0.2474,0.44167,normalised
16.38953733444214,,,0.92884,0.10703,1,,,,,,,,,GP3,0.92884,0.10703,0.2474,0.44167,normalised
16.405105590820312,,,0.93068,0.10943,1,,,,,,,,,GP3,0.93068,0.10943,0.2474,0.44167,normalised
16.421799659729004,,,0.93308,0.11328,1,,,,,,,,,GP3,0.93308,0.11328,0.2474,0.44167,normalised
16.438828468322754,,,0.9343,0.11542,1,,,,,,,,,GP3,0.9343,0.11542,0.2474,0.44167,normalised
16.453379154205322,,,0.93514,0.11675,1,,,,,,,,,GP3,0.93514,0.11675,0.2474,0.44167,normalised
16.471409797668457,,,0.9365,0.11977,1,,,,,,,,,GP3,0.9365,0.11977,0.2474,0.44167,normalised
16.488074779510498,,,0.93602,0.11946,1,,,,,,,,,GP3,0.93602,0.11946,0.2474,0.44167,normalised
16.502367734909058,,,0.93583,0.11973,1,,,,,,,,,GP3,0.93583,0.11973,0.2474,0.44167,normalised
16.51969337463379,,,0.95111,0.14108,0,,,,,,,,,GP3,0.95111,0.14108,0.2474,0.44167,normalised
16.53433609008789,,,0.9428,0.13251,0,,,,,,,,,GP3,0.9428,0.13251,0.2474,0.44167,normalised
16.552730321884155,,,0.93783,0.12458,0,,,,,,,,,GP3,0.93783,0.12458,0.2474,0.44167,normalised
16.56836199760437,,,0.93233,0.11626,1,,,,,,,,,GP3,0.93233,0.11626,0.2474,0.44167,normalised
16.584829330444336,,,0.93233,0.12107,1,,,,,,,,,GP3,0.93233,0.12107,0.2474,0.44167,normalised
16.598411798477173,,,0.9345,0.12934,1,,,,,,,,,GP3,0.9345,0.12934,0.2474,0.44167,normalised
16.615416526794434,,,0.93492,0.1346,1,,,,,,,,,GP3,0.93492,0.1346,0.2474,0.44167,normalised
16.631417989730835,,,0.93808,0.14277,1,,,,,,,,,GP3,0.93808,0.14277,0.2474,0.44167,normalised
16.650216102600098,,,0.94054,0.14913,1,,,,,,,,,GP3,0.94054,0.14913,0.2474,0.44167,normalised
16.66480302810669,,,0.9452,0.15822,1,,,,,,,,,GP3,0.9452,0.15822,0.2474,0.44167,normalised
16.680179595947266,,,0.9495,0.16227,1,,,,,,,,,GP3,0.9495,0.16227,0.2474,0.44167,normalised
16.698103427886963,,,0.95308,0.16565,1,,,,,,,,,GP3,0.95308,0.16565,0.2474,0.44167,normalised
16.713687658309937,,,0.95003,0.16133,1,,,,,,,,,GP3,0.95003,0.16133,0.2474,0.44167,normalised
16.73054313659668,,,0.95536,0.1738,1,,,,,,,,,GP3,0.95536,0.1738,0.2474,0.44167,normalised
16.745373010635376,,,0.95998,0.1846,1,,,,,,,,,GP3,0.95998,0.1846,0.2474,0.44167,normalised
16.76227116584778,,,0.9583,0.17878,1,,,,,,,,,GP3,0.9583,0.17878,0.2474,0.44167,normalised
16.778101682662964,,,0.9713,0.20778,0,,,,,,,,,GP3,0.9713,0.20778,0.2474,0.44167,normalised
16.792992115020752,,,0.97787,0.22298,0,,,,,,,,,GP3,0.97787,0.22298,0.2474,0.44167,normalised
16.80924701690674,,,0.9853,0.23211,0,,,,,,,,,GP3,0.9853,0.23211,0.2474,0.44167,normalised
16.826630353927612,,,0.9949,0.24755,1,,,,,,,,,GP3,0.9949,0.24755,0.2474,0.44167,normalised
16.843894004821777,,,0.99944,0.25389,1,,,,,,,,,GP3,0.99944,0.25389,0.2474,0.44167,normalised
16.859559059143066,,,0.98661,0.22583,1,,,,,,,,,GP3,0.98661,0.22583,0.2474,0.44167,normalised
16.874053478240967,,,0.9833,0.22341,1,,,,,,,,,GP3,0.9833,0.22341,0.2474,0.44167,normalised
16.89095425605774,,,0.98006,0.21979,1,,,,,,,,,GP3,0.98006,0.21979,0.2474,0.44167,normalised
16.906874656677246,,,0.97139,0.19782,1,,,,,,,,,GP3,0.97139,0.19782,0.2474,0.44167,normalised
16.923181772232056,,,0.96797,0.18834,1,,,,,,,,,GP3,0.96797,0.18834,0.2474,0.44167,normalised
16.939945459365845,,,0.96579,0.18201,1,,,,,,,,,GP3,0.96579,0.18201,0.2474,0.44167,normalised
16.9558744430542,,,0.96035,0.16838,1,,,,,,,,,GP3,0.96035,0.16838,0.2474,0.44167,normalised
16.973824501037598,,,0.95614,0.15754,1,,,,,,,,,GP3,0.95614,0.15754,0.2474,0.44167,normalised
16.98929238319397,,,0.95148,0.1459,1,,,,,,,,,GP3,0.95148,0.1459,0.2474,0.44167,normalised
17.00437903404236,,,0.94088,0.11391,0,,,,,,,,,GP3,0.94088,0.11391,0.2474,0.44167,normalised
17.02089500427246,,,0.92336,0.0808,0,,,,,,,,,GP3,0.92336,0.0808,0.2474,0.44167,normalised
17.03840732574463,,,0.91752,0.06977,0,,,,,,,,,GP3,0.91752,0.06977,0.2474,0.44167,normalised
17.05435800552368,,,0.88964,0.01482,0,,,,,,,,,GP3,0.88964,0.01482,0.2474,0.44167,normalised
17.068392992019653,,,0.91633,0.08961,0,,,,,,,,,GP3,0.91633,0.08961,0.2474,0.44167,normalised
17.08406400680542,,,0.92732,0.11945,0,,,,,,,,,GP3,0.92732,0.11945,0.2474,0.44167,normalised
17.10181212425232,,,0.89976,0.12371,0,,,,,,,,,GP3,0.89976,0.12371,0.2474,0.44167,normalised
17.118678092956543,,,0.85832,0.16224,0,,,,,,,,,GP3,0.85832,0.16224,0.2474,0.44167,normalised
17.133270740509033,,,0.84551,0.17746,0,,,,,,,,,GP3,0.84551,0.17746,0.2474,0.44167,normalised
17.15119171142578,,,0.81521,0.24795,0,,,,,,,,,GP3,0.81521,0.24795,0.2474,0.44167,normalised
17.167941570281982,,,0.80554,0.2701,0,,,,,,,,,GP3,0.80554,0.2701,0.2474,0.44167,normalised
17.18208360671997,,,0.80148,0.27476,0,,,,,,,,,GP3,0.80148,0.27476,0.2474,0.44167,normalised
17.19801139831543,,,0.79396,0.27638,1,,,,,,,,,GP3,0.79396,0.27638,0.2474,0.44167,normalised
17.21470546722412,,,0.79143,0.28059,1,,,,,,,,,GP3,0.79143,0.28059,0.2474,0.44167,normalised
17.231622219085693,,,0.79015,0.28476,1,,,,,,,,,GP3,0.79015,0.28476,0.2474,0.44167,normalised
17.246618270874023,,,0.79009,0.28831,1,,,,,,,,,GP3,0.79009,0.28831,0.2474,0.44167,normalised
17.26412868499756,,,0.79038,0.29344,1,,,,,,,,,GP3,0.79038,0.29344,0.2474,0.44167,normalised
17.27979612350464,,,0.79085,0.29824,1,,,,,,,,,GP3,0.79085,0.29824,0.2474,0.44167,normalised
17.294415712356567,,,0.7916,0.30017,1,,,,,,,,,GP3,0.7916,0.30017,0.2474,0.44167,normalised
17.314209938049316,,,0.79117,0.3033,1,,,,,,,,,GP3,0.79117,0.3033,0.2474,0.44167,normalised
17.327305555343628,,,0.79102,0.30689,1,,,,,,,,,GP3,0.79102,0.30689,0.2474,0.44167,normalised
17.344340324401855,,,0.79139,0.31203,1,,,,,,,,,GP3,0.79139,0.31203,0.2474,0.44167,normalised
17.361645460128784,,,0.79161,0.31692,1,,,,,,,,,GP3,0.79161,0.31692,0.2474,0.44167,normalised
17.37555718421936,,,0.79194,0.32153,1,,,,,,,,,GP3,0.79194,0.32153,0.2474,0.44167,normalised
17.391430854797363,,,0.79372,0.32648,1,,,,,,,,,GP3,0.79372,0.32648,0.2474,0.44167,normalised
17.4085795879364,,,0.79511,0.32974,1,,,,,,,,,GP3,0.79511,0.32974,0.2474,0.44167,normalised
17.424235582351685,,,0.79624,0.33235,1,,,,,,,,,GP3,0.79624,0.33235,0.2474,0.44167,normalised
17.4399151802063,,,0.80139,0.36298,0,,,,,,,,,GP3,0.80139,0.36298,0.2474,0.44167,normalised
17.45702075958252,,,0.8052,0.38433,0,,,,,,,,,GP3,0.8052,0.38433,0.2474,0.44167,normalised
17.474781036376953,,,0.80783,0.39622,0,,,,,,,,,GP3,0.80783,0.39622,0.2474,0.44167,normalised
17.48911738395691,,,0.81268,0.40195,1,,,,,,,,,GP3,0.81268,0.40195,0.2474,0.44167,normalised
17.5069739818573,,,0.81177,0.40279,1,,,,,,,,,GP3,0.81177,0.40279,0.2474,0.44167,normalised
17.522778749465942,,,0.81079,0.40178,1,,,,,,,,,GP3,0.81079,0.40178,0.2474,0.44167,normalised
17.536598205566406,,,0.80815,0.39736,1,,,,,,,,,GP3,0.80815,0.39736,0.2474,0.44167,normalised
17.55423879623413,,,0.80586,0.39257,1,,,,,,,,,GP3,0.80586,0.39257,0.2474,0.44167,normalised
17.569830894470215,,,0.80331,0.38606,1,,,,,,,,,GP3,0.80331,0.38606,0.2474,0.44167,normalised
17.58663821220398,,,0.80023,0.37766,1,,,,,,,,,GP3,0.80023,0.37766,0.2474,0.44167,normalised
17.60374689102173,,,0.7976,0.36787,1,,,,,,,,,GP3,0.7976,0.36787,0.2474,0.44167,normalised
17.618584156036377,,,0.79497,0.35831,1,,,,,,,,,GP3,0.79497,0.35831,0.2474,0.44167,normalised
17.634175539016724,,,0.79095,0.34866,1,,,,,,,,,GP3,0.79095,0.34866,0.2474,0.44167,normalised
17.651660680770874,,,0.78857,0.34222,1,,,,,,,,,GP3,0.78857,0.34222,0.2474,0.44167,normalised
17.666423797607422,,,0.78664,0.33666,1,,,,,,,,,GP3,0.78664,0.33666,0.2474,0.44167,normalised
17.68371868133545,,,0.7758,0.30862,0,,,,,,,,,GP3,0.7758,0.30862,0.2474,0.44167,normalised
17.699395179748535,,,0.76784,0.28006,0,,,,,,,,,GP3,0.76784,0.28006,0.2474,0.44167,normalised
17.7176034450531,,,0.7639,0.26711,0,,,,,,,,,GP3,0.7639,0.26711,0.2474,0.44167,normalised
17.731743335723877,,,0.75339,0.25488,1,,,,,,,,,GP3,0.75339,0.25488,0.2474,0.44167,normalised
17.747524738311768,,,0.74014,0.23066,1,,,,,,,,,GP3,0.74014,0.23066,0.2474,0.44167,normalised
17.764260053634644,,,0.73216,0.21783,1,,,,,,,,,GP3,0.73216,0.21783,0.2474,0.44167,normalised
17.779742002487183,,,0.70328,0.1872,1,,,,,,,,,GP3,0.70328,0.1872,0.2474,0.44167,normalised
17.79636287689209,,,0.68197,0.16743,1,,,,,,,,,GP3,0.68197,0.16743,0.2474,0.44167,normalised
17.814308881759644,,,0.66614,0.15414,1,,,,,,,,,GP3,0.66614,0.15414,0.2474,0.44167,normalised
17.830864667892456,,,0.64948,0.13439,1,,,,,,,,,GP3,0.64948,0.13439,0.2474,0.44167,normalised
17.844135999679565,,,0.63342,0.1193,1,,,,,,,,,GP3,0.63342,0.1193,0.2474,0.44167,normalised
17.861263275146484,,,0.6195,0.10518,1,,,,,,,,,GP3,0.6195,0.10518,0.2474,0.44167,normalised
17.879672050476074,,,0.60813,0.09065,1,,,,,,,,,GP3,0.60813,0.09065,0.2474,0.44167,normalised
17.89543581008911,,,0.56834,0.04298,0,,,,,,,,,GP3,0.56834,0.04298,0.2474,0.44167,normalised
17.910043954849243,,,0.50789,-0.03309,0,,,,,,,,,GP3,0.50789,-0.03309,0.2474,0.44167,normalised
17.928194284439087,,,0.48498,-0.04703,0,,,,,,,,,GP3,0.48498,-0.04703,0.2474,0.44167,normalised
17.94200897216797,,,0.44219,-0.07766,0,,,,,,,,,GP3,0.44219,-0.07766,0.2474,0.44167,normalised
17.959802865982056,,,0.44189,-0.06193,0,,,,,,,,,GP3,0.44189,-0.06193,0.2474,0.44167,normalised
17.978383779525757,,,0.39102,-0.04586,0,,,,,,,,,GP3,0.39102,-0.04586,0.2474,0.44167,normalised
17.99194097518921,,,0.33774,-0.02558,0,,,,,,,,,GP3,0.33774,-0.02558,0.2474,0.44167,normalised
18.006805181503296,,,0.30784,-0.02877,0,,,,,,,,,GP3,0.30784,-0.02877,0.2474,0.44167,normalised
18.022409915924072,,,0.28607,-0.03653,0,,,,,,,,,GP3,0.28607,-0.03653,0.2474,0.44167,normalised
18.038990259170532,,,0.27487,-0.03988,1,,,,,,,,,GP3,0.27487,-0.03988,0.2474,0.44167,normalised
18.056020975112915,,,0.26881,-0.0397,1,,,,,,,,,GP3,0.26881,-0.0397,0.2474,0.44167,normalised
18.071766138076782,,,0.2638,-0.03674,1,,,,,,,,,GP3,0.2638,-0.03674,0.2474,0.44167,normalised
18.08786368370056,,,0.26031,-0.03301,1,,,,,,,,,GP3,0.26031,-0.03301,0.2474,0.44167,normalised
18.10411500930786,,,0.25633,-0.03496,1,,,,,,,,,GP3,0.25633,-0.03496,0.2474,0.44167,normalised
18.118993997573853,,,0.25067,-0.04434,1,,,,,,,,,GP3,0.25067,-0.04434,0.2474,0.44167,normalised
18.135591983795166,,,0.24487,-0.05649,1,,,,,,,,,GP3,0.24487,-0.05649,0.2474,0.44167,normalised
18.15310764312744,,,0.23939,-0.06953,1,,,,,,,,,GP3,0.23939,-0.06953,0.2474,0.44167,normalised
18.169090747833252,,,0.22911,-0.07862,1,,,,,,,,,GP3,0.22911,-0.07862,0.2474,0.44167,normalised
18.184585571289062,,,0.22017,-0.08571,1,,,,,,,,,GP3,0.22017,-0.08571,0.2474,0.44167,normalised
18.201199054718018,,,0.21263,-0.09015,1,,,,,,,,,GP3,0.21263,-0.09015,0.2474,0.44167,normalised
18.21706771850586,,,0.20501,-0.0931,1,,,,,,,,,GP3,0.20501,-0.0931,0.2474,0.44167,normalised
18.23322105407715,,,0.17129,-0.11374,0,,,,,,,,,GP3,0.17129,-0.11374,0.2474,0.44167,normalised
18.24907612800598,,,0.12549,-0.11907,0,,,,,,,,,GP3,0.12549,-0.11907,0.2474,0.44167,normalised
18.265732288360596,,,0.11344,-0.12543,0,,,,,,,,,GP3,0.11344,-0.12543,0.2474,0.44167,normalised
18.281575679779053,,,0.10992,-0.13216,1,,,,,,,,,GP3,0.10992,-0.13216,0.2474,0.44167,normalised
18.29718542098999,,,0.10785,-0.13687,1,,,,,,,,,GP3,0.10785,-0.13687,0.2474,0.44167,normalised
18.31418800354004,,,0.10424,-0.13765,1,,,,,,,,,GP3,0.10424,-0.13765,0.2474,0.44167,normalised
18.330052614212036,,,0.10174,-0.13571,1,,,,,,,,,GP3,0.10174,-0.13571,0.2474,0.44167,normalised
18.3470675945282,,,0.10007,-0.13259,1,,,,,,,,,GP3,0.10007,-0.13259,0.2474,0.44167,normalised
18.36269760131836,,,0.09796,-0.1294,1,,,,,,,,,GP3,0.09796,-0.1294,0.2474,0.44167,normalised
18.38004231452942,,,0.09706,-0.12704,1,,,,,,,,,GP3,0.09706,-0.12704,0.2474,0.44167,normalised
18.39471697807312,,,0.09632,-0.12511,1,,,,,,,,,GP3,0.09632,-0.12511,0.2474,0.44167,normalised
18.412994861602783,,,0.09553,-0.12361,1,,,,,,,,,GP3,0.09553,-0.12361,0.2474,0.44167,normalised
18.427412509918213,,,0.0943,-0.12255,1,,,,,,,,,GP3,0.0943,-0.12255,0.2474,0.44167,normalised
18.44511342048645,,,0.09325,-0.12164,1,,,,,,,,,GP3,0.09325,-0.12164,0.2474,0.44167,normalised
18.458880186080933,,,0.09234,-0.11978,1,,,,,,,,,GP3,0.09234,-0.11978,0.2474,0.44167,normalised
18.47570300102234,,,0.09212,-0.11736,1,,,,,,,,,GP3,0.09212,-0.11736,0.2474,0.44167,normalised
18.49144148826599,,,0.09203,-0.11471,1,,,,,,,,,GP3,0.09203,-0.11471,0.2474,0.44167,normalised
18.50905704498291,,,0.09224,-0.11268,1,,,,,,,,,GP3,0.09224,-0.11268,0.2474,0.44167,normalised
18.525066614151,,,0.09254,-0.11006,1,,,,,,,,,GP3,0.09254,-0.11006,0.2474,0.44167,normalised
18.539674282073975,,,0.09294,-0.10708,1,,,,,,,,,GP3,0.09294,-0.10708,0.2474,0.44167,normalised
18.556039094924927,,,0.0932,-0.10414,1,,,,,,,,,GP3,0.0932,-0.10414,0.2474,0.44167,normalised
18.572996616363525,,,0.09343,-0.1019,1,,,,,,,,,GP3,0.09343,-0.1019,0.2474,0.44167,normalised
18.589326858520508,,,0.09355,-0.10025,1,,,,,,,,,GP3,0.09355,-0.10025,0.2474,0.44167,normalised
18.606152057647705,,,0.09241,-0.07357,0,,,,,,,,,GP3,0.09241,-0.07357,0.2474,0.44167,normalised
18.62273383140564,,,0.08815,-0.08441,0,,,,,,,,,GP3,0.08815,-0.08441,0.2474,0.44167,normalised
18.637062311172485,,,0.08612,-0.09215,0,,,,,,,,,GP3,0.08612,-0.09215,0.2474,0.44167,normalised
18.654563903808594,,,0.08773,-0.09259,1,,,,,,,,,GP3,0.08773,-0.09259,0.2474,0.44167,normalised
18.669174194335938,,,0.09135,-0.09262,1,,,,,,,,,GP3,0.09135,-0.09262,0.2474,0.44167,normalised
18.68632698059082,,,0.09346,-0.09423,1,,,,,,,,,GP3,0.09346,-0.09423,0.2474,0.44167,normalised
18.702289581298828,,,0.09429,-0.09769,1,,,,,,,,,GP3,0.09429,-0.09769,0.2474,0.44167,normalised
18.72006106376648,,,0.09434,-0.10249,1,,,,,,,,,GP3,0.09434,-0.10249,0.2474,0.44167,normalised
18.733747482299805,,,0.09441,-0.1066,1,,,,,,,,,GP3,0.09441,-0.1066,0.2474,0.44167,normalised
18.751113653182983,,,0.09478,-0.10884,1,,,,,,,,,GP3,0.09478,-0.10884,0.2474,0.44167,normalised
18.766818284988403,,,0.09498,-0.10915,1,,,,,,,,,GP3,0.09498,-0.10915,0.2474,0.44167,normalised
18.784918785095215,,,0.09531,-0.10829,1,,,,,,,,,GP3,0.09531,-0.10829,0.2474,0.44167,normalised
18.800981521606445,,,0.09406,-0.1079,1,,,,,,,,,GP3,0.09406,-0.1079,0.2474,0.44167,normalised
18.814770936965942,,,0.09393,-0.10709,1,,,,,,,,,GP3,0.09393,-0.10709,0.2474,0.44167,normalised
18.830737590789795,,,0.09382,-0.1064,1,,,,,,,,,GP3,0.09382,-0.1064,0.2474,0.44167,normalised
18.8486270904541,,,0.09379,-0.10627,1,,,,,,,,,GP3,0.09379,-0.10627,0.2474,0.44167,normalised
18.864548683166504,,,0.09347,-0.10646,1,,,,,,,,,GP3,0.09347,-0.10646,0.2474,0.44167,normalised
18.88179636001587,,,0.09319,-0.10662,1,,,,,,,,,GP3,0.09319,-0.10662,0.2474,0.44167,normalised
18.895659923553467,,,0.09268,-0.10685,1,,,,,,,,,GP3,0.09268,-0.10685,0.2474,0.44167,normalised
18.913697481155396,,,0.09209,-0.1069,1,,,,,,,,,GP3,0.09209,-0.1069,0.2474,0.44167,normalised
18.93069100379944,,,0.09155,-0.10695,1,,,,,,,,,GP3,0.09155,-0.10695,0.2474,0.44167,normalised
18.946191549301147,,,0.09137,-0.10718,1,,,,,,,,,GP3,0.09137,-0.10718,0.2474,0.44167,normalised
18.960426092147827,,,0.09136,-0.10706,1,,,,,,,,,GP3,0.09136,-0.10706,0.2474,0.44167,normalised
18.97736644744873,,,0.09135,-0.10694,1,,,,,,,,,GP3,0.09135,-0.10694,0.2474,0.44167,normalised
18.994804620742798,,,0.09084,-0.10708,1,,,,,,,,,GP3,0.09084,-0.10708,0.2474,0.44167,normalised
19.009934902191162,,,0.09059,-0.10648,1,,,,,,,,,GP3,0.09059,-0.10648,0.2474,0.44167,normalised
19.025715589523315,,,0.09029,-0.10628,1,,,,,,,,,GP3,0.09029,-0.10628,0.2474,0.44167,normalised
19.04385280609131,,,0.08988,-0.10687,1,,,,,,,,,GP3,0.08988,-0.10687,0.2474,0.44167,normalised
19.058533430099487,,,0.09024,-0.10791,1,,,,,,,,,GP3,0.09024,-0.10791,0.2474,0.44167,normalised
19.074238777160645,,,0.09053,-0.1093,1,,,,,,,,,GP3,0.09053,-0.1093,0.2474,0.44167,normalised
19.09353470802307,,,0.09007,-0.11016,1,,,,,,,,,GP3,0.09007,-0.11016,0.2474,0.44167,normalised
19.1081862449646,,,0.08962,-0.11131,1,,,,,,,,,GP3,0.08962,-0.11131,0.2474,0.44167,normalised
19.122918128967285,,,0.0892,-0.1124,1,,,,,,,,,GP3,0.0892,-0.1124,0.2474,0.44167,normalised
19.140448093414307,,,0.08928,-0.11332,1,,,,,,,,,GP3,0.08928,-0.11332,0.2474,0.44167,normalised
19.156216859817505,,,0.08905,-0.11462,1,,,,,,,,,GP3,0.08905,-0.11462,0.2474,0.44167,normalised
19.17088031768799,,,0.08884,-0.11585,1,,,,,,,,,GP3,0.08884,-0.11585,0.2474,0.44167,normalised
19.187671184539795,,,0.08869,-0.117,1,,,,,,,,,GP3,0.08869,-0.117,0.2474,0.44167,normalised
19.202869176864624,,,0.08442,-0.14314,0,,,,,,,,,GP3,0.08442,-0.14314,0.2474,0.44167,normalised
19.219590187072754,,,0.08562,-0.15009,0,,,,,,,,,GP3,0.08562,-0.15009,0.2474,0.44167,normalised
19.237579107284546,,,0.08462,-0.15009,0,,,,,,,,,GP3,0.08462,-0.15009,0.2474,0.44167,normalised
19.25222420692444,,,0.08656,-0.14947,1,,,,,,,,,GP3,0.08656,-0.14947,0.2474,0.44167,normalised
19.268913984298706,,,0.08772,-0.1491,1,,,,,,,,,GP3,0.08772,-0.1491,0.2474,0.44167,normalised
19.284462928771973,,,0.08869,-0.14982,1,,,,,,,,,GP3,0.08869,-0.14982,0.2474,0.44167,normalised
19.30117154121399,,,0.08939,-0.14895,1,,,,,,,,,GP3,0.08939,-0.14895,0.2474,0.44167,normalised
19.31704616546631,,,0.0899,-0.1483,1,,,,,,,,,GP3,0.0899,-0.1483,0.2474,0.44167,normalised
19.333648681640625,,,0.08961,-0.14817,1,,,,,,,,,GP3,0.08961,-0.14817,0.2474,0.44167,normalised
19.34838628768921,,,0.08923,-0.1483,1,,,,,,,,,GP3,0.08923,-0.1483,0.2474,0.44167,normalised
19.367417812347412,,,0.08904,-0.14755,1,,,,,,,,,GP3,0.08904,-0.14755,0.2474,0.44167,normalised
19.380868911743164,,,0.08909,-0.1469,1,,,,,,,,,GP3,0.08909,-0.1469,0.2474,0.44167,normalised
19.39888858795166,,,0.08938,-0.14552,1,,,,,,,,,GP3,0.08938,-0.14552,0.2474,0.44167,normalised
19.414729595184326,,,0.08963,-0.14409,1,,,,,,,,,GP3,0.08963,-0.14409,0.2474,0.44167,normalised
19.430896520614624,,,0.08921,-0.14369,1,,,,,,,,,GP3,0.08921,-0.14369,0.2474,0.44167,normalised
19.446778297424316,,,0.08934,-0.14371,1,,,,,,,,,GP3,0.08934,-0.14371,0.2474,0.44167,normalised
19.46155071258545,,,0.08937,-0.1445,1,,,,,,,,,GP3,0.08937,-0.1445,0.2474,0.44167,normalised
19.477856636047363,,,0.08939,-0.14427,1,,,,,,,,,GP3,0.08939,-0.14427,0.2474,0.44167,normalised
19.49411702156067,,,0.08949,-0.14379,1,,,,,,,,,GP3,0.08949,-0.14379,0.2474,0.44167,normalised
19.510841608047485,,,0.0895,-0.14387,1,,,,,,,,,GP3,0.0895,-0.14387,0.2474,0.44167,normalised
19.527333974838257,,,0.08918,-0.14509,1,,,,,,,,,GP3,0.08918,-0.14509,0.2474,0.44167,normalised
19.54447865486145,,,0.08869,-0.14671,1,,,,,,,,,GP3,0.08869,-0.14671,0.2474,0.44167,normalised
19.559016466140747,,,0.08821,-0.14877,1,,,,,,,,,GP3,0.08821,-0.14877,0.2474,0.44167,normalised
19.57659649848938,,,0.08772,-0.15054,1,,,,,,,,,GP3,0.08772,-0.15054,0.2474,0.44167,normalised
19.59116530418396,,,0.08718,-0.1525,1,,,,,,,,,GP3,0.08718,-0.1525,0.2474,0.44167,normalised
19.607720136642456,,,0.08672,-0.15392,1,,,,,,,,,GP3,0.08672,-0.15392,0.2474,0.44167,normalised
19.624481678009033,,,0.08615,-0.15497,1,,,,,,,,,GP3,0.08615,-0.15497,0.2474,0.44167,normalised
19.639272451400757,,,0.08628,-0.15478,1,,,,,,,,,GP3,0.08628,-0.15478,0.2474,0.44167,normalised
19.656012296676636,,,0.08649,-0.15383,1,,,,,,,,,GP3,0.08649,-0.15383,0.2474,0.44167,normalised
19.672444581985474,,,0.0864,-0.1525,1,,,,,,,,,GP3,0.0864,-0.1525,0.2474,0.44167,normalised
19.688098192214966,,,0.08644,-0.15099,1,,,,,,,,,GP3,0.08644,-0.15099,0.2474,0.44167,normalised
19.704679489135742,,,0.08653,-0.14916,1,,,,,,,,,GP3,0.08653,-0.14916,0.2474,0.44167,normalised
19.72218108177185,,,0.08665,-0.14739,1,,,,,,,,,GP3,0.08665,-0.14739,0.2474,0.44167,normalised
19.738116979599,,,0.08675,-0.14552,1,,,,,,,,,GP3,0.08675,-0.14552,0.2474,0.44167,normalised
19.754087448120117,,,0.08679,-0.14404,1,,,,,,,,,GP3,0.08679,-0.14404,0.2474,0.44167,normalised
19.7686505317688,,,0.08687,-0.14338,1,,,,,,,,,GP3,0.08687,-0.14338,0.2474,0.44167,normalised
19.786773920059204,,,0.08681,-0.14291,1,,,,,,,,,GP3,0.08681,-0.14291,0.2474,0.44167,normalised
19.80137324333191,,,0.08671,-0.14279,1,,,,,,,,,GP3,0.08671,-0.14279,0.2474,0.44167,normalised
19.8179349899292,,,0.08754,-0.11543,0,,,,,,,,,GP3,0.08754,-0.11543,0.2474,0.44167,normalised
19.834779977798462,,,0.08361,-0.12915,0,,,,,,,,,GP3,0.08361,-0.12915,0.2474,0.44167,normalised
19.850133657455444,,,0.0823,-0.13372,0,,,,,,,,,GP3,0.0823,-0.13372,0.2474,0.44167,normalised
19.867034196853638,,,0.08375,-0.13848,1,,,,,,,,,GP3,0.08375,-0.13848,0.2474,0.44167,normalised
19.88244080543518,,,0.08437,-0.14089,1,,,,,,,,,GP3,0.08437,-0.14089,0.2474,0.44167,normalised
19.899497985839844,,,0.08478,-0.14249,1,,,,,,,,,GP3,0.08478,-0.14249,0.2474,0.44167,normalised
19.91622757911682,,,0.08423,-0.14153,1,,,,,,,,,GP3,0.08423,-0.14153,0.2474,0.44167,normalised
19.932990312576294,,,0.0844,-0.14171,1,,,,,,,,,GP3,0.0844,-0.14171,0.2474,0.44167,normalised
19.949729442596436,,,0.08436,-0.14299,1,,,,,,,,,GP3,0.08436,-0.14299,0.2474,0.44167,normalised
19.96431589126587,,,0.08328,-0.14477,1,,,,,,,,,GP3,0.08328,-0.14477,0.2474,0.44167,normalised
19.979446172714233,,,0.08396,-0.14151,1,,,,,,,,,GP3,0.08396,-0.14151,0.2474,0.44167,normalised
19.994971990585327,,,0.08457,-0.13845,1,,,,,,,,,GP3,0.08457,-0.13845,0.2474,0.44167,normalised
20.014485120773315,,,0.09833,-0.12384,1,,,,,,,,,GP3,0.09833,-0.12384,0.2474,0.44167,normalised
20.030100107192993,,,0.1146,-0.10324,1,,,,,,,,,GP3,0.1146,-0.10324,0.2474,0.44167,normalised
20.044614791870117,,,0.13012,-0.08137,1,,,,,,,,,GP3,0.13012,-0.08137,0.2474,0.44167,normalised
20.062125205993652,,,0.16967,-0.02802,0,,,,,,,,,GP3,0.16967,-0.02802,0.2474,0.44167,normalised
20.076654195785522,,,0.30047,0.16584,0,,,,,,,,,GP3,0.30047,0.16584,0.2474,0.44167,normalised
20.09369969367981,,,0.34567,0.23462,0,,,,,,,,,GP3,0.34567,0.23462,0.2474,0.44167,normalised
20.10951280593872,,,0.43127,0.36084,0,,,,,,,,,GP3,0.43127,0.36084,0.2474,0.44167,normalised
20.126906633377075,,,0.43367,0.35145,0,,,,,,,,,GP3,0.43367,0.35145,0.2474,0.44167,normalised
20.141424894332886,,,0.43479,0.34945,0,,,,,,,,,GP3,0.43479,0.34945,0.2474,0.44167,normalised
20.158931732177734,,,0.43685,0.35357,1,,,,,,,,,GP3,0.43685,0.35357,0.2474,0.44167,normalised
20.173757553100586,,,0.43922,0.3596,1,,,,,,,,,GP3,0.43922,0.3596,0.2474,0.44167,normalised
20.191268920898438,,,0.44185,0.36636,1,,,,,,,,,GP3,0.44185,0.36636,0.2474,0.44167,normalised
20.20706343650818,,,0.44635,0.37305,1,,,,,,,,,GP3,0.44635,0.37305,0.2474,0.44167,normalised
20.222944974899292,,,0.44881,0.37738,1,,,,,,,,,GP3,0.44881,0.37738,0.2474,0.44167,normalised
20.23948860168457,,,0.45024,0.37948,1,,,,,,,,,GP3,0.45024,0.37948,0.2474,0.44167,normalised
20.254060745239258,,,0.45092,0.37992,1,,,,,,,,,GP3,0.45092,0.37992,0.2474,0.44167,normalised
20.271578788757324,,,0.45126,0.38121,1,,,,,,,,,GP3,0.45126,0.38121,0.2474,0.44167,normalised
20.287837982177734,,,0.45105,0.38085,1,,,,,,,,,GP3,0.45105,0.38085,0.2474,0.44167,normalised
20.30558967590332,,,0.45163,0.37829,1,,,,,,,,,GP3,0.45163,0.37829,0.2474,0.44167,normalised
20.319483041763306,,,0.45146,0.37506,1,,,,,,,,,GP3,0.45146,0.37506,0.2474,0.44167,normalised
20.33734440803528,,,0.4511,0.37169,1,,,,,,,,,GP3,0.4511,0.37169,0.2474,0.44167,normalised
20.352582693099976,,,0.4506,0.36879,1,,,,,,,,,GP3,0.4506,0.36879,0.2474,0.44167,normalised
20.368621110916138,,,0.45108,0.36784,1,,,,,,,,,GP3,0.45108,0.36784,0.2474,0.44167,normalised
20.38372802734375,,,0.45203,0.36845,1,,,,,,,,,GP3,0.45203,0.36845,0.2474,0.44167,normalised
20.40032458305359,,,0.45278,0.37033,1,,,,,,,,,GP3,0.45278,0.37033,0.2474,0.44167,normalised
20.41781520843506,,,0.45479,0.37307,1,,,,,,,,,GP3,0.45479,0.37307,0.2474,0.44167,normalised
20.43252468109131,,,0.45648,0.37517,1,,,,,,,,,GP3,0.45648,0.37517,0.2474,0.44167,normalised
20.44859480857849,,,0.45722,0.37572,1,,,,,,,,,GP3,0.45722,0.37572,0.2474,0.44167,normalised
20.464422464370728,,,0.45788,0.37611,1,,,,,,,,,GP3,0.45788,0.37611,0.2474,0.44167,normalised
20.483028650283813,,,0.45831,0.37597,1,,,,,,,,,GP3,0.45831,0.37597,0.2474,0.44167,normalised
20.497466325759888,,,0.45917,0.37634,1,,,,,,,,,GP3,0.45917,0.37634,0.2474,0.44167,normalised
20.516223907470703,,,0.46022,0.3774,1,,,,,,,,,GP3,0.46022,0.3774,0.2474,0.44167,normalised
20.531874179840088,,,0.4612,0.37839,1,,,,,,,,,GP3,0.4612,0.37839,0.2474,0.44167,normalised
20.54656219482422,,,0.46171,0.37864,1,,,,,,,,,GP3,0.46171,0.37864,0.2474,0.44167,normalised
20.56329035758972,,,0.46229,0.37813,1,,,,,,,,,GP3,0.46229,0.37813,0.2474,0.44167,normalised
20.577816247940063,,,0.46283,0.37765,1,,,,,,,,,GP3,0.46283,0.37765,0.2474,0.44167,normalised
20.593808889389038,,,0.463,0.37763,1,,,,,,,,,GP3,0.463,0.37763,0.2474,0.44167,normalised
20.61159038543701,,,0.46264,0.37606,1,,,,,,,,,GP3,0.46264,0.37606,0.2474,0.44167,normalised
20.626260995864868,,,0.46238,0.37484,1,,,,,,,,,GP3,0.46238,0.37484,0.2474,0.44167,normalised
20.642988681793213,,,0.46295,0.37553,1,,,,,,,,,GP3,0.46295,0.37553,0.2474,0.44167,normalised
20.65978741645813,,,0.46337,0.37608,1,,,,,,,,,GP3,0.46337,0.37608,0.2474,0.44167,normalised
20.67568564414978,,,0.46385,0.37681,1,,,,,,,,,GP3,0.46385,0.37681,0.2474,0.44167,normalised
20.693936109542847,,,0.46463,0.37815,1,,,,,,,,,GP3,0.46463,0.37815,0.2474,0.44167,normalised
20.708585500717163,,,0.46559,0.37935,1,,,,,,,,,GP3,0.46559,0.37935,0.2474,0.44167,normalised
20.725379467010498,,,0.46639,0.38014,1,,,,,,,,,GP3,0.46639,0.38014,0.2474,0.44167,normalised
20.74001908302307,,,0.46955,0.38545,1,,,,,,,,,GP3,0.46955,0.38545,0.2474,0.44167,normalised
20.75656819343567,,,0.49646,0.41547,0,,,,,,,,,GP3,0.49646,0.41547,0.2474,0.44167,normalised
20.77217960357666,,,0.53535,0.46339,0,,,,,,,,,GP3,0.53535,0.46339,0.2474,0.44167,normalised
20.788100004196167,,,0.57585,0.52956,0,,,,,,,,,GP3,0.57585,0.52956,0.2474,0.44167,normalised
20.805222988128662,,,0.63876,0.62931,0,,,,,,,,,GP3,0.63876,0.62931,0.2474,0.44167,normalised
20.821354866027832,,,0.66299,0.6752,0,,,,,,,,,GP3,0.66299,0.6752,0.2474,0.44167,normalised
20.838997840881348,,,0.6695,0.69679,0,,,,,,,,,GP3,0.6695,0.69679,0.2474,0.44167,normalised
20.853779792785645,,,0.68696,0.7365,0,,,,,,,,,GP3,0.68696,0.7365,0.2474,0.44167,normalised
20.869800806045532,,,0.68972,0.74414,0,,,,,,,,,GP3,0.68972,0.74414,0.2474,0.44167,normalised
20.885860919952393,,,0.69923,0.74477,0,,,,,,,,,GP3,0.69923,0.74477,0.2474,0.44167,normalised
20.9018132686615,,,0.70171,0.73572,1,,,,,,,,,GP3,0.70171,0.73572,0.2474,0.44167,normalised
20.918209314346313,,,0.70287,0.72928,1,,,,,,,,,GP3,0.70287,0.72928,0.2474,0.44167,normalised
20.93572211265564,,,0.70533,0.72839,1,,,,,,,,,GP3,0.70533,0.72839,0.2474,0.44167,normalised
20.9504873752594,,,0.70553,0.72412,1,,,,,,,,,GP3,0.70553,0.72412,0.2474,0.44167,normalised
20.96742010116577,,,0.70568,0.72093,1,,,,,,,,,GP3,0.70568,0.72093,0.2474,0.44167,normalised
20.984394788742065,,,0.71042,0.72586,1,,,,,,,,,GP3,0.71042,0.72586,0.2474,0.44167,normalised
20.99919867515564,,,0.70987,0.72416,1,,,,,,,,,GP3,0.70987,0.72416,0.2474,0.44167,normalised
21.015083074569702,,,0.70941,0.72277,1,,,,,,,,,GP3,0.70941,0.72277,0.2474,0.44167,normalised
21.031623125076294,,,0.71338,0.72937,1,,,,,,,,,GP3,0.71338,0.72937,0.2474,0.44167,normalised
21.048234701156616,,,0.71947,0.73571,1,,,,,,,,,GP3,0.71947,0.73571,0.2474,0.44167,normalised
21.06379771232605,,,0.72479,0.74157,1,,,,,,,,,GP3,0.72479,0.74157,0.2474,0.44167,normalised
21.080658674240112,,,0.71906,0.73198,1,,,,,,,,,GP3,0.71906,0.73198,0.2474,0.44167,normalised
21.09637451171875,,,0.71404,0.72471,1,,,,,,,,,GP3,0.71404,0.72471,0.2474,0.44167,normalised
21.112069129943848,,,0.70962,0.71828,1,,,,,,,,,GP3,0.70962,0.71828,0.2474,0.44167,normalised
21.12819218635559,,,0.70581,0.71363,1,,,,,,,,,GP3,0.70581,0.71363,0.2474,0.44167,normalised
21.14565944671631,,,0.70201,0.70777,1,,,,,,,,,GP3,0.70201,0.70777,0.2474,0.44167,normalised
21.161620616912842,,,0.69859,0.7025,1,,,,,,,,,GP3,0.69859,0.7025,0.2474,0.44167,normalised
21.17828917503357,,,0.69701,0.69976,1,,,,,,,,,GP3,0.69701,0.69976,0.2474,0.44167,normalised
21.19457244873047,,,0.68262,0.67119,0,,,,,,,,,GP3,0.68262,0.67119,0.2474,0.44167,normalised
21.21218514442444,,,0.66645,0.63197,0,,,,,,,,,GP3,0.66645,0.63197,0.2474,0.44167,normalised
21.22683835029602,,,0.65174,0.60262,0,,,,,,,,,GP3,0.65174,0.60262,0.2474,0.44167,normalised
21.240522146224976,,,0.62944,0.55348,0,,,,,,,,,GP3,0.62944,0.55348,0.2474,0.44167,normalised
21.259294748306274,,,0.61971,0.53041,0,,,,,,,,,GP3,0.61971,0.53041,0.2474,0.44167,normalised
21.274059295654297,,,0.61968,0.5352,0,,,,,,,,,GP3,0.61968,0.5352,0.2474,0.44167,normalised
21.290979385375977,,,0.6135,0.52619,1,,,,,,,,,GP3,0.6135,0.52619,0.2474,0.44167,normalised
21.305583000183105,,,0.61029,0.52233,1,,,,,,,,,GP3,0.61029,0.52233,0.2474,0.44167,normalised
21.322367429733276,,,0.61496,0.52854,1,,,,,,,,,GP3,0.61496,0.52854,0.2474,0.44167,normalised
21.3390212059021,,,0.61813,0.53462,1,,,,,,,,,GP3,0.61813,0.53462,0.2474,0.44167,normalised
21.35561990737915,,,0.62119,0.54113,1,,,,,,,,,GP3,0.62119,0.54113,0.2474,0.44167,normalised
21.37035846710205,,,0.62287,0.54232,1,,,,,,,,,GP3,0.62287,0.54232,0.2474,0.44167,normalised
21.387596607208252,,,0.62334,0.54414,1,,,,,,,,,GP3,0.62334,0.54414,0.2474,0.44167,normalised
21.40213131904602,,,0.62395,0.54628,1,,,,,,,,,GP3,0.62395,0.54628,0.2474,0.44167,normalised
21.418793201446533,,,0.62662,0.5526,1,,,,,,,,,GP3,0.62662,0.5526,0.2474,0.44167,normalised
21.43649673461914,,,0.62843,0.55745,1,,,,,,,,,GP3,0.62843,0.55745,0.2474,0.44167,normalised
21.450881004333496,,,0.62999,0.56161,1,,,,,,,,,GP3,0.62999,0.56161,0.2474,0.44167,normalised
21.469255685806274,,,0.6325,0.56555,1,,,,,,,,,GP3,0.6325,0.56555,0.2474,0.44167,normalised
21.48543405532837,,,0.63378,0.5701,1,,,,,,,,,GP3,0.63378,0.5701,0.2474,0.44167,normalised
21.501167058944702,,,0.6349,0.57412,1,,,,,,,,,GP3,0.6349,0.57412,0.2474,0.44167,normalised
21.51832604408264,,,0.64729,0.60055,0,,,,,,,,,GP3,0.64729,0.60055,0.2474,0.44167,normalised
21.53328013420105,,,0.65308,0.60825,0,,,,,,,,,GP3,0.65308,0.60825,0.2474,0.44167,normalised
21.54779028892517,,,0.6545,0.60949,0,,,,,,,,,GP3,0.6545,0.60949,0.2474,0.44167,normalised
21.56637716293335,,,0.65843,0.60948,1,,,,,,,,,GP3,0.65843,0.60948,0.2474,0.44167,normalised
21.58250331878662,,,0.65923,0.6091,1,,,,,,,,,GP3,0.65923,0.6091,0.2474,0.44167,normalised
21.59671640396118,,,0.65973,0.60874,1,,,,,,,,,GP3,0.65973,0.60874,0.2474,0.44167,normalised
21.614403009414673,,,0.66087,0.60888,1,,,,,,,,,GP3,0.66087,0.60888,0.2474,0.44167,normalised
21.630178451538086,,,0.66183,0.60793,1,,,,,,,,,GP3,0.66183,0.60793,0.2474,0.44167,normalised
21.647000789642334,,,0.66275,0.60764,1,,,,,,,,,GP3,0.66275,0.60764,0.2474,0.44167,normalised
21.663533449172974,,,0.66309,0.60831,1,,,,,,,,,GP3,0.66309,0.60831,0.2474,0.44167,normalised
21.680354595184326,,,0.66607,0.61224,1,,,,,,,,,GP3,0.66607,0.61224,0.2474,0.44167,normalised
21.69401478767395,,,0.66842,0.6151,1,,,,,,,,,GP3,0.66842,0.6151,0.2474,0.44167,normalised
21.71296525001526,,,0.66737,0.61234,1,,,,,,,,,GP3,0.66737,0.61234,0.2474,0.44167,normalised
21.72770047187805,,,0.66663,0.60964,1,,,,,,,,,GP3,0.66663,0.60964,0.2474,0.44167,normalised
21.742278575897217,,,0.66599,0.60729,1,,,,,,,,,GP3,0.66599,0.60729,0.2474,0.44167,normalised
21.76373267173767,,,0.66551,0.60706,1,,,,,,,,,GP3,0.66551,0.60706,0.2474,0.44167,normalised
21.77556085586548,,,0.66508,0.6067,1,,,,,,,,,GP3,0.66508,0.6067,0.2474,0.44167,normalised
21.79205846786499,,,0.66471,0.60638,1,,,,,,,,,GP3,0.66471,0.60638,0.2474,0.44167,normalised
21.80988574028015,,,0.66289,0.60077,1,,,,,,,,,GP3,0.66289,0.60077,0.2474,0.44167,normalised
21.82654619216919,,,0.66095,0.59552,1,,,,,,,,,GP3,0.66095,0.59552,0.2474,0.44167,normalised
21.84232449531555,,,0.6592,0.59078,1,,,,,,,,,GP3,0.6592,0.59078,0.2474,0.44167,normalised
21.85538649559021,,,0.65877,0.58999,1,,,,,,,,,GP3,0.65877,0.58999,0.2474,0.44167,normalised
21.871633529663086,,,0.65874,0.59025,1,,,,,,,,,GP3,0.65874,0.59025,0.2474,0.44167,normalised
21.887484788894653,,,0.649,0.56589,0,,,,,,,,,GP3,0.649,0.56589,0.2474,0.44167,normalised
21.905906200408936,,,0.65406,0.5729,0,,,,,,,,,GP3,0.65406,0.5729,0.2474,0.44167,normalised
21.924755811691284,,,0.63878,0.54682,0,,,,,,,,,GP3,0.63878,0.54682,0.2474,0.44167,normalised
21.93872833251953,,,0.63115,0.53378,1,,,,,,,,,GP3,0.63115,0.53378,0.2474,0.44167,normalised
21.953697443008423,,,0.63787,0.5543,1,,,,,,,,,GP3,0.63787,0.5543,0.2474,0.44167,normalised
21.970358848571777,,,0.637,0.55049,1,,,,,,,,,GP3,0.637,0.55049,0.2474,0.44167,normalised
21.985851287841797,,,0.63667,0.54865,1,,,,,,,,,GP3,0.63667,0.54865,0.2474,0.44167,normalised
22.00283169746399,,,0.63611,0.54192,1,,,,,,,,,GP3,0.63611,0.54192,0.2474,0.44167,normalised
22.01941704750061,,,0.63556,0.53694,1,,,,,,,,,GP3,0.63556,0.53694,0.2474,0.44167,normalised
22.036510467529297,,,0.63511,0.53296,1,,,,,,,,,GP3,0.63511,0.53296,0.2474,0.44167,normalised
22.05092215538025,,,0.63507,0.53178,1,,,,,,,,,GP3,0.63507,0.53178,0.2474,0.44167,normalised
22.067426681518555,,,0.63538,0.53094,1,,,,,,,,,GP3,0.63538,0.53094,0.2474,0.44167,normalised
22.082900285720825,,,0.63564,0.53022,1,,,,,,,,,GP3,0.63564,0.53022,0.2474,0.44167,normalised
22.09923219680786,,,0.63597,0.52979,1,,,,,,,,,GP3,0.63597,0.52979,0.2474,0.44167,normalised
22.116240978240967,,,0.63914,0.53603,1,,,,,,,,,GP3,0.63914,0.53603,0.2474,0.44167,normalised
22.1317138671875,,,0.64168,0.54073,1,,,,,,,,,GP3,0.64168,0.54073,0.2474,0.44167,normalised
22.147759437561035,,,0.64329,0.54318,1,,,,,,,,,GP3,0.64329,0.54318,0.2474,0.44167,normalised
22.16614818572998,,,0.64627,0.54684,1,,,,,,,,,GP3,0.64627,0.54684,0.2474,0.44167,normalised
22.179670333862305,,,0.64874,0.5495,1,,,,,,,,,GP3,0.64874,0.5495,0.2474,0.44167,normalised
22.196512937545776,,,0.64944,0.55037,1,,,,,,,,,GP3,0.64944,0.55037,0.2474,0.44167,normalised
22.21400475502014,,,0.65136,0.55326,1,,,,,,,,,GP3,0.65136,0.55326,0.2474,0.44167,normalised
22.228625774383545,,,0.6531,0.55588,1,,,,,,,,,GP3,0.6531,0.55588,0.2474,0.44167,normalised
22.243494987487793,,,0.67061,0.58105,0,,,,,,,,,GP3,0.67061,0.58105,0.2474,0.44167,normalised
22.26218819618225,,,0.66573,0.57211,0,,,,,,,,,GP3,0.66573,0.57211,0.2474,0.44167,normalised
22.277148723602295,,,0.66491,0.57183,0,,,,,,,,,GP3,0.66491,0.57183,0.2474,0.44167,normalised
22.292867422103882,,,0.67134,0.58753,1,,,,,,,,,GP3,0.67134,0.58753,0.2474,0.44167,normalised
22.30890440940857,,,0.67229,0.59397,1,,,,,,,,,GP3,0.67229,0.59397,0.2474,0.44167,normalised
22.3259060382843,,,0.67352,0.60014,1,,,,,,,,,GP3,0.67352,0.60014,0.2474,0.44167,normalised
22.34283757209778,,,0.67245,0.59859,1,,,,,,,,,GP3,0.67245,0.59859,0.2474,0.44167,normalised
22.357168674468994,,,0.67322,0.60587,1,,,,,,,,,GP3,0.67322,0.60587,0.2474,0.44167,normalised
22.37484622001648,,,0.67403,0.61216,1,,,,,,,,,GP3,0.67403,0.61216,0.2474,0.44167,normalised
22.389699459075928,,,0.67314,0.60846,1,,,,,,,,,GP3,0.67314,0.60846,0.2474,0.44167,normalised
22.405616998672485,,,0.67317,0.60951,1,,,,,,,,,GP3,0.67317,0.60951,0.2474,0.44167,normalised
22.42275619506836,,,0.67302,0.60986,1,,,,,,,,,GP3,0.67302,0.60986,0.2474,0.44167,normalised
22.43793559074402,,,0.67278,0.60957,1,,,,,,,,,GP3,0.67278,0.60957,0.2474,0.44167,normalised
22.453859329223633,,,0.67355,0.60703,1,,,,,,,,,GP3,0.67355,0.60703,0.2474,0.44167,normalised
22.471298217773438,,,0.67391,0.60375,1,,,,,,,,,GP3,0.67391,0.60375,0.2474,0.44167,normalised
22.487142086029053,,,0.67279,0.6021,1,,,,,,,,,GP3,0.67279,0.6021,0.2474,0.44167,normalised
22.504622220993042,,,0.67224,0.59985,1,,,,,,,,,GP3,0.67224,0.59985,0.2474,0.44167,normalised
22.519155263900757,,,0.6717,0.59772,1,,,,,,,,,GP3,0.6717,0.59772,0.2474,0.44167,normalised
22.534674644470215,,,0.67183,0.59651,1,,,,,,,,,GP3,0.67183,0.59651,0.2474,0.44167,normalised
22.551384687423706,,,0.67108,0.59519,1,,,,,,,,,GP3,0.67108,0.59519,0.2474,0.44167,normalised
22.568824529647827,,,0.6705,0.59434,1,,,,,,,,,GP3,0.6705,0.59434,0.2474,0.44167,normalised
22.58334994316101,,,0.66981,0.59366,1,,,,,,,,,GP3,0.66981,0.59366,0.2474,0.44167,normalised
22.600693464279175,,,0.6683,0.59064,1,,,,,,,,,GP3,0.6683,0.59064,0.2474,0.44167,normalised
22.615431785583496,,,0.66689,0.58783,1,,,,,,,,,GP3,0.66689,0.58783,0.2474,0.44167,normalised
22.634339094161987,,,0.65897,0.56199,0,,,,,,,,,GP3,0.65897,0.56199,0.2474,0.44167,normalised
22.6489520072937,,,0.64397,0.54481,0,,,,,,,,,GP3,0.64397,0.54481,0.2474,0.44167,normalised
22.664909601211548,,,0.63872,0.53783,0,,,,,,,,,GP3,0.63872,0.53783,0.2474,0.44167,normalised
22.680697679519653,,,0.64125,0.54243,1,,,,,,,,,GP3,0.64125,0.54243,0.2474,0.44167,normalised
22.698271989822388,,,0.63933,0.54176,1,,,,,,,,,GP3,0.63933,0.54176,0.2474,0.44167,normalised
22.714858531951904,,,0.63825,0.54214,1,,,,,,,,,GP3,0.63825,0.54214,0.2474,0.44167,normalised
22.73181700706482,,,0.63856,0.54343,1,,,,,,,,,GP3,0.63856,0.54343,0.2474,0.44167,normalised
22.746695518493652,,,0.63964,0.54677,1,,,,,,,,,GP3,0.63964,0.54677,0.2474,0.44167,normalised
22.76126194000244,,,0.64136,0.552,1,,,,,,,,,GP3,0.64136,0.552,0.2474,0.44167,normalised
22.778192281723022,,,0.64433,0.55962,1,,,,,,,,,GP3,0.64433,0.55962,0.2474,0.44167,normalised
22.794232845306396,,,0.64525,0.56402,1,,,,,,,,,GP3,0.64525,0.56402,0.2474,0.44167,normalised
22.8100368976593,,,0.64599,0.56754,1,,,,,,,,,GP3,0.64599,0.56754,0.2474,0.44167,normalised
22.826449871063232,,,0.64672,0.57148,1,,,,,,,,,GP3,0.64672,0.57148,0.2474,0.44167,normalised
22.844289302825928,,,0.64769,0.57483,1,,,,,,,,,GP3,0.64769,0.57483,0.2474,0.44167,normalised
22.858012199401855,,,0.64832,0.57713,1,,,,,,,,,GP3,0.64832,0.57713,0.2474,0.44167,normalised
22.874871492385864,,,0.64922,0.5792,1,,,,,,,,,GP3,0.64922,0.5792,0.2474,0.44167,normalised
22.891703605651855,,,0.6493,0.58011,1,,,,,,,,,GP3,0.6493,0.58011,0.2474,0.44167,normalised
22.908740282058716,,,0.64922,0.58042,1,,,,,,,,,GP3,0.64922,0.58042,0.2474,0.44167,normalised
22.924547910690308,,,0.65001,0.58129,1,,,,,,,,,GP3,0.65001,0.58129,0.2474,0.44167,normalised
22.942382335662842,,,0.65029,0.58056,1,,,,,,,,,GP3,0.65029,0.58056,0.2474,0.44167,normalised
22.956554174423218,,,0.65039,0.57944,1,,,,,,,,,GP3,0.65039,0.57944,0.2474,0.44167,normalised
22.972240209579468,,,0.65064,0.57908,1,,,,,,,,,GP3,0.65064,0.57908,0.2474,0.44167,normalised
22.98929476737976,,,0.65075,0.57998,1,,,,,,,,,GP3,0.65075,0.57998,0.2474,0.44167,normalised
23.005125999450684,,,0.651,0.58128,1,,,,,,,,,GP3,0.651,0.58128,0.2474,0.44167,normalised
23.020764589309692,,,0.65163,0.58327,1,,,,,,,,,GP3,0.65163,0.58327,0.2474,0.44167,normalised
23.036970376968384,,,0.6522,0.58507,1,,,,,,,,,GP3,0.6522,0.58507,0.2474,0.44167,normalised
23.05265498161316,,,0.65288,0.58717,1,,,,,,,,,GP3,0.65288,0.58717,0.2474,0.44167,normalised
23.071433544158936,,,0.65414,0.58976,1,,,,,,,,,GP3,0.65414,0.58976,0.2474,0.44167,normalised
23.087475776672363,,,0.65515,0.59241,1,,,,,,,,,GP3,0.65515,0.59241,0.2474,0.44167,normalised
23.10159468650818,,,0.65601,0.59468,1,,,,,,,,,GP3,0.65601,0.59468,0.2474,0.44167,normalised
23.118574619293213,,,0.66728,0.6217,0,,,,,,,,,GP3,0.66728,0.6217,0.2474,0.44167,normalised
23.136112689971924,,,0.66722,0.64168,0,,,,,,,,,GP3,0.66722,0.64168,0.2474,0.44167,normalised
23.14895796775818,,,0.66695,0.64723,0,,,,,,,,,GP3,0.66695,0.64723,0.2474,0.44167,normalised
23.168863534927368,,,0.67099,0.6459,1,,,,,,,,,GP3,0.67099,0.6459,0.2474,0.44167,normalised
23.18413019180298,,,0.66838,0.63917,1,,,,,,,,,GP3,0.66838,0.63917,0.2474,0.44167,normalised
23.198041915893555,,,0.66611,0.63323,1,,,,,,,,,GP3,0.66611,0.63323,0.2474,0.44167,normalised
23.21491312980652,,,0.66509,0.62852,1,,,,,,,,,GP3,0.66509,0.62852,0.2474,0.44167,normalised
23.231554985046387,,,0.66588,0.63057,1,,,,,,,,,GP3,0.66588,0.63057,0.2474,0.44167,normalised
23.24859309196472,,,0.66631,0.63169,1,,,,,,,,,GP3,0.66631,0.63169,0.2474,0.44167,normalised
23.263356924057007,,,0.66806,0.63407,1,,,,,,,,,GP3,0.66806,0.63407,0.2474,0.44167,normalised
23.280227184295654,,,0.66974,0.63643,1,,,,,,,,,GP3,0.66974,0.63643,0.2474,0.44167,normalised
23.29684543609619,,,0.67121,0.6385,1,,,,,,,,,GP3,0.67121,0.6385,0.2474,0.44167,normalised
23.313417673110962,,,0.67095,0.63881,1,,,,,,,,,GP3,0.67095,0.63881,0.2474,0.44167,normalised
23.328192472457886,,,0.67169,0.63944,1,,,,,,,,,GP3,0.67169,0.63944,0.2474,0.44167,normalised
23.344622135162354,,,0.67237,0.64017,1,,,,,,,,,GP3,0.67237,0.64017,0.2474,0.44167,normalised
23.362383127212524,,,0.6732,0.64007,1,,,,,,,,,GP3,0.6732,0.64007,0.2474,0.44167,normalised
23.376563549041748,,,0.67431,0.6393,1,,,,,,,,,GP3,0.67431,0.6393,0.2474,0.44167,normalised
23.39351725578308,,,0.6755,0.63934,1,,,,,,,,,GP3,0.6755,0.63934,0.2474,0.44167,normalised
23.409175157546997,,,0.6759,0.63938,1,,,,,,,,,GP3,0.6759,0.63938,0.2474,0.44167,normalised
23.427101373672485,,,0.67643,0.64016,1,,,,,,,,,GP3,0.67643,0.64016,0.2474,0.44167,normalised
23.44192600250244,,,0.67688,0.64075,1,,,,,,,,,GP3,0.67688,0.64075,0.2474,0.44167,normalised
23.45764183998108,,,0.67707,0.64075,1,,,,,,,,,GP3,0.67707,0.64075,0.2474,0.44167,normalised
23.47397017478943,,,0.6769,0.63897,1,,,,,,,,,GP3,0.6769,0.63897,0.2474,0.44167,normalised
23.491893529891968,,,0.67659,0.63694,1,,,,,,,,,GP3,0.67659,0.63694,0.2474,0.44167,normalised
23.507724285125732,,,0.67631,0.6368,1,,,,,,,,,GP3,0.67631,0.6368,0.2474,0.44167,normalised
23.5228590965271,,,0.67596,0.63604,1,,,,,,,,,GP3,0.67596,0.63604,0.2474,0.44167,normalised
23.53827404975891,,,0.67568,0.63546,1,,,,,,,,,GP3,0.67568,0.63546,0.2474,0.44167,normalised
23.557210683822632,,,0.67575,0.63518,1,,,,,,,,,GP3,0.67575,0.63518,0.2474,0.44167,normalised
23.570122003555298,,,0.67527,0.63472,1,,,,,,,,,GP3,0.67527,0.63472,0.2474,0.44167,normalised
23.586893320083618,,,0.6749,0.63457,1,,,,,,,,,GP3,0.6749,0.63457,0.2474,0.44167,normalised
23.60462784767151,,,0.67603,0.63703,1,,,,,,,,,GP3,0.67603,0.63703,0.2474,0.44167,normalised
23.61895251274109,,,0.6722,0.63137,1,,,,,,,,,GP3,0.6722,0.63137,0.2474,0.44167,normalised
23.63646173477173,,,0.65426,0.60068,0,,,,,,,,,GP3,0.65426,0.60068,0.2474,0.44167,normalised
23.65115737915039,,,0.76774,0.70251,0,,,,,,,,,GP3,0.76774,0.70251,0.2474,0.44167,normalised
23.667714595794678,,,0.89759,0.92472,0,,,,,,,,,GP3,0.89759,0.92472,0.2474,0.44167,normalised
23.683204889297485,,,1.06682,1.18064,0,,,,,,,,,GP3,1.06682,1.18064,0.2474,0.44167,normalised
23.6997389793396,,,1.14321,1.13953,0,,,,,,,,,GP3,1.14321,1.13953,0.2474,0.44167,normalised
23.717827796936035,,,1.15965,1.10515,0,,,,,,,,,GP3,1.15965,1.10515,0.2474,0.44167,normalised
23.732510805130005,,,1.20144,1.05622,0,,,,,,,,,GP3,1.20144,1.05622,0.2474,0.44167,normalised
23.749181985855103,,,1.25555,1.12427,0,,,,,,,,,GP3,1.25555,1.12427,0.2474,0.44167,normalised
23.764294385910034,,,1.27907,1.15793,0,,,,,,,,,GP3,1.27907,1.15793,0.2474,0.44167,normalised
23.782225131988525,,,1.32024,1.21513,0,,,,,,,,,GP3,1.32024,1.21513,0.2474,0.44167,normalised
23.798922538757324,,,1.33859,1.24783,0,,,,,,,,,GP3,1.33859,1.24783,0.2474,0.44167,normalised
23.81355118751526,,,1.35279,1.26455,0,,,,,,,,,GP3,1.35279,1.26455,0.2474,0.44167,normalised
23.830683946609497,,,1.36052,1.27207,1,,,,,,,,,GP3,1.36052,1.27207,0.2474,0.44167,normalised
23.846653699874878,,,1.36507,1.27438,1,,,,,,,,,GP3,1.36507,1.27438,0.2474,0.44167,normalised
23.86340069770813,,,1.36917,1.27547,1,,,,,,,,,GP3,1.36917,1.27547,0.2474,0.44167,normalised
23.87844491004944,,,1.37218,1.27606,1,,,,,,,,,GP3,1.37218,1.27606,0.2474,0.44167,normalised
23.8955717086792,,,1.37404,1.27485,1,,,,,,,,,GP3,1.37404,1.27485,0.2474,0.44167,normalised
23.90968608856201,,,1.37595,1.27548,1,,,,,,,,,GP3,1.37595,1.27548,0.2474,0.44167,normalised
23.92838215827942,,,1.37706,1.27654,1,,,,,,,,,GP3,1.37706,1.27654,0.2474,0.44167,normalised
23.94187021255493,,,1.37826,1.27863,1,,,,,,,,,GP3,1.37826,1.27863,0.2474,0.44167,normalised
23.958800792694092,,,1.37912,1.27945,1,,,,,,,,,GP3,1.37912,1.27945,0.2474,0.44167,normalised
23.97491192817688,,,1.37967,1.28042,1,,,,,,,,,GP3,1.37967,1.28042,0.2474,0.44167,normalised
23.991666078567505,,,1.38459,1.28663,1,,,,,,,,,GP3,1.38459,1.28663,0.2474,0.44167,normalised
24.006592512130737,,,1.38763,1.2913,1,,,,,,,,,GP3,1.38763,1.2913,0.2474,0.44167,normalised
24.024224519729614,,,1.39041,1.29528,1,,,,,,,,,GP3,1.39041,1.29528,0.2474,0.44167,normalised
24.0391685962677,,,1.3915,1.29583,1,,,,,,,,,GP3,1.3915,1.29583,0.2474,0.44167,normalised
24.054996490478516,,,1.38942,1.2918,1,,,,,,,,,GP3,1.38942,1.2918,0.2474,0.44167,normalised
24.072770357131958,,,1.3878,1.28796,1,,,,,,,,,GP3,1.3878,1.28796,0.2474,0.44167,normalised
24.08952045440674,,,1.39418,1.28897,1,,,,,,,,,GP3,1.39418,1.28897,0.2474,0.44167,normalised
24.106133699417114,,,1.40113,1.29035,1,,,,,,,,,GP3,1.40113,1.29035,0.2474,0.44167,normalised
24.12093448638916,,,1.43324,1.30358,0,,,,,,,,,GP3,1.43324,1.30358,0.2474,0.44167,normalised
24.136946201324463,,,1.48857,1.29569,0,,,,,,,,,GP3,1.48857,1.29569,0.2474,0.44167,normalised
24.153875589370728,,,1.50579,1.29006,0,,,,,,,,,GP3,1.50579,1.29006,0.2474,0.44167,normalised
24.17032527923584,,,1.54026,1.28337,0,,,,,,,,,GP3,1.54026,1.28337,0.2474,0.44167,normalised
24.184264659881592,,,1.54295,1.29915,0,,,,,,,,,GP3,1.54295,1.29915,0.2474,0.44167,normalised
24.201366186141968,,,1.54503,1.3021,0,,,,,,,,,GP3,1.54503,1.3021,0.2474,0.44167,normalised
24.21690320968628,,,1.54548,1.3043,1,,,,,,,,,GP3,1.54548,1.3043,0.2474,0.44167,normalised
24.23357915878296,,,1.54552,1.30761,1,,,,,,,,,GP3,1.54552,1.30761,0.2474,0.44167,normalised
24.249829530715942,,,1.54151,1.30284,1,,,,,,,,,GP3,1.54151,1.30284,0.2474,0.44167,normalised
24.26755452156067,,,1.53864,1.29944,1,,,,,,,,,GP3,1.53864,1.29944,0.2474,0.44167,normalised
24.281338214874268,,,1.53753,1.29691,1,,,,,,,,,GP3,1.53753,1.29691,0.2474,0.44167,normalised
24.297890186309814,,,1.53556,1.29605,1,,,,,,,,,GP3,1.53556,1.29605,0.2474,0.44167,normalised
24.314706325531006,,,1.53398,1.29537,1,,,,,,,,,GP3,1.53398,1.29537,0.2474,0.44167,normalised
24.330665588378906,,,1.53168,1.29318,1,,,,,,,,,GP3,1.53168,1.29318,0.2474,0.44167,normalised
24.34747076034546,,,1.52787,1.28906,1,,,,,,,,,GP3,1.52787,1.28906,0.2474,0.44167,normalised
24.365211009979248,,,1.52464,1.28557,1,,,,,,,,,GP3,1.52464,1.28557,0.2474,0.44167,normalised
24.379905700683594,,,1.5235,1.28551,1,,,,,,,,,GP3,1.5235,1.28551,0.2474,0.44167,normalised
24.39766025543213,,,1.52252,1.28491,1,,,,,,,,,GP3,1.52252,1.28491,0.2474,0.44167,normalised
24.413496494293213,,,1.52164,1.28446,1,,,,,,,,,GP3,1.52164,1.28446,0.2474,0.44167,normalised
24.428221940994263,,,1.52191,1.28533,1,,,,,,,,,GP3,1.52191,1.28533,0.2474,0.44167,normalised
24.44303011894226,,,1.52154,1.28608,1,,,,,,,,,GP3,1.52154,1.28608,0.2474,0.44167,normalised
24.46053385734558,,,1.5212,1.2867,1,,,,,,,,,GP3,1.5212,1.2867,0.2474,0.44167,normalised
24.47819185256958,,,1.52051,1.28665,1,,,,,,,,,GP3,1.52051,1.28665,0.2474,0.44167,normalised
24.494253396987915,,,1.52074,1.28796,1,,,,,,,,,GP3,1.52074,1.28796,0.2474,0.44167,normalised
24.5077908039093,,,1.52086,1.2893,1,,,,,,,,,GP3,1.52086,1.2893,0.2474,0.44167,normalised
24.526620149612427,,,1.52151,1.29118,1,,,,,,,,,GP3,1.52151,1.29118,0.2474,0.44167,normalised
24.54054355621338,,,1.52182,1.29252,1,,,,,,,,,GP3,1.52182,1.29252,0.2474,0.44167,normalised
24.557749032974243,,,1.52224,1.29358,1,,,,,,,,,GP3,1.52224,1.29358,0.2474,0.44167,normalised
24.575839042663574,,,1.52296,1.29384,1,,,,,,,,,GP3,1.52296,1.29384,0.2474,0.44167,normalised
24.588895082473755,,,1.52323,1.29437,1,,,,,,,,,GP3,1.52323,1.29437,0.2474,0.44167,normalised
24.607650995254517,,,1.52346,1.29488,1,,,,,,,,,GP3,1.52346,1.29488,0.2474,0.44167,normalised
24.621344804763794,,,1.52329,1.29515,1,,,,,,,,,GP3,1.52329,1.29515,0.2474,0.44167,normalised
24.637466192245483,,,1.52392,1.29604,1,,,,,,,,,GP3,1.52392,1.29604,0.2474,0.44167,normalised
24.654647827148438,,,1.52455,1.29682,1,,,,,,,,,GP3,1.52455,1.29682,0.2474,0.44167,normalised
24.671671390533447,,,1.52428,1.29673,1,,,,,,,,,GP3,1.52428,1.29673,0.2474,0.44167,normalised
24.688471794128418,,,1.52417,1.29592,1,,,,,,,,,GP3,1.52417,1.29592,0.2474,0.44167,normalised
24.70217752456665,,,1.52409,1.29509,1,,,,,,,,,GP3,1.52409,1.29509,0.2474,0.44167,normalised
24.718857526779175,,,1.52351,1.29412,1,,,,,,,,,GP3,1.52351,1.29412,0.2474,0.44167,normalised
24.736536979675293,,,1.52316,1.29329,1,,,,,,,,,GP3,1.52316,1.29329,0.2474,0.44167,normalised
24.750874042510986,,,1.52278,1.29259,1,,,,,,,,,GP3,1.52278,1.29259,0.2474,0.44167,normalised
24.768791913986206,,,1.52326,1.29315,1,,,,,,,,,GP3,1.52326,1.29315,0.2474,0.44167,normalised
24.78658366203308,,,1.52301,1.29268,1,,,,,,,,,GP3,1.52301,1.29268,0.2474,0.44167,normalised
24.80039930343628,,,1.52278,1.29222,1,,,,,,,,,GP3,1.52278,1.29222,0.2474,0.44167,normalised
24.816096782684326,,,1.52271,1.29242,1,,,,,,,,,GP3,1.52271,1.29242,0.2474,0.44167,normalised
24.83368182182312,,,1.52281,1.29265,1,,,,,,,,,GP3,1.52281,1.29265,0.2474,0.44167,normalised
24.848078727722168,,,1.52293,1.29284,1,,,,,,,,,GP3,1.52293,1.29284,0.2474,0.44167,normalised
24.865906476974487,,,1.52305,1.29295,1,,,,,,,,,GP3,1.52305,1.29295,0.2474,0.44167,normalised
24.881426572799683,,,1.52306,1.29302,1,,,,,,,,,GP3,1.52306,1.29302,0.2474,0.44167,normalised
24.897183895111084,,,1.52315,1.293,1,,,,,,,,,GP3,1.52315,1.293,0.2474,0.44167,normalised
24.912933588027954,,,1.52298,1.29235,1,,,,,,,,,GP3,1.52298,1.29235,0.2474,0.44167,normalised
24.93055772781372,,,1.52276,1.29171,1,,,,,,,,,GP3,1.52276,1.29171,0.2474,0.44167,normalised
24.94539189338684,,,1.5222,1.29122,1,,,,,,,,,GP3,1.5222,1.29122,0.2474,0.44167,normalised
24.962117433547974,,,1.52174,1.29006,1,,,,,,,,,GP3,1.52174,1.29006,0.2474,0.44167,normalised
24.979568004608154,,,1.52066,1.2889,1,,,,,,,,,GP3,1.52066,1.2889,0.2474,0.44167,normalised
24.993839979171753,,,1.51959,1.28774,1,,,,,,,,,GP3,1.51959,1.28774,0.2474,0.44167,normalised
25.010427474975586,,,1.51965,1.28768,1,,,,,,,,,GP3,1.51965,1.28768,0.2474,0.44167,normalised
25.026578187942505,,,1.51969,1.28755,1,,,,,,,,,GP3,1.51969,1.28755,0.2474,0.44167,normalised
25.043124198913574,,,1.51973,1.28743,1,,,,,,,,,GP3,1.51973,1.28743,0.2474,0.44167,normalised
25.057765007019043,,,1.51951,1.28723,1,,,,,,,,,GP3,1.51951,1.28723,0.2474,0.44167,normalised
25.074148893356323,,,1.51941,1.28663,1,,,,,,,,,GP3,1.51941,1.28663,0.2474,0.44167,normalised
25.090723276138306,,,1.51931,1.28602,1,,,,,,,,,GP3,1.51931,1.28602,0.2474,0.44167,normalised
25.107457160949707,,,1.51968,1.28627,1,,,,,,,,,GP3,1.51968,1.28627,0.2474,0.44167,normalised
25.12366795539856,,,1.52041,1.28704,1,,,,,,,,,GP3,1.52041,1.28704,0.2474,0.44167,normalised
25.139950037002563,,,1.52114,1.2878,1,,,,,,,,,GP3,1.52114,1.2878,0.2474,0.44167,normalised
25.156954288482666,,,1.52134,1.28783,1,,,,,,,,,GP3,1.52134,1.28783,0.2474,0.44167,normalised
25.17209768295288,,,1.52157,1.28788,1,,,,,,,,,GP3,1.52157,1.28788,0.2474,0.44167,normalised
25.18762707710266,,,1.52175,1.28797,1,,,,,,,,,GP3,1.52175,1.28797,0.2474,0.44167,normalised
25.20530605316162,,,1.52113,1.28871,1,,,,,,,,,GP3,1.52113,1.28871,0.2474,0.44167,normalised
25.219823122024536,,,1.52008,1.28894,1,,,,,,,,,GP3,1.52008,1.28894,0.2474,0.44167,normalised
25.2358295917511,,,1.51898,1.28925,1,,,,,,,,,GP3,1.51898,1.28925,0.2474,0.44167,normalised
25.253976106643677,,,1.51888,1.29138,1,,,,,,,,,GP3,1.51888,1.29138,0.2474,0.44167,normalised
25.269295692443848,,,1.5183,1.2909,1,,,,,,,,,GP3,1.5183,1.2909,0.2474,0.44167,normalised
25.286659240722656,,,1.51782,1.29029,1,,,,,,,,,GP3,1.51782,1.29029,0.2474,0.44167,normalised
25.301503896713257,,,1.51728,1.28931,1,,,,,,,,,GP3,1.51728,1.28931,0.2474,0.44167,normalised
25.31763768196106,,,1.51633,1.28774,1,,,,,,,,,GP3,1.51633,1.28774,0.2474,0.44167,normalised
25.333606719970703,,,1.51535,1.28618,1,,,,,,,,,GP3,1.51535,1.28618,0.2474,0.44167,normalised
25.350273609161377,,,1.51476,1.2871,1,,,,,,,,,GP3,1.51476,1.2871,0.2474,0.44167,normalised
25.367796182632446,,,1.4942,1.30483,0,,,,,,,,,GP3,1.4942,1.30483,0.2474,0.44167,normalised
25.381429433822632,,,1.49567,1.3175,0,,,,,,,,,GP3,1.49567,1.3175,0.2474,0.44167,normalised
25.398269653320312,,,1.50214,1.33552,0,,,,,,,,,GP3,1.50214,1.33552,0.2474,0.44167,normalised
25.41525626182556,,,1.50199,1.33833,1,,,,,,,,,GP3,1.50199,1.33833,0.2474,0.44167,normalised
25.43095850944519,,,1.50128,1.34058,1,,,,,,,,,GP3,1.50128,1.34058,0.2474,0.44167,normalised
25.448508739471436,,,1.5009,1.34061,1,,,,,,,,,GP3,1.5009,1.34061,0.2474,0.44167,normalised
25.463185787200928,,,1.49928,1.33736,1,,,,,,,,,GP3,1.49928,1.33736,0.2474,0.44167,normalised
25.48109269142151,,,1.49813,1.33485,1,,,,,,,,,GP3,1.49813,1.33485,0.2474,0.44167,normalised
25.497356176376343,,,1.49767,1.32678,1,,,,,,,,,GP3,1.49767,1.32678,0.2474,0.44167,normalised
25.51419687271118,,,1.50085,1.32557,1,,,,,,,,,GP3,1.50085,1.32557,0.2474,0.44167,normalised
25.52789330482483,,,1.50367,1.32428,1,,,,,,,,,GP3,1.50367,1.32428,0.2474,0.44167,normalised
25.54327154159546,,,1.50607,1.32223,1,,,,,,,,,GP3,1.50607,1.32223,0.2474,0.44167,normalised
25.560327529907227,,,1.50905,1.32077,1,,,,,,,,,GP3,1.50905,1.32077,0.2474,0.44167,normalised
25.57718586921692,,,1.51157,1.31957,1,,,,,,,,,GP3,1.51157,1.31957,0.2474,0.44167,normalised
25.592019081115723,,,1.51327,1.31817,1,,,,,,,,,GP3,1.51327,1.31817,0.2474,0.44167,normalised
25.60785484313965,,,1.51416,1.31739,1,,,,,,,,,GP3,1.51416,1.31739,0.2474,0.44167,normalised
25.625036001205444,,,1.51484,1.31684,1,,,,,,,,,GP3,1.51484,1.31684,0.2474,0.44167,normalised
25.64083433151245,,,1.51447,1.31479,1,,,,,,,,,GP3,1.51447,1.31479,0.2474,0.44167,normalised
25.656315088272095,,,1.51468,1.31369,1,,,,,,,,,GP3,1.51468,1.31369,0.2474,0.44167,normalised
25.67416787147522,,,1.51488,1.31271,1,,,,,,,,,GP3,1.51488,1.31271,0.2474,0.44167,normalised
25.6901912689209,,,1.51544,1.31221,1,,,,,,,,,GP3,1.51544,1.31221,0.2474,0.44167,normalised
25.705480098724365,,,1.51654,1.31227,1,,,,,,,,,GP3,1.51654,1.31227,0.2474,0.44167,normalised
25.723323583602905,,,1.51755,1.31231,1,,,,,,,,,GP3,1.51755,1.31231,0.2474,0.44167,normalised
25.738297700881958,,,1.51812,1.3115,1,,,,,,,,,GP3,1.51812,1.3115,0.2474,0.44167,normalised
25.754888772964478,,,1.51763,1.30996,1,,,,,,,,,GP3,1.51763,1.30996,0.2474,0.44167,normalised
25.76943016052246,,,1.51716,1.30859,1,,,,,,,,,GP3,1.51716,1.30859,0.2474,0.44167,normalised
25.788320779800415,,,1.51729,1.30825,1,,,,,,,,,GP3,1.51729,1.30825,0.2474,0.44167,normalised
25.803141117095947,,,1.51746,1.30798,1,,,,,,,,,GP3,1.51746,1.30798,0.2474,0.44167,normalised
25.819037675857544,,,1.51764,1.30768,1,,,,,,,,,GP3,1.51764,1.30768,0.2474,0.44167,normalised
25.83474111557007,,,1.51581,1.30834,1,,,,,,,,,GP3,1.51581,1.30834,0.2474,0.44167,normalised
25.851778984069824,,,1.51566,1.31143,1,,,,,,,,,GP3,1.51566,1.31143,0.2474,0.44167,normalised
25.86659812927246,,,1.51544,1.3144,1,,,,,,,,,GP3,1.51544,1.3144,0.2474,0.44167,normalised
25.882840394973755,,,1.5059,1.30789,1,,,,,,,,,GP3,1.5059,1.30789,0.2474,0.44167,normalised
25.902328491210938,,,1.45926,1.28206,0,,,,,,,,,GP3,1.45926,1.28206,0.2474,0.44167,normalised
25.916594743728638,,,1.31963,1.19109,0,,,,,,,,,GP3,1.31963,1.19109,0.2474,0.44167,normalised
25.931224584579468,,,1.27158,1.15591,0,,,,,,,,,GP3,1.27158,1.15591,0.2474,0.44167,normalised
25.950292587280273,,,1.18782,1.0971,0,,,,,,,,,GP3,1.18782,1.0971,0.2474,0.44167,normalised
25.964210987091064,,,1.19814,1.0997,0,,,,,,,,,GP3,1.19814,1.0997,0.2474,0.44167,normalised
25.97993040084839,,,1.19332,1.08296,0,,,,,,,,,GP3,1.19332,1.08296,0.2474,0.44167,normalised
25.997721910476685,,,1.1916,1.07935,1,,,,,,,,,GP3,1.1916,1.07935,0.2474,0.44167,normalised
26.012484788894653,,,1.19064,1.07646,1,,,,,,,,,GP3,1.19064,1.07646,0.2474,0.44167,normalised
26.02929377555847,,,1.18803,1.07153,1,,,,,,,,,GP3,1.18803,1.07153,0.2474,0.44167,normalised
26.04547667503357,,,1.18608,1.06642,1,,,,,,,,,GP3,1.18608,1.06642,0.2474,0.44167,normalised
26.060521602630615,,,1.18462,1.06259,1,,,,,,,,,GP3,1.18462,1.06259,0.2474,0.44167,normalised
26.07753324508667,,,1.18338,1.06194,1,,,,,,,,,GP3,1.18338,1.06194,0.2474,0.44167,normalised
26.093826055526733,,,1.18052,1.06073,1,,,,,,,,,GP3,1.18052,1.06073,0.2474,0.44167,normalised
26.11184000968933,,,1.17817,1.06007,1,,,,,,,,,GP3,1.17817,1.06007,0.2474,0.44167,normalised
26.127710342407227,,,1.17851,1.06195,1,,,,,,,,,GP3,1.17851,1.06195,0.2474,0.44167,normalised
26.142396450042725,,,1.17884,1.0626,1,,,,,,,,,GP3,1.17884,1.0626,0.2474,0.44167,normalised
26.158773183822632,,,1.17911,1.06299,1,,,,,,,,,GP3,1.17911,1.06299,0.2474,0.44167,normalised
26.173904180526733,,,1.17922,1.06307,1,,,,,,,,,GP3,1.17922,1.06307,0.2474,0.44167,normalised
26.191418886184692,,,1.17966,1.06208,1,,,,,,,,,GP3,1.17966,1.06208,0.2474,0.44167,normalised
26.20744824409485,,,1.18011,1.06089,1,,,,,,,,,GP3,1.18011,1.06089,0.2474,0.44167,normalised
26.22246479988098,,,1.17908,1.05925,1,,,,,,,,,GP3,1.17908,1.05925,0.2474,0.44167,normalised
26.239506721496582,,,1.17829,1.0578,1,,,,,,,,,GP3,1.17829,1.0578,0.2474,0.44167,normalised
26.254868030548096,,,1.17756,1.05636,1,,,,,,,,,GP3,1.17756,1.05636,0.2474,0.44167,normalised
26.27211570739746,,,1.17715,1.05599,1,,,,,,,,,GP3,1.17715,1.05599,0.2474,0.44167,normalised
26.290038585662842,,,1.17766,1.05725,1,,,,,,,,,GP3,1.17766,1.05725,0.2474,0.44167,normalised
26.3043475151062,,,1.17807,1.05885,1,,,,,,,,,GP3,1.17807,1.05885,0.2474,0.44167,normalised
26.321321964263916,,,1.17823,1.05961,1,,,,,,,,,GP3,1.17823,1.05961,0.2474,0.44167,normalised
26.33808732032776,,,1.17823,1.06058,1,,,,,,,,,GP3,1.17823,1.06058,0.2474,0.44167,normalised
26.35293197631836,,,1.17821,1.06161,1,,,,,,,,,GP3,1.17821,1.06161,0.2474,0.44167,normalised
26.369433641433716,,,1.17787,1.06208,1,,,,,,,,,GP3,1.17787,1.06208,0.2474,0.44167,normalised
26.384509086608887,,,1.17794,1.06277,1,,,,,,,,,GP3,1.17794,1.06277,0.2474,0.44167,normalised
26.401054859161377,,,1.17803,1.06324,1,,,,,,,,,GP3,1.17803,1.06324,0.2474,0.44167,normalised
26.417021989822388,,,1.17802,1.06396,1,,,,,,,,,GP3,1.17802,1.06396,0.2474,0.44167,normalised
26.433095932006836,,,1.17873,1.06482,1,,,,,,,,,GP3,1.17873,1.06482,0.2474,0.44167,normalised
26.449882984161377,,,1.1794,1.06545,1,,,,,,,,,GP3,1.1794,1.06545,0.2474,0.44167,normalised
26.466402292251587,,,1.17903,1.06435,1,,,,,,,,,GP3,1.17903,1.06435,0.2474,0.44167,normalised
26.483377695083618,,,1.17955,1.06416,1,,,,,,,,,GP3,1.17955,1.06416,0.2474,0.44167,normalised
26.50036382675171,,,1.18004,1.06405,1,,,,,,,,,GP3,1.18004,1.06405,0.2474,0.44167,normalised
26.51811647415161,,,1.18012,1.06373,1,,,,,,,,,GP3,1.18012,1.06373,0.2474,0.44167,normalised
26.531821489334106,,,1.18179,1.06369,1,,,,,,,,,GP3,1.18179,1.06369,0.2474,0.44167,normalised
26.545710802078247,,,1.18337,1.06359,1,,,,,,,,,GP3,1.18337,1.06359,0.2474,0.44167,normalised
26.563490867614746,,,1.1755,1.05658,1,,,,,,,,,GP3,1.1755,1.05658,0.2474,0.44167,normalised
26.58082675933838,,,1.1441,1.01787,0,,,,,,,,,GP3,1.1441,1.01787,0.2474,0.44167,normalised
26.59593677520752,,,1.00619,0.89413,0,,,,,,,,,GP3,1.00619,0.89413,0.2474,0.44167,normalised
26.6106960773468,,,0.94576,0.84642,0,,,,,,,,,GP3,0.94576,0.84642,0.2474,0.44167,normalised
26.628026008605957,,,0.84071,0.75899,0,,,,,,,,,GP3,0.84071,0.75899,0.2474,0.44167,normalised
26.645540237426758,,,0.8347,0.75564,0,,,,,,,,,GP3,0.8347,0.75564,0.2474,0.44167,normalised
26.66024160385132,,,0.82173,0.74778,0,,,,,,,,,GP3,0.82173,0.74778,0.2474,0.44167,normalised
26.67624020576477,,,0.81464,0.74513,1,,,,,,,,,GP3,0.81464,0.74513,0.2474,0.44167,normalised
26.69372820854187,,,0.80977,0.74107,1,,,,,,,,,GP3,0.80977,0.74107,0.2474,0.44167,normalised
26.707456588745117,,,0.79852,0.725,1,,,,,,,,,GP3,0.79852,0.725,0.2474,0.44167,normalised
26.724485158920288,,,0.79106,0.71459,1,,,,,,,,,GP3,0.79106,0.71459,0.2474,0.44167,normalised
26.741256713867188,,,0.7854,0.70711,1,,,,,,,,,GP3,0.7854,0.70711,0.2474,0.44167,normalised
26.7573139667511,,,0.76828,0.68465,1,,,,,,,,,GP3,0.76828,0.68465,0.2474,0.44167,normalised
26.772329807281494,,,0.75469,0.66871,1,,,,,,,,,GP3,0.75469,0.66871,0.2474,0.44167,normalised
26.79069709777832,,,0.7446,0.65867,1,,,,,,,,,GP3,0.7446,0.65867,0.2474,0.44167,normalised
26.804829597473145,,,0.7181,0.63275,1,,,,,,,,,GP3,0.7181,0.63275,0.2474,0.44167,normalised
26.82250666618347,,,0.69848,0.61301,1,,,,,,,,,GP3,0.69848,0.61301,0.2474,0.44167,normalised
26.838220596313477,,,0.65633,0.57007,0,,,,,,,,,GP3,0.65633,0.57007,0.2474,0.44167,normalised
26.855318069458008,,,0.55266,0.46076,0,,,,,,,,,GP3,0.55266,0.46076,0.2474,0.44167,normalised
26.871964693069458,,,0.50688,0.41232,0,,,,,,,,,GP3,0.50688,0.41232,0.2474,0.44167,normalised
26.88768458366394,,,0.42766,0.33039,0,,,,,,,,,GP3,0.42766,0.33039,0.2474,0.44167,normalised
26.902710676193237,,,0.37274,0.26956,0,,,,,,,,,GP3,0.37274,0.26956,0.2474,0.44167,normalised
26.919005870819092,,,0.35294,0.24119,0,,,,,,,,,GP3,0.35294,0.24119,0.2474,0.44167,normalised
26.934396505355835,,,0.31171,0.18332,0,,,,,,,,,GP3,0.31171,0.18332,0.2474,0.44167,normalised
26.951167583465576,,,0.30085,0.15266,0,,,,,,,,,GP3,0.30085,0.15266,0.2474,0.44167,normalised
26.968043565750122,,,0.2921,0.13825,0,,,,,,,,,GP3,0.2921,0.13825,0.2474,0.44167,normalised
26.983087301254272,,,0.28604,0.12601,1,,,,,,,,,GP3,0.28604,0.12601,0.2474,0.44167,normalised
27.000668048858643,,,0.27935,0.10875,1,,,,,,,,,GP3,0.27935,0.10875,0.2474,0.44167,normalised
27.01651954650879,,,0.27491,0.09844,1,,,,,,,,,GP3,0.27491,0.09844,0.2474,0.44167,normalised
27.03211498260498,,,0.27173,0.09107,1,,,,,,,,,GP3,0.27173,0.09107,0.2474,0.44167,normalised
27.048048734664917,,,0.26912,0.08621,1,,,,,,,,,GP3,0.26912,0.08621,0.2474,0.44167,normalised
27.06358289718628,,,0.26709,0.08327,1,,,,,,,,,GP3,0.26709,0.08327,0.2474,0.44167,normalised
27.080832719802856,,,0.26547,0.08091,1,,,,,,,,,GP3,0.26547,0.08091,0.2474,0.44167,normalised
27.09642457962036,,,0.26387,0.07712,1,,,,,,,,,GP3,0.26387,0.07712,0.2474,0.44167,normalised
27.114084005355835,,,0.26299,0.07563,1,,,,,,,,,GP3,0.26299,0.07563,0.2474,0.44167,normalised
27.12887716293335,,,0.26224,0.07436,1,,,,,,,,,GP3,0.26224,0.07436,0.2474,0.44167,normalised
27.145145177841187,,,0.26182,0.07268,1,,,,,,,,,GP3,0.26182,0.07268,0.2474,0.44167,normalised
27.162955284118652,,,0.2616,0.07121,1,,,,,,,,,GP3,0.2616,0.07121,0.2474,0.44167,normalised
27.179497480392456,,,0.26141,0.06993,1,,,,,,,,,GP3,0.26141,0.06993,0.2474,0.44167,normalised
27.19430661201477,,,0.26131,0.06946,1,,,,,,,,,GP3,0.26131,0.06946,0.2474,0.44167,normalised
27.21196746826172,,,0.26119,0.07007,1,,,,,,,,,GP3,0.26119,0.07007,0.2474,0.44167,normalised
27.22592568397522,,,0.26108,0.07061,1,,,,,,,,,GP3,0.26108,0.07061,0.2474,0.44167,normalised
27.244001388549805,,,0.26044,0.07166,1,,,,,,,,,GP3,0.26044,0.07166,0.2474,0.44167,normalised
27.259397506713867,,,0.2592,0.07064,1,,,,,,,,,GP3,0.2592,0.07064,0.2474,0.44167,normalised
27.274346590042114,,,0.25808,0.06972,1,,,,,,,,,GP3,0.25808,0.06972,0.2474,0.44167,normalised
27.29130744934082,,,0.25712,0.06914,1,,,,,,,,,GP3,0.25712,0.06914,0.2474,0.44167,normalised
27.306931018829346,,,0.25683,0.06919,1,,,,,,,,,GP3,0.25683,0.06919,0.2474,0.44167,normalised
27.323387384414673,,,0.25656,0.06923,1,,,,,,,,,GP3,0.25656,0.06923,0.2474,0.44167,normalised
27.339455127716064,,,0.25621,0.0691,1,,,,,,,,,GP3,0.25621,0.0691,0.2474,0.44167,normalised
27.356393575668335,,,0.25577,0.06927,1,,,,,,,,,GP3,0.25577,0.06927,0.2474,0.44167,normalised
27.372081995010376,,,0.25536,0.06943,1,,,,,,,,,GP3,0.25536,0.06943,0.2474,0.44167,normalised
27.387054681777954,,,0.25474,0.06956,1,,,,,,,,,GP3,0.25474,0.06956,0.2474,0.44167,normalised
27.40349507331848,,,0.25491,0.06973,1,,,,,,,,,GP3,0.25491,0.06973,0.2474,0.44167,normalised
27.420458793640137,,,0.25507,0.06989,1,,,,,,,,,GP3,0.25507,0.06989,0.2474,0.44167,normalised
27.4365553855896,,,0.25469,0.07005,1,,,,,,,,,GP3,0.25469,0.07005,0.2474,0.44167,normalised
27.454411029815674,,,0.25437,0.07035,1,,,,,,,,,GP3,0.25437,0.07035,0.2474,0.44167,normalised
27.46808099746704,,,0.25406,0.07063,1,,,,,,,,,GP3,0.25406,0.07063,0.2474,0.44167,normalised
27.484768629074097,,,0.25408,0.07111,1,,,,,,,,,GP3,0.25408,0.07111,0.2474,0.44167,normalised
27.50119948387146,,,0.25395,0.07145,1,,,,,,,,,GP3,0.25395,0.07145,0.2474,0.44167,normalised
27.51883840560913,,,0.25373,0.07149,1,,,,,,,,,GP3,0.25373,0.07149,0.2474,0.44167,normalised
27.53348469734192,,,0.25329,0.07103,1,,,,,,,,,GP3,0.25329,0.07103,0.2474,0.44167,normalised
27.551024198532104,,,0.25259,0.07031,1,,,,,,,,,GP3,0.25259,0.07031,0.2474,0.44167,normalised
27.564813375473022,,,0.25188,0.06951,1,,,,,,,,,GP3,0.25188,0.06951,0.2474,0.44167,normalised
27.5808322429657,,,0.25181,0.06926,1,,,,,,,,,GP3,0.25181,0.06926,0.2474,0.44167,normalised
27.59784173965454,,,0.25183,0.06899,1,,,,,,,,,GP3,0.25183,0.06899,0.2474,0.44167,normalised
27.615473985671997,,,0.25188,0.06885,1,,,,,,,,,GP3,0.25188,0.06885,0.2474,0.44167,normalised
27.630448579788208,,,0.25155,0.06837,1,,,,,,,,,GP3,0.25155,0.06837,0.2474,0.44167,normalised
27.647653818130493,,,0.25111,0.06761,1,,,,,,,,,GP3,0.25111,0.06761,0.2474,0.44167,normalised
27.664422035217285,,,0.25064,0.06677,1,,,,,,,,,GP3,0.25064,0.06677,0.2474,0.44167,normalised
27.681148529052734,,,0.25059,0.06635,1,,,,,,,,,GP3,0.25059,0.06635,0.2474,0.44167,normalised
27.695822715759277,,,0.25043,0.06623,1,,,,,,,,,GP3,0.25043,0.06623,0.2474,0.44167,normalised
27.713529586791992,,,0.24904,0.06377,1,,,,,,,,,GP3,0.24904,0.06377,0.2474,0.44167,normalised
27.72956943511963,,,0.24808,0.06255,1,,,,,,,,,GP3,0.24808,0.06255,0.2474,0.44167,normalised
27.744314193725586,,,0.24736,0.0612,1,,,,,,,,,GP3,0.24736,0.0612,0.2474,0.44167,normalised
27.76019263267517,,,0.24676,0.06016,1,,,,,,,,,GP3,0.24676,0.06016,0.2474,0.44167,normalised
27.77754020690918,,,0.2465,0.05975,1,,,,,,,,,GP3,0.2465,0.05975,0.2474,0.44167,normalised
27.792176008224487,,,0.24627,0.0596,1,,,,,,,,,GP3,0.24627,0.0596,0.2474,0.44167,normalised
27.808456659317017,,,0.24616,0.05979,1,,,,,,,,,GP3,0.24616,0.05979,0.2474,0.44167,normalised
27.82613182067871,,,0.24618,0.06022,1,,,,,,,,,GP3,0.24618,0.06022,0.2474,0.44167,normalised
27.841163873672485,,,0.24612,0.06036,1,,,,,,,,,GP3,0.24612,0.06036,0.2474,0.44167,normalised
27.857043981552124,,,0.24606,0.06051,1,,,,,,,,,GP3,0.24606,0.06051,0.2474,0.44167,normalised
27.872957944869995,,,0.24612,0.06116,1,,,,,,,,,GP3,0.24612,0.06116,0.2474,0.44167,normalised
27.888737440109253,,,0.24608,0.06146,1,,,,,,,,,GP3,0.24608,0.06146,0.2474,0.44167,normalised
27.905110359191895,,,0.24604,0.06176,1,,,,,,,,,GP3,0.24604,0.06176,0.2474,0.44167,normalised
27.921101570129395,,,0.24599,0.06227,1,,,,,,,,,GP3,0.24599,0.06227,0.2474,0.44167,normalised
27.938209295272827,,,0.24606,0.06289,1,,,,,,,,,GP3,0.24606,0.06289,0.2474,0.44167,normalised
27.953115701675415,,,0.24614,0.06351,1,,,,,,,,,GP3,0.24614,0.06351,0.2474,0.44167,normalised
27.969923734664917,,,0.24643,0.06398,1,,,,,,,,,GP3,0.24643,0.06398,0.2474,0.44167,normalised
27.9863600730896,,,0.24657,0.06394,1,,,,,,,,,GP3,0.24657,0.06394,0.2474,0.44167,normalised
28.001447200775146,,,0.24671,0.06389,1,,,,,,,,,GP3,0.24671,0.06389,0.2474,0.44167,normalised
28.018049955368042,,,0.24723,0.06384,1,,,,,,,,,GP3,0.24723,0.06384,0.2474,0.44167,normalised
28.034695863723755,,,0.24798,0.06428,1,,,,,,,,,GP3,0.24798,0.06428,0.2474,0.44167,normalised
28.050462245941162,,,0.24872,0.06473,1,,,,,,,,,GP3,0.24872,0.06473,0.2474,0.44167,normalised
28.067404985427856,,,0.24907,0.06562,1,,,,,,,,,GP3,0.24907,0.06562,0.2474,0.44167,normalised
28.083189010620117,,,0.24913,0.06556,1,,,,,,,,,GP3,0.24913,0.06556,0.2474,0.44167,normalised
28.09834885597229,,,0.24919,0.0655,1,,,,,,,,,GP3,0.24919,0.0655,0.2474,0.44167,normalised
28.11612319946289,,,0.24955,0.06584,1,,,,,,,,,GP3,0.24955,0.06584,0.2474,0.44167,normalised
28.131585121154785,,,0.24975,0.06592,1,,,,,,,,,GP3,0.24975,0.06592,0.2474,0.44167,normalised
28.148564100265503,,,0.24995,0.066,1,,,,,,,,,GP3,0.24995,0.066,0.2474,0.44167,normalised
28.165311813354492,,,0.25047,0.06609,1,,,,,,,,,GP3,0.25047,0.06609,0.2474,0.44167,normalised
28.180711030960083,,,0.25061,0.06657,1,,,,,,,,,GP3,0.25061,0.06657,0.2474,0.44167,normalised
28.196657419204712,,,0.25074,0.06704,1,,,,,,,,,GP3,0.25074,0.06704,0.2474,0.44167,normalised
28.2143874168396,,,0.25132,0.06692,1,,,,,,,,,GP3,0.25132,0.06692,0.2474,0.44167,normalised
28.230348587036133,,,0.25193,0.06683,1,,,,,,,,,GP3,0.25193,0.06683,0.2474,0.44167,normalised
28.244884490966797,,,0.25247,0.06652,1,,,,,,,,,GP3,0.25247,0.06652,0.2474,0.44167,normalised
28.260390043258667,,,0.25236,0.06597,1,,,,,,,,,GP3,0.25236,0.06597,0.2474,0.44167,normalised
28.27724528312683,,,0.25232,0.06507,1,,,,,,,,,GP3,0.25232,0.06507,0.2474,0.44167,normalised
28.295898914337158,,,0.25224,0.06406,1,,,,,,,,,GP3,0.25224,0.06406,0.2474,0.44167,normalised
28.309523582458496,,,0.25215,0.06335,1,,,,,,,,,GP3,0.25215,0.06335,0.2474,0.44167,normalised
28.328255891799927,,,0.25237,0.06289,1,,,,,,,,,GP3,0.25237,0.06289,0.2474,0.44167,normalised
28.341938018798828,,,0.25269,0.06275,1,,,,,,,,,GP3,0.25269,0.06275,0.2474,0.44167,normalised
28.357815504074097,,,0.2525,0.06227,1,,,,,,,,,GP3,0.2525,0.06227,0.2474,0.44167,normalised
28.374650716781616,,,0.2525,0.0623,1,,,,,,,,,GP3,0.2525,0.0623,0.2474,0.44167,normalised
28.389557600021362,,,0.25251,0.06232,1,,,,,,,,,GP3,0.25251,0.06232,0.2474,0.44167,normalised
28.406365871429443,,,0.25291,0.06243,1,,,,,,,,,GP3,0.25291,0.06243,0.2474,0.44167,normalised
28.42360019683838,,,0.25345,0.06252,1,,,,,,,,,GP3,0.25345,0.06252,0.2474,0.44167,normalised
28.439939975738525,,,0.25399,0.06261,1,,,,,,,,,GP3,0.25399,0.06261,0.2474,0.44167,normalised
28.456037998199463,,,0.25386,0.06269,1,,,,,,,,,GP3,0.25386,0.06269,0.2474,0.44167,normalised
28.473694324493408,,,0.25375,0.06229,1,,,,,,,,,GP3,0.25375,0.06229,0.2474,0.44167,normalised
28.487109899520874,,,0.25371,0.06212,1,,,,,,,,,GP3,0.25371,0.06212,0.2474,0.44167,normalised
28.50528049468994,,,0.25415,0.06286,1,,,,,,,,,GP3,0.25415,0.06286,0.2474,0.44167,normalised
28.51980710029602,,,0.25455,0.06315,1,,,,,,,,,GP3,0.25455,0.06315,0.2474,0.44167,normalised
28.536109685897827,,,0.255,0.06354,1,,,,,,,,,GP3,0.255,0.06354,0.2474,0.44167,normalised
28.55224609375,,,0.25552,0.06473,1,,,,,,,,,GP3,0.25552,0.06473,0.2474,0.44167,normalised
28.5689480304718,,,0.256,0.06594,1,,,,,,,,,GP3,0.256,0.06594,0.2474,0.44167,normalised
28.5847806930542,,,0.25638,0.0668,1,,,,,,,,,GP3,0.25638,0.0668,0.2474,0.44167,normalised
28.60221552848816,,,0.25667,0.06741,1,,,,,,,,,GP3,0.25667,0.06741,0.2474,0.44167,normalised
28.61748480796814,,,0.25697,0.06781,1,,,,,,,,,GP3,0.25697,0.06781,0.2474,0.44167,normalised
28.633410215377808,,,0.25719,0.06799,1,,,,,,,,,GP3,0.25719,0.06799,0.2474,0.44167,normalised
28.64955973625183,,,0.25727,0.06758,1,,,,,,,,,GP3,0.25727,0.06758,0.2474,0.44167,normalised
28.66703486442566,,,0.25716,0.06649,1,,,,,,,,,GP3,0.25716,0.06649,0.2474,0.44167,normalised
28.682008981704712,,,0.25688,0.06483,1,,,,,,,,,GP3,0.25688,0.06483,0.2474,0.44167,normalised
28.6980140209198,,,0.25637,0.06301,1,,,,,,,,,GP3,0.25637,0.06301,0.2474,0.44167,normalised
28.715760231018066,,,0.25576,0.06083,1,,,,,,,,,GP3,0.25576,0.06083,0.2474,0.44167,normalised
28.730448722839355,,,0.25517,0.05876,1,,,,,,,,,GP3,0.25517,0.05876,0.2474,0.44167,normalised
28.746411323547363,,,0.25458,0.05732,1,,,,,,,,,GP3,0.25458,0.05732,0.2474,0.44167,normalised
28.763374090194702,,,0.25411,0.05624,1,,,,,,,,,GP3,0.25411,0.05624,0.2474,0.44167,normalised
28.779561519622803,,,0.24673,0.03045,0,,,,,,,,,GP3,0.24673,0.03045,0.2474,0.44167,normalised
28.795868396759033,,,0.24929,0.04075,0,,,,,,,,,GP3,0.24929,0.04075,0.2474,0.44167,normalised
28.811423778533936,,,0.25278,0.04738,0,,,,,,,,,GP3,0.25278,0.04738,0.2474,0.44167,normalised
28.82733988761902,,,0.25326,0.04678,1,,,,,,,,,GP3,0.25326,0.04678,0.2474,0.44167,normalised
28.845144987106323,,,0.25121,0.03962,1,,,,,,,,,GP3,0.25121,0.03962,0.2474,0.44167,normalised
28.860868215560913,,,0.24828,0.03919,1,,,,,,,,,GP3,0.24828,0.03919,0.2474,0.44167,normalised
28.87495756149292,,,0.24667,0.04038,1,,,,,,,,,GP3,0.24667,0.04038,0.2474,0.44167,normalised
28.893937587738037,,,0.24636,0.04476,1,,,,,,,,,GP3,0.24636,0.04476,0.2474,0.44167,normalised
28.907219648361206,,,0.24809,0.05171,1,,,,,,,,,GP3,0.24809,0.05171,0.2474,0.44167,normalised
28.926098346710205,,,0.24999,0.0588,1,,,,,,,,,GP3,0.24999,0.0588,0.2474,0.44167,normalised
28.939666748046875,,,0.25084,0.06305,1,,,,,,,,,GP3,0.25084,0.06305,0.2474,0.44167,normalised
28.955820322036743,,,0.2524,0.06608,1,,,,,,,,,GP3,0.2524,0.06608,0.2474,0.44167,normalised
28.97287631034851,,,0.25345,0.06782,1,,,,,,,,,GP3,0.25345,0.06782,0.2474,0.44167,normalised
28.990818738937378,,,0.25331,0.06939,1,,,,,,,,,GP3,0.25331,0.06939,0.2474,0.44167,normalised
29.006927251815796,,,0.25246,0.06833,1,,,,,,,,,GP3,0.25246,0.06833,0.2474,0.44167,normalised
29.020620107650757,,,0.2516,0.06708,1,,,,,,,,,GP3,0.2516,0.06708,0.2474,0.44167,normalised
29.037415981292725,,,0.25193,0.06723,1,,,,,,,,,GP3,0.25193,0.06723,0.2474,0.44167,normalised
29.05510187149048,,,0.25224,0.068,1,,,,,,,,,GP3,0.25224,0.068,0.2474,0.44167,normalised
29.07158875465393,,,0.2528,0.06951,1,,,,,,,,,GP3,0.2528,0.06951,0.2474,0.44167,normalised
29.0884952545166,,,0.25308,0.07078,1,,,,,,,,,GP3,0.25308,0.07078,0.2474,0.44167,normalised
29.10326862335205,,,0.25303,0.07275,1,,,,,,,,,GP3,0.25303,0.07275,0.2474,0.44167,normalised
29.120741605758667,,,0.25299,0.07453,1,,,,,,,,,GP3,0.25299,0.07453,0.2474,0.44167,normalised
29.134703874588013,,,0.25352,0.07647,1,,,,,,,,,GP3,0.25352,0.07647,0.2474,0.44167,normalised
29.152292728424072,,,0.25404,0.07722,1,,,,,,,,,GP3,0.25404,0.07722,0.2474,0.44167,normalised
29.170079469680786,,,0.25438,0.07748,1,,,,,,,,,GP3,0.25438,0.07748,0.2474,0.44167,normalised
29.183966636657715,,,0.25918,0.07526,1,,,,,,,,,GP3,0.25918,0.07526,0.2474,0.44167,normalised
29.198344707489014,,,0.2635,0.07673,1,,,,,,,,,GP3,0.2635,0.07673,0.2474,0.44167,normalised
29.215813398361206,,,0.28902,0.09391,0,,,,,,,,,GP3,0.28902,0.09391,0.2474,0.44167,normalised
29.23276424407959,,,0.34154,0.13225,0,,,,,,,,,GP3,0.34154,0.13225,0.2474,0.44167,normalised
29.24889302253723,,,0.36743,0.16042,0,,,,,,,,,GP3,0.36743,0.16042,0.2474,0.44167,normalised
29.266332149505615,,,0.41506,0.2134,0,,,,,,,,,GP3,0.41506,0.2134,0.2474,0.44167,normalised
29.280067682266235,,,0.43045,0.23435,0,,,,,,,,,GP3,0.43045,0.23435,0.2474,0.44167,normalised
29.298763275146484,,,0.43094,0.22917,0,,,,,,,,,GP3,0.43094,0.22917,0.2474,0.44167,normalised
29.31597876548767,,,0.43097,0.22632,1,,,,,,,,,GP3,0.43097,0.22632,0.2474,0.44167,normalised
29.330517530441284,,,0.40662,0.45454,0,,,,,,,,,GP3,0.40662,0.45454,0.2474,0.44167,normalised
29.348484992980957,,,0.2772,0.83262,0,,,,,,,,,GP3,0.2772,0.83262,0.2474,0.44167,normalised
29.362152576446533,,,0.2772,0.83262,0,,,,,,,,,GP3,0.2772,0.83262,0.2474,0.44167,normalised
29.37855052947998,,,0.14777,1.21071,0,,,,,,,,,GP3,0.14777,1.21071,0.2474,0.44167,normalised
29.39589214324951,,,0.14777,1.21071,0,,,,,,,,,GP3,0.14777,1.21071,0.2474,0.44167,normalised
29.410630464553833,,,0.14777,1.21071,0,,,,,,,,,GP3,0.14777,1.21071,0.2474,0.44167,normalised
29.429126977920532,,,0.0,0.0,0,,,,,,,,,GP3,0.0,0.0,0.2474,0.44167,normalised
29.44392967224121,,,0.0,0.0,0,,,,,,,,,GP3,0.0,0.0,0.2474,0.44167,normalised
29.45959448814392,,,0.0,0.0,0,,,,,,,,,GP3,0.0,0.0,0.2474,0.44167,normalised
29.476141452789307,,,0.0,0.0,0,,,,,,,,,GP3,0.0,0.0,0.2474,0.44167,normalised
29.49265217781067,,,0.0,0.0,0,,,,,,,,,GP3,0.0,0.0,0.2474,0.44167,normalised
29.51065707206726,,,0.0,0.0,0,,,,,,,,,GP3,0.0,0.0,0.2474,0.44167,normalised
29.52535080909729,,,0.0,0.0,0,,,,,,,,,GP3,0.0,0.0,0.2474,0.44167,normalised
29.54293727874756,,,0.0,0.0,0,,,,,,,,,GP3,0.0,0.0,0.2474,0.44167,normalised
29.557977199554443,,,0.0,0.0,0,,,,,,,,,GP3,0.0,0.0,0.2474,0.44167,normalised
29.575652360916138,,,0.0,0.0,0,,,,,,,,,GP3,0.0,0.0,0.2474,0.44167,normalised
29.59130835533142,,,0.0,0.0,0,,,,,,,,,GP3,0.0,0.0,0.2474,0.44167,normalised
29.606266975402832,,,-0.17505,0.62725,0,,,,,,,,,GP3,-0.17505,0.62725,0.2474,0.44167,normalised
29.619730472564697,,,0.26857,0.84675,0,,,,,,,,,GP3,0.26857,0.84675,0.2474,0.44167,normalised
29.637178897857666,,,0.54883,0.63237,0,,,,,,,,,GP3,0.54883,0.63237,0.2474,0.44167,normalised
29.651690006256104,,,0.64144,0.55618,0,,,,,,,,,GP3,0.64144,0.55618,0.2474,0.44167,normalised
29.668303966522217,,,0.82414,0.38927,0,,,,,,,,,GP3,0.82414,0.38927,0.2474,0.44167,normalised
29.685927152633667,,,0.81272,0.35642,0,,,,,,,,,GP3,0.81272,0.35642,0.2474,0.44167,normalised
29.699630975723267,,,0.80524,0.33388,0,,,,,,,,,GP3,0.80524,0.33388,0.2474,0.44167,normalised
29.717355966567993,,,0.79914,0.32127,1,,,,,,,,,GP3,0.79914,0.32127,0.2474,0.44167,normalised
29.73418140411377,,,0.79497,0.31289,1,,,,,,,,,GP3,0.79497,0.31289,0.2474,0.44167,normalised
29.75058650970459,,,0.79304,0.3101,1,,,,,,,,,GP3,0.79304,0.3101,0.2474,0.44167,normalised
29.765101432800293,,,0.79265,0.31109,1,,,,,,,,,GP3,0.79265,0.31109,0.2474,0.44167,normalised
29.781954288482666,,,0.79225,0.31063,1,,,,,,,,,GP3,0.79225,0.31063,0.2474,0.44167,normalised
29.79889154434204,,,0.79195,0.31028,1,,,,,,,,,GP3,0.79195,0.31028,0.2474,0.44167,normalised
29.815536975860596,,,0.79237,0.30945,1,,,,,,,,,GP3,0.79237,0.30945,0.2474,0.44167,normalised
29.830229997634888,,,0.78804,0.3064,1,,,,,,,,,GP3,0.78804,0.3064,0.2474,0.44167,normalised
29.84774899482727,,,0.78442,0.30386,1,,,,,,,,,GP3,0.78442,0.30386,0.2474,0.44167,normalised
29.86238169670105,,,0.78024,0.29902,1,,,,,,,,,GP3,0.78024,0.29902,0.2474,0.44167,normalised
29.88017725944519,,,0.77633,0.29478,1,,,,,,,,,GP3,0.77633,0.29478,0.2474,0.44167,normalised
29.8948872089386,,,0.77312,0.29177,1,,,,,,,,,GP3,0.77312,0.29177,0.2474,0.44167,normalised
29.909849643707275,,,0.77093,0.29037,1,,,,,,,,,GP3,0.77093,0.29037,0.2474,0.44167,normalised
29.927298307418823,,,0.76912,0.28988,1,,,,,,,,,GP3,0.76912,0.28988,0.2474,0.44167,normalised
29.94501304626465,,,0.76779,0.29032,1,,,,,,,,,GP3,0.76779,0.29032,0.2474,0.44167,normalised
29.958873510360718,,,0.7674,0.29165,1,,,,,,,,,GP3,0.7674,0.29165,0.2474,0.44167,normalised
29.975019931793213,,,0.76683,0.29309,1,,,,,,,,,GP3,0.76683,0.29309,0.2474,0.44167,normalised
29.99265718460083,,,0.76631,0.2944,1,,,,,,,,,GP3,0.76631,0.2944,0.2474,0.44167,normalised
30.00877022743225,,,0.76579,0.29591,1,,,,,,,,,GP3,0.76579,0.29591,0.2474,0.44167,normalised
30.023355960845947,,,0.76495,0.29604,1,,,,,,,,,GP3,0.76495,0.29604,0.2474,0.44167,normalised
30.03973698616028,,,0.76408,0.29574,1,,,,,,,,,GP3,0.76408,0.29574,0.2474,0.44167,normalised
30.05734658241272,,,0.76342,0.29555,1,,,,,,,,,GP3,0.76342,0.29555,0.2474,0.44167,normalised
30.071751594543457,,,0.76192,0.29378,1,,,,,,,,,GP3,0.76192,0.29378,0.2474,0.44167,normalised
30.089260578155518,,,0.76022,0.29114,1,,,,,,,,,GP3,0.76022,0.29114,0.2474,0.44167,normalised
30.10432529449463,,,0.75866,0.28829,1,,,,,,,,,GP3,0.75866,0.28829,0.2474,0.44167,normalised
30.12104630470276,,,0.75708,0.28469,1,,,,,,,,,GP3,0.75708,0.28469,0.2474,0.44167,normalised
30.137706756591797,,,0.75562,0.28147,1,,,,,,,,,GP3,0.75562,0.28147,0.2474,0.44167,normalised
30.1553852558136,,,0.73479,0.26306,0,,,,,,,,,GP3,0.73479,0.26306,0.2474,0.44167,normalised
30.168975114822388,,,0.7345,0.26703,0,,,,,,,,,GP3,0.7345,0.26703,0.2474,0.44167,normalised
30.18651533126831,,,0.73687,0.27583,0,,,,,,,,,GP3,0.73687,0.27583,0.2474,0.44167,normalised
30.204037189483643,,,0.74,0.28072,1,,,,,,,,,GP3,0.74,0.28072,0.2474,0.44167,normalised
30.21874737739563,,,0.74229,0.28636,1,,,,,,,,,GP3,0.74229,0.28636,0.2474,0.44167,normalised
30.2334201335907,,,0.74345,0.2892,1,,,,,,,,,GP3,0.74345,0.2892,0.2474,0.44167,normalised
30.25014877319336,,,0.74334,0.28884,1,,,,,,,,,GP3,0.74334,0.28884,0.2474,0.44167,normalised
30.267552614212036,,,0.74239,0.2895,1,,,,,,,,,GP3,0.74239,0.2895,0.2474,0.44167,normalised
30.28209114074707,,,0.74189,0.29062,1,,,,,,,,,GP3,0.74189,0.29062,0.2474,0.44167,normalised
30.29915428161621,,,0.74226,0.29187,1,,,,,,,,,GP3,0.74226,0.29187,0.2474,0.44167,normalised
30.316681385040283,,,0.74297,0.2914,1,,,,,,,,,GP3,0.74297,0.2914,0.2474,0.44167,normalised
30.331496715545654,,,0.74292,0.28881,1,,,,,,,,,GP3,0.74292,0.28881,0.2474,0.44167,normalised
30.349217414855957,,,0.74141,0.28413,1,,,,,,,,,GP3,0.74141,0.28413,0.2474,0.44167,normalised
30.363621711730957,,,0.74007,0.27951,1,,,,,,,,,GP3,0.74007,0.27951,0.2474,0.44167,normalised
30.381593465805054,,,0.73892,0.27577,1,,,,,,,,,GP3,0.73892,0.27577,0.2474,0.44167,normalised
30.397017002105713,,,0.7376,0.27303,1,,,,,,,,,GP3,0.7376,0.27303,0.2474,0.44167,normalised
30.41454267501831,,,0.73742,0.27256,1,,,,,,,,,GP3,0.73742,0.27256,0.2474,0.44167,normalised
30.42873787879944,,,0.73768,0.27341,1,,,,,,,,,GP3,0.73768,0.27341,0.2474,0.44167,normalised
30.446259260177612,,,0.73777,0.27441,1,,,,,,,,,GP3,0.73777,0.27441,0.2474,0.44167,normalised
30.460885524749756,,,0.73812,0.27487,1,,,,,,,,,GP3,0.73812,0.27487,0.2474,0.44167,normalised
30.478136777877808,,,0.73821,0.27455,1,,,,,,,,,GP3,0.73821,0.27455,0.2474,0.44167,normalised
30.49279022216797,,,0.73841,0.27521,1,,,,,,,,,GP3,0.73841,0.27521,0.2474,0.44167,normalised
30.509256601333618,,,0.73839,0.27483,1,,,,,,,,,GP3,0.73839,0.27483,0.2474,0.44167,normalised
30.527029991149902,,,0.73847,0.27489,1,,,,,,,,,GP3,0.73847,0.27489,0.2474,0.44167,normalised
30.541752338409424,,,0.73871,0.27576,1,,,,,,,,,GP3,0.73871,0.27576,0.2474,0.44167,normalised
30.559396982192993,,,0.73874,0.27706,1,,,,,,,,,GP3,0.73874,0.27706,0.2474,0.44167,normalised
30.573015451431274,,,0.73894,0.27884,1,,,,,,,,,GP3,0.73894,0.27884,0.2474,0.44167,normalised
30.58981943130493,,,0.73933,0.28051,1,,,,,,,,,GP3,0.73933,0.28051,0.2474,0.44167,normalised
30.606611967086792,,,0.73962,0.28207,1,,,,,,,,,GP3,0.73962,0.28207,0.2474,0.44167,normalised
30.622201442718506,,,0.73989,0.28353,1,,,,,,,,,GP3,0.73989,0.28353,0.2474,0.44167,normalised
30.63778257369995,,,0.74086,0.28637,1,,,,,,,,,GP3,0.74086,0.28637,0.2474,0.44167,normalised
30.654342651367188,,,0.74184,0.28908,1,,,,,,,,,GP3,0.74184,0.28908,0.2474,0.44167,normalised
30.671780109405518,,,0.75033,0.31986,0,,,,,,,,,GP3,0.75033,0.31986,0.2474,0.44167,normalised
30.686635732650757,,,0.74906,0.30517,0,,,,,,,,,GP3,0.74906,0.30517,0.2474,0.44167,normalised
30.704260110855103,,,0.74923,0.29921,0,,,,,,,,,GP3,0.74923,0.29921,0.2474,0.44167,normalised
30.718932151794434,,,0.74686,0.28836,1,,,,,,,,,GP3,0.74686,0.28836,0.2474,0.44167,normalised
30.73636031150818,,,0.73992,0.27419,1,,,,,,,,,GP3,0.73992,0.27419,0.2474,0.44167,normalised
30.751049280166626,,,0.73757,0.26266,1,,,,,,,,,GP3,0.73757,0.26266,0.2474,0.44167,normalised
30.768494606018066,,,0.73671,0.2574,1,,,,,,,,,GP3,0.73671,0.2574,0.2474,0.44167,normalised
30.785281658172607,,,0.73815,0.25844,1,,,,,,,,,GP3,0.73815,0.25844,0.2474,0.44167,normalised
30.79959511756897,,,0.73791,0.25962,1,,,,,,,,,GP3,0.73791,0.25962,0.2474,0.44167,normalised
30.817058801651,,,0.7385,0.26285,1,,,,,,,,,GP3,0.7385,0.26285,0.2474,0.44167,normalised
30.832003593444824,,,0.74033,0.26758,1,,,,,,,,,GP3,0.74033,0.26758,0.2474,0.44167,normalised
30.849697589874268,,,0.74309,0.27151,1,,,,,,,,,GP3,0.74309,0.27151,0.2474,0.44167,normalised
30.867421865463257,,,0.74485,0.27283,1,,,,,,,,,GP3,0.74485,0.27283,0.2474,0.44167,normalised
30.881017684936523,,,0.74276,0.26846,1,,,,,,,,,GP3,0.74276,0.26846,0.2474,0.44167,normalised
30.89851665496826,,,0.74119,0.26334,1,,,,,,,,,GP3,0.74119,0.26334,0.2474,0.44167,normalised
30.916072607040405,,,0.73984,0.2591,1,,,,,,,,,GP3,0.73984,0.2591,0.2474,0.44167,normalised
30.93062138557434,,,0.73942,0.25775,1,,,,,,,,,GP3,0.73942,0.25775,0.2474,0.44167,normalised
30.94725012779236,,,0.73909,0.25757,1,,,,,,,,,GP3,0.73909,0.25757,0.2474,0.44167,normalised
30.961771249771118,,,0.73906,0.25803,1,,,,,,,,,GP3,0.73906,0.25803,0.2474,0.44167,normalised
30.979519605636597,,,0.73993,0.25972,1,,,,,,,,,GP3,0.73993,0.25972,0.2474,0.44167,normalised
30.993345737457275,,,0.73955,0.25857,1,,,,,,,,,GP3,0.73955,0.25857,0.2474,0.44167,normalised
31.010233640670776,,,0.73898,0.25698,1,,,,,,,,,GP3,0.73898,0.25698,0.2474,0.44167,normalised
31.026871919631958,,,0.73901,0.25697,1,,,,,,,,,GP3,0.73901,0.25697,0.2474,0.44167,normalised
31.04461169242859,,,0.73925,0.25841,1,,,,,,,,,GP3,0.73925,0.25841,0.2474,0.44167,normalised
31.059030294418335,,,0.73964,0.26019,1,,,,,,,,,GP3,0.73964,0.26019,0.2474,0.44167,normalised
31.076544761657715,,,0.73984,0.26148,1,,,,,,,,,GP3,0.73984,0.26148,0.2474,0.44167,normalised
31.093048095703125,,,0.74012,0.26147,1,,,,,,,,,GP3,0.74012,0.26147,0.2474,0.44167,normalised
31.108618021011353,,,0.74022,0.26105,1,,,,,,,,,GP3,0.74022,0.26105,0.2474,0.44167,normalised
31.124292612075806,,,0.73991,0.26035,1,,,,,,,,,GP3,0.73991,0.26035,0.2474,0.44167,normalised
31.140157461166382,,,0.74001,0.26088,1,,,,,,,,,GP3,0.74001,0.26088,0.2474,0.44167,normalised
31.158081531524658,,,0.74034,0.26211,1,,,,,,,,,GP3,0.74034,0.26211,0.2474,0.44167,normalised
31.171860694885254,,,0.74053,0.26254,1,,,,,,,,,GP3,0.74053,0.26254,0.2474,0.44167,normalised
31.189144134521484,,,0.74054,0.26257,1,,,,,,,,,GP3,0.74054,0.26257,0.2474,0.44167,normalised
31.206559896469116,,,0.74049,0.26243,1,,,,,,,,,GP3,0.74049,0.26243,0.2474,0.44167,normalised
31.221077919006348,,,0.7407,0.26301,1,,,,,,,,,GP3,0.7407,0.26301,0.2474,0.44167,normalised
31.237769603729248,,,0.74096,0.26401,1,,,,,,,,,GP3,0.74096,0.26401,0.2474,0.44167,normalised
31.253687858581543,,,0.74134,0.26538,1,,,,,,,,,GP3,0.74134,0.26538,0.2474,0.44167,normalised
31.269567728042603,,,0.74212,0.26755,1,,,,,,,,,GP3,0.74212,0.26755,0.2474,0.44167,normalised
31.28526520729065,,,0.74259,0.26927,1,,,,,,,,,GP3,0.74259,0.26927,0.2474,0.44167,normalised
31.301795721054077,,,0.74298,0.27065,1,,,,,,,,,GP3,0.74298,0.27065,0.2474,0.44167,normalised
31.31764554977417,,,0.75144,0.29911,0,,,,,,,,,GP3,0.75144,0.29911,0.2474,0.44167,normalised
31.335836172103882,,,0.74767,0.28916,0,,,,,,,,,GP3,0.74767,0.28916,0.2474,0.44167,normalised
31.349897861480713,,,0.7448,0.28067,0,,,,,,,,,GP3,0.7448,0.28067,0.2474,0.44167,normalised
31.365837335586548,,,0.73963,0.26698,1,,,,,,,,,GP3,0.73963,0.26698,0.2474,0.44167,normalised
31.38372278213501,,,0.74073,0.26319,1,,,,,,,,,GP3,0.74073,0.26319,0.2474,0.44167,normalised
31.40007448196411,,,0.74147,0.26067,1,,,,,,,,,GP3,0.74147,0.26067,0.2474,0.44167,normalised
31.41650128364563,,,0.72055,0.25597,1,,,,,,,,,GP3,0.72055,0.25597,0.2474,0.44167,normalised
31.430925130844116,,,0.70536,0.25219,1,,,,,,,,,GP3,0.70536,0.25219,0.2474,0.44167,normalised
31.44816780090332,,,0.69398,0.25033,1,,,,,,,,,GP3,0.69398,0.25033,0.2474,0.44167,normalised
31.46562933921814,,,0.67093,0.26038,1,,,,,,,,,GP3,0.67093,0.26038,0.2474,0.44167,normalised
31.479170083999634,,,0.65325,0.27274,1,,,,,,,,,GP3,0.65325,0.27274,0.2474,0.44167,normalised
31.495190858840942,,,0.63886,0.284,1,,,,,,,,,GP3,0.63886,0.284,0.2474,0.44167,normalised
31.51402997970581,,,0.62659,0.29249,1,,,,,,,,,GP3,0.62659,0.29249,0.2474,0.44167,normalised
31.52817416191101,,,0.61555,0.29978,1,,,,,,,,,GP3,0.61555,0.29978,0.2474,0.44167,normalised
31.545361518859863,,,0.57099,0.31164,0,,,,,,,,,GP3,0.57099,0.31164,0.2474,0.44167,normalised
31.56305742263794,,,0.52542,0.35288,0,,,,,,,,,GP3,0.52542,0.35288,0.2474,0.44167,normalised
31.57695746421814,,,0.50949,0.36023,0,,,,,,,,,GP3,0.50949,0.36023,0.2474,0.44167,normalised
31.593968391418457,,,0.47794,0.38026,0,,,,,,,,,GP3,0.47794,0.38026,0.2474,0.44167,normalised
31.610674381256104,,,0.47147,0.37736,0,,,,,,,,,GP3,0.47147,0.37736,0.2474,0.44167,normalised
31.625396013259888,,,0.47093,0.38062,0,,,,,,,,,GP3,0.47093,0.38062,0.2474,0.44167,normalised
31.64136052131653,,,0.47228,0.38662,1,,,,,,,,,GP3,0.47228,0.38662,0.2474,0.44167,normalised
31.658130645751953,,,0.47635,0.39346,1,,,,,,,,,GP3,0.47635,0.39346,0.2474,0.44167,normalised
31.675273656845093,,,0.47975,0.4002,1,,,,,,,,,GP3,0.47975,0.4002,0.2474,0.44167,normalised
31.69003462791443,,,0.48254,0.40598,1,,,,,,,,,GP3,0.48254,0.40598,0.2474,0.44167,normalised
31.70599365234375,,,0.48365,0.40981,1,,,,,,,,,GP3,0.48365,0.40981,0.2474,0.44167,normalised
31.723294019699097,,,0.48391,0.40974,1,,,,,,,,,GP3,0.48391,0.40974,0.2474,0.44167,normalised
31.739246606826782,,,0.48369,0.40834,1,,,,,,,,,GP3,0.48369,0.40834,0.2474,0.44167,normalised
31.7539963722229,,,0.48381,0.40659,1,,,,,,,,,GP3,0.48381,0.40659,0.2474,0.44167,normalised
31.76996421813965,,,0.4835,0.40335,1,,,,,,,,,GP3,0.4835,0.40335,0.2474,0.44167,normalised
31.788804054260254,,,0.48265,0.39896,1,,,,,,,,,GP3,0.48265,0.39896,0.2474,0.44167,normalised
31.80332064628601,,,0.4807,0.39475,1,,,,,,,,,GP3,0.4807,0.39475,0.2474,0.44167,normalised
31.82024621963501,,,0.47888,0.39081,1,,,,,,,,,GP3,0.47888,0.39081,0.2474,0.44167,normalised
31.83604598045349,,,0.47728,0.38737,1,,,,,,,,,GP3,0.47728,0.38737,0.2474,0.44167,normalised
31.851989269256592,,,0.47634,0.38392,1,,,,,,,,,GP3,0.47634,0.38392,0.2474,0.44167,normalised
31.867252588272095,,,0.47566,0.38136,1,,,,,,,,,GP3,0.47566,0.38136,0.2474,0.44167,normalised
31.88382053375244,,,0.47489,0.37861,1,,,,,,,,,GP3,0.47489,0.37861,0.2474,0.44167,normalised
31.8996639251709,,,0.47337,0.37468,1,,,,,,,,,GP3,0.47337,0.37468,0.2474,0.44167,normalised
31.916316986083984,,,0.46297,0.34146,0,,,,,,,,,GP3,0.46297,0.34146,0.2474,0.44167,normalised
31.933159828186035,,,0.45238,0.31432,0,,,,,,,,,GP3,0.45238,0.31432,0.2474,0.44167,normalised
31.95055341720581,,,0.44383,0.29946,0,,,,,,,,,GP3,0.44383,0.29946,0.2474,0.44167,normalised
31.96710181236267,,,0.44449,0.304,1,,,,,,,,,GP3,0.44449,0.304,0.2474,0.44167,normalised
31.98168110847473,,,0.44523,0.30761,1,,,,,,,,,GP3,0.44523,0.30761,0.2474,0.44167,normalised
31.996577262878418,,,0.44455,0.31085,1,,,,,,,,,GP3,0.44455,0.31085,0.2474,0.44167,normalised
32.0155975818634,,,0.44284,0.31106,1,,,,,,,,,GP3,0.44284,0.31106,0.2474,0.44167,normalised
32.029524087905884,,,0.44168,0.31168,1,,,,,,,,,GP3,0.44168,0.31168,0.2474,0.44167,normalised
32.04729986190796,,,0.44295,0.31445,1,,,,,,,,,GP3,0.44295,0.31445,0.2474,0.44167,normalised
32.0619752407074,,,0.44367,0.31771,1,,,,,,,,,GP3,0.44367,0.31771,0.2474,0.44167,normalised
32.07904529571533,,,0.44457,0.32113,1,,,,,,,,,GP3,0.44457,0.32113,0.2474,0.44167,normalised
32.094441413879395,,,0.44704,0.32558,1,,,,,,,,,GP3,0.44704,0.32558,0.2474,0.44167,normalised
32.11191916465759,,,0.44501,0.32043,1,,,,,,,,,GP3,0.44501,0.32043,0.2474,0.44167,normalised
32.12732720375061,,,0.4425,0.31382,1,,,,,,,,,GP3,0.4425,0.31382,0.2474,0.44167,normalised
32.14509606361389,,,0.4468,0.33863,1,,,,,,,,,GP3,0.4468,0.33863,0.2474,0.44167,normalised
32.16154479980469,,,0.45009,0.3619,1,,,,,,,,,GP3,0.45009,0.3619,0.2474,0.44167,normalised
32.1750054359436,,,0.45635,0.41386,0,,,,,,,,,GP3,0.45635,0.41386,0.2474,0.44167,normalised
32.191704988479614,,,0.4792,0.57392,0,,,,,,,,,GP3,0.4792,0.57392,0.2474,0.44167,normalised
32.20940113067627,,,0.48201,0.62394,0,,,,,,,,,GP3,0.48201,0.62394,0.2474,0.44167,normalised
32.223127603530884,,,0.49147,0.72546,0,,,,,,,,,GP3,0.49147,0.72546,0.2474,0.44167,normalised
32.24061417579651,,,0.48295,0.71185,0,,,,,,,,,GP3,0.48295,0.71185,0.2474,0.44167,normalised
32.25660252571106,,,0.47128,0.70128,0,,,,,,,,,GP3,0.47128,0.70128,0.2474,0.44167,normalised
32.272568702697754,,,0.46425,0.6937,1,,,,,,,,,GP3,0.46425,0.6937,0.2474,0.44167,normalised
32.289416790008545,,,0.46343,0.68985,1,,,,,,,,,GP3,0.46343,0.68985,0.2474,0.44167,normalised
32.30375409126282,,,0.4597,0.68636,1,,,,,,,,,GP3,0.4597,0.68636,0.2474,0.44167,normalised
32.32058548927307,,,0.45703,0.68386,1,,,,,,,,,GP3,0.45703,0.68386,0.2474,0.44167,normalised
32.33654737472534,,,0.45726,0.68515,1,,,,,,,,,GP3,0.45726,0.68515,0.2474,0.44167,normalised
32.354137659072876,,,0.45456,0.68095,1,,,,,,,,,GP3,0.45456,0.68095,0.2474,0.44167,normalised
32.36887788772583,,,0.45265,0.67806,1,,,,,,,,,GP3,0.45265,0.67806,0.2474,0.44167,normalised
32.38651204109192,,,0.45401,0.6787,1,,,,,,,,,GP3,0.45401,0.6787,0.2474,0.44167,normalised
32.401851177215576,,,0.4543,0.68216,1,,,,,,,,,GP3,0.4543,0.68216,0.2474,0.44167,normalised
32.41711926460266,,,0.4546,0.6852,1,,,,,,,,,GP3,0.4546,0.6852,0.2474,0.44167,normalised
32.43397092819214,,,0.45525,0.68626,1,,,,,,,,,GP3,0.45525,0.68626,0.2474,0.44167,normalised
32.450648069381714,,,0.45565,0.68675,1,,,,,,,,,GP3,0.45565,0.68675,0.2474,0.44167,normalised
32.46824860572815,,,0.4559,0.68699,1,,,,,,,,,GP3,0.4559,0.68699,0.2474,0.44167,normalised
32.48285675048828,,,0.45403,0.6875,1,,,,,,,,,GP3,0.45403,0.6875,0.2474,0.44167,normalised
32.4985876083374,,,0.45152,0.68689,1,,,,,,,,,GP3,0.45152,0.68689,0.2474,0.44167,normalised
32.51451897621155,,,0.449,0.68586,1,,,,,,,,,GP3,0.449,0.68586,0.2474,0.44167,normalised
32.530542850494385,,,0.44571,0.68518,1,,,,,,,,,GP3,0.44571,0.68518,0.2474,0.44167,normalised
32.54740047454834,,,0.44256,0.68368,1,,,,,,,,,GP3,0.44256,0.68368,0.2474,0.44167,normalised
32.5639169216156,,,0.43985,0.68259,1,,,,,,,,,GP3,0.43985,0.68259,0.2474,0.44167,normalised
32.58189392089844,,,0.43905,0.68331,1,,,,,,,,,GP3,0.43905,0.68331,0.2474,0.44167,normalised
32.59755301475525,,,0.43844,0.6846,1,,,,,,,,,GP3,0.43844,0.6846,0.2474,0.44167,normalised
32.61151719093323,,,0.43794,0.68592,1,,,,,,,,,GP3,0.43794,0.68592,0.2474,0.44167,normalised
32.63016939163208,,,0.43716,0.68698,1,,,,,,,,,GP3,0.43716,0.68698,0.2474,0.44167,normalised
32.64584445953369,,,0.43617,0.68735,1,,,,,,,,,GP3,0.43617,0.68735,0.2474,0.44167,normalised
32.66044354438782,,,0.40729,0.6879,0,,,,,,,,,GP3,0.40729,0.6879,0.2474,0.44167,normalised
32.67884278297424,,,0.40852,0.69198,0,,,,,,,,,GP3,0.40852,0.69198,0.2474,0.44167,normalised
32.69277572631836,,,0.40651,0.69063,0,,,,,,,,,GP3,0.40651,0.69063,0.2474,0.44167,normalised
32.708518981933594,,,0.40595,0.69065,1,,,,,,,,,GP3,0.40595,0.69065,0.2474,0.44167,normalised
32.725035190582275,,,0.4058,0.69163,1,,,,,,,,,GP3,0.4058,0.69163,0.2474,0.44167,normalised
32.742124795913696,,,0.40674,0.69496,1,,,,,,,,,GP3,0.40674,0.69496,0.2474,0.44167,normalised
32.757038593292236,,,0.40853,0.69927,1,,,,,,,,,GP3,0.40853,0.69927,0.2474,0.44167,normalised
32.774658203125,,,0.41334,0.70452,1,,,,,,,,,GP3,0.41334,0.70452,0.2474,0.44167,normalised
32.79236173629761,,,0.41898,0.70918,1,,,,,,,,,GP3,0.41898,0.70918,0.2474,0.44167,normalised
32.80690670013428,,,0.4235,0.71291,1,,,,,,,,,GP3,0.4235,0.71291,0.2474,0.44167,normalised
32.822733640670776,,,0.42721,0.71869,1,,,,,,,,,GP3,0.42721,0.71869,0.2474,0.44167,normalised
32.840299129486084,,,0.42704,0.72079,1,,,,,,,,,GP3,0.42704,0.72079,0.2474,0.44167,normalised
32.85415244102478,,,0.4267,0.72225,1,,,,,,,,,GP3,0.4267,0.72225,0.2474,0.44167,normalised
32.871315240859985,,,0.42693,0.72316,1,,,,,,,,,GP3,0.42693,0.72316,0.2474,0.44167,normalised
32.88853049278259,,,0.4276,0.72419,1,,,,,,,,,GP3,0.4276,0.72419,0.2474,0.44167,normalised
32.90420937538147,,,0.42818,0.72508,1,,,,,,,,,GP3,0.42818,0.72508,0.2474,0.44167,normalised
32.92001819610596,,,0.42938,0.72542,1,,,,,,,,,GP3,0.42938,0.72542,0.2474,0.44167,normalised
32.93566632270813,,,0.42986,0.72522,1,,,,,,,,,GP3,0.42986,0.72522,0.2474,0.44167,normalised
32.951396226882935,,,0.43029,0.72504,1,,,,,,,,,GP3,0.43029,0.72504,0.2474,0.44167,normalised
32.96817493438721,,,0.4314,0.72412,1,,,,,,,,,GP3,0.4314,0.72412,0.2474,0.44167,normalised
32.985610246658325,,,0.43299,0.72443,1,,,,,,,,,GP3,0.43299,0.72443,0.2474,0.44167,normalised
33.00009799003601,,,0.43444,0.72472,1,,,,,,,,,GP3,0.43444,0.72472,0.2474,0.44167,normalised
33.016284704208374,,,0.43523,0.72526,1,,,,,,,,,GP3,0.43523,0.72526,0.2474,0.44167,normalised
33.03290009498596,,,0.43664,0.72619,1,,,,,,,,,GP3,0.43664,0.72619,0.2474,0.44167,normalised
33.04916048049927,,,0.43801,0.72717,1,,,,,,,,,GP3,0.43801,0.72717,0.2474,0.44167,normalised
33.066112756729126,,,0.43832,0.72758,1,,,,,,,,,GP3,0.43832,0.72758,0.2474,0.44167,normalised
33.08298420906067,,,0.43882,0.72836,1,,,,,,,,,GP3,0.43882,0.72836,0.2474,0.44167,normalised
33.09722900390625,,,0.43931,0.72913,1,,,,,,,,,GP3,0.43931,0.72913,0.2474,0.44167,normalised
33.113447427749634,,,0.44018,0.72983,1,,,,,,,,,GP3,0.44018,0.72983,0.2474,0.44167,normalised
33.130977392196655,,,0.44086,0.73059,1,,,,,,,,,GP3,0.44086,0.73059,0.2474,0.44167,normalised
33.145734786987305,,,0.44156,0.73139,1,,,,,,,,,GP3,0.44156,0.73139,0.2474,0.44167,normalised
33.16139888763428,,,0.44218,0.73179,1,,,,,,,,,GP3,0.44218,0.73179,0.2474,0.44167,normalised
33.17729568481445,,,0.44252,0.73213,1,,,,,,,,,GP3,0.44252,0.73213,0.2474,0.44167,normalised
33.19637942314148,,,0.44271,0.73222,1,,,,,,,,,GP3,0.44271,0.73222,0.2474,0.44167,normalised
33.21012234687805,,,0.44331,0.73203,1,,,,,,,,,GP3,0.44331,0.73203,0.2474,0.44167,normalised
33.22635459899902,,,0.44358,0.73151,1,,,,,,,,,GP3,0.44358,0.73151,0.2474,0.44167,normalised
33.24299240112305,,,0.44381,0.73098,1,,,,,,,,,GP3,0.44381,0.73098,0.2474,0.44167,normalised
33.260520696640015,,,0.44318,0.73021,1,,,,,,,,,GP3,0.44318,0.73021,0.2474,0.44167,normalised
33.276202917099,,,0.44241,0.72903,1,,,,,,,,,GP3,0.44241,0.72903,0.2474,0.44167,normalised
33.2912118434906,,,0.44163,0.72784,1,,,,,,,,,GP3,0.44163,0.72784,0.2474,0.44167,normalised
33.307767152786255,,,0.44121,0.72715,1,,,,,,,,,GP3,0.44121,0.72715,0.2474,0.44167,normalised
33.3230676651001,,,0.4408,0.72686,1,,,,,,,,,GP3,0.4408,0.72686,0.2474,0.44167,normalised
33.3400661945343,,,0.44045,0.72665,1,,,,,,,,,GP3,0.44045,0.72665,0.2474,0.44167,normalised
33.355847120285034,,,0.44035,0.72609,1,,,,,,,,,GP3,0.44035,0.72609,0.2474,0.44167,normalised
33.37163233757019,,,0.44041,0.72597,1,,,,,,,,,GP3,0.44041,0.72597,0.2474,0.44167,normalised
33.38875985145569,,,0.44042,0.72575,1,,,,,,,,,GP3,0.44042,0.72575,0.2474,0.44167,normalised
33.406012535095215,,,0.44023,0.72511,1,,,,,,,,,GP3,0.44023,0.72511,0.2474,0.44167,normalised
33.42111659049988,,,0.44036,0.72464,1,,,,,,,,,GP3,0.44036,0.72464,0.2474,0.44167,normalised
33.435789585113525,,,0.44123,0.72506,1,,,,,,,,,GP3,0.44123,0.72506,0.2474,0.44167,normalised
33.4523868560791,,,0.4416,0.72516,1,,,,,,,,,GP3,0.4416,0.72516,0.2474,0.44167,normalised
33.47098898887634,,,0.44221,0.72577,1,,,,,,,,,GP3,0.44221,0.72577,0.2474,0.44167,normalised
33.48564600944519,,,0.44281,0.72637,1,,,,,,,,,GP3,0.44281,0.72637,0.2474,0.44167,normalised
33.501110315322876,,,0.44363,0.72688,1,,,,,,,,,GP3,0.44363,0.72688,0.2474,0.44167,normalised
33.51740598678589,,,0.44413,0.72684,1,,,,,,,,,GP3,0.44413,0.72684,0.2474,0.44167,normalised
33.5340895652771,,,0.44436,0.72632,1,,,,,,,,,GP3,0.44436,0.72632,0.2474,0.44167,normalised
33.55116939544678,,,0.44392,0.72591,1,,,,,,,,,GP3,0.44392,0.72591,0.2474,0.44167,normalised
33.56710457801819,,,0.44305,0.7252,1,,,,,,,,,GP3,0.44305,0.7252,0.2474,0.44167,normalised
33.58181619644165,,,0.44219,0.7245,1,,,,,,,,,GP3,0.44219,0.7245,0.2474,0.44167,normalised
33.598925828933716,,,0.44128,0.72328,1,,,,,,,,,GP3,0.44128,0.72328,0.2474,0.44167,normalised
33.61416697502136,,,0.44112,0.72242,1,,,,,,,,,GP3,0.44112,0.72242,0.2474,0.44167,normalised
33.63076567649841,,,0.44102,0.72168,1,,,,,,,,,GP3,0.44102,0.72168,0.2474,0.44167,normalised
33.650470495224,,,0.4408,0.72117,1,,,,,,,,,GP3,0.4408,0.72117,0.2474,0.44167,normalised
33.665037870407104,,,0.44054,0.72049,1,,,,,,,,,GP3,0.44054,0.72049,0.2474,0.44167,normalised
33.67958617210388,,,0.44037,0.72001,1,,,,,,,,,GP3,0.44037,0.72001,0.2474,0.44167,normalised
33.697853803634644,,,0.44043,0.72016,1,,,,,,,,,GP3,0.44043,0.72016,0.2474,0.44167,normalised
33.711286783218384,,,0.44076,0.72089,1,,,,,,,,,GP3,0.44076,0.72089,0.2474,0.44167,normalised
33.72804141044617,,,0.44107,0.72159,1,,,,,,,,,GP3,0.44107,0.72159,0.2474,0.44167,normalised
33.74461627006531,,,0.44082,0.72222,1,,,,,,,,,GP3,0.44082,0.72222,0.2474,0.44167,normalised
33.75942063331604,,,0.44013,0.72202,1,,,,,,,,,GP3,0.44013,0.72202,0.2474,0.44167,normalised
33.77880859375,,,0.43934,0.72163,1,,,,,,,,,GP3,0.43934,0.72163,0.2474,0.44167,normalised
33.79385209083557,,,0.43894,0.72138,1,,,,,,,,,GP3,0.43894,0.72138,0.2474,0.44167,normalised
33.810547828674316,,,0.43849,0.72089,1,,,,,,,,,GP3,0.43849,0.72089,0.2474,0.44167,normalised
33.82404160499573,,,0.43801,0.72033,1,,,,,,,,,GP3,0.43801,0.72033,0.2474,0.44167,normalised
33.841044664382935,,,0.43795,0.7198,1,,,,,,,,,GP3,0.43795,0.7198,0.2474,0.44167,normalised
33.85804581642151,,,0.43802,0.71877,1,,,,,,,,,GP3,0.43802,0.71877,0.2474,0.44167,normalised
33.87276840209961,,,0.43808,0.71774,1,,,,,,,,,GP3,0.43808,0.71774,0.2474,0.44167,normalised
33.890422105789185,,,0.4375,0.71672,1,,,,,,,,,GP3,0.4375,0.71672,0.2474,0.44167,normalised
33.906201124191284,,,0.43707,0.71605,1,,,,,,,,,GP3,0.43707,0.71605,0.2474,0.44167,normalised
33.921106576919556,,,0.43672,0.7155,1,,,,,,,,,GP3,0.43672,0.7155,0.2474,0.44167,normalised
33.94004487991333,,,0.4368,0.71552,1,,,,,,,,,GP3,0.4368,0.71552,0.2474,0.44167,normalised
33.95409798622131,,,0.43716,0.71571,1,,,,,,,,,GP3,0.43716,0.71571,0.2474,0.44167,normalised
33.97066116333008,,,0.4376,0.71603,1,,,,,,,,,GP3,0.4376,0.71603,0.2474,0.44167,normalised
33.985719203948975,,,0.43756,0.71647,1,,,,,,,,,GP3,0.43756,0.71647,0.2474,0.44167,normalised
34.00506067276001,,,0.43757,0.71647,1,,,,,,,,,GP3,0.43757,0.71647,0.2474,0.44167,normalised
34.019474267959595,,,0.43749,0.71632,1,,,,,,,,,GP3,0.43749,0.71632,0.2474,0.44167,normalised
34.03556203842163,,,0.43793,0.71656,1,,,,,,,,,GP3,0.43793,0.71656,0.2474,0.44167,normalised
34.05162310600281,,,0.43832,0.71675,1,,,,,,,,,GP3,0.43832,0.71675,0.2474,0.44167,normalised
34.067219734191895,,,0.43876,0.71702,1,,,,,,,,,GP3,0.43876,0.71702,0.2474,0.44167,normalised
34.083950996398926,,,0.43941,0.71908,1,,,,,,,,,GP3,0.43941,0.71908,0.2474,0.44167,normalised
34.10408091545105,,,0.53161,0.83258,0,,,,,,,,,GP3,0.53161,0.83258,0.2474,0.44167,normalised
34.1164710521698,,,1.26986,1.85384,0,,,,,,,,,GP3,1.26986,1.85384,0.2474,0.44167,normalised
34.13243913650513,,,1.26986,1.85384,0,,,,,,,,,GP3,1.26986,1.85384,0.2474,0.44167,normalised
34.152508020401,,,2.0081,2.87509,0,,,,,,,,,GP3,2.0081,2.87509,0.2474,0.44167,normalised
34.16646718978882,,,2.0081,2.87509,0,,,,,,,,,GP3,2.0081,2.87509,0.2474,0.44167,normalised
34.182488203048706,,,2.0081,2.87509,0,,,,,,,,,GP3,2.0081,2.87509,0.2474,0.44167,normalised
34.202269554138184,,,0.0,0.0,0,,,,,,,,,GP3,0.0,0.0,0.2474,0.44167,normalised
34.21669912338257,,,0.0,0.0,0,,,,,,,,,GP3,0.0,0.0,0.2474,0.44167,normalised
34.23134732246399,,,0.0,0.0,0,,,,,,,,,GP3,0.0,0.0,0.2474,0.44167,normalised
34.2498517036438,,,0.0,0.0,0,,,,,,,,,GP3,0.0,0.0,0.2474,0.44167,normalised
34.2648491859436,,,0.0,0.0,0,,,,,,,,,GP3,0.0,0.0,0.2474,0.44167,normalised
34.2797064781189,,,0.0,0.0,0,,,,,,,,,GP3,0.0,0.0,0.2474,0.44167,normalised
34.29645299911499,,,0.0,0.0,0,,,,,,,,,GP3,0.0,0.0,0.2474,0.44167,normalised
34.313597202301025,,,0.0,0.0,0,,,,,,,,,GP3,0.0,0.0,0.2474,0.44167,normalised
34.327983140945435,,,0.0,0.0,0,,,,,,,,,GP3,0.0,0.0,0.2474,0.44167,normalised
34.344658851623535,,,0.0,0.0,0,,,,,,,,,GP3,0.0,0.0,0.2474,0.44167,normalised
34.36233305931091,,,1.00002,1.43291,0,,,,,,,,,GP3,1.00002,1.43291,0.2474,0.44167,normalised
34.376065492630005,,,0.81394,1.19231,0,,,,,,,,,GP3,0.81394,1.19231,0.2474,0.44167,normalised
34.391669034957886,,,0.96334,1.43413,0,,,,,,,,,GP3,0.96334,1.43413,0.2474,0.44167,normalised
34.4089572429657,,,0.70945,1.08642,0,,,,,,,,,GP3,0.70945,1.08642,0.2474,0.44167,normalised
34.4234459400177,,,0.62664,0.97284,0,,,,,,,,,GP3,0.62664,0.97284,0.2474,0.44167,normalised
34.440404176712036,,,0.45553,0.73944,0,,,,,,,,,GP3,0.45553,0.73944,0.2474,0.44167,normalised
34.457184076309204,,,0.44997,0.73166,0,,,,,,,,,GP3,0.44997,0.73166,0.2474,0.44167,normalised
34.47187519073486,,,0.44747,0.72709,0,,,,,,,,,GP3,0.44747,0.72709,0.2474,0.44167,normalised
34.48835897445679,,,0.44775,0.72805,1,,,,,,,,,GP3,0.44775,0.72805,0.2474,0.44167,normalised
34.50517249107361,,,0.44711,0.72719,1,,,,,,,,,GP3,0.44711,0.72719,0.2474,0.44167,normalised
34.52272582054138,,,0.44561,0.72332,1,,,,,,,,,GP3,0.44561,0.72332,0.2474,0.44167,normalised
34.53598952293396,,,0.44464,0.72227,1,,,,,,,,,GP3,0.44464,0.72227,0.2474,0.44167,normalised
34.55345940589905,,,0.44402,0.72167,1,,,,,,,,,GP3,0.44402,0.72167,0.2474,0.44167,normalised
34.571722984313965,,,0.44477,0.7222,1,,,,,,,,,GP3,0.44477,0.7222,0.2474,0.44167,normalised
34.58680510520935,,,0.44435,0.722,1,,,,,,,,,GP3,0.44435,0.722,0.2474,0.44167,normalised
34.60129237174988,,,0.44359,0.72108,1,,,,,,,,,GP3,0.44359,0.72108,0.2474,0.44167,normalised
34.617595195770264,,,0.44297,0.71996,1,,,,,,,,,GP3,0.44297,0.71996,0.2474,0.44167,normalised
34.63333320617676,,,0.44229,0.71847,1,,,,,,,,,GP3,0.44229,0.71847,0.2474,0.44167,normalised
34.65041399002075,,,0.44199,0.71768,1,,,,,,,,,GP3,0.44199,0.71768,0.2474,0.44167,normalised
34.66693425178528,,,0.44326,0.71837,1,,,,,,,,,GP3,0.44326,0.71837,0.2474,0.44167,normalised
34.68171167373657,,,0.44563,0.7205,1,,,,,,,,,GP3,0.44563,0.7205,0.2474,0.44167,normalised
34.69882607460022,,,0.44779,0.72251,1,,,,,,,,,GP3,0.44779,0.72251,0.2474,0.44167,normalised
34.71553039550781,,,0.44807,0.72336,1,,,,,,,,,GP3,0.44807,0.72336,0.2474,0.44167,normalised
34.73102402687073,,,0.44784,0.72434,1,,,,,,,,,GP3,0.44784,0.72434,0.2474,0.44167,normalised
34.74799418449402,,,0.44735,0.72474,1,,,,,,,,,GP3,0.44735,0.72474,0.2474,0.44167,normalised
34.76484560966492,,,0.44699,0.72496,1,,,,,,,,,GP3,0.44699,0.72496,0.2474,0.44167,normalised
34.77975130081177,,,0.44721,0.72699,1,,,,,,,,,GP3,0.44721,0.72699,0.2474,0.44167,normalised
34.79507040977478,,,0.44745,0.72892,1,,,,,,,,,GP3,0.44745,0.72892,0.2474,0.44167,normalised
34.813018798828125,,,0.44807,0.72865,1,,,,,,,,,GP3,0.44807,0.72865,0.2474,0.44167,normalised
34.827847957611084,,,0.44857,0.72849,1,,,,,,,,,GP3,0.44857,0.72849,0.2474,0.44167,normalised
34.84562849998474,,,0.44912,0.72851,1,,,,,,,,,GP3,0.44912,0.72851,0.2474,0.44167,normalised
34.86005616188049,,,0.44992,0.72993,1,,,,,,,,,GP3,0.44992,0.72993,0.2474,0.44167,normalised
34.87683653831482,,,0.45032,0.72979,1,,,,,,,,,GP3,0.45032,0.72979,0.2474,0.44167,normalised
34.89305830001831,,,0.45066,0.72963,1,,,,,,,,,GP3,0.45066,0.72963,0.2474,0.44167,normalised
34.909708976745605,,,0.45108,0.72913,1,,,,,,,,,GP3,0.45108,0.72913,0.2474,0.44167,normalised
34.92518877983093,,,0.45145,0.72887,1,,,,,,,,,GP3,0.45145,0.72887,0.2474,0.44167,normalised
34.94108200073242,,,0.45171,0.72848,1,,,,,,,,,GP3,0.45171,0.72848,0.2474,0.44167,normalised
34.95713710784912,,,0.45186,0.72861,1,,,,,,,,,GP3,0.45186,0.72861,0.2474,0.44167,normalised
34.97398924827576,,,0.45223,0.72833,1,,,,,,,,,GP3,0.45223,0.72833,0.2474,0.44167,normalised
34.989465951919556,,,0.45252,0.72797,1,,,,,,,,,GP3,0.45252,0.72797,0.2474,0.44167,normalised
35.00732898712158,,,0.44893,0.72909,1,,,,,,,,,GP3,0.44893,0.72909,0.2474,0.44167,normalised
35.021998167037964,,,0.44496,0.72875,1,,,,,,,,,GP3,0.44496,0.72875,0.2474,0.44167,normalised
35.038177490234375,,,0.44124,0.7285,1,,,,,,,,,GP3,0.44124,0.7285,0.2474,0.44167,normalised
35.05420684814453,,,0.4092,0.7323,0,,,,,,,,,GP3,0.4092,0.7323,0.2474,0.44167,normalised
35.07117319107056,,,0.35194,0.77573,0,,,,,,,,,GP3,0.35194,0.77573,0.2474,0.44167,normalised
35.087114572525024,,,0.33404,0.79159,0,,,,,,,,,GP3,0.33404,0.79159,0.2474,0.44167,normalised
35.101903200149536,,,0.28944,0.81966,0,,,,,,,,,GP3,0.28944,0.81966,0.2474,0.44167,normalised
35.1185736656189,,,0.29494,0.82452,0,,,,,,,,,GP3,0.29494,0.82452,0.2474,0.44167,normalised
35.135300397872925,,,0.29712,0.82645,0,,,,,,,,,GP3,0.29712,0.82645,0.2474,0.44167,normalised
35.15122199058533,,,0.28438,0.82757,1,,,,,,,,,GP3,0.28438,0.82757,0.2474,0.44167,normalised
35.16679072380066,,,0.27612,0.82089,1,,,,,,,,,GP3,0.27612,0.82089,0.2474,0.44167,normalised
35.18484568595886,,,0.27118,0.81706,1,,,,,,,,,GP3,0.27118,0.81706,0.2474,0.44167,normalised
35.19907259941101,,,0.26571,0.81261,1,,,,,,,,,GP3,0.26571,0.81261,0.2474,0.44167,normalised
35.215869188308716,,,0.26772,0.81265,1,,,,,,,,,GP3,0.26772,0.81265,0.2474,0.44167,normalised
35.23376750946045,,,0.27011,0.81361,1,,,,,,,,,GP3,0.27011,0.81361,0.2474,0.44167,normalised
35.24937057495117,,,0.26466,0.81245,1,,,,,,,,,GP3,0.26466,0.81245,0.2474,0.44167,normalised
35.26397728919983,,,0.26184,0.81328,1,,,,,,,,,GP3,0.26184,0.81328,0.2474,0.44167,normalised
35.2819128036499,,,0.25947,0.81394,1,,,,,,,,,GP3,0.25947,0.81394,0.2474,0.44167,normalised
35.297407388687134,,,0.25551,0.81591,1,,,,,,,,,GP3,0.25551,0.81591,0.2474,0.44167,normalised
35.314709424972534,,,0.25013,0.81351,1,,,,,,,,,GP3,0.25013,0.81351,0.2474,0.44167,normalised
35.330437898635864,,,0.24496,0.81092,1,,,,,,,,,GP3,0.24496,0.81092,0.2474,0.44167,normalised
35.34747767448425,,,0.23923,0.80918,1,,,,,,,,,GP3,0.23923,0.80918,0.2474,0.44167,normalised
35.3648579120636,,,0.23359,0.80713,1,,,,,,,,,GP3,0.23359,0.80713,0.2474,0.44167,normalised
35.37968468666077,,,0.22859,0.8053,1,,,,,,,,,GP3,0.22859,0.8053,0.2474,0.44167,normalised
35.394246101379395,,,0.19637,0.7988,0,,,,,,,,,GP3,0.19637,0.7988,0.2474,0.44167,normalised
35.4114248752594,,,0.15206,0.78654,0,,,,,,,,,GP3,0.15206,0.78654,0.2474,0.44167,normalised
35.42717790603638,,,0.13616,0.78126,0,,,,,,,,,GP3,0.13616,0.78126,0.2474,0.44167,normalised
35.443350076675415,,,0.12428,0.78107,1,,,,,,,,,GP3,0.12428,0.78107,0.2474,0.44167,normalised
35.4589581489563,,,0.11479,0.78347,1,,,,,,,,,GP3,0.11479,0.78347,0.2474,0.44167,normalised
35.4748215675354,,,0.10804,0.78476,1,,,,,,,,,GP3,0.10804,0.78476,0.2474,0.44167,normalised
35.49247694015503,,,0.1045,0.78322,1,,,,,,,,,GP3,0.1045,0.78322,0.2474,0.44167,normalised
35.50749373435974,,,0.10099,0.78273,1,,,,,,,,,GP3,0.10099,0.78273,0.2474,0.44167,normalised
35.52504920959473,,,0.09787,0.78199,1,,,,,,,,,GP3,0.09787,0.78199,0.2474,0.44167,normalised
35.538923501968384,,,0.09541,0.78032,1,,,,,,,,,GP3,0.09541,0.78032,0.2474,0.44167,normalised
35.5557119846344,,,0.09214,0.7791,1,,,,,,,,,GP3,0.09214,0.7791,0.2474,0.44167,normalised
35.57146739959717,,,0.08942,0.77809,1,,,,,,,,,GP3,0.08942,0.77809,0.2474,0.44167,normalised
35.58930277824402,,,0.08707,0.77735,1,,,,,,,,,GP3,0.08707,0.77735,0.2474,0.44167,normalised
35.605090379714966,,,0.08159,0.77315,1,,,,,,,,,GP3,0.08159,0.77315,0.2474,0.44167,normalised
35.62002968788147,,,0.077,0.76968,1,,,,,,,,,GP3,0.077,0.76968,0.2474,0.44167,normalised
35.6384379863739,,,0.06422,0.76615,1,,,,,,,,,GP3,0.06422,0.76615,0.2474,0.44167,normalised
35.65337419509888,,,0.02522,0.75487,0,,,,,,,,,GP3,0.02522,0.75487,0.2474,0.44167,normalised
35.66941499710083,,,-0.06497,0.73459,0,,,,,,,,,GP3,-0.06497,0.73459,0.2474,0.44167,normalised
35.685497522354126,,,-0.09847,0.72641,0,,,,,,,,,GP3,-0.09847,0.72641,0.2474,0.44167,normalised
35.70125341415405,,,-0.15879,0.71639,0,,,,,,,,,GP3,-0.15879,0.71639,0.2474,0.44167,normalised
35.71798348426819,,,-0.15383,0.72207,0,,,,,,,,,GP3,-0.15383,0.72207,0.2474,0.44167,normalised
35.73279619216919,,,-0.14079,0.72535,0,,,,,,,,,GP3,-0.14079,0.72535,0.2474,0.44167,normalised
35.74947381019592,,,-0.13118,0.72972,1,,,,,,,,,GP3,-0.13118,0.72972,0.2474,0.44167,normalised
35.76595067977905,,,-0.12166,0.7352,1,,,,,,,,,GP3,-0.12166,0.7352,0.2474,0.44167,normalised
35.782845973968506,,,-0.11271,0.74336,1,,,,,,,,,GP3,-0.11271,0.74336,0.2474,0.44167,normalised
35.79857158660889,,,-0.10806,0.74828,1,,,,,,,,,GP3,-0.10806,0.74828,0.2474,0.44167,normalised
35.81583595275879,,,-0.10476,0.75189,1,,,,,,,,,GP3,-0.10476,0.75189,0.2474,0.44167,normalised
35.8327419757843,,,-0.08692,0.75929,1,,,,,,,,,GP3,-0.08692,0.75929,0.2474,0.44167,normalised
35.8466100692749,,,-0.07189,0.76623,1,,,,,,,,,GP3,-0.07189,0.76623,0.2474,0.44167,normalised
35.86536431312561,,,-0.06052,0.77121,1,,,,,,,,,GP3,-0.06052,0.77121,0.2474,0.44167,normalised
35.88144898414612,,,-0.04757,0.77193,1,,,,,,,,,GP3,-0.04757,0.77193,0.2474,0.44167,normalised
35.8947548866272,,,-0.03655,0.7725,1,,,,,,,,,GP3,-0.03655,0.7725,0.2474,0.44167,normalised
35.912325382232666,,,-0.02805,0.77212,1,,,,,,,,,GP3,-0.02805,0.77212,0.2474,0.44167,normalised
35.9278347492218,,,0.0069,0.78095,0,,,,,,,,,GP3,0.0069,0.78095,0.2474,0.44167,normalised
35.944610595703125,,,0.0385,0.76465,0,,,,,,,,,GP3,0.0385,0.76465,0.2474,0.44167,normalised
35.96047759056091,,,0.04736,0.75764,0,,,,,,,,,GP3,0.04736,0.75764,0.2474,0.44167,normalised
35.97722148895264,,,0.05472,0.75333,1,,,,,,,,,GP3,0.05472,0.75333,0.2474,0.44167,normalised
35.991859912872314,,,0.0564,0.75062,1,,,,,,,,,GP3,0.0564,0.75062,0.2474,0.44167,normalised
36.008384466171265,,,0.05837,0.74961,1,,,,,,,,,GP3,0.05837,0.74961,0.2474,0.44167,normalised
36.025139808654785,,,0.06089,0.75015,1,,,,,,,,,GP3,0.06089,0.75015,0.2474,0.44167,normalised
36.0407919883728,,,0.06288,0.75087,1,,,,,,,,,GP3,0.06288,0.75087,0.2474,0.44167,normalised
36.05864381790161,,,0.06456,0.75152,1,,,,,,,,,GP3,0.06456,0.75152,0.2474,0.44167,normalised
36.07541370391846,,,0.06575,0.75275,1,,,,,,,,,GP3,0.06575,0.75275,0.2474,0.44167,normalised
36.090065002441406,,,0.067,0.75212,1,,,,,,,,,GP3,0.067,0.75212,0.2474,0.44167,normalised
36.105754375457764,,,0.06823,0.75181,1,,,,,,,,,GP3,0.06823,0.75181,0.2474,0.44167,normalised
36.12190508842468,,,0.06994,0.75155,1,,,,,,,,,GP3,0.06994,0.75155,0.2474,0.44167,normalised
36.13863730430603,,,0.07027,0.75075,1,,,,,,,,,GP3,0.07027,0.75075,0.2474,0.44167,normalised
36.15409827232361,,,0.07075,0.75021,1,,,,,,,,,GP3,0.07075,0.75021,0.2474,0.44167,normalised
36.169987201690674,,,0.07168,0.75072,1,,,,,,,,,GP3,0.07168,0.75072,0.2474,0.44167,normalised
36.186907052993774,,,0.07343,0.75106,1,,,,,,,,,GP3,0.07343,0.75106,0.2474,0.44167,normalised
36.204586029052734,,,0.07511,0.75151,1,,,,,,,,,GP3,0.07511,0.75151,0.2474,0.44167,normalised
36.2184522151947,,,0.07539,0.75208,1,,,,,,,,,GP3,0.07539,0.75208,0.2474,0.44167,normalised
36.23568797111511,,,0.07572,0.75236,1,,,,,,,,,GP3,0.07572,0.75236,0.2474,0.44167,normalised
36.251216173172,,,0.07585,0.75245,1,,,,,,,,,GP3,0.07585,0.75245,0.2474,0.44167,normalised
36.26918578147888,,,0.07594,0.75246,1,,,,,,,,,GP3,0.07594,0.75246,0.2474,0.44167,normalised
36.28396725654602,,,0.07659,0.75251,1,,,,,,,,,GP3,0.07659,0.75251,0.2474,0.44167,normalised
36.302159786224365,,,0.07723,0.7526,1,,,,,,,,,GP3,0.07723,0.7526,0.2474,0.44167,normalised
36.31614804267883,,,0.07735,0.75299,1,,,,,,,,,GP3,0.07735,0.75299,0.2474,0.44167,normalised
36.33445930480957,,,0.07757,0.75407,1,,,,,,,,,GP3,0.07757,0.75407,0.2474,0.44167,normalised
36.3481662273407,,,0.07765,0.75498,1,,,,,,,,,GP3,0.07765,0.75498,0.2474,0.44167,normalised
36.36524558067322,,,0.07766,0.75574,1,,,,,,,,,GP3,0.07766,0.75574,0.2474,0.44167,normalised
36.38248062133789,,,0.07725,0.75607,1,,,,,,,,,GP3,0.07725,0.75607,0.2474,0.44167,normalised
36.39730215072632,,,0.07675,0.75628,1,,,,,,,,,GP3,0.07675,0.75628,0.2474,0.44167,normalised
36.41381812095642,,,0.07676,0.7562,1,,,,,,,,,GP3,0.07676,0.7562,0.2474,0.44167,normalised
36.42836380004883,,,0.07667,0.75605,1,,,,,,,,,GP3,0.07667,0.75605,0.2474,0.44167,normalised
36.444669008255005,,,0.07674,0.75606,1,,,,,,,,,GP3,0.07674,0.75606,0.2474,0.44167,normalised
36.4630970954895,,,0.07666,0.75601,1,,,,,,,,,GP3,0.07666,0.75601,0.2474,0.44167,normalised
36.47805404663086,,,0.07662,0.75596,1,,,,,,,,,GP3,0.07662,0.75596,0.2474,0.44167,normalised
36.49584627151489,,,0.07663,0.75594,1,,,,,,,,,GP3,0.07663,0.75594,0.2474,0.44167,normalised
36.511207818984985,,,0.07669,0.75593,1,,,,,,,,,GP3,0.07669,0.75593,0.2474,0.44167,normalised
36.526936769485474,,,0.07778,0.75697,1,,,,,,,,,GP3,0.07778,0.75697,0.2474,0.44167,normalised
36.542535066604614,,,0.07891,0.75803,1,,,,,,,,,GP3,0.07891,0.75803,0.2474,0.44167,normalised
36.55772686004639,,,0.07932,0.75793,1,,,,,,,,,GP3,0.07932,0.75793,0.2474,0.44167,normalised
36.574732065200806,,,0.07966,0.75776,1,,,,,,,,,GP3,0.07966,0.75776,0.2474,0.44167,normalised
36.590442180633545,,,0.07998,0.75761,1,,,,,,,,,GP3,0.07998,0.75761,0.2474,0.44167,normalised
36.60700583457947,,,0.08034,0.75763,1,,,,,,,,,GP3,0.08034,0.75763,0.2474,0.44167,normalised
36.624013900756836,,,0.08043,0.75765,1,,,,,,,,,GP3,0.08043,0.75765,0.2474,0.44167,normalised
36.6398344039917,,,0.08052,0.75768,1,,,,,,,,,GP3,0.08052,0.75768,0.2474,0.44167,normalised
36.6568398475647,,,0.08072,0.75758,1,,,,,,,,,GP3,0.08072,0.75758,0.2474,0.44167,normalised
36.670782804489136,,,0.08064,0.75731,1,,,,,,,,,GP3,0.08064,0.75731,0.2474,0.44167,normalised
36.68820238113403,,,0.08063,0.75712,1,,,,,,,,,GP3,0.08063,0.75712,0.2474,0.44167,normalised
36.70588040351868,,,0.08243,0.75696,1,,,,,,,,,GP3,0.08243,0.75696,0.2474,0.44167,normalised
36.719562292099,,,0.08279,0.75717,1,,,,,,,,,GP3,0.08279,0.75717,0.2474,0.44167,normalised
36.73656511306763,,,0.08321,0.75743,1,,,,,,,,,GP3,0.08321,0.75743,0.2474,0.44167,normalised
36.75256085395813,,,0.08362,0.75806,1,,,,,,,,,GP3,0.08362,0.75806,0.2474,0.44167,normalised
36.768543004989624,,,0.08395,0.75864,1,,,,,,,,,GP3,0.08395,0.75864,0.2474,0.44167,normalised
36.78507351875305,,,0.08413,0.75908,1,,,,,,,,,GP3,0.08413,0.75908,0.2474,0.44167,normalised
36.80182719230652,,,0.0844,0.75915,1,,,,,,,,,GP3,0.0844,0.75915,0.2474,0.44167,normalised
36.81804299354553,,,0.0842,0.75912,1,,,,,,,,,GP3,0.0842,0.75912,0.2474,0.44167,normalised
36.832741498947144,,,0.08402,0.75911,1,,,,,,,,,GP3,0.08402,0.75911,0.2474,0.44167,normalised
36.84970164299011,,,0.0841,0.75862,1,,,,,,,,,GP3,0.0841,0.75862,0.2474,0.44167,normalised
36.86735677719116,,,0.0842,0.75907,1,,,,,,,,,GP3,0.0842,0.75907,0.2474,0.44167,normalised
36.88104844093323,,,0.08427,0.7595,1,,,,,,,,,GP3,0.08427,0.7595,0.2474,0.44167,normalised
36.89784359931946,,,0.08424,0.7597,1,,,,,,,,,GP3,0.08424,0.7597,0.2474,0.44167,normalised
36.91390132904053,,,0.0845,0.75964,1,,,,,,,,,GP3,0.0845,0.75964,0.2474,0.44167,normalised
36.93080377578735,,,0.08445,0.75929,1,,,,,,,,,GP3,0.08445,0.75929,0.2474,0.44167,normalised
36.94751048088074,,,0.08357,0.75853,1,,,,,,,,,GP3,0.08357,0.75853,0.2474,0.44167,normalised
36.962860345840454,,,0.08234,0.75785,1,,,,,,,,,GP3,0.08234,0.75785,0.2474,0.44167,normalised
36.97924876213074,,,0.0811,0.75713,1,,,,,,,,,GP3,0.0811,0.75713,0.2474,0.44167,normalised
36.99578785896301,,,0.08052,0.75644,1,,,,,,,,,GP3,0.08052,0.75644,0.2474,0.44167,normalised
37.01091980934143,,,0.08,0.75596,1,,,,,,,,,GP3,0.08,0.75596,0.2474,0.44167,normalised
37.027756452560425,,,0.07962,0.75563,1,,,,,,,,,GP3,0.07962,0.75563,0.2474,0.44167,normalised
37.04360747337341,,,0.0794,0.75526,1,,,,,,,,,GP3,0.0794,0.75526,0.2474,0.44167,normalised
37.06042981147766,,,0.07902,0.75517,1,,,,,,,,,GP3,0.07902,0.75517,0.2474,0.44167,normalised
37.07750225067139,,,0.07862,0.75506,1,,,,,,,,,GP3,0.07862,0.75506,0.2474,0.44167,normalised
37.09356379508972,,,0.06092,0.73482,0,,,,,,,,,GP3,0.06092,0.73482,0.2474,0.44167,normalised
37.111006021499634,,,0.06241,0.74396,0,,,,,,,,,GP3,0.06241,0.74396,0.2474,0.44167,normalised
37.12354493141174,,,0.0629,0.747,0,,,,,,,,,GP3,0.0629,0.747,0.2474,0.44167,normalised
37.1418616771698,,,0.06214,0.74352,1,,,,,,,,,GP3,0.06214,0.74352,0.2474,0.44167,normalised
37.15959286689758,,,0.06187,0.7418,1,,,,,,,,,GP3,0.06187,0.7418,0.2474,0.44167,normalised
37.17315125465393,,,0.06247,0.7414,1,,,,,,,,,GP3,0.06247,0.7414,0.2474,0.44167,normalised
37.189733028411865,,,0.06278,0.74191,1,,,,,,,,,GP3,0.06278,0.74191,0.2474,0.44167,normalised
37.20801329612732,,,0.0646,0.74388,1,,,,,,,,,GP3,0.0646,0.74388,0.2474,0.44167,normalised
37.22189927101135,,,0.06601,0.74542,1,,,,,,,,,GP3,0.06601,0.74542,0.2474,0.44167,normalised
37.236936807632446,,,0.06886,0.74491,1,,,,,,,,,GP3,0.06886,0.74491,0.2474,0.44167,normalised
37.254578590393066,,,0.06766,0.74394,1,,,,,,,,,GP3,0.06766,0.74394,0.2474,0.44167,normalised
37.27017664909363,,,0.06626,0.74276,1,,,,,,,,,GP3,0.06626,0.74276,0.2474,0.44167,normalised
37.28578424453735,,,0.06613,0.74244,1,,,,,,,,,GP3,0.06613,0.74244,0.2474,0.44167,normalised
37.302043199539185,,,0.06743,0.74225,1,,,,,,,,,GP3,0.06743,0.74225,0.2474,0.44167,normalised
37.320475339889526,,,0.06847,0.74202,1,,,,,,,,,GP3,0.06847,0.74202,0.2474,0.44167,normalised
37.335304260253906,,,0.06815,0.74188,1,,,,,,,,,GP3,0.06815,0.74188,0.2474,0.44167,normalised
37.35156178474426,,,0.0677,0.74134,1,,,,,,,,,GP3,0.0677,0.74134,0.2474,0.44167,normalised
37.36782360076904,,,0.06743,0.74096,1,,,,,,,,,GP3,0.06743,0.74096,0.2474,0.44167,normalised
37.383729457855225,,,0.06702,0.74049,1,,,,,,,,,GP3,0.06702,0.74049,0.2474,0.44167,normalised
37.39955520629883,,,0.06849,0.74167,1,,,,,,,,,GP3,0.06849,0.74167,0.2474,0.44167,normalised
37.41479468345642,,,0.06994,0.74286,1,,,,,,,,,GP3,0.06994,0.74286,0.2474,0.44167,normalised
37.4316611289978,,,0.07081,0.74248,1,,,,,,,,,GP3,0.07081,0.74248,0.2474,0.44167,normalised
37.44950079917908,,,0.07165,0.74188,1,,,,,,,,,GP3,0.07165,0.74188,0.2474,0.44167,normalised
37.46515607833862,,,0.07202,0.74096,1,,,,,,,,,GP3,0.07202,0.74096,0.2474,0.44167,normalised
37.480839014053345,,,0.07202,0.74023,1,,,,,,,,,GP3,0.07202,0.74023,0.2474,0.44167,normalised
37.49663519859314,,,0.07116,0.73832,1,,,,,,,,,GP3,0.07116,0.73832,0.2474,0.44167,normalised
37.51423501968384,,,0.07047,0.73664,1,,,,,,,,,GP3,0.07047,0.73664,0.2474,0.44167,normalised
37.53012537956238,,,0.07051,0.73603,1,,,,,,,,,GP3,0.07051,0.73603,0.2474,0.44167,normalised
37.54644298553467,,,0.07025,0.73544,1,,,,,,,,,GP3,0.07025,0.73544,0.2474,0.44167,normalised
37.561301708221436,,,0.07042,0.7353,1,,,,,,,,,GP3,0.07042,0.7353,0.2474,0.44167,normalised
37.577850580215454,,,0.07122,0.7356,1,,,,,,,,,GP3,0.07122,0.7356,0.2474,0.44167,normalised
37.59345006942749,,,0.07177,0.73622,1,,,,,,,,,GP3,0.07177,0.73622,0.2474,0.44167,normalised
37.61042833328247,,,0.07224,0.73677,1,,,,,,,,,GP3,0.07224,0.73677,0.2474,0.44167,normalised
37.62487769126892,,,0.07254,0.73695,1,,,,,,,,,GP3,0.07254,0.73695,0.2474,0.44167,normalised
37.64170217514038,,,0.07294,0.73724,1,,,,,,,,,GP3,0.07294,0.73724,0.2474,0.44167,normalised
37.65854501724243,,,0.07337,0.73755,1,,,,,,,,,GP3,0.07337,0.73755,0.2474,0.44167,normalised
37.67410206794739,,,0.07426,0.73804,1,,,,,,,,,GP3,0.07426,0.73804,0.2474,0.44167,normalised
37.692681550979614,,,0.07557,0.7384,1,,,,,,,,,GP3,0.07557,0.7384,0.2474,0.44167,normalised
37.707316398620605,,,0.07691,0.73883,1,,,,,,,,,GP3,0.07691,0.73883,0.2474,0.44167,normalised
37.722776651382446,,,0.07782,0.73932,1,,,,,,,,,GP3,0.07782,0.73932,0.2474,0.44167,normalised
37.73843765258789,,,0.07923,0.7397,1,,,,,,,,,GP3,0.07923,0.7397,0.2474,0.44167,normalised
37.75594115257263,,,0.10561,0.75162,0,,,,,,,,,GP3,0.10561,0.75162,0.2474,0.44167,normalised
37.773563861846924,,,0.10275,0.74299,0,,,,,,,,,GP3,0.10275,0.74299,0.2474,0.44167,normalised
37.788461208343506,,,0.10879,0.74155,0,,,,,,,,,GP3,0.10879,0.74155,0.2474,0.44167,normalised
37.80601906776428,,,0.1118,0.74082,1,,,,,,,,,GP3,0.1118,0.74082,0.2474,0.44167,normalised
37.81939911842346,,,0.11104,0.7401,1,,,,,,,,,GP3,0.11104,0.7401,0.2474,0.44167,normalised
37.836562156677246,,,0.11125,0.7411,1,,,,,,,,,GP3,0.11125,0.7411,0.2474,0.44167,normalised
37.85358238220215,,,0.11121,0.74167,1,,,,,,,,,GP3,0.11121,0.74167,0.2474,0.44167,normalised
37.870216369628906,,,0.11698,0.74658,1,,,,,,,,,GP3,0.11698,0.74658,0.2474,0.44167,normalised
37.884031772613525,,,0.10947,0.74885,1,,,,,,,,,GP3,0.10947,0.74885,0.2474,0.44167,normalised
37.903162479400635,,,0.10289,0.75022,1,,,,,,,,,GP3,0.10289,0.75022,0.2474,0.44167,normalised
37.91729998588562,,,0.14156,0.75638,1,,,,,,,,,GP3,0.14156,0.75638,0.2474,0.44167,normalised
37.93408989906311,,,0.17247,0.76027,1,,,,,,,,,GP3,0.17247,0.76027,0.2474,0.44167,normalised
37.95378398895264,,,0.19869,0.76365,1,,,,,,,,,GP3,0.19869,0.76365,0.2474,0.44167,normalised
37.96774697303772,,,0.22344,0.7637,1,,,,,,,,,GP3,0.22344,0.7637,0.2474,0.44167,normalised
37.98107028007507,,,0.27858,0.77,0,,,,,,,,,GP3,0.27858,0.77,0.2474,0.44167,normalised
37.9990975856781,,,0.41064,0.77293,0,,,,,,,,,GP3,0.41064,0.77293,0.2474,0.44167,normalised
38.014832973480225,,,0.46627,0.78061,0,,,,,,,,,GP3,0.46627,0.78061,0.2474,0.44167,normalised
38.030428409576416,,,0.56174,0.78635,0,,,,,,,,,GP3,0.56174,0.78635,0.2474,0.44167,normalised
38.04799199104309,,,0.56265,0.78531,0,,,,,,,,,GP3,0.56265,0.78531,0.2474,0.44167,normalised
38.06431317329407,,,0.54688,0.76539,0,,,,,,,,,GP3,0.54688,0.76539,0.2474,0.44167,normalised
38.07855749130249,,,0.61133,0.82598,1,,,,,,,,,GP3,0.61133,0.82598,0.2474,0.44167,normalised
38.09534049034119,,,0.67172,0.8824,0,,,,,,,,,GP3,0.67172,0.8824,0.2474,0.44167,normalised
38.112953901290894,,,0.78181,0.88819,0,,,,,,,,,GP3,0.78181,0.88819,0.2474,0.44167,normalised
38.12783360481262,,,0.81896,0.88814,0,,,,,,,,,GP3,0.81896,0.88814,0.2474,0.44167,normalised
38.142812728881836,,,0.89308,0.89135,0,,,,,,,,,GP3,0.89308,0.89135,0.2474,0.44167,normalised
38.160027503967285,,,0.88885,0.87837,0,,,,,,,,,GP3,0.88885,0.87837,0.2474,0.44167,normalised
38.1772563457489,,,0.88961,0.88164,0,,,,,,,,,GP3,0.88961,0.88164,0.2474,0.44167,normalised
38.191202878952026,,,0.88998,0.88261,1,,,,,,,,,GP3,0.88998,0.88261,0.2474,0.44167,normalised
38.20901393890381,,,0.89153,0.88436,1,,,,,,,,,GP3,0.89153,0.88436,0.2474,0.44167,normalised
38.2245979309082,,,0.88993,0.87991,1,,,,,,,,,GP3,0.88993,0.87991,0.2474,0.44167,normalised
38.24239110946655,,,0.88853,0.8759,1,,,,,,,,,GP3,0.88853,0.8759,0.2474,0.44167,normalised
38.256128787994385,,,0.89175,0.87495,1,,,,,,,,,GP3,0.89175,0.87495,0.2474,0.44167,normalised
38.272013902664185,,,0.89058,0.87388,1,,,,,,,,,GP3,0.89058,0.87388,0.2474,0.44167,normalised
38.288716316223145,,,0.88983,0.87376,1,,,,,,,,,GP3,0.88983,0.87376,0.2474,0.44167,normalised
38.30508875846863,,,0.89207,0.87642,1,,,,,,,,,GP3,0.89207,0.87642,0.2474,0.44167,normalised
38.32310891151428,,,0.89314,0.87734,1,,,,,,,,,GP3,0.89314,0.87734,0.2474,0.44167,normalised
38.33721661567688,,,0.89392,0.87756,1,,,,,,,,,GP3,0.89392,0.87756,0.2474,0.44167,normalised
38.35402822494507,,,0.89869,0.88058,1,,,,,,,,,GP3,0.89869,0.88058,0.2474,0.44167,normalised
38.369596004486084,,,0.90356,0.88466,1,,,,,,,,,GP3,0.90356,0.88466,0.2474,0.44167,normalised
38.386075019836426,,,0.90782,0.88813,1,,,,,,,,,GP3,0.90782,0.88813,0.2474,0.44167,normalised
38.40215277671814,,,0.9121,0.88992,1,,,,,,,,,GP3,0.9121,0.88992,0.2474,0.44167,normalised
38.418893337249756,,,0.91573,0.89113,1,,,,,,,,,GP3,0.91573,0.89113,0.2474,0.44167,normalised
38.4359347820282,,,0.91898,0.89217,1,,,,,,,,,GP3,0.91898,0.89217,0.2474,0.44167,normalised
38.451841592788696,,,0.9224,0.89394,1,,,,,,,,,GP3,0.9224,0.89394,0.2474,0.44167,normalised
38.467379570007324,,,0.95184,0.9122,0,,,,,,,,,GP3,0.95184,0.9122,0.2474,0.44167,normalised
38.48400068283081,,,0.97029,0.92092,0,,,,,,,,,GP3,0.97029,0.92092,0.2474,0.44167,normalised
38.49842143058777,,,0.97964,0.91888,0,,,,,,,,,GP3,0.97964,0.91888,0.2474,0.44167,normalised
38.515312910079956,,,0.98216,0.9168,1,,,,,,,,,GP3,0.98216,0.9168,0.2474,0.44167,normalised
38.53161859512329,,,0.98364,0.91578,1,,,,,,,,,GP3,0.98364,0.91578,0.2474,0.44167,normalised
38.54826474189758,,,0.98117,0.90969,1,,,,,,,,,GP3,0.98117,0.90969,0.2474,0.44167,normalised
38.563793420791626,,,0.98118,0.90899,1,,,,,,,,,GP3,0.98118,0.90899,0.2474,0.44167,normalised
38.58056640625,,,0.98127,0.90881,1,,,,,,,,,GP3,0.98127,0.90881,0.2474,0.44167,normalised
38.59867000579834,,,0.98081,0.91046,1,,,,,,,,,GP3,0.98081,0.91046,0.2474,0.44167,normalised
38.61450433731079,,,0.98111,0.91167,1,,,,,,,,,GP3,0.98111,0.91167,0.2474,0.44167,normalised
38.62934994697571,,,0.98135,0.9127,1,,,,,,,,,GP3,0.98135,0.9127,0.2474,0.44167,normalised
38.64582657814026,,,0.98153,0.91323,1,,,,,,,,,GP3,0.98153,0.91323,0.2474,0.44167,normalised
38.66079497337341,,,0.98081,0.91176,1,,,,,,,,,GP3,0.98081,0.91176,0.2474,0.44167,normalised
38.6774640083313,,,0.98029,0.91113,1,,,,,,,,,GP3,0.98029,0.91113,0.2474,0.44167,normalised
38.69348740577698,,,0.98035,0.91175,1,,,,,,,,,GP3,0.98035,0.91175,0.2474,0.44167,normalised
38.70963382720947,,,0.9807,0.91283,1,,,,,,,,,GP3,0.9807,0.91283,0.2474,0.44167,normalised
38.72678732872009,,,0.98097,0.91351,1,,,,,,,,,GP3,0.98097,0.91351,0.2474,0.44167,normalised
38.74444222450256,,,0.98223,0.91535,1,,,,,,,,,GP3,0.98223,0.91535,0.2474,0.44167,normalised
38.75836944580078,,,0.98281,0.91664,1,,,,,,,,,GP3,0.98281,0.91664,0.2474,0.44167,normalised
38.77623105049133,,,0.98333,0.91781,1,,,,,,,,,GP3,0.98333,0.91781,0.2474,0.44167,normalised
38.7906596660614,,,0.98288,0.91739,1,,,,,,,,,GP3,0.98288,0.91739,0.2474,0.44167,normalised
38.80622982978821,,,0.98257,0.91748,1,,,,,,,,,GP3,0.98257,0.91748,0.2474,0.44167,normalised
38.82265758514404,,,0.98232,0.91777,1,,,,,,,,,GP3,0.98232,0.91777,0.2474,0.44167,normalised
38.83943223953247,,,0.98256,0.91832,1,,,,,,,,,GP3,0.98256,0.91832,0.2474,0.44167,normalised
38.854015827178955,,,0.98211,0.91856,1,,,,,,,,,GP3,0.98211,0.91856,0.2474,0.44167,normalised
38.87139058113098,,,0.98165,0.91846,1,,,,,,,,,GP3,0.98165,0.91846,0.2474,0.44167,normalised
38.88886284828186,,,0.98182,0.91819,1,,,,,,,,,GP3,0.98182,0.91819,0.2474,0.44167,normalised
38.904831409454346,,,0.98162,0.91839,1,,,,,,,,,GP3,0.98162,0.91839,0.2474,0.44167,normalised
38.92194128036499,,,0.98142,0.91843,1,,,,,,,,,GP3,0.98142,0.91843,0.2474,0.44167,normalised
38.93652868270874,,,0.98185,0.91893,1,,,,,,,,,GP3,0.98185,0.91893,0.2474,0.44167,normalised
38.952064037323,,,0.98249,0.91913,1,,,,,,,,,GP3,0.98249,0.91913,0.2474,0.44167,normalised
38.969056367874146,,,0.98312,0.91941,1,,,,,,,,,GP3,0.98312,0.91941,0.2474,0.44167,normalised
38.98655343055725,,,0.98358,0.9198,1,,,,,,,,,GP3,0.98358,0.9198,0.2474,0.44167,normalised
39.000144243240356,,,0.98435,0.92011,1,,,,,,,,,GP3,0.98435,0.92011,0.2474,0.44167,normalised
39.016457319259644,,,0.98505,0.92032,1,,,,,,,,,GP3,0.98505,0.92032,0.2474,0.44167,normalised
39.033637046813965,,,0.98545,0.9206,1,,,,,,,,,GP3,0.98545,0.9206,0.2474,0.44167,normalised
39.049440145492554,,,0.98551,0.92079,1,,,,,,,,,GP3,0.98551,0.92079,0.2474,0.44167,normalised
39.066325187683105,,,0.98557,0.92097,1,,,,,,,,,GP3,0.98557,0.92097,0.2474,0.44167,normalised
39.081902503967285,,,0.98549,0.92094,1,,,,,,,,,GP3,0.98549,0.92094,0.2474,0.44167,normalised
39.099799394607544,,,0.98573,0.92132,1,,,,,,,,,GP3,0.98573,0.92132,0.2474,0.44167,normalised
39.11486625671387,,,0.98596,0.92168,1,,,,,,,,,GP3,0.98596,0.92168,0.2474,0.44167,normalised
39.13065505027771,,,0.9861,0.92177,1,,,,,,,,,GP3,0.9861,0.92177,0.2474,0.44167,normalised
39.14933204650879,,,0.98587,0.92163,1,,,,,,,,,GP3,0.98587,0.92163,0.2474,0.44167,normalised
39.164777994155884,,,0.98565,0.92153,1,,,,,,,,,GP3,0.98565,0.92153,0.2474,0.44167,normalised
39.17859697341919,,,0.98548,0.92163,1,,,,,,,,,GP3,0.98548,0.92163,0.2474,0.44167,normalised
39.19625902175903,,,0.98544,0.9218,1,,,,,,,,,GP3,0.98544,0.9218,0.2474,0.44167,normalised
39.21290159225464,,,0.98542,0.92202,1,,,,,,,,,GP3,0.98542,0.92202,0.2474,0.44167,normalised
39.22731328010559,,,0.98499,0.92155,1,,,,,,,,,GP3,0.98499,0.92155,0.2474,0.44167,normalised
39.24343419075012,,,0.98543,0.92167,1,,,,,,,,,GP3,0.98543,0.92167,0.2474,0.44167,normalised
39.26103639602661,,,0.98509,0.92135,1,,,,,,,,,GP3,0.98509,0.92135,0.2474,0.44167,normalised
39.27605724334717,,,0.98512,0.92178,1,,,,,,,,,GP3,0.98512,0.92178,0.2474,0.44167,normalised
39.292115449905396,,,0.98511,0.92206,1,,,,,,,,,GP3,0.98511,0.92206,0.2474,0.44167,normalised
39.307862997055054,,,0.9851,0.92231,1,,,,,,,,,GP3,0.9851,0.92231,0.2474,0.44167,normalised
39.32345747947693,,,0.98552,0.92312,1,,,,,,,,,GP3,0.98552,0.92312,0.2474,0.44167,normalised
39.34054946899414,,,0.98569,0.92341,1,,,,,,,,,GP3,0.98569,0.92341,0.2474,0.44167,normalised
39.35752582550049,,,0.98585,0.92361,1,,,,,,,,,GP3,0.98585,0.92361,0.2474,0.44167,normalised
39.37326741218567,,,0.9859,0.923,1,,,,,,,,,GP3,0.9859,0.923,0.2474,0.44167,normalised
39.38916993141174,,,0.98589,0.92234,1,,,,,,,,,GP3,0.98589,0.92234,0.2474,0.44167,normalised
39.40504169464111,,,0.98587,0.92171,1,,,,,,,,,GP3,0.98587,0.92171,0.2474,0.44167,normalised
39.42181658744812,,,0.98629,0.92184,1,,,,,,,,,GP3,0.98629,0.92184,0.2474,0.44167,normalised
39.43808960914612,,,0.98697,0.92242,1,,,,,,,,,GP3,0.98697,0.92242,0.2474,0.44167,normalised
39.454594373703,,,0.98763,0.92289,1,,,,,,,,,GP3,0.98763,0.92289,0.2474,0.44167,normalised
39.469403982162476,,,0.98783,0.92285,1,,,,,,,,,GP3,0.98783,0.92285,0.2474,0.44167,normalised
39.48516035079956,,,0.98773,0.92232,1,,,,,,,,,GP3,0.98773,0.92232,0.2474,0.44167,normalised
39.50407338142395,,,0.98763,0.92181,1,,,,,,,,,GP3,0.98763,0.92181,0.2474,0.44167,normalised
39.51788091659546,,,0.98718,0.92066,1,,,,,,,,,GP3,0.98718,0.92066,0.2474,0.44167,normalised
39.535828590393066,,,0.98711,0.91964,1,,,,,,,,,GP3,0.98711,0.91964,0.2474,0.44167,normalised
39.55063009262085,,,0.98706,0.91868,1,,,,,,,,,GP3,0.98706,0.91868,0.2474,0.44167,normalised
39.56741404533386,,,0.98754,0.91898,1,,,,,,,,,GP3,0.98754,0.91898,0.2474,0.44167,normalised
39.583096981048584,,,0.98793,0.91864,1,,,,,,,,,GP3,0.98793,0.91864,0.2474,0.44167,normalised
39.60075044631958,,,0.98828,0.91807,1,,,,,,,,,GP3,0.98828,0.91807,0.2474,0.44167,normalised
39.61526918411255,,,0.98875,0.91837,1,,,,,,,,,GP3,0.98875,0.91837,0.2474,0.44167,normalised
39.631083250045776,,,0.98946,0.9186,1,,,,,,,,,GP3,0.98946,0.9186,0.2474,0.44167,normalised
39.64816331863403,,,0.99023,0.91924,1,,,,,,,,,GP3,0.99023,0.91924,0.2474,0.44167,normalised
39.66526651382446,,,0.99061,0.92002,1,,,,,,,,,GP3,0.99061,0.92002,0.2474,0.44167,normalised
39.681304693222046,,,0.99114,0.92059,1,,,,,,,,,GP3,0.99114,0.92059,0.2474,0.44167,normalised
39.69722318649292,,,0.99168,0.92116,1,,,,,,,,,GP3,0.99168,0.92116,0.2474,0.44167,normalised
39.71389198303223,,,0.99148,0.92096,1,,,,,,,,,GP3,0.99148,0.92096,0.2474,0.44167,normalised
39.73055458068848,,,0.9915,0.92063,1,,,,,,,,,GP3,0.9915,0.92063,0.2474,0.44167,normalised
39.74595880508423,,,0.9915,0.92014,1,,,,,,,,,GP3,0.9915,0.92014,0.2474,0.44167,normalised
39.76055383682251,,,0.99107,0.91929,1,,,,,,,,,GP3,0.99107,0.91929,0.2474,0.44167,normalised
39.779051780700684,,,0.99037,0.91878,1,,,,,,,,,GP3,0.99037,0.91878,0.2474,0.44167,normalised
39.79356598854065,,,0.9897,0.91842,1,,,,,,,,,GP3,0.9897,0.91842,0.2474,0.44167,normalised
39.81109046936035,,,0.98981,0.91857,1,,,,,,,,,GP3,0.98981,0.91857,0.2474,0.44167,normalised
39.826778173446655,,,0.98978,0.91851,1,,,,,,,,,GP3,0.98978,0.91851,0.2474,0.44167,normalised
39.84240198135376,,,0.98975,0.91843,1,,,,,,,,,GP3,0.98975,0.91843,0.2474,0.44167,normalised
39.858582973480225,,,0.98941,0.91735,1,,,,,,,,,GP3,0.98941,0.91735,0.2474,0.44167,normalised
39.875701665878296,,,0.98897,0.91632,1,,,,,,,,,GP3,0.98897,0.91632,0.2474,0.44167,normalised
39.89247679710388,,,0.9885,0.91511,1,,,,,,,,,GP3,0.9885,0.91511,0.2474,0.44167,normalised
39.906880617141724,,,0.9881,0.91389,1,,,,,,,,,GP3,0.9881,0.91389,0.2474,0.44167,normalised
39.92439413070679,,,0.98763,0.91276,1,,,,,,,,,GP3,0.98763,0.91276,0.2474,0.44167,normalised
39.93973159790039,,,0.98716,0.91161,1,,,,,,,,,GP3,0.98716,0.91161,0.2474,0.44167,normalised
39.95582342147827,,,0.98706,0.91061,1,,,,,,,,,GP3,0.98706,0.91061,0.2474,0.44167,normalised
39.97351026535034,,,0.98654,0.9096,1,,,,,,,,,GP3,0.98654,0.9096,0.2474,0.44167,normalised
39.98733139038086,,,0.97175,0.88744,0,,,,,,,,,GP3,0.97175,0.88744,0.2474,0.44167,normalised
40.00414705276489,,,0.96923,0.8762,0,,,,,,,,,GP3,0.96923,0.8762,0.2474,0.44167,normalised
40.022122621536255,,,0.96297,0.86831,0,,,,,,,,,GP3,0.96297,0.86831,0.2474,0.44167,normalised
40.035993337631226,,,0.95983,0.86473,1,,,,,,,,,GP3,0.95983,0.86473,0.2474,0.44167,normalised
40.05395984649658,,,0.96513,0.87156,1,,,,,,,,,GP3,0.96513,0.87156,0.2474,0.44167,normalised
40.068320751190186,,,0.96539,0.87533,1,,,,,,,,,GP3,0.96539,0.87533,0.2474,0.44167,normalised
40.08428144454956,,,0.96568,0.87882,1,,,,,,,,,GP3,0.96568,0.87882,0.2474,0.44167,normalised
40.103058099746704,,,0.96857,0.88238,1,,,,,,,,,GP3,0.96857,0.88238,0.2474,0.44167,normalised
40.118666648864746,,,0.96947,0.88485,1,,,,,,,,,GP3,0.96947,0.88485,0.2474,0.44167,normalised
40.13501048088074,,,0.97024,0.88709,1,,,,,,,,,GP3,0.97024,0.88709,0.2474,0.44167,normalised
40.151803970336914,,,0.97072,0.88725,1,,,,,,,,,GP3,0.97072,0.88725,0.2474,0.44167,normalised
40.16631078720093,,,0.96945,0.8853,1,,,,,,,,,GP3,0.96945,0.8853,0.2474,0.44167,normalised
40.181007385253906,,,0.96833,0.8832,1,,,,,,,,,GP3,0.96833,0.8832,0.2474,0.44167,normalised
40.198082447052,,,0.96991,0.88531,1,,,,,,,,,GP3,0.96991,0.88531,0.2474,0.44167,normalised
40.216301679611206,,,0.97186,0.88728,1,,,,,,,,,GP3,0.97186,0.88728,0.2474,0.44167,normalised
40.23034930229187,,,0.97352,0.88882,1,,,,,,,,,GP3,0.97352,0.88882,0.2474,0.44167,normalised
40.24716877937317,,,0.97413,0.88817,1,,,,,,,,,GP3,0.97413,0.88817,0.2474,0.44167,normalised
40.264679193496704,,,0.9749,0.88818,1,,,,,,,,,GP3,0.9749,0.88818,0.2474,0.44167,normalised
40.278568744659424,,,0.97563,0.88841,1,,,,,,,,,GP3,0.97563,0.88841,0.2474,0.44167,normalised
40.295345306396484,,,0.97504,0.8863,1,,,,,,,,,GP3,0.97504,0.8863,0.2474,0.44167,normalised
40.31111764907837,,,0.97548,0.88525,1,,,,,,,,,GP3,0.97548,0.88525,0.2474,0.44167,normalised
40.32785892486572,,,0.97588,0.88429,1,,,,,,,,,GP3,0.97588,0.88429,0.2474,0.44167,normalised
40.34562611579895,,,0.97717,0.88523,1,,,,,,,,,GP3,0.97717,0.88523,0.2474,0.44167,normalised
40.36158037185669,,,0.97766,0.88484,1,,,,,,,,,GP3,0.97766,0.88484,0.2474,0.44167,normalised
40.37542724609375,,,0.9781,0.88454,1,,,,,,,,,GP3,0.9781,0.88454,0.2474,0.44167,normalised
40.39233708381653,,,0.97832,0.88534,1,,,,,,,,,GP3,0.97832,0.88534,0.2474,0.44167,normalised
40.411834478378296,,,0.97959,0.88729,1,,,,,,,,,GP3,0.97959,0.88729,0.2474,0.44167,normalised
40.42580032348633,,,0.98079,0.88919,1,,,,,,,,,GP3,0.98079,0.88919,0.2474,0.44167,normalised
40.4405620098114,,,0.98089,0.88995,1,,,,,,,,,GP3,0.98089,0.88995,0.2474,0.44167,normalised
40.458203077316284,,,0.98293,0.89192,1,,,,,,,,,GP3,0.98293,0.89192,0.2474,0.44167,normalised
40.47288417816162,,,0.98483,0.89368,1,,,,,,,,,GP3,0.98483,0.89368,0.2474,0.44167,normalised
40.488877058029175,,,0.98497,0.89459,1,,,,,,,,,GP3,0.98497,0.89459,0.2474,0.44167,normalised
40.50642704963684,,,0.98541,0.89535,1,,,,,,,,,GP3,0.98541,0.89535,0.2474,0.44167,normalised
40.52296018600464,,,1.0041,0.91776,0,,,,,,,,,GP3,1.0041,0.91776,0.2474,0.44167,normalised
40.53797197341919,,,0.99514,0.90972,0,,,,,,,,,GP3,0.99514,0.90972,0.2474,0.44167,normalised
40.55582284927368,,,0.98334,0.89087,0,,,,,,,,,GP3,0.98334,0.89087,0.2474,0.44167,normalised
40.569032192230225,,,0.97724,0.88078,1,,,,,,,,,GP3,0.97724,0.88078,0.2474,0.44167,normalised
40.58772850036621,,,0.98284,0.88841,1,,,,,,,,,GP3,0.98284,0.88841,0.2474,0.44167,normalised
40.60290789604187,,,0.98394,0.89295,1,,,,,,,,,GP3,0.98394,0.89295,0.2474,0.44167,normalised
40.61882472038269,,,0.98487,0.89761,1,,,,,,,,,GP3,0.98487,0.89761,0.2474,0.44167,normalised
40.63374209403992,,,0.98326,0.89687,1,,,,,,,,,GP3,0.98326,0.89687,0.2474,0.44167,normalised
40.65041995048523,,,0.98379,0.89838,1,,,,,,,,,GP3,0.98379,0.89838,0.2474,0.44167,normalised
40.66705870628357,,,0.98427,0.9,1,,,,,,,,,GP3,0.98427,0.9,0.2474,0.44167,normalised
40.683613777160645,,,0.98563,0.90562,1,,,,,,,,,GP3,0.98563,0.90562,0.2474,0.44167,normalised
40.699429512023926,,,0.98491,0.90698,1,,,,,,,,,GP3,0.98491,0.90698,0.2474,0.44167,normalised
40.71702599525452,,,0.9843,0.90813,1,,,,,,,,,GP3,0.9843,0.90813,0.2474,0.44167,normalised
40.73070430755615,,,0.98325,0.90794,1,,,,,,,,,GP3,0.98325,0.90794,0.2474,0.44167,normalised
40.74849319458008,,,0.98222,0.90559,1,,,,,,,,,GP3,0.98222,0.90559,0.2474,0.44167,normalised
40.7663836479187,,,0.98126,0.90323,1,,,,,,,,,GP3,0.98126,0.90323,0.2474,0.44167,normalised
40.78092360496521,,,0.97837,0.89834,1,,,,,,,,,GP3,0.97837,0.89834,0.2474,0.44167,normalised
40.79850912094116,,,0.97867,0.89906,1,,,,,,,,,GP3,0.97867,0.89906,0.2474,0.44167,normalised
40.81600046157837,,,0.97894,0.89956,1,,,,,,,,,GP3,0.97894,0.89956,0.2474,0.44167,normalised
40.828404664993286,,,0.97668,0.89826,1,,,,,,,,,GP3,0.97668,0.89826,0.2474,0.44167,normalised
40.84514093399048,,,0.97979,0.89614,1,,,,,,,,,GP3,0.97979,0.89614,0.2474,0.44167,normalised
40.86176061630249,,,0.9826,0.89401,1,,,,,,,,,GP3,0.9826,0.89401,0.2474,0.44167,normalised
40.87885499000549,,,0.96526,0.88795,1,,,,,,,,,GP3,0.96526,0.88795,0.2474,0.44167,normalised
40.89278221130371,,,0.916,0.86023,0,,,,,,,,,GP3,0.916,0.86023,0.2474,0.44167,normalised
40.91137766838074,,,0.76321,0.82267,0,,,,,,,,,GP3,0.76321,0.82267,0.2474,0.44167,normalised
40.92836260795593,,,0.66846,0.81265,0,,,,,,,,,GP3,0.66846,0.81265,0.2474,0.44167,normalised
40.941298723220825,,,0.52197,0.79948,0,,,,,,,,,GP3,0.52197,0.79948,0.2474,0.44167,normalised
40.95798873901367,,,0.49924,0.81007,0,,,,,,,,,GP3,0.49924,0.81007,0.2474,0.44167,normalised
40.97462797164917,,,0.46836,0.79515,0,,,,,,,,,GP3,0.46836,0.79515,0.2474,0.44167,normalised
40.991076707839966,,,0.56937,0.94356,0,,,,,,,,,GP3,0.56937,0.94356,0.2474,0.44167,normalised
41.00572061538696,,,0.69719,1.09413,0,,,,,,,,,GP3,0.69719,1.09413,0.2474,0.44167,normalised
41.023356914520264,,,0.59833,1.00388,0,,,,,,,,,GP3,0.59833,1.00388,0.2474,0.44167,normalised
41.03910160064697,,,0.56118,0.95373,1,,,,,,,,,GP3,0.56118,0.95373,0.2474,0.44167,normalised
41.05597543716431,,,0.54001,0.92546,1,,,,,,,,,GP3,0.54001,0.92546,0.2474,0.44167,normalised
41.07169032096863,,,0.50543,0.91443,1,,,,,,,,,GP3,0.50543,0.91443,0.2474,0.44167,normalised
41.087899923324585,,,0.48154,0.90418,1,,,,,,,,,GP3,0.48154,0.90418,0.2474,0.44167,normalised
41.104541063308716,,,0.46387,0.89681,1,,,,,,,,,GP3,0.46387,0.89681,0.2474,0.44167,normalised
41.12168741226196,,,0.44676,0.89026,1,,,,,,,,,GP3,0.44676,0.89026,0.2474,0.44167,normalised
41.136892318725586,,,0.43289,0.8864,1,,,,,,,,,GP3,0.43289,0.8864,0.2474,0.44167,normalised
41.1516649723053,,,0.421,0.88261,1,,,,,,,,,GP3,0.421,0.88261,0.2474,0.44167,normalised
41.168801069259644,,,0.40932,0.88033,1,,,,,,,,,GP3,0.40932,0.88033,0.2474,0.44167,normalised
41.18346667289734,,,0.39808,0.87661,1,,,,,,,,,GP3,0.39808,0.87661,0.2474,0.44167,normalised
41.200204372406006,,,0.33677,0.83638,0,,,,,,,,,GP3,0.33677,0.83638,0.2474,0.44167,normalised
41.21749758720398,,,0.20133,0.79277,0,,,,,,,,,GP3,0.20133,0.79277,0.2474,0.44167,normalised
41.23331904411316,,,0.15682,0.77535,0,,,,,,,,,GP3,0.15682,0.77535,0.2474,0.44167,normalised
41.249916791915894,,,0.06444,0.74063,0,,,,,,,,,GP3,0.06444,0.74063,0.2474,0.44167,normalised
41.2652862071991,,,0.04363,0.73823,0,,,,,,,,,GP3,0.04363,0.73823,0.2474,0.44167,normalised
41.283198595047,,,0.03575,0.73941,0,,,,,,,,,GP3,0.03575,0.73941,0.2474,0.44167,normalised
41.297831535339355,,,0.03236,0.74049,1,,,,,,,,,GP3,0.03236,0.74049,0.2474,0.44167,normalised
41.31392860412598,,,0.03882,0.74284,1,,,,,,,,,GP3,0.03882,0.74284,0.2474,0.44167,normalised
41.33022451400757,,,0.0433,0.74651,1,,,,,,,,,GP3,0.0433,0.74651,0.2474,0.44167,normalised
41.34923577308655,,,0.04728,0.74985,1,,,,,,,,,GP3,0.04728,0.74985,0.2474,0.44167,normalised
41.363874197006226,,,0.04631,0.74982,1,,,,,,,,,GP3,0.04631,0.74982,0.2474,0.44167,normalised
41.38063621520996,,,0.0459,0.74888,1,,,,,,,,,GP3,0.0459,0.74888,0.2474,0.44167,normalised
41.394612312316895,,,0.04544,0.74804,1,,,,,,,,,GP3,0.04544,0.74804,0.2474,0.44167,normalised
41.410869121551514,,,0.04753,0.74923,1,,,,,,,,,GP3,0.04753,0.74923,0.2474,0.44167,normalised
41.42735743522644,,,0.04947,0.75029,1,,,,,,,,,GP3,0.04947,0.75029,0.2474,0.44167,normalised
41.44395995140076,,,0.05034,0.75051,1,,,,,,,,,GP3,0.05034,0.75051,0.2474,0.44167,normalised
41.46039533615112,,,0.05138,0.7505,1,,,,,,,,,GP3,0.05138,0.7505,0.2474,0.44167,normalised
41.47598719596863,,,0.05156,0.74979,1,,,,,,,,,GP3,0.05156,0.74979,0.2474,0.44167,normalised
41.49095964431763,,,0.0515,0.74897,1,,,,,,,,,GP3,0.0515,0.74897,0.2474,0.44167,normalised
41.507622718811035,,,0.05125,0.74835,1,,,,,,,,,GP3,0.05125,0.74835,0.2474,0.44167,normalised
41.526697874069214,,,0.05178,0.74777,1,,,,,,,,,GP3,0.05178,0.74777,0.2474,0.44167,normalised
41.539347887039185,,,0.05259,0.74755,1,,,,,,,,,GP3,0.05259,0.74755,0.2474,0.44167,normalised
41.55721378326416,,,0.05321,0.74665,1,,,,,,,,,GP3,0.05321,0.74665,0.2474,0.44167,normalised
41.57313084602356,,,0.05384,0.74744,1,,,,,,,,,GP3,0.05384,0.74744,0.2474,0.44167,normalised
41.59042477607727,,,0.05463,0.74834,1,,,,,,,,,GP3,0.05463,0.74834,0.2474,0.44167,normalised
41.60532188415527,,,0.05579,0.74975,1,,,,,,,,,GP3,0.05579,0.74975,0.2474,0.44167,normalised
41.62173366546631,,,0.05772,0.75105,1,,,,,,,,,GP3,0.05772,0.75105,0.2474,0.44167,normalised
41.63712739944458,,,0.05937,0.75214,1,,,,,,,,,GP3,0.05937,0.75214,0.2474,0.44167,normalised
41.65322518348694,,,0.05947,0.75225,1,,,,,,,,,GP3,0.05947,0.75225,0.2474,0.44167,normalised
41.669504165649414,,,0.05964,0.75205,1,,,,,,,,,GP3,0.05964,0.75205,0.2474,0.44167,normalised
41.68630528450012,,,0.05967,0.75176,1,,,,,,,,,GP3,0.05967,0.75176,0.2474,0.44167,normalised
41.704123735427856,,,0.0599,0.75143,1,,,,,,,,,GP3,0.0599,0.75143,0.2474,0.44167,normalised
41.71889519691467,,,0.06067,0.75191,1,,,,,,,,,GP3,0.06067,0.75191,0.2474,0.44167,normalised
41.73434329032898,,,0.06151,0.75248,1,,,,,,,,,GP3,0.06151,0.75248,0.2474,0.44167,normalised
41.75022649765015,,,0.062,0.75287,1,,,,,,,,,GP3,0.062,0.75287,0.2474,0.44167,normalised
41.76672387123108,,,0.06226,0.75307,1,,,,,,,,,GP3,0.06226,0.75307,0.2474,0.44167,normalised
41.78470277786255,,,0.06245,0.75319,1,,,,,,,,,GP3,0.06245,0.75319,0.2474,0.44167,normalised
41.80079197883606,,,0.06229,0.75273,1,,,,,,,,,GP3,0.06229,0.75273,0.2474,0.44167,normalised
41.81539845466614,,,0.06247,0.75253,1,,,,,,,,,GP3,0.06247,0.75253,0.2474,0.44167,normalised
41.83125829696655,,,0.0627,0.75241,1,,,,,,,,,GP3,0.0627,0.75241,0.2474,0.44167,normalised
41.84660768508911,,,0.06266,0.75217,1,,,,,,,,,GP3,0.06266,0.75217,0.2474,0.44167,normalised
41.86343288421631,,,0.06265,0.7522,1,,,,,,,,,GP3,0.06265,0.7522,0.2474,0.44167,normalised
41.88047742843628,,,0.06255,0.75213,1,,,,,,,,,GP3,0.06255,0.75213,0.2474,0.44167,normalised
41.896522998809814,,,0.06258,0.75185,1,,,,,,,,,GP3,0.06258,0.75185,0.2474,0.44167,normalised
41.913419246673584,,,0.06258,0.75149,1,,,,,,,,,GP3,0.06258,0.75149,0.2474,0.44167,normalised
41.92988920211792,,,0.06261,0.75117,1,,,,,,,,,GP3,0.06261,0.75117,0.2474,0.44167,normalised
41.947465896606445,,,0.06305,0.75116,1,,,,,,,,,GP3,0.06305,0.75116,0.2474,0.44167,normalised
41.961140632629395,,,0.06363,0.75121,1,,,,,,,,,GP3,0.06363,0.75121,0.2474,0.44167,normalised
41.97774863243103,,,0.06422,0.75131,1,,,,,,,,,GP3,0.06422,0.75131,0.2474,0.44167,normalised
41.995044231414795,,,0.06459,0.75167,1,,,,,,,,,GP3,0.06459,0.75167,0.2474,0.44167,normalised
42.010915994644165,,,0.06475,0.75128,1,,,,,,,,,GP3,0.06475,0.75128,0.2474,0.44167,normalised
42.024526596069336,,,0.06483,0.75106,1,,,,,,,,,GP3,0.06483,0.75106,0.2474,0.44167,normalised
42.04203200340271,,,0.06585,0.75137,1,,,,,,,,,GP3,0.06585,0.75137,0.2474,0.44167,normalised
42.05792760848999,,,0.06689,0.75145,1,,,,,,,,,GP3,0.06689,0.75145,0.2474,0.44167,normalised
42.07564997673035,,,0.06789,0.75148,1,,,,,,,,,GP3,0.06789,0.75148,0.2474,0.44167,normalised
42.090161085128784,,,0.06789,0.75142,1,,,,,,,,,GP3,0.06789,0.75142,0.2474,0.44167,normalised
42.10617780685425,,,0.06794,0.75097,1,,,,,,,,,GP3,0.06794,0.75097,0.2474,0.44167,normalised
42.12388372421265,,,0.06798,0.75051,1,,,,,,,,,GP3,0.06798,0.75051,0.2474,0.44167,normalised
42.13911533355713,,,0.06874,0.7505,1,,,,,,,,,GP3,0.06874,0.7505,0.2474,0.44167,normalised
42.15402698516846,,,0.06945,0.75079,1,,,,,,,,,GP3,0.06945,0.75079,0.2474,0.44167,normalised
42.16993260383606,,,0.07021,0.75111,1,,,,,,,,,GP3,0.07021,0.75111,0.2474,0.44167,normalised
42.18867754936218,,,0.07099,0.7511,1,,,,,,,,,GP3,0.07099,0.7511,0.2474,0.44167,normalised
42.20279860496521,,,0.07114,0.75084,1,,,,,,,,,GP3,0.07114,0.75084,0.2474,0.44167,normalised
42.21975040435791,,,0.07158,0.75084,1,,,,,,,,,GP3,0.07158,0.75084,0.2474,0.44167,normalised
42.237579584121704,,,0.07205,0.75106,1,,,,,,,,,GP3,0.07205,0.75106,0.2474,0.44167,normalised
42.25265407562256,,,0.07302,0.75204,1,,,,,,,,,GP3,0.07302,0.75204,0.2474,0.44167,normalised
42.268256187438965,,,0.07409,0.75311,1,,,,,,,,,GP3,0.07409,0.75311,0.2474,0.44167,normalised
42.28423285484314,,,0.07487,0.75356,1,,,,,,,,,GP3,0.07487,0.75356,0.2474,0.44167,normalised
42.30120325088501,,,0.07547,0.7541,1,,,,,,,,,GP3,0.07547,0.7541,0.2474,0.44167,normalised
42.31600308418274,,,0.07576,0.75439,1,,,,,,,,,GP3,0.07576,0.75439,0.2474,0.44167,normalised
42.33248543739319,,,0.07577,0.7548,1,,,,,,,,,GP3,0.07577,0.7548,0.2474,0.44167,normalised
42.34928035736084,,,0.07492,0.75392,1,,,,,,,,,GP3,0.07492,0.75392,0.2474,0.44167,normalised
42.36542057991028,,,0.07378,0.75275,1,,,,,,,,,GP3,0.07378,0.75275,0.2474,0.44167,normalised
42.38127541542053,,,0.07282,0.75144,1,,,,,,,,,GP3,0.07282,0.75144,0.2474,0.44167,normalised
42.39896059036255,,,0.07186,0.75052,1,,,,,,,,,GP3,0.07186,0.75052,0.2474,0.44167,normalised
42.414302587509155,,,0.07141,0.75008,1,,,,,,,,,GP3,0.07141,0.75008,0.2474,0.44167,normalised
42.43123149871826,,,0.07227,0.75019,1,,,,,,,,,GP3,0.07227,0.75019,0.2474,0.44167,normalised
42.44769501686096,,,0.07348,0.75058,1,,,,,,,,,GP3,0.07348,0.75058,0.2474,0.44167,normalised
42.4622163772583,,,0.07454,0.75086,1,,,,,,,,,GP3,0.07454,0.75086,0.2474,0.44167,normalised
42.47774600982666,,,0.07551,0.75122,1,,,,,,,,,GP3,0.07551,0.75122,0.2474,0.44167,normalised
42.49457144737244,,,0.07596,0.75089,1,,,,,,,,,GP3,0.07596,0.75089,0.2474,0.44167,normalised
42.51251149177551,,,0.07611,0.75024,1,,,,,,,,,GP3,0.07611,0.75024,0.2474,0.44167,normalised
42.52746224403381,,,0.07659,0.74986,1,,,,,,,,,GP3,0.07659,0.74986,0.2474,0.44167,normalised
42.542999505996704,,,0.07705,0.74988,1,,,,,,,,,GP3,0.07705,0.74988,0.2474,0.44167,normalised
42.56088399887085,,,0.07799,0.75036,1,,,,,,,,,GP3,0.07799,0.75036,0.2474,0.44167,normalised
42.575926303863525,,,0.07965,0.75121,1,,,,,,,,,GP3,0.07965,0.75121,0.2474,0.44167,normalised
42.592631816864014,,,0.10982,0.76222,0,,,,,,,,,GP3,0.10982,0.76222,0.2474,0.44167,normalised
42.609302043914795,,,0.12663,0.77516,0,,,,,,,,,GP3,0.12663,0.77516,0.2474,0.44167,normalised
42.62370800971985,,,0.13217,0.77742,0,,,,,,,,,GP3,0.13217,0.77742,0.2474,0.44167,normalised
42.640472650527954,,,0.12971,0.77583,1,,,,,,,,,GP3,0.12971,0.77583,0.2474,0.44167,normalised
42.655104637145996,,,0.12777,0.77438,1,,,,,,,,,GP3,0.12777,0.77438,0.2474,0.44167,normalised
42.673948526382446,,,0.12672,0.7756,1,,,,,,,,,GP3,0.12672,0.7756,0.2474,0.44167,normalised
42.690673828125,,,0.12743,0.77749,1,,,,,,,,,GP3,0.12743,0.77749,0.2474,0.44167,normalised
42.70518398284912,,,0.12883,0.77977,1,,,,,,,,,GP3,0.12883,0.77977,0.2474,0.44167,normalised
42.72164273262024,,,0.13015,0.78005,1,,,,,,,,,GP3,0.13015,0.78005,0.2474,0.44167,normalised
42.73776149749756,,,0.1304,0.77899,1,,,,,,,,,GP3,0.1304,0.77899,0.2474,0.44167,normalised
42.752365589141846,,,0.1304,0.7779,1,,,,,,,,,GP3,0.1304,0.7779,0.2474,0.44167,normalised
42.76988649368286,,,0.1314,0.77835,1,,,,,,,,,GP3,0.1314,0.77835,0.2474,0.44167,normalised
42.78574299812317,,,0.13131,0.77809,1,,,,,,,,,GP3,0.13131,0.77809,0.2474,0.44167,normalised
42.801316261291504,,,0.13154,0.77817,1,,,,,,,,,GP3,0.13154,0.77817,0.2474,0.44167,normalised
42.818991899490356,,,0.13331,0.77714,1,,,,,,,,,GP3,0.13331,0.77714,0.2474,0.44167,normalised
42.833768129348755,,,0.13617,0.77765,1,,,,,,,,,GP3,0.13617,0.77765,0.2474,0.44167,normalised
42.84931492805481,,,0.13881,0.77824,1,,,,,,,,,GP3,0.13881,0.77824,0.2474,0.44167,normalised
42.86712169647217,,,0.13926,0.7789,1,,,,,,,,,GP3,0.13926,0.7789,0.2474,0.44167,normalised
42.88456678390503,,,0.14006,0.77991,1,,,,,,,,,GP3,0.14006,0.77991,0.2474,0.44167,normalised
42.8992133140564,,,0.1404,0.78045,1,,,,,,,,,GP3,0.1404,0.78045,0.2474,0.44167,normalised
42.9150071144104,,,0.14054,0.78026,1,,,,,,,,,GP3,0.14054,0.78026,0.2474,0.44167,normalised
42.93073630332947,,,0.14136,0.77907,1,,,,,,,,,GP3,0.14136,0.77907,0.2474,0.44167,normalised
42.94638276100159,,,0.14188,0.77774,1,,,,,,,,,GP3,0.14188,0.77774,0.2474,0.44167,normalised
42.96443247795105,,,0.14161,0.77731,1,,,,,,,,,GP3,0.14161,0.77731,0.2474,0.44167,normalised
42.98023819923401,,,0.14051,0.77679,1,,,,,,,,,GP3,0.14051,0.77679,0.2474,0.44167,normalised
42.99621367454529,,,0.13931,0.77615,1,,,,,,,,,GP3,0.13931,0.77615,0.2474,0.44167,normalised
43.01222586631775,,,0.13833,0.77512,1,,,,,,,,,GP3,0.13833,0.77512,0.2474,0.44167,normalised
43.028409481048584,,,0.1377,0.77384,1,,,,,,,,,GP3,0.1377,0.77384,0.2474,0.44167,normalised
43.0444278717041,,,0.13704,0.77257,1,,,,,,,,,GP3,0.13704,0.77257,0.2474,0.44167,normalised
43.062092781066895,,,0.13596,0.772,1,,,,,,,,,GP3,0.13596,0.772,0.2474,0.44167,normalised
43.07757329940796,,,0.13532,0.77132,1,,,,,,,,,GP3,0.13532,0.77132,0.2474,0.44167,normalised
43.094030141830444,,,0.13483,0.77078,1,,,,,,,,,GP3,0.13483,0.77078,0.2474,0.44167,normalised
43.10987854003906,,,0.13437,0.76981,1,,,,,,,,,GP3,0.13437,0.76981,0.2474,0.44167,normalised
43.125468015670776,,,0.1344,0.76885,1,,,,,,,,,GP3,0.1344,0.76885,0.2474,0.44167,normalised
43.14312767982483,,,0.13436,0.76789,1,,,,,,,,,GP3,0.13436,0.76789,0.2474,0.44167,normalised
43.157325983047485,,,0.13367,0.76817,1,,,,,,,,,GP3,0.13367,0.76817,0.2474,0.44167,normalised
43.17430257797241,,,0.13273,0.76802,1,,,,,,,,,GP3,0.13273,0.76802,0.2474,0.44167,normalised
43.19096565246582,,,0.13167,0.76772,1,,,,,,,,,GP3,0.13167,0.76772,0.2474,0.44167,normalised
43.20838475227356,,,0.11316,0.74878,0,,,,,,,,,GP3,0.11316,0.74878,0.2474,0.44167,normalised
43.22268009185791,,,0.1051,0.74992,0,,,,,,,,,GP3,0.1051,0.74992,0.2474,0.44167,normalised
43.239112854003906,,,0.10413,0.75183,0,,,,,,,,,GP3,0.10413,0.75183,0.2474,0.44167,normalised
43.25465250015259,,,0.10241,0.7489,1,,,,,,,,,GP3,0.10241,0.7489,0.2474,0.44167,normalised
43.269996643066406,,,0.10514,0.74938,1,,,,,,,,,GP3,0.10514,0.74938,0.2474,0.44167,normalised
43.28695249557495,,,0.10757,0.75029,1,,,,,,,,,GP3,0.10757,0.75029,0.2474,0.44167,normalised
43.30348181724548,,,0.10888,0.75163,1,,,,,,,,,GP3,0.10888,0.75163,0.2474,0.44167,normalised
43.31991672515869,,,0.11056,0.75201,1,,,,,,,,,GP3,0.11056,0.75201,0.2474,0.44167,normalised
43.33481192588806,,,0.11186,0.75231,1,,,,,,,,,GP3,0.11186,0.75231,0.2474,0.44167,normalised
43.35091829299927,,,0.11214,0.75458,1,,,,,,,,,GP3,0.11214,0.75458,0.2474,0.44167,normalised
43.36946511268616,,,0.11479,0.75641,1,,,,,,,,,GP3,0.11479,0.75641,0.2474,0.44167,normalised
43.383416175842285,,,0.11737,0.75829,1,,,,,,,,,GP3,0.11737,0.75829,0.2474,0.44167,normalised
43.40279507637024,,,0.11917,0.75945,1,,,,,,,,,GP3,0.11917,0.75945,0.2474,0.44167,normalised
43.41779589653015,,,0.12147,0.76033,1,,,,,,,,,GP3,0.12147,0.76033,0.2474,0.44167,normalised
43.43197178840637,,,0.12323,0.76089,1,,,,,,,,,GP3,0.12323,0.76089,0.2474,0.44167,normalised
43.44966959953308,,,0.12414,0.76062,1,,,,,,,,,GP3,0.12414,0.76062,0.2474,0.44167,normalised
43.46570873260498,,,0.12355,0.76017,1,,,,,,,,,GP3,0.12355,0.76017,0.2474,0.44167,normalised
43.48373198509216,,,0.12264,0.75933,1,,,,,,,,,GP3,0.12264,0.75933,0.2474,0.44167,normalised
43.498308181762695,,,0.12137,0.75874,1,,,,,,,,,GP3,0.12137,0.75874,0.2474,0.44167,normalised
43.516623735427856,,,0.12071,0.76003,1,,,,,,,,,GP3,0.12071,0.76003,0.2474,0.44167,normalised
43.5322949886322,,,0.12128,0.76227,1,,,,,,,,,GP3,0.12128,0.76227,0.2474,0.44167,normalised
43.547895193099976,,,0.12285,0.7636,1,,,,,,,,,GP3,0.12285,0.7636,0.2474,0.44167,normalised
43.56264543533325,,,0.12427,0.76509,1,,,,,,,,,GP3,0.12427,0.76509,0.2474,0.44167,normalised
43.57816457748413,,,0.1257,0.7666,1,,,,,,,,,GP3,0.1257,0.7666,0.2474,0.44167,normalised
43.594913959503174,,,0.12682,0.76863,1,,,,,,,,,GP3,0.12682,0.76863,0.2474,0.44167,normalised
43.61407113075256,,,0.12799,0.77042,1,,,,,,,,,GP3,0.12799,0.77042,0.2474,0.44167,normalised
43.62797665596008,,,0.12891,0.77192,1,,,,,,,,,GP3,0.12891,0.77192,0.2474,0.44167,normalised
43.645039796829224,,,0.12946,0.77277,1,,,,,,,,,GP3,0.12946,0.77277,0.2474,0.44167,normalised
43.660881996154785,,,0.12955,0.77285,1,,,,,,,,,GP3,0.12955,0.77285,0.2474,0.44167,normalised
43.67876839637756,,,0.12942,0.7727,1,,,,,,,,,GP3,0.12942,0.7727,0.2474,0.44167,normalised
43.69324517250061,,,0.14304,0.79516,0,,,,,,,,,GP3,0.14304,0.79516,0.2474,0.44167,normalised
43.708056926727295,,,0.14536,0.79641,0,,,,,,,,,GP3,0.14536,0.79641,0.2474,0.44167,normalised
43.72700476646423,,,0.14734,0.79797,0,,,,,,,,,GP3,0.14734,0.79797,0.2474,0.44167,normalised
43.74083614349365,,,0.13945,0.79653,1,,,,,,,,,GP3,0.13945,0.79653,0.2474,0.44167,normalised
43.760533571243286,,,0.13901,0.79749,1,,,,,,,,,GP3,0.13901,0.79749,0.2474,0.44167,normalised
43.773110151290894,,,0.13892,0.79824,1,,,,,,,,,GP3,0.13892,0.79824,0.2474,0.44167,normalised
43.78903245925903,,,0.13854,0.79676,1,,,,,,,,,GP3,0.13854,0.79676,0.2474,0.44167,normalised
43.804595708847046,,,0.1373,0.79515,1,,,,,,,,,GP3,0.1373,0.79515,0.2474,0.44167,normalised
43.82068872451782,,,0.13657,0.79418,1,,,,,,,,,GP3,0.13657,0.79418,0.2474,0.44167,normalised
43.837908029556274,,,0.13647,0.79424,1,,,,,,,,,GP3,0.13647,0.79424,0.2474,0.44167,normalised
43.85347628593445,,,0.13773,0.79525,1,,,,,,,,,GP3,0.13773,0.79525,0.2474,0.44167,normalised
43.87114357948303,,,0.13956,0.79679,1,,,,,,,,,GP3,0.13956,0.79679,0.2474,0.44167,normalised
43.88887429237366,,,0.15787,0.79031,1,,,,,,,,,GP3,0.15787,0.79031,0.2474,0.44167,normalised
43.90294098854065,,,0.15194,0.79998,1,,,,,,,,,GP3,0.15194,0.79998,0.2474,0.44167,normalised
43.917513847351074,,,0.14727,0.80854,1,,,,,,,,,GP3,0.14727,0.80854,0.2474,0.44167,normalised
43.93569564819336,,,0.1727,0.79511,1,,,,,,,,,GP3,0.1727,0.79511,0.2474,0.44167,normalised
43.95324444770813,,,0.19577,0.78257,1,,,,,,,,,GP3,0.19577,0.78257,0.2474,0.44167,normalised
43.96886944770813,,,0.25476,0.75751,0,,,,,,,,,GP3,0.25476,0.75751,0.2474,0.44167,normalised
43.984673261642456,,,0.41131,0.63552,0,,,,,,,,,GP3,0.41131,0.63552,0.2474,0.44167,normalised
43.99927258491516,,,0.46837,0.60207,0,,,,,,,,,GP3,0.46837,0.60207,0.2474,0.44167,normalised
44.01809573173523,,,0.57761,0.52797,0,,,,,,,,,GP3,0.57761,0.52797,0.2474,0.44167,normalised
44.030720710754395,,,0.59281,0.52445,0,,,,,,,,,GP3,0.59281,0.52445,0.2474,0.44167,normalised
44.04898190498352,,,0.5981,0.52997,0,,,,,,,,,GP3,0.5981,0.52997,0.2474,0.44167,normalised
44.06484627723694,,,0.59999,0.5303,1,,,,,,,,,GP3,0.59999,0.5303,0.2474,0.44167,normalised
44.080856800079346,,,0.61927,0.51106,1,,,,,,,,,GP3,0.61927,0.51106,0.2474,0.44167,normalised
44.09775233268738,,,0.50895,0.60524,1,,,,,,,,,GP3,0.50895,0.60524,0.2474,0.44167,normalised
44.112754106521606,,,0.40398,0.69728,0,,,,,,,,,GP3,0.40398,0.69728,0.2474,0.44167,normalised
44.130234718322754,,,0.57975,0.49701,0,,,,,,,,,GP3,0.57975,0.49701,0.2474,0.44167,normalised
44.144086599349976,,,0.64328,0.43359,0,,,,,,,,,GP3,0.64328,0.43359,0.2474,0.44167,normalised
44.16092324256897,,,0.76669,0.30629,0,,,,,,,,,GP3,0.76669,0.30629,0.2474,0.44167,normalised
44.17800688743591,,,0.77152,0.2987,0,,,,,,,,,GP3,0.77152,0.2987,0.2474,0.44167,normalised
44.193591833114624,,,0.77061,0.29369,0,,,,,,,,,GP3,0.77061,0.29369,0.2474,0.44167,normalised
44.20916390419006,,,0.76885,0.28926,1,,,,,,,,,GP3,0.76885,0.28926,0.2474,0.44167,normalised
44.226518869400024,,,0.77333,0.27511,1,,,,,,,,,GP3,0.77333,0.27511,0.2474,0.44167,normalised
44.241427183151245,,,0.77563,0.28892,1,,,,,,,,,GP3,0.77563,0.28892,0.2474,0.44167,normalised
44.25773048400879,,,0.78009,0.306,1,,,,,,,,,GP3,0.78009,0.306,0.2474,0.44167,normalised
44.27538347244263,,,0.78571,0.28028,1,,,,,,,,,GP3,0.78571,0.28028,0.2474,0.44167,normalised
44.28989100456238,,,0.79507,0.26868,1,,,,,,,,,GP3,0.79507,0.26868,0.2474,0.44167,normalised
44.30608940124512,,,0.80255,0.2594,1,,,,,,,,,GP3,0.80255,0.2594,0.2474,0.44167,normalised
44.32157778739929,,,0.80798,0.25307,1,,,,,,,,,GP3,0.80798,0.25307,0.2474,0.44167,normalised
44.3401243686676,,,0.82113,0.25301,1,,,,,,,,,GP3,0.82113,0.25301,0.2474,0.44167,normalised
44.355116844177246,,,0.83182,0.25189,1,,,,,,,,,GP3,0.83182,0.25189,0.2474,0.44167,normalised
44.372403383255005,,,0.83991,0.25075,1,,,,,,,,,GP3,0.83991,0.25075,0.2474,0.44167,normalised
44.38694620132446,,,0.84268,0.24317,1,,,,,,,,,GP3,0.84268,0.24317,0.2474,0.44167,normalised
44.40516710281372,,,0.86953,0.21665,0,,,,,,,,,GP3,0.86953,0.21665,0.2474,0.44167,normalised
44.42170834541321,,,0.88473,0.17987,0,,,,,,,,,GP3,0.88473,0.17987,0.2474,0.44167,normalised
44.4355731010437,,,0.89015,0.16365,0,,,,,,,,,GP3,0.89015,0.16365,0.2474,0.44167,normalised
44.454545974731445,,,0.89285,0.15554,1,,,,,,,,,GP3,0.89285,0.15554,0.2474,0.44167,normalised
44.47018337249756,,,0.89216,0.14341,1,,,,,,,,,GP3,0.89216,0.14341,0.2474,0.44167,normalised
44.48641872406006,,,0.89113,0.13523,1,,,,,,,,,GP3,0.89113,0.13523,0.2474,0.44167,normalised
44.502286195755005,,,0.8904,0.12939,1,,,,,,,,,GP3,0.8904,0.12939,0.2474,0.44167,normalised
44.516836643218994,,,0.89344,0.12645,1,,,,,,,,,GP3,0.89344,0.12645,0.2474,0.44167,normalised
44.53478693962097,,,0.8993,0.13265,1,,,,,,,,,GP3,0.8993,0.13265,0.2474,0.44167,normalised
44.54940319061279,,,0.90399,0.13761,1,,,,,,,,,GP3,0.90399,0.13761,0.2474,0.44167,normalised
44.5654079914093,,,0.90552,0.13716,1,,,,,,,,,GP3,0.90552,0.13716,0.2474,0.44167,normalised
44.58102226257324,,,0.90914,0.14259,1,,,,,,,,,GP3,0.90914,0.14259,0.2474,0.44167,normalised
44.59697914123535,,,0.9122,0.14719,1,,,,,,,,,GP3,0.9122,0.14719,0.2474,0.44167,normalised
44.61710071563721,,,0.91202,0.14395,1,,,,,,,,,GP3,0.91202,0.14395,0.2474,0.44167,normalised
44.631532192230225,,,0.91235,0.14139,1,,,,,,,,,GP3,0.91235,0.14139,0.2474,0.44167,normalised
44.64627742767334,,,0.91263,0.13916,1,,,,,,,,,GP3,0.91263,0.13916,0.2474,0.44167,normalised
44.66213274002075,,,0.91359,0.13766,1,,,,,,,,,GP3,0.91359,0.13766,0.2474,0.44167,normalised
44.678303480148315,,,0.91425,0.13607,1,,,,,,,,,GP3,0.91425,0.13607,0.2474,0.44167,normalised
44.69621658325195,,,0.91548,0.13613,1,,,,,,,,,GP3,0.91548,0.13613,0.2474,0.44167,normalised
44.71048617362976,,,0.91706,0.13883,1,,,,,,,,,GP3,0.91706,0.13883,0.2474,0.44167,normalised
44.725807666778564,,,0.92042,0.14523,1,,,,,,,,,GP3,0.92042,0.14523,0.2474,0.44167,normalised
44.743709325790405,,,0.92422,0.15287,1,,,,,,,,,GP3,0.92422,0.15287,0.2474,0.44167,normalised
44.7594575881958,,,0.94873,0.18242,0,,,,,,,,,GP3,0.94873,0.18242,0.2474,0.44167,normalised
44.77589273452759,,,0.96063,0.22975,0,,,,,,,,,GP3,0.96063,0.22975,0.2474,0.44167,normalised
44.79265308380127,,,0.9592,0.23249,0,,,,,,,,,GP3,0.9592,0.23249,0.2474,0.44167,normalised
44.809385538101196,,,0.96004,0.22152,1,,,,,,,,,GP3,0.96004,0.22152,0.2474,0.44167,normalised
44.8240327835083,,,0.958,0.21378,1,,,,,,,,,GP3,0.958,0.21378,0.2474,0.44167,normalised
44.84161305427551,,,0.95462,0.20392,1,,,,,,,,,GP3,0.95462,0.20392,0.2474,0.44167,normalised
44.85546040534973,,,0.95456,0.19957,1,,,,,,,,,GP3,0.95456,0.19957,0.2474,0.44167,normalised
44.871243476867676,,,0.95464,0.19335,1,,,,,,,,,GP3,0.95464,0.19335,0.2474,0.44167,normalised
44.88922476768494,,,0.95539,0.19012,1,,,,,,,,,GP3,0.95539,0.19012,0.2474,0.44167,normalised
44.9047064781189,,,0.95644,0.19122,1,,,,,,,,,GP3,0.95644,0.19122,0.2474,0.44167,normalised
44.921104192733765,,,0.95523,0.19111,1,,,,,,,,,GP3,0.95523,0.19111,0.2474,0.44167,normalised
44.936686277389526,,,0.95565,0.19442,1,,,,,,,,,GP3,0.95565,0.19442,0.2474,0.44167,normalised
44.953612327575684,,,0.9577,0.20153,1,,,,,,,,,GP3,0.9577,0.20153,0.2474,0.44167,normalised
44.969078063964844,,,0.95854,0.20806,1,,,,,,,,,GP3,0.95854,0.20806,0.2474,0.44167,normalised
44.98696327209473,,,0.95995,0.21538,1,,,,,,,,,GP3,0.95995,0.21538,0.2474,0.44167,normalised
45.000683069229126,,,0.96482,0.22514,1,,,,,,,,,GP3,0.96482,0.22514,0.2474,0.44167,normalised
45.017804861068726,,,0.96733,0.23001,1,,,,,,,,,GP3,0.96733,0.23001,0.2474,0.44167,normalised
45.03592491149902,,,0.96957,0.23433,1,,,,,,,,,GP3,0.96957,0.23433,0.2474,0.44167,normalised
45.0509831905365,,,0.9828,0.26382,0,,,,,,,,,GP3,0.9828,0.26382,0.2474,0.44167,normalised
45.06788611412048,,,1.00709,0.29852,0,,,,,,,,,GP3,1.00709,0.29852,0.2474,0.44167,normalised
45.08228898048401,,,1.01519,0.31008,0,,,,,,,,,GP3,1.01519,0.31008,0.2474,0.44167,normalised
45.09773230552673,,,1.01786,0.32604,1,,,,,,,,,GP3,1.01786,0.32604,0.2474,0.44167,normalised
45.115081787109375,,,1.02151,0.3422,1,,,,,,,,,GP3,1.02151,0.3422,0.2474,0.44167,normalised
45.13369679450989,,,1.02227,0.34877,1,,,,,,,,,GP3,1.02227,0.34877,0.2474,0.44167,normalised
45.14755368232727,,,1.01784,0.33892,1,,,,,,,,,GP3,1.01784,0.33892,0.2474,0.44167,normalised
45.164180517196655,,,1.01173,0.32253,1,,,,,,,,,GP3,1.01173,0.32253,0.2474,0.44167,normalised
45.17969346046448,,,1.00508,0.30531,1,,,,,,,,,GP3,1.00508,0.30531,0.2474,0.44167,normalised
45.196210622787476,,,0.99986,0.29096,1,,,,,,,,,GP3,0.99986,0.29096,0.2474,0.44167,normalised
45.21236872673035,,,0.99695,0.28133,1,,,,,,,,,GP3,0.99695,0.28133,0.2474,0.44167,normalised
45.2291145324707,,,0.99555,0.27569,1,,,,,,,,,GP3,0.99555,0.27569,0.2474,0.44167,normalised
45.244223833084106,,,0.9944,0.27186,1,,,,,,,,,GP3,0.9944,0.27186,0.2474,0.44167,normalised
45.262791872024536,,,0.99227,0.26717,1,,,,,,,,,GP3,0.99227,0.26717,0.2474,0.44167,normalised
45.277876138687134,,,0.9908,0.26399,1,,,,,,,,,GP3,0.9908,0.26399,0.2474,0.44167,normalised
45.29154586791992,,,0.99198,0.26699,1,,,,,,,,,GP3,0.99198,0.26699,0.2474,0.44167,normalised
45.309682846069336,,,0.98436,0.24209,0,,,,,,,,,GP3,0.98436,0.24209,0.2474,0.44167,normalised
45.325860261917114,,,1.02138,0.30587,0,,,,,,,,,GP3,1.02138,0.30587,0.2474,0.44167,normalised
45.34234261512756,,,1.01532,0.29222,0,,,,,,,,,GP3,1.01532,0.29222,0.2474,0.44167,normalised
45.357856035232544,,,0.99964,0.2685,1,,,,,,,,,GP3,0.99964,0.2685,0.2474,0.44167,normalised
45.3756206035614,,,0.98778,0.24849,1,,,,,,,,,GP3,0.98778,0.24849,0.2474,0.44167,normalised
45.389299392700195,,,0.9847,0.24155,1,,,,,,,,,GP3,0.9847,0.24155,0.2474,0.44167,normalised
45.4067702293396,,,0.97253,0.21971,1,,,,,,,,,GP3,0.97253,0.21971,0.2474,0.44167,normalised
45.42120099067688,,,0.96024,0.19611,1,,,,,,,,,GP3,0.96024,0.19611,0.2474,0.44167,normalised
45.43771147727966,,,0.95694,0.18759,1,,,,,,,,,GP3,0.95694,0.18759,0.2474,0.44167,normalised
45.45451354980469,,,0.94898,0.17241,1,,,,,,,,,GP3,0.94898,0.17241,0.2474,0.44167,normalised
45.470317125320435,,,0.94306,0.16135,1,,,,,,,,,GP3,0.94306,0.16135,0.2474,0.44167,normalised
45.48634076118469,,,0.94323,0.16124,1,,,,,,,,,GP3,0.94323,0.16124,0.2474,0.44167,normalised
45.50294756889343,,,0.9437,0.16326,1,,,,,,,,,GP3,0.9437,0.16326,0.2474,0.44167,normalised
45.51962661743164,,,0.93223,0.14386,0,,,,,,,,,GP3,0.93223,0.14386,0.2474,0.44167,normalised
45.5356023311615,,,0.94083,0.17786,0,,,,,,,,,GP3,0.94083,0.17786,0.2474,0.44167,normalised
45.5530891418457,,,0.95265,0.20249,0,,,,,,,,,GP3,0.95265,0.20249,0.2474,0.44167,normalised
45.56873941421509,,,0.96734,0.23846,0,,,,,,,,,GP3,0.96734,0.23846,0.2474,0.44167,normalised
45.583340644836426,,,0.94544,0.18661,0,,,,,,,,,GP3,0.94544,0.18661,0.2474,0.44167,normalised
45.60131239891052,,,0.95034,0.18797,0,,,,,,,,,GP3,0.95034,0.18797,0.2474,0.44167,normalised
45.61592745780945,,,0.95278,0.18865,1,,,,,,,,,GP3,0.95278,0.18865,0.2474,0.44167,normalised
45.63258147239685,,,0.9584,0.1965,1,,,,,,,,,GP3,0.9584,0.1965,0.2474,0.44167,normalised
45.65039348602295,,,0.95712,0.19514,1,,,,,,,,,GP3,0.95712,0.19514,0.2474,0.44167,normalised
45.66431188583374,,,0.95621,0.19418,1,,,,,,,,,GP3,0.95621,0.19418,0.2474,0.44167,normalised
45.68316698074341,,,0.96055,0.19526,1,,,,,,,,,GP3,0.96055,0.19526,0.2474,0.44167,normalised
45.69770073890686,,,0.9646,0.20132,1,,,,,,,,,GP3,0.9646,0.20132,0.2474,0.44167,normalised
45.715205907821655,,,0.96784,0.20616,1,,,,,,,,,GP3,0.96784,0.20616,0.2474,0.44167,normalised
45.73082399368286,,,0.97099,0.21581,1,,,,,,,,,GP3,0.97099,0.21581,0.2474,0.44167,normalised
45.744714975357056,,,0.9697,0.21536,1,,,,,,,,,GP3,0.9697,0.21536,0.2474,0.44167,normalised
45.763471603393555,,,0.96861,0.21497,1,,,,,,,,,GP3,0.96861,0.21497,0.2474,0.44167,normalised
45.777812480926514,,,0.9687,0.21793,1,,,,,,,,,GP3,0.9687,0.21793,0.2474,0.44167,normalised
45.794589042663574,,,0.97141,0.22711,1,,,,,,,,,GP3,0.97141,0.22711,0.2474,0.44167,normalised
45.810587644577026,,,0.97378,0.23514,1,,,,,,,,,GP3,0.97378,0.23514,0.2474,0.44167,normalised
45.827990770339966,,,0.97396,0.23633,1,,,,,,,,,GP3,0.97396,0.23633,0.2474,0.44167,normalised
45.84201097488403,,,0.97619,0.23923,1,,,,,,,,,GP3,0.97619,0.23923,0.2474,0.44167,normalised
45.85942792892456,,,0.99054,0.26848,0,,,,,,,,,GP3,0.99054,0.26848,0.2474,0.44167,normalised
45.874996185302734,,,0.97229,0.23134,0,,,,,,,,,GP3,0.97229,0.23134,0.2474,0.44167,normalised
45.892980098724365,,,0.97927,0.22831,0,,,,,,,,,GP3,0.97927,0.22831,0.2474,0.44167,normalised
45.90997624397278,,,0.98128,0.22331,1,,,,,,,,,GP3,0.98128,0.22331,0.2474,0.44167,normalised
45.923924684524536,,,0.97443,0.20491,1,,,,,,,,,GP3,0.97443,0.20491,0.2474,0.44167,normalised
45.93991732597351,,,0.97465,0.20631,1,,,,,,,,,GP3,0.97465,0.20631,0.2474,0.44167,normalised
45.954811096191406,,,0.97566,0.2093,1,,,,,,,,,GP3,0.97566,0.2093,0.2474,0.44167,normalised
45.972153663635254,,,0.97037,0.20233,1,,,,,,,,,GP3,0.97037,0.20233,0.2474,0.44167,normalised
45.98846745491028,,,0.96722,0.19922,1,,,,,,,,,GP3,0.96722,0.19922,0.2474,0.44167,normalised
46.00616145133972,,,0.96348,0.19391,1,,,,,,,,,GP3,0.96348,0.19391,0.2474,0.44167,normalised
46.0198233127594,,,0.96149,0.19089,1,,,,,,,,,GP3,0.96149,0.19089,0.2474,0.44167,normalised
46.037113189697266,,,0.95762,0.1834,1,,,,,,,,,GP3,0.95762,0.1834,0.2474,0.44167,normalised
46.05194878578186,,,0.95435,0.17706,1,,,,,,,,,GP3,0.95435,0.17706,0.2474,0.44167,normalised
46.06960463523865,,,0.95194,0.17233,1,,,,,,,,,GP3,0.95194,0.17233,0.2474,0.44167,normalised
46.08545160293579,,,0.95032,0.16851,1,,,,,,,,,GP3,0.95032,0.16851,0.2474,0.44167,normalised
46.10233402252197,,,0.94967,0.16691,1,,,,,,,,,GP3,0.94967,0.16691,0.2474,0.44167,normalised
46.118208169937134,,,0.95108,0.17023,1,,,,,,,,,GP3,0.95108,0.17023,0.2474,0.44167,normalised
46.13460659980774,,,0.95536,0.17782,1,,,,,,,,,GP3,0.95536,0.17782,0.2474,0.44167,normalised
46.1504647731781,,,0.96004,0.18673,1,,,,,,,,,GP3,0.96004,0.18673,0.2474,0.44167,normalised
46.16837668418884,,,0.9616,0.1927,1,,,,,,,,,GP3,0.9616,0.1927,0.2474,0.44167,normalised
46.18219566345215,,,0.96374,0.19856,1,,,,,,,,,GP3,0.96374,0.19856,0.2474,0.44167,normalised
46.200177907943726,,,0.96522,0.20276,1,,,,,,,,,GP3,0.96522,0.20276,0.2474,0.44167,normalised
46.21491312980652,,,0.96454,0.20367,1,,,,,,,,,GP3,0.96454,0.20367,0.2474,0.44167,normalised
46.23183870315552,,,0.96203,0.20308,1,,,,,,,,,GP3,0.96203,0.20308,0.2474,0.44167,normalised
46.249184131622314,,,0.96555,0.23014,0,,,,,,,,,GP3,0.96555,0.23014,0.2474,0.44167,normalised
46.26486873626709,,,0.98299,0.24885,0,,,,,,,,,GP3,0.98299,0.24885,0.2474,0.44167,normalised
46.27969408035278,,,0.98946,0.2699,0,,,,,,,,,GP3,0.98946,0.2699,0.2474,0.44167,normalised
46.2964403629303,,,0.99269,0.28042,1,,,,,,,,,GP3,0.99269,0.28042,0.2474,0.44167,normalised
46.31422758102417,,,1.00415,0.30652,1,,,,,,,,,GP3,1.00415,0.30652,0.2474,0.44167,normalised
46.32793617248535,,,0.99793,0.28956,1,,,,,,,,,GP3,0.99793,0.28956,0.2474,0.44167,normalised
46.34572219848633,,,0.9935,0.27745,1,,,,,,,,,GP3,0.9935,0.27745,0.2474,0.44167,normalised
46.35952711105347,,,0.992,0.2725,1,,,,,,,,,GP3,0.992,0.2725,0.2474,0.44167,normalised
46.37635827064514,,,0.98995,0.27043,1,,,,,,,,,GP3,0.98995,0.27043,0.2474,0.44167,normalised
46.39297652244568,,,0.98831,0.26877,1,,,,,,,,,GP3,0.98831,0.26877,0.2474,0.44167,normalised
46.4106822013855,,,0.98876,0.26546,1,,,,,,,,,GP3,0.98876,0.26546,0.2474,0.44167,normalised
46.4246027469635,,,0.98895,0.26539,1,,,,,,,,,GP3,0.98895,0.26539,0.2474,0.44167,normalised
46.44140672683716,,,0.98911,0.26532,1,,,,,,,,,GP3,0.98911,0.26532,0.2474,0.44167,normalised
46.45725059509277,,,0.99034,0.26858,1,,,,,,,,,GP3,0.99034,0.26858,0.2474,0.44167,normalised
46.47521257400513,,,0.99115,0.27114,1,,,,,,,,,GP3,0.99115,0.27114,0.2474,0.44167,normalised
46.48927140235901,,,0.99187,0.27339,1,,,,,,,,,GP3,0.99187,0.27339,0.2474,0.44167,normalised
46.50603365898132,,,0.99037,0.27219,1,,,,,,,,,GP3,0.99037,0.27219,0.2474,0.44167,normalised
46.520756006240845,,,0.98802,0.26914,1,,,,,,,,,GP3,0.98802,0.26914,0.2474,0.44167,normalised
46.539259910583496,,,0.98591,0.2664,1,,,,,,,,,GP3,0.98591,0.2664,0.2474,0.44167,normalised
46.5544490814209,,,0.97898,0.26066,1,,,,,,,,,GP3,0.97898,0.26066,0.2474,0.44167,normalised
46.570334672927856,,,0.9726,0.25495,1,,,,,,,,,GP3,0.9726,0.25495,0.2474,0.44167,normalised
46.586681604385376,,,0.9668,0.24975,1,,,,,,,,,GP3,0.9668,0.24975,0.2474,0.44167,normalised
46.60438418388367,,,0.93859,0.23059,0,,,,,,,,,GP3,0.93859,0.23059,0.2474,0.44167,normalised
46.61832594871521,,,0.89305,0.19085,0,,,,,,,,,GP3,0.89305,0.19085,0.2474,0.44167,normalised
46.634217262268066,,,0.87787,0.1776,0,,,,,,,,,GP3,0.87787,0.1776,0.2474,0.44167,normalised
46.65334939956665,,,0.84493,0.17455,0,,,,,,,,,GP3,0.84493,0.17455,0.2474,0.44167,normalised
46.66754078865051,,,0.83205,0.18804,0,,,,,,,,,GP3,0.83205,0.18804,0.2474,0.44167,normalised
46.68436050415039,,,0.82776,0.19253,0,,,,,,,,,GP3,0.82776,0.19253,0.2474,0.44167,normalised
46.698920488357544,,,0.82879,0.20291,1,,,,,,,,,GP3,0.82879,0.20291,0.2474,0.44167,normalised
46.71659708023071,,,0.82727,0.20687,1,,,,,,,,,GP3,0.82727,0.20687,0.2474,0.44167,normalised
46.73403787612915,,,0.82625,0.2095,1,,,,,,,,,GP3,0.82625,0.2095,0.2474,0.44167,normalised
46.74902319908142,,,0.82221,0.21856,1,,,,,,,,,GP3,0.82221,0.21856,0.2474,0.44167,normalised
46.76584601402283,,,0.81239,0.24063,1,,,,,,,,,GP3,0.81239,0.24063,0.2474,0.44167,normalised
46.78221559524536,,,0.80419,0.25567,1,,,,,,,,,GP3,0.80419,0.25567,0.2474,0.44167,normalised
46.798908710479736,,,0.7972,0.28051,1,,,,,,,,,GP3,0.7972,0.28051,0.2474,0.44167,normalised
46.81657958030701,,,0.78918,0.29914,1,,,,,,,,,GP3,0.78918,0.29914,0.2474,0.44167,normalised
46.83010649681091,,,0.78203,0.31316,1,,,,,,,,,GP3,0.78203,0.31316,0.2474,0.44167,normalised
46.846882581710815,,,0.77616,0.3264,1,,,,,,,,,GP3,0.77616,0.3264,0.2474,0.44167,normalised
46.86588931083679,,,0.76055,0.36213,0,,,,,,,,,GP3,0.76055,0.36213,0.2474,0.44167,normalised
46.88069200515747,,,0.73127,0.42132,0,,,,,,,,,GP3,0.73127,0.42132,0.2474,0.44167,normalised
46.89673399925232,,,0.72075,0.44744,0,,,,,,,,,GP3,0.72075,0.44744,0.2474,0.44167,normalised
46.91058564186096,,,0.69616,0.48171,0,,,,,,,,,GP3,0.69616,0.48171,0.2474,0.44167,normalised
46.92522311210632,,,0.68967,0.46916,0,,,,,,,,,GP3,0.68967,0.46916,0.2474,0.44167,normalised
46.94252371788025,,,0.68727,0.4721,0,,,,,,,,,GP3,0.68727,0.4721,0.2474,0.44167,normalised
46.95931077003479,,,0.68709,0.4777,1,,,,,,,,,GP3,0.68709,0.4777,0.2474,0.44167,normalised
46.973761320114136,,,0.68808,0.48394,1,,,,,,,,,GP3,0.68808,0.48394,0.2474,0.44167,normalised
46.99146795272827,,,0.68774,0.48789,1,,,,,,,,,GP3,0.68774,0.48789,0.2474,0.44167,normalised
47.00795531272888,,,0.68587,0.48808,1,,,,,,,,,GP3,0.68587,0.48808,0.2474,0.44167,normalised
47.025094985961914,,,0.68345,0.48496,1,,,,,,,,,GP3,0.68345,0.48496,0.2474,0.44167,normalised
47.038952112197876,,,0.68184,0.48135,1,,,,,,,,,GP3,0.68184,0.48135,0.2474,0.44167,normalised
47.055110931396484,,,0.67988,0.47831,1,,,,,,,,,GP3,0.67988,0.47831,0.2474,0.44167,normalised
47.07187557220459,,,0.67819,0.4758,1,,,,,,,,,GP3,0.67819,0.4758,0.2474,0.44167,normalised
47.08981490135193,,,0.67125,0.48094,1,,,,,,,,,GP3,0.67125,0.48094,0.2474,0.44167,normalised
47.10436987876892,,,0.66623,0.48718,1,,,,,,,,,GP3,0.66623,0.48718,0.2474,0.44167,normalised
47.12053918838501,,,0.66252,0.49417,1,,,,,,,,,GP3,0.66252,0.49417,0.2474,0.44167,normalised
47.13704967498779,,,0.65894,0.50017,1,,,,,,,,,GP3,0.65894,0.50017,0.2474,0.44167,normalised
47.15460181236267,,,0.65599,0.50786,1,,,,,,,,,GP3,0.65599,0.50786,0.2474,0.44167,normalised
47.168477296829224,,,0.6535,0.51495,1,,,,,,,,,GP3,0.6535,0.51495,0.2474,0.44167,normalised
47.18420076370239,,,0.65591,0.52455,1,,,,,,,,,GP3,0.65591,0.52455,0.2474,0.44167,normalised
47.203500747680664,,,0.63923,0.55567,0,,,,,,,,,GP3,0.63923,0.55567,0.2474,0.44167,normalised
47.21800947189331,,,0.65145,0.59655,0,,,,,,,,,GP3,0.65145,0.59655,0.2474,0.44167,normalised
47.23381853103638,,,0.66406,0.61536,0,,,,,,,,,GP3,0.66406,0.61536,0.2474,0.44167,normalised
47.25171661376953,,,0.66052,0.60694,1,,,,,,,,,GP3,0.66052,0.60694,0.2474,0.44167,normalised
47.267019271850586,,,0.65804,0.60078,1,,,,,,,,,GP3,0.65804,0.60078,0.2474,0.44167,normalised
47.28134799003601,,,0.66181,0.60365,1,,,,,,,,,GP3,0.66181,0.60365,0.2474,0.44167,normalised
47.29987621307373,,,0.66444,0.60696,1,,,,,,,,,GP3,0.66444,0.60696,0.2474,0.44167,normalised
47.3157958984375,,,0.66615,0.60851,1,,,,,,,,,GP3,0.66615,0.60851,0.2474,0.44167,normalised
47.332072257995605,,,0.6693,0.60859,1,,,,,,,,,GP3,0.6693,0.60859,0.2474,0.44167,normalised
47.34869742393494,,,0.67144,0.60887,1,,,,,,,,,GP3,0.67144,0.60887,0.2474,0.44167,normalised
47.36564087867737,,,0.67305,0.60862,1,,,,,,,,,GP3,0.67305,0.60862,0.2474,0.44167,normalised
47.38012981414795,,,0.67407,0.61142,1,,,,,,,,,GP3,0.67407,0.61142,0.2474,0.44167,normalised
47.397703886032104,,,0.67311,0.61115,1,,,,,,,,,GP3,0.67311,0.61115,0.2474,0.44167,normalised
47.41347646713257,,,0.67244,0.61145,1,,,,,,,,,GP3,0.67244,0.61145,0.2474,0.44167,normalised
47.42962622642517,,,0.67146,0.60761,1,,,,,,,,,GP3,0.67146,0.60761,0.2474,0.44167,normalised
47.44734477996826,,,0.67017,0.60396,1,,,,,,,,,GP3,0.67017,0.60396,0.2474,0.44167,normalised
47.46310520172119,,,0.66911,0.60096,1,,,,,,,,,GP3,0.66911,0.60096,0.2474,0.44167,normalised
47.47968339920044,,,0.66896,0.60024,1,,,,,,,,,GP3,0.66896,0.60024,0.2474,0.44167,normalised
47.49331712722778,,,0.66869,0.59745,1,,,,,,,,,GP3,0.66869,0.59745,0.2474,0.44167,normalised
47.510170221328735,,,0.66837,0.59476,1,,,,,,,,,GP3,0.66837,0.59476,0.2474,0.44167,normalised
47.526209592819214,,,0.66874,0.59351,1,,,,,,,,,GP3,0.66874,0.59351,0.2474,0.44167,normalised
47.54414653778076,,,0.66885,0.5912,1,,,,,,,,,GP3,0.66885,0.5912,0.2474,0.44167,normalised
47.55903339385986,,,0.66904,0.58942,1,,,,,,,,,GP3,0.66904,0.58942,0.2474,0.44167,normalised
47.57482171058655,,,0.66875,0.58722,1,,,,,,,,,GP3,0.66875,0.58722,0.2474,0.44167,normalised
47.59133315086365,,,0.6647,0.55868,0,,,,,,,,,GP3,0.6647,0.55868,0.2474,0.44167,normalised
47.60884952545166,,,0.67132,0.55812,0,,,,,,,,,GP3,0.67132,0.55812,0.2474,0.44167,normalised
47.62302494049072,,,0.67247,0.56274,0,,,,,,,,,GP3,0.67247,0.56274,0.2474,0.44167,normalised
47.63884258270264,,,0.67097,0.55694,1,,,,,,,,,GP3,0.67097,0.55694,0.2474,0.44167,normalised
47.65366864204407,,,0.6695,0.552,1,,,,,,,,,GP3,0.6695,0.552,0.2474,0.44167,normalised
47.67242884635925,,,0.6697,0.55541,1,,,,,,,,,GP3,0.6697,0.55541,0.2474,0.44167,normalised
47.68630313873291,,,0.67199,0.56557,1,,,,,,,,,GP3,0.67199,0.56557,0.2474,0.44167,normalised
47.7043080329895,,,0.67387,0.57371,1,,,,,,,,,GP3,0.67387,0.57371,0.2474,0.44167,normalised
47.7206244468689,,,0.67382,0.57486,1,,,,,,,,,GP3,0.67382,0.57486,0.2474,0.44167,normalised
47.73671579360962,,,0.67564,0.57793,1,,,,,,,,,GP3,0.67564,0.57793,0.2474,0.44167,normalised
47.75360822677612,,,0.67711,0.58029,1,,,,,,,,,GP3,0.67711,0.58029,0.2474,0.44167,normalised
47.7682683467865,,,0.67347,0.57375,1,,,,,,,,,GP3,0.67347,0.57375,0.2474,0.44167,normalised
47.7860152721405,,,0.66935,0.56838,1,,,,,,,,,GP3,0.66935,0.56838,0.2474,0.44167,normalised
47.80053925514221,,,0.66595,0.56415,1,,,,,,,,,GP3,0.66595,0.56415,0.2474,0.44167,normalised
47.817280530929565,,,0.66407,0.55845,1,,,,,,,,,GP3,0.66407,0.55845,0.2474,0.44167,normalised
47.834596157073975,,,0.66196,0.55337,1,,,,,,,,,GP3,0.66196,0.55337,0.2474,0.44167,normalised
47.851149559020996,,,0.66,0.54864,1,,,,,,,,,GP3,0.66,0.54864,0.2474,0.44167,normalised
47.86701965332031,,,0.65957,0.546,1,,,,,,,,,GP3,0.65957,0.546,0.2474,0.44167,normalised
47.883132219314575,,,0.65861,0.54347,1,,,,,,,,,GP3,0.65861,0.54347,0.2474,0.44167,normalised
47.90001702308655,,,0.65765,0.54093,1,,,,,,,,,GP3,0.65765,0.54093,0.2474,0.44167,normalised
47.9147207736969,,,0.64327,0.51209,0,,,,,,,,,GP3,0.64327,0.51209,0.2474,0.44167,normalised
47.92902112007141,,,0.65062,0.54468,0,,,,,,,,,GP3,0.65062,0.54468,0.2474,0.44167,normalised
47.9470899105072,,,0.65361,0.5572,0,,,,,,,,,GP3,0.65361,0.5572,0.2474,0.44167,normalised
47.963056802749634,,,0.64987,0.54811,1,,,,,,,,,GP3,0.64987,0.54811,0.2474,0.44167,normalised
47.97744345664978,,,0.65148,0.56351,1,,,,,,,,,GP3,0.65148,0.56351,0.2474,0.44167,normalised
47.99609422683716,,,0.65283,0.57448,1,,,,,,,,,GP3,0.65283,0.57448,0.2474,0.44167,normalised
48.01115584373474,,,0.65472,0.57046,1,,,,,,,,,GP3,0.65472,0.57046,0.2474,0.44167,normalised
48.029627561569214,,,0.6562,0.56553,1,,,,,,,,,GP3,0.6562,0.56553,0.2474,0.44167,normalised
48.044302225112915,,,0.65715,0.5611,1,,,,,,,,,GP3,0.65715,0.5611,0.2474,0.44167,normalised
48.059980154037476,,,0.65687,0.55457,1,,,,,,,,,GP3,0.65687,0.55457,0.2474,0.44167,normalised
48.07726788520813,,,0.65809,0.55001,1,,,,,,,,,GP3,0.65809,0.55001,0.2474,0.44167,normalised
48.0917284488678,,,0.65911,0.54621,1,,,,,,,,,GP3,0.65911,0.54621,0.2474,0.44167,normalised
48.108736753463745,,,0.65746,0.54192,1,,,,,,,,,GP3,0.65746,0.54192,0.2474,0.44167,normalised
48.12446165084839,,,0.65733,0.53802,1,,,,,,,,,GP3,0.65733,0.53802,0.2474,0.44167,normalised
48.14193654060364,,,0.65724,0.53475,1,,,,,,,,,GP3,0.65724,0.53475,0.2474,0.44167,normalised
48.15588355064392,,,0.65898,0.53878,1,,,,,,,,,GP3,0.65898,0.53878,0.2474,0.44167,normalised
48.174142360687256,,,0.65946,0.5375,1,,,,,,,,,GP3,0.65946,0.5375,0.2474,0.44167,normalised
48.190762519836426,,,0.66,0.53676,1,,,,,,,,,GP3,0.66,0.53676,0.2474,0.44167,normalised
48.207510471343994,,,0.65909,0.53602,1,,,,,,,,,GP3,0.65909,0.53602,0.2474,0.44167,normalised
48.222190618515015,,,0.66128,0.54174,1,,,,,,,,,GP3,0.66128,0.54174,0.2474,0.44167,normalised
48.23708891868591,,,0.66333,0.54713,1,,,,,,,,,GP3,0.66333,0.54713,0.2474,0.44167,normalised
48.252856492996216,,,0.66484,0.54983,1,,,,,,,,,GP3,0.66484,0.54983,0.2474,0.44167,normalised
48.27028965950012,,,0.66498,0.54934,1,,,,,,,,,GP3,0.66498,0.54934,0.2474,0.44167,normalised
48.286611795425415,,,0.66511,0.54889,1,,,,,,,,,GP3,0.66511,0.54889,0.2474,0.44167,normalised
48.30136513710022,,,0.66688,0.55254,1,,,,,,,,,GP3,0.66688,0.55254,0.2474,0.44167,normalised
48.317620515823364,,,0.68182,0.57829,0,,,,,,,,,GP3,0.68182,0.57829,0.2474,0.44167,normalised
48.333675384521484,,,0.69714,0.61824,0,,,,,,,,,GP3,0.69714,0.61824,0.2474,0.44167,normalised
48.350205421447754,,,0.69462,0.6254,0,,,,,,,,,GP3,0.69462,0.6254,0.2474,0.44167,normalised
48.36614155769348,,,0.69218,0.62455,1,,,,,,,,,GP3,0.69218,0.62455,0.2474,0.44167,normalised
48.38138747215271,,,0.69066,0.62372,1,,,,,,,,,GP3,0.69066,0.62372,0.2474,0.44167,normalised
48.39724850654602,,,0.68864,0.62475,1,,,,,,,,,GP3,0.68864,0.62475,0.2474,0.44167,normalised
48.414615869522095,,,0.68527,0.6191,1,,,,,,,,,GP3,0.68527,0.6191,0.2474,0.44167,normalised
48.43045949935913,,,0.6825,0.61405,1,,,,,,,,,GP3,0.6825,0.61405,0.2474,0.44167,normalised
48.4485502243042,,,0.68352,0.61273,1,,,,,,,,,GP3,0.68352,0.61273,0.2474,0.44167,normalised
48.46523594856262,,,0.68087,0.59932,1,,,,,,,,,GP3,0.68087,0.59932,0.2474,0.44167,normalised
48.48013710975647,,,0.67836,0.58737,1,,,,,,,,,GP3,0.67836,0.58737,0.2474,0.44167,normalised
48.49645113945007,,,0.67616,0.57853,1,,,,,,,,,GP3,0.67616,0.57853,0.2474,0.44167,normalised
48.51403021812439,,,0.67582,0.57178,1,,,,,,,,,GP3,0.67582,0.57178,0.2474,0.44167,normalised
48.528645038604736,,,0.67565,0.56639,1,,,,,,,,,GP3,0.67565,0.56639,0.2474,0.44167,normalised
48.54577350616455,,,0.673,0.56219,1,,,,,,,,,GP3,0.673,0.56219,0.2474,0.44167,normalised
48.562153577804565,,,0.67146,0.55822,1,,,,,,,,,GP3,0.67146,0.55822,0.2474,0.44167,normalised
48.57672595977783,,,0.66172,0.52654,0,,,,,,,,,GP3,0.66172,0.52654,0.2474,0.44167,normalised
48.591745376586914,,,0.66933,0.57227,0,,,,,,,,,GP3,0.66933,0.57227,0.2474,0.44167,normalised
48.609288692474365,,,0.66271,0.5563,0,,,,,,,,,GP3,0.66271,0.5563,0.2474,0.44167,normalised
48.62642526626587,,,0.65931,0.54788,1,,,,,,,,,GP3,0.65931,0.54788,0.2474,0.44167,normalised
48.643332719802856,,,0.6567,0.53717,1,,,,,,,,,GP3,0.6567,0.53717,0.2474,0.44167,normalised
48.65897727012634,,,0.65793,0.53013,1,,,,,,,,,GP3,0.65793,0.53013,0.2474,0.44167,normalised
48.67573666572571,,,0.6586,0.52456,1,,,,,,,,,GP3,0.6586,0.52456,0.2474,0.44167,normalised
48.6893675327301,,,0.66249,0.53375,1,,,,,,,,,GP3,0.66249,0.53375,0.2474,0.44167,normalised
48.70684862136841,,,0.66679,0.54319,1,,,,,,,,,GP3,0.66679,0.54319,0.2474,0.44167,normalised
48.721402406692505,,,0.6702,0.55063,1,,,,,,,,,GP3,0.6702,0.55063,0.2474,0.44167,normalised
48.737542390823364,,,0.66937,0.55314,1,,,,,,,,,GP3,0.66937,0.55314,0.2474,0.44167,normalised
48.75352358818054,,,0.66845,0.55304,1,,,,,,,,,GP3,0.66845,0.55304,0.2474,0.44167,normalised
48.770225048065186,,,0.66767,0.55296,1,,,,,,,,,GP3,0.66767,0.55296,0.2474,0.44167,normalised
48.78800916671753,,,0.66712,0.55213,1,,,,,,,,,GP3,0.66712,0.55213,0.2474,0.44167,normalised
48.80277419090271,,,0.66675,0.55295,1,,,,,,,,,GP3,0.66675,0.55295,0.2474,0.44167,normalised
48.81943154335022,,,0.66655,0.55407,1,,,,,,,,,GP3,0.66655,0.55407,0.2474,0.44167,normalised
48.833839893341064,,,0.66796,0.55893,1,,,,,,,,,GP3,0.66796,0.55893,0.2474,0.44167,normalised
48.85200214385986,,,0.66948,0.56374,1,,,,,,,,,GP3,0.66948,0.56374,0.2474,0.44167,normalised
48.868101835250854,,,0.67782,0.59293,0,,,,,,,,,GP3,0.67782,0.59293,0.2474,0.44167,normalised
48.88557171821594,,,0.68414,0.59728,0,,,,,,,,,GP3,0.68414,0.59728,0.2474,0.44167,normalised
48.89985799789429,,,0.68867,0.59931,0,,,,,,,,,GP3,0.68867,0.59931,0.2474,0.44167,normalised
48.91547513008118,,,0.69086,0.5999,1,,,,,,,,,GP3,0.69086,0.5999,0.2474,0.44167,normalised
48.93289232254028,,,0.68736,0.59713,1,,,,,,,,,GP3,0.68736,0.59713,0.2474,0.44167,normalised
48.94993805885315,,,0.68777,0.5943,1,,,,,,,,,GP3,0.68777,0.5943,0.2474,0.44167,normalised
48.964014291763306,,,0.68811,0.59243,1,,,,,,,,,GP3,0.68811,0.59243,0.2474,0.44167,normalised
48.9817898273468,,,0.68683,0.59005,1,,,,,,,,,GP3,0.68683,0.59005,0.2474,0.44167,normalised
48.99643540382385,,,0.68542,0.5883,1,,,,,,,,,GP3,0.68542,0.5883,0.2474,0.44167,normalised
49.01337480545044,,,0.68447,0.58747,1,,,,,,,,,GP3,0.68447,0.58747,0.2474,0.44167,normalised
49.031317710876465,,,0.68583,0.58977,1,,,,,,,,,GP3,0.68583,0.58977,0.2474,0.44167,normalised
49.04438328742981,,,0.6857,0.58936,1,,,,,,,,,GP3,0.6857,0.58936,0.2474,0.44167,normalised
49.06230139732361,,,0.68545,0.58854,1,,,,,,,,,GP3,0.68545,0.58854,0.2474,0.44167,normalised
49.0774621963501,,,0.68551,0.58749,1,,,,,,,,,GP3,0.68551,0.58749,0.2474,0.44167,normalised
49.09415102005005,,,0.68637,0.58462,1,,,,,,,,,GP3,0.68637,0.58462,0.2474,0.44167,normalised
49.10935688018799,,,0.68702,0.58185,1,,,,,,,,,GP3,0.68702,0.58185,0.2474,0.44167,normalised
49.12614893913269,,,0.68691,0.58265,1,,,,,,,,,GP3,0.68691,0.58265,0.2474,0.44167,normalised
49.14204549789429,,,0.68771,0.58334,1,,,,,,,,,GP3,0.68771,0.58334,0.2474,0.44167,normalised
49.158063888549805,,,0.6886,0.58446,1,,,,,,,,,GP3,0.6886,0.58446,0.2474,0.44167,normalised
49.17381548881531,,,0.68843,0.58503,1,,,,,,,,,GP3,0.68843,0.58503,0.2474,0.44167,normalised
49.189857006073,,,0.68837,0.58588,1,,,,,,,,,GP3,0.68837,0.58588,0.2474,0.44167,normalised
49.2068452835083,,,0.68816,0.58615,1,,,,,,,,,GP3,0.68816,0.58615,0.2474,0.44167,normalised
49.22366786003113,,,0.68777,0.58603,1,,,,,,,,,GP3,0.68777,0.58603,0.2474,0.44167,normalised
49.239256381988525,,,0.6873,0.58548,1,,,,,,,,,GP3,0.6873,0.58548,0.2474,0.44167,normalised
49.25783109664917,,,0.68679,0.58473,1,,,,,,,,,GP3,0.68679,0.58473,0.2474,0.44167,normalised
49.271843671798706,,,0.68665,0.58378,1,,,,,,,,,GP3,0.68665,0.58378,0.2474,0.44167,normalised
49.28785514831543,,,0.68629,0.58378,1,,,,,,,,,GP3,0.68629,0.58378,0.2474,0.44167,normalised
49.30588698387146,,,0.68596,0.58378,1,,,,,,,,,GP3,0.68596,0.58378,0.2474,0.44167,normalised
49.31962704658508,,,0.68582,0.58368,1,,,,,,,,,GP3,0.68582,0.58368,0.2474,0.44167,normalised
49.33653497695923,,,0.68549,0.58372,1,,,,,,,,,GP3,0.68549,0.58372,0.2474,0.44167,normalised
49.35437250137329,,,0.68525,0.584,1,,,,,,,,,GP3,0.68525,0.584,0.2474,0.44167,normalised
49.368125438690186,,,0.68502,0.5848,1,,,,,,,,,GP3,0.68502,0.5848,0.2474,0.44167,normalised
49.38483023643494,,,0.68478,0.58549,1,,,,,,,,,GP3,0.68478,0.58549,0.2474,0.44167,normalised
49.40261888504028,,,0.68472,0.58663,1,,,,,,,,,GP3,0.68472,0.58663,0.2474,0.44167,normalised
49.41759252548218,,,0.68482,0.58814,1,,,,,,,,,GP3,0.68482,0.58814,0.2474,0.44167,normalised
49.43223237991333,,,0.68505,0.58982,1,,,,,,,,,GP3,0.68505,0.58982,0.2474,0.44167,normalised
49.45125937461853,,,0.68528,0.5914,1,,,,,,,,,GP3,0.68528,0.5914,0.2474,0.44167,normalised
49.46597647666931,,,0.68553,0.59316,1,,,,,,,,,GP3,0.68553,0.59316,0.2474,0.44167,normalised
49.483001947402954,,,0.68513,0.59421,1,,,,,,,,,GP3,0.68513,0.59421,0.2474,0.44167,normalised
49.500657081604004,,,0.68163,0.62079,0,,,,,,,,,GP3,0.68163,0.62079,0.2474,0.44167,normalised
49.51553678512573,,,0.68759,0.62128,0,,,,,,,,,GP3,0.68759,0.62128,0.2474,0.44167,normalised
49.53224301338196,,,0.68176,0.61723,0,,,,,,,,,GP3,0.68176,0.61723,0.2474,0.44167,normalised
49.546111822128296,,,0.67854,0.61441,1,,,,,,,,,GP3,0.67854,0.61441,0.2474,0.44167,normalised
49.56509447097778,,,0.67734,0.61615,1,,,,,,,,,GP3,0.67734,0.61615,0.2474,0.44167,normalised
49.57900047302246,,,0.67831,0.62334,1,,,,,,,,,GP3,0.67831,0.62334,0.2474,0.44167,normalised
49.596739530563354,,,0.67948,0.62993,1,,,,,,,,,GP3,0.67948,0.62993,0.2474,0.44167,normalised
49.613038778305054,,,0.67528,0.6302,1,,,,,,,,,GP3,0.67528,0.6302,0.2474,0.44167,normalised
49.626954078674316,,,0.67294,0.63025,1,,,,,,,,,GP3,0.67294,0.63025,0.2474,0.44167,normalised
49.64299154281616,,,0.67103,0.63012,1,,,,,,,,,GP3,0.67103,0.63012,0.2474,0.44167,normalised
49.65979051589966,,,0.66613,0.63771,1,,,,,,,,,GP3,0.66613,0.63771,0.2474,0.44167,normalised
49.676990270614624,,,0.66079,0.64001,1,,,,,,,,,GP3,0.66079,0.64001,0.2474,0.44167,normalised
49.69387125968933,,,0.65598,0.6412,1,,,,,,,,,GP3,0.65598,0.6412,0.2474,0.44167,normalised
49.70791745185852,,,0.65185,0.6445,1,,,,,,,,,GP3,0.65185,0.6445,0.2474,0.44167,normalised
49.72638773918152,,,0.64875,0.64767,1,,,,,,,,,GP3,0.64875,0.64767,0.2474,0.44167,normalised
49.7405903339386,,,0.64606,0.65053,1,,,,,,,,,GP3,0.64606,0.65053,0.2474,0.44167,normalised
49.75635814666748,,,0.64391,0.65166,1,,,,,,,,,GP3,0.64391,0.65166,0.2474,0.44167,normalised
49.77520203590393,,,0.6436,0.65305,1,,,,,,,,,GP3,0.6436,0.65305,0.2474,0.44167,normalised
49.78879952430725,,,0.62247,0.66907,0,,,,,,,,,GP3,0.62247,0.66907,0.2474,0.44167,normalised
49.80630707740784,,,0.54413,0.71705,0,,,,,,,,,GP3,0.54413,0.71705,0.2474,0.44167,normalised
49.820826292037964,,,0.51828,0.72648,0,,,,,,,,,GP3,0.51828,0.72648,0.2474,0.44167,normalised
49.836644649505615,,,0.46486,0.74928,0,,,,,,,,,GP3,0.46486,0.74928,0.2474,0.44167,normalised
49.85397267341614,,,0.44859,0.73888,0,,,,,,,,,GP3,0.44859,0.73888,0.2474,0.44167,normalised
49.871520042419434,,,0.45216,0.74425,0,,,,,,,,,GP3,0.45216,0.74425,0.2474,0.44167,normalised
49.88568639755249,,,0.45394,0.74693,1,,,,,,,,,GP3,0.45394,0.74693,0.2474,0.44167,normalised
49.9042067527771,,,0.44862,0.74536,1,,,,,,,,,GP3,0.44862,0.74536,0.2474,0.44167,normalised
49.91897678375244,,,0.44247,0.73856,1,,,,,,,,,GP3,0.44247,0.73856,0.2474,0.44167,normalised
49.93379235267639,,,0.43759,0.73284,1,,,,,,,,,GP3,0.43759,0.73284,0.2474,0.44167,normalised
49.95266103744507,,,0.43174,0.72819,1,,,,,,,,,GP3,0.43174,0.72819,0.2474,0.44167,normalised
49.968393087387085,,,0.42939,0.72421,1,,,,,,,,,GP3,0.42939,0.72421,0.2474,0.44167,normalised
49.98406457901001,,,0.42733,0.72074,1,,,,,,,,,GP3,0.42733,0.72074,0.2474,0.44167,normalised
49.99950337409973,,,0.42724,0.71739,1,,,,,,,,,GP3,0.42724,0.71739,0.2474,0.44167,normalised
50.0160014629364,,,0.4283,0.71459,1,,,,,,,,,GP3,0.4283,0.71459,0.2474,0.44167,normalised
50.03172063827515,,,0.42958,0.71294,1,,,,,,,,,GP3,0.42958,0.71294,0.2474,0.44167,normalised
50.04841613769531,,,0.42896,0.71364,1,,,,,,,,,GP3,0.42896,0.71364,0.2474,0.44167,normalised
50.06459999084473,,,0.42798,0.7135,1,,,,,,,,,GP3,0.42798,0.7135,0.2474,0.44167,normalised
50.080265283584595,,,0.42713,0.71338,1,,,,,,,,,GP3,0.42713,0.71338,0.2474,0.44167,normalised
50.098127126693726,,,0.42688,0.71251,1,,,,,,,,,GP3,0.42688,0.71251,0.2474,0.44167,normalised
50.11410069465637,,,0.42561,0.71079,1,,,,,,,,,GP3,0.42561,0.71079,0.2474,0.44167,normalised
50.12985920906067,,,0.42447,0.70924,1,,,,,,,,,GP3,0.42447,0.70924,0.2474,0.44167,normalised
50.14442324638367,,,0.42394,0.7092,1,,,,,,,,,GP3,0.42394,0.7092,0.2474,0.44167,normalised
50.16078329086304,,,0.42236,0.70857,1,,,,,,,,,GP3,0.42236,0.70857,0.2474,0.44167,normalised
50.1785626411438,,,0.42092,0.708,1,,,,,,,,,GP3,0.42092,0.708,0.2474,0.44167,normalised
50.196478605270386,,,0.42079,0.70814,1,,,,,,,,,GP3,0.42079,0.70814,0.2474,0.44167,normalised
50.209192752838135,,,0.42032,0.70852,1,,,,,,,,,GP3,0.42032,0.70852,0.2474,0.44167,normalised
50.22517800331116,,,0.41988,0.70886,1,,,,,,,,,GP3,0.41988,0.70886,0.2474,0.44167,normalised
50.24418306350708,,,0.42075,0.70973,1,,,,,,,,,GP3,0.42075,0.70973,0.2474,0.44167,normalised
50.25891947746277,,,0.42157,0.70984,1,,,,,,,,,GP3,0.42157,0.70984,0.2474,0.44167,normalised
50.27593398094177,,,0.42222,0.70971,1,,,,,,,,,GP3,0.42222,0.70971,0.2474,0.44167,normalised
50.29250693321228,,,0.42254,0.70836,1,,,,,,,,,GP3,0.42254,0.70836,0.2474,0.44167,normalised
50.30858898162842,,,0.42205,0.706,1,,,,,,,,,GP3,0.42205,0.706,0.2474,0.44167,normalised
50.32479000091553,,,0.42153,0.7037,1,,,,,,,,,GP3,0.42153,0.7037,0.2474,0.44167,normalised
50.33882737159729,,,0.42157,0.70273,1,,,,,,,,,GP3,0.42157,0.70273,0.2474,0.44167,normalised
50.3546199798584,,,0.42155,0.70214,1,,,,,,,,,GP3,0.42155,0.70214,0.2474,0.44167,normalised
50.370980978012085,,,0.42174,0.70193,1,,,,,,,,,GP3,0.42174,0.70193,0.2474,0.44167,normalised
50.387717485427856,,,0.42217,0.70153,1,,,,,,,,,GP3,0.42217,0.70153,0.2474,0.44167,normalised
50.403833866119385,,,0.42271,0.7022,1,,,,,,,,,GP3,0.42271,0.7022,0.2474,0.44167,normalised
50.42045569419861,,,0.42325,0.70289,1,,,,,,,,,GP3,0.42325,0.70289,0.2474,0.44167,normalised
50.436535596847534,,,0.42361,0.70314,1,,,,,,,,,GP3,0.42361,0.70314,0.2474,0.44167,normalised
50.45231890678406,,,0.42394,0.70335,1,,,,,,,,,GP3,0.42394,0.70335,0.2474,0.44167,normalised
50.469024896621704,,,0.42431,0.70362,1,,,,,,,,,GP3,0.42431,0.70362,0.2474,0.44167,normalised
50.4844331741333,,,0.42441,0.70365,1,,,,,,,,,GP3,0.42441,0.70365,0.2474,0.44167,normalised
50.500025272369385,,,0.42452,0.70387,1,,,,,,,,,GP3,0.42452,0.70387,0.2474,0.44167,normalised
50.51907515525818,,,0.42441,0.7037,1,,,,,,,,,GP3,0.42441,0.7037,0.2474,0.44167,normalised
50.533931732177734,,,0.42464,0.70354,1,,,,,,,,,GP3,0.42464,0.70354,0.2474,0.44167,normalised
50.54836130142212,,,0.42456,0.7026,1,,,,,,,,,GP3,0.42456,0.7026,0.2474,0.44167,normalised
50.56536507606506,,,0.42436,0.7015,1,,,,,,,,,GP3,0.42436,0.7015,0.2474,0.44167,normalised
50.58217120170593,,,0.42428,0.70031,1,,,,,,,,,GP3,0.42428,0.70031,0.2474,0.44167,normalised
50.59728789329529,,,0.4241,0.69951,1,,,,,,,,,GP3,0.4241,0.69951,0.2474,0.44167,normalised
50.61425471305847,,,0.42316,0.69786,1,,,,,,,,,GP3,0.42316,0.69786,0.2474,0.44167,normalised
50.629847288131714,,,0.42334,0.6968,1,,,,,,,,,GP3,0.42334,0.6968,0.2474,0.44167,normalised
50.64645171165466,,,0.4228,0.69568,1,,,,,,,,,GP3,0.4228,0.69568,0.2474,0.44167,normalised
50.66286635398865,,,0.42228,0.69459,1,,,,,,,,,GP3,0.42228,0.69459,0.2474,0.44167,normalised
50.680519104003906,,,0.42256,0.69384,1,,,,,,,,,GP3,0.42256,0.69384,0.2474,0.44167,normalised
50.69688940048218,,,0.42346,0.69328,1,,,,,,,,,GP3,0.42346,0.69328,0.2474,0.44167,normalised
50.71064591407776,,,0.42429,0.69259,1,,,,,,,,,GP3,0.42429,0.69259,0.2474,0.44167,normalised
50.72825789451599,,,0.42471,0.69209,1,,,,,,,,,GP3,0.42471,0.69209,0.2474,0.44167,normalised
50.74396109580994,,,0.42563,0.6916,1,,,,,,,,,GP3,0.42563,0.6916,0.2474,0.44167,normalised
50.76192116737366,,,0.42663,0.69124,1,,,,,,,,,GP3,0.42663,0.69124,0.2474,0.44167,normalised
50.77476620674133,,,0.42607,0.69051,1,,,,,,,,,GP3,0.42607,0.69051,0.2474,0.44167,normalised
50.79120755195618,,,0.42614,0.69019,1,,,,,,,,,GP3,0.42614,0.69019,0.2474,0.44167,normalised
50.80797290802002,,,0.4261,0.68967,1,,,,,,,,,GP3,0.4261,0.68967,0.2474,0.44167,normalised
50.824479818344116,,,0.42611,0.68841,1,,,,,,,,,GP3,0.42611,0.68841,0.2474,0.44167,normalised
50.84072518348694,,,0.42616,0.68733,1,,,,,,,,,GP3,0.42616,0.68733,0.2474,0.44167,normalised
50.85676646232605,,,0.42628,0.68638,1,,,,,,,,,GP3,0.42628,0.68638,0.2474,0.44167,normalised
50.87276768684387,,,0.42572,0.68577,1,,,,,,,,,GP3,0.42572,0.68577,0.2474,0.44167,normalised
50.88955330848694,,,0.42607,0.68597,1,,,,,,,,,GP3,0.42607,0.68597,0.2474,0.44167,normalised
50.90727400779724,,,0.42647,0.68626,1,,,,,,,,,GP3,0.42647,0.68626,0.2474,0.44167,normalised
50.9235680103302,,,0.42683,0.68574,1,,,,,,,,,GP3,0.42683,0.68574,0.2474,0.44167,normalised
50.93884897232056,,,0.42728,0.68581,1,,,,,,,,,GP3,0.42728,0.68581,0.2474,0.44167,normalised
50.952597856521606,,,0.42776,0.68591,1,,,,,,,,,GP3,0.42776,0.68591,0.2474,0.44167,normalised
50.96959137916565,,,0.42798,0.68527,1,,,,,,,,,GP3,0.42798,0.68527,0.2474,0.44167,normalised
50.98530435562134,,,0.42809,0.68465,1,,,,,,,,,GP3,0.42809,0.68465,0.2474,0.44167,normalised
51.003095388412476,,,0.42824,0.68413,1,,,,,,,,,GP3,0.42824,0.68413,0.2474,0.44167,normalised
51.01753830909729,,,0.42815,0.68355,1,,,,,,,,,GP3,0.42815,0.68355,0.2474,0.44167,normalised
51.03537583351135,,,0.42819,0.68353,1,,,,,,,,,GP3,0.42819,0.68353,0.2474,0.44167,normalised
51.051762104034424,,,0.4283,0.68364,1,,,,,,,,,GP3,0.4283,0.68364,0.2474,0.44167,normalised
51.06790852546692,,,0.42853,0.6844,1,,,,,,,,,GP3,0.42853,0.6844,0.2474,0.44167,normalised
51.08474540710449,,,0.42953,0.68597,1,,,,,,,,,GP3,0.42953,0.68597,0.2474,0.44167,normalised
51.09873819351196,,,0.43058,0.6876,1,,,,,,,,,GP3,0.43058,0.6876,0.2474,0.44167,normalised
51.11634874343872,,,0.43099,0.68819,1,,,,,,,,,GP3,0.43099,0.68819,0.2474,0.44167,normalised
51.132967710494995,,,0.43131,0.68894,1,,,,,,,,,GP3,0.43131,0.68894,0.2474,0.44167,normalised
51.14684319496155,,,0.43149,0.68944,1,,,,,,,,,GP3,0.43149,0.68944,0.2474,0.44167,normalised
51.163557052612305,,,0.43128,0.6899,1,,,,,,,,,GP3,0.43128,0.6899,0.2474,0.44167,normalised
51.18027973175049,,,0.43109,0.68991,1,,,,,,,,,GP3,0.43109,0.68991,0.2474,0.44167,normalised
51.19690132141113,,,0.44046,0.7129,0,,,,,,,,,GP3,0.44046,0.7129,0.2474,0.44167,normalised
51.214335680007935,,,0.43059,0.68554,0,,,,,,,,,GP3,0.43059,0.68554,0.2474,0.44167,normalised
51.228875398635864,,,0.42355,0.67644,0,,,,,,,,,GP3,0.42355,0.67644,0.2474,0.44167,normalised
51.246302127838135,,,0.4196,0.67111,1,,,,,,,,,GP3,0.4196,0.67111,0.2474,0.44167,normalised
51.260064363479614,,,0.42016,0.67409,1,,,,,,,,,GP3,0.42016,0.67409,0.2474,0.44167,normalised
51.27749490737915,,,0.42026,0.6765,1,,,,,,,,,GP3,0.42026,0.6765,0.2474,0.44167,normalised
51.29522109031677,,,0.42105,0.67954,1,,,,,,,,,GP3,0.42105,0.67954,0.2474,0.44167,normalised
51.30991077423096,,,0.42267,0.683,1,,,,,,,,,GP3,0.42267,0.683,0.2474,0.44167,normalised
51.32747268676758,,,0.42409,0.68532,1,,,,,,,,,GP3,0.42409,0.68532,0.2474,0.44167,normalised
51.34120059013367,,,0.42523,0.68718,1,,,,,,,,,GP3,0.42523,0.68718,0.2474,0.44167,normalised
51.35901737213135,,,0.4273,0.69085,1,,,,,,,,,GP3,0.4273,0.69085,0.2474,0.44167,normalised
51.37566542625427,,,0.42732,0.69246,1,,,,,,,,,GP3,0.42732,0.69246,0.2474,0.44167,normalised
51.38934326171875,,,0.42733,0.69383,1,,,,,,,,,GP3,0.42733,0.69383,0.2474,0.44167,normalised
51.40685319900513,,,0.42753,0.6943,1,,,,,,,,,GP3,0.42753,0.6943,0.2474,0.44167,normalised
51.42453217506409,,,0.42726,0.69482,1,,,,,,,,,GP3,0.42726,0.69482,0.2474,0.44167,normalised
51.4386100769043,,,0.42722,0.69562,1,,,,,,,,,GP3,0.42722,0.69562,0.2474,0.44167,normalised
51.45652437210083,,,0.42904,0.69723,1,,,,,,,,,GP3,0.42904,0.69723,0.2474,0.44167,normalised
51.47110462188721,,,0.43001,0.69808,1,,,,,,,,,GP3,0.43001,0.69808,0.2474,0.44167,normalised
51.487831830978394,,,0.43112,0.6993,1,,,,,,,,,GP3,0.43112,0.6993,0.2474,0.44167,normalised
51.505937576293945,,,0.43249,0.70182,1,,,,,,,,,GP3,0.43249,0.70182,0.2474,0.44167,normalised
51.52041840553284,,,0.43372,0.70188,1,,,,,,,,,GP3,0.43372,0.70188,0.2474,0.44167,normalised
51.53508114814758,,,0.43469,0.70166,1,,,,,,,,,GP3,0.43469,0.70166,0.2474,0.44167,normalised
51.552964210510254,,,0.43587,0.70279,1,,,,,,,,,GP3,0.43587,0.70279,0.2474,0.44167,normalised
51.56781578063965,,,0.4365,0.70094,1,,,,,,,,,GP3,0.4365,0.70094,0.2474,0.44167,normalised
51.584412574768066,,,0.43691,0.69887,1,,,,,,,,,GP3,0.43691,0.69887,0.2474,0.44167,normalised
51.60118079185486,,,0.43732,0.69986,1,,,,,,,,,GP3,0.43732,0.69986,0.2474,0.44167,normalised
51.61674952507019,,,0.43732,0.69942,1,,,,,,,,,GP3,0.43732,0.69942,0.2474,0.44167,normalised
51.633655309677124,,,0.43733,0.69901,1,,,,,,,,,GP3,0.43733,0.69901,0.2474,0.44167,normalised
51.64878034591675,,,0.43749,0.69952,1,,,,,,,,,GP3,0.43749,0.69952,0.2474,0.44167,normalised
51.6657178401947,,,0.4375,0.69956,1,,,,,,,,,GP3,0.4375,0.69956,0.2474,0.44167,normalised
51.68118357658386,,,0.4375,0.6996,1,,,,,,,,,GP3,0.4375,0.6996,0.2474,0.44167,normalised
51.70004224777222,,,0.43755,0.69911,1,,,,,,,,,GP3,0.43755,0.69911,0.2474,0.44167,normalised
51.7139093875885,,,0.43797,0.69978,1,,,,,,,,,GP3,0.43797,0.69978,0.2474,0.44167,normalised
51.73038625717163,,,0.43837,0.70042,1,,,,,,,,,GP3,0.43837,0.70042,0.2474,0.44167,normalised
51.7481005191803,,,0.43875,0.70094,1,,,,,,,,,GP3,0.43875,0.70094,0.2474,0.44167,normalised
51.763941049575806,,,0.43964,0.70221,1,,,,,,,,,GP3,0.43964,0.70221,0.2474,0.44167,normalised
51.779828786849976,,,0.44048,0.70342,1,,,,,,,,,GP3,0.44048,0.70342,0.2474,0.44167,normalised
51.797526121139526,,,0.44035,0.70391,1,,,,,,,,,GP3,0.44035,0.70391,0.2474,0.44167,normalised
51.81126260757446,,,0.44007,0.70395,1,,,,,,,,,GP3,0.44007,0.70395,0.2474,0.44167,normalised
51.827200174331665,,,0.43981,0.704,1,,,,,,,,,GP3,0.43981,0.704,0.2474,0.44167,normalised
51.84251070022583,,,0.43991,0.70396,1,,,,,,,,,GP3,0.43991,0.70396,0.2474,0.44167,normalised
51.859458446502686,,,0.4387,0.70222,1,,,,,,,,,GP3,0.4387,0.70222,0.2474,0.44167,normalised
51.87591004371643,,,0.43752,0.70052,1,,,,,,,,,GP3,0.43752,0.70052,0.2474,0.44167,normalised
51.8921537399292,,,0.43734,0.70047,1,,,,,,,,,GP3,0.43734,0.70047,0.2474,0.44167,normalised
51.90711212158203,,,0.43735,0.70107,1,,,,,,,,,GP3,0.43735,0.70107,0.2474,0.44167,normalised
51.92336416244507,,,0.43733,0.70158,1,,,,,,,,,GP3,0.43733,0.70158,0.2474,0.44167,normalised
51.940707206726074,,,0.43689,0.70117,1,,,,,,,,,GP3,0.43689,0.70117,0.2474,0.44167,normalised
51.95613956451416,,,0.43628,0.7003,1,,,,,,,,,GP3,0.43628,0.7003,0.2474,0.44167,normalised
51.97396636009216,,,0.43566,0.69928,1,,,,,,,,,GP3,0.43566,0.69928,0.2474,0.44167,normalised
51.99063158035278,,,0.43546,0.6996,1,,,,,,,,,GP3,0.43546,0.6996,0.2474,0.44167,normalised
52.006507396698,,,0.41704,0.68009,0,,,,,,,,,GP3,0.41704,0.68009,0.2474,0.44167,normalised
52.02102541923523,,,0.41051,0.67169,0,,,,,,,,,GP3,0.41051,0.67169,0.2474,0.44167,normalised
52.03764319419861,,,0.41884,0.68508,0,,,,,,,,,GP3,0.41884,0.68508,0.2474,0.44167,normalised
52.053611040115356,,,0.42253,0.68888,1,,,,,,,,,GP3,0.42253,0.68888,0.2474,0.44167,normalised
52.0701847076416,,,0.42474,0.69115,1,,,,,,,,,GP3,0.42474,0.69115,0.2474,0.44167,normalised
52.08561372756958,,,0.42674,0.69134,1,,,,,,,,,GP3,0.42674,0.69134,0.2474,0.44167,normalised
52.10284972190857,,,0.42832,0.69439,1,,,,,,,,,GP3,0.42832,0.69439,0.2474,0.44167,normalised
52.11853837966919,,,0.4292,0.6961,1,,,,,,,,,GP3,0.4292,0.6961,0.2474,0.44167,normalised
52.13534474372864,,,0.42602,0.69128,1,,,,,,,,,GP3,0.42602,0.69128,0.2474,0.44167,normalised
52.15023469924927,,,0.42586,0.69133,1,,,,,,,,,GP3,0.42586,0.69133,0.2474,0.44167,normalised
52.16704034805298,,,0.42601,0.69187,1,,,,,,,,,GP3,0.42601,0.69187,0.2474,0.44167,normalised
52.18270993232727,,,0.42784,0.69461,1,,,,,,,,,GP3,0.42784,0.69461,0.2474,0.44167,normalised
52.200560331344604,,,0.42709,0.69367,1,,,,,,,,,GP3,0.42709,0.69367,0.2474,0.44167,normalised
52.21510410308838,,,0.42649,0.69297,1,,,,,,,,,GP3,0.42649,0.69297,0.2474,0.44167,normalised
52.23175811767578,,,0.42536,0.69206,1,,,,,,,,,GP3,0.42536,0.69206,0.2474,0.44167,normalised
52.24930810928345,,,0.4182,0.68878,1,,,,,,,,,GP3,0.4182,0.68878,0.2474,0.44167,normalised
52.26424169540405,,,0.41135,0.68501,1,,,,,,,,,GP3,0.41135,0.68501,0.2474,0.44167,normalised
52.281113147735596,,,0.41779,0.6821,1,,,,,,,,,GP3,0.41779,0.6821,0.2474,0.44167,normalised
52.29683828353882,,,0.4235,0.68164,1,,,,,,,,,GP3,0.4235,0.68164,0.2474,0.44167,normalised
52.31356453895569,,,0.42892,0.68185,1,,,,,,,,,GP3,0.42892,0.68185,0.2474,0.44167,normalised
52.32831645011902,,,0.4352,0.68328,1,,,,,,,,,GP3,0.4352,0.68328,0.2474,0.44167,normalised
52.34482431411743,,,0.44023,0.68263,1,,,,,,,,,GP3,0.44023,0.68263,0.2474,0.44167,normalised
52.3597354888916,,,0.44489,0.6822,1,,,,,,,,,GP3,0.44489,0.6822,0.2474,0.44167,normalised
52.3773729801178,,,0.44981,0.68354,1,,,,,,,,,GP3,0.44981,0.68354,0.2474,0.44167,normalised
52.39508318901062,,,0.48374,0.67427,0,,,,,,,,,GP3,0.48374,0.67427,0.2474,0.44167,normalised
52.409581661224365,,,0.52453,0.69341,0,,,,,,,,,GP3,0.52453,0.69341,0.2474,0.44167,normalised
52.42571544647217,,,0.54192,0.70134,0,,,,,,,,,GP3,0.54192,0.70134,0.2474,0.44167,normalised
52.4407320022583,,,0.54846,0.70704,1,,,,,,,,,GP3,0.54846,0.70704,0.2474,0.44167,normalised
52.45734405517578,,,0.55137,0.70808,1,,,,,,,,,GP3,0.55137,0.70808,0.2474,0.44167,normalised
52.4750816822052,,,0.54769,0.70197,1,,,,,,,,,GP3,0.54769,0.70197,0.2474,0.44167,normalised
52.489752769470215,,,0.54916,0.70197,1,,,,,,,,,GP3,0.54916,0.70197,0.2474,0.44167,normalised
52.50639462471008,,,0.54999,0.70129,1,,,,,,,,,GP3,0.54999,0.70129,0.2474,0.44167,normalised
52.5221061706543,,,0.54879,0.69711,1,,,,,,,,,GP3,0.54879,0.69711,0.2474,0.44167,normalised
52.53761959075928,,,0.55071,0.69466,1,,,,,,,,,GP3,0.55071,0.69466,0.2474,0.44167,normalised
52.55403661727905,,,0.5526,0.69349,1,,,,,,,,,GP3,0.5526,0.69349,0.2474,0.44167,normalised
52.57157230377197,,,0.55423,0.69192,1,,,,,,,,,GP3,0.55423,0.69192,0.2474,0.44167,normalised
52.58910799026489,,,0.55666,0.69065,1,,,,,,,,,GP3,0.55666,0.69065,0.2474,0.44167,normalised
52.6028254032135,,,0.55879,0.68962,1,,,,,,,,,GP3,0.55879,0.68962,0.2474,0.44167,normalised
52.619102478027344,,,0.55999,0.68945,1,,,,,,,,,GP3,0.55999,0.68945,0.2474,0.44167,normalised
52.63672852516174,,,0.56158,0.68935,1,,,,,,,,,GP3,0.56158,0.68935,0.2474,0.44167,normalised
52.651068925857544,,,0.56269,0.68854,1,,,,,,,,,GP3,0.56269,0.68854,0.2474,0.44167,normalised
52.66709089279175,,,0.56252,0.68632,1,,,,,,,,,GP3,0.56252,0.68632,0.2474,0.44167,normalised
52.6857373714447,,,0.56294,0.68435,1,,,,,,,,,GP3,0.56294,0.68435,0.2474,0.44167,normalised
52.70094037055969,,,0.56354,0.68314,1,,,,,,,,,GP3,0.56354,0.68314,0.2474,0.44167,normalised
52.71857833862305,,,0.56264,0.68212,1,,,,,,,,,GP3,0.56264,0.68212,0.2474,0.44167,normalised
52.73240303993225,,,0.55935,0.68151,1,,,,,,,,,GP3,0.55935,0.68151,0.2474,0.44167,normalised
52.74911665916443,,,0.55671,0.68174,1,,,,,,,,,GP3,0.55671,0.68174,0.2474,0.44167,normalised
52.76521039009094,,,0.56393,0.66967,1,,,,,,,,,GP3,0.56393,0.66967,0.2474,0.44167,normalised
52.78191351890564,,,0.58623,0.62251,0,,,,,,,,,GP3,0.58623,0.62251,0.2474,0.44167,normalised
52.7981481552124,,,0.66457,0.51072,0,,,,,,,,,GP3,0.66457,0.51072,0.2474,0.44167,normalised
52.81480622291565,,,0.7094,0.46695,0,,,,,,,,,GP3,0.7094,0.46695,0.2474,0.44167,normalised
52.83051419258118,,,0.77953,0.38406,0,,,,,,,,,GP3,0.77953,0.38406,0.2474,0.44167,normalised
52.846657037734985,,,0.79012,0.38599,0,,,,,,,,,GP3,0.79012,0.38599,0.2474,0.44167,normalised
52.86336898803711,,,0.7988,0.38722,0,,,,,,,,,GP3,0.7988,0.38722,0.2474,0.44167,normalised
52.880619525909424,,,0.80825,0.38487,1,,,,,,,,,GP3,0.80825,0.38487,0.2474,0.44167,normalised
52.894206047058105,,,0.8135,0.38161,1,,,,,,,,,GP3,0.8135,0.38161,0.2474,0.44167,normalised
52.91198945045471,,,0.81411,0.37239,1,,,,,,,,,GP3,0.81411,0.37239,0.2474,0.44167,normalised
52.92631554603577,,,0.81297,0.36195,1,,,,,,,,,GP3,0.81297,0.36195,0.2474,0.44167,normalised
52.94299244880676,,,0.81185,0.35345,1,,,,,,,,,GP3,0.81185,0.35345,0.2474,0.44167,normalised
52.9614953994751,,,0.81167,0.34703,1,,,,,,,,,GP3,0.81167,0.34703,0.2474,0.44167,normalised
52.975295066833496,,,0.8121,0.34458,1,,,,,,,,,GP3,0.8121,0.34458,0.2474,0.44167,normalised
52.991217374801636,,,0.81286,0.34394,1,,,,,,,,,GP3,0.81286,0.34394,0.2474,0.44167,normalised
53.00872778892517,,,0.81256,0.34227,1,,,,,,,,,GP3,0.81256,0.34227,0.2474,0.44167,normalised
53.02644658088684,,,0.81228,0.34146,1,,,,,,,,,GP3,0.81228,0.34146,0.2474,0.44167,normalised
53.04007887840271,,,0.81204,0.34076,1,,,,,,,,,GP3,0.81204,0.34076,0.2474,0.44167,normalised
53.05671453475952,,,0.81243,0.34107,1,,,,,,,,,GP3,0.81243,0.34107,0.2474,0.44167,normalised
53.07282614707947,,,0.81297,0.34104,1,,,,,,,,,GP3,0.81297,0.34104,0.2474,0.44167,normalised
53.088130712509155,,,0.81345,0.34102,1,,,,,,,,,GP3,0.81345,0.34102,0.2474,0.44167,normalised
53.10592770576477,,,0.81423,0.34189,1,,,,,,,,,GP3,0.81423,0.34189,0.2474,0.44167,normalised
53.12034749984741,,,0.81514,0.34307,1,,,,,,,,,GP3,0.81514,0.34307,0.2474,0.44167,normalised
53.13785457611084,,,0.81585,0.34367,1,,,,,,,,,GP3,0.81585,0.34367,0.2474,0.44167,normalised
53.154480934143066,,,0.81373,0.34297,1,,,,,,,,,GP3,0.81373,0.34297,0.2474,0.44167,normalised
53.16887545585632,,,0.81167,0.34136,1,,,,,,,,,GP3,0.81167,0.34136,0.2474,0.44167,normalised
53.18535566329956,,,0.8097,0.33966,1,,,,,,,,,GP3,0.8097,0.33966,0.2474,0.44167,normalised
53.202001333236694,,,0.80818,0.33919,1,,,,,,,,,GP3,0.80818,0.33919,0.2474,0.44167,normalised
53.218438148498535,,,0.80704,0.33914,1,,,,,,,,,GP3,0.80704,0.33914,0.2474,0.44167,normalised
53.234474182128906,,,0.80615,0.33964,1,,,,,,,,,GP3,0.80615,0.33964,0.2474,0.44167,normalised
53.25047492980957,,,0.80529,0.33917,1,,,,,,,,,GP3,0.80529,0.33917,0.2474,0.44167,normalised
53.26704001426697,,,0.80443,0.3385,1,,,,,,,,,GP3,0.80443,0.3385,0.2474,0.44167,normalised
53.28315544128418,,,0.80354,0.33755,1,,,,,,,,,GP3,0.80354,0.33755,0.2474,0.44167,normalised
53.30006527900696,,,0.80209,0.33662,1,,,,,,,,,GP3,0.80209,0.33662,0.2474,0.44167,normalised
53.315654277801514,,,0.77894,0.32299,0,,,,,,,,,GP3,0.77894,0.32299,0.2474,0.44167,normalised
53.331000328063965,,,0.7745,0.30662,0,,,,,,,,,GP3,0.7745,0.30662,0.2474,0.44167,normalised
53.348259687423706,,,0.7722,0.30924,0,,,,,,,,,GP3,0.7722,0.30924,0.2474,0.44167,normalised
53.365517377853394,,,0.77385,0.31127,1,,,,,,,,,GP3,0.77385,0.31127,0.2474,0.44167,normalised
53.379518032073975,,,0.77525,0.31355,1,,,,,,,,,GP3,0.77525,0.31355,0.2474,0.44167,normalised
53.39544725418091,,,0.77742,0.31442,1,,,,,,,,,GP3,0.77742,0.31442,0.2474,0.44167,normalised
53.41314458847046,,,0.77645,0.31248,1,,,,,,,,,GP3,0.77645,0.31248,0.2474,0.44167,normalised
53.42954444885254,,,0.77517,0.30919,1,,,,,,,,,GP3,0.77517,0.30919,0.2474,0.44167,normalised
53.4444739818573,,,0.77418,0.30311,1,,,,,,,,,GP3,0.77418,0.30311,0.2474,0.44167,normalised
53.46058392524719,,,0.77175,0.29669,1,,,,,,,,,GP3,0.77175,0.29669,0.2474,0.44167,normalised
53.476465702056885,,,0.76999,0.29232,1,,,,,,,,,GP3,0.76999,0.29232,0.2474,0.44167,normalised
53.49257779121399,,,0.77125,0.29389,1,,,,,,,,,GP3,0.77125,0.29389,0.2474,0.44167,normalised
53.510579109191895,,,0.7732,0.29621,1,,,,,,,,,GP3,0.7732,0.29621,0.2474,0.44167,normalised
53.52680826187134,,,0.77517,0.29924,1,,,,,,,,,GP3,0.77517,0.29924,0.2474,0.44167,normalised
53.541645526885986,,,0.77508,0.30164,1,,,,,,,,,GP3,0.77508,0.30164,0.2474,0.44167,normalised
53.55708169937134,,,0.77548,0.30437,1,,,,,,,,,GP3,0.77548,0.30437,0.2474,0.44167,normalised
53.57479166984558,,,0.77583,0.30678,1,,,,,,,,,GP3,0.77583,0.30678,0.2474,0.44167,normalised
53.59058117866516,,,0.77638,0.30883,1,,,,,,,,,GP3,0.77638,0.30883,0.2474,0.44167,normalised
53.608588457107544,,,0.77671,0.3116,1,,,,,,,,,GP3,0.77671,0.3116,0.2474,0.44167,normalised
53.62214994430542,,,0.77689,0.31363,1,,,,,,,,,GP3,0.77689,0.31363,0.2474,0.44167,normalised
53.639084577560425,,,0.77706,0.31352,1,,,,,,,,,GP3,0.77706,0.31352,0.2474,0.44167,normalised
53.656803607940674,,,0.777,0.31271,1,,,,,,,,,GP3,0.777,0.31271,0.2474,0.44167,normalised
53.67231607437134,,,0.77676,0.31132,1,,,,,,,,,GP3,0.77676,0.31132,0.2474,0.44167,normalised
53.68631863594055,,,0.7767,0.30981,1,,,,,,,,,GP3,0.7767,0.30981,0.2474,0.44167,normalised
53.70382285118103,,,0.77617,0.30716,1,,,,,,,,,GP3,0.77617,0.30716,0.2474,0.44167,normalised
53.71954345703125,,,0.77578,0.30507,1,,,,,,,,,GP3,0.77578,0.30507,0.2474,0.44167,normalised
53.735127449035645,,,0.77582,0.30592,1,,,,,,,,,GP3,0.77582,0.30592,0.2474,0.44167,normalised
53.75085759162903,,,0.77583,0.30737,1,,,,,,,,,GP3,0.77583,0.30737,0.2474,0.44167,normalised
53.768022298812866,,,0.7759,0.30891,1,,,,,,,,,GP3,0.7759,0.30891,0.2474,0.44167,normalised
53.78345608711243,,,0.77584,0.30955,1,,,,,,,,,GP3,0.77584,0.30955,0.2474,0.44167,normalised
53.80313301086426,,,0.77583,0.31017,1,,,,,,,,,GP3,0.77583,0.31017,0.2474,0.44167,normalised
53.816845417022705,,,0.77576,0.31059,1,,,,,,,,,GP3,0.77576,0.31059,0.2474,0.44167,normalised
53.832743406295776,,,0.77655,0.31171,1,,,,,,,,,GP3,0.77655,0.31171,0.2474,0.44167,normalised
53.84955906867981,,,0.77697,0.31269,1,,,,,,,,,GP3,0.77697,0.31269,0.2474,0.44167,normalised
53.86545515060425,,,0.77749,0.31403,1,,,,,,,,,GP3,0.77749,0.31403,0.2474,0.44167,normalised
53.88228368759155,,,0.77756,0.31432,1,,,,,,,,,GP3,0.77756,0.31432,0.2474,0.44167,normalised
53.898844718933105,,,0.77754,0.3151,1,,,,,,,,,GP3,0.77754,0.3151,0.2474,0.44167,normalised
53.91394400596619,,,0.77745,0.3156,1,,,,,,,,,GP3,0.77745,0.3156,0.2474,0.44167,normalised
53.93075609207153,,,0.77705,0.31528,1,,,,,,,,,GP3,0.77705,0.31528,0.2474,0.44167,normalised
53.948752880096436,,,0.77689,0.31526,1,,,,,,,,,GP3,0.77689,0.31526,0.2474,0.44167,normalised
53.96174502372742,,,0.7767,0.31511,1,,,,,,,,,GP3,0.7767,0.31511,0.2474,0.44167,normalised
53.9784779548645,,,0.77635,0.31547,1,,,,,,,,,GP3,0.77635,0.31547,0.2474,0.44167,normalised
53.99569129943848,,,0.776,0.31649,1,,,,,,,,,GP3,0.776,0.31649,0.2474,0.44167,normalised
54.012035608291626,,,0.7757,0.31757,1,,,,,,,,,GP3,0.7757,0.31757,0.2474,0.44167,normalised
54.02682328224182,,,0.77531,0.31807,1,,,,,,,,,GP3,0.77531,0.31807,0.2474,0.44167,normalised
54.043501138687134,,,0.77529,0.3191,1,,,,,,,,,GP3,0.77529,0.3191,0.2474,0.44167,normalised
54.05927538871765,,,0.77522,0.31997,1,,,,,,,,,GP3,0.77522,0.31997,0.2474,0.44167,normalised
54.0744686126709,,,0.7752,0.32011,1,,,,,,,,,GP3,0.7752,0.32011,0.2474,0.44167,normalised
54.092161417007446,,,0.77479,0.31995,1,,,,,,,,,GP3,0.77479,0.31995,0.2474,0.44167,normalised
54.10707116127014,,,0.77461,0.32058,1,,,,,,,,,GP3,0.77461,0.32058,0.2474,0.44167,normalised
54.12442970275879,,,0.77445,0.32075,1,,,,,,,,,GP3,0.77445,0.32075,0.2474,0.44167,normalised
54.14023184776306,,,0.77435,0.32087,1,,,,,,,,,GP3,0.77435,0.32087,0.2474,0.44167,normalised
54.15534067153931,,,0.77407,0.32037,1,,,,,,,,,GP3,0.77407,0.32037,0.2474,0.44167,normalised
54.1722207069397,,,0.77306,0.31936,1,,,,,,,,,GP3,0.77306,0.31936,0.2474,0.44167,normalised
54.190288066864014,,,0.77219,0.31839,1,,,,,,,,,GP3,0.77219,0.31839,0.2474,0.44167,normalised
54.20486307144165,,,0.77136,0.31761,1,,,,,,,,,GP3,0.77136,0.31761,0.2474,0.44167,normalised
54.22098708152771,,,0.77086,0.31716,1,,,,,,,,,GP3,0.77086,0.31716,0.2474,0.44167,normalised
54.238630056381226,,,0.75481,0.29467,0,,,,,,,,,GP3,0.75481,0.29467,0.2474,0.44167,normalised
54.25287413597107,,,0.75578,0.2868,0,,,,,,,,,GP3,0.75578,0.2868,0.2474,0.44167,normalised
54.268895864486694,,,0.7671,0.30247,0,,,,,,,,,GP3,0.7671,0.30247,0.2474,0.44167,normalised
54.2853639125824,,,0.77094,0.30229,1,,,,,,,,,GP3,0.77094,0.30229,0.2474,0.44167,normalised
54.301108598709106,,,0.77324,0.30218,1,,,,,,,,,GP3,0.77324,0.30218,0.2474,0.44167,normalised
54.31710863113403,,,0.77005,0.30032,1,,,,,,,,,GP3,0.77005,0.30032,0.2474,0.44167,normalised
54.33475112915039,,,0.76949,0.30122,1,,,,,,,,,GP3,0.76949,0.30122,0.2474,0.44167,normalised
54.34943079948425,,,0.76906,0.3019,1,,,,,,,,,GP3,0.76906,0.3019,0.2474,0.44167,normalised
54.367645025253296,,,0.76805,0.30329,1,,,,,,,,,GP3,0.76805,0.30329,0.2474,0.44167,normalised
54.38249731063843,,,0.7668,0.30418,1,,,,,,,,,GP3,0.7668,0.30418,0.2474,0.44167,normalised
54.39946007728577,,,0.76599,0.30572,1,,,,,,,,,GP3,0.76599,0.30572,0.2474,0.44167,normalised
54.41517353057861,,,0.76759,0.30801,1,,,,,,,,,GP3,0.76759,0.30801,0.2474,0.44167,normalised
54.43215751647949,,,0.7686,0.31049,1,,,,,,,,,GP3,0.7686,0.31049,0.2474,0.44167,normalised
54.44775891304016,,,0.76978,0.31365,1,,,,,,,,,GP3,0.76978,0.31365,0.2474,0.44167,normalised
54.46365833282471,,,0.77187,0.31644,1,,,,,,,,,GP3,0.77187,0.31644,0.2474,0.44167,normalised
54.4796621799469,,,0.77401,0.3185,1,,,,,,,,,GP3,0.77401,0.3185,0.2474,0.44167,normalised
54.497048139572144,,,0.7759,0.32032,1,,,,,,,,,GP3,0.7759,0.32032,0.2474,0.44167,normalised
54.51242017745972,,,0.77694,0.32234,1,,,,,,,,,GP3,0.77694,0.32234,0.2474,0.44167,normalised
54.52755260467529,,,0.77818,0.32409,1,,,,,,,,,GP3,0.77818,0.32409,0.2474,0.44167,normalised
54.54447340965271,,,0.77908,0.32469,1,,,,,,,,,GP3,0.77908,0.32469,0.2474,0.44167,normalised
54.560506105422974,,,0.7797,0.32462,1,,,,,,,,,GP3,0.7797,0.32462,0.2474,0.44167,normalised
54.57800078392029,,,0.77976,0.32217,1,,,,,,,,,GP3,0.77976,0.32217,0.2474,0.44167,normalised
54.59200739860535,,,0.77962,0.31945,1,,,,,,,,,GP3,0.77962,0.31945,0.2474,0.44167,normalised
54.60863137245178,,,0.77884,0.31665,1,,,,,,,,,GP3,0.77884,0.31665,0.2474,0.44167,normalised
54.62430429458618,,,0.77874,0.3156,1,,,,,,,,,GP3,0.77874,0.3156,0.2474,0.44167,normalised
54.64111614227295,,,0.7789,0.31545,1,,,,,,,,,GP3,0.7789,0.31545,0.2474,0.44167,normalised
54.65797662734985,,,0.77886,0.31502,1,,,,,,,,,GP3,0.77886,0.31502,0.2474,0.44167,normalised
54.675772190093994,,,0.77767,0.31403,1,,,,,,,,,GP3,0.77767,0.31403,0.2474,0.44167,normalised
54.6899049282074,,,0.77632,0.31226,1,,,,,,,,,GP3,0.77632,0.31226,0.2474,0.44167,normalised
54.7057089805603,,,0.77591,0.31014,1,,,,,,,,,GP3,0.77591,0.31014,0.2474,0.44167,normalised
54.723803997039795,,,0.77231,0.28288,0,,,,,,,,,GP3,0.77231,0.28288,0.2474,0.44167,normalised
54.73878598213196,,,0.77294,0.2625,0,,,,,,,,,GP3,0.77294,0.2625,0.2474,0.44167,normalised
54.75642514228821,,,0.76852,0.25543,0,,,,,,,,,GP3,0.76852,0.25543,0.2474,0.44167,normalised
54.77297568321228,,,0.76642,0.24584,1,,,,,,,,,GP3,0.76642,0.24584,0.2474,0.44167,normalised
54.78741812705994,,,0.7662,0.2434,1,,,,,,,,,GP3,0.7662,0.2434,0.2474,0.44167,normalised
54.80335760116577,,,0.76608,0.25159,1,,,,,,,,,GP3,0.76608,0.25159,0.2474,0.44167,normalised
54.8211350440979,,,0.7671,0.26051,1,,,,,,,,,GP3,0.7671,0.26051,0.2474,0.44167,normalised
54.83476710319519,,,0.76786,0.26721,1,,,,,,,,,GP3,0.76786,0.26721,0.2474,0.44167,normalised
54.85243344306946,,,0.7683,0.27002,1,,,,,,,,,GP3,0.7683,0.27002,0.2474,0.44167,normalised
54.868221282958984,,,0.76728,0.27331,1,,,,,,,,,GP3,0.76728,0.27331,0.2474,0.44167,normalised
54.88628435134888,,,0.76666,0.27683,1,,,,,,,,,GP3,0.76666,0.27683,0.2474,0.44167,normalised
54.900660037994385,,,0.76664,0.28098,1,,,,,,,,,GP3,0.76664,0.28098,0.2474,0.44167,normalised
54.91645264625549,,,0.76687,0.28483,1,,,,,,,,,GP3,0.76687,0.28483,0.2474,0.44167,normalised
54.93261671066284,,,0.76738,0.28917,1,,,,,,,,,GP3,0.76738,0.28917,0.2474,0.44167,normalised
54.949955701828,,,0.76821,0.29482,1,,,,,,,,,GP3,0.76821,0.29482,0.2474,0.44167,normalised
54.967637062072754,,,0.76799,0.29888,1,,,,,,,,,GP3,0.76799,0.29888,0.2474,0.44167,normalised
54.98170018196106,,,0.7678,0.30246,1,,,,,,,,,GP3,0.7678,0.30246,0.2474,0.44167,normalised
54.99832224845886,,,0.76675,0.33668,0,,,,,,,,,GP3,0.76675,0.33668,0.2474,0.44167,normalised
55.01585531234741,,,0.83194,0.41675,0,,,,,,,,,GP3,0.83194,0.41675,0.2474,0.44167,normalised
55.03025197982788,,,0.85242,0.44017,0,,,,,,,,,GP3,0.85242,0.44017,0.2474,0.44167,normalised
55.045414209365845,,,0.8365,0.5218,0,,,,,,,,,GP3,0.8365,0.5218,0.2474,0.44167,normalised
55.06293773651123,,,0.79103,0.53538,0,,,,,,,,,GP3,0.79103,0.53538,0.2474,0.44167,normalised
55.07757830619812,,,0.77339,0.53075,0,,,,,,,,,GP3,0.77339,0.53075,0.2474,0.44167,normalised
55.09454584121704,,,0.72766,0.53111,0,,,,,,,,,GP3,0.72766,0.53111,0.2474,0.44167,normalised
55.112178802490234,,,0.72843,0.55913,0,,,,,,,,,GP3,0.72843,0.55913,0.2474,0.44167,normalised
55.1260027885437,,,0.72779,0.56607,0,,,,,,,,,GP3,0.72779,0.56607,0.2474,0.44167,normalised
55.14466166496277,,,0.71723,0.55348,1,,,,,,,,,GP3,0.71723,0.55348,0.2474,0.44167,normalised
55.16089582443237,,,0.71425,0.55813,1,,,,,,,,,GP3,0.71425,0.55813,0.2474,0.44167,normalised
55.175687313079834,,,0.71342,0.56498,1,,,,,,,,,GP3,0.71342,0.56498,0.2474,0.44167,normalised
55.19322967529297,,,0.71414,0.56473,1,,,,,,,,,GP3,0.71414,0.56473,0.2474,0.44167,normalised
55.20903158187866,,,0.71579,0.5647,1,,,,,,,,,GP3,0.71579,0.5647,0.2474,0.44167,normalised
55.22374248504639,,,0.71685,0.56384,1,,,,,,,,,GP3,0.71685,0.56384,0.2474,0.44167,normalised
55.24127650260925,,,0.71864,0.5677,1,,,,,,,,,GP3,0.71864,0.5677,0.2474,0.44167,normalised
55.25771498680115,,,0.71857,0.56883,1,,,,,,,,,GP3,0.71857,0.56883,0.2474,0.44167,normalised
55.271321535110474,,,0.71839,0.56946,1,,,,,,,,,GP3,0.71839,0.56946,0.2474,0.44167,normalised
55.28885364532471,,,0.71773,0.5712,1,,,,,,,,,GP3,0.71773,0.5712,0.2474,0.44167,normalised
55.30338525772095,,,0.7169,0.57215,1,,,,,,,,,GP3,0.7169,0.57215,0.2474,0.44167,normalised
55.32090973854065,,,0.71627,0.57322,1,,,,,,,,,GP3,0.71627,0.57322,0.2474,0.44167,normalised
55.335633277893066,,,0.71601,0.5731,1,,,,,,,,,GP3,0.71601,0.5731,0.2474,0.44167,normalised
55.35344171524048,,,0.71733,0.57306,1,,,,,,,,,GP3,0.71733,0.57306,0.2474,0.44167,normalised
55.368231534957886,,,0.71832,0.57241,1,,,,,,,,,GP3,0.71832,0.57241,0.2474,0.44167,normalised
55.38582754135132,,,0.71837,0.56862,1,,,,,,,,,GP3,0.71837,0.56862,0.2474,0.44167,normalised
55.40335297584534,,,0.71866,0.56245,1,,,,,,,,,GP3,0.71866,0.56245,0.2474,0.44167,normalised
55.41820788383484,,,0.71902,0.55725,1,,,,,,,,,GP3,0.71902,0.55725,0.2474,0.44167,normalised
55.43869423866272,,,0.71273,0.54854,1,,,,,,,,,GP3,0.71273,0.54854,0.2474,0.44167,normalised
55.449403047561646,,,0.69567,0.51305,0,,,,,,,,,GP3,0.69567,0.51305,0.2474,0.44167,normalised
55.46585726737976,,,0.63483,0.43177,0,,,,,,,,,GP3,0.63483,0.43177,0.2474,0.44167,normalised
55.48327827453613,,,0.60576,0.386,0,,,,,,,,,GP3,0.60576,0.386,0.2474,0.44167,normalised
55.49779510498047,,,0.55573,0.31326,0,,,,,,,,,GP3,0.55573,0.31326,0.2474,0.44167,normalised
55.515408515930176,,,0.54844,0.29735,0,,,,,,,,,GP3,0.54844,0.29735,0.2474,0.44167,normalised
55.531161069869995,,,0.54865,0.29407,0,,,,,,,,,GP3,0.54865,0.29407,0.2474,0.44167,normalised
55.546812534332275,,,0.54906,0.28993,1,,,,,,,,,GP3,0.54906,0.28993,0.2474,0.44167,normalised
55.564600706100464,,,0.5493,0.28744,1,,,,,,,,,GP3,0.5493,0.28744,0.2474,0.44167,normalised
55.580257415771484,,,0.539,0.28677,1,,,,,,,,,GP3,0.539,0.28677,0.2474,0.44167,normalised
55.59774827957153,,,0.53243,0.27778,1,,,,,,,,,GP3,0.53243,0.27778,0.2474,0.44167,normalised
55.61244344711304,,,0.52703,0.26984,1,,,,,,,,,GP3,0.52703,0.26984,0.2474,0.44167,normalised
55.6271858215332,,,0.51223,0.25041,1,,,,,,,,,GP3,0.51223,0.25041,0.2474,0.44167,normalised
55.64404249191284,,,0.50047,0.23988,1,,,,,,,,,GP3,0.50047,0.23988,0.2474,0.44167,normalised
55.66030406951904,,,0.49122,0.23221,1,,,,,,,,,GP3,0.49122,0.23221,0.2474,0.44167,normalised
55.678019523620605,,,0.47464,0.22676,1,,,,,,,,,GP3,0.47464,0.22676,0.2474,0.44167,normalised
55.692737102508545,,,0.45887,0.21894,1,,,,,,,,,GP3,0.45887,0.21894,0.2474,0.44167,normalised
55.708539962768555,,,0.44453,0.20984,1,,,,,,,,,GP3,0.44453,0.20984,0.2474,0.44167,normalised
55.726057052612305,,,0.40263,0.18217,0,,,,,,,,,GP3,0.40263,0.18217,0.2474,0.44167,normalised
55.74057078361511,,,0.32639,0.14138,0,,,,,,,,,GP3,0.32639,0.14138,0.2474,0.44167,normalised
55.75789999961853,,,0.30375,0.13577,0,,,,,,,,,GP3,0.30375,0.13577,0.2474,0.44167,normalised
55.773738384246826,,,0.25867,0.12268,0,,,,,,,,,GP3,0.25867,0.12268,0.2474,0.44167,normalised
55.78945589065552,,,0.2663,0.13371,0,,,,,,,,,GP3,0.2663,0.13371,0.2474,0.44167,normalised
55.806246757507324,,,0.26821,0.13553,0,,,,,,,,,GP3,0.26821,0.13553,0.2474,0.44167,normalised
55.82198739051819,,,0.26483,0.13104,1,,,,,,,,,GP3,0.26483,0.13104,0.2474,0.44167,normalised
55.83763527870178,,,0.26279,0.12388,1,,,,,,,,,GP3,0.26279,0.12388,0.2474,0.44167,normalised
55.85396862030029,,,0.25986,0.11442,1,,,,,,,,,GP3,0.25986,0.11442,0.2474,0.44167,normalised
55.8716938495636,,,0.25541,0.10667,1,,,,,,,,,GP3,0.25541,0.10667,0.2474,0.44167,normalised
55.887434005737305,,,0.25192,0.10051,1,,,,,,,,,GP3,0.25192,0.10051,0.2474,0.44167,normalised
55.9019341468811,,,0.24921,0.09572,1,,,,,,,,,GP3,0.24921,0.09572,0.2474,0.44167,normalised
55.91844320297241,,,0.2467,0.0918,1,,,,,,,,,GP3,0.2467,0.0918,0.2474,0.44167,normalised
55.93508505821228,,,0.24465,0.08535,1,,,,,,,,,GP3,0.24465,0.08535,0.2474,0.44167,normalised
55.95200872421265,,,0.24321,0.08083,1,,,,,,,,,GP3,0.24321,0.08083,0.2474,0.44167,normalised
55.96952199935913,,,0.24193,0.07939,1,,,,,,,,,GP3,0.24193,0.07939,0.2474,0.44167,normalised
55.98404622077942,,,0.24148,0.07855,1,,,,,,,,,GP3,0.24148,0.07855,0.2474,0.44167,normalised
56.00157690048218,,,0.24143,0.07881,1,,,,,,,,,GP3,0.24143,0.07881,0.2474,0.44167,normalised
56.01819348335266,,,0.24537,0.0743,1,,,,,,,,,GP3,0.24537,0.0743,0.2474,0.44167,normalised
56.03274750709534,,,0.24929,0.06966,1,,,,,,,,,GP3,0.24929,0.06966,0.2474,0.44167,normalised
56.04930830001831,,,0.25277,0.06554,1,,,,,,,,,GP3,0.25277,0.06554,0.2474,0.44167,normalised
56.06390738487244,,,0.25194,0.06552,1,,,,,,,,,GP3,0.25194,0.06552,0.2474,0.44167,normalised
56.08157277107239,,,0.25697,0.03514,0,,,,,,,,,GP3,0.25697,0.03514,0.2474,0.44167,normalised
56.09628653526306,,,0.28456,0.00802,0,,,,,,,,,GP3,0.28456,0.00802,0.2474,0.44167,normalised
56.113003969192505,,,0.29353,-0.00048,0,,,,,,,,,GP3,0.29353,-0.00048,0.2474,0.44167,normalised
56.12970590591431,,,0.29782,-0.00395,1,,,,,,,,,GP3,0.29782,-0.00395,0.2474,0.44167,normalised
56.145344495773315,,,0.29971,-0.00801,1,,,,,,,,,GP3,0.29971,-0.00801,0.2474,0.44167,normalised
56.16316318511963,,,0.28663,0.00382,1,,,,,,,,,GP3,0.28663,0.00382,0.2474,0.44167,normalised
56.17757606506348,,,0.27792,0.00981,1,,,,,,,,,GP3,0.27792,0.00981,0.2474,0.44167,normalised
56.19319796562195,,,0.27079,0.01245,1,,,,,,,,,GP3,0.27079,0.01245,0.2474,0.44167,normalised
56.20971488952637,,,0.27402,0.00395,1,,,,,,,,,GP3,0.27402,0.00395,0.2474,0.44167,normalised
56.22725033760071,,,0.27558,-0.00419,1,,,,,,,,,GP3,0.27558,-0.00419,0.2474,0.44167,normalised
56.24165344238281,,,0.27714,-0.00998,1,,,,,,,,,GP3,0.27714,-0.00998,0.2474,0.44167,normalised
56.25955891609192,,,0.27976,-0.0124,1,,,,,,,,,GP3,0.27976,-0.0124,0.2474,0.44167,normalised
56.27438807487488,,,0.2762,-0.00484,1,,,,,,,,,GP3,0.2762,-0.00484,0.2474,0.44167,normalised
56.290244579315186,,,0.2735,0.0027,1,,,,,,,,,GP3,0.2735,0.0027,0.2474,0.44167,normalised
56.30698299407959,,,0.27171,0.01079,1,,,,,,,,,GP3,0.27171,0.01079,0.2474,0.44167,normalised
56.32499027252197,,,0.36857,0.20551,0,,,,,,,,,GP3,0.36857,0.20551,0.2474,0.44167,normalised
56.338788986206055,,,1.28166,1.86384,0,,,,,,,,,GP3,1.28166,1.86384,0.2474,0.44167,normalised
56.357247829437256,,,1.28166,1.86384,0,,,,,,,,,GP3,1.28166,1.86384,0.2474,0.44167,normalised
56.37515878677368,,,2.19476,3.52217,0,,,,,,,,,GP3,2.19476,3.52217,0.2474,0.44167,normalised
56.38863658905029,,,2.19476,3.52217,0,,,,,,,,,GP3,2.19476,3.52217,0.2474,0.44167,normalised
56.40702557563782,,,2.19476,3.52217,0,,,,,,,,,GP3,2.19476,3.52217,0.2474,0.44167,normalised
56.42368817329407,,,0.0,0.0,0,,,,,,,,,GP3,0.0,0.0,0.2474,0.44167,normalised
56.43836545944214,,,0.0,0.0,0,,,,,,,,,GP3,0.0,0.0,0.2474,0.44167,normalised
56.45499658584595,,,0.0,0.0,0,,,,,,,,,GP3,0.0,0.0,0.2474,0.44167,normalised
56.471415996551514,,,0.0,0.0,0,,,,,,,,,GP3,0.0,0.0,0.2474,0.44167,normalised
56.4891881942749,,,0.0,0.0,0,,,,,,,,,GP3,0.0,0.0,0.2474,0.44167,normalised
56.50432825088501,,,0.0,0.0,0,,,,,,,,,GP3,0.0,0.0,0.2474,0.44167,normalised
56.520970582962036,,,0.0,0.0,0,,,,,,,,,GP3,0.0,0.0,0.2474,0.44167,normalised
56.53742599487305,,,0.0,0.0,0,,,,,,,,,GP3,0.0,0.0,0.2474,0.44167,normalised
56.55386567115784,,,0.0,0.0,0,,,,,,,,,GP3,0.0,0.0,0.2474,0.44167,normalised
56.56868505477905,,,0.0,0.0,0,,,,,,,,,GP3,0.0,0.0,0.2474,0.44167,normalised
56.58540391921997,,,0.0,0.0,0,,,,,,,,,GP3,0.0,0.0,0.2474,0.44167,normalised
56.60300278663635,,,0.0,0.0,0,,,,,,,,,GP3,0.0,0.0,0.2474,0.44167,normalised
56.617841482162476,,,0.43446,0.26498,0,,,,,,,,,GP3,0.43446,0.26498,0.2474,0.44167,normalised
56.63220167160034,,,0.54226,0.45824,0,,,,,,,,,GP3,0.54226,0.45824,0.2474,0.44167,normalised
56.64792203903198,,,0.47267,0.37512,0,,,,,,,,,GP3,0.47267,0.37512,0.2474,0.44167,normalised
56.66357088088989,,,0.45282,0.32586,1,,,,,,,,,GP3,0.45282,0.32586,0.2474,0.44167,normalised
56.68061637878418,,,0.43959,0.29284,1,,,,,,,,,GP3,0.43959,0.29284,0.2474,0.44167,normalised
56.69516897201538,,,0.41855,0.27465,1,,,,,,,,,GP3,0.41855,0.27465,0.2474,0.44167,normalised
56.71335458755493,,,0.4141,0.25844,1,,,,,,,,,GP3,0.4141,0.25844,0.2474,0.44167,normalised
56.73008346557617,,,0.41076,0.24628,1,,,,,,,,,GP3,0.41076,0.24628,0.2474,0.44167,normalised
56.743818044662476,,,0.40654,0.2337,1,,,,,,,,,GP3,0.40654,0.2337,0.2474,0.44167,normalised
56.760207176208496,,,0.39763,0.23129,1,,,,,,,,,GP3,0.39763,0.23129,0.2474,0.44167,normalised
56.776036739349365,,,0.39035,0.22933,1,,,,,,,,,GP3,0.39035,0.22933,0.2474,0.44167,normalised
56.79286599159241,,,0.38323,0.2245,1,,,,,,,,,GP3,0.38323,0.2245,0.2474,0.44167,normalised
56.80783987045288,,,0.3769,0.22086,1,,,,,,,,,GP3,0.3769,0.22086,0.2474,0.44167,normalised
56.82457947731018,,,0.34301,0.17767,0,,,,,,,,,GP3,0.34301,0.17767,0.2474,0.44167,normalised
56.840569734573364,,,0.32543,0.16714,0,,,,,,,,,GP3,0.32543,0.16714,0.2474,0.44167,normalised
56.85775184631348,,,0.31957,0.16721,0,,,,,,,,,GP3,0.31957,0.16721,0.2474,0.44167,normalised
56.873151540756226,,,0.31664,0.16725,1,,,,,,,,,GP3,0.31664,0.16725,0.2474,0.44167,normalised
56.889081716537476,,,0.31083,0.16779,1,,,,,,,,,GP3,0.31083,0.16779,0.2474,0.44167,normalised
56.905864000320435,,,0.30652,0.16927,1,,,,,,,,,GP3,0.30652,0.16927,0.2474,0.44167,normalised
56.922666788101196,,,0.30344,0.17032,1,,,,,,,,,GP3,0.30344,0.17032,0.2474,0.44167,normalised
56.938480854034424,,,0.30212,0.16841,1,,,,,,,,,GP3,0.30212,0.16841,0.2474,0.44167,normalised
56.95504927635193,,,0.29968,0.16901,1,,,,,,,,,GP3,0.29968,0.16901,0.2474,0.44167,normalised
56.97083139419556,,,0.29773,0.16948,1,,,,,,,,,GP3,0.29773,0.16948,0.2474,0.44167,normalised
56.988412857055664,,,0.29726,0.16835,1,,,,,,,,,GP3,0.29726,0.16835,0.2474,0.44167,normalised
57.004377603530884,,,0.29692,0.16755,1,,,,,,,,,GP3,0.29692,0.16755,0.2474,0.44167,normalised
57.01884484291077,,,0.29664,0.16688,1,,,,,,,,,GP3,0.29664,0.16688,0.2474,0.44167,normalised
57.0359091758728,,,0.29608,0.16636,1,,,,,,,,,GP3,0.29608,0.16636,0.2474,0.44167,normalised
57.051194190979004,,,0.29631,0.16586,1,,,,,,,,,GP3,0.29631,0.16586,0.2474,0.44167,normalised
57.06928086280823,,,0.29652,0.16542,1,,,,,,,,,GP3,0.29652,0.16542,0.2474,0.44167,normalised
57.08318543434143,,,0.29711,0.16742,1,,,,,,,,,GP3,0.29711,0.16742,0.2474,0.44167,normalised
57.10012888908386,,,0.29721,0.16831,1,,,,,,,,,GP3,0.29721,0.16831,0.2474,0.44167,normalised
57.11672782897949,,,0.2973,0.16911,1,,,,,,,,,GP3,0.2973,0.16911,0.2474,0.44167,normalised
57.13138437271118,,,0.29697,0.16889,1,,,,,,,,,GP3,0.29697,0.16889,0.2474,0.44167,normalised
57.14907431602478,,,0.29624,0.16782,1,,,,,,,,,GP3,0.29624,0.16782,0.2474,0.44167,normalised
57.16439127922058,,,0.29559,0.16684,1,,,,,,,,,GP3,0.29559,0.16684,0.2474,0.44167,normalised
57.18010187149048,,,0.2947,0.16623,1,,,,,,,,,GP3,0.2947,0.16623,0.2474,0.44167,normalised
57.19716548919678,,,0.29443,0.16578,1,,,,,,,,,GP3,0.29443,0.16578,0.2474,0.44167,normalised
57.21472787857056,,,0.29418,0.16537,1,,,,,,,,,GP3,0.29418,0.16537,0.2474,0.44167,normalised
57.229236364364624,,,0.29367,0.1654,1,,,,,,,,,GP3,0.29367,0.1654,0.2474,0.44167,normalised
57.24713730812073,,,0.29371,0.16508,1,,,,,,,,,GP3,0.29371,0.16508,0.2474,0.44167,normalised
57.26094889640808,,,0.29375,0.16478,1,,,,,,,,,GP3,0.29375,0.16478,0.2474,0.44167,normalised
57.27952289581299,,,0.29343,0.16485,1,,,,,,,,,GP3,0.29343,0.16485,0.2474,0.44167,normalised
57.2956759929657,,,0.29313,0.16477,1,,,,,,,,,GP3,0.29313,0.16477,0.2474,0.44167,normalised
57.310128688812256,,,0.29284,0.1647,1,,,,,,,,,GP3,0.29284,0.1647,0.2474,0.44167,normalised
57.32682657241821,,,0.29228,0.16437,1,,,,,,,,,GP3,0.29228,0.16437,0.2474,0.44167,normalised
57.34433364868164,,,0.29184,0.16433,1,,,,,,,,,GP3,0.29184,0.16433,0.2474,0.44167,normalised
57.3581759929657,,,0.29143,0.16429,1,,,,,,,,,GP3,0.29143,0.16429,0.2474,0.44167,normalised
57.37484431266785,,,0.29075,0.16393,1,,,,,,,,,GP3,0.29075,0.16393,0.2474,0.44167,normalised
57.39216232299805,,,0.29035,0.16414,1,,,,,,,,,GP3,0.29035,0.16414,0.2474,0.44167,normalised
57.406808853149414,,,0.28997,0.16434,1,,,,,,,,,GP3,0.28997,0.16434,0.2474,0.44167,normalised
57.42347955703735,,,0.28983,0.16425,1,,,,,,,,,GP3,0.28983,0.16425,0.2474,0.44167,normalised
57.440112590789795,,,0.28965,0.16386,1,,,,,,,,,GP3,0.28965,0.16386,0.2474,0.44167,normalised
57.455530881881714,,,0.28948,0.16349,1,,,,,,,,,GP3,0.28948,0.16349,0.2474,0.44167,normalised
57.4717755317688,,,0.28942,0.16291,1,,,,,,,,,GP3,0.28942,0.16291,0.2474,0.44167,normalised
57.48850703239441,,,0.28932,0.16229,1,,,,,,,,,GP3,0.28932,0.16229,0.2474,0.44167,normalised
57.50459146499634,,,0.28923,0.16171,1,,,,,,,,,GP3,0.28923,0.16171,0.2474,0.44167,normalised
57.520857095718384,,,0.28902,0.16136,1,,,,,,,,,GP3,0.28902,0.16136,0.2474,0.44167,normalised
57.536885023117065,,,0.28871,0.16092,1,,,,,,,,,GP3,0.28871,0.16092,0.2474,0.44167,normalised
57.55553698539734,,,0.28842,0.16049,1,,,,,,,,,GP3,0.28842,0.16049,0.2474,0.44167,normalised
57.57004952430725,,,0.28812,0.16016,1,,,,,,,,,GP3,0.28812,0.16016,0.2474,0.44167,normalised
57.58410859107971,,,0.28782,0.15978,1,,,,,,,,,GP3,0.28782,0.15978,0.2474,0.44167,normalised
57.602067708969116,,,0.28639,0.15904,1,,,,,,,,,GP3,0.28639,0.15904,0.2474,0.44167,normalised
57.61651659011841,,,0.28741,0.15705,1,,,,,,,,,GP3,0.28741,0.15705,0.2474,0.44167,normalised
57.63261365890503,,,0.29165,0.13009,0,,,,,,,,,GP3,0.29165,0.13009,0.2474,0.44167,normalised
57.65186619758606,,,0.3189,0.09977,0,,,,,,,,,GP3,0.3189,0.09977,0.2474,0.44167,normalised
57.66636633872986,,,0.32789,0.07859,0,,,,,,,,,GP3,0.32789,0.07859,0.2474,0.44167,normalised
57.68126726150513,,,0.31271,0.08285,1,,,,,,,,,GP3,0.31271,0.08285,0.2474,0.44167,normalised
57.69835925102234,,,0.30326,0.08445,1,,,,,,,,,GP3,0.30326,0.08445,0.2474,0.44167,normalised
57.715662717819214,,,0.31015,0.0736,1,,,,,,,,,GP3,0.31015,0.0736,0.2474,0.44167,normalised
57.730281591415405,,,0.31535,0.06843,1,,,,,,,,,GP3,0.31535,0.06843,0.2474,0.44167,normalised
57.74742150306702,,,0.32013,0.06698,1,,,,,,,,,GP3,0.32013,0.06698,0.2474,0.44167,normalised
57.766287088394165,,,0.324,0.06733,1,,,,,,,,,GP3,0.324,0.06733,0.2474,0.44167,normalised
57.779842376708984,,,0.32716,0.06698,1,,,,,,,,,GP3,0.32716,0.06698,0.2474,0.44167,normalised
57.79565143585205,,,0.32974,0.0667,1,,,,,,,,,GP3,0.32974,0.0667,0.2474,0.44167,normalised
57.813210010528564,,,0.33118,0.06534,1,,,,,,,,,GP3,0.33118,0.06534,0.2474,0.44167,normalised
57.827003479003906,,,0.33337,0.06673,1,,,,,,,,,GP3,0.33337,0.06673,0.2474,0.44167,normalised
57.84369659423828,,,0.33525,0.06792,1,,,,,,,,,GP3,0.33525,0.06792,0.2474,0.44167,normalised
57.86065340042114,,,0.33717,0.06898,1,,,,,,,,,GP3,0.33717,0.06898,0.2474,0.44167,normalised
57.87526226043701,,,0.34465,0.07812,1,,,,,,,,,GP3,0.34465,0.07812,0.2474,0.44167,normalised
57.89333939552307,,,0.35125,0.08619,1,,,,,,,,,GP3,0.35125,0.08619,0.2474,0.44167,normalised
57.910008668899536,,,0.38737,0.11097,0,,,,,,,,,GP3,0.38737,0.11097,0.2474,0.44167,normalised
57.924559116363525,,,0.44749,0.18495,0,,,,,,,,,GP3,0.44749,0.18495,0.2474,0.44167,normalised
57.94250202178955,,,0.46753,0.20962,0,,,,,,,,,GP3,0.46753,0.20962,0.2474,0.44167,normalised
57.95731234550476,,,0.52164,0.27989,0,,,,,,,,,GP3,0.52164,0.27989,0.2474,0.44167,normalised
57.97319436073303,,,0.52113,0.30605,0,,,,,,,,,GP3,0.52113,0.30605,0.2474,0.44167,normalised
57.99027943611145,,,0.52724,0.33042,0,,,,,,,,,GP3,0.52724,0.33042,0.2474,0.44167,normalised
58.00506329536438,,,0.55005,0.37945,0,,,,,,,,,GP3,0.55005,0.37945,0.2474,0.44167,normalised
58.02415752410889,,,0.56732,0.41262,0,,,,,,,,,GP3,0.56732,0.41262,0.2474,0.44167,normalised
58.03767919540405,,,0.57344,0.42456,0,,,,,,,,,GP3,0.57344,0.42456,0.2474,0.44167,normalised
58.05510377883911,,,0.5784,0.42914,1,,,,,,,,,GP3,0.5784,0.42914,0.2474,0.44167,normalised
58.070188999176025,,,0.58175,0.43056,1,,,,,,,,,GP3,0.58175,0.43056,0.2474,0.44167,normalised
58.08610200881958,,,0.58335,0.42996,1,,,,,,,,,GP3,0.58335,0.42996,0.2474,0.44167,normalised
58.1029052734375,,,0.58337,0.42693,1,,,,,,,,,GP3,0.58337,0.42693,0.2474,0.44167,normalised
58.119017124176025,,,0.58337,0.42693,1,,,,,,,,,GP3,0.58337,0.42693,0.2474,0.44167,normalised
58.134782791137695,,,0.58337,0.42693,1,,,,,,,,,GP3,0.58337,0.42693,0.2474,0.44167,normalised
58.15054225921631,,,0.57472,0.42979,1,,,,,,,,,GP3,0.57472,0.42979,0.2474,0.44167,normalised
58.16692280769348,,,0.57053,0.43385,1,,,,,,,,,GP3,0.57053,0.43385,0.2474,0.44167,normalised
58.185301542282104,,,0.56783,0.43888,1,,,,,,,,,GP3,0.56783,0.43888,0.2474,0.44167,normalised
58.19900417327881,,,0.55418,0.4411,1,,,,,,,,,GP3,0.55418,0.4411,0.2474,0.44167,normalised
58.21598815917969,,,0.54247,0.44178,1,,,,,,,,,GP3,0.54247,0.44178,0.2474,0.44167,normalised
58.23368453979492,,,0.53257,0.44238,1,,,,,,,,,GP3,0.53257,0.44238,0.2474,0.44167,normalised
58.24750280380249,,,0.533,0.44651,1,,,,,,,,,GP3,0.533,0.44651,0.2474,0.44167,normalised
58.26455473899841,,,0.53279,0.44897,1,,,,,,,,,GP3,0.53279,0.44897,0.2474,0.44167,normalised
58.28293037414551,,,0.5325,0.45081,1,,,,,,,,,GP3,0.5325,0.45081,0.2474,0.44167,normalised
58.29797673225403,,,0.531,0.45105,1,,,,,,,,,GP3,0.531,0.45105,0.2474,0.44167,normalised
58.31314706802368,,,0.50363,0.4638,0,,,,,,,,,GP3,0.50363,0.4638,0.2474,0.44167,normalised
58.329731941223145,,,0.50792,0.46489,0,,,,,,,,,GP3,0.50792,0.46489,0.2474,0.44167,normalised
58.347362995147705,,,0.50215,0.45578,0,,,,,,,,,GP3,0.50215,0.45578,0.2474,0.44167,normalised
58.36162066459656,,,0.50763,0.45584,1,,,,,,,,,GP3,0.50763,0.45584,0.2474,0.44167,normalised
58.37912178039551,,,0.51015,0.45385,1,,,,,,,,,GP3,0.51015,0.45385,0.2474,0.44167,normalised
58.39375853538513,,,0.50671,0.44501,1,,,,,,,,,GP3,0.50671,0.44501,0.2474,0.44167,normalised
58.412389039993286,,,0.50721,0.44571,1,,,,,,,,,GP3,0.50721,0.44571,0.2474,0.44167,normalised
58.42623519897461,,,0.50861,0.44892,1,,,,,,,,,GP3,0.50861,0.44892,0.2474,0.44167,normalised
58.44276261329651,,,0.49656,0.448,1,,,,,,,,,GP3,0.49656,0.448,0.2474,0.44167,normalised
58.458744049072266,,,0.49762,0.44926,1,,,,,,,,,GP3,0.49762,0.44926,0.2474,0.44167,normalised
58.474387884140015,,,0.49845,0.45017,1,,,,,,,,,GP3,0.49845,0.45017,0.2474,0.44167,normalised
58.49343395233154,,,0.49841,0.4505,1,,,,,,,,,GP3,0.49841,0.4505,0.2474,0.44167,normalised
58.510092973709106,,,0.50005,0.44984,1,,,,,,,,,GP3,0.50005,0.44984,0.2474,0.44167,normalised
58.52417492866516,,,0.50119,0.44854,1,,,,,,,,,GP3,0.50119,0.44854,0.2474,0.44167,normalised
58.53990864753723,,,0.50159,0.44789,1,,,,,,,,,GP3,0.50159,0.44789,0.2474,0.44167,normalised
58.557769536972046,,,0.50288,0.44945,1,,,,,,,,,GP3,0.50288,0.44945,0.2474,0.44167,normalised
58.573447942733765,,,0.50426,0.4515,1,,,,,,,,,GP3,0.50426,0.4515,0.2474,0.44167,normalised
58.588090896606445,,,0.50578,0.45576,1,,,,,,,,,GP3,0.50578,0.45576,0.2474,0.44167,normalised
58.60556197166443,,,0.50693,0.45861,1,,,,,,,,,GP3,0.50693,0.45861,0.2474,0.44167,normalised
58.619385957717896,,,0.50796,0.46117,1,,,,,,,,,GP3,0.50796,0.46117,0.2474,0.44167,normalised
58.63829946517944,,,0.50811,0.46195,1,,,,,,,,,GP3,0.50811,0.46195,0.2474,0.44167,normalised
58.65442109107971,,,0.50874,0.46447,1,,,,,,,,,GP3,0.50874,0.46447,0.2474,0.44167,normalised
58.66938805580139,,,0.50932,0.46676,1,,,,,,,,,GP3,0.50932,0.46676,0.2474,0.44167,normalised
58.68517088890076,,,0.51068,0.46553,1,,,,,,,,,GP3,0.51068,0.46553,0.2474,0.44167,normalised
58.702587604522705,,,0.50867,0.46096,1,,,,,,,,,GP3,0.50867,0.46096,0.2474,0.44167,normalised
58.71832466125488,,,0.5065,0.45578,1,,,,,,,,,GP3,0.5065,0.45578,0.2474,0.44167,normalised
58.733044147491455,,,0.54185,0.49931,0,,,,,,,,,GP3,0.54185,0.49931,0.2474,0.44167,normalised
58.75063920021057,,,0.69133,0.66348,0,,,,,,,,,GP3,0.69133,0.66348,0.2474,0.44167,normalised
58.76527285575867,,,0.73939,0.71096,0,,,,,,,,,GP3,0.73939,0.71096,0.2474,0.44167,normalised
58.78227925300598,,,0.83994,0.81471,0,,,,,,,,,GP3,0.83994,0.81471,0.2474,0.44167,normalised
58.799920082092285,,,0.84064,0.82163,0,,,,,,,,,GP3,0.84064,0.82163,0.2474,0.44167,normalised
58.81352090835571,,,0.84007,0.82078,0,,,,,,,,,GP3,0.84007,0.82078,0.2474,0.44167,normalised
58.83107280731201,,,0.84886,0.81763,1,,,,,,,,,GP3,0.84886,0.81763,0.2474,0.44167,normalised
58.84770369529724,,,0.89575,0.87462,1,,,,,,,,,GP3,0.89575,0.87462,0.2474,0.44167,normalised
58.86301946640015,,,0.94418,0.93155,0,,,,,,,,,GP3,0.94418,0.93155,0.2474,0.44167,normalised
58.87997126579285,,,0.81013,0.63957,0,,,,,,,,,GP3,0.81013,0.63957,0.2474,0.44167,normalised
58.897244453430176,,,1.04199,1.07459,0,,,,,,,,,GP3,1.04199,1.07459,0.2474,0.44167,normalised
58.91076612472534,,,1.20305,1.15671,0,,,,,,,,,GP3,1.20305,1.15671,0.2474,0.44167,normalised
58.92890119552612,,,1.20305,1.15671,0,,,,,,,,,GP3,1.20305,1.15671,0.2474,0.44167,normalised
58.94821906089783,,,1.20305,1.15671,0,,,,,,,,,GP3,1.20305,1.15671,0.2474,0.44167,normalised
58.961403608322144,,,0.0,0.0,0,,,,,,,,,GP3,0.0,0.0,0.2474,0.44167,normalised
58.981602907180786,,,0.0,0.0,0,,,,,,,,,GP3,0.0,0.0,0.2474,0.44167,normalised
58.995259284973145,,,0.0,0.0,0,,,,,,,,,GP3,0.0,0.0,0.2474,0.44167,normalised
59.012864112854004,,,0.0,0.0,0,,,,,,,,,GP3,0.0,0.0,0.2474,0.44167,normalised
59.026472330093384,,,0.0,0.0,0,,,,,,,,,GP3,0.0,0.0,0.2474,0.44167,normalised
59.043339014053345,,,0.0,0.0,0,,,,,,,,,GP3,0.0,0.0,0.2474,0.44167,normalised
59.05910062789917,,,0.0,0.0,0,,,,,,,,,GP3,0.0,0.0,0.2474,0.44167,normalised
59.078723669052124,,,0.0,0.0,0,,,,,,,,,GP3,0.0,0.0,0.2474,0.44167,normalised
59.0923388004303,,,0.0,0.0,0,,,,,,,,,GP3,0.0,0.0,0.2474,0.44167,normalised
59.1079785823822,,,0.0,0.0,0,,,,,,,,,GP3,0.0,0.0,0.2474,0.44167,normalised
59.12448811531067,,,0.0,0.0,0,,,,,,,,,GP3,0.0,0.0,0.2474,0.44167,normalised
59.14028358459473,,,0.0,0.0,0,,,,,,,,,GP3,0.0,0.0,0.2474,0.44167,normalised
59.15644884109497,,,0.0,0.0,0,,,,,,,,,GP3,0.0,0.0,0.2474,0.44167,normalised
59.17247700691223,,,0.0,0.0,0,,,,,,,,,GP3,0.0,0.0,0.2474,0.44167,normalised
59.188114643096924,,,0.0,0.0,0,,,,,,,,,GP3,0.0,0.0,0.2474,0.44167,normalised
59.20756244659424,,,1.50695,1.9414,0,,,,,,,,,GP3,1.50695,1.9414,0.2474,0.44167,normalised
59.21936297416687,,,1.44872,1.51803,0,,,,,,,,,GP3,1.44872,1.51803,0.2474,0.44167,normalised
59.23529291152954,,,1.40995,1.35466,0,,,,,,,,,GP3,1.40995,1.35466,0.2474,0.44167,normalised
59.251540184020996,,,1.35248,1.04678,0,,,,,,,,,GP3,1.35248,1.04678,0.2474,0.44167,normalised
59.26673340797424,,,1.43371,1.14543,0,,,,,,,,,GP3,1.43371,1.14543,0.2474,0.44167,normalised
59.28385066986084,,,1.45554,1.16396,0,,,,,,,,,GP3,1.45554,1.16396,0.2474,0.44167,normalised
59.29864001274109,,,1.5037,1.21659,0,,,,,,,,,GP3,1.5037,1.21659,0.2474,0.44167,normalised
59.31560707092285,,,1.50974,1.21514,0,,,,,,,,,GP3,1.50974,1.21514,0.2474,0.44167,normalised
59.33219766616821,,,1.51256,1.22017,0,,,,,,,,,GP3,1.51256,1.22017,0.2474,0.44167,normalised
59.34796452522278,,,1.51347,1.22358,1,,,,,,,,,GP3,1.51347,1.22358,0.2474,0.44167,normalised
59.364808082580566,,,1.51477,1.22615,1,,,,,,,,,GP3,1.51477,1.22615,0.2474,0.44167,normalised
59.382166624069214,,,1.51706,1.22802,1,,,,,,,,,GP3,1.51706,1.22802,0.2474,0.44167,normalised
59.39909219741821,,,1.51853,1.22954,1,,,,,,,,,GP3,1.51853,1.22954,0.2474,0.44167,normalised
59.41366672515869,,,1.51627,1.23024,1,,,,,,,,,GP3,1.51627,1.23024,0.2474,0.44167,normalised
59.431264877319336,,,1.51647,1.23374,1,,,,,,,,,GP3,1.51647,1.23374,0.2474,0.44167,normalised
59.445109605789185,,,1.51655,1.23673,1,,,,,,,,,GP3,1.51655,1.23673,0.2474,0.44167,normalised
59.46327328681946,,,1.51815,1.24089,1,,,,,,,,,GP3,1.51815,1.24089,0.2474,0.44167,normalised
59.47895812988281,,,1.52014,1.24454,1,,,,,,,,,GP3,1.52014,1.24454,0.2474,0.44167,normalised
59.49503993988037,,,1.52198,1.24741,1,,,,,,,,,GP3,1.52198,1.24741,0.2474,0.44167,normalised
59.51003360748291,,,1.52156,1.24661,1,,,,,,,,,GP3,1.52156,1.24661,0.2474,0.44167,normalised
59.526413917541504,,,1.52352,1.24939,1,,,,,,,,,GP3,1.52352,1.24939,0.2474,0.44167,normalised
59.540947914123535,,,1.52531,1.25173,1,,,,,,,,,GP3,1.52531,1.25173,0.2474,0.44167,normalised
59.559364795684814,,,1.52497,1.2508,1,,,,,,,,,GP3,1.52497,1.2508,0.2474,0.44167,normalised
59.57507801055908,,,1.5249,1.2494,1,,,,,,,,,GP3,1.5249,1.2494,0.2474,0.44167,normalised
59.59001278877258,,,1.5249,1.24797,1,,,,,,,,,GP3,1.5249,1.24797,0.2474,0.44167,normalised
59.60624313354492,,,1.52554,1.24821,1,,,,,,,,,GP3,1.52554,1.24821,0.2474,0.44167,normalised
59.623331785202026,,,1.52594,1.24866,1,,,,,,,,,GP3,1.52594,1.24866,0.2474,0.44167,normalised
59.64031624794006,,,1.52617,1.2493,1,,,,,,,,,GP3,1.52617,1.2493,0.2474,0.44167,normalised
59.65598678588867,,,1.52684,1.25052,1,,,,,,,,,GP3,1.52684,1.25052,0.2474,0.44167,normalised
59.67238664627075,,,1.52725,1.2516,1,,,,,,,,,GP3,1.52725,1.2516,0.2474,0.44167,normalised
59.68735313415527,,,1.52778,1.25238,1,,,,,,,,,GP3,1.52778,1.25238,0.2474,0.44167,normalised
59.70492911338806,,,1.52822,1.25242,1,,,,,,,,,GP3,1.52822,1.25242,0.2474,0.44167,normalised
59.72241234779358,,,1.52778,1.25185,1,,,,,,,,,GP3,1.52778,1.25185,0.2474,0.44167,normalised
59.736804246902466,,,1.52736,1.25136,1,,,,,,,,,GP3,1.52736,1.25136,0.2474,0.44167,normalised
59.75259232521057,,,1.52759,1.25157,1,,,,,,,,,GP3,1.52759,1.25157,0.2474,0.44167,normalised
59.76976132392883,,,1.52714,1.25147,1,,,,,,,,,GP3,1.52714,1.25147,0.2474,0.44167,normalised
59.78497338294983,,,1.52663,1.25149,1,,,,,,,,,GP3,1.52663,1.25149,0.2474,0.44167,normalised
59.80245876312256,,,1.52659,1.25185,1,,,,,,,,,GP3,1.52659,1.25185,0.2474,0.44167,normalised
59.817732095718384,,,1.52722,1.25263,1,,,,,,,,,GP3,1.52722,1.25263,0.2474,0.44167,normalised
59.83357810974121,,,1.52779,1.2534,1,,,,,,,,,GP3,1.52779,1.2534,0.2474,0.44167,normalised
59.85187339782715,,,1.52757,1.25355,1,,,,,,,,,GP3,1.52757,1.25355,0.2474,0.44167,normalised
59.86773729324341,,,1.52778,1.25361,1,,,,,,,,,GP3,1.52778,1.25361,0.2474,0.44167,normalised
59.88192677497864,,,1.52801,1.25359,1,,,,,,,,,GP3,1.52801,1.25359,0.2474,0.44167,normalised
59.89837431907654,,,1.52779,1.25374,1,,,,,,,,,GP3,1.52779,1.25374,0.2474,0.44167,normalised
59.91594839096069,,,1.52719,1.25405,1,,,,,,,,,GP3,1.52719,1.25405,0.2474,0.44167,normalised
59.92989730834961,,,1.52663,1.25435,1,,,,,,,,,GP3,1.52663,1.25435,0.2474,0.44167,normalised
59.94881343841553,,,1.52584,1.2534,1,,,,,,,,,GP3,1.52584,1.2534,0.2474,0.44167,normalised
59.96332788467407,,,1.52446,1.25273,1,,,,,,,,,GP3,1.52446,1.25273,0.2474,0.44167,normalised
59.98047614097595,,,1.52314,1.25209,1,,,,,,,,,GP3,1.52314,1.25209,0.2474,0.44167,normalised
59.99649739265442,,,1.52301,1.25218,1,,,,,,,,,GP3,1.52301,1.25218,0.2474,0.44167,normalised
60.011618852615356,,,1.52301,1.2524,1,,,,,,,,,GP3,1.52301,1.2524,0.2474,0.44167,normalised
60.02838635444641,,,1.523,1.25261,1,,,,,,,,,GP3,1.523,1.25261,0.2474,0.44167,normalised
60.04317545890808,,,1.52326,1.25318,1,,,,,,,,,GP3,1.52326,1.25318,0.2474,0.44167,normalised
60.061479330062866,,,1.52282,1.25372,1,,,,,,,,,GP3,1.52282,1.25372,0.2474,0.44167,normalised
60.07543349266052,,,1.5228,1.25499,1,,,,,,,,,GP3,1.5228,1.25499,0.2474,0.44167,normalised
60.09293246269226,,,1.5226,1.25549,1,,,,,,,,,GP3,1.5226,1.25549,0.2474,0.44167,normalised
60.107460737228394,,,1.52209,1.25547,1,,,,,,,,,GP3,1.52209,1.25547,0.2474,0.44167,normalised
60.12352752685547,,,1.52164,1.25533,1,,,,,,,,,GP3,1.52164,1.25533,0.2474,0.44167,normalised
60.14265298843384,,,1.52082,1.25517,1,,,,,,,,,GP3,1.52082,1.25517,0.2474,0.44167,normalised
60.15779447555542,,,1.51984,1.25472,1,,,,,,,,,GP3,1.51984,1.25472,0.2474,0.44167,normalised
60.17210602760315,,,1.51884,1.25431,1,,,,,,,,,GP3,1.51884,1.25431,0.2474,0.44167,normalised
60.189021587371826,,,1.51921,1.2548,1,,,,,,,,,GP3,1.51921,1.2548,0.2474,0.44167,normalised
60.204731941223145,,,1.5201,1.2557,1,,,,,,,,,GP3,1.5201,1.2557,0.2474,0.44167,normalised
60.22203707695007,,,1.52101,1.25657,1,,,,,,,,,GP3,1.52101,1.25657,0.2474,0.44167,normalised
60.24076533317566,,,1.5204,1.25455,1,,,,,,,,,GP3,1.5204,1.25455,0.2474,0.44167,normalised
60.25362730026245,,,1.51966,1.25272,1,,,,,,,,,GP3,1.51966,1.25272,0.2474,0.44167,normalised
60.270851850509644,,,1.51889,1.25093,1,,,,,,,,,GP3,1.51889,1.25093,0.2474,0.44167,normalised
60.2885046005249,,,1.51886,1.25052,1,,,,,,,,,GP3,1.51886,1.25052,0.2474,0.44167,normalised
60.30325412750244,,,1.5182,1.24883,1,,,,,,,,,GP3,1.5182,1.24883,0.2474,0.44167,normalised
60.32009434700012,,,1.51757,1.24702,1,,,,,,,,,GP3,1.51757,1.24702,0.2474,0.44167,normalised
60.335509061813354,,,1.51796,1.24628,1,,,,,,,,,GP3,1.51796,1.24628,0.2474,0.44167,normalised
60.3529691696167,,,1.51846,1.24563,1,,,,,,,,,GP3,1.51846,1.24563,0.2474,0.44167,normalised
60.36838388442993,,,1.52875,1.22206,0,,,,,,,,,GP3,1.52875,1.22206,0.2474,0.44167,normalised
60.38383460044861,,,1.52296,1.21704,0,,,,,,,,,GP3,1.52296,1.21704,0.2474,0.44167,normalised
60.40036201477051,,,1.52102,1.21956,0,,,,,,,,,GP3,1.52102,1.21956,0.2474,0.44167,normalised
60.417314291000366,,,1.51986,1.22139,1,,,,,,,,,GP3,1.51986,1.22139,0.2474,0.44167,normalised
60.43310046195984,,,1.52159,1.23007,1,,,,,,,,,GP3,1.52159,1.23007,0.2474,0.44167,normalised
60.4480402469635,,,1.52251,1.23149,1,,,,,,,,,GP3,1.52251,1.23149,0.2474,0.44167,normalised
60.4658522605896,,,1.52391,1.23122,1,,,,,,,,,GP3,1.52391,1.23122,0.2474,0.44167,normalised
60.480610370635986,,,1.52428,1.22877,1,,,,,,,,,GP3,1.52428,1.22877,0.2474,0.44167,normalised
60.496713399887085,,,1.52362,1.22523,1,,,,,,,,,GP3,1.52362,1.22523,0.2474,0.44167,normalised
60.51255989074707,,,1.52288,1.22268,1,,,,,,,,,GP3,1.52288,1.22268,0.2474,0.44167,normalised
60.530362129211426,,,1.52514,1.22644,1,,,,,,,,,GP3,1.52514,1.22644,0.2474,0.44167,normalised
60.547109842300415,,,1.52619,1.2301,1,,,,,,,,,GP3,1.52619,1.2301,0.2474,0.44167,normalised
60.56322526931763,,,1.52669,1.23378,1,,,,,,,,,GP3,1.52669,1.23378,0.2474,0.44167,normalised
60.577396631240845,,,1.52535,1.23653,1,,,,,,,,,GP3,1.52535,1.23653,0.2474,0.44167,normalised
60.59521126747131,,,1.52424,1.23966,1,,,,,,,,,GP3,1.52424,1.23966,0.2474,0.44167,normalised
60.60913157463074,,,1.52321,1.24247,1,,,,,,,,,GP3,1.52321,1.24247,0.2474,0.44167,normalised
60.625718116760254,,,1.5228,1.24539,1,,,,,,,,,GP3,1.5228,1.24539,0.2474,0.44167,normalised
60.642980098724365,,,1.5217,1.24754,1,,,,,,,,,GP3,1.5217,1.24754,0.2474,0.44167,normalised
60.65940284729004,,,1.52073,1.24948,1,,,,,,,,,GP3,1.52073,1.24948,0.2474,0.44167,normalised
60.67619752883911,,,1.51995,1.2496,1,,,,,,,,,GP3,1.51995,1.2496,0.2474,0.44167,normalised
60.689855337142944,,,1.51789,1.25179,1,,,,,,,,,GP3,1.51789,1.25179,0.2474,0.44167,normalised
60.706368923187256,,,1.51055,1.27938,0,,,,,,,,,GP3,1.51055,1.27938,0.2474,0.44167,normalised
60.72300338745117,,,1.5042,1.31088,0,,,,,,,,,GP3,1.5042,1.31088,0.2474,0.44167,normalised
60.73865818977356,,,1.50243,1.32749,0,,,,,,,,,GP3,1.50243,1.32749,0.2474,0.44167,normalised
60.75543928146362,,,1.50174,1.33557,1,,,,,,,,,GP3,1.50174,1.33557,0.2474,0.44167,normalised
60.77019119262695,,,1.50225,1.33629,1,,,,,,,,,GP3,1.50225,1.33629,0.2474,0.44167,normalised
60.78783059120178,,,1.50432,1.32159,1,,,,,,,,,GP3,1.50432,1.32159,0.2474,0.44167,normalised
60.804211378097534,,,1.5059,1.31078,1,,,,,,,,,GP3,1.5059,1.31078,0.2474,0.44167,normalised
60.82001709938049,,,1.5042,1.29886,1,,,,,,,,,GP3,1.5042,1.29886,0.2474,0.44167,normalised
60.83693075180054,,,1.50523,1.29234,1,,,,,,,,,GP3,1.50523,1.29234,0.2474,0.44167,normalised
60.85240435600281,,,1.50558,1.28787,1,,,,,,,,,GP3,1.50558,1.28787,0.2474,0.44167,normalised
60.868067264556885,,,1.50365,1.28356,1,,,,,,,,,GP3,1.50365,1.28356,0.2474,0.44167,normalised
60.883955001831055,,,1.5021,1.28071,1,,,,,,,,,GP3,1.5021,1.28071,0.2474,0.44167,normalised
60.90236806869507,,,1.50073,1.27846,1,,,,,,,,,GP3,1.50073,1.27846,0.2474,0.44167,normalised
60.91715598106384,,,1.50137,1.27962,1,,,,,,,,,GP3,1.50137,1.27962,0.2474,0.44167,normalised
60.93294858932495,,,1.50138,1.27774,1,,,,,,,,,GP3,1.50138,1.27774,0.2474,0.44167,normalised
60.95014476776123,,,1.50154,1.2758,1,,,,,,,,,GP3,1.50154,1.2758,0.2474,0.44167,normalised
60.96730065345764,,,1.49445,1.25107,0,,,,,,,,,GP3,1.49445,1.25107,0.2474,0.44167,normalised
60.98107647895813,,,1.54034,1.30117,0,,,,,,,,,GP3,1.54034,1.30117,0.2474,0.44167,normalised
60.99894618988037,,,1.55525,1.31824,0,,,,,,,,,GP3,1.55525,1.31824,0.2474,0.44167,normalised
61.01505422592163,,,1.42923,1.23309,1,,,,,,,,,GP3,1.42923,1.23309,0.2474,0.44167,normalised
61.02964997291565,,,1.32075,1.159,0,,,,,,,,,GP3,1.32075,1.159,0.2474,0.44167,normalised
61.04632616043091,,,1.19093,1.05826,0,,,,,,,,,GP3,1.19093,1.05826,0.2474,0.44167,normalised
61.06385350227356,,,1.14818,1.03579,0,,,,,,,,,GP3,1.14818,1.03579,0.2474,0.44167,normalised
61.08064126968384,,,1.06034,0.9791,0,,,,,,,,,GP3,1.06034,0.9791,0.2474,0.44167,normalised
61.094200134277344,,,1.05866,0.98212,0,,,,,,,,,GP3,1.05866,0.98212,0.2474,0.44167,normalised
61.113425731658936,,,1.06401,0.99207,0,,,,,,,,,GP3,1.06401,0.99207,0.2474,0.44167,normalised
61.1281623840332,,,1.08432,1.03581,1,,,,,,,,,GP3,1.08432,1.03581,0.2474,0.44167,normalised
61.143089056015015,,,1.09635,1.06309,1,,,,,,,,,GP3,1.09635,1.06309,0.2474,0.44167,normalised
61.16087508201599,,,1.04103,1.00922,1,,,,,,,,,GP3,1.04103,1.00922,0.2474,0.44167,normalised
61.176135540008545,,,1.00384,0.97151,1,,,,,,,,,GP3,1.00384,0.97151,0.2474,0.44167,normalised
61.1932954788208,,,0.97588,0.94343,1,,,,,,,,,GP3,0.97588,0.94343,0.2474,0.44167,normalised
61.209431886672974,,,0.94151,0.91249,1,,,,,,,,,GP3,0.94151,0.91249,0.2474,0.44167,normalised
61.22418785095215,,,0.9154,0.88312,1,,,,,,,,,GP3,0.9154,0.88312,0.2474,0.44167,normalised
61.24101233482361,,,0.89402,0.85953,1,,,,,,,,,GP3,0.89402,0.85953,0.2474,0.44167,normalised
61.257652759552,,,0.87163,0.83582,1,,,,,,,,,GP3,0.87163,0.83582,0.2474,0.44167,normalised
61.274182081222534,,,0.85311,0.81439,1,,,,,,,,,GP3,0.85311,0.81439,0.2474,0.44167,normalised
61.291059255599976,,,0.80037,0.76578,0,,,,,,,,,GP3,0.80037,0.76578,0.2474,0.44167,normalised
61.30457663536072,,,0.70461,0.67276,0,,,,,,,,,GP3,0.70461,0.67276,0.2474,0.44167,normalised
61.32168626785278,,,0.67991,0.64564,0,,,,,,,,,GP3,0.67991,0.64564,0.2474,0.44167,normalised
61.33758807182312,,,0.62328,0.58752,0,,,,,,,,,GP3,0.62328,0.58752,0.2474,0.44167,normalised
61.3550980091095,,,0.61386,0.59295,0,,,,,,,,,GP3,0.61386,0.59295,0.2474,0.44167,normalised
61.37075924873352,,,0.69453,0.70066,0,,,,,,,,,GP3,0.69453,0.70066,0.2474,0.44167,normalised
61.3866446018219,,,0.77174,0.80886,0,,,,,,,,,GP3,0.77174,0.80886,0.2474,0.44167,normalised
61.404088497161865,,,0.81049,0.853,0,,,,,,,,,GP3,0.81049,0.853,0.2474,0.44167,normalised
61.4178671836853,,,0.8276,0.86424,0,,,,,,,,,GP3,0.8276,0.86424,0.2474,0.44167,normalised
61.43629765510559,,,0.85763,0.89018,0,,,,,,,,,GP3,0.85763,0.89018,0.2474,0.44167,normalised
61.45108675956726,,,0.85922,0.91048,0,,,,,,,,,GP3,0.85922,0.91048,0.2474,0.44167,normalised
61.466790199279785,,,0.86243,0.91842,0,,,,,,,,,GP3,0.86243,0.91842,0.2474,0.44167,normalised
61.482460737228394,,,0.864,0.92208,1,,,,,,,,,GP3,0.864,0.92208,0.2474,0.44167,normalised
61.49996590614319,,,0.85936,0.91135,1,,,,,,,,,GP3,0.85936,0.91135,0.2474,0.44167,normalised
61.51496505737305,,,0.85662,0.90845,1,,,,,,,,,GP3,0.85662,0.90845,0.2474,0.44167,normalised
61.531821966171265,,,0.85452,0.90582,1,,,,,,,,,GP3,0.85452,0.90582,0.2474,0.44167,normalised
61.54960751533508,,,0.85013,0.90443,1,,,,,,,,,GP3,0.85013,0.90443,0.2474,0.44167,normalised
61.56362533569336,,,0.84868,0.90333,1,,,,,,,,,GP3,0.84868,0.90333,0.2474,0.44167,normalised
61.58259129524231,,,0.84751,0.90246,1,,,,,,,,,GP3,0.84751,0.90246,0.2474,0.44167,normalised
61.59923005104065,,,0.84631,0.90141,1,,,,,,,,,GP3,0.84631,0.90141,0.2474,0.44167,normalised
61.61452078819275,,,0.84388,0.90147,1,,,,,,,,,GP3,0.84388,0.90147,0.2474,0.44167,normalised
61.628432512283325,,,0.84175,0.90123,1,,,,,,,,,GP3,0.84175,0.90123,0.2474,0.44167,normalised
61.64531445503235,,,0.84134,0.90008,1,,,,,,,,,GP3,0.84134,0.90008,0.2474,0.44167,normalised
61.660154581069946,,,0.84101,0.89936,1,,,,,,,,,GP3,0.84101,0.89936,0.2474,0.44167,normalised
61.67894387245178,,,0.84079,0.89897,1,,,,,,,,,GP3,0.84079,0.89897,0.2474,0.44167,normalised
61.693358182907104,,,0.83971,0.89862,1,,,,,,,,,GP3,0.83971,0.89862,0.2474,0.44167,normalised
61.71031737327576,,,0.83783,0.89774,1,,,,,,,,,GP3,0.83783,0.89774,0.2474,0.44167,normalised
61.726094007492065,,,0.83615,0.89695,1,,,,,,,,,GP3,0.83615,0.89695,0.2474,0.44167,normalised
61.74380326271057,,,0.83635,0.8971,1,,,,,,,,,GP3,0.83635,0.8971,0.2474,0.44167,normalised
61.75801944732666,,,0.8378,0.89973,1,,,,,,,,,GP3,0.8378,0.89973,0.2474,0.44167,normalised
61.77570152282715,,,0.83903,0.90172,1,,,,,,,,,GP3,0.83903,0.90172,0.2474,0.44167,normalised
61.789766788482666,,,0.83964,0.9024,1,,,,,,,,,GP3,0.83964,0.9024,0.2474,0.44167,normalised
61.806679487228394,,,0.84173,0.90327,1,,,,,,,,,GP3,0.84173,0.90327,0.2474,0.44167,normalised
61.82316017150879,,,0.84363,0.90397,1,,,,,,,,,GP3,0.84363,0.90397,0.2474,0.44167,normalised
61.83915948867798,,,0.8346,0.8914,1,,,,,,,,,GP3,0.8346,0.8914,0.2474,0.44167,normalised
61.8552827835083,,,0.80989,0.85425,0,,,,,,,,,GP3,0.80989,0.85425,0.2474,0.44167,normalised
61.8720862865448,,,0.72406,0.71547,0,,,,,,,,,GP3,0.72406,0.71547,0.2474,0.44167,normalised
61.88709783554077,,,0.70607,0.68778,0,,,,,,,,,GP3,0.70607,0.68778,0.2474,0.44167,normalised
61.90387439727783,,,0.7784,0.72238,0,,,,,,,,,GP3,0.7784,0.72238,0.2474,0.44167,normalised
61.91971397399902,,,0.90299,0.84297,0,,,,,,,,,GP3,0.90299,0.84297,0.2474,0.44167,normalised
61.935173988342285,,,0.74553,0.62344,0,,,,,,,,,GP3,0.74553,0.62344,0.2474,0.44167,normalised
61.95318603515625,,,0.61427,0.42806,0,,,,,,,,,GP3,0.61427,0.42806,0.2474,0.44167,normalised
61.97083520889282,,,0.50285,0.29117,0,,,,,,,,,GP3,0.50285,0.29117,0.2474,0.44167,normalised
61.986469984054565,,,0.47394,0.26745,0,,,,,,,,,GP3,0.47394,0.26745,0.2474,0.44167,normalised
62.00115919113159,,,0.40524,0.19303,0,,,,,,,,,GP3,0.40524,0.19303,0.2474,0.44167,normalised
62.01697826385498,,,0.40309,0.18953,0,,,,,,,,,GP3,0.40309,0.18953,0.2474,0.44167,normalised
62.03192472457886,,,0.35106,0.17826,0,,,,,,,,,GP3,0.35106,0.17826,0.2474,0.44167,normalised
62.05070471763611,,,0.29076,0.13254,0,,,,,,,,,GP3,0.29076,0.13254,0.2474,0.44167,normalised
62.06708788871765,,,0.25181,0.075,0,,,,,,,,,GP3,0.25181,0.075,0.2474,0.44167,normalised
62.08302569389343,,,0.22034,0.05373,0,,,,,,,,,GP3,0.22034,0.05373,0.2474,0.44167,normalised
62.09663248062134,,,0.17858,0.007,0,,,,,,,,,GP3,0.17858,0.007,0.2474,0.44167,normalised
62.114320516586304,,,0.17527,0.01073,0,,,,,,,,,GP3,0.17527,0.01073,0.2474,0.44167,normalised
62.131043672561646,,,0.17306,0.07357,0,,,,,,,,,GP3,0.17306,0.07357,0.2474,0.44167,normalised
62.14773464202881,,,0.16771,0.05574,1,,,,,,,,,GP3,0.16771,0.05574,0.2474,0.44167,normalised
62.16385197639465,,,0.16675,0.05489,1,,,,,,,,,GP3,0.16675,0.05489,0.2474,0.44167,normalised
62.17997145652771,,,0.15906,0.05478,1,,,,,,,,,GP3,0.15906,0.05478,0.2474,0.44167,normalised
62.19674730300903,,,0.15326,0.05403,1,,,,,,,,,GP3,0.15326,0.05403,0.2474,0.44167,normalised
62.2105507850647,,,0.14892,0.05346,1,,,,,,,,,GP3,0.14892,0.05346,0.2474,0.44167,normalised
62.2279839515686,,,0.14546,0.05278,1,,,,,,,,,GP3,0.14546,0.05278,0.2474,0.44167,normalised
62.242690086364746,,,0.14274,0.05225,1,,,,,,,,,GP3,0.14274,0.05225,0.2474,0.44167,normalised
62.2598237991333,,,0.14051,0.05182,1,,,,,,,,,GP3,0.14051,0.05182,0.2474,0.44167,normalised
62.27590298652649,,,0.13926,0.05131,1,,,,,,,,,GP3,0.13926,0.05131,0.2474,0.44167,normalised
62.292680740356445,,,0.13836,0.05136,1,,,,,,,,,GP3,0.13836,0.05136,0.2474,0.44167,normalised
62.30917549133301,,,0.13759,0.0514,1,,,,,,,,,GP3,0.13759,0.0514,0.2474,0.44167,normalised
62.323126792907715,,,0.13662,0.05155,1,,,,,,,,,GP3,0.13662,0.05155,0.2474,0.44167,normalised
62.34218382835388,,,0.13571,0.05183,1,,,,,,,,,GP3,0.13571,0.05183,0.2474,0.44167,normalised
62.35604500770569,,,0.13491,0.05207,1,,,,,,,,,GP3,0.13491,0.05207,0.2474,0.44167,normalised
62.37310767173767,,,0.13368,0.05185,1,,,,,,,,,GP3,0.13368,0.05185,0.2474,0.44167,normalised
62.38819742202759,,,0.13267,0.05114,1,,,,,,,,,GP3,0.13267,0.05114,0.2474,0.44167,normalised
62.406211137771606,,,0.13176,0.05051,1,,,,,,,,,GP3,0.13176,0.05051,0.2474,0.44167,normalised
62.42311406135559,,,0.15287,0.0762,1,,,,,,,,,GP3,0.15287,0.0762,0.2474,0.44167,normalised
62.438628911972046,,,0.19339,0.15906,0,,,,,,,,,GP3,0.19339,0.15906,0.2474,0.44167,normalised
62.45554733276367,,,0.36559,0.49506,0,,,,,,,,,GP3,0.36559,0.49506,0.2474,0.44167,normalised
62.46894550323486,,,0.36559,0.49506,0,,,,,,,,,GP3,0.36559,0.49506,0.2474,0.44167,normalised
62.487555503845215,,,0.53778,0.83106,0,,,,,,,,,GP3,0.53778,0.83106,0.2474,0.44167,normalised
62.50739789009094,,,0.53778,0.83106,0,,,,,,,,,GP3,0.53778,0.83106,0.2474,0.44167,normalised
62.52091097831726,,,0.53778,0.83106,0,,,,,,,,,GP3,0.53778,0.83106,0.2474,0.44167,normalised
62.53611660003662,,,0.0,0.0,0,,,,,,,,,GP3,0.0,0.0,0.2474,0.44167,normalised
62.55522584915161,,,0.0,0.0,0,,,,,,,,,GP3,0.0,0.0,0.2474,0.44167,normalised
62.57194137573242,,,0.0,0.0,0,,,,,,,,,GP3,0.0,0.0,0.2474,0.44167,normalised
62.58691477775574,,,0.0,0.0,0,,,,,,,,,GP3,0.0,0.0,0.2474,0.44167,normalised
62.60434937477112,,,0.0,0.0,0,,,,,,,,,GP3,0.0,0.0,0.2474,0.44167,normalised
62.618038177490234,,,0.0,0.0,0,,,,,,,,,GP3,0.0,0.0,0.2474,0.44167,normalised
62.6346116065979,,,0.0,0.0,0,,,,,,,,,GP3,0.0,0.0,0.2474,0.44167,normalised
62.65055871009827,,,0.0,0.0,0,,,,,,,,,GP3,0.0,0.0,0.2474,0.44167,normalised
62.66810750961304,,,0.0,0.0,0,,,,,,,,,GP3,0.0,0.0,0.2474,0.44167,normalised
62.68394088745117,,,0.0,0.0,0,,,,,,,,,GP3,0.0,0.0,0.2474,0.44167,normalised
62.69989538192749,,,0.0,0.0,0,,,,,,,,,GP3,0.0,0.0,0.2474,0.44167,normalised
62.716145515441895,,,0.04514,0.0268,0,,,,,,,,,GP3,0.04514,0.0268,0.2474,0.44167,normalised
62.72787618637085,,,0.09338,0.05326,0,,,,,,,,,GP3,0.09338,0.05326,0.2474,0.44167,normalised
62.747446060180664,,,0.08753,0.02861,0,,,,,,,,,GP3,0.08753,0.02861,0.2474,0.44167,normalised
62.760294914245605,,,0.07661,0.0043,0,,,,,,,,,GP3,0.07661,0.0043,0.2474,0.44167,normalised
62.77780556678772,,,0.06512,-0.04574,0,,,,,,,,,GP3,0.06512,-0.04574,0.2474,0.44167,normalised
62.792842626571655,,,0.05823,-0.10074,0,,,,,,,,,GP3,0.05823,-0.10074,0.2474,0.44167,normalised
62.808645725250244,,,0.05341,-0.13271,0,,,,,,,,,GP3,0.05341,-0.13271,0.2474,0.44167,normalised
62.82700824737549,,,0.36899,0.48757,0,,,,,,,,,GP3,0.36899,0.48757,0.2474,0.44167,normalised
62.84148573875427,,,0.36899,0.48757,0,,,,,,,,,GP3,0.36899,0.48757,0.2474,0.44167,normalised
62.86047863960266,,,0.36899,0.48757,0,,,,,,,,,GP3,0.36899,0.48757,0.2474,0.44167,normalised
62.87516498565674,,,0.0,0.0,0,,,,,,,,,GP3,0.0,0.0,0.2474,0.44167,normalised
62.89216589927673,,,0.0,0.0,0,,,,,,,,,GP3,0.0,0.0,0.2474,0.44167,normalised
62.90811610221863,,,0.0,0.0,0,,,,,,,,,GP3,0.0,0.0,0.2474,0.44167,normalised
62.92478632926941,,,0.0,0.0,0,,,,,,,,,GP3,0.0,0.0,0.2474,0.44167,normalised
62.93963813781738,,,0.0,0.0,0,,,,,,,,,GP3,0.0,0.0,0.2474,0.44167,normalised
62.956116676330566,,,0.0,0.0,0,,,,,,,,,GP3,0.0,0.0,0.2474,0.44167,normalised
62.9722101688385,,,0.0,0.0,0,,,,,,,,,GP3,0.0,0.0,0.2474,0.44167,normalised
62.98775815963745,,,0.0,0.0,0,,,,,,,,,GP3,0.0,0.0,0.2474,0.44167,normalised
63.005908727645874,,,0.0,0.0,0,,,,,,,,,GP3,0.0,0.0,0.2474,0.44167,normalised
63.020551919937134,,,0.0,0.0,0,,,,,,,,,GP3,0.0,0.0,0.2474,0.44167,normalised
63.03692650794983,,,0.0,0.0,0,,,,,,,,,GP3,0.0,0.0,0.2474,0.44167,normalised
63.05254793167114,,,0.0,0.0,0,,,,,,,,,GP3,0.0,0.0,0.2474,0.44167,normalised
63.069968461990356,,,0.0,0.0,0,,,,,,,,,GP3,0.0,0.0,0.2474,0.44167,normalised
63.08576416969299,,,0.0,0.0,0,,,,,,,,,GP3,0.0,0.0,0.2474,0.44167,normalised
63.10094714164734,,,0.0,0.0,0,,,,,,,,,GP3,0.0,0.0,0.2474,0.44167,normalised
63.119866132736206,,,0.0,0.0,0,,,,,,,,,GP3,0.0,0.0,0.2474,0.44167,normalised
63.13335108757019,,,0.0,0.0,0,,,,,,,,,GP3,0.0,0.0,0.2474,0.44167,normalised
63.15093660354614,,,0.0,0.0,0,,,,,,,,,GP3,0.0,0.0,0.2474,0.44167,normalised
63.166815996170044,,,0.0,0.0,0,,,,,,,,,GP3,0.0,0.0,0.2474,0.44167,normalised
63.182955265045166,,,0.0,0.0,0,,,,,,,,,GP3,0.0,0.0,0.2474,0.44167,normalised
63.198824405670166,,,0.0,0.0,0,,,,,,,,,GP3,0.0,0.0,0.2474,0.44167,normalised
63.21700716018677,,,0.0,0.0,0,,,,,,,,,GP3,0.0,0.0,0.2474,0.44167,normalised
63.233715772628784,,,0.0,0.0,0,,,,,,,,,GP3,0.0,0.0,0.2474,0.44167,normalised
63.25149965286255,,,0.0,0.0,0,,,,,,,,,GP3,0.0,0.0,0.2474,0.44167,normalised
63.26308846473694,,,0.0,0.0,0,,,,,,,,,GP3,0.0,0.0,0.2474,0.44167,normalised
63.283935546875,,,0.0,0.0,0,,,,,,,,,GP3,0.0,0.0,0.2474,0.44167,normalised
63.29783511161804,,,0.0,0.0,0,,,,,,,,,GP3,0.0,0.0,0.2474,0.44167,normalised
63.31227421760559,,,0.0,0.0,0,,,,,,,,,GP3,0.0,0.0,0.2474,0.44167,normalised
63.330116748809814,,,0.0,0.0,0,,,,,,,,,GP3,0.0,0.0,0.2474,0.44167,normalised
63.347065687179565,,,0.0,0.0,0,,,,,,,,,GP3,0.0,0.0,0.2474,0.44167,normalised
63.361936807632446,,,0.0,0.0,0,,,,,,,,,GP3,0.0,0.0,0.2474,0.44167,normalised
63.37701725959778,,,0.0,0.0,0,,,,,,,,,GP3,0.0,0.0,0.2474,0.44167,normalised
63.39368510246277,,,0.0,0.0,0,,,,,,,,,GP3,0.0,0.0,0.2474,0.44167,normalised
63.41337752342224,,,0.0,0.0,0,,,,,,,,,GP3,0.0,0.0,0.2474,0.44167,normalised
63.42726540565491,,,0.0,0.0,0,,,,,,,,,GP3,0.0,0.0,0.2474,0.44167,normalised
63.442999839782715,,,0.0,0.0,0,,,,,,,,,GP3,0.0,0.0,0.2474,0.44167,normalised
63.45946407318115,,,0.0,0.0,0,,,,,,,,,GP3,0.0,0.0,0.2474,0.44167,normalised
63.479361057281494,,,0.50549,0.90608,0,,,,,,,,,GP3,0.50549,0.90608,0.2474,0.44167,normalised
63.490052700042725,,,0.48359,0.67312,0,,,,,,,,,GP3,0.48359,0.67312,0.2474,0.44167,normalised
63.504146337509155,,,0.63733,0.75942,0,,,,,,,,,GP3,0.63733,0.75942,0.2474,0.44167,normalised
63.52308368682861,,,0.55861,0.53677,0,,,,,,,,,GP3,0.55861,0.53677,0.2474,0.44167,normalised
63.53765940666199,,,0.53592,0.47032,0,,,,,,,,,GP3,0.53592,0.47032,0.2474,0.44167,normalised
63.55554246902466,,,0.48856,0.33668,0,,,,,,,,,GP3,0.48856,0.33668,0.2474,0.44167,normalised
63.568631172180176,,,0.49278,0.3498,0,,,,,,,,,GP3,0.49278,0.3498,0.2474,0.44167,normalised
63.588139057159424,,,0.48858,0.3499,0,,,,,,,,,GP3,0.48858,0.3499,0.2474,0.44167,normalised
63.60421538352966,,,0.48892,0.35511,1,,,,,,,,,GP3,0.48892,0.35511,0.2474,0.44167,normalised
63.618622064590454,,,0.48868,0.35699,1,,,,,,,,,GP3,0.48868,0.35699,0.2474,0.44167,normalised
63.636425495147705,,,0.37413,0.53488,0,,,,,,,,,GP3,0.37413,0.53488,0.2474,0.44167,normalised
63.650190114974976,,,0.97682,1.54409,0,,,,,,,,,GP3,0.97682,1.54409,0.2474,0.44167,normalised
63.66831088066101,,,0.97682,1.54409,0,,,,,,,,,GP3,0.97682,1.54409,0.2474,0.44167,normalised
63.68448781967163,,,1.5795,2.5533,0,,,,,,,,,GP3,1.5795,2.5533,0.2474,0.44167,normalised
63.70206022262573,,,1.5795,2.5533,0,,,,,,,,,GP3,1.5795,2.5533,0.2474,0.44167,normalised
63.7179217338562,,,1.5795,2.5533,0,,,,,,,,,GP3,1.5795,2.5533,0.2474,0.44167,normalised
63.734172105789185,,,0.0,0.0,0,,,,,,,,,GP3,0.0,0.0,0.2474,0.44167,normalised
63.7508590221405,,,0.0,0.0,0,,,,,,,,,GP3,0.0,0.0,0.2474,0.44167,normalised
63.767826795578,,,0.0,0.0,0,,,,,,,,,GP3,0.0,0.0,0.2474,0.44167,normalised
63.78454113006592,,,0.0,0.0,0,,,,,,,,,GP3,0.0,0.0,0.2474,0.44167,normalised
63.80046033859253,,,0.0,0.0,0,,,,,,,,,GP3,0.0,0.0,0.2474,0.44167,normalised
63.81523108482361,,,0.0,0.0,0,,,,,,,,,GP3,0.0,0.0,0.2474,0.44167,normalised
63.83178400993347,,,0.0,0.0,0,,,,,,,,,GP3,0.0,0.0,0.2474,0.44167,normalised
63.84838795661926,,,0.0,0.0,0,,,,,,,,,GP3,0.0,0.0,0.2474,0.44167,normalised
63.86281394958496,,,0.0,0.0,0,,,,,,,,,GP3,0.0,0.0,0.2474,0.44167,normalised
63.880356311798096,,,0.0,0.0,0,,,,,,,,,GP3,0.0,0.0,0.2474,0.44167,normalised
63.89598798751831,,,0.0,0.0,0,,,,,,,,,GP3,0.0,0.0,0.2474,0.44167,normalised
63.91353726387024,,,0.63602,1.02823,0,,,,,,,,,GP3,0.63602,1.02823,0.2474,0.44167,normalised
63.92650079727173,,,0.89582,1.26108,0,,,,,,,,,GP3,0.89582,1.26108,0.2474,0.44167,normalised
63.94100618362427,,,0.70253,0.85979,0,,,,,,,,,GP3,0.70253,0.85979,0.2474,0.44167,normalised
63.95805048942566,,,0.63682,0.72271,0,,,,,,,,,GP3,0.63682,0.72271,0.2474,0.44167,normalised
63.97315073013306,,,0.50423,0.43664,0,,,,,,,,,GP3,0.50423,0.43664,0.2474,0.44167,normalised
63.990200996398926,,,0.50053,0.41167,0,,,,,,,,,GP3,0.50053,0.41167,0.2474,0.44167,normalised
64.00687050819397,,,0.49936,0.4035,0,,,,,,,,,GP3,0.49936,0.4035,0.2474,0.44167,normalised
64.02273488044739,,,0.50201,0.4125,1,,,,,,,,,GP3,0.50201,0.4125,0.2474,0.44167,normalised
64.0388069152832,,,0.50274,0.42172,1,,,,,,,,,GP3,0.50274,0.42172,0.2474,0.44167,normalised
64.05495119094849,,,0.50323,0.42786,1,,,,,,,,,GP3,0.50323,0.42786,0.2474,0.44167,normalised
64.07284259796143,,,0.50682,0.43547,1,,,,,,,,,GP3,0.50682,0.43547,0.2474,0.44167,normalised
64.0871479511261,,,0.50919,0.4405,1,,,,,,,,,GP3,0.50919,0.4405,0.2474,0.44167,normalised
64.10457301139832,,,0.51132,0.44526,1,,,,,,,,,GP3,0.51132,0.44526,0.2474,0.44167,normalised
64.12098360061646,,,0.51681,0.45454,1,,,,,,,,,GP3,0.51681,0.45454,0.2474,0.44167,normalised
64.13598990440369,,,0.52271,0.46063,1,,,,,,,,,GP3,0.52271,0.46063,0.2474,0.44167,normalised
64.1541543006897,,,0.52776,0.46601,1,,,,,,,,,GP3,0.52776,0.46601,0.2474,0.44167,normalised
64.17091226577759,,,0.52915,0.47001,1,,,,,,,,,GP3,0.52915,0.47001,0.2474,0.44167,normalised
64.18478727340698,,,0.53036,0.47386,1,,,,,,,,,GP3,0.53036,0.47386,0.2474,0.44167,normalised
64.2024245262146,,,0.5313,0.47696,1,,,,,,,,,GP3,0.5313,0.47696,0.2474,0.44167,normalised
64.21713972091675,,,0.52875,0.47527,1,,,,,,,,,GP3,0.52875,0.47527,0.2474,0.44167,normalised
64.23201489448547,,,0.52597,0.47201,1,,,,,,,,,GP3,0.52597,0.47201,0.2474,0.44167,normalised
64.24994802474976,,,0.5236,0.46935,1,,,,,,,,,GP3,0.5236,0.46935,0.2474,0.44167,normalised
64.2674171924591,,,0.52253,0.46696,1,,,,,,,,,GP3,0.52253,0.46696,0.2474,0.44167,normalised
64.2812557220459,,,0.52149,0.46468,1,,,,,,,,,GP3,0.52149,0.46468,0.2474,0.44167,normalised
64.29783630371094,,,0.52033,0.46205,1,,,,,,,,,GP3,0.52033,0.46205,0.2474,0.44167,normalised
64.31523704528809,,,0.52036,0.45916,1,,,,,,,,,GP3,0.52036,0.45916,0.2474,0.44167,normalised
64.33030104637146,,,0.52049,0.45648,1,,,,,,,,,GP3,0.52049,0.45648,0.2474,0.44167,normalised
64.3470184803009,,,0.52061,0.45403,1,,,,,,,,,GP3,0.52061,0.45403,0.2474,0.44167,normalised
64.36276364326477,,,0.52002,0.45264,1,,,,,,,,,GP3,0.52002,0.45264,0.2474,0.44167,normalised
64.37975406646729,,,0.50862,0.43098,0,,,,,,,,,GP3,0.50862,0.43098,0.2474,0.44167,normalised
64.39600658416748,,,0.51804,0.45938,0,,,,,,,,,GP3,0.51804,0.45938,0.2474,0.44167,normalised
64.41169548034668,,,0.50633,0.43651,0,,,,,,,,,GP3,0.50633,0.43651,0.2474,0.44167,normalised
64.42624235153198,,,0.49949,0.4245,1,,,,,,,,,GP3,0.49949,0.4245,0.2474,0.44167,normalised
64.44338369369507,,,0.49491,0.41599,1,,,,,,,,,GP3,0.49491,0.41599,0.2474,0.44167,normalised
64.45958232879639,,,0.494,0.41072,1,,,,,,,,,GP3,0.494,0.41072,0.2474,0.44167,normalised
64.4763822555542,,,0.49565,0.40649,1,,,,,,,,,GP3,0.49565,0.40649,0.2474,0.44167,normalised
64.49403190612793,,,0.49695,0.40357,1,,,,,,,,,GP3,0.49695,0.40357,0.2474,0.44167,normalised
64.50812315940857,,,0.49705,0.40239,1,,,,,,,,,GP3,0.49705,0.40239,0.2474,0.44167,normalised
64.524343252182,,,0.49785,0.4031,1,,,,,,,,,GP3,0.49785,0.4031,0.2474,0.44167,normalised
64.54026865959167,,,0.49872,0.40427,1,,,,,,,,,GP3,0.49872,0.40427,0.2474,0.44167,normalised
64.55598878860474,,,0.50027,0.40624,1,,,,,,,,,GP3,0.50027,0.40624,0.2474,0.44167,normalised
64.57179546356201,,,0.50354,0.40819,1,,,,,,,,,GP3,0.50354,0.40819,0.2474,0.44167,normalised
64.58855271339417,,,0.50649,0.4103,1,,,,,,,,,GP3,0.50649,0.4103,0.2474,0.44167,normalised
64.6053535938263,,,0.50734,0.41003,1,,,,,,,,,GP3,0.50734,0.41003,0.2474,0.44167,normalised
64.62094616889954,,,0.50879,0.41044,1,,,,,,,,,GP3,0.50879,0.41044,0.2474,0.44167,normalised
64.63900303840637,,,0.51007,0.4108,1,,,,,,,,,GP3,0.51007,0.4108,0.2474,0.44167,normalised
64.65378880500793,,,0.51185,0.4154,1,,,,,,,,,GP3,0.51185,0.4154,0.2474,0.44167,normalised
64.6702709197998,,,0.51078,0.41461,1,,,,,,,,,GP3,0.51078,0.41461,0.2474,0.44167,normalised
64.68801760673523,,,0.50982,0.41391,1,,,,,,,,,GP3,0.50982,0.41391,0.2474,0.44167,normalised
64.70159959793091,,,0.51133,0.4181,1,,,,,,,,,GP3,0.51133,0.4181,0.2474,0.44167,normalised
64.71809792518616,,,0.51257,0.42292,1,,,,,,,,,GP3,0.51257,0.42292,0.2474,0.44167,normalised
64.73547291755676,,,0.52762,0.4489,0,,,,,,,,,GP3,0.52762,0.4489,0.2474,0.44167,normalised
64.75201678276062,,,0.54158,0.49661,0,,,,,,,,,GP3,0.54158,0.49661,0.2474,0.44167,normalised
64.76589727401733,,,0.54581,0.51059,0,,,,,,,,,GP3,0.54581,0.51059,0.2474,0.44167,normalised
64.78491759300232,,,0.54754,0.51664,1,,,,,,,,,GP3,0.54754,0.51664,0.2474,0.44167,normalised
64.80058360099792,,,0.54374,0.49323,1,,,,,,,,,GP3,0.54374,0.49323,0.2474,0.44167,normalised
64.8161551952362,,,0.54067,0.46235,1,,,,,,,,,GP3,0.54067,0.46235,0.2474,0.44167,normalised
64.83248949050903,,,0.53879,0.44124,1,,,,,,,,,GP3,0.53879,0.44124,0.2474,0.44167,normalised
64.84955382347107,,,0.54424,0.49047,1,,,,,,,,,GP3,0.54424,0.49047,0.2474,0.44167,normalised
64.86542057991028,,,0.54773,0.52879,1,,,,,,,,,GP3,0.54773,0.52879,0.2474,0.44167,normalised
64.87985301017761,,,0.55051,0.55945,1,,,,,,,,,GP3,0.55051,0.55945,0.2474,0.44167,normalised
64.89734411239624,,,0.55417,0.58578,1,,,,,,,,,GP3,0.55417,0.58578,0.2474,0.44167,normalised
64.91323518753052,,,0.55576,0.60577,1,,,,,,,,,GP3,0.55576,0.60577,0.2474,0.44167,normalised
64.92985415458679,,,0.55711,0.62268,1,,,,,,,,,GP3,0.55711,0.62268,0.2474,0.44167,normalised
64.94644331932068,,,0.56076,0.63907,1,,,,,,,,,GP3,0.56076,0.63907,0.2474,0.44167,normalised
64.96126699447632,,,0.56872,0.69116,0,,,,,,,,,GP3,0.56872,0.69116,0.2474,0.44167,normalised
64.97788214683533,,,0.58986,0.7844,0,,,,,,,,,GP3,0.58986,0.7844,0.2474,0.44167,normalised
64.99291515350342,,,0.58606,0.80251,0,,,,,,,,,GP3,0.58606,0.80251,0.2474,0.44167,normalised
65.00962471961975,,,0.59063,0.84106,0,,,,,,,,,GP3,0.59063,0.84106,0.2474,0.44167,normalised
65.024254322052,,,0.58467,0.82001,0,,,,,,,,,GP3,0.58467,0.82001,0.2474,0.44167,normalised
65.0431456565857,,,0.54781,0.80636,0,,,,,,,,,GP3,0.54781,0.80636,0.2474,0.44167,normalised
65.05766725540161,,,0.53018,0.79719,1,,,,,,,,,GP3,0.53018,0.79719,0.2474,0.44167,normalised
65.07397532463074,,,0.51974,0.79192,1,,,,,,,,,GP3,0.51974,0.79192,0.2474,0.44167,normalised
65.09166955947876,,,0.51376,0.79381,1,,,,,,,,,GP3,0.51376,0.79381,0.2474,0.44167,normalised
65.1074161529541,,,0.50944,0.79413,1,,,,,,,,,GP3,0.50944,0.79413,0.2474,0.44167,normalised
65.1214804649353,,,0.50668,0.7952,1,,,,,,,,,GP3,0.50668,0.7952,0.2474,0.44167,normalised
65.13861918449402,,,0.50578,0.79427,1,,,,,,,,,GP3,0.50578,0.79427,0.2474,0.44167,normalised
65.15566420555115,,,0.50423,0.79175,1,,,,,,,,,GP3,0.50423,0.79175,0.2474,0.44167,normalised
65.1700210571289,,,0.50277,0.78933,1,,,,,,,,,GP3,0.50277,0.78933,0.2474,0.44167,normalised
65.18732404708862,,,0.49866,0.78167,1,,,,,,,,,GP3,0.49866,0.78167,0.2474,0.44167,normalised
65.20547699928284,,,0.49501,0.77435,1,,,,,,,,,GP3,0.49501,0.77435,0.2474,0.44167,normalised
65.21915912628174,,,0.49176,0.76786,1,,,,,,,,,GP3,0.49176,0.76786,0.2474,0.44167,normalised
65.23471117019653,,,0.48888,0.76482,1,,,,,,,,,GP3,0.48888,0.76482,0.2474,0.44167,normalised
65.25389170646667,,,0.48629,0.7612,1,,,,,,,,,GP3,0.48629,0.7612,0.2474,0.44167,normalised
65.26797866821289,,,0.48409,0.75818,1,,,,,,,,,GP3,0.48409,0.75818,0.2474,0.44167,normalised
65.28436851501465,,,0.48202,0.75621,1,,,,,,,,,GP3,0.48202,0.75621,0.2474,0.44167,normalised
65.30060648918152,,,0.46303,0.73006,0,,,,,,,,,GP3,0.46303,0.73006,0.2474,0.44167,normalised
65.31818342208862,,,0.45461,0.71902,0,,,,,,,,,GP3,0.45461,0.71902,0.2474,0.44167,normalised
65.33462834358215,,,0.45242,0.71619,0,,,,,,,,,GP3,0.45242,0.71619,0.2474,0.44167,normalised
65.34831500053406,,,0.44798,0.71161,1,,,,,,,,,GP3,0.44798,0.71161,0.2474,0.44167,normalised
65.36654233932495,,,0.44547,0.70911,1,,,,,,,,,GP3,0.44547,0.70911,0.2474,0.44167,normalised
65.38342452049255,,,0.44635,0.71166,1,,,,,,,,,GP3,0.44635,0.71166,0.2474,0.44167,normalised
65.39711666107178,,,0.44834,0.71227,1,,,,,,,,,GP3,0.44834,0.71227,0.2474,0.44167,normalised
65.41386938095093,,,0.44983,0.71273,1,,,,,,,,,GP3,0.44983,0.71273,0.2474,0.44167,normalised
65.42966389656067,,,0.45191,0.71396,1,,,,,,,,,GP3,0.45191,0.71396,0.2474,0.44167,normalised
65.44749164581299,,,0.45425,0.71445,1,,,,,,,,,GP3,0.45425,0.71445,0.2474,0.44167,normalised
65.4634096622467,,,0.45594,0.71443,1,,,,,,,,,GP3,0.45594,0.71443,0.2474,0.44167,normalised
65.47819113731384,,,0.45487,0.71273,1,,,,,,,,,GP3,0.45487,0.71273,0.2474,0.44167,normalised
65.49392104148865,,,0.45468,0.71041,1,,,,,,,,,GP3,0.45468,0.71041,0.2474,0.44167,normalised
65.50993633270264,,,0.45434,0.70807,1,,,,,,,,,GP3,0.45434,0.70807,0.2474,0.44167,normalised
65.52683186531067,,,0.45369,0.70753,1,,,,,,,,,GP3,0.45369,0.70753,0.2474,0.44167,normalised
65.54482746124268,,,0.45236,0.70704,1,,,,,,,,,GP3,0.45236,0.70704,0.2474,0.44167,normalised
65.55968737602234,,,0.45125,0.70672,1,,,,,,,,,GP3,0.45125,0.70672,0.2474,0.44167,normalised
65.57532572746277,,,0.45113,0.706,1,,,,,,,,,GP3,0.45113,0.706,0.2474,0.44167,normalised
65.59118366241455,,,0.45087,0.70462,1,,,,,,,,,GP3,0.45087,0.70462,0.2474,0.44167,normalised
65.60806274414062,,,0.4504,0.70293,1,,,,,,,,,GP3,0.4504,0.70293,0.2474,0.44167,normalised
65.62388467788696,,,0.44969,0.70256,1,,,,,,,,,GP3,0.44969,0.70256,0.2474,0.44167,normalised
65.64131784439087,,,0.44838,0.70168,1,,,,,,,,,GP3,0.44838,0.70168,0.2474,0.44167,normalised
65.65803098678589,,,0.44721,0.70094,1,,,,,,,,,GP3,0.44721,0.70094,0.2474,0.44167,normalised
65.67341089248657,,,0.44554,0.6996,1,,,,,,,,,GP3,0.44554,0.6996,0.2474,0.44167,normalised
65.68789720535278,,,0.44399,0.6984,1,,,,,,,,,GP3,0.44399,0.6984,0.2474,0.44167,normalised
65.70777106285095,,,0.44277,0.69764,1,,,,,,,,,GP3,0.44277,0.69764,0.2474,0.44167,normalised
65.72239542007446,,,0.4425,0.69825,1,,,,,,,,,GP3,0.4425,0.69825,0.2474,0.44167,normalised
65.73740601539612,,,0.44208,0.69874,1,,,,,,,,,GP3,0.44208,0.69874,0.2474,0.44167,normalised
65.75550079345703,,,0.44166,0.69914,1,,,,,,,,,GP3,0.44166,0.69914,0.2474,0.44167,normalised
65.76927852630615,,,0.44173,0.69934,1,,,,,,,,,GP3,0.44173,0.69934,0.2474,0.44167,normalised
65.78552603721619,,,0.44176,0.69971,1,,,,,,,,,GP3,0.44176,0.69971,0.2474,0.44167,normalised
65.8031919002533,,,0.44174,0.69995,1,,,,,,,,,GP3,0.44174,0.69995,0.2474,0.44167,normalised
65.81755661964417,,,0.44228,0.70009,1,,,,,,,,,GP3,0.44228,0.70009,0.2474,0.44167,normalised
65.83348393440247,,,0.44236,0.69988,1,,,,,,,,,GP3,0.44236,0.69988,0.2474,0.44167,normalised
65.84966707229614,,,0.44249,0.69978,1,,,,,,,,,GP3,0.44249,0.69978,0.2474,0.44167,normalised
65.86659002304077,,,0.44224,0.70004,1,,,,,,,,,GP3,0.44224,0.70004,0.2474,0.44167,normalised
65.88537907600403,,,0.44177,0.69987,1,,,,,,,,,GP3,0.44177,0.69987,0.2474,0.44167,normalised
65.8992874622345,,,0.44129,0.69963,1,,,,,,,,,GP3,0.44129,0.69963,0.2474,0.44167,normalised
65.91430497169495,,,0.44087,0.69924,1,,,,,,,,,GP3,0.44087,0.69924,0.2474,0.44167,normalised
65.93284463882446,,,0.44046,0.69881,1,,,,,,,,,GP3,0.44046,0.69881,0.2474,0.44167,normalised
65.94733953475952,,,0.44004,0.69837,1,,,,,,,,,GP3,0.44004,0.69837,0.2474,0.44167,normalised
65.96409940719604,,,0.4396,0.69799,1,,,,,,,,,GP3,0.4396,0.69799,0.2474,0.44167,normalised
65.98094177246094,,,0.43946,0.69727,1,,,,,,,,,GP3,0.43946,0.69727,0.2474,0.44167,normalised
65.9975438117981,,,0.43923,0.69641,1,,,,,,,,,GP3,0.43923,0.69641,0.2474,0.44167,normalised
66.01324343681335,,,0.43849,0.69538,1,,,,,,,,,GP3,0.43849,0.69538,0.2474,0.44167,normalised
66.03018832206726,,,0.43793,0.69457,1,,,,,,,,,GP3,0.43793,0.69457,0.2474,0.44167,normalised
66.04597926139832,,,0.43745,0.69389,1,,,,,,,,,GP3,0.43745,0.69389,0.2474,0.44167,normalised
66.06036400794983,,,0.41922,0.6708,0,,,,,,,,,GP3,0.41922,0.6708,0.2474,0.44167,normalised
66.07625889778137,,,0.40063,0.66418,0,,,,,,,,,GP3,0.40063,0.66418,0.2474,0.44167,normalised
66.09385347366333,,,0.39558,0.664,0,,,,,,,,,GP3,0.39558,0.664,0.2474,0.44167,normalised
66.10858273506165,,,0.40362,0.66946,1,,,,,,,,,GP3,0.40362,0.66946,0.2474,0.44167,normalised
66.12511324882507,,,0.2842,0.81052,0,,,,,,,,,GP3,0.2842,0.81052,0.2474,0.44167,normalised
66.14115166664124,,,0.12039,1.02599,0,,,,,,,,,GP3,0.12039,1.02599,0.2474,0.44167,normalised
66.15920639038086,,,0.57224,1.12401,0,,,,,,,,,GP3,0.57224,1.12401,0.2474,0.44167,normalised
66.17610216140747,,,1.07452,1.93979,0,,,,,,,,,GP3,1.07452,1.93979,0.2474,0.44167,normalised
66.1906623840332,,,1.07452,1.93979,0,,,,,,,,,GP3,1.07452,1.93979,0.2474,0.44167,normalised
66.20824599266052,,,1.07452,1.93979,0,,,,,,,,,GP3,1.07452,1.93979,0.2474,0.44167,normalised
66.22464871406555,,,0.0,0.0,0,,,,,,,,,GP3,0.0,0.0,0.2474,0.44167,normalised
66.24100852012634,,,0.0,0.0,0,,,,,,,,,GP3,0.0,0.0,0.2474,0.44167,normalised
66.25700378417969,,,0.0,0.0,0,,,,,,,,,GP3,0.0,0.0,0.2474,0.44167,normalised
66.27092480659485,,,0.0,0.0,0,,,,,,,,,GP3,0.0,0.0,0.2474,0.44167,normalised
66.28982973098755,,,0.0,0.0,0,,,,,,,,,GP3,0.0,0.0,0.2474,0.44167,normalised
66.30553698539734,,,0.0,0.0,0,,,,,,,,,GP3,0.0,0.0,0.2474,0.44167,normalised
66.3213369846344,,,0.0,0.0,0,,,,,,,,,GP3,0.0,0.0,0.2474,0.44167,normalised
66.33721566200256,,,0.0,0.0,0,,,,,,,,,GP3,0.0,0.0,0.2474,0.44167,normalised
66.35314893722534,,,0.0,0.0,0,,,,,,,,,GP3,0.0,0.0,0.2474,0.44167,normalised
66.36986470222473,,,0.0,0.0,0,,,,,,,,,GP3,0.0,0.0,0.2474,0.44167,normalised
66.38647818565369,,,0.0,0.0,0,,,,,,,,,GP3,0.0,0.0,0.2474,0.44167,normalised
66.4030556678772,,,0.0,0.0,0,,,,,,,,,GP3,0.0,0.0,0.2474,0.44167,normalised
66.41801500320435,,,0.0,0.0,0,,,,,,,,,GP3,0.0,0.0,0.2474,0.44167,normalised
66.43571877479553,,,0.7347,1.20698,0,,,,,,,,,GP3,0.7347,1.20698,0.2474,0.44167,normalised
66.45055437088013,,,0.62758,1.02616,0,,,,,,,,,GP3,0.62758,1.02616,0.2474,0.44167,normalised
66.46428847312927,,,0.7655,1.2475,0,,,,,,,,,GP3,0.7655,1.2475,0.2474,0.44167,normalised
66.48255062103271,,,0.5909,0.9581,0,,,,,,,,,GP3,0.5909,0.9581,0.2474,0.44167,normalised
66.49757766723633,,,0.54138,0.86436,0,,,,,,,,,GP3,0.54138,0.86436,0.2474,0.44167,normalised
66.5133683681488,,,0.42924,0.67323,0,,,,,,,,,GP3,0.42924,0.67323,0.2474,0.44167,normalised
66.53168869018555,,,0.42789,0.67126,0,,,,,,,,,GP3,0.42789,0.67126,0.2474,0.44167,normalised
66.5463616847992,,,0.43139,0.67397,0,,,,,,,,,GP3,0.43139,0.67397,0.2474,0.44167,normalised
66.56290221214294,,,0.42833,0.67216,1,,,,,,,,,GP3,0.42833,0.67216,0.2474,0.44167,normalised
66.5782539844513,,,0.4265,0.67108,1,,,,,,,,,GP3,0.4265,0.67108,0.2474,0.44167,normalised
66.59598016738892,,,0.42681,0.67199,1,,,,,,,,,GP3,0.42681,0.67199,0.2474,0.44167,normalised
66.61058115959167,,,0.42823,0.67262,1,,,,,,,,,GP3,0.42823,0.67262,0.2474,0.44167,normalised
66.62613821029663,,,0.4296,0.67368,1,,,,,,,,,GP3,0.4296,0.67368,0.2474,0.44167,normalised
66.6431839466095,,,0.4313,0.67499,1,,,,,,,,,GP3,0.4313,0.67499,0.2474,0.44167,normalised
66.65892004966736,,,0.43274,0.67719,1,,,,,,,,,GP3,0.43274,0.67719,0.2474,0.44167,normalised
66.67595863342285,,,0.43384,0.67885,1,,,,,,,,,GP3,0.43384,0.67885,0.2474,0.44167,normalised
66.69125556945801,,,0.43391,0.67894,1,,,,,,,,,GP3,0.43391,0.67894,0.2474,0.44167,normalised
66.70813012123108,,,0.43369,0.68017,1,,,,,,,,,GP3,0.43369,0.68017,0.2474,0.44167,normalised
66.72300267219543,,,0.43343,0.68107,1,,,,,,,,,GP3,0.43343,0.68107,0.2474,0.44167,normalised
66.73980760574341,,,0.43367,0.68193,1,,,,,,,,,GP3,0.43367,0.68193,0.2474,0.44167,normalised
66.75653314590454,,,0.4348,0.68302,1,,,,,,,,,GP3,0.4348,0.68302,0.2474,0.44167,normalised
66.77166938781738,,,0.43588,0.68415,1,,,,,,,,,GP3,0.43588,0.68415,0.2474,0.44167,normalised
66.79030251502991,,,0.4368,0.68506,1,,,,,,,,,GP3,0.4368,0.68506,0.2474,0.44167,normalised
66.80511617660522,,,0.43668,0.68562,1,,,,,,,,,GP3,0.43668,0.68562,0.2474,0.44167,normalised
66.82241988182068,,,0.43653,0.68607,1,,,,,,,,,GP3,0.43653,0.68607,0.2474,0.44167,normalised
66.83721280097961,,,0.43558,0.68576,1,,,,,,,,,GP3,0.43558,0.68576,0.2474,0.44167,normalised
66.8523759841919,,,0.43542,0.68571,1,,,,,,,,,GP3,0.43542,0.68571,0.2474,0.44167,normalised
66.86976861953735,,,0.43541,0.68592,1,,,,,,,,,GP3,0.43541,0.68592,0.2474,0.44167,normalised
66.88746809959412,,,0.43486,0.6858,1,,,,,,,,,GP3,0.43486,0.6858,0.2474,0.44167,normalised
66.90099310874939,,,0.43456,0.68582,1,,,,,,,,,GP3,0.43456,0.68582,0.2474,0.44167,normalised
66.91868329048157,,,0.43442,0.68608,1,,,,,,,,,GP3,0.43442,0.68608,0.2474,0.44167,normalised
66.93331980705261,,,0.43492,0.68656,1,,,,,,,,,GP3,0.43492,0.68656,0.2474,0.44167,normalised
66.95018792152405,,,0.43474,0.68702,1,,,,,,,,,GP3,0.43474,0.68702,0.2474,0.44167,normalised
66.96666884422302,,,0.43455,0.6874,1,,,,,,,,,GP3,0.43455,0.6874,0.2474,0.44167,normalised
66.9845016002655,,,0.43457,0.68841,1,,,,,,,,,GP3,0.43457,0.68841,0.2474,0.44167,normalised
66.9978199005127,,,0.43478,0.68955,1,,,,,,,,,GP3,0.43478,0.68955,0.2474,0.44167,normalised
67.01495218276978,,,0.43477,0.69024,1,,,,,,,,,GP3,0.43477,0.69024,0.2474,0.44167,normalised
67.03314399719238,,,0.43478,0.69086,1,,,,,,,,,GP3,0.43478,0.69086,0.2474,0.44167,normalised
67.04680585861206,,,0.4343,0.6912,1,,,,,,,,,GP3,0.4343,0.6912,0.2474,0.44167,normalised
67.06455516815186,,,0.43389,0.6916,1,,,,,,,,,GP3,0.43389,0.6916,0.2474,0.44167,normalised
67.08205676078796,,,0.43405,0.69314,1,,,,,,,,,GP3,0.43405,0.69314,0.2474,0.44167,normalised
67.09721398353577,,,0.43437,0.69364,1,,,,,,,,,GP3,0.43437,0.69364,0.2474,0.44167,normalised
67.1131157875061,,,0.43468,0.69413,1,,,,,,,,,GP3,0.43468,0.69413,0.2474,0.44167,normalised
67.13099718093872,,,0.435,0.69413,1,,,,,,,,,GP3,0.435,0.69413,0.2474,0.44167,normalised
67.14432287216187,,,0.43552,0.69437,1,,,,,,,,,GP3,0.43552,0.69437,0.2474,0.44167,normalised
67.16236877441406,,,0.43599,0.69456,1,,,,,,,,,GP3,0.43599,0.69456,0.2474,0.44167,normalised
67.17817378044128,,,0.43619,0.69446,1,,,,,,,,,GP3,0.43619,0.69446,0.2474,0.44167,normalised
67.19200015068054,,,0.43643,0.69388,1,,,,,,,,,GP3,0.43643,0.69388,0.2474,0.44167,normalised
67.20860457420349,,,0.43663,0.69326,1,,,,,,,,,GP3,0.43663,0.69326,0.2474,0.44167,normalised
67.22612619400024,,,0.43642,0.69247,1,,,,,,,,,GP3,0.43642,0.69247,0.2474,0.44167,normalised
67.24063611030579,,,0.43665,0.69221,1,,,,,,,,,GP3,0.43665,0.69221,0.2474,0.44167,normalised
67.25700330734253,,,0.43698,0.69218,1,,,,,,,,,GP3,0.43698,0.69218,0.2474,0.44167,normalised
67.2726457118988,,,0.43705,0.69228,1,,,,,,,,,GP3,0.43705,0.69228,0.2474,0.44167,normalised
67.29154348373413,,,0.43729,0.69278,1,,,,,,,,,GP3,0.43729,0.69278,0.2474,0.44167,normalised
67.30559158325195,,,0.43769,0.69355,1,,,,,,,,,GP3,0.43769,0.69355,0.2474,0.44167,normalised
67.32222938537598,,,0.43771,0.69397,1,,,,,,,,,GP3,0.43771,0.69397,0.2474,0.44167,normalised
67.33840560913086,,,0.43815,0.69459,1,,,,,,,,,GP3,0.43815,0.69459,0.2474,0.44167,normalised
67.35480046272278,,,0.43853,0.69513,1,,,,,,,,,GP3,0.43853,0.69513,0.2474,0.44167,normalised
67.37043118476868,,,0.4387,0.69546,1,,,,,,,,,GP3,0.4387,0.69546,0.2474,0.44167,normalised
67.38672733306885,,,0.4388,0.69535,1,,,,,,,,,GP3,0.4388,0.69535,0.2474,0.44167,normalised
67.40536403656006,,,0.43872,0.69493,1,,,,,,,,,GP3,0.43872,0.69493,0.2474,0.44167,normalised
67.41923451423645,,,0.43759,0.69427,1,,,,,,,,,GP3,0.43759,0.69427,0.2474,0.44167,normalised
67.43610453605652,,,0.43639,0.69335,1,,,,,,,,,GP3,0.43639,0.69335,0.2474,0.44167,normalised
67.45368099212646,,,0.43519,0.69241,1,,,,,,,,,GP3,0.43519,0.69241,0.2474,0.44167,normalised
67.46763253211975,,,0.41279,0.66346,0,,,,,,,,,GP3,0.41279,0.66346,0.2474,0.44167,normalised
67.48574566841125,,,0.34696,0.57435,0,,,,,,,,,GP3,0.34696,0.57435,0.2474,0.44167,normalised
67.50227546691895,,,0.32827,0.55091,0,,,,,,,,,GP3,0.32827,0.55091,0.2474,0.44167,normalised
67.51795268058777,,,0.28886,0.50765,0,,,,,,,,,GP3,0.28886,0.50765,0.2474,0.44167,normalised
67.53260397911072,,,0.29789,0.52394,0,,,,,,,,,GP3,0.29789,0.52394,0.2474,0.44167,normalised
67.54938960075378,,,0.30009,0.52787,0,,,,,,,,,GP3,0.30009,0.52787,0.2474,0.44167,normalised
67.56543159484863,,,0.29944,0.51875,1,,,,,,,,,GP3,0.29944,0.51875,0.2474,0.44167,normalised
67.58205580711365,,,0.29827,0.50759,1,,,,,,,,,GP3,0.29827,0.50759,0.2474,0.44167,normalised
67.59756517410278,,,0.29718,0.49954,1,,,,,,,,,GP3,0.29718,0.49954,0.2474,0.44167,normalised
67.61236381530762,,,0.29673,0.50691,1,,,,,,,,,GP3,0.29673,0.50691,0.2474,0.44167,normalised
67.62887930870056,,,0.29175,0.50557,1,,,,,,,,,GP3,0.29175,0.50557,0.2474,0.44167,normalised
67.64541912078857,,,0.28806,0.50487,1,,,,,,,,,GP3,0.28806,0.50487,0.2474,0.44167,normalised
67.66330742835999,,,0.30711,0.51456,1,,,,,,,,,GP3,0.30711,0.51456,0.2474,0.44167,normalised
67.6790542602539,,,0.31908,0.51533,1,,,,,,,,,GP3,0.31908,0.51533,0.2474,0.44167,normalised
67.69485330581665,,,0.32888,0.51557,1,,,,,,,,,GP3,0.32888,0.51557,0.2474,0.44167,normalised
67.70962381362915,,,0.34776,0.51304,1,,,,,,,,,GP3,0.34776,0.51304,0.2474,0.44167,normalised
67.72905850410461,,,0.36409,0.50861,1,,,,,,,,,GP3,0.36409,0.50861,0.2474,0.44167,normalised
67.7422878742218,,,0.37835,0.50504,1,,,,,,,,,GP3,0.37835,0.50504,0.2474,0.44167,normalised
67.75932765007019,,,0.42196,0.49911,0,,,,,,,,,GP3,0.42196,0.49911,0.2474,0.44167,normalised
67.7760796546936,,,0.51411,0.51893,0,,,,,,,,,GP3,0.51411,0.51893,0.2474,0.44167,normalised
67.79296112060547,,,0.54497,0.5262,0,,,,,,,,,GP3,0.54497,0.5262,0.2474,0.44167,normalised
67.80716180801392,,,0.59577,0.51428,0,,,,,,,,,GP3,0.59577,0.51428,0.2474,0.44167,normalised
67.82508897781372,,,0.46297,0.56697,0,,,,,,,,,GP3,0.46297,0.56697,0.2474,0.44167,normalised
67.83892798423767,,,0.41765,0.5851,0,,,,,,,,,GP3,0.41765,0.5851,0.2474,0.44167,normalised
67.85807704925537,,,0.46396,0.44983,0,,,,,,,,,GP3,0.46396,0.44983,0.2474,0.44167,normalised
67.87475371360779,,,0.59524,0.24233,0,,,,,,,,,GP3,0.59524,0.24233,0.2474,0.44167,normalised
67.88755488395691,,,0.63502,0.16353,0,,,,,,,,,GP3,0.63502,0.16353,0.2474,0.44167,normalised
67.90460705757141,,,0.73393,0.00365,0,,,,,,,,,GP3,0.73393,0.00365,0.2474,0.44167,normalised
67.92109680175781,,,0.76909,0.04139,0,,,,,,,,,GP3,0.76909,0.04139,0.2474,0.44167,normalised
67.93710541725159,,,0.78778,0.07642,0,,,,,,,,,GP3,0.78778,0.07642,0.2474,0.44167,normalised
67.95194220542908,,,0.82394,0.13811,0,,,,,,,,,GP3,0.82394,0.13811,0.2474,0.44167,normalised
67.96951818466187,,,0.83945,0.18649,0,,,,,,,,,GP3,0.83945,0.18649,0.2474,0.44167,normalised
67.98512983322144,,,0.84723,0.21053,0,,,,,,,,,GP3,0.84723,0.21053,0.2474,0.44167,normalised
68.00282955169678,,,0.86513,0.22991,0,,,,,,,,,GP3,0.86513,0.22991,0.2474,0.44167,normalised
68.01838946342468,,,0.89954,0.28573,0,,,,,,,,,GP3,0.89954,0.28573,0.2474,0.44167,normalised
68.03297305107117,,,0.90626,0.2925,0,,,,,,,,,GP3,0.90626,0.2925,0.2474,0.44167,normalised
68.04975128173828,,,0.91516,0.26053,1,,,,,,,,,GP3,0.91516,0.26053,0.2474,0.44167,normalised
68.06630873680115,,,0.92024,0.23816,1,,,,,,,,,GP3,0.92024,0.23816,0.2474,0.44167,normalised
68.08113527297974,,,0.92155,0.21844,1,,,,,,,,,GP3,0.92155,0.21844,0.2474,0.44167,normalised
68.09819173812866,,,0.92518,0.20295,1,,,,,,,,,GP3,0.92518,0.20295,0.2474,0.44167,normalised
68.11481952667236,,,0.93059,0.196,1,,,,,,,,,GP3,0.93059,0.196,0.2474,0.44167,normalised
68.13179087638855,,,0.9348,0.19059,1,,,,,,,,,GP3,0.9348,0.19059,0.2474,0.44167,normalised
68.14691424369812,,,0.935,0.17858,1,,,,,,,,,GP3,0.935,0.17858,0.2474,0.44167,normalised
68.16332530975342,,,0.93507,0.16922,1,,,,,,,,,GP3,0.93507,0.16922,0.2474,0.44167,normalised
68.1802396774292,,,0.93512,0.16142,1,,,,,,,,,GP3,0.93512,0.16142,0.2474,0.44167,normalised
68.19702577590942,,,0.93553,0.15759,1,,,,,,,,,GP3,0.93553,0.15759,0.2474,0.44167,normalised
68.21157836914062,,,0.93485,0.1538,1,,,,,,,,,GP3,0.93485,0.1538,0.2474,0.44167,normalised
68.2276725769043,,,0.94127,0.11503,0,,,,,,,,,GP3,0.94127,0.11503,0.2474,0.44167,normalised
68.24525451660156,,,0.92615,0.09618,0,,,,,,,,,GP3,0.92615,0.09618,0.2474,0.44167,normalised
68.25975680351257,,,0.91595,0.0914,0,,,,,,,,,GP3,0.91595,0.0914,0.2474,0.44167,normalised
68.27635645866394,,,0.91086,0.08901,1,,,,,,,,,GP3,0.91086,0.08901,0.2474,0.44167,normalised
68.29134559631348,,,0.90566,0.07809,1,,,,,,,,,GP3,0.90566,0.07809,0.2474,0.44167,normalised
68.31001687049866,,,0.90866,0.07853,1,,,,,,,,,GP3,0.90866,0.07853,0.2474,0.44167,normalised
68.32694578170776,,,0.9108,0.07883,1,,,,,,,,,GP3,0.9108,0.07883,0.2474,0.44167,normalised
68.34064626693726,,,0.90543,0.07059,1,,,,,,,,,GP3,0.90543,0.07059,0.2474,0.44167,normalised
68.35625767707825,,,0.90295,0.06876,1,,,,,,,,,GP3,0.90295,0.06876,0.2474,0.44167,normalised
68.37314057350159,,,0.90096,0.06731,1,,,,,,,,,GP3,0.90096,0.06731,0.2474,0.44167,normalised
68.39004564285278,,,0.90312,0.07308,1,,,,,,,,,GP3,0.90312,0.07308,0.2474,0.44167,normalised
68.40588116645813,,,0.90689,0.08025,1,,,,,,,,,GP3,0.90689,0.08025,0.2474,0.44167,normalised
68.42199182510376,,,0.91009,0.08631,1,,,,,,,,,GP3,0.91009,0.08631,0.2474,0.44167,normalised
68.43841075897217,,,0.91044,0.08724,1,,,,,,,,,GP3,0.91044,0.08724,0.2474,0.44167,normalised
68.45446991920471,,,0.90919,0.08716,1,,,,,,,,,GP3,0.90919,0.08716,0.2474,0.44167,normalised
68.47133326530457,,,0.9081,0.08709,1,,,,,,,,,GP3,0.9081,0.08709,0.2474,0.44167,normalised
68.4859414100647,,,0.90828,0.0875,1,,,,,,,,,GP3,0.90828,0.0875,0.2474,0.44167,normalised
68.50209140777588,,,0.905,0.08054,1,,,,,,,,,GP3,0.905,0.08054,0.2474,0.44167,normalised
68.52059817314148,,,0.90205,0.07431,1,,,,,,,,,GP3,0.90205,0.07431,0.2474,0.44167,normalised
68.53528928756714,,,0.90126,0.07364,1,,,,,,,,,GP3,0.90126,0.07364,0.2474,0.44167,normalised
68.55323719978333,,,0.89865,0.06848,1,,,,,,,,,GP3,0.89865,0.06848,0.2474,0.44167,normalised
68.5679235458374,,,0.89659,0.06449,1,,,,,,,,,GP3,0.89659,0.06449,0.2474,0.44167,normalised
68.5831995010376,,,0.89755,0.0683,1,,,,,,,,,GP3,0.89755,0.0683,0.2474,0.44167,normalised
68.60000538825989,,,0.89913,0.0715,1,,,,,,,,,GP3,0.89913,0.0715,0.2474,0.44167,normalised
68.61615037918091,,,0.90109,0.0756,1,,,,,,,,,GP3,0.90109,0.0756,0.2474,0.44167,normalised
68.63373064994812,,,0.90396,0.08292,1,,,,,,,,,GP3,0.90396,0.08292,0.2474,0.44167,normalised
68.64869403839111,,,0.90277,0.08449,1,,,,,,,,,GP3,0.90277,0.08449,0.2474,0.44167,normalised
68.66460227966309,,,0.90167,0.08596,1,,,,,,,,,GP3,0.90167,0.08596,0.2474,0.44167,normalised
68.67989778518677,,,0.90033,0.08676,1,,,,,,,,,GP3,0.90033,0.08676,0.2474,0.44167,normalised
68.69743132591248,,,0.90054,0.08904,1,,,,,,,,,GP3,0.90054,0.08904,0.2474,0.44167,normalised
68.71514391899109,,,0.89864,0.11789,0,,,,,,,,,GP3,0.89864,0.11789,0.2474,0.44167,normalised
68.72898077964783,,,0.88246,0.12183,0,,,,,,,,,GP3,0.88246,0.12183,0.2474,0.44167,normalised
68.74621987342834,,,0.88708,0.12423,0,,,,,,,,,GP3,0.88708,0.12423,0.2474,0.44167,normalised
68.76074194908142,,,0.88939,0.12543,1,,,,,,,,,GP3,0.88939,0.12543,0.2474,0.44167,normalised
68.7768063545227,,,0.88453,0.12517,1,,,,,,,,,GP3,0.88453,0.12517,0.2474,0.44167,normalised
68.79463386535645,,,0.88229,0.12741,1,,,,,,,,,GP3,0.88229,0.12741,0.2474,0.44167,normalised
68.8114755153656,,,0.88069,0.12901,1,,,,,,,,,GP3,0.88069,0.12901,0.2474,0.44167,normalised
68.82644820213318,,,0.87745,0.12435,1,,,,,,,,,GP3,0.87745,0.12435,0.2474,0.44167,normalised
68.84344816207886,,,0.87559,0.12032,1,,,,,,,,,GP3,0.87559,0.12032,0.2474,0.44167,normalised
68.85901665687561,,,0.8741,0.11709,1,,,,,,,,,GP3,0.8741,0.11709,0.2474,0.44167,normalised
68.87522912025452,,,0.87894,0.1228,1,,,,,,,,,GP3,0.87894,0.1228,0.2474,0.44167,normalised
68.89209318161011,,,0.88374,0.12368,1,,,,,,,,,GP3,0.88374,0.12368,0.2474,0.44167,normalised
68.90725016593933,,,0.88729,0.12325,1,,,,,,,,,GP3,0.88729,0.12325,0.2474,0.44167,normalised
68.92299675941467,,,0.89051,0.12867,1,,,,,,,,,GP3,0.89051,0.12867,0.2474,0.44167,normalised
68.9402163028717,,,0.89343,0.13128,1,,,,,,,,,GP3,0.89343,0.13128,0.2474,0.44167,normalised
68.95508551597595,,,0.89524,0.13179,1,,,,,,,,,GP3,0.89524,0.13179,0.2474,0.44167,normalised
68.97196698188782,,,0.89744,0.13334,1,,,,,,,,,GP3,0.89744,0.13334,0.2474,0.44167,normalised
68.987149477005,,,0.89879,0.13317,1,,,,,,,,,GP3,0.89879,0.13317,0.2474,0.44167,normalised
69.00394868850708,,,0.90032,0.13377,1,,,,,,,,,GP3,0.90032,0.13377,0.2474,0.44167,normalised
69.02087473869324,,,0.90198,0.13558,1,,,,,,,,,GP3,0.90198,0.13558,0.2474,0.44167,normalised
69.03577160835266,,,0.92631,0.15195,0,,,,,,,,,GP3,0.92631,0.15195,0.2474,0.44167,normalised
69.05356025695801,,,0.94727,0.18737,0,,,,,,,,,GP3,0.94727,0.18737,0.2474,0.44167,normalised
69.06911277770996,,,0.9573,0.21624,0,,,,,,,,,GP3,0.9573,0.21624,0.2474,0.44167,normalised
69.08513927459717,,,0.94155,0.20561,1,,,,,,,,,GP3,0.94155,0.20561,0.2474,0.44167,normalised
69.10123991966248,,,0.93209,0.19924,1,,,,,,,,,GP3,0.93209,0.19924,0.2474,0.44167,normalised
69.11894631385803,,,0.93844,0.20898,1,,,,,,,,,GP3,0.93844,0.20898,0.2474,0.44167,normalised
69.13525080680847,,,0.93524,0.20496,1,,,,,,,,,GP3,0.93524,0.20496,0.2474,0.44167,normalised
69.14872694015503,,,0.93283,0.20194,1,,,,,,,,,GP3,0.93283,0.20194,0.2474,0.44167,normalised
69.16588711738586,,,0.93037,0.19963,1,,,,,,,,,GP3,0.93037,0.19963,0.2474,0.44167,normalised
69.18303799629211,,,0.92627,0.19545,1,,,,,,,,,GP3,0.92627,0.19545,0.2474,0.44167,normalised
69.19748091697693,,,0.92292,0.19203,1,,,,,,,,,GP3,0.92292,0.19203,0.2474,0.44167,normalised
69.21369671821594,,,0.92008,0.18894,1,,,,,,,,,GP3,0.92008,0.18894,0.2474,0.44167,normalised
69.2307288646698,,,0.91659,0.1847,1,,,,,,,,,GP3,0.91659,0.1847,0.2474,0.44167,normalised
69.24667477607727,,,0.91359,0.18106,1,,,,,,,,,GP3,0.91359,0.18106,0.2474,0.44167,normalised
69.26526379585266,,,0.91151,0.17923,1,,,,,,,,,GP3,0.91151,0.17923,0.2474,0.44167,normalised
69.28178453445435,,,0.91193,0.17905,1,,,,,,,,,GP3,0.91193,0.17905,0.2474,0.44167,normalised
69.29680013656616,,,0.9123,0.17889,1,,,,,,,,,GP3,0.9123,0.17889,0.2474,0.44167,normalised
69.31143689155579,,,0.91258,0.17866,1,,,,,,,,,GP3,0.91258,0.17866,0.2474,0.44167,normalised
69.32917380332947,,,0.91281,0.17834,1,,,,,,,,,GP3,0.91281,0.17834,0.2474,0.44167,normalised
69.34398245811462,,,0.91302,0.17805,1,,,,,,,,,GP3,0.91302,0.17805,0.2474,0.44167,normalised
69.36180353164673,,,0.91549,0.18156,1,,,,,,,,,GP3,0.91549,0.18156,0.2474,0.44167,normalised
69.37533569335938,,,0.91544,0.18095,1,,,,,,,,,GP3,0.91544,0.18095,0.2474,0.44167,normalised
69.39217257499695,,,0.91538,0.18039,1,,,,,,,,,GP3,0.91538,0.18039,0.2474,0.44167,normalised
69.41008257865906,,,0.91363,0.17902,1,,,,,,,,,GP3,0.91363,0.17902,0.2474,0.44167,normalised
69.42679810523987,,,0.91231,0.17785,1,,,,,,,,,GP3,0.91231,0.17785,0.2474,0.44167,normalised
69.4443678855896,,,0.91109,0.17677,1,,,,,,,,,GP3,0.91109,0.17677,0.2474,0.44167,normalised
69.45689940452576,,,0.91328,0.17882,1,,,,,,,,,GP3,0.91328,0.17882,0.2474,0.44167,normalised
69.47359013557434,,,0.91175,0.1775,1,,,,,,,,,GP3,0.91175,0.1775,0.2474,0.44167,normalised
69.4901475906372,,,0.91033,0.17628,1,,,,,,,,,GP3,0.91033,0.17628,0.2474,0.44167,normalised
69.50603890419006,,,0.90593,0.17406,1,,,,,,,,,GP3,0.90593,0.17406,0.2474,0.44167,normalised
69.52387309074402,,,0.9016,0.17217,1,,,,,,,,,GP3,0.9016,0.17217,0.2474,0.44167,normalised
69.53866457939148,,,0.87115,0.15594,0,,,,,,,,,GP3,0.87115,0.15594,0.2474,0.44167,normalised
69.5544855594635,,,0.7629,0.091,0,,,,,,,,,GP3,0.7629,0.091,0.2474,0.44167,normalised
69.57229137420654,,,0.72585,0.06885,0,,,,,,,,,GP3,0.72585,0.06885,0.2474,0.44167,normalised
69.58837652206421,,,0.64938,0.0157,0,,,,,,,,,GP3,0.64938,0.0157,0.2474,0.44167,normalised
69.6039981842041,,,0.64116,-0.00514,0,,,,,,,,,GP3,0.64116,-0.00514,0.2474,0.44167,normalised
69.6183660030365,,,0.63947,-0.00958,0,,,,,,,,,GP3,0.63947,-0.00958,0.2474,0.44167,normalised
69.63510370254517,,,0.64006,-0.00836,1,,,,,,,,,GP3,0.64006,-0.00836,0.2474,0.44167,normalised
69.65368866920471,,,0.64106,-0.00414,1,,,,,,,,,GP3,0.64106,-0.00414,0.2474,0.44167,normalised
69.66738986968994,,,0.63935,-0.00304,1,,,,,,,,,GP3,0.63935,-0.00304,0.2474,0.44167,normalised
69.68312048912048,,,0.63776,-0.00358,1,,,,,,,,,GP3,0.63776,-0.00358,0.2474,0.44167,normalised
69.7013328075409,,,0.63739,-0.00284,1,,,,,,,,,GP3,0.63739,-0.00284,0.2474,0.44167,normalised
69.71545958518982,,,0.63638,-0.00652,1,,,,,,,,,GP3,0.63638,-0.00652,0.2474,0.44167,normalised
69.73338890075684,,,0.63487,-0.01148,1,,,,,,,,,GP3,0.63487,-0.01148,0.2474,0.44167,normalised
69.74910569190979,,,0.63148,-0.01968,1,,,,,,,,,GP3,0.63148,-0.01968,0.2474,0.44167,normalised
69.765291929245,,,0.6361,0.05158,1,,,,,,,,,GP3,0.6361,0.05158,0.2474,0.44167,normalised
69.78188347816467,,,0.6361,0.05158,1,,,,,,,,,GP3,0.6361,0.05158,0.2474,0.44167,normalised
69.80037093162537,,,0.6361,0.05158,1,,,,,,,,,GP3,0.6361,0.05158,0.2474,0.44167,normalised
69.81537508964539,,,0.6361,0.05158,1,,,,,,,,,GP3,0.6361,0.05158,0.2474,0.44167,normalised
69.83380937576294,,,0.63489,0.05484,0,,,,,,,,,GP3,0.63489,0.05484,0.2474,0.44167,normalised
69.84859538078308,,,0.63489,0.05484,0,,,,,,,,,GP3,0.63489,0.05484,0.2474,0.44167,normalised
69.86530065536499,,,0.63489,0.05484,0,,,,,,,,,GP3,0.63489,0.05484,0.2474,0.44167,normalised
69.88268518447876,,,0.0,0.0,0,,,,,,,,,GP3,0.0,0.0,0.2474,0.44167,normalised
69.89614915847778,,,0.0,0.0,0,,,,,,,,,GP3,0.0,0.0,0.2474,0.44167,normalised
69.91336798667908,,,0.0,0.0,0,,,,,,,,,GP3,0.0,0.0,0.2474,0.44167,normalised
69.93002724647522,,,0.0,0.0,0,,,,,,,,,GP3,0.0,0.0,0.2474,0.44167,normalised
69.94638299942017,,,0.0,0.0,0,,,,,,,,,GP3,0.0,0.0,0.2474,0.44167,normalised
69.96158146858215,,,0.0,0.0,0,,,,,,,,,GP3,0.0,0.0,0.2474,0.44167,normalised
69.97683000564575,,,0.68375,0.82526,0,,,,,,,,,GP3,0.68375,0.82526,0.2474,0.44167,normalised
69.99121904373169,,,0.6149,0.41097,0,,,,,,,,,GP3,0.6149,0.41097,0.2474,0.44167,normalised
70.00795912742615,,,0.59459,0.2818,0,,,,,,,,,GP3,0.59459,0.2818,0.2474,0.44167,normalised
70.0249993801117,,,0.55441,0.02426,0,,,,,,,,,GP3,0.55441,0.02426,0.2474,0.44167,normalised
70.04136824607849,,,0.56753,0.06687,0,,,,,,,,,GP3,0.56753,0.06687,0.2474,0.44167,normalised
70.0563530921936,,,0.57189,0.08147,0,,,,,,,,,GP3,0.57189,0.08147,0.2474,0.44167,normalised
70.07107758522034,,,0.57515,0.09173,1,,,,,,,,,GP3,0.57515,0.09173,0.2474,0.44167,normalised
70.08875131607056,,,0.57722,0.10066,1,,,,,,,,,GP3,0.57722,0.10066,0.2474,0.44167,normalised
70.10321569442749,,,0.57645,0.10227,1,,,,,,,,,GP3,0.57645,0.10227,0.2474,0.44167,normalised
70.11914324760437,,,0.57555,0.1022,1,,,,,,,,,GP3,0.57555,0.1022,0.2474,0.44167,normalised
70.13803958892822,,,0.57455,0.10172,1,,,,,,,,,GP3,0.57455,0.10172,0.2474,0.44167,normalised
70.15319752693176,,,0.5736,0.10171,1,,,,,,,,,GP3,0.5736,0.10171,0.2474,0.44167,normalised
70.1702299118042,,,0.57294,0.10201,1,,,,,,,,,GP3,0.57294,0.10201,0.2474,0.44167,normalised
70.18654036521912,,,0.57375,0.10243,1,,,,,,,,,GP3,0.57375,0.10243,0.2474,0.44167,normalised
70.20136284828186,,,0.57484,0.1024,1,,,,,,,,,GP3,0.57484,0.1024,0.2474,0.44167,normalised
70.21831274032593,,,0.576,0.10309,1,,,,,,,,,GP3,0.576,0.10309,0.2474,0.44167,normalised
70.2329773902893,,,0.5763,0.10454,1,,,,,,,,,GP3,0.5763,0.10454,0.2474,0.44167,normalised
70.25050139427185,,,0.57695,0.10587,1,,,,,,,,,GP3,0.57695,0.10587,0.2474,0.44167,normalised
70.26612114906311,,,0.57753,0.10704,1,,,,,,,,,GP3,0.57753,0.10704,0.2474,0.44167,normalised
70.28190040588379,,,0.57652,0.10636,1,,,,,,,,,GP3,0.57652,0.10636,0.2474,0.44167,normalised
70.3005735874176,,,0.57606,0.10647,1,,,,,,,,,GP3,0.57606,0.10647,0.2474,0.44167,normalised
70.31335592269897,,,0.57564,0.10657,1,,,,,,,,,GP3,0.57564,0.10657,0.2474,0.44167,normalised
70.33010578155518,,,0.57487,0.10593,1,,,,,,,,,GP3,0.57487,0.10593,0.2474,0.44167,normalised
70.34584879875183,,,0.57521,0.10675,1,,,,,,,,,GP3,0.57521,0.10675,0.2474,0.44167,normalised
70.36363410949707,,,0.57579,0.10829,1,,,,,,,,,GP3,0.57579,0.10829,0.2474,0.44167,normalised
70.38107514381409,,,0.57611,0.10932,1,,,,,,,,,GP3,0.57611,0.10932,0.2474,0.44167,normalised
70.3985812664032,,,0.57673,0.11102,1,,,,,,,,,GP3,0.57673,0.11102,0.2474,0.44167,normalised
70.41336345672607,,,0.5773,0.11259,1,,,,,,,,,GP3,0.5773,0.11259,0.2474,0.44167,normalised
70.43024110794067,,,0.5763,0.11224,1,,,,,,,,,GP3,0.5763,0.11224,0.2474,0.44167,normalised
70.4479033946991,,,0.57613,0.11303,1,,,,,,,,,GP3,0.57613,0.11303,0.2474,0.44167,normalised
70.46064782142639,,,0.57585,0.1133,1,,,,,,,,,GP3,0.57585,0.1133,0.2474,0.44167,normalised
70.47769260406494,,,0.57206,0.11122,1,,,,,,,,,GP3,0.57206,0.11122,0.2474,0.44167,normalised
70.49450588226318,,,0.56833,0.10875,1,,,,,,,,,GP3,0.56833,0.10875,0.2474,0.44167,normalised
70.50775218009949,,,0.56457,0.10557,1,,,,,,,,,GP3,0.56457,0.10557,0.2474,0.44167,normalised
70.52457118034363,,,0.53506,0.09645,0,,,,,,,,,GP3,0.53506,0.09645,0.2474,0.44167,normalised
70.54295015335083,,,0.47024,0.03999,0,,,,,,,,,GP3,0.47024,0.03999,0.2474,0.44167,normalised
70.55635499954224,,,0.447,0.01642,0,,,,,,,,,GP3,0.447,0.01642,0.2474,0.44167,normalised
70.57594227790833,,,0.39611,-0.03147,0,,,,,,,,,GP3,0.39611,-0.03147,0.2474,0.44167,normalised
70.58914279937744,,,0.39413,-0.02744,0,,,,,,,,,GP3,0.39413,-0.02744,0.2474,0.44167,normalised
70.60595345497131,,,0.39436,-0.0233,0,,,,,,,,,GP3,0.39436,-0.0233,0.2474,0.44167,normalised
70.62067031860352,,,0.39002,-0.03108,1,,,,,,,,,GP3,0.39002,-0.03108,0.2474,0.44167,normalised
70.63858413696289,,,0.55057,0.16205,0,,,,,,,,,GP3,0.55057,0.16205,0.2474,0.44167,normalised
70.65736413002014,,,0.79535,0.45828,0,,,,,,,,,GP3,0.79535,0.45828,0.2474,0.44167,normalised
70.67209029197693,,,0.61712,0.311,0,,,,,,,,,GP3,0.61712,0.311,0.2474,0.44167,normalised
70.68666434288025,,,0.51913,0.26808,0,,,,,,,,,GP3,0.51913,0.26808,0.2474,0.44167,normalised
70.70305156707764,,,0.38824,0.15155,0,,,,,,,,,GP3,0.38824,0.15155,0.2474,0.44167,normalised
70.71870684623718,,,0.34123,0.10568,0,,,,,,,,,GP3,0.34123,0.10568,0.2474,0.44167,normalised
70.73468518257141,,,0.24987,0.01345,0,,,,,,,,,GP3,0.24987,0.01345,0.2474,0.44167,normalised
70.75138449668884,,,0.24602,-0.00205,0,,,,,,,,,GP3,0.24602,-0.00205,0.2474,0.44167,normalised
70.76722359657288,,,0.2436,-0.00518,0,,,,,,,,,GP3,0.2436,-0.00518,0.2474,0.44167,normalised
70.7840530872345,,,0.24313,-0.00842,1,,,,,,,,,GP3,0.24313,-0.00842,0.2474,0.44167,normalised
70.79847478866577,,,0.24428,-0.00493,1,,,,,,,,,GP3,0.24428,-0.00493,0.2474,0.44167,normalised
70.81637930870056,,,0.22013,-0.00056,1,,,,,,,,,GP3,0.22013,-0.00056,0.2474,0.44167,normalised
70.83317184448242,,,0.20259,0.00115,1,,,,,,,,,GP3,0.20259,0.00115,0.2474,0.44167,normalised
70.84901118278503,,,0.18851,-0.0009,1,,,,,,,,,GP3,0.18851,-0.0009,0.2474,0.44167,normalised
70.86468839645386,,,0.17743,-0.00573,1,,,,,,,,,GP3,0.17743,-0.00573,0.2474,0.44167,normalised
70.88195419311523,,,0.16726,-0.01232,1,,,,,,,,,GP3,0.16726,-0.01232,0.2474,0.44167,normalised
70.89617037773132,,,0.15847,-0.02077,1,,,,,,,,,GP3,0.15847,-0.02077,0.2474,0.44167,normalised
70.9146842956543,,,0.15115,-0.02884,1,,,,,,,,,GP3,0.15115,-0.02884,0.2474,0.44167,normalised
70.93008184432983,,,0.14468,-0.03678,1,,,,,,,,,GP3,0.14468,-0.03678,0.2474,0.44167,normalised
70.94659280776978,,,0.13914,-0.04358,1,,,,,,,,,GP3,0.13914,-0.04358,0.2474,0.44167,normalised
70.96343398094177,,,0.10752,-0.06005,0,,,,,,,,,GP3,0.10752,-0.06005,0.2474,0.44167,normalised
70.97658586502075,,,0.08956,-0.09504,0,,,,,,,,,GP3,0.08956,-0.09504,0.2474,0.44167,normalised
70.99352741241455,,,0.08357,-0.1067,0,,,,,,,,,GP3,0.08357,-0.1067,0.2474,0.44167,normalised
71.01109337806702,,,0.0785,-0.11113,1,,,,,,,,,GP3,0.0785,-0.11113,0.2474,0.44167,normalised
71.02598333358765,,,0.07685,-0.11239,1,,,,,,,,,GP3,0.07685,-0.11239,0.2474,0.44167,normalised
71.0440444946289,,,0.07575,-0.11322,1,,,,,,,,,GP3,0.07575,-0.11322,0.2474,0.44167,normalised
71.05766153335571,,,0.07549,-0.11664,1,,,,,,,,,GP3,0.07549,-0.11664,0.2474,0.44167,normalised
71.0768563747406,,,0.07721,-0.11826,1,,,,,,,,,GP3,0.07721,-0.11826,0.2474,0.44167,normalised
71.09177231788635,,,0.07854,-0.11952,1,,,,,,,,,GP3,0.07854,-0.11952,0.2474,0.44167,normalised
71.10736680030823,,,0.07949,-0.11931,1,,,,,,,,,GP3,0.07949,-0.11931,0.2474,0.44167,normalised
71.12245512008667,,,0.08059,-0.11986,1,,,,,,,,,GP3,0.08059,-0.11986,0.2474,0.44167,normalised
71.13845086097717,,,0.08151,-0.12031,1,,,,,,,,,GP3,0.08151,-0.12031,0.2474,0.44167,normalised
71.15625524520874,,,0.0825,-0.12184,1,,,,,,,,,GP3,0.0825,-0.12184,0.2474,0.44167,normalised
71.17082071304321,,,0.08304,-0.12232,1,,,,,,,,,GP3,0.08304,-0.12232,0.2474,0.44167,normalised
71.18748569488525,,,0.08363,-0.12212,1,,,,,,,,,GP3,0.08363,-0.12212,0.2474,0.44167,normalised
71.20397567749023,,,0.08446,-0.12005,1,,,,,,,,,GP3,0.08446,-0.12005,0.2474,0.44167,normalised
71.22020053863525,,,0.08533,-0.11908,1,,,,,,,,,GP3,0.08533,-0.11908,0.2474,0.44167,normalised
71.23776745796204,,,0.08625,-0.11749,1,,,,,,,,,GP3,0.08625,-0.11749,0.2474,0.44167,normalised
71.25243377685547,,,0.08732,-0.11512,1,,,,,,,,,GP3,0.08732,-0.11512,0.2474,0.44167,normalised
71.26880383491516,,,0.08784,-0.11286,1,,,,,,,,,GP3,0.08784,-0.11286,0.2474,0.44167,normalised
71.28521966934204,,,0.08822,-0.11127,1,,,,,,,,,GP3,0.08822,-0.11127,0.2474,0.44167,normalised
71.30079364776611,,,0.08833,-0.11089,1,,,,,,,,,GP3,0.08833,-0.11089,0.2474,0.44167,normalised
71.31876158714294,,,0.08857,-0.11054,1,,,,,,,,,GP3,0.08857,-0.11054,0.2474,0.44167,normalised
71.33564066886902,,,0.08871,-0.11077,1,,,,,,,,,GP3,0.08871,-0.11077,0.2474,0.44167,normalised
71.3501706123352,,,0.08889,-0.11109,1,,,,,,,,,GP3,0.08889,-0.11109,0.2474,0.44167,normalised
71.36695504188538,,,0.08874,-0.11107,1,,,,,,,,,GP3,0.08874,-0.11107,0.2474,0.44167,normalised
71.38366293907166,,,0.08861,-0.11106,1,,,,,,,,,GP3,0.08861,-0.11106,0.2474,0.44167,normalised
71.39740419387817,,,0.08879,-0.11133,1,,,,,,,,,GP3,0.08879,-0.11133,0.2474,0.44167,normalised
71.41445899009705,,,0.08892,-0.11123,1,,,,,,,,,GP3,0.08892,-0.11123,0.2474,0.44167,normalised
71.43209910392761,,,0.08904,-0.11114,1,,,,,,,,,GP3,0.08904,-0.11114,0.2474,0.44167,normalised
71.44587635993958,,,0.08905,-0.11153,1,,,,,,,,,GP3,0.08905,-0.11153,0.2474,0.44167,normalised
71.46338629722595,,,0.08911,-0.11184,1,,,,,,,,,GP3,0.08911,-0.11184,0.2474,0.44167,normalised
71.48198390007019,,,0.08916,-0.11212,1,,,,,,,,,GP3,0.08916,-0.11212,0.2474,0.44167,normalised
71.49668097496033,,,0.08906,-0.11222,1,,,,,,,,,GP3,0.08906,-0.11222,0.2474,0.44167,normalised
71.51459240913391,,,0.08889,-0.11242,1,,,,,,,,,GP3,0.08889,-0.11242,0.2474,0.44167,normalised
71.52833986282349,,,0.08873,-0.11262,1,,,,,,,,,GP3,0.08873,-0.11262,0.2474,0.44167,normalised
71.54300498962402,,,0.08896,-0.11262,1,,,,,,,,,GP3,0.08896,-0.11262,0.2474,0.44167,normalised
71.56248497962952,,,0.08905,-0.11288,1,,,,,,,,,GP3,0.08905,-0.11288,0.2474,0.44167,normalised
71.57678198814392,,,0.08914,-0.11314,1,,,,,,,,,GP3,0.08914,-0.11314,0.2474,0.44167,normalised
71.59351253509521,,,0.08903,-0.11316,1,,,,,,,,,GP3,0.08903,-0.11316,0.2474,0.44167,normalised
71.60818314552307,,,0.08903,-0.11309,1,,,,,,,,,GP3,0.08903,-0.11309,0.2474,0.44167,normalised
71.6236310005188,,,0.08907,-0.11281,1,,,,,,,,,GP3,0.08907,-0.11281,0.2474,0.44167,normalised
71.64082217216492,,,0.08907,-0.11246,1,,,,,,,,,GP3,0.08907,-0.11246,0.2474,0.44167,normalised
71.65784287452698,,,0.08904,-0.11159,1,,,,,,,,,GP3,0.08904,-0.11159,0.2474,0.44167,normalised
71.67248392105103,,,0.08906,-0.11047,1,,,,,,,,,GP3,0.08906,-0.11047,0.2474,0.44167,normalised
71.69047212600708,,,0.08942,-0.10991,1,,,,,,,,,GP3,0.08942,-0.10991,0.2474,0.44167,normalised
71.70717430114746,,,0.08967,-0.10922,1,,,,,,,,,GP3,0.08967,-0.10922,0.2474,0.44167,normalised
71.72305870056152,,,0.08987,-0.10875,1,,,,,,,,,GP3,0.08987,-0.10875,0.2474,0.44167,normalised
71.73925447463989,,,0.08955,-0.10922,1,,,,,,,,,GP3,0.08955,-0.10922,0.2474,0.44167,normalised
71.75368571281433,,,0.08992,-0.10842,1,,,,,,,,,GP3,0.08992,-0.10842,0.2474,0.44167,normalised
71.77016186714172,,,0.09028,-0.10769,1,,,,,,,,,GP3,0.09028,-0.10769,0.2474,0.44167,normalised
71.78720092773438,,,0.09103,-0.10727,1,,,,,,,,,GP3,0.09103,-0.10727,0.2474,0.44167,normalised
71.80172657966614,,,0.09165,-0.10669,1,,,,,,,,,GP3,0.09165,-0.10669,0.2474,0.44167,normalised
71.81824898719788,,,0.09232,-0.10584,1,,,,,,,,,GP3,0.09232,-0.10584,0.2474,0.44167,normalised
71.83379101753235,,,0.09285,-0.10414,1,,,,,,,,,GP3,0.09285,-0.10414,0.2474,0.44167,normalised
71.8496618270874,,,0.09292,-0.10279,1,,,,,,,,,GP3,0.09292,-0.10279,0.2474,0.44167,normalised
71.86716938018799,,,0.09294,-0.10164,1,,,,,,,,,GP3,0.09294,-0.10164,0.2474,0.44167,normalised
71.88482570648193,,,0.09299,-0.10132,1,,,,,,,,,GP3,0.09299,-0.10132,0.2474,0.44167,normalised
71.89931917190552,,,0.09283,-0.10065,1,,,,,,,,,GP3,0.09283,-0.10065,0.2474,0.44167,normalised
71.91584300994873,,,0.09266,-0.10005,1,,,,,,,,,GP3,0.09266,-0.10005,0.2474,0.44167,normalised
71.93256878852844,,,0.09247,-0.09922,1,,,,,,,,,GP3,0.09247,-0.09922,0.2474,0.44167,normalised
71.9474515914917,,,0.09252,-0.09856,1,,,,,,,,,GP3,0.09252,-0.09856,0.2474,0.44167,normalised
71.96595287322998,,,0.09259,-0.09781,1,,,,,,,,,GP3,0.09259,-0.09781,0.2474,0.44167,normalised
71.97991919517517,,,0.09262,-0.09736,1,,,,,,,,,GP3,0.09262,-0.09736,0.2474,0.44167,normalised
71.99733400344849,,,0.09262,-0.09689,1,,,,,,,,,GP3,0.09262,-0.09689,0.2474,0.44167,normalised
72.0120542049408,,,0.09258,-0.0967,1,,,,,,,,,GP3,0.09258,-0.0967,0.2474,0.44167,normalised
72.02994799613953,,,0.09242,-0.09677,1,,,,,,,,,GP3,0.09242,-0.09677,0.2474,0.44167,normalised
72.04444932937622,,,0.09242,-0.09681,1,,,,,,,,,GP3,0.09242,-0.09681,0.2474,0.44167,normalised
72.06117844581604,,,0.09247,-0.09666,1,,,,,,,,,GP3,0.09247,-0.09666,0.2474,0.44167,normalised
72.07753229141235,,,0.09268,-0.09613,1,,,,,,,,,GP3,0.09268,-0.09613,0.2474,0.44167,normalised
72.09506797790527,,,0.0929,-0.09598,1,,,,,,,,,GP3,0.0929,-0.09598,0.2474,0.44167,normalised
72.10989165306091,,,0.09316,-0.09556,1,,,,,,,,,GP3,0.09316,-0.09556,0.2474,0.44167,normalised
72.1275429725647,,,0.09341,-0.09475,1,,,,,,,,,GP3,0.09341,-0.09475,0.2474,0.44167,normalised
72.14205479621887,,,0.09362,-0.09427,1,,,,,,,,,GP3,0.09362,-0.09427,0.2474,0.44167,normalised
72.15875315666199,,,0.09383,-0.09378,1,,,,,,,,,GP3,0.09383,-0.09378,0.2474,0.44167,normalised
72.17535758018494,,,0.09377,-0.0931,1,,,,,,,,,GP3,0.09377,-0.0931,0.2474,0.44167,normalised
72.19148015975952,,,0.09375,-0.09274,1,,,,,,,,,GP3,0.09375,-0.09274,0.2474,0.44167,normalised
72.20715141296387,,,0.09372,-0.09237,1,,,,,,,,,GP3,0.09372,-0.09237,0.2474,0.44167,normalised
72.22184133529663,,,0.09382,-0.09173,1,,,,,,,,,GP3,0.09382,-0.09173,0.2474,0.44167,normalised
72.23857498168945,,,0.09396,-0.09098,1,,,,,,,,,GP3,0.09396,-0.09098,0.2474,0.44167,normalised
72.25532960891724,,,0.0941,-0.09023,1,,,,,,,,,GP3,0.0941,-0.09023,0.2474,0.44167,normalised
72.27191996574402,,,0.09393,-0.08952,1,,,,,,,,,GP3,0.09393,-0.08952,0.2474,0.44167,normalised
72.2875509262085,,,0.09391,-0.08893,1,,,,,,,,,GP3,0.09391,-0.08893,0.2474,0.44167,normalised
72.30526185035706,,,0.0938,-0.08875,1,,,,,,,,,GP3,0.0938,-0.08875,0.2474,0.44167,normalised
72.32085752487183,,,0.09349,-0.08948,1,,,,,,,,,GP3,0.09349,-0.08948,0.2474,0.44167,normalised
72.33546280860901,,,0.09309,-0.0904,1,,,,,,,,,GP3,0.09309,-0.0904,0.2474,0.44167,normalised
72.35209250450134,,,0.0927,-0.09146,1,,,,,,,,,GP3,0.0927,-0.09146,0.2474,0.44167,normalised
72.36871218681335,,,0.0925,-0.09203,1,,,,,,,,,GP3,0.0925,-0.09203,0.2474,0.44167,normalised
72.3835518360138,,,0.09228,-0.09212,1,,,,,,,,,GP3,0.09228,-0.09212,0.2474,0.44167,normalised
72.40115666389465,,,0.08252,-0.11565,0,,,,,,,,,GP3,0.08252,-0.11565,0.2474,0.44167,normalised
72.41678786277771,,,0.08178,-0.11228,0,,,,,,,,,GP3,0.08178,-0.11228,0.2474,0.44167,normalised
72.43248248100281,,,0.08376,-0.11579,0,,,,,,,,,GP3,0.08376,-0.11579,0.2474,0.44167,normalised
72.44865489006042,,,0.08513,-0.11629,1,,,,,,,,,GP3,0.08513,-0.11629,0.2474,0.44167,normalised
72.46571707725525,,,0.08713,-0.11135,1,,,,,,,,,GP3,0.08713,-0.11135,0.2474,0.44167,normalised
72.48239350318909,,,0.08777,-0.10415,1,,,,,,,,,GP3,0.08777,-0.10415,0.2474,0.44167,normalised
72.49656867980957,,,0.08832,-0.09797,1,,,,,,,,,GP3,0.08832,-0.09797,0.2474,0.44167,normalised
72.51317119598389,,,0.0886,-0.09681,1,,,,,,,,,GP3,0.0886,-0.09681,0.2474,0.44167,normalised
72.53061199188232,,,0.08803,-0.09756,1,,,,,,,,,GP3,0.08803,-0.09756,0.2474,0.44167,normalised
72.54656457901001,,,0.08717,-0.10064,1,,,,,,,,,GP3,0.08717,-0.10064,0.2474,0.44167,normalised
72.56235885620117,,,0.08652,-0.10506,1,,,,,,,,,GP3,0.08652,-0.10506,0.2474,0.44167,normalised
72.57831382751465,,,0.08572,-0.10786,1,,,,,,,,,GP3,0.08572,-0.10786,0.2474,0.44167,normalised
72.59556603431702,,,0.08505,-0.11023,1,,,,,,,,,GP3,0.08505,-0.11023,0.2474,0.44167,normalised
72.6121814250946,,,0.08466,-0.11187,1,,,,,,,,,GP3,0.08466,-0.11187,0.2474,0.44167,normalised
72.62893986701965,,,0.08443,-0.11419,1,,,,,,,,,GP3,0.08443,-0.11419,0.2474,0.44167,normalised
72.64369106292725,,,0.08422,-0.11622,1,,,,,,,,,GP3,0.08422,-0.11622,0.2474,0.44167,normalised
72.66138553619385,,,0.08445,-0.11787,1,,,,,,,,,GP3,0.08445,-0.11787,0.2474,0.44167,normalised
72.67511892318726,,,0.08371,-0.11937,1,,,,,,,,,GP3,0.08371,-0.11937,0.2474,0.44167,normalised
72.69260287284851,,,0.08305,-0.12072,1,,,,,,,,,GP3,0.08305,-0.12072,0.2474,0.44167,normalised
72.70881915092468,,,0.08326,-0.12136,1,,,,,,,,,GP3,0.08326,-0.12136,0.2474,0.44167,normalised
72.72365689277649,,,0.08323,-0.12238,1,,,,,,,,,GP3,0.08323,-0.12238,0.2474,0.44167,normalised
72.74047303199768,,,0.0832,-0.12331,1,,,,,,,,,GP3,0.0832,-0.12331,0.2474,0.44167,normalised
72.75764179229736,,,0.08343,-0.12492,1,,,,,,,,,GP3,0.08343,-0.12492,0.2474,0.44167,normalised
72.77509617805481,,,0.08362,-0.12485,1,,,,,,,,,GP3,0.08362,-0.12485,0.2474,0.44167,normalised
72.78995537757874,,,0.08372,-0.12519,1,,,,,,,,,GP3,0.08372,-0.12519,0.2474,0.44167,normalised
72.8066794872284,,,0.0842,-0.12613,1,,,,,,,,,GP3,0.0842,-0.12613,0.2474,0.44167,normalised
72.8206958770752,,,0.08411,-0.12873,1,,,,,,,,,GP3,0.08411,-0.12873,0.2474,0.44167,normalised
72.83695697784424,,,0.08401,-0.1316,1,,,,,,,,,GP3,0.08401,-0.1316,0.2474,0.44167,normalised
72.85418033599854,,,0.08432,-0.13361,1,,,,,,,,,GP3,0.08432,-0.13361,0.2474,0.44167,normalised
72.87007474899292,,,0.08411,-0.13559,1,,,,,,,,,GP3,0.08411,-0.13559,0.2474,0.44167,normalised
72.88778066635132,,,0.0853,-0.16392,0,,,,,,,,,GP3,0.0853,-0.16392,0.2474,0.44167,normalised
72.9019455909729,,,0.09225,-0.12779,0,,,,,,,,,GP3,0.09225,-0.12779,0.2474,0.44167,normalised
72.91870212554932,,,0.09828,-0.11348,0,,,,,,,,,GP3,0.09828,-0.11348,0.2474,0.44167,normalised
72.93610739707947,,,0.10197,-0.10362,1,,,,,,,,,GP3,0.10197,-0.10362,0.2474,0.44167,normalised
72.95242810249329,,,0.11086,-0.08819,1,,,,,,,,,GP3,0.11086,-0.08819,0.2474,0.44167,normalised
72.96616506576538,,,0.11914,-0.07398,1,,,,,,,,,GP3,0.11914,-0.07398,0.2474,0.44167,normalised
72.98417019844055,,,0.1257,-0.06165,1,,,,,,,,,GP3,0.1257,-0.06165,0.2474,0.44167,normalised
73.00088119506836,,,0.13308,-0.04975,1,,,,,,,,,GP3,0.13308,-0.04975,0.2474,0.44167,normalised
73.01448011398315,,,0.13861,-0.04167,1,,,,,,,,,GP3,0.13861,-0.04167,0.2474,0.44167,normalised
73.03105759620667,,,0.14303,-0.0352,1,,,,,,,,,GP3,0.14303,-0.0352,0.2474,0.44167,normalised
73.04855751991272,,,0.14645,-0.02958,1,,,,,,,,,GP3,0.14645,-0.02958,0.2474,0.44167,normalised
73.06442308425903,,,0.14875,-0.02506,1,,,,,,,,,GP3,0.14875,-0.02506,0.2474,0.44167,normalised
73.08072638511658,,,0.15128,-0.01933,1,,,,,,,,,GP3,0.15128,-0.01933,0.2474,0.44167,normalised
73.09731817245483,,,0.154,-0.01199,1,,,,,,,,,GP3,0.154,-0.01199,0.2474,0.44167,normalised
73.11198139190674,,,0.17235,0.02399,0,,,,,,,,,GP3,0.17235,0.02399,0.2474,0.44167,normalised
73.12941193580627,,,0.19356,0.08093,0,,,,,,,,,GP3,0.19356,0.08093,0.2474,0.44167,normalised
73.14615631103516,,,0.2012,0.10275,0,,,,,,,,,GP3,0.2012,0.10275,0.2474,0.44167,normalised
73.16313338279724,,,0.21573,0.14306,0,,,,,,,,,GP3,0.21573,0.14306,0.2474,0.44167,normalised
73.17681360244751,,,0.2169,0.14707,0,,,,,,,,,GP3,0.2169,0.14707,0.2474,0.44167,normalised
73.19420552253723,,,0.22046,0.15173,0,,,,,,,,,GP3,0.22046,0.15173,0.2474,0.44167,normalised
73.20914626121521,,,0.22155,0.15698,1,,,,,,,,,GP3,0.22155,0.15698,0.2474,0.44167,normalised
73.22610878944397,,,0.22252,0.16101,1,,,,,,,,,GP3,0.22252,0.16101,0.2474,0.44167,normalised
73.2419159412384,,,0.24571,0.16944,1,,,,,,,,,GP3,0.24571,0.16944,0.2474,0.44167,normalised
73.25934290885925,,,0.26969,0.18441,1,,,,,,,,,GP3,0.26969,0.18441,0.2474,0.44167,normalised
73.27306818962097,,,0.28622,0.19149,1,,,,,,,,,GP3,0.28622,0.19149,0.2474,0.44167,normalised
73.29099011421204,,,0.32859,0.23084,1,,,,,,,,,GP3,0.32859,0.23084,0.2474,0.44167,normalised
73.30861234664917,,,0.35948,0.2574,1,,,,,,,,,GP3,0.35948,0.2574,0.2474,0.44167,normalised
73.32268834114075,,,0.38426,0.27769,1,,,,,,,,,GP3,0.38426,0.27769,0.2474,0.44167,normalised
73.34172677993774,,,0.40779,0.30118,1,,,,,,,,,GP3,0.40779,0.30118,0.2474,0.44167,normalised
73.35632419586182,,,0.42741,0.31774,1,,,,,,,,,GP3,0.42741,0.31774,0.2474,0.44167,normalised
73.37219858169556,,,0.48246,0.36381,0,,,,,,,,,GP3,0.48246,0.36381,0.2474,0.44167,normalised
73.38720870018005,,,0.58078,0.45439,0,,,,,,,,,GP3,0.58078,0.45439,0.2474,0.44167,normalised
73.4051501750946,,,0.62704,0.51606,0,,,,,,,,,GP3,0.62704,0.51606,0.2474,0.44167,normalised
73.41869568824768,,,0.70607,0.60793,0,,,,,,,,,GP3,0.70607,0.60793,0.2474,0.44167,normalised
73.43550062179565,,,0.70143,0.58252,0,,,,,,,,,GP3,0.70143,0.58252,0.2474,0.44167,normalised
73.45229649543762,,,0.69641,0.56382,0,,,,,,,,,GP3,0.69641,0.56382,0.2474,0.44167,normalised
73.46822595596313,,,0.6939,0.55448,1,,,,,,,,,GP3,0.6939,0.55448,0.2474,0.44167,normalised
73.4842882156372,,,0.69016,0.51323,1,,,,,,,,,GP3,0.69016,0.51323,0.2474,0.44167,normalised
73.5009126663208,,,0.68499,0.45123,0,,,,,,,,,GP3,0.68499,0.45123,0.2474,0.44167,normalised
73.51671171188354,,,0.68508,0.38383,0,,,,,,,,,GP3,0.68508,0.38383,0.2474,0.44167,normalised
73.53434920310974,,,0.69116,0.37045,0,,,,,,,,,GP3,0.69116,0.37045,0.2474,0.44167,normalised
73.55066180229187,,,0.69827,0.34119,0,,,,,,,,,GP3,0.69827,0.34119,0.2474,0.44167,normalised
73.5670747756958,,,0.70545,0.36216,0,,,,,,,,,GP3,0.70545,0.36216,0.2474,0.44167,normalised
73.58156371116638,,,0.70874,0.35698,0,,,,,,,,,GP3,0.70874,0.35698,0.2474,0.44167,normalised
73.59837651252747,,,0.7036,0.35024,1,,,,,,,,,GP3,0.7036,0.35024,0.2474,0.44167,normalised
73.6128990650177,,,0.69966,0.3434,1,,,,,,,,,GP3,0.69966,0.3434,0.2474,0.44167,normalised
73.63067579269409,,,0.70026,0.34069,1,,,,,,,,,GP3,0.70026,0.34069,0.2474,0.44167,normalised
73.64662766456604,,,0.69996,0.33728,1,,,,,,,,,GP3,0.69996,0.33728,0.2474,0.44167,normalised
73.66380000114441,,,0.70003,0.33587,1,,,,,,,,,GP3,0.70003,0.33587,0.2474,0.44167,normalised
73.67932319641113,,,0.70081,0.33769,1,,,,,,,,,GP3,0.70081,0.33769,0.2474,0.44167,normalised
73.69692540168762,,,0.7027,0.34203,1,,,,,,,,,GP3,0.7027,0.34203,0.2474,0.44167,normalised
73.71174001693726,,,0.70441,0.34602,1,,,,,,,,,GP3,0.70441,0.34602,0.2474,0.44167,normalised
73.72729516029358,,,0.70608,0.34783,1,,,,,,,,,GP3,0.70608,0.34783,0.2474,0.44167,normalised
73.74480724334717,,,0.70578,0.34632,1,,,,,,,,,GP3,0.70578,0.34632,0.2474,0.44167,normalised
73.7595055103302,,,0.70523,0.34402,1,,,,,,,,,GP3,0.70523,0.34402,0.2474,0.44167,normalised
73.77574706077576,,,0.70601,0.33772,1,,,,,,,,,GP3,0.70601,0.33772,0.2474,0.44167,normalised
73.79124879837036,,,0.70688,0.33235,1,,,,,,,,,GP3,0.70688,0.33235,0.2474,0.44167,normalised
73.81013464927673,,,0.70781,0.3282,1,,,,,,,,,GP3,0.70781,0.3282,0.2474,0.44167,normalised
73.82444524765015,,,0.70947,0.32545,1,,,,,,,,,GP3,0.70947,0.32545,0.2474,0.44167,normalised
73.8403971195221,,,0.71131,0.32532,1,,,,,,,,,GP3,0.71131,0.32532,0.2474,0.44167,normalised
73.856360912323,,,0.71293,0.32497,1,,,,,,,,,GP3,0.71293,0.32497,0.2474,0.44167,normalised
73.873037815094,,,0.71284,0.32117,1,,,,,,,,,GP3,0.71284,0.32117,0.2474,0.44167,normalised
73.88878417015076,,,0.71305,0.31645,1,,,,,,,,,GP3,0.71305,0.31645,0.2474,0.44167,normalised
73.9047532081604,,,0.72092,0.28008,0,,,,,,,,,GP3,0.72092,0.28008,0.2474,0.44167,normalised
73.92257595062256,,,0.71315,0.24124,0,,,,,,,,,GP3,0.71315,0.24124,0.2474,0.44167,normalised
73.9385974407196,,,0.71487,0.24439,0,,,,,,,,,GP3,0.71487,0.24439,0.2474,0.44167,normalised
73.95324897766113,,,0.71692,0.24892,1,,,,,,,,,GP3,0.71692,0.24892,0.2474,0.44167,normalised
73.96986532211304,,,0.71983,0.24423,1,,,,,,,,,GP3,0.71983,0.24423,0.2474,0.44167,normalised
73.98532199859619,,,0.7171,0.23707,1,,,,,,,,,GP3,0.7171,0.23707,0.2474,0.44167,normalised
74.00284457206726,,,0.71359,0.22719,1,,,,,,,,,GP3,0.71359,0.22719,0.2474,0.44167,normalised
74.01938247680664,,,0.71116,0.21704,1,,,,,,,,,GP3,0.71116,0.21704,0.2474,0.44167,normalised
74.03395509719849,,,0.71021,0.21217,1,,,,,,,,,GP3,0.71021,0.21217,0.2474,0.44167,normalised
74.05056023597717,,,0.71002,0.21038,1,,,,,,,,,GP3,0.71002,0.21038,0.2474,0.44167,normalised
74.06808018684387,,,0.70861,0.2063,1,,,,,,,,,GP3,0.70861,0.2063,0.2474,0.44167,normalised
74.08428359031677,,,0.70935,0.20658,1,,,,,,,,,GP3,0.70935,0.20658,0.2474,0.44167,normalised
74.10166358947754,,,0.7106,0.20862,1,,,,,,,,,GP3,0.7106,0.20862,0.2474,0.44167,normalised
74.11691737174988,,,0.71211,0.21063,1,,,,,,,,,GP3,0.71211,0.21063,0.2474,0.44167,normalised
74.13166809082031,,,0.71466,0.21409,1,,,,,,,,,GP3,0.71466,0.21409,0.2474,0.44167,normalised
74.1478660106659,,,0.71659,0.21613,1,,,,,,,,,GP3,0.71659,0.21613,0.2474,0.44167,normalised
74.16543912887573,,,0.7167,0.21557,1,,,,,,,,,GP3,0.7167,0.21557,0.2474,0.44167,normalised
74.1803650856018,,,0.7172,0.21517,1,,,,,,,,,GP3,0.7172,0.21517,0.2474,0.44167,normalised
74.19889569282532,,,0.71765,0.21481,1,,,,,,,,,GP3,0.71765,0.21481,0.2474,0.44167,normalised
74.21372532844543,,,0.71778,0.21378,1,,,,,,,,,GP3,0.71778,0.21378,0.2474,0.44167,normalised
74.22845125198364,,,0.71847,0.21349,1,,,,,,,,,GP3,0.71847,0.21349,0.2474,0.44167,normalised
74.24319291114807,,,0.7191,0.21323,1,,,,,,,,,GP3,0.7191,0.21323,0.2474,0.44167,normalised
74.26032447814941,,,0.71936,0.2119,1,,,,,,,,,GP3,0.71936,0.2119,0.2474,0.44167,normalised
74.27824759483337,,,0.71979,0.21085,1,,,,,,,,,GP3,0.71979,0.21085,0.2474,0.44167,normalised
74.29393291473389,,,0.72019,0.20989,1,,,,,,,,,GP3,0.72019,0.20989,0.2474,0.44167,normalised
74.30862331390381,,,0.72023,0.20932,1,,,,,,,,,GP3,0.72023,0.20932,0.2474,0.44167,normalised
74.32534408569336,,,0.71967,0.20816,1,,,,,,,,,GP3,0.71967,0.20816,0.2474,0.44167,normalised
74.34216046333313,,,0.71915,0.20707,1,,,,,,,,,GP3,0.71915,0.20707,0.2474,0.44167,normalised
74.35834312438965,,,0.7193,0.20661,1,,,,,,,,,GP3,0.7193,0.20661,0.2474,0.44167,normalised
74.37447261810303,,,0.71927,0.2061,1,,,,,,,,,GP3,0.71927,0.2061,0.2474,0.44167,normalised
74.39178133010864,,,0.71925,0.20561,1,,,,,,,,,GP3,0.71925,0.20561,0.2474,0.44167,normalised
74.40624499320984,,,0.71932,0.20539,1,,,,,,,,,GP3,0.71932,0.20539,0.2474,0.44167,normalised
74.42304587364197,,,0.71919,0.20557,1,,,,,,,,,GP3,0.71919,0.20557,0.2474,0.44167,normalised
74.439293384552,,,0.71907,0.20574,1,,,,,,,,,GP3,0.71907,0.20574,0.2474,0.44167,normalised
74.45463538169861,,,0.71865,0.20497,1,,,,,,,,,GP3,0.71865,0.20497,0.2474,0.44167,normalised
74.47431349754333,,,0.71823,0.20542,1,,,,,,,,,GP3,0.71823,0.20542,0.2474,0.44167,normalised
74.48906779289246,,,0.71783,0.20584,1,,,,,,,,,GP3,0.71783,0.20584,0.2474,0.44167,normalised
74.50494265556335,,,0.71784,0.20648,1,,,,,,,,,GP3,0.71784,0.20648,0.2474,0.44167,normalised
74.52215528488159,,,0.71777,0.20672,1,,,,,,,,,GP3,0.71777,0.20672,0.2474,0.44167,normalised
74.53599381446838,,,0.71771,0.20695,1,,,,,,,,,GP3,0.71771,0.20695,0.2474,0.44167,normalised
74.55210828781128,,,0.71722,0.2063,1,,,,,,,,,GP3,0.71722,0.2063,0.2474,0.44167,normalised
74.56801724433899,,,0.71671,0.20585,1,,,,,,,,,GP3,0.71671,0.20585,0.2474,0.44167,normalised
74.5841417312622,,,0.71623,0.20543,1,,,,,,,,,GP3,0.71623,0.20543,0.2474,0.44167,normalised
74.59989333152771,,,0.71621,0.20586,1,,,,,,,,,GP3,0.71621,0.20586,0.2474,0.44167,normalised
74.61652731895447,,,0.71617,0.20623,1,,,,,,,,,GP3,0.71617,0.20623,0.2474,0.44167,normalised
74.63217568397522,,,0.71612,0.20659,1,,,,,,,,,GP3,0.71612,0.20659,0.2474,0.44167,normalised
74.65002942085266,,,0.71572,0.2068,1,,,,,,,,,GP3,0.71572,0.2068,0.2474,0.44167,normalised
74.66757464408875,,,0.71571,0.20758,1,,,,,,,,,GP3,0.71571,0.20758,0.2474,0.44167,normalised
74.68091106414795,,,0.71564,0.20705,1,,,,,,,,,GP3,0.71564,0.20705,0.2474,0.44167,normalised
74.69705772399902,,,0.7157,0.20801,1,,,,,,,,,GP3,0.7157,0.20801,0.2474,0.44167,normalised
74.71362280845642,,,0.71546,0.20783,1,,,,,,,,,GP3,0.71546,0.20783,0.2474,0.44167,normalised
74.73112630844116,,,0.71522,0.20773,1,,,,,,,,,GP3,0.71522,0.20773,0.2474,0.44167,normalised
74.74604749679565,,,0.71489,0.20866,1,,,,,,,,,GP3,0.71489,0.20866,0.2474,0.44167,normalised
74.76242780685425,,,0.7114,0.2399,0,,,,,,,,,GP3,0.7114,0.2399,0.2474,0.44167,normalised
74.77986741065979,,,0.71685,0.25895,0,,,,,,,,,GP3,0.71685,0.25895,0.2474,0.44167,normalised
74.79625344276428,,,0.71226,0.24981,0,,,,,,,,,GP3,0.71226,0.24981,0.2474,0.44167,normalised
74.80986285209656,,,0.70871,0.24703,1,,,,,,,,,GP3,0.70871,0.24703,0.2474,0.44167,normalised
74.82613182067871,,,0.70557,0.24221,1,,,,,,,,,GP3,0.70557,0.24221,0.2474,0.44167,normalised
74.84282541275024,,,0.70662,0.23954,1,,,,,,,,,GP3,0.70662,0.23954,0.2474,0.44167,normalised
74.85878157615662,,,0.70556,0.23881,1,,,,,,,,,GP3,0.70556,0.23881,0.2474,0.44167,normalised
74.8748128414154,,,0.70477,0.23826,1,,,,,,,,,GP3,0.70477,0.23826,0.2474,0.44167,normalised
74.89247488975525,,,0.70547,0.23762,1,,,,,,,,,GP3,0.70547,0.23762,0.2474,0.44167,normalised
74.90788459777832,,,0.70545,0.23648,1,,,,,,,,,GP3,0.70545,0.23648,0.2474,0.44167,normalised
74.92386078834534,,,0.70543,0.23554,1,,,,,,,,,GP3,0.70543,0.23554,0.2474,0.44167,normalised
74.94006943702698,,,0.7053,0.23439,1,,,,,,,,,GP3,0.7053,0.23439,0.2474,0.44167,normalised
74.95556402206421,,,0.70528,0.23297,1,,,,,,,,,GP3,0.70528,0.23297,0.2474,0.44167,normalised
74.97187924385071,,,0.70526,0.23175,1,,,,,,,,,GP3,0.70526,0.23175,0.2474,0.44167,normalised
74.9889166355133,,,0.70546,0.23101,1,,,,,,,,,GP3,0.70546,0.23101,0.2474,0.44167,normalised
75.00453352928162,,,0.70602,0.23119,1,,,,,,,,,GP3,0.70602,0.23119,0.2474,0.44167,normalised
75.0216748714447,,,0.70652,0.23134,1,,,,,,,,,GP3,0.70652,0.23134,0.2474,0.44167,normalised
75.03737759590149,,,0.70628,0.23058,1,,,,,,,,,GP3,0.70628,0.23058,0.2474,0.44167,normalised
75.05501699447632,,,0.70552,0.22724,1,,,,,,,,,GP3,0.70552,0.22724,0.2474,0.44167,normalised
75.06870412826538,,,0.70482,0.22424,1,,,,,,,,,GP3,0.70482,0.22424,0.2474,0.44167,normalised
75.08675599098206,,,0.70511,0.22201,1,,,,,,,,,GP3,0.70511,0.22201,0.2474,0.44167,normalised
75.10159540176392,,,0.70594,0.22043,1,,,,,,,,,GP3,0.70594,0.22043,0.2474,0.44167,normalised
75.11891889572144,,,0.70669,0.21899,1,,,,,,,,,GP3,0.70669,0.21899,0.2474,0.44167,normalised
75.13556933403015,,,0.70629,0.21682,1,,,,,,,,,GP3,0.70629,0.21682,0.2474,0.44167,normalised
75.15061712265015,,,0.70678,0.21519,1,,,,,,,,,GP3,0.70678,0.21519,0.2474,0.44167,normalised
75.16815280914307,,,0.70724,0.21369,1,,,,,,,,,GP3,0.70724,0.21369,0.2474,0.44167,normalised
75.18300104141235,,,0.70688,0.21174,1,,,,,,,,,GP3,0.70688,0.21174,0.2474,0.44167,normalised
75.19803929328918,,,0.70931,0.18452,0,,,,,,,,,GP3,0.70931,0.18452,0.2474,0.44167,normalised
75.21504092216492,,,0.71585,0.19039,0,,,,,,,,,GP3,0.71585,0.19039,0.2474,0.44167,normalised
75.23172497749329,,,0.70703,0.18046,0,,,,,,,,,GP3,0.70703,0.18046,0.2474,0.44167,normalised
75.25146222114563,,,0.70718,0.18309,1,,,,,,,,,GP3,0.70718,0.18309,0.2474,0.44167,normalised
75.26453852653503,,,0.70726,0.18467,1,,,,,,,,,GP3,0.70726,0.18467,0.2474,0.44167,normalised
75.28082799911499,,,0.70583,0.18169,1,,,,,,,,,GP3,0.70583,0.18169,0.2474,0.44167,normalised
75.296395778656,,,0.70513,0.18162,1,,,,,,,,,GP3,0.70513,0.18162,0.2474,0.44167,normalised
75.31400680541992,,,0.7046,0.18157,1,,,,,,,,,GP3,0.7046,0.18157,0.2474,0.44167,normalised
75.32871913909912,,,0.70442,0.18242,1,,,,,,,,,GP3,0.70442,0.18242,0.2474,0.44167,normalised
75.34619617462158,,,0.70386,0.18223,1,,,,,,,,,GP3,0.70386,0.18223,0.2474,0.44167,normalised
75.35965418815613,,,0.70339,0.18207,1,,,,,,,,,GP3,0.70339,0.18207,0.2474,0.44167,normalised
75.37626838684082,,,0.70385,0.18384,1,,,,,,,,,GP3,0.70385,0.18384,0.2474,0.44167,normalised
75.39378452301025,,,0.70425,0.1846,1,,,,,,,,,GP3,0.70425,0.1846,0.2474,0.44167,normalised
75.40855813026428,,,0.70458,0.18526,1,,,,,,,,,GP3,0.70458,0.18526,0.2474,0.44167,normalised
75.42537784576416,,,0.70506,0.18565,1,,,,,,,,,GP3,0.70506,0.18565,0.2474,0.44167,normalised
75.44224286079407,,,0.70528,0.18678,1,,,,,,,,,GP3,0.70528,0.18678,0.2474,0.44167,normalised
75.46016430854797,,,0.70547,0.18777,1,,,,,,,,,GP3,0.70547,0.18777,0.2474,0.44167,normalised
75.47424960136414,,,0.70528,0.18786,1,,,,,,,,,GP3,0.70528,0.18786,0.2474,0.44167,normalised
75.48992109298706,,,0.70524,0.18804,1,,,,,,,,,GP3,0.70524,0.18804,0.2474,0.44167,normalised
75.50845956802368,,,0.70519,0.1882,1,,,,,,,,,GP3,0.70519,0.1882,0.2474,0.44167,normalised
75.52236866950989,,,0.7049,0.18842,1,,,,,,,,,GP3,0.7049,0.18842,0.2474,0.44167,normalised
75.53857207298279,,,0.70491,0.18942,1,,,,,,,,,GP3,0.70491,0.18942,0.2474,0.44167,normalised
75.55552959442139,,,0.70491,0.19034,1,,,,,,,,,GP3,0.70491,0.19034,0.2474,0.44167,normalised
75.56991219520569,,,0.70476,0.19075,1,,,,,,,,,GP3,0.70476,0.19075,0.2474,0.44167,normalised
75.58759760856628,,,0.70438,0.19055,1,,,,,,,,,GP3,0.70438,0.19055,0.2474,0.44167,normalised
75.60493659973145,,,0.70403,0.19036,1,,,,,,,,,GP3,0.70403,0.19036,0.2474,0.44167,normalised
75.62019729614258,,,0.70359,0.189,1,,,,,,,,,GP3,0.70359,0.189,0.2474,0.44167,normalised
75.63578200340271,,,0.70373,0.18918,1,,,,,,,,,GP3,0.70373,0.18918,0.2474,0.44167,normalised
75.65383219718933,,,0.70395,0.1897,1,,,,,,,,,GP3,0.70395,0.1897,0.2474,0.44167,normalised
75.66837739944458,,,0.70414,0.1912,1,,,,,,,,,GP3,0.70414,0.1912,0.2474,0.44167,normalised
75.6845428943634,,,0.70474,0.19305,1,,,,,,,,,GP3,0.70474,0.19305,0.2474,0.44167,normalised
75.70050644874573,,,0.70545,0.19528,1,,,,,,,,,GP3,0.70545,0.19528,0.2474,0.44167,normalised
75.71850037574768,,,0.70609,0.19804,1,,,,,,,,,GP3,0.70609,0.19804,0.2474,0.44167,normalised
75.73319244384766,,,0.70675,0.20071,1,,,,,,,,,GP3,0.70675,0.20071,0.2474,0.44167,normalised
75.74987173080444,,,0.7121,0.22793,0,,,,,,,,,GP3,0.7121,0.22793,0.2474,0.44167,normalised
75.7655348777771,,,0.69995,0.24876,0,,,,,,,,,GP3,0.69995,0.24876,0.2474,0.44167,normalised
75.78025507926941,,,0.6983,0.26173,0,,,,,,,,,GP3,0.6983,0.26173,0.2474,0.44167,normalised
75.79814338684082,,,0.69747,0.26821,1,,,,,,,,,GP3,0.69747,0.26821,0.2474,0.44167,normalised
75.8149561882019,,,0.68669,0.26231,1,,,,,,,,,GP3,0.68669,0.26231,0.2474,0.44167,normalised
75.83131742477417,,,0.67805,0.25904,1,,,,,,,,,GP3,0.67805,0.25904,0.2474,0.44167,normalised
75.84568119049072,,,0.67189,0.25671,1,,,,,,,,,GP3,0.67189,0.25671,0.2474,0.44167,normalised
75.86331701278687,,,0.66689,0.25283,1,,,,,,,,,GP3,0.66689,0.25283,0.2474,0.44167,normalised
75.87817668914795,,,0.66464,0.25062,1,,,,,,,,,GP3,0.66464,0.25062,0.2474,0.44167,normalised
75.89400577545166,,,0.66284,0.24885,1,,,,,,,,,GP3,0.66284,0.24885,0.2474,0.44167,normalised
75.90970301628113,,,0.66121,0.24877,1,,,,,,,,,GP3,0.66121,0.24877,0.2474,0.44167,normalised
75.92747497558594,,,0.6598,0.24906,1,,,,,,,,,GP3,0.6598,0.24906,0.2474,0.44167,normalised
75.9442720413208,,,0.6586,0.24929,1,,,,,,,,,GP3,0.6586,0.24929,0.2474,0.44167,normalised
75.95832347869873,,,0.65767,0.25051,1,,,,,,,,,GP3,0.65767,0.25051,0.2474,0.44167,normalised
75.9748113155365,,,0.65727,0.25175,1,,,,,,,,,GP3,0.65727,0.25175,0.2474,0.44167,normalised
75.99191737174988,,,0.65692,0.25283,1,,,,,,,,,GP3,0.65692,0.25283,0.2474,0.44167,normalised
76.00673627853394,,,0.65714,0.25397,1,,,,,,,,,GP3,0.65714,0.25397,0.2474,0.44167,normalised
76.02420687675476,,,0.65719,0.25526,1,,,,,,,,,GP3,0.65719,0.25526,0.2474,0.44167,normalised
76.0399112701416,,,0.65695,0.25537,1,,,,,,,,,GP3,0.65695,0.25537,0.2474,0.44167,normalised
76.05844378471375,,,0.65573,0.25424,1,,,,,,,,,GP3,0.65573,0.25424,0.2474,0.44167,normalised
76.07236218452454,,,0.65385,0.25124,1,,,,,,,,,GP3,0.65385,0.25124,0.2474,0.44167,normalised
76.08760499954224,,,0.65169,0.24709,1,,,,,,,,,GP3,0.65169,0.24709,0.2474,0.44167,normalised
76.10486340522766,,,0.64975,0.24317,1,,,,,,,,,GP3,0.64975,0.24317,0.2474,0.44167,normalised
76.12076306343079,,,0.64798,0.24043,1,,,,,,,,,GP3,0.64798,0.24043,0.2474,0.44167,normalised
76.1375663280487,,,0.64635,0.23792,1,,,,,,,,,GP3,0.64635,0.23792,0.2474,0.44167,normalised
76.15219688415527,,,0.64444,0.23499,1,,,,,,,,,GP3,0.64444,0.23499,0.2474,0.44167,normalised
76.17046880722046,,,0.62566,0.20878,0,,,,,,,,,GP3,0.62566,0.20878,0.2474,0.44167,normalised
76.18499279022217,,,0.61696,0.18452,0,,,,,,,,,GP3,0.61696,0.18452,0.2474,0.44167,normalised
76.20360159873962,,,0.6515,0.32325,0,,,,,,,,,GP3,0.6515,0.32325,0.2474,0.44167,normalised
76.21748232841492,,,0.68036,0.45859,0,,,,,,,,,GP3,0.68036,0.45859,0.2474,0.44167,normalised
76.23556518554688,,,0.69444,0.53087,0,,,,,,,,,GP3,0.69444,0.53087,0.2474,0.44167,normalised
76.2502703666687,,,0.69139,0.56768,0,,,,,,,,,GP3,0.69139,0.56768,0.2474,0.44167,normalised
76.26748633384705,,,0.69126,0.61373,0,,,,,,,,,GP3,0.69126,0.61373,0.2474,0.44167,normalised
76.28320860862732,,,0.68562,0.60523,0,,,,,,,,,GP3,0.68562,0.60523,0.2474,0.44167,normalised
76.29786491394043,,,0.68502,0.63219,0,,,,,,,,,GP3,0.68502,0.63219,0.2474,0.44167,normalised
76.31549000740051,,,0.68948,0.64355,1,,,,,,,,,GP3,0.68948,0.64355,0.2474,0.44167,normalised
76.33076000213623,,,0.69217,0.65036,1,,,,,,,,,GP3,0.69217,0.65036,0.2474,0.44167,normalised
76.34954619407654,,,0.69043,0.65656,1,,,,,,,,,GP3,0.69043,0.65656,0.2474,0.44167,normalised
76.36296510696411,,,0.68848,0.6603,1,,,,,,,,,GP3,0.68848,0.6603,0.2474,0.44167,normalised
76.38095378875732,,,0.68672,0.66218,1,,,,,,,,,GP3,0.68672,0.66218,0.2474,0.44167,normalised
76.3968722820282,,,0.68547,0.65918,1,,,,,,,,,GP3,0.68547,0.65918,0.2474,0.44167,normalised
76.41344571113586,,,0.68165,0.65281,1,,,,,,,,,GP3,0.68165,0.65281,0.2474,0.44167,normalised
76.43029713630676,,,0.67817,0.64653,1,,,,,,,,,GP3,0.67817,0.64653,0.2474,0.44167,normalised
76.446280002594,,,0.67546,0.63987,1,,,,,,,,,GP3,0.67546,0.63987,0.2474,0.44167,normalised
76.46243405342102,,,0.67232,0.63535,1,,,,,,,,,GP3,0.67232,0.63535,0.2474,0.44167,normalised
76.47639393806458,,,0.66963,0.63147,1,,,,,,,,,GP3,0.66963,0.63147,0.2474,0.44167,normalised
76.49364709854126,,,0.66812,0.62996,1,,,,,,,,,GP3,0.66812,0.62996,0.2474,0.44167,normalised
76.50959300994873,,,0.66625,0.62619,1,,,,,,,,,GP3,0.66625,0.62619,0.2474,0.44167,normalised
76.52429938316345,,,0.6646,0.62287,1,,,,,,,,,GP3,0.6646,0.62287,0.2474,0.44167,normalised
76.54115653038025,,,0.66324,0.62209,1,,,,,,,,,GP3,0.66324,0.62209,0.2474,0.44167,normalised
76.55706524848938,,,0.64437,0.59521,0,,,,,,,,,GP3,0.64437,0.59521,0.2474,0.44167,normalised
76.57423329353333,,,0.63013,0.58503,0,,,,,,,,,GP3,0.63013,0.58503,0.2474,0.44167,normalised
76.59281349182129,,,0.63442,0.58529,0,,,,,,,,,GP3,0.63442,0.58529,0.2474,0.44167,normalised
76.60638904571533,,,0.6319,0.58534,1,,,,,,,,,GP3,0.6319,0.58534,0.2474,0.44167,normalised
76.6224455833435,,,0.63166,0.58921,1,,,,,,,,,GP3,0.63166,0.58921,0.2474,0.44167,normalised
76.63843607902527,,,0.63359,0.59103,1,,,,,,,,,GP3,0.63359,0.59103,0.2474,0.44167,normalised
76.65399169921875,,,0.63655,0.59653,1,,,,,,,,,GP3,0.63655,0.59653,0.2474,0.44167,normalised
76.67083859443665,,,0.63895,0.60111,1,,,,,,,,,GP3,0.63895,0.60111,0.2474,0.44167,normalised
76.68825507164001,,,0.64191,0.60012,1,,,,,,,,,GP3,0.64191,0.60012,0.2474,0.44167,normalised
76.70212960243225,,,0.64369,0.59972,1,,,,,,,,,GP3,0.64369,0.59972,0.2474,0.44167,normalised
76.72121834754944,,,0.64482,0.59837,1,,,,,,,,,GP3,0.64482,0.59837,0.2474,0.44167,normalised
76.73513197898865,,,0.64519,0.59694,1,,,,,,,,,GP3,0.64519,0.59694,0.2474,0.44167,normalised
76.7521026134491,,,0.64381,0.5913,1,,,,,,,,,GP3,0.64381,0.5913,0.2474,0.44167,normalised
76.7696886062622,,,0.64262,0.58646,1,,,,,,,,,GP3,0.64262,0.58646,0.2474,0.44167,normalised
76.785897731781,,,0.64332,0.58319,1,,,,,,,,,GP3,0.64332,0.58319,0.2474,0.44167,normalised
76.80024909973145,,,0.64475,0.58133,1,,,,,,,,,GP3,0.64475,0.58133,0.2474,0.44167,normalised
76.81673407554626,,,0.64601,0.5797,1,,,,,,,,,GP3,0.64601,0.5797,0.2474,0.44167,normalised
76.83461427688599,,,0.64737,0.58013,1,,,,,,,,,GP3,0.64737,0.58013,0.2474,0.44167,normalised
76.8484456539154,,,0.64624,0.57563,1,,,,,,,,,GP3,0.64624,0.57563,0.2474,0.44167,normalised
76.86420178413391,,,0.64534,0.572,1,,,,,,,,,GP3,0.64534,0.572,0.2474,0.44167,normalised
76.8808925151825,,,0.6453,0.56936,1,,,,,,,,,GP3,0.6453,0.56936,0.2474,0.44167,normalised
76.89751720428467,,,0.64682,0.54151,0,,,,,,,,,GP3,0.64682,0.54151,0.2474,0.44167,normalised
76.9135069847107,,,0.64913,0.54612,0,,,,,,,,,GP3,0.64913,0.54612,0.2474,0.44167,normalised
76.93021583557129,,,0.65446,0.561,0,,,,,,,,,GP3,0.65446,0.561,0.2474,0.44167,normalised
76.94772267341614,,,0.65725,0.57005,1,,,,,,,,,GP3,0.65725,0.57005,0.2474,0.44167,normalised
76.96243858337402,,,0.65892,0.57548,1,,,,,,,,,GP3,0.65892,0.57548,0.2474,0.44167,normalised
76.97813057899475,,,0.66054,0.57705,1,,,,,,,,,GP3,0.66054,0.57705,0.2474,0.44167,normalised
76.99510717391968,,,0.66031,0.57534,1,,,,,,,,,GP3,0.66031,0.57534,0.2474,0.44167,normalised
77.0100269317627,,,0.66014,0.57406,1,,,,,,,,,GP3,0.66014,0.57406,0.2474,0.44167,normalised
77.02712917327881,,,0.65983,0.57463,1,,,,,,,,,GP3,0.65983,0.57463,0.2474,0.44167,normalised
77.04421615600586,,,0.65969,0.57489,1,,,,,,,,,GP3,0.65969,0.57489,0.2474,0.44167,normalised
77.06202554702759,,,0.65977,0.57577,1,,,,,,,,,GP3,0.65977,0.57577,0.2474,0.44167,normalised
77.07664632797241,,,0.66019,0.57948,1,,,,,,,,,GP3,0.66019,0.57948,0.2474,0.44167,normalised
77.09186148643494,,,0.66103,0.58331,1,,,,,,,,,GP3,0.66103,0.58331,0.2474,0.44167,normalised
77.10985159873962,,,0.662,0.58735,1,,,,,,,,,GP3,0.662,0.58735,0.2474,0.44167,normalised
77.12382197380066,,,0.66294,0.58949,1,,,,,,,,,GP3,0.66294,0.58949,0.2474,0.44167,normalised
77.13963890075684,,,0.66508,0.59396,1,,,,,,,,,GP3,0.66508,0.59396,0.2474,0.44167,normalised
77.15817928314209,,,0.66696,0.59791,1,,,,,,,,,GP3,0.66696,0.59791,0.2474,0.44167,normalised
77.1720175743103,,,0.66649,0.59853,1,,,,,,,,,GP3,0.66649,0.59853,0.2474,0.44167,normalised
77.19109678268433,,,0.66591,0.59871,1,,,,,,,,,GP3,0.66591,0.59871,0.2474,0.44167,normalised
77.20590901374817,,,0.66527,0.59849,1,,,,,,,,,GP3,0.66527,0.59849,0.2474,0.44167,normalised
77.22043418884277,,,0.66546,0.59931,1,,,,,,,,,GP3,0.66546,0.59931,0.2474,0.44167,normalised
77.23720359802246,,,0.66555,0.59997,1,,,,,,,,,GP3,0.66555,0.59997,0.2474,0.44167,normalised
77.25492787361145,,,0.66548,0.60012,1,,,,,,,,,GP3,0.66548,0.60012,0.2474,0.44167,normalised
77.27099943161011,,,0.66481,0.5992,1,,,,,,,,,GP3,0.66481,0.5992,0.2474,0.44167,normalised
77.28808569908142,,,0.66437,0.59896,1,,,,,,,,,GP3,0.66437,0.59896,0.2474,0.44167,normalised
77.30168414115906,,,0.66397,0.59874,1,,,,,,,,,GP3,0.66397,0.59874,0.2474,0.44167,normalised
77.31739807128906,,,0.66362,0.59816,1,,,,,,,,,GP3,0.66362,0.59816,0.2474,0.44167,normalised
77.33335208892822,,,0.66253,0.59634,1,,,,,,,,,GP3,0.66253,0.59634,0.2474,0.44167,normalised
77.35035252571106,,,0.66159,0.5949,1,,,,,,,,,GP3,0.66159,0.5949,0.2474,0.44167,normalised
77.3660638332367,,,0.66155,0.59502,1,,,,,,,,,GP3,0.66155,0.59502,0.2474,0.44167,normalised
77.38375878334045,,,0.6613,0.59554,1,,,,,,,,,GP3,0.6613,0.59554,0.2474,0.44167,normalised
77.39813780784607,,,0.66117,0.59636,1,,,,,,,,,GP3,0.66117,0.59636,0.2474,0.44167,normalised
77.41514945030212,,,0.6613,0.5974,1,,,,,,,,,GP3,0.6613,0.5974,0.2474,0.44167,normalised
77.43106579780579,,,0.66121,0.59862,1,,,,,,,,,GP3,0.66121,0.59862,0.2474,0.44167,normalised
77.44896984100342,,,0.66098,0.59934,1,,,,,,,,,GP3,0.66098,0.59934,0.2474,0.44167,normalised
77.46401166915894,,,0.65967,0.6008,1,,,,,,,,,GP3,0.65967,0.6008,0.2474,0.44167,normalised
77.47950100898743,,,0.66,0.6007,1,,,,,,,,,GP3,0.66,0.6007,0.2474,0.44167,normalised
77.49621200561523,,,0.66013,0.60004,1,,,,,,,,,GP3,0.66013,0.60004,0.2474,0.44167,normalised
77.51193118095398,,,0.65811,0.59948,1,,,,,,,,,GP3,0.65811,0.59948,0.2474,0.44167,normalised
77.52872586250305,,,0.65747,0.59725,1,,,,,,,,,GP3,0.65747,0.59725,0.2474,0.44167,normalised
77.54496812820435,,,0.65692,0.59533,1,,,,,,,,,GP3,0.65692,0.59533,0.2474,0.44167,normalised
77.56274819374084,,,0.65679,0.59389,1,,,,,,,,,GP3,0.65679,0.59389,0.2474,0.44167,normalised
77.57665657997131,,,0.65698,0.59295,1,,,,,,,,,GP3,0.65698,0.59295,0.2474,0.44167,normalised
77.59281706809998,,,0.65725,0.59232,1,,,,,,,,,GP3,0.65725,0.59232,0.2474,0.44167,normalised
77.60948419570923,,,0.65763,0.59196,1,,,,,,,,,GP3,0.65763,0.59196,0.2474,0.44167,normalised
77.62652039527893,,,0.65803,0.59161,1,,,,,,,,,GP3,0.65803,0.59161,0.2474,0.44167,normalised
77.64287090301514,,,0.65845,0.59142,1,,,,,,,,,GP3,0.65845,0.59142,0.2474,0.44167,normalised
77.65761637687683,,,0.65576,0.56392,0,,,,,,,,,GP3,0.65576,0.56392,0.2474,0.44167,normalised
77.67336869239807,,,0.66517,0.58274,0,,,,,,,,,GP3,0.66517,0.58274,0.2474,0.44167,normalised
77.69033598899841,,,0.66947,0.59264,0,,,,,,,,,GP3,0.66947,0.59264,0.2474,0.44167,normalised
77.7063660621643,,,0.67087,0.59814,1,,,,,,,,,GP3,0.67087,0.59814,0.2474,0.44167,normalised
77.72101998329163,,,0.67865,0.61176,1,,,,,,,,,GP3,0.67865,0.61176,0.2474,0.44167,normalised
77.7379195690155,,,0.68384,0.62084,1,,,,,,,,,GP3,0.68384,0.62084,0.2474,0.44167,normalised
77.75462317466736,,,0.68509,0.62067,1,,,,,,,,,GP3,0.68509,0.62067,0.2474,0.44167,normalised
77.77072596549988,,,0.68454,0.61767,1,,,,,,,,,GP3,0.68454,0.61767,0.2474,0.44167,normalised
77.7883186340332,,,0.68411,0.61533,1,,,,,,,,,GP3,0.68411,0.61533,0.2474,0.44167,normalised
77.8053297996521,,,0.68335,0.6155,1,,,,,,,,,GP3,0.68335,0.6155,0.2474,0.44167,normalised
77.81887316703796,,,0.68256,0.61609,1,,,,,,,,,GP3,0.68256,0.61609,0.2474,0.44167,normalised
77.83472800254822,,,0.6819,0.61659,1,,,,,,,,,GP3,0.6819,0.61659,0.2474,0.44167,normalised
77.85084676742554,,,0.68064,0.6158,1,,,,,,,,,GP3,0.68064,0.6158,0.2474,0.44167,normalised
77.86798405647278,,,0.67921,0.61333,1,,,,,,,,,GP3,0.67921,0.61333,0.2474,0.44167,normalised
77.88466477394104,,,0.67797,0.61119,1,,,,,,,,,GP3,0.67797,0.61119,0.2474,0.44167,normalised
77.90000820159912,,,0.67738,0.61004,1,,,,,,,,,GP3,0.67738,0.61004,0.2474,0.44167,normalised
77.91599035263062,,,0.67804,0.61024,1,,,,,,,,,GP3,0.67804,0.61024,0.2474,0.44167,normalised
77.93214058876038,,,0.67839,0.60956,1,,,,,,,,,GP3,0.67839,0.60956,0.2474,0.44167,normalised
77.94825744628906,,,0.67881,0.60938,1,,,,,,,,,GP3,0.67881,0.60938,0.2474,0.44167,normalised
77.96546220779419,,,0.67916,0.60776,1,,,,,,,,,GP3,0.67916,0.60776,0.2474,0.44167,normalised
77.98015594482422,,,0.67936,0.60595,1,,,,,,,,,GP3,0.67936,0.60595,0.2474,0.44167,normalised
77.99759435653687,,,0.67927,0.60507,1,,,,,,,,,GP3,0.67927,0.60507,0.2474,0.44167,normalised
78.01359057426453,,,0.67996,0.60551,1,,,,,,,,,GP3,0.67996,0.60551,0.2474,0.44167,normalised
78.03045701980591,,,0.68087,0.60683,1,,,,,,,,,GP3,0.68087,0.60683,0.2474,0.44167,normalised
78.04588794708252,,,0.68066,0.60613,1,,,,,,,,,GP3,0.68066,0.60613,0.2474,0.44167,normalised
78.0628752708435,,,0.68032,0.60585,1,,,,,,,,,GP3,0.68032,0.60585,0.2474,0.44167,normalised
78.07754373550415,,,0.68,0.6056,1,,,,,,,,,GP3,0.68,0.6056,0.2474,0.44167,normalised
78.09409022331238,,,0.67937,0.60445,1,,,,,,,,,GP3,0.67937,0.60445,0.2474,0.44167,normalised
78.11192679405212,,,0.67859,0.60294,1,,,,,,,,,GP3,0.67859,0.60294,0.2474,0.44167,normalised
78.12648463249207,,,0.67786,0.60153,1,,,,,,,,,GP3,0.67786,0.60153,0.2474,0.44167,normalised
78.14200830459595,,,0.67723,0.60047,1,,,,,,,,,GP3,0.67723,0.60047,0.2474,0.44167,normalised
78.15784120559692,,,0.67681,0.59963,1,,,,,,,,,GP3,0.67681,0.59963,0.2474,0.44167,normalised
78.17593097686768,,,0.67642,0.59885,1,,,,,,,,,GP3,0.67642,0.59885,0.2474,0.44167,normalised
78.19136953353882,,,0.67572,0.59849,1,,,,,,,,,GP3,0.67572,0.59849,0.2474,0.44167,normalised
78.2093403339386,,,0.67505,0.59753,1,,,,,,,,,GP3,0.67505,0.59753,0.2474,0.44167,normalised
78.22554779052734,,,0.67442,0.59663,1,,,,,,,,,GP3,0.67442,0.59663,0.2474,0.44167,normalised
78.23936820030212,,,0.67422,0.59693,1,,,,,,,,,GP3,0.67422,0.59693,0.2474,0.44167,normalised
78.25622272491455,,,0.6744,0.59775,1,,,,,,,,,GP3,0.6744,0.59775,0.2474,0.44167,normalised
78.27139616012573,,,0.67457,0.59854,1,,,,,,,,,GP3,0.67457,0.59854,0.2474,0.44167,normalised
78.28770518302917,,,0.67414,0.59822,1,,,,,,,,,GP3,0.67414,0.59822,0.2474,0.44167,normalised
78.30388259887695,,,0.67373,0.59836,1,,,,,,,,,GP3,0.67373,0.59836,0.2474,0.44167,normalised
78.32180857658386,,,0.67329,0.59832,1,,,,,,,,,GP3,0.67329,0.59832,0.2474,0.44167,normalised
78.33854508399963,,,0.67366,0.59914,1,,,,,,,,,GP3,0.67366,0.59914,0.2474,0.44167,normalised
78.35492491722107,,,0.67414,0.59933,1,,,,,,,,,GP3,0.67414,0.59933,0.2474,0.44167,normalised
78.3728129863739,,,0.67452,0.59927,1,,,,,,,,,GP3,0.67452,0.59927,0.2474,0.44167,normalised
78.38566780090332,,,0.67445,0.59909,1,,,,,,,,,GP3,0.67445,0.59909,0.2474,0.44167,normalised
78.402263879776,,,0.67418,0.59885,1,,,,,,,,,GP3,0.67418,0.59885,0.2474,0.44167,normalised
78.41989588737488,,,0.67392,0.59863,1,,,,,,,,,GP3,0.67392,0.59863,0.2474,0.44167,normalised
78.4348475933075,,,0.67428,0.59895,1,,,,,,,,,GP3,0.67428,0.59895,0.2474,0.44167,normalised
78.45206451416016,,,0.67467,0.59874,1,,,,,,,,,GP3,0.67467,0.59874,0.2474,0.44167,normalised
78.4676775932312,,,0.67498,0.5983,1,,,,,,,,,GP3,0.67498,0.5983,0.2474,0.44167,normalised
78.48247838020325,,,0.67518,0.59815,1,,,,,,,,,GP3,0.67518,0.59815,0.2474,0.44167,normalised
78.4982259273529,,,0.67442,0.59626,1,,,,,,,,,GP3,0.67442,0.59626,0.2474,0.44167,normalised
78.51426815986633,,,0.67366,0.59438,1,,,,,,,,,GP3,0.67366,0.59438,0.2474,0.44167,normalised
78.53083181381226,,,0.67274,0.59281,1,,,,,,,,,GP3,0.67274,0.59281,0.2474,0.44167,normalised
78.5486352443695,,,0.67221,0.59175,1,,,,,,,,,GP3,0.67221,0.59175,0.2474,0.44167,normalised
78.56241250038147,,,0.67168,0.59069,1,,,,,,,,,GP3,0.67168,0.59069,0.2474,0.44167,normalised
78.57909274101257,,,0.6716,0.58965,1,,,,,,,,,GP3,0.6716,0.58965,0.2474,0.44167,normalised
78.59613084793091,,,0.67177,0.58854,1,,,,,,,,,GP3,0.67177,0.58854,0.2474,0.44167,normalised
78.61407899856567,,,0.67194,0.58744,1,,,,,,,,,GP3,0.67194,0.58744,0.2474,0.44167,normalised
78.6270534992218,,,0.672,0.58685,1,,,,,,,,,GP3,0.672,0.58685,0.2474,0.44167,normalised
78.64475512504578,,,0.67225,0.58723,1,,,,,,,,,GP3,0.67225,0.58723,0.2474,0.44167,normalised
78.66032195091248,,,0.6725,0.58761,1,,,,,,,,,GP3,0.6725,0.58761,0.2474,0.44167,normalised
78.678142786026,,,0.67254,0.58743,1,,,,,,,,,GP3,0.67254,0.58743,0.2474,0.44167,normalised
78.69286298751831,,,0.67183,0.58661,1,,,,,,,,,GP3,0.67183,0.58661,0.2474,0.44167,normalised
78.70910048484802,,,0.67121,0.58611,1,,,,,,,,,GP3,0.67121,0.58611,0.2474,0.44167,normalised
78.72491383552551,,,0.67099,0.58555,1,,,,,,,,,GP3,0.67099,0.58555,0.2474,0.44167,normalised
78.74214100837708,,,0.67057,0.5853,1,,,,,,,,,GP3,0.67057,0.5853,0.2474,0.44167,normalised
78.75698828697205,,,0.6702,0.58521,1,,,,,,,,,GP3,0.6702,0.58521,0.2474,0.44167,normalised
78.77390098571777,,,0.66988,0.58504,1,,,,,,,,,GP3,0.66988,0.58504,0.2474,0.44167,normalised
78.791996717453,,,0.6695,0.58447,1,,,,,,,,,GP3,0.6695,0.58447,0.2474,0.44167,normalised
78.8054370880127,,,0.66898,0.58344,1,,,,,,,,,GP3,0.66898,0.58344,0.2474,0.44167,normalised
78.82215452194214,,,0.66846,0.58255,1,,,,,,,,,GP3,0.66846,0.58255,0.2474,0.44167,normalised
78.84020280838013,,,0.66835,0.58194,1,,,,,,,,,GP3,0.66835,0.58194,0.2474,0.44167,normalised
78.85461378097534,,,0.66829,0.5815,1,,,,,,,,,GP3,0.66829,0.5815,0.2474,0.44167,normalised
78.87039589881897,,,0.66837,0.5819,1,,,,,,,,,GP3,0.66837,0.5819,0.2474,0.44167,normalised
78.88713502883911,,,0.66847,0.5822,1,,,,,,,,,GP3,0.66847,0.5822,0.2474,0.44167,normalised
78.90246510505676,,,0.66865,0.58274,1,,,,,,,,,GP3,0.66865,0.58274,0.2474,0.44167,normalised
78.91930603981018,,,0.66912,0.58398,1,,,,,,,,,GP3,0.66912,0.58398,0.2474,0.44167,normalised
78.93583798408508,,,0.66952,0.58475,1,,,,,,,,,GP3,0.66952,0.58475,0.2474,0.44167,normalised
78.95299220085144,,,0.66984,0.5852,1,,,,,,,,,GP3,0.66984,0.5852,0.2474,0.44167,normalised
78.9680380821228,,,0.66907,0.58381,1,,,,,,,,,GP3,0.66907,0.58381,0.2474,0.44167,normalised
78.98448371887207,,,0.6741,0.57832,1,,,,,,,,,GP3,0.6741,0.57832,0.2474,0.44167,normalised
78.99995303153992,,,0.70077,0.53033,0,,,,,,,,,GP3,0.70077,0.53033,0.2474,0.44167,normalised
79.01619386672974,,,0.56813,0.64489,0,,,,,,,,,GP3,0.56813,0.64489,0.2474,0.44167,normalised
79.03297567367554,,,0.52829,0.67668,0,,,,,,,,,GP3,0.52829,0.67668,0.2474,0.44167,normalised
79.04761838912964,,,0.44424,0.74667,0,,,,,,,,,GP3,0.44424,0.74667,0.2474,0.44167,normalised
79.06484270095825,,,0.42202,0.75064,0,,,,,,,,,GP3,0.42202,0.75064,0.2474,0.44167,normalised
79.08235621452332,,,0.42416,0.75019,0,,,,,,,,,GP3,0.42416,0.75019,0.2474,0.44167,normalised
79.09672284126282,,,0.42523,0.74996,1,,,,,,,,,GP3,0.42523,0.74996,0.2474,0.44167,normalised
79.11327028274536,,,0.41798,0.74524,1,,,,,,,,,GP3,0.41798,0.74524,0.2474,0.44167,normalised
79.13005328178406,,,0.41373,0.74516,1,,,,,,,,,GP3,0.41373,0.74516,0.2474,0.44167,normalised
79.14650058746338,,,0.41069,0.7451,1,,,,,,,,,GP3,0.41069,0.7451,0.2474,0.44167,normalised
79.16116261482239,,,0.40979,0.74181,1,,,,,,,,,GP3,0.40979,0.74181,0.2474,0.44167,normalised
79.17798113822937,,,0.40798,0.7398,1,,,,,,,,,GP3,0.40798,0.7398,0.2474,0.44167,normalised
79.19530391693115,,,0.40688,0.73875,1,,,,,,,,,GP3,0.40688,0.73875,0.2474,0.44167,normalised
79.21004724502563,,,0.40744,0.74125,1,,,,,,,,,GP3,0.40744,0.74125,0.2474,0.44167,normalised
79.22554802894592,,,0.40935,0.74556,1,,,,,,,,,GP3,0.40935,0.74556,0.2474,0.44167,normalised
79.24252986907959,,,0.4111,0.74943,1,,,,,,,,,GP3,0.4111,0.74943,0.2474,0.44167,normalised
79.26015424728394,,,0.40456,0.75926,1,,,,,,,,,GP3,0.40456,0.75926,0.2474,0.44167,normalised
79.27381253242493,,,0.39481,0.75743,1,,,,,,,,,GP3,0.39481,0.75743,0.2474,0.44167,normalised
79.29302263259888,,,0.38661,0.75624,1,,,,,,,,,GP3,0.38661,0.75624,0.2474,0.44167,normalised
79.30669164657593,,,0.37996,0.75769,1,,,,,,,,,GP3,0.37996,0.75769,0.2474,0.44167,normalised
79.32347273826599,,,0.37956,0.76685,1,,,,,,,,,GP3,0.37956,0.76685,0.2474,0.44167,normalised
79.3394501209259,,,0.36226,0.79435,0,,,,,,,,,GP3,0.36226,0.79435,0.2474,0.44167,normalised
79.35610818862915,,,0.34002,0.8134,0,,,,,,,,,GP3,0.34002,0.8134,0.2474,0.44167,normalised
79.3717930316925,,,0.32247,0.81489,0,,,,,,,,,GP3,0.32247,0.81489,0.2474,0.44167,normalised
79.38836312294006,,,0.31173,0.81332,1,,,,,,,,,GP3,0.31173,0.81332,0.2474,0.44167,normalised
79.40524101257324,,,0.29075,0.8079,1,,,,,,,,,GP3,0.29075,0.8079,0.2474,0.44167,normalised
79.42082667350769,,,0.27914,0.81215,1,,,,,,,,,GP3,0.27914,0.81215,0.2474,0.44167,normalised
79.43670725822449,,,0.27121,0.81556,1,,,,,,,,,GP3,0.27121,0.81556,0.2474,0.44167,normalised
79.45361566543579,,,0.2439,0.812,1,,,,,,,,,GP3,0.2439,0.812,0.2474,0.44167,normalised
79.46812582015991,,,0.22168,0.80724,1,,,,,,,,,GP3,0.22168,0.80724,0.2474,0.44167,normalised
79.48499488830566,,,0.20242,0.80214,1,,,,,,,,,GP3,0.20242,0.80214,0.2474,0.44167,normalised
79.50149059295654,,,0.19068,0.80138,1,,,,,,,,,GP3,0.19068,0.80138,0.2474,0.44167,normalised
79.51830720901489,,,0.18028,0.79806,1,,,,,,,,,GP3,0.18028,0.79806,0.2474,0.44167,normalised
79.53297781944275,,,0.17061,0.79433,1,,,,,,,,,GP3,0.17061,0.79433,0.2474,0.44167,normalised
79.54886817932129,,,0.1284,0.78437,0,,,,,,,,,GP3,0.1284,0.78437,0.2474,0.44167,normalised
79.56702637672424,,,0.07158,0.74387,0,,,,,,,,,GP3,0.07158,0.74387,0.2474,0.44167,normalised
79.58370804786682,,,0.05264,0.73037,0,,,,,,,,,GP3,0.05264,0.73037,0.2474,0.44167,normalised
79.59832859039307,,,0.02706,0.71469,0,,,,,,,,,GP3,0.02706,0.71469,0.2474,0.44167,normalised
79.61493158340454,,,0.01543,0.71679,0,,,,,,,,,GP3,0.01543,0.71679,0.2474,0.44167,normalised
79.63091993331909,,,0.01543,0.72087,0,,,,,,,,,GP3,0.01543,0.72087,0.2474,0.44167,normalised
79.64669680595398,,,0.56334,1.51902,0,,,,,,,,,GP3,0.56334,1.51902,0.2474,0.44167,normalised
79.66234827041626,,,0.56334,1.51902,0,,,,,,,,,GP3,0.56334,1.51902,0.2474,0.44167,normalised
79.68161582946777,,,0.56334,1.51902,0,,,,,,,,,GP3,0.56334,1.51902,0.2474,0.44167,normalised
79.69638848304749,,,0.0,0.0,0,,,,,,,,,GP3,0.0,0.0,0.2474,0.44167,normalised
79.71409726142883,,,0.0,0.0,0,,,,,,,,,GP3,0.0,0.0,0.2474,0.44167,normalised
79.73094177246094,,,0.0,0.0,0,,,,,,,,,GP3,0.0,0.0,0.2474,0.44167,normalised
79.74526572227478,,,0.0,0.0,0,,,,,,,,,GP3,0.0,0.0,0.2474,0.44167,normalised
79.76221203804016,,,0.0,0.0,0,,,,,,,,,GP3,0.0,0.0,0.2474,0.44167,normalised
79.77731466293335,,,0.0,0.0,0,,,,,,,,,GP3,0.0,0.0,0.2474,0.44167,normalised
79.7951455116272,,,0.0,0.0,0,,,,,,,,,GP3,0.0,0.0,0.2474,0.44167,normalised
79.81277585029602,,,0.0,0.0,0,,,,,,,,,GP3,0.0,0.0,0.2474,0.44167,normalised
79.82675051689148,,,0.0,0.0,0,,,,,,,,,GP3,0.0,0.0,0.2474,0.44167,normalised
79.84457159042358,,,0.0,0.0,0,,,,,,,,,GP3,0.0,0.0,0.2474,0.44167,normalised
79.85804772377014,,,0.0,0.0,0,,,,,,,,,GP3,0.0,0.0,0.2474,0.44167,normalised
79.87576818466187,,,0.0,0.0,0,,,,,,,,,GP3,0.0,0.0,0.2474,0.44167,normalised
79.8910322189331,,,0.0,0.0,0,,,,,,,,,GP3,0.0,0.0,0.2474,0.44167,normalised
79.9079179763794,,,0.0,0.0,0,,,,,,,,,GP3,0.0,0.0,0.2474,0.44167,normalised
79.92363405227661,,,0.0,0.0,0,,,,,,,,,GP3,0.0,0.0,0.2474,0.44167,normalised
79.94030213356018,,,0.0,0.0,0,,,,,,,,,GP3,0.0,0.0,0.2474,0.44167,normalised
79.95592403411865,,,0.0,0.0,0,,,,,,,,,GP3,0.0,0.0,0.2474,0.44167,normalised
79.97198724746704,,,0.0,0.0,0,,,,,,,,,GP3,0.0,0.0,0.2474,0.44167,normalised
79.98957967758179,,,0.0,0.0,0,,,,,,,,,GP3,0.0,0.0,0.2474,0.44167,normalised
80.00675702095032,,,0.0,0.0,0,,,,,,,,,GP3,0.0,0.0,0.2474,0.44167,normalised
80.02299070358276,,,0.82211,1.52728,0,,,,,,,,,GP3,0.82211,1.52728,0.2474,0.44167,normalised
80.0363941192627,,,0.83444,1.88634,0,,,,,,,,,GP3,0.83444,1.88634,0.2474,0.44167,normalised
80.05182909965515,,,0.43038,1.31444,0,,,,,,,,,GP3,0.43038,1.31444,0.2474,0.44167,normalised
80.06633138656616,,,0.2895,1.11871,0,,,,,,,,,GP3,0.2895,1.11871,0.2474,0.44167,normalised
80.08385825157166,,,0.00762,0.73342,0,,,,,,,,,GP3,0.00762,0.73342,0.2474,0.44167,normalised
80.10089898109436,,,0.00566,0.73068,0,,,,,,,,,GP3,0.00566,0.73068,0.2474,0.44167,normalised
80.1169662475586,,,-0.00171,0.72391,0,,,,,,,,,GP3,-0.00171,0.72391,0.2474,0.44167,normalised
80.13149499893188,,,-0.01423,0.7105,1,,,,,,,,,GP3,-0.01423,0.7105,0.2474,0.44167,normalised
80.14916181564331,,,-0.02147,0.70435,1,,,,,,,,,GP3,-0.02147,0.70435,0.2474,0.44167,normalised
80.16367959976196,,,-0.02684,0.69969,1,,,,,,,,,GP3,-0.02684,0.69969,0.2474,0.44167,normalised
80.18119478225708,,,-0.03115,0.69608,1,,,,,,,,,GP3,-0.03115,0.69608,0.2474,0.44167,normalised
80.19779920578003,,,-0.03058,0.69582,1,,,,,,,,,GP3,-0.03058,0.69582,0.2474,0.44167,normalised
80.21232199668884,,,-0.0298,0.69598,1,,,,,,,,,GP3,-0.0298,0.69598,0.2474,0.44167,normalised
80.22895550727844,,,-0.03302,0.69373,1,,,,,,,,,GP3,-0.03302,0.69373,0.2474,0.44167,normalised
80.24659609794617,,,-0.03534,0.69191,1,,,,,,,,,GP3,-0.03534,0.69191,0.2474,0.44167,normalised
80.26112484931946,,,-0.03812,0.68964,1,,,,,,,,,GP3,-0.03812,0.68964,0.2474,0.44167,normalised
80.278653383255,,,-0.04234,0.68554,1,,,,,,,,,GP3,-0.04234,0.68554,0.2474,0.44167,normalised
80.29453039169312,,,-0.04653,0.68252,1,,,,,,,,,GP3,-0.04653,0.68252,0.2474,0.44167,normalised
80.30959558486938,,,-0.04968,0.6803,1,,,,,,,,,GP3,-0.04968,0.6803,0.2474,0.44167,normalised
80.32732582092285,,,-0.04757,0.68052,1,,,,,,,,,GP3,-0.04757,0.68052,0.2474,0.44167,normalised
80.34307980537415,,,-0.04598,0.68085,1,,,,,,,,,GP3,-0.04598,0.68085,0.2474,0.44167,normalised
80.36058759689331,,,-0.0444,0.68132,1,,,,,,,,,GP3,-0.0444,0.68132,0.2474,0.44167,normalised
80.37462639808655,,,-0.04553,0.67941,1,,,,,,,,,GP3,-0.04553,0.67941,0.2474,0.44167,normalised
80.39018559455872,,,-0.04691,0.67794,1,,,,,,,,,GP3,-0.04691,0.67794,0.2474,0.44167,normalised
80.40741395950317,,,-0.04865,0.67617,1,,,,,,,,,GP3,-0.04865,0.67617,0.2474,0.44167,normalised
80.4234561920166,,,-0.04994,0.67428,1,,,,,,,,,GP3,-0.04994,0.67428,0.2474,0.44167,normalised
80.4396858215332,,,-0.0513,0.67275,1,,,,,,,,,GP3,-0.0513,0.67275,0.2474,0.44167,normalised
80.45581865310669,,,-0.05255,0.67135,1,,,,,,,,,GP3,-0.05255,0.67135,0.2474,0.44167,normalised
80.47077131271362,,,-0.05357,0.67012,1,,,,,,,,,GP3,-0.05357,0.67012,0.2474,0.44167,normalised
80.48810386657715,,,-0.05445,0.66865,1,,,,,,,,,GP3,-0.05445,0.66865,0.2474,0.44167,normalised
80.50457692146301,,,-0.05526,0.66729,1,,,,,,,,,GP3,-0.05526,0.66729,0.2474,0.44167,normalised
80.52289819717407,,,-0.05557,0.66585,1,,,,,,,,,GP3,-0.05557,0.66585,0.2474,0.44167,normalised
80.53652453422546,,,-0.06996,0.64166,0,,,,,,,,,GP3,-0.06996,0.64166,0.2474,0.44167,normalised
80.55204248428345,,,-0.06765,0.63604,0,,,,,,,,,GP3,-0.06765,0.63604,0.2474,0.44167,normalised
80.56799006462097,,,-0.06531,0.64427,0,,,,,,,,,GP3,-0.06531,0.64427,0.2474,0.44167,normalised
80.58494901657104,,,-0.06246,0.64514,1,,,,,,,,,GP3,-0.06246,0.64514,0.2474,0.44167,normalised
80.60283899307251,,,-0.06076,0.64567,1,,,,,,,,,GP3,-0.06076,0.64567,0.2474,0.44167,normalised
80.6176061630249,,,-0.06343,0.6407,1,,,,,,,,,GP3,-0.06343,0.6407,0.2474,0.44167,normalised
80.63527417182922,,,-0.06008,0.64619,1,,,,,,,,,GP3,-0.06008,0.64619,0.2474,0.44167,normalised
80.6490433216095,,,-0.05852,0.64951,1,,,,,,,,,GP3,-0.05852,0.64951,0.2474,0.44167,normalised
80.66691970825195,,,-0.06153,0.64726,1,,,,,,,,,GP3,-0.06153,0.64726,0.2474,0.44167,normalised
80.68124651908875,,,-0.06374,0.6461,1,,,,,,,,,GP3,-0.06374,0.6461,0.2474,0.44167,normalised
80.6989471912384,,,-0.06586,0.64483,1,,,,,,,,,GP3,-0.06586,0.64483,0.2474,0.44167,normalised
80.71353650093079,,,-0.06717,0.64127,1,,,,,,,,,GP3,-0.06717,0.64127,0.2474,0.44167,normalised
80.72988677024841,,,-0.06644,0.64158,1,,,,,,,,,GP3,-0.06644,0.64158,0.2474,0.44167,normalised
80.74665951728821,,,-0.06558,0.64211,1,,,,,,,,,GP3,-0.06558,0.64211,0.2474,0.44167,normalised
80.76322793960571,,,-0.0659,0.64221,1,,,,,,,,,GP3,-0.0659,0.64221,0.2474,0.44167,normalised
80.77919173240662,,,-0.06877,0.63923,1,,,,,,,,,GP3,-0.06877,0.63923,0.2474,0.44167,normalised
80.79541444778442,,,-0.07193,0.63601,1,,,,,,,,,GP3,-0.07193,0.63601,0.2474,0.44167,normalised
80.8124144077301,,,-0.07335,0.63562,1,,,,,,,,,GP3,-0.07335,0.63562,0.2474,0.44167,normalised
80.82921886444092,,,-0.07525,0.63473,1,,,,,,,,,GP3,-0.07525,0.63473,0.2474,0.44167,normalised
80.843829870224,,,-0.07695,0.63392,1,,,,,,,,,GP3,-0.07695,0.63392,0.2474,0.44167,normalised
80.86016726493835,,,-0.07792,0.63319,1,,,,,,,,,GP3,-0.07792,0.63319,0.2474,0.44167,normalised
80.87791609764099,,,-0.07785,0.63414,1,,,,,,,,,GP3,-0.07785,0.63414,0.2474,0.44167,normalised
80.8932933807373,,,-0.07746,0.63528,1,,,,,,,,,GP3,-0.07746,0.63528,0.2474,0.44167,normalised
80.9084997177124,,,-0.07651,0.63531,1,,,,,,,,,GP3,-0.07651,0.63531,0.2474,0.44167,normalised
80.92421865463257,,,-0.07625,0.63547,1,,,,,,,,,GP3,-0.07625,0.63547,0.2474,0.44167,normalised
80.93999719619751,,,-0.07559,0.636,1,,,,,,,,,GP3,-0.07559,0.636,0.2474,0.44167,normalised
80.95657420158386,,,-0.07469,0.63629,1,,,,,,,,,GP3,-0.07469,0.63629,0.2474,0.44167,normalised
80.97375750541687,,,-0.07405,0.63713,1,,,,,,,,,GP3,-0.07405,0.63713,0.2474,0.44167,normalised
80.99039435386658,,,-0.07345,0.63791,1,,,,,,,,,GP3,-0.07345,0.63791,0.2474,0.44167,normalised
81.00434565544128,,,-0.0728,0.63893,1,,,,,,,,,GP3,-0.0728,0.63893,0.2474,0.44167,normalised
81.02107667922974,,,-0.07171,0.6398,1,,,,,,,,,GP3,-0.07171,0.6398,0.2474,0.44167,normalised
81.0379102230072,,,-0.07093,0.64041,1,,,,,,,,,GP3,-0.07093,0.64041,0.2474,0.44167,normalised
81.05402898788452,,,-0.07112,0.63975,1,,,,,,,,,GP3,-0.07112,0.63975,0.2474,0.44167,normalised
81.07197189331055,,,-0.07146,0.63847,1,,,,,,,,,GP3,-0.07146,0.63847,0.2474,0.44167,normalised
81.08734846115112,,,-0.07169,0.63733,1,,,,,,,,,GP3,-0.07169,0.63733,0.2474,0.44167,normalised
81.10385704040527,,,-0.07088,0.63761,1,,,,,,,,,GP3,-0.07088,0.63761,0.2474,0.44167,normalised
81.11857008934021,,,-0.06931,0.63843,1,,,,,,,,,GP3,-0.06931,0.63843,0.2474,0.44167,normalised
81.13510918617249,,,-0.06746,0.63956,1,,,,,,,,,GP3,-0.06746,0.63956,0.2474,0.44167,normalised
81.15263986587524,,,-0.06688,0.63978,1,,,,,,,,,GP3,-0.06688,0.63978,0.2474,0.44167,normalised
81.16705513000488,,,-0.06589,0.64008,1,,,,,,,,,GP3,-0.06589,0.64008,0.2474,0.44167,normalised
81.18458437919617,,,-0.06519,0.64014,1,,,,,,,,,GP3,-0.06519,0.64014,0.2474,0.44167,normalised
81.19910264015198,,,-0.06492,0.64019,1,,,,,,,,,GP3,-0.06492,0.64019,0.2474,0.44167,normalised
81.21660137176514,,,-0.06441,0.63992,1,,,,,,,,,GP3,-0.06441,0.63992,0.2474,0.44167,normalised
81.23110866546631,,,-0.06393,0.63966,1,,,,,,,,,GP3,-0.06393,0.63966,0.2474,0.44167,normalised
81.2486686706543,,,-0.06397,0.63936,1,,,,,,,,,GP3,-0.06397,0.63936,0.2474,0.44167,normalised
81.26343989372253,,,-0.06454,0.63885,1,,,,,,,,,GP3,-0.06454,0.63885,0.2474,0.44167,normalised
81.2801365852356,,,-0.06524,0.63822,1,,,,,,,,,GP3,-0.06524,0.63822,0.2474,0.44167,normalised
81.29783630371094,,,-0.06611,0.6376,1,,,,,,,,,GP3,-0.06611,0.6376,0.2474,0.44167,normalised
81.31236100196838,,,-0.06721,0.63722,1,,,,,,,,,GP3,-0.06721,0.63722,0.2474,0.44167,normalised
81.33146381378174,,,-0.06864,0.63686,1,,,,,,,,,GP3,-0.06864,0.63686,0.2474,0.44167,normalised
81.34597778320312,,,-0.07001,0.6353,1,,,,,,,,,GP3,-0.07001,0.6353,0.2474,0.44167,normalised
81.36154222488403,,,-0.07206,0.63365,1,,,,,,,,,GP3,-0.07206,0.63365,0.2474,0.44167,normalised
81.37918591499329,,,-0.09785,0.61086,0,,,,,,,,,GP3,-0.09785,0.61086,0.2474,0.44167,normalised
81.39301466941833,,,-0.08464,0.6174,0,,,,,,,,,GP3,-0.08464,0.6174,0.2474,0.44167,normalised
81.40984582901001,,,-0.07368,0.61846,0,,,,,,,,,GP3,-0.07368,0.61846,0.2474,0.44167,normalised
81.42748236656189,,,-0.06665,0.62079,1,,,,,,,,,GP3,-0.06665,0.62079,0.2474,0.44167,normalised
81.44166016578674,,,-0.05929,0.62053,1,,,,,,,,,GP3,-0.05929,0.62053,0.2474,0.44167,normalised
81.45788264274597,,,-0.06335,0.61867,1,,,,,,,,,GP3,-0.06335,0.61867,0.2474,0.44167,normalised
81.47451305389404,,,-0.06911,0.61462,1,,,,,,,,,GP3,-0.06911,0.61462,0.2474,0.44167,normalised
81.49028539657593,,,-0.07345,0.61446,1,,,,,,,,,GP3,-0.07345,0.61446,0.2474,0.44167,normalised
81.50737571716309,,,-0.07876,0.61118,1,,,,,,,,,GP3,-0.07876,0.61118,0.2474,0.44167,normalised
81.5230884552002,,,-0.08159,0.60979,1,,,,,,,,,GP3,-0.08159,0.60979,0.2474,0.44167,normalised
81.54097580909729,,,-0.08131,0.61007,1,,,,,,,,,GP3,-0.08131,0.61007,0.2474,0.44167,normalised
81.5559151172638,,,-0.07911,0.61166,1,,,,,,,,,GP3,-0.07911,0.61166,0.2474,0.44167,normalised
81.57139849662781,,,-0.07563,0.61454,1,,,,,,,,,GP3,-0.07563,0.61454,0.2474,0.44167,normalised
81.58768725395203,,,-0.07018,0.61914,1,,,,,,,,,GP3,-0.07018,0.61914,0.2474,0.44167,normalised
81.60492300987244,,,-0.06598,0.62263,1,,,,,,,,,GP3,-0.06598,0.62263,0.2474,0.44167,normalised
81.61922574043274,,,-0.06321,0.62488,1,,,,,,,,,GP3,-0.06321,0.62488,0.2474,0.44167,normalised
81.63621759414673,,,-0.06068,0.62724,1,,,,,,,,,GP3,-0.06068,0.62724,0.2474,0.44167,normalised
81.65259051322937,,,-0.05975,0.62778,1,,,,,,,,,GP3,-0.05975,0.62778,0.2474,0.44167,normalised
81.66764402389526,,,-0.05995,0.62724,1,,,,,,,,,GP3,-0.05995,0.62724,0.2474,0.44167,normalised
81.68569016456604,,,-0.06021,0.62833,1,,,,,,,,,GP3,-0.06021,0.62833,0.2474,0.44167,normalised
81.70225214958191,,,-0.06151,0.62641,1,,,,,,,,,GP3,-0.06151,0.62641,0.2474,0.44167,normalised
81.71619939804077,,,-0.0627,0.62467,1,,,,,,,,,GP3,-0.0627,0.62467,0.2474,0.44167,normalised
81.73385739326477,,,-0.06318,0.62384,1,,,,,,,,,GP3,-0.06318,0.62384,0.2474,0.44167,normalised
81.75081777572632,,,-0.06439,0.62441,1,,,,,,,,,GP3,-0.06439,0.62441,0.2474,0.44167,normalised
81.76568818092346,,,-0.0655,0.62492,1,,,,,,,,,GP3,-0.0655,0.62492,0.2474,0.44167,normalised
81.78334903717041,,,-0.06546,0.62527,1,,,,,,,,,GP3,-0.06546,0.62527,0.2474,0.44167,normalised
81.7995445728302,,,-0.06676,0.62516,1,,,,,,,,,GP3,-0.06676,0.62516,0.2474,0.44167,normalised
81.81348252296448,,,-0.06796,0.62506,1,,,,,,,,,GP3,-0.06796,0.62506,0.2474,0.44167,normalised
81.82983565330505,,,-0.06761,0.62544,1,,,,,,,,,GP3,-0.06761,0.62544,0.2474,0.44167,normalised
81.84662437438965,,,-0.06759,0.62489,1,,,,,,,,,GP3,-0.06759,0.62489,0.2474,0.44167,normalised
81.863365650177,,,-0.06694,0.62494,1,,,,,,,,,GP3,-0.06694,0.62494,0.2474,0.44167,normalised
81.87826538085938,,,-0.06484,0.62668,1,,,,,,,,,GP3,-0.06484,0.62668,0.2474,0.44167,normalised
81.89456582069397,,,-0.06103,0.62968,1,,,,,,,,,GP3,-0.06103,0.62968,0.2474,0.44167,normalised
81.91259837150574,,,-0.05658,0.63333,1,,,,,,,,,GP3,-0.05658,0.63333,0.2474,0.44167,normalised
81.92841172218323,,,-0.02888,0.66246,0,,,,,,,,,GP3,-0.02888,0.66246,0.2474,0.44167,normalised
81.94305992126465,,,0.05453,0.7154,0,,,,,,,,,GP3,0.05453,0.7154,0.2474,0.44167,normalised
81.95997738838196,,,0.08319,0.73374,0,,,,,,,,,GP3,0.08319,0.73374,0.2474,0.44167,normalised
81.97622513771057,,,0.15506,0.79005,0,,,,,,,,,GP3,0.15506,0.79005,0.2474,0.44167,normalised
81.99378943443298,,,0.39406,0.91654,0,,,,,,,,,GP3,0.39406,0.91654,0.2474,0.44167,normalised
82.00778198242188,,,0.4741,0.96061,0,,,,,,,,,GP3,0.4741,0.96061,0.2474,0.44167,normalised
82.02473783493042,,,0.60891,1.01097,0,,,,,,,,,GP3,0.60891,1.01097,0.2474,0.44167,normalised
82.04089689254761,,,0.55186,0.94558,0,,,,,,,,,GP3,0.55186,0.94558,0.2474,0.44167,normalised
82.05688738822937,,,0.53392,0.92548,0,,,,,,,,,GP3,0.53392,0.92548,0.2474,0.44167,normalised
82.0756402015686,,,0.65997,0.99013,1,,,,,,,,,GP3,0.65997,0.99013,0.2474,0.44167,normalised
82.08893132209778,,,0.75948,1.02627,0,,,,,,,,,GP3,0.75948,1.02627,0.2474,0.44167,normalised
82.10495591163635,,,0.88316,1.08803,0,,,,,,,,,GP3,0.88316,1.08803,0.2474,0.44167,normalised
82.1232316493988,,,1.04047,1.20785,0,,,,,,,,,GP3,1.04047,1.20785,0.2474,0.44167,normalised
82.13836526870728,,,1.23292,1.3429,0,,,,,,,,,GP3,1.23292,1.3429,0.2474,0.44167,normalised
82.15298080444336,,,1.28493,1.38712,0,,,,,,,,,GP3,1.28493,1.38712,0.2474,0.44167,normalised
82.1698637008667,,,1.30937,1.41024,0,,,,,,,,,GP3,1.30937,1.41024,0.2474,0.44167,normalised
82.18572688102722,,,1.36714,1.46836,0,,,,,,,,,GP3,1.36714,1.46836,0.2474,0.44167,normalised
82.20338869094849,,,1.38636,1.49315,0,,,,,,,,,GP3,1.38636,1.49315,0.2474,0.44167,normalised
82.22009491920471,,,1.38196,1.4731,0,,,,,,,,,GP3,1.38196,1.4731,0.2474,0.44167,normalised
82.23426985740662,,,1.37876,1.46173,1,,,,,,,,,GP3,1.37876,1.46173,0.2474,0.44167,normalised
82.25188088417053,,,1.37681,1.45492,1,,,,,,,,,GP3,1.37681,1.45492,0.2474,0.44167,normalised
82.26631450653076,,,1.38434,1.45097,1,,,,,,,,,GP3,1.38434,1.45097,0.2474,0.44167,normalised
82.28277897834778,,,1.38858,1.44572,1,,,,,,,,,GP3,1.38858,1.44572,0.2474,0.44167,normalised
82.29953408241272,,,1.39212,1.4415,1,,,,,,,,,GP3,1.39212,1.4415,0.2474,0.44167,normalised
82.31697034835815,,,1.39908,1.42921,1,,,,,,,,,GP3,1.39908,1.42921,0.2474,0.44167,normalised
82.33149814605713,,,1.40276,1.42383,1,,,,,,,,,GP3,1.40276,1.42383,0.2474,0.44167,normalised
82.34840273857117,,,1.40612,1.41911,1,,,,,,,,,GP3,1.40612,1.41911,0.2474,0.44167,normalised
82.36452269554138,,,1.40987,1.41185,1,,,,,,,,,GP3,1.40987,1.41185,0.2474,0.44167,normalised
82.3795735836029,,,1.41398,1.40725,1,,,,,,,,,GP3,1.41398,1.40725,0.2474,0.44167,normalised
82.39905548095703,,,1.41757,1.40323,1,,,,,,,,,GP3,1.41757,1.40323,0.2474,0.44167,normalised
82.4128303527832,,,1.42065,1.39692,1,,,,,,,,,GP3,1.42065,1.39692,0.2474,0.44167,normalised
82.42961835861206,,,1.43798,1.3667,0,,,,,,,,,GP3,1.43798,1.3667,0.2474,0.44167,normalised
82.44736075401306,,,1.44832,1.33166,0,,,,,,,,,GP3,1.44832,1.33166,0.2474,0.44167,normalised
82.46208477020264,,,1.44754,1.31724,0,,,,,,,,,GP3,1.44754,1.31724,0.2474,0.44167,normalised
82.47672820091248,,,1.44017,1.31002,1,,,,,,,,,GP3,1.44017,1.31002,0.2474,0.44167,normalised
82.49407315254211,,,1.43487,1.30686,1,,,,,,,,,GP3,1.43487,1.30686,0.2474,0.44167,normalised
82.51112747192383,,,1.43906,1.31587,1,,,,,,,,,GP3,1.43906,1.31587,0.2474,0.44167,normalised
82.52515983581543,,,1.4394,1.32099,1,,,,,,,,,GP3,1.4394,1.32099,0.2474,0.44167,normalised
82.541823387146,,,1.44025,1.32416,1,,,,,,,,,GP3,1.44025,1.32416,0.2474,0.44167,normalised
82.55768489837646,,,1.44826,1.33081,1,,,,,,,,,GP3,1.44826,1.33081,0.2474,0.44167,normalised
82.573312997818,,,1.45142,1.33023,1,,,,,,,,,GP3,1.45142,1.33023,0.2474,0.44167,normalised
82.59011340141296,,,1.45429,1.32952,1,,,,,,,,,GP3,1.45429,1.32952,0.2474,0.44167,normalised
82.6064920425415,,,1.46052,1.32287,1,,,,,,,,,GP3,1.46052,1.32287,0.2474,0.44167,normalised
82.62322497367859,,,1.46506,1.31919,1,,,,,,,,,GP3,1.46506,1.31919,0.2474,0.44167,normalised
82.64095687866211,,,1.46819,1.31708,1,,,,,,,,,GP3,1.46819,1.31708,0.2474,0.44167,normalised
82.6546425819397,,,1.47046,1.31458,1,,,,,,,,,GP3,1.47046,1.31458,0.2474,0.44167,normalised
82.67310118675232,,,1.47267,1.313,1,,,,,,,,,GP3,1.47267,1.313,0.2474,0.44167,normalised
82.68784070014954,,,1.47441,1.31189,1,,,,,,,,,GP3,1.47441,1.31189,0.2474,0.44167,normalised
82.70361399650574,,,1.47486,1.30848,1,,,,,,,,,GP3,1.47486,1.30848,0.2474,0.44167,normalised
82.7204122543335,,,1.47504,1.30552,1,,,,,,,,,GP3,1.47504,1.30552,0.2474,0.44167,normalised
82.73806500434875,,,1.49852,1.28865,0,,,,,,,,,GP3,1.49852,1.28865,0.2474,0.44167,normalised
82.7528429031372,,,1.49656,1.27667,0,,,,,,,,,GP3,1.49656,1.27667,0.2474,0.44167,normalised
82.76908159255981,,,1.49784,1.27309,0,,,,,,,,,GP3,1.49784,1.27309,0.2474,0.44167,normalised
82.7834746837616,,,1.49932,1.27045,1,,,,,,,,,GP3,1.49932,1.27045,0.2474,0.44167,normalised
82.80045700073242,,,1.50392,1.27244,1,,,,,,,,,GP3,1.50392,1.27244,0.2474,0.44167,normalised
82.81690311431885,,,1.51,1.27267,1,,,,,,,,,GP3,1.51,1.27267,0.2474,0.44167,normalised
82.83336925506592,,,1.51517,1.27164,1,,,,,,,,,GP3,1.51517,1.27164,0.2474,0.44167,normalised
82.85001158714294,,,1.51747,1.26836,1,,,,,,,,,GP3,1.51747,1.26836,0.2474,0.44167,normalised
82.86545467376709,,,1.52034,1.27004,1,,,,,,,,,GP3,1.52034,1.27004,0.2474,0.44167,normalised
82.88230848312378,,,1.5227,1.27127,1,,,,,,,,,GP3,1.5227,1.27127,0.2474,0.44167,normalised
82.89676785469055,,,1.52453,1.27514,1,,,,,,,,,GP3,1.52453,1.27514,0.2474,0.44167,normalised
82.91635537147522,,,1.50192,1.23632,1,,,,,,,,,GP3,1.50192,1.23632,0.2474,0.44167,normalised
82.93039512634277,,,1.46497,1.18509,1,,,,,,,,,GP3,1.46497,1.18509,0.2474,0.44167,normalised
82.94602108001709,,,1.46497,1.18509,1,,,,,,,,,GP3,1.46497,1.18509,0.2474,0.44167,normalised
82.96671199798584,,,1.46497,1.18509,1,,,,,,,,,GP3,1.46497,1.18509,0.2474,0.44167,normalised
82.98166418075562,,,1.46497,1.18509,1,,,,,,,,,GP3,1.46497,1.18509,0.2474,0.44167,normalised
82.9953145980835,,,1.46217,1.17646,0,,,,,,,,,GP3,1.46217,1.17646,0.2474,0.44167,normalised
83.01209235191345,,,1.46217,1.17646,0,,,,,,,,,GP3,1.46217,1.17646,0.2474,0.44167,normalised
83.02789998054504,,,1.46217,1.17646,0,,,,,,,,,GP3,1.46217,1.17646,0.2474,0.44167,normalised
83.0451672077179,,,0.0,0.0,0,,,,,,,,,GP3,0.0,0.0,0.2474,0.44167,normalised
83.06161880493164,,,0.0,0.0,0,,,,,,,,,GP3,0.0,0.0,0.2474,0.44167,normalised
83.07752680778503,,,0.0,0.0,0,,,,,,,,,GP3,0.0,0.0,0.2474,0.44167,normalised
83.09522414207458,,,0.0,0.0,0,,,,,,,,,GP3,0.0,0.0,0.2474,0.44167,normalised
83.11217594146729,,,0.0,0.0,0,,,,,,,,,GP3,0.0,0.0,0.2474,0.44167,normalised
83.12481546401978,,,0.0,0.0,0,,,,,,,,,GP3,0.0,0.0,0.2474,0.44167,normalised
83.1430983543396,,,0.0,0.0,0,,,,,,,,,GP3,0.0,0.0,0.2474,0.44167,normalised
83.15921115875244,,,0.0,0.0,0,,,,,,,,,GP3,0.0,0.0,0.2474,0.44167,normalised
83.17670226097107,,,0.0,0.0,0,,,,,,,,,GP3,0.0,0.0,0.2474,0.44167,normalised
83.19245409965515,,,0.0,0.0,0,,,,,,,,,GP3,0.0,0.0,0.2474,0.44167,normalised
83.207927942276,,,0.0,0.0,0,,,,,,,,,GP3,0.0,0.0,0.2474,0.44167,normalised
83.22293019294739,,,0.0,0.0,0,,,,,,,,,GP3,0.0,0.0,0.2474,0.44167,normalised
83.23957872390747,,,0.0,0.0,0,,,,,,,,,GP3,0.0,0.0,0.2474,0.44167,normalised
83.25640392303467,,,0.0,0.0,0,,,,,,,,,GP3,0.0,0.0,0.2474,0.44167,normalised
83.27295899391174,,,0.0,0.0,0,,,,,,,,,GP3,0.0,0.0,0.2474,0.44167,normalised
83.29040741920471,,,0.0,0.0,0,,,,,,,,,GP3,0.0,0.0,0.2474,0.44167,normalised
83.30628252029419,,,0.0,0.0,0,,,,,,,,,GP3,0.0,0.0,0.2474,0.44167,normalised
83.32112884521484,,,0.0,0.0,0,,,,,,,,,GP3,0.0,0.0,0.2474,0.44167,normalised
83.33759450912476,,,0.0,0.0,0,,,,,,,,,GP3,0.0,0.0,0.2474,0.44167,normalised
83.35430979728699,,,0.0,0.0,0,,,,,,,,,GP3,0.0,0.0,0.2474,0.44167,normalised
83.36912059783936,,,0.74381,0.53464,0,,,,,,,,,GP3,0.74381,0.53464,0.2474,0.44167,normalised
83.38426303863525,,,1.6471,1.34148,0,,,,,,,,,GP3,1.6471,1.34148,0.2474,0.44167,normalised
83.40145444869995,,,1.73977,1.49164,0,,,,,,,,,GP3,1.73977,1.49164,0.2474,0.44167,normalised
83.4159882068634,,,1.64027,1.35151,0,,,,,,,,,GP3,1.64027,1.35151,0.2474,0.44167,normalised
83.4305055141449,,,1.62214,1.33922,1,,,,,,,,,GP3,1.62214,1.33922,0.2474,0.44167,normalised
83.44833159446716,,,1.60728,1.34558,1,,,,,,,,,GP3,1.60728,1.34558,0.2474,0.44167,normalised
83.46442914009094,,,1.59569,1.35111,1,,,,,,,,,GP3,1.59569,1.35111,0.2474,0.44167,normalised
83.48211812973022,,,1.58825,1.34178,1,,,,,,,,,GP3,1.58825,1.34178,0.2474,0.44167,normalised
83.4976875782013,,,1.58348,1.33548,1,,,,,,,,,GP3,1.58348,1.33548,0.2474,0.44167,normalised
83.51365160942078,,,1.57961,1.3307,1,,,,,,,,,GP3,1.57961,1.3307,0.2474,0.44167,normalised
83.52856087684631,,,1.5757,1.32815,1,,,,,,,,,GP3,1.5757,1.32815,0.2474,0.44167,normalised
83.54633498191833,,,1.5722,1.32562,1,,,,,,,,,GP3,1.5722,1.32562,0.2474,0.44167,normalised
83.56100058555603,,,1.56938,1.32346,1,,,,,,,,,GP3,1.56938,1.32346,0.2474,0.44167,normalised
83.57728219032288,,,1.5676,1.31858,1,,,,,,,,,GP3,1.5676,1.31858,0.2474,0.44167,normalised
83.59249019622803,,,1.53751,1.28494,0,,,,,,,,,GP3,1.53751,1.28494,0.2474,0.44167,normalised
83.61134672164917,,,1.54586,1.27082,0,,,,,,,,,GP3,1.54586,1.27082,0.2474,0.44167,normalised
83.62647700309753,,,1.53873,1.25228,0,,,,,,,,,GP3,1.53873,1.25228,0.2474,0.44167,normalised
83.64222431182861,,,1.53631,1.24354,1,,,,,,,,,GP3,1.53631,1.24354,0.2474,0.44167,normalised
83.65822720527649,,,1.53467,1.23847,1,,,,,,,,,GP3,1.53467,1.23847,0.2474,0.44167,normalised
83.6746723651886,,,1.53185,1.2348,1,,,,,,,,,GP3,1.53185,1.2348,0.2474,0.44167,normalised
83.69026160240173,,,1.53308,1.23856,1,,,,,,,,,GP3,1.53308,1.23856,0.2474,0.44167,normalised
83.70640850067139,,,1.53373,1.24179,1,,,,,,,,,GP3,1.53373,1.24179,0.2474,0.44167,normalised
83.7244086265564,,,1.53454,1.24288,1,,,,,,,,,GP3,1.53454,1.24288,0.2474,0.44167,normalised
83.74154472351074,,,1.5374,1.2474,1,,,,,,,,,GP3,1.5374,1.2474,0.2474,0.44167,normalised
83.75558471679688,,,1.53974,1.25109,1,,,,,,,,,GP3,1.53974,1.25109,0.2474,0.44167,normalised
83.77253794670105,,,1.54009,1.25259,1,,,,,,,,,GP3,1.54009,1.25259,0.2474,0.44167,normalised
83.78984379768372,,,1.54129,1.25508,1,,,,,,,,,GP3,1.54129,1.25508,0.2474,0.44167,normalised
83.80576086044312,,,1.54255,1.25693,1,,,,,,,,,GP3,1.54255,1.25693,0.2474,0.44167,normalised
83.82167410850525,,,1.54265,1.25647,1,,,,,,,,,GP3,1.54265,1.25647,0.2474,0.44167,normalised
83.837477684021,,,1.54301,1.25527,1,,,,,,,,,GP3,1.54301,1.25527,0.2474,0.44167,normalised
83.85458970069885,,,1.54345,1.25401,1,,,,,,,,,GP3,1.54345,1.25401,0.2474,0.44167,normalised
83.86927342414856,,,1.54372,1.25287,1,,,,,,,,,GP3,1.54372,1.25287,0.2474,0.44167,normalised
83.8864381313324,,,1.54361,1.25183,1,,,,,,,,,GP3,1.54361,1.25183,0.2474,0.44167,normalised
83.90263366699219,,,1.54343,1.25103,1,,,,,,,,,GP3,1.54343,1.25103,0.2474,0.44167,normalised
83.9193172454834,,,1.54317,1.25012,1,,,,,,,,,GP3,1.54317,1.25012,0.2474,0.44167,normalised
83.9341504573822,,,1.5423,1.24924,1,,,,,,,,,GP3,1.5423,1.24924,0.2474,0.44167,normalised
83.95082402229309,,,1.54151,1.24843,1,,,,,,,,,GP3,1.54151,1.24843,0.2474,0.44167,normalised
83.96754479408264,,,1.54141,1.24751,1,,,,,,,,,GP3,1.54141,1.24751,0.2474,0.44167,normalised
83.98441052436829,,,1.54121,1.24609,1,,,,,,,,,GP3,1.54121,1.24609,0.2474,0.44167,normalised
83.9988660812378,,,1.54109,1.24466,1,,,,,,,,,GP3,1.54109,1.24466,0.2474,0.44167,normalised
84.01489019393921,,,1.54115,1.24399,1,,,,,,,,,GP3,1.54115,1.24399,0.2474,0.44167,normalised
84.0318295955658,,,1.54165,1.24284,1,,,,,,,,,GP3,1.54165,1.24284,0.2474,0.44167,normalised
84.04806518554688,,,1.54217,1.24166,1,,,,,,,,,GP3,1.54217,1.24166,0.2474,0.44167,normalised
84.06469893455505,,,1.54228,1.24146,1,,,,,,,,,GP3,1.54228,1.24146,0.2474,0.44167,normalised
84.07844591140747,,,1.54255,1.24113,1,,,,,,,,,GP3,1.54255,1.24113,0.2474,0.44167,normalised
84.09651184082031,,,1.54275,1.24092,1,,,,,,,,,GP3,1.54275,1.24092,0.2474,0.44167,normalised
84.11135578155518,,,1.54166,1.23945,1,,,,,,,,,GP3,1.54166,1.23945,0.2474,0.44167,normalised
84.12923884391785,,,1.5425,1.24001,1,,,,,,,,,GP3,1.5425,1.24001,0.2474,0.44167,normalised
84.14489245414734,,,1.5433,1.24054,1,,,,,,,,,GP3,1.5433,1.24054,0.2474,0.44167,normalised
84.15964269638062,,,1.54409,1.24146,1,,,,,,,,,GP3,1.54409,1.24146,0.2474,0.44167,normalised
84.17647337913513,,,1.54508,1.24261,1,,,,,,,,,GP3,1.54508,1.24261,0.2474,0.44167,normalised
84.1923155784607,,,1.54606,1.24364,1,,,,,,,,,GP3,1.54606,1.24364,0.2474,0.44167,normalised
84.20721173286438,,,1.54612,1.24346,1,,,,,,,,,GP3,1.54612,1.24346,0.2474,0.44167,normalised
84.22443437576294,,,1.54665,1.24404,1,,,,,,,,,GP3,1.54665,1.24404,0.2474,0.44167,normalised
84.24216079711914,,,1.54716,1.24459,1,,,,,,,,,GP3,1.54716,1.24459,0.2474,0.44167,normalised
84.25823783874512,,,1.54712,1.24465,1,,,,,,,,,GP3,1.54712,1.24465,0.2474,0.44167,normalised
84.27405500411987,,,1.54738,1.24508,1,,,,,,,,,GP3,1.54738,1.24508,0.2474,0.44167,normalised
84.28908061981201,,,1.54762,1.24548,1,,,,,,,,,GP3,1.54762,1.24548,0.2474,0.44167,normalised
84.3038227558136,,,1.54766,1.24582,1,,,,,,,,,GP3,1.54766,1.24582,0.2474,0.44167,normalised
84.3217442035675,,,1.54766,1.24629,1,,,,,,,,,GP3,1.54766,1.24629,0.2474,0.44167,normalised
84.33688426017761,,,1.54763,1.2468,1,,,,,,,,,GP3,1.54763,1.2468,0.2474,0.44167,normalised
84.35371112823486,,,1.54699,1.2466,1,,,,,,,,,GP3,1.54699,1.2466,0.2474,0.44167,normalised
84.37048029899597,,,1.54652,1.24564,1,,,,,,,,,GP3,1.54652,1.24564,0.2474,0.44167,normalised
84.38647699356079,,,1.54569,1.24531,1,,,,,,,,,GP3,1.54569,1.24531,0.2474,0.44167,normalised
84.40342903137207,,,1.54484,1.24489,1,,,,,,,,,GP3,1.54484,1.24489,0.2474,0.44167,normalised
84.41762638092041,,,1.54507,1.24721,1,,,,,,,,,GP3,1.54507,1.24721,0.2474,0.44167,normalised
84.4360511302948,,,1.5453,1.24953,1,,,,,,,,,GP3,1.5453,1.24953,0.2474,0.44167,normalised
84.45057582855225,,,1.54542,1.25008,1,,,,,,,,,GP3,1.54542,1.25008,0.2474,0.44167,normalised
84.46853351593018,,,1.54452,1.24923,1,,,,,,,,,GP3,1.54452,1.24923,0.2474,0.44167,normalised
84.48292183876038,,,1.54366,1.24832,1,,,,,,,,,GP3,1.54366,1.24832,0.2474,0.44167,normalised
84.49994325637817,,,1.5435,1.24818,1,,,,,,,,,GP3,1.5435,1.24818,0.2474,0.44167,normalised
84.51473259925842,,,1.51685,1.24954,0,,,,,,,,,GP3,1.51685,1.24954,0.2474,0.44167,normalised
84.53141951560974,,,1.50562,1.23895,0,,,,,,,,,GP3,1.50562,1.23895,0.2474,0.44167,normalised
84.54819059371948,,,1.5097,1.23589,0,,,,,,,,,GP3,1.5097,1.23589,0.2474,0.44167,normalised
84.56460452079773,,,1.50816,1.23785,1,,,,,,,,,GP3,1.50816,1.23785,0.2474,0.44167,normalised
84.58150339126587,,,1.50712,1.23933,1,,,,,,,,,GP3,1.50712,1.23933,0.2474,0.44167,normalised
84.5970823764801,,,1.50795,1.23442,1,,,,,,,,,GP3,1.50795,1.23442,0.2474,0.44167,normalised
84.61165452003479,,,1.50876,1.23477,1,,,,,,,,,GP3,1.50876,1.23477,0.2474,0.44167,normalised
84.63050484657288,,,1.50928,1.23512,1,,,,,,,,,GP3,1.50928,1.23512,0.2474,0.44167,normalised
84.64640307426453,,,1.51131,1.23796,1,,,,,,,,,GP3,1.51131,1.23796,0.2474,0.44167,normalised
84.6620237827301,,,1.51031,1.23858,1,,,,,,,,,GP3,1.51031,1.23858,0.2474,0.44167,normalised
84.6781599521637,,,1.50931,1.2394,1,,,,,,,,,GP3,1.50931,1.2394,0.2474,0.44167,normalised
84.69650220870972,,,1.50779,1.23894,1,,,,,,,,,GP3,1.50779,1.23894,0.2474,0.44167,normalised
84.709641456604,,,1.50635,1.23786,1,,,,,,,,,GP3,1.50635,1.23786,0.2474,0.44167,normalised
84.72592234611511,,,1.50522,1.23673,1,,,,,,,,,GP3,1.50522,1.23673,0.2474,0.44167,normalised
84.74410343170166,,,1.50549,1.2373,1,,,,,,,,,GP3,1.50549,1.2373,0.2474,0.44167,normalised
84.75688099861145,,,1.5048,1.23716,1,,,,,,,,,GP3,1.5048,1.23716,0.2474,0.44167,normalised
84.77456951141357,,,1.50428,1.23687,1,,,,,,,,,GP3,1.50428,1.23687,0.2474,0.44167,normalised
84.79128980636597,,,1.50585,1.24004,1,,,,,,,,,GP3,1.50585,1.24004,0.2474,0.44167,normalised
84.80702018737793,,,1.50588,1.24113,1,,,,,,,,,GP3,1.50588,1.24113,0.2474,0.44167,normalised
84.8228600025177,,,1.50593,1.24202,1,,,,,,,,,GP3,1.50593,1.24202,0.2474,0.44167,normalised
84.83790826797485,,,1.50823,1.24381,1,,,,,,,,,GP3,1.50823,1.24381,0.2474,0.44167,normalised
84.85561800003052,,,1.50895,1.24537,1,,,,,,,,,GP3,1.50895,1.24537,0.2474,0.44167,normalised
84.8733868598938,,,1.50942,1.24709,1,,,,,,,,,GP3,1.50942,1.24709,0.2474,0.44167,normalised
84.88669490814209,,,1.5038,1.24728,1,,,,,,,,,GP3,1.5038,1.24728,0.2474,0.44167,normalised
84.90318036079407,,,1.50052,1.24968,1,,,,,,,,,GP3,1.50052,1.24968,0.2474,0.44167,normalised
84.92107701301575,,,1.49737,1.252,1,,,,,,,,,GP3,1.49737,1.252,0.2474,0.44167,normalised
84.93516850471497,,,1.43588,1.23102,0,,,,,,,,,GP3,1.43588,1.23102,0.2474,0.44167,normalised
84.95302367210388,,,1.15344,1.00725,0,,,,,,,,,GP3,1.15344,1.00725,0.2474,0.44167,normalised
84.96743559837341,,,1.05996,0.9349,0,,,,,,,,,GP3,1.05996,0.9349,0.2474,0.44167,normalised
84.98454999923706,,,0.86245,0.77525,0,,,,,,,,,GP3,0.86245,0.77525,0.2474,0.44167,normalised
85.00197052955627,,,0.87192,0.78337,0,,,,,,,,,GP3,0.87192,0.78337,0.2474,0.44167,normalised
85.01613640785217,,,0.87482,0.78524,0,,,,,,,,,GP3,0.87482,0.78524,0.2474,0.44167,normalised
85.03283286094666,,,0.86159,0.76285,1,,,,,,,,,GP3,0.86159,0.76285,0.2474,0.44167,normalised
85.0489354133606,,,0.85571,0.75184,1,,,,,,,,,GP3,0.85571,0.75184,0.2474,0.44167,normalised
85.06590342521667,,,0.85221,0.74602,1,,,,,,,,,GP3,0.85221,0.74602,0.2474,0.44167,normalised
85.08274149894714,,,0.8502,0.74203,1,,,,,,,,,GP3,0.8502,0.74203,0.2474,0.44167,normalised
85.09871172904968,,,0.85476,0.73002,1,,,,,,,,,GP3,0.85476,0.73002,0.2474,0.44167,normalised
85.1150848865509,,,0.85784,0.7185,1,,,,,,,,,GP3,0.85784,0.7185,0.2474,0.44167,normalised
85.12985610961914,,,0.8197,0.67861,1,,,,,,,,,GP3,0.8197,0.67861,0.2474,0.44167,normalised
85.14568543434143,,,0.78864,0.64359,1,,,,,,,,,GP3,0.78864,0.64359,0.2474,0.44167,normalised
85.16345739364624,,,0.76291,0.615,1,,,,,,,,,GP3,0.76291,0.615,0.2474,0.44167,normalised
85.17975807189941,,,0.74055,0.59376,1,,,,,,,,,GP3,0.74055,0.59376,0.2474,0.44167,normalised
85.19527411460876,,,0.69693,0.54346,0,,,,,,,,,GP3,0.69693,0.54346,0.2474,0.44167,normalised
85.21091818809509,,,0.59503,0.47455,0,,,,,,,,,GP3,0.59503,0.47455,0.2474,0.44167,normalised
85.22587251663208,,,0.54966,0.44212,0,,,,,,,,,GP3,0.54966,0.44212,0.2474,0.44167,normalised
85.2448341846466,,,0.47208,0.38845,0,,,,,,,,,GP3,0.47208,0.38845,0.2474,0.44167,normalised
85.25987601280212,,,0.46539,0.37755,0,,,,,,,,,GP3,0.46539,0.37755,0.2474,0.44167,normalised
85.2759792804718,,,0.40666,0.29238,0,,,,,,,,,GP3,0.40666,0.29238,0.2474,0.44167,normalised
85.29189419746399,,,0.3496,0.2026,0,,,,,,,,,GP3,0.3496,0.2026,0.2474,0.44167,normalised
85.30684471130371,,,0.32342,0.15551,0,,,,,,,,,GP3,0.32342,0.15551,0.2474,0.44167,normalised
85.32371807098389,,,0.31338,0.14381,0,,,,,,,,,GP3,0.31338,0.14381,0.2474,0.44167,normalised
85.33909344673157,,,0.30654,0.14405,1,,,,,,,,,GP3,0.30654,0.14405,0.2474,0.44167,normalised
85.35561847686768,,,0.30276,0.14506,1,,,,,,,,,GP3,0.30276,0.14506,0.2474,0.44167,normalised
85.37259268760681,,,0.30174,0.14252,1,,,,,,,,,GP3,0.30174,0.14252,0.2474,0.44167,normalised
85.38921236991882,,,0.29882,0.13615,1,,,,,,,,,GP3,0.29882,0.13615,0.2474,0.44167,normalised
85.40479302406311,,,0.29567,0.12837,1,,,,,,,,,GP3,0.29567,0.12837,0.2474,0.44167,normalised
85.42133212089539,,,0.29436,0.12667,1,,,,,,,,,GP3,0.29436,0.12667,0.2474,0.44167,normalised
85.43906927108765,,,0.29131,0.11901,1,,,,,,,,,GP3,0.29131,0.11901,0.2474,0.44167,normalised
85.45432257652283,,,0.28892,0.11317,1,,,,,,,,,GP3,0.28892,0.11317,0.2474,0.44167,normalised
85.47030687332153,,,0.28752,0.11295,1,,,,,,,,,GP3,0.28752,0.11295,0.2474,0.44167,normalised
85.48621964454651,,,0.2888,0.11512,1,,,,,,,,,GP3,0.2888,0.11512,0.2474,0.44167,normalised
85.50201272964478,,,0.29038,0.11835,1,,,,,,,,,GP3,0.29038,0.11835,0.2474,0.44167,normalised
85.5173454284668,,,0.28966,0.11824,1,,,,,,,,,GP3,0.28966,0.11824,0.2474,0.44167,normalised
85.53441572189331,,,0.28893,0.11593,1,,,,,,,,,GP3,0.28893,0.11593,0.2474,0.44167,normalised
85.55198001861572,,,0.28782,0.11245,1,,,,,,,,,GP3,0.28782,0.11245,0.2474,0.44167,normalised
85.56892657279968,,,0.28851,0.1124,1,,,,,,,,,GP3,0.28851,0.1124,0.2474,0.44167,normalised
85.5824716091156,,,0.28825,0.10916,1,,,,,,,,,GP3,0.28825,0.10916,0.2474,0.44167,normalised
85.60102200508118,,,0.28778,0.1055,1,,,,,,,,,GP3,0.28778,0.1055,0.2474,0.44167,normalised
85.61425065994263,,,0.28733,0.10298,1,,,,,,,,,GP3,0.28733,0.10298,0.2474,0.44167,normalised
85.63089108467102,,,0.28685,0.1001,1,,,,,,,,,GP3,0.28685,0.1001,0.2474,0.44167,normalised
85.64890027046204,,,0.28642,0.09748,1,,,,,,,,,GP3,0.28642,0.09748,0.2474,0.44167,normalised
85.66583800315857,,,0.28561,0.0953,1,,,,,,,,,GP3,0.28561,0.0953,0.2474,0.44167,normalised
85.6795973777771,,,0.28495,0.09313,1,,,,,,,,,GP3,0.28495,0.09313,0.2474,0.44167,normalised
85.69645404815674,,,0.2773,0.05938,0,,,,,,,,,GP3,0.2773,0.05938,0.2474,0.44167,normalised
85.71240210533142,,,0.27415,0.0421,0,,,,,,,,,GP3,0.27415,0.0421,0.2474,0.44167,normalised
85.7276439666748,,,0.27313,0.04073,0,,,,,,,,,GP3,0.27313,0.04073,0.2474,0.44167,normalised
85.74428677558899,,,0.27262,0.04005,1,,,,,,,,,GP3,0.27262,0.04005,0.2474,0.44167,normalised
85.76258754730225,,,0.2719,0.04203,1,,,,,,,,,GP3,0.2719,0.04203,0.2474,0.44167,normalised
85.7781240940094,,,0.2727,0.04614,1,,,,,,,,,GP3,0.2727,0.04614,0.2474,0.44167,normalised
85.79414868354797,,,0.27371,0.0505,1,,,,,,,,,GP3,0.27371,0.0505,0.2474,0.44167,normalised
85.80861973762512,,,0.27447,0.05462,1,,,,,,,,,GP3,0.27447,0.05462,0.2474,0.44167,normalised
85.82548880577087,,,0.27497,0.05769,1,,,,,,,,,GP3,0.27497,0.05769,0.2474,0.44167,normalised
85.84314107894897,,,0.27616,0.06258,1,,,,,,,,,GP3,0.27616,0.06258,0.2474,0.44167,normalised
85.85762405395508,,,0.27747,0.06885,1,,,,,,,,,GP3,0.27747,0.06885,0.2474,0.44167,normalised
85.87340331077576,,,0.27988,0.07565,1,,,,,,,,,GP3,0.27988,0.07565,0.2474,0.44167,normalised
85.88975691795349,,,0.28204,0.08175,1,,,,,,,,,GP3,0.28204,0.08175,0.2474,0.44167,normalised
85.90830326080322,,,0.28377,0.08668,1,,,,,,,,,GP3,0.28377,0.08668,0.2474,0.44167,normalised
85.92677402496338,,,0.2848,0.08903,1,,,,,,,,,GP3,0.2848,0.08903,0.2474,0.44167,normalised
85.94012093544006,,,0.28542,0.09021,1,,,,,,,,,GP3,0.28542,0.09021,0.2474,0.44167,normalised
85.9542977809906,,,0.28595,0.0909,1,,,,,,,,,GP3,0.28595,0.0909,0.2474,0.44167,normalised
85.9720721244812,,,0.28618,0.09159,1,,,,,,,,,GP3,0.28618,0.09159,0.2474,0.44167,normalised
85.98709893226624,,,0.29378,0.11654,0,,,,,,,,,GP3,0.29378,0.11654,0.2474,0.44167,normalised
86.00422716140747,,,0.29427,0.1232,0,,,,,,,,,GP3,0.29427,0.1232,0.2474,0.44167,normalised
86.01866960525513,,,0.29407,0.12247,0,,,,,,,,,GP3,0.29407,0.12247,0.2474,0.44167,normalised
86.03485131263733,,,0.29397,0.12211,1,,,,,,,,,GP3,0.29397,0.12211,0.2474,0.44167,normalised
86.05268359184265,,,0.2928,0.12016,1,,,,,,,,,GP3,0.2928,0.12016,0.2474,0.44167,normalised
86.06722116470337,,,0.29265,0.11619,1,,,,,,,,,GP3,0.29265,0.11619,0.2474,0.44167,normalised
86.0853590965271,,,0.29209,0.11189,1,,,,,,,,,GP3,0.29209,0.11189,0.2474,0.44167,normalised
86.10067129135132,,,0.29071,0.1067,1,,,,,,,,,GP3,0.29071,0.1067,0.2474,0.44167,normalised
86.11685419082642,,,0.28903,0.10115,1,,,,,,,,,GP3,0.28903,0.10115,0.2474,0.44167,normalised
86.13289880752563,,,0.28752,0.09623,1,,,,,,,,,GP3,0.28752,0.09623,0.2474,0.44167,normalised
86.15044355392456,,,0.28586,0.09231,1,,,,,,,,,GP3,0.28586,0.09231,0.2474,0.44167,normalised
86.16461753845215,,,0.28526,0.09327,1,,,,,,,,,GP3,0.28526,0.09327,0.2474,0.44167,normalised
86.18047595024109,,,0.28504,0.095,1,,,,,,,,,GP3,0.28504,0.095,0.2474,0.44167,normalised
86.19823670387268,,,0.28654,0.09683,1,,,,,,,,,GP3,0.28654,0.09683,0.2474,0.44167,normalised
86.21393013000488,,,0.28745,0.0984,1,,,,,,,,,GP3,0.28745,0.0984,0.2474,0.44167,normalised
86.23118758201599,,,0.28856,0.10072,1,,,,,,,,,GP3,0.28856,0.10072,0.2474,0.44167,normalised
86.24572944641113,,,0.29,0.10441,1,,,,,,,,,GP3,0.29,0.10441,0.2474,0.44167,normalised
86.26375269889832,,,0.29193,0.1086,1,,,,,,,,,GP3,0.29193,0.1086,0.2474,0.44167,normalised
86.27881479263306,,,0.29381,0.11272,1,,,,,,,,,GP3,0.29381,0.11272,0.2474,0.44167,normalised
86.2965784072876,,,0.29511,0.11422,1,,,,,,,,,GP3,0.29511,0.11422,0.2474,0.44167,normalised
86.3124942779541,,,0.29615,0.11502,1,,,,,,,,,GP3,0.29615,0.11502,0.2474,0.44167,normalised
86.32955431938171,,,0.29686,0.1151,1,,,,,,,,,GP3,0.29686,0.1151,0.2474,0.44167,normalised
86.34386348724365,,,0.29702,0.11533,1,,,,,,,,,GP3,0.29702,0.11533,0.2474,0.44167,normalised
86.36061954498291,,,0.31059,0.13944,0,,,,,,,,,GP3,0.31059,0.13944,0.2474,0.44167,normalised
86.37549257278442,,,0.31631,0.14395,0,,,,,,,,,GP3,0.31631,0.14395,0.2474,0.44167,normalised
86.39121651649475,,,0.31736,0.14488,0,,,,,,,,,GP3,0.31736,0.14488,0.2474,0.44167,normalised
86.40794730186462,,,0.31542,0.14273,1,,,,,,,,,GP3,0.31542,0.14273,0.2474,0.44167,normalised
86.42448472976685,,,0.31376,0.14016,1,,,,,,,,,GP3,0.31376,0.14016,0.2474,0.44167,normalised
86.44033193588257,,,0.31319,0.13801,1,,,,,,,,,GP3,0.31319,0.13801,0.2474,0.44167,normalised
86.45589280128479,,,0.31408,0.13999,1,,,,,,,,,GP3,0.31408,0.13999,0.2474,0.44167,normalised
86.47277760505676,,,0.31549,0.14359,1,,,,,,,,,GP3,0.31549,0.14359,0.2474,0.44167,normalised
86.488609790802,,,0.31724,0.14748,1,,,,,,,,,GP3,0.31724,0.14748,0.2474,0.44167,normalised
86.50462937355042,,,0.31783,0.15069,1,,,,,,,,,GP3,0.31783,0.15069,0.2474,0.44167,normalised
86.5215675830841,,,0.31802,0.15237,1,,,,,,,,,GP3,0.31802,0.15237,0.2474,0.44167,normalised
86.5361340045929,,,0.31794,0.15323,1,,,,,,,,,GP3,0.31794,0.15323,0.2474,0.44167,normalised
86.55422568321228,,,0.3182,0.15239,1,,,,,,,,,GP3,0.3182,0.15239,0.2474,0.44167,normalised
86.56995153427124,,,0.31802,0.15052,1,,,,,,,,,GP3,0.31802,0.15052,0.2474,0.44167,normalised
86.58740615844727,,,0.31737,0.1481,1,,,,,,,,,GP3,0.31737,0.1481,0.2474,0.44167,normalised
86.60191679000854,,,0.31622,0.14623,1,,,,,,,,,GP3,0.31622,0.14623,0.2474,0.44167,normalised
86.61753678321838,,,0.3155,0.14547,1,,,,,,,,,GP3,0.3155,0.14547,0.2474,0.44167,normalised
86.63441920280457,,,0.31599,0.14608,1,,,,,,,,,GP3,0.31599,0.14608,0.2474,0.44167,normalised
86.65048313140869,,,0.31711,0.14673,1,,,,,,,,,GP3,0.31711,0.14673,0.2474,0.44167,normalised
86.66647553443909,,,0.31826,0.14767,1,,,,,,,,,GP3,0.31826,0.14767,0.2474,0.44167,normalised
86.68218398094177,,,0.31816,0.14864,1,,,,,,,,,GP3,0.31816,0.14864,0.2474,0.44167,normalised
86.69909429550171,,,0.31827,0.1487,1,,,,,,,,,GP3,0.31827,0.1487,0.2474,0.44167,normalised
86.71599411964417,,,0.3181,0.14793,1,,,,,,,,,GP3,0.3181,0.14793,0.2474,0.44167,normalised
86.73010110855103,,,0.31758,0.147,1,,,,,,,,,GP3,0.31758,0.147,0.2474,0.44167,normalised
86.7491180896759,,,0.3165,0.14532,1,,,,,,,,,GP3,0.3165,0.14532,0.2474,0.44167,normalised
86.76349353790283,,,0.3155,0.14377,1,,,,,,,,,GP3,0.3155,0.14377,0.2474,0.44167,normalised
86.78106594085693,,,0.31515,0.1419,1,,,,,,,,,GP3,0.31515,0.1419,0.2474,0.44167,normalised
86.79566526412964,,,0.31463,0.14079,1,,,,,,,,,GP3,0.31463,0.14079,0.2474,0.44167,normalised
86.81316447257996,,,0.31415,0.13976,1,,,,,,,,,GP3,0.31415,0.13976,0.2474,0.44167,normalised
86.82998275756836,,,0.31386,0.13838,1,,,,,,,,,GP3,0.31386,0.13838,0.2474,0.44167,normalised
86.84453248977661,,,0.3136,0.13768,1,,,,,,,,,GP3,0.3136,0.13768,0.2474,0.44167,normalised
86.86123299598694,,,0.3134,0.13716,1,,,,,,,,,GP3,0.3134,0.13716,0.2474,0.44167,normalised
86.8789336681366,,,0.31332,0.13723,1,,,,,,,,,GP3,0.31332,0.13723,0.2474,0.44167,normalised
86.89461851119995,,,0.31341,0.1375,1,,,,,,,,,GP3,0.31341,0.1375,0.2474,0.44167,normalised
86.90954279899597,,,0.31359,0.13801,1,,,,,,,,,GP3,0.31359,0.13801,0.2474,0.44167,normalised
86.92488384246826,,,0.31357,0.13827,1,,,,,,,,,GP3,0.31357,0.13827,0.2474,0.44167,normalised
86.941890001297,,,0.31348,0.13872,1,,,,,,,,,GP3,0.31348,0.13872,0.2474,0.44167,normalised
86.9578275680542,,,0.31336,0.13907,1,,,,,,,,,GP3,0.31336,0.13907,0.2474,0.44167,normalised
86.97426390647888,,,0.31349,0.13973,1,,,,,,,,,GP3,0.31349,0.13973,0.2474,0.44167,normalised
86.99016666412354,,,0.31351,0.14068,1,,,,,,,,,GP3,0.31351,0.14068,0.2474,0.44167,normalised
87.00520300865173,,,0.31372,0.14212,1,,,,,,,,,GP3,0.31372,0.14212,0.2474,0.44167,normalised
87.02143430709839,,,0.31433,0.14409,1,,,,,,,,,GP3,0.31433,0.14409,0.2474,0.44167,normalised
87.03841710090637,,,0.31469,0.14509,1,,,,,,,,,GP3,0.31469,0.14509,0.2474,0.44167,normalised
87.05471801757812,,,0.31484,0.14548,1,,,,,,,,,GP3,0.31484,0.14548,0.2474,0.44167,normalised
87.07097125053406,,,0.31456,0.14508,1,,,,,,,,,GP3,0.31456,0.14508,0.2474,0.44167,normalised
87.09077715873718,,,0.31466,0.14491,1,,,,,,,,,GP3,0.31466,0.14491,0.2474,0.44167,normalised
87.10265398025513,,,0.31474,0.14474,1,,,,,,,,,GP3,0.31474,0.14474,0.2474,0.44167,normalised
87.12051439285278,,,0.31473,0.14487,1,,,,,,,,,GP3,0.31473,0.14487,0.2474,0.44167,normalised
87.13616919517517,,,0.31546,0.14573,1,,,,,,,,,GP3,0.31546,0.14573,0.2474,0.44167,normalised
87.15203738212585,,,0.31602,0.1466,1,,,,,,,,,GP3,0.31602,0.1466,0.2474,0.44167,normalised
87.16899919509888,,,0.34313,0.19378,0,,,,,,,,,GP3,0.34313,0.19378,0.2474,0.44167,normalised
87.18415141105652,,,0.40257,0.24582,0,,,,,,,,,GP3,0.40257,0.24582,0.2474,0.44167,normalised
87.20182299613953,,,0.42063,0.25753,0,,,,,,,,,GP3,0.42063,0.25753,0.2474,0.44167,normalised
87.21618747711182,,,0.51224,0.37106,0,,,,,,,,,GP3,0.51224,0.37106,0.2474,0.44167,normalised
87.23385977745056,,,0.58148,0.46064,0,,,,,,,,,GP3,0.58148,0.46064,0.2474,0.44167,normalised
87.24923372268677,,,0.60354,0.4876,0,,,,,,,,,GP3,0.60354,0.4876,0.2474,0.44167,normalised
87.26509284973145,,,0.64826,0.55175,0,,,,,,,,,GP3,0.64826,0.55175,0.2474,0.44167,normalised
87.2827079296112,,,0.65145,0.56315,0,,,,,,,,,GP3,0.65145,0.56315,0.2474,0.44167,normalised
87.29748868942261,,,0.65434,0.5725,0,,,,,,,,,GP3,0.65434,0.5725,0.2474,0.44167,normalised
87.31580829620361,,,0.64668,0.56263,1,,,,,,,,,GP3,0.64668,0.56263,0.2474,0.44167,normalised
87.33040452003479,,,0.64649,0.56732,1,,,,,,,,,GP3,0.64649,0.56732,0.2474,0.44167,normalised
87.34531617164612,,,0.64694,0.57206,1,,,,,,,,,GP3,0.64694,0.57206,0.2474,0.44167,normalised
87.36237359046936,,,0.64538,0.57746,1,,,,,,,,,GP3,0.64538,0.57746,0.2474,0.44167,normalised
87.38033938407898,,,0.65105,0.59446,1,,,,,,,,,GP3,0.65105,0.59446,0.2474,0.44167,normalised
87.39524745941162,,,0.6551,0.60661,1,,,,,,,,,GP3,0.6551,0.60661,0.2474,0.44167,normalised
87.41219091415405,,,0.65783,0.61245,1,,,,,,,,,GP3,0.65783,0.61245,0.2474,0.44167,normalised
87.43009424209595,,,0.65979,0.61386,1,,,,,,,,,GP3,0.65979,0.61386,0.2474,0.44167,normalised
87.44399929046631,,,0.66112,0.61412,1,,,,,,,,,GP3,0.66112,0.61412,0.2474,0.44167,normalised
87.45907330513,,,0.66398,0.62011,1,,,,,,,,,GP3,0.66398,0.62011,0.2474,0.44167,normalised
87.47594380378723,,,0.66713,0.62453,1,,,,,,,,,GP3,0.66713,0.62453,0.2474,0.44167,normalised
87.49052810668945,,,0.66988,0.62847,1,,,,,,,,,GP3,0.66988,0.62847,0.2474,0.44167,normalised
87.50795888900757,,,0.66958,0.62783,1,,,,,,,,,GP3,0.66958,0.62783,0.2474,0.44167,normalised
87.52297329902649,,,0.67994,0.65402,0,,,,,,,,,GP3,0.67994,0.65402,0.2474,0.44167,normalised
87.54183006286621,,,0.68073,0.65122,0,,,,,,,,,GP3,0.68073,0.65122,0.2474,0.44167,normalised
87.5563223361969,,,0.68375,0.663,0,,,,,,,,,GP3,0.68375,0.663,0.2474,0.44167,normalised
87.57148742675781,,,0.6876,0.66391,1,,,,,,,,,GP3,0.6876,0.66391,0.2474,0.44167,normalised
87.5878791809082,,,0.68966,0.66383,1,,,,,,,,,GP3,0.68966,0.66383,0.2474,0.44167,normalised
87.60621118545532,,,0.69124,0.67138,1,,,,,,,,,GP3,0.69124,0.67138,0.2474,0.44167,normalised
87.62102770805359,,,0.69262,0.67738,1,,,,,,,,,GP3,0.69262,0.67738,0.2474,0.44167,normalised
87.63709306716919,,,0.6938,0.68226,1,,,,,,,,,GP3,0.6938,0.68226,0.2474,0.44167,normalised
87.6552209854126,,,0.69211,0.67909,1,,,,,,,,,GP3,0.69211,0.67909,0.2474,0.44167,normalised
87.67011070251465,,,0.69045,0.67655,1,,,,,,,,,GP3,0.69045,0.67655,0.2474,0.44167,normalised
87.6869330406189,,,0.68895,0.67402,1,,,,,,,,,GP3,0.68895,0.67402,0.2474,0.44167,normalised
87.70263028144836,,,0.68807,0.67267,1,,,,,,,,,GP3,0.68807,0.67267,0.2474,0.44167,normalised
87.71875476837158,,,0.68877,0.67179,1,,,,,,,,,GP3,0.68877,0.67179,0.2474,0.44167,normalised
87.73315858840942,,,0.68937,0.67103,1,,,,,,,,,GP3,0.68937,0.67103,0.2474,0.44167,normalised
87.75067520141602,,,0.68376,0.7563,1,,,,,,,,,GP3,0.68376,0.7563,0.2474,0.44167,normalised
87.76836204528809,,,0.66523,0.70943,1,,,,,,,,,GP3,0.66523,0.70943,0.2474,0.44167,normalised
87.7825574874878,,,0.66523,0.70943,1,,,,,,,,,GP3,0.66523,0.70943,0.2474,0.44167,normalised
87.800772190094,,,0.66523,0.70943,1,,,,,,,,,GP3,0.66523,0.70943,0.2474,0.44167,normalised
87.81578803062439,,,0.66523,0.70943,1,,,,,,,,,GP3,0.66523,0.70943,0.2474,0.44167,normalised
87.8336730003357,,,0.65778,0.7246,0,,,,,,,,,GP3,0.65778,0.7246,0.2474,0.44167,normalised
87.8495557308197,,,0.65778,0.7246,0,,,,,,,,,GP3,0.65778,0.7246,0.2474,0.44167,normalised
87.86497616767883,,,0.65778,0.7246,0,,,,,,,,,GP3,0.65778,0.7246,0.2474,0.44167,normalised
87.88219404220581,,,0.0,0.0,0,,,,,,,,,GP3,0.0,0.0,0.2474,0.44167,normalised
87.89789533615112,,,0.0,0.0,0,,,,,,,,,GP3,0.0,0.0,0.2474,0.44167,normalised
87.9140841960907,,,0.0,0.0,0,,,,,,,,,GP3,0.0,0.0,0.2474,0.44167,normalised
87.93168616294861,,,0.0,0.0,0,,,,,,,,,GP3,0.0,0.0,0.2474,0.44167,normalised
87.9471960067749,,,0.0,0.0,0,,,,,,,,,GP3,0.0,0.0,0.2474,0.44167,normalised
87.96392369270325,,,0.0,0.0,0,,,,,,,,,GP3,0.0,0.0,0.2474,0.44167,normalised
87.98065280914307,,,0.0,0.0,0,,,,,,,,,GP3,0.0,0.0,0.2474,0.44167,normalised
87.99854040145874,,,0.0,0.0,0,,,,,,,,,GP3,0.0,0.0,0.2474,0.44167,normalised
88.01133394241333,,,0.0,0.0,0,,,,,,,,,GP3,0.0,0.0,0.2474,0.44167,normalised
88.02677035331726,,,0.12304,-1.27168,0,,,,,,,,,GP3,0.12304,-1.27168,0.2474,0.44167,normalised
88.04237198829651,,,0.71022,-0.01605,0,,,,,,,,,GP3,0.71022,-0.01605,0.2474,0.44167,normalised
88.05828738212585,,,0.87192,0.26751,0,,,,,,,,,GP3,0.87192,0.26751,0.2474,0.44167,normalised
88.07381701469421,,,1.22923,0.9678,0,,,,,,,,,GP3,1.22923,0.9678,0.2474,0.44167,normalised
88.09091329574585,,,1.16615,0.95993,0,,,,,,,,,GP3,1.16615,0.95993,0.2474,0.44167,normalised
88.10652709007263,,,1.15647,0.97256,0,,,,,,,,,GP3,1.15647,0.97256,0.2474,0.44167,normalised
88.12235879898071,,,1.12562,0.98298,0,,,,,,,,,GP3,1.12562,0.98298,0.2474,0.44167,normalised
88.13745617866516,,,1.04505,0.93274,0,,,,,,,,,GP3,1.04505,0.93274,0.2474,0.44167,normalised
88.15617227554321,,,0.9913,0.89824,0,,,,,,,,,GP3,0.9913,0.89824,0.2474,0.44167,normalised
88.1698637008667,,,0.91067,0.84648,0,,,,,,,,,GP3,0.91067,0.84648,0.2474,0.44167,normalised
88.18769836425781,,,0.96115,0.88681,0,,,,,,,,,GP3,0.96115,0.88681,0.2474,0.44167,normalised
88.20333218574524,,,0.96968,0.89056,0,,,,,,,,,GP3,0.96968,0.89056,0.2474,0.44167,normalised
88.21838760375977,,,0.99504,0.90777,0,,,,,,,,,GP3,0.99504,0.90777,0.2474,0.44167,normalised
88.23588347434998,,,1.02812,0.90203,0,,,,,,,,,GP3,1.02812,0.90203,0.2474,0.44167,normalised
88.25039076805115,,,1.0626,0.92184,0,,,,,,,,,GP3,1.0626,0.92184,0.2474,0.44167,normalised
88.26694059371948,,,1.10826,0.94065,0,,,,,,,,,GP3,1.10826,0.94065,0.2474,0.44167,normalised
88.28455567359924,,,1.0917,0.94283,0,,,,,,,,,GP3,1.0917,0.94283,0.2474,0.44167,normalised
88.30211687088013,,,1.0832,0.94784,0,,,,,,,,,GP3,1.0832,0.94784,0.2474,0.44167,normalised
88.31832480430603,,,1.07864,0.94879,1,,,,,,,,,GP3,1.07864,0.94879,0.2474,0.44167,normalised
88.33427500724792,,,1.05234,0.92762,1,,,,,,,,,GP3,1.05234,0.92762,0.2474,0.44167,normalised
88.34867000579834,,,1.02334,0.90016,1,,,,,,,,,GP3,1.02334,0.90016,0.2474,0.44167,normalised
88.3660295009613,,,1.00298,0.88206,1,,,,,,,,,GP3,1.00298,0.88206,0.2474,0.44167,normalised
88.38080930709839,,,0.9992,0.88234,1,,,,,,,,,GP3,0.9992,0.88234,0.2474,0.44167,normalised
88.39756941795349,,,0.99522,0.88236,1,,,,,,,,,GP3,0.99522,0.88236,0.2474,0.44167,normalised
88.41249704360962,,,0.99211,0.8827,1,,,,,,,,,GP3,0.99211,0.8827,0.2474,0.44167,normalised
88.42957329750061,,,0.99188,0.88489,1,,,,,,,,,GP3,0.99188,0.88489,0.2474,0.44167,normalised
88.448899269104,,,0.99308,0.88926,1,,,,,,,,,GP3,0.99308,0.88926,0.2474,0.44167,normalised
88.46173572540283,,,0.99405,0.89263,1,,,,,,,,,GP3,0.99405,0.89263,0.2474,0.44167,normalised
88.47889518737793,,,0.99624,0.89581,1,,,,,,,,,GP3,0.99624,0.89581,0.2474,0.44167,normalised
88.49360609054565,,,0.97591,0.88165,0,,,,,,,,,GP3,0.97591,0.88165,0.2474,0.44167,normalised
88.51081919670105,,,0.99425,0.87952,0,,,,,,,,,GP3,0.99425,0.87952,0.2474,0.44167,normalised
88.52669787406921,,,1.00172,0.88454,0,,,,,,,,,GP3,1.00172,0.88454,0.2474,0.44167,normalised
88.5431501865387,,,1.01258,0.89787,1,,,,,,,,,GP3,1.01258,0.89787,0.2474,0.44167,normalised
88.56006193161011,,,1.0191,0.90586,1,,,,,,,,,GP3,1.0191,0.90586,0.2474,0.44167,normalised
88.57530379295349,,,1.01044,0.90521,1,,,,,,,,,GP3,1.01044,0.90521,0.2474,0.44167,normalised
88.5941698551178,,,0.99654,0.9016,1,,,,,,,,,GP3,0.99654,0.9016,0.2474,0.44167,normalised
88.60857152938843,,,0.98622,0.8996,1,,,,,,,,,GP3,0.98622,0.8996,0.2474,0.44167,normalised
88.62361097335815,,,0.98287,0.90005,1,,,,,,,,,GP3,0.98287,0.90005,0.2474,0.44167,normalised
88.63928818702698,,,0.9781,0.89891,1,,,,,,,,,GP3,0.9781,0.89891,0.2474,0.44167,normalised
88.65516710281372,,,0.9742,0.89798,1,,,,,,,,,GP3,0.9742,0.89798,0.2474,0.44167,normalised
88.67294931411743,,,0.97731,0.89992,1,,,,,,,,,GP3,0.97731,0.89992,0.2474,0.44167,normalised
88.69054198265076,,,0.98348,0.89818,1,,,,,,,,,GP3,0.98348,0.89818,0.2474,0.44167,normalised
88.70510864257812,,,0.98878,0.89658,1,,,,,,,,,GP3,0.98878,0.89658,0.2474,0.44167,normalised
88.72070360183716,,,0.99029,0.89946,1,,,,,,,,,GP3,0.99029,0.89946,0.2474,0.44167,normalised
88.73845601081848,,,0.99087,0.90082,1,,,,,,,,,GP3,0.99087,0.90082,0.2474,0.44167,normalised
88.75235319137573,,,0.99134,0.90185,1,,,,,,,,,GP3,0.99134,0.90185,0.2474,0.44167,normalised
88.76883816719055,,,0.98935,0.90164,1,,,,,,,,,GP3,0.98935,0.90164,0.2474,0.44167,normalised
88.78565430641174,,,0.984,0.89891,1,,,,,,,,,GP3,0.984,0.89891,0.2474,0.44167,normalised
88.80041408538818,,,0.97922,0.89673,1,,,,,,,,,GP3,0.97922,0.89673,0.2474,0.44167,normalised
88.81787919998169,,,0.97888,0.8974,1,,,,,,,,,GP3,0.97888,0.8974,0.2474,0.44167,normalised
88.83539199829102,,,0.97857,0.89775,1,,,,,,,,,GP3,0.97857,0.89775,0.2474,0.44167,normalised
88.84969019889832,,,0.97834,0.89839,1,,,,,,,,,GP3,0.97834,0.89839,0.2474,0.44167,normalised
88.86569118499756,,,0.97992,0.89977,1,,,,,,,,,GP3,0.97992,0.89977,0.2474,0.44167,normalised
88.88234686851501,,,0.98263,0.89984,1,,,,,,,,,GP3,0.98263,0.89984,0.2474,0.44167,normalised
88.8987364768982,,,0.98512,0.89995,1,,,,,,,,,GP3,0.98512,0.89995,0.2474,0.44167,normalised
88.91574740409851,,,0.98563,0.90077,1,,,,,,,,,GP3,0.98563,0.90077,0.2474,0.44167,normalised
88.93209600448608,,,0.9868,0.90258,1,,,,,,,,,GP3,0.9868,0.90258,0.2474,0.44167,normalised
88.94874310493469,,,0.98791,0.90431,1,,,,,,,,,GP3,0.98791,0.90431,0.2474,0.44167,normalised
88.96411657333374,,,0.98716,0.90466,1,,,,,,,,,GP3,0.98716,0.90466,0.2474,0.44167,normalised
88.9797728061676,,,0.98578,0.90389,1,,,,,,,,,GP3,0.98578,0.90389,0.2474,0.44167,normalised
88.99623966217041,,,0.98442,0.90275,1,,,,,,,,,GP3,0.98442,0.90275,0.2474,0.44167,normalised
89.0127170085907,,,0.98391,0.9017,1,,,,,,,,,GP3,0.98391,0.9017,0.2474,0.44167,normalised
89.02919578552246,,,0.98325,0.90026,1,,,,,,,,,GP3,0.98325,0.90026,0.2474,0.44167,normalised
89.04496359825134,,,0.9826,0.89881,1,,,,,,,,,GP3,0.9826,0.89881,0.2474,0.44167,normalised
89.06037020683289,,,0.98287,0.89827,1,,,,,,,,,GP3,0.98287,0.89827,0.2474,0.44167,normalised
89.07646703720093,,,0.98413,0.8983,1,,,,,,,,,GP3,0.98413,0.8983,0.2474,0.44167,normalised
89.09203219413757,,,0.98533,0.89829,1,,,,,,,,,GP3,0.98533,0.89829,0.2474,0.44167,normalised
89.1086938381195,,,0.9856,0.89792,1,,,,,,,,,GP3,0.9856,0.89792,0.2474,0.44167,normalised
89.12558960914612,,,0.98579,0.89667,1,,,,,,,,,GP3,0.98579,0.89667,0.2474,0.44167,normalised
89.14139866828918,,,0.98595,0.89538,1,,,,,,,,,GP3,0.98595,0.89538,0.2474,0.44167,normalised
89.15751028060913,,,0.98218,0.86993,0,,,,,,,,,GP3,0.98218,0.86993,0.2474,0.44167,normalised
89.17555809020996,,,0.97134,0.85698,0,,,,,,,,,GP3,0.97134,0.85698,0.2474,0.44167,normalised
89.18939399719238,,,0.96794,0.85467,0,,,,,,,,,GP3,0.96794,0.85467,0.2474,0.44167,normalised
89.2079975605011,,,0.96476,0.8577,1,,,,,,,,,GP3,0.96476,0.8577,0.2474,0.44167,normalised
89.2218246459961,,,0.96586,0.86397,1,,,,,,,,,GP3,0.96586,0.86397,0.2474,0.44167,normalised
89.2380211353302,,,0.96695,0.87035,1,,,,,,,,,GP3,0.96695,0.87035,0.2474,0.44167,normalised
89.25590467453003,,,0.9723,0.87807,1,,,,,,,,,GP3,0.9723,0.87807,0.2474,0.44167,normalised
89.27062845230103,,,0.97682,0.88188,1,,,,,,,,,GP3,0.97682,0.88188,0.2474,0.44167,normalised
89.2872531414032,,,0.98038,0.88545,1,,,,,,,,,GP3,0.98038,0.88545,0.2474,0.44167,normalised
89.3027994632721,,,0.98324,0.88902,1,,,,,,,,,GP3,0.98324,0.88902,0.2474,0.44167,normalised
89.3190815448761,,,0.9881,0.89316,1,,,,,,,,,GP3,0.9881,0.89316,0.2474,0.44167,normalised
89.33530330657959,,,0.99214,0.89599,1,,,,,,,,,GP3,0.99214,0.89599,0.2474,0.44167,normalised
89.35027480125427,,,0.99199,0.89699,1,,,,,,,,,GP3,0.99199,0.89699,0.2474,0.44167,normalised
89.36854338645935,,,0.9926,0.89685,1,,,,,,,,,GP3,0.9926,0.89685,0.2474,0.44167,normalised
89.38279819488525,,,0.99295,0.89565,1,,,,,,,,,GP3,0.99295,0.89565,0.2474,0.44167,normalised
89.3993022441864,,,0.99137,0.89478,1,,,,,,,,,GP3,0.99137,0.89478,0.2474,0.44167,normalised
89.41623425483704,,,0.99047,0.89395,1,,,,,,,,,GP3,0.99047,0.89395,0.2474,0.44167,normalised
89.43427920341492,,,0.98976,0.89365,1,,,,,,,,,GP3,0.98976,0.89365,0.2474,0.44167,normalised
89.44792628288269,,,0.99067,0.89436,1,,,,,,,,,GP3,0.99067,0.89436,0.2474,0.44167,normalised
89.46461606025696,,,0.99303,0.89569,1,,,,,,,,,GP3,0.99303,0.89569,0.2474,0.44167,normalised
89.48135018348694,,,0.99516,0.89691,1,,,,,,,,,GP3,0.99516,0.89691,0.2474,0.44167,normalised
89.49898195266724,,,0.99673,0.8974,1,,,,,,,,,GP3,0.99673,0.8974,0.2474,0.44167,normalised
89.51262950897217,,,0.99805,0.89596,1,,,,,,,,,GP3,0.99805,0.89596,0.2474,0.44167,normalised
89.52938151359558,,,0.99927,0.89464,1,,,,,,,,,GP3,0.99927,0.89464,0.2474,0.44167,normalised
89.54612827301025,,,0.99831,0.89289,1,,,,,,,,,GP3,0.99831,0.89289,0.2474,0.44167,normalised
89.56167578697205,,,0.99801,0.89342,1,,,,,,,,,GP3,0.99801,0.89342,0.2474,0.44167,normalised
89.5794107913971,,,0.99774,0.8939,1,,,,,,,,,GP3,0.99774,0.8939,0.2474,0.44167,normalised
89.59392547607422,,,0.99748,0.89383,1,,,,,,,,,GP3,0.99748,0.89383,0.2474,0.44167,normalised
89.61199951171875,,,0.99627,0.89315,1,,,,,,,,,GP3,0.99627,0.89315,0.2474,0.44167,normalised
89.62652707099915,,,0.99515,0.89252,1,,,,,,,,,GP3,0.99515,0.89252,0.2474,0.44167,normalised
89.6430733203888,,,0.9947,0.89218,1,,,,,,,,,GP3,0.9947,0.89218,0.2474,0.44167,normalised
89.65863871574402,,,0.99455,0.89213,1,,,,,,,,,GP3,0.99455,0.89213,0.2474,0.44167,normalised
89.67425036430359,,,0.99442,0.89209,1,,,,,,,,,GP3,0.99442,0.89209,0.2474,0.44167,normalised
89.6899642944336,,,0.99457,0.89167,1,,,,,,,,,GP3,0.99457,0.89167,0.2474,0.44167,normalised
89.70770359039307,,,0.99496,0.89123,1,,,,,,,,,GP3,0.99496,0.89123,0.2474,0.44167,normalised
89.72496604919434,,,0.99534,0.89081,1,,,,,,,,,GP3,0.99534,0.89081,0.2474,0.44167,normalised
89.74151158332825,,,0.99588,0.89137,1,,,,,,,,,GP3,0.99588,0.89137,0.2474,0.44167,normalised
89.75611615180969,,,0.9967,0.89193,1,,,,,,,,,GP3,0.9967,0.89193,0.2474,0.44167,normalised
89.77072858810425,,,0.99747,0.89235,1,,,,,,,,,GP3,0.99747,0.89235,0.2474,0.44167,normalised
89.78957605361938,,,0.99757,0.89237,1,,,,,,,,,GP3,0.99757,0.89237,0.2474,0.44167,normalised
89.80416941642761,,,0.99782,0.89188,1,,,,,,,,,GP3,0.99782,0.89188,0.2474,0.44167,normalised
89.82052063941956,,,0.99804,0.89137,1,,,,,,,,,GP3,0.99804,0.89137,0.2474,0.44167,normalised
89.83711743354797,,,0.99841,0.89157,1,,,,,,,,,GP3,0.99841,0.89157,0.2474,0.44167,normalised
89.85176873207092,,,0.99856,0.89156,1,,,,,,,,,GP3,0.99856,0.89156,0.2474,0.44167,normalised
89.86837911605835,,,0.99872,0.89171,1,,,,,,,,,GP3,0.99872,0.89171,0.2474,0.44167,normalised
89.88580060005188,,,0.99919,0.8916,1,,,,,,,,,GP3,0.99919,0.8916,0.2474,0.44167,normalised
89.90031671524048,,,0.99949,0.89102,1,,,,,,,,,GP3,0.99949,0.89102,0.2474,0.44167,normalised
89.91742634773254,,,0.99978,0.89047,1,,,,,,,,,GP3,0.99978,0.89047,0.2474,0.44167,normalised
89.93505358695984,,,1.00028,0.89064,1,,,,,,,,,GP3,1.00028,0.89064,0.2474,0.44167,normalised
89.9497640132904,,,1.00135,0.8914,1,,,,,,,,,GP3,1.00135,0.8914,0.2474,0.44167,normalised
89.96547389030457,,,1.00243,0.89214,1,,,,,,,,,GP3,1.00243,0.89214,0.2474,0.44167,normalised
89.98321104049683,,,1.00314,0.89305,1,,,,,,,,,GP3,1.00314,0.89305,0.2474,0.44167,normalised
89.99884700775146,,,1.00345,0.89348,1,,,,,,,,,GP3,1.00345,0.89348,0.2474,0.44167,normalised
90.01625609397888,,,1.00372,0.89363,1,,,,,,,,,GP3,1.00372,0.89363,0.2474,0.44167,normalised
90.03087759017944,,,1.00361,0.89365,1,,,,,,,,,GP3,1.00361,0.89365,0.2474,0.44167,normalised
90.0479679107666,,,1.00315,0.89362,1,,,,,,,,,GP3,1.00315,0.89362,0.2474,0.44167,normalised
90.06519556045532,,,1.00268,0.89347,1,,,,,,,,,GP3,1.00268,0.89347,0.2474,0.44167,normalised
90.07972359657288,,,1.00233,0.89282,1,,,,,,,,,GP3,1.00233,0.89282,0.2474,0.44167,normalised
90.09745645523071,,,1.00171,0.89236,1,,,,,,,,,GP3,1.00171,0.89236,0.2474,0.44167,normalised
90.11281704902649,,,1.0011,0.89206,1,,,,,,,,,GP3,1.0011,0.89206,0.2474,0.44167,normalised
90.12949538230896,,,1.00142,0.8921,1,,,,,,,,,GP3,1.00142,0.8921,0.2474,0.44167,normalised
90.14406061172485,,,1.00152,0.89248,1,,,,,,,,,GP3,1.00152,0.89248,0.2474,0.44167,normalised
90.16192603111267,,,1.00167,0.8932,1,,,,,,,,,GP3,1.00167,0.8932,0.2474,0.44167,normalised
90.17635989189148,,,1.00238,0.89382,1,,,,,,,,,GP3,1.00238,0.89382,0.2474,0.44167,normalised
90.19446778297424,,,1.00267,0.89453,1,,,,,,,,,GP3,1.00267,0.89453,0.2474,0.44167,normalised
90.20875597000122,,,1.00291,0.89496,1,,,,,,,,,GP3,1.00291,0.89496,0.2474,0.44167,normalised
90.22494959831238,,,1.00218,0.89421,1,,,,,,,,,GP3,1.00218,0.89421,0.2474,0.44167,normalised
90.24256467819214,,,1.00068,0.89307,1,,,,,,,,,GP3,1.00068,0.89307,0.2474,0.44167,normalised
90.25733709335327,,,0.99915,0.89174,1,,,,,,,,,GP3,0.99915,0.89174,0.2474,0.44167,normalised
90.27303862571716,,,0.99799,0.89049,1,,,,,,,,,GP3,0.99799,0.89049,0.2474,0.44167,normalised
90.29164958000183,,,0.99706,0.89015,1,,,,,,,,,GP3,0.99706,0.89015,0.2474,0.44167,normalised
90.30537390708923,,,0.99615,0.88995,1,,,,,,,,,GP3,0.99615,0.88995,0.2474,0.44167,normalised
90.32182288169861,,,0.99651,0.89053,1,,,,,,,,,GP3,0.99651,0.89053,0.2474,0.44167,normalised
90.33853530883789,,,0.99658,0.88988,1,,,,,,,,,GP3,0.99658,0.88988,0.2474,0.44167,normalised
90.35317754745483,,,0.99668,0.88939,1,,,,,,,,,GP3,0.99668,0.88939,0.2474,0.44167,normalised
90.36999893188477,,,0.99655,0.88923,1,,,,,,,,,GP3,0.99655,0.88923,0.2474,0.44167,normalised
90.38675546646118,,,0.99651,0.88926,1,,,,,,,,,GP3,0.99651,0.88926,0.2474,0.44167,normalised
90.4034013748169,,,0.97733,0.86734,0,,,,,,,,,GP3,0.97733,0.86734,0.2474,0.44167,normalised
90.42021799087524,,,0.97882,0.87973,0,,,,,,,,,GP3,0.97882,0.87973,0.2474,0.44167,normalised
90.4365611076355,,,0.97284,0.87944,0,,,,,,,,,GP3,0.97284,0.87944,0.2474,0.44167,normalised
90.45317029953003,,,0.96983,0.87963,1,,,,,,,,,GP3,0.96983,0.87963,0.2474,0.44167,normalised
90.46894001960754,,,0.97155,0.87729,1,,,,,,,,,GP3,0.97155,0.87729,0.2474,0.44167,normalised
90.48364758491516,,,0.97229,0.87834,1,,,,,,,,,GP3,0.97229,0.87834,0.2474,0.44167,normalised
90.50146269798279,,,0.97281,0.87902,1,,,,,,,,,GP3,0.97281,0.87902,0.2474,0.44167,normalised
90.51802277565002,,,0.97581,0.87982,1,,,,,,,,,GP3,0.97581,0.87982,0.2474,0.44167,normalised
90.5316309928894,,,0.97853,0.87904,1,,,,,,,,,GP3,0.97853,0.87904,0.2474,0.44167,normalised
90.54835200309753,,,0.98064,0.87795,1,,,,,,,,,GP3,0.98064,0.87795,0.2474,0.44167,normalised
90.56595206260681,,,0.98441,0.88188,1,,,,,,,,,GP3,0.98441,0.88188,0.2474,0.44167,normalised
90.58269309997559,,,0.98598,0.88306,1,,,,,,,,,GP3,0.98598,0.88306,0.2474,0.44167,normalised
90.59627509117126,,,0.98731,0.88405,1,,,,,,,,,GP3,0.98731,0.88405,0.2474,0.44167,normalised
90.61341071128845,,,0.98668,0.8829,1,,,,,,,,,GP3,0.98668,0.8829,0.2474,0.44167,normalised
90.6309278011322,,,0.9858,0.88269,1,,,,,,,,,GP3,0.9858,0.88269,0.2474,0.44167,normalised
90.64544916152954,,,0.98508,0.8828,1,,,,,,,,,GP3,0.98508,0.8828,0.2474,0.44167,normalised
90.66204309463501,,,0.98586,0.88417,1,,,,,,,,,GP3,0.98586,0.88417,0.2474,0.44167,normalised
90.67875218391418,,,0.98542,0.88415,1,,,,,,,,,GP3,0.98542,0.88415,0.2474,0.44167,normalised
90.6934106349945,,,0.9851,0.88456,1,,,,,,,,,GP3,0.9851,0.88456,0.2474,0.44167,normalised
90.71043133735657,,,0.98532,0.88585,1,,,,,,,,,GP3,0.98532,0.88585,0.2474,0.44167,normalised
90.72521018981934,,,0.98751,0.88827,1,,,,,,,,,GP3,0.98751,0.88827,0.2474,0.44167,normalised
90.74207425117493,,,0.98947,0.89034,1,,,,,,,,,GP3,0.98947,0.89034,0.2474,0.44167,normalised
90.75867819786072,,,0.98939,0.89144,1,,,,,,,,,GP3,0.98939,0.89144,0.2474,0.44167,normalised
90.77535772323608,,,0.98939,0.89236,1,,,,,,,,,GP3,0.98939,0.89236,0.2474,0.44167,normalised
90.78987050056458,,,0.98941,0.89333,1,,,,,,,,,GP3,0.98941,0.89333,0.2474,0.44167,normalised
90.80747318267822,,,0.98893,0.89393,1,,,,,,,,,GP3,0.98893,0.89393,0.2474,0.44167,normalised
90.82337594032288,,,0.98864,0.89441,1,,,,,,,,,GP3,0.98864,0.89441,0.2474,0.44167,normalised
90.84107708930969,,,0.98833,0.89455,1,,,,,,,,,GP3,0.98833,0.89455,0.2474,0.44167,normalised
90.85560059547424,,,0.98778,0.89521,1,,,,,,,,,GP3,0.98778,0.89521,0.2474,0.44167,normalised
90.87129998207092,,,0.98711,0.89471,1,,,,,,,,,GP3,0.98711,0.89471,0.2474,0.44167,normalised
90.88872861862183,,,0.98648,0.89432,1,,,,,,,,,GP3,0.98648,0.89432,0.2474,0.44167,normalised
90.90576195716858,,,0.9865,0.89389,1,,,,,,,,,GP3,0.9865,0.89389,0.2474,0.44167,normalised
90.92110133171082,,,0.98687,0.89434,1,,,,,,,,,GP3,0.98687,0.89434,0.2474,0.44167,normalised
90.93586277961731,,,0.98729,0.89507,1,,,,,,,,,GP3,0.98729,0.89507,0.2474,0.44167,normalised
90.95225071907043,,,0.98743,0.89542,1,,,,,,,,,GP3,0.98743,0.89542,0.2474,0.44167,normalised
90.96894598007202,,,0.98749,0.89546,1,,,,,,,,,GP3,0.98749,0.89546,0.2474,0.44167,normalised
90.98651027679443,,,0.98751,0.89531,1,,,,,,,,,GP3,0.98751,0.89531,0.2474,0.44167,normalised
91.00110840797424,,,0.98683,0.89526,1,,,,,,,,,GP3,0.98683,0.89526,0.2474,0.44167,normalised
91.01763653755188,,,0.9857,0.89489,1,,,,,,,,,GP3,0.9857,0.89489,0.2474,0.44167,normalised
91.03517484664917,,,0.98465,0.89462,1,,,,,,,,,GP3,0.98465,0.89462,0.2474,0.44167,normalised
91.05178618431091,,,0.98427,0.89454,1,,,,,,,,,GP3,0.98427,0.89454,0.2474,0.44167,normalised
91.06643414497375,,,0.98331,0.89377,1,,,,,,,,,GP3,0.98331,0.89377,0.2474,0.44167,normalised
91.08109879493713,,,0.98237,0.89297,1,,,,,,,,,GP3,0.98237,0.89297,0.2474,0.44167,normalised
91.09753274917603,,,0.98214,0.89319,1,,,,,,,,,GP3,0.98214,0.89319,0.2474,0.44167,normalised
91.11453676223755,,,0.98167,0.89295,1,,,,,,,,,GP3,0.98167,0.89295,0.2474,0.44167,normalised
91.13021731376648,,,0.98123,0.89271,1,,,,,,,,,GP3,0.98123,0.89271,0.2474,0.44167,normalised
91.14765977859497,,,0.98147,0.8928,1,,,,,,,,,GP3,0.98147,0.8928,0.2474,0.44167,normalised
91.162180185318,,,0.98202,0.89292,1,,,,,,,,,GP3,0.98202,0.89292,0.2474,0.44167,normalised
91.17969417572021,,,0.98266,0.89354,1,,,,,,,,,GP3,0.98266,0.89354,0.2474,0.44167,normalised
91.19734644889832,,,0.98259,0.89293,1,,,,,,,,,GP3,0.98259,0.89293,0.2474,0.44167,normalised
91.21152758598328,,,0.98284,0.89293,1,,,,,,,,,GP3,0.98284,0.89293,0.2474,0.44167,normalised
91.2274317741394,,,0.98309,0.89294,1,,,,,,,,,GP3,0.98309,0.89294,0.2474,0.44167,normalised
91.24505758285522,,,0.9827,0.89307,1,,,,,,,,,GP3,0.9827,0.89307,0.2474,0.44167,normalised
91.25978899002075,,,0.98216,0.89265,1,,,,,,,,,GP3,0.98216,0.89265,0.2474,0.44167,normalised
91.27561140060425,,,0.98164,0.89228,1,,,,,,,,,GP3,0.98164,0.89228,0.2474,0.44167,normalised
91.29221487045288,,,0.98136,0.89258,1,,,,,,,,,GP3,0.98136,0.89258,0.2474,0.44167,normalised
91.30984210968018,,,0.98091,0.89286,1,,,,,,,,,GP3,0.98091,0.89286,0.2474,0.44167,normalised
91.3241651058197,,,0.98044,0.89304,1,,,,,,,,,GP3,0.98044,0.89304,0.2474,0.44167,normalised
91.34092020988464,,,0.97913,0.89129,1,,,,,,,,,GP3,0.97913,0.89129,0.2474,0.44167,normalised
91.35962271690369,,,0.97891,0.88994,1,,,,,,,,,GP3,0.97891,0.88994,0.2474,0.44167,normalised
91.3732795715332,,,0.97868,0.88859,1,,,,,,,,,GP3,0.97868,0.88859,0.2474,0.44167,normalised
91.38979268074036,,,0.97896,0.88887,1,,,,,,,,,GP3,0.97896,0.88887,0.2474,0.44167,normalised
91.406503200531,,,0.97945,0.88927,1,,,,,,,,,GP3,0.97945,0.88927,0.2474,0.44167,normalised
91.42364144325256,,,0.97993,0.88961,1,,,,,,,,,GP3,0.97993,0.88961,0.2474,0.44167,normalised
91.43735003471375,,,0.97937,0.88913,1,,,,,,,,,GP3,0.97937,0.88913,0.2474,0.44167,normalised
91.45499753952026,,,0.97867,0.88825,1,,,,,,,,,GP3,0.97867,0.88825,0.2474,0.44167,normalised
91.46962594985962,,,0.97796,0.88742,1,,,,,,,,,GP3,0.97796,0.88742,0.2474,0.44167,normalised
91.48629879951477,,,0.97785,0.88712,1,,,,,,,,,GP3,0.97785,0.88712,0.2474,0.44167,normalised
91.50384640693665,,,0.97737,0.88672,1,,,,,,,,,GP3,0.97737,0.88672,0.2474,0.44167,normalised
91.52027606964111,,,0.97692,0.88648,1,,,,,,,,,GP3,0.97692,0.88648,0.2474,0.44167,normalised
91.53500032424927,,,0.97737,0.88764,1,,,,,,,,,GP3,0.97737,0.88764,0.2474,0.44167,normalised
91.55240678787231,,,1.01061,0.94907,0,,,,,,,,,GP3,1.01061,0.94907,0.2474,0.44167,normalised
91.56692218780518,,,1.01061,0.94907,0,,,,,,,,,GP3,1.01061,0.94907,0.2474,0.44167,normalised
91.58555698394775,,,1.01061,0.94907,0,,,,,,,,,GP3,1.01061,0.94907,0.2474,0.44167,normalised
91.60014390945435,,,0.0,0.0,0,,,,,,,,,GP3,0.0,0.0,0.2474,0.44167,normalised
91.61744213104248,,,0.0,0.0,0,,,,,,,,,GP3,0.0,0.0,0.2474,0.44167,normalised
91.63202333450317,,,0.0,0.0,0,,,,,,,,,GP3,0.0,0.0,0.2474,0.44167,normalised
91.6488184928894,,,0.0,0.0,0,,,,,,,,,GP3,0.0,0.0,0.2474,0.44167,normalised
91.6665256023407,,,0.0,0.0,0,,,,,,,,,GP3,0.0,0.0,0.2474,0.44167,normalised
91.68126583099365,,,0.0,0.0,0,,,,,,,,,GP3,0.0,0.0,0.2474,0.44167,normalised
91.69800806045532,,,0.0,0.0,0,,,,,,,,,GP3,0.0,0.0,0.2474,0.44167,normalised
91.71429991722107,,,0.0,0.0,0,,,,,,,,,GP3,0.0,0.0,0.2474,0.44167,normalised
91.73096513748169,,,0.0,0.0,0,,,,,,,,,GP3,0.0,0.0,0.2474,0.44167,normalised
91.748131275177,,,0.0,0.0,0,,,,,,,,,GP3,0.0,0.0,0.2474,0.44167,normalised
91.76315069198608,,,0.0,0.0,0,,,,,,,,,GP3,0.0,0.0,0.2474,0.44167,normalised
91.78171253204346,,,0.0,0.0,0,,,,,,,,,GP3,0.0,0.0,0.2474,0.44167,normalised
91.79560565948486,,,0.0,0.0,0,,,,,,,,,GP3,0.0,0.0,0.2474,0.44167,normalised
91.8125364780426,,,0.0,0.0,0,,,,,,,,,GP3,0.0,0.0,0.2474,0.44167,normalised
91.82955980300903,,,0.0,0.0,0,,,,,,,,,GP3,0.0,0.0,0.2474,0.44167,normalised
91.84506320953369,,,0.0,0.0,0,,,,,,,,,GP3,0.0,0.0,0.2474,0.44167,normalised
91.86175727844238,,,0.0,0.0,0,,,,,,,,,GP3,0.0,0.0,0.2474,0.44167,normalised
91.87771320343018,,,0.0,0.0,0,,,,,,,,,GP3,0.0,0.0,0.2474,0.44167,normalised
91.89512968063354,,,0.0,0.0,0,,,,,,,,,GP3,0.0,0.0,0.2474,0.44167,normalised
91.9087450504303,,,0.72681,0.75309,0,,,,,,,,,GP3,0.72681,0.75309,0.2474,0.44167,normalised
91.92219567298889,,,0.84868,1.08309,0,,,,,,,,,GP3,0.84868,1.08309,0.2474,0.44167,normalised
91.93947124481201,,,1.11759,1.58878,0,,,,,,,,,GP3,1.11759,1.58878,0.2474,0.44167,normalised
91.95557737350464,,,0.96231,1.55303,0,,,,,,,,,GP3,0.96231,1.55303,0.2474,0.44167,normalised
91.97155117988586,,,0.92734,1.56133,0,,,,,,,,,GP3,0.92734,1.56133,0.2474,0.44167,normalised
91.98818159103394,,,0.84351,1.56159,0,,,,,,,,,GP3,0.84351,1.56159,0.2474,0.44167,normalised
92.00563168525696,,,0.85525,1.5756,0,,,,,,,,,GP3,0.85525,1.5756,0.2474,0.44167,normalised
92.01967930793762,,,0.86946,1.59107,0,,,,,,,,,GP3,0.86946,1.59107,0.2474,0.44167,normalised
92.03738498687744,,,0.8739,1.59938,1,,,,,,,,,GP3,0.8739,1.59938,0.2474,0.44167,normalised
92.05450057983398,,,0.87708,1.60419,1,,,,,,,,,GP3,0.87708,1.60419,0.2474,0.44167,normalised
92.06930446624756,,,0.88246,1.6132,1,,,,,,,,,GP3,0.88246,1.6132,0.2474,0.44167,normalised
92.08725261688232,,,0.87412,1.60144,1,,,,,,,,,GP3,0.87412,1.60144,0.2474,0.44167,normalised
92.10081195831299,,,0.86818,1.59272,1,,,,,,,,,GP3,0.86818,1.59272,0.2474,0.44167,normalised
92.11764430999756,,,0.87908,1.61295,1,,,,,,,,,GP3,0.87908,1.61295,0.2474,0.44167,normalised
92.13366198539734,,,0.87908,1.61295,1,,,,,,,,,GP3,0.87908,1.61295,0.2474,0.44167,normalised
92.15636920928955,,,0.87908,1.61295,1,,,,,,,,,GP3,0.87908,1.61295,0.2474,0.44167,normalised
92.16805791854858,,,0.87908,1.61295,1,,,,,,,,,GP3,0.87908,1.61295,0.2474,0.44167,normalised
92.18562626838684,,,0.88353,1.61937,0,,,,,,,,,GP3,0.88353,1.61937,0.2474,0.44167,normalised
92.20356798171997,,,0.88353,1.61937,0,,,,,,,,,GP3,0.88353,1.61937,0.2474,0.44167,normalised
92.21616840362549,,,0.88353,1.61937,0,,,,,,,,,GP3,0.88353,1.61937,0.2474,0.44167,normalised
92.23220705986023,,,0.0,0.0,0,,,,,,,,,GP3,0.0,0.0,0.2474,0.44167,normalised
92.24893426895142,,,0.0,0.0,0,,,,,,,,,GP3,0.0,0.0,0.2474,0.44167,normalised
92.2636935710907,,,0.0,0.0,0,,,,,,,,,GP3,0.0,0.0,0.2474,0.44167,normalised
92.28243660926819,,,0.0,0.0,0,,,,,,,,,GP3,0.0,0.0,0.2474,0.44167,normalised
92.29832673072815,,,0.0,0.0,0,,,,,,,,,GP3,0.0,0.0,0.2474,0.44167,normalised
92.31285667419434,,,0.0,0.0,0,,,,,,,,,GP3,0.0,0.0,0.2474,0.44167,normalised
92.33012413978577,,,0.0,0.0,0,,,,,,,,,GP3,0.0,0.0,0.2474,0.44167,normalised
92.34481954574585,,,0.0,0.0,0,,,,,,,,,GP3,0.0,0.0,0.2474,0.44167,normalised
92.36139130592346,,,0.0,0.0,0,,,,,,,,,GP3,0.0,0.0,0.2474,0.44167,normalised
92.3762903213501,,,0.0,0.0,0,,,,,,,,,GP3,0.0,0.0,0.2474,0.44167,normalised
92.39379358291626,,,0.0,0.0,0,,,,,,,,,GP3,0.0,0.0,0.2474,0.44167,normalised
92.4105441570282,,,0.0,0.0,0,,,,,,,,,GP3,0.0,0.0,0.2474,0.44167,normalised
92.42596530914307,,,0.0,0.0,0,,,,,,,,,GP3,0.0,0.0,0.2474,0.44167,normalised
92.4429337978363,,,0.0,0.0,0,,,,,,,,,GP3,0.0,0.0,0.2474,0.44167,normalised
92.4586911201477,,,0.0,0.0,0,,,,,,,,,GP3,0.0,0.0,0.2474,0.44167,normalised
92.47545433044434,,,0.0,0.0,0,,,,,,,,,GP3,0.0,0.0,0.2474,0.44167,normalised
92.48938059806824,,,0.0,0.0,0,,,,,,,,,GP3,0.0,0.0,0.2474,0.44167,normalised
92.50634503364563,,,0.0,0.0,0,,,,,,,,,GP3,0.0,0.0,0.2474,0.44167,normalised
92.52656269073486,,,0.0,0.0,0,,,,,,,,,GP3,0.0,0.0,0.2474,0.44167,normalised
92.54142045974731,,,0.0,0.0,0,,,,,,,,,GP3,0.0,0.0,0.2474,0.44167,normalised
92.55793833732605,,,0.0,0.0,0,,,,,,,,,GP3,0.0,0.0,0.2474,0.44167,normalised
92.5739815235138,,,0.0,0.0,0,,,,,,,,,GP3,0.0,0.0,0.2474,0.44167,normalised
92.58996319770813,,,0.0,0.0,0,,,,,,,,,GP3,0.0,0.0,0.2474,0.44167,normalised
92.6061019897461,,,0.0,0.0,0,,,,,,,,,GP3,0.0,0.0,0.2474,0.44167,normalised
