time_s,device_time_s,system_time_s,gaze_x,gaze_y,valid,left_gaze_x,left_gaze_y,right_gaze_x,right_gaze_y,left_valid,right_valid,pupil_left,pupil_right,source_device,raw_gaze_x,raw_gaze_y,raw_cx,raw_cy,coordinate_space
45.10965943336487,,,0.0,0.0,0,,,,,,,,,GP3,0.0,0.0,0.0,0.0,normalised
45.12006163597107,,,0.65346,0.65344,1,,,,,,,,,GP3,0.65346,0.65344,0.4151,0.9713,normalised
45.13659596443176,,,0.65333,0.65408,1,,,,,,,,,GP3,0.65333,0.65408,0.4151,0.9713,normalised
45.15127420425415,,,0.65286,0.65493,1,,,,,,,,,GP3,0.65286,0.65493,0.4151,0.9713,normalised
45.16927194595337,,,0.65227,0.65566,1,,,,,,,,,GP3,0.65227,0.65566,0.4151,0.9713,normalised
45.182809591293335,,,0.65169,0.65632,1,,,,,,,,,GP3,0.65169,0.65632,0.4151,0.9713,normalised
45.20084357261658,,,0.65179,0.65705,1,,,,,,,,,GP3,0.65179,0.65705,0.4151,0.9713,normalised
45.218531370162964,,,0.65205,0.65786,1,,,,,,,,,GP3,0.65205,0.65786,0.4151,0.9713,normalised
45.23315954208374,,,0.65234,0.65857,1,,,,,,,,,GP3,0.65234,0.65857,0.4151,0.9713,normalised
45.24792742729187,,,0.65294,0.65836,1,,,,,,,,,GP3,0.65294,0.65836,0.4151,0.9713,normalised
45.265443325042725,,,0.65397,0.65829,1,,,,,,,,,GP3,0.65397,0.65829,0.4151,0.9713,normalised
45.279991149902344,,,0.65498,0.65824,1,,,,,,,,,GP3,0.65498,0.65824,0.4151,0.9713,normalised
45.29650902748108,,,0.65525,0.6591,1,,,,,,,,,GP3,0.65525,0.6591,0.4151,0.9713,normalised
45.31396436691284,,,0.65546,0.65985,1,,,,,,,,,GP3,0.65546,0.65985,0.4151,0.9713,normalised
45.329792976379395,,,0.65565,0.66067,1,,,,,,,,,GP3,0.65565,0.66067,0.4151,0.9713,normalised
45.34740591049194,,,0.65543,0.66091,1,,,,,,,,,GP3,0.65543,0.66091,0.4151,0.9713,normalised
45.362056493759155,,,0.65497,0.66103,1,,,,,,,,,GP3,0.65497,0.66103,0.4151,0.9713,normalised
45.379610776901245,,,0.65453,0.66109,1,,,,,,,,,GP3,0.65453,0.66109,0.4151,0.9713,normalised
45.394962549209595,,,0.65443,0.66157,1,,,,,,,,,GP3,0.65443,0.66157,0.4151,0.9713,normalised
45.41236877441406,,,0.6544,0.66239,1,,,,,,,,,GP3,0.6544,0.66239,0.4151,0.9713,normalised
45.426148414611816,,,0.65439,0.66312,1,,,,,,,,,GP3,0.65439,0.66312,0.4151,0.9713,normalised
45.443583726882935,,,0.65479,0.66353,1,,,,,,,,,GP3,0.65479,0.66353,0.4151,0.9713,normalised
45.45809245109558,,,0.65546,0.66409,1,,,,,,,,,GP3,0.65546,0.66409,0.4151,0.9713,normalised
45.47563576698303,,,0.65615,0.66458,1,,,,,,,,,GP3,0.65615,0.66458,0.4151,0.9713,normalised
45.49302005767822,,,0.65665,0.66481,1,,,,,,,,,GP3,0.65665,0.66481,0.4151,0.9713,normalised
45.5066978931427,,,0.65725,0.66528,1,,,,,,,,,GP3,0.65725,0.66528,0.4151,0.9713,normalised
45.52323031425476,,,0.65785,0.66581,1,,,,,,,,,GP3,0.65785,0.66581,0.4151,0.9713,normalised
45.540669202804565,,,0.65814,0.66616,1,,,,,,,,,GP3,0.65814,0.66616,0.4151,0.9713,normalised
45.55820965766907,,,0.65859,0.66613,1,,,,,,,,,GP3,0.65859,0.66613,0.4151,0.9713,normalised
45.57273578643799,,,0.65909,0.66593,1,,,,,,,,,GP3,0.65909,0.66593,0.4151,0.9713,normalised
45.58935570716858,,,0.65868,0.66589,1,,,,,,,,,GP3,0.65868,0.66589,0.4151,0.9713,normalised
45.60639309883118,,,0.65825,0.66524,1,,,,,,,,,GP3,0.65825,0.66524,0.4151,0.9713,normalised
45.621721506118774,,,0.65781,0.66465,1,,,,,,,,,GP3,0.65781,0.66465,0.4151,0.9713,normalised
45.63625931739807,,,0.65829,0.66454,1,,,,,,,,,GP3,0.65829,0.66454,0.4151,0.9713,normalised
45.653778076171875,,,0.65874,0.66486,1,,,,,,,,,GP3,0.65874,0.66486,0.4151,0.9713,normalised
45.66833972930908,,,0.65913,0.66535,1,,,,,,,,,GP3,0.65913,0.66535,0.4151,0.9713,normalised
45.685869455337524,,,0.65915,0.66522,1,,,,,,,,,GP3,0.65915,0.66522,0.4151,0.9713,normalised
45.70331025123596,,,0.65935,0.6662,1,,,,,,,,,GP3,0.65935,0.6662,0.4151,0.9713,normalised
45.71785068511963,,,0.65957,0.66713,1,,,,,,,,,GP3,0.65957,0.66713,0.4151,0.9713,normalised
45.73473024368286,,,0.6596,0.6679,1,,,,,,,,,GP3,0.6596,0.6679,0.4151,0.9713,normalised
45.749265909194946,,,0.659,0.66864,1,,,,,,,,,GP3,0.659,0.66864,0.4151,0.9713,normalised
45.767550468444824,,,0.65841,0.66932,1,,,,,,,,,GP3,0.65841,0.66932,0.4151,0.9713,normalised
45.78206181526184,,,0.65797,0.66928,1,,,,,,,,,GP3,0.65797,0.66928,0.4151,0.9713,normalised
45.800291299819946,,,0.657,0.66974,1,,,,,,,,,GP3,0.657,0.66974,0.4151,0.9713,normalised
45.81481075286865,,,0.65601,0.67028,1,,,,,,,,,GP3,0.65601,0.67028,0.4151,0.9713,normalised
45.83276629447937,,,0.65572,0.67006,1,,,,,,,,,GP3,0.65572,0.67006,0.4151,0.9713,normalised
45.84835863113403,,,0.6553,0.67003,1,,,,,,,,,GP3,0.6553,0.67003,0.4151,0.9713,normalised
45.864224433898926,,,0.65486,0.67011,1,,,,,,,,,GP3,0.65486,0.67011,0.4151,0.9713,normalised
45.881072998046875,,,0.65506,0.67054,1,,,,,,,,,GP3,0.65506,0.67054,0.4151,0.9713,normalised
45.8961136341095,,,0.65543,0.67102,1,,,,,,,,,GP3,0.65543,0.67102,0.4151,0.9713,normalised
45.91063189506531,,,0.65583,0.67136,1,,,,,,,,,GP3,0.65583,0.67136,0.4151,0.9713,normalised
45.92920446395874,,,0.65627,0.67128,1,,,,,,,,,GP3,0.65627,0.67128,0.4151,0.9713,normalised
45.943713426589966,,,0.65681,0.67115,1,,,,,,,,,GP3,0.65681,0.67115,0.4151,0.9713,normalised
45.96057367324829,,,0.65736,0.67106,1,,,,,,,,,GP3,0.65736,0.67106,0.4151,0.9713,normalised
45.97822570800781,,,0.65744,0.67071,1,,,,,,,,,GP3,0.65744,0.67071,0.4151,0.9713,normalised
45.99440360069275,,,0.65762,0.66998,1,,,,,,,,,GP3,0.65762,0.66998,0.4151,0.9713,normalised
46.01161193847656,,,0.6578,0.66927,1,,,,,,,,,GP3,0.6578,0.66927,0.4151,0.9713,normalised
46.02563691139221,,,0.65733,0.66948,1,,,,,,,,,GP3,0.65733,0.66948,0.4151,0.9713,normalised
46.044159173965454,,,0.65717,0.66933,1,,,,,,,,,GP3,0.65717,0.66933,0.4151,0.9713,normalised
46.057671308517456,,,0.65701,0.66922,1,,,,,,,,,GP3,0.65701,0.66922,0.4151,0.9713,normalised
46.07519197463989,,,0.65725,0.66821,1,,,,,,,,,GP3,0.65725,0.66821,0.4151,0.9713,normalised
46.099234104156494,,,0.65791,0.66763,1,,,,,,,,,GP3,0.65791,0.66763,0.4151,0.9713,normalised
46.10984230041504,,,0.65859,0.66698,1,,,,,,,,,GP3,0.65859,0.66698,0.4151,0.9713,normalised
46.12387156486511,,,0.65915,0.66764,1,,,,,,,,,GP3,0.65915,0.66764,0.4151,0.9713,normalised
46.139458656311035,,,0.66014,0.66862,1,,,,,,,,,GP3,0.66014,0.66862,0.4151,0.9713,normalised
46.153605699539185,,,0.66114,0.66958,1,,,,,,,,,GP3,0.66114,0.66958,0.4151,0.9713,normalised
46.17113780975342,,,0.6602,0.67133,1,,,,,,,,,GP3,0.6602,0.67133,0.4151,0.9713,normalised
46.18770170211792,,,0.62746,0.73207,0,,,,,,,,,GP3,0.62746,0.73207,0.4151,0.9713,normalised
46.20274090766907,,,0.36208,1.04773,0,,,,,,,,,GP3,0.36208,1.04773,0.4151,0.9713,normalised
46.220269203186035,,,0.53119,0.73677,0,,,,,,,,,GP3,0.53119,0.73677,0.4151,0.9713,normalised
46.23783540725708,,,0.61007,0.5358,0,,,,,,,,,GP3,0.61007,0.5358,0.4151,0.9713,normalised
46.25236392021179,,,0.73533,0.33963,0,,,,,,,,,GP3,0.73533,0.33963,0.4151,0.9713,normalised
46.27022647857666,,,0.78845,0.25921,0,,,,,,,,,GP3,0.78845,0.25921,0.4151,0.9713,normalised
46.28588652610779,,,0.88286,0.11416,0,,,,,,,,,GP3,0.88286,0.11416,0.4151,0.9713,normalised
46.300814390182495,,,0.88808,0.10742,0,,,,,,,,,GP3,0.88808,0.10742,0.4151,0.9713,normalised
46.317177295684814,,,0.88442,0.09132,0,,,,,,,,,GP3,0.88442,0.09132,0.4151,0.9713,normalised
46.33337450027466,,,0.88546,0.0817,1,,,,,,,,,GP3,0.88546,0.0817,0.4151,0.9713,normalised
46.351956367492676,,,0.88608,0.07593,1,,,,,,,,,GP3,0.88608,0.07593,0.4151,0.9713,normalised
46.36656928062439,,,0.88463,0.07831,1,,,,,,,,,GP3,0.88463,0.07831,0.4151,0.9713,normalised
46.38710618019104,,,0.8793,0.08116,1,,,,,,,,,GP3,0.8793,0.08116,0.4151,0.9713,normalised
46.397716760635376,,,0.8753,0.0833,1,,,,,,,,,GP3,0.8753,0.0833,0.4151,0.9713,normalised
46.415781021118164,,,0.87701,0.07669,1,,,,,,,,,GP3,0.87701,0.07669,0.4151,0.9713,normalised
46.43030381202698,,,0.87694,0.07002,1,,,,,,,,,GP3,0.87694,0.07002,0.4151,0.9713,normalised
46.44712591171265,,,0.87689,0.06456,1,,,,,,,,,GP3,0.87689,0.06456,0.4151,0.9713,normalised
46.46632218360901,,,0.87936,0.06007,1,,,,,,,,,GP3,0.87936,0.06007,0.4151,0.9713,normalised
46.48069381713867,,,0.88033,0.05604,1,,,,,,,,,GP3,0.88033,0.05604,0.4151,0.9713,normalised
46.49644136428833,,,0.88116,0.05258,1,,,,,,,,,GP3,0.88116,0.05258,0.4151,0.9713,normalised
46.51125478744507,,,0.88226,0.04957,1,,,,,,,,,GP3,0.88226,0.04957,0.4151,0.9713,normalised
46.5287868976593,,,0.88317,0.04682,1,,,,,,,,,GP3,0.88317,0.04682,0.4151,0.9713,normalised
46.54334211349487,,,0.88397,0.04439,1,,,,,,,,,GP3,0.88397,0.04439,0.4151,0.9713,normalised
46.55785918235779,,,0.88533,0.04168,1,,,,,,,,,GP3,0.88533,0.04168,0.4151,0.9713,normalised
46.57575511932373,,,0.88776,0.04208,1,,,,,,,,,GP3,0.88776,0.04208,0.4151,0.9713,normalised
46.5931510925293,,,0.89972,0.01521,0,,,,,,,,,GP3,0.89972,0.01521,0.4151,0.9713,normalised
46.60943651199341,,,0.88203,0.02785,0,,,,,,,,,GP3,0.88203,0.02785,0.4151,0.9713,normalised
46.62633991241455,,,0.87367,0.03361,0,,,,,,,,,GP3,0.87367,0.03361,0.4151,0.9713,normalised
46.642298221588135,,,0.86949,0.03649,1,,,,,,,,,GP3,0.86949,0.03649,0.4151,0.9713,normalised
46.655993700027466,,,0.86856,0.03606,1,,,,,,,,,GP3,0.86856,0.03606,0.4151,0.9713,normalised
46.6726131439209,,,0.86849,0.03792,1,,,,,,,,,GP3,0.86849,0.03792,0.4151,0.9713,normalised
46.690165996551514,,,0.86844,0.03925,1,,,,,,,,,GP3,0.86844,0.03925,0.4151,0.9713,normalised
46.704286336898804,,,0.86737,0.03921,1,,,,,,,,,GP3,0.86737,0.03921,0.4151,0.9713,normalised
46.7213819026947,,,0.86773,0.04067,1,,,,,,,,,GP3,0.86773,0.04067,0.4151,0.9713,normalised
46.73608589172363,,,0.86802,0.04183,1,,,,,,,,,GP3,0.86802,0.04183,0.4151,0.9713,normalised
46.754822969436646,,,0.86886,0.04352,1,,,,,,,,,GP3,0.86886,0.04352,0.4151,0.9713,normalised
46.770469427108765,,,0.87002,0.04467,1,,,,,,,,,GP3,0.87002,0.04467,0.4151,0.9713,normalised
46.78700137138367,,,0.87101,0.04564,1,,,,,,,,,GP3,0.87101,0.04564,0.4151,0.9713,normalised
46.80424523353577,,,0.87077,0.0463,1,,,,,,,,,GP3,0.87077,0.0463,0.4151,0.9713,normalised
46.8187735080719,,,0.87049,0.04749,1,,,,,,,,,GP3,0.87049,0.04749,0.4151,0.9713,normalised
46.836294412612915,,,0.87025,0.04853,1,,,,,,,,,GP3,0.87025,0.04853,0.4151,0.9713,normalised
46.84924674034119,,,0.87024,0.04906,1,,,,,,,,,GP3,0.87024,0.04906,0.4151,0.9713,normalised
46.86657404899597,,,0.8693,0.05114,1,,,,,,,,,GP3,0.8693,0.05114,0.4151,0.9713,normalised
46.884098529815674,,,0.86845,0.05299,1,,,,,,,,,GP3,0.86845,0.05299,0.4151,0.9713,normalised
46.89785051345825,,,0.86863,0.05385,1,,,,,,,,,GP3,0.86863,0.05385,0.4151,0.9713,normalised
46.91545224189758,,,0.86781,0.05495,1,,,,,,,,,GP3,0.86781,0.05495,0.4151,0.9713,normalised
46.93233323097229,,,0.86707,0.05595,1,,,,,,,,,GP3,0.86707,0.05595,0.4151,0.9713,normalised
46.946727991104126,,,0.86727,0.05656,1,,,,,,,,,GP3,0.86727,0.05656,0.4151,0.9713,normalised
46.96364140510559,,,0.8678,0.05702,1,,,,,,,,,GP3,0.8678,0.05702,0.4151,0.9713,normalised
46.97894477844238,,,0.86828,0.05745,1,,,,,,,,,GP3,0.86828,0.05745,0.4151,0.9713,normalised
46.99587035179138,,,0.86873,0.05792,1,,,,,,,,,GP3,0.86873,0.05792,0.4151,0.9713,normalised
47.01262831687927,,,0.86917,0.05856,1,,,,,,,,,GP3,0.86917,0.05856,0.4151,0.9713,normalised
47.02856516838074,,,0.86957,0.05914,1,,,,,,,,,GP3,0.86957,0.05914,0.4151,0.9713,normalised
47.044509172439575,,,0.86936,0.05962,1,,,,,,,,,GP3,0.86936,0.05962,0.4151,0.9713,normalised
47.061113119125366,,,0.86893,0.05968,1,,,,,,,,,GP3,0.86893,0.05968,0.4151,0.9713,normalised
47.07670068740845,,,0.86852,0.05974,1,,,,,,,,,GP3,0.86852,0.05974,0.4151,0.9713,normalised
47.09339380264282,,,0.868,0.05955,1,,,,,,,,,GP3,0.868,0.05955,0.4151,0.9713,normalised
47.10931611061096,,,0.86716,0.05982,1,,,,,,,,,GP3,0.86716,0.05982,0.4151,0.9713,normalised
47.12516784667969,,,0.86636,0.06008,1,,,,,,,,,GP3,0.86636,0.06008,0.4151,0.9713,normalised
47.14256930351257,,,0.86624,0.06018,1,,,,,,,,,GP3,0.86624,0.06018,0.4151,0.9713,normalised
47.15847182273865,,,0.86583,0.06032,1,,,,,,,,,GP3,0.86583,0.06032,0.4151,0.9713,normalised
47.1731071472168,,,0.86544,0.06045,1,,,,,,,,,GP3,0.86544,0.06045,0.4151,0.9713,normalised
47.18975281715393,,,0.86579,0.06063,1,,,,,,,,,GP3,0.86579,0.06063,0.4151,0.9713,normalised
47.206042528152466,,,0.86603,0.0616,1,,,,,,,,,GP3,0.86603,0.0616,0.4151,0.9713,normalised
47.223548889160156,,,0.86938,0.04964,1,,,,,,,,,GP3,0.86938,0.04964,0.4151,0.9713,normalised
47.237327098846436,,,0.89117,-0.0828,0,,,,,,,,,GP3,0.89117,-0.0828,0.4151,0.9713,normalised
47.25369071960449,,,1.05227,-1.06726,0,,,,,,,,,GP3,1.05227,-1.06726,0.4151,0.9713,normalised
47.271220445632935,,,1.1146,-1.68722,0,,,,,,,,,GP3,1.1146,-1.68722,0.4151,0.9713,normalised
47.286059617996216,,,1.23591,-2.80541,0,,,,,,,,,GP3,1.23591,-2.80541,0.4151,0.9713,normalised
47.30246424674988,,,1.23044,-3.09074,0,,,,,,,,,GP3,1.23044,-3.09074,0.4151,0.9713,normalised
47.319172382354736,,,1.22861,-3.18585,0,,,,,,,,,GP3,1.22861,-3.18585,0.4151,0.9713,normalised
47.33561182022095,,,1.2295,-3.38553,0,,,,,,,,,GP3,1.2295,-3.38553,0.4151,0.9713,normalised
47.352370500564575,,,1.23243,-3.33577,0,,,,,,,,,GP3,1.23243,-3.33577,0.4151,0.9713,normalised
47.36876463890076,,,1.23341,-3.31919,0,,,,,,,,,GP3,1.23341,-3.31919,0.4151,0.9713,normalised
47.385764837265015,,,1.23783,-3.31855,1,,,,,,,,,GP3,1.23783,-3.31855,0.4151,0.9713,normalised
47.40224051475525,,,1.24091,-3.34024,1,,,,,,,,,GP3,1.24091,-3.34024,0.4151,0.9713,normalised
47.415961503982544,,,1.24296,-3.35471,1,,,,,,,,,GP3,1.24296,-3.35471,0.4151,0.9713,normalised
47.43367910385132,,,1.25027,-3.35001,1,,,,,,,,,GP3,1.25027,-3.35001,0.4151,0.9713,normalised
47.44766879081726,,,1.25963,-3.34496,1,,,,,,,,,GP3,1.25963,-3.34496,0.4151,0.9713,normalised
47.46448731422424,,,1.26692,-3.34104,1,,,,,,,,,GP3,1.26692,-3.34104,0.4151,0.9713,normalised
47.48063063621521,,,1.27182,-3.34078,1,,,,,,,,,GP3,1.27182,-3.34078,0.4151,0.9713,normalised
47.49655890464783,,,1.27924,-3.34043,1,,,,,,,,,GP3,1.27924,-3.34043,0.4151,0.9713,normalised
47.51294732093811,,,1.28542,-3.34015,1,,,,,,,,,GP3,1.28542,-3.34015,0.4151,0.9713,normalised
47.52971172332764,,,1.28424,-3.34326,1,,,,,,,,,GP3,1.28424,-3.34326,0.4151,0.9713,normalised
47.54759740829468,,,1.28395,-3.34651,1,,,,,,,,,GP3,1.28395,-3.34651,0.4151,0.9713,normalised
47.56122541427612,,,1.28369,-3.34933,1,,,,,,,,,GP3,1.28369,-3.34933,0.4151,0.9713,normalised
47.57813572883606,,,1.28358,-3.34006,1,,,,,,,,,GP3,1.28358,-3.34006,0.4151,0.9713,normalised
47.595367431640625,,,1.28313,-3.33303,1,,,,,,,,,GP3,1.28313,-3.33303,0.4151,0.9713,normalised
47.609957456588745,,,1.28272,-3.32678,1,,,,,,,,,GP3,1.28272,-3.32678,0.4151,0.9713,normalised
47.62765955924988,,,1.28308,-3.33252,1,,,,,,,,,GP3,1.28308,-3.33252,0.4151,0.9713,normalised
47.64226722717285,,,1.28366,-3.33097,1,,,,,,,,,GP3,1.28366,-3.33097,0.4151,0.9713,normalised
47.657755851745605,,,1.28418,-3.32957,1,,,,,,,,,GP3,1.28418,-3.32957,0.4151,0.9713,normalised
47.67517971992493,,,1.28442,-3.33303,1,,,,,,,,,GP3,1.28442,-3.33303,0.4151,0.9713,normalised
47.68992066383362,,,1.28548,-3.3354,1,,,,,,,,,GP3,1.28548,-3.3354,0.4151,0.9713,normalised
47.707149505615234,,,1.28646,-3.33757,1,,,,,,,,,GP3,1.28646,-3.33757,0.4151,0.9713,normalised
47.7238974571228,,,1.28554,-3.34043,1,,,,,,,,,GP3,1.28554,-3.34043,0.4151,0.9713,normalised
47.741304874420166,,,1.28686,-3.3453,1,,,,,,,,,GP3,1.28686,-3.3453,0.4151,0.9713,normalised
47.755003213882446,,,1.28809,-3.34981,1,,,,,,,,,GP3,1.28809,-3.34981,0.4151,0.9713,normalised
47.771496534347534,,,1.28876,-3.3505,1,,,,,,,,,GP3,1.28876,-3.3505,0.4151,0.9713,normalised
47.78805208206177,,,1.29864,-3.37541,0,,,,,,,,,GP3,1.29864,-3.37541,0.4151,0.9713,normalised
47.8031120300293,,,1.30507,-3.36391,0,,,,,,,,,GP3,1.30507,-3.36391,0.4151,0.9713,normalised
47.82063674926758,,,1.29986,-3.38472,0,,,,,,,,,GP3,1.29986,-3.38472,0.4151,0.9713,normalised
47.835742712020874,,,1.29271,-3.39875,1,,,,,,,,,GP3,1.29271,-3.39875,0.4151,0.9713,normalised
47.852360010147095,,,1.28842,-3.40718,1,,,,,,,,,GP3,1.28842,-3.40718,0.4151,0.9713,normalised
47.869170904159546,,,1.28069,-3.37719,1,,,,,,,,,GP3,1.28069,-3.37719,0.4151,0.9713,normalised
47.884963035583496,,,1.27235,-3.35019,1,,,,,,,,,GP3,1.27235,-3.35019,0.4151,0.9713,normalised
47.901111364364624,,,1.2661,-3.32994,1,,,,,,,,,GP3,1.2661,-3.32994,0.4151,0.9713,normalised
47.91763472557068,,,1.26337,-3.31649,1,,,,,,,,,GP3,1.26337,-3.31649,0.4151,0.9713,normalised
47.934727907180786,,,1.25737,-3.30359,1,,,,,,,,,GP3,1.25737,-3.30359,0.4151,0.9713,normalised
47.951353311538696,,,1.25246,-3.29304,1,,,,,,,,,GP3,1.25246,-3.29304,0.4151,0.9713,normalised
47.968585729599,,,1.2491,-3.28921,1,,,,,,,,,GP3,1.2491,-3.28921,0.4151,0.9713,normalised
47.98311710357666,,,1.24426,-3.28328,1,,,,,,,,,GP3,1.24426,-3.28328,0.4151,0.9713,normalised
47.998372077941895,,,1.24012,-3.2782,1,,,,,,,,,GP3,1.24012,-3.2782,0.4151,0.9713,normalised
48.02004885673523,,,1.22621,-3.26025,0,,,,,,,,,GP3,1.22621,-3.26025,0.4151,0.9713,normalised
48.031914710998535,,,1.24073,-3.30315,0,,,,,,,,,GP3,1.24073,-3.30315,0.4151,0.9713,normalised
48.04645872116089,,,1.24556,-3.31746,0,,,,,,,,,GP3,1.24556,-3.31746,0.4151,0.9713,normalised
48.06427454948425,,,1.25422,-3.36116,0,,,,,,,,,GP3,1.25422,-3.36116,0.4151,0.9713,normalised
48.081015825271606,,,1.25714,-3.36925,0,,,,,,,,,GP3,1.25714,-3.36925,0.4151,0.9713,normalised
48.09534287452698,,,1.25811,-3.37194,0,,,,,,,,,GP3,1.25811,-3.37194,0.4151,0.9713,normalised
48.1130428314209,,,1.25328,-3.38598,1,,,,,,,,,GP3,1.25328,-3.38598,0.4151,0.9713,normalised
48.12681341171265,,,1.23648,-3.38099,1,,,,,,,,,GP3,1.23648,-3.38099,0.4151,0.9713,normalised
48.144323110580444,,,1.22528,-3.37767,1,,,,,,,,,GP3,1.22528,-3.37767,0.4151,0.9713,normalised
48.162062644958496,,,1.22166,-3.38472,1,,,,,,,,,GP3,1.22166,-3.38472,0.4151,0.9713,normalised
48.176687717437744,,,1.21681,-3.39515,1,,,,,,,,,GP3,1.21681,-3.39515,0.4151,0.9713,normalised
48.193291425704956,,,1.21304,-3.40326,1,,,,,,,,,GP3,1.21304,-3.40326,0.4151,0.9713,normalised
48.20959544181824,,,1.21033,-3.39406,1,,,,,,,,,GP3,1.21033,-3.39406,0.4151,0.9713,normalised
48.22416543960571,,,1.20825,-3.39799,1,,,,,,,,,GP3,1.20825,-3.39799,0.4151,0.9713,normalised
48.24125409126282,,,1.20651,-3.40127,1,,,,,,,,,GP3,1.20651,-3.40127,0.4151,0.9713,normalised
48.258636713027954,,,1.20597,-3.40167,1,,,,,,,,,GP3,1.20597,-3.40167,0.4151,0.9713,normalised
48.27257776260376,,,1.20162,-3.3982,1,,,,,,,,,GP3,1.20162,-3.3982,0.4151,0.9713,normalised
48.288663148880005,,,1.19785,-3.3952,1,,,,,,,,,GP3,1.19785,-3.3952,0.4151,0.9713,normalised
48.305915117263794,,,1.19931,-3.393,1,,,,,,,,,GP3,1.19931,-3.393,0.4151,0.9713,normalised
48.322572231292725,,,1.19979,-3.39284,1,,,,,,,,,GP3,1.19979,-3.39284,0.4151,0.9713,normalised
48.339348793029785,,,1.20021,-3.3927,1,,,,,,,,,GP3,1.20021,-3.3927,0.4151,0.9713,normalised
48.35309553146362,,,1.20553,-3.39136,1,,,,,,,,,GP3,1.20553,-3.39136,0.4151,0.9713,normalised
48.36978340148926,,,1.21125,-3.38976,1,,,,,,,,,GP3,1.21125,-3.38976,0.4151,0.9713,normalised
48.388099908828735,,,1.21644,-3.38831,1,,,,,,,,,GP3,1.21644,-3.38831,0.4151,0.9713,normalised
48.40385365486145,,,1.21911,-3.38456,1,,,,,,,,,GP3,1.21911,-3.38456,0.4151,0.9713,normalised
48.42137670516968,,,1.22271,-3.38233,1,,,,,,,,,GP3,1.22271,-3.38233,0.4151,0.9713,normalised
48.436034202575684,,,1.2455,-3.35931,0,,,,,,,,,GP3,1.2455,-3.35931,0.4151,0.9713,normalised
48.452882528305054,,,1.21716,-3.33777,0,,,,,,,,,GP3,1.21716,-3.33777,0.4151,0.9713,normalised
48.46746039390564,,,1.2072,-3.33205,0,,,,,,,,,GP3,1.2072,-3.33205,0.4151,0.9713,normalised
48.48484945297241,,,1.20222,-3.32919,1,,,,,,,,,GP3,1.20222,-3.32919,0.4151,0.9713,normalised
48.50002121925354,,,1.20865,-3.33756,1,,,,,,,,,GP3,1.20865,-3.33756,0.4151,0.9713,normalised
48.51665544509888,,,1.21153,-3.36236,1,,,,,,,,,GP3,1.21153,-3.36236,0.4151,0.9713,normalised
48.53129172325134,,,1.21359,-3.38008,1,,,,,,,,,GP3,1.21359,-3.38008,0.4151,0.9713,normalised
48.55072331428528,,,1.214,-3.37151,1,,,,,,,,,GP3,1.214,-3.37151,0.4151,0.9713,normalised
48.56364989280701,,,1.2145,-3.36811,1,,,,,,,,,GP3,1.2145,-3.36811,0.4151,0.9713,normalised
48.581180810928345,,,1.2149,-3.3654,1,,,,,,,,,GP3,1.2149,-3.3654,0.4151,0.9713,normalised
48.59586954116821,,,1.21358,-3.36526,1,,,,,,,,,GP3,1.21358,-3.36526,0.4151,0.9713,normalised
48.6126594543457,,,1.20708,-3.3604,1,,,,,,,,,GP3,1.20708,-3.3604,0.4151,0.9713,normalised
48.629430055618286,,,1.20158,-3.35628,1,,,,,,,,,GP3,1.20158,-3.35628,0.4151,0.9713,normalised
48.647050857543945,,,1.19915,-3.35174,1,,,,,,,,,GP3,1.19915,-3.35174,0.4151,0.9713,normalised
48.663185834884644,,,1.19804,-3.34575,1,,,,,,,,,GP3,1.19804,-3.34575,0.4151,0.9713,normalised
48.6775803565979,,,1.19707,-3.34051,1,,,,,,,,,GP3,1.19707,-3.34051,0.4151,0.9713,normalised
48.69298839569092,,,1.19964,-3.33426,1,,,,,,,,,GP3,1.19964,-3.33426,0.4151,0.9713,normalised
48.71028971672058,,,1.20288,-3.32736,1,,,,,,,,,GP3,1.20288,-3.32736,0.4151,0.9713,normalised
48.72533869743347,,,1.20121,-3.28683,0,,,,,,,,,GP3,1.20121,-3.28683,0.4151,0.9713,normalised
48.74318265914917,,,1.2344,-3.26231,0,,,,,,,,,GP3,1.2344,-3.26231,0.4151,0.9713,normalised
48.75818848609924,,,1.24866,-3.23719,0,,,,,,,,,GP3,1.24866,-3.23719,0.4151,0.9713,normalised
48.77465891838074,,,1.27398,-3.2039,0,,,,,,,,,GP3,1.27398,-3.2039,0.4151,0.9713,normalised
48.79074287414551,,,1.28116,-3.22575,0,,,,,,,,,GP3,1.28116,-3.22575,0.4151,0.9713,normalised
48.807793378829956,,,1.30012,-3.3095,0,,,,,,,,,GP3,1.30012,-3.3095,0.4151,0.9713,normalised
48.82231068611145,,,1.32148,-3.40052,0,,,,,,,,,GP3,1.32148,-3.40052,0.4151,0.9713,normalised
48.84282445907593,,,1.31744,-3.39539,0,,,,,,,,,GP3,1.31744,-3.39539,0.4151,0.9713,normalised
48.85743165016174,,,1.31677,-3.39063,0,,,,,,,,,GP3,1.31677,-3.39063,0.4151,0.9713,normalised
48.87119102478027,,,1.31644,-3.38825,1,,,,,,,,,GP3,1.31644,-3.38825,0.4151,0.9713,normalised
48.88826251029968,,,1.30463,-3.34346,1,,,,,,,,,GP3,1.30463,-3.34346,0.4151,0.9713,normalised
48.90570068359375,,,1.30459,-3.34583,1,,,,,,,,,GP3,1.30459,-3.34583,0.4151,0.9713,normalised
48.92242431640625,,,1.30456,-3.34752,1,,,,,,,,,GP3,1.30456,-3.34752,0.4151,0.9713,normalised
48.93620252609253,,,1.29348,-3.34051,1,,,,,,,,,GP3,1.29348,-3.34051,0.4151,0.9713,normalised
48.95216917991638,,,1.29215,-3.34833,1,,,,,,,,,GP3,1.29215,-3.34833,0.4151,0.9713,normalised
48.97187542915344,,,1.2911,-3.35458,1,,,,,,,,,GP3,1.2911,-3.35458,0.4151,0.9713,normalised
48.985737323760986,,,1.28867,-3.36043,1,,,,,,,,,GP3,1.28867,-3.36043,0.4151,0.9713,normalised
49.00215435028076,,,1.2864,-3.35857,1,,,,,,,,,GP3,1.2864,-3.35857,0.4151,0.9713,normalised
49.016669034957886,,,1.28448,-3.357,1,,,,,,,,,GP3,1.28448,-3.357,0.4151,0.9713,normalised
49.03744101524353,,,1.28183,-3.35926,1,,,,,,,,,GP3,1.28183,-3.35926,0.4151,0.9713,normalised
49.0578818321228,,,1.27911,-3.35661,1,,,,,,,,,GP3,1.27911,-3.35661,0.4151,0.9713,normalised
49.07807755470276,,,1.27673,-3.35429,1,,,,,,,,,GP3,1.27673,-3.35429,0.4151,0.9713,normalised
49.0936005115509,,,1.27567,-3.34805,1,,,,,,,,,GP3,1.27567,-3.34805,0.4151,0.9713,normalised
49.10397005081177,,,1.27149,-3.33809,1,,,,,,,,,GP3,1.27149,-3.33809,0.4151,0.9713,normalised
49.119049310684204,,,1.26775,-3.32918,1,,,,,,,,,GP3,1.26775,-3.32918,0.4151,0.9713,normalised
49.14250087738037,,,1.27627,-3.32872,1,,,,,,,,,GP3,1.27627,-3.32872,0.4151,0.9713,normalised
49.18128561973572,,,1.29472,-3.33109,1,,,,,,,,,GP3,1.29472,-3.33109,0.4151,0.9713,normalised
49.19158983230591,,,1.31148,-3.33323,1,,,,,,,,,GP3,1.31148,-3.33323,0.4151,0.9713,normalised
49.20211982727051,,,1.89317,-2.38341,0,,,,,,,,,GP3,1.89317,-2.38341,0.4151,0.9713,normalised
49.212634801864624,,,2.54394,-1.21545,0,,,,,,,,,GP3,2.54394,-1.21545,0.4151,0.9713,normalised
49.22870206832886,,,3.16645,-0.18237,0,,,,,,,,,GP3,3.16645,-0.18237,0.4151,0.9713,normalised
49.25222945213318,,,3.16645,-0.18237,0,,,,,,,,,GP3,3.16645,-0.18237,0.4151,0.9713,normalised
49.2670533657074,,,3.16645,-0.18237,0,,,,,,,,,GP3,3.16645,-0.18237,0.4151,0.9713,normalised
49.28158903121948,,,0.0,0.0,0,,,,,,,,,GP3,0.0,0.0,0.4151,0.9713,normalised
49.29848384857178,,,0.0,0.0,0,,,,,,,,,GP3,0.0,0.0,0.4151,0.9713,normalised
49.31902194023132,,,0.0,0.0,0,,,,,,,,,GP3,0.0,0.0,0.4151,0.9713,normalised
49.329665184020996,,,0.0,0.0,0,,,,,,,,,GP3,0.0,0.0,0.4151,0.9713,normalised
49.346208810806274,,,0.0,0.0,0,,,,,,,,,GP3,0.0,0.0,0.4151,0.9713,normalised
49.363730907440186,,,0.0,0.0,0,,,,,,,,,GP3,0.0,0.0,0.4151,0.9713,normalised
49.38075351715088,,,0.0,0.0,0,,,,,,,,,GP3,0.0,0.0,0.4151,0.9713,normalised
49.39340806007385,,,0.0,0.0,0,,,,,,,,,GP3,0.0,0.0,0.4151,0.9713,normalised
49.41407012939453,,,0.0,0.0,0,,,,,,,,,GP3,0.0,0.0,0.4151,0.9713,normalised
49.42571449279785,,,0.0,0.0,0,,,,,,,,,GP3,0.0,0.0,0.4151,0.9713,normalised
49.441245555877686,,,0.41099,-0.95215,0,,,,,,,,,GP3,0.41099,-0.95215,0.4151,0.9713,normalised
49.45449256896973,,,0.59922,-1.63396,0,,,,,,,,,GP3,0.59922,-1.63396,0.4151,0.9713,normalised
49.46915531158447,,,0.56559,-2.35323,0,,,,,,,,,GP3,0.56559,-2.35323,0.4151,0.9713,normalised
49.48694634437561,,,0.26676,-2.25692,0,,,,,,,,,GP3,0.26676,-2.25692,0.4151,0.9713,normalised
49.502960205078125,,,0.16715,-2.22482,0,,,,,,,,,GP3,0.16715,-2.22482,0.4151,0.9713,normalised
49.52067232131958,,,-0.08685,-2.12114,0,,,,,,,,,GP3,-0.08685,-2.12114,0.4151,0.9713,normalised
49.53518462181091,,,-0.11801,-2.14082,0,,,,,,,,,GP3,-0.11801,-2.14082,0.4151,0.9713,normalised
49.552807092666626,,,-0.12839,-2.14738,0,,,,,,,,,GP3,-0.12839,-2.14738,0.4151,0.9713,normalised
49.56951689720154,,,-0.13351,-2.1412,1,,,,,,,,,GP3,-0.13351,-2.1412,0.4151,0.9713,normalised
49.58410716056824,,,-0.08016,-2.16049,1,,,,,,,,,GP3,-0.08016,-2.16049,0.4151,0.9713,normalised
49.60109210014343,,,-0.04459,-2.17334,1,,,,,,,,,GP3,-0.04459,-2.17334,0.4151,0.9713,normalised
49.617106199264526,,,-0.03767,-2.37575,0,,,,,,,,,GP3,-0.03767,-2.37575,0.4151,0.9713,normalised
49.631951093673706,,,-0.02088,-2.85693,0,,,,,,,,,GP3,-0.02088,-2.85693,0.4151,0.9713,normalised
49.647191286087036,,,-0.01529,-3.01733,0,,,,,,,,,GP3,-0.01529,-3.01733,0.4151,0.9713,normalised
49.664708852767944,,,-0.01813,-3.38425,0,,,,,,,,,GP3,-0.01813,-3.38425,0.4151,0.9713,normalised
49.68142795562744,,,-0.03344,-3.28935,0,,,,,,,,,GP3,-0.03344,-3.28935,0.4151,0.9713,normalised
49.69626045227051,,,-0.03854,-3.25771,0,,,,,,,,,GP3,-0.03854,-3.25771,0.4151,0.9713,normalised
49.71178865432739,,,-0.06115,-3.27023,0,,,,,,,,,GP3,-0.06115,-3.27023,0.4151,0.9713,normalised
49.730990409851074,,,-0.06858,-3.34977,0,,,,,,,,,GP3,-0.06858,-3.34977,0.4151,0.9713,normalised
49.74496078491211,,,-0.07106,-3.37629,0,,,,,,,,,GP3,-0.07106,-3.37629,0.4151,0.9713,normalised
49.76154589653015,,,-0.07699,-3.46194,0,,,,,,,,,GP3,-0.07699,-3.46194,0.4151,0.9713,normalised
49.7776300907135,,,-0.06701,-3.46899,0,,,,,,,,,GP3,-0.06701,-3.46899,0.4151,0.9713,normalised
49.79493570327759,,,-0.06368,-3.47134,0,,,,,,,,,GP3,-0.06368,-3.47134,0.4151,0.9713,normalised
49.81006860733032,,,-0.06361,-3.46314,1,,,,,,,,,GP3,-0.06361,-3.46314,0.4151,0.9713,normalised
49.827489376068115,,,-0.06318,-3.46179,1,,,,,,,,,GP3,-0.06318,-3.46179,0.4151,0.9713,normalised
49.84119939804077,,,-0.06289,-3.46089,1,,,,,,,,,GP3,-0.06289,-3.46089,0.4151,0.9713,normalised
49.85862421989441,,,-0.06356,-3.47788,1,,,,,,,,,GP3,-0.06356,-3.47788,0.4151,0.9713,normalised
49.87630653381348,,,-0.06234,-3.49359,1,,,,,,,,,GP3,-0.06234,-3.49359,0.4151,0.9713,normalised
49.890453815460205,,,-0.06138,-3.50581,1,,,,,,,,,GP3,-0.06138,-3.50581,0.4151,0.9713,normalised
49.907368183135986,,,-0.06123,-3.51212,1,,,,,,,,,GP3,-0.06123,-3.51212,0.4151,0.9713,normalised
49.925320625305176,,,-0.06373,-3.51872,1,,,,,,,,,GP3,-0.06373,-3.51872,0.4151,0.9713,normalised
49.93928551673889,,,-0.06582,-3.52422,1,,,,,,,,,GP3,-0.06582,-3.52422,0.4151,0.9713,normalised
49.956897258758545,,,-0.06603,-3.52823,1,,,,,,,,,GP3,-0.06603,-3.52823,0.4151,0.9713,normalised
49.97169637680054,,,-0.06693,-3.53646,1,,,,,,,,,GP3,-0.06693,-3.53646,0.4151,0.9713,normalised
49.98739051818848,,,-0.07224,-3.46561,1,,,,,,,,,GP3,-0.07224,-3.46561,0.4151,0.9713,normalised
50.003925800323486,,,-0.07807,-3.2938,0,,,,,,,,,GP3,-0.07807,-3.2938,0.4151,0.9713,normalised
50.02070116996765,,,-0.0341,-1.83504,0,,,,,,,,,GP3,-0.0341,-1.83504,0.4151,0.9713,normalised
50.03733229637146,,,0.05176,-1.05865,0,,,,,,,,,GP3,0.05176,-1.05865,0.4151,0.9713,normalised
50.05186176300049,,,0.15443,0.20664,0,,,,,,,,,GP3,0.15443,0.20664,0.4151,0.9713,normalised
50.068310499191284,,,0.19015,0.36626,0,,,,,,,,,GP3,0.19015,0.36626,0.4151,0.9713,normalised
50.08606505393982,,,0.20206,0.41947,0,,,,,,,,,GP3,0.20206,0.41947,0.4151,0.9713,normalised
50.102051973342896,,,0.23244,0.52172,0,,,,,,,,,GP3,0.23244,0.52172,0.4151,0.9713,normalised
50.11970114707947,,,0.24764,0.53377,0,,,,,,,,,GP3,0.24764,0.53377,0.4151,0.9713,normalised
50.13449740409851,,,0.25271,0.53779,0,,,,,,,,,GP3,0.25271,0.53779,0.4151,0.9713,normalised
50.15201663970947,,,0.25079,0.53033,1,,,,,,,,,GP3,0.25079,0.53033,0.4151,0.9713,normalised
50.16585159301758,,,0.2529,0.52827,1,,,,,,,,,GP3,0.2529,0.52827,0.4151,0.9713,normalised
50.183417320251465,,,0.2543,0.52689,1,,,,,,,,,GP3,0.2543,0.52689,0.4151,0.9713,normalised
50.19956874847412,,,0.25334,0.52303,1,,,,,,,,,GP3,0.25334,0.52303,0.4151,0.9713,normalised
50.21538209915161,,,0.25376,0.52036,1,,,,,,,,,GP3,0.25376,0.52036,0.4151,0.9713,normalised
50.229193925857544,,,0.22497,0.36235,1,,,,,,,,,GP3,0.22497,0.36235,0.4151,0.9713,normalised
50.24845337867737,,,0.19086,0.01027,0,,,,,,,,,GP3,0.19086,0.01027,0.4151,0.9713,normalised
50.26435589790344,,,0.1603,-2.28793,0,,,,,,,,,GP3,0.1603,-2.28793,0.4151,0.9713,normalised
50.27893018722534,,,0.14975,-3.05146,0,,,,,,,,,GP3,0.14975,-3.05146,0.4151,0.9713,normalised
50.294697523117065,,,0.04898,-3.94318,0,,,,,,,,,GP3,0.04898,-3.94318,0.4151,0.9713,normalised
50.311060190200806,,,-0.00044,-2.45738,0,,,,,,,,,GP3,-0.00044,-2.45738,0.4151,0.9713,normalised
50.32858419418335,,,0.07924,-1.47172,0,,,,,,,,,GP3,0.07924,-1.47172,0.4151,0.9713,normalised
50.34451222419739,,,0.139,0.00749,0,,,,,,,,,GP3,0.139,0.00749,0.4151,0.9713,normalised
50.35902810096741,,,0.18479,0.25113,0,,,,,,,,,GP3,0.18479,0.25113,0.4151,0.9713,normalised
50.37782025337219,,,0.20005,0.33234,0,,,,,,,,,GP3,0.20005,0.33234,0.4151,0.9713,normalised
50.392924308776855,,,0.23453,0.49779,0,,,,,,,,,GP3,0.23453,0.49779,0.4151,0.9713,normalised
50.41005802154541,,,0.23955,0.50041,0,,,,,,,,,GP3,0.23955,0.50041,0.4151,0.9713,normalised
50.425864696502686,,,0.24123,0.50129,0,,,,,,,,,GP3,0.24123,0.50129,0.4151,0.9713,normalised
50.44050359725952,,,0.24197,0.5078,1,,,,,,,,,GP3,0.24197,0.5078,0.4151,0.9713,normalised
50.45854449272156,,,0.24423,0.51131,1,,,,,,,,,GP3,0.24423,0.51131,0.4151,0.9713,normalised
50.47305488586426,,,0.24574,0.51364,1,,,,,,,,,GP3,0.24574,0.51364,0.4151,0.9713,normalised
50.489171504974365,,,0.24414,0.51297,1,,,,,,,,,GP3,0.24414,0.51297,0.4151,0.9713,normalised
50.50475811958313,,,0.24276,0.51251,1,,,,,,,,,GP3,0.24276,0.51251,0.4151,0.9713,normalised
50.52134680747986,,,0.24169,0.51215,1,,,,,,,,,GP3,0.24169,0.51215,0.4151,0.9713,normalised
50.538835525512695,,,0.24135,0.51257,1,,,,,,,,,GP3,0.24135,0.51257,0.4151,0.9713,normalised
50.555673599243164,,,0.24046,0.51418,1,,,,,,,,,GP3,0.24046,0.51418,0.4151,0.9713,normalised
50.57227182388306,,,0.23972,0.51552,1,,,,,,,,,GP3,0.23972,0.51552,0.4151,0.9713,normalised
50.58695149421692,,,0.24016,0.51631,1,,,,,,,,,GP3,0.24016,0.51631,0.4151,0.9713,normalised
50.60485243797302,,,0.24059,0.51688,1,,,,,,,,,GP3,0.24059,0.51688,0.4151,0.9713,normalised
50.61962151527405,,,0.23614,0.50029,1,,,,,,,,,GP3,0.23614,0.50029,0.4151,0.9713,normalised
50.63716149330139,,,0.2279,0.46807,1,,,,,,,,,GP3,0.2279,0.46807,0.4151,0.9713,normalised
50.65167570114136,,,0.20571,0.39006,0,,,,,,,,,GP3,0.20571,0.39006,0.4151,0.9713,normalised
50.666099548339844,,,0.09966,-0.06972,0,,,,,,,,,GP3,0.09966,-0.06972,0.4151,0.9713,normalised
50.68293070793152,,,0.06291,-0.23399,0,,,,,,,,,GP3,0.06291,-0.23399,0.4151,0.9713,normalised
50.69995474815369,,,-0.0155,-0.5516,0,,,,,,,,,GP3,-0.0155,-0.5516,0.4151,0.9713,normalised
50.71446633338928,,,-0.02252,-0.55718,0,,,,,,,,,GP3,-0.02252,-0.55718,0.4151,0.9713,normalised
50.73214340209961,,,-0.02202,-0.54834,0,,,,,,,,,GP3,-0.02202,-0.54834,0.4151,0.9713,normalised
50.748783588409424,,,-0.02761,-0.54601,1,,,,,,,,,GP3,-0.02761,-0.54601,0.4151,0.9713,normalised
50.76531529426575,,,-0.03096,-0.54462,1,,,,,,,,,GP3,-0.03096,-0.54462,0.4151,0.9713,normalised
50.77967572212219,,,-0.02783,-0.54969,1,,,,,,,,,GP3,-0.02783,-0.54969,0.4151,0.9713,normalised
50.79899716377258,,,-0.02856,-0.55506,1,,,,,,,,,GP3,-0.02856,-0.55506,0.4151,0.9713,normalised
50.813525676727295,,,-0.02912,-0.55908,1,,,,,,,,,GP3,-0.02912,-0.55908,0.4151,0.9713,normalised
50.82803010940552,,,-0.03031,-0.56261,1,,,,,,,,,GP3,-0.03031,-0.56261,0.4151,0.9713,normalised
50.84458327293396,,,-0.03212,-0.56667,1,,,,,,,,,GP3,-0.03212,-0.56667,0.4151,0.9713,normalised
50.8610475063324,,,-0.0336,-0.57,1,,,,,,,,,GP3,-0.0336,-0.57,0.4151,0.9713,normalised
50.877646923065186,,,-0.03306,-0.57211,1,,,,,,,,,GP3,-0.03306,-0.57211,0.4151,0.9713,normalised
50.89521670341492,,,-0.03228,-0.57349,1,,,,,,,,,GP3,-0.03228,-0.57349,0.4151,0.9713,normalised
50.90983009338379,,,-0.03619,-0.61039,1,,,,,,,,,GP3,-0.03619,-0.61039,0.4151,0.9713,normalised
50.92637395858765,,,-0.04696,-0.69992,0,,,,,,,,,GP3,-0.04696,-0.69992,0.4151,0.9713,normalised
50.941060304641724,,,-0.10811,-1.3813,0,,,,,,,,,GP3,-0.10811,-1.3813,0.4151,0.9713,normalised
50.958521127700806,,,-0.12721,-1.79384,0,,,,,,,,,GP3,-0.12721,-1.79384,0.4151,0.9713,normalised
50.9734787940979,,,-0.1546,-2.42609,0,,,,,,,,,GP3,-0.1546,-2.42609,0.4151,0.9713,normalised
50.991185903549194,,,-0.15294,-2.53364,0,,,,,,,,,GP3,-0.15294,-2.53364,0.4151,0.9713,normalised
51.00586652755737,,,-0.15239,-2.56949,0,,,,,,,,,GP3,-0.15239,-2.56949,0.4151,0.9713,normalised
51.02260446548462,,,-0.13251,-2.63656,0,,,,,,,,,GP3,-0.13251,-2.63656,0.4151,0.9713,normalised
51.041213274002075,,,-0.11507,-2.63737,0,,,,,,,,,GP3,-0.11507,-2.63737,0.4151,0.9713,normalised
51.05404829978943,,,-0.10926,-2.63764,0,,,,,,,,,GP3,-0.10926,-2.63764,0.4151,0.9713,normalised
51.07194709777832,,,-0.10217,-2.65429,1,,,,,,,,,GP3,-0.10217,-2.65429,0.4151,0.9713,normalised
51.088961362838745,,,-0.10647,-2.63125,1,,,,,,,,,GP3,-0.10647,-2.63125,0.4151,0.9713,normalised
51.10398530960083,,,-0.10338,-2.4437,0,,,,,,,,,GP3,-0.10338,-2.4437,0.4151,0.9713,normalised
51.12165570259094,,,-0.08033,-1.73285,0,,,,,,,,,GP3,-0.08033,-1.73285,0.4151,0.9713,normalised
51.13645648956299,,,-0.03563,-1.23885,0,,,,,,,,,GP3,-0.03563,-1.23885,0.4151,0.9713,normalised
51.15256452560425,,,0.07428,-0.26948,0,,,,,,,,,GP3,0.07428,-0.26948,0.4151,0.9713,normalised
51.16936230659485,,,0.14665,0.09265,0,,,,,,,,,GP3,0.14665,0.09265,0.4151,0.9713,normalised
51.18589806556702,,,0.16896,0.21462,0,,,,,,,,,GP3,0.16896,0.21462,0.4151,0.9713,normalised
51.20199990272522,,,0.21538,0.4573,0,,,,,,,,,GP3,0.21538,0.4573,0.4151,0.9713,normalised
51.216511964797974,,,0.22513,0.45241,0,,,,,,,,,GP3,0.22513,0.45241,0.4151,0.9713,normalised
51.23312282562256,,,0.23069,0.45359,0,,,,,,,,,GP3,0.23069,0.45359,0.4151,0.9713,normalised
51.25083255767822,,,0.23348,0.45419,1,,,,,,,,,GP3,0.23348,0.45419,0.4151,0.9713,normalised
51.26694369316101,,,0.23304,0.45378,1,,,,,,,,,GP3,0.23304,0.45378,0.4151,0.9713,normalised
51.28147530555725,,,0.23386,0.45109,1,,,,,,,,,GP3,0.23386,0.45109,0.4151,0.9713,normalised
51.29721689224243,,,0.23445,0.44917,1,,,,,,,,,GP3,0.23445,0.44917,0.4151,0.9713,normalised
51.31360054016113,,,0.2341,0.44932,1,,,,,,,,,GP3,0.2341,0.44932,0.4151,0.9713,normalised
51.33037781715393,,,0.2355,0.44962,1,,,,,,,,,GP3,0.2355,0.44962,0.4151,0.9713,normalised
51.346410512924194,,,0.23661,0.44986,1,,,,,,,,,GP3,0.23661,0.44986,0.4151,0.9713,normalised
51.36381983757019,,,0.23624,0.45166,1,,,,,,,,,GP3,0.23624,0.45166,0.4151,0.9713,normalised
51.38007950782776,,,0.23765,0.45188,1,,,,,,,,,GP3,0.23765,0.45188,0.4151,0.9713,normalised
51.39468550682068,,,0.23885,0.45207,1,,,,,,,,,GP3,0.23885,0.45207,0.4151,0.9713,normalised
51.411799907684326,,,0.23841,0.45333,1,,,,,,,,,GP3,0.23841,0.45333,0.4151,0.9713,normalised
51.42652225494385,,,0.23927,0.45335,1,,,,,,,,,GP3,0.23927,0.45335,0.4151,0.9713,normalised
51.44360661506653,,,0.24003,0.45336,1,,,,,,,,,GP3,0.24003,0.45336,0.4151,0.9713,normalised
51.459240198135376,,,0.2397,0.45374,1,,,,,,,,,GP3,0.2397,0.45374,0.4151,0.9713,normalised
51.477423906326294,,,0.23991,0.45408,1,,,,,,,,,GP3,0.23991,0.45408,0.4151,0.9713,normalised
51.49195075035095,,,0.22501,0.36576,0,,,,,,,,,GP3,0.22501,0.36576,0.4151,0.9713,normalised
51.50842332839966,,,0.05943,-0.74155,0,,,,,,,,,GP3,0.05943,-0.74155,0.4151,0.9713,normalised
51.52624034881592,,,0.01409,-1.54807,0,,,,,,,,,GP3,0.01409,-1.54807,0.4151,0.9713,normalised
51.542004108428955,,,-0.03398,-3.21257,0,,,,,,,,,GP3,-0.03398,-3.21257,0.4151,0.9713,normalised
51.55577898025513,,,-0.29067,-2.63267,0,,,,,,,,,GP3,-0.29067,-2.63267,0.4151,0.9713,normalised
51.57329797744751,,,-0.38836,-2.41679,0,,,,,,,,,GP3,-0.38836,-2.41679,0.4151,0.9713,normalised
51.590235233306885,,,-0.57162,-2.0076,0,,,,,,,,,GP3,-0.57162,-2.0076,0.4151,0.9713,normalised
51.60588622093201,,,-0.54081,-2.03874,0,,,,,,,,,GP3,-0.54081,-2.03874,0.4151,0.9713,normalised
51.62249732017517,,,-0.53344,-2.05402,0,,,,,,,,,GP3,-0.53344,-2.05402,0.4151,0.9713,normalised
51.63693380355835,,,-0.52975,-2.06165,1,,,,,,,,,GP3,-0.52975,-2.06165,0.4151,0.9713,normalised
51.65398454666138,,,-0.51982,-2.06032,1,,,,,,,,,GP3,-0.51982,-2.06032,0.4151,0.9713,normalised
51.670613050460815,,,-0.50469,-2.0853,1,,,,,,,,,GP3,-0.50469,-2.0853,0.4151,0.9713,normalised
51.688276052474976,,,-0.49388,-2.10314,1,,,,,,,,,GP3,-0.49388,-2.10314,0.4151,0.9713,normalised
51.70355677604675,,,-0.49214,-2.09915,1,,,,,,,,,GP3,-0.49214,-2.09915,0.4151,0.9713,normalised
51.71944832801819,,,-0.49161,-2.0936,1,,,,,,,,,GP3,-0.49161,-2.0936,0.4151,0.9713,normalised
51.73401498794556,,,-0.49118,-2.08916,1,,,,,,,,,GP3,-0.49118,-2.08916,0.4151,0.9713,normalised
51.75269556045532,,,-0.49301,-2.08142,1,,,,,,,,,GP3,-0.49301,-2.08142,0.4151,0.9713,normalised
51.76634383201599,,,-0.49548,-2.07954,1,,,,,,,,,GP3,-0.49548,-2.07954,0.4151,0.9713,normalised
51.78408408164978,,,-0.49809,-2.06887,1,,,,,,,,,GP3,-0.49809,-2.06887,0.4151,0.9713,normalised
51.80031991004944,,,-0.49793,-2.0487,1,,,,,,,,,GP3,-0.49793,-2.0487,0.4151,0.9713,normalised
51.81513857841492,,,-0.49541,-2.03059,1,,,,,,,,,GP3,-0.49541,-2.03059,0.4151,0.9713,normalised
51.83375549316406,,,-0.49213,-2.00854,1,,,,,,,,,GP3,-0.49213,-2.00854,0.4151,0.9713,normalised
51.84651732444763,,,-0.47577,-1.95739,0,,,,,,,,,GP3,-0.47577,-1.95739,0.4151,0.9713,normalised
51.86393928527832,,,-0.4429,-1.84626,0,,,,,,,,,GP3,-0.4429,-1.84626,0.4151,0.9713,normalised
51.880403995513916,,,-0.43194,-1.80922,0,,,,,,,,,GP3,-0.43194,-1.80922,0.4151,0.9713,normalised
51.89677834510803,,,-0.41572,-1.72375,0,,,,,,,,,GP3,-0.41572,-1.72375,0.4151,0.9713,normalised
51.91496968269348,,,-0.44328,-1.69187,0,,,,,,,,,GP3,-0.44328,-1.69187,0.4151,0.9713,normalised
51.92768979072571,,,-0.45307,-1.78124,0,,,,,,,,,GP3,-0.45307,-1.78124,0.4151,0.9713,normalised
51.94524550437927,,,-0.47409,-1.92187,0,,,,,,,,,GP3,-0.47409,-1.92187,0.4151,0.9713,normalised
51.95981550216675,,,-0.4719,-2.15726,0,,,,,,,,,GP3,-0.4719,-2.15726,0.4151,0.9713,normalised
51.97732400894165,,,-0.46809,-2.29798,0,,,,,,,,,GP3,-0.46809,-2.29798,0.4151,0.9713,normalised
51.99305868148804,,,-0.46146,-2.52493,0,,,,,,,,,GP3,-0.46146,-2.52493,0.4151,0.9713,normalised
52.00938582420349,,,-0.46718,-2.52924,0,,,,,,,,,GP3,-0.46718,-2.52924,0.4151,0.9713,normalised
52.02619981765747,,,-0.46909,-2.53068,0,,,,,,,,,GP3,-0.46909,-2.53068,0.4151,0.9713,normalised
52.042654037475586,,,-0.47791,-2.49451,1,,,,,,,,,GP3,-0.47791,-2.49451,0.4151,0.9713,normalised
52.05831170082092,,,-0.48006,-2.48329,1,,,,,,,,,GP3,-0.48006,-2.48329,0.4151,0.9713,normalised
52.0756938457489,,,-0.48149,-2.47581,1,,,,,,,,,GP3,-0.48149,-2.47581,0.4151,0.9713,normalised
52.09062194824219,,,-0.49368,-2.44497,1,,,,,,,,,GP3,-0.49368,-2.44497,0.4151,0.9713,normalised
52.10800576210022,,,-0.51883,-2.40047,1,,,,,,,,,GP3,-0.51883,-2.40047,0.4151,0.9713,normalised
52.123053789138794,,,-0.53839,-2.36586,1,,,,,,,,,GP3,-0.53839,-2.36586,0.4151,0.9713,normalised
52.138705253601074,,,-0.54859,-2.3602,1,,,,,,,,,GP3,-0.54859,-2.3602,0.4151,0.9713,normalised
52.15570044517517,,,-0.44759,-2.11898,0,,,,,,,,,GP3,-0.44759,-2.11898,0.4151,0.9713,normalised
52.17324137687683,,,-0.44759,-2.11898,0,,,,,,,,,GP3,-0.44759,-2.11898,0.4151,0.9713,normalised
52.1909019947052,,,-0.44759,-2.11898,0,,,,,,,,,GP3,-0.44759,-2.11898,0.4151,0.9713,normalised
52.2094361782074,,,0.0,0.0,0,,,,,,,,,GP3,0.0,0.0,0.4151,0.9713,normalised
52.22239851951599,,,0.0,0.0,0,,,,,,,,,GP3,0.0,0.0,0.4151,0.9713,normalised
52.23771810531616,,,0.0,0.0,0,,,,,,,,,GP3,0.0,0.0,0.4151,0.9713,normalised
52.25829792022705,,,0.0,0.0,0,,,,,,,,,GP3,0.0,0.0,0.4151,0.9713,normalised
52.27317953109741,,,0.0,0.0,0,,,,,,,,,GP3,0.0,0.0,0.4151,0.9713,normalised
52.29183316230774,,,0.0,0.0,0,,,,,,,,,GP3,0.0,0.0,0.4151,0.9713,normalised
52.307270526885986,,,0.0,0.0,0,,,,,,,,,GP3,0.0,0.0,0.4151,0.9713,normalised
52.3299994468689,,,0.0,0.0,0,,,,,,,,,GP3,0.0,0.0,0.4151,0.9713,normalised
52.34050965309143,,,0.0,0.0,0,,,,,,,,,GP3,0.0,0.0,0.4151,0.9713,normalised
52.35504484176636,,,0.0,0.0,0,,,,,,,,,GP3,0.0,0.0,0.4151,0.9713,normalised
52.37079477310181,,,0.0,0.0,0,,,,,,,,,GP3,0.0,0.0,0.4151,0.9713,normalised
52.388349771499634,,,0.0,0.0,0,,,,,,,,,GP3,0.0,0.0,0.4151,0.9713,normalised
52.402381896972656,,,0.0,0.0,0,,,,,,,,,GP3,0.0,0.0,0.4151,0.9713,normalised
52.42281198501587,,,0.66788,1.26328,0,,,,,,,,,GP3,0.66788,1.26328,0.4151,0.9713,normalised
52.43343257904053,,,0.53364,-0.00569,0,,,,,,,,,GP3,0.53364,-0.00569,0.4151,0.9713,normalised
52.44609832763672,,,0.62591,-0.88193,0,,,,,,,,,GP3,0.62591,-0.88193,0.4151,0.9713,normalised
52.463706254959106,,,0.45135,-1.75533,0,,,,,,,,,GP3,0.45135,-1.75533,0.4151,0.9713,normalised
52.48040270805359,,,0.40332,-1.96858,0,,,,,,,,,GP3,0.40332,-1.96858,0.4151,0.9713,normalised
52.49385142326355,,,0.30758,-2.49569,0,,,,,,,,,GP3,0.30758,-2.49569,0.4151,0.9713,normalised
52.51058530807495,,,0.32314,-2.47948,0,,,,,,,,,GP3,0.32314,-2.47948,0.4151,0.9713,normalised
52.527209520339966,,,0.32443,-2.47852,0,,,,,,,,,GP3,0.32443,-2.47852,0.4151,0.9713,normalised
52.54463458061218,,,0.30957,-2.48184,1,,,,,,,,,GP3,0.30957,-2.48184,0.4151,0.9713,normalised
52.559163093566895,,,0.30065,-2.48384,1,,,,,,,,,GP3,0.30065,-2.48384,0.4151,0.9713,normalised
52.578710317611694,,,0.29086,-2.53466,1,,,,,,,,,GP3,0.29086,-2.53466,0.4151,0.9713,normalised
52.59361553192139,,,0.27736,-2.63082,1,,,,,,,,,GP3,0.27736,-2.63082,0.4151,0.9713,normalised
52.60776114463806,,,0.26964,-2.61964,1,,,,,,,,,GP3,0.26964,-2.61964,0.4151,0.9713,normalised
52.625284910202026,,,0.28101,-2.44239,1,,,,,,,,,GP3,0.28101,-2.44239,0.4151,0.9713,normalised
52.6392936706543,,,0.28927,-2.20447,0,,,,,,,,,GP3,0.28927,-2.20447,0.4151,0.9713,normalised
52.65601897239685,,,0.36436,-0.92102,0,,,,,,,,,GP3,0.36436,-0.92102,0.4151,0.9713,normalised
52.672523975372314,,,0.39694,-0.4271,0,,,,,,,,,GP3,0.39694,-0.4271,0.4151,0.9713,normalised
52.689175844192505,,,0.45227,0.4909,0,,,,,,,,,GP3,0.45227,0.4909,0.4151,0.9713,normalised
52.70430874824524,,,0.45377,0.52022,0,,,,,,,,,GP3,0.45377,0.52022,0.4151,0.9713,normalised
52.72172212600708,,,0.46607,0.52949,0,,,,,,,,,GP3,0.46607,0.52949,0.4151,0.9713,normalised
52.736467599868774,,,0.47177,0.53573,1,,,,,,,,,GP3,0.47177,0.53573,0.4151,0.9713,normalised
52.75276279449463,,,0.47518,0.53948,1,,,,,,,,,GP3,0.47518,0.53948,0.4151,0.9713,normalised
52.77027750015259,,,0.4791,0.54202,1,,,,,,,,,GP3,0.4791,0.54202,0.4151,0.9713,normalised
52.78672480583191,,,0.48177,0.54043,1,,,,,,,,,GP3,0.48177,0.54043,0.4151,0.9713,normalised
52.80279517173767,,,0.48376,0.53924,1,,,,,,,,,GP3,0.48376,0.53924,0.4151,0.9713,normalised
52.81940960884094,,,0.48538,0.53944,1,,,,,,,,,GP3,0.48538,0.53944,0.4151,0.9713,normalised
52.83533453941345,,,0.48384,0.54117,1,,,,,,,,,GP3,0.48384,0.54117,0.4151,0.9713,normalised
52.8527307510376,,,0.48258,0.54258,1,,,,,,,,,GP3,0.48258,0.54258,0.4151,0.9713,normalised
52.86732602119446,,,0.48325,0.54305,1,,,,,,,,,GP3,0.48325,0.54305,0.4151,0.9713,normalised
52.88484287261963,,,0.4842,0.54374,1,,,,,,,,,GP3,0.4842,0.54374,0.4151,0.9713,normalised
52.89953422546387,,,0.48501,0.54434,1,,,,,,,,,GP3,0.48501,0.54434,0.4151,0.9713,normalised
52.915340423583984,,,0.48651,0.54647,1,,,,,,,,,GP3,0.48651,0.54647,0.4151,0.9713,normalised
52.932714223861694,,,0.48799,0.54868,1,,,,,,,,,GP3,0.48799,0.54868,0.4151,0.9713,normalised
52.94706177711487,,,0.48929,0.55063,1,,,,,,,,,GP3,0.48929,0.55063,0.4151,0.9713,normalised
52.96499538421631,,,0.48963,0.55365,1,,,,,,,,,GP3,0.48963,0.55365,0.4151,0.9713,normalised
52.97969841957092,,,0.49028,0.55554,1,,,,,,,,,GP3,0.49028,0.55554,0.4151,0.9713,normalised
52.995402574539185,,,0.49086,0.55724,1,,,,,,,,,GP3,0.49086,0.55724,0.4151,0.9713,normalised
53.013463497161865,,,0.49089,0.55852,1,,,,,,,,,GP3,0.49089,0.55852,0.4151,0.9713,normalised
53.02797055244446,,,0.49267,0.56014,1,,,,,,,,,GP3,0.49267,0.56014,0.4151,0.9713,normalised
53.04405450820923,,,0.4943,0.56162,1,,,,,,,,,GP3,0.4943,0.56162,0.4151,0.9713,normalised
53.060851097106934,,,0.49564,0.56278,1,,,,,,,,,GP3,0.49564,0.56278,0.4151,0.9713,normalised
53.078282833099365,,,0.51335,0.58249,0,,,,,,,,,GP3,0.51335,0.58249,0.4151,0.9713,normalised
53.09299325942993,,,0.53632,0.56717,0,,,,,,,,,GP3,0.53632,0.56717,0.4151,0.9713,normalised
53.1105272769928,,,0.53267,0.57663,0,,,,,,,,,GP3,0.53267,0.57663,0.4151,0.9713,normalised
53.12521409988403,,,0.5381,0.57829,1,,,,,,,,,GP3,0.5381,0.57829,0.4151,0.9713,normalised
53.14263463020325,,,0.54136,0.57929,1,,,,,,,,,GP3,0.54136,0.57929,0.4151,0.9713,normalised
53.15831971168518,,,0.53518,0.57975,1,,,,,,,,,GP3,0.53518,0.57975,0.4151,0.9713,normalised
53.17570424079895,,,0.53279,0.57681,1,,,,,,,,,GP3,0.53279,0.57681,0.4151,0.9713,normalised
53.18926811218262,,,0.53099,0.5746,1,,,,,,,,,GP3,0.53099,0.5746,0.4151,0.9713,normalised
53.20633673667908,,,0.527,0.57752,1,,,,,,,,,GP3,0.527,0.57752,0.4151,0.9713,normalised
53.22398400306702,,,0.5245,0.57717,1,,,,,,,,,GP3,0.5245,0.57717,0.4151,0.9713,normalised
53.23785591125488,,,0.52244,0.57689,1,,,,,,,,,GP3,0.52244,0.57689,0.4151,0.9713,normalised
53.255478620529175,,,0.51994,0.57582,1,,,,,,,,,GP3,0.51994,0.57582,0.4151,0.9713,normalised
53.27019453048706,,,0.51808,0.5757,1,,,,,,,,,GP3,0.51808,0.5757,0.4151,0.9713,normalised
53.28693151473999,,,0.51649,0.5756,1,,,,,,,,,GP3,0.51649,0.5756,0.4151,0.9713,normalised
53.30385446548462,,,0.5144,0.57612,1,,,,,,,,,GP3,0.5144,0.57612,0.4151,0.9713,normalised
53.32125949859619,,,0.51263,0.57543,1,,,,,,,,,GP3,0.51263,0.57543,0.4151,0.9713,normalised
53.33578658103943,,,0.51108,0.57483,1,,,,,,,,,GP3,0.51108,0.57483,0.4151,0.9713,normalised
53.35334300994873,,,0.51009,0.57518,1,,,,,,,,,GP3,0.51009,0.57518,0.4151,0.9713,normalised
53.36809229850769,,,0.50884,0.57566,1,,,,,,,,,GP3,0.50884,0.57566,0.4151,0.9713,normalised
53.384501457214355,,,0.50771,0.57609,1,,,,,,,,,GP3,0.50771,0.57609,0.4151,0.9713,normalised
53.40261912345886,,,0.50714,0.57549,1,,,,,,,,,GP3,0.50714,0.57549,0.4151,0.9713,normalised
53.41632699966431,,,0.50632,0.57506,1,,,,,,,,,GP3,0.50632,0.57506,0.4151,0.9713,normalised
53.434062242507935,,,0.50556,0.57466,1,,,,,,,,,GP3,0.50556,0.57466,0.4151,0.9713,normalised
53.450278520584106,,,0.50468,0.57363,1,,,,,,,,,GP3,0.50468,0.57363,0.4151,0.9713,normalised
53.46502351760864,,,0.5042,0.57227,1,,,,,,,,,GP3,0.5042,0.57227,0.4151,0.9713,normalised
53.4842791557312,,,0.50375,0.57102,1,,,,,,,,,GP3,0.50375,0.57102,0.4151,0.9713,normalised
53.498926401138306,,,0.50362,0.56978,1,,,,,,,,,GP3,0.50362,0.56978,0.4151,0.9713,normalised
53.51583981513977,,,0.50341,0.57011,1,,,,,,,,,GP3,0.50341,0.57011,0.4151,0.9713,normalised
53.529725790023804,,,0.50322,0.57043,1,,,,,,,,,GP3,0.50322,0.57043,0.4151,0.9713,normalised
53.54576349258423,,,0.5026,0.56969,1,,,,,,,,,GP3,0.5026,0.56969,0.4151,0.9713,normalised
53.56253671646118,,,0.50174,0.56866,1,,,,,,,,,GP3,0.50174,0.56866,0.4151,0.9713,normalised
53.579184770584106,,,0.50092,0.5677,1,,,,,,,,,GP3,0.50092,0.5677,0.4151,0.9713,normalised
53.594873666763306,,,0.49994,0.56754,1,,,,,,,,,GP3,0.49994,0.56754,0.4151,0.9713,normalised
53.61092281341553,,,0.49853,0.56798,1,,,,,,,,,GP3,0.49853,0.56798,0.4151,0.9713,normalised
53.627225399017334,,,0.49721,0.56839,1,,,,,,,,,GP3,0.49721,0.56839,0.4151,0.9713,normalised
53.64483070373535,,,0.49692,0.56945,1,,,,,,,,,GP3,0.49692,0.56945,0.4151,0.9713,normalised
53.66063117980957,,,0.4962,0.57027,1,,,,,,,,,GP3,0.4962,0.57027,0.4151,0.9713,normalised
53.67526960372925,,,0.49552,0.57105,1,,,,,,,,,GP3,0.49552,0.57105,0.4151,0.9713,normalised
53.693350315093994,,,0.49582,0.57117,1,,,,,,,,,GP3,0.49582,0.57117,0.4151,0.9713,normalised
53.70759701728821,,,0.49562,0.57074,1,,,,,,,,,GP3,0.49562,0.57074,0.4151,0.9713,normalised
53.72307634353638,,,0.49542,0.57033,1,,,,,,,,,GP3,0.49542,0.57033,0.4151,0.9713,normalised
53.740655183792114,,,0.49569,0.5699,1,,,,,,,,,GP3,0.49569,0.5699,0.4151,0.9713,normalised
53.755173206329346,,,0.49557,0.56952,1,,,,,,,,,GP3,0.49557,0.56952,0.4151,0.9713,normalised
53.77158761024475,,,0.49545,0.56917,1,,,,,,,,,GP3,0.49545,0.56917,0.4151,0.9713,normalised
53.78868317604065,,,0.49567,0.56931,1,,,,,,,,,GP3,0.49567,0.56931,0.4151,0.9713,normalised
53.80561923980713,,,0.49577,0.57,1,,,,,,,,,GP3,0.49577,0.57,0.4151,0.9713,normalised
53.82314419746399,,,0.49586,0.57067,1,,,,,,,,,GP3,0.49586,0.57067,0.4151,0.9713,normalised
53.83678436279297,,,0.49613,0.57111,1,,,,,,,,,GP3,0.49613,0.57111,0.4151,0.9713,normalised
53.8530387878418,,,0.49593,0.572,1,,,,,,,,,GP3,0.49593,0.572,0.4151,0.9713,normalised
53.86878418922424,,,0.49476,0.57353,1,,,,,,,,,GP3,0.49476,0.57353,0.4151,0.9713,normalised
53.88548469543457,,,0.49407,0.57403,1,,,,,,,,,GP3,0.49407,0.57403,0.4151,0.9713,normalised
53.90174221992493,,,0.49322,0.57477,1,,,,,,,,,GP3,0.49322,0.57477,0.4151,0.9713,normalised
53.91899490356445,,,0.49237,0.5755,1,,,,,,,,,GP3,0.49237,0.5755,0.4151,0.9713,normalised
53.93659830093384,,,0.49238,0.57488,1,,,,,,,,,GP3,0.49238,0.57488,0.4151,0.9713,normalised
53.95111441612244,,,0.49192,0.57532,1,,,,,,,,,GP3,0.49192,0.57532,0.4151,0.9713,normalised
53.9656343460083,,,0.50319,0.59918,0,,,,,,,,,GP3,0.50319,0.59918,0.4151,0.9713,normalised
53.982521057128906,,,0.49992,0.60695,0,,,,,,,,,GP3,0.49992,0.60695,0.4151,0.9713,normalised
53.99904441833496,,,0.49987,0.61252,0,,,,,,,,,GP3,0.49987,0.61252,0.4151,0.9713,normalised
54.01436114311218,,,0.49984,0.6153,1,,,,,,,,,GP3,0.49984,0.6153,0.4151,0.9713,normalised
54.03267741203308,,,0.50048,0.6098,1,,,,,,,,,GP3,0.50048,0.6098,0.4151,0.9713,normalised
54.04644966125488,,,0.50043,0.60515,1,,,,,,,,,GP3,0.50043,0.60515,0.4151,0.9713,normalised
54.06419849395752,,,0.50039,0.60183,1,,,,,,,,,GP3,0.50039,0.60183,0.4151,0.9713,normalised
54.08059883117676,,,0.50039,0.60092,1,,,,,,,,,GP3,0.50039,0.60092,0.4151,0.9713,normalised
54.09713530540466,,,0.50066,0.60146,1,,,,,,,,,GP3,0.50066,0.60146,0.4151,0.9713,normalised
54.112332582473755,,,0.50088,0.60188,1,,,,,,,,,GP3,0.50088,0.60188,0.4151,0.9713,normalised
54.129765033721924,,,0.50044,0.59866,1,,,,,,,,,GP3,0.50044,0.59866,0.4151,0.9713,normalised
54.1441707611084,,,0.50027,0.59847,1,,,,,,,,,GP3,0.50027,0.59847,0.4151,0.9713,normalised
54.161612033843994,,,0.50014,0.59831,1,,,,,,,,,GP3,0.50014,0.59831,0.4151,0.9713,normalised
54.178420543670654,,,0.49959,0.59798,1,,,,,,,,,GP3,0.49959,0.59798,0.4151,0.9713,normalised
54.19473719596863,,,0.49893,0.59748,1,,,,,,,,,GP3,0.49893,0.59748,0.4151,0.9713,normalised
54.20928168296814,,,0.49836,0.59705,1,,,,,,,,,GP3,0.49836,0.59705,0.4151,0.9713,normalised
54.224843978881836,,,0.49822,0.59663,1,,,,,,,,,GP3,0.49822,0.59663,0.4151,0.9713,normalised
54.24242949485779,,,0.49789,0.59595,1,,,,,,,,,GP3,0.49789,0.59595,0.4151,0.9713,normalised
54.256940603256226,,,0.4976,0.59534,1,,,,,,,,,GP3,0.4976,0.59534,0.4151,0.9713,normalised
54.27289271354675,,,0.49724,0.59488,1,,,,,,,,,GP3,0.49724,0.59488,0.4151,0.9713,normalised
54.29050302505493,,,0.498,0.59444,1,,,,,,,,,GP3,0.498,0.59444,0.4151,0.9713,normalised
54.305845499038696,,,0.49868,0.59404,1,,,,,,,,,GP3,0.49868,0.59404,0.4151,0.9713,normalised
54.323370695114136,,,0.49864,0.59446,1,,,,,,,,,GP3,0.49864,0.59446,0.4151,0.9713,normalised
54.33804678916931,,,0.49841,0.59483,1,,,,,,,,,GP3,0.49841,0.59483,0.4151,0.9713,normalised
54.35466551780701,,,0.49821,0.59516,1,,,,,,,,,GP3,0.49821,0.59516,0.4151,0.9713,normalised
54.37145233154297,,,0.49683,0.5953,1,,,,,,,,,GP3,0.49683,0.5953,0.4151,0.9713,normalised
54.38808465003967,,,0.49538,0.59602,1,,,,,,,,,GP3,0.49538,0.59602,0.4151,0.9713,normalised
54.403680086135864,,,0.49403,0.59669,1,,,,,,,,,GP3,0.49403,0.59669,0.4151,0.9713,normalised
54.4198100566864,,,0.4946,0.59547,1,,,,,,,,,GP3,0.4946,0.59547,0.4151,0.9713,normalised
54.43732810020447,,,0.49506,0.59513,1,,,,,,,,,GP3,0.49506,0.59513,0.4151,0.9713,normalised
54.45184850692749,,,0.4955,0.59481,1,,,,,,,,,GP3,0.4955,0.59481,0.4151,0.9713,normalised
54.468230962753296,,,0.49551,0.59344,1,,,,,,,,,GP3,0.49551,0.59344,0.4151,0.9713,normalised
54.48546290397644,,,0.49412,0.5946,1,,,,,,,,,GP3,0.49412,0.5946,0.4151,0.9713,normalised
54.49999284744263,,,0.49412,0.5946,1,,,,,,,,,GP3,0.49412,0.5946,0.4151,0.9713,normalised
54.51966953277588,,,0.49412,0.5946,1,,,,,,,,,GP3,0.49412,0.5946,0.4151,0.9713,normalised
54.53924322128296,,,0.49412,0.5946,1,,,,,,,,,GP3,0.49412,0.5946,0.4151,0.9713,normalised
54.55553460121155,,,0.48735,0.59488,0,,,,,,,,,GP3,0.48735,0.59488,0.4151,0.9713,normalised
54.5729501247406,,,0.48735,0.59488,0,,,,,,,,,GP3,0.48735,0.59488,0.4151,0.9713,normalised
54.58562731742859,,,0.48735,0.59488,0,,,,,,,,,GP3,0.48735,0.59488,0.4151,0.9713,normalised
54.60565447807312,,,0.0,0.0,0,,,,,,,,,GP3,0.0,0.0,0.4151,0.9713,normalised
54.61926770210266,,,0.0,0.0,0,,,,,,,,,GP3,0.0,0.0,0.4151,0.9713,normalised
54.63380432128906,,,0.0,0.0,0,,,,,,,,,GP3,0.0,0.0,0.4151,0.9713,normalised
54.650474309921265,,,0.0,0.0,0,,,,,,,,,GP3,0.0,0.0,0.4151,0.9713,normalised
54.66699171066284,,,0.0,0.0,0,,,,,,,,,GP3,0.0,0.0,0.4151,0.9713,normalised
54.681718587875366,,,0.0,0.0,0,,,,,,,,,GP3,0.0,0.0,0.4151,0.9713,normalised
54.699138164520264,,,0.48001,0.57877,0,,,,,,,,,GP3,0.48001,0.57877,0.4151,0.9713,normalised
54.71052432060242,,,0.48172,0.58625,0,,,,,,,,,GP3,0.48172,0.58625,0.4151,0.9713,normalised
54.72804594039917,,,0.48958,0.58989,0,,,,,,,,,GP3,0.48958,0.58989,0.4151,0.9713,normalised
54.74295091629028,,,0.49351,0.59171,1,,,,,,,,,GP3,0.49351,0.59171,0.4151,0.9713,normalised
54.759196758270264,,,0.48843,0.58935,1,,,,,,,,,GP3,0.48843,0.58935,0.4151,0.9713,normalised
54.77599835395813,,,0.48248,0.58689,1,,,,,,,,,GP3,0.48248,0.58689,0.4151,0.9713,normalised
54.792553186416626,,,0.47824,0.58514,1,,,,,,,,,GP3,0.47824,0.58514,0.4151,0.9713,normalised
54.80802512168884,,,0.47514,0.5775,1,,,,,,,,,GP3,0.47514,0.5775,0.4151,0.9713,normalised
54.824445724487305,,,0.47239,0.57084,1,,,,,,,,,GP3,0.47239,0.57084,0.4151,0.9713,normalised
54.84034729003906,,,0.47019,0.56552,1,,,,,,,,,GP3,0.47019,0.56552,0.4151,0.9713,normalised
54.857741594314575,,,0.46964,0.56451,1,,,,,,,,,GP3,0.46964,0.56451,0.4151,0.9713,normalised
54.87225818634033,,,0.47013,0.56433,1,,,,,,,,,GP3,0.47013,0.56433,0.4151,0.9713,normalised
54.889033794403076,,,0.47054,0.56417,1,,,,,,,,,GP3,0.47054,0.56417,0.4151,0.9713,normalised
54.904151916503906,,,0.47119,0.56494,1,,,,,,,,,GP3,0.47119,0.56494,0.4151,0.9713,normalised
54.921995401382446,,,0.47297,0.56605,1,,,,,,,,,GP3,0.47297,0.56605,0.4151,0.9713,normalised
54.937817096710205,,,0.47452,0.56701,1,,,,,,,,,GP3,0.47452,0.56701,0.4151,0.9713,normalised
54.954575300216675,,,0.47515,0.5665,1,,,,,,,,,GP3,0.47515,0.5665,0.4151,0.9713,normalised
54.97116780281067,,,0.4754,0.56815,1,,,,,,,,,GP3,0.4754,0.56815,0.4151,0.9713,normalised
54.98700022697449,,,0.47563,0.56963,1,,,,,,,,,GP3,0.47563,0.56963,0.4151,0.9713,normalised
55.00409531593323,,,0.47393,0.56945,1,,,,,,,,,GP3,0.47393,0.56945,0.4151,0.9713,normalised
55.01689791679382,,,0.46688,0.56153,1,,,,,,,,,GP3,0.46688,0.56153,0.4151,0.9713,normalised
55.03469967842102,,,0.46047,0.55432,1,,,,,,,,,GP3,0.46047,0.55432,0.4151,0.9713,normalised
55.05116248130798,,,0.46665,0.55897,1,,,,,,,,,GP3,0.46665,0.55897,0.4151,0.9713,normalised
55.068780183792114,,,0.47194,0.56356,1,,,,,,,,,GP3,0.47194,0.56356,0.4151,0.9713,normalised
55.08320212364197,,,0.4768,0.56778,1,,,,,,,,,GP3,0.4768,0.56778,0.4151,0.9713,normalised
55.10071611404419,,,0.48433,0.57475,1,,,,,,,,,GP3,0.48433,0.57475,0.4151,0.9713,normalised
55.11675262451172,,,0.50925,0.59694,0,,,,,,,,,GP3,0.50925,0.59694,0.4151,0.9713,normalised
55.13149333000183,,,0.5611,0.6537,0,,,,,,,,,GP3,0.5611,0.6537,0.4151,0.9713,normalised
55.14911103248596,,,0.63532,0.68949,0,,,,,,,,,GP3,0.63532,0.68949,0.4151,0.9713,normalised
55.163729190826416,,,0.71486,0.74072,0,,,,,,,,,GP3,0.71486,0.74072,0.4151,0.9713,normalised
55.17842650413513,,,0.73136,0.74569,0,,,,,,,,,GP3,0.73136,0.74569,0.4151,0.9713,normalised
55.195844650268555,,,0.75567,0.75507,0,,,,,,,,,GP3,0.75567,0.75507,0.4151,0.9713,normalised
55.21199131011963,,,0.7666,0.7632,1,,,,,,,,,GP3,0.7666,0.7632,0.4151,0.9713,normalised
55.22863721847534,,,0.77316,0.76808,1,,,,,,,,,GP3,0.77316,0.76808,0.4151,0.9713,normalised
55.24622130393982,,,0.78081,0.77185,1,,,,,,,,,GP3,0.78081,0.77185,0.4151,0.9713,normalised
55.25999665260315,,,0.78597,0.77253,1,,,,,,,,,GP3,0.78597,0.77253,0.4151,0.9713,normalised
55.27746319770813,,,0.78984,0.77304,1,,,,,,,,,GP3,0.78984,0.77304,0.4151,0.9713,normalised
55.292954444885254,,,0.79237,0.77509,1,,,,,,,,,GP3,0.79237,0.77509,0.4151,0.9713,normalised
55.309885025024414,,,0.79452,0.77569,1,,,,,,,,,GP3,0.79452,0.77569,0.4151,0.9713,normalised
55.32451772689819,,,0.79628,0.77618,1,,,,,,,,,GP3,0.79628,0.77618,0.4151,0.9713,normalised
55.34203290939331,,,0.79838,0.77785,1,,,,,,,,,GP3,0.79838,0.77785,0.4151,0.9713,normalised
55.356719970703125,,,0.80183,0.77935,1,,,,,,,,,GP3,0.80183,0.77935,0.4151,0.9713,normalised
55.374146461486816,,,0.80479,0.78063,1,,,,,,,,,GP3,0.80479,0.78063,0.4151,0.9713,normalised
55.38881540298462,,,0.80799,0.77485,1,,,,,,,,,GP3,0.80799,0.77485,0.4151,0.9713,normalised
55.40899300575256,,,0.80994,0.76852,1,,,,,,,,,GP3,0.80994,0.76852,0.4151,0.9713,normalised
55.422959327697754,,,0.81165,0.76293,1,,,,,,,,,GP3,0.81165,0.76293,0.4151,0.9713,normalised
55.43962645530701,,,0.81623,0.76346,1,,,,,,,,,GP3,0.81623,0.76346,0.4151,0.9713,normalised
55.45584797859192,,,0.82042,0.76426,1,,,,,,,,,GP3,0.82042,0.76426,0.4151,0.9713,normalised
55.47054409980774,,,0.82419,0.76498,1,,,,,,,,,GP3,0.82419,0.76498,0.4151,0.9713,normalised
55.488250970840454,,,0.85377,0.7575,0,,,,,,,,,GP3,0.85377,0.7575,0.4151,0.9713,normalised
55.50512170791626,,,0.87853,0.74787,0,,,,,,,,,GP3,0.87853,0.74787,0.4151,0.9713,normalised
55.51890206336975,,,0.98662,0.61826,0,,,,,,,,,GP3,0.98662,0.61826,0.4151,0.9713,normalised
55.535494804382324,,,1.18092,0.40989,0,,,,,,,,,GP3,1.18092,0.40989,0.4151,0.9713,normalised
55.55283069610596,,,1.42983,0.03775,0,,,,,,,,,GP3,1.42983,0.03775,0.4151,0.9713,normalised
55.56932711601257,,,1.58011,-0.23861,0,,,,,,,,,GP3,1.58011,-0.23861,0.4151,0.9713,normalised
55.58397650718689,,,1.84258,-0.73788,0,,,,,,,,,GP3,1.84258,-0.73788,0.4151,0.9713,normalised
55.60083246231079,,,1.89672,-0.83304,0,,,,,,,,,GP3,1.89672,-0.83304,0.4151,0.9713,normalised
55.61787390708923,,,1.91477,-0.86476,0,,,,,,,,,GP3,1.91477,-0.86476,0.4151,0.9713,normalised
55.63549852371216,,,1.96046,-0.99054,0,,,,,,,,,GP3,1.96046,-0.99054,0.4151,0.9713,normalised
55.64912271499634,,,1.97507,-1.0454,0,,,,,,,,,GP3,1.97507,-1.0454,0.4151,0.9713,normalised
55.6675226688385,,,1.97994,-1.06369,0,,,,,,,,,GP3,1.97994,-1.06369,0.4151,0.9713,normalised
55.68203663825989,,,2.04595,-1.32822,0,,,,,,,,,GP3,2.04595,-1.32822,0.4151,0.9713,normalised
55.69858193397522,,,2.04256,-1.13598,0,,,,,,,,,GP3,2.04256,-1.13598,0.4151,0.9713,normalised
55.71375560760498,,,2.04143,-1.0719,0,,,,,,,,,GP3,2.04143,-1.0719,0.4151,0.9713,normalised
55.73014259338379,,,2.02774,-0.93438,0,,,,,,,,,GP3,2.02774,-0.93438,0.4151,0.9713,normalised
55.74723434448242,,,1.98544,-0.95825,0,,,,,,,,,GP3,1.98544,-0.95825,0.4151,0.9713,normalised
55.763519287109375,,,1.97134,-0.96621,0,,,,,,,,,GP3,1.97134,-0.96621,0.4151,0.9713,normalised
55.778477907180786,,,1.97586,-0.95502,1,,,,,,,,,GP3,1.97586,-0.95502,0.4151,0.9713,normalised
55.796589612960815,,,1.96591,-0.95273,1,,,,,,,,,GP3,1.96591,-0.95273,0.4151,0.9713,normalised
55.812439918518066,,,1.95928,-0.9512,1,,,,,,,,,GP3,1.95928,-0.9512,0.4151,0.9713,normalised
55.8270480632782,,,1.96953,-0.95729,1,,,,,,,,,GP3,1.96953,-0.95729,0.4151,0.9713,normalised
55.84196329116821,,,1.97869,-0.96379,1,,,,,,,,,GP3,1.97869,-0.96379,0.4151,0.9713,normalised
55.86038589477539,,,1.98581,-0.96885,1,,,,,,,,,GP3,1.98581,-0.96885,0.4151,0.9713,normalised
55.87495017051697,,,1.99498,-0.95134,1,,,,,,,,,GP3,1.99498,-0.95134,0.4151,0.9713,normalised
55.891231060028076,,,1.99544,-0.94348,1,,,,,,,,,GP3,1.99544,-0.94348,0.4151,0.9713,normalised
55.907445669174194,,,1.99582,-0.93693,1,,,,,,,,,GP3,1.99582,-0.93693,0.4151,0.9713,normalised
55.923558712005615,,,1.99916,-0.93915,1,,,,,,,,,GP3,1.99916,-0.93915,0.4151,0.9713,normalised
55.9401535987854,,,1.99601,-0.92786,1,,,,,,,,,GP3,1.99601,-0.92786,0.4151,0.9713,normalised
55.95569038391113,,,1.99329,-0.91808,1,,,,,,,,,GP3,1.99329,-0.91808,0.4151,0.9713,normalised
55.972524642944336,,,2.00541,-0.96102,1,,,,,,,,,GP3,2.00541,-0.96102,0.4151,0.9713,normalised
55.98900103569031,,,2.00021,-0.96203,1,,,,,,,,,GP3,2.00021,-0.96203,0.4151,0.9713,normalised
56.0036187171936,,,1.9956,-0.96293,1,,,,,,,,,GP3,1.9956,-0.96293,0.4151,0.9713,normalised
56.020607233047485,,,2.02451,-1.0185,0,,,,,,,,,GP3,2.02451,-1.0185,0.4151,0.9713,normalised
56.03668403625488,,,2.09378,-1.3314,0,,,,,,,,,GP3,2.09378,-1.3314,0.4151,0.9713,normalised
56.05408072471619,,,2.07903,-1.33581,0,,,,,,,,,GP3,2.07903,-1.33581,0.4151,0.9713,normalised
56.070045709609985,,,2.04986,-1.29749,0,,,,,,,,,GP3,2.04986,-1.29749,0.4151,0.9713,normalised
56.08788061141968,,,1.8721,-0.85664,0,,,,,,,,,GP3,1.8721,-0.85664,0.4151,0.9713,normalised
56.10148644447327,,,1.71105,-0.53436,0,,,,,,,,,GP3,1.71105,-0.53436,0.4151,0.9713,normalised
56.118446826934814,,,1.44162,0.0071,0,,,,,,,,,GP3,1.44162,0.0071,0.4151,0.9713,normalised
56.13343405723572,,,1.35222,0.16765,0,,,,,,,,,GP3,1.35222,0.16765,0.4151,0.9713,normalised
56.15002512931824,,,1.3211,0.22361,0,,,,,,,,,GP3,1.3211,0.22361,0.4151,0.9713,normalised
56.166714906692505,,,1.25561,0.32606,0,,,,,,,,,GP3,1.25561,0.32606,0.4151,0.9713,normalised
56.18262505531311,,,1.26786,0.30326,0,,,,,,,,,GP3,1.26786,0.30326,0.4151,0.9713,normalised
56.19842290878296,,,1.27679,0.28848,0,,,,,,,,,GP3,1.27679,0.28848,0.4151,0.9713,normalised
56.215412616729736,,,1.28371,0.28644,1,,,,,,,,,GP3,1.28371,0.28644,0.4151,0.9713,normalised
56.23296880722046,,,1.29305,0.28714,1,,,,,,,,,GP3,1.29305,0.28714,0.4151,0.9713,normalised
56.24747943878174,,,1.29928,0.2876,1,,,,,,,,,GP3,1.29928,0.2876,0.4151,0.9713,normalised
56.26500582695007,,,1.30145,0.28818,1,,,,,,,,,GP3,1.30145,0.28818,0.4151,0.9713,normalised
56.28329372406006,,,1.30605,0.28364,1,,,,,,,,,GP3,1.30605,0.28364,0.4151,0.9713,normalised
56.294841289520264,,,1.30963,0.2801,1,,,,,,,,,GP3,1.30963,0.2801,0.4151,0.9713,normalised
56.31234812736511,,,1.3068,0.27888,1,,,,,,,,,GP3,1.3068,0.27888,0.4151,0.9713,normalised
56.329872369766235,,,1.30796,0.27892,1,,,,,,,,,GP3,1.30796,0.27892,0.4151,0.9713,normalised
56.343512773513794,,,1.30892,0.27895,1,,,,,,,,,GP3,1.30892,0.27895,0.4151,0.9713,normalised
56.360671520233154,,,1.30474,0.28093,1,,,,,,,,,GP3,1.30474,0.28093,0.4151,0.9713,normalised
56.37649703025818,,,1.29596,0.29214,1,,,,,,,,,GP3,1.29596,0.29214,0.4151,0.9713,normalised
56.394145011901855,,,1.30047,0.28686,1,,,,,,,,,GP3,1.30047,0.28686,0.4151,0.9713,normalised
56.41029667854309,,,1.31805,0.26588,1,,,,,,,,,GP3,1.31805,0.26588,0.4151,0.9713,normalised
56.42480397224426,,,1.36622,0.20394,0,,,,,,,,,GP3,1.36622,0.20394,0.4151,0.9713,normalised
56.442540884017944,,,1.64959,-0.25119,0,,,,,,,,,GP3,1.64959,-0.25119,0.4151,0.9713,normalised
56.456950664520264,,,1.84584,-0.74484,0,,,,,,,,,GP3,1.84584,-0.74484,0.4151,0.9713,normalised
56.47446131706238,,,2.14818,-1.41424,0,,,,,,,,,GP3,2.14818,-1.41424,0.4151,0.9713,normalised
56.49157500267029,,,2.21071,-1.60924,0,,,,,,,,,GP3,2.21071,-1.60924,0.4151,0.9713,normalised
56.50555729866028,,,2.20614,-1.67357,0,,,,,,,,,GP3,2.20614,-1.67357,0.4151,0.9713,normalised
56.52217364311218,,,2.23883,-1.87535,0,,,,,,,,,GP3,2.23883,-1.87535,0.4151,0.9713,normalised
56.539029598236084,,,2.24255,-1.94746,0,,,,,,,,,GP3,2.24255,-1.94746,0.4151,0.9713,normalised
56.55629372596741,,,2.22601,-1.88835,0,,,,,,,,,GP3,2.22601,-1.88835,0.4151,0.9713,normalised
56.570788860321045,,,2.22465,-1.83907,1,,,,,,,,,GP3,2.22465,-1.83907,0.4151,0.9713,normalised
56.58854269981384,,,2.22383,-1.8095,1,,,,,,,,,GP3,2.22383,-1.8095,0.4151,0.9713,normalised
56.60546565055847,,,2.1877,-1.61933,0,,,,,,,,,GP3,2.1877,-1.61933,0.4151,0.9713,normalised
56.618577003479004,,,2.0967,-1.30906,0,,,,,,,,,GP3,2.0967,-1.30906,0.4151,0.9713,normalised
56.63655710220337,,,2.03805,-1.13949,0,,,,,,,,,GP3,2.03805,-1.13949,0.4151,0.9713,normalised
56.65228199958801,,,1.88983,-0.7473,0,,,,,,,,,GP3,1.88983,-0.7473,0.4151,0.9713,normalised
56.66977047920227,,,1.72131,-0.39051,0,,,,,,,,,GP3,1.72131,-0.39051,0.4151,0.9713,normalised
56.685593366622925,,,1.58818,-0.16228,0,,,,,,,,,GP3,1.58818,-0.16228,0.4151,0.9713,normalised
56.69996356964111,,,1.38156,0.20002,0,,,,,,,,,GP3,1.38156,0.20002,0.4151,0.9713,normalised
56.717899322509766,,,1.33496,0.2765,0,,,,,,,,,GP3,1.33496,0.2765,0.4151,0.9713,normalised
56.73241639137268,,,1.31558,0.30646,0,,,,,,,,,GP3,1.31558,0.30646,0.4151,0.9713,normalised
56.74859023094177,,,1.27203,0.36733,0,,,,,,,,,GP3,1.27203,0.36733,0.4151,0.9713,normalised
56.76532697677612,,,1.25917,0.37829,0,,,,,,,,,GP3,1.25917,0.37829,0.4151,0.9713,normalised
56.780110120773315,,,1.24967,0.38864,0,,,,,,,,,GP3,1.24967,0.38864,0.4151,0.9713,normalised
56.797908782958984,,,1.23942,0.39631,1,,,,,,,,,GP3,1.23942,0.39631,0.4151,0.9713,normalised
56.814942359924316,,,1.23494,0.3992,1,,,,,,,,,GP3,1.23494,0.3992,0.4151,0.9713,normalised
56.828970193862915,,,1.23196,0.40113,1,,,,,,,,,GP3,1.23196,0.40113,0.4151,0.9713,normalised
56.84764909744263,,,1.23052,0.41269,1,,,,,,,,,GP3,1.23052,0.41269,0.4151,0.9713,normalised
56.86140751838684,,,1.23088,0.42057,1,,,,,,,,,GP3,1.23088,0.42057,0.4151,0.9713,normalised
56.87884593009949,,,1.23116,0.42669,1,,,,,,,,,GP3,1.23116,0.42669,0.4151,0.9713,normalised
56.89364051818848,,,1.23433,0.43283,1,,,,,,,,,GP3,1.23433,0.43283,0.4151,0.9713,normalised
56.909578800201416,,,1.24047,0.43704,1,,,,,,,,,GP3,1.24047,0.43704,0.4151,0.9713,normalised
56.92604351043701,,,1.24558,0.44055,1,,,,,,,,,GP3,1.24558,0.44055,0.4151,0.9713,normalised
56.94352436065674,,,1.24692,0.44182,1,,,,,,,,,GP3,1.24692,0.44182,0.4151,0.9713,normalised
56.95976638793945,,,1.2496,0.44285,1,,,,,,,,,GP3,1.2496,0.44285,0.4151,0.9713,normalised
56.976303577423096,,,1.25894,0.43665,1,,,,,,,,,GP3,1.25894,0.43665,0.4151,0.9713,normalised
56.992332458496094,,,1.27145,0.42038,1,,,,,,,,,GP3,1.27145,0.42038,0.4151,0.9713,normalised
57.00930619239807,,,1.29117,0.39151,1,,,,,,,,,GP3,1.29117,0.39151,0.4151,0.9713,normalised
57.024094104766846,,,1.3563,0.33312,0,,,,,,,,,GP3,1.3563,0.33312,0.4151,0.9713,normalised
57.041138887405396,,,1.50983,0.08377,0,,,,,,,,,GP3,1.50983,0.08377,0.4151,0.9713,normalised
57.05554223060608,,,1.56917,0.00141,0,,,,,,,,,GP3,1.56917,0.00141,0.4151,0.9713,normalised
57.073249101638794,,,1.67969,-0.16408,0,,,,,,,,,GP3,1.67969,-0.16408,0.4151,0.9713,normalised
57.088263511657715,,,1.67658,-0.15341,0,,,,,,,,,GP3,1.67658,-0.15341,0.4151,0.9713,normalised
57.105040073394775,,,1.67718,-0.15089,0,,,,,,,,,GP3,1.67718,-0.15089,0.4151,0.9713,normalised
57.12173509597778,,,1.67747,-0.14963,1,,,,,,,,,GP3,1.67747,-0.14963,0.4151,0.9713,normalised
57.13624715805054,,,1.6693,-0.17036,1,,,,,,,,,GP3,1.6693,-0.17036,0.4151,0.9713,normalised
57.151923179626465,,,1.66406,-0.18723,1,,,,,,,,,GP3,1.66406,-0.18723,0.4151,0.9713,normalised
57.16873621940613,,,1.66031,-0.19928,1,,,,,,,,,GP3,1.66031,-0.19928,0.4151,0.9713,normalised
57.185516357421875,,,1.66225,-0.20759,1,,,,,,,,,GP3,1.66225,-0.20759,0.4151,0.9713,normalised
57.20296311378479,,,1.66137,-0.21555,1,,,,,,,,,GP3,1.66137,-0.21555,0.4151,0.9713,normalised
57.21726608276367,,,1.668,-0.23383,1,,,,,,,,,GP3,1.668,-0.23383,0.4151,0.9713,normalised
57.234692335128784,,,1.6876,-0.24707,1,,,,,,,,,GP3,1.6876,-0.24707,0.4151,0.9713,normalised
57.249494314193726,,,1.71768,-0.26232,1,,,,,,,,,GP3,1.71768,-0.26232,0.4151,0.9713,normalised
57.26848912239075,,,1.75053,-0.28785,1,,,,,,,,,GP3,1.75053,-0.28785,0.4151,0.9713,normalised
57.28161311149597,,,1.78898,-0.37721,0,,,,,,,,,GP3,1.78898,-0.37721,0.4151,0.9713,normalised
57.29913139343262,,,1.90101,-0.6839,0,,,,,,,,,GP3,1.90101,-0.6839,0.4151,0.9713,normalised
57.316832304000854,,,1.93835,-0.78613,0,,,,,,,,,GP3,1.93835,-0.78613,0.4151,0.9713,normalised
57.331536531448364,,,2.02579,-1.0223,0,,,,,,,,,GP3,2.02579,-1.0223,0.4151,0.9713,normalised
57.34613800048828,,,2.00922,-1.00998,0,,,,,,,,,GP3,2.00922,-1.00998,0.4151,0.9713,normalised
57.36291289329529,,,2.0037,-1.00587,0,,,,,,,,,GP3,2.0037,-1.00587,0.4151,0.9713,normalised
57.38072752952576,,,2.00363,-1.00191,1,,,,,,,,,GP3,2.00363,-1.00191,0.4151,0.9713,normalised
57.39677810668945,,,1.99608,-0.98115,1,,,,,,,,,GP3,1.99608,-0.98115,0.4151,0.9713,normalised
57.41181421279907,,,1.97414,-0.93194,1,,,,,,,,,GP3,1.97414,-0.93194,0.4151,0.9713,normalised
57.42931818962097,,,1.93512,-0.82317,0,,,,,,,,,GP3,1.93512,-0.82317,0.4151,0.9713,normalised
57.44608950614929,,,1.61118,0.19318,0,,,,,,,,,GP3,1.61118,0.19318,0.4151,0.9713,normalised
57.459705114364624,,,1.61118,0.19318,0,,,,,,,,,GP3,1.61118,0.19318,0.4151,0.9713,normalised
57.479883909225464,,,1.28725,1.20953,0,,,,,,,,,GP3,1.28725,1.20953,0.4151,0.9713,normalised
57.49675703048706,,,1.28725,1.20953,0,,,,,,,,,GP3,1.28725,1.20953,0.4151,0.9713,normalised
57.51206040382385,,,1.28725,1.20953,0,,,,,,,,,GP3,1.28725,1.20953,0.4151,0.9713,normalised
57.527554512023926,,,0.0,0.0,0,,,,,,,,,GP3,0.0,0.0,0.4151,0.9713,normalised
57.544432640075684,,,0.0,0.0,0,,,,,,,,,GP3,0.0,0.0,0.4151,0.9713,normalised
57.56192660331726,,,0.0,0.0,0,,,,,,,,,GP3,0.0,0.0,0.4151,0.9713,normalised
57.57956528663635,,,0.0,0.0,0,,,,,,,,,GP3,0.0,0.0,0.4151,0.9713,normalised
57.59394931793213,,,0.0,0.0,0,,,,,,,,,GP3,0.0,0.0,0.4151,0.9713,normalised
57.611159324645996,,,0.0,0.0,0,,,,,,,,,GP3,0.0,0.0,0.4151,0.9713,normalised
57.62559700012207,,,0.0,0.0,0,,,,,,,,,GP3,0.0,0.0,0.4151,0.9713,normalised
57.646204710006714,,,0.0,0.0,0,,,,,,,,,GP3,0.0,0.0,0.4151,0.9713,normalised
57.65979361534119,,,0.0,0.0,0,,,,,,,,,GP3,0.0,0.0,0.4151,0.9713,normalised
57.676350593566895,,,0.0,0.0,0,,,,,,,,,GP3,0.0,0.0,0.4151,0.9713,normalised
57.693927526474,,,0.0,0.0,0,,,,,,,,,GP3,0.0,0.0,0.4151,0.9713,normalised
57.70830965042114,,,0.0,0.0,0,,,,,,,,,GP3,0.0,0.0,0.4151,0.9713,normalised
57.7251615524292,,,0.0,0.0,0,,,,,,,,,GP3,0.0,0.0,0.4151,0.9713,normalised
57.74178910255432,,,0.0,0.0,0,,,,,,,,,GP3,0.0,0.0,0.4151,0.9713,normalised
57.756495237350464,,,0.33183,0.97386,0,,,,,,,,,GP3,0.33183,0.97386,0.4151,0.9713,normalised
57.76812243461609,,,0.66367,1.94772,0,,,,,,,,,GP3,0.66367,1.94772,0.4151,0.9713,normalised
57.788631200790405,,,0.63299,1.14558,0,,,,,,,,,GP3,0.63299,1.14558,0.4151,0.9713,normalised
57.800151109695435,,,0.71138,0.96026,0,,,,,,,,,GP3,0.71138,0.96026,0.4151,0.9713,normalised
57.81647562980652,,,0.69973,0.42329,0,,,,,,,,,GP3,0.69973,0.42329,0.4151,0.9713,normalised
57.833155155181885,,,0.65087,0.38584,0,,,,,,,,,GP3,0.65087,0.38584,0.4151,0.9713,normalised
57.848148345947266,,,0.63458,0.37335,0,,,,,,,,,GP3,0.63458,0.37335,0.4151,0.9713,normalised
57.864871978759766,,,0.60888,0.35523,0,,,,,,,,,GP3,0.60888,0.35523,0.4151,0.9713,normalised
57.88237524032593,,,0.60439,0.35133,0,,,,,,,,,GP3,0.60439,0.35133,0.4151,0.9713,normalised
57.89642810821533,,,0.60098,0.37177,0,,,,,,,,,GP3,0.60098,0.37177,0.4151,0.9713,normalised
57.914546251297,,,0.60432,0.40112,1,,,,,,,,,GP3,0.60432,0.40112,0.4151,0.9713,normalised
57.92937684059143,,,0.60686,0.43225,1,,,,,,,,,GP3,0.60686,0.43225,0.4151,0.9713,normalised
57.94500231742859,,,0.60692,0.46399,1,,,,,,,,,GP3,0.60692,0.46399,0.4151,0.9713,normalised
57.96189999580383,,,0.60847,0.48613,1,,,,,,,,,GP3,0.60847,0.48613,0.4151,0.9713,normalised
57.97866177558899,,,0.60983,0.50275,1,,,,,,,,,GP3,0.60983,0.50275,0.4151,0.9713,normalised
57.99531364440918,,,0.61089,0.51567,1,,,,,,,,,GP3,0.61089,0.51567,0.4151,0.9713,normalised
58.011356830596924,,,0.61075,0.52442,1,,,,,,,,,GP3,0.61075,0.52442,0.4151,0.9713,normalised
58.025869607925415,,,0.61251,0.535,1,,,,,,,,,GP3,0.61251,0.535,0.4151,0.9713,normalised
58.04160451889038,,,0.61397,0.54381,1,,,,,,,,,GP3,0.61397,0.54381,0.4151,0.9713,normalised
58.05827069282532,,,0.60321,0.52422,1,,,,,,,,,GP3,0.60321,0.52422,0.4151,0.9713,normalised
58.07526516914368,,,0.59278,0.53323,0,,,,,,,,,GP3,0.59278,0.53323,0.4151,0.9713,normalised
58.09280323982239,,,0.53663,0.40986,0,,,,,,,,,GP3,0.53663,0.40986,0.4151,0.9713,normalised
58.109193325042725,,,0.51637,0.37055,0,,,,,,,,,GP3,0.51637,0.37055,0.4151,0.9713,normalised
58.122931241989136,,,0.4826,0.29057,0,,,,,,,,,GP3,0.4826,0.29057,0.4151,0.9713,normalised
58.14044761657715,,,0.48703,0.29192,0,,,,,,,,,GP3,0.48703,0.29192,0.4151,0.9713,normalised
58.15700602531433,,,0.48376,0.29248,0,,,,,,,,,GP3,0.48376,0.29248,0.4151,0.9713,normalised
58.17152404785156,,,0.48812,0.29271,1,,,,,,,,,GP3,0.48812,0.29271,0.4151,0.9713,normalised
58.1878559589386,,,0.49074,0.29285,1,,,,,,,,,GP3,0.49074,0.29285,0.4151,0.9713,normalised
58.205474853515625,,,0.48383,0.29324,1,,,,,,,,,GP3,0.48383,0.29324,0.4151,0.9713,normalised
58.22187042236328,,,0.48154,0.29299,1,,,,,,,,,GP3,0.48154,0.29299,0.4151,0.9713,normalised
58.236878871917725,,,0.47982,0.29281,1,,,,,,,,,GP3,0.47982,0.29281,0.4151,0.9713,normalised
58.25430655479431,,,0.47265,0.29198,1,,,,,,,,,GP3,0.47265,0.29198,0.4151,0.9713,normalised
58.26994824409485,,,0.4689,0.29269,1,,,,,,,,,GP3,0.4689,0.29269,0.4151,0.9713,normalised
58.2844512462616,,,0.46582,0.29327,1,,,,,,,,,GP3,0.46582,0.29327,0.4151,0.9713,normalised
58.302966594696045,,,0.4552,0.29711,1,,,,,,,,,GP3,0.4552,0.29711,0.4151,0.9713,normalised
58.31919598579407,,,0.44708,0.30005,1,,,,,,,,,GP3,0.44708,0.30005,0.4151,0.9713,normalised
58.33373761177063,,,0.44012,0.30257,1,,,,,,,,,GP3,0.44012,0.30257,0.4151,0.9713,normalised
58.3512659072876,,,0.43344,0.30273,1,,,,,,,,,GP3,0.43344,0.30273,0.4151,0.9713,normalised
58.364784717559814,,,0.4281,0.30312,1,,,,,,,,,GP3,0.4281,0.30312,0.4151,0.9713,normalised
58.3820104598999,,,0.39533,0.30789,0,,,,,,,,,GP3,0.39533,0.30789,0.4151,0.9713,normalised
58.39868712425232,,,0.35521,0.32219,0,,,,,,,,,GP3,0.35521,0.32219,0.4151,0.9713,normalised
58.415605306625366,,,0.3484,0.32575,0,,,,,,,,,GP3,0.3484,0.32575,0.4151,0.9713,normalised
58.43022632598877,,,0.345,0.32753,1,,,,,,,,,GP3,0.345,0.32753,0.4151,0.9713,normalised
58.44795250892639,,,0.34085,0.32868,1,,,,,,,,,GP3,0.34085,0.32868,0.4151,0.9713,normalised
58.46424412727356,,,0.33774,0.33245,1,,,,,,,,,GP3,0.33774,0.33245,0.4151,0.9713,normalised
58.48192048072815,,,0.33553,0.33514,1,,,,,,,,,GP3,0.33553,0.33514,0.4151,0.9713,normalised
58.4964554309845,,,0.33399,0.33507,1,,,,,,,,,GP3,0.33399,0.33507,0.4151,0.9713,normalised
58.51147675514221,,,0.33299,0.33487,1,,,,,,,,,GP3,0.33299,0.33487,0.4151,0.9713,normalised
58.52716851234436,,,0.33218,0.33471,1,,,,,,,,,GP3,0.33218,0.33471,0.4151,0.9713,normalised
58.54430556297302,,,0.33206,0.33336,1,,,,,,,,,GP3,0.33206,0.33336,0.4151,0.9713,normalised
58.56186771392822,,,0.3323,0.33032,1,,,,,,,,,GP3,0.3323,0.33032,0.4151,0.9713,normalised
58.576568603515625,,,0.33251,0.32775,1,,,,,,,,,GP3,0.33251,0.32775,0.4151,0.9713,normalised
58.59405303001404,,,0.33083,0.32706,1,,,,,,,,,GP3,0.33083,0.32706,0.4151,0.9713,normalised
58.6080687046051,,,0.32986,0.32706,1,,,,,,,,,GP3,0.32986,0.32706,0.4151,0.9713,normalised
58.62481141090393,,,0.32901,0.32705,1,,,,,,,,,GP3,0.32901,0.32705,0.4151,0.9713,normalised
58.64226150512695,,,0.32793,0.32741,1,,,,,,,,,GP3,0.32793,0.32741,0.4151,0.9713,normalised
58.65696597099304,,,0.32722,0.32712,1,,,,,,,,,GP3,0.32722,0.32712,0.4151,0.9713,normalised
58.6745080947876,,,0.32657,0.32687,1,,,,,,,,,GP3,0.32657,0.32687,0.4151,0.9713,normalised
58.68910336494446,,,0.32552,0.3262,1,,,,,,,,,GP3,0.32552,0.3262,0.4151,0.9713,normalised
58.705827713012695,,,0.32454,0.3262,1,,,,,,,,,GP3,0.32454,0.3262,0.4151,0.9713,normalised
58.722649574279785,,,0.32365,0.3262,1,,,,,,,,,GP3,0.32365,0.3262,0.4151,0.9713,normalised
58.73929452896118,,,0.32332,0.3272,1,,,,,,,,,GP3,0.32332,0.3272,0.4151,0.9713,normalised
58.753833293914795,,,0.32294,0.32808,1,,,,,,,,,GP3,0.32294,0.32808,0.4151,0.9713,normalised
58.76988172531128,,,0.32259,0.32888,1,,,,,,,,,GP3,0.32259,0.32888,0.4151,0.9713,normalised
58.78731369972229,,,0.32261,0.32924,1,,,,,,,,,GP3,0.32261,0.32924,0.4151,0.9713,normalised
58.803454875946045,,,0.32306,0.32946,1,,,,,,,,,GP3,0.32306,0.32946,0.4151,0.9713,normalised
58.820629835128784,,,0.32347,0.32965,1,,,,,,,,,GP3,0.32347,0.32965,0.4151,0.9713,normalised
58.83521008491516,,,0.32325,0.32971,1,,,,,,,,,GP3,0.32325,0.32971,0.4151,0.9713,normalised
58.85273289680481,,,0.32313,0.32954,1,,,,,,,,,GP3,0.32313,0.32954,0.4151,0.9713,normalised
58.86724257469177,,,0.32302,0.32937,1,,,,,,,,,GP3,0.32302,0.32937,0.4151,0.9713,normalised
58.88286876678467,,,0.32238,0.32935,1,,,,,,,,,GP3,0.32238,0.32935,0.4151,0.9713,normalised
58.9005765914917,,,0.32183,0.32933,1,,,,,,,,,GP3,0.32183,0.32933,0.4151,0.9713,normalised
58.91738510131836,,,0.32132,0.32932,1,,,,,,,,,GP3,0.32132,0.32932,0.4151,0.9713,normalised
58.933300495147705,,,0.32081,0.32902,1,,,,,,,,,GP3,0.32081,0.32902,0.4151,0.9713,normalised
58.94804835319519,,,0.32002,0.3288,1,,,,,,,,,GP3,0.32002,0.3288,0.4151,0.9713,normalised
58.96558237075806,,,0.31928,0.32858,1,,,,,,,,,GP3,0.31928,0.32858,0.4151,0.9713,normalised
58.97944259643555,,,0.31879,0.32828,1,,,,,,,,,GP3,0.31879,0.32828,0.4151,0.9713,normalised
58.998202085494995,,,0.3186,0.32762,1,,,,,,,,,GP3,0.3186,0.32762,0.4151,0.9713,normalised
59.01291370391846,,,0.31841,0.327,1,,,,,,,,,GP3,0.31841,0.327,0.4151,0.9713,normalised
59.03031253814697,,,0.31828,0.32673,1,,,,,,,,,GP3,0.31828,0.32673,0.4151,0.9713,normalised
59.045942068099976,,,0.31812,0.3259,1,,,,,,,,,GP3,0.31812,0.3259,0.4151,0.9713,normalised
59.06061339378357,,,0.31796,0.32511,1,,,,,,,,,GP3,0.31796,0.32511,0.4151,0.9713,normalised
59.078248739242554,,,0.3176,0.32506,1,,,,,,,,,GP3,0.3176,0.32506,0.4151,0.9713,normalised
59.095651626586914,,,0.31695,0.32495,1,,,,,,,,,GP3,0.31695,0.32495,0.4151,0.9713,normalised
59.110464096069336,,,0.31632,0.32484,1,,,,,,,,,GP3,0.31632,0.32484,0.4151,0.9713,normalised
59.127057790756226,,,0.31604,0.32477,1,,,,,,,,,GP3,0.31604,0.32477,0.4151,0.9713,normalised
59.142707109451294,,,0.3158,0.3242,1,,,,,,,,,GP3,0.3158,0.3242,0.4151,0.9713,normalised
59.16009211540222,,,0.3139,0.32399,1,,,,,,,,,GP3,0.3139,0.32399,0.4151,0.9713,normalised
59.17460870742798,,,0.31404,0.32393,1,,,,,,,,,GP3,0.31404,0.32393,0.4151,0.9713,normalised
59.19123911857605,,,0.31418,0.3235,1,,,,,,,,,GP3,0.31418,0.3235,0.4151,0.9713,normalised
59.20613098144531,,,0.31432,0.32306,1,,,,,,,,,GP3,0.31432,0.32306,0.4151,0.9713,normalised
59.222949504852295,,,0.31435,0.32274,1,,,,,,,,,GP3,0.31435,0.32274,0.4151,0.9713,normalised
59.240665912628174,,,0.31473,0.3221,1,,,,,,,,,GP3,0.31473,0.3221,0.4151,0.9713,normalised
59.256765604019165,,,0.31511,0.32145,1,,,,,,,,,GP3,0.31511,0.32145,0.4151,0.9713,normalised
59.27147150039673,,,0.31473,0.32117,1,,,,,,,,,GP3,0.31473,0.32117,0.4151,0.9713,normalised
59.288163900375366,,,0.31432,0.32079,1,,,,,,,,,GP3,0.31432,0.32079,0.4151,0.9713,normalised
59.30475664138794,,,0.31391,0.32041,1,,,,,,,,,GP3,0.31391,0.32041,0.4151,0.9713,normalised
59.31970024108887,,,0.31309,0.32069,1,,,,,,,,,GP3,0.31309,0.32069,0.4151,0.9713,normalised
59.337239027023315,,,0.31222,0.32138,1,,,,,,,,,GP3,0.31222,0.32138,0.4151,0.9713,normalised
59.35387992858887,,,0.31123,0.32157,1,,,,,,,,,GP3,0.31123,0.32157,0.4151,0.9713,normalised
59.37008309364319,,,0.31119,0.32079,1,,,,,,,,,GP3,0.31119,0.32079,0.4151,0.9713,normalised
59.38677954673767,,,0.31081,0.31918,1,,,,,,,,,GP3,0.31081,0.31918,0.4151,0.9713,normalised
59.400799036026,,,0.3103,0.31695,1,,,,,,,,,GP3,0.3103,0.31695,0.4151,0.9713,normalised
59.41841411590576,,,0.30969,0.31457,1,,,,,,,,,GP3,0.30969,0.31457,0.4151,0.9713,normalised
59.435577154159546,,,0.29881,0.28353,0,,,,,,,,,GP3,0.29881,0.28353,0.4151,0.9713,normalised
59.450164794921875,,,0.28899,0.23801,0,,,,,,,,,GP3,0.28899,0.23801,0.4151,0.9713,normalised
59.46677875518799,,,0.28344,0.23976,0,,,,,,,,,GP3,0.28344,0.23976,0.4151,0.9713,normalised
59.482579946517944,,,0.27297,0.24095,1,,,,,,,,,GP3,0.27297,0.24095,0.4151,0.9713,normalised
59.498364210128784,,,0.26746,0.24482,1,,,,,,,,,GP3,0.26746,0.24482,0.4151,0.9713,normalised
59.516438245773315,,,0.27148,0.24762,1,,,,,,,,,GP3,0.27148,0.24762,0.4151,0.9713,normalised
59.53077268600464,,,0.27463,0.25215,1,,,,,,,,,GP3,0.27463,0.25215,0.4151,0.9713,normalised
59.54749298095703,,,0.2776,0.25815,1,,,,,,,,,GP3,0.2776,0.25815,0.4151,0.9713,normalised
59.562005281448364,,,0.28024,0.26344,1,,,,,,,,,GP3,0.28024,0.26344,0.4151,0.9713,normalised
59.57875680923462,,,0.2847,0.2682,1,,,,,,,,,GP3,0.2847,0.2682,0.4151,0.9713,normalised
59.594311237335205,,,0.28835,0.2721,1,,,,,,,,,GP3,0.28835,0.2721,0.4151,0.9713,normalised
59.612544298172,,,0.29129,0.27442,1,,,,,,,,,GP3,0.29129,0.27442,0.4151,0.9713,normalised
59.62682509422302,,,0.29526,0.27774,1,,,,,,,,,GP3,0.29526,0.27774,0.4151,0.9713,normalised
59.64462399482727,,,0.29846,0.27946,1,,,,,,,,,GP3,0.29846,0.27946,0.4151,0.9713,normalised
59.65903043746948,,,0.29992,0.27836,1,,,,,,,,,GP3,0.29992,0.27836,0.4151,0.9713,normalised
59.67628479003906,,,0.30424,0.27467,1,,,,,,,,,GP3,0.30424,0.27467,0.4151,0.9713,normalised
59.692362546920776,,,0.308,0.27112,1,,,,,,,,,GP3,0.308,0.27112,0.4151,0.9713,normalised
59.709736824035645,,,0.30947,0.26825,1,,,,,,,,,GP3,0.30947,0.26825,0.4151,0.9713,normalised
59.72388553619385,,,0.31312,0.26654,1,,,,,,,,,GP3,0.31312,0.26654,0.4151,0.9713,normalised
59.742416858673096,,,0.34253,0.27142,0,,,,,,,,,GP3,0.34253,0.27142,0.4151,0.9713,normalised
59.75700235366821,,,0.33175,0.27812,0,,,,,,,,,GP3,0.33175,0.27812,0.4151,0.9713,normalised
59.77214455604553,,,0.33747,0.27843,0,,,,,,,,,GP3,0.33747,0.27843,0.4151,0.9713,normalised
59.78901767730713,,,0.34033,0.27859,1,,,,,,,,,GP3,0.34033,0.27859,0.4151,0.9713,normalised
59.806535720825195,,,0.33797,0.28248,1,,,,,,,,,GP3,0.33797,0.28248,0.4151,0.9713,normalised
59.821614503860474,,,0.33932,0.28079,1,,,,,,,,,GP3,0.33932,0.28079,0.4151,0.9713,normalised
59.83934450149536,,,0.34028,0.27958,1,,,,,,,,,GP3,0.34028,0.27958,0.4151,0.9713,normalised
59.853720903396606,,,0.33911,0.28116,1,,,,,,,,,GP3,0.33911,0.28116,0.4151,0.9713,normalised
59.87172079086304,,,0.34139,0.28303,1,,,,,,,,,GP3,0.34139,0.28303,0.4151,0.9713,normalised
59.88803315162659,,,0.34047,0.25792,1,,,,,,,,,GP3,0.34047,0.25792,0.4151,0.9713,normalised
59.9038610458374,,,0.3281,0.19467,1,,,,,,,,,GP3,0.3281,0.19467,0.4151,0.9713,normalised
59.92004132270813,,,0.31906,0.10099,1,,,,,,,,,GP3,0.31906,0.10099,0.4151,0.9713,normalised
59.937386989593506,,,0.30759,-0.0133,1,,,,,,,,,GP3,0.30759,-0.0133,0.4151,0.9713,normalised
59.951781272888184,,,0.28079,-0.18432,0,,,,,,,,,GP3,0.28079,-0.18432,0.4151,0.9713,normalised
59.96852350234985,,,0.18911,-0.85292,0,,,,,,,,,GP3,0.18911,-0.85292,0.4151,0.9713,normalised
59.98291087150574,,,0.15996,-0.98245,0,,,,,,,,,GP3,0.15996,-0.98245,0.4151,0.9713,normalised
59.99884366989136,,,0.08362,-1.17481,0,,,,,,,,,GP3,0.08362,-1.17481,0.4151,0.9713,normalised
60.0182523727417,,,0.13197,-0.77202,0,,,,,,,,,GP3,0.13197,-0.77202,0.4151,0.9713,normalised
60.03238558769226,,,0.1765,-0.49565,0,,,,,,,,,GP3,0.1765,-0.49565,0.4151,0.9713,normalised
60.04906177520752,,,0.24423,-0.02207,0,,,,,,,,,GP3,0.24423,-0.02207,0.4151,0.9713,normalised
60.06385612487793,,,0.26493,0.1045,0,,,,,,,,,GP3,0.26493,0.1045,0.4151,0.9713,normalised
60.08027458190918,,,0.27157,0.14589,0,,,,,,,,,GP3,0.27157,0.14589,0.4151,0.9713,normalised
60.09791278839111,,,0.28786,0.23816,0,,,,,,,,,GP3,0.28786,0.23816,0.4151,0.9713,normalised
60.114800691604614,,,0.29054,0.25102,0,,,,,,,,,GP3,0.29054,0.25102,0.4151,0.9713,normalised
60.13231873512268,,,0.29277,0.26142,0,,,,,,,,,GP3,0.29277,0.26142,0.4151,0.9713,normalised
60.14597845077515,,,0.29469,0.26274,1,,,,,,,,,GP3,0.29469,0.26274,0.4151,0.9713,normalised
60.16038131713867,,,0.29869,0.27128,1,,,,,,,,,GP3,0.29869,0.27128,0.4151,0.9713,normalised
60.17693829536438,,,0.3012,0.27597,1,,,,,,,,,GP3,0.3012,0.27597,0.4151,0.9713,normalised
60.19365382194519,,,0.30158,0.27479,1,,,,,,,,,GP3,0.30158,0.27479,0.4151,0.9713,normalised
60.210774421691895,,,0.30149,0.27099,1,,,,,,,,,GP3,0.30149,0.27099,0.4151,0.9713,normalised
60.22556924819946,,,0.30125,0.26752,1,,,,,,,,,GP3,0.30125,0.26752,0.4151,0.9713,normalised
60.24210071563721,,,0.2998,0.26757,1,,,,,,,,,GP3,0.2998,0.26757,0.4151,0.9713,normalised
60.2587513923645,,,0.29892,0.2694,1,,,,,,,,,GP3,0.29892,0.2694,0.4151,0.9713,normalised
60.27505970001221,,,0.29861,0.27264,1,,,,,,,,,GP3,0.29861,0.27264,0.4151,0.9713,normalised
60.29034161567688,,,0.29895,0.27399,1,,,,,,,,,GP3,0.29895,0.27399,0.4151,0.9713,normalised
60.30721879005432,,,0.29923,0.27578,1,,,,,,,,,GP3,0.29923,0.27578,0.4151,0.9713,normalised
60.32500982284546,,,0.29947,0.27734,1,,,,,,,,,GP3,0.29947,0.27734,0.4151,0.9713,normalised
60.339431285858154,,,0.29968,0.27889,1,,,,,,,,,GP3,0.29968,0.27889,0.4151,0.9713,normalised
60.35512661933899,,,0.30032,0.28019,1,,,,,,,,,GP3,0.30032,0.28019,0.4151,0.9713,normalised
60.37269639968872,,,0.30088,0.28134,1,,,,,,,,,GP3,0.30088,0.28134,0.4151,0.9713,normalised
60.389058113098145,,,0.30091,0.28237,1,,,,,,,,,GP3,0.30091,0.28237,0.4151,0.9713,normalised
60.40344762802124,,,0.30091,0.28397,1,,,,,,,,,GP3,0.30091,0.28397,0.4151,0.9713,normalised
60.4203941822052,,,0.30091,0.28542,1,,,,,,,,,GP3,0.30091,0.28542,0.4151,0.9713,normalised
60.43663311004639,,,0.30051,0.28539,1,,,,,,,,,GP3,0.30051,0.28539,0.4151,0.9713,normalised
60.45345616340637,,,0.30006,0.28489,1,,,,,,,,,GP3,0.30006,0.28489,0.4151,0.9713,normalised
60.46959710121155,,,0.29614,0.26563,1,,,,,,,,,GP3,0.29614,0.26563,0.4151,0.9713,normalised
60.48640155792236,,,0.27831,0.17669,0,,,,,,,,,GP3,0.27831,0.17669,0.4151,0.9713,normalised
60.500558853149414,,,0.15216,-0.48134,0,,,,,,,,,GP3,0.15216,-0.48134,0.4151,0.9713,normalised
60.51792526245117,,,0.09792,-0.72057,0,,,,,,,,,GP3,0.09792,-0.72057,0.4151,0.9713,normalised
60.53375005722046,,,0.02165,-1.04675,0,,,,,,,,,GP3,0.02165,-1.04675,0.4151,0.9713,normalised
60.55137276649475,,,0.086,-0.68099,0,,,,,,,,,GP3,0.086,-0.68099,0.4151,0.9713,normalised
60.56525921821594,,,0.14644,-0.38876,0,,,,,,,,,GP3,0.14644,-0.38876,0.4151,0.9713,normalised
60.58400297164917,,,0.24105,0.06272,0,,,,,,,,,GP3,0.24105,0.06272,0.4151,0.9713,normalised
60.5997474193573,,,0.2729,0.18206,0,,,,,,,,,GP3,0.2729,0.18206,0.4151,0.9713,normalised
60.61589193344116,,,0.28352,0.22184,0,,,,,,,,,GP3,0.28352,0.22184,0.4151,0.9713,normalised
60.630969285964966,,,0.30102,0.2992,0,,,,,,,,,GP3,0.30102,0.2992,0.4151,0.9713,normalised
60.648850202560425,,,0.25326,0.32269,0,,,,,,,,,GP3,0.25326,0.32269,0.4151,0.9713,normalised
60.662598609924316,,,0.23734,0.33052,0,,,,,,,,,GP3,0.23734,0.33052,0.4151,0.9713,normalised
60.68002486228943,,,0.28747,0.29926,1,,,,,,,,,GP3,0.28747,0.29926,0.4151,0.9713,normalised
60.69676208496094,,,0.31189,0.28474,1,,,,,,,,,GP3,0.31189,0.28474,0.4151,0.9713,normalised
60.71079611778259,,,0.32817,0.27507,1,,,,,,,,,GP3,0.32817,0.27507,0.4151,0.9713,normalised
60.72785568237305,,,0.35733,0.26125,1,,,,,,,,,GP3,0.35733,0.26125,0.4151,0.9713,normalised
60.744407415390015,,,0.3787,0.2508,1,,,,,,,,,GP3,0.3787,0.2508,0.4151,0.9713,normalised
60.76039791107178,,,0.39533,0.24268,1,,,,,,,,,GP3,0.39533,0.24268,0.4151,0.9713,normalised
60.77800488471985,,,0.41142,0.23623,1,,,,,,,,,GP3,0.41142,0.23623,0.4151,0.9713,normalised
60.79276990890503,,,0.42492,0.23017,1,,,,,,,,,GP3,0.42492,0.23017,0.4151,0.9713,normalised
60.81076431274414,,,0.43617,0.22511,1,,,,,,,,,GP3,0.43617,0.22511,0.4151,0.9713,normalised
60.82478857040405,,,0.44593,0.22102,1,,,,,,,,,GP3,0.44593,0.22102,0.4151,0.9713,normalised
60.84058380126953,,,0.48818,0.20176,0,,,,,,,,,GP3,0.48818,0.20176,0.4151,0.9713,normalised
60.85761642456055,,,0.5279,0.19745,0,,,,,,,,,GP3,0.5279,0.19745,0.4151,0.9713,normalised
60.874149322509766,,,0.524,0.1947,0,,,,,,,,,GP3,0.524,0.1947,0.4151,0.9713,normalised
60.88885140419006,,,0.50699,0.19817,1,,,,,,,,,GP3,0.50699,0.19817,0.4151,0.9713,normalised
60.904815912246704,,,0.49678,0.20026,1,,,,,,,,,GP3,0.49678,0.20026,0.4151,0.9713,normalised
60.921494007110596,,,0.52721,0.18673,1,,,,,,,,,GP3,0.52721,0.18673,0.4151,0.9713,normalised
60.93917417526245,,,0.54899,0.17849,1,,,,,,,,,GP3,0.54899,0.17849,0.4151,0.9713,normalised
60.9538950920105,,,0.56532,0.17232,1,,,,,,,,,GP3,0.56532,0.17232,0.4151,0.9713,normalised
60.97142052650452,,,0.58008,0.16567,1,,,,,,,,,GP3,0.58008,0.16567,0.4151,0.9713,normalised
60.985925912857056,,,0.59189,0.16186,1,,,,,,,,,GP3,0.59189,0.16186,0.4151,0.9713,normalised
61.00257062911987,,,0.60155,0.15874,1,,,,,,,,,GP3,0.60155,0.15874,0.4151,0.9713,normalised
61.02047371864319,,,0.60935,0.15562,1,,,,,,,,,GP3,0.60935,0.15562,0.4151,0.9713,normalised
61.03516697883606,,,0.61725,0.15239,1,,,,,,,,,GP3,0.61725,0.15239,0.4151,0.9713,normalised
61.0526328086853,,,0.62403,0.14962,1,,,,,,,,,GP3,0.62403,0.14962,0.4151,0.9713,normalised
61.0672128200531,,,0.65309,0.14442,0,,,,,,,,,GP3,0.65309,0.14442,0.4151,0.9713,normalised
61.08307600021362,,,0.65862,0.17838,0,,,,,,,,,GP3,0.65862,0.17838,0.4151,0.9713,normalised
61.100799560546875,,,0.66046,0.18971,0,,,,,,,,,GP3,0.66046,0.18971,0.4151,0.9713,normalised
61.115312814712524,,,0.66401,0.19583,1,,,,,,,,,GP3,0.66401,0.19583,0.4151,0.9713,normalised
61.13163137435913,,,0.66511,0.19687,1,,,,,,,,,GP3,0.66511,0.19687,0.4151,0.9713,normalised
61.14828395843506,,,0.66584,0.19756,1,,,,,,,,,GP3,0.66584,0.19756,0.4151,0.9713,normalised
61.1640419960022,,,0.66567,0.20248,1,,,,,,,,,GP3,0.66567,0.20248,0.4151,0.9713,normalised
61.181631326675415,,,0.66533,0.20649,1,,,,,,,,,GP3,0.66533,0.20649,0.4151,0.9713,normalised
61.19646644592285,,,0.66507,0.20961,1,,,,,,,,,GP3,0.66507,0.20961,0.4151,0.9713,normalised
61.21287441253662,,,0.66668,0.21085,1,,,,,,,,,GP3,0.66668,0.21085,0.4151,0.9713,normalised
61.2305006980896,,,0.66695,0.21058,1,,,,,,,,,GP3,0.66695,0.21058,0.4151,0.9713,normalised
61.24418640136719,,,0.66718,0.21036,1,,,,,,,,,GP3,0.66718,0.21036,0.4151,0.9713,normalised
61.26128029823303,,,0.66663,0.21318,1,,,,,,,,,GP3,0.66663,0.21318,0.4151,0.9713,normalised
61.278067111968994,,,0.66502,0.21579,1,,,,,,,,,GP3,0.66502,0.21579,0.4151,0.9713,normalised
61.294596433639526,,,0.66363,0.21804,1,,,,,,,,,GP3,0.66363,0.21804,0.4151,0.9713,normalised
61.309396743774414,,,0.66316,0.21984,1,,,,,,,,,GP3,0.66316,0.21984,0.4151,0.9713,normalised
61.325796365737915,,,0.66147,0.22154,1,,,,,,,,,GP3,0.66147,0.22154,0.4151,0.9713,normalised
61.341758728027344,,,0.65996,0.22305,1,,,,,,,,,GP3,0.65996,0.22305,0.4151,0.9713,normalised
61.358314514160156,,,0.65992,0.22397,1,,,,,,,,,GP3,0.65992,0.22397,0.4151,0.9713,normalised
61.375839710235596,,,0.65864,0.22588,1,,,,,,,,,GP3,0.65864,0.22588,0.4151,0.9713,normalised
61.390679121017456,,,0.65748,0.2276,1,,,,,,,,,GP3,0.65748,0.2276,0.4151,0.9713,normalised
61.407697677612305,,,0.65695,0.22815,1,,,,,,,,,GP3,0.65695,0.22815,0.4151,0.9713,normalised
61.423527240753174,,,0.65604,0.22944,1,,,,,,,,,GP3,0.65604,0.22944,0.4151,0.9713,normalised
61.43800067901611,,,0.6552,0.23063,1,,,,,,,,,GP3,0.6552,0.23063,0.4151,0.9713,normalised
61.456034660339355,,,0.65461,0.2313,1,,,,,,,,,GP3,0.65461,0.2313,0.4151,0.9713,normalised
61.47354006767273,,,0.65423,0.23192,1,,,,,,,,,GP3,0.65423,0.23192,0.4151,0.9713,normalised
61.48915767669678,,,0.65388,0.2325,1,,,,,,,,,GP3,0.65388,0.2325,0.4151,0.9713,normalised
61.50396251678467,,,0.65408,0.23278,1,,,,,,,,,GP3,0.65408,0.23278,0.4151,0.9713,normalised
61.51868271827698,,,0.65377,0.23312,1,,,,,,,,,GP3,0.65377,0.23312,0.4151,0.9713,normalised
61.53756284713745,,,0.65348,0.23344,1,,,,,,,,,GP3,0.65348,0.23344,0.4151,0.9713,normalised
61.554460525512695,,,0.6536,0.23356,1,,,,,,,,,GP3,0.6536,0.23356,0.4151,0.9713,normalised
61.568215131759644,,,0.65376,0.23458,1,,,,,,,,,GP3,0.65376,0.23458,0.4151,0.9713,normalised
61.58490252494812,,,0.65392,0.23554,1,,,,,,,,,GP3,0.65392,0.23554,0.4151,0.9713,normalised
61.60214877128601,,,0.65443,0.23584,1,,,,,,,,,GP3,0.65443,0.23584,0.4151,0.9713,normalised
61.61674952507019,,,0.65454,0.2368,1,,,,,,,,,GP3,0.65454,0.2368,0.4151,0.9713,normalised
61.63418436050415,,,0.65464,0.23771,1,,,,,,,,,GP3,0.65464,0.23771,0.4151,0.9713,normalised
61.64869451522827,,,0.6548,0.23774,1,,,,,,,,,GP3,0.6548,0.23774,0.4151,0.9713,normalised
61.66476011276245,,,0.65489,0.2379,1,,,,,,,,,GP3,0.65489,0.2379,0.4151,0.9713,normalised
61.68061685562134,,,0.65498,0.23805,1,,,,,,,,,GP3,0.65498,0.23805,0.4151,0.9713,normalised
61.69774651527405,,,0.65549,0.23865,1,,,,,,,,,GP3,0.65549,0.23865,0.4151,0.9713,normalised
61.71514320373535,,,0.65576,0.23917,1,,,,,,,,,GP3,0.65576,0.23917,0.4151,0.9713,normalised
61.73019790649414,,,0.65602,0.23966,1,,,,,,,,,GP3,0.65602,0.23966,0.4151,0.9713,normalised
61.74696445465088,,,0.65616,0.24015,1,,,,,,,,,GP3,0.65616,0.24015,0.4151,0.9713,normalised
61.76452875137329,,,0.65597,0.24067,1,,,,,,,,,GP3,0.65597,0.24067,0.4151,0.9713,normalised
61.780298471450806,,,0.65579,0.24118,1,,,,,,,,,GP3,0.65579,0.24118,0.4151,0.9713,normalised
61.79417943954468,,,0.65578,0.24174,1,,,,,,,,,GP3,0.65578,0.24174,0.4151,0.9713,normalised
61.810945987701416,,,0.65532,0.24234,1,,,,,,,,,GP3,0.65532,0.24234,0.4151,0.9713,normalised
61.827354431152344,,,0.65487,0.24292,1,,,,,,,,,GP3,0.65487,0.24292,0.4151,0.9713,normalised
61.84487509727478,,,0.65488,0.24534,1,,,,,,,,,GP3,0.65488,0.24534,0.4151,0.9713,normalised
61.86001467704773,,,0.65418,0.24643,1,,,,,,,,,GP3,0.65418,0.24643,0.4151,0.9713,normalised
61.87580990791321,,,0.65347,0.24752,1,,,,,,,,,GP3,0.65347,0.24752,0.4151,0.9713,normalised
61.893391847610474,,,0.65316,0.24829,1,,,,,,,,,GP3,0.65316,0.24829,0.4151,0.9713,normalised
61.9079167842865,,,0.65284,0.24916,1,,,,,,,,,GP3,0.65284,0.24916,0.4151,0.9713,normalised
61.9241406917572,,,0.65252,0.25004,1,,,,,,,,,GP3,0.65252,0.25004,0.4151,0.9713,normalised
61.94080901145935,,,0.6525,0.25018,1,,,,,,,,,GP3,0.6525,0.25018,0.4151,0.9713,normalised
61.95840287208557,,,0.65255,0.25026,1,,,,,,,,,GP3,0.65255,0.25026,0.4151,0.9713,normalised
61.97500777244568,,,0.6526,0.25035,1,,,,,,,,,GP3,0.6526,0.25035,0.4151,0.9713,normalised
61.98882269859314,,,0.65225,0.2511,1,,,,,,,,,GP3,0.65225,0.2511,0.4151,0.9713,normalised
62.006428241729736,,,0.65166,0.25188,1,,,,,,,,,GP3,0.65166,0.25188,0.4151,0.9713,normalised
62.02047920227051,,,0.65108,0.25266,1,,,,,,,,,GP3,0.65108,0.25266,0.4151,0.9713,normalised
62.037416219711304,,,0.65097,0.25252,1,,,,,,,,,GP3,0.65097,0.25252,0.4151,0.9713,normalised
62.05495762825012,,,0.65101,0.25211,1,,,,,,,,,GP3,0.65101,0.25211,0.4151,0.9713,normalised
62.07246541976929,,,0.65104,0.25171,1,,,,,,,,,GP3,0.65104,0.25171,0.4151,0.9713,normalised
62.086183309555054,,,0.65128,0.25161,1,,,,,,,,,GP3,0.65128,0.25161,0.4151,0.9713,normalised
62.10183310508728,,,0.65183,0.25139,1,,,,,,,,,GP3,0.65183,0.25139,0.4151,0.9713,normalised
62.11845111846924,,,0.65238,0.25117,1,,,,,,,,,GP3,0.65238,0.25117,0.4151,0.9713,normalised
62.13598155975342,,,0.6523,0.25102,1,,,,,,,,,GP3,0.6523,0.25102,0.4151,0.9713,normalised
62.15050959587097,,,0.65226,0.25054,1,,,,,,,,,GP3,0.65226,0.25054,0.4151,0.9713,normalised
62.16723585128784,,,0.65223,0.25007,1,,,,,,,,,GP3,0.65223,0.25007,0.4151,0.9713,normalised
62.183969497680664,,,0.65241,0.25018,1,,,,,,,,,GP3,0.65241,0.25018,0.4151,0.9713,normalised
62.20194888114929,,,0.65271,0.25041,1,,,,,,,,,GP3,0.65271,0.25041,0.4151,0.9713,normalised
62.21520709991455,,,0.653,0.25064,1,,,,,,,,,GP3,0.653,0.25064,0.4151,0.9713,normalised
62.23283004760742,,,0.6535,0.25083,1,,,,,,,,,GP3,0.6535,0.25083,0.4151,0.9713,normalised
62.24734878540039,,,0.65444,0.25136,1,,,,,,,,,GP3,0.65444,0.25136,0.4151,0.9713,normalised
62.2639582157135,,,0.65537,0.25189,1,,,,,,,,,GP3,0.65537,0.25189,0.4151,0.9713,normalised
62.28038716316223,,,0.65556,0.25251,1,,,,,,,,,GP3,0.65556,0.25251,0.4151,0.9713,normalised
62.29818892478943,,,0.65623,0.25304,1,,,,,,,,,GP3,0.65623,0.25304,0.4151,0.9713,normalised
62.313360929489136,,,0.65689,0.25357,1,,,,,,,,,GP3,0.65689,0.25357,0.4151,0.9713,normalised
62.33088970184326,,,0.65728,0.25407,1,,,,,,,,,GP3,0.65728,0.25407,0.4151,0.9713,normalised
62.3446159362793,,,0.65782,0.25384,1,,,,,,,,,GP3,0.65782,0.25384,0.4151,0.9713,normalised
62.362420320510864,,,0.65836,0.2536,1,,,,,,,,,GP3,0.65836,0.2536,0.4151,0.9713,normalised
62.37701082229614,,,0.65852,0.25341,1,,,,,,,,,GP3,0.65852,0.25341,0.4151,0.9713,normalised
62.394543409347534,,,0.6593,0.25267,1,,,,,,,,,GP3,0.6593,0.25267,0.4151,0.9713,normalised
62.40912437438965,,,0.66009,0.25194,1,,,,,,,,,GP3,0.66009,0.25194,0.4151,0.9713,normalised
62.42654824256897,,,0.66044,0.25206,1,,,,,,,,,GP3,0.66044,0.25206,0.4151,0.9713,normalised
62.44135046005249,,,0.66098,0.25187,1,,,,,,,,,GP3,0.66098,0.25187,0.4151,0.9713,normalised
62.45972275733948,,,0.66152,0.25169,1,,,,,,,,,GP3,0.66152,0.25169,0.4151,0.9713,normalised
62.47409510612488,,,0.66126,0.25092,1,,,,,,,,,GP3,0.66126,0.25092,0.4151,0.9713,normalised
62.49111819267273,,,0.66135,0.25009,1,,,,,,,,,GP3,0.66135,0.25009,0.4151,0.9713,normalised
62.5054976940155,,,0.66143,0.24926,1,,,,,,,,,GP3,0.66143,0.24926,0.4151,0.9713,normalised
62.522783279418945,,,0.66165,0.24894,1,,,,,,,,,GP3,0.66165,0.24894,0.4151,0.9713,normalised
62.53836250305176,,,0.66225,0.24853,1,,,,,,,,,GP3,0.66225,0.24853,0.4151,0.9713,normalised
62.55457162857056,,,0.66286,0.24811,1,,,,,,,,,GP3,0.66286,0.24811,0.4151,0.9713,normalised
62.57204008102417,,,0.66291,0.2478,1,,,,,,,,,GP3,0.66291,0.2478,0.4151,0.9713,normalised
62.58655023574829,,,0.66321,0.24716,1,,,,,,,,,GP3,0.66321,0.24716,0.4151,0.9713,normalised
62.603163719177246,,,0.66351,0.24652,1,,,,,,,,,GP3,0.66351,0.24652,0.4151,0.9713,normalised
62.62066650390625,,,0.6636,0.24691,1,,,,,,,,,GP3,0.6636,0.24691,0.4151,0.9713,normalised
62.635499238967896,,,0.66416,0.24751,1,,,,,,,,,GP3,0.66416,0.24751,0.4151,0.9713,normalised
62.65159273147583,,,0.66473,0.2481,1,,,,,,,,,GP3,0.66473,0.2481,0.4151,0.9713,normalised
62.66860008239746,,,0.66523,0.24856,1,,,,,,,,,GP3,0.66523,0.24856,0.4151,0.9713,normalised
62.686185121536255,,,0.66589,0.2493,1,,,,,,,,,GP3,0.66589,0.2493,0.4151,0.9713,normalised
62.70321583747864,,,0.66655,0.25003,1,,,,,,,,,GP3,0.66655,0.25003,0.4151,0.9713,normalised
62.717737913131714,,,0.66715,0.25057,1,,,,,,,,,GP3,0.66715,0.25057,0.4151,0.9713,normalised
62.732470989227295,,,0.66802,0.25106,1,,,,,,,,,GP3,0.66802,0.25106,0.4151,0.9713,normalised
62.752981424331665,,,0.66889,0.25156,1,,,,,,,,,GP3,0.66889,0.25156,0.4151,0.9713,normalised
62.7668890953064,,,0.66922,0.25155,1,,,,,,,,,GP3,0.66922,0.25155,0.4151,0.9713,normalised
62.781604051589966,,,0.6704,0.25168,1,,,,,,,,,GP3,0.6704,0.25168,0.4151,0.9713,normalised
62.79844331741333,,,0.67158,0.25181,1,,,,,,,,,GP3,0.67158,0.25181,0.4151,0.9713,normalised
62.81647539138794,,,0.67188,0.25203,1,,,,,,,,,GP3,0.67188,0.25203,0.4151,0.9713,normalised
62.83032727241516,,,0.67234,0.2525,1,,,,,,,,,GP3,0.67234,0.2525,0.4151,0.9713,normalised
62.84677743911743,,,0.6728,0.25297,1,,,,,,,,,GP3,0.6728,0.25297,0.4151,0.9713,normalised
62.86327362060547,,,0.67265,0.25323,1,,,,,,,,,GP3,0.67265,0.25323,0.4151,0.9713,normalised
62.87890100479126,,,0.6726,0.25331,1,,,,,,,,,GP3,0.6726,0.25331,0.4151,0.9713,normalised
62.89579629898071,,,0.67254,0.25338,1,,,,,,,,,GP3,0.67254,0.25338,0.4151,0.9713,normalised
62.9124116897583,,,0.6726,0.25545,1,,,,,,,,,GP3,0.6726,0.25545,0.4151,0.9713,normalised
62.927361726760864,,,0.7029,0.38044,0,,,,,,,,,GP3,0.7029,0.38044,0.4151,0.9713,normalised
62.94489002227783,,,0.85707,1.04777,0,,,,,,,,,GP3,0.85707,1.04777,0.4151,0.9713,normalised
62.96082544326782,,,0.85707,1.04777,0,,,,,,,,,GP3,0.85707,1.04777,0.4151,0.9713,normalised
62.98428416252136,,,1.01124,1.7151,0,,,,,,,,,GP3,1.01124,1.7151,0.4151,0.9713,normalised
62.99586868286133,,,1.01124,1.7151,0,,,,,,,,,GP3,1.01124,1.7151,0.4151,0.9713,normalised
63.0133900642395,,,1.01124,1.7151,0,,,,,,,,,GP3,1.01124,1.7151,0.4151,0.9713,normalised
63.02770662307739,,,0.0,0.0,0,,,,,,,,,GP3,0.0,0.0,0.4151,0.9713,normalised
63.04504370689392,,,0.0,0.0,0,,,,,,,,,GP3,0.0,0.0,0.4151,0.9713,normalised
63.05945682525635,,,0.0,0.0,0,,,,,,,,,GP3,0.0,0.0,0.4151,0.9713,normalised
63.07440423965454,,,0.0,0.0,0,,,,,,,,,GP3,0.0,0.0,0.4151,0.9713,normalised
63.09406852722168,,,0.0,0.0,0,,,,,,,,,GP3,0.0,0.0,0.4151,0.9713,normalised
63.11055040359497,,,0.0,0.0,0,,,,,,,,,GP3,0.0,0.0,0.4151,0.9713,normalised
63.126718044281006,,,0.0,0.0,0,,,,,,,,,GP3,0.0,0.0,0.4151,0.9713,normalised
63.14654207229614,,,0.0,0.0,0,,,,,,,,,GP3,0.0,0.0,0.4151,0.9713,normalised
63.15846920013428,,,0.0,0.0,0,,,,,,,,,GP3,0.0,0.0,0.4151,0.9713,normalised
63.178210735321045,,,0.0,0.0,0,,,,,,,,,GP3,0.0,0.0,0.4151,0.9713,normalised
63.19009232521057,,,0.0,0.0,0,,,,,,,,,GP3,0.0,0.0,0.4151,0.9713,normalised
63.204689025878906,,,0.0,0.0,0,,,,,,,,,GP3,0.0,0.0,0.4151,0.9713,normalised
63.22712755203247,,,0.0,0.0,0,,,,,,,,,GP3,0.0,0.0,0.4151,0.9713,normalised
63.23874592781067,,,0.42172,0.50894,0,,,,,,,,,GP3,0.42172,0.50894,0.4151,0.9713,normalised
63.25062561035156,,,0.50338,0.41348,0,,,,,,,,,GP3,0.50338,0.41348,0.4151,0.9713,normalised
63.2664008140564,,,0.72849,0.48794,0,,,,,,,,,GP3,0.72849,0.48794,0.4151,0.9713,normalised
63.28418326377869,,,0.70191,0.35567,0,,,,,,,,,GP3,0.70191,0.35567,0.4151,0.9713,normalised
63.2979302406311,,,0.68937,0.31485,0,,,,,,,,,GP3,0.68937,0.31485,0.4151,0.9713,normalised
63.31654596328735,,,0.66294,0.23384,0,,,,,,,,,GP3,0.66294,0.23384,0.4151,0.9713,normalised
63.33144521713257,,,0.65607,0.23938,0,,,,,,,,,GP3,0.65607,0.23938,0.4151,0.9713,normalised
63.34809136390686,,,0.65454,0.25227,0,,,,,,,,,GP3,0.65454,0.25227,0.4151,0.9713,normalised
63.365009784698486,,,0.64864,0.25326,1,,,,,,,,,GP3,0.64864,0.25326,0.4151,0.9713,normalised
63.38066744804382,,,0.64509,0.25385,1,,,,,,,,,GP3,0.64509,0.25385,0.4151,0.9713,normalised
63.39533543586731,,,0.64637,0.25282,1,,,,,,,,,GP3,0.64637,0.25282,0.4151,0.9713,normalised
63.41192650794983,,,0.64622,0.25418,1,,,,,,,,,GP3,0.64622,0.25418,0.4151,0.9713,normalised
63.428250312805176,,,0.64611,0.2552,1,,,,,,,,,GP3,0.64611,0.2552,0.4151,0.9713,normalised
63.444995641708374,,,0.64682,0.25519,1,,,,,,,,,GP3,0.64682,0.25519,0.4151,0.9713,normalised
63.462416648864746,,,0.64766,0.25474,1,,,,,,,,,GP3,0.64766,0.25474,0.4151,0.9713,normalised
63.47693991661072,,,0.64834,0.25438,1,,,,,,,,,GP3,0.64834,0.25438,0.4151,0.9713,normalised
63.492769718170166,,,0.64967,0.25378,1,,,,,,,,,GP3,0.64967,0.25378,0.4151,0.9713,normalised
63.509334564208984,,,0.65637,0.25085,1,,,,,,,,,GP3,0.65637,0.25085,0.4151,0.9713,normalised
63.52623677253723,,,0.66212,0.24834,1,,,,,,,,,GP3,0.66212,0.24834,0.4151,0.9713,normalised
63.54388785362244,,,0.65747,0.25331,1,,,,,,,,,GP3,0.65747,0.25331,0.4151,0.9713,normalised
63.55752611160278,,,0.65307,0.29308,1,,,,,,,,,GP3,0.65307,0.29308,0.4151,0.9713,normalised
63.57395315170288,,,0.65102,0.35843,0,,,,,,,,,GP3,0.65102,0.35843,0.4151,0.9713,normalised
63.589701414108276,,,0.52205,0.46937,0,,,,,,,,,GP3,0.52205,0.46937,0.4151,0.9713,normalised
63.60623288154602,,,0.47784,0.50111,0,,,,,,,,,GP3,0.47784,0.50111,0.4151,0.9713,normalised
63.62319850921631,,,0.39004,0.56703,0,,,,,,,,,GP3,0.39004,0.56703,0.4151,0.9713,normalised
63.63781929016113,,,0.37879,0.56192,0,,,,,,,,,GP3,0.37879,0.56192,0.4151,0.9713,normalised
63.655282735824585,,,0.37199,0.56671,0,,,,,,,,,GP3,0.37199,0.56671,0.4151,0.9713,normalised
63.67280340194702,,,0.36904,0.57088,1,,,,,,,,,GP3,0.36904,0.57088,0.4151,0.9713,normalised
63.68941569328308,,,0.36782,0.57753,1,,,,,,,,,GP3,0.36782,0.57753,0.4151,0.9713,normalised
63.704301834106445,,,0.36735,0.57984,1,,,,,,,,,GP3,0.36735,0.57984,0.4151,0.9713,normalised
63.7199170589447,,,0.36701,0.58148,1,,,,,,,,,GP3,0.36701,0.58148,0.4151,0.9713,normalised
63.737520694732666,,,0.36658,0.58152,1,,,,,,,,,GP3,0.36658,0.58152,0.4151,0.9713,normalised
63.752037525177,,,0.36337,0.58119,1,,,,,,,,,GP3,0.36337,0.58119,0.4151,0.9713,normalised
63.76893210411072,,,0.36081,0.58093,1,,,,,,,,,GP3,0.36081,0.58093,0.4151,0.9713,normalised
63.78569531440735,,,0.36355,0.58139,1,,,,,,,,,GP3,0.36355,0.58139,0.4151,0.9713,normalised
63.80029487609863,,,0.3626,0.57224,1,,,,,,,,,GP3,0.3626,0.57224,0.4151,0.9713,normalised
63.81745004653931,,,0.36188,0.56493,1,,,,,,,,,GP3,0.36188,0.56493,0.4151,0.9713,normalised
63.834112882614136,,,0.35277,0.57698,1,,,,,,,,,GP3,0.35277,0.57698,0.4151,0.9713,normalised
63.85163950920105,,,0.33642,0.58542,1,,,,,,,,,GP3,0.33642,0.58542,0.4151,0.9713,normalised
63.86550331115723,,,0.32221,0.59287,1,,,,,,,,,GP3,0.32221,0.59287,0.4151,0.9713,normalised
63.88145732879639,,,0.3224,0.59812,1,,,,,,,,,GP3,0.3224,0.59812,0.4151,0.9713,normalised
63.89886450767517,,,0.32223,0.60059,1,,,,,,,,,GP3,0.32223,0.60059,0.4151,0.9713,normalised
63.91385269165039,,,0.29571,0.61476,0,,,,,,,,,GP3,0.29571,0.61476,0.4151,0.9713,normalised
63.92994570732117,,,0.30749,0.63937,0,,,,,,,,,GP3,0.30749,0.63937,0.4151,0.9713,normalised
63.947275161743164,,,0.29744,0.64385,0,,,,,,,,,GP3,0.29744,0.64385,0.4151,0.9713,normalised
63.963807106018066,,,0.29241,0.6461,1,,,,,,,,,GP3,0.29241,0.6461,0.4151,0.9713,normalised
63.978135108947754,,,0.2958,0.64721,1,,,,,,,,,GP3,0.2958,0.64721,0.4151,0.9713,normalised
63.996259689331055,,,0.2976,0.64543,1,,,,,,,,,GP3,0.2976,0.64543,0.4151,0.9713,normalised
64.01066422462463,,,0.29888,0.64416,1,,,,,,,,,GP3,0.29888,0.64416,0.4151,0.9713,normalised
64.02870965003967,,,0.30104,0.64446,1,,,,,,,,,GP3,0.30104,0.64446,0.4151,0.9713,normalised
64.04285097122192,,,0.30441,0.64555,1,,,,,,,,,GP3,0.30441,0.64555,0.4151,0.9713,normalised
64.05870580673218,,,0.3071,0.64643,1,,,,,,,,,GP3,0.3071,0.64643,0.4151,0.9713,normalised
64.07660961151123,,,0.3091,0.64574,1,,,,,,,,,GP3,0.3091,0.64574,0.4151,0.9713,normalised
64.09174132347107,,,0.30998,0.64659,1,,,,,,,,,GP3,0.30998,0.64659,0.4151,0.9713,normalised
64.10970067977905,,,0.31084,0.64764,1,,,,,,,,,GP3,0.31084,0.64764,0.4151,0.9713,normalised
64.12438702583313,,,0.3109,0.64992,1,,,,,,,,,GP3,0.3109,0.64992,0.4151,0.9713,normalised
64.14223623275757,,,0.31017,0.65268,1,,,,,,,,,GP3,0.31017,0.65268,0.4151,0.9713,normalised
64.15557503700256,,,0.30968,0.65544,1,,,,,,,,,GP3,0.30968,0.65544,0.4151,0.9713,normalised
64.17318654060364,,,0.3101,0.65519,1,,,,,,,,,GP3,0.3101,0.65519,0.4151,0.9713,normalised
64.18771004676819,,,0.31093,0.6542,1,,,,,,,,,GP3,0.31093,0.6542,0.4151,0.9713,normalised
64.2052412033081,,,0.31167,0.65331,1,,,,,,,,,GP3,0.31167,0.65331,0.4151,0.9713,normalised
64.22212624549866,,,0.31249,0.65439,1,,,,,,,,,GP3,0.31249,0.65439,0.4151,0.9713,normalised
64.23857879638672,,,0.31445,0.65445,1,,,,,,,,,GP3,0.31445,0.65445,0.4151,0.9713,normalised
64.25317692756653,,,0.31622,0.65451,1,,,,,,,,,GP3,0.31622,0.65451,0.4151,0.9713,normalised
64.27079653739929,,,0.31784,0.65511,1,,,,,,,,,GP3,0.31784,0.65511,0.4151,0.9713,normalised
64.2867739200592,,,0.31942,0.65474,1,,,,,,,,,GP3,0.31942,0.65474,0.4151,0.9713,normalised
64.30351042747498,,,0.32087,0.65439,1,,,,,,,,,GP3,0.32087,0.65439,0.4151,0.9713,normalised
64.31978797912598,,,0.32138,0.65562,1,,,,,,,,,GP3,0.32138,0.65562,0.4151,0.9713,normalised
64.33455109596252,,,0.32227,0.65628,1,,,,,,,,,GP3,0.32227,0.65628,0.4151,0.9713,normalised
64.35111021995544,,,0.32309,0.65689,1,,,,,,,,,GP3,0.32309,0.65689,0.4151,0.9713,normalised
64.3675537109375,,,0.32358,0.6585,1,,,,,,,,,GP3,0.32358,0.6585,0.4151,0.9713,normalised
64.38434958457947,,,0.32422,0.65973,1,,,,,,,,,GP3,0.32422,0.65973,0.4151,0.9713,normalised
64.4007933139801,,,0.32482,0.66089,1,,,,,,,,,GP3,0.32482,0.66089,0.4151,0.9713,normalised
64.41539549827576,,,0.32507,0.66166,1,,,,,,,,,GP3,0.32507,0.66166,0.4151,0.9713,normalised
64.43320488929749,,,0.32524,0.66254,1,,,,,,,,,GP3,0.32524,0.66254,0.4151,0.9713,normalised
64.44771671295166,,,0.32156,0.65136,1,,,,,,,,,GP3,0.32156,0.65136,0.4151,0.9713,normalised
64.46434235572815,,,0.30264,0.57167,0,,,,,,,,,GP3,0.30264,0.57167,0.4151,0.9713,normalised
64.48176670074463,,,0.09308,-0.06198,0,,,,,,,,,GP3,0.09308,-0.06198,0.4151,0.9713,normalised
64.4963116645813,,,-0.01487,-0.41662,0,,,,,,,,,GP3,-0.01487,-0.41662,0.4151,0.9713,normalised
64.51256442070007,,,-0.2159,-0.9256,0,,,,,,,,,GP3,-0.2159,-0.9256,0.4151,0.9713,normalised
64.52916049957275,,,-0.26785,-0.95813,0,,,,,,,,,GP3,-0.26785,-0.95813,0.4151,0.9713,normalised
64.54366540908813,,,-0.28516,-0.96898,0,,,,,,,,,GP3,-0.28516,-0.96898,0.4151,0.9713,normalised
64.5605115890503,,,-0.31678,-0.97425,0,,,,,,,,,GP3,-0.31678,-0.97425,0.4151,0.9713,normalised
64.57794260978699,,,-0.36435,-0.94636,0,,,,,,,,,GP3,-0.36435,-0.94636,0.4151,0.9713,normalised
64.59560132026672,,,-0.3802,-0.93707,0,,,,,,,,,GP3,-0.3802,-0.93707,0.4151,0.9713,normalised
64.61028361320496,,,-0.37826,-0.97021,1,,,,,,,,,GP3,-0.37826,-0.97021,0.4151,0.9713,normalised
64.62731647491455,,,-0.38665,-0.98954,1,,,,,,,,,GP3,-0.38665,-0.98954,0.4151,0.9713,normalised
64.64116764068604,,,-0.38967,-0.98781,1,,,,,,,,,GP3,-0.38967,-0.98781,0.4151,0.9713,normalised
64.65801405906677,,,-0.36944,-0.98666,1,,,,,,,,,GP3,-0.36944,-0.98666,0.4151,0.9713,normalised
64.67314076423645,,,-0.35315,-0.96892,1,,,,,,,,,GP3,-0.35315,-0.96892,0.4151,0.9713,normalised
64.69018793106079,,,-0.33707,-0.94421,1,,,,,,,,,GP3,-0.33707,-0.94421,0.4151,0.9713,normalised
64.70779490470886,,,-0.31758,-0.926,1,,,,,,,,,GP3,-0.31758,-0.926,0.4151,0.9713,normalised
64.72491502761841,,,-0.29979,-0.91142,1,,,,,,,,,GP3,-0.29979,-0.91142,0.4151,0.9713,normalised
64.73880219459534,,,-0.28498,-0.89926,1,,,,,,,,,GP3,-0.28498,-0.89926,0.4151,0.9713,normalised
64.75618410110474,,,-0.27039,-0.88877,1,,,,,,,,,GP3,-0.27039,-0.88877,0.4151,0.9713,normalised
64.77070736885071,,,-0.25648,-0.8811,1,,,,,,,,,GP3,-0.25648,-0.8811,0.4151,0.9713,normalised
64.78682041168213,,,-0.21048,-0.85881,0,,,,,,,,,GP3,-0.21048,-0.85881,0.4151,0.9713,normalised
64.80446696281433,,,-0.17234,-0.83715,0,,,,,,,,,GP3,-0.17234,-0.83715,0.4151,0.9713,normalised
64.82157731056213,,,-0.15725,-0.80574,0,,,,,,,,,GP3,-0.15725,-0.80574,0.4151,0.9713,normalised
64.83540272712708,,,-0.12946,-0.76711,0,,,,,,,,,GP3,-0.12946,-0.76711,0.4151,0.9713,normalised
64.85215759277344,,,-0.13183,-0.75973,0,,,,,,,,,GP3,-0.13183,-0.75973,0.4151,0.9713,normalised
64.86951851844788,,,-0.13599,-0.75547,0,,,,,,,,,GP3,-0.13599,-0.75547,0.4151,0.9713,normalised
64.88539242744446,,,-0.13807,-0.75334,1,,,,,,,,,GP3,-0.13807,-0.75334,0.4151,0.9713,normalised
64.90301179885864,,,-0.13959,-0.74002,1,,,,,,,,,GP3,-0.13959,-0.74002,0.4151,0.9713,normalised
64.9157645702362,,,-0.14123,-0.73459,1,,,,,,,,,GP3,-0.14123,-0.73459,0.4151,0.9713,normalised
64.93237471580505,,,-0.14241,-0.73071,1,,,,,,,,,GP3,-0.14241,-0.73071,0.4151,0.9713,normalised
64.95017290115356,,,-0.148,-0.72975,1,,,,,,,,,GP3,-0.148,-0.72975,0.4151,0.9713,normalised
64.96479630470276,,,-0.14634,-0.73308,1,,,,,,,,,GP3,-0.14634,-0.73308,0.4151,0.9713,normalised
64.98130559921265,,,-0.14501,-0.73573,1,,,,,,,,,GP3,-0.14501,-0.73573,0.4151,0.9713,normalised
64.9987440109253,,,-0.14412,-0.73441,1,,,,,,,,,GP3,-0.14412,-0.73441,0.4151,0.9713,normalised
65.01586151123047,,,-0.14177,-0.73872,1,,,,,,,,,GP3,-0.14177,-0.73872,0.4151,0.9713,normalised
65.03038048744202,,,-0.13978,-0.74238,1,,,,,,,,,GP3,-0.13978,-0.74238,0.4151,0.9713,normalised
65.04522490501404,,,-0.1404,-0.74231,1,,,,,,,,,GP3,-0.1404,-0.74231,0.4151,0.9713,normalised
65.06264925003052,,,-0.13783,-0.73888,1,,,,,,,,,GP3,-0.13783,-0.73888,0.4151,0.9713,normalised
65.07728123664856,,,-0.13558,-0.73588,1,,,,,,,,,GP3,-0.13558,-0.73588,0.4151,0.9713,normalised
65.09519791603088,,,-0.13181,-0.74202,1,,,,,,,,,GP3,-0.13181,-0.74202,0.4151,0.9713,normalised
65.11077928543091,,,-0.1271,-0.74757,1,,,,,,,,,GP3,-0.1271,-0.74757,0.4151,0.9713,normalised
65.12771964073181,,,-0.12289,-0.75254,1,,,,,,,,,GP3,-0.12289,-0.75254,0.4151,0.9713,normalised
65.14222621917725,,,-0.12442,-0.75832,1,,,,,,,,,GP3,-0.12442,-0.75832,0.4151,0.9713,normalised
65.15902161598206,,,-0.10636,-0.78225,0,,,,,,,,,GP3,-0.10636,-0.78225,0.4151,0.9713,normalised
65.17641758918762,,,-0.10566,-0.80022,0,,,,,,,,,GP3,-0.10566,-0.80022,0.4151,0.9713,normalised
65.19114637374878,,,-0.11591,-0.77148,0,,,,,,,,,GP3,-0.11591,-0.77148,0.4151,0.9713,normalised
65.2088828086853,,,-0.12463,-0.77111,1,,,,,,,,,GP3,-0.12463,-0.77111,0.4151,0.9713,normalised
65.22372651100159,,,-0.12986,-0.77088,1,,,,,,,,,GP3,-0.12986,-0.77088,0.4151,0.9713,normalised
65.24023771286011,,,-0.13667,-0.75921,1,,,,,,,,,GP3,-0.13667,-0.75921,0.4151,0.9713,normalised
65.25719714164734,,,-0.14019,-0.74668,1,,,,,,,,,GP3,-0.14019,-0.74668,0.4151,0.9713,normalised
65.27171611785889,,,-0.14283,-0.73728,1,,,,,,,,,GP3,-0.14283,-0.73728,0.4151,0.9713,normalised
65.28923273086548,,,-0.14466,-0.73647,1,,,,,,,,,GP3,-0.14466,-0.73647,0.4151,0.9713,normalised
65.30384492874146,,,-0.1386,-0.73599,1,,,,,,,,,GP3,-0.1386,-0.73599,0.4151,0.9713,normalised
65.3209023475647,,,-0.12863,-0.70974,1,,,,,,,,,GP3,-0.12863,-0.70974,0.4151,0.9713,normalised
65.33653283119202,,,-0.11421,-0.66024,1,,,,,,,,,GP3,-0.11421,-0.66024,0.4151,0.9713,normalised
65.35240459442139,,,-0.09188,-0.59028,1,,,,,,,,,GP3,-0.09188,-0.59028,0.4151,0.9713,normalised
65.36914443969727,,,-0.05635,-0.45508,0,,,,,,,,,GP3,-0.05635,-0.45508,0.4151,0.9713,normalised
65.38673543930054,,,0.13688,0.09161,0,,,,,,,,,GP3,0.13688,0.09161,0.4151,0.9713,normalised
65.4042809009552,,,0.20373,0.28184,0,,,,,,,,,GP3,0.20373,0.28184,0.4151,0.9713,normalised
65.41930556297302,,,0.33499,0.6543,0,,,,,,,,,GP3,0.33499,0.6543,0.4151,0.9713,normalised
65.43387532234192,,,0.33221,0.65628,0,,,,,,,,,GP3,0.33221,0.65628,0.4151,0.9713,normalised
65.45260047912598,,,0.3233,0.66867,0,,,,,,,,,GP3,0.3233,0.66867,0.4151,0.9713,normalised
65.46701431274414,,,0.31884,0.67487,1,,,,,,,,,GP3,0.31884,0.67487,0.4151,0.9713,normalised
65.48455119132996,,,0.31825,0.67129,1,,,,,,,,,GP3,0.31825,0.67129,0.4151,0.9713,normalised
65.49904942512512,,,0.31556,0.67278,1,,,,,,,,,GP3,0.31556,0.67278,0.4151,0.9713,normalised
65.51630282402039,,,0.31364,0.67384,1,,,,,,,,,GP3,0.31364,0.67384,0.4151,0.9713,normalised
65.53060007095337,,,0.31616,0.67441,1,,,,,,,,,GP3,0.31616,0.67441,0.4151,0.9713,normalised
65.5481231212616,,,0.31745,0.67469,1,,,,,,,,,GP3,0.31745,0.67469,0.4151,0.9713,normalised
65.56278920173645,,,0.31848,0.67491,1,,,,,,,,,GP3,0.31848,0.67491,0.4151,0.9713,normalised
65.57939434051514,,,0.32035,0.67551,1,,,,,,,,,GP3,0.32035,0.67551,0.4151,0.9713,normalised
65.59515166282654,,,0.32261,0.67703,1,,,,,,,,,GP3,0.32261,0.67703,0.4151,0.9713,normalised
65.61395978927612,,,0.32452,0.67833,1,,,,,,,,,GP3,0.32452,0.67833,0.4151,0.9713,normalised
65.62725591659546,,,0.32536,0.67731,1,,,,,,,,,GP3,0.32536,0.67731,0.4151,0.9713,normalised
65.64525723457336,,,0.32599,0.67669,1,,,,,,,,,GP3,0.32599,0.67669,0.4151,0.9713,normalised
65.66277122497559,,,0.32655,0.67614,1,,,,,,,,,GP3,0.32655,0.67614,0.4151,0.9713,normalised
65.67728590965271,,,0.32636,0.6768,1,,,,,,,,,GP3,0.32636,0.6768,0.4151,0.9713,normalised
65.69199085235596,,,0.32662,0.67719,1,,,,,,,,,GP3,0.32662,0.67719,0.4151,0.9713,normalised
65.7119345664978,,,0.32686,0.67754,1,,,,,,,,,GP3,0.32686,0.67754,0.4151,0.9713,normalised
65.72601842880249,,,0.32726,0.67733,1,,,,,,,,,GP3,0.32726,0.67733,0.4151,0.9713,normalised
65.74355149269104,,,0.32756,0.6769,1,,,,,,,,,GP3,0.32756,0.6769,0.4151,0.9713,normalised
65.75916290283203,,,0.32784,0.67651,1,,,,,,,,,GP3,0.32784,0.67651,0.4151,0.9713,normalised
65.7759621143341,,,0.32799,0.67595,1,,,,,,,,,GP3,0.32799,0.67595,0.4151,0.9713,normalised
65.79144024848938,,,0.32761,0.67533,1,,,,,,,,,GP3,0.32761,0.67533,0.4151,0.9713,normalised
65.80885910987854,,,0.32726,0.67476,1,,,,,,,,,GP3,0.32726,0.67476,0.4151,0.9713,normalised
65.82336330413818,,,0.32696,0.67531,1,,,,,,,,,GP3,0.32696,0.67531,0.4151,0.9713,normalised
65.83966898918152,,,0.32662,0.67621,1,,,,,,,,,GP3,0.32662,0.67621,0.4151,0.9713,normalised
65.85639524459839,,,0.3263,0.67705,1,,,,,,,,,GP3,0.3263,0.67705,0.4151,0.9713,normalised
65.87264037132263,,,0.32631,0.67788,1,,,,,,,,,GP3,0.32631,0.67788,0.4151,0.9713,normalised
65.88854503631592,,,0.32553,0.67851,1,,,,,,,,,GP3,0.32553,0.67851,0.4151,0.9713,normalised
65.90341711044312,,,0.32481,0.67909,1,,,,,,,,,GP3,0.32481,0.67909,0.4151,0.9713,normalised
65.9197039604187,,,0.3246,0.67944,1,,,,,,,,,GP3,0.3246,0.67944,0.4151,0.9713,normalised
65.93732810020447,,,0.32448,0.67967,1,,,,,,,,,GP3,0.32448,0.67967,0.4151,0.9713,normalised
65.95244002342224,,,0.32437,0.67989,1,,,,,,,,,GP3,0.32437,0.67989,0.4151,0.9713,normalised
65.96899104118347,,,0.32477,0.68085,1,,,,,,,,,GP3,0.32477,0.68085,0.4151,0.9713,normalised
65.9835045337677,,,0.32428,0.68195,1,,,,,,,,,GP3,0.32428,0.68195,0.4151,0.9713,normalised
66.00026345252991,,,0.32382,0.68299,1,,,,,,,,,GP3,0.32382,0.68299,0.4151,0.9713,normalised
66.01658177375793,,,0.32366,0.68307,1,,,,,,,,,GP3,0.32366,0.68307,0.4151,0.9713,normalised
66.03364562988281,,,0.32293,0.68294,1,,,,,,,,,GP3,0.32293,0.68294,0.4151,0.9713,normalised
66.04818391799927,,,0.32224,0.68282,1,,,,,,,,,GP3,0.32224,0.68282,0.4151,0.9713,normalised
66.06411266326904,,,0.32198,0.68363,1,,,,,,,,,GP3,0.32198,0.68363,0.4151,0.9713,normalised
66.0834891796112,,,0.32155,0.68432,1,,,,,,,,,GP3,0.32155,0.68432,0.4151,0.9713,normalised
66.09741353988647,,,0.32113,0.68498,1,,,,,,,,,GP3,0.32113,0.68498,0.4151,0.9713,normalised
66.11306691169739,,,0.3213,0.68449,1,,,,,,,,,GP3,0.3213,0.68449,0.4151,0.9713,normalised
66.13096761703491,,,0.32141,0.68469,1,,,,,,,,,GP3,0.32141,0.68469,0.4151,0.9713,normalised
66.14634561538696,,,0.32151,0.68489,1,,,,,,,,,GP3,0.32151,0.68489,0.4151,0.9713,normalised
66.16331338882446,,,0.3212,0.68469,1,,,,,,,,,GP3,0.3212,0.68469,0.4151,0.9713,normalised
66.17785096168518,,,0.32097,0.68422,1,,,,,,,,,GP3,0.32097,0.68422,0.4151,0.9713,normalised
66.19507050514221,,,0.32046,0.68439,1,,,,,,,,,GP3,0.32046,0.68439,0.4151,0.9713,normalised
66.21194052696228,,,0.3201,0.68449,1,,,,,,,,,GP3,0.3201,0.68449,0.4151,0.9713,normalised
66.2283980846405,,,0.3198,0.68428,1,,,,,,,,,GP3,0.3198,0.68428,0.4151,0.9713,normalised
66.24299192428589,,,0.31951,0.68407,1,,,,,,,,,GP3,0.31951,0.68407,0.4151,0.9713,normalised
66.25850510597229,,,0.31932,0.68448,1,,,,,,,,,GP3,0.31932,0.68448,0.4151,0.9713,normalised
66.27585315704346,,,0.31929,0.68458,1,,,,,,,,,GP3,0.31929,0.68458,0.4151,0.9713,normalised
66.29231667518616,,,0.31927,0.68468,1,,,,,,,,,GP3,0.31927,0.68468,0.4151,0.9713,normalised
66.30983352661133,,,0.31912,0.68487,1,,,,,,,,,GP3,0.31912,0.68487,0.4151,0.9713,normalised
66.32295250892639,,,0.31889,0.68532,1,,,,,,,,,GP3,0.31889,0.68532,0.4151,0.9713,normalised
66.34037685394287,,,0.31866,0.68578,1,,,,,,,,,GP3,0.31866,0.68578,0.4151,0.9713,normalised
66.35557675361633,,,0.31831,0.68605,1,,,,,,,,,GP3,0.31831,0.68605,0.4151,0.9713,normalised
66.37309288978577,,,0.31768,0.6862,1,,,,,,,,,GP3,0.31768,0.6862,0.4151,0.9713,normalised
66.38761520385742,,,0.31704,0.68636,1,,,,,,,,,GP3,0.31704,0.68636,0.4151,0.9713,normalised
66.40635585784912,,,0.31794,0.68606,1,,,,,,,,,GP3,0.31794,0.68606,0.4151,0.9713,normalised
66.42137098312378,,,0.31947,0.68174,1,,,,,,,,,GP3,0.31947,0.68174,0.4151,0.9713,normalised
66.43603110313416,,,0.33507,0.64996,0,,,,,,,,,GP3,0.33507,0.64996,0.4151,0.9713,normalised
66.45428705215454,,,0.28804,0.69625,0,,,,,,,,,GP3,0.28804,0.69625,0.4151,0.9713,normalised
66.4709861278534,,,0.27302,0.71562,0,,,,,,,,,GP3,0.27302,0.71562,0.4151,0.9713,normalised
66.48682570457458,,,0.24232,0.75042,0,,,,,,,,,GP3,0.24232,0.75042,0.4151,0.9713,normalised
66.5029046535492,,,0.23799,0.74936,0,,,,,,,,,GP3,0.23799,0.74936,0.4151,0.9713,normalised
66.51853489875793,,,0.23788,0.75034,0,,,,,,,,,GP3,0.23788,0.75034,0.4151,0.9713,normalised
66.53521275520325,,,0.23782,0.75083,1,,,,,,,,,GP3,0.23782,0.75083,0.4151,0.9713,normalised
66.55065560340881,,,0.23732,0.75924,1,,,,,,,,,GP3,0.23732,0.75924,0.4151,0.9713,normalised
66.56849837303162,,,0.23741,0.76413,1,,,,,,,,,GP3,0.23741,0.76413,0.4151,0.9713,normalised
66.58417177200317,,,0.23748,0.76763,1,,,,,,,,,GP3,0.23748,0.76763,0.4151,0.9713,normalised
66.59886002540588,,,0.2375,0.76922,1,,,,,,,,,GP3,0.2375,0.76922,0.4151,0.9713,normalised
66.61545372009277,,,0.23568,0.77024,1,,,,,,,,,GP3,0.23568,0.77024,0.4151,0.9713,normalised
66.62989807128906,,,0.23423,0.77107,1,,,,,,,,,GP3,0.23423,0.77107,0.4151,0.9713,normalised
66.6466760635376,,,0.23268,0.76524,1,,,,,,,,,GP3,0.23268,0.76524,0.4151,0.9713,normalised
66.66534328460693,,,0.23052,0.76041,1,,,,,,,,,GP3,0.23052,0.76041,0.4151,0.9713,normalised
66.67906212806702,,,0.22886,0.7566,1,,,,,,,,,GP3,0.22886,0.7566,0.4151,0.9713,normalised
66.69565844535828,,,0.22306,0.75657,1,,,,,,,,,GP3,0.22306,0.75657,0.4151,0.9713,normalised
66.71222472190857,,,0.21769,0.757,1,,,,,,,,,GP3,0.21769,0.757,0.4151,0.9713,normalised
66.72872710227966,,,0.21325,0.75764,1,,,,,,,,,GP3,0.21325,0.75764,0.4151,0.9713,normalised
66.74610781669617,,,0.20996,0.7584,1,,,,,,,,,GP3,0.20996,0.7584,0.4151,0.9713,normalised
66.76036715507507,,,0.20683,0.7593,1,,,,,,,,,GP3,0.20683,0.7593,0.4151,0.9713,normalised
66.77649784088135,,,0.20389,0.75993,1,,,,,,,,,GP3,0.20389,0.75993,0.4151,0.9713,normalised
66.79319167137146,,,0.20188,0.75984,1,,,,,,,,,GP3,0.20188,0.75984,0.4151,0.9713,normalised
66.80940699577332,,,0.17167,0.75113,0,,,,,,,,,GP3,0.17167,0.75113,0.4151,0.9713,normalised
66.8255205154419,,,0.15564,0.74792,0,,,,,,,,,GP3,0.15564,0.74792,0.4151,0.9713,normalised
66.84332609176636,,,0.15503,0.74924,0,,,,,,,,,GP3,0.15503,0.74924,0.4151,0.9713,normalised
66.85751461982727,,,0.15197,0.74823,1,,,,,,,,,GP3,0.15197,0.74823,0.4151,0.9713,normalised
66.87493848800659,,,0.15013,0.74762,1,,,,,,,,,GP3,0.15013,0.74762,0.4151,0.9713,normalised
66.88909339904785,,,0.14565,0.75609,1,,,,,,,,,GP3,0.14565,0.75609,0.4151,0.9713,normalised
66.90580868721008,,,0.14106,0.76176,1,,,,,,,,,GP3,0.14106,0.76176,0.4151,0.9713,normalised
66.92371201515198,,,0.13762,0.76601,1,,,,,,,,,GP3,0.13762,0.76601,0.4151,0.9713,normalised
66.93957376480103,,,0.13576,0.76829,1,,,,,,,,,GP3,0.13576,0.76829,0.4151,0.9713,normalised
66.95444989204407,,,0.13279,0.7702,1,,,,,,,,,GP3,0.13279,0.7702,0.4151,0.9713,normalised
66.97305345535278,,,0.13036,0.77176,1,,,,,,,,,GP3,0.13036,0.77176,0.4151,0.9713,normalised
66.98672652244568,,,0.12983,0.77369,1,,,,,,,,,GP3,0.12983,0.77369,0.4151,0.9713,normalised
67.00710320472717,,,0.12851,0.77401,1,,,,,,,,,GP3,0.12851,0.77401,0.4151,0.9713,normalised
67.01863718032837,,,0.12738,0.77428,1,,,,,,,,,GP3,0.12738,0.77428,0.4151,0.9713,normalised
67.03815984725952,,,0.12714,0.77504,1,,,,,,,,,GP3,0.12714,0.77504,0.4151,0.9713,normalised
67.0520851612091,,,0.12648,0.77575,1,,,,,,,,,GP3,0.12648,0.77575,0.4151,0.9713,normalised
67.06793117523193,,,0.12589,0.77638,1,,,,,,,,,GP3,0.12589,0.77638,0.4151,0.9713,normalised
67.08575201034546,,,0.12567,0.77794,1,,,,,,,,,GP3,0.12567,0.77794,0.4151,0.9713,normalised
67.10250210762024,,,0.12461,0.77894,1,,,,,,,,,GP3,0.12461,0.77894,0.4151,0.9713,normalised
67.11615657806396,,,0.12366,0.77985,1,,,,,,,,,GP3,0.12366,0.77985,0.4151,0.9713,normalised
67.13332605361938,,,0.12384,0.78131,1,,,,,,,,,GP3,0.12384,0.78131,0.4151,0.9713,normalised
67.14921998977661,,,0.12395,0.78255,1,,,,,,,,,GP3,0.12395,0.78255,0.4151,0.9713,normalised
67.16675758361816,,,0.12405,0.78369,1,,,,,,,,,GP3,0.12405,0.78369,0.4151,0.9713,normalised
67.18251633644104,,,0.12445,0.78412,1,,,,,,,,,GP3,0.12445,0.78412,0.4151,0.9713,normalised
67.19712805747986,,,0.12536,0.78438,1,,,,,,,,,GP3,0.12536,0.78438,0.4151,0.9713,normalised
67.21474599838257,,,0.12621,0.78462,1,,,,,,,,,GP3,0.12621,0.78462,0.4151,0.9713,normalised
67.22991585731506,,,0.12624,0.78468,1,,,,,,,,,GP3,0.12624,0.78468,0.4151,0.9713,normalised
67.24666857719421,,,0.12691,0.78479,1,,,,,,,,,GP3,0.12691,0.78479,0.4151,0.9713,normalised
67.26092457771301,,,0.12752,0.7849,1,,,,,,,,,GP3,0.12752,0.7849,0.4151,0.9713,normalised
67.27754878997803,,,0.1276,0.78517,1,,,,,,,,,GP3,0.1276,0.78517,0.4151,0.9713,normalised
67.2932276725769,,,0.12812,0.78523,1,,,,,,,,,GP3,0.12812,0.78523,0.4151,0.9713,normalised
67.30975437164307,,,0.12861,0.78529,1,,,,,,,,,GP3,0.12861,0.78529,0.4151,0.9713,normalised
67.32588171958923,,,0.12873,0.78579,1,,,,,,,,,GP3,0.12873,0.78579,0.4151,0.9713,normalised
67.34343385696411,,,0.1289,0.786,1,,,,,,,,,GP3,0.1289,0.786,0.4151,0.9713,normalised
67.3591091632843,,,0.12906,0.78619,1,,,,,,,,,GP3,0.12906,0.78619,0.4151,0.9713,normalised
67.37652206420898,,,0.12897,0.7867,1,,,,,,,,,GP3,0.12897,0.7867,0.4151,0.9713,normalised
67.39320731163025,,,0.12896,0.78682,1,,,,,,,,,GP3,0.12896,0.78682,0.4151,0.9713,normalised
67.40773320198059,,,0.12894,0.78693,1,,,,,,,,,GP3,0.12894,0.78693,0.4151,0.9713,normalised
67.4257185459137,,,0.12872,0.78711,1,,,,,,,,,GP3,0.12872,0.78711,0.4151,0.9713,normalised
67.43944883346558,,,0.1284,0.78713,1,,,,,,,,,GP3,0.1284,0.78713,0.4151,0.9713,normalised
67.45648550987244,,,0.12809,0.78715,1,,,,,,,,,GP3,0.12809,0.78715,0.4151,0.9713,normalised
67.47207069396973,,,0.12783,0.78704,1,,,,,,,,,GP3,0.12783,0.78704,0.4151,0.9713,normalised
67.48969459533691,,,0.12771,0.7869,1,,,,,,,,,GP3,0.12771,0.7869,0.4151,0.9713,normalised
67.50413942337036,,,0.1276,0.78677,1,,,,,,,,,GP3,0.1276,0.78677,0.4151,0.9713,normalised
67.52071762084961,,,0.12745,0.78722,1,,,,,,,,,GP3,0.12745,0.78722,0.4151,0.9713,normalised
67.53640341758728,,,0.12697,0.78721,1,,,,,,,,,GP3,0.12697,0.78721,0.4151,0.9713,normalised
67.55327200889587,,,0.12651,0.78721,1,,,,,,,,,GP3,0.12651,0.78721,0.4151,0.9713,normalised
67.57034039497375,,,0.12627,0.78717,1,,,,,,,,,GP3,0.12627,0.78717,0.4151,0.9713,normalised
67.58712577819824,,,0.12489,0.78776,1,,,,,,,,,GP3,0.12489,0.78776,0.4151,0.9713,normalised
67.60156035423279,,,0.12417,0.78849,1,,,,,,,,,GP3,0.12417,0.78849,0.4151,0.9713,normalised
67.61890006065369,,,0.12347,0.78944,1,,,,,,,,,GP3,0.12347,0.78944,0.4151,0.9713,normalised
67.63357043266296,,,0.12288,0.78997,1,,,,,,,,,GP3,0.12288,0.78997,0.4151,0.9713,normalised
67.65032649040222,,,0.12228,0.79051,1,,,,,,,,,GP3,0.12228,0.79051,0.4151,0.9713,normalised
67.66657400131226,,,0.12244,0.79022,1,,,,,,,,,GP3,0.12244,0.79022,0.4151,0.9713,normalised
67.68305993080139,,,0.12244,0.79019,1,,,,,,,,,GP3,0.12244,0.79019,0.4151,0.9713,normalised
67.69757914543152,,,0.12244,0.79017,1,,,,,,,,,GP3,0.12244,0.79017,0.4151,0.9713,normalised
67.71667313575745,,,0.12238,0.79068,1,,,,,,,,,GP3,0.12238,0.79068,0.4151,0.9713,normalised
67.7326512336731,,,0.12232,0.79121,1,,,,,,,,,GP3,0.12232,0.79121,0.4151,0.9713,normalised
67.74712777137756,,,0.12225,0.79173,1,,,,,,,,,GP3,0.12225,0.79173,0.4151,0.9713,normalised
67.76416254043579,,,0.12241,0.79208,1,,,,,,,,,GP3,0.12241,0.79208,0.4151,0.9713,normalised
67.77914142608643,,,0.12233,0.79253,1,,,,,,,,,GP3,0.12233,0.79253,0.4151,0.9713,normalised
67.79596018791199,,,0.12226,0.79298,1,,,,,,,,,GP3,0.12226,0.79298,0.4151,0.9713,normalised
67.81451082229614,,,0.12185,0.79327,1,,,,,,,,,GP3,0.12185,0.79327,0.4151,0.9713,normalised
67.828298330307,,,0.1212,0.79346,1,,,,,,,,,GP3,0.1212,0.79346,0.4151,0.9713,normalised
67.8439450263977,,,0.12055,0.79365,1,,,,,,,,,GP3,0.12055,0.79365,0.4151,0.9713,normalised
67.8630359172821,,,0.12028,0.79402,1,,,,,,,,,GP3,0.12028,0.79402,0.4151,0.9713,normalised
67.87728309631348,,,0.12049,0.7947,1,,,,,,,,,GP3,0.12049,0.7947,0.4151,0.9713,normalised
67.8933596611023,,,0.1207,0.79538,1,,,,,,,,,GP3,0.1207,0.79538,0.4151,0.9713,normalised
67.91009664535522,,,0.12069,0.79553,1,,,,,,,,,GP3,0.12069,0.79553,0.4151,0.9713,normalised
67.92706251144409,,,0.12073,0.79562,1,,,,,,,,,GP3,0.12073,0.79562,0.4151,0.9713,normalised
67.9412989616394,,,0.12077,0.79571,1,,,,,,,,,GP3,0.12077,0.79571,0.4151,0.9713,normalised
67.95896482467651,,,0.12066,0.79624,1,,,,,,,,,GP3,0.12066,0.79624,0.4151,0.9713,normalised
67.97296857833862,,,0.12023,0.7967,1,,,,,,,,,GP3,0.12023,0.7967,0.4151,0.9713,normalised
67.99058532714844,,,0.11981,0.79717,1,,,,,,,,,GP3,0.11981,0.79717,0.4151,0.9713,normalised
68.00751876831055,,,0.1197,0.79764,1,,,,,,,,,GP3,0.1197,0.79764,0.4151,0.9713,normalised
68.02368021011353,,,0.11938,0.79807,1,,,,,,,,,GP3,0.11938,0.79807,0.4151,0.9713,normalised
68.03850412368774,,,0.11906,0.7985,1,,,,,,,,,GP3,0.11906,0.7985,0.4151,0.9713,normalised
68.05379939079285,,,0.11911,0.79861,1,,,,,,,,,GP3,0.11911,0.79861,0.4151,0.9713,normalised
68.07122492790222,,,0.1191,0.79874,1,,,,,,,,,GP3,0.1191,0.79874,0.4151,0.9713,normalised
68.08583474159241,,,0.11909,0.79887,1,,,,,,,,,GP3,0.11909,0.79887,0.4151,0.9713,normalised
68.10324096679688,,,0.11912,0.7988,1,,,,,,,,,GP3,0.11912,0.7988,0.4151,0.9713,normalised
68.1198525428772,,,0.11904,0.79883,1,,,,,,,,,GP3,0.11904,0.79883,0.4151,0.9713,normalised
68.13621044158936,,,0.11897,0.79886,1,,,,,,,,,GP3,0.11897,0.79886,0.4151,0.9713,normalised
68.15292429924011,,,0.11878,0.79892,1,,,,,,,,,GP3,0.11878,0.79892,0.4151,0.9713,normalised
68.16742897033691,,,0.11866,0.7993,1,,,,,,,,,GP3,0.11866,0.7993,0.4151,0.9713,normalised
68.18324971199036,,,0.11855,0.79968,1,,,,,,,,,GP3,0.11855,0.79968,0.4151,0.9713,normalised
68.20093750953674,,,0.1184,0.80003,1,,,,,,,,,GP3,0.1184,0.80003,0.4151,0.9713,normalised
68.21845602989197,,,0.11857,0.80074,1,,,,,,,,,GP3,0.11857,0.80074,0.4151,0.9713,normalised
68.2342848777771,,,0.11874,0.80145,1,,,,,,,,,GP3,0.11874,0.80145,0.4151,0.9713,normalised
68.24893832206726,,,0.11881,0.80213,1,,,,,,,,,GP3,0.11881,0.80213,0.4151,0.9713,normalised
68.26566505432129,,,0.11872,0.80275,1,,,,,,,,,GP3,0.11872,0.80275,0.4151,0.9713,normalised
68.2833960056305,,,0.11862,0.80338,1,,,,,,,,,GP3,0.11862,0.80338,0.4151,0.9713,normalised
68.29710793495178,,,0.11874,0.80324,1,,,,,,,,,GP3,0.11874,0.80324,0.4151,0.9713,normalised
68.31373977661133,,,0.11986,0.80364,1,,,,,,,,,GP3,0.11986,0.80364,0.4151,0.9713,normalised
68.32894158363342,,,0.12099,0.80404,1,,,,,,,,,GP3,0.12099,0.80404,0.4151,0.9713,normalised
68.34580039978027,,,0.12146,0.80418,1,,,,,,,,,GP3,0.12146,0.80418,0.4151,0.9713,normalised
68.36190843582153,,,0.12274,0.80449,1,,,,,,,,,GP3,0.12274,0.80449,0.4151,0.9713,normalised
68.37869954109192,,,0.12401,0.8048,1,,,,,,,,,GP3,0.12401,0.8048,0.4151,0.9713,normalised
68.39613080024719,,,0.12431,0.80465,1,,,,,,,,,GP3,0.12431,0.80465,0.4151,0.9713,normalised
68.41074252128601,,,0.12491,0.80589,1,,,,,,,,,GP3,0.12491,0.80589,0.4151,0.9713,normalised
68.42812538146973,,,0.12551,0.80714,1,,,,,,,,,GP3,0.12551,0.80714,0.4151,0.9713,normalised
68.44175744056702,,,0.12528,0.80781,1,,,,,,,,,GP3,0.12528,0.80781,0.4151,0.9713,normalised
68.45867943763733,,,0.12562,0.80818,1,,,,,,,,,GP3,0.12562,0.80818,0.4151,0.9713,normalised
68.47621846199036,,,0.12596,0.80856,1,,,,,,,,,GP3,0.12596,0.80856,0.4151,0.9713,normalised
68.49277210235596,,,0.12644,0.80865,1,,,,,,,,,GP3,0.12644,0.80865,0.4151,0.9713,normalised
68.50684642791748,,,0.12752,0.80867,1,,,,,,,,,GP3,0.12752,0.80867,0.4151,0.9713,normalised
68.52397751808167,,,0.12859,0.8087,1,,,,,,,,,GP3,0.12859,0.8087,0.4151,0.9713,normalised
68.54157757759094,,,0.12878,0.8082,1,,,,,,,,,GP3,0.12878,0.8082,0.4151,0.9713,normalised
68.55600810050964,,,0.12973,0.80778,1,,,,,,,,,GP3,0.12973,0.80778,0.4151,0.9713,normalised
68.57264542579651,,,0.13068,0.80736,1,,,,,,,,,GP3,0.13068,0.80736,0.4151,0.9713,normalised
68.58863043785095,,,0.13126,0.80738,1,,,,,,,,,GP3,0.13126,0.80738,0.4151,0.9713,normalised
68.60422992706299,,,0.1322,0.80748,1,,,,,,,,,GP3,0.1322,0.80748,0.4151,0.9713,normalised
68.62166166305542,,,0.13314,0.80757,1,,,,,,,,,GP3,0.13314,0.80757,0.4151,0.9713,normalised
68.63742160797119,,,0.13349,0.80719,1,,,,,,,,,GP3,0.13349,0.80719,0.4151,0.9713,normalised
68.6541063785553,,,0.15541,0.8378,0,,,,,,,,,GP3,0.15541,0.8378,0.4151,0.9713,normalised
68.66879940032959,,,0.23582,1.0423,0,,,,,,,,,GP3,0.23582,1.0423,0.4151,0.9713,normalised
68.68688035011292,,,0.19722,0.96917,0,,,,,,,,,GP3,0.19722,0.96917,0.4151,0.9713,normalised
68.7011570930481,,,0.18513,0.96037,0,,,,,,,,,GP3,0.18513,0.96037,0.4151,0.9713,normalised
68.71729683876038,,,0.15213,0.88588,0,,,,,,,,,GP3,0.15213,0.88588,0.4151,0.9713,normalised
68.733815908432,,,0.14468,0.85866,0,,,,,,,,,GP3,0.14468,0.85866,0.4151,0.9713,normalised
68.75033640861511,,,0.12911,0.8089,0,,,,,,,,,GP3,0.12911,0.8089,0.4151,0.9713,normalised
68.76784777641296,,,0.13377,0.80999,0,,,,,,,,,GP3,0.13377,0.80999,0.4151,0.9713,normalised
68.78274130821228,,,0.12946,0.80987,0,,,,,,,,,GP3,0.12946,0.80987,0.4151,0.9713,normalised
68.80019998550415,,,0.12948,0.80947,1,,,,,,,,,GP3,0.12948,0.80947,0.4151,0.9713,normalised
68.81391382217407,,,0.1295,0.80923,1,,,,,,,,,GP3,0.1295,0.80923,0.4151,0.9713,normalised
68.830974817276,,,0.12941,0.80969,1,,,,,,,,,GP3,0.12941,0.80969,0.4151,0.9713,normalised
68.84877443313599,,,0.12975,0.80867,1,,,,,,,,,GP3,0.12975,0.80867,0.4151,0.9713,normalised
68.8623878955841,,,0.13196,0.80979,1,,,,,,,,,GP3,0.13196,0.80979,0.4151,0.9713,normalised
68.87841010093689,,,0.13531,0.81297,1,,,,,,,,,GP3,0.13531,0.81297,0.4151,0.9713,normalised
68.89614510536194,,,0.14082,0.81591,1,,,,,,,,,GP3,0.14082,0.81591,0.4151,0.9713,normalised
68.91071391105652,,,0.14741,0.82033,1,,,,,,,,,GP3,0.14741,0.82033,0.4151,0.9713,normalised
68.92779350280762,,,0.15369,0.82545,1,,,,,,,,,GP3,0.15369,0.82545,0.4151,0.9713,normalised
68.94470643997192,,,0.15943,0.82981,1,,,,,,,,,GP3,0.15943,0.82981,0.4151,0.9713,normalised
68.96044874191284,,,0.16504,0.83424,1,,,,,,,,,GP3,0.16504,0.83424,0.4151,0.9713,normalised
68.97794151306152,,,0.1701,0.8388,1,,,,,,,,,GP3,0.1701,0.8388,0.4151,0.9713,normalised
68.99172520637512,,,0.17585,0.84371,1,,,,,,,,,GP3,0.17585,0.84371,0.4151,0.9713,normalised
69.00852608680725,,,0.20349,0.86534,0,,,,,,,,,GP3,0.20349,0.86534,0.4151,0.9713,normalised
69.0250461101532,,,0.23612,0.90163,0,,,,,,,,,GP3,0.23612,0.90163,0.4151,0.9713,normalised
69.04257678985596,,,0.2471,0.91428,0,,,,,,,,,GP3,0.2471,0.91428,0.4151,0.9713,normalised
69.05724048614502,,,0.25258,0.9206,1,,,,,,,,,GP3,0.25258,0.9206,0.4151,0.9713,normalised
69.07509684562683,,,0.25491,0.92538,1,,,,,,,,,GP3,0.25491,0.92538,0.4151,0.9713,normalised
69.09074664115906,,,0.25643,0.9294,1,,,,,,,,,GP3,0.25643,0.9294,0.4151,0.9713,normalised
69.10576891899109,,,0.25751,0.93228,1,,,,,,,,,GP3,0.25751,0.93228,0.4151,0.9713,normalised
69.12326884269714,,,0.2588,0.93304,1,,,,,,,,,GP3,0.2588,0.93304,0.4151,0.9713,normalised
69.1379714012146,,,0.25956,0.93465,1,,,,,,,,,GP3,0.25956,0.93465,0.4151,0.9713,normalised
69.15467715263367,,,0.25775,0.93375,1,,,,,,,,,GP3,0.25775,0.93375,0.4151,0.9713,normalised
69.16940569877625,,,0.25431,0.93071,1,,,,,,,,,GP3,0.25431,0.93071,0.4151,0.9713,normalised
69.18600559234619,,,0.24746,0.92605,1,,,,,,,,,GP3,0.24746,0.92605,0.4151,0.9713,normalised
69.20264434814453,,,0.24049,0.92394,1,,,,,,,,,GP3,0.24049,0.92394,0.4151,0.9713,normalised
69.22046756744385,,,0.24049,0.92394,1,,,,,,,,,GP3,0.24049,0.92394,0.4151,0.9713,normalised
69.2436273097992,,,0.24049,0.92394,1,,,,,,,,,GP3,0.24049,0.92394,0.4151,0.9713,normalised
69.25526976585388,,,0.24049,0.92394,1,,,,,,,,,GP3,0.24049,0.92394,0.4151,0.9713,normalised
69.27281069755554,,,0.24358,0.92883,0,,,,,,,,,GP3,0.24358,0.92883,0.4151,0.9713,normalised
69.28862571716309,,,0.24358,0.92883,0,,,,,,,,,GP3,0.24358,0.92883,0.4151,0.9713,normalised
69.3062527179718,,,0.24358,0.92883,0,,,,,,,,,GP3,0.24358,0.92883,0.4151,0.9713,normalised
69.32088851928711,,,0.0,0.0,0,,,,,,,,,GP3,0.0,0.0,0.4151,0.9713,normalised
69.33656191825867,,,0.0,0.0,0,,,,,,,,,GP3,0.0,0.0,0.4151,0.9713,normalised
69.35424995422363,,,0.0,0.0,0,,,,,,,,,GP3,0.0,0.0,0.4151,0.9713,normalised
69.37191009521484,,,0.0,0.0,0,,,,,,,,,GP3,0.0,0.0,0.4151,0.9713,normalised
69.39089822769165,,,0.0,0.0,0,,,,,,,,,GP3,0.0,0.0,0.4151,0.9713,normalised
69.40249609947205,,,0.0,0.0,0,,,,,,,,,GP3,0.0,0.0,0.4151,0.9713,normalised
69.41908025741577,,,0.0,0.0,0,,,,,,,,,GP3,0.0,0.0,0.4151,0.9713,normalised
69.43326020240784,,,0.0,0.0,0,,,,,,,,,GP3,0.0,0.0,0.4151,0.9713,normalised
69.45157837867737,,,0.0,0.0,0,,,,,,,,,GP3,0.0,0.0,0.4151,0.9713,normalised
69.46964645385742,,,0.0,0.0,0,,,,,,,,,GP3,0.0,0.0,0.4151,0.9713,normalised
69.48032903671265,,,0.0,0.0,0,,,,,,,,,GP3,0.0,0.0,0.4151,0.9713,normalised
69.49998497962952,,,0.07843,0.44936,0,,,,,,,,,GP3,0.07843,0.44936,0.4151,0.9713,normalised
69.51176309585571,,,0.31373,0.77341,0,,,,,,,,,GP3,0.31373,0.77341,0.4151,0.9713,normalised
69.52582311630249,,,0.3492,0.69918,0,,,,,,,,,GP3,0.3492,0.69918,0.4151,0.9713,normalised
69.54308342933655,,,0.35996,0.66935,0,,,,,,,,,GP3,0.35996,0.66935,0.4151,0.9713,normalised
69.55898022651672,,,0.4604,0.62084,0,,,,,,,,,GP3,0.4604,0.62084,0.4151,0.9713,normalised
69.57663345336914,,,0.53241,0.61368,0,,,,,,,,,GP3,0.53241,0.61368,0.4151,0.9713,normalised
69.59138250350952,,,0.55732,0.60483,0,,,,,,,,,GP3,0.55732,0.60483,0.4151,0.9713,normalised
69.60836291313171,,,0.6079,0.58785,0,,,,,,,,,GP3,0.6079,0.58785,0.4151,0.9713,normalised
69.62435841560364,,,0.60971,0.57981,0,,,,,,,,,GP3,0.60971,0.57981,0.4151,0.9713,normalised
69.63901019096375,,,0.61031,0.57713,0,,,,,,,,,GP3,0.61031,0.57713,0.4151,0.9713,normalised
69.65547513961792,,,0.61479,0.57683,1,,,,,,,,,GP3,0.61479,0.57683,0.4151,0.9713,normalised
69.6726016998291,,,0.61523,0.58009,1,,,,,,,,,GP3,0.61523,0.58009,0.4151,0.9713,normalised
69.6891827583313,,,0.61553,0.58225,1,,,,,,,,,GP3,0.61553,0.58225,0.4151,0.9713,normalised
69.70360684394836,,,0.61906,0.58318,1,,,,,,,,,GP3,0.61906,0.58318,0.4151,0.9713,normalised
69.72121858596802,,,0.62055,0.58153,1,,,,,,,,,GP3,0.62055,0.58153,0.4151,0.9713,normalised
69.73516750335693,,,0.6217,0.58026,1,,,,,,,,,GP3,0.6217,0.58026,0.4151,0.9713,normalised
69.75248312950134,,,0.62652,0.5799,1,,,,,,,,,GP3,0.62652,0.5799,0.4151,0.9713,normalised
69.769198179245,,,0.62981,0.58058,1,,,,,,,,,GP3,0.62981,0.58058,0.4151,0.9713,normalised
69.78589129447937,,,0.63205,0.58325,1,,,,,,,,,GP3,0.63205,0.58325,0.4151,0.9713,normalised
69.8034155368805,,,0.63624,0.58735,1,,,,,,,,,GP3,0.63624,0.58735,0.4151,0.9713,normalised
69.81800580024719,,,0.63905,0.59182,1,,,,,,,,,GP3,0.63905,0.59182,0.4151,0.9713,normalised
69.83453130722046,,,0.64112,0.59707,1,,,,,,,,,GP3,0.64112,0.59707,0.4151,0.9713,normalised
69.84954309463501,,,0.64215,0.60441,1,,,,,,,,,GP3,0.64215,0.60441,0.4151,0.9713,normalised
69.86715650558472,,,0.64262,0.60825,1,,,,,,,,,GP3,0.64262,0.60825,0.4151,0.9713,normalised
69.88201379776001,,,0.64332,0.61052,1,,,,,,,,,GP3,0.64332,0.61052,0.4151,0.9713,normalised
69.89855360984802,,,0.64415,0.61338,1,,,,,,,,,GP3,0.64415,0.61338,0.4151,0.9713,normalised
69.91626262664795,,,0.66155,0.63827,0,,,,,,,,,GP3,0.66155,0.63827,0.4151,0.9713,normalised
69.9317033290863,,,0.66285,0.6478,0,,,,,,,,,GP3,0.66285,0.6478,0.4151,0.9713,normalised
69.9464921951294,,,0.66645,0.65547,0,,,,,,,,,GP3,0.66645,0.65547,0.4151,0.9713,normalised
69.96415543556213,,,0.67073,0.65543,1,,,,,,,,,GP3,0.67073,0.65543,0.4151,0.9713,normalised
69.98101210594177,,,0.6733,0.65541,1,,,,,,,,,GP3,0.6733,0.65541,0.4151,0.9713,normalised
69.99754285812378,,,0.67481,0.65454,1,,,,,,,,,GP3,0.67481,0.65454,0.4151,0.9713,normalised
70.01134085655212,,,0.67485,0.65604,1,,,,,,,,,GP3,0.67485,0.65604,0.4151,0.9713,normalised
70.02770972251892,,,0.67489,0.65716,1,,,,,,,,,GP3,0.67489,0.65716,0.4151,0.9713,normalised
70.04542779922485,,,0.67437,0.65851,1,,,,,,,,,GP3,0.67437,0.65851,0.4151,0.9713,normalised
70.06031274795532,,,0.67242,0.65949,1,,,,,,,,,GP3,0.67242,0.65949,0.4151,0.9713,normalised
70.07774257659912,,,0.67083,0.66029,1,,,,,,,,,GP3,0.67083,0.66029,0.4151,0.9713,normalised
70.0937614440918,,,0.67022,0.66184,1,,,,,,,,,GP3,0.67022,0.66184,0.4151,0.9713,normalised
70.10828638076782,,,0.66911,0.66614,1,,,,,,,,,GP3,0.66911,0.66614,0.4151,0.9713,normalised
70.12533211708069,,,0.66815,0.66983,1,,,,,,,,,GP3,0.66815,0.66983,0.4151,0.9713,normalised
70.14251732826233,,,0.66808,0.67217,1,,,,,,,,,GP3,0.66808,0.67217,0.4151,0.9713,normalised
70.15721225738525,,,0.66809,0.67212,1,,,,,,,,,GP3,0.66809,0.67212,0.4151,0.9713,normalised
70.17476511001587,,,0.6681,0.67207,1,,,,,,,,,GP3,0.6681,0.67207,0.4151,0.9713,normalised
70.18916869163513,,,0.66794,0.67077,1,,,,,,,,,GP3,0.66794,0.67077,0.4151,0.9713,normalised
70.20595669746399,,,0.66776,0.66975,1,,,,,,,,,GP3,0.66776,0.66975,0.4151,0.9713,normalised
70.22388911247253,,,0.66759,0.66882,1,,,,,,,,,GP3,0.66759,0.66882,0.4151,0.9713,normalised
70.23985242843628,,,0.66745,0.66983,1,,,,,,,,,GP3,0.66745,0.66983,0.4151,0.9713,normalised
70.25452876091003,,,0.66729,0.67014,1,,,,,,,,,GP3,0.66729,0.67014,0.4151,0.9713,normalised
70.27160024642944,,,0.66715,0.67043,1,,,,,,,,,GP3,0.66715,0.67043,0.4151,0.9713,normalised
70.28621244430542,,,0.66701,0.66973,1,,,,,,,,,GP3,0.66701,0.66973,0.4151,0.9713,normalised
70.30383205413818,,,0.66657,0.66834,1,,,,,,,,,GP3,0.66657,0.66834,0.4151,0.9713,normalised
70.31835770606995,,,0.66596,0.66788,1,,,,,,,,,GP3,0.66596,0.66788,0.4151,0.9713,normalised
70.33528470993042,,,0.66542,0.67058,1,,,,,,,,,GP3,0.66542,0.67058,0.4151,0.9713,normalised
70.35186171531677,,,0.66487,0.67426,1,,,,,,,,,GP3,0.66487,0.67426,0.4151,0.9713,normalised
70.36959958076477,,,0.66508,0.67537,1,,,,,,,,,GP3,0.66508,0.67537,0.4151,0.9713,normalised
70.38400101661682,,,0.66632,0.67155,1,,,,,,,,,GP3,0.66632,0.67155,0.4151,0.9713,normalised
70.40084958076477,,,0.66856,0.66516,1,,,,,,,,,GP3,0.66856,0.66516,0.4151,0.9713,normalised
70.41684794425964,,,0.67172,0.65521,1,,,,,,,,,GP3,0.67172,0.65521,0.4151,0.9713,normalised
70.43386554718018,,,0.69128,0.59465,0,,,,,,,,,GP3,0.69128,0.59465,0.4151,0.9713,normalised
70.44837784767151,,,0.7579,0.41752,0,,,,,,,,,GP3,0.7579,0.41752,0.4151,0.9713,normalised
70.46617531776428,,,0.7801,0.35847,0,,,,,,,,,GP3,0.7801,0.35847,0.4151,0.9713,normalised
70.48287892341614,,,0.81274,0.2485,0,,,,,,,,,GP3,0.81274,0.2485,0.4151,0.9713,normalised
70.49654650688171,,,0.79445,0.25743,0,,,,,,,,,GP3,0.79445,0.25743,0.4151,0.9713,normalised
70.51396679878235,,,0.78835,0.26041,0,,,,,,,,,GP3,0.78835,0.26041,0.4151,0.9713,normalised
70.52873110771179,,,0.78808,0.26972,1,,,,,,,,,GP3,0.78808,0.26972,0.4151,0.9713,normalised
70.5461893081665,,,0.78635,0.25907,1,,,,,,,,,GP3,0.78635,0.25907,0.4151,0.9713,normalised
70.56083059310913,,,0.79785,0.19322,1,,,,,,,,,GP3,0.79785,0.19322,0.4151,0.9713,normalised
70.57783937454224,,,0.82993,0.07234,0,,,,,,,,,GP3,0.82993,0.07234,0.4151,0.9713,normalised
70.59354376792908,,,0.99251,-0.45575,0,,,,,,,,,GP3,0.99251,-0.45575,0.4151,0.9713,normalised
70.61031317710876,,,1.07534,-0.80917,0,,,,,,,,,GP3,1.07534,-0.80917,0.4151,0.9713,normalised
70.62728142738342,,,1.12461,-1.22397,0,,,,,,,,,GP3,1.12461,-1.22397,0.4151,0.9713,normalised
70.64180397987366,,,1.09994,-1.03457,0,,,,,,,,,GP3,1.09994,-1.03457,0.4151,0.9713,normalised
70.65933156013489,,,1.09172,-0.97143,0,,,,,,,,,GP3,1.09172,-0.97143,0.4151,0.9713,normalised
70.67685556411743,,,1.0488,-0.90804,0,,,,,,,,,GP3,1.0488,-0.90804,0.4151,0.9713,normalised
70.69084811210632,,,1.03515,-0.8922,0,,,,,,,,,GP3,1.03515,-0.8922,0.4151,0.9713,normalised
70.70835590362549,,,1.0306,-0.88692,0,,,,,,,,,GP3,1.0306,-0.88692,0.4151,0.9713,normalised
70.72279644012451,,,1.04512,-0.85842,1,,,,,,,,,GP3,1.04512,-0.85842,0.4151,0.9713,normalised
70.73965358734131,,,1.04667,-0.85596,1,,,,,,,,,GP3,1.04667,-0.85596,0.4151,0.9713,normalised
70.75716543197632,,,1.04771,-0.85432,1,,,,,,,,,GP3,1.04771,-0.85432,0.4151,0.9713,normalised
70.77167177200317,,,1.042,-0.86273,1,,,,,,,,,GP3,1.042,-0.86273,0.4151,0.9713,normalised
70.7891960144043,,,1.06171,-0.97625,1,,,,,,,,,GP3,1.06171,-0.97625,0.4151,0.9713,normalised
70.80375480651855,,,1.07703,-1.06454,1,,,,,,,,,GP3,1.07703,-1.06454,0.4151,0.9713,normalised
70.82123279571533,,,1.08392,-1.12487,1,,,,,,,,,GP3,1.08392,-1.12487,0.4151,0.9713,normalised
70.83646440505981,,,1.09159,-1.20242,0,,,,,,,,,GP3,1.09159,-1.20242,0.4151,0.9713,normalised
70.85386729240417,,,1.10854,-1.44297,0,,,,,,,,,GP3,1.10854,-1.44297,0.4151,0.9713,normalised
70.87048482894897,,,1.12802,-1.48156,0,,,,,,,,,GP3,1.12802,-1.48156,0.4151,0.9713,normalised
70.88502049446106,,,1.13951,-1.64249,0,,,,,,,,,GP3,1.13951,-1.64249,0.4151,0.9713,normalised
70.90158772468567,,,1.13279,-1.66385,0,,,,,,,,,GP3,1.13279,-1.66385,0.4151,0.9713,normalised
70.9192705154419,,,1.13065,-1.71491,0,,,,,,,,,GP3,1.13065,-1.71491,0.4151,0.9713,normalised
70.93318605422974,,,1.12909,-1.77239,0,,,,,,,,,GP3,1.12909,-1.77239,0.4151,0.9713,normalised
70.95069885253906,,,1.13196,-1.79367,0,,,,,,,,,GP3,1.13196,-1.79367,0.4151,0.9713,normalised
70.9674026966095,,,1.10001,-1.76248,0,,,,,,,,,GP3,1.10001,-1.76248,0.4151,0.9713,normalised
70.98210430145264,,,1.08544,-1.73999,1,,,,,,,,,GP3,1.08544,-1.73999,0.4151,0.9713,normalised
70.99971723556519,,,1.05907,-1.66057,0,,,,,,,,,GP3,1.05907,-1.66057,0.4151,0.9713,normalised
71.01440572738647,,,1.02215,-1.38321,0,,,,,,,,,GP3,1.02215,-1.38321,0.4151,0.9713,normalised
71.03038883209229,,,1.00642,-1.19513,0,,,,,,,,,GP3,1.00642,-1.19513,0.4151,0.9713,normalised
71.04698252677917,,,0.96037,-0.80582,0,,,,,,,,,GP3,0.96037,-0.80582,0.4151,0.9713,normalised
71.06351447105408,,,0.93286,-0.6608,0,,,,,,,,,GP3,0.93286,-0.6608,0.4151,0.9713,normalised
71.0802071094513,,,0.92299,-0.60002,0,,,,,,,,,GP3,0.92299,-0.60002,0.4151,0.9713,normalised
71.0966546535492,,,0.90394,-0.4909,0,,,,,,,,,GP3,0.90394,-0.4909,0.4151,0.9713,normalised
71.11118412017822,,,0.91379,-0.49876,0,,,,,,,,,GP3,0.91379,-0.49876,0.4151,0.9713,normalised
71.12737464904785,,,0.91148,-0.50224,0,,,,,,,,,GP3,0.91148,-0.50224,0.4151,0.9713,normalised
71.14390873908997,,,0.91032,-0.50398,1,,,,,,,,,GP3,0.91032,-0.50398,0.4151,0.9713,normalised
71.16143274307251,,,0.90896,-0.49957,1,,,,,,,,,GP3,0.90896,-0.49957,0.4151,0.9713,normalised
71.17545771598816,,,0.90871,-0.49317,1,,,,,,,,,GP3,0.90871,-0.49317,0.4151,0.9713,normalised
71.19297552108765,,,0.90853,-0.48859,1,,,,,,,,,GP3,0.90853,-0.48859,0.4151,0.9713,normalised
71.2105131149292,,,0.91076,-0.48706,1,,,,,,,,,GP3,0.91076,-0.48706,0.4151,0.9713,normalised
71.22426247596741,,,0.91448,-0.48913,1,,,,,,,,,GP3,0.91448,-0.48913,0.4151,0.9713,normalised
71.24233889579773,,,0.91674,-0.48698,1,,,,,,,,,GP3,0.91674,-0.48698,0.4151,0.9713,normalised
71.25614190101624,,,0.9179,-0.47524,1,,,,,,,,,GP3,0.9179,-0.47524,0.4151,0.9713,normalised
71.27357172966003,,,0.91649,-0.46058,1,,,,,,,,,GP3,0.91649,-0.46058,0.4151,0.9713,normalised
71.28809595108032,,,0.91449,-0.44406,1,,,,,,,,,GP3,0.91449,-0.44406,0.4151,0.9713,normalised
71.30561685562134,,,0.91295,-0.42949,1,,,,,,,,,GP3,0.91295,-0.42949,0.4151,0.9713,normalised
71.32151818275452,,,0.9114,-0.41567,1,,,,,,,,,GP3,0.9114,-0.41567,0.4151,0.9713,normalised
71.33930349349976,,,0.90675,-0.35529,0,,,,,,,,,GP3,0.90675,-0.35529,0.4151,0.9713,normalised
71.35373163223267,,,0.86133,-0.07273,0,,,,,,,,,GP3,0.86133,-0.07273,0.4151,0.9713,normalised
71.36942791938782,,,0.82275,0.08438,0,,,,,,,,,GP3,0.82275,0.08438,0.4151,0.9713,normalised
71.38713455200195,,,0.7451,0.42313,0,,,,,,,,,GP3,0.7451,0.42313,0.4151,0.9713,normalised
71.40464878082275,,,0.69286,0.58714,0,,,,,,,,,GP3,0.69286,0.58714,0.4151,0.9713,normalised
71.419264793396,,,0.68318,0.64492,0,,,,,,,,,GP3,0.68318,0.64492,0.4151,0.9713,normalised
71.43676424026489,,,0.65608,0.75737,0,,,,,,,,,GP3,0.65608,0.75737,0.4151,0.9713,normalised
71.45033669471741,,,0.65223,0.76622,0,,,,,,,,,GP3,0.65223,0.76622,0.4151,0.9713,normalised
71.46799111366272,,,0.65181,0.76828,0,,,,,,,,,GP3,0.65181,0.76828,0.4151,0.9713,normalised
71.48553276062012,,,0.6516,0.76931,1,,,,,,,,,GP3,0.6516,0.76931,0.4151,0.9713,normalised
71.5011236667633,,,0.64969,0.76537,1,,,,,,,,,GP3,0.64969,0.76537,0.4151,0.9713,normalised
71.51891684532166,,,0.64912,0.76169,1,,,,,,,,,GP3,0.64912,0.76169,0.4151,0.9713,normalised
71.53163194656372,,,0.64871,0.75906,1,,,,,,,,,GP3,0.64871,0.75906,0.4151,0.9713,normalised
71.54904532432556,,,0.64857,0.75619,1,,,,,,,,,GP3,0.64857,0.75619,0.4151,0.9713,normalised
71.56570482254028,,,0.65023,0.75474,1,,,,,,,,,GP3,0.65023,0.75474,0.4151,0.9713,normalised
71.58031845092773,,,0.65156,0.75357,1,,,,,,,,,GP3,0.65156,0.75357,0.4151,0.9713,normalised
71.59787011146545,,,0.6527,0.75328,1,,,,,,,,,GP3,0.6527,0.75328,0.4151,0.9713,normalised
71.61251783370972,,,0.65456,0.7521,1,,,,,,,,,GP3,0.65456,0.7521,0.4151,0.9713,normalised
71.62849640846252,,,0.65613,0.75109,1,,,,,,,,,GP3,0.65613,0.75109,0.4151,0.9713,normalised
71.64534759521484,,,0.656,0.75013,1,,,,,,,,,GP3,0.656,0.75013,0.4151,0.9713,normalised
71.66275119781494,,,0.65559,0.74985,1,,,,,,,,,GP3,0.65559,0.74985,0.4151,0.9713,normalised
71.67728233337402,,,0.65523,0.7496,1,,,,,,,,,GP3,0.65523,0.7496,0.4151,0.9713,normalised
71.69480323791504,,,0.65484,0.7495,1,,,,,,,,,GP3,0.65484,0.7495,0.4151,0.9713,normalised
71.70931816101074,,,0.65492,0.74925,1,,,,,,,,,GP3,0.65492,0.74925,0.4151,0.9713,normalised
71.72585582733154,,,0.65499,0.74903,1,,,,,,,,,GP3,0.65499,0.74903,0.4151,0.9713,normalised
71.74290657043457,,,0.65464,0.7496,1,,,,,,,,,GP3,0.65464,0.7496,0.4151,0.9713,normalised
71.75767207145691,,,0.65402,0.75008,1,,,,,,,,,GP3,0.65402,0.75008,0.4151,0.9713,normalised
71.77508783340454,,,0.65346,0.75052,1,,,,,,,,,GP3,0.65346,0.75052,0.4151,0.9713,normalised
71.79161524772644,,,0.65221,0.75054,1,,,,,,,,,GP3,0.65221,0.75054,0.4151,0.9713,normalised
71.80932950973511,,,0.65112,0.75077,1,,,,,,,,,GP3,0.65112,0.75077,0.4151,0.9713,normalised
71.82293510437012,,,0.65011,0.75098,1,,,,,,,,,GP3,0.65011,0.75098,0.4151,0.9713,normalised
71.8399612903595,,,0.6498,0.75066,1,,,,,,,,,GP3,0.6498,0.75066,0.4151,0.9713,normalised
71.85756731033325,,,0.64886,0.75053,1,,,,,,,,,GP3,0.64886,0.75053,0.4151,0.9713,normalised
71.87410068511963,,,0.64798,0.75041,1,,,,,,,,,GP3,0.64798,0.75041,0.4151,0.9713,normalised
71.8886194229126,,,0.64709,0.75083,1,,,,,,,,,GP3,0.64709,0.75083,0.4151,0.9713,normalised
71.90526843070984,,,0.64607,0.7514,1,,,,,,,,,GP3,0.64607,0.7514,0.4151,0.9713,normalised
71.91987633705139,,,0.64511,0.75194,1,,,,,,,,,GP3,0.64511,0.75194,0.4151,0.9713,normalised
71.93694758415222,,,0.64466,0.75164,1,,,,,,,,,GP3,0.64466,0.75164,0.4151,0.9713,normalised
71.95177936553955,,,0.6434,0.75116,1,,,,,,,,,GP3,0.6434,0.75116,0.4151,0.9713,normalised
71.96840310096741,,,0.64222,0.75071,1,,,,,,,,,GP3,0.64222,0.75071,0.4151,0.9713,normalised
71.98499917984009,,,0.64181,0.75112,1,,,,,,,,,GP3,0.64181,0.75112,0.4151,0.9713,normalised
72.00241565704346,,,0.64108,0.7508,1,,,,,,,,,GP3,0.64108,0.7508,0.4151,0.9713,normalised
72.01703572273254,,,0.64038,0.75049,1,,,,,,,,,GP3,0.64038,0.75049,0.4151,0.9713,normalised
72.03375625610352,,,0.63999,0.75056,1,,,,,,,,,GP3,0.63999,0.75056,0.4151,0.9713,normalised
72.05119132995605,,,0.63931,0.75073,1,,,,,,,,,GP3,0.63931,0.75073,0.4151,0.9713,normalised
72.06572532653809,,,0.63867,0.75088,1,,,,,,,,,GP3,0.63867,0.75088,0.4151,0.9713,normalised
72.08334255218506,,,0.63852,0.75124,1,,,,,,,,,GP3,0.63852,0.75124,0.4151,0.9713,normalised
72.09975552558899,,,0.6382,0.75139,1,,,,,,,,,GP3,0.6382,0.75139,0.4151,0.9713,normalised
72.113445520401,,,0.63789,0.75153,1,,,,,,,,,GP3,0.63789,0.75153,0.4151,0.9713,normalised
72.13046550750732,,,0.63769,0.75164,1,,,,,,,,,GP3,0.63769,0.75164,0.4151,0.9713,normalised
72.1481761932373,,,0.63755,0.75173,1,,,,,,,,,GP3,0.63755,0.75173,0.4151,0.9713,normalised
72.16288471221924,,,0.63752,0.75142,1,,,,,,,,,GP3,0.63752,0.75142,0.4151,0.9713,normalised
72.17862200737,,,0.63802,0.75055,1,,,,,,,,,GP3,0.63802,0.75055,0.4151,0.9713,normalised
72.19603419303894,,,0.63861,0.74914,1,,,,,,,,,GP3,0.63861,0.74914,0.4151,0.9713,normalised
72.2126567363739,,,0.63897,0.74705,1,,,,,,,,,GP3,0.63897,0.74705,0.4151,0.9713,normalised
72.22962498664856,,,0.64106,0.74464,1,,,,,,,,,GP3,0.64106,0.74464,0.4151,0.9713,normalised
72.24342250823975,,,0.66957,0.70881,0,,,,,,,,,GP3,0.66957,0.70881,0.4151,0.9713,normalised
72.26081824302673,,,0.78106,0.6088,0,,,,,,,,,GP3,0.78106,0.6088,0.4151,0.9713,normalised
72.27733516693115,,,0.69218,0.622,0,,,,,,,,,GP3,0.69218,0.622,0.4151,0.9713,normalised
72.2918770313263,,,0.64997,0.59825,0,,,,,,,,,GP3,0.64997,0.59825,0.4151,0.9713,normalised
72.30955696105957,,,0.59646,0.61791,0,,,,,,,,,GP3,0.59646,0.61791,0.4151,0.9713,normalised
72.32681918144226,,,0.57206,0.62535,0,,,,,,,,,GP3,0.57206,0.62535,0.4151,0.9713,normalised
72.34357619285583,,,0.53261,0.64173,0,,,,,,,,,GP3,0.53261,0.64173,0.4151,0.9713,normalised
72.35704326629639,,,0.5321,0.64455,0,,,,,,,,,GP3,0.5321,0.64455,0.4151,0.9713,normalised
72.37390923500061,,,0.55706,0.63282,0,,,,,,,,,GP3,0.55706,0.63282,0.4151,0.9713,normalised
72.39039349555969,,,0.62226,0.57214,0,,,,,,,,,GP3,0.62226,0.57214,0.4151,0.9713,normalised
72.40530729293823,,,0.67523,0.51591,0,,,,,,,,,GP3,0.67523,0.51591,0.4151,0.9713,normalised
72.42283296585083,,,0.55646,0.58904,0,,,,,,,,,GP3,0.55646,0.58904,0.4151,0.9713,normalised
72.43687868118286,,,0.45759,0.64513,0,,,,,,,,,GP3,0.45759,0.64513,0.4151,0.9713,normalised
72.45493865013123,,,0.39163,0.69277,0,,,,,,,,,GP3,0.39163,0.69277,0.4151,0.9713,normalised
72.46979331970215,,,0.35471,0.70956,0,,,,,,,,,GP3,0.35471,0.70956,0.4151,0.9713,normalised
72.48641514778137,,,0.297,0.74518,0,,,,,,,,,GP3,0.297,0.74518,0.4151,0.9713,normalised
72.50383520126343,,,0.29072,0.74859,0,,,,,,,,,GP3,0.29072,0.74859,0.4151,0.9713,normalised
72.5183458328247,,,0.28379,0.74777,0,,,,,,,,,GP3,0.28379,0.74777,0.4151,0.9713,normalised
72.53538203239441,,,0.27854,0.7458,1,,,,,,,,,GP3,0.27854,0.7458,0.4151,0.9713,normalised
72.55128955841064,,,0.27539,0.74462,1,,,,,,,,,GP3,0.27539,0.74462,0.4151,0.9713,normalised
72.56900382041931,,,0.27328,0.74686,1,,,,,,,,,GP3,0.27328,0.74686,0.4151,0.9713,normalised
72.5834105014801,,,0.27041,0.74796,1,,,,,,,,,GP3,0.27041,0.74796,0.4151,0.9713,normalised
72.60104298591614,,,0.26826,0.74879,1,,,,,,,,,GP3,0.26826,0.74879,0.4151,0.9713,normalised
72.61556625366211,,,0.27248,0.74683,1,,,,,,,,,GP3,0.27248,0.74683,0.4151,0.9713,normalised
72.63295102119446,,,0.27769,0.74241,1,,,,,,,,,GP3,0.27769,0.74241,0.4151,0.9713,normalised
72.64760732650757,,,0.28208,0.73917,1,,,,,,,,,GP3,0.28208,0.73917,0.4151,0.9713,normalised
72.66409754753113,,,0.26769,0.74313,1,,,,,,,,,GP3,0.26769,0.74313,0.4151,0.9713,normalised
72.68180513381958,,,0.2554,0.74675,1,,,,,,,,,GP3,0.2554,0.74675,0.4151,0.9713,normalised
72.69839692115784,,,0.2452,0.75015,1,,,,,,,,,GP3,0.2452,0.75015,0.4151,0.9713,normalised
72.71293783187866,,,0.23646,0.75408,1,,,,,,,,,GP3,0.23646,0.75408,0.4151,0.9713,normalised
72.73059225082397,,,0.22794,0.75644,1,,,,,,,,,GP3,0.22794,0.75644,0.4151,0.9713,normalised
72.745108127594,,,0.22041,0.75852,1,,,,,,,,,GP3,0.22041,0.75852,0.4151,0.9713,normalised
72.76272416114807,,,0.1848,0.76743,0,,,,,,,,,GP3,0.1848,0.76743,0.4151,0.9713,normalised
72.77714729309082,,,0.13404,0.77925,0,,,,,,,,,GP3,0.13404,0.77925,0.4151,0.9713,normalised
72.79375553131104,,,0.11712,0.78319,0,,,,,,,,,GP3,0.11712,0.78319,0.4151,0.9713,normalised
72.81029319763184,,,0.11845,0.78337,1,,,,,,,,,GP3,0.11845,0.78337,0.4151,0.9713,normalised
72.82771754264832,,,0.11873,0.78483,1,,,,,,,,,GP3,0.11873,0.78483,0.4151,0.9713,normalised
72.84093284606934,,,0.11892,0.78581,1,,,,,,,,,GP3,0.11892,0.78581,0.4151,0.9713,normalised
72.85749077796936,,,0.1209,0.78987,1,,,,,,,,,GP3,0.1209,0.78987,0.4151,0.9713,normalised
72.87495970726013,,,0.12229,0.79298,1,,,,,,,,,GP3,0.12229,0.79298,0.4151,0.9713,normalised
72.89248490333557,,,0.12336,0.7954,1,,,,,,,,,GP3,0.12336,0.7954,0.4151,0.9713,normalised
72.90700483322144,,,0.12281,0.79616,1,,,,,,,,,GP3,0.12281,0.79616,0.4151,0.9713,normalised
72.92541646957397,,,0.12245,0.79786,1,,,,,,,,,GP3,0.12245,0.79786,0.4151,0.9713,normalised
72.93849563598633,,,0.12214,0.79928,1,,,,,,,,,GP3,0.12214,0.79928,0.4151,0.9713,normalised
72.95502543449402,,,0.12149,0.80005,1,,,,,,,,,GP3,0.12149,0.80005,0.4151,0.9713,normalised
72.97264671325684,,,0.12016,0.80103,1,,,,,,,,,GP3,0.12016,0.80103,0.4151,0.9713,normalised
72.98615503311157,,,0.11901,0.80189,1,,,,,,,,,GP3,0.11901,0.80189,0.4151,0.9713,normalised
73.0066819190979,,,0.11873,0.80255,1,,,,,,,,,GP3,0.11873,0.80255,0.4151,0.9713,normalised
73.02118921279907,,,0.11889,0.80224,1,,,,,,,,,GP3,0.11889,0.80224,0.4151,0.9713,normalised
73.03588008880615,,,0.11903,0.80195,1,,,,,,,,,GP3,0.11903,0.80195,0.4151,0.9713,normalised
73.0533926486969,,,0.11925,0.80179,1,,,,,,,,,GP3,0.11925,0.80179,0.4151,0.9713,normalised
73.06790709495544,,,0.11937,0.80144,1,,,,,,,,,GP3,0.11937,0.80144,0.4151,0.9713,normalised
73.08543801307678,,,0.11948,0.80113,1,,,,,,,,,GP3,0.11948,0.80113,0.4151,0.9713,normalised
73.10240292549133,,,0.11955,0.80138,1,,,,,,,,,GP3,0.11955,0.80138,0.4151,0.9713,normalised
73.1174864768982,,,0.11953,0.80184,1,,,,,,,,,GP3,0.11953,0.80184,0.4151,0.9713,normalised
73.13252544403076,,,0.11951,0.80227,1,,,,,,,,,GP3,0.11951,0.80227,0.4151,0.9713,normalised
73.1482458114624,,,0.11914,0.80265,1,,,,,,,,,GP3,0.11914,0.80265,0.4151,0.9713,normalised
73.16578459739685,,,0.11736,0.80223,1,,,,,,,,,GP3,0.11736,0.80223,0.4151,0.9713,normalised
73.18347311019897,,,0.11571,0.80184,1,,,,,,,,,GP3,0.11571,0.80184,0.4151,0.9713,normalised
73.20089435577393,,,0.11569,0.8029,1,,,,,,,,,GP3,0.11569,0.8029,0.4151,0.9713,normalised
73.21450853347778,,,0.11529,0.804,1,,,,,,,,,GP3,0.11529,0.804,0.4151,0.9713,normalised
73.23146033287048,,,0.11492,0.80503,1,,,,,,,,,GP3,0.11492,0.80503,0.4151,0.9713,normalised
73.24816131591797,,,0.11523,0.80525,1,,,,,,,,,GP3,0.11523,0.80525,0.4151,0.9713,normalised
73.26260352134705,,,0.11553,0.8055,1,,,,,,,,,GP3,0.11553,0.8055,0.4151,0.9713,normalised
73.28039789199829,,,0.11581,0.80574,1,,,,,,,,,GP3,0.11581,0.80574,0.4151,0.9713,normalised
73.29815983772278,,,0.11574,0.80579,1,,,,,,,,,GP3,0.11574,0.80579,0.4151,0.9713,normalised
73.31271839141846,,,0.11556,0.80579,1,,,,,,,,,GP3,0.11556,0.80579,0.4151,0.9713,normalised
73.32724070549011,,,0.11539,0.80579,1,,,,,,,,,GP3,0.11539,0.80579,0.4151,0.9713,normalised
73.34324049949646,,,0.11521,0.80587,1,,,,,,,,,GP3,0.11521,0.80587,0.4151,0.9713,normalised
73.359041929245,,,0.11443,0.80581,1,,,,,,,,,GP3,0.11443,0.80581,0.4151,0.9713,normalised
73.3766655921936,,,0.11369,0.80575,1,,,,,,,,,GP3,0.11369,0.80575,0.4151,0.9713,normalised
73.3933892250061,,,0.11346,0.80604,1,,,,,,,,,GP3,0.11346,0.80604,0.4151,0.9713,normalised
73.4079077243805,,,0.11279,0.80622,1,,,,,,,,,GP3,0.11279,0.80622,0.4151,0.9713,normalised
73.42455410957336,,,0.11216,0.80639,1,,,,,,,,,GP3,0.11216,0.80639,0.4151,0.9713,normalised
73.44063901901245,,,0.11222,0.80632,1,,,,,,,,,GP3,0.11222,0.80632,0.4151,0.9713,normalised
73.45824670791626,,,0.11172,0.80585,1,,,,,,,,,GP3,0.11172,0.80585,0.4151,0.9713,normalised
73.4726939201355,,,0.11124,0.8054,1,,,,,,,,,GP3,0.11124,0.8054,0.4151,0.9713,normalised
73.48840475082397,,,0.11116,0.80516,1,,,,,,,,,GP3,0.11116,0.80516,0.4151,0.9713,normalised
73.50582385063171,,,0.11084,0.80511,1,,,,,,,,,GP3,0.11084,0.80511,0.4151,0.9713,normalised
73.52243256568909,,,0.11053,0.80506,1,,,,,,,,,GP3,0.11053,0.80506,0.4151,0.9713,normalised
73.53949475288391,,,0.10882,0.80591,1,,,,,,,,,GP3,0.10882,0.80591,0.4151,0.9713,normalised
73.5540223121643,,,0.10917,0.80651,1,,,,,,,,,GP3,0.10917,0.80651,0.4151,0.9713,normalised
73.57154965400696,,,0.10952,0.8071,1,,,,,,,,,GP3,0.10952,0.8071,0.4151,0.9713,normalised
73.58521389961243,,,0.10901,0.80736,1,,,,,,,,,GP3,0.10901,0.80736,0.4151,0.9713,normalised
73.60366010665894,,,0.10835,0.80729,1,,,,,,,,,GP3,0.10835,0.80729,0.4151,0.9713,normalised
73.61845350265503,,,0.10768,0.80722,1,,,,,,,,,GP3,0.10768,0.80722,0.4151,0.9713,normalised
73.63638114929199,,,0.10738,0.80713,1,,,,,,,,,GP3,0.10738,0.80713,0.4151,0.9713,normalised
73.65098166465759,,,0.10676,0.80701,1,,,,,,,,,GP3,0.10676,0.80701,0.4151,0.9713,normalised
73.66850590705872,,,0.10613,0.80688,1,,,,,,,,,GP3,0.10613,0.80688,0.4151,0.9713,normalised
73.68312644958496,,,0.1065,0.80705,1,,,,,,,,,GP3,0.1065,0.80705,0.4151,0.9713,normalised
73.70064353942871,,,0.10703,0.80699,1,,,,,,,,,GP3,0.10703,0.80699,0.4151,0.9713,normalised
73.71518731117249,,,0.10756,0.80693,1,,,,,,,,,GP3,0.10756,0.80693,0.4151,0.9713,normalised
73.73223447799683,,,0.10764,0.80709,1,,,,,,,,,GP3,0.10764,0.80709,0.4151,0.9713,normalised
73.74709010124207,,,0.10806,0.80711,1,,,,,,,,,GP3,0.10806,0.80711,0.4151,0.9713,normalised
73.76460909843445,,,0.10849,0.80714,1,,,,,,,,,GP3,0.10849,0.80714,0.4151,0.9713,normalised
73.77922010421753,,,0.10875,0.80682,1,,,,,,,,,GP3,0.10875,0.80682,0.4151,0.9713,normalised
73.79556679725647,,,0.10899,0.80675,1,,,,,,,,,GP3,0.10899,0.80675,0.4151,0.9713,normalised
73.81309342384338,,,0.10922,0.80668,1,,,,,,,,,GP3,0.10922,0.80668,0.4151,0.9713,normalised
73.82955932617188,,,0.10928,0.80682,1,,,,,,,,,GP3,0.10928,0.80682,0.4151,0.9713,normalised
73.84530901908875,,,0.10968,0.80696,1,,,,,,,,,GP3,0.10968,0.80696,0.4151,0.9713,normalised
73.86298084259033,,,0.10878,0.8058,1,,,,,,,,,GP3,0.10878,0.8058,0.4151,0.9713,normalised
73.87672519683838,,,0.10604,0.80304,1,,,,,,,,,GP3,0.10604,0.80304,0.4151,0.9713,normalised
73.89450645446777,,,0.09759,0.77131,0,,,,,,,,,GP3,0.09759,0.77131,0.4151,0.9713,normalised
73.90892720222473,,,-0.02411,0.64673,0,,,,,,,,,GP3,-0.02411,0.64673,0.4151,0.9713,normalised
73.9258770942688,,,-0.09098,0.59078,0,,,,,,,,,GP3,-0.09098,0.59078,0.4151,0.9713,normalised
73.94239211082458,,,-0.17526,0.48833,0,,,,,,,,,GP3,-0.17526,0.48833,0.4151,0.9713,normalised
73.9600157737732,,,-0.16526,0.47615,0,,,,,,,,,GP3,-0.16526,0.47615,0.4151,0.9713,normalised
73.97461795806885,,,-0.1807,0.4772,0,,,,,,,,,GP3,-0.1807,0.4772,0.4151,0.9713,normalised
73.99239563941956,,,-0.06187,0.70043,0,,,,,,,,,GP3,-0.06187,0.70043,0.4151,0.9713,normalised
74.00991725921631,,,0.05968,0.92921,0,,,,,,,,,GP3,0.05968,0.92921,0.4151,0.9713,normalised
74.02387881278992,,,0.05968,0.92921,0,,,,,,,,,GP3,0.05968,0.92921,0.4151,0.9713,normalised
74.04406809806824,,,0.18123,1.158,0,,,,,,,,,GP3,0.18123,1.158,0.4151,0.9713,normalised
74.05863451957703,,,0.18123,1.158,0,,,,,,,,,GP3,0.18123,1.158,0.4151,0.9713,normalised
74.07518458366394,,,0.18123,1.158,0,,,,,,,,,GP3,0.18123,1.158,0.4151,0.9713,normalised
74.0899863243103,,,0.0,0.0,0,,,,,,,,,GP3,0.0,0.0,0.4151,0.9713,normalised
74.10873031616211,,,0.0,0.0,0,,,,,,,,,GP3,0.0,0.0,0.4151,0.9713,normalised
74.1222813129425,,,0.0,0.0,0,,,,,,,,,GP3,0.0,0.0,0.4151,0.9713,normalised
74.14258003234863,,,0.0,0.0,0,,,,,,,,,GP3,0.0,0.0,0.4151,0.9713,normalised
74.15422344207764,,,0.0,0.0,0,,,,,,,,,GP3,0.0,0.0,0.4151,0.9713,normalised
74.17381429672241,,,0.0,0.0,0,,,,,,,,,GP3,0.0,0.0,0.4151,0.9713,normalised
74.18833637237549,,,0.0,0.0,0,,,,,,,,,GP3,0.0,0.0,0.4151,0.9713,normalised
74.20705389976501,,,0.0,0.0,0,,,,,,,,,GP3,0.0,0.0,0.4151,0.9713,normalised
74.22146582603455,,,0.0,0.0,0,,,,,,,,,GP3,0.0,0.0,0.4151,0.9713,normalised
74.2377724647522,,,0.0,0.0,0,,,,,,,,,GP3,0.0,0.0,0.4151,0.9713,normalised
74.2553825378418,,,0.0,0.0,0,,,,,,,,,GP3,0.0,0.0,0.4151,0.9713,normalised
74.27281761169434,,,0.0,0.0,0,,,,,,,,,GP3,0.0,0.0,0.4151,0.9713,normalised
74.2874402999878,,,0.0,0.0,0,,,,,,,,,GP3,0.0,0.0,0.4151,0.9713,normalised
74.30455446243286,,,0.0,0.0,0,,,,,,,,,GP3,0.0,0.0,0.4151,0.9713,normalised
74.31906700134277,,,0.0,0.0,0,,,,,,,,,GP3,0.0,0.0,0.4151,0.9713,normalised
74.33741021156311,,,0.0,0.0,0,,,,,,,,,GP3,0.0,0.0,0.4151,0.9713,normalised
74.35324454307556,,,0.09061,0.579,0,,,,,,,,,GP3,0.09061,0.579,0.4151,0.9713,normalised
74.36579585075378,,,-0.02567,0.55751,0,,,,,,,,,GP3,-0.02567,0.55751,0.4151,0.9713,normalised
74.37837481498718,,,-0.11899,0.72882,0,,,,,,,,,GP3,-0.11899,0.72882,0.4151,0.9713,normalised
74.3938775062561,,,-0.19947,0.62136,0,,,,,,,,,GP3,-0.19947,0.62136,0.4151,0.9713,normalised
74.41168212890625,,,-0.21689,0.59241,0,,,,,,,,,GP3,-0.21689,0.59241,0.4151,0.9713,normalised
74.42739510536194,,,-0.26615,0.53038,0,,,,,,,,,GP3,-0.26615,0.53038,0.4151,0.9713,normalised
74.44276762008667,,,-0.26646,0.53656,0,,,,,,,,,GP3,-0.26646,0.53656,0.4151,0.9713,normalised
74.46044421195984,,,-0.25749,0.53783,0,,,,,,,,,GP3,-0.25749,0.53783,0.4151,0.9713,normalised
74.47505688667297,,,-0.26299,0.54103,1,,,,,,,,,GP3,-0.26299,0.54103,0.4151,0.9713,normalised
74.49188899993896,,,-0.26629,0.54296,1,,,,,,,,,GP3,-0.26629,0.54296,0.4151,0.9713,normalised
74.50810742378235,,,-0.26389,0.54413,1,,,,,,,,,GP3,-0.26389,0.54413,0.4151,0.9713,normalised
74.52328777313232,,,-0.26236,0.54474,1,,,,,,,,,GP3,-0.26236,0.54474,0.4151,0.9713,normalised
74.54046630859375,,,-0.26121,0.5452,1,,,,,,,,,GP3,-0.26121,0.5452,0.4151,0.9713,normalised
74.55618667602539,,,-0.25857,0.54295,1,,,,,,,,,GP3,-0.25857,0.54295,0.4151,0.9713,normalised
74.57399153709412,,,-0.25742,0.54329,1,,,,,,,,,GP3,-0.25742,0.54329,0.4151,0.9713,normalised
74.58862590789795,,,-0.25647,0.54356,1,,,,,,,,,GP3,-0.25647,0.54356,0.4151,0.9713,normalised
74.60547137260437,,,-0.25456,0.54345,1,,,,,,,,,GP3,-0.25456,0.54345,0.4151,0.9713,normalised
74.62309503555298,,,-0.25252,0.542,1,,,,,,,,,GP3,-0.25252,0.542,0.4151,0.9713,normalised
74.63720989227295,,,-0.25077,0.54076,1,,,,,,,,,GP3,-0.25077,0.54076,0.4151,0.9713,normalised
74.6547179222107,,,-0.25017,0.54072,1,,,,,,,,,GP3,-0.25017,0.54072,0.4151,0.9713,normalised
74.67225623130798,,,-0.24924,0.54155,1,,,,,,,,,GP3,-0.24924,0.54155,0.4151,0.9713,normalised
74.68496608734131,,,-0.24841,0.54228,1,,,,,,,,,GP3,-0.24841,0.54228,0.4151,0.9713,normalised
74.70764422416687,,,-0.24682,0.54026,1,,,,,,,,,GP3,-0.24682,0.54026,0.4151,0.9713,normalised
74.71835112571716,,,-0.24387,0.53733,1,,,,,,,,,GP3,-0.24387,0.53733,0.4151,0.9713,normalised
74.73523211479187,,,-0.24121,0.5347,1,,,,,,,,,GP3,-0.24121,0.5347,0.4151,0.9713,normalised
74.75115823745728,,,-0.23863,0.53263,1,,,,,,,,,GP3,-0.23863,0.53263,0.4151,0.9713,normalised
74.76857304573059,,,-0.23508,0.53113,1,,,,,,,,,GP3,-0.23508,0.53113,0.4151,0.9713,normalised
74.78307771682739,,,-0.20927,0.51712,0,,,,,,,,,GP3,-0.20927,0.51712,0.4151,0.9713,normalised
74.80064511299133,,,-0.20297,0.51305,0,,,,,,,,,GP3,-0.20297,0.51305,0.4151,0.9713,normalised
74.8152105808258,,,-0.18856,0.50924,0,,,,,,,,,GP3,-0.18856,0.50924,0.4151,0.9713,normalised
74.83142805099487,,,-0.18136,0.50734,1,,,,,,,,,GP3,-0.18136,0.50734,0.4151,0.9713,normalised
74.84811329841614,,,-0.18466,0.50637,1,,,,,,,,,GP3,-0.18466,0.50637,0.4151,0.9713,normalised
74.8650279045105,,,-0.18602,0.50192,1,,,,,,,,,GP3,-0.18602,0.50192,0.4151,0.9713,normalised
74.88099479675293,,,-0.18699,0.49874,1,,,,,,,,,GP3,-0.18699,0.49874,0.4151,0.9713,normalised
74.89549803733826,,,-0.19147,0.49995,1,,,,,,,,,GP3,-0.19147,0.49995,0.4151,0.9713,normalised
74.912513256073,,,-0.19282,0.5018,1,,,,,,,,,GP3,-0.19282,0.5018,0.4151,0.9713,normalised
74.93053007125854,,,-0.19389,0.50328,1,,,,,,,,,GP3,-0.19389,0.50328,0.4151,0.9713,normalised
74.94473314285278,,,-0.19424,0.50469,1,,,,,,,,,GP3,-0.19424,0.50469,0.4151,0.9713,normalised
74.9620988368988,,,-0.19188,0.50611,1,,,,,,,,,GP3,-0.19188,0.50611,0.4151,0.9713,normalised
74.97710871696472,,,-0.18988,0.50731,1,,,,,,,,,GP3,-0.18988,0.50731,0.4151,0.9713,normalised
74.9928297996521,,,-0.19159,0.50834,1,,,,,,,,,GP3,-0.19159,0.50834,0.4151,0.9713,normalised
75.00848031044006,,,-0.19362,0.50938,1,,,,,,,,,GP3,-0.19362,0.50938,0.4151,0.9713,normalised
75.02500891685486,,,-0.1954,0.51028,1,,,,,,,,,GP3,-0.1954,0.51028,0.4151,0.9713,normalised
75.04184579849243,,,-0.19755,0.50901,1,,,,,,,,,GP3,-0.19755,0.50901,0.4151,0.9713,normalised
75.05744743347168,,,-0.20018,0.50907,1,,,,,,,,,GP3,-0.20018,0.50907,0.4151,0.9713,normalised
75.07368350028992,,,-0.20253,0.50912,1,,,,,,,,,GP3,-0.20253,0.50912,0.4151,0.9713,normalised
75.09030222892761,,,-0.20427,0.50961,1,,,,,,,,,GP3,-0.20427,0.50961,0.4151,0.9713,normalised
75.10858249664307,,,-0.2055,0.51077,1,,,,,,,,,GP3,-0.2055,0.51077,0.4151,0.9713,normalised
75.12300324440002,,,-0.2158,0.50326,1,,,,,,,,,GP3,-0.2158,0.50326,0.4151,0.9713,normalised
75.14016723632812,,,-0.27908,0.47542,0,,,,,,,,,GP3,-0.27908,0.47542,0.4151,0.9713,normalised
75.15614676475525,,,-0.63302,0.28233,0,,,,,,,,,GP3,-0.63302,0.28233,0.4151,0.9713,normalised
75.1736650466919,,,-0.83186,0.20416,0,,,,,,,,,GP3,-0.83186,0.20416,0.4151,0.9713,normalised
75.18723750114441,,,-1.17195,0.08701,0,,,,,,,,,GP3,-1.17195,0.08701,0.4151,0.9713,normalised
75.20374011993408,,,-1.23691,0.11824,0,,,,,,,,,GP3,-1.23691,0.11824,0.4151,0.9713,normalised
75.22055244445801,,,-1.25856,0.12865,0,,,,,,,,,GP3,-1.25856,0.12865,0.4151,0.9713,normalised
75.2380645275116,,,-1.38912,0.20908,0,,,,,,,,,GP3,-1.38912,0.20908,0.4151,0.9713,normalised
75.2536768913269,,,-1.91805,0.24567,0,,,,,,,,,GP3,-1.91805,0.24567,0.4151,0.9713,normalised
75.27030324935913,,,-2.09436,0.25787,0,,,,,,,,,GP3,-2.09436,0.25787,0.4151,0.9713,normalised
75.28502750396729,,,-1.83704,-0.11303,0,,,,,,,,,GP3,-1.83704,-0.11303,0.4151,0.9713,normalised
75.30250287055969,,,-1.35242,-0.4033,0,,,,,,,,,GP3,-1.35242,-0.4033,0.4151,0.9713,normalised
75.31625032424927,,,-1.19088,-0.50006,0,,,,,,,,,GP3,-1.19088,-0.50006,0.4151,0.9713,normalised
75.33399605751038,,,-0.50443,-1.53738,0,,,,,,,,,GP3,-0.50443,-1.53738,0.4151,0.9713,normalised
75.35138273239136,,,-0.14548,-2.35834,0,,,,,,,,,GP3,-0.14548,-2.35834,0.4151,0.9713,normalised
75.36688470840454,,,-0.02584,-2.632,0,,,,,,,,,GP3,-0.02584,-2.632,0.4151,0.9713,normalised
75.38448572158813,,,0.23937,-3.22435,0,,,,,,,,,GP3,0.23937,-3.22435,0.4151,0.9713,normalised
75.39904522895813,,,0.26403,-3.25013,0,,,,,,,,,GP3,0.26403,-3.25013,0.4151,0.9713,normalised
75.41395998001099,,,0.27225,-3.25872,0,,,,,,,,,GP3,0.27225,-3.25872,0.4151,0.9713,normalised
75.43111324310303,,,0.31861,-3.33018,0,,,,,,,,,GP3,0.31861,-3.33018,0.4151,0.9713,normalised
75.44699239730835,,,0.30869,-3.31332,0,,,,,,,,,GP3,0.30869,-3.31332,0.4151,0.9713,normalised
75.4635066986084,,,0.30538,-3.30771,0,,,,,,,,,GP3,0.30538,-3.30771,0.4151,0.9713,normalised
75.47793102264404,,,0.20456,-3.13185,0,,,,,,,,,GP3,0.20456,-3.13185,0.4151,0.9713,normalised
75.49533891677856,,,-0.05318,-2.68133,0,,,,,,,,,GP3,-0.05318,-2.68133,0.4151,0.9713,normalised
75.50991034507751,,,-0.13996,-2.48619,0,,,,,,,,,GP3,-0.13996,-2.48619,0.4151,0.9713,normalised
75.52816104888916,,,0.08811,-2.95095,0,,,,,,,,,GP3,0.08811,-2.95095,0.4151,0.9713,normalised
75.54278492927551,,,0.49149,-3.56011,0,,,,,,,,,GP3,0.49149,-3.56011,0.4151,0.9713,normalised
75.55947160720825,,,0.63349,-3.56538,0,,,,,,,,,GP3,0.63349,-3.56538,0.4151,0.9713,normalised
75.57543540000916,,,0.92307,-3.60672,0,,,,,,,,,GP3,0.92307,-3.60672,0.4151,0.9713,normalised
75.59171843528748,,,0.93292,-3.13823,0,,,,,,,,,GP3,0.93292,-3.13823,0.4151,0.9713,normalised
75.60753130912781,,,0.93275,-2.93728,0,,,,,,,,,GP3,0.93275,-2.93728,0.4151,0.9713,normalised
75.62510371208191,,,0.89267,-2.55687,0,,,,,,,,,GP3,0.89267,-2.55687,0.4151,0.9713,normalised
75.64093589782715,,,0.76471,-2.58835,0,,,,,,,,,GP3,0.76471,-2.58835,0.4151,0.9713,normalised
75.65744423866272,,,0.72343,-2.71284,0,,,,,,,,,GP3,0.72343,-2.71284,0.4151,0.9713,normalised
75.67306709289551,,,0.81811,-3.49625,0,,,,,,,,,GP3,0.81811,-3.49625,0.4151,0.9713,normalised
75.69050812721252,,,1.02472,-4.14062,0,,,,,,,,,GP3,1.02472,-4.14062,0.4151,0.9713,normalised
75.70625567436218,,,1.09359,-4.35542,0,,,,,,,,,GP3,1.09359,-4.35542,0.4151,0.9713,normalised
75.72291731834412,,,1.20785,-4.82987,0,,,,,,,,,GP3,1.20785,-4.82987,0.4151,0.9713,normalised
75.73898983001709,,,1.19888,-4.92098,0,,,,,,,,,GP3,1.19888,-4.92098,0.4151,0.9713,normalised
75.75393795967102,,,1.19588,-4.95135,0,,,,,,,,,GP3,1.19588,-4.95135,0.4151,0.9713,normalised
75.77163052558899,,,1.19499,-4.98792,0,,,,,,,,,GP3,1.19499,-4.98792,0.4151,0.9713,normalised
75.78824782371521,,,1.22462,-4.97996,0,,,,,,,,,GP3,1.22462,-4.97996,0.4151,0.9713,normalised
75.8026750087738,,,1.23449,-4.9773,0,,,,,,,,,GP3,1.23449,-4.9773,0.4151,0.9713,normalised
75.81931328773499,,,1.22924,-4.94353,1,,,,,,,,,GP3,1.22924,-4.94353,0.4151,0.9713,normalised
75.8354754447937,,,1.23935,-4.91909,1,,,,,,,,,GP3,1.23935,-4.91909,0.4151,0.9713,normalised
75.8533821105957,,,1.24609,-4.9028,1,,,,,,,,,GP3,1.24609,-4.9028,0.4151,0.9713,normalised
75.86791276931763,,,1.23435,-4.89978,1,,,,,,,,,GP3,1.23435,-4.89978,0.4151,0.9713,normalised
75.88530611991882,,,1.23428,-4.87247,1,,,,,,,,,GP3,1.23428,-4.87247,0.4151,0.9713,normalised
75.8999674320221,,,1.23422,-4.85124,1,,,,,,,,,GP3,1.23422,-4.85124,0.4151,0.9713,normalised
75.91622972488403,,,1.23228,-4.83306,1,,,,,,,,,GP3,1.23228,-4.83306,0.4151,0.9713,normalised
75.93351602554321,,,1.23106,-4.81119,1,,,,,,,,,GP3,1.23106,-4.81119,0.4151,0.9713,normalised
75.95000791549683,,,1.23249,-4.78024,1,,,,,,,,,GP3,1.23249,-4.78024,0.4151,0.9713,normalised
75.9659013748169,,,1.23254,-4.73461,1,,,,,,,,,GP3,1.23254,-4.73461,0.4151,0.9713,normalised
75.98034429550171,,,1.23743,-4.62484,0,,,,,,,,,GP3,1.23743,-4.62484,0.4151,0.9713,normalised
75.99504852294922,,,1.25948,-4.12799,0,,,,,,,,,GP3,1.25948,-4.12799,0.4151,0.9713,normalised
76.01555681228638,,,1.25341,-3.95938,0,,,,,,,,,GP3,1.25341,-3.95938,0.4151,0.9713,normalised
76.03011083602905,,,1.26395,-3.64099,0,,,,,,,,,GP3,1.26395,-3.64099,0.4151,0.9713,normalised
76.04426980018616,,,1.27227,-3.59865,0,,,,,,,,,GP3,1.27227,-3.59865,0.4151,0.9713,normalised
76.06199812889099,,,1.26565,-3.51833,0,,,,,,,,,GP3,1.26565,-3.51833,0.4151,0.9713,normalised
76.07686018943787,,,1.26469,-3.35596,0,,,,,,,,,GP3,1.26469,-3.35596,0.4151,0.9713,normalised
76.09267330169678,,,1.26485,-2.99787,0,,,,,,,,,GP3,1.26485,-2.99787,0.4151,0.9713,normalised
76.10880470275879,,,1.24696,-2.67739,0,,,,,,,,,GP3,1.24696,-2.67739,0.4151,0.9713,normalised
76.12532997131348,,,1.21437,-2.06721,0,,,,,,,,,GP3,1.21437,-2.06721,0.4151,0.9713,normalised
76.14209318161011,,,1.1556,-1.5483,0,,,,,,,,,GP3,1.1556,-1.5483,0.4151,0.9713,normalised
76.15755558013916,,,1.12538,-1.31729,0,,,,,,,,,GP3,1.12538,-1.31729,0.4151,0.9713,normalised
76.17426419258118,,,1.07664,-0.91302,0,,,,,,,,,GP3,1.07664,-0.91302,0.4151,0.9713,normalised
76.19004845619202,,,1.07241,-0.88371,0,,,,,,,,,GP3,1.07241,-0.88371,0.4151,0.9713,normalised
76.2067551612854,,,1.07423,-0.89284,0,,,,,,,,,GP3,1.07423,-0.89284,0.4151,0.9713,normalised
76.22417998313904,,,1.076,-0.88885,1,,,,,,,,,GP3,1.076,-0.88885,0.4151,0.9713,normalised
76.23835921287537,,,1.08596,-0.94833,1,,,,,,,,,GP3,1.08596,-0.94833,0.4151,0.9713,normalised
76.25482726097107,,,1.10416,-1.09774,0,,,,,,,,,GP3,1.10416,-1.09774,0.4151,0.9713,normalised
76.27048397064209,,,1.15499,-1.63041,0,,,,,,,,,GP3,1.15499,-1.63041,0.4151,0.9713,normalised
76.28787231445312,,,1.17944,-1.97953,0,,,,,,,,,GP3,1.17944,-1.97953,0.4151,0.9713,normalised
76.3023898601532,,,1.22925,-2.57099,0,,,,,,,,,GP3,1.22925,-2.57099,0.4151,0.9713,normalised
76.32013654708862,,,1.23613,-2.70537,0,,,,,,,,,GP3,1.23613,-2.70537,0.4151,0.9713,normalised
76.33817911148071,,,1.23842,-2.75016,0,,,,,,,,,GP3,1.23842,-2.75016,0.4151,0.9713,normalised
76.35291457176208,,,1.2463,-2.84402,0,,,,,,,,,GP3,1.2463,-2.84402,0.4151,0.9713,normalised
76.37032341957092,,,1.24625,-2.88555,0,,,,,,,,,GP3,1.24625,-2.88555,0.4151,0.9713,normalised
76.38404536247253,,,1.24624,-2.8994,0,,,,,,,,,GP3,1.24624,-2.8994,0.4151,0.9713,normalised
76.39977288246155,,,1.24747,-2.87854,1,,,,,,,,,GP3,1.24747,-2.87854,0.4151,0.9713,normalised
76.41553330421448,,,1.25744,-2.89231,1,,,,,,,,,GP3,1.25744,-2.89231,0.4151,0.9713,normalised
76.43222069740295,,,1.26408,-2.90149,1,,,,,,,,,GP3,1.26408,-2.90149,0.4151,0.9713,normalised
76.44976091384888,,,1.26288,-2.89847,1,,,,,,,,,GP3,1.26288,-2.89847,0.4151,0.9713,normalised
76.46619915962219,,,1.27137,-2.91029,1,,,,,,,,,GP3,1.27137,-2.91029,0.4151,0.9713,normalised
76.48149466514587,,,1.27797,-2.91948,1,,,,,,,,,GP3,1.27797,-2.91948,0.4151,0.9713,normalised
76.49907803535461,,,1.28233,-2.92361,1,,,,,,,,,GP3,1.28233,-2.92361,0.4151,0.9713,normalised
76.51283049583435,,,1.29082,-2.93141,1,,,,,,,,,GP3,1.29082,-2.93141,0.4151,0.9713,normalised
76.53030157089233,,,1.29789,-2.9379,1,,,,,,,,,GP3,1.29789,-2.9379,0.4151,0.9713,normalised
76.54555463790894,,,1.29811,-2.92566,1,,,,,,,,,GP3,1.29811,-2.92566,0.4151,0.9713,normalised
76.56203365325928,,,1.30291,-2.91682,1,,,,,,,,,GP3,1.30291,-2.91682,0.4151,0.9713,normalised
76.57956171035767,,,1.30708,-2.90915,1,,,,,,,,,GP3,1.30708,-2.90915,0.4151,0.9713,normalised
76.59615325927734,,,1.30629,-2.90546,1,,,,,,,,,GP3,1.30629,-2.90546,0.4151,0.9713,normalised
76.61138725280762,,,1.30662,-2.90043,1,,,,,,,,,GP3,1.30662,-2.90043,0.4151,0.9713,normalised
76.62592124938965,,,1.30692,-2.89595,1,,,,,,,,,GP3,1.30692,-2.89595,0.4151,0.9713,normalised
76.64387917518616,,,1.33087,-2.8848,0,,,,,,,,,GP3,1.33087,-2.8848,0.4151,0.9713,normalised
76.65869951248169,,,1.32126,-2.83853,0,,,,,,,,,GP3,1.32126,-2.83853,0.4151,0.9713,normalised
76.67611408233643,,,1.31806,-2.82311,0,,,,,,,,,GP3,1.31806,-2.82311,0.4151,0.9713,normalised
76.69182109832764,,,1.3181,-2.81961,1,,,,,,,,,GP3,1.3181,-2.81961,0.4151,0.9713,normalised
76.70958518981934,,,1.33106,-2.79819,1,,,,,,,,,GP3,1.33106,-2.79819,0.4151,0.9713,normalised
76.7231969833374,,,1.3397,-2.7839,1,,,,,,,,,GP3,1.3397,-2.7839,0.4151,0.9713,normalised
76.74182057380676,,,1.33847,-2.76925,1,,,,,,,,,GP3,1.33847,-2.76925,0.4151,0.9713,normalised
76.75843811035156,,,1.34034,-2.73872,1,,,,,,,,,GP3,1.34034,-2.73872,0.4151,0.9713,normalised
76.77232432365417,,,1.34179,-2.71497,1,,,,,,,,,GP3,1.34179,-2.71497,0.4151,0.9713,normalised
76.78974795341492,,,1.33166,-2.69915,1,,,,,,,,,GP3,1.33166,-2.69915,0.4151,0.9713,normalised
76.80726170539856,,,1.32466,-2.68532,1,,,,,,,,,GP3,1.32466,-2.68532,0.4151,0.9713,normalised
76.8212296962738,,,1.31883,-2.6738,1,,,,,,,,,GP3,1.31883,-2.6738,0.4151,0.9713,normalised
76.83788657188416,,,1.31332,-2.67047,1,,,,,,,,,GP3,1.31332,-2.67047,0.4151,0.9713,normalised
76.85243511199951,,,1.30791,-2.63659,0,,,,,,,,,GP3,1.30791,-2.63659,0.4151,0.9713,normalised
76.86924314498901,,,1.28074,-2.74278,0,,,,,,,,,GP3,1.28074,-2.74278,0.4151,0.9713,normalised
76.88688850402832,,,1.27718,-2.99052,0,,,,,,,,,GP3,1.27718,-2.99052,0.4151,0.9713,normalised
76.90150165557861,,,1.28355,-3.45142,0,,,,,,,,,GP3,1.28355,-3.45142,0.4151,0.9713,normalised
76.91916131973267,,,1.29475,-3.9838,0,,,,,,,,,GP3,1.29475,-3.9838,0.4151,0.9713,normalised
76.93577909469604,,,1.28559,-4.21172,0,,,,,,,,,GP3,1.28559,-4.21172,0.4151,0.9713,normalised
76.95238709449768,,,1.2706,-4.67188,0,,,,,,,,,GP3,1.2706,-4.67188,0.4151,0.9713,normalised
76.96651005744934,,,1.30025,-4.47063,0,,,,,,,,,GP3,1.30025,-4.47063,0.4151,0.9713,normalised
76.98401832580566,,,1.29606,-4.04375,0,,,,,,,,,GP3,1.29606,-4.04375,0.4151,0.9713,normalised
76.9987587928772,,,1.2912,-3.2491,0,,,,,,,,,GP3,1.2912,-3.2491,0.4151,0.9713,normalised
77.01630997657776,,,1.22279,-2.30622,0,,,,,,,,,GP3,1.22279,-2.30622,0.4151,0.9713,normalised
77.03057384490967,,,1.17854,-1.8686,0,,,,,,,,,GP3,1.17854,-1.8686,0.4151,0.9713,normalised
77.04973340034485,,,1.11722,-1.12977,0,,,,,,,,,GP3,1.11722,-1.12977,0.4151,0.9713,normalised
77.06348776817322,,,1.11222,-1.08119,0,,,,,,,,,GP3,1.11222,-1.08119,0.4151,0.9713,normalised
77.08088302612305,,,1.10896,-1.04153,0,,,,,,,,,GP3,1.10896,-1.04153,0.4151,0.9713,normalised
77.09694290161133,,,1.11178,-0.99329,0,,,,,,,,,GP3,1.11178,-0.99329,0.4151,0.9713,normalised
77.1134238243103,,,1.15782,-1.36312,0,,,,,,,,,GP3,1.15782,-1.36312,0.4151,0.9713,normalised
77.1274185180664,,,1.18995,-1.8976,0,,,,,,,,,GP3,1.18995,-1.8976,0.4151,0.9713,normalised
77.14783263206482,,,1.21798,-2.99528,0,,,,,,,,,GP3,1.21798,-2.99528,0.4151,0.9713,normalised
77.16140151023865,,,1.12786,-4.35819,0,,,,,,,,,GP3,1.12786,-4.35819,0.4151,0.9713,normalised
77.17584156990051,,,1.08996,-4.98398,0,,,,,,,,,GP3,1.08996,-4.98398,0.4151,0.9713,normalised
77.19344210624695,,,1.05469,-6.05526,0,,,,,,,,,GP3,1.05469,-6.05526,0.4151,0.9713,normalised
77.21088671684265,,,1.08343,-6.13219,0,,,,,,,,,GP3,1.08343,-6.13219,0.4151,0.9713,normalised
77.22580456733704,,,1.04925,-6.12848,0,,,,,,,,,GP3,1.04925,-6.12848,0.4151,0.9713,normalised
77.24137496948242,,,1.02645,-6.16874,0,,,,,,,,,GP3,1.02645,-6.16874,0.4151,0.9713,normalised
77.25892972946167,,,1.04465,-6.06081,0,,,,,,,,,GP3,1.04465,-6.06081,0.4151,0.9713,normalised
77.27381467819214,,,1.07262,-5.88186,0,,,,,,,,,GP3,1.07262,-5.88186,0.4151,0.9713,normalised
77.29121041297913,,,1.11861,-5.59453,0,,,,,,,,,GP3,1.11861,-5.59453,0.4151,0.9713,normalised
77.3058717250824,,,1.13407,-5.34748,0,,,,,,,,,GP3,1.13407,-5.34748,0.4151,0.9713,normalised
77.32248330116272,,,1.12302,-5.36406,0,,,,,,,,,GP3,1.12302,-5.36406,0.4151,0.9713,normalised
77.33961033821106,,,1.1104,-5.48138,0,,,,,,,,,GP3,1.1104,-5.48138,0.4151,0.9713,normalised
77.35422158241272,,,1.06646,-5.94946,0,,,,,,,,,GP3,1.06646,-5.94946,0.4151,0.9713,normalised
77.37043356895447,,,1.04171,-6.11211,0,,,,,,,,,GP3,1.04171,-6.11211,0.4151,0.9713,normalised
77.38618731498718,,,1.0116,-6.51975,0,,,,,,,,,GP3,1.0116,-6.51975,0.4151,0.9713,normalised
77.40390682220459,,,1.05401,-6.48978,0,,,,,,,,,GP3,1.05401,-6.48978,0.4151,0.9713,normalised
77.41859912872314,,,1.09426,-6.26856,0,,,,,,,,,GP3,1.09426,-6.26856,0.4151,0.9713,normalised
77.43601751327515,,,1.1574,-5.93377,0,,,,,,,,,GP3,1.1574,-5.93377,0.4151,0.9713,normalised
77.45326280593872,,,1.23451,-5.24304,0,,,,,,,,,GP3,1.23451,-5.24304,0.4151,0.9713,normalised
77.46766090393066,,,1.26254,-4.64078,0,,,,,,,,,GP3,1.26254,-4.64078,0.4151,0.9713,normalised
77.48384833335876,,,1.30699,-3.54351,0,,,,,,,,,GP3,1.30699,-3.54351,0.4151,0.9713,normalised
77.50144624710083,,,1.26485,-2.68816,0,,,,,,,,,GP3,1.26485,-2.68816,0.4151,0.9713,normalised
77.51613354682922,,,1.23438,-2.3017,0,,,,,,,,,GP3,1.23438,-2.3017,0.4151,0.9713,normalised
77.53333806991577,,,1.19336,-1.62095,0,,,,,,,,,GP3,1.19336,-1.62095,0.4151,0.9713,normalised
77.54987931251526,,,1.18863,-1.5611,0,,,,,,,,,GP3,1.18863,-1.5611,0.4151,0.9713,normalised
77.56553316116333,,,1.1838,-1.55306,0,,,,,,,,,GP3,1.1838,-1.55306,0.4151,0.9713,normalised
77.58215951919556,,,1.1849,-1.51238,0,,,,,,,,,GP3,1.1849,-1.51238,0.4151,0.9713,normalised
77.59877562522888,,,1.18634,-1.46675,0,,,,,,,,,GP3,1.18634,-1.46675,0.4151,0.9713,normalised
77.61358189582825,,,1.17699,-1.39911,0,,,,,,,,,GP3,1.17699,-1.39911,0.4151,0.9713,normalised
77.6302535533905,,,1.16416,-1.27188,0,,,,,,,,,GP3,1.16416,-1.27188,0.4151,0.9713,normalised
77.64707136154175,,,1.14558,-1.14182,0,,,,,,,,,GP3,1.14558,-1.14182,0.4151,0.9713,normalised
77.66119456291199,,,1.12738,-1.09156,0,,,,,,,,,GP3,1.12738,-1.09156,0.4151,0.9713,normalised
77.677725315094,,,1.09365,-0.99331,0,,,,,,,,,GP3,1.09365,-0.99331,0.4151,0.9713,normalised
77.69333481788635,,,1.09489,-1.12113,0,,,,,,,,,GP3,1.09489,-1.12113,0.4151,0.9713,normalised
77.71019530296326,,,1.11775,-1.31687,0,,,,,,,,,GP3,1.11775,-1.31687,0.4151,0.9713,normalised
77.72673797607422,,,1.1421,-1.67905,0,,,,,,,,,GP3,1.1421,-1.67905,0.4151,0.9713,normalised
77.74178409576416,,,1.16447,-2.09916,0,,,,,,,,,GP3,1.16447,-2.09916,0.4151,0.9713,normalised
77.76027083396912,,,1.1901,-2.31165,0,,,,,,,,,GP3,1.1901,-2.31165,0.4151,0.9713,normalised
77.77469038963318,,,1.21825,-2.65229,0,,,,,,,,,GP3,1.21825,-2.65229,0.4151,0.9713,normalised
77.79173803329468,,,1.22239,-2.67662,0,,,,,,,,,GP3,1.22239,-2.67662,0.4151,0.9713,normalised
77.80942273139954,,,1.24861,-2.71251,0,,,,,,,,,GP3,1.24861,-2.71251,0.4151,0.9713,normalised
77.8239266872406,,,1.2654,-2.74648,0,,,,,,,,,GP3,1.2654,-2.74648,0.4151,0.9713,normalised
77.8389573097229,,,1.26702,-2.75033,0,,,,,,,,,GP3,1.26702,-2.75033,0.4151,0.9713,normalised
77.85558891296387,,,1.26571,-2.74696,0,,,,,,,,,GP3,1.26571,-2.74696,0.4151,0.9713,normalised
77.87297201156616,,,1.27016,-2.75079,1,,,,,,,,,GP3,1.27016,-2.75079,0.4151,0.9713,normalised
77.88870096206665,,,1.27282,-2.75308,1,,,,,,,,,GP3,1.27282,-2.75308,0.4151,0.9713,normalised
77.90603303909302,,,1.27154,-2.76834,1,,,,,,,,,GP3,1.27154,-2.76834,0.4151,0.9713,normalised
77.91982531547546,,,1.27404,-2.79476,1,,,,,,,,,GP3,1.27404,-2.79476,0.4151,0.9713,normalised
77.9368748664856,,,1.27591,-2.81459,1,,,,,,,,,GP3,1.27591,-2.81459,0.4151,0.9713,normalised
77.95368885993958,,,1.27978,-2.81895,1,,,,,,,,,GP3,1.27978,-2.81895,0.4151,0.9713,normalised
77.9710419178009,,,1.28448,-2.8355,1,,,,,,,,,GP3,1.28448,-2.8355,0.4151,0.9713,normalised
77.98588037490845,,,1.28839,-2.82226,1,,,,,,,,,GP3,1.28839,-2.82226,0.4151,0.9713,normalised
78.0025327205658,,,1.28635,-2.76533,1,,,,,,,,,GP3,1.28635,-2.76533,0.4151,0.9713,normalised
78.01918172836304,,,1.28112,-2.68347,1,,,,,,,,,GP3,1.28112,-2.68347,0.4151,0.9713,normalised
78.03396606445312,,,1.27645,-2.62044,1,,,,,,,,,GP3,1.27645,-2.62044,0.4151,0.9713,normalised
78.05149531364441,,,1.27633,-2.56858,0,,,,,,,,,GP3,1.27633,-2.56858,0.4151,0.9713,normalised
78.06821870803833,,,1.36183,-3.04693,0,,,,,,,,,GP3,1.36183,-3.04693,0.4151,0.9713,normalised
78.08271932601929,,,1.39168,-3.56955,0,,,,,,,,,GP3,1.39168,-3.56955,0.4151,0.9713,normalised
78.09851932525635,,,1.37593,-4.08686,0,,,,,,,,,GP3,1.37593,-4.08686,0.4151,0.9713,normalised
78.11652278900146,,,1.30965,-4.14164,0,,,,,,,,,GP3,1.30965,-4.14164,0.4151,0.9713,normalised
78.13032269477844,,,1.28755,-4.1599,0,,,,,,,,,GP3,1.28755,-4.1599,0.4151,0.9713,normalised
78.14727592468262,,,1.21276,-4.14066,0,,,,,,,,,GP3,1.21276,-4.14066,0.4151,0.9713,normalised
78.16503190994263,,,1.18499,-4.04905,0,,,,,,,,,GP3,1.18499,-4.04905,0.4151,0.9713,normalised
78.18138527870178,,,1.18111,-3.9077,0,,,,,,,,,GP3,1.18111,-3.9077,0.4151,0.9713,normalised
78.19579887390137,,,1.15,-3.5206,0,,,,,,,,,GP3,1.15,-3.5206,0.4151,0.9713,normalised
78.21331143379211,,,1.14164,-3.04219,0,,,,,,,,,GP3,1.14164,-3.04219,0.4151,0.9713,normalised
78.22784328460693,,,1.12588,-2.70455,0,,,,,,,,,GP3,1.12588,-2.70455,0.4151,0.9713,normalised
78.24327063560486,,,1.12918,-2.16748,0,,,,,,,,,GP3,1.12918,-2.16748,0.4151,0.9713,normalised
78.26128911972046,,,1.20583,-2.13577,0,,,,,,,,,GP3,1.20583,-2.13577,0.4151,0.9713,normalised
78.27617406845093,,,1.23138,-2.1252,0,,,,,,,,,GP3,1.23138,-2.1252,0.4151,0.9713,normalised
78.29355478286743,,,1.08631,-1.81461,0,,,,,,,,,GP3,1.08631,-1.81461,0.4151,0.9713,normalised
78.31031823158264,,,0.92415,-1.54613,0,,,,,,,,,GP3,0.92415,-1.54613,0.4151,0.9713,normalised
78.32699131965637,,,0.87009,-1.45664,0,,,,,,,,,GP3,0.87009,-1.45664,0.4151,0.9713,normalised
78.34397912025452,,,0.74673,-1.15136,0,,,,,,,,,GP3,0.74673,-1.15136,0.4151,0.9713,normalised
78.3587396144867,,,0.79381,-1.23111,0,,,,,,,,,GP3,0.79381,-1.23111,0.4151,0.9713,normalised
78.37460589408875,,,0.8095,-1.2577,0,,,,,,,,,GP3,0.8095,-1.2577,0.4151,0.9713,normalised
78.39074945449829,,,0.78556,-1.17576,1,,,,,,,,,GP3,0.78556,-1.17576,0.4151,0.9713,normalised
78.40630650520325,,,0.80965,-1.21178,1,,,,,,,,,GP3,0.80965,-1.21178,0.4151,0.9713,normalised
78.4237928390503,,,0.82571,-1.2358,1,,,,,,,,,GP3,0.82571,-1.2358,0.4151,0.9713,normalised
78.43844103813171,,,0.81431,-1.24879,1,,,,,,,,,GP3,0.81431,-1.24879,0.4151,0.9713,normalised
78.45621681213379,,,0.83653,-1.28652,1,,,,,,,,,GP3,0.83653,-1.28652,0.4151,0.9713,normalised
78.47014260292053,,,0.85382,-1.31587,1,,,,,,,,,GP3,0.85382,-1.31587,0.4151,0.9713,normalised
78.48771810531616,,,0.82133,-1.24482,1,,,,,,,,,GP3,0.82133,-1.24482,0.4151,0.9713,normalised
78.50498843193054,,,0.79933,-1.19794,1,,,,,,,,,GP3,0.79933,-1.19794,0.4151,0.9713,normalised
78.52156925201416,,,0.781,-1.15887,1,,,,,,,,,GP3,0.781,-1.15887,0.4151,0.9713,normalised
78.53575539588928,,,0.75932,-1.11503,1,,,,,,,,,GP3,0.75932,-1.11503,0.4151,0.9713,normalised
78.55340838432312,,,0.73231,-1.05375,0,,,,,,,,,GP3,0.73231,-1.05375,0.4151,0.9713,normalised
78.56842732429504,,,0.61819,-0.83283,0,,,,,,,,,GP3,0.61819,-0.83283,0.4151,0.9713,normalised
78.5849096775055,,,0.57057,-0.73487,0,,,,,,,,,GP3,0.57057,-0.73487,0.4151,0.9713,normalised
78.60150480270386,,,0.47837,-0.57181,0,,,,,,,,,GP3,0.47837,-0.57181,0.4151,0.9713,normalised
78.61603212356567,,,0.46704,-0.56819,0,,,,,,,,,GP3,0.46704,-0.56819,0.4151,0.9713,normalised
78.63404130935669,,,0.46175,-0.57433,0,,,,,,,,,GP3,0.46175,-0.57433,0.4151,0.9713,normalised
78.64972019195557,,,0.46026,-0.55939,1,,,,,,,,,GP3,0.46026,-0.55939,0.4151,0.9713,normalised
78.66425514221191,,,0.45937,-0.55043,1,,,,,,,,,GP3,0.45937,-0.55043,0.4151,0.9713,normalised
78.68296527862549,,,0.46518,-0.54642,1,,,,,,,,,GP3,0.46518,-0.54642,0.4151,0.9713,normalised
78.69863605499268,,,0.4677,-0.53885,1,,,,,,,,,GP3,0.4677,-0.53885,0.4151,0.9713,normalised
78.7131814956665,,,0.46958,-0.53317,1,,,,,,,,,GP3,0.46958,-0.53317,0.4151,0.9713,normalised
78.7300112247467,,,0.46888,-0.52675,1,,,,,,,,,GP3,0.46888,-0.52675,0.4151,0.9713,normalised
78.74755311012268,,,0.47238,-0.51934,1,,,,,,,,,GP3,0.47238,-0.51934,0.4151,0.9713,normalised
78.76137471199036,,,0.47524,-0.51327,1,,,,,,,,,GP3,0.47524,-0.51327,0.4151,0.9713,normalised
78.77819490432739,,,0.4758,-0.50999,1,,,,,,,,,GP3,0.4758,-0.50999,0.4151,0.9713,normalised
78.79480051994324,,,0.47349,-0.50413,1,,,,,,,,,GP3,0.47349,-0.50413,0.4151,0.9713,normalised
78.812326669693,,,0.4715,-0.49911,1,,,,,,,,,GP3,0.4715,-0.49911,0.4151,0.9713,normalised
78.82611131668091,,,0.46918,-0.50018,1,,,,,,,,,GP3,0.46918,-0.50018,0.4151,0.9713,normalised
78.84286904335022,,,0.46665,-0.49818,1,,,,,,,,,GP3,0.46665,-0.49818,0.4151,0.9713,normalised
78.85944128036499,,,0.46442,-0.49641,1,,,,,,,,,GP3,0.46442,-0.49641,0.4151,0.9713,normalised
78.8770842552185,,,0.46309,-0.49703,1,,,,,,,,,GP3,0.46309,-0.49703,0.4151,0.9713,normalised
78.89091110229492,,,0.46022,-0.50001,1,,,,,,,,,GP3,0.46022,-0.50001,0.4151,0.9713,normalised
78.9073224067688,,,0.45764,-0.5027,1,,,,,,,,,GP3,0.45764,-0.5027,0.4151,0.9713,normalised
78.92486882209778,,,0.45723,-0.51701,1,,,,,,,,,GP3,0.45723,-0.51701,0.4151,0.9713,normalised
78.94091510772705,,,0.4568,-0.52963,1,,,,,,,,,GP3,0.4568,-0.52963,0.4151,0.9713,normalised
78.95746421813965,,,0.43914,-0.56669,0,,,,,,,,,GP3,0.43914,-0.56669,0.4151,0.9713,normalised
78.97120237350464,,,0.45023,-0.67421,0,,,,,,,,,GP3,0.45023,-0.67421,0.4151,0.9713,normalised
78.98881530761719,,,0.42962,-0.68925,0,,,,,,,,,GP3,0.42962,-0.68925,0.4151,0.9713,normalised
79.00632452964783,,,0.4127,-0.74014,0,,,,,,,,,GP3,0.4127,-0.74014,0.4151,0.9713,normalised
79.02085566520691,,,0.42648,-0.73899,0,,,,,,,,,GP3,0.42648,-0.73899,0.4151,0.9713,normalised
79.03650951385498,,,0.41998,-0.74001,0,,,,,,,,,GP3,0.41998,-0.74001,0.4151,0.9713,normalised
79.05289697647095,,,0.41939,-0.67068,1,,,,,,,,,GP3,0.41939,-0.67068,0.4151,0.9713,normalised
79.0705795288086,,,0.43811,-0.51783,0,,,,,,,,,GP3,0.43811,-0.51783,0.4151,0.9713,normalised
79.08509540557861,,,0.46122,-0.14321,0,,,,,,,,,GP3,0.46122,-0.14321,0.4151,0.9713,normalised
79.10284328460693,,,0.47274,0.10379,0,,,,,,,,,GP3,0.47274,0.10379,0.4151,0.9713,normalised
79.11967039108276,,,0.49491,0.49366,0,,,,,,,,,GP3,0.49491,0.49366,0.4151,0.9713,normalised
79.1354238986969,,,0.50594,0.55922,0,,,,,,,,,GP3,0.50594,0.55922,0.4151,0.9713,normalised
79.15221118927002,,,0.50961,0.58107,0,,,,,,,,,GP3,0.50961,0.58107,0.4151,0.9713,normalised
79.1659505367279,,,0.52044,0.64746,0,,,,,,,,,GP3,0.52044,0.64746,0.4151,0.9713,normalised
79.18271732330322,,,0.52914,0.6652,0,,,,,,,,,GP3,0.52914,0.6652,0.4151,0.9713,normalised
79.2002284526825,,,0.53204,0.67111,0,,,,,,,,,GP3,0.53204,0.67111,0.4151,0.9713,normalised
79.21684551239014,,,0.52256,0.66352,1,,,,,,,,,GP3,0.52256,0.66352,0.4151,0.9713,normalised
79.23069405555725,,,0.52174,0.66268,1,,,,,,,,,GP3,0.52174,0.66268,0.4151,0.9713,normalised
79.24757242202759,,,0.52119,0.66211,1,,,,,,,,,GP3,0.52119,0.66211,0.4151,0.9713,normalised
79.26517581939697,,,0.51733,0.65653,1,,,,,,,,,GP3,0.51733,0.65653,0.4151,0.9713,normalised
79.27958416938782,,,0.51616,0.65248,1,,,,,,,,,GP3,0.51616,0.65248,0.4151,0.9713,normalised
79.29609251022339,,,0.51525,0.64933,1,,,,,,,,,GP3,0.51525,0.64933,0.4151,0.9713,normalised
79.313711643219,,,0.51185,0.64751,1,,,,,,,,,GP3,0.51185,0.64751,0.4151,0.9713,normalised
79.32732820510864,,,0.51046,0.64682,1,,,,,,,,,GP3,0.51046,0.64682,0.4151,0.9713,normalised
79.3451623916626,,,0.50929,0.64624,1,,,,,,,,,GP3,0.50929,0.64624,0.4151,0.9713,normalised
79.35933303833008,,,0.50698,0.64399,1,,,,,,,,,GP3,0.50698,0.64399,0.4151,0.9713,normalised
79.37675762176514,,,0.5058,0.64304,1,,,,,,,,,GP3,0.5058,0.64304,0.4151,0.9713,normalised
79.39135384559631,,,0.50477,0.64222,1,,,,,,,,,GP3,0.50477,0.64222,0.4151,0.9713,normalised
79.40881633758545,,,0.50345,0.64096,1,,,,,,,,,GP3,0.50345,0.64096,0.4151,0.9713,normalised
79.42584443092346,,,0.50265,0.64026,1,,,,,,,,,GP3,0.50265,0.64026,0.4151,0.9713,normalised
79.44255900382996,,,0.50193,0.63964,1,,,,,,,,,GP3,0.50193,0.63964,0.4151,0.9713,normalised
79.45800137519836,,,0.50104,0.63931,1,,,,,,,,,GP3,0.50104,0.63931,0.4151,0.9713,normalised
79.47545433044434,,,0.50021,0.63909,1,,,,,,,,,GP3,0.50021,0.63909,0.4151,0.9713,normalised
79.4896080493927,,,0.49945,0.63889,1,,,,,,,,,GP3,0.49945,0.63889,0.4151,0.9713,normalised
79.50486731529236,,,0.4985,0.63844,1,,,,,,,,,GP3,0.4985,0.63844,0.4151,0.9713,normalised
79.52456879615784,,,0.4975,0.63794,1,,,,,,,,,GP3,0.4975,0.63794,0.4151,0.9713,normalised
79.53866791725159,,,0.49658,0.63747,1,,,,,,,,,GP3,0.49658,0.63747,0.4151,0.9713,normalised
79.55539917945862,,,0.4959,0.63713,1,,,,,,,,,GP3,0.4959,0.63713,0.4151,0.9713,normalised
79.57041430473328,,,0.49569,0.63701,1,,,,,,,,,GP3,0.49569,0.63701,0.4151,0.9713,normalised
79.5872528553009,,,0.49549,0.6369,1,,,,,,,,,GP3,0.49549,0.6369,0.4151,0.9713,normalised
79.60418939590454,,,0.49508,0.63661,1,,,,,,,,,GP3,0.49508,0.63661,0.4151,0.9713,normalised
79.61908674240112,,,0.49528,0.63854,1,,,,,,,,,GP3,0.49528,0.63854,0.4151,0.9713,normalised
79.63614463806152,,,0.49547,0.64034,1,,,,,,,,,GP3,0.49547,0.64034,0.4151,0.9713,normalised
79.65367031097412,,,0.49565,0.64163,1,,,,,,,,,GP3,0.49565,0.64163,0.4151,0.9713,normalised
79.66820454597473,,,0.4956,0.64327,1,,,,,,,,,GP3,0.4956,0.64327,0.4151,0.9713,normalised
79.68480849266052,,,0.4948,0.64288,1,,,,,,,,,GP3,0.4948,0.64288,0.4151,0.9713,normalised
79.7004816532135,,,0.49439,0.64318,1,,,,,,,,,GP3,0.49439,0.64318,0.4151,0.9713,normalised
79.71796154975891,,,0.49398,0.64337,1,,,,,,,,,GP3,0.49398,0.64337,0.4151,0.9713,normalised
79.73314452171326,,,0.48759,0.58007,0,,,,,,,,,GP3,0.48759,0.58007,0.4151,0.9713,normalised
79.75001263618469,,,0.48065,-0.3308,0,,,,,,,,,GP3,0.48065,-0.3308,0.4151,0.9713,normalised
79.7653398513794,,,0.47583,-0.94515,0,,,,,,,,,GP3,0.47583,-0.94515,0.4151,0.9713,normalised
79.78231739997864,,,0.46513,-2.17284,0,,,,,,,,,GP3,0.46513,-2.17284,0.4151,0.9713,normalised
79.7971293926239,,,0.45295,-2.65053,0,,,,,,,,,GP3,0.45295,-2.65053,0.4151,0.9713,normalised
79.81456851959229,,,0.45172,-2.79649,0,,,,,,,,,GP3,0.45172,-2.79649,0.4151,0.9713,normalised
79.82932591438293,,,0.44643,-3.10168,0,,,,,,,,,GP3,0.44643,-3.10168,0.4151,0.9713,normalised
79.84598684310913,,,0.44524,-3.12724,0,,,,,,,,,GP3,0.44524,-3.12724,0.4151,0.9713,normalised
79.86349487304688,,,0.44506,-3.13786,0,,,,,,,,,GP3,0.44506,-3.13786,0.4151,0.9713,normalised
79.87800812721252,,,0.44498,-3.14317,1,,,,,,,,,GP3,0.44498,-3.14317,0.4151,0.9713,normalised
79.89492464065552,,,0.44718,-3.11819,1,,,,,,,,,GP3,0.44718,-3.11819,0.4151,0.9713,normalised
79.91232585906982,,,0.45314,-3.07597,1,,,,,,,,,GP3,0.45314,-3.07597,0.4151,0.9713,normalised
79.92636680603027,,,0.45739,-3.04581,1,,,,,,,,,GP3,0.45739,-3.04581,0.4151,0.9713,normalised
79.94218564033508,,,0.45838,-3.0605,1,,,,,,,,,GP3,0.45838,-3.0605,0.4151,0.9713,normalised
79.95872163772583,,,0.46514,-3.00558,1,,,,,,,,,GP3,0.46514,-3.00558,0.4151,0.9713,normalised
79.97612309455872,,,0.46514,-3.00558,1,,,,,,,,,GP3,0.46514,-3.00558,0.4151,0.9713,normalised
79.9956533908844,,,0.46514,-3.00558,1,,,,,,,,,GP3,0.46514,-3.00558,0.4151,0.9713,normalised
80.01332068443298,,,0.46514,-3.00558,1,,,,,,,,,GP3,0.46514,-3.00558,0.4151,0.9713,normalised
80.02694463729858,,,0.46748,-2.99357,0,,,,,,,,,GP3,0.46748,-2.99357,0.4151,0.9713,normalised
80.04330730438232,,,0.46748,-2.99357,0,,,,,,,,,GP3,0.46748,-2.99357,0.4151,0.9713,normalised
80.05998826026917,,,0.46748,-2.99357,0,,,,,,,,,GP3,0.46748,-2.99357,0.4151,0.9713,normalised
80.0752329826355,,,0.0,0.0,0,,,,,,,,,GP3,0.0,0.0,0.4151,0.9713,normalised
80.09776210784912,,,0.0,0.0,0,,,,,,,,,GP3,0.0,0.0,0.4151,0.9713,normalised
80.10942530632019,,,0.0,0.0,0,,,,,,,,,GP3,0.0,0.0,0.4151,0.9713,normalised
80.12617230415344,,,0.0,0.0,0,,,,,,,,,GP3,0.0,0.0,0.4151,0.9713,normalised
80.14080905914307,,,0.0,0.0,0,,,,,,,,,GP3,0.0,0.0,0.4151,0.9713,normalised
80.15825366973877,,,0.0,0.0,0,,,,,,,,,GP3,0.0,0.0,0.4151,0.9713,normalised
80.1757698059082,,,0.0,0.0,0,,,,,,,,,GP3,0.0,0.0,0.4151,0.9713,normalised
80.19029688835144,,,0.0,0.0,0,,,,,,,,,GP3,0.0,0.0,0.4151,0.9713,normalised
80.20780158042908,,,0.0,0.0,0,,,,,,,,,GP3,0.0,0.0,0.4151,0.9713,normalised
80.22346949577332,,,0.40297,-2.24316,0,,,,,,,,,GP3,0.40297,-2.24316,0.4151,0.9713,normalised
80.23490190505981,,,0.37366,-2.678,0,,,,,,,,,GP3,0.37366,-2.678,0.4151,0.9713,normalised
80.25210738182068,,,0.35497,-2.82459,0,,,,,,,,,GP3,0.35497,-2.82459,0.4151,0.9713,normalised
80.26950263977051,,,0.32651,-3.11613,0,,,,,,,,,GP3,0.32651,-3.11613,0.4151,0.9713,normalised
80.28415751457214,,,0.31453,-3.03335,0,,,,,,,,,GP3,0.31453,-3.03335,0.4151,0.9713,normalised
80.30167412757874,,,0.27361,-2.95922,0,,,,,,,,,GP3,0.27361,-2.95922,0.4151,0.9713,normalised
80.316335439682,,,0.23153,-2.7053,0,,,,,,,,,GP3,0.23153,-2.7053,0.4151,0.9713,normalised
80.33395099639893,,,0.29279,-2.35972,0,,,,,,,,,GP3,0.29279,-2.35972,0.4151,0.9713,normalised
80.34842371940613,,,0.29559,-2.01394,0,,,,,,,,,GP3,0.29559,-2.01394,0.4151,0.9713,normalised
80.36610770225525,,,0.33353,-1.34793,0,,,,,,,,,GP3,0.33353,-1.34793,0.4151,0.9713,normalised
80.38062477111816,,,0.39,-0.95052,0,,,,,,,,,GP3,0.39,-0.95052,0.4151,0.9713,normalised
80.39723300933838,,,0.50999,-0.24942,0,,,,,,,,,GP3,0.50999,-0.24942,0.4151,0.9713,normalised
80.41198515892029,,,0.75958,1.12705,0,,,,,,,,,GP3,0.75958,1.12705,0.4151,0.9713,normalised
80.42838644981384,,,0.75958,1.12705,0,,,,,,,,,GP3,0.75958,1.12705,0.4151,0.9713,normalised
80.44703650474548,,,0.75958,1.12705,0,,,,,,,,,GP3,0.75958,1.12705,0.4151,0.9713,normalised
80.46748661994934,,,0.0,0.0,0,,,,,,,,,GP3,0.0,0.0,0.4151,0.9713,normalised
80.47906684875488,,,0.0,0.0,0,,,,,,,,,GP3,0.0,0.0,0.4151,0.9713,normalised
80.4982647895813,,,0.0,0.0,0,,,,,,,,,GP3,0.0,0.0,0.4151,0.9713,normalised
80.51194930076599,,,0.0,0.0,0,,,,,,,,,GP3,0.0,0.0,0.4151,0.9713,normalised
80.52867341041565,,,0.0,0.0,0,,,,,,,,,GP3,0.0,0.0,0.4151,0.9713,normalised
80.54392719268799,,,0.0,0.0,0,,,,,,,,,GP3,0.0,0.0,0.4151,0.9713,normalised
80.56329989433289,,,0.0,0.0,0,,,,,,,,,GP3,0.0,0.0,0.4151,0.9713,normalised
80.5754644870758,,,0.0,0.0,0,,,,,,,,,GP3,0.0,0.0,0.4151,0.9713,normalised
80.59278798103333,,,0.0,0.0,0,,,,,,,,,GP3,0.0,0.0,0.4151,0.9713,normalised
80.61222267150879,,,0.0,0.0,0,,,,,,,,,GP3,0.0,0.0,0.4151,0.9713,normalised
80.6327440738678,,,0.0,0.0,0,,,,,,,,,GP3,0.0,0.0,0.4151,0.9713,normalised
80.64334869384766,,,0.0,0.0,0,,,,,,,,,GP3,0.0,0.0,0.4151,0.9713,normalised
80.65850687026978,,,0.0,0.0,0,,,,,,,,,GP3,0.0,0.0,0.4151,0.9713,normalised
80.67526531219482,,,0.0,0.0,0,,,,,,,,,GP3,0.0,0.0,0.4151,0.9713,normalised
80.69477963447571,,,0.0,0.0,0,,,,,,,,,GP3,0.0,0.0,0.4151,0.9713,normalised
80.70939326286316,,,0.0,0.0,0,,,,,,,,,GP3,0.0,0.0,0.4151,0.9713,normalised
80.72402882575989,,,0.0,0.0,0,,,,,,,,,GP3,0.0,0.0,0.4151,0.9713,normalised
80.74098563194275,,,0.0,0.0,0,,,,,,,,,GP3,0.0,0.0,0.4151,0.9713,normalised
80.75550270080566,,,0.74998,1.15277,0,,,,,,,,,GP3,0.74998,1.15277,0.4151,0.9713,normalised
80.7691216468811,,,0.61488,0.30038,0,,,,,,,,,GP3,0.61488,0.30038,0.4151,0.9713,normalised
80.78352856636047,,,0.55963,0.01536,0,,,,,,,,,GP3,0.55963,0.01536,0.4151,0.9713,normalised
80.80024671554565,,,0.45935,-0.55378,0,,,,,,,,,GP3,0.45935,-0.55378,0.4151,0.9713,normalised
80.8172390460968,,,0.47535,-0.55873,0,,,,,,,,,GP3,0.47535,-0.55873,0.4151,0.9713,normalised
80.83412671089172,,,0.48008,-0.56196,0,,,,,,,,,GP3,0.48008,-0.56196,0.4151,0.9713,normalised
80.85096025466919,,,0.48868,-0.67471,0,,,,,,,,,GP3,0.48868,-0.67471,0.4151,0.9713,normalised
80.86579132080078,,,0.50167,-1.00232,0,,,,,,,,,GP3,0.50167,-1.00232,0.4151,0.9713,normalised
80.88337540626526,,,0.50584,-1.2568,0,,,,,,,,,GP3,0.50584,-1.2568,0.4151,0.9713,normalised
80.89789366722107,,,0.51268,-1.73174,0,,,,,,,,,GP3,0.51268,-1.73174,0.4151,0.9713,normalised
80.91381597518921,,,0.50252,-1.87715,0,,,,,,,,,GP3,0.50252,-1.87715,0.4151,0.9713,normalised
80.93141841888428,,,0.50704,-1.92756,0,,,,,,,,,GP3,0.50704,-1.92756,0.4151,0.9713,normalised
80.9463791847229,,,0.50883,-1.97554,0,,,,,,,,,GP3,0.50883,-1.97554,0.4151,0.9713,normalised
80.96439385414124,,,0.45363,-1.79603,0,,,,,,,,,GP3,0.45363,-1.79603,0.4151,0.9713,normalised
80.9788408279419,,,0.43856,-1.74928,0,,,,,,,,,GP3,0.43856,-1.74928,0.4151,0.9713,normalised
80.99547243118286,,,0.4051,-1.64269,0,,,,,,,,,GP3,0.4051,-1.64269,0.4151,0.9713,normalised
81.01287770271301,,,0.37772,-1.58718,0,,,,,,,,,GP3,0.37772,-1.58718,0.4151,0.9713,normalised
81.0274600982666,,,0.36825,-1.56493,0,,,,,,,,,GP3,0.36825,-1.56493,0.4151,0.9713,normalised
81.04337859153748,,,0.34965,-1.52417,0,,,,,,,,,GP3,0.34965,-1.52417,0.4151,0.9713,normalised
81.05999040603638,,,0.35526,-1.51603,0,,,,,,,,,GP3,0.35526,-1.51603,0.4151,0.9713,normalised
81.07792091369629,,,0.35583,-1.51743,0,,,,,,,,,GP3,0.35583,-1.51743,0.4151,0.9713,normalised
81.09245371818542,,,0.35727,-1.48733,1,,,,,,,,,GP3,0.35727,-1.48733,0.4151,0.9713,normalised
81.10938453674316,,,0.40042,-1.48637,1,,,,,,,,,GP3,0.40042,-1.48637,0.4151,0.9713,normalised
81.1233057975769,,,0.43795,-1.46521,1,,,,,,,,,GP3,0.43795,-1.46521,0.4151,0.9713,normalised
81.13973569869995,,,0.48634,-1.37272,0,,,,,,,,,GP3,0.48634,-1.37272,0.4151,0.9713,normalised
81.15628099441528,,,0.32098,-1.06655,0,,,,,,,,,GP3,0.32098,-1.06655,0.4151,0.9713,normalised
81.17088794708252,,,0.32098,-1.06655,0,,,,,,,,,GP3,0.32098,-1.06655,0.4151,0.9713,normalised
81.19441080093384,,,0.15561,-0.76039,0,,,,,,,,,GP3,0.15561,-0.76039,0.4151,0.9713,normalised
81.2050929069519,,,0.16272,-0.75383,0,,,,,,,,,GP3,0.16272,-0.75383,0.4151,0.9713,normalised
81.21963310241699,,,0.15761,-0.75217,0,,,,,,,,,GP3,0.15761,-0.75217,0.4151,0.9713,normalised
81.23650789260864,,,0.15761,-0.75217,1,,,,,,,,,GP3,0.15761,-0.75217,0.4151,0.9713,normalised
81.260502576828,,,0.15633,-0.7392,1,,,,,,,,,GP3,0.15633,-0.7392,0.4151,0.9713,normalised
81.27118921279907,,,0.16017,-0.72871,1,,,,,,,,,GP3,0.16017,-0.72871,0.4151,0.9713,normalised
81.28694033622742,,,0.16017,-0.72871,1,,,,,,,,,GP3,0.16017,-0.72871,0.4151,0.9713,normalised
81.30759477615356,,,0.16165,-0.72513,1,,,,,,,,,GP3,0.16165,-0.72513,0.4151,0.9713,normalised
81.31930160522461,,,0.16207,-0.71949,1,,,,,,,,,GP3,0.16207,-0.71949,0.4151,0.9713,normalised
81.33400249481201,,,0.16207,-0.71949,1,,,,,,,,,GP3,0.16207,-0.71949,0.4151,0.9713,normalised
81.35632729530334,,,0.16044,-0.7278,1,,,,,,,,,GP3,0.16044,-0.7278,0.4151,0.9713,normalised
81.36676049232483,,,0.16044,-0.7278,1,,,,,,,,,GP3,0.16044,-0.7278,0.4151,0.9713,normalised
81.3902759552002,,,0.15917,-0.73426,1,,,,,,,,,GP3,0.15917,-0.73426,0.4151,0.9713,normalised
81.40089225769043,,,0.15917,-0.73426,1,,,,,,,,,GP3,0.15917,-0.73426,0.4151,0.9713,normalised
81.42017793655396,,,0.14233,-0.73777,1,,,,,,,,,GP3,0.14233,-0.73777,0.4151,0.9713,normalised
81.4317057132721,,,0.12854,-0.74065,1,,,,,,,,,GP3,0.12854,-0.74065,0.4151,0.9713,normalised
81.4479112625122,,,0.12854,-0.74065,1,,,,,,,,,GP3,0.12854,-0.74065,0.4151,0.9713,normalised
81.47153234481812,,,0.12067,-0.74091,1,,,,,,,,,GP3,0.12067,-0.74091,0.4151,0.9713,normalised
81.48225164413452,,,0.12067,-0.74091,1,,,,,,,,,GP3,0.12067,-0.74091,0.4151,0.9713,normalised
81.50477409362793,,,0.1134,-0.74276,1,,,,,,,,,GP3,0.1134,-0.74276,0.4151,0.9713,normalised
81.51519751548767,,,0.10607,-0.74535,1,,,,,,,,,GP3,0.10607,-0.74535,0.4151,0.9713,normalised
81.52798247337341,,,0.09971,-0.74759,1,,,,,,,,,GP3,0.09971,-0.74759,0.4151,0.9713,normalised
81.54444169998169,,,0.09971,-0.74759,1,,,,,,,,,GP3,0.09971,-0.74759,0.4151,0.9713,normalised
81.56576561927795,,,0.08963,-0.75017,1,,,,,,,,,GP3,0.08963,-0.75017,0.4151,0.9713,normalised
81.5772693157196,,,0.04765,-0.76232,0,,,,,,,,,GP3,0.04765,-0.76232,0.4151,0.9713,normalised
81.5929708480835,,,0.04765,-0.76232,0,,,,,,,,,GP3,0.04765,-0.76232,0.4151,0.9713,normalised
81.61570477485657,,,-0.00535,-0.75049,0,,,,,,,,,GP3,-0.00535,-0.75049,0.4151,0.9713,normalised
81.62621092796326,,,-0.05835,-0.73866,0,,,,,,,,,GP3,-0.05835,-0.73866,0.4151,0.9713,normalised
81.64059209823608,,,-0.05835,-0.73866,0,,,,,,,,,GP3,-0.05835,-0.73866,0.4151,0.9713,normalised
81.66542887687683,,,-0.06426,-0.70361,0,,,,,,,,,GP3,-0.06426,-0.70361,0.4151,0.9713,normalised
81.67617869377136,,,-0.06623,-0.69193,1,,,,,,,,,GP3,-0.06623,-0.69193,0.4151,0.9713,normalised
81.69070339202881,,,-0.06623,-0.69193,1,,,,,,,,,GP3,-0.06623,-0.69193,0.4151,0.9713,normalised
81.70993685722351,,,-0.05926,-0.69785,1,,,,,,,,,GP3,-0.05926,-0.69785,0.4151,0.9713,normalised
81.72136163711548,,,-0.05507,-0.7014,1,,,,,,,,,GP3,-0.05507,-0.7014,0.4151,0.9713,normalised
81.73906254768372,,,-0.05507,-0.7014,1,,,,,,,,,GP3,-0.05507,-0.7014,0.4151,0.9713,normalised
81.76112461090088,,,-0.05808,-0.69809,1,,,,,,,,,GP3,-0.05808,-0.69809,0.4151,0.9713,normalised
81.77182650566101,,,-0.05808,-0.69809,1,,,,,,,,,GP3,-0.05808,-0.69809,0.4151,0.9713,normalised
81.7923436164856,,,-0.05823,-0.70425,1,,,,,,,,,GP3,-0.05823,-0.70425,0.4151,0.9713,normalised
81.80386805534363,,,-0.05823,-0.70425,1,,,,,,,,,GP3,-0.05823,-0.70425,0.4151,0.9713,normalised
81.82458996772766,,,-0.05833,-0.70886,1,,,,,,,,,GP3,-0.05833,-0.70886,0.4151,0.9713,normalised
81.83537650108337,,,-0.05833,-0.70886,1,,,,,,,,,GP3,-0.05833,-0.70886,0.4151,0.9713,normalised
81.85625910758972,,,-0.05842,-0.71337,1,,,,,,,,,GP3,-0.05842,-0.71337,0.4151,0.9713,normalised
81.86765646934509,,,-0.05842,-0.71337,1,,,,,,,,,GP3,-0.05842,-0.71337,0.4151,0.9713,normalised
81.88836193084717,,,-0.05368,-0.7143,1,,,,,,,,,GP3,-0.05368,-0.7143,0.4151,0.9713,normalised
81.89992451667786,,,-0.05368,-0.7143,1,,,,,,,,,GP3,-0.05368,-0.7143,0.4151,0.9713,normalised
81.92342805862427,,,-0.04981,-0.71505,1,,,,,,,,,GP3,-0.04981,-0.71505,0.4151,0.9713,normalised
81.93404531478882,,,-0.04981,-0.71505,1,,,,,,,,,GP3,-0.04981,-0.71505,0.4151,0.9713,normalised
81.95516920089722,,,-0.04616,-0.70677,1,,,,,,,,,GP3,-0.04616,-0.70677,0.4151,0.9713,normalised
81.96560311317444,,,-0.04616,-0.70677,1,,,,,,,,,GP3,-0.04616,-0.70677,0.4151,0.9713,normalised
81.98744010925293,,,-0.04652,-0.68042,1,,,,,,,,,GP3,-0.04652,-0.68042,0.4151,0.9713,normalised
81.99895119667053,,,-0.04773,-0.66026,1,,,,,,,,,GP3,-0.04773,-0.66026,0.4151,0.9713,normalised
82.0136992931366,,,-0.04683,-0.63523,1,,,,,,,,,GP3,-0.04683,-0.63523,0.4151,0.9713,normalised
82.03250098228455,,,-0.03624,-0.56936,0,,,,,,,,,GP3,-0.03624,-0.56936,0.4151,0.9713,normalised
82.04765820503235,,,0.02875,-0.2606,0,,,,,,,,,GP3,0.02875,-0.2606,0.4151,0.9713,normalised
82.06257367134094,,,0.06662,-0.11246,0,,,,,,,,,GP3,0.06662,-0.11246,0.4151,0.9713,normalised
82.07932305335999,,,0.14442,0.13308,0,,,,,,,,,GP3,0.14442,0.13308,0.4151,0.9713,normalised
82.09321999549866,,,0.18729,0.13564,0,,,,,,,,,GP3,0.18729,0.13564,0.4151,0.9713,normalised
82.11018109321594,,,0.18729,0.13564,0,,,,,,,,,GP3,0.18729,0.13564,0.4151,0.9713,normalised
82.13393449783325,,,0.18779,0.11713,1,,,,,,,,,GP3,0.18779,0.11713,0.4151,0.9713,normalised
82.14444041252136,,,0.20335,0.10717,1,,,,,,,,,GP3,0.20335,0.10717,0.4151,0.9713,normalised
82.15869951248169,,,0.20335,0.10717,1,,,,,,,,,GP3,0.20335,0.10717,0.4151,0.9713,normalised
82.18468356132507,,,0.1892,0.09665,1,,,,,,,,,GP3,0.1892,0.09665,0.4151,0.9713,normalised
82.19537043571472,,,0.1892,0.09665,1,,,,,,,,,GP3,0.1892,0.09665,0.4151,0.9713,normalised
82.21590042114258,,,0.17977,0.08963,1,,,,,,,,,GP3,0.17977,0.08963,0.4151,0.9713,normalised
82.22663879394531,,,0.17977,0.08963,1,,,,,,,,,GP3,0.17977,0.08963,0.4151,0.9713,normalised
82.24206590652466,,,0.17312,0.08354,1,,,,,,,,,GP3,0.17312,0.08354,0.4151,0.9713,normalised
82.25659489631653,,,0.17312,0.08354,1,,,,,,,,,GP3,0.17312,0.08354,0.4151,0.9713,normalised
82.27610445022583,,,0.16846,0.08412,1,,,,,,,,,GP3,0.16846,0.08412,0.4151,0.9713,normalised
82.28763771057129,,,0.16846,0.08412,1,,,,,,,,,GP3,0.16846,0.08412,0.4151,0.9713,normalised
82.31145572662354,,,0.16735,0.09329,1,,,,,,,,,GP3,0.16735,0.09329,0.4151,0.9713,normalised
82.32311296463013,,,0.16685,0.09831,1,,,,,,,,,GP3,0.16685,0.09831,0.4151,0.9713,normalised
82.33788776397705,,,0.16521,0.10543,1,,,,,,,,,GP3,0.16521,0.10543,0.4151,0.9713,normalised
82.35499930381775,,,0.16385,0.11136,1,,,,,,,,,GP3,0.16385,0.11136,0.4151,0.9713,normalised
82.37073016166687,,,0.16315,0.11578,1,,,,,,,,,GP3,0.16315,0.11578,0.4151,0.9713,normalised
82.38830423355103,,,0.16052,0.11929,1,,,,,,,,,GP3,0.16052,0.11929,0.4151,0.9713,normalised
82.40281820297241,,,0.15883,0.11495,1,,,,,,,,,GP3,0.15883,0.11495,0.4151,0.9713,normalised
82.41734480857849,,,0.15883,0.11495,1,,,,,,,,,GP3,0.15883,0.11495,0.4151,0.9713,normalised
82.43721842765808,,,0.15517,0.11442,1,,,,,,,,,GP3,0.15517,0.11442,0.4151,0.9713,normalised
82.45098280906677,,,0.15517,0.11442,1,,,,,,,,,GP3,0.15517,0.11442,0.4151,0.9713,normalised
82.47100496292114,,,0.15517,0.11442,1,,,,,,,,,GP3,0.15517,0.11442,0.4151,0.9713,normalised
82.48848557472229,,,0.15517,0.11442,1,,,,,,,,,GP3,0.15517,0.11442,0.4151,0.9713,normalised
82.50302910804749,,,0.13912,0.11684,0,,,,,,,,,GP3,0.13912,0.11684,0.4151,0.9713,normalised
82.52345681190491,,,0.13912,0.11684,0,,,,,,,,,GP3,0.13912,0.11684,0.4151,0.9713,normalised
82.53512048721313,,,0.13912,0.11684,0,,,,,,,,,GP3,0.13912,0.11684,0.4151,0.9713,normalised
82.55236482620239,,,0.0,0.0,0,,,,,,,,,GP3,0.0,0.0,0.4151,0.9713,normalised
82.56892132759094,,,0.0,0.0,0,,,,,,,,,GP3,0.0,0.0,0.4151,0.9713,normalised
82.58283710479736,,,0.0,0.0,0,,,,,,,,,GP3,0.0,0.0,0.4151,0.9713,normalised
82.60048222541809,,,0.0,0.0,0,,,,,,,,,GP3,0.0,0.0,0.4151,0.9713,normalised
82.61699390411377,,,0.0,0.0,0,,,,,,,,,GP3,0.0,0.0,0.4151,0.9713,normalised
82.63658881187439,,,0.0,0.0,0,,,,,,,,,GP3,0.0,0.0,0.4151,0.9713,normalised
82.65160179138184,,,0.0,0.0,0,,,,,,,,,GP3,0.0,0.0,0.4151,0.9713,normalised
82.66511273384094,,,0.0,0.0,0,,,,,,,,,GP3,0.0,0.0,0.4151,0.9713,normalised
82.68208718299866,,,0.0,0.0,0,,,,,,,,,GP3,0.0,0.0,0.4151,0.9713,normalised
82.69580006599426,,,0.0,0.0,0,,,,,,,,,GP3,0.0,0.0,0.4151,0.9713,normalised
82.71351194381714,,,0.0,0.0,0,,,,,,,,,GP3,0.0,0.0,0.4151,0.9713,normalised
82.72903299331665,,,0.01938,0.03311,0,,,,,,,,,GP3,0.01938,0.03311,0.4151,0.9713,normalised
82.742440700531,,,0.0585,0.11854,0,,,,,,,,,GP3,0.0585,0.11854,0.4151,0.9713,normalised
82.75686264038086,,,0.11595,0.30685,0,,,,,,,,,GP3,0.11595,0.30685,0.4151,0.9713,normalised
82.77364921569824,,,0.11787,0.32054,0,,,,,,,,,GP3,0.11787,0.32054,0.4151,0.9713,normalised
82.79029059410095,,,0.12167,0.3572,0,,,,,,,,,GP3,0.12167,0.3572,0.4151,0.9713,normalised
82.80778861045837,,,0.0913,0.1823,0,,,,,,,,,GP3,0.0913,0.1823,0.4151,0.9713,normalised
82.82068872451782,,,0.0913,0.1823,0,,,,,,,,,GP3,0.0913,0.1823,0.4151,0.9713,normalised
82.84363651275635,,,0.01758,-0.18585,0,,,,,,,,,GP3,0.01758,-0.18585,0.4151,0.9713,normalised
82.85540843009949,,,0.01758,-0.18585,0,,,,,,,,,GP3,0.01758,-0.18585,0.4151,0.9713,normalised
82.8749213218689,,,0.01758,-0.18585,0,,,,,,,,,GP3,0.01758,-0.18585,0.4151,0.9713,normalised
82.89146709442139,,,0.0,0.0,0,,,,,,,,,GP3,0.0,0.0,0.4151,0.9713,normalised
82.90751957893372,,,0.0,0.0,0,,,,,,,,,GP3,0.0,0.0,0.4151,0.9713,normalised
82.92792201042175,,,0.0,0.0,0,,,,,,,,,GP3,0.0,0.0,0.4151,0.9713,normalised
82.9394805431366,,,0.0,0.0,0,,,,,,,,,GP3,0.0,0.0,0.4151,0.9713,normalised
82.95965623855591,,,0.0,0.0,0,,,,,,,,,GP3,0.0,0.0,0.4151,0.9713,normalised
82.97116756439209,,,0.0,0.0,0,,,,,,,,,GP3,0.0,0.0,0.4151,0.9713,normalised
82.98831582069397,,,0.0,0.0,0,,,,,,,,,GP3,0.0,0.0,0.4151,0.9713,normalised
83.0117084980011,,,0.0,0.0,0,,,,,,,,,GP3,0.0,0.0,0.4151,0.9713,normalised
83.02235221862793,,,0.03696,-0.13389,0,,,,,,,,,GP3,0.03696,-0.13389,0.4151,0.9713,normalised
83.0328688621521,,,0.07392,-0.26779,0,,,,,,,,,GP3,0.07392,-0.26779,0.4151,0.9713,normalised
83.04990363121033,,,0.03627,-0.22601,0,,,,,,,,,GP3,0.03627,-0.22601,0.4151,0.9713,normalised
83.06482458114624,,,0.00404,-0.23102,0,,,,,,,,,GP3,0.00404,-0.23102,0.4151,0.9713,normalised
83.08118963241577,,,-0.0309,-0.21264,0,,,,,,,,,GP3,-0.0309,-0.21264,0.4151,0.9713,normalised
83.10132241249084,,,-0.0309,-0.21264,0,,,,,,,,,GP3,-0.0309,-0.21264,0.4151,0.9713,normalised
83.11563372612,,,-0.0309,-0.21264,0,,,,,,,,,GP3,-0.0309,-0.21264,0.4151,0.9713,normalised
83.13725709915161,,,0.0,0.0,0,,,,,,,,,GP3,0.0,0.0,0.4151,0.9713,normalised
83.14803957939148,,,0.0,0.0,0,,,,,,,,,GP3,0.0,0.0,0.4151,0.9713,normalised
83.1670413017273,,,0.0,0.0,0,,,,,,,,,GP3,0.0,0.0,0.4151,0.9713,normalised
83.18156099319458,,,0.0,0.0,0,,,,,,,,,GP3,0.0,0.0,0.4151,0.9713,normalised
83.2000195980072,,,0.0,0.0,0,,,,,,,,,GP3,0.0,0.0,0.4151,0.9713,normalised
83.22269940376282,,,0.0,0.0,0,,,,,,,,,GP3,0.0,0.0,0.4151,0.9713,normalised
83.23323655128479,,,0.0,0.0,0,,,,,,,,,GP3,0.0,0.0,0.4151,0.9713,normalised
83.24739360809326,,,0.0,0.0,0,,,,,,,,,GP3,0.0,0.0,0.4151,0.9713,normalised
83.2647693157196,,,0.0,0.0,0,,,,,,,,,GP3,0.0,0.0,0.4151,0.9713,normalised
83.28040909767151,,,0.0,0.0,0,,,,,,,,,GP3,0.0,0.0,0.4151,0.9713,normalised
83.2948899269104,,,0.0,0.0,0,,,,,,,,,GP3,0.0,0.0,0.4151,0.9713,normalised
83.31147408485413,,,0.0,0.0,0,,,,,,,,,GP3,0.0,0.0,0.4151,0.9713,normalised
83.32743620872498,,,0.0,0.0,0,,,,,,,,,GP3,0.0,0.0,0.4151,0.9713,normalised
83.34133744239807,,,0.0,0.0,0,,,,,,,,,GP3,0.0,0.0,0.4151,0.9713,normalised
83.36108160018921,,,0.0,0.0,0,,,,,,,,,GP3,0.0,0.0,0.4151,0.9713,normalised
83.37462329864502,,,0.0,0.0,0,,,,,,,,,GP3,0.0,0.0,0.4151,0.9713,normalised
83.39223194122314,,,0.0,0.0,0,,,,,,,,,GP3,0.0,0.0,0.4151,0.9713,normalised
83.41265892982483,,,0.0,0.0,0,,,,,,,,,GP3,0.0,0.0,0.4151,0.9713,normalised
83.42332983016968,,,0.0,0.0,0,,,,,,,,,GP3,0.0,0.0,0.4151,0.9713,normalised
83.44336819648743,,,0.0,0.0,0,,,,,,,,,GP3,0.0,0.0,0.4151,0.9713,normalised
83.4611279964447,,,0.0,0.0,0,,,,,,,,,GP3,0.0,0.0,0.4151,0.9713,normalised
83.47376370429993,,,0.0,0.0,0,,,,,,,,,GP3,0.0,0.0,0.4151,0.9713,normalised
83.49329233169556,,,0.0,0.0,0,,,,,,,,,GP3,0.0,0.0,0.4151,0.9713,normalised
83.50698351860046,,,0.0,0.0,0,,,,,,,,,GP3,0.0,0.0,0.4151,0.9713,normalised
83.52560496330261,,,-0.0604,-0.24104,0,,,,,,,,,GP3,-0.0604,-0.24104,0.4151,0.9713,normalised
83.53603911399841,,,-0.0604,-0.24104,0,,,,,,,,,GP3,-0.0604,-0.24104,0.4151,0.9713,normalised
83.55918312072754,,,-0.06726,-0.62027,0,,,,,,,,,GP3,-0.06726,-0.62027,0.4151,0.9713,normalised
83.56989645957947,,,-0.07412,-0.9995,0,,,,,,,,,GP3,-0.07412,-0.9995,0.4151,0.9713,normalised
83.58632802963257,,,-0.07412,-0.9995,0,,,,,,,,,GP3,-0.07412,-0.9995,0.4151,0.9713,normalised
83.60586190223694,,,-0.07412,-0.9995,0,,,,,,,,,GP3,-0.07412,-0.9995,0.4151,0.9713,normalised
83.62037682533264,,,0.0,0.0,0,,,,,,,,,GP3,0.0,0.0,0.4151,0.9713,normalised
83.63504457473755,,,0.0,0.0,0,,,,,,,,,GP3,0.0,0.0,0.4151,0.9713,normalised
83.65512657165527,,,0.0,0.0,0,,,,,,,,,GP3,0.0,0.0,0.4151,0.9713,normalised
83.66669225692749,,,0.0,0.0,0,,,,,,,,,GP3,0.0,0.0,0.4151,0.9713,normalised
83.68856692314148,,,0.0,0.0,0,,,,,,,,,GP3,0.0,0.0,0.4151,0.9713,normalised
83.70025324821472,,,0.0,0.0,0,,,,,,,,,GP3,0.0,0.0,0.4151,0.9713,normalised
83.71679449081421,,,0.0,0.0,0,,,,,,,,,GP3,0.0,0.0,0.4151,0.9713,normalised
83.7343578338623,,,0.0,0.0,0,,,,,,,,,GP3,0.0,0.0,0.4151,0.9713,normalised
83.74795818328857,,,0.0,0.0,0,,,,,,,,,GP3,0.0,0.0,0.4151,0.9713,normalised
83.76549172401428,,,-0.07412,-0.9995,0,,,,,,,,,GP3,-0.07412,-0.9995,0.4151,0.9713,normalised
83.77727246284485,,,-0.07412,-0.9995,0,,,,,,,,,GP3,-0.07412,-0.9995,0.4151,0.9713,normalised
83.80003714561462,,,-0.01901,-0.67821,0,,,,,,,,,GP3,-0.01901,-0.67821,0.4151,0.9713,normalised
83.81060862541199,,,0.03609,-0.35691,0,,,,,,,,,GP3,0.03609,-0.35691,0.4151,0.9713,normalised
83.83327722549438,,,0.03508,-0.32638,0,,,,,,,,,GP3,0.03508,-0.32638,0.4151,0.9713,normalised
83.84374499320984,,,0.03508,-0.32638,0,,,,,,,,,GP3,0.03508,-0.32638,0.4151,0.9713,normalised
83.86326384544373,,,0.03474,-0.3162,1,,,,,,,,,GP3,0.03474,-0.3162,0.4151,0.9713,normalised
83.87357497215271,,,0.03474,-0.3162,1,,,,,,,,,GP3,0.03474,-0.3162,0.4151,0.9713,normalised
83.89560770988464,,,0.02982,-0.34515,1,,,,,,,,,GP3,0.02982,-0.34515,0.4151,0.9713,normalised
83.90602254867554,,,-0.00417,-0.32838,1,,,,,,,,,GP3,-0.00417,-0.32838,0.4151,0.9713,normalised
83.92203998565674,,,-0.00599,-0.30805,1,,,,,,,,,GP3,-0.00599,-0.30805,0.4151,0.9713,normalised
83.93651366233826,,,0.00328,-0.3299,1,,,,,,,,,GP3,0.00328,-0.3299,0.4151,0.9713,normalised
83.95390701293945,,,0.01858,-0.29809,1,,,,,,,,,GP3,0.01858,-0.29809,0.4151,0.9713,normalised
83.97056031227112,,,0.03968,-0.23037,1,,,,,,,,,GP3,0.03968,-0.23037,0.4151,0.9713,normalised
83.9880895614624,,,0.06048,-0.1407,1,,,,,,,,,GP3,0.06048,-0.1407,0.4151,0.9713,normalised
84.00260424613953,,,0.09625,-0.00496,0,,,,,,,,,GP3,0.09625,-0.00496,0.4151,0.9713,normalised
84.02011203765869,,,0.25161,0.4969,0,,,,,,,,,GP3,0.25161,0.4969,0.4151,0.9713,normalised
84.03495240211487,,,0.30364,0.66148,0,,,,,,,,,GP3,0.30364,0.66148,0.4151,0.9713,normalised
84.05221462249756,,,0.40745,0.99335,0,,,,,,,,,GP3,0.40745,0.99335,0.4151,0.9713,normalised
84.06895899772644,,,0.40492,0.9999,0,,,,,,,,,GP3,0.40492,0.9999,0.4151,0.9713,normalised
84.08314681053162,,,0.40468,1.00374,0,,,,,,,,,GP3,0.40468,1.00374,0.4151,0.9713,normalised
84.10010099411011,,,0.40456,1.00565,1,,,,,,,,,GP3,0.40456,1.00565,0.4151,0.9713,normalised
84.11477470397949,,,0.40387,1.00247,1,,,,,,,,,GP3,0.40387,1.00247,0.4151,0.9713,normalised
84.13221192359924,,,0.40202,1.00167,1,,,,,,,,,GP3,0.40202,1.00167,0.4151,0.9713,normalised
84.14955449104309,,,0.39527,0.98945,1,,,,,,,,,GP3,0.39527,0.98945,0.4151,0.9713,normalised
84.1641035079956,,,0.40656,0.93372,1,,,,,,,,,GP3,0.40656,0.93372,0.4151,0.9713,normalised
84.18029999732971,,,0.41271,0.87385,1,,,,,,,,,GP3,0.41271,0.87385,0.4151,0.9713,normalised
84.19681644439697,,,0.41736,0.72607,0,,,,,,,,,GP3,0.41736,0.72607,0.4151,0.9713,normalised
84.21441435813904,,,0.45414,-0.06371,0,,,,,,,,,GP3,0.45414,-0.06371,0.4151,0.9713,normalised
84.23098635673523,,,0.40644,-0.39707,0,,,,,,,,,GP3,0.40644,-0.39707,0.4151,0.9713,normalised
84.244633436203,,,0.35589,-1.24444,0,,,,,,,,,GP3,0.35589,-1.24444,0.4151,0.9713,normalised
84.2621328830719,,,0.49791,-2.30973,0,,,,,,,,,GP3,0.49791,-2.30973,0.4151,0.9713,normalised
84.27955603599548,,,0.5361,-2.83941,0,,,,,,,,,GP3,0.5361,-2.83941,0.4151,0.9713,normalised
84.29397892951965,,,0.62865,-3.64749,0,,,,,,,,,GP3,0.62865,-3.64749,0.4151,0.9713,normalised
84.31133270263672,,,0.67648,-3.2333,0,,,,,,,,,GP3,0.67648,-3.2333,0.4151,0.9713,normalised
84.32870364189148,,,0.68119,-2.7355,0,,,,,,,,,GP3,0.68119,-2.7355,0.4151,0.9713,normalised
84.34297394752502,,,0.68893,-1.76295,0,,,,,,,,,GP3,0.68893,-1.76295,0.4151,0.9713,normalised
84.36037421226501,,,0.67014,-1.15049,0,,,,,,,,,GP3,0.67014,-1.15049,0.4151,0.9713,normalised
84.37632155418396,,,0.6669,-0.96649,0,,,,,,,,,GP3,0.6669,-0.96649,0.4151,0.9713,normalised
84.3933355808258,,,0.66042,-0.63906,0,,,,,,,,,GP3,0.66042,-0.63906,0.4151,0.9713,normalised
84.4090461730957,,,0.6674,-0.79273,0,,,,,,,,,GP3,0.6674,-0.79273,0.4151,0.9713,normalised
84.42358660697937,,,0.67157,-0.91165,0,,,,,,,,,GP3,0.67157,-0.91165,0.4151,0.9713,normalised
84.4416172504425,,,0.67981,-1.13625,0,,,,,,,,,GP3,0.67981,-1.13625,0.4151,0.9713,normalised
84.45632076263428,,,0.615,-1.25218,0,,,,,,,,,GP3,0.615,-1.25218,0.4151,0.9713,normalised
84.47305250167847,,,0.57629,-1.29326,0,,,,,,,,,GP3,0.57629,-1.29326,0.4151,0.9713,normalised
84.48761677742004,,,0.51598,-1.37298,0,,,,,,,,,GP3,0.51598,-1.37298,0.4151,0.9713,normalised
84.50430536270142,,,0.67236,-1.32224,0,,,,,,,,,GP3,0.67236,-1.32224,0.4151,0.9713,normalised
84.52183651924133,,,0.71038,-1.30418,0,,,,,,,,,GP3,0.71038,-1.30418,0.4151,0.9713,normalised
84.5358636379242,,,0.80054,-1.2692,0,,,,,,,,,GP3,0.80054,-1.2692,0.4151,0.9713,normalised
84.55603790283203,,,0.82741,-1.28689,0,,,,,,,,,GP3,0.82741,-1.28689,0.4151,0.9713,normalised
84.56755590438843,,,0.83622,-1.29477,0,,,,,,,,,GP3,0.83622,-1.29477,0.4151,0.9713,normalised
84.58511424064636,,,0.86202,-1.49654,0,,,,,,,,,GP3,0.86202,-1.49654,0.4151,0.9713,normalised
84.60180807113647,,,0.90241,-2.14745,0,,,,,,,,,GP3,0.90241,-2.14745,0.4151,0.9713,normalised
84.61627101898193,,,0.91664,-2.69074,0,,,,,,,,,GP3,0.91664,-2.69074,0.4151,0.9713,normalised
84.63497519493103,,,0.92861,-3.77435,0,,,,,,,,,GP3,0.92861,-3.77435,0.44479,0.64537,normalised
84.65196824073792,,,0.8907,-4.35507,0,,,,,,,,,GP3,0.8907,-4.35507,0.49635,0.11389,normalised
84.66654753684998,,,0.87923,-4.54938,0,,,,,,,,,GP3,0.87923,-4.54938,0.49635,0.11389,normalised
84.68404960632324,,,0.86767,-4.8197,0,,,,,,,,,GP3,0.86767,-4.8197,0.57812,0.0,normalised
84.70172238349915,,,0.8662,-4.35528,0,,,,,,,,,GP3,0.8662,-4.35528,0.57812,0.0,normalised
84.71548318862915,,,0.86733,-4.01046,0,,,,,,,,,GP3,0.86733,-4.01046,0.61458,0.0,normalised
84.73000621795654,,,0.86745,-3.33441,0,,,,,,,,,GP3,0.86745,-3.33441,0.61458,0.0,normalised
84.74746370315552,,,0.8531,-2.97527,0,,,,,,,,,GP3,0.8531,-2.97527,0.61458,0.0,normalised
84.76183199882507,,,0.84943,-2.86127,0,,,,,,,,,GP3,0.84943,-2.86127,0.61458,0.0,normalised
84.77788257598877,,,0.84097,-2.62756,0,,,,,,,,,GP3,0.84097,-2.62756,0.61458,0.0,normalised
84.79769039154053,,,0.84044,-2.61857,0,,,,,,,,,GP3,0.84044,-2.61857,0.61458,0.0,normalised
84.81221652030945,,,0.83491,-2.6201,0,,,,,,,,,GP3,0.83491,-2.6201,0.61458,0.0,normalised
84.8280394077301,,,0.83214,-2.62086,1,,,,,,,,,GP3,0.83214,-2.62086,0.61458,0.0,normalised
84.84440350532532,,,0.83668,-2.61506,1,,,,,,,,,GP3,0.83668,-2.61506,0.61458,0.0,normalised
84.85901641845703,,,0.83632,-2.60657,1,,,,,,,,,GP3,0.83632,-2.60657,0.61458,0.0,normalised
84.87585663795471,,,0.83607,-2.60051,1,,,,,,,,,GP3,0.83607,-2.60051,0.61458,0.0,normalised
84.89399909973145,,,0.84192,-2.60585,1,,,,,,,,,GP3,0.84192,-2.60585,0.61458,0.0,normalised
84.90727496147156,,,0.84625,-2.61455,1,,,,,,,,,GP3,0.84625,-2.61455,0.61458,0.0,normalised
84.92468595504761,,,0.84972,-2.62151,1,,,,,,,,,GP3,0.84972,-2.62151,0.61458,0.0,normalised
84.93941807746887,,,0.85102,-2.62633,1,,,,,,,,,GP3,0.85102,-2.62633,0.61458,0.0,normalised
84.95584273338318,,,0.85002,-2.62708,1,,,,,,,,,GP3,0.85002,-2.62708,0.61458,0.0,normalised
84.97337651252747,,,0.84917,-2.62771,1,,,,,,,,,GP3,0.84917,-2.62771,0.61458,0.0,normalised
84.98869943618774,,,0.84869,-2.62889,1,,,,,,,,,GP3,0.84869,-2.62889,0.61458,0.0,normalised
85.00607943534851,,,0.84654,-2.62619,1,,,,,,,,,GP3,0.84654,-2.62619,0.61458,0.0,normalised
85.02059197425842,,,0.84466,-2.62383,1,,,,,,,,,GP3,0.84466,-2.62383,0.61458,0.0,normalised
85.03816342353821,,,0.8439,-2.62115,1,,,,,,,,,GP3,0.8439,-2.62115,0.61458,0.0,normalised
85.05311298370361,,,0.84296,-2.61863,1,,,,,,,,,GP3,0.84296,-2.61863,0.61458,0.0,normalised
85.06948924064636,,,0.84211,-2.61638,1,,,,,,,,,GP3,0.84211,-2.61638,0.61458,0.0,normalised
85.08646702766418,,,0.84407,-2.61466,1,,,,,,,,,GP3,0.84407,-2.61466,0.61458,0.0,normalised
85.1030580997467,,,0.84789,-2.6183,1,,,,,,,,,GP3,0.84789,-2.6183,0.61458,0.0,normalised
85.11819577217102,,,0.85136,-2.62161,1,,,,,,,,,GP3,0.85136,-2.62161,0.61458,0.0,normalised
85.13405871391296,,,0.85355,-2.62804,1,,,,,,,,,GP3,0.85355,-2.62804,0.61458,0.0,normalised
85.1527967453003,,,0.85311,-2.64209,1,,,,,,,,,GP3,0.85311,-2.64209,0.7599,0.02037,normalised
85.16731286048889,,,0.85535,-2.71494,0,,,,,,,,,GP3,0.85535,-2.71494,0.7599,0.02037,normalised
85.18442749977112,,,0.85829,-3.06822,0,,,,,,,,,GP3,0.85829,-3.06822,0.9474,0.08241,normalised
85.20150876045227,,,0.80734,-3.48613,0,,,,,,,,,GP3,0.80734,-3.48613,0.9474,0.08241,normalised
85.21605205535889,,,0.7471,-4.20973,0,,,,,,,,,GP3,0.7471,-4.20973,0.86667,0.08241,normalised
85.23064851760864,,,0.68562,-4.46798,0,,,,,,,,,GP3,0.68562,-4.46798,0.86667,0.08241,normalised
85.24724054336548,,,0.62714,-4.43756,0,,,,,,,,,GP3,0.62714,-4.43756,0.81927,0.09815,normalised
85.26370167732239,,,0.54817,-4.49323,0,,,,,,,,,GP3,0.54817,-4.49323,0.81927,0.09815,normalised
85.28150224685669,,,0.71758,-4.53553,0,,,,,,,,,GP3,0.71758,-4.53553,0.81302,0.18519,normalised
85.29590392112732,,,0.74351,-4.74622,0,,,,,,,,,GP3,0.74351,-4.74622,0.85729,0.29722,normalised
85.31344652175903,,,0.85945,-4.68303,0,,,,,,,,,GP3,0.85945,-4.68303,0.85729,0.29722,normalised
85.32924151420593,,,0.92665,-3.63887,0,,,,,,,,,GP3,0.92665,-3.63887,0.99948,0.3463,normalised
85.34640598297119,,,0.95378,-2.8521,0,,,,,,,,,GP3,0.95378,-2.8521,0.99948,0.3463,normalised
85.36297512054443,,,0.94919,-1.36403,0,,,,,,,,,GP3,0.94919,-1.36403,0.99948,0.3463,normalised
85.37655138969421,,,0.79372,-0.76167,0,,,,,,,,,GP3,0.79372,-0.76167,0.99948,0.35278,normalised
85.393150806427,,,0.71078,-0.61773,0,,,,,,,,,GP3,0.71078,-0.61773,0.99948,0.35278,normalised
85.41159510612488,,,0.57722,-0.4518,0,,,,,,,,,GP3,0.57722,-0.4518,0.99948,0.35278,normalised
85.42616629600525,,,0.65749,-0.76443,0,,,,,,,,,GP3,0.65749,-0.76443,0.99948,0.35,normalised
85.44242668151855,,,0.67949,-1.01546,0,,,,,,,,,GP3,0.67949,-1.01546,0.99948,0.35,normalised
85.45968770980835,,,0.73228,-1.48647,0,,,,,,,,,GP3,0.73228,-1.48647,0.99948,0.35,normalised
85.47372651100159,,,0.80682,-1.86833,0,,,,,,,,,GP3,0.80682,-1.86833,0.99948,0.32222,normalised
85.491219997406,,,0.84634,-1.91204,0,,,,,,,,,GP3,0.84634,-1.91204,0.99271,0.27315,normalised
85.50874280929565,,,0.91013,-2.1659,0,,,,,,,,,GP3,0.91013,-2.1659,0.99271,0.27315,normalised
85.52226114273071,,,0.9103,-2.55081,0,,,,,,,,,GP3,0.9103,-2.55081,0.9875,0.24352,normalised
85.53891801834106,,,0.89227,-3.10127,0,,,,,,,,,GP3,0.89227,-3.10127,0.9875,0.24352,normalised
85.55695033073425,,,0.85902,-4.08852,0,,,,,,,,,GP3,0.85902,-4.08852,0.96094,0.23148,normalised
85.57138657569885,,,0.86566,-4.36692,0,,,,,,,,,GP3,0.86566,-4.36692,0.96094,0.23148,normalised
85.58809185028076,,,0.87462,-4.38196,0,,,,,,,,,GP3,0.87462,-4.38196,0.95,0.2287,normalised
85.60359597206116,,,0.8858,-4.48981,0,,,,,,,,,GP3,0.8858,-4.48981,0.95,0.2287,normalised
85.62112712860107,,,0.81536,-4.57577,0,,,,,,,,,GP3,0.81536,-4.57577,0.94635,0.22778,normalised
85.63590621948242,,,0.75125,-4.54049,0,,,,,,,,,GP3,0.75125,-4.54049,0.94635,0.22778,normalised
85.65329909324646,,,0.66854,-4.46694,0,,,,,,,,,GP3,0.66854,-4.46694,0.94635,0.22222,normalised
85.66821146011353,,,0.76369,-4.21844,0,,,,,,,,,GP3,0.76369,-4.21844,0.94635,0.22222,normalised
85.68709659576416,,,0.79601,-4.00821,0,,,,,,,,,GP3,0.79601,-4.00821,0.94635,0.22222,normalised
85.70183420181274,,,0.8608,-3.61356,0,,,,,,,,,GP3,0.8608,-3.61356,0.94635,0.22222,normalised
85.71628212928772,,,0.88405,-3.59153,0,,,,,,,,,GP3,0.88405,-3.59153,0.94635,0.22222,normalised
85.73404932022095,,,0.90649,-3.57735,0,,,,,,,,,GP3,0.90649,-3.57735,0.94635,0.22222,normalised
85.75107598304749,,,0.91771,-3.57026,1,,,,,,,,,GP3,0.91771,-3.57026,0.94635,0.22222,normalised
85.76501417160034,,,0.92409,-3.50003,0,,,,,,,,,GP3,0.92409,-3.50003,0.94583,0.2213,normalised
85.78152012825012,,,0.90664,-3.42216,0,,,,,,,,,GP3,0.90664,-3.42216,0.94583,0.2213,normalised
85.79706406593323,,,0.89733,-3.46195,0,,,,,,,,,GP3,0.89733,-3.46195,0.92031,0.2213,normalised
85.81455087661743,,,0.86481,-3.51217,1,,,,,,,,,GP3,0.86481,-3.51217,0.92031,0.2213,normalised
85.83209276199341,,,0.80474,-3.56222,0,,,,,,,,,GP3,0.80474,-3.56222,0.92031,0.2213,normalised
85.84572124481201,,,0.74034,-3.77189,0,,,,,,,,,GP3,0.74034,-3.77189,0.73385,0.33981,normalised
85.86311531066895,,,0.73371,-4.09569,0,,,,,,,,,GP3,0.73371,-4.09569,0.72448,0.36852,normalised
85.87766432762146,,,0.66048,-4.49641,0,,,,,,,,,GP3,0.66048,-4.49641,0.72448,0.36852,normalised
85.89351439476013,,,0.62277,-4.6304,0,,,,,,,,,GP3,0.62277,-4.6304,0.69219,0.44537,normalised
85.9124321937561,,,0.70414,-4.6083,0,,,,,,,,,GP3,0.70414,-4.6083,0.69219,0.44537,normalised
85.92700624465942,,,0.7737,-4.59784,0,,,,,,,,,GP3,0.7737,-4.59784,0.63333,0.57407,normalised
85.94259738922119,,,0.83982,-4.32267,0,,,,,,,,,GP3,0.83982,-4.32267,0.63333,0.57407,normalised
85.95889449119568,,,0.84725,-4.00156,0,,,,,,,,,GP3,0.84725,-4.00156,0.61094,0.60185,normalised
85.9763457775116,,,0.85741,-3.3406,0,,,,,,,,,GP3,0.85741,-3.3406,0.61094,0.60185,normalised
85.9908549785614,,,0.82384,-2.67076,0,,,,,,,,,GP3,0.82384,-2.67076,0.59792,0.60926,normalised
86.00838327407837,,,0.81987,-2.41137,0,,,,,,,,,GP3,0.81987,-2.41137,0.59792,0.60926,normalised
86.02312064170837,,,0.78459,-1.9331,0,,,,,,,,,GP3,0.78459,-1.9331,0.58333,0.60093,normalised
86.04055523872375,,,0.76809,-1.91944,0,,,,,,,,,GP3,0.76809,-1.91944,0.58333,0.60093,normalised
86.05840301513672,,,0.80039,-1.94992,0,,,,,,,,,GP3,0.80039,-1.94992,0.55677,0.55556,normalised
86.07286953926086,,,0.81255,-1.94426,1,,,,,,,,,GP3,0.81255,-1.94426,0.47396,0.44907,normalised
86.08843445777893,,,0.81986,-1.94086,1,,,,,,,,,GP3,0.81986,-1.94086,0.47396,0.44907,normalised
86.10891532897949,,,0.82121,-1.94212,1,,,,,,,,,GP3,0.82121,-1.94212,0.47396,0.44907,normalised
86.12279224395752,,,0.81588,-1.93885,1,,,,,,,,,GP3,0.81588,-1.93885,0.32865,0.26111,normalised
86.13857817649841,,,0.81142,-1.91514,1,,,,,,,,,GP3,0.81142,-1.91514,0.29896,0.22963,normalised
86.15395617485046,,,0.81013,-1.85726,1,,,,,,,,,GP3,0.81013,-1.85726,0.29896,0.22963,normalised
86.1699423789978,,,0.80806,-1.78879,1,,,,,,,,,GP3,0.80806,-1.78879,0.26302,0.20556,normalised
86.18693685531616,,,0.8063,-1.73423,1,,,,,,,,,GP3,0.8063,-1.73423,0.26302,0.20556,normalised
86.20745873451233,,,0.80796,-1.72744,1,,,,,,,,,GP3,0.80796,-1.72744,0.26302,0.20556,normalised
86.21923398971558,,,0.81056,-1.75161,1,,,,,,,,,GP3,0.81056,-1.75161,0.22448,0.20926,normalised
86.23505425453186,,,0.82091,-1.75144,0,,,,,,,,,GP3,0.82091,-1.75144,0.22083,0.21389,normalised
86.25201201438904,,,0.84372,-1.70513,0,,,,,,,,,GP3,0.84372,-1.70513,0.22083,0.21389,normalised
86.26785778999329,,,0.83306,-1.51562,0,,,,,,,,,GP3,0.83306,-1.51562,0.21771,0.24167,normalised
86.282386302948,,,0.81509,-1.13879,0,,,,,,,,,GP3,0.81509,-1.13879,0.21771,0.24167,normalised
86.30003070831299,,,0.77744,-0.78658,0,,,,,,,,,GP3,0.77744,-0.78658,0.22448,0.28611,normalised
86.3168694972992,,,0.7643,-0.65214,0,,,,,,,,,GP3,0.7643,-0.65214,0.22448,0.28611,normalised
86.33277010917664,,,0.73862,-0.4003,0,,,,,,,,,GP3,0.73862,-0.4003,0.22969,0.29907,normalised
86.34703278541565,,,0.75088,-0.41056,0,,,,,,,,,GP3,0.75088,-0.41056,0.22969,0.29907,normalised
86.36455702781677,,,0.75839,-0.43221,0,,,,,,,,,GP3,0.75839,-0.43221,0.23542,0.31667,normalised
86.3790774345398,,,0.77465,-0.50179,0,,,,,,,,,GP3,0.77465,-0.50179,0.23542,0.31667,normalised
86.39578604698181,,,0.79155,-0.6143,0,,,,,,,,,GP3,0.79155,-0.6143,0.2401,0.33056,normalised
86.41337323188782,,,0.80285,-0.70699,0,,,,,,,,,GP3,0.80285,-0.70699,0.2401,0.33056,normalised
86.42810583114624,,,0.8254,-0.9,0,,,,,,,,,GP3,0.8254,-0.9,0.25625,0.36759,normalised
86.44546842575073,,,0.83008,-1.05073,0,,,,,,,,,GP3,0.83008,-1.05073,0.25625,0.36759,normalised
86.4600191116333,,,0.85377,-1.09054,0,,,,,,,,,GP3,0.85377,-1.09054,0.27135,0.4,normalised
86.47761726379395,,,0.87777,-1.16651,0,,,,,,,,,GP3,0.87777,-1.16651,0.27135,0.4,normalised
86.49535059928894,,,0.87027,-1.12594,0,,,,,,,,,GP3,0.87027,-1.12594,0.30104,0.475,normalised
86.50986909866333,,,0.87788,-1.13185,0,,,,,,,,,GP3,0.87788,-1.13185,0.30104,0.475,normalised
86.5268087387085,,,0.87909,-1.10866,1,,,,,,,,,GP3,0.87909,-1.10866,0.31094,0.49722,normalised
86.54285168647766,,,0.86657,-1.03967,0,,,,,,,,,GP3,0.86657,-1.03967,0.31771,0.51481,normalised
86.55750179290771,,,0.84301,-0.95011,0,,,,,,,,,GP3,0.84301,-0.95011,0.31771,0.51481,normalised
86.57303309440613,,,0.84439,-1.04637,0,,,,,,,,,GP3,0.84439,-1.04637,0.31771,0.51481,normalised
86.5934751033783,,,0.83742,-1.30397,0,,,,,,,,,GP3,0.83742,-1.30397,0.32292,0.53704,normalised
86.60717368125916,,,0.84466,-1.90187,0,,,,,,,,,GP3,0.84466,-1.90187,0.32656,0.56759,normalised
86.6239402294159,,,0.8512,-2.22485,0,,,,,,,,,GP3,0.8512,-2.22485,0.32656,0.56759,normalised
86.64167332649231,,,0.88458,-2.66053,0,,,,,,,,,GP3,0.88458,-2.66053,0.33177,0.59815,normalised
86.65565252304077,,,0.90928,-2.42229,0,,,,,,,,,GP3,0.90928,-2.42229,0.33177,0.59815,normalised
86.67312145233154,,,0.9095,-2.19026,0,,,,,,,,,GP3,0.9095,-2.19026,0.33177,0.59815,normalised
86.69039058685303,,,0.90918,-1.81752,0,,,,,,,,,GP3,0.90918,-1.81752,0.33281,0.60833,normalised
86.70478916168213,,,0.90738,-1.71127,0,,,,,,,,,GP3,0.90738,-1.71127,0.33281,0.60833,normalised
86.72150921821594,,,0.91089,-1.77469,0,,,,,,,,,GP3,0.91089,-1.77469,0.33281,0.60833,normalised
86.73899602890015,,,0.90536,-1.92026,0,,,,,,,,,GP3,0.90536,-1.92026,0.33281,0.60833,normalised
86.75360250473022,,,0.88811,-2.37862,0,,,,,,,,,GP3,0.88811,-2.37862,0.33281,0.60833,normalised
86.77025008201599,,,0.88339,-2.69171,0,,,,,,,,,GP3,0.88339,-2.69171,0.33281,0.60833,normalised
86.78660011291504,,,0.87865,-3.15852,0,,,,,,,,,GP3,0.87865,-3.15852,0.33281,0.60833,normalised
86.80116271972656,,,0.88634,-3.17297,0,,,,,,,,,GP3,0.88634,-3.17297,0.33281,0.60833,normalised
86.8177478313446,,,0.89253,-3.02848,0,,,,,,,,,GP3,0.89253,-3.02848,0.33281,0.60833,normalised
86.83503150939941,,,0.98051,-2.7386,0,,,,,,,,,GP3,0.98051,-2.7386,0.33281,0.60833,normalised
86.84996819496155,,,1.11122,-2.14465,0,,,,,,,,,GP3,1.11122,-2.14465,0.33281,0.60833,normalised
86.86650252342224,,,1.11201,-1.7028,0,,,,,,,,,GP3,1.11201,-1.7028,0.33281,0.60833,normalised
86.88111758232117,,,0.94793,-0.96714,0,,,,,,,,,GP3,0.94793,-0.96714,0.33281,0.60833,normalised
86.89654088020325,,,0.69276,-0.70819,0,,,,,,,,,GP3,0.69276,-0.70819,0.33281,0.60833,normalised
86.91402959823608,,,0.60115,-0.82246,0,,,,,,,,,GP3,0.60115,-0.82246,0.33281,0.60833,normalised
86.92890524864197,,,0.41625,-1.17159,0,,,,,,,,,GP3,0.41625,-1.17159,0.33281,0.60833,normalised
86.94699883460999,,,0.35145,-1.87837,0,,,,,,,,,GP3,0.35145,-1.87837,0.33281,0.60833,normalised
86.96384572982788,,,0.31915,-2.35577,0,,,,,,,,,GP3,0.31915,-2.35577,0.33281,0.60833,normalised
86.9782645702362,,,0.31736,-3.31263,0,,,,,,,,,GP3,0.31736,-3.31263,0.33281,0.60833,normalised
86.99600529670715,,,0.36929,-3.72789,0,,,,,,,,,GP3,0.36929,-3.72789,0.33281,0.60833,normalised
87.01065969467163,,,0.3866,-3.86632,0,,,,,,,,,GP3,0.3866,-3.86632,0.33281,0.60833,normalised
87.02731251716614,,,0.49466,-4.28854,0,,,,,,,,,GP3,0.49466,-4.28854,0.33281,0.60833,normalised
87.04302382469177,,,0.6814,-4.66443,0,,,,,,,,,GP3,0.6814,-4.66443,0.33281,0.60833,normalised
87.06099247932434,,,0.74364,-4.78973,0,,,,,,,,,GP3,0.74364,-4.78973,0.33281,0.60833,normalised
87.07722544670105,,,0.54803,-4.42437,0,,,,,,,,,GP3,0.54803,-4.42437,0.33281,0.60833,normalised
87.0918562412262,,,0.22703,-3.8532,0,,,,,,,,,GP3,0.22703,-3.8532,0.33281,0.60833,normalised
87.10961675643921,,,0.12004,-3.66281,0,,,,,,,,,GP3,0.12004,-3.66281,0.33281,0.60833,normalised
87.1252875328064,,,-0.10128,-3.23506,0,,,,,,,,,GP3,-0.10128,-3.23506,0.33281,0.60833,normalised
87.14332699775696,,,-0.09368,-3.26066,0,,,,,,,,,GP3,-0.09368,-3.26066,0.33281,0.60833,normalised
87.15708041191101,,,-0.09114,-3.26919,0,,,,,,,,,GP3,-0.09114,-3.26919,0.33281,0.60833,normalised
87.17459511756897,,,-0.09629,-3.25086,1,,,,,,,,,GP3,-0.09629,-3.25086,0.33281,0.60833,normalised
87.18864560127258,,,-0.11095,-3.19948,1,,,,,,,,,GP3,-0.11095,-3.19948,0.33281,0.60833,normalised
87.20518255233765,,,-0.12072,-3.16523,1,,,,,,,,,GP3,-0.12072,-3.16523,0.33281,0.60833,normalised
87.22178030014038,,,-0.12179,-3.16479,1,,,,,,,,,GP3,-0.12179,-3.16479,0.33281,0.60833,normalised
87.23622465133667,,,-0.11736,-3.17732,1,,,,,,,,,GP3,-0.11736,-3.17732,0.33281,0.60833,normalised
87.25487732887268,,,-0.11524,-3.16775,1,,,,,,,,,GP3,-0.11524,-3.16775,0.33281,0.60833,normalised
87.27156281471252,,,-0.13264,-3.09268,1,,,,,,,,,GP3,-0.13264,-3.09268,0.33281,0.60833,normalised
87.28524971008301,,,-0.14622,-3.01919,1,,,,,,,,,GP3,-0.14622,-3.01919,0.33281,0.60833,normalised
87.30293846130371,,,-0.16147,-2.91991,0,,,,,,,,,GP3,-0.16147,-2.91991,0.33281,0.60833,normalised
87.31762051582336,,,-0.22138,-2.49907,0,,,,,,,,,GP3,-0.22138,-2.49907,0.33281,0.60833,normalised
87.33433079719543,,,-0.26776,-2.3425,0,,,,,,,,,GP3,-0.26776,-2.3425,0.33281,0.60833,normalised
87.35125970840454,,,-0.33411,-2.04566,0,,,,,,,,,GP3,-0.33411,-2.04566,0.33281,0.60833,normalised
87.36774206161499,,,-0.20642,-2.19675,0,,,,,,,,,GP3,-0.20642,-2.19675,0.33281,0.60833,normalised
87.38251233100891,,,-0.16982,-2.23905,0,,,,,,,,,GP3,-0.16982,-2.23905,0.33281,0.60833,normalised
87.39978408813477,,,-0.08697,-2.1873,0,,,,,,,,,GP3,-0.08697,-2.1873,0.33281,0.60833,normalised
87.41638231277466,,,-0.04768,-1.79261,0,,,,,,,,,GP3,-0.04768,-1.79261,0.33281,0.60833,normalised
87.43120789527893,,,0.01131,-1.51658,0,,,,,,,,,GP3,0.01131,-1.51658,0.33281,0.60833,normalised
87.44756126403809,,,0.08887,-1.13759,0,,,,,,,,,GP3,0.08887,-1.13759,0.33281,0.60833,normalised
87.46420454978943,,,0.09058,-1.45682,0,,,,,,,,,GP3,0.09058,-1.45682,0.33281,0.60833,normalised
87.47884559631348,,,0.08487,-1.81173,0,,,,,,,,,GP3,0.08487,-1.81173,0.33281,0.60833,normalised
87.4956796169281,,,0.06712,-2.33236,0,,,,,,,,,GP3,0.06712,-2.33236,0.33281,0.60833,normalised
87.51265597343445,,,-0.00738,-2.18847,0,,,,,,,,,GP3,-0.00738,-2.18847,0.33281,0.60833,normalised
87.52928471565247,,,0.00882,-1.97103,0,,,,,,,,,GP3,0.00882,-1.97103,0.33281,0.60833,normalised
87.54548144340515,,,0.02885,-1.49706,0,,,,,,,,,GP3,0.02885,-1.49706,0.33281,0.60833,normalised
87.56223726272583,,,0.06254,-1.10852,0,,,,,,,,,GP3,0.06254,-1.10852,0.33281,0.60833,normalised
87.5777177810669,,,0.08554,-0.98529,0,,,,,,,,,GP3,0.08554,-0.98529,0.33281,0.60833,normalised
87.59430742263794,,,0.11976,-0.73255,0,,,,,,,,,GP3,0.11976,-0.73255,0.33281,0.60833,normalised
87.6089928150177,,,0.09078,-0.73015,0,,,,,,,,,GP3,0.09078,-0.73015,0.33281,0.60833,normalised
87.62518286705017,,,0.08243,-0.73174,0,,,,,,,,,GP3,0.08243,-0.73174,0.33281,0.60833,normalised
87.64176726341248,,,0.07826,-0.73254,1,,,,,,,,,GP3,0.07826,-0.73254,0.33281,0.60833,normalised
87.65788340568542,,,0.07115,-0.72752,1,,,,,,,,,GP3,0.07115,-0.72752,0.33281,0.60833,normalised
87.67442011833191,,,0.06133,-0.72489,1,,,,,,,,,GP3,0.06133,-0.72489,0.33281,0.60833,normalised
87.69011950492859,,,0.05432,-0.72302,1,,,,,,,,,GP3,0.05432,-0.72302,0.33281,0.60833,normalised
87.70524644851685,,,0.05475,-0.72071,1,,,,,,,,,GP3,0.05475,-0.72071,0.33281,0.60833,normalised
87.72229218482971,,,0.05696,-0.72031,1,,,,,,,,,GP3,0.05696,-0.72031,0.33281,0.60833,normalised
87.73877811431885,,,0.05872,-0.71999,1,,,,,,,,,GP3,0.05872,-0.71999,0.33281,0.60833,normalised
87.75386810302734,,,0.06076,-0.72414,1,,,,,,,,,GP3,0.06076,-0.72414,0.33281,0.60833,normalised
87.7706732749939,,,0.06285,-0.72744,1,,,,,,,,,GP3,0.06285,-0.72744,0.33281,0.60833,normalised
87.78793859481812,,,0.06463,-0.73024,1,,,,,,,,,GP3,0.06463,-0.73024,0.33281,0.60833,normalised
87.80442810058594,,,0.06553,-0.72853,1,,,,,,,,,GP3,0.06553,-0.72853,0.33281,0.60833,normalised
87.81913304328918,,,0.06645,-0.72721,1,,,,,,,,,GP3,0.06645,-0.72721,0.33281,0.60833,normalised
87.83657765388489,,,0.06727,-0.72605,1,,,,,,,,,GP3,0.06727,-0.72605,0.33281,0.60833,normalised
87.85111379623413,,,0.06871,-0.72863,1,,,,,,,,,GP3,0.06871,-0.72863,0.33281,0.60833,normalised
87.86851477622986,,,0.06997,-0.73051,1,,,,,,,,,GP3,0.06997,-0.73051,0.33281,0.60833,normalised
87.88427805900574,,,0.0711,-0.73218,1,,,,,,,,,GP3,0.0711,-0.73218,0.33281,0.60833,normalised
87.90061354637146,,,0.07249,-0.73422,1,,,,,,,,,GP3,0.07249,-0.73422,0.33281,0.60833,normalised
87.91835355758667,,,0.07422,-0.73553,1,,,,,,,,,GP3,0.07422,-0.73553,0.33281,0.60833,normalised
87.93208074569702,,,0.0758,-0.73671,1,,,,,,,,,GP3,0.0758,-0.73671,0.33281,0.60833,normalised
87.94975709915161,,,0.07595,-0.73847,1,,,,,,,,,GP3,0.07595,-0.73847,0.33281,0.60833,normalised
87.96622490882874,,,0.07673,-0.74098,1,,,,,,,,,GP3,0.07673,-0.74098,0.33281,0.60833,normalised
87.98094868659973,,,0.077,-0.74702,1,,,,,,,,,GP3,0.077,-0.74702,0.33281,0.60833,normalised
87.99676394462585,,,0.08498,-0.77931,0,,,,,,,,,GP3,0.08498,-0.77931,0.33281,0.60833,normalised
88.01367712020874,,,0.01826,-0.87673,0,,,,,,,,,GP3,0.01826,-0.87673,0.33281,0.60833,normalised
88.02908158302307,,,-0.01656,-0.99049,0,,,,,,,,,GP3,-0.01656,-0.99049,0.33281,0.60833,normalised
88.04599857330322,,,-0.08785,-1.19014,0,,,,,,,,,GP3,-0.08785,-1.19014,0.33281,0.60833,normalised
88.06252336502075,,,-0.16212,-1.3323,0,,,,,,,,,GP3,-0.16212,-1.3323,0.33281,0.60833,normalised
88.07763671875,,,-0.19576,-1.42532,0,,,,,,,,,GP3,-0.19576,-1.42532,0.33281,0.60833,normalised
88.09482550621033,,,-0.23624,-1.56705,0,,,,,,,,,GP3,-0.23624,-1.56705,0.33281,0.60833,normalised
88.11233830451965,,,-0.26303,-1.55963,0,,,,,,,,,GP3,-0.26303,-1.55963,0.33281,0.60833,normalised
88.12686681747437,,,-0.27196,-1.55716,0,,,,,,,,,GP3,-0.27196,-1.55716,0.33281,0.60833,normalised
88.14376497268677,,,-0.24322,-1.57946,1,,,,,,,,,GP3,-0.24322,-1.57946,0.33281,0.60833,normalised
88.1604516506195,,,-0.24134,-1.57721,1,,,,,,,,,GP3,-0.24134,-1.57721,0.33281,0.60833,normalised
88.17481327056885,,,-0.24009,-1.57571,1,,,,,,,,,GP3,-0.24009,-1.57571,0.33281,0.60833,normalised
88.19228219985962,,,-0.22529,-1.59627,1,,,,,,,,,GP3,-0.22529,-1.59627,0.33281,0.60833,normalised
88.20888471603394,,,-0.21497,-1.61199,1,,,,,,,,,GP3,-0.21497,-1.61199,0.33281,0.60833,normalised
88.22359251976013,,,-0.20315,-1.57788,1,,,,,,,,,GP3,-0.20315,-1.57788,0.33281,0.60833,normalised
88.24115777015686,,,-0.17964,-1.51132,1,,,,,,,,,GP3,-0.17964,-1.51132,0.33281,0.60833,normalised
88.25670266151428,,,-0.14908,-1.40914,1,,,,,,,,,GP3,-0.14908,-1.40914,0.33281,0.60833,normalised
88.27420783042908,,,-0.10226,-1.24976,0,,,,,,,,,GP3,-0.10226,-1.24976,0.33281,0.60833,normalised
88.28886818885803,,,0.10389,-0.45261,0,,,,,,,,,GP3,0.10389,-0.45261,0.33281,0.60833,normalised
88.30456352233887,,,0.17239,-0.1882,0,,,,,,,,,GP3,0.17239,-0.1882,0.33281,0.60833,normalised
88.32392740249634,,,0.30961,0.34192,0,,,,,,,,,GP3,0.30961,0.34192,0.33281,0.60833,normalised
88.33838510513306,,,0.30293,0.33849,0,,,,,,,,,GP3,0.30293,0.33849,0.33281,0.60833,normalised
88.35361790657043,,,0.30622,0.34432,0,,,,,,,,,GP3,0.30622,0.34432,0.33281,0.60833,normalised
88.36866450309753,,,0.30787,0.34724,1,,,,,,,,,GP3,0.30787,0.34724,0.33281,0.60833,normalised
88.38526844978333,,,0.31272,0.35021,1,,,,,,,,,GP3,0.31272,0.35021,0.33281,0.60833,normalised
88.40279936790466,,,0.32154,0.35829,1,,,,,,,,,GP3,0.32154,0.35829,0.33281,0.60833,normalised
88.4193947315216,,,0.32784,0.36407,1,,,,,,,,,GP3,0.32784,0.36407,0.33281,0.60833,normalised
88.43411254882812,,,0.33097,0.36804,1,,,,,,,,,GP3,0.33097,0.36804,0.33281,0.60833,normalised
88.45104742050171,,,0.34035,0.37541,1,,,,,,,,,GP3,0.34035,0.37541,0.33281,0.60833,normalised
88.46766018867493,,,0.3457,0.36215,1,,,,,,,,,GP3,0.3457,0.36215,0.33281,0.60833,normalised
88.48517203330994,,,0.33884,0.31915,1,,,,,,,,,GP3,0.33884,0.31915,0.33281,0.60833,normalised
88.49963092803955,,,0.33686,0.26714,1,,,,,,,,,GP3,0.33686,0.26714,0.33281,0.60833,normalised
88.51634550094604,,,0.33291,0.20379,1,,,,,,,,,GP3,0.33291,0.20379,0.33281,0.60833,normalised
88.53063368797302,,,0.32346,0.10456,0,,,,,,,,,GP3,0.32346,0.10456,0.33281,0.60833,normalised
88.54867506027222,,,0.27522,-0.35263,0,,,,,,,,,GP3,0.27522,-0.35263,0.33281,0.60833,normalised
88.56467652320862,,,0.25914,-0.50502,0,,,,,,,,,GP3,0.25914,-0.50502,0.33281,0.60833,normalised
88.57932043075562,,,0.19494,-0.78601,0,,,,,,,,,GP3,0.19494,-0.78601,0.33281,0.60833,normalised
88.59701991081238,,,0.19049,-0.75296,0,,,,,,,,,GP3,0.19049,-0.75296,0.33281,0.60833,normalised
88.61353611946106,,,0.18901,-0.74194,0,,,,,,,,,GP3,0.18901,-0.74194,0.33281,0.60833,normalised
88.62836050987244,,,0.1727,-0.72196,1,,,,,,,,,GP3,0.1727,-0.72196,0.33281,0.60833,normalised
88.64413595199585,,,0.17431,-0.69225,1,,,,,,,,,GP3,0.17431,-0.69225,0.33281,0.60833,normalised
88.66020917892456,,,0.17538,-0.67245,1,,,,,,,,,GP3,0.17538,-0.67245,0.33281,0.60833,normalised
88.67787623405457,,,0.17134,-0.67043,1,,,,,,,,,GP3,0.17134,-0.67043,0.33281,0.60833,normalised
88.69365453720093,,,0.18129,-0.66069,1,,,,,,,,,GP3,0.18129,-0.66069,0.33281,0.60833,normalised
88.71017622947693,,,0.18903,-0.65312,1,,,,,,,,,GP3,0.18903,-0.65312,0.33281,0.60833,normalised
88.72553730010986,,,0.1844,-0.64139,1,,,,,,,,,GP3,0.1844,-0.64139,0.33281,0.60833,normalised
88.74116468429565,,,0.1913,-0.59345,1,,,,,,,,,GP3,0.1913,-0.59345,0.33281,0.60833,normalised
88.75769853591919,,,0.19704,-0.55349,1,,,,,,,,,GP3,0.19704,-0.55349,0.33281,0.60833,normalised
88.77521514892578,,,0.18846,-0.55833,1,,,,,,,,,GP3,0.18846,-0.55833,0.33281,0.60833,normalised
88.79130268096924,,,0.17864,-0.5242,0,,,,,,,,,GP3,0.17864,-0.5242,0.33281,0.60833,normalised
88.80597472190857,,,0.12665,-0.53108,0,,,,,,,,,GP3,0.12665,-0.53108,0.33281,0.60833,normalised
88.8238627910614,,,0.1062,-0.60872,0,,,,,,,,,GP3,0.1062,-0.60872,0.33281,0.60833,normalised
88.83741521835327,,,0.05448,-0.72431,0,,,,,,,,,GP3,0.05448,-0.72431,0.33281,0.60833,normalised
88.85412001609802,,,0.03897,-0.79765,0,,,,,,,,,GP3,0.03897,-0.79765,0.33281,0.60833,normalised
88.87104797363281,,,0.05584,-0.82736,0,,,,,,,,,GP3,0.05584,-0.82736,0.33281,0.60833,normalised
88.88843321800232,,,0.07128,-0.94735,0,,,,,,,,,GP3,0.07128,-0.94735,0.33281,0.60833,normalised
88.90336990356445,,,0.08602,-1.01582,0,,,,,,,,,GP3,0.08602,-1.01582,0.33281,0.60833,normalised
88.91916728019714,,,0.08159,-0.94744,0,,,,,,,,,GP3,0.08159,-0.94744,0.33281,0.60833,normalised
88.93577909469604,,,0.07739,-0.92462,1,,,,,,,,,GP3,0.07739,-0.92462,0.33281,0.60833,normalised
88.95225858688354,,,0.07487,-0.91092,1,,,,,,,,,GP3,0.07487,-0.91092,0.33281,0.60833,normalised
88.96802544593811,,,0.06665,-0.86067,1,,,,,,,,,GP3,0.06665,-0.86067,0.33281,0.60833,normalised
88.98394989967346,,,0.04654,-0.7712,0,,,,,,,,,GP3,0.04654,-0.7712,0.33281,0.60833,normalised
89.00051832199097,,,-0.00536,-0.6074,0,,,,,,,,,GP3,-0.00536,-0.6074,0.33281,0.60833,normalised
89.01735830307007,,,-0.00139,-0.62117,0,,,,,,,,,GP3,-0.00139,-0.62117,0.33281,0.60833,normalised
89.03254818916321,,,-0.04121,-0.52553,0,,,,,,,,,GP3,-0.04121,-0.52553,0.33281,0.60833,normalised
89.04961776733398,,,-0.06295,-0.52322,0,,,,,,,,,GP3,-0.06295,-0.52322,0.33281,0.60833,normalised
89.06415009498596,,,-0.03229,-0.66784,0,,,,,,,,,GP3,-0.03229,-0.66784,0.33281,0.60833,normalised
89.0801088809967,,,-0.00571,-0.85136,0,,,,,,,,,GP3,-0.00571,-0.85136,0.33281,0.60833,normalised
89.0967481136322,,,0.0164,-0.96373,0,,,,,,,,,GP3,0.0164,-0.96373,0.33281,0.60833,normalised
89.11338782310486,,,0.03239,-0.96172,0,,,,,,,,,GP3,0.03239,-0.96172,0.33281,0.60833,normalised
89.13202047348022,,,0.06774,-1.03458,0,,,,,,,,,GP3,0.06774,-1.03458,0.33281,0.60833,normalised
89.14582300186157,,,0.08405,-1.05227,0,,,,,,,,,GP3,0.08405,-1.05227,0.33281,0.60833,normalised
89.16249084472656,,,0.07616,-1.04242,0,,,,,,,,,GP3,0.07616,-1.04242,0.33281,0.60833,normalised
89.17922139167786,,,0.05957,-1.03455,1,,,,,,,,,GP3,0.05957,-1.03455,0.33281,0.60833,normalised
89.19574117660522,,,0.04962,-1.02982,1,,,,,,,,,GP3,0.04962,-1.02982,0.33281,0.60833,normalised
89.2101719379425,,,0.03474,-1.00382,1,,,,,,,,,GP3,0.03474,-1.00382,0.33281,0.60833,normalised
89.22768092155457,,,0.01276,-0.97131,1,,,,,,,,,GP3,0.01276,-0.97131,0.33281,0.60833,normalised
89.24271011352539,,,-0.00476,-0.95285,1,,,,,,,,,GP3,-0.00476,-0.95285,0.33281,0.60833,normalised
89.25961184501648,,,-0.01586,-0.95533,1,,,,,,,,,GP3,-0.01586,-0.95533,0.33281,0.60833,normalised
89.27637887001038,,,-0.0185,-0.89456,1,,,,,,,,,GP3,-0.0185,-0.89456,0.33281,0.60833,normalised
89.29224681854248,,,-0.02157,-0.84929,1,,,,,,,,,GP3,-0.02157,-0.84929,0.33281,0.60833,normalised
89.3081374168396,,,-0.14348,-0.5092,0,,,,,,,,,GP3,-0.14348,-0.5092,0.33281,0.60833,normalised
89.3248987197876,,,-0.14348,-0.5092,0,,,,,,,,,GP3,-0.14348,-0.5092,0.33281,0.60833,normalised
89.3397901058197,,,-0.14348,-0.5092,0,,,,,,,,,GP3,-0.14348,-0.5092,0.33281,0.60833,normalised
89.35957145690918,,,0.0,0.0,0,,,,,,,,,GP3,0.0,0.0,0.33281,0.60833,normalised
89.37319016456604,,,0.0,0.0,0,,,,,,,,,GP3,0.0,0.0,0.33281,0.60833,normalised
89.39024543762207,,,0.0,0.0,0,,,,,,,,,GP3,0.0,0.0,0.33281,0.60833,normalised
89.40680050849915,,,0.0,0.0,0,,,,,,,,,GP3,0.0,0.0,0.33281,0.60833,normalised
89.42722702026367,,,0.0,0.0,0,,,,,,,,,GP3,0.0,0.0,0.33281,0.60833,normalised
89.44176244735718,,,0.0,0.0,0,,,,,,,,,GP3,0.0,0.0,0.33281,0.60833,normalised
89.46101570129395,,,0.0,0.0,0,,,,,,,,,GP3,0.0,0.0,0.33281,0.60833,normalised
89.47851991653442,,,0.0,0.0,0,,,,,,,,,GP3,0.0,0.0,0.33281,0.60833,normalised
89.49004578590393,,,0.0,0.0,0,,,,,,,,,GP3,0.0,0.0,0.33281,0.60833,normalised
89.50956273078918,,,0.0,0.0,0,,,,,,,,,GP3,0.0,0.0,0.33281,0.60833,normalised
89.52911114692688,,,0.0,0.0,0,,,,,,,,,GP3,0.0,0.0,0.33281,0.60833,normalised
89.54073190689087,,,0.0,0.0,0,,,,,,,,,GP3,0.0,0.0,0.33281,0.60833,normalised
89.55789852142334,,,0.0,0.0,0,,,,,,,,,GP3,0.0,0.0,0.33281,0.60833,normalised
89.57633757591248,,,0.0,0.0,0,,,,,,,,,GP3,0.0,0.0,0.33281,0.60833,normalised
89.59099411964417,,,-0.33292,0.92282,0,,,,,,,,,GP3,-0.33292,0.92282,0.33281,0.60833,normalised
89.6015133857727,,,-0.31962,0.34426,0,,,,,,,,,GP3,-0.31962,0.34426,0.33281,0.60833,normalised
89.61504602432251,,,-0.14805,-0.3952,0,,,,,,,,,GP3,-0.14805,-0.3952,0.33281,0.60833,normalised
89.62965130805969,,,-0.09086,-0.64169,0,,,,,,,,,GP3,-0.09086,-0.64169,0.33281,0.60833,normalised
89.64731550216675,,,-0.00985,-1.07616,0,,,,,,,,,GP3,-0.00985,-1.07616,0.33281,0.60833,normalised
89.66439771652222,,,-0.07401,-1.00708,0,,,,,,,,,GP3,-0.07401,-1.00708,0.33281,0.60833,normalised
89.68096971511841,,,-0.09539,-0.98405,0,,,,,,,,,GP3,-0.09539,-0.98405,0.33281,0.60833,normalised
89.69545650482178,,,-0.11112,-0.94021,0,,,,,,,,,GP3,-0.11112,-0.94021,0.33281,0.60833,normalised
89.71197032928467,,,-0.10879,-0.94062,0,,,,,,,,,GP3,-0.10879,-0.94062,0.33281,0.60833,normalised
89.72935247421265,,,-0.10802,-0.94076,0,,,,,,,,,GP3,-0.10802,-0.94076,0.33281,0.60833,normalised
89.74383068084717,,,-0.08312,-0.95045,1,,,,,,,,,GP3,-0.08312,-0.95045,0.33281,0.60833,normalised
89.76069617271423,,,-0.07614,-0.96055,1,,,,,,,,,GP3,-0.07614,-0.96055,0.33281,0.60833,normalised
89.77811789512634,,,-0.07625,-1.01008,1,,,,,,,,,GP3,-0.07625,-1.01008,0.33281,0.60833,normalised
89.7926676273346,,,-0.06739,-1.12202,0,,,,,,,,,GP3,-0.06739,-1.12202,0.33281,0.60833,normalised
89.81019425392151,,,-0.07836,-1.5268,0,,,,,,,,,GP3,-0.07836,-1.5268,0.33281,0.60833,normalised
89.82488131523132,,,-0.08813,-1.63764,0,,,,,,,,,GP3,-0.08813,-1.63764,0.33281,0.60833,normalised
89.84230852127075,,,-0.09118,-1.74401,0,,,,,,,,,GP3,-0.09118,-1.74401,0.33281,0.60833,normalised
89.85635137557983,,,-0.03057,-1.43478,0,,,,,,,,,GP3,-0.03057,-1.43478,0.33281,0.60833,normalised
89.87246251106262,,,0.01243,-1.19995,0,,,,,,,,,GP3,0.01243,-1.19995,0.33281,0.60833,normalised
89.88953685760498,,,0.07857,-0.85206,0,,,,,,,,,GP3,0.07857,-0.85206,0.33281,0.60833,normalised
89.9064245223999,,,0.10692,-0.78343,0,,,,,,,,,GP3,0.10692,-0.78343,0.33281,0.60833,normalised
89.92101311683655,,,0.11637,-0.76055,0,,,,,,,,,GP3,0.11637,-0.76055,0.33281,0.60833,normalised
89.93859243392944,,,0.13273,-0.7056,0,,,,,,,,,GP3,0.13273,-0.7056,0.33281,0.60833,normalised
89.95330929756165,,,0.14312,-0.71916,0,,,,,,,,,GP3,0.14312,-0.71916,0.33281,0.60833,normalised
89.97073531150818,,,0.13788,-0.80264,0,,,,,,,,,GP3,0.13788,-0.80264,0.33281,0.60833,normalised
89.98576474189758,,,0.11908,-1.07133,0,,,,,,,,,GP3,0.11908,-1.07133,0.33281,0.60833,normalised
90.00321435928345,,,0.11151,-1.59551,0,,,,,,,,,GP3,0.11151,-1.59551,0.33281,0.60833,normalised
90.01816964149475,,,0.10108,-1.87802,0,,,,,,,,,GP3,0.10108,-1.87802,0.33281,0.60833,normalised
90.03879261016846,,,0.06431,-2.17251,0,,,,,,,,,GP3,0.06431,-2.17251,0.33281,0.60833,normalised
90.05289912223816,,,0.08075,-2.16006,0,,,,,,,,,GP3,0.08075,-2.16006,0.33281,0.60833,normalised
90.06765270233154,,,0.08623,-2.15591,0,,,,,,,,,GP3,0.08623,-2.15591,0.33281,0.60833,normalised
90.08545207977295,,,-0.03993,-1.90628,0,,,,,,,,,GP3,-0.03993,-1.90628,0.33281,0.60833,normalised
90.10233449935913,,,-0.33954,-1.57393,0,,,,,,,,,GP3,-0.33954,-1.57393,0.33281,0.60833,normalised
90.11988067626953,,,-0.43942,-1.46315,0,,,,,,,,,GP3,-0.43942,-1.46315,0.33281,0.60833,normalised
90.13319993019104,,,-0.22998,-1.08038,0,,,,,,,,,GP3,-0.22998,-1.08038,0.33281,0.60833,normalised
90.14957690238953,,,0.21585,-0.92572,0,,,,,,,,,GP3,0.21585,-0.92572,0.33281,0.60833,normalised
90.16428232192993,,,0.36313,-0.84458,0,,,,,,,,,GP3,0.36313,-0.84458,0.33281,0.60833,normalised
90.1799898147583,,,0.74387,-0.68037,0,,,,,,,,,GP3,0.74387,-0.68037,0.33281,0.60833,normalised
90.19777798652649,,,0.84191,-0.53438,0,,,,,,,,,GP3,0.84191,-0.53438,0.33281,0.60833,normalised
90.21419930458069,,,0.87644,-0.49563,0,,,,,,,,,GP3,0.87644,-0.49563,0.33281,0.60833,normalised
90.22896337509155,,,0.93407,-0.52003,0,,,,,,,,,GP3,0.93407,-0.52003,0.33281,0.60833,normalised
90.24508309364319,,,0.91439,-0.9308,0,,,,,,,,,GP3,0.91439,-0.9308,0.33281,0.60833,normalised
90.26204705238342,,,0.91332,-1.16118,0,,,,,,,,,GP3,0.91332,-1.16118,0.33281,0.60833,normalised
90.27883195877075,,,0.85586,-1.5226,0,,,,,,,,,GP3,0.85586,-1.5226,0.33281,0.60833,normalised
90.29421257972717,,,0.62959,-1.92318,0,,,,,,,,,GP3,0.62959,-1.92318,0.33281,0.60833,normalised
90.30895018577576,,,0.55154,-2.10835,0,,,,,,,,,GP3,0.55154,-2.10835,0.33281,0.60833,normalised
90.32653570175171,,,0.74783,-2.32984,0,,,,,,,,,GP3,0.74783,-2.32984,0.33281,0.60833,normalised
90.3439245223999,,,1.00503,-2.65102,0,,,,,,,,,GP3,1.00503,-2.65102,0.33281,0.60833,normalised
90.35917139053345,,,1.09294,-2.84503,0,,,,,,,,,GP3,1.09294,-2.84503,0.33281,0.60833,normalised
90.37569284439087,,,1.32056,-2.64222,0,,,,,,,,,GP3,1.32056,-2.64222,0.33281,0.60833,normalised
90.39065837860107,,,1.35937,-2.79097,0,,,,,,,,,GP3,1.35937,-2.79097,0.33281,0.60833,normalised
90.40817904472351,,,1.37279,-2.79416,0,,,,,,,,,GP3,1.37279,-2.79416,0.33281,0.60833,normalised
90.42270970344543,,,1.38526,-2.32535,0,,,,,,,,,GP3,1.38526,-2.32535,0.33281,0.60833,normalised
90.44012069702148,,,1.2393,-1.74069,0,,,,,,,,,GP3,1.2393,-1.74069,0.33281,0.60833,normalised
90.45717477798462,,,1.18554,-1.50025,0,,,,,,,,,GP3,1.18554,-1.50025,0.33281,0.60833,normalised
90.47327518463135,,,1.30067,-1.11894,0,,,,,,,,,GP3,1.30067,-1.11894,0.33281,0.60833,normalised
90.49087500572205,,,1.4119,-0.85692,0,,,,,,,,,GP3,1.4119,-0.85692,0.33281,0.60833,normalised
90.50471663475037,,,1.43008,-0.72083,0,,,,,,,,,GP3,1.43008,-0.72083,0.33281,0.60833,normalised
90.52508068084717,,,1.57052,-0.56416,0,,,,,,,,,GP3,1.57052,-0.56416,0.33281,0.60833,normalised
90.53871273994446,,,1.58048,-0.35235,0,,,,,,,,,GP3,1.58048,-0.35235,0.33281,0.60833,normalised
90.55215263366699,,,1.52406,-0.1872,0,,,,,,,,,GP3,1.52406,-0.1872,0.33281,0.60833,normalised
90.56998324394226,,,1.47343,0.03056,0,,,,,,,,,GP3,1.47343,0.03056,0.33281,0.60833,normalised
90.5844099521637,,,1.4643,0.0732,0,,,,,,,,,GP3,1.4643,0.0732,0.33281,0.60833,normalised
90.60186338424683,,,1.46126,0.08741,0,,,,,,,,,GP3,1.46126,0.08741,0.33281,0.60833,normalised
90.61760950088501,,,1.44999,0.08428,1,,,,,,,,,GP3,1.44999,0.08428,0.33281,0.60833,normalised
90.63615489006042,,,1.45448,0.05943,1,,,,,,,,,GP3,1.45448,0.05943,0.33281,0.60833,normalised
90.65015912055969,,,1.45165,0.05117,1,,,,,,,,,GP3,1.45165,0.05117,0.33281,0.60833,normalised
90.66583466529846,,,1.42567,0.0545,1,,,,,,,,,GP3,1.42567,0.0545,0.33281,0.60833,normalised
90.68354868888855,,,1.40335,0.05214,1,,,,,,,,,GP3,1.40335,0.05214,0.33281,0.60833,normalised
90.70007848739624,,,1.40597,0.01485,1,,,,,,,,,GP3,1.40597,0.01485,0.33281,0.60833,normalised
90.71482682228088,,,1.43255,-0.05464,1,,,,,,,,,GP3,1.43255,-0.05464,0.33281,0.60833,normalised
90.73056554794312,,,1.46562,-0.20246,1,,,,,,,,,GP3,1.46562,-0.20246,0.33281,0.60833,normalised
90.74616241455078,,,1.50784,-0.4325,0,,,,,,,,,GP3,1.50784,-0.4325,0.33281,0.60833,normalised
90.76223802566528,,,1.75867,-1.4161,0,,,,,,,,,GP3,1.75867,-1.4161,0.33281,0.60833,normalised
90.7796938419342,,,1.76874,-1.91361,0,,,,,,,,,GP3,1.76874,-1.91361,0.33281,0.60833,normalised
90.79539394378662,,,1.86243,-2.73899,0,,,,,,,,,GP3,1.86243,-2.73899,0.33281,0.60833,normalised
90.81245017051697,,,1.97489,-2.51311,0,,,,,,,,,GP3,1.97489,-2.51311,0.33281,0.60833,normalised
90.82717370986938,,,1.97191,-2.57767,0,,,,,,,,,GP3,1.97191,-2.57767,0.33281,0.60833,normalised
90.84315085411072,,,2.00642,-2.56694,0,,,,,,,,,GP3,2.00642,-2.56694,0.33281,0.60833,normalised
90.86026072502136,,,2.07366,-2.34433,0,,,,,,,,,GP3,2.07366,-2.34433,0.33281,0.60833,normalised
90.87635612487793,,,2.07722,-2.22764,0,,,,,,,,,GP3,2.07722,-2.22764,0.33281,0.60833,normalised
90.89479756355286,,,2.10319,-2.03675,0,,,,,,,,,GP3,2.10319,-2.03675,0.33281,0.60833,normalised
90.90832710266113,,,2.1595,-1.84663,0,,,,,,,,,GP3,2.1595,-1.84663,0.33281,0.60833,normalised
90.92539668083191,,,2.04388,-1.37663,0,,,,,,,,,GP3,2.04388,-1.37663,0.33281,0.60833,normalised
90.94295310974121,,,1.94703,-0.84325,0,,,,,,,,,GP3,1.94703,-0.84325,0.33281,0.60833,normalised
90.9567723274231,,,2.06083,-1.16575,0,,,,,,,,,GP3,2.06083,-1.16575,0.33281,0.60833,normalised
90.97357320785522,,,1.935,-0.91855,0,,,,,,,,,GP3,1.935,-0.91855,0.33281,0.60833,normalised
90.99082016944885,,,1.84711,-0.77885,0,,,,,,,,,GP3,1.84711,-0.77885,0.33281,0.60833,normalised
91.00827050209045,,,1.76421,-0.61213,0,,,,,,,,,GP3,1.76421,-0.61213,0.33281,0.60833,normalised
91.02317571640015,,,1.63636,-0.58925,0,,,,,,,,,GP3,1.63636,-0.58925,0.33281,0.60833,normalised
91.03979516029358,,,1.48088,-0.5108,0,,,,,,,,,GP3,1.48088,-0.5108,0.33281,0.60833,normalised
91.05368709564209,,,1.52226,-0.63381,0,,,,,,,,,GP3,1.52226,-0.63381,0.33281,0.60833,normalised
91.07288885116577,,,1.42051,-0.6051,0,,,,,,,,,GP3,1.42051,-0.6051,0.33281,0.60833,normalised
91.08942103385925,,,1.33256,-0.61739,0,,,,,,,,,GP3,1.33256,-0.61739,0.33281,0.60833,normalised
91.10354852676392,,,1.47962,-0.79103,0,,,,,,,,,GP3,1.47962,-0.79103,0.33281,0.60833,normalised
91.12019848823547,,,1.46754,-0.91903,0,,,,,,,,,GP3,1.46754,-0.91903,0.33281,0.60833,normalised
91.13494753837585,,,1.50448,-1.1049,0,,,,,,,,,GP3,1.50448,-1.1049,0.33281,0.60833,normalised
91.15184164047241,,,1.66288,-0.94641,0,,,,,,,,,GP3,1.66288,-0.94641,0.33281,0.60833,normalised
91.16679358482361,,,1.62132,-0.85358,0,,,,,,,,,GP3,1.62132,-0.85358,0.33281,0.60833,normalised
91.18329811096191,,,1.63257,-0.70792,0,,,,,,,,,GP3,1.63257,-0.70792,0.33281,0.60833,normalised
91.20080471038818,,,1.78006,-0.65336,0,,,,,,,,,GP3,1.78006,-0.65336,0.33281,0.60833,normalised
91.21724653244019,,,1.72538,-0.46617,0,,,,,,,,,GP3,1.72538,-0.46617,0.33281,0.60833,normalised
91.23203229904175,,,1.71986,-0.26079,0,,,,,,,,,GP3,1.71986,-0.26079,0.33281,0.60833,normalised
91.2501790523529,,,1.85834,-0.4177,0,,,,,,,,,GP3,1.85834,-0.4177,0.33281,0.60833,normalised
91.26486229896545,,,1.94644,-0.29592,0,,,,,,,,,GP3,1.94644,-0.29592,0.33281,0.60833,normalised
91.28241443634033,,,2.08071,-0.22644,0,,,,,,,,,GP3,2.08071,-0.22644,0.33281,0.60833,normalised
91.29725170135498,,,2.30997,-0.7847,0,,,,,,,,,GP3,2.30997,-0.7847,0.33281,0.60833,normalised
91.31489443778992,,,2.48957,-0.72025,0,,,,,,,,,GP3,2.48957,-0.72025,0.33281,0.60833,normalised
91.3294095993042,,,2.74559,-0.84188,0,,,,,,,,,GP3,2.74559,-0.84188,0.33281,0.60833,normalised
91.34511661529541,,,2.71744,-1.16452,0,,,,,,,,,GP3,2.71744,-1.16452,0.33281,0.60833,normalised
91.36223435401917,,,2.84675,-1.11201,0,,,,,,,,,GP3,2.84675,-1.11201,0.33281,0.60833,normalised
91.37891554832458,,,2.96668,-1.16704,0,,,,,,,,,GP3,2.96668,-1.16704,0.33281,0.60833,normalised
91.39546251296997,,,2.82445,-1.39978,0,,,,,,,,,GP3,2.82445,-1.39978,0.33281,0.60833,normalised
91.41287231445312,,,2.89202,-1.50755,0,,,,,,,,,GP3,2.89202,-1.50755,0.33281,0.60833,normalised
91.42639780044556,,,2.91219,-1.6929,0,,,,,,,,,GP3,2.91219,-1.6929,0.33281,0.60833,normalised
91.44222617149353,,,2.72911,-1.75037,0,,,,,,,,,GP3,2.72911,-1.75037,0.33281,0.60833,normalised
91.45768189430237,,,2.74115,-1.73455,0,,,,,,,,,GP3,2.74115,-1.73455,0.33281,0.60833,normalised
91.47520589828491,,,2.69217,-1.73788,0,,,,,,,,,GP3,2.69217,-1.73788,0.33281,0.60833,normalised
91.4898087978363,,,2.63658,-1.63586,0,,,,,,,,,GP3,2.63658,-1.63586,0.33281,0.60833,normalised
91.50660109519958,,,2.71634,-1.28652,0,,,,,,,,,GP3,2.71634,-1.28652,0.33281,0.60833,normalised
91.52412724494934,,,2.77757,-0.90316,0,,,,,,,,,GP3,2.77757,-0.90316,0.33281,0.60833,normalised
91.54076051712036,,,2.69125,-1.12516,0,,,,,,,,,GP3,2.69125,-1.12516,0.33281,0.60833,normalised
91.55479884147644,,,2.85628,-0.8675,0,,,,,,,,,GP3,2.85628,-0.8675,0.33281,0.60833,normalised
91.57246422767639,,,2.99254,-0.68384,0,,,,,,,,,GP3,2.99254,-0.68384,0.33281,0.60833,normalised
91.58911871910095,,,2.9207,-0.78704,0,,,,,,,,,GP3,2.9207,-0.78704,0.33281,0.60833,normalised
91.60362887382507,,,3.06704,-0.47684,0,,,,,,,,,GP3,3.06704,-0.47684,0.33281,0.60833,normalised
91.61951088905334,,,3.18943,-0.20104,0,,,,,,,,,GP3,3.18943,-0.20104,0.33281,0.60833,normalised
91.63647794723511,,,2.75671,-0.2162,0,,,,,,,,,GP3,2.75671,-0.2162,0.33281,0.60833,normalised
91.65341377258301,,,2.59142,0.04259,0,,,,,,,,,GP3,2.59142,0.04259,0.33281,0.60833,normalised
91.67102003097534,,,2.28189,0.29632,0,,,,,,,,,GP3,2.28189,0.29632,0.33281,0.60833,normalised
91.6865611076355,,,2.17308,0.06803,0,,,,,,,,,GP3,2.17308,0.06803,0.33281,0.60833,normalised
91.70331311225891,,,2.09633,0.12702,0,,,,,,,,,GP3,2.09633,0.12702,0.33281,0.60833,normalised
91.71793532371521,,,1.92688,0.14888,0,,,,,,,,,GP3,1.92688,0.14888,0.33281,0.60833,normalised
91.73377799987793,,,1.84199,0.10311,0,,,,,,,,,GP3,1.84199,0.10311,0.33281,0.60833,normalised
91.7508180141449,,,1.6841,0.32554,0,,,,,,,,,GP3,1.6841,0.32554,0.33281,0.60833,normalised
91.76846957206726,,,1.4009,0.58533,0,,,,,,,,,GP3,1.4009,0.58533,0.33281,0.60833,normalised
91.78300070762634,,,1.24868,0.65618,0,,,,,,,,,GP3,1.24868,0.65618,0.33281,0.60833,normalised
91.79872441291809,,,1.17336,0.74087,0,,,,,,,,,GP3,1.17336,0.74087,0.33281,0.60833,normalised
91.81622910499573,,,1.0473,0.84918,0,,,,,,,,,GP3,1.0473,0.84918,0.33281,0.60833,normalised
91.83013033866882,,,1.12371,0.71983,0,,,,,,,,,GP3,1.12371,0.71983,0.33281,0.60833,normalised
91.84673261642456,,,1.11858,0.75,0,,,,,,,,,GP3,1.11858,0.75,0.33281,0.60833,normalised
91.86193633079529,,,1.13892,0.73706,0,,,,,,,,,GP3,1.13892,0.73706,0.33281,0.60833,normalised
91.87848806381226,,,1.15697,0.64726,0,,,,,,,,,GP3,1.15697,0.64726,0.33281,0.60833,normalised
91.89508008956909,,,1.13408,0.68106,0,,,,,,,,,GP3,1.13408,0.68106,0.33281,0.60833,normalised
91.911536693573,,,1.12264,0.69796,1,,,,,,,,,GP3,1.12264,0.69796,0.33281,0.60833,normalised
91.927978515625,,,1.13191,0.66805,1,,,,,,,,,GP3,1.13191,0.66805,0.33281,0.60833,normalised
91.94535970687866,,,1.12213,0.67397,1,,,,,,,,,GP3,1.12213,0.67397,0.33281,0.60833,normalised
91.9617440700531,,,1.11514,0.6782,1,,,,,,,,,GP3,1.11514,0.6782,0.33281,0.60833,normalised
91.97641897201538,,,1.1218,0.64969,1,,,,,,,,,GP3,1.1218,0.64969,0.33281,0.60833,normalised
91.99208855628967,,,1.12813,0.62931,1,,,,,,,,,GP3,1.12813,0.62931,0.33281,0.60833,normalised
92.00969910621643,,,1.1332,0.613,1,,,,,,,,,GP3,1.1332,0.613,0.33281,0.60833,normalised
92.02564668655396,,,1.141,0.59086,1,,,,,,,,,GP3,1.141,0.59086,0.33281,0.60833,normalised
92.04236817359924,,,1.14954,0.5654,1,,,,,,,,,GP3,1.14954,0.5654,0.33281,0.60833,normalised
92.05629515647888,,,1.15676,0.54385,1,,,,,,,,,GP3,1.15676,0.54385,0.33281,0.60833,normalised
92.07293057441711,,,1.16066,0.52702,1,,,,,,,,,GP3,1.16066,0.52702,0.33281,0.60833,normalised
92.09035420417786,,,1.17358,0.46329,0,,,,,,,,,GP3,1.17358,0.46329,0.33281,0.60833,normalised
92.10495853424072,,,1.15221,0.49024,0,,,,,,,,,GP3,1.15221,0.49024,0.33281,0.60833,normalised
92.12089371681213,,,1.15221,0.49024,0,,,,,,,,,GP3,1.15221,0.49024,0.33281,0.60833,normalised
92.14734244346619,,,1.13084,0.51719,0,,,,,,,,,GP3,1.13084,0.51719,0.33281,0.60833,normalised
92.15847969055176,,,1.13084,0.51719,0,,,,,,,,,GP3,1.13084,0.51719,0.33281,0.60833,normalised
92.17501258850098,,,1.13084,0.51719,0,,,,,,,,,GP3,1.13084,0.51719,0.33281,0.60833,normalised
92.1906635761261,,,0.0,0.0,0,,,,,,,,,GP3,0.0,0.0,0.33281,0.60833,normalised
92.211097240448,,,0.0,0.0,0,,,,,,,,,GP3,0.0,0.0,0.33281,0.60833,normalised
92.22185945510864,,,0.0,0.0,0,,,,,,,,,GP3,0.0,0.0,0.33281,0.60833,normalised
92.23859930038452,,,0.0,0.0,0,,,,,,,,,GP3,0.0,0.0,0.33281,0.60833,normalised
92.25761532783508,,,0.0,0.0,0,,,,,,,,,GP3,0.0,0.0,0.33281,0.60833,normalised
92.2721700668335,,,0.0,0.0,0,,,,,,,,,GP3,0.0,0.0,0.33281,0.60833,normalised
92.28878211975098,,,0.0,0.0,0,,,,,,,,,GP3,0.0,0.0,0.33281,0.60833,normalised
92.3062334060669,,,0.0,0.0,0,,,,,,,,,GP3,0.0,0.0,0.33281,0.60833,normalised
92.32074689865112,,,0.0,0.0,0,,,,,,,,,GP3,0.0,0.0,0.33281,0.60833,normalised
92.33827471733093,,,0.0,0.0,0,,,,,,,,,GP3,0.0,0.0,0.33281,0.60833,normalised
92.35448932647705,,,0.0,0.0,0,,,,,,,,,GP3,0.0,0.0,0.33281,0.60833,normalised
92.3683090209961,,,0.0,0.0,0,,,,,,,,,GP3,0.0,0.0,0.33281,0.60833,normalised
92.38530778884888,,,0.0,0.0,0,,,,,,,,,GP3,0.0,0.0,0.33281,0.60833,normalised
92.4019067287445,,,0.0,0.0,0,,,,,,,,,GP3,0.0,0.0,0.33281,0.60833,normalised
92.419353723526,,,0.0,0.0,0,,,,,,,,,GP3,0.0,0.0,0.33281,0.60833,normalised
92.43397760391235,,,0.0,0.0,0,,,,,,,,,GP3,0.0,0.0,0.33281,0.60833,normalised
92.44881772994995,,,0.48582,0.3144,0,,,,,,,,,GP3,0.48582,0.3144,0.33281,0.60833,normalised
92.46213459968567,,,0.62654,0.44552,0,,,,,,,,,GP3,0.62654,0.44552,0.33281,0.60833,normalised
92.47665357589722,,,0.91672,0.66395,0,,,,,,,,,GP3,0.91672,0.66395,0.33281,0.60833,normalised
92.49466633796692,,,0.89363,0.65962,0,,,,,,,,,GP3,0.89363,0.65962,0.33281,0.60833,normalised
92.51123404502869,,,0.89814,0.6728,0,,,,,,,,,GP3,0.89814,0.6728,0.33281,0.60833,normalised
92.5277647972107,,,0.89404,0.6681,1,,,,,,,,,GP3,0.89404,0.6681,0.33281,0.60833,normalised
92.54403305053711,,,0.89159,0.66528,1,,,,,,,,,GP3,0.89159,0.66528,0.33281,0.60833,normalised
92.55734992027283,,,0.89343,0.67677,1,,,,,,,,,GP3,0.89343,0.67677,0.33281,0.60833,normalised
92.57495403289795,,,0.89343,0.68282,1,,,,,,,,,GP3,0.89343,0.68282,0.33281,0.60833,normalised
92.59265446662903,,,0.89344,0.68736,1,,,,,,,,,GP3,0.89344,0.68736,0.33281,0.60833,normalised
92.60848212242126,,,0.89621,0.69259,1,,,,,,,,,GP3,0.89621,0.69259,0.33281,0.60833,normalised
92.62292432785034,,,0.8974,0.69362,1,,,,,,,,,GP3,0.8974,0.69362,0.33281,0.60833,normalised
92.64043164253235,,,0.89837,0.69446,1,,,,,,,,,GP3,0.89837,0.69446,0.33281,0.60833,normalised
92.65668559074402,,,0.90106,0.69851,1,,,,,,,,,GP3,0.90106,0.69851,0.33281,0.60833,normalised
92.67325639724731,,,0.90546,0.70064,1,,,,,,,,,GP3,0.90546,0.70064,0.33281,0.60833,normalised
92.68769669532776,,,0.90922,0.70246,1,,,,,,,,,GP3,0.90922,0.70246,0.33281,0.60833,normalised
92.70523500442505,,,0.91208,0.70486,1,,,,,,,,,GP3,0.91208,0.70486,0.33281,0.60833,normalised
92.72096657752991,,,0.91481,0.70584,1,,,,,,,,,GP3,0.91481,0.70584,0.33281,0.60833,normalised
92.73742890357971,,,0.91721,0.70671,1,,,,,,,,,GP3,0.91721,0.70671,0.33281,0.60833,normalised
92.75351762771606,,,0.91808,0.70801,1,,,,,,,,,GP3,0.91808,0.70801,0.33281,0.60833,normalised
92.77011466026306,,,0.91827,0.70718,1,,,,,,,,,GP3,0.91827,0.70718,0.33281,0.60833,normalised
92.78463077545166,,,0.91641,0.70893,1,,,,,,,,,GP3,0.91641,0.70893,0.33281,0.60833,normalised
92.80351400375366,,,0.91271,0.71557,1,,,,,,,,,GP3,0.91271,0.71557,0.33281,0.60833,normalised
92.81796717643738,,,0.91437,0.74728,0,,,,,,,,,GP3,0.91437,0.74728,0.33281,0.60833,normalised
92.83565354347229,,,0.81786,0.84659,0,,,,,,,,,GP3,0.81786,0.84659,0.33281,0.60833,normalised
92.85289812088013,,,0.78037,0.89575,0,,,,,,,,,GP3,0.78037,0.89575,0.33281,0.60833,normalised
92.86582255363464,,,0.71243,0.96878,0,,,,,,,,,GP3,0.71243,0.96878,0.33281,0.60833,normalised
92.8823471069336,,,0.71149,0.96757,0,,,,,,,,,GP3,0.71149,0.96757,0.33281,0.60833,normalised
92.9000735282898,,,0.70885,0.96808,0,,,,,,,,,GP3,0.70885,0.96808,0.33281,0.60833,normalised
92.91498756408691,,,0.70744,0.96831,1,,,,,,,,,GP3,0.70744,0.96831,0.33281,0.60833,normalised
92.92974877357483,,,0.70659,0.96845,1,,,,,,,,,GP3,0.70659,0.96845,0.33281,0.60833,normalised
92.94617009162903,,,0.70516,0.97027,1,,,,,,,,,GP3,0.70516,0.97027,0.33281,0.60833,normalised
92.96228909492493,,,0.70397,0.971,1,,,,,,,,,GP3,0.70397,0.971,0.33281,0.60833,normalised
92.97976636886597,,,0.70308,0.97156,1,,,,,,,,,GP3,0.70308,0.97156,0.33281,0.60833,normalised
92.99583005905151,,,0.70266,0.97294,1,,,,,,,,,GP3,0.70266,0.97294,0.33281,0.60833,normalised
93.01557540893555,,,0.70273,0.97391,1,,,,,,,,,GP3,0.70273,0.97391,0.33281,0.60833,normalised
93.02824425697327,,,0.70279,0.97471,1,,,,,,,,,GP3,0.70279,0.97471,0.33281,0.60833,normalised
93.0457706451416,,,0.70199,0.97469,1,,,,,,,,,GP3,0.70199,0.97469,0.33281,0.60833,normalised
93.05941653251648,,,0.70132,0.97472,1,,,,,,,,,GP3,0.70132,0.97472,0.33281,0.60833,normalised
93.07912516593933,,,0.70084,0.97465,1,,,,,,,,,GP3,0.70084,0.97465,0.33281,0.60833,normalised
93.09310793876648,,,0.69957,0.97347,1,,,,,,,,,GP3,0.69957,0.97347,0.33281,0.60833,normalised
93.11082530021667,,,0.6986,0.97116,1,,,,,,,,,GP3,0.6986,0.97116,0.33281,0.60833,normalised
93.12412190437317,,,0.69784,0.96898,1,,,,,,,,,GP3,0.69784,0.96898,0.33281,0.60833,normalised
93.14379954338074,,,0.6969,0.96792,1,,,,,,,,,GP3,0.6969,0.96792,0.33281,0.60833,normalised
93.15869045257568,,,0.69609,0.96582,1,,,,,,,,,GP3,0.69609,0.96582,0.33281,0.60833,normalised
93.17309951782227,,,0.69536,0.96392,1,,,,,,,,,GP3,0.69536,0.96392,0.33281,0.60833,normalised
93.18989205360413,,,0.6976,0.96667,1,,,,,,,,,GP3,0.6976,0.96667,0.33281,0.60833,normalised
93.2074191570282,,,0.6976,0.96667,1,,,,,,,,,GP3,0.6976,0.96667,0.33281,0.60833,normalised
93.22238445281982,,,0.6976,0.96667,1,,,,,,,,,GP3,0.6976,0.96667,0.33281,0.60833,normalised
93.24070477485657,,,0.6853,0.88038,0,,,,,,,,,GP3,0.6853,0.88038,0.33281,0.60833,normalised
93.25533270835876,,,0.6522,0.22004,0,,,,,,,,,GP3,0.6522,0.22004,0.33281,0.60833,normalised
93.26904463768005,,,0.64445,-0.10444,0,,,,,,,,,GP3,0.64445,-0.10444,0.33281,0.60833,normalised
93.28951835632324,,,0.5741,-0.67439,0,,,,,,,,,GP3,0.5741,-0.67439,0.33281,0.60833,normalised
93.304044008255,,,0.55552,-0.67761,0,,,,,,,,,GP3,0.55552,-0.67761,0.33281,0.60833,normalised
93.32063841819763,,,0.54949,-0.70445,0,,,,,,,,,GP3,0.54949,-0.70445,0.33281,0.60833,normalised
93.33822202682495,,,0.50717,-0.80736,0,,,,,,,,,GP3,0.50717,-0.80736,0.33281,0.60833,normalised
93.35185718536377,,,0.50884,-1.08611,0,,,,,,,,,GP3,0.50884,-1.08611,0.33281,0.60833,normalised
93.36842751502991,,,0.50725,-1.36726,0,,,,,,,,,GP3,0.50725,-1.36726,0.33281,0.60833,normalised
93.38544964790344,,,0.47263,-1.87357,0,,,,,,,,,GP3,0.47263,-1.87357,0.33281,0.60833,normalised
93.3999719619751,,,0.53069,-2.16036,0,,,,,,,,,GP3,0.53069,-2.16036,0.33281,0.60833,normalised
93.41758728027344,,,0.55456,-2.18147,0,,,,,,,,,GP3,0.55456,-2.18147,0.33281,0.60833,normalised
93.4345715045929,,,0.46992,-2.26862,0,,,,,,,,,GP3,0.46992,-2.26862,0.33281,0.60833,normalised
93.44908404350281,,,0.33999,-1.92975,0,,,,,,,,,GP3,0.33999,-1.92975,0.33281,0.60833,normalised
93.46402287483215,,,0.3213,-1.62992,0,,,,,,,,,GP3,0.3213,-1.62992,0.33281,0.60833,normalised
93.48143911361694,,,0.18416,-1.08687,0,,,,,,,,,GP3,0.18416,-1.08687,0.33281,0.60833,normalised
93.49913477897644,,,0.12572,-0.87602,0,,,,,,,,,GP3,0.12572,-0.87602,0.33281,0.60833,normalised
93.51380062103271,,,0.08166,-0.92361,0,,,,,,,,,GP3,0.08166,-0.92361,0.33281,0.60833,normalised
93.53040766716003,,,-0.01533,-0.98171,0,,,,,,,,,GP3,-0.01533,-0.98171,0.33281,0.60833,normalised
93.54492211341858,,,-0.0694,-1.2901,0,,,,,,,,,GP3,-0.0694,-1.2901,0.33281,0.60833,normalised
93.56306719779968,,,-0.09985,-1.48776,0,,,,,,,,,GP3,-0.09985,-1.48776,0.33281,0.60833,normalised
93.57757115364075,,,-0.04647,-2.19206,0,,,,,,,,,GP3,-0.04647,-2.19206,0.33281,0.60833,normalised
93.59508800506592,,,-0.04647,-2.19206,0,,,,,,,,,GP3,-0.04647,-2.19206,0.33281,0.60833,normalised
93.61260557174683,,,-0.04647,-2.19206,0,,,,,,,,,GP3,-0.04647,-2.19206,0.33281,0.60833,normalised
93.62639117240906,,,-0.95991,0.17002,0,,,,,,,,,GP3,-0.95991,0.17002,0.33281,0.60833,normalised
93.64399909973145,,,-0.68258,-0.80428,0,,,,,,,,,GP3,-0.68258,-0.80428,0.33281,0.60833,normalised
93.66116666793823,,,-0.59014,-1.12905,0,,,,,,,,,GP3,-0.59014,-1.12905,0.33281,0.60833,normalised
93.67580080032349,,,-0.5992,-1.10389,0,,,,,,,,,GP3,-0.5992,-1.10389,0.33281,0.60833,normalised
93.6930193901062,,,-0.78667,-0.44792,0,,,,,,,,,GP3,-0.78667,-0.44792,0.33281,0.60833,normalised
93.71053194999695,,,-0.84916,-0.22927,0,,,,,,,,,GP3,-0.84916,-0.22927,0.33281,0.60833,normalised
93.72623252868652,,,-0.81557,-0.43112,0,,,,,,,,,GP3,-0.81557,-0.43112,0.33281,0.60833,normalised
93.74079203605652,,,-0.66614,-1.03431,0,,,,,,,,,GP3,-0.66614,-1.03431,0.33281,0.60833,normalised
93.75717902183533,,,-0.61633,-1.23537,0,,,,,,,,,GP3,-0.61633,-1.23537,0.33281,0.60833,normalised
93.7745566368103,,,-0.53302,-1.61883,0,,,,,,,,,GP3,-0.53302,-1.61883,0.33281,0.60833,normalised
93.78920912742615,,,-0.53795,-1.64608,0,,,,,,,,,GP3,-0.53795,-1.64608,0.33281,0.60833,normalised
93.80535411834717,,,-0.53959,-1.65516,0,,,,,,,,,GP3,-0.53959,-1.65516,0.33281,0.60833,normalised
93.82187223434448,,,-0.54541,-1.63725,1,,,,,,,,,GP3,-0.54541,-1.63725,0.33281,0.60833,normalised
93.83912539482117,,,-0.54736,-1.6221,1,,,,,,,,,GP3,-0.54736,-1.6221,0.33281,0.60833,normalised
93.85307884216309,,,-0.54866,-1.61199,1,,,,,,,,,GP3,-0.54866,-1.61199,0.33281,0.60833,normalised
93.86965250968933,,,-0.55189,-1.60663,1,,,,,,,,,GP3,-0.55189,-1.60663,0.33281,0.60833,normalised
93.88569855690002,,,-0.54888,-1.60791,1,,,,,,,,,GP3,-0.54888,-1.60791,0.33281,0.60833,normalised
93.90241622924805,,,-0.54653,-1.60891,1,,,,,,,,,GP3,-0.54653,-1.60891,0.33281,0.60833,normalised
93.91852450370789,,,-0.54554,-1.60106,1,,,,,,,,,GP3,-0.54554,-1.60106,0.33281,0.60833,normalised
93.93603873252869,,,-0.54157,-1.59838,1,,,,,,,,,GP3,-0.54157,-1.59838,0.33281,0.60833,normalised
93.95149230957031,,,-0.53825,-1.59615,1,,,,,,,,,GP3,-0.53825,-1.59615,0.33281,0.60833,normalised
93.96602892875671,,,-0.53768,-1.59553,1,,,,,,,,,GP3,-0.53768,-1.59553,0.33281,0.60833,normalised
93.98279571533203,,,-0.53394,-1.59241,1,,,,,,,,,GP3,-0.53394,-1.59241,0.33281,0.60833,normalised
93.99914765357971,,,-0.53069,-1.5897,1,,,,,,,,,GP3,-0.53069,-1.5897,0.33281,0.60833,normalised
94.01680970191956,,,-0.52803,-1.59176,1,,,,,,,,,GP3,-0.52803,-1.59176,0.33281,0.60833,normalised
94.03167343139648,,,-0.52104,-1.59022,1,,,,,,,,,GP3,-0.52104,-1.59022,0.33281,0.60833,normalised
94.04740595817566,,,-0.51483,-1.58886,1,,,,,,,,,GP3,-0.51483,-1.58886,0.33281,0.60833,normalised
94.06441402435303,,,-0.5134,-1.58871,1,,,,,,,,,GP3,-0.5134,-1.58871,0.33281,0.60833,normalised
94.0786144733429,,,-0.47855,-1.57787,0,,,,,,,,,GP3,-0.47855,-1.57787,0.33281,0.60833,normalised
94.09536051750183,,,-0.42875,-1.59505,0,,,,,,,,,GP3,-0.42875,-1.59505,0.33281,0.60833,normalised
94.1120092868805,,,-0.4519,-1.61377,0,,,,,,,,,GP3,-0.4519,-1.61377,0.33281,0.60833,normalised
94.12709951400757,,,-0.4538,-1.60072,1,,,,,,,,,GP3,-0.4538,-1.60072,0.33281,0.60833,normalised
94.14448499679565,,,-0.45494,-1.59289,1,,,,,,,,,GP3,-0.45494,-1.59289,0.33281,0.60833,normalised
94.16113781929016,,,-0.47131,-1.57703,1,,,,,,,,,GP3,-0.47131,-1.57703,0.33281,0.60833,normalised
94.17676854133606,,,-0.48401,-1.56101,1,,,,,,,,,GP3,-0.48401,-1.56101,0.33281,0.60833,normalised
94.19236040115356,,,-0.49353,-1.549,1,,,,,,,,,GP3,-0.49353,-1.549,0.33281,0.60833,normalised
94.20897245407104,,,-0.44782,-1.75646,1,,,,,,,,,GP3,-0.44782,-1.75646,0.33281,0.60833,normalised
94.22371029853821,,,-0.40174,-1.95441,0,,,,,,,,,GP3,-0.40174,-1.95441,0.33281,0.60833,normalised
94.24072241783142,,,-0.23279,-2.65693,0,,,,,,,,,GP3,-0.23279,-2.65693,0.33281,0.60833,normalised
94.2574725151062,,,-0.18777,-2.86941,0,,,,,,,,,GP3,-0.18777,-2.86941,0.33281,0.60833,normalised
94.27441883087158,,,-0.06926,-3.40001,0,,,,,,,,,GP3,-0.06926,-3.40001,0.33281,0.60833,normalised
94.28893709182739,,,-0.08227,-3.1043,0,,,,,,,,,GP3,-0.08227,-3.1043,0.33281,0.60833,normalised
94.30562591552734,,,-0.09316,-2.77926,0,,,,,,,,,GP3,-0.09316,-2.77926,0.32708,0.60648,normalised
94.32281923294067,,,-0.10875,-2.13595,0,,,,,,,,,GP3,-0.10875,-2.13595,0.32708,0.60648,normalised
94.33858275413513,,,-0.08176,-1.48161,0,,,,,,,,,GP3,-0.08176,-1.48161,0.32708,0.60648,normalised
94.3556137084961,,,-0.07783,-1.25524,0,,,,,,,,,GP3,-0.07783,-1.25524,0.32604,0.60556,normalised
94.36991453170776,,,-0.07048,-0.81556,0,,,,,,,,,GP3,-0.07048,-0.81556,0.32604,0.60556,normalised
94.38751029968262,,,-0.0611,-0.70104,0,,,,,,,,,GP3,-0.0611,-0.70104,0.32604,0.60556,normalised
94.40203332901001,,,-0.06873,-0.5131,0,,,,,,,,,GP3,-0.06873,-0.5131,0.31615,0.60556,normalised
94.41769599914551,,,-0.02623,-0.27758,0,,,,,,,,,GP3,-0.02623,-0.27758,0.30781,0.61759,normalised
94.43407440185547,,,0.04013,-0.08938,0,,,,,,,,,GP3,0.04013,-0.08938,0.30781,0.61759,normalised
94.45158791542053,,,0.07079,-0.01673,0,,,,,,,,,GP3,0.07079,-0.01673,0.30052,0.63519,normalised
94.46684885025024,,,0.12663,0.11661,0,,,,,,,,,GP3,0.12663,0.11661,0.30052,0.63519,normalised
94.48391532897949,,,0.13396,0.11952,0,,,,,,,,,GP3,0.13396,0.11952,0.30052,0.63519,normalised
94.49974155426025,,,0.1197,0.14017,0,,,,,,,,,GP3,0.1197,0.14017,0.29167,0.65741,normalised
94.5174605846405,,,0.12083,0.13175,1,,,,,,,,,GP3,0.12083,0.13175,0.29167,0.66204,normalised
94.53101968765259,,,0.12151,0.1267,1,,,,,,,,,GP3,0.12151,0.1267,0.29167,0.66204,normalised
94.54695320129395,,,0.1205,0.12511,1,,,,,,,,,GP3,0.1205,0.12511,0.29167,0.66667,normalised
94.56444764137268,,,0.12015,0.12328,1,,,,,,,,,GP3,0.12015,0.12328,0.29167,0.66667,normalised
94.58113050460815,,,0.11988,0.1219,1,,,,,,,,,GP3,0.11988,0.1219,0.29635,0.67778,normalised
94.59864521026611,,,0.12024,0.11884,1,,,,,,,,,GP3,0.12024,0.11884,0.29635,0.67778,normalised
94.61234331130981,,,0.12035,0.11579,1,,,,,,,,,GP3,0.12035,0.11579,0.2974,0.6787,normalised
94.6287727355957,,,0.12044,0.11328,1,,,,,,,,,GP3,0.12044,0.11328,0.2974,0.6787,normalised
94.64486765861511,,,0.1221,0.1132,1,,,,,,,,,GP3,0.1221,0.1132,0.30365,0.68148,normalised
94.66189932823181,,,0.12441,0.11445,1,,,,,,,,,GP3,0.12441,0.11445,0.30365,0.68148,normalised
94.67766332626343,,,0.12639,0.11552,1,,,,,,,,,GP3,0.12639,0.11552,0.3125,0.68148,normalised
94.6951904296875,,,0.12783,0.11524,1,,,,,,,,,GP3,0.12783,0.11524,0.3125,0.68148,normalised
94.70891523361206,,,0.12991,0.11513,1,,,,,,,,,GP3,0.12991,0.11513,0.31563,0.68148,normalised
94.72856712341309,,,0.13174,0.11503,1,,,,,,,,,GP3,0.13174,0.11503,0.31979,0.68148,normalised
94.74266743659973,,,0.13123,0.1162,1,,,,,,,,,GP3,0.13123,0.1162,0.31979,0.68148,normalised
94.76091504096985,,,0.13145,0.11736,1,,,,,,,,,GP3,0.13145,0.11736,0.31979,0.68148,normalised
94.77520680427551,,,0.13166,0.1184,1,,,,,,,,,GP3,0.13166,0.1184,0.32188,0.6787,normalised
94.7925546169281,,,0.13135,0.11819,1,,,,,,,,,GP3,0.13135,0.11819,0.32188,0.6787,normalised
94.80727005004883,,,0.13224,0.11832,1,,,,,,,,,GP3,0.13224,0.11832,0.32188,0.6787,normalised
94.82211518287659,,,0.13305,0.11844,1,,,,,,,,,GP3,0.13305,0.11844,0.32188,0.6787,normalised
94.83965611457825,,,0.13296,0.11833,1,,,,,,,,,GP3,0.13296,0.11833,0.32188,0.6787,normalised
94.85667943954468,,,0.13344,0.11921,1,,,,,,,,,GP3,0.13344,0.11921,0.32188,0.6787,normalised
94.87418794631958,,,0.13267,0.11471,1,,,,,,,,,GP3,0.13267,0.11471,0.32188,0.6787,normalised
94.88883709907532,,,0.13008,0.1048,1,,,,,,,,,GP3,0.13008,0.1048,0.32188,0.6787,normalised
94.90331602096558,,,0.12082,0.05691,0,,,,,,,,,GP3,0.12082,0.05691,0.32188,0.6787,normalised
94.9209213256836,,,0.05477,-0.19794,0,,,,,,,,,GP3,0.05477,-0.19794,0.32188,0.6787,normalised
94.93543410301208,,,0.04077,-0.29136,0,,,,,,,,,GP3,0.04077,-0.29136,0.32188,0.6787,normalised
94.95333790779114,,,0.00373,-0.46489,0,,,,,,,,,GP3,0.00373,-0.46489,0.32188,0.6787,normalised
94.96767854690552,,,0.00673,-0.46429,0,,,,,,,,,GP3,0.00673,-0.46429,0.32188,0.67778,normalised
94.98580360412598,,,-0.02404,-0.39681,0,,,,,,,,,GP3,-0.02404,-0.39681,0.32188,0.67778,normalised
95.00331711769104,,,-0.0506,-0.33171,0,,,,,,,,,GP3,-0.0506,-0.33171,0.32188,0.67778,normalised
95.01803660392761,,,-0.06327,-0.30065,0,,,,,,,,,GP3,-0.06327,-0.30065,0.32188,0.67778,normalised
95.0326657295227,,,-0.06662,-0.29273,0,,,,,,,,,GP3,-0.06662,-0.29273,0.32188,0.67778,normalised
95.05137705802917,,,-0.06843,-0.28484,1,,,,,,,,,GP3,-0.06843,-0.28484,0.32188,0.67778,normalised
95.0662624835968,,,-0.06952,-0.2801,1,,,,,,,,,GP3,-0.06952,-0.2801,0.32188,0.67778,normalised
95.08289670944214,,,-0.07257,-0.27676,1,,,,,,,,,GP3,-0.07257,-0.27676,0.32188,0.67778,normalised
95.09754061698914,,,-0.07202,-0.27607,1,,,,,,,,,GP3,-0.07202,-0.27607,0.32188,0.67778,normalised
95.11417961120605,,,-0.0716,-0.27555,1,,,,,,,,,GP3,-0.0716,-0.27555,0.32188,0.67778,normalised
95.13029837608337,,,-0.07329,-0.27124,1,,,,,,,,,GP3,-0.07329,-0.27124,0.32188,0.67778,normalised
95.14591526985168,,,-0.07486,-0.26787,1,,,,,,,,,GP3,-0.07486,-0.26787,0.32188,0.67778,normalised
95.16238951683044,,,-0.08297,-0.28888,1,,,,,,,,,GP3,-0.08297,-0.28888,0.32188,0.67778,normalised
95.17799234390259,,,-0.09936,-0.32822,1,,,,,,,,,GP3,-0.09936,-0.32822,0.32188,0.67778,normalised
95.19449782371521,,,-0.12021,-0.38021,1,,,,,,,,,GP3,-0.12021,-0.38021,0.32188,0.67778,normalised
95.21204590797424,,,-0.15728,-0.46283,0,,,,,,,,,GP3,-0.15728,-0.46283,0.32188,0.67778,normalised
95.22685217857361,,,-0.31603,-0.8483,0,,,,,,,,,GP3,-0.31603,-0.8483,0.32188,0.67778,normalised
95.24263882637024,,,-0.37331,-0.96801,0,,,,,,,,,GP3,-0.37331,-0.96801,0.32188,0.67778,normalised
95.261234998703,,,-0.48351,-1.21622,0,,,,,,,,,GP3,-0.48351,-1.21622,0.32188,0.67778,normalised
95.27617597579956,,,-0.48682,-1.22549,0,,,,,,,,,GP3,-0.48682,-1.22549,0.32188,0.67778,normalised
95.2930052280426,,,-0.49221,-1.21591,0,,,,,,,,,GP3,-0.49221,-1.21591,0.32188,0.67778,normalised
95.308265209198,,,-0.4949,-1.21113,1,,,,,,,,,GP3,-0.4949,-1.21113,0.32188,0.67778,normalised
95.32623529434204,,,-0.49349,-1.21606,1,,,,,,,,,GP3,-0.49349,-1.21606,0.32188,0.67778,normalised
95.34189319610596,,,-0.49704,-1.21407,1,,,,,,,,,GP3,-0.49704,-1.21407,0.32188,0.67778,normalised
95.3561224937439,,,-0.49957,-1.21265,1,,,,,,,,,GP3,-0.49957,-1.21265,0.32188,0.67778,normalised
95.37270045280457,,,-0.4979,-1.21467,1,,,,,,,,,GP3,-0.4979,-1.21467,0.32188,0.67778,normalised
95.38955068588257,,,-0.49788,-1.21749,1,,,,,,,,,GP3,-0.49788,-1.21749,0.32188,0.67778,normalised
95.40696263313293,,,-0.49785,-1.21974,1,,,,,,,,,GP3,-0.49785,-1.21974,0.32188,0.67778,normalised
95.42149662971497,,,-0.49781,-1.21741,1,,,,,,,,,GP3,-0.49781,-1.21741,0.32188,0.67778,normalised
95.43792843818665,,,-0.4974,-1.21855,1,,,,,,,,,GP3,-0.4974,-1.21855,0.32188,0.67778,normalised
95.45520091056824,,,-0.49705,-1.2195,1,,,,,,,,,GP3,-0.49705,-1.2195,0.32188,0.67778,normalised
95.47172951698303,,,-0.49475,-1.22246,1,,,,,,,,,GP3,-0.49475,-1.22246,0.32188,0.67778,normalised
95.48623371124268,,,-0.49499,-1.22611,1,,,,,,,,,GP3,-0.49499,-1.22611,0.32188,0.67778,normalised
95.50304865837097,,,-0.49519,-1.2293,1,,,,,,,,,GP3,-0.49519,-1.2293,0.32188,0.67778,normalised
95.52048110961914,,,-0.49297,-1.23417,1,,,,,,,,,GP3,-0.49297,-1.23417,0.32188,0.67778,normalised
95.53422284126282,,,-0.49319,-1.23434,1,,,,,,,,,GP3,-0.49319,-1.23434,0.32188,0.67778,normalised
95.55166244506836,,,-0.49339,-1.23449,1,,,,,,,,,GP3,-0.49339,-1.23449,0.32188,0.67778,normalised
95.56639552116394,,,-0.49206,-1.23539,1,,,,,,,,,GP3,-0.49206,-1.23539,0.32188,0.67778,normalised
95.58387088775635,,,-0.49114,-1.23434,1,,,,,,,,,GP3,-0.49114,-1.23434,0.32188,0.67778,normalised
95.6039719581604,,,-0.4903,-1.23338,1,,,,,,,,,GP3,-0.4903,-1.23338,0.32188,0.67778,normalised
95.6155297756195,,,-0.48919,-1.23489,1,,,,,,,,,GP3,-0.48919,-1.23489,0.32188,0.67778,normalised
95.63206195831299,,,-0.48835,-1.23622,1,,,,,,,,,GP3,-0.48835,-1.23622,0.32188,0.67778,normalised
95.64959192276001,,,-0.48759,-1.23744,1,,,,,,,,,GP3,-0.48759,-1.23744,0.32188,0.67778,normalised
95.66379356384277,,,-0.48622,-1.23925,1,,,,,,,,,GP3,-0.48622,-1.23925,0.32188,0.67778,normalised
95.6814832687378,,,-0.4844,-1.24131,1,,,,,,,,,GP3,-0.4844,-1.24131,0.32188,0.67778,normalised
95.69609522819519,,,-0.4827,-1.24322,1,,,,,,,,,GP3,-0.4827,-1.24322,0.32188,0.67778,normalised
95.71254062652588,,,-0.48229,-1.244,1,,,,,,,,,GP3,-0.48229,-1.244,0.32188,0.67778,normalised
95.73010230064392,,,-0.48083,-1.24504,1,,,,,,,,,GP3,-0.48083,-1.24504,0.32188,0.67778,normalised
95.74464440345764,,,-0.45745,-1.26427,0,,,,,,,,,GP3,-0.45745,-1.26427,0.32188,0.67778,normalised
95.76066136360168,,,-0.46148,-1.26722,0,,,,,,,,,GP3,-0.46148,-1.26722,0.32188,0.67778,normalised
95.77835440635681,,,-0.45696,-1.27853,0,,,,,,,,,GP3,-0.45696,-1.27853,0.32188,0.67778,normalised
95.7928876876831,,,-0.45469,-1.28419,1,,,,,,,,,GP3,-0.45469,-1.28419,0.32188,0.67778,normalised
95.80949378013611,,,-0.45904,-1.27672,1,,,,,,,,,GP3,-0.45904,-1.27672,0.32188,0.67778,normalised
95.82613897323608,,,-0.46106,-1.27366,1,,,,,,,,,GP3,-0.46106,-1.27366,0.32188,0.67778,normalised
95.84373903274536,,,-0.46251,-1.27148,1,,,,,,,,,GP3,-0.46251,-1.27148,0.32188,0.67778,normalised
95.85835337638855,,,-0.46324,-1.27049,1,,,,,,,,,GP3,-0.46324,-1.27049,0.32188,0.67778,normalised
95.87510752677917,,,-0.46191,-1.26968,1,,,,,,,,,GP3,-0.46191,-1.26968,0.32188,0.67778,normalised
95.89175248146057,,,-0.46084,-1.26904,1,,,,,,,,,GP3,-0.46084,-1.26904,0.32188,0.67778,normalised
95.90626358985901,,,-0.45988,-1.26277,1,,,,,,,,,GP3,-0.45988,-1.26277,0.32188,0.67778,normalised
95.9229326248169,,,-0.43274,-1.33868,1,,,,,,,,,GP3,-0.43274,-1.33868,0.32188,0.67778,normalised
95.94055199623108,,,-0.40978,-1.40292,1,,,,,,,,,GP3,-0.40978,-1.40292,0.32188,0.67778,normalised
95.9548909664154,,,-0.41173,-1.38895,1,,,,,,,,,GP3,-0.41173,-1.38895,0.32188,0.67778,normalised
95.97250819206238,,,-0.39924,-1.40206,0,,,,,,,,,GP3,-0.39924,-1.40206,0.32188,0.67778,normalised
95.98905181884766,,,-0.39843,-1.30853,0,,,,,,,,,GP3,-0.39843,-1.30853,0.32188,0.67778,normalised
96.00566673278809,,,-0.40349,-1.30771,0,,,,,,,,,GP3,-0.40349,-1.30771,0.32188,0.67778,normalised
96.02119874954224,,,-0.38704,-1.28693,0,,,,,,,,,GP3,-0.38704,-1.28693,0.32188,0.67778,normalised
96.03571128845215,,,-0.36847,-1.31333,0,,,,,,,,,GP3,-0.36847,-1.31333,0.32188,0.67778,normalised
96.05329179763794,,,-0.38804,-1.29719,0,,,,,,,,,GP3,-0.38804,-1.29719,0.32188,0.67778,normalised
96.0703375339508,,,-0.27592,-1.66673,0,,,,,,,,,GP3,-0.27592,-1.66673,0.32188,0.67778,normalised
96.08494424819946,,,-0.1633,-2.03115,0,,,,,,,,,GP3,-0.1633,-2.03115,0.32188,0.67778,normalised
96.10242366790771,,,-0.22259,-1.77748,0,,,,,,,,,GP3,-0.22259,-1.77748,0.32188,0.67778,normalised
96.11693501472473,,,0.15625,-0.91149,0,,,,,,,,,GP3,0.15625,-0.91149,0.32188,0.67778,normalised
96.13361191749573,,,0.06452,-1.69446,0,,,,,,,,,GP3,0.06452,-1.69446,0.32188,0.67778,normalised
96.15112829208374,,,0.03419,-1.57403,0,,,,,,,,,GP3,0.03419,-1.57403,0.32188,0.67778,normalised
96.16753625869751,,,-0.02371,-1.71568,0,,,,,,,,,GP3,-0.02371,-1.71568,0.32188,0.67778,normalised
96.1819748878479,,,-0.02059,-1.52606,0,,,,,,,,,GP3,-0.02059,-1.52606,0.32188,0.67778,normalised
96.20010304450989,,,-0.01787,-1.42858,0,,,,,,,,,GP3,-0.01787,-1.42858,0.32188,0.67778,normalised
96.21382999420166,,,-0.00601,-1.26616,0,,,,,,,,,GP3,-0.00601,-1.26616,0.32188,0.67778,normalised
96.23145866394043,,,0.00293,-1.24729,0,,,,,,,,,GP3,0.00293,-1.24729,0.32188,0.67778,normalised
96.24597835540771,,,-0.00532,-1.2616,0,,,,,,,,,GP3,-0.00532,-1.2616,0.32188,0.67778,normalised
96.26209783554077,,,-0.00136,-1.25608,1,,,,,,,,,GP3,-0.00136,-1.25608,0.32188,0.67778,normalised
96.27979779243469,,,0.00207,-1.23788,1,,,,,,,,,GP3,0.00207,-1.23788,0.32188,0.67778,normalised
96.29643750190735,,,-0.01918,-1.15117,1,,,,,,,,,GP3,-0.01918,-1.15117,0.32188,0.67778,normalised
96.31107425689697,,,-0.03828,-1.05396,0,,,,,,,,,GP3,-0.03828,-1.05396,0.32188,0.67778,normalised
96.32688570022583,,,-0.11002,-1.06233,0,,,,,,,,,GP3,-0.11002,-1.06233,0.32188,0.67778,normalised
96.34433078765869,,,-0.1718,-1.1811,0,,,,,,,,,GP3,-0.1718,-1.1811,0.32188,0.67778,normalised
96.35941171646118,,,-0.29736,-1.18357,0,,,,,,,,,GP3,-0.29736,-1.18357,0.32188,0.67778,normalised
96.37510991096497,,,-0.40301,-1.22008,0,,,,,,,,,GP3,-0.40301,-1.22008,0.32188,0.67778,normalised
96.39264011383057,,,-0.43002,-1.45494,0,,,,,,,,,GP3,-0.43002,-1.45494,0.32188,0.67778,normalised
96.40722155570984,,,-0.47844,-1.76036,0,,,,,,,,,GP3,-0.47844,-1.76036,0.32188,0.67778,normalised
96.4247555732727,,,-0.46242,-1.63608,0,,,,,,,,,GP3,-0.46242,-1.63608,0.32188,0.67778,normalised
96.44226884841919,,,-0.34753,-1.23021,0,,,,,,,,,GP3,-0.34753,-1.23021,0.32188,0.67778,normalised
96.45603919029236,,,-0.16396,-0.58941,0,,,,,,,,,GP3,-0.16396,-0.58941,0.32188,0.67778,normalised
96.4724862575531,,,0.09309,0.1051,0,,,,,,,,,GP3,0.09309,0.1051,0.32188,0.67778,normalised
96.48991918563843,,,0.2074,0.39707,0,,,,,,,,,GP3,0.2074,0.39707,0.32188,0.67778,normalised
96.50654411315918,,,0.40503,0.91825,0,,,,,,,,,GP3,0.40503,0.91825,0.32188,0.67778,normalised
96.52036452293396,,,0.34506,0.76801,0,,,,,,,,,GP3,0.34506,0.76801,0.32188,0.67778,normalised
96.53706884384155,,,0.27428,0.56453,0,,,,,,,,,GP3,0.27428,0.56453,0.32188,0.67778,normalised
96.55542731285095,,,0.10626,0.18402,0,,,,,,,,,GP3,0.10626,0.18402,0.32188,0.67778,normalised
96.56983351707458,,,-0.07045,-0.20554,0,,,,,,,,,GP3,-0.07045,-0.20554,0.32188,0.67778,normalised
96.58742618560791,,,-0.10267,-0.32158,0,,,,,,,,,GP3,-0.10267,-0.32158,0.32188,0.67778,normalised
96.60274076461792,,,-0.20999,-0.56675,0,,,,,,,,,GP3,-0.20999,-0.56675,0.32188,0.67778,normalised
96.62034177780151,,,-0.20675,-0.53446,0,,,,,,,,,GP3,-0.20675,-0.53446,0.32188,0.67778,normalised
96.6348762512207,,,-0.18176,-0.48839,0,,,,,,,,,GP3,-0.18176,-0.48839,0.32188,0.67778,normalised
96.6523950099945,,,-0.17771,-0.37563,0,,,,,,,,,GP3,-0.17771,-0.37563,0.32188,0.67778,normalised
96.6672625541687,,,-0.15393,-0.20455,0,,,,,,,,,GP3,-0.15393,-0.20455,0.32188,0.67778,normalised
96.68399691581726,,,-0.09688,-0.10455,0,,,,,,,,,GP3,-0.09688,-0.10455,0.32188,0.67778,normalised
96.70052433013916,,,-0.01152,0.13367,0,,,,,,,,,GP3,-0.01152,0.13367,0.32188,0.67778,normalised
96.71514058113098,,,0.01266,0.1633,0,,,,,,,,,GP3,0.01266,0.1633,0.32188,0.67778,normalised
96.73115229606628,,,-0.01346,0.00485,0,,,,,,,,,GP3,-0.01346,0.00485,0.32188,0.67778,normalised
96.74873518943787,,,-0.0824,-0.23464,0,,,,,,,,,GP3,-0.0824,-0.23464,0.32188,0.67778,normalised
96.76321315765381,,,-0.21688,-0.58528,0,,,,,,,,,GP3,-0.21688,-0.58528,0.32188,0.67778,normalised
96.779958486557,,,-0.27828,-0.75436,0,,,,,,,,,GP3,-0.27828,-0.75436,0.32188,0.67778,normalised
96.79655194282532,,,-0.37978,-1.05094,0,,,,,,,,,GP3,-0.37978,-1.05094,0.32188,0.67778,normalised
96.81398749351501,,,-0.35933,-0.94695,0,,,,,,,,,GP3,-0.35933,-0.94695,0.32188,0.67778,normalised
96.82814145088196,,,-0.31256,-0.84857,0,,,,,,,,,GP3,-0.31256,-0.84857,0.32188,0.67778,normalised
96.84798407554626,,,-0.19306,-0.60333,0,,,,,,,,,GP3,-0.19306,-0.60333,0.32188,0.67778,normalised
96.86374044418335,,,-0.04415,-0.27069,0,,,,,,,,,GP3,-0.04415,-0.27069,0.32188,0.67778,normalised
96.87817859649658,,,0.0162,-0.14083,0,,,,,,,,,GP3,0.0162,-0.14083,0.32188,0.67778,normalised
96.89300179481506,,,0.13497,0.11258,0,,,,,,,,,GP3,0.13497,0.11258,0.32188,0.67778,normalised
96.91113662719727,,,0.15642,0.15737,0,,,,,,,,,GP3,0.15642,0.15737,0.32188,0.67778,normalised
96.9255883693695,,,0.14952,0.19698,0,,,,,,,,,GP3,0.14952,0.19698,0.32188,0.67778,normalised
96.94153332710266,,,0.14574,0.2488,0,,,,,,,,,GP3,0.14574,0.2488,0.32188,0.67778,normalised
96.95843768119812,,,0.13469,0.25842,0,,,,,,,,,GP3,0.13469,0.25842,0.32188,0.67778,normalised
96.97507071495056,,,0.12701,0.2869,0,,,,,,,,,GP3,0.12701,0.2869,0.32188,0.67778,normalised
96.9916558265686,,,0.11245,0.2804,1,,,,,,,,,GP3,0.11245,0.2804,0.32188,0.67778,normalised
97.00617980957031,,,0.10371,0.27649,1,,,,,,,,,GP3,0.10371,0.27649,0.32188,0.67778,normalised
97.0226719379425,,,0.10884,0.27771,1,,,,,,,,,GP3,0.10884,0.27771,0.32188,0.67778,normalised
97.03858089447021,,,0.11283,0.27594,1,,,,,,,,,GP3,0.11283,0.27594,0.32188,0.67778,normalised
97.05604910850525,,,0.11583,0.27461,1,,,,,,,,,GP3,0.11583,0.27461,0.32188,0.67778,normalised
97.0713038444519,,,0.11986,0.27707,1,,,,,,,,,GP3,0.11986,0.27707,0.32188,0.67778,normalised
97.08727169036865,,,0.1237,0.27872,1,,,,,,,,,GP3,0.1237,0.27872,0.32188,0.67778,normalised
97.10329365730286,,,0.12684,0.28008,1,,,,,,,,,GP3,0.12684,0.28008,0.32188,0.67778,normalised
97.1202278137207,,,0.12656,0.26615,1,,,,,,,,,GP3,0.12656,0.26615,0.32188,0.67778,normalised
97.136789560318,,,0.11956,0.23969,1,,,,,,,,,GP3,0.11956,0.23969,0.32188,0.67778,normalised
97.15180945396423,,,0.11355,0.21701,1,,,,,,,,,GP3,0.11355,0.21701,0.32188,0.67778,normalised
97.16798090934753,,,0.10856,0.19295,1,,,,,,,,,GP3,0.10856,0.19295,0.32188,0.67778,normalised
97.18391251564026,,,0.10856,0.19295,1,,,,,,,,,GP3,0.10856,0.19295,0.32188,0.67778,normalised
97.20899677276611,,,0.10143,0.13573,0,,,,,,,,,GP3,0.10143,0.13573,0.32188,0.67778,normalised
97.21972036361694,,,0.10143,0.13573,0,,,,,,,,,GP3,0.10143,0.13573,0.32188,0.67778,normalised
97.24045181274414,,,0.0717,0.00516,0,,,,,,,,,GP3,0.0717,0.00516,0.32188,0.67778,normalised
97.25098395347595,,,0.04197,-0.12541,0,,,,,,,,,GP3,0.04197,-0.12541,0.32188,0.67778,normalised
97.27098870277405,,,0.07773,-0.16554,0,,,,,,,,,GP3,0.07773,-0.16554,0.32188,0.67778,normalised
97.28150391578674,,,0.07773,-0.16554,0,,,,,,,,,GP3,0.07773,-0.16554,0.32188,0.67778,normalised
97.30115461349487,,,0.1135,-0.20567,0,,,,,,,,,GP3,0.1135,-0.20567,0.32188,0.67778,normalised
97.3189001083374,,,0.1135,-0.20567,0,,,,,,,,,GP3,0.1135,-0.20567,0.32188,0.67778,normalised
97.3384735584259,,,0.13349,-0.10935,0,,,,,,,,,GP3,0.13349,-0.10935,0.32188,0.67778,normalised
97.34900164604187,,,0.15348,-0.01302,0,,,,,,,,,GP3,0.15348,-0.01302,0.32188,0.67778,normalised
97.36403751373291,,,0.15879,0.06515,0,,,,,,,,,GP3,0.15879,0.06515,0.32188,0.67778,normalised
97.37855911254883,,,0.16581,0.07862,0,,,,,,,,,GP3,0.16581,0.07862,0.32188,0.67778,normalised
97.39606022834778,,,0.17126,0.106,0,,,,,,,,,GP3,0.17126,0.106,0.32188,0.67778,normalised
97.41057252883911,,,0.12102,0.13178,0,,,,,,,,,GP3,0.12102,0.13178,0.32188,0.67778,normalised
97.42736411094666,,,0.07803,0.14855,0,,,,,,,,,GP3,0.07803,0.14855,0.32188,0.67778,normalised
97.44332003593445,,,0.01139,0.16217,0,,,,,,,,,GP3,0.01139,0.16217,0.32188,0.67778,normalised
97.46050310134888,,,-0.00753,-0.11862,0,,,,,,,,,GP3,-0.00753,-0.11862,0.32188,0.67778,normalised
97.47569680213928,,,-0.00753,-0.11862,0,,,,,,,,,GP3,-0.00753,-0.11862,0.32188,0.67778,normalised
97.49907970428467,,,-0.01191,-0.32766,0,,,,,,,,,GP3,-0.01191,-0.32766,0.32188,0.67778,normalised
97.50953245162964,,,-0.01191,-0.32766,0,,,,,,,,,GP3,-0.01191,-0.32766,0.32188,0.67778,normalised
97.53126382827759,,,0.02081,-0.1374,0,,,,,,,,,GP3,0.02081,-0.1374,0.32188,0.67778,normalised
97.54167056083679,,,0.05353,0.05287,0,,,,,,,,,GP3,0.05353,0.05287,0.32188,0.67778,normalised
97.55917811393738,,,0.05353,0.05287,0,,,,,,,,,GP3,0.05353,0.05287,0.32188,0.67778,normalised
97.57957005500793,,,0.06488,0.09257,0,,,,,,,,,GP3,0.06488,0.09257,0.32188,0.67778,normalised
97.59023833274841,,,0.07622,0.13228,0,,,,,,,,,GP3,0.07622,0.13228,0.32188,0.67778,normalised
97.60759592056274,,,0.10327,0.13489,0,,,,,,,,,GP3,0.10327,0.13489,0.32188,0.67778,normalised
97.62208127975464,,,0.11857,0.13369,0,,,,,,,,,GP3,0.11857,0.13369,0.32188,0.67778,normalised
97.63579201698303,,,0.12621,0.13309,1,,,,,,,,,GP3,0.12621,0.13309,0.32188,0.67778,normalised
97.65267419815063,,,0.14344,0.15052,1,,,,,,,,,GP3,0.14344,0.15052,0.32188,0.67778,normalised
97.66898083686829,,,0.1645,0.17532,1,,,,,,,,,GP3,0.1645,0.17532,0.32188,0.67778,normalised
97.68688583374023,,,0.18405,0.2196,1,,,,,,,,,GP3,0.18405,0.2196,0.32188,0.67778,normalised
97.7044939994812,,,0.18405,0.2196,1,,,,,,,,,GP3,0.18405,0.2196,0.32188,0.67778,normalised
97.72439098358154,,,0.19631,0.25956,1,,,,,,,,,GP3,0.19631,0.25956,0.32188,0.67778,normalised
97.73599314689636,,,0.19631,0.25956,1,,,,,,,,,GP3,0.19631,0.25956,0.32188,0.67778,normalised
97.75836443901062,,,0.22355,0.32383,0,,,,,,,,,GP3,0.22355,0.32383,0.32188,0.67778,normalised
97.76876258850098,,,0.22355,0.32383,0,,,,,,,,,GP3,0.22355,0.32383,0.32188,0.67778,normalised
97.78569769859314,,,0.22355,0.32383,0,,,,,,,,,GP3,0.22355,0.32383,0.32188,0.67778,normalised
97.80922412872314,,,0.0,0.0,0,,,,,,,,,GP3,0.0,0.0,0.32188,0.67778,normalised
97.82383632659912,,,0.17215,0.29531,0,,,,,,,,,GP3,0.17215,0.29531,0.32188,0.67778,normalised
97.83434867858887,,,0.17215,0.29531,0,,,,,,,,,GP3,0.17215,0.29531,0.32188,0.67778,normalised
97.85499620437622,,,0.34431,0.65075,0,,,,,,,,,GP3,0.34431,0.65075,0.32188,0.67778,normalised
97.86543369293213,,,0.33888,0.62681,0,,,,,,,,,GP3,0.33888,0.62681,0.32188,0.67778,normalised
97.87948703765869,,,0.33706,0.61884,0,,,,,,,,,GP3,0.33706,0.61884,0.32188,0.67778,normalised
97.89525985717773,,,0.32969,0.61864,1,,,,,,,,,GP3,0.32969,0.61864,0.32188,0.67778,normalised
97.91258454322815,,,0.32354,0.61221,1,,,,,,,,,GP3,0.32354,0.61221,0.32188,0.67778,normalised
97.92854189872742,,,0.29917,0.54139,1,,,,,,,,,GP3,0.29917,0.54139,0.32188,0.67778,normalised
97.94597840309143,,,0.25567,0.42183,0,,,,,,,,,GP3,0.25567,0.42183,0.32188,0.67778,normalised
97.9607765674591,,,0.12071,-0.20012,0,,,,,,,,,GP3,0.12071,-0.20012,0.32188,0.67778,normalised
97.97815728187561,,,0.04455,-0.55095,0,,,,,,,,,GP3,0.04455,-0.55095,0.32188,0.67778,normalised
97.99267315864563,,,-0.06211,-1.26145,0,,,,,,,,,GP3,-0.06211,-1.26145,0.32188,0.67778,normalised
98.01018738746643,,,-0.01589,-1.49995,0,,,,,,,,,GP3,-0.01589,-1.49995,0.32188,0.67778,normalised
98.0248327255249,,,-0.01589,-1.49995,0,,,,,,,,,GP3,-0.01589,-1.49995,0.32188,0.67778,normalised
98.05137276649475,,,-0.02645,-1.68338,0,,,,,,,,,GP3,-0.02645,-1.68338,0.32188,0.67778,normalised
98.0621600151062,,,-0.02645,-1.68338,0,,,,,,,,,GP3,-0.02645,-1.68338,0.32188,0.67778,normalised
98.08180713653564,,,-0.05484,-1.65585,0,,,,,,,,,GP3,-0.05484,-1.65585,0.32188,0.67778,normalised
98.09267663955688,,,-0.08323,-1.62832,0,,,,,,,,,GP3,-0.08323,-1.62832,0.32188,0.67778,normalised
98.11218571662903,,,-0.13509,-1.66115,0,,,,,,,,,GP3,-0.13509,-1.66115,0.32188,0.67778,normalised
98.12371754646301,,,-0.13509,-1.66115,0,,,,,,,,,GP3,-0.13509,-1.66115,0.32188,0.67778,normalised
98.14379072189331,,,-0.15438,-1.66465,0,,,,,,,,,GP3,-0.15438,-1.66465,0.32188,0.67778,normalised
98.15531468391418,,,-0.15438,-1.66465,0,,,,,,,,,GP3,-0.15438,-1.66465,0.32188,0.67778,normalised
98.17590141296387,,,-0.19915,-1.37242,0,,,,,,,,,GP3,-0.19915,-1.37242,0.32188,0.67778,normalised
98.18659281730652,,,-0.24414,-0.70395,0,,,,,,,,,GP3,-0.24414,-0.70395,0.32188,0.67778,normalised
98.20328092575073,,,-0.32589,-0.53723,0,,,,,,,,,GP3,-0.32589,-0.53723,0.32188,0.67778,normalised
98.22070789337158,,,-0.37152,-0.5234,0,,,,,,,,,GP3,-0.37152,-0.5234,0.32188,0.67778,normalised
98.23520469665527,,,-0.38648,-0.54719,0,,,,,,,,,GP3,-0.38648,-0.54719,0.32188,0.67778,normalised
98.25412154197693,,,-0.34511,-0.73138,0,,,,,,,,,GP3,-0.34511,-0.73138,0.32188,0.67778,normalised
98.26779222488403,,,-0.3479,-0.84096,0,,,,,,,,,GP3,-0.3479,-0.84096,0.32188,0.67778,normalised
98.28523468971252,,,-0.33401,-1.02237,0,,,,,,,,,GP3,-0.33401,-1.02237,0.32188,0.67778,normalised
98.30023670196533,,,-0.34972,-1.09605,0,,,,,,,,,GP3,-0.34972,-1.09605,0.32188,0.67778,normalised
98.31761455535889,,,-0.34007,-1.02668,0,,,,,,,,,GP3,-0.34007,-1.02668,0.32188,0.67778,normalised
98.33242154121399,,,-0.28365,-1.03942,1,,,,,,,,,GP3,-0.28365,-1.03942,0.32188,0.67778,normalised
98.34915351867676,,,-0.2274,-0.93282,0,,,,,,,,,GP3,-0.2274,-0.93282,0.32188,0.67778,normalised
98.36552739143372,,,-0.11056,-0.50159,0,,,,,,,,,GP3,-0.11056,-0.50159,0.32188,0.67778,normalised
98.38236331939697,,,-0.06007,-0.32256,0,,,,,,,,,GP3,-0.06007,-0.32256,0.32188,0.67778,normalised
98.39975452423096,,,0.00462,0.01754,0,,,,,,,,,GP3,0.00462,0.01754,0.32188,0.67778,normalised
98.41428399085999,,,-0.01435,0.05251,0,,,,,,,,,GP3,-0.01435,0.05251,0.32188,0.67778,normalised
98.43180823326111,,,-0.01435,0.05251,0,,,,,,,,,GP3,-0.01435,0.05251,0.32188,0.67778,normalised
98.44674944877625,,,0.01915,0.02002,1,,,,,,,,,GP3,0.01915,0.02002,0.32188,0.67778,normalised
98.4633424282074,,,0.03591,0.00378,1,,,,,,,,,GP3,0.03591,0.00378,0.32188,0.67778,normalised
98.47878313064575,,,0.03591,0.00378,1,,,,,,,,,GP3,0.03591,0.00378,0.32188,0.67778,normalised
98.4963788986206,,,0.04657,-0.01887,1,,,,,,,,,GP3,0.04657,-0.01887,0.32188,0.67778,normalised
98.51081538200378,,,0.05368,-0.03397,1,,,,,,,,,GP3,0.05368,-0.03397,0.32188,0.67778,normalised
98.52835273742676,,,0.05888,-0.00514,1,,,,,,,,,GP3,0.05888,-0.00514,0.32188,0.67778,normalised
98.54314041137695,,,0.06377,0.01535,1,,,,,,,,,GP3,0.06377,0.01535,0.32188,0.67778,normalised
98.55810189247131,,,0.07092,0.04247,1,,,,,,,,,GP3,0.07092,0.04247,0.32188,0.67778,normalised
98.5747299194336,,,0.08655,0.07814,1,,,,,,,,,GP3,0.08655,0.07814,0.32188,0.67778,normalised
98.59231781959534,,,0.10458,0.11747,1,,,,,,,,,GP3,0.10458,0.11747,0.32188,0.67778,normalised
98.60894012451172,,,0.11412,0.12891,1,,,,,,,,,GP3,0.11412,0.12891,0.32188,0.67778,normalised
98.6245551109314,,,0.11259,0.12991,1,,,,,,,,,GP3,0.11259,0.12991,0.32188,0.67778,normalised
98.64056444168091,,,0.10495,0.07357,1,,,,,,,,,GP3,0.10495,0.07357,0.32188,0.67778,normalised
98.65760111808777,,,0.09162,-0.00487,1,,,,,,,,,GP3,0.09162,-0.00487,0.32188,0.67778,normalised
98.67292714118958,,,0.07162,-0.09951,0,,,,,,,,,GP3,0.07162,-0.09951,0.32188,0.67778,normalised
98.68782997131348,,,-0.22389,-0.52526,0,,,,,,,,,GP3,-0.22389,-0.52526,0.32188,0.67778,normalised
98.70424008369446,,,-0.32239,-0.66717,0,,,,,,,,,GP3,-0.32239,-0.66717,0.32188,0.67778,normalised
98.72171926498413,,,-0.47689,-0.99689,0,,,,,,,,,GP3,-0.47689,-0.99689,0.32188,0.67778,normalised
98.73632550239563,,,-0.37487,-1.05208,0,,,,,,,,,GP3,-0.37487,-1.05208,0.32188,0.67778,normalised
98.75383949279785,,,-0.34087,-1.07047,0,,,,,,,,,GP3,-0.34087,-1.07047,0.32188,0.67778,normalised
98.76896834373474,,,-0.22369,-1.15008,0,,,,,,,,,GP3,-0.22369,-1.15008,0.32188,0.67778,normalised
98.78666710853577,,,-0.21287,-0.90732,0,,,,,,,,,GP3,-0.21287,-0.90732,0.32188,0.67778,normalised
98.80406260490417,,,-0.20926,-0.8264,0,,,,,,,,,GP3,-0.20926,-0.8264,0.32188,0.67778,normalised
98.81870698928833,,,-0.25539,-0.83023,0,,,,,,,,,GP3,-0.25539,-0.83023,0.32188,0.67778,normalised
98.8342456817627,,,-0.40811,-1.20951,0,,,,,,,,,GP3,-0.40811,-1.20951,0.32188,0.67778,normalised
98.85090923309326,,,-0.44974,-1.20668,0,,,,,,,,,GP3,-0.44974,-1.20668,0.32188,0.67778,normalised
98.86770939826965,,,-0.46479,-1.04485,0,,,,,,,,,GP3,-0.46479,-1.04485,0.32188,0.67778,normalised
98.88525247573853,,,-0.33684,-0.48258,0,,,,,,,,,GP3,-0.33684,-0.48258,0.32188,0.67778,normalised
98.89893794059753,,,-0.19939,-0.15029,0,,,,,,,,,GP3,-0.19939,-0.15029,0.32188,0.67778,normalised
98.9146294593811,,,0.07043,0.42129,0,,,,,,,,,GP3,0.07043,0.42129,0.32188,0.67778,normalised
98.9324107170105,,,0.24371,0.62441,0,,,,,,,,,GP3,0.24371,0.62441,0.32188,0.67778,normalised
98.95019793510437,,,0.31475,0.73909,0,,,,,,,,,GP3,0.31475,0.73909,0.32188,0.67778,normalised
98.96443247795105,,,0.44261,0.93324,0,,,,,,,,,GP3,0.44261,0.93324,0.32188,0.67778,normalised
98.98119235038757,,,0.4531,0.97004,0,,,,,,,,,GP3,0.4531,0.97004,0.32188,0.67778,normalised
98.99506902694702,,,0.45659,0.9823,0,,,,,,,,,GP3,0.45659,0.9823,0.32188,0.67778,normalised
99.01251339912415,,,0.44928,0.98369,1,,,,,,,,,GP3,0.44928,0.98369,0.32188,0.67778,normalised
99.02793622016907,,,0.43865,0.9773,1,,,,,,,,,GP3,0.43865,0.9773,0.32188,0.67778,normalised
99.0466079711914,,,0.43156,0.97304,1,,,,,,,,,GP3,0.43156,0.97304,0.32188,0.67778,normalised
99.06028890609741,,,0.43097,0.97647,1,,,,,,,,,GP3,0.43097,0.97647,0.32188,0.67778,normalised
99.07777285575867,,,0.42119,0.97983,1,,,,,,,,,GP3,0.42119,0.97983,0.32188,0.67778,normalised
99.09434103965759,,,0.41358,0.98244,1,,,,,,,,,GP3,0.41358,0.98244,0.32188,0.67778,normalised
99.11102795600891,,,0.41561,0.99204,1,,,,,,,,,GP3,0.41561,0.99204,0.32188,0.67778,normalised
99.12569284439087,,,0.41609,0.99242,1,,,,,,,,,GP3,0.41609,0.99242,0.32188,0.67778,normalised
99.14320397377014,,,0.41649,0.99274,1,,,,,,,,,GP3,0.41649,0.99274,0.32188,0.67778,normalised
99.15705919265747,,,0.42265,0.97276,1,,,,,,,,,GP3,0.42265,0.97276,0.32188,0.67778,normalised
99.17349290847778,,,0.43124,0.95465,1,,,,,,,,,GP3,0.43124,0.95465,0.32188,0.67778,normalised
99.19001150131226,,,0.43868,0.93896,1,,,,,,,,,GP3,0.43868,0.93896,0.32188,0.67778,normalised
99.20643401145935,,,0.44546,0.9291,1,,,,,,,,,GP3,0.44546,0.9291,0.32188,0.67778,normalised
99.22404861450195,,,0.4505,0.9194,1,,,,,,,,,GP3,0.4505,0.9194,0.32188,0.67778,normalised
99.24013161659241,,,0.4505,0.9194,1,,,,,,,,,GP3,0.4505,0.9194,0.32188,0.67778,normalised
99.26077103614807,,,0.46957,0.88218,0,,,,,,,,,GP3,0.46957,0.88218,0.32188,0.67778,normalised
99.27238488197327,,,0.46957,0.88218,0,,,,,,,,,GP3,0.46957,0.88218,0.32188,0.67778,normalised
99.29194808006287,,,0.46957,0.88218,0,,,,,,,,,GP3,0.46957,0.88218,0.32188,0.67778,normalised
99.3084557056427,,,0.0,0.0,0,,,,,,,,,GP3,0.0,0.0,0.32188,0.67778,normalised
99.32500219345093,,,0.28727,0.39457,0,,,,,,,,,GP3,0.28727,0.39457,0.32188,0.67778,normalised
99.33660697937012,,,0.4259,0.32291,0,,,,,,,,,GP3,0.4259,0.32291,0.32188,0.67778,normalised
99.3535590171814,,,0.68795,0.23308,0,,,,,,,,,GP3,0.68795,0.23308,0.32188,0.67778,normalised
99.3685212135315,,,0.77769,-0.924,0,,,,,,,,,GP3,0.77769,-0.924,0.32188,0.67778,normalised
99.3835871219635,,,0.83523,-1.75598,0,,,,,,,,,GP3,0.83523,-1.75598,0.32188,0.67778,normalised
99.40108489990234,,,0.90887,-2.75051,0,,,,,,,,,GP3,0.90887,-2.75051,0.32188,0.67778,normalised
99.41559624671936,,,0.90887,-2.75051,0,,,,,,,,,GP3,0.90887,-2.75051,0.32188,0.67778,normalised
99.43237638473511,,,0.90887,-2.75051,0,,,,,,,,,GP3,0.90887,-2.75051,0.32188,0.67778,normalised
99.44992542266846,,,0.0,0.0,0,,,,,,,,,GP3,0.0,0.0,0.32188,0.67778,normalised
99.46627283096313,,,0.0,0.0,0,,,,,,,,,GP3,0.0,0.0,0.32188,0.67778,normalised
99.48102927207947,,,0.0,0.0,0,,,,,,,,,GP3,0.0,0.0,0.32188,0.67778,normalised
99.49853372573853,,,0.0,0.0,0,,,,,,,,,GP3,0.0,0.0,0.32188,0.67778,normalised
99.5131311416626,,,0.0,0.0,0,,,,,,,,,GP3,0.0,0.0,0.32188,0.67778,normalised
99.52898454666138,,,0.0,0.0,0,,,,,,,,,GP3,0.0,0.0,0.32188,0.67778,normalised
99.54769158363342,,,0.0,0.0,0,,,,,,,,,GP3,0.0,0.0,0.32188,0.67778,normalised
99.56274151802063,,,0.81276,-2.16198,0,,,,,,,,,GP3,0.81276,-2.16198,0.32188,0.67778,normalised
99.58042764663696,,,1.08368,-2.88264,0,,,,,,,,,GP3,1.08368,-2.88264,0.32188,0.67778,normalised
99.59402060508728,,,1.61095,-4.10849,0,,,,,,,,,GP3,1.61095,-4.10849,0.32188,0.67778,normalised
99.6106505393982,,,1.63892,-3.95033,0,,,,,,,,,GP3,1.63892,-3.95033,0.32188,0.67778,normalised
99.6281247138977,,,1.64824,-3.89761,0,,,,,,,,,GP3,1.64824,-3.89761,0.32188,0.67778,normalised
99.64260911941528,,,1.59253,-3.72691,0,,,,,,,,,GP3,1.59253,-3.72691,0.32188,0.67778,normalised
99.65959024429321,,,1.48496,-3.66414,0,,,,,,,,,GP3,1.48496,-3.66414,0.32188,0.67778,normalised
99.67715382575989,,,1.4491,-3.64321,0,,,,,,,,,GP3,1.4491,-3.64321,0.32188,0.67778,normalised
99.69112610816956,,,1.39118,-3.60311,0,,,,,,,,,GP3,1.39118,-3.60311,0.32188,0.67778,normalised
99.70890855789185,,,1.36165,-3.64562,0,,,,,,,,,GP3,1.36165,-3.64562,0.32188,0.67778,normalised
99.72330641746521,,,1.3518,-3.65979,0,,,,,,,,,GP3,1.3518,-3.65979,0.32188,0.67778,normalised
99.73965191841125,,,1.37393,-3.65869,1,,,,,,,,,GP3,1.37393,-3.65869,0.32188,0.67778,normalised
99.75707912445068,,,1.37711,-3.64263,1,,,,,,,,,GP3,1.37711,-3.64263,0.32188,0.67778,normalised
99.77115273475647,,,1.37923,-3.63192,1,,,,,,,,,GP3,1.37923,-3.63192,0.32188,0.67778,normalised
99.78999829292297,,,1.38998,-3.6058,1,,,,,,,,,GP3,1.38998,-3.6058,0.32188,0.67778,normalised
99.80441689491272,,,1.39248,-3.58962,1,,,,,,,,,GP3,1.39248,-3.58962,0.32188,0.67778,normalised
99.82214999198914,,,1.39442,-3.57704,1,,,,,,,,,GP3,1.39442,-3.57704,0.32188,0.67778,normalised
99.83959984779358,,,1.40126,-3.56466,1,,,,,,,,,GP3,1.40126,-3.56466,0.32188,0.67778,normalised
99.85325527191162,,,1.39909,-3.53338,1,,,,,,,,,GP3,1.39909,-3.53338,0.32188,0.67778,normalised
99.87193179130554,,,1.39728,-3.50731,1,,,,,,,,,GP3,1.39728,-3.50731,0.32188,0.67778,normalised
99.8845534324646,,,1.40001,-3.496,1,,,,,,,,,GP3,1.40001,-3.496,0.32188,0.67778,normalised
99.90517258644104,,,1.41001,-3.44947,0,,,,,,,,,GP3,1.41001,-3.44947,0.32188,0.67778,normalised
99.92004752159119,,,1.47338,-3.73336,0,,,,,,,,,GP3,1.47338,-3.73336,0.32188,0.67778,normalised
99.93564438819885,,,1.56149,-4.42655,0,,,,,,,,,GP3,1.56149,-4.42655,0.32188,0.67778,normalised
99.95143699645996,,,1.69299,-5.71729,0,,,,,,,,,GP3,1.69299,-5.71729,0.32188,0.67778,normalised
99.96795630455017,,,1.82018,-7.54806,0,,,,,,,,,GP3,1.82018,-7.54806,0.32188,0.67778,normalised
99.98280930519104,,,1.88796,-8.6532,0,,,,,,,,,GP3,1.88796,-8.6532,0.32188,0.67778,normalised
100.00040245056152,,,1.96382,-10.24118,0,,,,,,,,,GP3,1.96382,-10.24118,0.32188,0.67778,normalised
100.01471471786499,,,1.94221,-10.36122,0,,,,,,,,,GP3,1.94221,-10.36122,0.32188,0.67778,normalised
100.03233098983765,,,1.94237,-10.498,0,,,,,,,,,GP3,1.94237,-10.498,0.32188,0.67778,normalised
100.04693412780762,,,1.89263,-10.55534,0,,,,,,,,,GP3,1.89263,-10.55534,0.32188,0.67778,normalised
100.06390476226807,,,1.85361,-10.48427,0,,,,,,,,,GP3,1.85361,-10.48427,0.32188,0.67778,normalised
100.07896590232849,,,1.87866,-10.65192,0,,,,,,,,,GP3,1.87866,-10.65192,0.32188,0.67778,normalised
100.09650897979736,,,1.75409,-10.20289,0,,,,,,,,,GP3,1.75409,-10.20289,0.32188,0.67778,normalised
100.11186599731445,,,1.6365,-9.70556,0,,,,,,,,,GP3,1.6365,-9.70556,0.32188,0.67778,normalised
100.12768959999084,,,1.68346,-9.84612,0,,,,,,,,,GP3,1.68346,-9.84612,0.32188,0.67778,normalised
100.14519739151001,,,1.5376,-9.26307,0,,,,,,,,,GP3,1.5376,-9.26307,0.32188,0.67778,normalised
100.16047668457031,,,1.42706,-8.85841,0,,,,,,,,,GP3,1.42706,-8.85841,0.32188,0.67778,normalised
100.17561531066895,,,1.58994,-9.45624,0,,,,,,,,,GP3,1.58994,-9.45624,0.32188,0.67778,normalised
100.19309139251709,,,1.59043,-9.44235,0,,,,,,,,,GP3,1.59043,-9.44235,0.32188,0.67778,normalised
100.20879650115967,,,1.56476,-9.33187,0,,,,,,,,,GP3,1.56476,-9.33187,0.32188,0.67778,normalised
100.22522234916687,,,1.66853,-9.90203,0,,,,,,,,,GP3,1.66853,-9.90203,0.32188,0.67778,normalised
100.24030804634094,,,1.72666,-10.30232,0,,,,,,,,,GP3,1.72666,-10.30232,0.32188,0.67778,normalised
100.25706171989441,,,1.74575,-10.47277,0,,,,,,,,,GP3,1.74575,-10.47277,0.32188,0.67778,normalised
100.2730119228363,,,1.80437,-10.46309,0,,,,,,,,,GP3,1.80437,-10.46309,0.32188,0.67778,normalised
100.29046940803528,,,1.83131,-10.37847,0,,,,,,,,,GP3,1.83131,-10.37847,0.32188,0.67778,normalised
100.30639290809631,,,1.8194,-10.21347,0,,,,,,,,,GP3,1.8194,-10.21347,0.32188,0.67778,normalised
100.32390880584717,,,1.90312,-10.55973,0,,,,,,,,,GP3,1.90312,-10.55973,0.32188,0.67778,normalised
100.34043884277344,,,1.99903,-10.88371,0,,,,,,,,,GP3,1.99903,-10.88371,0.32188,0.67778,normalised
100.3561475276947,,,2.05902,-11.11705,0,,,,,,,,,GP3,2.05902,-11.11705,0.32188,0.67778,normalised
100.37025165557861,,,2.09051,-11.30882,0,,,,,,,,,GP3,2.09051,-11.30882,0.32188,0.67778,normalised
100.38652610778809,,,2.19104,-11.63353,0,,,,,,,,,GP3,2.19104,-11.63353,0.32188,0.67778,normalised
100.40607190132141,,,2.24583,-11.74567,0,,,,,,,,,GP3,2.24583,-11.74567,0.32188,0.67778,normalised
100.41885757446289,,,2.21847,-11.66676,0,,,,,,,,,GP3,2.21847,-11.66676,0.32188,0.67778,normalised
100.43650078773499,,,2.25409,-11.63156,1,,,,,,,,,GP3,2.25409,-11.63156,0.32188,0.67778,normalised
100.45116686820984,,,2.27546,-11.61045,1,,,,,,,,,GP3,2.27546,-11.61045,0.32188,0.67778,normalised
100.46830248832703,,,2.26305,-11.5752,1,,,,,,,,,GP3,2.26305,-11.5752,0.32188,0.67778,normalised
100.4859414100647,,,2.26539,-11.53576,1,,,,,,,,,GP3,2.26539,-11.53576,0.32188,0.67778,normalised
100.50045967102051,,,2.26715,-11.50618,1,,,,,,,,,GP3,2.26715,-11.50618,0.32188,0.67778,normalised
100.51797461509705,,,2.26513,-11.53627,1,,,,,,,,,GP3,2.26513,-11.53627,0.32188,0.67778,normalised
100.53249382972717,,,2.27011,-11.51615,1,,,,,,,,,GP3,2.27011,-11.51615,0.32188,0.67778,normalised
100.54769468307495,,,2.27417,-11.49968,1,,,,,,,,,GP3,2.27417,-11.49968,0.32188,0.67778,normalised
100.56439852714539,,,2.26944,-11.51813,1,,,,,,,,,GP3,2.26944,-11.51813,0.32188,0.67778,normalised
100.58083772659302,,,2.27006,-11.55381,1,,,,,,,,,GP3,2.27006,-11.55381,0.32188,0.67778,normalised
100.597323179245,,,2.27473,-11.55752,0,,,,,,,,,GP3,2.27473,-11.55752,0.32188,0.67778,normalised
100.61407160758972,,,2.22924,-11.78274,0,,,,,,,,,GP3,2.22924,-11.78274,0.32188,0.67778,normalised
100.62860441207886,,,2.25961,-11.99561,0,,,,,,,,,GP3,2.25961,-11.99561,0.32188,0.67778,normalised
100.64469194412231,,,2.27481,-12.28355,0,,,,,,,,,GP3,2.27481,-12.28355,0.32188,0.67778,normalised
100.66479969024658,,,2.32469,-12.27113,0,,,,,,,,,GP3,2.32469,-12.27113,0.32188,0.67778,normalised
100.67952990531921,,,2.43167,-12.72527,0,,,,,,,,,GP3,2.43167,-12.72527,0.32188,0.67778,normalised
100.69404482841492,,,2.55528,-13.17528,0,,,,,,,,,GP3,2.55528,-13.17528,0.32188,0.67778,normalised
100.7102620601654,,,2.53123,-12.91662,0,,,,,,,,,GP3,2.53123,-12.91662,0.32188,0.67778,normalised
100.7267997264862,,,2.62152,-13.19625,0,,,,,,,,,GP3,2.62152,-13.19625,0.32188,0.67778,normalised
100.74362778663635,,,2.7038,-13.38966,0,,,,,,,,,GP3,2.7038,-13.38966,0.32188,0.67778,normalised
100.76022458076477,,,2.58908,-13.07117,0,,,,,,,,,GP3,2.58908,-13.07117,0.32188,0.67778,normalised
100.77654647827148,,,2.69991,-13.48876,0,,,,,,,,,GP3,2.69991,-13.48876,0.32188,0.67778,normalised
100.792165517807,,,2.77251,-13.80018,0,,,,,,,,,GP3,2.77251,-13.80018,0.32188,0.67778,normalised
100.80669116973877,,,2.73116,-13.78833,0,,,,,,,,,GP3,2.73116,-13.78833,0.32188,0.67778,normalised
100.82271671295166,,,2.84544,-13.97478,0,,,,,,,,,GP3,2.84544,-13.97478,0.32188,0.67778,normalised
100.839430809021,,,2.94593,-14.15727,0,,,,,,,,,GP3,2.94593,-14.15727,0.32188,0.67778,normalised
100.85652756690979,,,2.73346,-13.46843,0,,,,,,,,,GP3,2.73346,-13.46843,0.32188,0.67778,normalised
100.87188410758972,,,2.71012,-13.39262,0,,,,,,,,,GP3,2.71012,-13.39262,0.32188,0.67778,normalised
100.88855266571045,,,2.61595,-13.08719,0,,,,,,,,,GP3,2.61595,-13.08719,0.32188,0.67778,normalised
100.90527129173279,,,2.48161,-12.71688,0,,,,,,,,,GP3,2.48161,-12.71688,0.32188,0.67778,normalised
100.92119646072388,,,2.48121,-12.89691,0,,,,,,,,,GP3,2.48121,-12.89691,0.32188,0.67778,normalised
100.93693518638611,,,2.43602,-12.9535,0,,,,,,,,,GP3,2.43602,-12.9535,0.32188,0.67778,normalised
100.95446491241455,,,2.43695,-12.68461,0,,,,,,,,,GP3,2.43695,-12.68461,0.32188,0.67778,normalised
100.96909141540527,,,2.52923,-12.95061,0,,,,,,,,,GP3,2.52923,-12.95061,0.32188,0.67778,normalised
100.9857714176178,,,2.62183,-13.12699,0,,,,,,,,,GP3,2.62183,-13.12699,0.32188,0.67778,normalised
101.00154709815979,,,2.54074,-12.98737,0,,,,,,,,,GP3,2.54074,-12.98737,0.32188,0.67778,normalised
101.01952791213989,,,2.61331,-13.33186,0,,,,,,,,,GP3,2.61331,-13.33186,0.32188,0.67778,normalised
101.0342493057251,,,2.60365,-12.80981,0,,,,,,,,,GP3,2.60365,-12.80981,0.32188,0.67778,normalised
101.05189037322998,,,2.25024,-9.63198,0,,,,,,,,,GP3,2.25024,-9.63198,0.32188,0.67778,normalised
101.06847929954529,,,2.02971,-7.54868,0,,,,,,,,,GP3,2.02971,-7.54868,0.32188,0.67778,normalised
101.0830717086792,,,1.55254,-3.5889,0,,,,,,,,,GP3,1.55254,-3.5889,0.32188,0.67778,normalised
101.09943151473999,,,1.23062,-1.7624,0,,,,,,,,,GP3,1.23062,-1.7624,0.32188,0.67778,normalised
101.11418509483337,,,1.12774,-1.15656,0,,,,,,,,,GP3,1.12774,-1.15656,0.32188,0.67778,normalised
101.13159680366516,,,0.91755,0.05811,0,,,,,,,,,GP3,0.91755,0.05811,0.32188,0.67778,normalised
101.14623355865479,,,0.91812,0.04871,0,,,,,,,,,GP3,0.91812,0.04871,0.32188,0.67778,normalised
101.16357040405273,,,0.92764,0.03275,0,,,,,,,,,GP3,0.92764,0.03275,0.32188,0.67778,normalised
101.17915844917297,,,0.9324,0.02477,1,,,,,,,,,GP3,0.9324,0.02477,0.32188,0.67778,normalised
101.19654512405396,,,0.92224,0.03392,1,,,,,,,,,GP3,0.92224,0.03392,0.32188,0.67778,normalised
101.21356201171875,,,0.91925,0.03726,1,,,,,,,,,GP3,0.91925,0.03726,0.32188,0.67778,normalised
101.2280855178833,,,0.91712,0.03965,1,,,,,,,,,GP3,0.91712,0.03965,0.32188,0.67778,normalised
101.24518084526062,,,0.90974,0.04584,1,,,,,,,,,GP3,0.90974,0.04584,0.32188,0.67778,normalised
101.26164054870605,,,0.90049,0.05045,1,,,,,,,,,GP3,0.90049,0.05045,0.32188,0.67778,normalised
101.27778267860413,,,0.89352,0.05231,1,,,,,,,,,GP3,0.89352,0.05231,0.32188,0.67778,normalised
101.29518818855286,,,0.89076,0.04925,1,,,,,,,,,GP3,0.89076,0.04925,0.32188,0.67778,normalised
101.30902218818665,,,0.88626,0.04407,1,,,,,,,,,GP3,0.88626,0.04407,0.32188,0.67778,normalised
101.32480502128601,,,0.88848,0.00731,1,,,,,,,,,GP3,0.88848,0.00731,0.32188,0.67778,normalised
101.34031200408936,,,0.89939,-0.08196,1,,,,,,,,,GP3,0.89939,-0.08196,0.32188,0.67778,normalised
101.35780239105225,,,0.90373,-0.26868,0,,,,,,,,,GP3,0.90373,-0.26868,0.32188,0.67778,normalised
101.37368845939636,,,0.97687,-1.50076,0,,,,,,,,,GP3,0.97687,-1.50076,0.32188,0.67778,normalised
101.39108920097351,,,1.16279,-2.39542,0,,,,,,,,,GP3,1.16279,-2.39542,0.32188,0.67778,normalised
101.40567922592163,,,1.3753,-3.65658,0,,,,,,,,,GP3,1.3753,-3.65658,0.32188,0.67778,normalised
101.42234635353088,,,1.45828,-3.85437,0,,,,,,,,,GP3,1.45828,-3.85437,0.32188,0.67778,normalised
101.43798589706421,,,1.40172,-3.61577,0,,,,,,,,,GP3,1.40172,-3.61577,0.32188,0.67778,normalised
101.45446491241455,,,1.37944,-3.44976,0,,,,,,,,,GP3,1.37944,-3.44976,0.32188,0.67778,normalised
101.47337102890015,,,1.34395,-3.30415,0,,,,,,,,,GP3,1.34395,-3.30415,0.32188,0.67778,normalised
101.48799514770508,,,1.50387,-3.83736,0,,,,,,,,,GP3,1.50387,-3.83736,0.32188,0.67778,normalised
101.50272583961487,,,1.59974,-3.7021,0,,,,,,,,,GP3,1.59974,-3.7021,0.32188,0.67778,normalised
101.52011966705322,,,1.61075,-3.12976,0,,,,,,,,,GP3,1.61075,-3.12976,0.32188,0.67778,normalised
101.53463459014893,,,1.40046,-2.57248,0,,,,,,,,,GP3,1.40046,-2.57248,0.32188,0.67778,normalised
101.55217432975769,,,1.16743,-1.59916,0,,,,,,,,,GP3,1.16743,-1.59916,0.32188,0.67778,normalised
101.56755018234253,,,0.98514,-0.87403,0,,,,,,,,,GP3,0.98514,-0.87403,0.32188,0.67778,normalised
101.5853431224823,,,0.92401,-0.57932,0,,,,,,,,,GP3,0.92401,-0.57932,0.32188,0.67778,normalised
101.6021020412445,,,0.81412,-0.04709,0,,,,,,,,,GP3,0.81412,-0.04709,0.32188,0.67778,normalised
101.61652159690857,,,0.82594,-0.02478,0,,,,,,,,,GP3,0.82594,-0.02478,0.32188,0.67778,normalised
101.63404083251953,,,0.78779,-0.00066,0,,,,,,,,,GP3,0.78779,-0.00066,0.32188,0.67778,normalised
101.65016770362854,,,0.77482,0.00619,1,,,,,,,,,GP3,0.77482,0.00619,0.32188,0.67778,normalised
101.66576433181763,,,0.76704,0.0103,1,,,,,,,,,GP3,0.76704,0.0103,0.32188,0.67778,normalised
101.68141579627991,,,0.75273,0.02293,1,,,,,,,,,GP3,0.75273,0.02293,0.32188,0.67778,normalised
101.69628691673279,,,0.74281,0.02865,1,,,,,,,,,GP3,0.74281,0.02865,0.32188,0.67778,normalised
101.71296000480652,,,0.73536,0.03295,1,,,,,,,,,GP3,0.73536,0.03295,0.32188,0.67778,normalised
101.73035073280334,,,0.72723,0.0337,1,,,,,,,,,GP3,0.72723,0.0337,0.32188,0.67778,normalised
101.7456407546997,,,0.71848,0.03723,1,,,,,,,,,GP3,0.71848,0.03723,0.32188,0.67778,normalised
101.76251673698425,,,0.71336,0.01684,1,,,,,,,,,GP3,0.71336,0.01684,0.32188,0.67778,normalised
101.77954816818237,,,0.71416,-0.03032,1,,,,,,,,,GP3,0.71416,-0.03032,0.32188,0.67778,normalised
101.79323983192444,,,0.71288,-0.09615,1,,,,,,,,,GP3,0.71288,-0.09615,0.32188,0.67778,normalised
101.8098247051239,,,0.69414,-0.20356,0,,,,,,,,,GP3,0.69414,-0.20356,0.32188,0.67778,normalised
101.82647967338562,,,0.71987,-0.74326,0,,,,,,,,,GP3,0.71987,-0.74326,0.32188,0.67778,normalised
101.84359002113342,,,0.72157,-0.9052,0,,,,,,,,,GP3,0.72157,-0.9052,0.32188,0.67778,normalised
101.86111044883728,,,0.73183,-1.24705,0,,,,,,,,,GP3,0.73183,-1.24705,0.32188,0.67778,normalised
101.87680912017822,,,0.66785,-1.4236,0,,,,,,,,,GP3,0.66785,-1.4236,0.32188,0.67778,normalised
101.89143872261047,,,0.62632,-1.45393,0,,,,,,,,,GP3,0.62632,-1.45393,0.32188,0.67778,normalised
101.90914368629456,,,0.56347,-1.5431,0,,,,,,,,,GP3,0.56347,-1.5431,0.32188,0.67778,normalised
101.92374610900879,,,0.66703,-1.60333,0,,,,,,,,,GP3,0.66703,-1.60333,0.32188,0.67778,normalised
101.9402174949646,,,0.75147,-1.61533,0,,,,,,,,,GP3,0.75147,-1.61533,0.32188,0.67778,normalised
101.95779609680176,,,0.87043,-1.6474,0,,,,,,,,,GP3,0.87043,-1.6474,0.32188,0.67778,normalised
101.97160816192627,,,0.50157,-1.50995,0,,,,,,,,,GP3,0.50157,-1.50995,0.32188,0.67778,normalised
101.9891128540039,,,0.372,-1.46503,0,,,,,,,,,GP3,0.372,-1.46503,0.32188,0.67778,normalised
102.00463652610779,,,0.11657,-1.4318,0,,,,,,,,,GP3,0.11657,-1.4318,0.32188,0.67778,normalised
102.02077960968018,,,0.11741,-1.65163,0,,,,,,,,,GP3,0.11741,-1.65163,0.32188,0.67778,normalised
102.03814458847046,,,0.16455,-2.02795,0,,,,,,,,,GP3,0.16455,-2.02795,0.32188,0.67778,normalised
102.05311155319214,,,0.21878,-2.64335,0,,,,,,,,,GP3,0.21878,-2.64335,0.32188,0.67778,normalised
102.07141327857971,,,0.23885,-3.04531,0,,,,,,,,,GP3,0.23885,-3.04531,0.32188,0.67778,normalised
102.08549070358276,,,0.25604,-3.28521,0,,,,,,,,,GP3,0.25604,-3.28521,0.32188,0.67778,normalised
102.10171866416931,,,0.30696,-3.96998,0,,,,,,,,,GP3,0.30696,-3.96998,0.32188,0.67778,normalised
102.11852169036865,,,0.38264,-4.68701,0,,,,,,,,,GP3,0.38264,-4.68701,0.32188,0.67778,normalised
102.13549852371216,,,0.40799,-4.91685,0,,,,,,,,,GP3,0.40799,-4.91685,0.32188,0.67778,normalised
102.15025544166565,,,0.4659,-5.59184,0,,,,,,,,,GP3,0.4659,-5.59184,0.32188,0.67778,normalised
102.16846632957458,,,0.65464,-6.78567,0,,,,,,,,,GP3,0.65464,-6.78567,0.32188,0.67778,normalised
102.1829822063446,,,0.72532,-7.29737,0,,,,,,,,,GP3,0.72532,-7.29737,0.32188,0.67778,normalised
102.20029783248901,,,0.85891,-8.20701,0,,,,,,,,,GP3,0.85891,-8.20701,0.32188,0.67778,normalised
102.21480870246887,,,0.82286,-8.01485,0,,,,,,,,,GP3,0.82286,-8.01485,0.32188,0.67778,normalised
102.23244738578796,,,0.81084,-7.95079,0,,,,,,,,,GP3,0.81084,-7.95079,0.32188,0.67778,normalised
102.25044870376587,,,0.7868,-7.82268,0,,,,,,,,,GP3,0.7868,-7.82268,0.32188,0.67778,normalised
102.26553511619568,,,0.73181,-7.4713,0,,,,,,,,,GP3,0.73181,-7.4713,0.32188,0.67778,normalised
102.28227114677429,,,0.73181,-7.4713,0,,,,,,,,,GP3,0.73181,-7.4713,0.32188,0.67778,normalised
102.2969810962677,,,0.67682,-7.11993,0,,,,,,,,,GP3,0.67682,-7.11993,0.32188,0.67778,normalised
102.31259393692017,,,0.09169,-4.63107,0,,,,,,,,,GP3,0.09169,-4.63107,0.32188,0.67778,normalised
102.32834339141846,,,-0.11872,-3.74024,0,,,,,,,,,GP3,-0.11872,-3.74024,0.32188,0.67778,normalised
102.34450697898865,,,-0.52418,-2.01979,0,,,,,,,,,GP3,-0.52418,-2.01979,0.32188,0.67778,normalised
102.35925960540771,,,-0.60717,-1.75445,0,,,,,,,,,GP3,-0.60717,-1.75445,0.32188,0.67778,normalised
102.37616324424744,,,-0.66649,-1.60292,0,,,,,,,,,GP3,-0.66649,-1.60292,0.32188,0.67778,normalised
102.39291572570801,,,-0.75348,-1.36293,0,,,,,,,,,GP3,-0.75348,-1.36293,0.32188,0.67778,normalised
102.4095606803894,,,-0.63732,-1.69671,0,,,,,,,,,GP3,-0.63732,-1.69671,0.32188,0.67778,normalised
102.42602324485779,,,-0.58443,-1.83889,0,,,,,,,,,GP3,-0.58443,-1.83889,0.32188,0.67778,normalised
102.44247198104858,,,-0.49283,-2.09234,0,,,,,,,,,GP3,-0.49283,-2.09234,0.32188,0.67778,normalised
102.45697283744812,,,-0.49488,-2.08822,0,,,,,,,,,GP3,-0.49488,-2.08822,0.32188,0.67778,normalised
102.4734160900116,,,-0.47709,-2.13358,0,,,,,,,,,GP3,-0.47709,-2.13358,0.32188,0.67778,normalised
102.49094486236572,,,-0.4682,-2.15626,1,,,,,,,,,GP3,-0.4682,-2.15626,0.32188,0.67778,normalised
102.50858116149902,,,-0.49513,-2.07773,1,,,,,,,,,GP3,-0.49513,-2.07773,0.32188,0.67778,normalised
102.52297854423523,,,-0.54484,-1.93515,0,,,,,,,,,GP3,-0.54484,-1.93515,0.32188,0.67778,normalised
102.53695750236511,,,-0.64311,-1.65728,0,,,,,,,,,GP3,-0.64311,-1.65728,0.32188,0.67778,normalised
102.55633878707886,,,-0.64007,-1.65412,0,,,,,,,,,GP3,-0.64007,-1.65412,0.32188,0.67778,normalised
102.57057452201843,,,-0.66665,-1.56339,0,,,,,,,,,GP3,-0.66665,-1.56339,0.32188,0.67778,normalised
102.58801817893982,,,-0.64561,-1.61318,0,,,,,,,,,GP3,-0.64561,-1.61318,0.32188,0.67778,normalised
102.60553622245789,,,-0.60936,-1.72402,0,,,,,,,,,GP3,-0.60936,-1.72402,0.32188,0.67778,normalised
102.62005591392517,,,-0.55772,-1.87756,0,,,,,,,,,GP3,-0.55772,-1.87756,0.32188,0.67778,normalised
102.63466596603394,,,-0.53471,-1.95079,0,,,,,,,,,GP3,-0.53471,-1.95079,0.32188,0.67778,normalised
102.65038251876831,,,-0.54633,-1.90552,0,,,,,,,,,GP3,-0.54633,-1.90552,0.32188,0.67778,normalised
102.66875791549683,,,-0.54961,-1.91009,1,,,,,,,,,GP3,-0.54961,-1.91009,0.32188,0.67778,normalised
102.68468523025513,,,-0.55157,-1.91284,1,,,,,,,,,GP3,-0.55157,-1.91284,0.32188,0.67778,normalised
102.6992073059082,,,-0.56593,-1.87011,1,,,,,,,,,GP3,-0.56593,-1.87011,0.32188,0.67778,normalised
102.71681499481201,,,-0.5772,-1.83933,1,,,,,,,,,GP3,-0.5772,-1.83933,0.32188,0.67778,normalised
102.73356223106384,,,-0.58565,-1.81625,1,,,,,,,,,GP3,-0.58565,-1.81625,0.32188,0.67778,normalised
102.74795269966125,,,-0.58768,-1.8023,1,,,,,,,,,GP3,-0.58768,-1.8023,0.32188,0.67778,normalised
102.76505637168884,,,-0.58442,-1.81269,1,,,,,,,,,GP3,-0.58442,-1.81269,0.32188,0.67778,normalised
102.78273677825928,,,-0.58176,-1.82119,1,,,,,,,,,GP3,-0.58176,-1.82119,0.32188,0.67778,normalised
102.79633259773254,,,-0.58099,-1.81952,1,,,,,,,,,GP3,-0.58099,-1.81952,0.32188,0.67778,normalised
102.81282091140747,,,-0.57727,-1.8297,1,,,,,,,,,GP3,-0.57727,-1.8297,0.32188,0.67778,normalised
102.82838129997253,,,-0.57407,-1.83842,1,,,,,,,,,GP3,-0.57407,-1.83842,0.32188,0.67778,normalised
102.84485220909119,,,-0.57477,-1.83815,1,,,,,,,,,GP3,-0.57477,-1.83815,0.32188,0.67778,normalised
102.86127710342407,,,-0.56971,-1.85547,1,,,,,,,,,GP3,-0.56971,-1.85547,0.32188,0.67778,normalised
102.87789630889893,,,-0.56525,-1.87076,1,,,,,,,,,GP3,-0.56525,-1.87076,0.32188,0.67778,normalised
102.8957450389862,,,-0.56267,-1.88066,1,,,,,,,,,GP3,-0.56267,-1.88066,0.32188,0.67778,normalised
102.91015410423279,,,-0.54126,-1.94843,0,,,,,,,,,GP3,-0.54126,-1.94843,0.32188,0.67778,normalised
102.92624354362488,,,-0.47438,-2.17657,0,,,,,,,,,GP3,-0.47438,-2.17657,0.32188,0.67778,normalised
102.94382524490356,,,-0.4952,-2.11313,0,,,,,,,,,GP3,-0.4952,-2.11313,0.32188,0.67778,normalised
102.95804643630981,,,-0.11727,-3.78777,0,,,,,,,,,GP3,-0.11727,-3.78777,0.32188,0.67778,normalised
102.97600674629211,,,0.23763,-5.38005,0,,,,,,,,,GP3,0.23763,-5.38005,0.32188,0.67778,normalised
102.99011659622192,,,0.36929,-6.03133,0,,,,,,,,,GP3,0.36929,-6.03133,0.32188,0.67778,normalised
103.00891304016113,,,0.61746,-7.15579,0,,,,,,,,,GP3,0.61746,-7.15579,0.32188,0.67778,normalised
103.024169921875,,,0.62235,-7.15846,0,,,,,,,,,GP3,0.62235,-7.15846,0.32188,0.67778,normalised
103.04094171524048,,,0.63888,-7.24412,0,,,,,,,,,GP3,0.63888,-7.24412,0.32188,0.67778,normalised
103.05536437034607,,,0.64281,-7.21488,1,,,,,,,,,GP3,0.64281,-7.21488,0.32188,0.67778,normalised
103.07352566719055,,,0.64517,-7.19734,1,,,,,,,,,GP3,0.64517,-7.19734,0.32188,0.67778,normalised
103.08797264099121,,,0.6426,-7.19739,1,,,,,,,,,GP3,0.6426,-7.19739,0.32188,0.67778,normalised
103.10438919067383,,,0.638,-7.16725,1,,,,,,,,,GP3,0.638,-7.16725,0.32188,0.67778,normalised
103.12196278572083,,,0.63455,-7.14465,1,,,,,,,,,GP3,0.63455,-7.14465,0.32188,0.67778,normalised
103.13635516166687,,,0.62423,-7.12574,1,,,,,,,,,GP3,0.62423,-7.12574,0.32188,0.67778,normalised
103.15406060218811,,,0.61801,-7.11825,1,,,,,,,,,GP3,0.61801,-7.11825,0.32188,0.67778,normalised
103.16996502876282,,,0.61292,-7.11213,1,,,,,,,,,GP3,0.61292,-7.11213,0.32188,0.67778,normalised
103.18494772911072,,,0.6127,-7.12368,1,,,,,,,,,GP3,0.6127,-7.12368,0.32188,0.67778,normalised
103.20361757278442,,,0.61205,-7.1267,1,,,,,,,,,GP3,0.61205,-7.1267,0.32188,0.67778,normalised
103.21813583374023,,,0.61149,-7.1293,1,,,,,,,,,GP3,0.61149,-7.1293,0.32188,0.67778,normalised
103.234708070755,,,0.60813,-7.12091,0,,,,,,,,,GP3,0.60813,-7.12091,0.32188,0.67778,normalised
103.24911260604858,,,0.62573,-7.16191,0,,,,,,,,,GP3,0.62573,-7.16191,0.32188,0.67778,normalised
103.26617431640625,,,0.63159,-7.17558,0,,,,,,,,,GP3,0.63159,-7.17558,0.32188,0.67778,normalised
103.28092503547668,,,0.63676,-7.24304,0,,,,,,,,,GP3,0.63676,-7.24304,0.32188,0.67778,normalised
103.30016303062439,,,0.62769,-7.19353,0,,,,,,,,,GP3,0.62769,-7.19353,0.32188,0.67778,normalised
103.31385350227356,,,0.62467,-7.17703,0,,,,,,,,,GP3,0.62467,-7.17703,0.32188,0.67778,normalised
103.33273410797119,,,0.62978,-7.25408,1,,,,,,,,,GP3,0.62978,-7.25408,0.32188,0.67778,normalised
103.34721231460571,,,0.62143,-7.2657,1,,,,,,,,,GP3,0.62143,-7.2657,0.32188,0.67778,normalised
103.36279129981995,,,0.61587,-7.27344,1,,,,,,,,,GP3,0.61587,-7.27344,0.32188,0.67778,normalised
103.37892079353333,,,0.40934,-6.36835,0,,,,,,,,,GP3,0.40934,-6.36835,0.32188,0.67778,normalised
103.39608454704285,,,0.5351,-6.90398,0,,,,,,,,,GP3,0.5351,-6.90398,0.32188,0.67778,normalised
103.41062021255493,,,0.57702,-7.08253,0,,,,,,,,,GP3,0.57702,-7.08253,0.32188,0.67778,normalised
103.42726850509644,,,0.65275,-7.41309,0,,,,,,,,,GP3,0.65275,-7.41309,0.32188,0.67778,normalised
103.44529485702515,,,0.61904,-7.30726,0,,,,,,,,,GP3,0.61904,-7.30726,0.32188,0.67778,normalised
103.45980405807495,,,0.6078,-7.27198,0,,,,,,,,,GP3,0.6078,-7.27198,0.32188,0.67778,normalised
103.47798871994019,,,0.58607,-7.20386,0,,,,,,,,,GP3,0.58607,-7.20386,0.32188,0.67778,normalised
103.49504852294922,,,0.56044,-7.12283,0,,,,,,,,,GP3,0.56044,-7.12283,0.32188,0.67778,normalised
103.50838255882263,,,0.55189,-7.09583,0,,,,,,,,,GP3,0.55189,-7.09583,0.32188,0.67778,normalised
103.52577257156372,,,0.56631,-7.15354,1,,,,,,,,,GP3,0.56631,-7.15354,0.32188,0.67778,normalised
103.54038763046265,,,0.57456,-7.1658,1,,,,,,,,,GP3,0.57456,-7.1658,0.32188,0.67778,normalised
103.5585265159607,,,0.58006,-7.17397,1,,,,,,,,,GP3,0.58006,-7.17397,0.32188,0.67778,normalised
103.57232570648193,,,0.58587,-7.1983,1,,,,,,,,,GP3,0.58587,-7.1983,0.32188,0.67778,normalised
103.58893132209778,,,0.58321,-7.19157,1,,,,,,,,,GP3,0.58321,-7.19157,0.32188,0.67778,normalised
103.60636687278748,,,0.52547,-6.91979,0,,,,,,,,,GP3,0.52547,-6.91979,0.32188,0.67778,normalised
103.62206745147705,,,0.21546,-5.02484,0,,,,,,,,,GP3,0.21546,-5.02484,0.32188,0.67778,normalised
103.63966989517212,,,0.11068,-3.82722,0,,,,,,,,,GP3,0.11068,-3.82722,0.32188,0.67778,normalised
103.65413570404053,,,-0.02734,-1.50767,0,,,,,,,,,GP3,-0.02734,-1.50767,0.32188,0.67778,normalised
103.67115879058838,,,0.03963,-0.74079,0,,,,,,,,,GP3,0.03963,-0.74079,0.32188,0.67778,normalised
103.68772053718567,,,0.06242,-0.48318,0,,,,,,,,,GP3,0.06242,-0.48318,0.32188,0.67778,normalised
103.70140671730042,,,0.10753,0.03005,0,,,,,,,,,GP3,0.10753,0.03005,0.32188,0.67778,normalised
103.7181966304779,,,0.10733,0.03269,0,,,,,,,,,GP3,0.10733,0.03269,0.32188,0.67778,normalised
103.73413372039795,,,0.11592,0.03197,0,,,,,,,,,GP3,0.11592,0.03197,0.32188,0.67778,normalised
103.75302577018738,,,0.12021,0.03161,1,,,,,,,,,GP3,0.12021,0.03161,0.32188,0.67778,normalised
103.76862049102783,,,0.11886,0.02842,1,,,,,,,,,GP3,0.11886,0.02842,0.32188,0.67778,normalised
103.78603672981262,,,0.11837,0.02303,1,,,,,,,,,GP3,0.11837,0.02303,0.32188,0.67778,normalised
103.80057263374329,,,0.11802,0.01917,1,,,,,,,,,GP3,0.11802,0.01917,0.32188,0.67778,normalised
103.81511282920837,,,0.11395,0.01858,1,,,,,,,,,GP3,0.11395,0.01858,0.32188,0.67778,normalised
103.83389043807983,,,0.11063,0.01686,1,,,,,,,,,GP3,0.11063,0.01686,0.32188,0.67778,normalised
103.84787344932556,,,0.10797,0.01548,1,,,,,,,,,GP3,0.10797,0.01548,0.32188,0.67778,normalised
103.86557340621948,,,0.10635,0.01652,1,,,,,,,,,GP3,0.10635,0.01652,0.32188,0.67778,normalised
103.88043403625488,,,0.10503,0.01719,1,,,,,,,,,GP3,0.10503,0.01719,0.32188,0.67778,normalised
103.89644718170166,,,0.10391,0.01776,1,,,,,,,,,GP3,0.10391,0.01776,0.32188,0.67778,normalised
103.91422390937805,,,0.10378,0.01474,1,,,,,,,,,GP3,0.10378,0.01474,0.32188,0.67778,normalised
103.92993831634521,,,0.09973,0.02047,1,,,,,,,,,GP3,0.09973,0.02047,0.32188,0.67778,normalised
103.94545817375183,,,0.09618,0.02548,1,,,,,,,,,GP3,0.09618,0.02548,0.32188,0.67778,normalised
103.96107792854309,,,0.0968,0.02335,1,,,,,,,,,GP3,0.0968,0.02335,0.32188,0.67778,normalised
103.9777889251709,,,0.09561,0.02292,1,,,,,,,,,GP3,0.09561,0.02292,0.32188,0.67778,normalised
103.99461603164673,,,0.09454,0.02253,1,,,,,,,,,GP3,0.09454,0.02253,0.32188,0.67778,normalised
104.01140999794006,,,0.09506,0.02356,1,,,,,,,,,GP3,0.09506,0.02356,0.32188,0.67778,normalised
104.026695728302,,,0.09338,0.0274,1,,,,,,,,,GP3,0.09338,0.0274,0.32188,0.67778,normalised
104.04328536987305,,,0.09186,0.03088,1,,,,,,,,,GP3,0.09186,0.03088,0.32188,0.67778,normalised
104.05981469154358,,,0.09163,0.03129,1,,,,,,,,,GP3,0.09163,0.03129,0.32188,0.67778,normalised
104.07396006584167,,,0.09135,0.03183,1,,,,,,,,,GP3,0.09135,0.03183,0.32188,0.67778,normalised
104.09048652648926,,,0.0911,0.03232,1,,,,,,,,,GP3,0.0911,0.03232,0.32188,0.67778,normalised
104.10825276374817,,,0.07589,0.05243,0,,,,,,,,,GP3,0.07589,0.05243,0.32188,0.67778,normalised
104.12263607978821,,,0.05274,0.08572,0,,,,,,,,,GP3,0.05274,0.08572,0.32188,0.67778,normalised
104.13828539848328,,,0.04502,0.09681,0,,,,,,,,,GP3,0.04502,0.09681,0.32188,0.67778,normalised
104.15583801269531,,,0.05299,0.07314,1,,,,,,,,,GP3,0.05299,0.07314,0.32188,0.67778,normalised
104.1726005077362,,,0.05599,0.0587,1,,,,,,,,,GP3,0.05599,0.0587,0.32188,0.67778,normalised
104.18933749198914,,,0.04784,0.00446,1,,,,,,,,,GP3,0.04784,0.00446,0.32188,0.67778,normalised
104.20394992828369,,,0.02523,-0.02853,1,,,,,,,,,GP3,0.02523,-0.02853,0.32188,0.67778,normalised
104.22142338752747,,,-0.00604,-0.14679,0,,,,,,,,,GP3,-0.00604,-0.14679,0.32188,0.67778,normalised
104.23609662055969,,,-0.09478,-0.60497,0,,,,,,,,,GP3,-0.09478,-0.60497,0.32188,0.67778,normalised
104.25210070610046,,,-0.09478,-0.60497,0,,,,,,,,,GP3,-0.09478,-0.60497,0.32188,0.67778,normalised
104.27130794525146,,,-0.20678,-1.12615,0,,,,,,,,,GP3,-0.20678,-1.12615,0.32188,0.67778,normalised
104.28416967391968,,,-0.21841,-1.15764,0,,,,,,,,,GP3,-0.21841,-1.15764,0.32188,0.67778,normalised
104.30369162559509,,,-0.18363,-1.15927,0,,,,,,,,,GP3,-0.18363,-1.15927,0.32188,0.67778,normalised
104.31775689125061,,,-0.18075,-1.17862,1,,,,,,,,,GP3,-0.18075,-1.17862,0.32188,0.67778,normalised
104.33520078659058,,,-0.17903,-1.19023,1,,,,,,,,,GP3,-0.17903,-1.19023,0.32188,0.67778,normalised
104.34918737411499,,,-0.16578,-1.16796,1,,,,,,,,,GP3,-0.16578,-1.16796,0.32188,0.67778,normalised
104.36622285842896,,,-0.15499,-1.16691,1,,,,,,,,,GP3,-0.15499,-1.16691,0.32188,0.67778,normalised
104.38288569450378,,,-0.1469,-1.16612,1,,,,,,,,,GP3,-0.1469,-1.16612,0.32188,0.67778,normalised
104.40048432350159,,,-0.13913,-1.15044,1,,,,,,,,,GP3,-0.13913,-1.15044,0.32188,0.67778,normalised
104.41453671455383,,,-0.13157,-1.14809,1,,,,,,,,,GP3,-0.13157,-1.14809,0.32188,0.67778,normalised
104.4314820766449,,,-0.12538,-1.14617,1,,,,,,,,,GP3,-0.12538,-1.14617,0.32188,0.67778,normalised
104.44795441627502,,,-0.11994,-1.13567,1,,,,,,,,,GP3,-0.11994,-1.13567,0.32188,0.67778,normalised
104.46248078346252,,,-0.11424,-1.1265,1,,,,,,,,,GP3,-0.11424,-1.1265,0.32188,0.67778,normalised
104.47862482070923,,,-0.10936,-1.11864,1,,,,,,,,,GP3,-0.10936,-1.11864,0.32188,0.67778,normalised
104.49741697311401,,,-0.10775,-1.1167,1,,,,,,,,,GP3,-0.10775,-1.1167,0.32188,0.67778,normalised
104.5122640132904,,,-0.0828,-1.09596,0,,,,,,,,,GP3,-0.0828,-1.09596,0.32188,0.67778,normalised
104.52965831756592,,,-0.09159,-1.10573,0,,,,,,,,,GP3,-0.09159,-1.10573,0.32188,0.67778,normalised
104.5427451133728,,,-0.0984,-1.08627,0,,,,,,,,,GP3,-0.0984,-1.08627,0.32188,0.67778,normalised
104.56037282943726,,,-0.107,-1.07895,1,,,,,,,,,GP3,-0.107,-1.07895,0.32188,0.67778,normalised
104.57617831230164,,,-0.11216,-1.07456,1,,,,,,,,,GP3,-0.11216,-1.07456,0.32188,0.67778,normalised
104.59274864196777,,,-0.10882,-1.06323,1,,,,,,,,,GP3,-0.10882,-1.06323,0.32188,0.67778,normalised
104.60950899124146,,,-0.09697,-0.82767,0,,,,,,,,,GP3,-0.09697,-0.82767,0.32188,0.67778,normalised
104.62619137763977,,,-0.05431,-0.25513,0,,,,,,,,,GP3,-0.05431,-0.25513,0.32188,0.67778,normalised
104.6430995464325,,,0.00764,0.04174,0,,,,,,,,,GP3,0.00764,0.04174,0.32188,0.67778,normalised
104.65868067741394,,,0.15669,0.27629,0,,,,,,,,,GP3,0.15669,0.27629,0.32188,0.67778,normalised
104.67254710197449,,,0.15669,0.27629,0,,,,,,,,,GP3,0.15669,0.27629,0.32188,0.67778,normalised
104.70115518569946,,,0.15669,0.27629,0,,,,,,,,,GP3,0.15669,0.27629,0.32188,0.67778,normalised
104.71197938919067,,,0.0,0.0,0,,,,,,,,,GP3,0.0,0.0,0.32188,0.67778,normalised
104.72969913482666,,,0.0,0.0,0,,,,,,,,,GP3,0.0,0.0,0.32188,0.67778,normalised
104.74732398986816,,,0.0,0.0,0,,,,,,,,,GP3,0.0,0.0,0.32188,0.67778,normalised
104.76204085350037,,,0.0,0.0,0,,,,,,,,,GP3,0.0,0.0,0.32188,0.67778,normalised
104.77941918373108,,,0.0,0.0,0,,,,,,,,,GP3,0.0,0.0,0.32188,0.67778,normalised
104.79394149780273,,,0.0,0.0,0,,,,,,,,,GP3,0.0,0.0,0.32188,0.67778,normalised
104.80852007865906,,,0.0,0.0,0,,,,,,,,,GP3,0.0,0.0,0.32188,0.67778,normalised
104.82796144485474,,,0.0,0.0,0,,,,,,,,,GP3,0.0,0.0,0.32188,0.67778,normalised
104.84248471260071,,,0.0,0.0,0,,,,,,,,,GP3,0.0,0.0,0.32188,0.67778,normalised
104.85298943519592,,,0.0,0.0,0,,,,,,,,,GP3,0.0,0.0,0.32188,0.67778,normalised
104.86914205551147,,,0.07329,0.96522,0,,,,,,,,,GP3,0.07329,0.96522,0.32188,0.67778,normalised
104.88319516181946,,,-0.25422,0.73455,0,,,,,,,,,GP3,-0.25422,0.73455,0.32188,0.67778,normalised
104.9008104801178,,,-0.55604,0.82446,0,,,,,,,,,GP3,-0.55604,0.82446,0.32188,0.67778,normalised
104.91539192199707,,,-0.73076,0.54709,0,,,,,,,,,GP3,-0.73076,0.54709,0.32188,0.67778,normalised
104.93312382698059,,,-0.78281,0.449,0,,,,,,,,,GP3,-0.78281,0.449,0.32188,0.67778,normalised
104.94894790649414,,,-0.95992,0.38167,0,,,,,,,,,GP3,-0.95992,0.38167,0.32188,0.67778,normalised
104.96513485908508,,,-1.02364,0.50207,0,,,,,,,,,GP3,-1.02364,0.50207,0.32188,0.67778,normalised
104.98127841949463,,,-1.01866,0.57322,0,,,,,,,,,GP3,-1.01866,0.57322,0.32188,0.67778,normalised
104.99869132041931,,,-1.06332,0.51374,0,,,,,,,,,GP3,-1.06332,0.51374,0.32188,0.67778,normalised
105.01358580589294,,,-1.07862,0.35848,0,,,,,,,,,GP3,-1.07862,0.35848,0.32188,0.67778,normalised
105.03013324737549,,,-0.60879,0.07297,0,,,,,,,,,GP3,-0.60879,0.07297,0.32188,0.67778,normalised
105.04708361625671,,,-0.16299,-0.26109,0,,,,,,,,,GP3,-0.16299,-0.26109,0.32188,0.67778,normalised
105.06053900718689,,,0.05767,-0.35273,0,,,,,,,,,GP3,0.05767,-0.35273,0.32188,0.67778,normalised
105.07662272453308,,,0.26553,-0.40417,0,,,,,,,,,GP3,0.26553,-0.40417,0.32188,0.67778,normalised
105.0949354171753,,,0.5278,-0.47041,0,,,,,,,,,GP3,0.5278,-0.47041,0.32188,0.67778,normalised
105.10935759544373,,,0.57344,-0.41369,0,,,,,,,,,GP3,0.57344,-0.41369,0.32188,0.67778,normalised
105.12678360939026,,,0.61679,-0.35741,0,,,,,,,,,GP3,0.61679,-0.35741,0.32188,0.67778,normalised
105.14363551139832,,,0.65714,-0.27051,0,,,,,,,,,GP3,0.65714,-0.27051,0.32188,0.67778,normalised
105.15855073928833,,,0.65785,-0.31157,0,,,,,,,,,GP3,0.65785,-0.31157,0.32188,0.67778,normalised
105.17472434043884,,,0.68661,-0.39239,0,,,,,,,,,GP3,0.68661,-0.39239,0.32188,0.67778,normalised
105.19061326980591,,,0.70601,-0.57875,0,,,,,,,,,GP3,0.70601,-0.57875,0.32188,0.67778,normalised
105.20813870429993,,,0.71816,-0.8371,0,,,,,,,,,GP3,0.71816,-0.8371,0.32188,0.67778,normalised
105.22274470329285,,,0.76065,-0.97261,0,,,,,,,,,GP3,0.76065,-0.97261,0.32188,0.67778,normalised
105.2403359413147,,,0.79184,-1.17354,0,,,,,,,,,GP3,0.79184,-1.17354,0.32188,0.67778,normalised
105.25727701187134,,,0.79572,-1.17754,0,,,,,,,,,GP3,0.79572,-1.17754,0.32188,0.67778,normalised
105.27089262008667,,,0.80947,-1.2156,0,,,,,,,,,GP3,0.80947,-1.2156,0.32188,0.67778,normalised
105.28779864311218,,,0.81491,-1.23256,1,,,,,,,,,GP3,0.81491,-1.23256,0.32188,0.67778,normalised
105.30388593673706,,,0.81817,-1.24273,1,,,,,,,,,GP3,0.81817,-1.24273,0.32188,0.67778,normalised
105.32068371772766,,,0.82091,-1.25494,1,,,,,,,,,GP3,0.82091,-1.25494,0.32188,0.67778,normalised
105.3351800441742,,,0.82141,-1.2658,1,,,,,,,,,GP3,0.82141,-1.2658,0.32188,0.67778,normalised
105.35286378860474,,,0.82179,-1.27394,1,,,,,,,,,GP3,0.82179,-1.27394,0.32188,0.67778,normalised
105.37019562721252,,,0.8225,-1.27977,1,,,,,,,,,GP3,0.8225,-1.27977,0.32188,0.67778,normalised
105.38412594795227,,,0.82278,-1.28842,1,,,,,,,,,GP3,0.82278,-1.28842,0.32188,0.67778,normalised
105.40153074264526,,,0.82301,-1.2955,1,,,,,,,,,GP3,0.82301,-1.2955,0.32188,0.67778,normalised
105.4186019897461,,,0.82389,-1.30311,1,,,,,,,,,GP3,0.82389,-1.30311,0.32188,0.67778,normalised
105.43487644195557,,,0.82434,-1.30763,1,,,,,,,,,GP3,0.82434,-1.30763,0.32188,0.67778,normalised
105.44980192184448,,,0.82437,-1.30558,1,,,,,,,,,GP3,0.82437,-1.30558,0.32188,0.67778,normalised
105.4664466381073,,,0.82397,-1.29763,1,,,,,,,,,GP3,0.82397,-1.29763,0.32188,0.67778,normalised
105.48055791854858,,,0.8221,-1.28193,1,,,,,,,,,GP3,0.8221,-1.28193,0.32188,0.67778,normalised
105.49675917625427,,,0.82107,-1.27933,1,,,,,,,,,GP3,0.82107,-1.27933,0.32188,0.67778,normalised
105.51404190063477,,,0.82318,-1.29772,1,,,,,,,,,GP3,0.82318,-1.29772,0.32188,0.67778,normalised
105.52984809875488,,,0.82815,-1.38002,0,,,,,,,,,GP3,0.82815,-1.38002,0.32188,0.67778,normalised
105.54641604423523,,,0.85518,-1.87104,0,,,,,,,,,GP3,0.85518,-1.87104,0.32188,0.67778,normalised
105.56343412399292,,,0.86222,-2.01773,0,,,,,,,,,GP3,0.86222,-2.01773,0.32188,0.67778,normalised
105.57836556434631,,,0.87442,-2.24999,0,,,,,,,,,GP3,0.87442,-2.24999,0.32188,0.67778,normalised
105.5947573184967,,,0.85977,-1.94222,0,,,,,,,,,GP3,0.85977,-1.94222,0.32188,0.67778,normalised
105.61265659332275,,,0.85572,-1.72511,0,,,,,,,,,GP3,0.85572,-1.72511,0.32188,0.67778,normalised
105.62980461120605,,,0.8312,-1.30969,0,,,,,,,,,GP3,0.8312,-1.30969,0.32188,0.67778,normalised
105.64450263977051,,,0.80541,-1.03276,0,,,,,,,,,GP3,0.80541,-1.03276,0.32188,0.67778,normalised
105.66556239128113,,,0.79838,-0.92392,0,,,,,,,,,GP3,0.79838,-0.92392,0.32188,0.67778,normalised
105.6769700050354,,,0.78126,-0.72437,0,,,,,,,,,GP3,0.78126,-0.72437,0.32188,0.67778,normalised
105.69467115402222,,,0.79407,-0.88978,0,,,,,,,,,GP3,0.79407,-0.88978,0.32188,0.67778,normalised
105.70945596694946,,,0.81467,-1.11439,0,,,,,,,,,GP3,0.81467,-1.11439,0.32188,0.67778,normalised
105.72615432739258,,,0.86934,-1.58947,0,,,,,,,,,GP3,0.86934,-1.58947,0.32188,0.67778,normalised
105.74357438087463,,,0.91708,-2.14857,0,,,,,,,,,GP3,0.91708,-2.14857,0.32188,0.67778,normalised
105.75707936286926,,,0.91407,-2.35735,0,,,,,,,,,GP3,0.91407,-2.35735,0.32188,0.67778,normalised
105.77460956573486,,,0.92658,-2.75631,0,,,,,,,,,GP3,0.92658,-2.75631,0.32188,0.67778,normalised
105.79132509231567,,,0.91672,-2.77134,0,,,,,,,,,GP3,0.91672,-2.77134,0.32188,0.67778,normalised
105.80872011184692,,,0.90685,-2.78386,0,,,,,,,,,GP3,0.90685,-2.78386,0.32188,0.67778,normalised
105.82237124443054,,,0.9007,-2.79026,1,,,,,,,,,GP3,0.9007,-2.79026,0.32188,0.67778,normalised
105.83889770507812,,,0.89707,-2.7736,1,,,,,,,,,GP3,0.89707,-2.7736,0.32188,0.67778,normalised
105.85684752464294,,,0.89629,-2.73481,1,,,,,,,,,GP3,0.89629,-2.73481,0.32188,0.67778,normalised
105.87191247940063,,,0.898,-2.68726,1,,,,,,,,,GP3,0.898,-2.68726,0.32188,0.67778,normalised
105.88697981834412,,,0.89868,-2.63229,1,,,,,,,,,GP3,0.89868,-2.63229,0.32188,0.67778,normalised
105.9037754535675,,,0.89837,-2.57661,1,,,,,,,,,GP3,0.89837,-2.57661,0.32188,0.67778,normalised
105.92074751853943,,,0.89898,-2.5371,1,,,,,,,,,GP3,0.89898,-2.5371,0.32188,0.67778,normalised
105.93525385856628,,,0.89967,-2.52674,1,,,,,,,,,GP3,0.89967,-2.52674,0.32188,0.67778,normalised
105.95234990119934,,,0.89812,-2.54687,1,,,,,,,,,GP3,0.89812,-2.54687,0.32188,0.67778,normalised
105.97096681594849,,,0.89573,-2.59004,1,,,,,,,,,GP3,0.89573,-2.59004,0.32188,0.67778,normalised
105.98541450500488,,,0.89463,-2.6238,1,,,,,,,,,GP3,0.89463,-2.6238,0.32188,0.67778,normalised
106.00031971931458,,,0.88754,-2.56749,0,,,,,,,,,GP3,0.88754,-2.56749,0.32188,0.67778,normalised
106.01804208755493,,,0.83803,-2.23825,0,,,,,,,,,GP3,0.83803,-2.23825,0.32188,0.67778,normalised
106.03470540046692,,,0.80881,-1.86293,0,,,,,,,,,GP3,0.80881,-1.86293,0.32188,0.67778,normalised
106.04913353919983,,,0.76832,-1.23725,0,,,,,,,,,GP3,0.76832,-1.23725,0.32188,0.67778,normalised
106.06688570976257,,,0.75477,-0.84325,0,,,,,,,,,GP3,0.75477,-0.84325,0.32188,0.67778,normalised
106.08055710792542,,,0.74449,-0.6563,0,,,,,,,,,GP3,0.74449,-0.6563,0.32188,0.67778,normalised
106.09819316864014,,,0.74007,-0.35022,0,,,,,,,,,GP3,0.74007,-0.35022,0.32188,0.67778,normalised
106.11299109458923,,,0.76787,-0.3894,0,,,,,,,,,GP3,0.76787,-0.3894,0.32188,0.67778,normalised
106.12971019744873,,,0.78518,-0.47005,0,,,,,,,,,GP3,0.78518,-0.47005,0.32188,0.67778,normalised
106.14632749557495,,,0.8078,-0.60893,0,,,,,,,,,GP3,0.8078,-0.60893,0.32188,0.67778,normalised
106.16094422340393,,,0.81437,-0.77065,0,,,,,,,,,GP3,0.81437,-0.77065,0.32188,0.67778,normalised
106.17871570587158,,,0.82471,-0.9302,0,,,,,,,,,GP3,0.82471,-0.9302,0.32188,0.67778,normalised
106.1943302154541,,,0.83312,-1.23376,0,,,,,,,,,GP3,0.83312,-1.23376,0.32188,0.67778,normalised
106.21231484413147,,,0.83607,-1.51158,0,,,,,,,,,GP3,0.83607,-1.51158,0.32188,0.67778,normalised
106.22684144973755,,,0.83996,-1.66807,0,,,,,,,,,GP3,0.83996,-1.66807,0.32188,0.67778,normalised
106.24448156356812,,,0.85356,-1.89688,0,,,,,,,,,GP3,0.85356,-1.89688,0.32188,0.67778,normalised
106.25890469551086,,,0.86096,-1.86186,0,,,,,,,,,GP3,0.86096,-1.86186,0.32188,0.67778,normalised
106.27621960639954,,,0.86161,-1.81347,0,,,,,,,,,GP3,0.86161,-1.81347,0.32188,0.67778,normalised
106.29380679130554,,,0.86679,-1.73486,0,,,,,,,,,GP3,0.86679,-1.73486,0.32188,0.67778,normalised
106.30839204788208,,,0.89587,-1.7262,0,,,,,,,,,GP3,0.89587,-1.7262,0.32188,0.67778,normalised
106.32580471038818,,,0.9003,-1.63674,0,,,,,,,,,GP3,0.9003,-1.63674,0.32188,0.67778,normalised
106.34046292304993,,,0.86824,-1.39379,0,,,,,,,,,GP3,0.86824,-1.39379,0.32188,0.67778,normalised
106.35805010795593,,,0.80482,-1.03543,0,,,,,,,,,GP3,0.80482,-1.03543,0.32188,0.67778,normalised
106.3716995716095,,,0.78507,-0.93621,0,,,,,,,,,GP3,0.78507,-0.93621,0.32188,0.67778,normalised
106.3882327079773,,,0.76102,-0.88584,0,,,,,,,,,GP3,0.76102,-0.88584,0.32188,0.67778,normalised
106.40510368347168,,,0.79059,-1.37708,0,,,,,,,,,GP3,0.79059,-1.37708,0.32188,0.67778,normalised
106.42124056816101,,,0.80533,-1.72237,0,,,,,,,,,GP3,0.80533,-1.72237,0.32188,0.67778,normalised
106.43864178657532,,,0.83338,-2.27426,0,,,,,,,,,GP3,0.83338,-2.27426,0.32188,0.67778,normalised
106.45328330993652,,,0.86484,-2.31937,0,,,,,,,,,GP3,0.86484,-2.31937,0.32188,0.67778,normalised
106.47135925292969,,,0.8736,-2.28339,0,,,,,,,,,GP3,0.8736,-2.28339,0.32188,0.67778,normalised
106.48638796806335,,,0.87905,-2.24167,1,,,,,,,,,GP3,0.87905,-2.24167,0.32188,0.67778,normalised
106.50209522247314,,,0.8926,-2.21173,1,,,,,,,,,GP3,0.8926,-2.21173,0.32188,0.67778,normalised
106.52021551132202,,,0.91376,-2.13311,0,,,,,,,,,GP3,0.91376,-2.13311,0.32188,0.67778,normalised
106.53482913970947,,,0.88982,-1.8813,0,,,,,,,,,GP3,0.88982,-1.8813,0.32188,0.67778,normalised
106.55070066452026,,,0.90434,-1.69537,0,,,,,,,,,GP3,0.90434,-1.69537,0.32188,0.67778,normalised
106.56742358207703,,,0.90957,-1.42094,0,,,,,,,,,GP3,0.90957,-1.42094,0.32188,0.67778,normalised
106.58406591415405,,,0.90757,-1.5201,0,,,,,,,,,GP3,0.90757,-1.5201,0.32188,0.67778,normalised
106.60143446922302,,,0.93203,-1.74694,0,,,,,,,,,GP3,0.93203,-1.74694,0.32188,0.67778,normalised
106.61523532867432,,,0.95887,-2.29271,0,,,,,,,,,GP3,0.95887,-2.29271,0.32188,0.67778,normalised
106.63121199607849,,,0.91745,-2.93976,0,,,,,,,,,GP3,0.91745,-2.93976,0.32188,0.67778,normalised
106.64721965789795,,,0.89179,-3.33788,0,,,,,,,,,GP3,0.89179,-3.33788,0.32188,0.67778,normalised
106.66459488868713,,,0.845,-4.13996,0,,,,,,,,,GP3,0.845,-4.13996,0.32188,0.67778,normalised
106.67974710464478,,,0.82468,-4.50168,0,,,,,,,,,GP3,0.82468,-4.50168,0.32188,0.67778,normalised
106.69670271873474,,,0.81358,-4.64405,0,,,,,,,,,GP3,0.81358,-4.64405,0.32188,0.67778,normalised
106.7133355140686,,,0.7957,-4.90699,0,,,,,,,,,GP3,0.7957,-4.90699,0.32188,0.67778,normalised
106.7277479171753,,,0.82536,-4.9933,0,,,,,,,,,GP3,0.82536,-4.9933,0.32188,0.67778,normalised
106.74648571014404,,,0.84381,-5.04477,0,,,,,,,,,GP3,0.84381,-5.04477,0.32188,0.67778,normalised
106.76115942001343,,,0.87216,-5.12501,0,,,,,,,,,GP3,0.87216,-5.12501,0.32188,0.67778,normalised
106.7775285243988,,,0.83935,-4.99085,0,,,,,,,,,GP3,0.83935,-4.99085,0.32188,0.67778,normalised
106.79414248466492,,,0.79332,-4.90989,0,,,,,,,,,GP3,0.79332,-4.90989,0.32188,0.67778,normalised
106.80949234962463,,,0.743,-4.71502,0,,,,,,,,,GP3,0.743,-4.71502,0.32188,0.67778,normalised
106.82442045211792,,,0.75797,-4.49187,0,,,,,,,,,GP3,0.75797,-4.49187,0.32188,0.67778,normalised
106.84343242645264,,,0.7224,-4.24429,0,,,,,,,,,GP3,0.7224,-4.24429,0.32188,0.67778,normalised
106.85803079605103,,,0.69111,-3.89009,0,,,,,,,,,GP3,0.69111,-3.89009,0.32188,0.67778,normalised
106.87459945678711,,,0.75581,-3.92373,0,,,,,,,,,GP3,0.75581,-3.92373,0.32188,0.67778,normalised
106.89210820198059,,,0.75775,-3.99743,0,,,,,,,,,GP3,0.75775,-3.99743,0.32188,0.67778,normalised
106.9067497253418,,,0.77727,-4.18755,0,,,,,,,,,GP3,0.77727,-4.18755,0.32188,0.67778,normalised
106.92413997650146,,,0.79871,-4.53604,0,,,,,,,,,GP3,0.79871,-4.53604,0.32188,0.67778,normalised
106.93865513801575,,,0.8206,-4.7528,0,,,,,,,,,GP3,0.8206,-4.7528,0.32188,0.67778,normalised
106.95636868476868,,,0.84964,-5.08572,0,,,,,,,,,GP3,0.84964,-5.08572,0.32188,0.67778,normalised
106.97058320045471,,,0.77696,-3.69536,0,,,,,,,,,GP3,0.77696,-3.69536,0.32188,0.67778,normalised
106.98713397979736,,,0.77696,-3.69536,0,,,,,,,,,GP3,0.77696,-3.69536,0.32188,0.67778,normalised
107.01071190834045,,,0.70428,-2.30499,0,,,,,,,,,GP3,0.70428,-2.30499,0.32188,0.67778,normalised
107.02135920524597,,,0.70428,-2.30499,0,,,,,,,,,GP3,0.70428,-2.30499,0.32188,0.67778,normalised
107.03888511657715,,,0.70428,-2.30499,0,,,,,,,,,GP3,0.70428,-2.30499,0.32188,0.67778,normalised
107.0555477142334,,,0.0,0.0,0,,,,,,,,,GP3,0.0,0.0,0.32188,0.67778,normalised
107.06965327262878,,,0.0,0.0,0,,,,,,,,,GP3,0.0,0.0,0.32188,0.67778,normalised
107.09026432037354,,,0.0,0.0,0,,,,,,,,,GP3,0.0,0.0,0.32188,0.67778,normalised
107.10423445701599,,,0.0,0.0,0,,,,,,,,,GP3,0.0,0.0,0.32188,0.67778,normalised
107.11785745620728,,,0.0,0.0,0,,,,,,,,,GP3,0.0,0.0,0.32188,0.67778,normalised
107.13832211494446,,,0.0,0.0,0,,,,,,,,,GP3,0.0,0.0,0.32188,0.67778,normalised
107.15197086334229,,,0.0,0.0,0,,,,,,,,,GP3,0.0,0.0,0.32188,0.67778,normalised
107.17195749282837,,,0.0,0.0,0,,,,,,,,,GP3,0.0,0.0,0.32188,0.67778,normalised
107.1856791973114,,,0.0,0.0,0,,,,,,,,,GP3,0.0,0.0,0.32188,0.67778,normalised
107.20630526542664,,,0.0,0.0,0,,,,,,,,,GP3,0.0,0.0,0.32188,0.67778,normalised
107.2207624912262,,,0.0,0.0,0,,,,,,,,,GP3,0.0,0.0,0.32188,0.67778,normalised
107.23365688323975,,,0.0,0.0,0,,,,,,,,,GP3,0.0,0.0,0.32188,0.67778,normalised
107.25324487686157,,,1.02091,-4.38023,0,,,,,,,,,GP3,1.02091,-4.38023,0.32188,0.67778,normalised
107.2638783454895,,,0.98046,-4.23552,0,,,,,,,,,GP3,0.98046,-4.23552,0.32188,0.67778,normalised
107.27802753448486,,,0.97586,-3.99097,0,,,,,,,,,GP3,0.97586,-3.99097,0.32188,0.67778,normalised
107.29490303993225,,,0.95579,-3.51021,0,,,,,,,,,GP3,0.95579,-3.51021,0.32188,0.67778,normalised
107.31115341186523,,,0.86554,-2.69171,0,,,,,,,,,GP3,0.86554,-2.69171,0.32188,0.67778,normalised
107.32809090614319,,,0.83805,-2.4104,0,,,,,,,,,GP3,0.83805,-2.4104,0.32188,0.67778,normalised
107.3424186706543,,,0.78353,-1.82687,0,,,,,,,,,GP3,0.78353,-1.82687,0.32188,0.67778,normalised
107.36016345024109,,,0.85609,-2.1565,0,,,,,,,,,GP3,0.85609,-2.1565,0.32188,0.67778,normalised
107.37503337860107,,,0.83921,-1.97515,0,,,,,,,,,GP3,0.83921,-1.97515,0.32188,0.67778,normalised
107.39208817481995,,,0.83357,-1.81828,1,,,,,,,,,GP3,0.83357,-1.81828,0.32188,0.67778,normalised
107.40662455558777,,,0.84268,-1.77975,1,,,,,,,,,GP3,0.84268,-1.77975,0.32188,0.67778,normalised
107.42345523834229,,,0.84578,-1.61722,0,,,,,,,,,GP3,0.84578,-1.61722,0.32188,0.67778,normalised
107.43895816802979,,,0.82215,-1.30811,0,,,,,,,,,GP3,0.82215,-1.30811,0.32188,0.67778,normalised
107.4557101726532,,,0.82115,-1.34112,0,,,,,,,,,GP3,0.82115,-1.34112,0.32188,0.67778,normalised
107.47169065475464,,,0.80904,-1.36748,0,,,,,,,,,GP3,0.80904,-1.36748,0.32188,0.67778,normalised
107.48877549171448,,,0.81616,-1.80666,0,,,,,,,,,GP3,0.81616,-1.80666,0.32188,0.67778,normalised
107.50483131408691,,,0.78638,-1.86975,0,,,,,,,,,GP3,0.78638,-1.86975,0.32188,0.67778,normalised
107.52222323417664,,,0.78983,-2.45172,0,,,,,,,,,GP3,0.78983,-2.45172,0.32188,0.67778,normalised
107.53738474845886,,,0.80254,-2.97894,0,,,,,,,,,GP3,0.80254,-2.97894,0.32188,0.67778,normalised
107.5538444519043,,,0.75075,-2.82272,0,,,,,,,,,GP3,0.75075,-2.82272,0.32188,0.67778,normalised
107.56957840919495,,,0.82284,-3.3211,0,,,,,,,,,GP3,0.82284,-3.3211,0.32188,0.67778,normalised
107.5866310596466,,,0.9197,-3.56095,0,,,,,,,,,GP3,0.9197,-3.56095,0.32188,0.67778,normalised
107.60323190689087,,,0.81031,-3.22618,0,,,,,,,,,GP3,0.81031,-3.22618,0.32188,0.67778,normalised
107.61986517906189,,,0.72856,-2.9148,0,,,,,,,,,GP3,0.72856,-2.9148,0.32188,0.67778,normalised
107.63526391983032,,,0.65342,-2.56403,0,,,,,,,,,GP3,0.65342,-2.56403,0.32188,0.67778,normalised
107.65276551246643,,,0.6022,-2.34041,0,,,,,,,,,GP3,0.6022,-2.34041,0.32188,0.67778,normalised
107.66629981994629,,,0.53004,-2.0177,0,,,,,,,,,GP3,0.53004,-2.0177,0.32188,0.67778,normalised
107.68433618545532,,,0.52107,-1.98218,0,,,,,,,,,GP3,0.52107,-1.98218,0.32188,0.67778,normalised
107.7001941204071,,,0.50406,-1.94104,0,,,,,,,,,GP3,0.50406,-1.94104,0.32188,0.67778,normalised
107.71480345726013,,,0.48355,-1.88232,0,,,,,,,,,GP3,0.48355,-1.88232,0.32188,0.67778,normalised
107.73148369789124,,,0.47604,-1.86193,0,,,,,,,,,GP3,0.47604,-1.86193,0.32188,0.67778,normalised
107.74604296684265,,,0.46953,-1.84261,0,,,,,,,,,GP3,0.46953,-1.84261,0.32188,0.67778,normalised
107.76355910301208,,,0.46583,-1.832,1,,,,,,,,,GP3,0.46583,-1.832,0.32188,0.67778,normalised
107.77971982955933,,,0.46459,-1.7958,1,,,,,,,,,GP3,0.46459,-1.7958,0.32188,0.67778,normalised
107.79713034629822,,,0.45429,-1.73326,0,,,,,,,,,GP3,0.45429,-1.73326,0.32188,0.67778,normalised
107.81126141548157,,,0.45991,-1.65658,0,,,,,,,,,GP3,0.45991,-1.65658,0.32188,0.67778,normalised
107.82729411125183,,,0.45921,-1.75715,0,,,,,,,,,GP3,0.45921,-1.75715,0.32188,0.67778,normalised
107.8430073261261,,,0.45022,-2.00546,0,,,,,,,,,GP3,0.45022,-2.00546,0.32188,0.67778,normalised
107.86085081100464,,,0.42784,-2.40405,0,,,,,,,,,GP3,0.42784,-2.40405,0.32188,0.67778,normalised
107.87596678733826,,,0.41606,-2.67423,0,,,,,,,,,GP3,0.41606,-2.67423,0.32188,0.67778,normalised
107.8911349773407,,,0.38402,-3.04948,0,,,,,,,,,GP3,0.38402,-3.04948,0.32188,0.67778,normalised
107.9079692363739,,,0.40876,-3.16164,0,,,,,,,,,GP3,0.40876,-3.16164,0.32188,0.67778,normalised
107.9259262084961,,,0.42891,-2.88297,0,,,,,,,,,GP3,0.42891,-2.88297,0.32188,0.67778,normalised
107.94004321098328,,,0.45156,-2.3312,0,,,,,,,,,GP3,0.45156,-2.3312,0.32188,0.67778,normalised
107.95626068115234,,,0.46552,-1.45419,0,,,,,,,,,GP3,0.46552,-1.45419,0.32188,0.67778,normalised
107.97319889068604,,,0.4706,-0.89067,0,,,,,,,,,GP3,0.4706,-0.89067,0.32188,0.67778,normalised
107.98801255226135,,,0.47318,-0.04244,0,,,,,,,,,GP3,0.47318,-0.04244,0.32188,0.67778,normalised
108.0047459602356,,,0.45999,0.19396,0,,,,,,,,,GP3,0.45999,0.19396,0.32188,0.67778,normalised
108.02125239372253,,,0.45704,0.31042,0,,,,,,,,,GP3,0.45704,0.31042,0.32188,0.67778,normalised
108.03711724281311,,,0.451,0.49763,0,,,,,,,,,GP3,0.451,0.49763,0.32188,0.67778,normalised
108.05471754074097,,,0.45907,0.57221,0,,,,,,,,,GP3,0.45907,0.57221,0.32188,0.67778,normalised
108.0693461894989,,,0.45977,0.49664,0,,,,,,,,,GP3,0.45977,0.49664,0.32188,0.67778,normalised
108.08752417564392,,,0.45938,0.28819,0,,,,,,,,,GP3,0.45938,0.28819,0.32188,0.67778,normalised
108.10347819328308,,,0.45497,-0.156,0,,,,,,,,,GP3,0.45497,-0.156,0.32188,0.67778,normalised
108.11874389648438,,,0.45218,-0.42095,0,,,,,,,,,GP3,0.45218,-0.42095,0.32188,0.67778,normalised
108.1348295211792,,,0.44515,-0.77888,0,,,,,,,,,GP3,0.44515,-0.77888,0.32188,0.67778,normalised
108.1506233215332,,,0.44509,-0.72747,0,,,,,,,,,GP3,0.44509,-0.72747,0.32188,0.67778,normalised
108.16809225082397,,,0.4537,-0.69403,0,,,,,,,,,GP3,0.4537,-0.69403,0.32188,0.67778,normalised
108.18377256393433,,,0.46873,-0.64003,0,,,,,,,,,GP3,0.46873,-0.64003,0.32188,0.67778,normalised
108.20062589645386,,,0.50332,-0.64927,0,,,,,,,,,GP3,0.50332,-0.64927,0.32188,0.67778,normalised
108.21703457832336,,,0.5151,-0.8216,0,,,,,,,,,GP3,0.5151,-0.8216,0.32188,0.67778,normalised
108.23364567756653,,,0.51632,-1.18467,0,,,,,,,,,GP3,0.51632,-1.18467,0.32188,0.67778,normalised
108.24806785583496,,,0.49279,-1.77448,0,,,,,,,,,GP3,0.49279,-1.77448,0.32188,0.67778,normalised
108.26260185241699,,,0.48015,-2.19094,0,,,,,,,,,GP3,0.48015,-2.19094,0.32188,0.67778,normalised
108.2824649810791,,,0.41787,-2.83779,0,,,,,,,,,GP3,0.41787,-2.83779,0.32188,0.67778,normalised
108.29696154594421,,,0.32076,-2.86121,0,,,,,,,,,GP3,0.32076,-2.86121,0.32188,0.67778,normalised
108.31270241737366,,,0.28839,-2.86902,0,,,,,,,,,GP3,0.28839,-2.86902,0.32188,0.67778,normalised
108.32951259613037,,,0.25357,-2.96587,0,,,,,,,,,GP3,0.25357,-2.96587,0.32188,0.67778,normalised
108.34621047973633,,,0.273,-3.05831,0,,,,,,,,,GP3,0.273,-3.05831,0.32188,0.67778,normalised
108.36233687400818,,,0.28321,-2.96778,0,,,,,,,,,GP3,0.28321,-2.96778,0.32188,0.67778,normalised
108.3797402381897,,,0.34084,-2.7797,0,,,,,,,,,GP3,0.34084,-2.7797,0.32188,0.67778,normalised
108.39629054069519,,,0.40329,-2.44383,0,,,,,,,,,GP3,0.40329,-2.44383,0.32188,0.67778,normalised
108.41080331802368,,,0.42662,-2.17931,0,,,,,,,,,GP3,0.42662,-2.17931,0.32188,0.67778,normalised
108.42772555351257,,,0.47203,-1.7214,0,,,,,,,,,GP3,0.47203,-1.7214,0.32188,0.67778,normalised
108.44426846504211,,,0.46835,-1.46215,0,,,,,,,,,GP3,0.46835,-1.46215,0.32188,0.67778,normalised
108.45879411697388,,,0.46884,-1.29965,0,,,,,,,,,GP3,0.46884,-1.29965,0.32188,0.67778,normalised
108.47482132911682,,,0.45646,-0.98787,0,,,,,,,,,GP3,0.45646,-0.98787,0.32188,0.67778,normalised
108.4914436340332,,,0.44242,-0.89412,0,,,,,,,,,GP3,0.44242,-0.89412,0.32188,0.67778,normalised
108.50912857055664,,,0.43317,-1.01596,0,,,,,,,,,GP3,0.43317,-1.01596,0.32188,0.67778,normalised
108.52477717399597,,,0.4127,-1.31663,0,,,,,,,,,GP3,0.4127,-1.31663,0.32188,0.67778,normalised
108.54133677482605,,,0.38391,-1.89194,0,,,,,,,,,GP3,0.38391,-1.89194,0.32188,0.67778,normalised
108.55594229698181,,,0.36766,-2.2803,0,,,,,,,,,GP3,0.36766,-2.2803,0.32188,0.67778,normalised
108.57227087020874,,,0.36085,-2.9401,0,,,,,,,,,GP3,0.36085,-2.9401,0.32188,0.67778,normalised
108.58965969085693,,,0.37888,-3.11738,0,,,,,,,,,GP3,0.37888,-3.11738,0.32188,0.67778,normalised
108.60568523406982,,,0.38489,-3.17648,0,,,,,,,,,GP3,0.38489,-3.17648,0.32188,0.67778,normalised
108.62009239196777,,,0.40942,-3.25858,0,,,,,,,,,GP3,0.40942,-3.25858,0.32188,0.67778,normalised
108.63674712181091,,,0.43099,-3.21846,0,,,,,,,,,GP3,0.43099,-3.21846,0.32188,0.67778,normalised
108.65269160270691,,,0.43818,-3.20508,0,,,,,,,,,GP3,0.43818,-3.20508,0.32188,0.67778,normalised
108.67038583755493,,,0.43391,-3.19811,1,,,,,,,,,GP3,0.43391,-3.19811,0.32188,0.67778,normalised
108.6855161190033,,,0.44475,-3.21202,1,,,,,,,,,GP3,0.44475,-3.21202,0.32188,0.67778,normalised
108.70595812797546,,,0.45385,-3.15371,1,,,,,,,,,GP3,0.45385,-3.15371,0.32188,0.67778,normalised
108.71759033203125,,,0.45964,-2.99476,0,,,,,,,,,GP3,0.45964,-2.99476,0.32188,0.67778,normalised
108.73730254173279,,,0.45662,-2.40503,0,,,,,,,,,GP3,0.45662,-2.40503,0.32188,0.67778,normalised
108.75087070465088,,,0.45981,-2.01908,0,,,,,,,,,GP3,0.45981,-2.01908,0.32188,0.67778,normalised
108.76527810096741,,,0.45917,-1.38339,0,,,,,,,,,GP3,0.45917,-1.38339,0.32188,0.67778,normalised
108.78308916091919,,,0.4633,-1.2313,0,,,,,,,,,GP3,0.4633,-1.2313,0.32188,0.67778,normalised
108.80053567886353,,,0.46468,-1.1806,0,,,,,,,,,GP3,0.46468,-1.1806,0.32188,0.67778,normalised
108.81426191329956,,,0.47329,-1.07129,0,,,,,,,,,GP3,0.47329,-1.07129,0.32188,0.67778,normalised
108.83273887634277,,,0.50148,-1.11027,0,,,,,,,,,GP3,0.50148,-1.11027,0.32188,0.67778,normalised
108.84745359420776,,,0.51087,-1.12326,0,,,,,,,,,GP3,0.51087,-1.12326,0.32188,0.67778,normalised
108.86392521858215,,,0.50407,-1.12011,1,,,,,,,,,GP3,0.50407,-1.12011,0.32188,0.67778,normalised
108.87894082069397,,,0.50248,-1.11476,1,,,,,,,,,GP3,0.50248,-1.11476,0.32188,0.67778,normalised
108.89552474021912,,,0.50119,-1.12206,1,,,,,,,,,GP3,0.50119,-1.12206,0.32188,0.67778,normalised
108.91294193267822,,,0.48834,-1.12548,1,,,,,,,,,GP3,0.48834,-1.12548,0.32188,0.67778,normalised
108.92981910705566,,,0.47757,-1.13013,1,,,,,,,,,GP3,0.47757,-1.13013,0.32188,0.67778,normalised
108.94640040397644,,,0.46904,-1.13749,1,,,,,,,,,GP3,0.46904,-1.13749,0.32188,0.67778,normalised
108.9610641002655,,,0.46527,-1.13492,1,,,,,,,,,GP3,0.46527,-1.13492,0.32188,0.67778,normalised
108.97675800323486,,,0.46163,-1.13333,1,,,,,,,,,GP3,0.46163,-1.13333,0.32188,0.67778,normalised
108.99434900283813,,,0.4586,-1.13201,1,,,,,,,,,GP3,0.4586,-1.13201,0.32188,0.67778,normalised
109.00903820991516,,,0.46017,-1.13948,1,,,,,,,,,GP3,0.46017,-1.13948,0.32188,0.67778,normalised
109.02501487731934,,,0.46192,-1.1392,1,,,,,,,,,GP3,0.46192,-1.1392,0.32188,0.67778,normalised
109.04253482818604,,,0.46315,-1.16164,1,,,,,,,,,GP3,0.46315,-1.16164,0.32188,0.67778,normalised
109.05848979949951,,,0.44635,-1.24804,0,,,,,,,,,GP3,0.44635,-1.24804,0.32188,0.67778,normalised
109.07383275032043,,,0.42838,-1.88045,0,,,,,,,,,GP3,0.42838,-1.88045,0.32188,0.67778,normalised
109.09157991409302,,,0.42043,-2.11572,0,,,,,,,,,GP3,0.42043,-2.11572,0.32188,0.67778,normalised
109.1060163974762,,,0.39561,-2.39159,0,,,,,,,,,GP3,0.39561,-2.39159,0.32188,0.67778,normalised
109.12278652191162,,,0.40242,-2.01265,0,,,,,,,,,GP3,0.40242,-2.01265,0.32188,0.67778,normalised
109.14017939567566,,,0.41266,-1.68899,0,,,,,,,,,GP3,0.41266,-1.68899,0.32188,0.67778,normalised
109.15391254425049,,,0.42082,-1.23938,0,,,,,,,,,GP3,0.42082,-1.23938,0.32188,0.67778,normalised
109.17137384414673,,,0.38797,-1.2267,0,,,,,,,,,GP3,0.38797,-1.2267,0.32188,0.67778,normalised
109.18709468841553,,,0.37361,-1.28253,0,,,,,,,,,GP3,0.37361,-1.28253,0.32188,0.67778,normalised
109.20483803749084,,,0.35531,-1.36663,0,,,,,,,,,GP3,0.35531,-1.36663,0.32188,0.67778,normalised
109.21899342536926,,,0.32264,-1.42652,0,,,,,,,,,GP3,0.32264,-1.42652,0.32188,0.67778,normalised
109.23550772666931,,,0.30367,-1.54107,0,,,,,,,,,GP3,0.30367,-1.54107,0.32188,0.67778,normalised
109.25294089317322,,,0.29329,-1.78941,0,,,,,,,,,GP3,0.29329,-1.78941,0.32188,0.67778,normalised
109.26746845245361,,,0.24709,-2.03512,0,,,,,,,,,GP3,0.24709,-2.03512,0.32188,0.67778,normalised
109.28487205505371,,,0.23199,-2.08754,0,,,,,,,,,GP3,0.23199,-2.08754,0.32188,0.67778,normalised
109.30036616325378,,,0.24091,-2.08038,0,,,,,,,,,GP3,0.24091,-2.08038,0.32188,0.67778,normalised
109.31776332855225,,,0.22613,-1.74318,0,,,,,,,,,GP3,0.22613,-1.74318,0.32188,0.67778,normalised
109.33236503601074,,,0.22641,-1.60156,0,,,,,,,,,GP3,0.22641,-1.60156,0.32188,0.67778,normalised
109.34867930412292,,,0.25374,-1.43071,0,,,,,,,,,GP3,0.25374,-1.43071,0.32188,0.67778,normalised
109.36268925666809,,,0.23065,-1.66112,0,,,,,,,,,GP3,0.23065,-1.66112,0.32188,0.67778,normalised
109.38045978546143,,,0.21664,-1.83736,0,,,,,,,,,GP3,0.21664,-1.83736,0.32188,0.67778,normalised
109.39706921577454,,,0.25601,-2.11469,0,,,,,,,,,GP3,0.25601,-2.11469,0.32188,0.67778,normalised
109.41148662567139,,,0.30978,-2.21025,0,,,,,,,,,GP3,0.30978,-2.21025,0.32188,0.67778,normalised
109.42809176445007,,,0.33148,-2.10309,0,,,,,,,,,GP3,0.33148,-2.10309,0.32188,0.67778,normalised
109.44346261024475,,,0.40023,-1.74584,0,,,,,,,,,GP3,0.40023,-1.74584,0.32188,0.67778,normalised
109.4602530002594,,,0.44333,-1.05788,0,,,,,,,,,GP3,0.44333,-1.05788,0.32188,0.67778,normalised
109.47573280334473,,,0.46017,-0.72727,0,,,,,,,,,GP3,0.46017,-0.72727,0.32188,0.67778,normalised
109.49260783195496,,,0.49664,-0.30578,0,,,,,,,,,GP3,0.49664,-0.30578,0.32188,0.67778,normalised
109.5093002319336,,,0.53777,-0.508,0,,,,,,,,,GP3,0.53777,-0.508,0.32188,0.67778,normalised
109.52708983421326,,,0.55263,-0.65459,0,,,,,,,,,GP3,0.55263,-0.65459,0.32188,0.67778,normalised
109.54147338867188,,,0.58236,-0.89566,0,,,,,,,,,GP3,0.58236,-0.89566,0.32188,0.67778,normalised
109.55925178527832,,,0.64579,-0.95189,0,,,,,,,,,GP3,0.64579,-0.95189,0.32188,0.67778,normalised
109.57443356513977,,,0.67166,-1.10089,0,,,,,,,,,GP3,0.67166,-1.10089,0.32188,0.67778,normalised
109.5919497013092,,,0.68562,-1.48264,0,,,,,,,,,GP3,0.68562,-1.48264,0.32188,0.67778,normalised
109.60563564300537,,,0.75108,-2.08308,0,,,,,,,,,GP3,0.75108,-2.08308,0.32188,0.67778,normalised
109.62234330177307,,,0.73924,-2.07819,0,,,,,,,,,GP3,0.73924,-2.07819,0.32188,0.67778,normalised
109.6382532119751,,,0.70068,-2.27574,0,,,,,,,,,GP3,0.70068,-2.27574,0.32188,0.67778,normalised
109.65576434135437,,,0.70068,-2.27574,0,,,,,,,,,GP3,0.70068,-2.27574,0.32188,0.67778,normalised
109.67466449737549,,,0.63999,-1.96802,0,,,,,,,,,GP3,0.63999,-1.96802,0.32188,0.67778,normalised
109.68711113929749,,,0.55271,-1.87648,0,,,,,,,,,GP3,0.55271,-1.87648,0.32188,0.67778,normalised
109.7045841217041,,,0.55271,-1.87648,0,,,,,,,,,GP3,0.55271,-1.87648,0.32188,0.67778,normalised
109.72424530982971,,,0.5268,-2.40445,0,,,,,,,,,GP3,0.5268,-2.40445,0.32188,0.67778,normalised
109.7359709739685,,,0.5009,-2.93241,0,,,,,,,,,GP3,0.5009,-2.93241,0.32188,0.67778,normalised
109.75935435295105,,,0.5009,-2.93241,0,,,,,,,,,GP3,0.5009,-2.93241,0.32188,0.67778,normalised
109.77386736869812,,,0.5009,-2.93241,0,,,,,,,,,GP3,0.5009,-2.93241,0.32188,0.67778,normalised
109.78498864173889,,,0.5009,-2.93241,1,,,,,,,,,GP3,0.5009,-2.93241,0.32188,0.67778,normalised
109.80251860618591,,,0.5009,-2.93241,1,,,,,,,,,GP3,0.5009,-2.93241,0.32188,0.67778,normalised
109.8211600780487,,,0.5009,-2.93241,1,,,,,,,,,GP3,0.5009,-2.93241,0.32188,0.67778,normalised
109.83868789672852,,,0.5009,-2.93241,0,,,,,,,,,GP3,0.5009,-2.93241,0.32188,0.67778,normalised
109.85621285438538,,,0.5009,-2.93241,0,,,,,,,,,GP3,0.5009,-2.93241,0.32188,0.67778,normalised
109.86774730682373,,,0.5009,-2.93241,0,,,,,,,,,GP3,0.5009,-2.93241,0.32188,0.67778,normalised
109.8881950378418,,,0.0,0.0,0,,,,,,,,,GP3,0.0,0.0,0.32188,0.67778,normalised
109.89984178543091,,,0.0,0.0,0,,,,,,,,,GP3,0.0,0.0,0.32188,0.67778,normalised
109.91657876968384,,,0.0,0.0,0,,,,,,,,,GP3,0.0,0.0,0.32188,0.67778,normalised
109.93633794784546,,,0.0,0.0,0,,,,,,,,,GP3,0.0,0.0,0.32188,0.67778,normalised
109.94785737991333,,,0.0,0.0,0,,,,,,,,,GP3,0.0,0.0,0.32188,0.67778,normalised
109.96565771102905,,,0.0,0.0,0,,,,,,,,,GP3,0.0,0.0,0.32188,0.67778,normalised
109.98180389404297,,,0.0,0.0,0,,,,,,,,,GP3,0.0,0.0,0.32188,0.67778,normalised
109.99840068817139,,,0.0,0.0,0,,,,,,,,,GP3,0.0,0.0,0.32188,0.67778,normalised
110.01600980758667,,,0.0,0.0,0,,,,,,,,,GP3,0.0,0.0,0.32188,0.67778,normalised
110.03268218040466,,,0.0,0.0,0,,,,,,,,,GP3,0.0,0.0,0.32188,0.67778,normalised
110.05234384536743,,,0.0,0.0,0,,,,,,,,,GP3,0.0,0.0,0.32188,0.67778,normalised
110.06577730178833,,,0.0,0.0,0,,,,,,,,,GP3,0.0,0.0,0.32188,0.67778,normalised
110.08584022521973,,,0.0,0.0,0,,,,,,,,,GP3,0.0,0.0,0.32188,0.67778,normalised
110.09758019447327,,,0.0,0.0,0,,,,,,,,,GP3,0.0,0.0,0.32188,0.67778,normalised
110.11198806762695,,,0.0,0.0,0,,,,,,,,,GP3,0.0,0.0,0.32188,0.67778,normalised
110.12961101531982,,,0.0,0.0,0,,,,,,,,,GP3,0.0,0.0,0.32188,0.67778,normalised
110.15257668495178,,,0.0,0.0,0,,,,,,,,,GP3,0.0,0.0,0.32188,0.67778,normalised
110.16428470611572,,,0.3687,-1.91254,0,,,,,,,,,GP3,0.3687,-1.91254,0.32188,0.67778,normalised
110.17465114593506,,,0.52144,-3.25056,0,,,,,,,,,GP3,0.52144,-3.25056,0.32188,0.67778,normalised
110.19068598747253,,,0.52144,-3.25056,0,,,,,,,,,GP3,0.52144,-3.25056,0.32188,0.67778,normalised
110.20819544792175,,,0.4094,-2.60082,0,,,,,,,,,GP3,0.4094,-2.60082,0.32188,0.67778,normalised
110.22280740737915,,,0.30363,-1.81322,0,,,,,,,,,GP3,0.30363,-1.81322,0.32188,0.67778,normalised
110.23751950263977,,,0.28741,-1.35489,0,,,,,,,,,GP3,0.28741,-1.35489,0.32188,0.67778,normalised
110.25304675102234,,,0.29532,-0.98886,0,,,,,,,,,GP3,0.29532,-0.98886,0.32188,0.67778,normalised
110.26956009864807,,,0.31403,-0.41959,0,,,,,,,,,GP3,0.31403,-0.41959,0.32188,0.67778,normalised
110.28589391708374,,,0.31302,-0.30572,0,,,,,,,,,GP3,0.31302,-0.30572,0.32188,0.67778,normalised
110.30174565315247,,,0.30898,-0.31396,0,,,,,,,,,GP3,0.30898,-0.31396,0.32188,0.67778,normalised
110.31851649284363,,,0.30646,-0.26115,0,,,,,,,,,GP3,0.30646,-0.26115,0.32188,0.67778,normalised
110.3376727104187,,,0.30646,-0.26115,0,,,,,,,,,GP3,0.30646,-0.26115,0.32188,0.67778,normalised
110.35533666610718,,,0.30646,-0.26115,0,,,,,,,,,GP3,0.30646,-0.26115,0.32188,0.67778,normalised
110.37437272071838,,,0.0,0.0,0,,,,,,,,,GP3,0.0,0.0,0.32188,0.67778,normalised
110.38765501976013,,,0.0,0.0,0,,,,,,,,,GP3,0.0,0.0,0.32188,0.67778,normalised
110.40516591072083,,,0.0,0.0,0,,,,,,,,,GP3,0.0,0.0,0.32188,0.67778,normalised
110.41975569725037,,,0.0,0.0,0,,,,,,,,,GP3,0.0,0.0,0.32188,0.67778,normalised
110.43566656112671,,,0.0,0.0,0,,,,,,,,,GP3,0.0,0.0,0.32188,0.67778,normalised
110.45611810684204,,,0.0,0.0,0,,,,,,,,,GP3,0.0,0.0,0.32188,0.67778,normalised
110.46771931648254,,,0.0,0.0,0,,,,,,,,,GP3,0.0,0.0,0.32188,0.67778,normalised
110.48510241508484,,,0.0,0.0,0,,,,,,,,,GP3,0.0,0.0,0.32188,0.67778,normalised
110.50170993804932,,,0.0,0.0,0,,,,,,,,,GP3,0.0,0.0,0.32188,0.67778,normalised
110.51623225212097,,,0.0,0.0,0,,,,,,,,,GP3,0.0,0.0,0.32188,0.67778,normalised
110.53675675392151,,,0.0,0.0,0,,,,,,,,,GP3,0.0,0.0,0.32188,0.67778,normalised
110.54968643188477,,,0.0,0.0,0,,,,,,,,,GP3,0.0,0.0,0.32188,0.67778,normalised
110.57031035423279,,,0.0,0.0,0,,,,,,,,,GP3,0.0,0.0,0.32188,0.67778,normalised
110.5808265209198,,,0.24396,-0.3406,0,,,,,,,,,GP3,0.24396,-0.3406,0.32188,0.67778,normalised
110.59237122535706,,,0.32528,-0.45413,0,,,,,,,,,GP3,0.32528,-0.45413,0.32188,0.67778,normalised
110.60996127128601,,,0.38309,-0.41449,0,,,,,,,,,GP3,0.38309,-0.41449,0.32188,0.67778,normalised
110.6266918182373,,,0.36883,-0.2144,0,,,,,,,,,GP3,0.36883,-0.2144,0.32188,0.67778,normalised
110.6423602104187,,,0.36408,-0.14771,0,,,,,,,,,GP3,0.36408,-0.14771,0.32188,0.67778,normalised
110.6587975025177,,,0.28522,0.03826,0,,,,,,,,,GP3,0.28522,0.03826,0.32188,0.67778,normalised
110.67356872558594,,,0.27252,-0.11216,0,,,,,,,,,GP3,0.27252,-0.11216,0.32188,0.67778,normalised
110.68954682350159,,,0.26828,-0.1623,0,,,,,,,,,GP3,0.26828,-0.1623,0.32188,0.67778,normalised
110.70622515678406,,,0.19808,-0.14227,0,,,,,,,,,GP3,0.19808,-0.14227,0.32188,0.67778,normalised
110.7236557006836,,,0.19504,-0.01832,0,,,,,,,,,GP3,0.19504,-0.01832,0.32188,0.67778,normalised
110.73816871643066,,,0.19403,0.02299,0,,,,,,,,,GP3,0.19403,0.02299,0.32188,0.67778,normalised
110.75500226020813,,,0.1331,0.14058,0,,,,,,,,,GP3,0.1331,0.14058,0.32188,0.67778,normalised
110.76955342292786,,,0.11648,0.1483,0,,,,,,,,,GP3,0.11648,0.1483,0.32188,0.67778,normalised
110.78691530227661,,,0.11095,0.15087,0,,,,,,,,,GP3,0.11095,0.15087,0.32188,0.67778,normalised
110.80332660675049,,,0.08801,0.1449,1,,,,,,,,,GP3,0.08801,0.1449,0.32188,0.67778,normalised
110.82073783874512,,,0.10436,0.04594,1,,,,,,,,,GP3,0.10436,0.04594,0.32188,0.67778,normalised
110.8355884552002,,,0.11171,-0.05216,0,,,,,,,,,GP3,0.11171,-0.05216,0.32188,0.67778,normalised
110.85215091705322,,,-0.2011,0.07586,0,,,,,,,,,GP3,-0.2011,0.07586,0.32188,0.67778,normalised
110.86666655540466,,,-0.3195,0.11488,0,,,,,,,,,GP3,-0.3195,0.11488,0.32188,0.67778,normalised
110.88380765914917,,,-0.54216,0.19657,0,,,,,,,,,GP3,-0.54216,0.19657,0.32188,0.67778,normalised
110.90057730674744,,,-0.57195,0.22779,0,,,,,,,,,GP3,-0.57195,0.22779,0.32188,0.67778,normalised
110.91800475120544,,,-0.603,0.24138,0,,,,,,,,,GP3,-0.603,0.24138,0.32188,0.67778,normalised
110.93260264396667,,,-0.64398,0.26538,0,,,,,,,,,GP3,-0.64398,0.26538,0.32188,0.67778,normalised
110.95035672187805,,,-0.66426,0.26618,0,,,,,,,,,GP3,-0.66426,0.26618,0.32188,0.67778,normalised
110.96702289581299,,,-0.72794,0.24655,0,,,,,,,,,GP3,-0.72794,0.24655,0.32188,0.67778,normalised
110.980051279068,,,-0.79839,0.22719,0,,,,,,,,,GP3,-0.79839,0.22719,0.32188,0.67778,normalised
110.99714779853821,,,-0.78011,0.20582,0,,,,,,,,,GP3,-0.78011,0.20582,0.32188,0.67778,normalised
111.01485300064087,,,-0.84254,0.19901,0,,,,,,,,,GP3,-0.84254,0.19901,0.32188,0.67778,normalised
111.03004765510559,,,-0.89888,0.18508,0,,,,,,,,,GP3,-0.89888,0.18508,0.32188,0.67778,normalised
111.04657697677612,,,-0.76063,0.15356,0,,,,,,,,,GP3,-0.76063,0.15356,0.32188,0.67778,normalised
111.0612645149231,,,-0.74263,0.14472,0,,,,,,,,,GP3,-0.74263,0.14472,0.32188,0.67778,normalised
111.07822012901306,,,-0.67854,0.12537,0,,,,,,,,,GP3,-0.67854,0.12537,0.32188,0.67778,normalised
111.09388971328735,,,-0.60676,0.14269,0,,,,,,,,,GP3,-0.60676,0.14269,0.32188,0.67778,normalised
111.11035871505737,,,-0.60502,0.15074,0,,,,,,,,,GP3,-0.60502,0.15074,0.32188,0.67778,normalised
111.12726259231567,,,-0.57936,0.16457,0,,,,,,,,,GP3,-0.57936,0.16457,0.32188,0.67778,normalised
111.14399099349976,,,-0.57207,0.16764,0,,,,,,,,,GP3,-0.57207,0.16764,0.32188,0.67778,normalised
111.15855622291565,,,-0.59541,0.16647,0,,,,,,,,,GP3,-0.59541,0.16647,0.32188,0.67778,normalised
111.17596077919006,,,-0.60708,0.16588,1,,,,,,,,,GP3,-0.60708,0.16588,0.32188,0.67778,normalised
111.19293522834778,,,-0.60586,0.16799,1,,,,,,,,,GP3,-0.60586,0.16799,0.32188,0.67778,normalised
111.20756912231445,,,-0.61478,0.17282,1,,,,,,,,,GP3,-0.61478,0.17282,0.32188,0.67778,normalised
111.22509336471558,,,-0.62115,0.17628,1,,,,,,,,,GP3,-0.62115,0.17628,0.32188,0.67778,normalised
111.23951578140259,,,-0.60741,0.18149,1,,,,,,,,,GP3,-0.60741,0.18149,0.32188,0.67778,normalised
111.25561022758484,,,-0.59495,0.18741,1,,,,,,,,,GP3,-0.59495,0.18741,0.32188,0.67778,normalised
111.27301049232483,,,-0.58499,0.19214,1,,,,,,,,,GP3,-0.58499,0.19214,0.32188,0.67778,normalised
111.2900710105896,,,-0.57517,0.18692,1,,,,,,,,,GP3,-0.57517,0.18692,0.32188,0.67778,normalised
111.3033435344696,,,-0.56643,0.18367,1,,,,,,,,,GP3,-0.56643,0.18367,0.32188,0.67778,normalised
111.3200900554657,,,-0.55903,0.18092,1,,,,,,,,,GP3,-0.55903,0.18092,0.32188,0.67778,normalised
111.33809971809387,,,-0.55732,0.18224,1,,,,,,,,,GP3,-0.55732,0.18224,0.32188,0.67778,normalised
111.35282516479492,,,-0.55621,0.18138,1,,,,,,,,,GP3,-0.55621,0.18138,0.32188,0.67778,normalised
111.36949324607849,,,-0.55523,0.18063,1,,,,,,,,,GP3,-0.55523,0.18063,0.32188,0.67778,normalised
111.38724851608276,,,-0.5527,0.18144,1,,,,,,,,,GP3,-0.5527,0.18144,0.32188,0.67778,normalised
111.40172791481018,,,-0.51863,0.18732,0,,,,,,,,,GP3,-0.51863,0.18732,0.32188,0.67778,normalised
111.41641139984131,,,-0.51746,0.19383,0,,,,,,,,,GP3,-0.51746,0.19383,0.32188,0.67778,normalised
111.43543839454651,,,-0.51898,0.18478,0,,,,,,,,,GP3,-0.51898,0.18478,0.32188,0.67778,normalised
111.45050716400146,,,-0.52422,0.19001,1,,,,,,,,,GP3,-0.52422,0.19001,0.32188,0.67778,normalised
111.46716570854187,,,-0.51604,0.20654,1,,,,,,,,,GP3,-0.51604,0.20654,0.32188,0.67778,normalised
111.4815628528595,,,-0.4905,0.22551,1,,,,,,,,,GP3,-0.4905,0.22551,0.32188,0.67778,normalised
111.49942445755005,,,-0.45457,0.25084,1,,,,,,,,,GP3,-0.45457,0.25084,0.32188,0.67778,normalised
111.5143973827362,,,-0.41742,0.27982,1,,,,,,,,,GP3,-0.41742,0.27982,0.32188,0.67778,normalised
111.53091049194336,,,-0.38234,0.29997,1,,,,,,,,,GP3,-0.38234,0.29997,0.32188,0.67778,normalised
111.54587697982788,,,-0.34877,0.31236,1,,,,,,,,,GP3,-0.34877,0.31236,0.32188,0.67778,normalised
111.5636191368103,,,-0.32131,0.32249,1,,,,,,,,,GP3,-0.32131,0.32249,0.32188,0.67778,normalised
111.57968616485596,,,-0.3046,0.33475,1,,,,,,,,,GP3,-0.3046,0.33475,0.32188,0.67778,normalised
111.59586811065674,,,-0.28773,0.34624,1,,,,,,,,,GP3,-0.28773,0.34624,0.32188,0.67778,normalised
111.61352682113647,,,-0.229,0.38774,0,,,,,,,,,GP3,-0.229,0.38774,0.32188,0.67778,normalised
111.62694096565247,,,-0.13844,0.49358,0,,,,,,,,,GP3,-0.13844,0.49358,0.32188,0.67778,normalised
111.64388179779053,,,-0.0765,0.54628,0,,,,,,,,,GP3,-0.0765,0.54628,0.32188,0.67778,normalised
111.66127848625183,,,0.03903,0.65909,0,,,,,,,,,GP3,0.03903,0.65909,0.32188,0.67778,normalised
111.67662525177002,,,0.0835,0.71564,0,,,,,,,,,GP3,0.0835,0.71564,0.32188,0.67778,normalised
111.69132852554321,,,0.10417,0.7292,0,,,,,,,,,GP3,0.10417,0.7292,0.32188,0.67778,normalised
111.70913577079773,,,0.13966,0.76161,0,,,,,,,,,GP3,0.13966,0.76161,0.32188,0.67778,normalised
111.72478914260864,,,0.13452,0.76785,0,,,,,,,,,GP3,0.13452,0.76785,0.32188,0.67778,normalised
111.74336647987366,,,0.13018,0.76757,0,,,,,,,,,GP3,0.13018,0.76757,0.32188,0.67778,normalised
111.75714492797852,,,0.12801,0.76743,1,,,,,,,,,GP3,0.12801,0.76743,0.32188,0.67778,normalised
111.77465963363647,,,0.12318,0.76724,1,,,,,,,,,GP3,0.12318,0.76724,0.32188,0.67778,normalised
111.78946304321289,,,0.11574,0.76838,1,,,,,,,,,GP3,0.11574,0.76838,0.32188,0.67778,normalised
111.8070011138916,,,0.07763,0.73577,1,,,,,,,,,GP3,0.07763,0.73577,0.32188,0.67778,normalised
111.82151460647583,,,0.01591,0.67523,1,,,,,,,,,GP3,0.01591,0.67523,0.32188,0.67778,normalised
111.8372073173523,,,-0.10527,0.58209,0,,,,,,,,,GP3,-0.10527,0.58209,0.32188,0.67778,normalised
111.85387420654297,,,-0.60195,0.2036,0,,,,,,,,,GP3,-0.60195,0.2036,0.32188,0.67778,normalised
111.87125372886658,,,-0.75605,0.08498,0,,,,,,,,,GP3,-0.75605,0.08498,0.32188,0.67778,normalised
111.88756203651428,,,-1.11529,-0.18325,0,,,,,,,,,GP3,-1.11529,-0.18325,0.32188,0.67778,normalised
111.90257835388184,,,-1.14913,-0.20294,0,,,,,,,,,GP3,-1.14913,-0.20294,0.32188,0.67778,normalised
111.91997170448303,,,-1.12431,-0.17215,0,,,,,,,,,GP3,-1.12431,-0.17215,0.32188,0.67778,normalised
111.93512034416199,,,-1.15251,-0.14197,1,,,,,,,,,GP3,-1.15251,-0.14197,0.32188,0.67778,normalised
111.9527268409729,,,-1.16943,-0.12386,1,,,,,,,,,GP3,-1.16943,-0.12386,0.32188,0.67778,normalised
111.96831464767456,,,-1.14694,-0.12347,1,,,,,,,,,GP3,-1.14694,-0.12347,0.32188,0.67778,normalised
111.98524951934814,,,-1.14395,-0.11858,1,,,,,,,,,GP3,-1.14395,-0.11858,0.32188,0.67778,normalised
111.99997425079346,,,-1.1417,-0.11492,1,,,,,,,,,GP3,-1.1417,-0.11492,0.32188,0.67778,normalised
112.01748704910278,,,-1.13292,-0.11041,1,,,,,,,,,GP3,-1.13292,-0.11041,0.32188,0.67778,normalised
112.03225445747375,,,-1.13325,-0.11056,1,,,,,,,,,GP3,-1.13325,-0.11056,0.32188,0.67778,normalised
112.04976654052734,,,-1.13352,-0.11068,1,,,,,,,,,GP3,-1.13352,-0.11068,0.32188,0.67778,normalised
112.06392312049866,,,-1.12607,-0.111,1,,,,,,,,,GP3,-1.12607,-0.111,0.32188,0.67778,normalised
112.08003759384155,,,-1.12727,-0.11058,1,,,,,,,,,GP3,-1.12727,-0.11058,0.32188,0.67778,normalised
112.09628009796143,,,-1.1283,-0.11022,1,,,,,,,,,GP3,-1.1283,-0.11022,0.32188,0.67778,normalised
112.1129093170166,,,-1.11963,-0.10545,1,,,,,,,,,GP3,-1.11963,-0.10545,0.32188,0.67778,normalised
112.12958002090454,,,-1.0979,-0.16147,1,,,,,,,,,GP3,-1.0979,-0.16147,0.32188,0.67778,normalised
112.14539432525635,,,-1.04094,-0.24717,0,,,,,,,,,GP3,-1.04094,-0.24717,0.32188,0.67778,normalised
112.16094779968262,,,-0.97874,-0.18494,0,,,,,,,,,GP3,-0.97874,-0.18494,0.32188,0.67778,normalised
112.1781632900238,,,-0.95194,-0.17042,0,,,,,,,,,GP3,-0.95194,-0.17042,0.32188,0.67778,normalised
112.1948230266571,,,-0.90441,-0.13515,0,,,,,,,,,GP3,-0.90441,-0.13515,0.32188,0.67778,normalised
112.20933198928833,,,-0.92493,-0.116,0,,,,,,,,,GP3,-0.92493,-0.116,0.32188,0.67778,normalised
112.2261152267456,,,-0.89258,-0.0182,0,,,,,,,,,GP3,-0.89258,-0.0182,0.32188,0.67778,normalised
112.24169421195984,,,-0.86707,0.08599,0,,,,,,,,,GP3,-0.86707,0.08599,0.32188,0.67778,normalised
112.25855994224548,,,-0.85383,0.15479,0,,,,,,,,,GP3,-0.85383,0.15479,0.32188,0.67778,normalised
112.27478671073914,,,-0.84438,0.19392,0,,,,,,,,,GP3,-0.84438,0.19392,0.32188,0.67778,normalised
112.29077506065369,,,-0.83051,0.25597,0,,,,,,,,,GP3,-0.83051,0.25597,0.32188,0.67778,normalised
112.30750012397766,,,-0.81008,0.21047,0,,,,,,,,,GP3,-0.81008,0.21047,0.32188,0.67778,normalised
112.32465076446533,,,-0.77754,0.19726,0,,,,,,,,,GP3,-0.77754,0.19726,0.32188,0.67778,normalised
112.33938503265381,,,-0.68979,0.2147,0,,,,,,,,,GP3,-0.68979,0.2147,0.32188,0.67778,normalised
112.35506129264832,,,-0.5414,0.33059,0,,,,,,,,,GP3,-0.5414,0.33059,0.32188,0.67778,normalised
112.37212252616882,,,-0.39001,0.42926,0,,,,,,,,,GP3,-0.39001,0.42926,0.32188,0.67778,normalised
112.38973617553711,,,-0.09884,0.63968,0,,,,,,,,,GP3,-0.09884,0.63968,0.32188,0.67778,normalised
112.40632486343384,,,0.08332,0.80159,0,,,,,,,,,GP3,0.08332,0.80159,0.32188,0.67778,normalised
112.42063522338867,,,0.14927,0.85195,0,,,,,,,,,GP3,0.14927,0.85195,0.32188,0.67778,normalised
112.43820023536682,,,0.27594,0.95627,0,,,,,,,,,GP3,0.27594,0.95627,0.32188,0.67778,normalised
112.45269012451172,,,0.27167,0.95847,0,,,,,,,,,GP3,0.27167,0.95847,0.32188,0.67778,normalised
112.47034931182861,,,0.27655,0.9454,0,,,,,,,,,GP3,0.27655,0.9454,0.32188,0.67778,normalised
112.4847481250763,,,0.28334,0.94367,1,,,,,,,,,GP3,0.28334,0.94367,0.32188,0.67778,normalised
112.5024983882904,,,0.28653,0.94811,1,,,,,,,,,GP3,0.28653,0.94811,0.32188,0.67778,normalised
112.51945042610168,,,0.29567,0.95541,1,,,,,,,,,GP3,0.29567,0.95541,0.32188,0.67778,normalised
112.53411221504211,,,0.3062,0.96462,1,,,,,,,,,GP3,0.3062,0.96462,0.32188,0.67778,normalised
112.54966282844543,,,0.3117,0.97589,1,,,,,,,,,GP3,0.3117,0.97589,0.32188,0.67778,normalised
112.56646132469177,,,0.31729,0.9847,1,,,,,,,,,GP3,0.31729,0.9847,0.32188,0.67778,normalised
112.58358979225159,,,0.32177,0.99175,1,,,,,,,,,GP3,0.32177,0.99175,0.32188,0.67778,normalised
112.60068154335022,,,0.32704,0.99522,1,,,,,,,,,GP3,0.32704,0.99522,0.32188,0.67778,normalised
112.61651968955994,,,0.33474,0.99975,1,,,,,,,,,GP3,0.33474,0.99975,0.32188,0.67778,normalised
112.63431692123413,,,0.34126,1.00359,1,,,,,,,,,GP3,0.34126,1.00359,0.32188,0.67778,normalised
112.64721035957336,,,0.34439,1.00515,1,,,,,,,,,GP3,0.34439,1.00515,0.32188,0.67778,normalised
112.66412353515625,,,0.34877,1.00604,1,,,,,,,,,GP3,0.34877,1.00604,0.32188,0.67778,normalised
112.6805534362793,,,0.37568,1.02787,0,,,,,,,,,GP3,0.37568,1.02787,0.32188,0.67778,normalised
112.69537568092346,,,0.37447,1.02753,0,,,,,,,,,GP3,0.37447,1.02753,0.32188,0.67778,normalised
112.71248650550842,,,0.38041,1.02877,0,,,,,,,,,GP3,0.38041,1.02877,0.32188,0.67778,normalised
112.72799110412598,,,0.38338,1.02938,1,,,,,,,,,GP3,0.38338,1.02938,0.32188,0.67778,normalised
112.74453783035278,,,0.38032,1.02896,1,,,,,,,,,GP3,0.38032,1.02896,0.32188,0.67778,normalised
112.76149725914001,,,0.38139,1.02871,1,,,,,,,,,GP3,0.38139,1.02871,0.32188,0.67778,normalised
112.77794909477234,,,0.38216,1.02853,1,,,,,,,,,GP3,0.38216,1.02853,0.32188,0.67778,normalised
112.79269194602966,,,0.38162,1.02819,1,,,,,,,,,GP3,0.38162,1.02819,0.32188,0.67778,normalised
112.8079423904419,,,0.38283,1.0275,1,,,,,,,,,GP3,0.38283,1.0275,0.32188,0.67778,normalised
112.82472944259644,,,0.3838,1.02694,1,,,,,,,,,GP3,0.3838,1.02694,0.32188,0.67778,normalised
112.84273672103882,,,0.38276,1.02695,1,,,,,,,,,GP3,0.38276,1.02695,0.32188,0.67778,normalised
112.85751152038574,,,0.38302,1.02693,1,,,,,,,,,GP3,0.38302,1.02693,0.32188,0.67778,normalised
112.87237191200256,,,0.38325,1.0269,1,,,,,,,,,GP3,0.38325,1.0269,0.32188,0.67778,normalised
112.89076972007751,,,0.38209,1.02687,1,,,,,,,,,GP3,0.38209,1.02687,0.32188,0.67778,normalised
112.90633487701416,,,0.38171,1.02629,1,,,,,,,,,GP3,0.38171,1.02629,0.32188,0.67778,normalised
112.9219856262207,,,0.38137,1.02578,1,,,,,,,,,GP3,0.38137,1.02578,0.32188,0.67778,normalised
112.93848919868469,,,0.38049,1.02556,1,,,,,,,,,GP3,0.38049,1.02556,0.32188,0.67778,normalised
112.95431709289551,,,0.38037,1.02512,1,,,,,,,,,GP3,0.38037,1.02512,0.32188,0.67778,normalised
112.96993660926819,,,0.38026,1.02472,1,,,,,,,,,GP3,0.38026,1.02472,0.32188,0.67778,normalised
112.98813819885254,,,0.3794,1.0247,1,,,,,,,,,GP3,0.3794,1.0247,0.32188,0.67778,normalised
113.0026593208313,,,0.37872,1.02491,1,,,,,,,,,GP3,0.37872,1.02491,0.32188,0.67778,normalised
113.0196180343628,,,0.37809,1.02509,1,,,,,,,,,GP3,0.37809,1.02509,0.32188,0.67778,normalised
113.03618717193604,,,0.37729,1.02523,1,,,,,,,,,GP3,0.37729,1.02523,0.32188,0.67778,normalised
113.05205035209656,,,0.37665,1.02516,1,,,,,,,,,GP3,0.37665,1.02516,0.32188,0.67778,normalised
113.06762909889221,,,0.37606,1.0251,1,,,,,,,,,GP3,0.37606,1.0251,0.32188,0.67778,normalised
113.08516144752502,,,0.37574,1.02499,1,,,,,,,,,GP3,0.37574,1.02499,0.32188,0.67778,normalised
113.09908699989319,,,0.3758,1.02491,1,,,,,,,,,GP3,0.3758,1.02491,0.32188,0.67778,normalised
113.11803102493286,,,0.37585,1.02484,1,,,,,,,,,GP3,0.37585,1.02484,0.32188,0.67778,normalised
113.1322603225708,,,0.37533,1.02492,1,,,,,,,,,GP3,0.37533,1.02492,0.32188,0.67778,normalised
113.15004301071167,,,0.37487,1.02514,1,,,,,,,,,GP3,0.37487,1.02514,0.32188,0.67778,normalised
113.1649968624115,,,0.37444,1.02534,1,,,,,,,,,GP3,0.37444,1.02534,0.32188,0.67778,normalised
113.18011808395386,,,0.37368,1.02548,1,,,,,,,,,GP3,0.37368,1.02548,0.32188,0.67778,normalised
113.19778656959534,,,0.37259,1.02578,1,,,,,,,,,GP3,0.37259,1.02578,0.32188,0.67778,normalised
113.21232676506042,,,0.37156,1.02606,1,,,,,,,,,GP3,0.37156,1.02606,0.32188,0.67778,normalised
113.22898077964783,,,0.37135,1.02635,1,,,,,,,,,GP3,0.37135,1.02635,0.32188,0.67778,normalised
113.24560952186584,,,0.37118,1.02661,1,,,,,,,,,GP3,0.37118,1.02661,0.32188,0.67778,normalised
113.26179432868958,,,0.37103,1.02685,1,,,,,,,,,GP3,0.37103,1.02685,0.32188,0.67778,normalised
113.27870416641235,,,0.37104,1.02698,1,,,,,,,,,GP3,0.37104,1.02698,0.32188,0.67778,normalised
113.29447603225708,,,0.37177,1.02788,1,,,,,,,,,GP3,0.37177,1.02788,0.32188,0.67778,normalised
113.31007432937622,,,0.37247,1.02874,1,,,,,,,,,GP3,0.37247,1.02874,0.32188,0.67778,normalised
113.32602882385254,,,0.37113,1.02936,1,,,,,,,,,GP3,0.37113,1.02936,0.32188,0.67778,normalised
113.34346723556519,,,0.36819,1.02947,1,,,,,,,,,GP3,0.36819,1.02947,0.32188,0.67778,normalised
113.36069464683533,,,0.34199,1.04052,0,,,,,,,,,GP3,0.34199,1.04052,0.32188,0.67778,normalised
113.37513041496277,,,0.4087,1.0272,0,,,,,,,,,GP3,0.4087,1.0272,0.32188,0.67778,normalised
113.3937726020813,,,0.42945,1.02145,0,,,,,,,,,GP3,0.42945,1.02145,0.32188,0.67778,normalised
113.40846157073975,,,0.4688,0.9965,0,,,,,,,,,GP3,0.4688,0.9965,0.32188,0.67778,normalised
113.42450451850891,,,0.46617,0.95329,0,,,,,,,,,GP3,0.46617,0.95329,0.32188,0.67778,normalised
113.43902349472046,,,0.45858,0.91995,0,,,,,,,,,GP3,0.45858,0.91995,0.32188,0.67778,normalised
113.45653772354126,,,0.44559,0.85193,0,,,,,,,,,GP3,0.44559,0.85193,0.32188,0.67778,normalised
113.47161412239075,,,0.44672,0.80791,0,,,,,,,,,GP3,0.44672,0.80791,0.32188,0.67778,normalised
113.48714017868042,,,0.44566,0.79257,0,,,,,,,,,GP3,0.44566,0.79257,0.32188,0.67778,normalised
113.50343871116638,,,0.43964,0.71679,0,,,,,,,,,GP3,0.43964,0.71679,0.32188,0.67778,normalised
113.52229070663452,,,0.3544,0.53665,0,,,,,,,,,GP3,0.3544,0.53665,0.32188,0.67778,normalised
113.53695726394653,,,0.24932,0.37637,0,,,,,,,,,GP3,0.24932,0.37637,0.32188,0.67778,normalised
113.55188608169556,,,0.0823,0.07728,0,,,,,,,,,GP3,0.0823,0.07728,0.32188,0.67778,normalised
113.57094216346741,,,0.50564,-0.02907,0,,,,,,,,,GP3,0.50564,-0.02907,0.32188,0.67778,normalised
113.58629989624023,,,0.63402,-0.09371,0,,,,,,,,,GP3,0.63402,-0.09371,0.32188,0.67778,normalised
113.60296130180359,,,0.90351,-0.1938,0,,,,,,,,,GP3,0.90351,-0.1938,0.32188,0.67778,normalised
113.61903929710388,,,0.91532,-0.18546,0,,,,,,,,,GP3,0.91532,-0.18546,0.32188,0.67778,normalised
113.63654065132141,,,0.88971,-0.17281,0,,,,,,,,,GP3,0.88971,-0.17281,0.32188,0.67778,normalised
113.65135312080383,,,0.87691,-0.16649,1,,,,,,,,,GP3,0.87691,-0.16649,0.32188,0.67778,normalised
113.66839623451233,,,0.8902,-0.15935,1,,,,,,,,,GP3,0.8902,-0.15935,0.32188,0.67778,normalised
113.6841516494751,,,0.89079,-0.15644,1,,,,,,,,,GP3,0.89079,-0.15644,0.32188,0.67778,normalised
113.69868731498718,,,0.8875,-0.14115,1,,,,,,,,,GP3,0.8875,-0.14115,0.32188,0.67778,normalised
113.71390390396118,,,0.87306,-0.10441,1,,,,,,,,,GP3,0.87306,-0.10441,0.32188,0.67778,normalised
113.73137211799622,,,0.83556,-0.04081,1,,,,,,,,,GP3,0.83556,-0.04081,0.32188,0.67778,normalised
113.74599528312683,,,0.7937,0.05851,0,,,,,,,,,GP3,0.7937,0.05851,0.32188,0.67778,normalised
113.7631504535675,,,0.82373,0.43181,0,,,,,,,,,GP3,0.82373,0.43181,0.32188,0.67778,normalised
113.78163623809814,,,0.83056,0.55827,0,,,,,,,,,GP3,0.83056,0.55827,0.32188,0.67778,normalised
113.79616522789001,,,0.8474,0.80916,0,,,,,,,,,GP3,0.8474,0.80916,0.32188,0.67778,normalised
113.81078600883484,,,0.84313,0.81699,0,,,,,,,,,GP3,0.84313,0.81699,0.32188,0.67778,normalised
113.82771611213684,,,0.83228,0.81982,0,,,,,,,,,GP3,0.83228,0.81982,0.32188,0.67778,normalised
113.84305930137634,,,0.82686,0.82124,1,,,,,,,,,GP3,0.82686,0.82124,0.32188,0.67778,normalised
113.85923314094543,,,0.82731,0.82057,1,,,,,,,,,GP3,0.82731,0.82057,0.32188,0.67778,normalised
113.87594985961914,,,0.82403,0.81672,1,,,,,,,,,GP3,0.82403,0.81672,0.32188,0.67778,normalised
113.89203143119812,,,0.82168,0.81396,1,,,,,,,,,GP3,0.82168,0.81396,0.32188,0.67778,normalised
113.90824770927429,,,0.82252,0.81767,1,,,,,,,,,GP3,0.82252,0.81767,0.32188,0.67778,normalised
113.92475652694702,,,0.82171,0.81845,1,,,,,,,,,GP3,0.82171,0.81845,0.32188,0.67778,normalised
113.9423828125,,,0.82107,0.81907,1,,,,,,,,,GP3,0.82107,0.81907,0.32188,0.67778,normalised
113.95603609085083,,,0.8205,0.82122,1,,,,,,,,,GP3,0.8205,0.82122,0.32188,0.67778,normalised
113.97289204597473,,,0.81904,0.82128,1,,,,,,,,,GP3,0.81904,0.82128,0.32188,0.67778,normalised
113.99013328552246,,,0.8178,0.82133,1,,,,,,,,,GP3,0.8178,0.82133,0.32188,0.67778,normalised
114.007089138031,,,0.82239,0.8186,1,,,,,,,,,GP3,0.82239,0.8186,0.32188,0.67778,normalised
114.02148652076721,,,0.82465,0.81608,1,,,,,,,,,GP3,0.82465,0.81608,0.32188,0.67778,normalised
114.03808164596558,,,0.82663,0.81388,1,,,,,,,,,GP3,0.82663,0.81388,0.32188,0.67778,normalised
114.05459809303284,,,0.82982,0.81186,1,,,,,,,,,GP3,0.82982,0.81186,0.32188,0.67778,normalised
114.07023453712463,,,0.83097,0.80951,1,,,,,,,,,GP3,0.83097,0.80951,0.32188,0.67778,normalised
114.08681678771973,,,0.832,0.80741,1,,,,,,,,,GP3,0.832,0.80741,0.32188,0.67778,normalised
114.10447978973389,,,0.8347,0.80539,1,,,,,,,,,GP3,0.8347,0.80539,0.32188,0.67778,normalised
114.1190083026886,,,0.83627,0.80386,1,,,,,,,,,GP3,0.83627,0.80386,0.32188,0.67778,normalised
114.13488268852234,,,0.86736,0.76915,0,,,,,,,,,GP3,0.86736,0.76915,0.32188,0.67778,normalised
114.15256357192993,,,1.10173,0.46362,0,,,,,,,,,GP3,1.10173,0.46362,0.32188,0.67778,normalised
114.16755819320679,,,1.24402,0.23067,0,,,,,,,,,GP3,1.24402,0.23067,0.32188,0.67778,normalised
114.18361473083496,,,1.55355,-0.29952,0,,,,,,,,,GP3,1.55355,-0.29952,0.32188,0.67778,normalised
114.20422267913818,,,1.79251,-0.82895,0,,,,,,,,,GP3,1.79251,-0.82895,0.32188,0.67778,normalised
114.21566796302795,,,1.85632,-1.10938,0,,,,,,,,,GP3,1.85632,-1.10938,0.32188,0.67778,normalised
114.23206210136414,,,2.02488,-1.67711,0,,,,,,,,,GP3,2.02488,-1.67711,0.32188,0.67778,normalised
114.24962043762207,,,2.08886,-1.84604,0,,,,,,,,,GP3,2.08886,-1.84604,0.32188,0.67778,normalised
114.2642650604248,,,2.0316,-1.8283,0,,,,,,,,,GP3,2.0316,-1.8283,0.32188,0.67778,normalised
114.28131079673767,,,1.99566,-1.86687,0,,,,,,,,,GP3,1.99566,-1.86687,0.32188,0.67778,normalised
114.2958562374115,,,2.08373,-1.90984,0,,,,,,,,,GP3,2.08373,-1.90984,0.32188,0.67778,normalised
114.31236863136292,,,2.06366,-1.92921,0,,,,,,,,,GP3,2.06366,-1.92921,0.32188,0.67778,normalised
114.3286669254303,,,2.07294,-1.96291,0,,,,,,,,,GP3,2.07294,-1.96291,0.32188,0.67778,normalised
114.34907126426697,,,2.17104,-1.99325,0,,,,,,,,,GP3,2.17104,-1.99325,0.32188,0.67778,normalised
114.3629322052002,,,2.14718,-1.99346,0,,,,,,,,,GP3,2.14718,-1.99346,0.32188,0.67778,normalised
114.37747073173523,,,2.11974,-1.92931,1,,,,,,,,,GP3,2.11974,-1.92931,0.32188,0.67778,normalised
114.39427328109741,,,2.09967,-1.73781,0,,,,,,,,,GP3,2.09967,-1.73781,0.32188,0.67778,normalised
114.41179132461548,,,1.88346,-1.23596,0,,,,,,,,,GP3,1.88346,-1.23596,0.32188,0.67778,normalised
114.42556381225586,,,1.75332,-0.93305,0,,,,,,,,,GP3,1.75332,-0.93305,0.32188,0.67778,normalised
114.44235730171204,,,1.55853,-0.40637,0,,,,,,,,,GP3,1.55853,-0.40637,0.32188,0.67778,normalised
114.45759677886963,,,1.47726,-0.28758,0,,,,,,,,,GP3,1.47726,-0.28758,0.32188,0.67778,normalised
114.47541069984436,,,1.45017,-0.24799,0,,,,,,,,,GP3,1.45017,-0.24799,0.32188,0.67778,normalised
114.49074459075928,,,1.43776,-0.17797,0,,,,,,,,,GP3,1.43776,-0.17797,0.32188,0.67778,normalised
114.50812673568726,,,1.39606,-0.18126,0,,,,,,,,,GP3,1.39606,-0.18126,0.32188,0.67778,normalised
114.52278661727905,,,1.38217,-0.18236,0,,,,,,,,,GP3,1.38217,-0.18236,0.32188,0.67778,normalised
114.54035639762878,,,1.4114,-0.19015,1,,,,,,,,,GP3,1.4114,-0.19015,0.32188,0.67778,normalised
114.55564022064209,,,1.39798,-0.2064,1,,,,,,,,,GP3,1.39798,-0.2064,0.32188,0.67778,normalised
114.572425365448,,,1.38903,-0.21723,1,,,,,,,,,GP3,1.38903,-0.21723,0.32188,0.67778,normalised
114.58790159225464,,,1.40601,-0.22134,1,,,,,,,,,GP3,1.40601,-0.22134,0.32188,0.67778,normalised
114.60535669326782,,,1.39862,-0.22433,1,,,,,,,,,GP3,1.39862,-0.22433,0.32188,0.67778,normalised
114.62038278579712,,,1.39288,-0.22666,1,,,,,,,,,GP3,1.39288,-0.22666,0.32188,0.67778,normalised
114.63613677024841,,,1.40169,-0.22555,1,,,,,,,,,GP3,1.40169,-0.22555,0.32188,0.67778,normalised
114.65379309654236,,,1.38241,-0.20194,1,,,,,,,,,GP3,1.38241,-0.20194,0.32188,0.67778,normalised
114.66830611228943,,,1.36906,-0.18775,1,,,,,,,,,GP3,1.36906,-0.18775,0.32188,0.67778,normalised
114.68470668792725,,,1.38373,-0.2075,1,,,,,,,,,GP3,1.38373,-0.2075,0.32188,0.67778,normalised
114.70209860801697,,,1.37541,-0.21074,1,,,,,,,,,GP3,1.37541,-0.21074,0.32188,0.67778,normalised
114.7168619632721,,,1.37062,-0.22021,1,,,,,,,,,GP3,1.37062,-0.22021,0.32188,0.67778,normalised
114.73429131507874,,,1.39423,-0.25529,1,,,,,,,,,GP3,1.39423,-0.25529,0.32188,0.67778,normalised
114.75030636787415,,,1.40557,-0.31778,0,,,,,,,,,GP3,1.40557,-0.31778,0.32188,0.67778,normalised
114.76783847808838,,,1.4607,-0.49733,0,,,,,,,,,GP3,1.4607,-0.49733,0.32188,0.67778,normalised
114.7813982963562,,,1.53206,-0.51553,0,,,,,,,,,GP3,1.53206,-0.51553,0.32188,0.67778,normalised
114.79890513420105,,,1.55407,-0.50986,0,,,,,,,,,GP3,1.55407,-0.50986,0.32188,0.67778,normalised
114.81385803222656,,,1.54318,-0.45791,0,,,,,,,,,GP3,1.54318,-0.45791,0.32188,0.67778,normalised
114.83127212524414,,,1.63827,-0.60173,0,,,,,,,,,GP3,1.63827,-0.60173,0.32188,0.67778,normalised
114.84582233428955,,,1.71535,-0.84102,0,,,,,,,,,GP3,1.71535,-0.84102,0.32188,0.67778,normalised
114.86443781852722,,,1.80618,-1.25304,0,,,,,,,,,GP3,1.80618,-1.25304,0.32188,0.67778,normalised
114.87922191619873,,,1.93751,-1.49765,0,,,,,,,,,GP3,1.93751,-1.49765,0.32188,0.67778,normalised
114.89546012878418,,,2.05673,-1.90853,0,,,,,,,,,GP3,2.05673,-1.90853,0.32188,0.67778,normalised
114.91046738624573,,,2.06488,-1.9911,0,,,,,,,,,GP3,2.06488,-1.9911,0.32188,0.67778,normalised
114.92697620391846,,,2.14429,-2.05354,0,,,,,,,,,GP3,2.14429,-2.05354,0.32188,0.67778,normalised
114.94331407546997,,,2.18908,-2.14247,0,,,,,,,,,GP3,2.18908,-2.14247,0.32188,0.67778,normalised
114.95888304710388,,,2.19009,-2.15889,0,,,,,,,,,GP3,2.19009,-2.15889,0.32188,0.67778,normalised
114.97698760032654,,,2.2321,-2.15526,0,,,,,,,,,GP3,2.2321,-2.15526,0.32188,0.67778,normalised
114.993727684021,,,2.24987,-2.11983,1,,,,,,,,,GP3,2.24987,-2.11983,0.32188,0.67778,normalised
115.00952529907227,,,2.26053,-2.09858,1,,,,,,,,,GP3,2.26053,-2.09858,0.32188,0.67778,normalised
115.02415370941162,,,2.27376,-2.0968,1,,,,,,,,,GP3,2.27376,-2.0968,0.32188,0.67778,normalised
115.04176640510559,,,2.28959,-2.08942,1,,,,,,,,,GP3,2.28959,-2.08942,0.32188,0.67778,normalised
115.05838871002197,,,2.30146,-2.08388,1,,,,,,,,,GP3,2.30146,-2.08388,0.32188,0.67778,normalised
115.07308840751648,,,2.30781,-2.09213,1,,,,,,,,,GP3,2.30781,-2.09213,0.32188,0.67778,normalised
115.08820939064026,,,2.32549,-2.10276,1,,,,,,,,,GP3,2.32549,-2.10276,0.32188,0.67778,normalised
115.10537266731262,,,2.33995,-2.11147,1,,,,,,,,,GP3,2.33995,-2.11147,0.32188,0.67778,normalised
115.12117528915405,,,2.35104,-2.10496,1,,,,,,,,,GP3,2.35104,-2.10496,0.32188,0.67778,normalised
115.13888549804688,,,2.37226,-2.0962,1,,,,,,,,,GP3,2.37226,-2.0962,0.32188,0.67778,normalised
115.15542697906494,,,2.42383,-2.07699,0,,,,,,,,,GP3,2.42383,-2.07699,0.32188,0.67778,normalised
115.1713216304779,,,2.4847,-2.06653,0,,,,,,,,,GP3,2.4847,-2.06653,0.32188,0.67778,normalised
115.18709945678711,,,2.56093,-2.10364,0,,,,,,,,,GP3,2.56093,-2.10364,0.32188,0.67778,normalised
115.20172572135925,,,2.62108,-2.04634,0,,,,,,,,,GP3,2.62108,-2.04634,0.32188,0.67778,normalised
115.21849083900452,,,2.43282,-1.70683,0,,,,,,,,,GP3,2.43282,-1.70683,0.32188,0.67778,normalised
115.23522019386292,,,2.33308,-1.40715,0,,,,,,,,,GP3,2.33308,-1.40715,0.32188,0.67778,normalised
115.25272250175476,,,2.06417,-0.81601,0,,,,,,,,,GP3,2.06417,-0.81601,0.32188,0.67778,normalised
115.26759362220764,,,1.80678,-0.41337,0,,,,,,,,,GP3,1.80678,-0.41337,0.32188,0.67778,normalised
115.28487491607666,,,1.69876,-0.23975,0,,,,,,,,,GP3,1.69876,-0.23975,0.32188,0.67778,normalised
115.30110287666321,,,1.47369,0.11226,0,,,,,,,,,GP3,1.47369,0.11226,0.32188,0.67778,normalised
115.31576538085938,,,1.40402,0.2062,0,,,,,,,,,GP3,1.40402,0.2062,0.32188,0.67778,normalised
115.33328151702881,,,1.38897,0.25251,0,,,,,,,,,GP3,1.38897,0.25251,0.32188,0.67778,normalised
115.34910178184509,,,1.3507,0.33012,0,,,,,,,,,GP3,1.3507,0.33012,0.32188,0.67778,normalised
115.36579918861389,,,1.32202,0.3298,0,,,,,,,,,GP3,1.32202,0.3298,0.32188,0.67778,normalised
115.38048887252808,,,1.31299,0.32806,0,,,,,,,,,GP3,1.31299,0.32806,0.32188,0.67778,normalised
115.39803075790405,,,1.30848,0.32719,1,,,,,,,,,GP3,1.30848,0.32719,0.32188,0.67778,normalised
115.41229796409607,,,1.30525,0.32851,1,,,,,,,,,GP3,1.30525,0.32851,0.32188,0.67778,normalised
115.42870903015137,,,1.30243,0.32759,1,,,,,,,,,GP3,1.30243,0.32759,0.32188,0.67778,normalised
115.44555497169495,,,1.30042,0.32693,1,,,,,,,,,GP3,1.30042,0.32693,0.32188,0.67778,normalised
115.46302509307861,,,1.30175,0.32019,1,,,,,,,,,GP3,1.30175,0.32019,0.32188,0.67778,normalised
115.47676372528076,,,1.30024,0.31499,1,,,,,,,,,GP3,1.30024,0.31499,0.32188,0.67778,normalised
115.49502205848694,,,1.29904,0.31083,1,,,,,,,,,GP3,1.29904,0.31083,0.32188,0.67778,normalised
115.50881767272949,,,1.29498,0.30849,1,,,,,,,,,GP3,1.29498,0.30849,0.32188,0.67778,normalised
115.52543807029724,,,1.28687,0.30572,1,,,,,,,,,GP3,1.28687,0.30572,0.32188,0.67778,normalised
115.5429437160492,,,1.28423,0.29716,1,,,,,,,,,GP3,1.28423,0.29716,0.32188,0.67778,normalised
115.55750441551208,,,1.2911,0.28224,1,,,,,,,,,GP3,1.2911,0.28224,0.32188,0.67778,normalised
115.57436633110046,,,1.29715,0.26284,1,,,,,,,,,GP3,1.29715,0.26284,0.32188,0.67778,normalised
115.5938093662262,,,1.30598,0.20835,0,,,,,,,,,GP3,1.30598,0.20835,0.32188,0.67778,normalised
115.60848379135132,,,1.4395,0.00052,0,,,,,,,,,GP3,1.4395,0.00052,0.32188,0.67778,normalised
115.62295269966125,,,1.46391,-0.0675,0,,,,,,,,,GP3,1.46391,-0.0675,0.32188,0.67778,normalised
115.63890600204468,,,1.53283,-0.2048,0,,,,,,,,,GP3,1.53283,-0.2048,0.32188,0.67778,normalised
115.65516471862793,,,1.55385,-0.19366,0,,,,,,,,,GP3,1.55385,-0.19366,0.32188,0.67778,normalised
115.67284989356995,,,1.53902,-0.20745,0,,,,,,,,,GP3,1.53902,-0.20745,0.32188,0.67778,normalised
115.68767881393433,,,1.5316,-0.21434,1,,,,,,,,,GP3,1.5316,-0.21434,0.32188,0.67778,normalised
115.70437049865723,,,1.53918,-0.21058,1,,,,,,,,,GP3,1.53918,-0.21058,0.32188,0.67778,normalised
115.7191858291626,,,1.53157,-0.20628,1,,,,,,,,,GP3,1.53157,-0.20628,0.32188,0.67778,normalised
115.73592567443848,,,1.52613,-0.20322,1,,,,,,,,,GP3,1.52613,-0.20322,0.32188,0.67778,normalised
115.75159072875977,,,1.52936,-0.19978,1,,,,,,,,,GP3,1.52936,-0.19978,0.32188,0.67778,normalised
115.76913356781006,,,1.52668,-0.20023,1,,,,,,,,,GP3,1.52668,-0.20023,0.32188,0.67778,normalised
115.78432536125183,,,1.52453,-0.2006,1,,,,,,,,,GP3,1.52453,-0.2006,0.32188,0.67778,normalised
115.80207657814026,,,1.52995,-0.19674,1,,,,,,,,,GP3,1.52995,-0.19674,0.32188,0.67778,normalised
115.81652522087097,,,1.53498,-0.19351,1,,,,,,,,,GP3,1.53498,-0.19351,0.32188,0.67778,normalised
115.83318972587585,,,1.53923,-0.19078,1,,,,,,,,,GP3,1.53923,-0.19078,0.32188,0.67778,normalised
115.84980630874634,,,1.54843,-0.18966,1,,,,,,,,,GP3,1.54843,-0.18966,0.32188,0.67778,normalised
115.86681365966797,,,1.55957,-0.19002,1,,,,,,,,,GP3,1.55957,-0.19002,0.32188,0.67778,normalised
115.88158822059631,,,1.56931,-0.19033,1,,,,,,,,,GP3,1.56931,-0.19033,0.32188,0.67778,normalised
115.89933323860168,,,1.57263,-0.19113,1,,,,,,,,,GP3,1.57263,-0.19113,0.32188,0.67778,normalised
115.91403937339783,,,1.57541,-0.18965,1,,,,,,,,,GP3,1.57541,-0.18965,0.32188,0.67778,normalised
115.93202710151672,,,1.60809,-0.17964,0,,,,,,,,,GP3,1.60809,-0.17964,0.32188,0.67778,normalised
115.94864058494568,,,1.60922,-0.17248,0,,,,,,,,,GP3,1.60922,-0.17248,0.32188,0.67778,normalised
115.96328210830688,,,1.58592,-0.14684,0,,,,,,,,,GP3,1.58592,-0.14684,0.32188,0.67778,normalised
115.9807825088501,,,1.57427,-0.13402,1,,,,,,,,,GP3,1.57427,-0.13402,0.32188,0.67778,normalised
115.99419069290161,,,1.58355,-0.14188,1,,,,,,,,,GP3,1.58355,-0.14188,0.32188,0.67778,normalised
116.01127409934998,,,1.58666,-0.15127,1,,,,,,,,,GP3,1.58666,-0.15127,0.32188,0.67778,normalised
116.02728915214539,,,1.58888,-0.15798,1,,,,,,,,,GP3,1.58888,-0.15798,0.32188,0.67778,normalised
116.04467439651489,,,1.59634,-0.16063,1,,,,,,,,,GP3,1.59634,-0.16063,0.32188,0.67778,normalised
116.05944967269897,,,1.60407,-0.15578,1,,,,,,,,,GP3,1.60407,-0.15578,0.32188,0.67778,normalised
116.07689452171326,,,1.61025,-0.15191,1,,,,,,,,,GP3,1.61025,-0.15191,0.32188,0.67778,normalised
116.09327101707458,,,1.6115,-0.1564,1,,,,,,,,,GP3,1.6115,-0.1564,0.32188,0.67778,normalised
116.10769772529602,,,1.61101,-0.16383,1,,,,,,,,,GP3,1.61101,-0.16383,0.32188,0.67778,normalised
116.12450647354126,,,1.61456,-0.17643,1,,,,,,,,,GP3,1.61456,-0.17643,0.32188,0.67778,normalised
116.1411919593811,,,1.621,-0.1958,1,,,,,,,,,GP3,1.621,-0.1958,0.32188,0.67778,normalised
116.15641474723816,,,1.62873,-0.22054,1,,,,,,,,,GP3,1.62873,-0.22054,0.32188,0.67778,normalised
116.17294836044312,,,1.66116,-0.29012,0,,,,,,,,,GP3,1.66116,-0.29012,0.32188,0.67778,normalised
116.18977999687195,,,1.7522,-0.54077,0,,,,,,,,,GP3,1.7522,-0.54077,0.32188,0.67778,normalised
116.20716571807861,,,1.7757,-0.57664,0,,,,,,,,,GP3,1.7757,-0.57664,0.32188,0.67778,normalised
116.22191524505615,,,1.80023,-0.64386,0,,,,,,,,,GP3,1.80023,-0.64386,0.32188,0.67778,normalised
116.23955583572388,,,1.71838,-0.47817,0,,,,,,,,,GP3,1.71838,-0.47817,0.32188,0.67778,normalised
116.25348424911499,,,1.64,-0.32242,0,,,,,,,,,GP3,1.64,-0.32242,0.32188,0.67778,normalised
116.27069234848022,,,1.47976,-0.02748,0,,,,,,,,,GP3,1.47976,-0.02748,0.32188,0.67778,normalised
116.28720211982727,,,1.48684,0.20005,0,,,,,,,,,GP3,1.48684,0.20005,0.32188,0.67778,normalised
116.30402874946594,,,1.57847,0.33655,0,,,,,,,,,GP3,1.57847,0.33655,0.32188,0.67778,normalised
116.31829285621643,,,1.67247,0.5489,0,,,,,,,,,GP3,1.67247,0.5489,0.32188,0.67778,normalised
116.33701920509338,,,1.21811,0.34237,0,,,,,,,,,GP3,1.21811,0.34237,0.32188,0.67778,normalised
116.35157990455627,,,1.06327,0.27175,0,,,,,,,,,GP3,1.06327,0.27175,0.32188,0.67778,normalised
116.36825323104858,,,0.75941,0.11944,0,,,,,,,,,GP3,0.75941,0.11944,0.32188,0.67778,normalised
116.38221168518066,,,0.74933,0.08415,0,,,,,,,,,GP3,0.74933,0.08415,0.32188,0.67778,normalised
116.39946150779724,,,0.74845,0.04657,0,,,,,,,,,GP3,0.74845,0.04657,0.32188,0.67778,normalised
116.4170036315918,,,0.74694,-0.02105,0,,,,,,,,,GP3,0.74694,-0.02105,0.32188,0.67778,normalised
116.43152189254761,,,0.73699,-0.07125,0,,,,,,,,,GP3,0.73699,-0.07125,0.32188,0.67778,normalised
116.44905018806458,,,0.73989,-0.06944,0,,,,,,,,,GP3,0.73989,-0.06944,0.32188,0.67778,normalised
116.46357321739197,,,0.74133,-0.06853,1,,,,,,,,,GP3,0.74133,-0.06853,0.32188,0.67778,normalised
116.48110318183899,,,0.76171,-0.0502,1,,,,,,,,,GP3,0.76171,-0.0502,0.32188,0.67778,normalised
116.49511384963989,,,0.79218,-0.00284,1,,,,,,,,,GP3,0.79218,-0.00284,0.32188,0.67778,normalised
116.5126371383667,,,0.81394,0.031,1,,,,,,,,,GP3,0.81394,0.031,0.32188,0.67778,normalised
116.53015875816345,,,0.758,-0.07597,1,,,,,,,,,GP3,0.758,-0.07597,0.32188,0.67778,normalised
116.54766845703125,,,0.71237,-0.1575,1,,,,,,,,,GP3,0.71237,-0.1575,0.32188,0.67778,normalised
116.56233501434326,,,0.67587,-0.22273,1,,,,,,,,,GP3,0.67587,-0.22273,0.32188,0.67778,normalised
116.57986354827881,,,0.63207,-0.30636,0,,,,,,,,,GP3,0.63207,-0.30636,0.32188,0.67778,normalised
116.59266877174377,,,0.44758,-0.5675,0,,,,,,,,,GP3,0.44758,-0.5675,0.32188,0.67778,normalised
116.61018919944763,,,0.38608,-0.65455,0,,,,,,,,,GP3,0.38608,-0.65455,0.32188,0.67778,normalised
116.62617301940918,,,0.27512,-0.83233,0,,,,,,,,,GP3,0.27512,-0.83233,0.32188,0.67778,normalised
116.64271283149719,,,0.29425,-0.82521,0,,,,,,,,,GP3,0.29425,-0.82521,0.32188,0.67778,normalised
116.65836143493652,,,0.30063,-0.82284,0,,,,,,,,,GP3,0.30063,-0.82284,0.32188,0.67778,normalised
116.67582273483276,,,0.29443,-0.83981,1,,,,,,,,,GP3,0.29443,-0.83981,0.32188,0.67778,normalised
116.6919116973877,,,0.30164,-0.84848,1,,,,,,,,,GP3,0.30164,-0.84848,0.32188,0.67778,normalised
116.70690417289734,,,0.30645,-0.85426,1,,,,,,,,,GP3,0.30645,-0.85426,0.32188,0.67778,normalised
116.72298264503479,,,0.27531,-0.85074,1,,,,,,,,,GP3,0.27531,-0.85074,0.32188,0.67778,normalised
116.74033999443054,,,0.26135,-0.85152,1,,,,,,,,,GP3,0.26135,-0.85152,0.32188,0.67778,normalised
116.75532078742981,,,0.2505,-0.85213,1,,,,,,,,,GP3,0.2505,-0.85213,0.32188,0.67778,normalised
116.77189469337463,,,0.23561,-0.8515,1,,,,,,,,,GP3,0.23561,-0.8515,0.32188,0.67778,normalised
116.7875988483429,,,0.22662,-0.84698,1,,,,,,,,,GP3,0.22662,-0.84698,0.32188,0.67778,normalised
116.80504250526428,,,0.21914,-0.84322,1,,,,,,,,,GP3,0.21914,-0.84322,0.32188,0.67778,normalised
116.81956171989441,,,0.20694,-0.84194,1,,,,,,,,,GP3,0.20694,-0.84194,0.32188,0.67778,normalised
116.83600091934204,,,0.19623,-0.83882,1,,,,,,,,,GP3,0.19623,-0.83882,0.32188,0.67778,normalised
116.85273861885071,,,0.15853,-0.83943,0,,,,,,,,,GP3,0.15853,-0.83943,0.32188,0.67778,normalised
116.86715340614319,,,0.10608,-0.84962,0,,,,,,,,,GP3,0.10608,-0.84962,0.32188,0.67778,normalised
116.88631629943848,,,0.10707,-0.85504,0,,,,,,,,,GP3,0.10707,-0.85504,0.32188,0.67778,normalised
116.90110850334167,,,0.10757,-0.85775,1,,,,,,,,,GP3,0.10757,-0.85775,0.32188,0.67778,normalised
116.91847252845764,,,0.1059,-0.86267,1,,,,,,,,,GP3,0.1059,-0.86267,0.32188,0.67778,normalised
116.93444418907166,,,0.11489,-0.879,1,,,,,,,,,GP3,0.11489,-0.879,0.32188,0.67778,normalised
116.9489974975586,,,0.1213,-0.89067,1,,,,,,,,,GP3,0.1213,-0.89067,0.32188,0.67778,normalised
116.96692299842834,,,0.11882,-0.89154,1,,,,,,,,,GP3,0.11882,-0.89154,0.32188,0.67778,normalised
116.984548330307,,,0.11969,-0.89888,1,,,,,,,,,GP3,0.11969,-0.89888,0.32188,0.67778,normalised
116.99906420707703,,,0.12039,-0.90476,1,,,,,,,,,GP3,0.12039,-0.90476,0.32188,0.67778,normalised
117.01399111747742,,,0.1155,-0.90076,1,,,,,,,,,GP3,0.1155,-0.90076,0.32188,0.67778,normalised
117.03088808059692,,,0.11016,-0.89612,1,,,,,,,,,GP3,0.11016,-0.89612,0.32188,0.67778,normalised
117.04573702812195,,,0.10326,-0.91174,1,,,,,,,,,GP3,0.10326,-0.91174,0.32188,0.67778,normalised
117.06318998336792,,,0.09562,-0.94566,1,,,,,,,,,GP3,0.09562,-0.94566,0.32188,0.67778,normalised
117.07786512374878,,,0.08515,-1.03829,0,,,,,,,,,GP3,0.08515,-1.03829,0.32188,0.67778,normalised
117.09520983695984,,,0.03027,-1.55441,0,,,,,,,,,GP3,0.03027,-1.55441,0.32188,0.67778,normalised
117.1111273765564,,,0.01053,-1.72123,0,,,,,,,,,GP3,0.01053,-1.72123,0.32188,0.67778,normalised
117.12897109985352,,,-0.00103,-2.08538,0,,,,,,,,,GP3,-0.00103,-2.08538,0.32188,0.67778,normalised
117.14249205589294,,,0.02473,-2.10806,0,,,,,,,,,GP3,0.02473,-2.10806,0.32188,0.67778,normalised
117.16102910041809,,,-0.0017,-2.04359,0,,,,,,,,,GP3,-0.0017,-2.04359,0.32188,0.67778,normalised
117.17489719390869,,,0.00232,-2.02691,1,,,,,,,,,GP3,0.00232,-2.02691,0.32188,0.67778,normalised
117.19105839729309,,,0.00473,-2.0169,1,,,,,,,,,GP3,0.00473,-2.0169,0.32188,0.67778,normalised
117.20859122276306,,,-0.01645,-1.996,1,,,,,,,,,GP3,-0.01645,-1.996,0.32188,0.67778,normalised
117.2234559059143,,,-0.03563,-1.96603,1,,,,,,,,,GP3,-0.03563,-1.96603,0.32188,0.67778,normalised
117.24069356918335,,,-0.05001,-1.94355,1,,,,,,,,,GP3,-0.05001,-1.94355,0.32188,0.67778,normalised
117.2567994594574,,,-0.05795,-1.93282,1,,,,,,,,,GP3,-0.05795,-1.93282,0.32188,0.67778,normalised
117.27272939682007,,,-0.06518,-1.91974,1,,,,,,,,,GP3,-0.06518,-1.91974,0.32188,0.67778,normalised
117.28974390029907,,,-0.07109,-1.90904,1,,,,,,,,,GP3,-0.07109,-1.90904,0.32188,0.67778,normalised
117.30646991729736,,,-0.0704,-1.91098,1,,,,,,,,,GP3,-0.0704,-1.91098,0.32188,0.67778,normalised
117.32142996788025,,,-0.06965,-1.91122,1,,,,,,,,,GP3,-0.06965,-1.91122,0.32188,0.67778,normalised
117.33786964416504,,,-0.08463,-1.87865,0,,,,,,,,,GP3,-0.08463,-1.87865,0.32188,0.67778,normalised
117.35409641265869,,,-0.07903,-1.89336,0,,,,,,,,,GP3,-0.07903,-1.89336,0.32188,0.67778,normalised
117.37065291404724,,,-0.07601,-1.91786,0,,,,,,,,,GP3,-0.07601,-1.91786,0.32188,0.67778,normalised
117.387686252594,,,-0.07451,-1.93011,1,,,,,,,,,GP3,-0.07451,-1.93011,0.32188,0.67778,normalised
117.4023334980011,,,-0.0822,-1.92398,1,,,,,,,,,GP3,-0.0822,-1.92398,0.32188,0.67778,normalised
117.41875410079956,,,-0.09536,-1.90655,1,,,,,,,,,GP3,-0.09536,-1.90655,0.32188,0.67778,normalised
117.4334728717804,,,-0.10475,-1.89409,1,,,,,,,,,GP3,-0.10475,-1.89409,0.32188,0.67778,normalised
117.45149111747742,,,-0.11146,-1.88743,1,,,,,,,,,GP3,-0.11146,-1.88743,0.32188,0.67778,normalised
117.46600008010864,,,-0.12123,-1.87318,1,,,,,,,,,GP3,-0.12123,-1.87318,0.32188,0.67778,normalised
117.48470640182495,,,-0.12904,-1.86178,1,,,,,,,,,GP3,-0.12904,-1.86178,0.32188,0.67778,normalised
117.50162053108215,,,-0.1297,-1.85681,1,,,,,,,,,GP3,-0.1297,-1.85681,0.32188,0.67778,normalised
117.51545190811157,,,-0.1299,-1.84969,1,,,,,,,,,GP3,-0.1299,-1.84969,0.32188,0.67778,normalised
117.53329372406006,,,-0.13007,-1.84366,1,,,,,,,,,GP3,-0.13007,-1.84366,0.32188,0.67778,normalised
117.54886269569397,,,-0.12425,-1.84469,1,,,,,,,,,GP3,-0.12425,-1.84469,0.32188,0.67778,normalised
117.56638860702515,,,-0.11589,-1.84883,1,,,,,,,,,GP3,-0.11589,-1.84883,0.32188,0.67778,normalised
117.58005237579346,,,-0.11994,-1.82658,0,,,,,,,,,GP3,-0.11994,-1.82658,0.32188,0.67778,normalised
117.59695172309875,,,-0.07686,-1.87988,0,,,,,,,,,GP3,-0.07686,-1.87988,0.32188,0.67778,normalised
117.61303400993347,,,-0.0426,-1.90848,0,,,,,,,,,GP3,-0.0426,-1.90848,0.32188,0.67778,normalised
117.62772822380066,,,0.00603,-1.95485,0,,,,,,,,,GP3,0.00603,-1.95485,0.32188,0.67778,normalised
117.64443898200989,,,-0.0567,-1.88998,0,,,,,,,,,GP3,-0.0567,-1.88998,0.32188,0.67778,normalised
117.66112971305847,,,-0.07645,-1.83163,0,,,,,,,,,GP3,-0.07645,-1.83163,0.32188,0.67778,normalised
117.67735624313354,,,-0.11711,-1.75166,0,,,,,,,,,GP3,-0.11711,-1.75166,0.32188,0.67778,normalised
117.69424200057983,,,-0.1132,-1.79222,0,,,,,,,,,GP3,-0.1132,-1.79222,0.32188,0.67778,normalised
117.70954871177673,,,-0.0957,-1.81227,0,,,,,,,,,GP3,-0.0957,-1.81227,0.32188,0.67778,normalised
117.72610592842102,,,-0.0769,-1.84584,0,,,,,,,,,GP3,-0.0769,-1.84584,0.32188,0.67778,normalised
117.74286389350891,,,-0.07284,-1.86907,0,,,,,,,,,GP3,-0.07284,-1.86907,0.32188,0.67778,normalised
117.75795578956604,,,-0.06124,-1.86736,0,,,,,,,,,GP3,-0.06124,-1.86736,0.32188,0.67778,normalised
117.77534127235413,,,-0.05436,-1.84593,1,,,,,,,,,GP3,-0.05436,-1.84593,0.32188,0.67778,normalised
117.7924907207489,,,-0.0619,-1.8153,1,,,,,,,,,GP3,-0.0619,-1.8153,0.32188,0.67778,normalised
117.8071084022522,,,-0.06412,-1.76478,1,,,,,,,,,GP3,-0.06412,-1.76478,0.32188,0.67778,normalised
117.82215142250061,,,-0.06366,-1.71614,1,,,,,,,,,GP3,-0.06366,-1.71614,0.32188,0.67778,normalised
117.83869290351868,,,-0.06985,-1.68277,1,,,,,,,,,GP3,-0.06985,-1.68277,0.32188,0.67778,normalised
117.85431241989136,,,-0.07917,-1.65644,1,,,,,,,,,GP3,-0.07917,-1.65644,0.32188,0.67778,normalised
117.87175130844116,,,-0.08607,-1.59516,0,,,,,,,,,GP3,-0.08607,-1.59516,0.32188,0.67778,normalised
117.88674259185791,,,-0.06966,-1.38473,0,,,,,,,,,GP3,-0.06966,-1.38473,0.32188,0.67778,normalised
117.90332078933716,,,-0.06744,-1.25305,0,,,,,,,,,GP3,-0.06744,-1.25305,0.32188,0.67778,normalised
117.92103433609009,,,-0.05118,-1.02324,0,,,,,,,,,GP3,-0.05118,-1.02324,0.32188,0.67778,normalised
117.93555879592896,,,-0.01648,-1.01801,0,,,,,,,,,GP3,-0.01648,-1.01801,0.32188,0.67778,normalised
117.95234489440918,,,-0.01302,-1.05133,0,,,,,,,,,GP3,-0.01302,-1.05133,0.32188,0.67778,normalised
117.96912860870361,,,-0.00416,-1.11793,0,,,,,,,,,GP3,-0.00416,-1.11793,0.32188,0.67778,normalised
117.98449063301086,,,0.01552,-1.17782,0,,,,,,,,,GP3,0.01552,-1.17782,0.32188,0.67778,normalised
118.00133562088013,,,0.04338,-1.21167,0,,,,,,,,,GP3,0.04338,-1.21167,0.32188,0.67778,normalised
118.01715350151062,,,0.07384,-1.31666,0,,,,,,,,,GP3,0.07384,-1.31666,0.32188,0.67778,normalised
118.03458452224731,,,0.0266,-1.43217,0,,,,,,,,,GP3,0.0266,-1.43217,0.32188,0.67778,normalised
118.05027770996094,,,0.01977,-1.52287,0,,,,,,,,,GP3,0.01977,-1.52287,0.32188,0.67778,normalised
118.06479954719543,,,-0.00915,-1.70686,0,,,,,,,,,GP3,-0.00915,-1.70686,0.32188,0.67778,normalised
118.08069038391113,,,-0.08095,-1.73735,0,,,,,,,,,GP3,-0.08095,-1.73735,0.32188,0.67778,normalised
118.09780049324036,,,-0.1101,-1.73334,0,,,,,,,,,GP3,-0.1101,-1.73334,0.32188,0.67778,normalised
118.11232471466064,,,-0.16319,-1.73948,0,,,,,,,,,GP3,-0.16319,-1.73948,0.32188,0.67778,normalised
118.12900710105896,,,-0.1365,-1.7976,0,,,,,,,,,GP3,-0.1365,-1.7976,0.32188,0.67778,normalised
118.14560389518738,,,-0.13627,-1.77803,0,,,,,,,,,GP3,-0.13627,-1.77803,0.32188,0.67778,normalised
118.16288876533508,,,-0.13616,-1.76824,1,,,,,,,,,GP3,-0.13616,-1.76824,0.32188,0.67778,normalised
118.17754459381104,,,-0.12499,-1.79944,1,,,,,,,,,GP3,-0.12499,-1.79944,0.32188,0.67778,normalised
118.19384551048279,,,-0.1097,-1.82182,1,,,,,,,,,GP3,-0.1097,-1.82182,0.32188,0.67778,normalised
118.21135091781616,,,-0.09878,-1.83781,1,,,,,,,,,GP3,-0.09878,-1.83781,0.32188,0.67778,normalised
118.22739481925964,,,-0.09613,-1.83922,1,,,,,,,,,GP3,-0.09613,-1.83922,0.32188,0.67778,normalised
118.24509143829346,,,-0.0865,-1.84435,1,,,,,,,,,GP3,-0.0865,-1.84435,0.32188,0.67778,normalised
118.25971245765686,,,-0.07879,-1.84845,1,,,,,,,,,GP3,-0.07879,-1.84845,0.32188,0.67778,normalised
118.27561330795288,,,-0.07382,-1.85742,1,,,,,,,,,GP3,-0.07382,-1.85742,0.32188,0.67778,normalised
118.29172205924988,,,-0.06645,-1.86597,1,,,,,,,,,GP3,-0.06645,-1.86597,0.32188,0.67778,normalised
118.30914568901062,,,-0.06021,-1.87321,1,,,,,,,,,GP3,-0.06021,-1.87321,0.32188,0.67778,normalised
118.32335901260376,,,-0.05637,-1.88013,1,,,,,,,,,GP3,-0.05637,-1.88013,0.32188,0.67778,normalised
118.34086155891418,,,-0.02729,-1.91916,0,,,,,,,,,GP3,-0.02729,-1.91916,0.32188,0.67778,normalised
118.35547542572021,,,0.01284,-1.98068,0,,,,,,,,,GP3,0.01284,-1.98068,0.32188,0.67778,normalised
118.37159657478333,,,0.00467,-1.96471,0,,,,,,,,,GP3,0.00467,-1.96471,0.32188,0.67778,normalised
118.3879656791687,,,0.02347,-1.97006,1,,,,,,,,,GP3,0.02347,-1.97006,0.32188,0.67778,normalised
118.40548181533813,,,0.03474,-1.97327,1,,,,,,,,,GP3,0.03474,-1.97327,0.32188,0.67778,normalised
118.42162656784058,,,0.02359,-1.96365,1,,,,,,,,,GP3,0.02359,-1.96365,0.32188,0.67778,normalised
118.4391713142395,,,0.02749,-1.9599,1,,,,,,,,,GP3,0.02749,-1.9599,0.32188,0.67778,normalised
118.45340132713318,,,0.03042,-1.95708,1,,,,,,,,,GP3,0.03042,-1.95708,0.32188,0.67778,normalised
118.47140765190125,,,0.02756,-1.95433,1,,,,,,,,,GP3,0.02756,-1.95433,0.32188,0.67778,normalised
118.48470067977905,,,0.03145,-1.95821,1,,,,,,,,,GP3,0.03145,-1.95821,0.32188,0.67778,normalised
118.5016176700592,,,0.03463,-1.96139,1,,,,,,,,,GP3,0.03463,-1.96139,0.32188,0.67778,normalised
118.51932001113892,,,0.0252,-1.95216,1,,,,,,,,,GP3,0.0252,-1.95216,0.32188,0.67778,normalised
118.53595232963562,,,0.01766,-1.94358,1,,,,,,,,,GP3,0.01766,-1.94358,0.32188,0.67778,normalised
118.55009865760803,,,0.0112,-1.93621,1,,,,,,,,,GP3,0.0112,-1.93621,0.32188,0.67778,normalised
118.56747770309448,,,0.00404,-1.93112,1,,,,,,,,,GP3,0.00404,-1.93112,0.32188,0.67778,normalised
118.58424663543701,,,-0.0025,-1.92541,1,,,,,,,,,GP3,-0.0025,-1.92541,0.32188,0.67778,normalised
118.59829211235046,,,-0.02509,-1.87889,0,,,,,,,,,GP3,-0.02509,-1.87889,0.32188,0.67778,normalised
118.61484265327454,,,-0.02751,-1.6405,0,,,,,,,,,GP3,-0.02751,-1.6405,0.32188,0.67778,normalised
118.63231754302979,,,-0.00358,-1.47371,0,,,,,,,,,GP3,-0.00358,-1.47371,0.32188,0.67778,normalised
118.64745926856995,,,0.03523,-1.13175,0,,,,,,,,,GP3,0.03523,-1.13175,0.32188,0.67778,normalised
118.664959192276,,,0.05926,-0.97629,0,,,,,,,,,GP3,0.05926,-0.97629,0.32188,0.67778,normalised
118.67936110496521,,,0.06739,-0.92584,0,,,,,,,,,GP3,0.06739,-0.92584,0.32188,0.67778,normalised
118.6972188949585,,,0.08353,-0.82357,0,,,,,,,,,GP3,0.08353,-0.82357,0.32188,0.67778,normalised
118.71249055862427,,,0.0707,-0.80491,0,,,,,,,,,GP3,0.0707,-0.80491,0.32188,0.67778,normalised
118.72996163368225,,,0.0604,-0.79939,0,,,,,,,,,GP3,0.0604,-0.79939,0.32188,0.67778,normalised
118.74634099006653,,,0.05525,-0.79663,1,,,,,,,,,GP3,0.05525,-0.79663,0.32188,0.67778,normalised
118.76402759552002,,,0.05168,-0.79275,1,,,,,,,,,GP3,0.05168,-0.79275,0.32188,0.67778,normalised
118.77806901931763,,,0.04911,-0.78829,1,,,,,,,,,GP3,0.04911,-0.78829,0.32188,0.67778,normalised
118.79451155662537,,,0.04727,-0.78511,1,,,,,,,,,GP3,0.04727,-0.78511,0.32188,0.67778,normalised
118.81137585639954,,,0.0476,-0.78594,1,,,,,,,,,GP3,0.0476,-0.78594,0.32188,0.67778,normalised
118.82505941390991,,,0.04673,-0.789,1,,,,,,,,,GP3,0.04673,-0.789,0.32188,0.67778,normalised
118.84190630912781,,,0.04603,-0.79145,1,,,,,,,,,GP3,0.04603,-0.79145,0.32188,0.67778,normalised
118.86171674728394,,,0.04798,-0.79278,1,,,,,,,,,GP3,0.04798,-0.79278,0.32188,0.67778,normalised
118.87380480766296,,,0.04543,-0.79105,1,,,,,,,,,GP3,0.04543,-0.79105,0.32188,0.67778,normalised
118.88935852050781,,,0.04327,-0.78959,1,,,,,,,,,GP3,0.04327,-0.78959,0.32188,0.67778,normalised
118.90693926811218,,,0.04194,-0.78806,1,,,,,,,,,GP3,0.04194,-0.78806,0.32188,0.67778,normalised
118.9244875907898,,,0.03886,-0.78671,1,,,,,,,,,GP3,0.03886,-0.78671,0.32188,0.67778,normalised
118.93847799301147,,,0.03678,-0.78167,1,,,,,,,,,GP3,0.03678,-0.78167,0.32188,0.67778,normalised
118.95590686798096,,,0.0372,-0.7728,1,,,,,,,,,GP3,0.0372,-0.7728,0.32188,0.67778,normalised
118.97168159484863,,,0.03577,-0.75974,1,,,,,,,,,GP3,0.03577,-0.75974,0.32188,0.67778,normalised
118.98727917671204,,,0.03546,-0.74427,1,,,,,,,,,GP3,0.03546,-0.74427,0.32188,0.67778,normalised
119.00402545928955,,,0.03271,-0.69449,0,,,,,,,,,GP3,0.03271,-0.69449,0.32188,0.67778,normalised
119.01886343955994,,,0.05225,-0.5847,0,,,,,,,,,GP3,0.05225,-0.5847,0.32188,0.67778,normalised
119.03773641586304,,,0.04197,-0.65219,0,,,,,,,,,GP3,0.04197,-0.65219,0.32188,0.67778,normalised
119.05224657058716,,,0.03657,-0.81375,0,,,,,,,,,GP3,0.03657,-0.81375,0.32188,0.67778,normalised
119.06891417503357,,,-0.01043,-1.15474,0,,,,,,,,,GP3,-0.01043,-1.15474,0.32188,0.67778,normalised
119.08447265625,,,-0.04141,-1.3759,0,,,,,,,,,GP3,-0.04141,-1.3759,0.32188,0.67778,normalised
119.10218739509583,,,-0.0923,-1.73598,0,,,,,,,,,GP3,-0.0923,-1.73598,0.32188,0.67778,normalised
119.11696314811707,,,-0.10846,-1.78543,0,,,,,,,,,GP3,-0.10846,-1.78543,0.32188,0.67778,normalised
119.1313853263855,,,-0.11385,-1.80192,0,,,,,,,,,GP3,-0.11385,-1.80192,0.32188,0.67778,normalised
119.14889812469482,,,-0.12296,-1.85834,0,,,,,,,,,GP3,-0.12296,-1.85834,0.32188,0.67778,normalised
119.16668033599854,,,-0.24148,-1.76472,0,,,,,,,,,GP3,-0.24148,-1.76472,0.32188,0.67778,normalised
119.1815345287323,,,-0.28099,-1.73351,0,,,,,,,,,GP3,-0.28099,-1.73351,0.32188,0.67778,normalised
119.19922971725464,,,-0.16725,-1.74546,0,,,,,,,,,GP3,-0.16725,-1.74546,0.32188,0.67778,normalised
119.21280002593994,,,-0.00995,-1.78356,0,,,,,,,,,GP3,-0.00995,-1.78356,0.32188,0.67778,normalised
119.22951793670654,,,0.04248,-1.79626,0,,,,,,,,,GP3,0.04248,-1.79626,0.32188,0.67778,normalised
119.24753260612488,,,0.2058,-1.65306,0,,,,,,,,,GP3,0.2058,-1.65306,0.32188,0.67778,normalised
119.26206731796265,,,0.24946,-1.48035,0,,,,,,,,,GP3,0.24946,-1.48035,0.32188,0.67778,normalised
119.27966475486755,,,0.26401,-1.42278,0,,,,,,,,,GP3,0.26401,-1.42278,0.32188,0.67778,normalised
119.29585909843445,,,0.32152,-1.28813,0,,,,,,,,,GP3,0.32152,-1.28813,0.32188,0.67778,normalised
119.30983400344849,,,0.31538,-1.46429,0,,,,,,,,,GP3,0.31538,-1.46429,0.32188,0.67778,normalised
119.32891917228699,,,0.31334,-1.52302,0,,,,,,,,,GP3,0.31334,-1.52302,0.32188,0.67778,normalised
119.34295511245728,,,0.27299,-1.61597,0,,,,,,,,,GP3,0.27299,-1.61597,0.32188,0.67778,normalised
119.36036610603333,,,0.06462,-1.63306,0,,,,,,,,,GP3,0.06462,-1.63306,0.32188,0.67778,normalised
119.3769257068634,,,-0.00484,-1.63876,0,,,,,,,,,GP3,-0.00484,-1.63876,0.32188,0.67778,normalised
119.39297151565552,,,0.07632,-1.44351,0,,,,,,,,,GP3,0.07632,-1.44351,0.32188,0.67778,normalised
119.40704464912415,,,0.23414,-1.37559,0,,,,,,,,,GP3,0.23414,-1.37559,0.32188,0.67778,normalised
119.42360019683838,,,0.28674,-1.35295,0,,,,,,,,,GP3,0.28674,-1.35295,0.32188,0.67778,normalised
119.4401524066925,,,0.43547,-1.21824,0,,,,,,,,,GP3,0.43547,-1.21824,0.32188,0.67778,normalised
119.45674991607666,,,0.39813,-1.28929,0,,,,,,,,,GP3,0.39813,-1.28929,0.32188,0.67778,normalised
119.47128629684448,,,0.38568,-1.31297,0,,,,,,,,,GP3,0.38568,-1.31297,0.32188,0.67778,normalised
119.48871660232544,,,0.4187,-1.26038,1,,,,,,,,,GP3,0.4187,-1.26038,0.32188,0.67778,normalised
119.50425958633423,,,0.40343,-1.27539,1,,,,,,,,,GP3,0.40343,-1.27539,0.32188,0.67778,normalised
119.52070450782776,,,0.39324,-1.2854,1,,,,,,,,,GP3,0.39324,-1.2854,0.32188,0.67778,normalised
119.53615260124207,,,0.42889,-1.26587,1,,,,,,,,,GP3,0.42889,-1.26587,0.32188,0.67778,normalised
119.55291485786438,,,0.43735,-1.28418,1,,,,,,,,,GP3,0.43735,-1.28418,0.32188,0.67778,normalised
119.56863069534302,,,0.44392,-1.29842,1,,,,,,,,,GP3,0.44392,-1.29842,0.32188,0.67778,normalised
119.58668112754822,,,0.49117,-1.25162,1,,,,,,,,,GP3,0.49117,-1.25162,0.32188,0.67778,normalised
119.60147857666016,,,0.52007,-1.20933,1,,,,,,,,,GP3,0.52007,-1.20933,0.32188,0.67778,normalised
119.61813259124756,,,0.54415,-1.17408,1,,,,,,,,,GP3,0.54415,-1.17408,0.32188,0.67778,normalised
119.63560795783997,,,0.57846,-1.15264,1,,,,,,,,,GP3,0.57846,-1.15264,0.32188,0.67778,normalised
119.6513819694519,,,0.64731,-1.10417,0,,,,,,,,,GP3,0.64731,-1.10417,0.32188,0.67778,normalised
119.66890025138855,,,0.84565,-0.97422,0,,,,,,,,,GP3,0.84565,-0.97422,0.32188,0.67778,normalised
119.68260073661804,,,0.91758,-0.91619,0,,,,,,,,,GP3,0.91758,-0.91619,0.32188,0.67778,normalised
119.70061731338501,,,1.06497,-0.85178,0,,,,,,,,,GP3,1.06497,-0.85178,0.32188,0.67778,normalised
119.71483993530273,,,1.07722,-0.88136,0,,,,,,,,,GP3,1.07722,-0.88136,0.32188,0.67778,normalised
119.73248791694641,,,1.06933,-0.90314,0,,,,,,,,,GP3,1.06933,-0.90314,0.32188,0.67778,normalised
119.7464611530304,,,1.08942,-0.91438,1,,,,,,,,,GP3,1.08942,-0.91438,0.32188,0.67778,normalised
119.76315259933472,,,1.10147,-0.92112,1,,,,,,,,,GP3,1.10147,-0.92112,0.32188,0.67778,normalised
119.7807309627533,,,1.09365,-0.90555,1,,,,,,,,,GP3,1.09365,-0.90555,0.32188,0.67778,normalised
119.79675602912903,,,1.09775,-0.88811,1,,,,,,,,,GP3,1.09775,-0.88811,0.32188,0.67778,normalised
119.81178450584412,,,1.09857,-0.86413,1,,,,,,,,,GP3,1.09857,-0.86413,0.32188,0.67778,normalised
119.83023738861084,,,1.09058,-0.85042,1,,,,,,,,,GP3,1.09058,-0.85042,0.32188,0.67778,normalised
119.8468189239502,,,1.08486,-0.81627,1,,,,,,,,,GP3,1.08486,-0.81627,0.32188,0.67778,normalised
119.85960817337036,,,1.07738,-0.77581,1,,,,,,,,,GP3,1.07738,-0.77581,0.32188,0.67778,normalised
119.87633681297302,,,1.06796,-0.73227,1,,,,,,,,,GP3,1.06796,-0.73227,0.32188,0.67778,normalised
119.89274859428406,,,1.06574,-0.69816,1,,,,,,,,,GP3,1.06574,-0.69816,0.32188,0.67778,normalised
119.90829610824585,,,1.0616,-0.63352,0,,,,,,,,,GP3,1.0616,-0.63352,0.32188,0.67778,normalised
119.92501449584961,,,1.01029,-0.42266,0,,,,,,,,,GP3,1.01029,-0.42266,0.32188,0.67778,normalised
119.94290351867676,,,1.01716,-0.44116,0,,,,,,,,,GP3,1.01716,-0.44116,0.32188,0.67778,normalised
119.95860457420349,,,1.00693,-0.38938,0,,,,,,,,,GP3,1.00693,-0.38938,0.32188,0.67778,normalised
119.97357940673828,,,0.9705,-0.33999,0,,,,,,,,,GP3,0.9705,-0.33999,0.32188,0.67778,normalised
119.99094319343567,,,0.97232,-0.38453,0,,,,,,,,,GP3,0.97232,-0.38453,0.32188,0.67778,normalised
120.00549530982971,,,0.97324,-0.40679,1,,,,,,,,,GP3,0.97324,-0.40679,0.32188,0.67778,normalised
120.02301120758057,,,0.95748,-0.37506,1,,,,,,,,,GP3,0.95748,-0.37506,0.32188,0.67778,normalised
120.0404224395752,,,0.94742,-0.36073,1,,,,,,,,,GP3,0.94742,-0.36073,0.32188,0.67778,normalised
120.05497479438782,,,0.94024,-0.3505,1,,,,,,,,,GP3,0.94024,-0.3505,0.32188,0.67778,normalised
120.07002449035645,,,0.93488,-0.33527,1,,,,,,,,,GP3,0.93488,-0.33527,0.32188,0.67778,normalised
120.0865638256073,,,0.92836,-0.33287,1,,,,,,,,,GP3,0.92836,-0.33287,0.32188,0.67778,normalised
120.10234355926514,,,0.92314,-0.33096,1,,,,,,,,,GP3,0.92314,-0.33096,0.32188,0.67778,normalised
120.1184344291687,,,0.92475,-0.31397,1,,,,,,,,,GP3,0.92475,-0.31397,0.32188,0.67778,normalised
120.13488554954529,,,0.92096,-0.30684,1,,,,,,,,,GP3,0.92096,-0.30684,0.32188,0.67778,normalised
120.15235567092896,,,0.91774,-0.3008,1,,,,,,,,,GP3,0.91774,-0.3008,0.32188,0.67778,normalised
120.16703677177429,,,0.91895,-0.29879,1,,,,,,,,,GP3,0.91895,-0.29879,0.32188,0.67778,normalised
120.18453669548035,,,0.91806,-0.30288,1,,,,,,,,,GP3,0.91806,-0.30288,0.32188,0.67778,normalised
120.19938564300537,,,0.89864,-0.273,0,,,,,,,,,GP3,0.89864,-0.273,0.32188,0.67778,normalised
120.21884441375732,,,0.92434,-0.34875,0,,,,,,,,,GP3,0.92434,-0.34875,0.32188,0.67778,normalised
120.23284077644348,,,0.94203,-0.38077,0,,,,,,,,,GP3,0.94203,-0.38077,0.32188,0.67778,normalised
120.24940824508667,,,0.96829,-0.43805,0,,,,,,,,,GP3,0.96829,-0.43805,0.32188,0.67778,normalised
120.26602172851562,,,0.97141,-0.38723,0,,,,,,,,,GP3,0.97141,-0.38723,0.32188,0.67778,normalised
120.28046154975891,,,0.96973,-0.39048,0,,,,,,,,,GP3,0.96973,-0.39048,0.32188,0.67778,normalised
120.29724931716919,,,0.96889,-0.3921,1,,,,,,,,,GP3,0.96889,-0.3921,0.32188,0.67778,normalised
120.31348085403442,,,0.95866,-0.42425,1,,,,,,,,,GP3,0.95866,-0.42425,0.32188,0.67778,normalised
120.3312919139862,,,0.93583,-0.36262,1,,,,,,,,,GP3,0.93583,-0.36262,0.32188,0.67778,normalised
120.34723949432373,,,0.93583,-0.36262,1,,,,,,,,,GP3,0.93583,-0.36262,0.32188,0.67778,normalised
120.3649365901947,,,0.92471,-0.33162,1,,,,,,,,,GP3,0.92471,-0.33162,0.32188,0.67778,normalised
120.37947511672974,,,0.92471,-0.33162,1,,,,,,,,,GP3,0.92471,-0.33162,0.32188,0.67778,normalised
120.399729013443,,,0.91636,-0.30838,1,,,,,,,,,GP3,0.91636,-0.30838,0.32188,0.67778,normalised
120.41075682640076,,,0.91636,-0.30838,1,,,,,,,,,GP3,0.91636,-0.30838,0.32188,0.67778,normalised
120.42969870567322,,,0.90611,-0.2773,1,,,,,,,,,GP3,0.90611,-0.2773,0.32188,0.67778,normalised
120.44427824020386,,,0.90611,-0.2773,1,,,,,,,,,GP3,0.90611,-0.2773,0.32188,0.67778,normalised
120.46197438240051,,,0.89788,-0.2463,1,,,,,,,,,GP3,0.89788,-0.2463,0.32188,0.67778,normalised
120.47558569908142,,,0.89788,-0.2463,1,,,,,,,,,GP3,0.89788,-0.2463,0.32188,0.67778,normalised
120.4937629699707,,,0.89116,-0.22094,1,,,,,,,,,GP3,0.89116,-0.22094,0.32188,0.67778,normalised
120.50735402107239,,,0.89116,-0.22094,1,,,,,,,,,GP3,0.89116,-0.22094,0.32188,0.67778,normalised
120.52811479568481,,,0.87742,-0.20788,1,,,,,,,,,GP3,0.87742,-0.20788,0.32188,0.67778,normalised
120.53972053527832,,,0.87742,-0.20788,1,,,,,,,,,GP3,0.87742,-0.20788,0.32188,0.67778,normalised
120.55854606628418,,,0.87742,-0.20788,1,,,,,,,,,GP3,0.87742,-0.20788,0.32188,0.67778,normalised
120.57830500602722,,,0.87424,-0.19842,1,,,,,,,,,GP3,0.87424,-0.19842,0.32188,0.67778,normalised
120.58973550796509,,,0.87424,-0.19842,1,,,,,,,,,GP3,0.87424,-0.19842,0.32188,0.67778,normalised
120.61025261878967,,,0.85508,-0.14957,0,,,,,,,,,GP3,0.85508,-0.14957,0.32188,0.67778,normalised
120.62176322937012,,,0.85508,-0.14957,0,,,,,,,,,GP3,0.85508,-0.14957,0.32188,0.67778,normalised
120.64244723320007,,,0.84691,-0.06972,0,,,,,,,,,GP3,0.84691,-0.06972,0.32188,0.67778,normalised
120.65404772758484,,,0.8515,-0.00974,0,,,,,,,,,GP3,0.8515,-0.00974,0.32188,0.67778,normalised
120.66864132881165,,,0.87544,-0.01832,0,,,,,,,,,GP3,0.87544,-0.01832,0.32188,0.67778,normalised
120.68607068061829,,,0.9054,-0.20738,0,,,,,,,,,GP3,0.9054,-0.20738,0.32188,0.67778,normalised
120.70061922073364,,,0.97926,-0.55704,0,,,,,,,,,GP3,0.97926,-0.55704,0.32188,0.67778,normalised
120.7188470363617,,,1.0717,-1.01898,0,,,,,,,,,GP3,1.0717,-1.01898,0.32188,0.67778,normalised
120.73336410522461,,,1.11009,-1.30994,0,,,,,,,,,GP3,1.11009,-1.30994,0.32188,0.67778,normalised
120.75088405609131,,,1.19406,-1.68691,0,,,,,,,,,GP3,1.19406,-1.68691,0.32188,0.67778,normalised
120.76798701286316,,,1.27801,-1.6968,0,,,,,,,,,GP3,1.27801,-1.6968,0.32188,0.67778,normalised
120.78250861167908,,,1.30599,-1.70009,0,,,,,,,,,GP3,1.30599,-1.70009,0.32188,0.67778,normalised
120.80000972747803,,,1.32235,-1.79319,0,,,,,,,,,GP3,1.32235,-1.79319,0.32188,0.67778,normalised
120.81653904914856,,,1.3013,-1.92428,0,,,,,,,,,GP3,1.3013,-1.92428,0.32188,0.67778,normalised
120.83037233352661,,,1.29428,-1.96798,0,,,,,,,,,GP3,1.29428,-1.96798,0.32188,0.67778,normalised
120.84709024429321,,,1.22089,-2.01652,0,,,,,,,,,GP3,1.22089,-2.01652,0.32188,0.67778,normalised
120.86378622055054,,,1.10179,-1.9681,0,,,,,,,,,GP3,1.10179,-1.9681,0.32188,0.67778,normalised
120.88120150566101,,,1.06209,-1.95197,0,,,,,,,,,GP3,1.06209,-1.95197,0.32188,0.67778,normalised
120.89498472213745,,,0.962,-1.85471,0,,,,,,,,,GP3,0.962,-1.85471,0.32188,0.67778,normalised
120.9115219116211,,,0.824,-1.80195,0,,,,,,,,,GP3,0.824,-1.80195,0.32188,0.67778,normalised
120.92784643173218,,,0.778,-1.78436,0,,,,,,,,,GP3,0.778,-1.78436,0.32188,0.67778,normalised
120.94524669647217,,,0.75637,-1.72897,0,,,,,,,,,GP3,0.75637,-1.72897,0.32188,0.67778,normalised
120.96046710014343,,,0.74054,-1.7343,0,,,,,,,,,GP3,0.74054,-1.7343,0.32188,0.67778,normalised
120.97785449028015,,,0.73526,-1.73608,0,,,,,,,,,GP3,0.73526,-1.73608,0.32188,0.67778,normalised
120.99302697181702,,,0.79153,-1.7697,1,,,,,,,,,GP3,0.79153,-1.7697,0.32188,0.67778,normalised
121.0104513168335,,,0.81022,-1.76119,1,,,,,,,,,GP3,0.81022,-1.76119,0.32188,0.67778,normalised
121.02566599845886,,,0.82268,-1.75551,1,,,,,,,,,GP3,0.82268,-1.75551,0.32188,0.67778,normalised
121.04329252243042,,,0.84212,-1.7605,1,,,,,,,,,GP3,0.84212,-1.7605,0.32188,0.67778,normalised
121.0564866065979,,,0.84286,-1.78591,1,,,,,,,,,GP3,0.84286,-1.78591,0.32188,0.67778,normalised
121.07297468185425,,,0.84343,-1.80567,1,,,,,,,,,GP3,0.84343,-1.80567,0.32188,0.67778,normalised
121.09000301361084,,,0.86401,-1.82526,1,,,,,,,,,GP3,0.86401,-1.82526,0.32188,0.67778,normalised
121.10753846168518,,,0.86955,-1.81619,1,,,,,,,,,GP3,0.86955,-1.81619,0.32188,0.67778,normalised
121.12255024909973,,,0.87416,-1.80863,1,,,,,,,,,GP3,0.87416,-1.80863,0.32188,0.67778,normalised
121.14027237892151,,,0.88244,-1.80984,1,,,,,,,,,GP3,0.88244,-1.80984,0.32188,0.67778,normalised
121.15488958358765,,,0.90472,-1.82886,0,,,,,,,,,GP3,0.90472,-1.82886,0.32188,0.67778,normalised
121.17169952392578,,,0.88165,-1.741,0,,,,,,,,,GP3,0.88165,-1.741,0.32188,0.67778,normalised
121.1870424747467,,,0.88591,-1.56679,0,,,,,,,,,GP3,0.88591,-1.56679,0.32188,0.67778,normalised
121.2040696144104,,,0.82602,-1.20369,0,,,,,,,,,GP3,0.82602,-1.20369,0.32188,0.67778,normalised
121.22090244293213,,,0.76449,-0.82341,0,,,,,,,,,GP3,0.76449,-0.82341,0.32188,0.67778,normalised
121.23442149162292,,,0.79106,-0.69511,0,,,,,,,,,GP3,0.79106,-0.69511,0.32188,0.67778,normalised
121.25338315963745,,,0.76509,-0.4009,0,,,,,,,,,GP3,0.76509,-0.4009,0.32188,0.67778,normalised
121.27012991905212,,,0.7566,-0.36097,0,,,,,,,,,GP3,0.7566,-0.36097,0.32188,0.67778,normalised
121.284836769104,,,0.79906,-0.39733,0,,,,,,,,,GP3,0.79906,-0.39733,0.32188,0.67778,normalised
121.30175471305847,,,0.82191,-0.41532,1,,,,,,,,,GP3,0.82191,-0.41532,0.32188,0.67778,normalised
121.31794500350952,,,0.83561,-0.42612,1,,,,,,,,,GP3,0.83561,-0.42612,0.32188,0.67778,normalised
121.3324556350708,,,0.84411,-0.4463,1,,,,,,,,,GP3,0.84411,-0.4463,0.32188,0.67778,normalised
121.3511393070221,,,0.84591,-0.45283,1,,,,,,,,,GP3,0.84591,-0.45283,0.32188,0.67778,normalised
121.3655846118927,,,0.84726,-0.45773,1,,,,,,,,,GP3,0.84726,-0.45773,0.32188,0.67778,normalised
121.38080358505249,,,0.85316,-0.45378,1,,,,,,,,,GP3,0.85316,-0.45378,0.32188,0.67778,normalised
121.39779567718506,,,0.86105,-0.45238,1,,,,,,,,,GP3,0.86105,-0.45238,0.32188,0.67778,normalised
121.41364431381226,,,0.86751,-0.45123,1,,,,,,,,,GP3,0.86751,-0.45123,0.32188,0.67778,normalised
121.43024230003357,,,0.87778,-0.45295,1,,,,,,,,,GP3,0.87778,-0.45295,0.32188,0.67778,normalised
121.44517683982849,,,0.88891,-0.44804,1,,,,,,,,,GP3,0.88891,-0.44804,0.32188,0.67778,normalised
121.46406102180481,,,0.92209,-0.45764,0,,,,,,,,,GP3,0.92209,-0.45764,0.32188,0.67778,normalised
121.47871136665344,,,0.94839,-0.47461,0,,,,,,,,,GP3,0.94839,-0.47461,0.32188,0.67778,normalised
121.49632000923157,,,0.95377,-0.46773,0,,,,,,,,,GP3,0.95377,-0.46773,0.32188,0.67778,normalised
121.51132822036743,,,0.95646,-0.46428,1,,,,,,,,,GP3,0.95646,-0.46428,0.32188,0.67778,normalised
121.52871751785278,,,0.94518,-0.45351,1,,,,,,,,,GP3,0.94518,-0.45351,0.32188,0.67778,normalised
121.54253959655762,,,0.94078,-0.44782,1,,,,,,,,,GP3,0.94078,-0.44782,0.32188,0.67778,normalised
121.55915331840515,,,0.93665,-0.43863,1,,,,,,,,,GP3,0.93665,-0.43863,0.32188,0.67778,normalised
121.57733011245728,,,0.93851,-0.42811,1,,,,,,,,,GP3,0.93851,-0.42811,0.32188,0.67778,normalised
121.59224605560303,,,0.94254,-0.41304,1,,,,,,,,,GP3,0.94254,-0.41304,0.32188,0.67778,normalised
121.60805559158325,,,0.94452,-0.39564,1,,,,,,,,,GP3,0.94452,-0.39564,0.32188,0.67778,normalised
121.62258863449097,,,0.94073,-0.39664,1,,,,,,,,,GP3,0.94073,-0.39664,0.32188,0.67778,normalised
121.63935780525208,,,0.93829,-0.38927,1,,,,,,,,,GP3,0.93829,-0.38927,0.32188,0.67778,normalised
121.65675663948059,,,0.93479,-0.37609,1,,,,,,,,,GP3,0.93479,-0.37609,0.32188,0.67778,normalised
121.6712555885315,,,0.92706,-0.35164,1,,,,,,,,,GP3,0.92706,-0.35164,0.32188,0.67778,normalised
121.68793296813965,,,0.90749,-0.28586,0,,,,,,,,,GP3,0.90749,-0.28586,0.32188,0.67778,normalised
121.70506954193115,,,0.82785,-0.03735,0,,,,,,,,,GP3,0.82785,-0.03735,0.32188,0.67778,normalised
121.71974968910217,,,0.8117,0.06752,0,,,,,,,,,GP3,0.8117,0.06752,0.32188,0.67778,normalised
121.73607206344604,,,0.76224,0.22413,0,,,,,,,,,GP3,0.76224,0.22413,0.32188,0.67778,normalised
121.7532651424408,,,0.7963,0.0249,0,,,,,,,,,GP3,0.7963,0.0249,0.32188,0.67778,normalised
121.77064752578735,,,0.83939,-0.17221,0,,,,,,,,,GP3,0.83939,-0.17221,0.32188,0.67778,normalised
121.78643202781677,,,0.89755,-0.59802,0,,,,,,,,,GP3,0.89755,-0.59802,0.32188,0.67778,normalised
121.80053210258484,,,0.94121,-1.08306,0,,,,,,,,,GP3,0.94121,-1.08306,0.32188,0.67778,normalised
121.81934189796448,,,0.97905,-1.36644,0,,,,,,,,,GP3,0.97905,-1.36644,0.32188,0.67778,normalised
121.83378982543945,,,1.01768,-1.81479,0,,,,,,,,,GP3,1.01768,-1.81479,0.32188,0.67778,normalised
121.85110759735107,,,1.01556,-1.87892,0,,,,,,,,,GP3,1.01556,-1.87892,0.32188,0.67778,normalised
121.86858582496643,,,1.03894,-1.89871,0,,,,,,,,,GP3,1.03894,-1.89871,0.32188,0.67778,normalised
121.88218021392822,,,1.07705,-1.96238,0,,,,,,,,,GP3,1.07705,-1.96238,0.32188,0.67778,normalised
121.89822244644165,,,1.10453,-1.98408,0,,,,,,,,,GP3,1.10453,-1.98408,0.32188,0.67778,normalised
121.91522240638733,,,1.12365,-1.98134,0,,,,,,,,,GP3,1.12365,-1.98134,0.32188,0.67778,normalised
121.93123364448547,,,1.11213,-1.93303,1,,,,,,,,,GP3,1.11213,-1.93303,0.32188,0.67778,normalised
121.94741916656494,,,1.10521,-1.90405,1,,,,,,,,,GP3,1.10521,-1.90405,0.32188,0.67778,normalised
121.96313858032227,,,1.09675,-1.88003,1,,,,,,,,,GP3,1.09675,-1.88003,0.32188,0.67778,normalised
121.98119497299194,,,1.08886,-1.85969,1,,,,,,,,,GP3,1.08886,-1.85969,0.32188,0.67778,normalised
121.9950020313263,,,1.08294,-1.84444,1,,,,,,,,,GP3,1.08294,-1.84444,0.32188,0.67778,normalised
122.0125379562378,,,1.08458,-1.8484,1,,,,,,,,,GP3,1.08458,-1.8484,0.32188,0.67778,normalised
122.02826881408691,,,1.08742,-1.84912,1,,,,,,,,,GP3,1.08742,-1.84912,0.32188,0.67778,normalised
122.04318857192993,,,1.08974,-1.84972,1,,,,,,,,,GP3,1.08974,-1.84972,0.32188,0.67778,normalised
122.06192469596863,,,1.09107,-1.8527,1,,,,,,,,,GP3,1.09107,-1.8527,0.32188,0.67778,normalised
122.07571697235107,,,1.09257,-1.8541,1,,,,,,,,,GP3,1.09257,-1.8541,0.32188,0.67778,normalised
122.09275960922241,,,1.09385,-1.85531,1,,,,,,,,,GP3,1.09385,-1.85531,0.32188,0.67778,normalised
122.10848903656006,,,1.0831,-1.81796,0,,,,,,,,,GP3,1.0831,-1.81796,0.32188,0.67778,normalised
122.12590074539185,,,1.04706,-1.82108,0,,,,,,,,,GP3,1.04706,-1.82108,0.32188,0.67778,normalised
122.14262270927429,,,1.02669,-1.70641,0,,,,,,,,,GP3,1.02669,-1.70641,0.32188,0.67778,normalised
122.15715003013611,,,0.97993,-1.43973,0,,,,,,,,,GP3,0.97993,-1.43973,0.32188,0.67778,normalised
122.17390632629395,,,0.92148,-0.9661,0,,,,,,,,,GP3,0.92148,-0.9661,0.32188,0.67778,normalised
122.19080138206482,,,0.87204,-0.6307,0,,,,,,,,,GP3,0.87204,-0.6307,0.32188,0.67778,normalised
122.20486235618591,,,0.80896,-0.07969,0,,,,,,,,,GP3,0.80896,-0.07969,0.32188,0.67778,normalised
122.22240591049194,,,0.80219,0.07941,0,,,,,,,,,GP3,0.80219,0.07941,0.32188,0.67778,normalised
122.23990249633789,,,0.79993,0.13245,0,,,,,,,,,GP3,0.79993,0.13245,0.32188,0.67778,normalised
122.25352501869202,,,0.78965,0.24935,0,,,,,,,,,GP3,0.78965,0.24935,0.32188,0.67778,normalised
122.27011394500732,,,0.80013,0.26095,0,,,,,,,,,GP3,0.80013,0.26095,0.32188,0.67778,normalised
122.28854584693909,,,0.80362,0.26482,0,,,,,,,,,GP3,0.80362,0.26482,0.32188,0.67778,normalised
122.30333232879639,,,0.80765,0.26202,1,,,,,,,,,GP3,0.80765,0.26202,0.32188,0.67778,normalised
122.32077550888062,,,0.81773,0.2575,1,,,,,,,,,GP3,0.81773,0.2575,0.32188,0.67778,normalised
122.3354024887085,,,0.82445,0.25448,1,,,,,,,,,GP3,0.82445,0.25448,0.32188,0.67778,normalised
122.35301327705383,,,0.81801,0.25818,1,,,,,,,,,GP3,0.81801,0.25818,0.32188,0.67778,normalised
122.36761474609375,,,0.81931,0.25441,1,,,,,,,,,GP3,0.81931,0.25441,0.32188,0.67778,normalised
122.3859601020813,,,0.81842,0.25788,1,,,,,,,,,GP3,0.81842,0.25788,0.32188,0.67778,normalised
122.40036725997925,,,0.81533,0.26756,1,,,,,,,,,GP3,0.81533,0.26756,0.32188,0.67778,normalised
122.41754841804504,,,0.80945,0.28445,1,,,,,,,,,GP3,0.80945,0.28445,0.32188,0.67778,normalised
122.43219470977783,,,0.80261,0.30522,1,,,,,,,,,GP3,0.80261,0.30522,0.32188,0.67778,normalised
122.44974064826965,,,0.79526,0.32783,1,,,,,,,,,GP3,0.79526,0.32783,0.32188,0.67778,normalised
122.4642584323883,,,0.79128,0.35597,1,,,,,,,,,GP3,0.79128,0.35597,0.32188,0.67778,normalised
122.48189854621887,,,0.79128,0.35597,1,,,,,,,,,GP3,0.79128,0.35597,0.32188,0.67778,normalised
122.49848246574402,,,0.79128,0.35597,1,,,,,,,,,GP3,0.79128,0.35597,0.32188,0.67778,normalised
122.51596903800964,,,0.79128,0.35597,1,,,,,,,,,GP3,0.79128,0.35597,0.32188,0.67778,normalised
122.53209090232849,,,0.7898,0.37181,0,,,,,,,,,GP3,0.7898,0.37181,0.32188,0.67778,normalised
122.54956412315369,,,0.7898,0.37181,0,,,,,,,,,GP3,0.7898,0.37181,0.32188,0.67778,normalised
122.56414985656738,,,0.7898,0.37181,0,,,,,,,,,GP3,0.7898,0.37181,0.32188,0.67778,normalised
122.58169078826904,,,0.0,0.0,0,,,,,,,,,GP3,0.0,0.0,0.32188,0.67778,normalised
122.59675455093384,,,0.0,0.0,0,,,,,,,,,GP3,0.0,0.0,0.32188,0.67778,normalised
122.61296725273132,,,0.0,0.0,0,,,,,,,,,GP3,0.0,0.0,0.32188,0.67778,normalised
122.6278064250946,,,0.0,0.0,0,,,,,,,,,GP3,0.0,0.0,0.32188,0.67778,normalised
122.64472341537476,,,0.0,0.0,0,,,,,,,,,GP3,0.0,0.0,0.32188,0.67778,normalised
122.66133785247803,,,0.0,0.0,0,,,,,,,,,GP3,0.0,0.0,0.32188,0.67778,normalised
122.678471326828,,,0.0,0.0,0,,,,,,,,,GP3,0.0,0.0,0.32188,0.67778,normalised
122.69468760490417,,,0.0,0.0,0,,,,,,,,,GP3,0.0,0.0,0.32188,0.67778,normalised
122.71212410926819,,,0.0,0.0,0,,,,,,,,,GP3,0.0,0.0,0.32188,0.67778,normalised
122.72664284706116,,,0.0,0.0,0,,,,,,,,,GP3,0.0,0.0,0.32188,0.67778,normalised
122.74255871772766,,,0.0,0.0,0,,,,,,,,,GP3,0.0,0.0,0.32188,0.67778,normalised
122.75918579101562,,,0.0,0.0,0,,,,,,,,,GP3,0.0,0.0,0.32188,0.67778,normalised
122.77649474143982,,,0.0,0.0,0,,,,,,,,,GP3,0.0,0.0,0.32188,0.67778,normalised
122.79018926620483,,,0.0,0.0,0,,,,,,,,,GP3,0.0,0.0,0.32188,0.67778,normalised
122.80647540092468,,,0.0,0.0,0,,,,,,,,,GP3,0.0,0.0,0.32188,0.67778,normalised
122.82536220550537,,,0.77073,0.65601,0,,,,,,,,,GP3,0.77073,0.65601,0.32188,0.67778,normalised
122.83706593513489,,,0.75947,0.50283,0,,,,,,,,,GP3,0.75947,0.50283,0.32188,0.67778,normalised
122.85472130775452,,,0.76197,0.41025,0,,,,,,,,,GP3,0.76197,0.41025,0.32188,0.67778,normalised
122.87057781219482,,,0.7698,0.2183,0,,,,,,,,,GP3,0.7698,0.2183,0.32188,0.67778,normalised
122.88509130477905,,,0.8106,0.0804,0,,,,,,,,,GP3,0.8106,0.0804,0.32188,0.67778,normalised
122.90056848526001,,,0.83297,0.00858,0,,,,,,,,,GP3,0.83297,0.00858,0.32188,0.67778,normalised
122.91819047927856,,,0.87208,-0.1251,0,,,,,,,,,GP3,0.87208,-0.1251,0.32188,0.67778,normalised
122.93397569656372,,,0.90028,-0.22281,0,,,,,,,,,GP3,0.90028,-0.22281,0.32188,0.67778,normalised
122.9513533115387,,,0.90539,-0.22898,0,,,,,,,,,GP3,0.90539,-0.22898,0.32188,0.67778,normalised
122.96600246429443,,,0.9319,-0.32573,0,,,,,,,,,GP3,0.9319,-0.32573,0.32188,0.67778,normalised
122.98266124725342,,,0.95273,-0.37375,0,,,,,,,,,GP3,0.95273,-0.37375,0.32188,0.67778,normalised
122.99786019325256,,,0.97209,-0.453,0,,,,,,,,,GP3,0.97209,-0.453,0.32188,0.67778,normalised
123.01599717140198,,,1.01613,-0.65095,0,,,,,,,,,GP3,1.01613,-0.65095,0.32188,0.67778,normalised
123.03378510475159,,,1.25985,-2.08438,0,,,,,,,,,GP3,1.25985,-2.08438,0.32188,0.67778,normalised
123.04650282859802,,,1.47973,-3.11184,0,,,,,,,,,GP3,1.47973,-3.11184,0.32188,0.67778,normalised
123.06211113929749,,,1.81686,-4.92951,0,,,,,,,,,GP3,1.81686,-4.92951,0.32188,0.67778,normalised
123.0812726020813,,,1.21943,-3.35516,0,,,,,,,,,GP3,1.21943,-3.35516,0.32188,0.67778,normalised
123.09459400177002,,,1.11552,-2.9264,0,,,,,,,,,GP3,1.11552,-2.9264,0.32188,0.67778,normalised
123.11139750480652,,,0.81248,-1.97286,0,,,,,,,,,GP3,0.81248,-1.97286,0.32188,0.67778,normalised
123.12900710105896,,,0.75396,-1.96362,0,,,,,,,,,GP3,0.75396,-1.96362,0.32188,0.67778,normalised
123.14373326301575,,,0.85856,-2.13668,0,,,,,,,,,GP3,0.85856,-2.13668,0.32188,0.67778,normalised
123.16148710250854,,,0.87042,-1.95528,1,,,,,,,,,GP3,0.87042,-1.95528,0.32188,0.67778,normalised
123.17723870277405,,,0.81929,-1.8862,1,,,,,,,,,GP3,0.81929,-1.8862,0.32188,0.67778,normalised
123.19448065757751,,,0.81605,-1.80587,0,,,,,,,,,GP3,0.81605,-1.80587,0.32188,0.67778,normalised
123.20912337303162,,,0.80617,-1.68852,0,,,,,,,,,GP3,0.80617,-1.68852,0.32188,0.67778,normalised
123.22651362419128,,,0.73377,-1.64496,0,,,,,,,,,GP3,0.73377,-1.64496,0.32188,0.67778,normalised
123.24129915237427,,,0.73862,-1.49001,0,,,,,,,,,GP3,0.73862,-1.49001,0.32188,0.67778,normalised
123.25883841514587,,,0.78461,-1.4155,0,,,,,,,,,GP3,0.78461,-1.4155,0.32188,0.67778,normalised
123.27349638938904,,,0.70606,-1.5154,0,,,,,,,,,GP3,0.70606,-1.5154,0.32188,0.67778,normalised
123.28968572616577,,,0.68856,-1.58233,0,,,,,,,,,GP3,0.68856,-1.58233,0.32188,0.67778,normalised
123.30617189407349,,,0.68856,-1.58233,0,,,,,,,,,GP3,0.68856,-1.58233,0.32188,0.67778,normalised
123.32601404190063,,,0.61326,-1.66059,0,,,,,,,,,GP3,0.61326,-1.66059,0.32188,0.67778,normalised
123.33921217918396,,,0.53904,-1.79498,0,,,,,,,,,GP3,0.53904,-1.79498,0.32188,0.67778,normalised
123.35371851921082,,,0.53958,-1.82304,0,,,,,,,,,GP3,0.53958,-1.82304,0.32188,0.67778,normalised
123.37078833580017,,,0.48612,-1.72675,0,,,,,,,,,GP3,0.48612,-1.72675,0.32188,0.67778,normalised
123.38744711875916,,,0.42219,-1.63199,0,,,,,,,,,GP3,0.42219,-1.63199,0.32188,0.67778,normalised
123.40147709846497,,,0.45176,-1.65838,0,,,,,,,,,GP3,0.45176,-1.65838,0.32188,0.67778,normalised
123.41907930374146,,,0.44178,-2.34607,0,,,,,,,,,GP3,0.44178,-2.34607,0.32188,0.67778,normalised
123.43659520149231,,,0.43298,-3.08738,0,,,,,,,,,GP3,0.43298,-3.08738,0.32188,0.67778,normalised
123.45132541656494,,,0.41438,-3.47165,0,,,,,,,,,GP3,0.41438,-3.47165,0.32188,0.67778,normalised
123.46873235702515,,,0.40686,-3.59107,0,,,,,,,,,GP3,0.40686,-3.59107,0.32188,0.67778,normalised
123.48547792434692,,,0.38539,-3.86962,0,,,,,,,,,GP3,0.38539,-3.86962,0.32188,0.67778,normalised
123.50168561935425,,,0.37698,-3.89634,0,,,,,,,,,GP3,0.37698,-3.89634,0.32188,0.67778,normalised
123.51652812957764,,,0.38543,-3.87313,0,,,,,,,,,GP3,0.38543,-3.87313,0.32188,0.67778,normalised
123.53399610519409,,,0.38543,-3.87313,1,,,,,,,,,GP3,0.38543,-3.87313,0.32188,0.67778,normalised
123.54864501953125,,,0.38543,-3.87313,1,,,,,,,,,GP3,0.38543,-3.87313,0.32188,0.67778,normalised
123.56616544723511,,,0.2763,-3.50473,0,,,,,,,,,GP3,0.2763,-3.50473,0.32188,0.67778,normalised
123.58292722702026,,,0.05196,-2.8151,0,,,,,,,,,GP3,0.05196,-2.8151,0.32188,0.67778,normalised
123.59997892379761,,,-0.02282,-2.58522,0,,,,,,,,,GP3,-0.02282,-2.58522,0.32188,0.67778,normalised
123.61450958251953,,,-0.04193,-2.51137,0,,,,,,,,,GP3,-0.04193,-2.51137,0.32188,0.67778,normalised
123.63203048706055,,,0.08853,-2.92522,0,,,,,,,,,GP3,0.08853,-2.92522,0.32188,0.67778,normalised
123.64563322067261,,,0.13283,-2.96921,0,,,,,,,,,GP3,0.13283,-2.96921,0.32188,0.67778,normalised
123.66314554214478,,,0.24792,-2.99888,0,,,,,,,,,GP3,0.24792,-2.99888,0.32188,0.67778,normalised
123.67746257781982,,,0.29034,0.08632,0,,,,,,,,,GP3,0.29034,0.08632,0.32188,0.67778,normalised
123.69433164596558,,,0.31301,1.05647,0,,,,,,,,,GP3,0.31301,1.05647,0.32188,0.67778,normalised
123.70901989936829,,,-0.36195,2.08258,0,,,,,,,,,GP3,-0.36195,2.08258,0.32188,0.67778,normalised
123.72556781768799,,,-0.24594,1.78655,0,,,,,,,,,GP3,-0.24594,1.78655,0.32188,0.67778,normalised
123.7421658039093,,,-0.20727,1.68787,0,,,,,,,,,GP3,-0.20727,1.68787,0.32188,0.67778,normalised
123.75825190544128,,,-0.58844,1.30398,0,,,,,,,,,GP3,-0.58844,1.30398,0.32188,0.67778,normalised
123.77563405036926,,,-0.58844,1.30398,0,,,,,,,,,GP3,-0.58844,1.30398,0.32188,0.67778,normalised
123.79014420509338,,,-0.58844,1.30398,0,,,,,,,,,GP3,-0.58844,1.30398,0.32188,0.67778,normalised
123.80945158004761,,,0.0,0.0,0,,,,,,,,,GP3,0.0,0.0,0.32188,0.67778,normalised
123.83401536941528,,,0.0,0.0,0,,,,,,,,,GP3,0.0,0.0,0.32188,0.67778,normalised
123.84551572799683,,,0.0,0.0,0,,,,,,,,,GP3,0.0,0.0,0.32188,0.67778,normalised
123.85917687416077,,,0.0,0.0,0,,,,,,,,,GP3,0.0,0.0,0.32188,0.67778,normalised
123.87969994544983,,,0.0,0.0,0,,,,,,,,,GP3,0.0,0.0,0.32188,0.67778,normalised
123.89404010772705,,,0.0,0.0,0,,,,,,,,,GP3,0.0,0.0,0.32188,0.67778,normalised
123.91069889068604,,,0.0,0.0,0,,,,,,,,,GP3,0.0,0.0,0.32188,0.67778,normalised
123.92778301239014,,,0.0,0.0,0,,,,,,,,,GP3,0.0,0.0,0.32188,0.67778,normalised
123.94705319404602,,,0.0,0.0,0,,,,,,,,,GP3,0.0,0.0,0.32188,0.67778,normalised
123.95840549468994,,,0.0,0.0,0,,,,,,,,,GP3,0.0,0.0,0.32188,0.67778,normalised
123.97882509231567,,,0.0,0.0,0,,,,,,,,,GP3,0.0,0.0,0.32188,0.67778,normalised
123.99335384368896,,,0.0,0.0,0,,,,,,,,,GP3,0.0,0.0,0.32188,0.67778,normalised
