Time_s,FPOGX,FPOGY,FPOGV,CX,CY
0.0,,,0,0.85,0.15
0.016666666666666666,0.8531230903682396,0.14467432014881687,1,0.85,0.15
0.03333333333333333,0.8498812814130046,0.1471641282359895,1,0.85,0.15
0.05,0.8438152936183181,0.15889059097873026,1,0.85,0.15
0.06666666666666667,0.8589533336618679,0.15187157709516425,1,0.85,0.15
0.08333333333333333,0.8513311660875191,0.15291594068744682,1,0.85,0.15
0.1,0.8526235954704123,0.1485738511143344,1,0.85,0.15
0.11666666666666667,0.84952742132654,0.15848180082953753,1,0.85,0.15
0.13333333333333333,0.8508752503749785,0.14913309296972013,1,0.85,0.15
0.15,0.8487951266283253,0.14449073899017037,1,0.85,0.15
0.16666666666666666,0.8531668570949702,0.14525271345355947,1,0.85,0.15
0.18333333333333332,0.8539944046204071,0.15556621724835243,1,0.85,0.15
0.2,0.8523395106953834,0.15103134365797577,1,0.85,0.15
0.21666666666666667,0.8561968303442882,0.14357416586992644,1,0.85,0.15
0.23333333333333334,0.8470734591704184,0.14654697550595855,1,0.85,0.15
0.25,0.8575896503729412,0.14605135596201096,1,0.85,0.15
0.26666666666666666,0.8490070444460287,0.1374778266687364,1,0.85,0.15
0.2833333333333333,0.8516345522623058,0.13734112651755867,1,0.85,0.15
0.3,0.8494419981116197,0.14606810806690576,1,0.85,0.15
0.31666666666666665,0.8511140976691268,0.15404951069384948,1,0.85,0.15
0.3333333333333333,0.8514551148940943,0.14787986835071168,1,0.85,0.15
0.35,0.8555772611327022,0.14594365195594006,1,0.85,0.15
0.36666666666666664,0.8644215584450191,0.14893335455723597,1,0.85,0.15
0.3833333333333333,0.8489006460161995,0.15479392686600876,1,0.85,0.15
0.4,0.852877472183181,0.15149653363172674,1,0.85,0.15
0.4166666666666667,0.8441701550420989,0.1455897037221946,1,0.85,0.15
0.43333333333333335,0.8529982984540752,0.15415371980601142,1,0.85,0.15
0.45,0.8542520321547631,0.1478824917031812,1,0.85,0.15
0.4666666666666667,0.8591241296063131,0.15308239128451656,1,0.85,0.15
0.48333333333333334,0.8600803939815962,0.14861681230039658,1,0.85,0.15
0.5,0.8594700117898565,0.14169381220920077,1,0.85,0.15
0.5166666666666666,0.8544912879564982,0.14699334851262844,1,0.85,0.15
0.5333333333333333,0.8556924224207066,0.1474733976185988,1,0.85,0.15
0.55,0.8515599664904604,0.13827887022207522,1,0.85,0.15
0.5666666666666667,0.8640213508726045,0.15266631625857321,1,0.85,0.15
0.5833333333333334,0.8520679437756344,0.1480132558158446,1,0.85,0.15
0.6,0.8478171035132798,0.1496575593673368,1,0.85,0.15
0.6166666666666667,0.8528842082620972,0.15021600124985018,1,0.85,0.15
0.6333333333333333,0.863306765653425,0.14061941922028012,1,0.85,0.15
0.65,0.8564074770126213,0.150552652203205,1,0.85,0.15
0.6666666666666666,0.860278595237213,0.15098711477728352,1,0.85,0.15
0.6833333333333333,0.8590122883073898,0.15301201877823142,1,0.85,0.15
0.7,0.8549995416030174,0.14509311436014966,1,0.85,0.15
0.7166666666666667,0.8460168505619133,0.14475727180191297,1,0.85,0.15
0.7333333333333333,0.860934061496373,0.1554082472184412,1,0.85,0.15
0.75,0.8504502871934073,0.15174887377112742,1,0.85,0.15
0.7666666666666666,0.8485995090121567,0.14547921942554937,1,0.85,0.15
0.7833333333333333,0.8473392994667173,0.15108148172864427,1,0.85,0.15
0.8,0.8471700142678443,0.14720258255970983,1,0.85,0.15
0.8166666666666667,0.8522332607676559,0.15168494056566914,1,0.85,0.15
0.8333333333333334,0.8540498359478848,0.15443920477205267,1,0.85,0.15
0.85,0.8478970597478719,0.1424750888604104,1,0.85,0.15
0.8666666666666667,0.8486953701186327,0.14636173703636693,1,0.85,0.15
0.8833333333333333,0.8509344390698551,0.1497243808184092,1,0.85,0.15
0.9,0.8503706485620341,0.14948315486318528,1,0.85,0.15
0.9166666666666666,0.8497334692955122,0.14220607068647684,1,0.85,0.15
0.9333333333333333,0.847735297657837,0.14461788334885758,1,0.85,0.15
0.95,0.8498612707224206,0.14784386837417512,1,0.85,0.15
0.9666666666666667,0.8428695794645276,0.14413138772783637,1,0.85,0.15
0.9833333333333333,0.8528849180086439,0.1561390106453456,1,0.85,0.15
1.0,0.8510439785752106,0.15432582135457878,1,0.85,0.15
1.0166666666666666,0.8541800849425277,0.14567594352322294,1,0.85,0.15
1.0333333333333332,0.8543954005520669,0.16242768042762798,1,0.85,0.15
1.05,0.8465560170486116,0.15333821746464849,1,0.85,0.15
1.0666666666666667,0.8586722574046691,0.14776029461530044,1,0.85,0.15
1.0833333333333333,0.8582109375742724,0.1497167405640966,1,0.85,0.15
1.1,0.8562553205587687,0.14206929670521218,1,0.85,0.15
1.1166666666666667,0.8502727999578432,0.151097639697816,1,0.85,0.15
1.1333333333333333,0.8545239658208231,0.14338500011579916,1,0.85,0.15
1.15,0.8517064267383101,0.148521058753435,1,0.85,0.15
1.1666666666666667,0.8572039463707342,0.1470745383146687,1,0.85,0.15
1.1833333333333333,0.8509245281382275,0.14880306584142097,1,0.85,0.15
1.2,0.8470846293831988,0.15841978017207947,1,0.85,0.15
1.2166666666666666,0.8488232701668735,0.1558804625468574,1,0.85,0.15
1.2333333333333334,0.8498514824305026,0.149934157171001,1,0.85,0.15
1.25,0.8560271670168365,0.15120242060819267,1,0.85,0.15
1.2666666666666666,0.8486597449651483,0.1462528273066611,1,0.85,0.15
1.2833333333333332,0.8528643092212903,0.15416398768648895,1,0.85,0.15
1.3,0.8579510171043723,0.15353462596622097,1,0.85,0.15
1.3166666666666667,0.8519006774672565,0.14611265950743482,1,0.85,0.15
1.3333333333333333,0.8544106758254483,0.14749881501760848,1,0.85,0.15
1.35,0.8670066533100211,0.15219165715717903,1,0.85,0.15
1.3666666666666667,0.8567173199778166,0.14733473823200766,1,0.85,0.15
1.3833333333333333,0.8593572389359123,0.14918678838375696,1,0.85,0.15
1.4,0.8542063509060003,0.14810683308987743,1,0.85,0.15
1.4166666666666667,0.8522316753077459,0.15044129647824117,1,0.85,0.15
1.4333333333333333,0.8458513133466014,0.15255658692720395,1,0.85,0.15
1.45,0.8576008036898758,0.15645080403827724,1,0.85,0.15
1.4666666666666666,0.8531232996048267,0.1496917668495511,1,0.85,0.15
1.4833333333333334,0.860387150409303,0.1466158450791747,1,0.85,0.15
1.5,0.8586725923157228,0.14691158352714445,1,0.85,0.15
1.5166666666666666,0.8519609714331561,0.15477626660121566,1,0.85,0.15
1.5333333333333332,0.8487613777622629,0.14360997827477182,1,0.85,0.15
1.55,0.8488269527964941,0.15363503858292157,1,0.85,0.15
1.5666666666666667,0.8511830340296207,0.14728972464675344,1,0.85,0.15
1.5833333333333333,0.8524936948626659,0.14804630783136696,1,0.85,0.15
1.6,0.8550944772953374,0.15281651491669548,1,0.85,0.15
1.6166666666666667,0.8490468464853926,0.15151862214331133,1,0.85,0.15
1.6333333333333333,0.8468846383279817,0.142367010736339,1,0.85,0.15
1.65,0.8586912748971492,0.14731756933398554,1,0.85,0.15
1.6666666666666667,0.8503218261543289,0.14471708614293374,1,0.85,0.15
1.6833333333333333,,,0,0.85,0.15
1.7,0.8577966692698077,0.1474250409358465,1,0.85,0.15
1.7166666666666666,0.8573192447630029,0.14909388794181003,1,0.85,0.15
1.7333333333333334,0.8614051047953813,0.15961628885567564,1,0.85,0.15
1.75,0.8538570890252695,0.14931488130058496,1,0.85,0.15
1.7666666666666666,0.85428020859112,0.152477471066487,1,0.85,0.15
1.7833333333333332,0.8528567734615432,0.1455048316642424,1,0.85,0.15
1.8,0.8617090723003541,0.1398124084908482,1,0.85,0.15
1.8166666666666667,0.8544628363803615,0.14296193744310332,1,0.85,0.15
1.8333333333333333,0.8596001490089228,0.14908817148981393,1,0.85,0.15
1.8499999999999999,0.8511013163139814,0.14442948655457752,1,0.85,0.15
1.8666666666666667,0.8582250072746231,0.15173800668480283,1,0.85,0.15
1.8833333333333333,0.8548568395756737,0.14250728271410418,1,0.85,0.15
1.9,0.8634845241858111,0.15011175717200423,1,0.85,0.15
1.9166666666666667,0.8547749198066061,0.14474597214395002,1,0.85,0.15
1.9333333333333333,0.858490870648782,0.14339666572730958,1,0.85,0.15
1.95,0.8542027414789478,0.1429614629143627,1,0.85,0.15
1.9666666666666666,0.848397113975368,0.15071098404937974,1,0.85,0.15
1.9833333333333334,0.8448733531403692,0.15562608661436705,1,0.85,0.15
2.0,0.8505119090092444,0.14991722363661888,1,0.85,0.15
2.0166666666666666,0.8536265272081158,0.14093382387589481,1,0.85,0.15
2.033333333333333,0.8581103008716074,0.1474517241598689,1,0.85,0.15
2.05,0.8483760628611403,0.14672845924623912,1,0.85,0.15
2.0666666666666664,0.8506656734055869,0.14337616714904466,1,0.85,0.15
2.0833333333333335,0.8531064127046346,0.1550827930842884,1,0.85,0.15
2.1,0.8641743218099144,0.1437409049058812,1,0.85,0.15
2.1166666666666667,0.8515564536982446,0.14599074671441323,1,0.85,0.15
2.1333333333333333,0.8543842222225924,0.15715209977034197,1,0.85,0.15
2.15,0.863513997365117,0.14468822546882532,1,0.85,0.15
2.1666666666666665,0.8527691800622117,0.149925727643068,1,0.85,0.15
2.183333333333333,0.8582794813295588,0.15373048544307572,1,0.85,0.15
2.2,0.8515575410978673,0.1485096561516819,1,0.85,0.15
2.216666666666667,0.8602930459385408,0.1565209172072966,1,0.85,0.15
2.2333333333333334,0.8581927265119025,0.14937408107044378,1,0.85,0.15
2.25,0.8595721092039912,0.14519860191653064,1,0.85,0.15
2.2666666666666666,0.8580005806507521,0.14542710183635088,1,0.85,0.15
2.283333333333333,0.8518219251829576,0.15327465657065856,1,0.85,0.15
2.3,0.8535929348383705,0.15384311074926474,1,0.85,0.15
2.3166666666666664,0.8585596839560262,0.14292334881075902,1,0.85,0.15
2.3333333333333335,0.8565524901238476,0.14587750711309835,1,0.85,0.15
2.35,0.4942640954080266,0.4943240535591242,1,0.5,0.5
2.3666666666666667,0.4970979712005315,0.49525807578511427,1,0.5,0.5
2.3833333333333333,0.5036063685788785,0.4928854177774748,1,0.5,0.5
2.4,0.5061206752937628,0.4994914224841142,1,0.5,0.5
2.4166666666666665,0.4995723463908784,0.5006929268954314,1,0.5,0.5
2.433333333333333,0.5018752388676612,0.49158114083834936,1,0.5,0.5
2.45,0.4902901104084599,0.4996435101715528,1,0.5,0.5
2.466666666666667,0.5079101536210974,0.4990689390618041,1,0.5,0.5
2.4833333333333334,0.5028798053640428,0.49675862231551987,1,0.5,0.5
2.5,0.501383799638929,0.4943935379346129,1,0.5,0.5
2.5166666666666666,0.5074181510670871,0.4935490091867627,1,0.5,0.5
2.533333333333333,0.5055516418338746,0.5055549626976836,1,0.5,0.5
2.55,0.4904706725984049,0.5025213944753759,1,0.5,0.5
2.5666666666666664,0.5068463129328931,0.4937870498714564,1,0.5,0.5
2.5833333333333335,0.501655554834001,0.49023445602472077,1,0.5,0.5
2.6,0.494664375936307,0.5040952162012435,1,0.5,0.5
2.6166666666666667,0.5026004320410974,0.4954025705945699,1,0.5,0.5
2.6333333333333333,0.504460744329034,0.49624920626736324,1,0.5,0.5
2.65,0.5052926452568645,0.5026148345853707,1,0.5,0.5
2.6666666666666665,0.5084276419060146,0.4926835742329827,1,0.5,0.5
2.683333333333333,0.5053893202386681,0.4982875522455708,1,0.5,0.5
2.7,0.5047451507840957,0.49623768080241026,1,0.5,0.5
2.716666666666667,0.5060035877769302,0.49592599406918103,1,0.5,0.5
2.7333333333333334,0.5066423494820732,0.49710275748212857,1,0.5,0.5
2.75,0.5100787817607028,0.4950409329755458,1,0.5,0.5
2.7666666666666666,0.504401375709586,0.49650642136066553,1,0.5,0.5
2.783333333333333,0.5070455569315566,0.5020148270617656,1,0.5,0.5
2.8,0.5044130294837386,0.49979396865796577,1,0.5,0.5
2.8166666666666664,0.5099383795643726,0.502566383020071,1,0.5,0.5
2.8333333333333335,0.5066040259278132,0.49070539348939457,1,0.5,0.5
2.85,0.5072932298505355,0.5028925036288275,1,0.5,0.5
2.8666666666666667,0.5069854793360724,0.4942276146960846,1,0.5,0.5
2.8833333333333333,0.5005700884901841,0.4965301770338877,1,0.5,0.5
2.9,0.49935727568862653,0.5009000379005197,1,0.5,0.5
2.9166666666666665,0.5074997234508907,0.49339957946617585,1,0.5,0.5
2.933333333333333,0.4929245711565711,0.4957610446974649,1,0.5,0.5
2.95,0.503072000253498,0.49603188233369766,1,0.5,0.5
2.966666666666667,0.509796467683991,0.4998280306722654,1,0.5,0.5
2.9833333333333334,0.49638765903135773,0.49893368708471164,1,0.5,0.5
3.0,0.6638342720106374,0.6604339989356487,1,0.66,0.66
3.0166666666666666,0.660722305479433,0.6665920358805265,1,0.66,0.66
3.033333333333333,0.6683961384885,0.6638454553710482,1,0.66,0.66
3.05,0.6561861551228793,0.6581650681918029,1,0.66,0.66
3.0666666666666664,0.6611663557740594,0.6590383735638482,1,0.66,0.66
3.0833333333333335,0.660581538512302,0.6546654400005483,1,0.66,0.66
3.1,0.6610324095002966,0.665918820365358,1,0.66,0.66
3.1166666666666667,0.668300686518628,0.6667299023673707,1,0.66,0.66
3.1333333333333333,0.6632799266116886,0.6544631568150989,1,0.66,0.66
3.15,0.6616531422915476,0.6594154769406672,1,0.66,0.66
3.1666666666666665,0.6661067276908185,0.6662328626747971,1,0.66,0.66
3.183333333333333,0.6675867419239656,0.650931721699647,1,0.66,0.66
3.2,0.6654624775929253,0.6585746521494138,1,0.66,0.66
3.216666666666667,0.6653504037027189,0.6600673297204224,1,0.66,0.66
3.2333333333333334,0.6621780159574217,0.6479974257026546,1,0.66,0.66
3.25,0.6634219911845524,0.6538449488926197,1,0.66,0.66
3.2666666666666666,0.6659766819321332,0.6571356869602352,1,0.66,0.66
3.283333333333333,0.6648319981252804,0.6628834948162349,1,0.66,0.66
3.3,0.6701694537727634,0.6543388900854114,1,0.66,0.66
3.3166666666666664,0.6623688702570976,0.6530400646866996,1,0.66,0.66
3.3333333333333335,0.6736764999834175,0.6518482735362313,1,0.66,0.66
3.35,0.6628569274382611,0.6563073973927334,1,0.66,0.66
3.3666666666666667,,,0,0.66,0.66
3.3833333333333333,0.663324639413428,0.6584023204899845,1,0.66,0.66
3.4,0.6661899434726293,0.6594129511615918,1,0.66,0.66
3.4166666666666665,0.6614242376574797,0.660042134899977,1,0.66,0.66
3.433333333333333,0.6734795832485394,0.6614219849748499,1,0.66,0.66
3.4499999999999997,0.6670951105071411,0.6605835790540951,1,0.66,0.66
3.466666666666667,0.6693302436936195,0.6585698980751054,1,0.66,0.66
3.4833333333333334,0.6661856064868977,0.6623646714365699,1,0.66,0.66
3.5,0.6624505969253993,0.6567302823197086,1,0.66,0.66
3.5166666666666666,0.6565865530119886,0.6579247565121167,1,0.66,0.66
3.533333333333333,0.6680061353113567,0.6585827078382606,1,0.66,0.66
3.55,0.6686637041927784,0.6548169227058841,1,0.66,0.66
3.5666666666666664,0.6610521319606532,0.6639930346205463,1,0.66,0.66
3.5833333333333335,0.6641075936745233,0.6629027349348067,1,0.66,0.66
3.6,0.6677403542685092,0.6464012083582346,1,0.66,0.66
3.6166666666666667,0.6613164760604512,0.6573296844491727,1,0.66,0.66
3.6333333333333333,0.6678951140790628,0.6494381998348134,1,0.66,0.66
3.65,0.6666210713945442,0.6558762330865483,1,0.66,0.66
3.6666666666666665,0.6628123623507708,0.6578759931982312,1,0.66,0.66
3.683333333333333,0.6675378435012559,0.6544554265475705,1,0.66,0.66
3.6999999999999997,0.6625935989834825,0.6598272446973134,1,0.66,0.66
3.716666666666667,0.6572859056188576,0.6545193957094902,1,0.66,0.66
3.7333333333333334,0.6582900983567201,0.6577022347745078,1,0.66,0.66
3.75,0.6700258776106038,0.6577363682562934,1,0.66,0.66
3.7666666666666666,0.6621868812448748,0.6589136926263169,1,0.66,0.66
3.783333333333333,0.6674056282894048,0.6509136331971876,1,0.66,0.66
3.8,0.6752647993842384,0.6600533388174183,1,0.66,0.66
3.8166666666666664,0.6633446393398508,0.6564637171610519,1,0.66,0.66
3.8333333333333335,0.6654433877765398,0.6671233727352461,1,0.66,0.66
3.85,0.6713440424525087,0.6540381644552147,1,0.66,0.66
3.8666666666666667,0.6665899511050526,0.6570947238748114,1,0.66,0.66
3.8833333333333333,0.6670387348758237,0.6509253709810199,1,0.66,0.66
3.9,0.6654456202262101,0.666252949109288,1,0.66,0.66
3.9166666666666665,0.6557711254425207,0.6566971153530211,1,0.66,0.66
3.933333333333333,0.6597282890910322,0.6580834581053125,1,0.66,0.66
3.9499999999999997,0.6636721421458286,0.6578868459882445,1,0.66,0.66
3.966666666666667,0.6625865928444596,0.6568859654747566,1,0.66,0.66
3.9833333333333334,0.661355912362069,0.6588976419352472,1,0.66,0.66
4.0,0.6640865667556711,0.6524668338742795,1,0.66,0.66
4.016666666666667,0.6618981975113821,0.6535472802238091,1,0.66,0.66
4.033333333333333,0.6673734742621371,0.6573136238160369,1,0.66,0.66
4.05,0.6646991731183979,0.6580938568364996,1,0.66,0.66
4.066666666666666,0.6615774110620177,0.6670760774275295,1,0.66,0.66
4.083333333333333,0.6691113952161994,0.6559650084732865,1,0.66,0.66
4.1,0.6638740582828827,0.6616323028263523,1,0.66,0.66
4.116666666666666,0.6719665888976275,0.6573263987307123,1,0.66,0.66
4.133333333333333,0.6678759843890261,0.6603443301754794,1,0.66,0.66
4.15,0.6533959745244742,0.6607050627784784,1,0.66,0.66
4.166666666666667,0.6680073772592904,0.659600600487788,1,0.66,0.66
4.183333333333334,0.6588191556384215,0.6602186353712407,1,0.66,0.66
4.2,0.6623264814497374,0.6616045693021552,1,0.66,0.66
4.216666666666667,0.6550871714629529,0.6541097566299479,1,0.66,0.66
4.233333333333333,0.6682888911072966,0.6632772027232136,1,0.66,0.66
4.25,0.6605771903506764,0.6643592068561939,1,0.66,0.66
4.266666666666667,0.6618547195965931,0.6517064660899745,1,0.66,0.66
4.283333333333333,0.6590746435912943,0.6606631423205634,1,0.66,0.66
4.3,0.6630874518892376,0.6558385634390842,1,0.66,0.66
4.316666666666666,0.6591918926757088,0.653340096019594,1,0.66,0.66
4.333333333333333,0.6726529344941213,0.6524833168854841,1,0.66,0.66
4.35,0.6734850452038252,0.6550245129661627,1,0.66,0.66
4.366666666666666,0.6608296490985621,0.6596492807441484,1,0.66,0.66
4.383333333333333,0.6612241431733539,0.6559067163273847,1,0.66,0.66
4.4,0.6667434390961092,0.656317377585703,1,0.66,0.66
4.416666666666667,0.6657644683886164,0.6599089020405307,1,0.66,0.66
4.433333333333334,0.6551303536322951,0.6636567556133077,1,0.66,0.66
4.45,0.6650278170649385,0.6595363511331721,1,0.66,0.66
4.466666666666667,0.6555564400518118,0.6558916251315927,1,0.66,0.66
4.483333333333333,0.6700606619358479,0.6610562332524217,1,0.66,0.66
4.5,0.6677310746267741,0.6630553359353634,1,0.66,0.66
4.516666666666667,0.6647134771708415,0.6613282597123054,1,0.66,0.66
4.533333333333333,0.6652972482546275,0.6616844730729698,1,0.66,0.66
4.55,0.6599895312099172,0.6640501137074685,1,0.66,0.66
4.566666666666666,0.6617831715788091,0.6541817164021079,1,0.66,0.66
4.583333333333333,0.6607661774678528,0.6617294237675191,1,0.66,0.66
4.6,0.6708911851194068,0.6525839955808033,1,0.66,0.66
4.616666666666666,0.6602911065023214,0.6635273082894882,1,0.66,0.66
4.633333333333333,0.6621647623001152,0.6550061168271786,1,0.66,0.66
4.65,0.6713097224244852,0.6640744132415417,1,0.66,0.66
4.666666666666667,0.6630671851005319,0.6569795949207572,1,0.66,0.66
4.683333333333334,0.6691787427733789,0.6540579698500962,1,0.66,0.66
4.7,0.6652375364616611,0.6594634200335239,1,0.66,0.66
4.716666666666667,0.6673552551350543,0.655609825187705,1,0.66,0.66
4.733333333333333,0.6591947061339464,0.6581663123052561,1,0.66,0.66
4.75,0.6639283285492882,0.6603490603860357,1,0.66,0.66
4.766666666666667,0.6638618213164869,0.6579144487262347,1,0.66,0.66
4.783333333333333,0.6547084925762654,0.6598535181472619,1,0.66,0.66
4.8,0.6592288195976941,0.658826260937226,1,0.66,0.66
4.816666666666666,0.6615559940071543,0.6515457997646164,1,0.66,0.66
4.833333333333333,0.6690361661998993,0.653065813114978,1,0.66,0.66
4.85,0.6593678676296688,0.6612532503695104,1,0.66,0.66
4.866666666666666,0.6687893372507198,0.6551370254916159,1,0.66,0.66
4.883333333333333,0.667037477587051,0.6641919715614905,1,0.66,0.66
4.9,0.6614023990933116,0.6553600752020226,1,0.66,0.66
4.916666666666667,0.666956722229585,0.6468385267496876,1,0.66,0.66
4.933333333333334,0.6701025976367682,0.6555753163252178,1,0.66,0.66
4.95,0.6668651462491335,0.6619918511156415,1,0.66,0.66
4.966666666666667,0.6650516882579409,0.6609019483054097,1,0.66,0.66
4.983333333333333,0.6651223597002344,0.6643805995575701,1,0.66,0.66
5.0,0.6556452092246977,0.6533528637168293,1,0.66,0.66
5.016666666666667,0.6533814801981195,0.6491617912664057,1,0.66,0.66
5.033333333333333,0.6654593574263576,0.6558918518233219,1,0.66,0.66
5.05,,,0,0.66,0.66
5.066666666666666,0.6560970315295706,0.6669215970332448,1,0.66,0.66
5.083333333333333,0.6673619908139543,0.6566001550531769,1,0.66,0.66
5.1,0.6629018663171036,0.6620185111424555,1,0.66,0.66
5.116666666666666,0.6577166889887147,0.6592391306834984,1,0.66,0.66
5.133333333333333,0.6666376676487601,0.6599009604682996,1,0.66,0.66
5.15,0.657285840654805,0.655760946601901,1,0.66,0.66
5.166666666666667,0.6580251874018689,0.6581118365375903,1,0.66,0.66
5.183333333333334,0.6712376382973195,0.666323113623666,1,0.66,0.66
5.2,0.6561973083421586,0.6638904132602821,1,0.66,0.66
5.216666666666667,0.6615658830974804,0.6564035052717866,1,0.66,0.66
5.233333333333333,0.6626524983080038,0.6530606579698542,1,0.66,0.66
5.25,0.6707070307602229,0.6550300398156149,1,0.66,0.66
5.266666666666667,0.6624025909539479,0.6533550554619899,1,0.66,0.66
5.283333333333333,0.6676861060301061,0.6652407755096233,1,0.66,0.66
5.3,0.6609681460524487,0.6583295966134238,1,0.66,0.66
5.316666666666666,0.6546528186632299,0.6608444003261977,1,0.66,0.66
5.333333333333333,0.6665031962298893,0.6576185497088941,1,0.66,0.66
5.35,0.497953004335122,0.4941344164126803,1,0.5,0.5
5.366666666666666,0.5088349842431925,0.4935231634965579,1,0.5,0.5
5.383333333333333,0.507543266995935,0.4979637288957341,1,0.5,0.5
5.4,0.5102525262385847,0.5001145279233606,1,0.5,0.5
5.416666666666667,0.5024664657110371,0.49843067684068953,1,0.5,0.5
5.433333333333334,0.49998889945728087,0.4995067814500126,1,0.5,0.5
5.45,0.4913190951550758,0.4994283667321358,1,0.5,0.5
5.466666666666667,0.507256185249544,0.4947015678130516,1,0.5,0.5
5.483333333333333,0.5048361092040469,0.4999070936312732,1,0.5,0.5
5.5,0.5021578559978497,0.48931001001947616,1,0.5,0.5
5.516666666666667,0.49912400417257696,0.4933636840678823,1,0.5,0.5
5.533333333333333,0.5050799339737345,0.5034142644463354,1,0.5,0.5
5.55,0.501265206294685,0.5006816551665452,1,0.5,0.5
5.566666666666666,0.5011330952202756,0.49884311788260693,1,0.5,0.5
5.583333333333333,0.5068840856387905,0.4903250790805683,1,0.5,0.5
5.6,0.49896332579732544,0.4945458770518535,1,0.5,0.5
5.616666666666666,0.5026188236567625,0.49933684094102165,1,0.5,0.5
5.633333333333333,0.4999675824929326,0.4949017388615502,1,0.5,0.5
5.65,0.4953837021875007,0.5016945240433277,1,0.5,0.5
5.666666666666667,0.4994436750743541,0.4895006866233513,1,0.5,0.5
5.683333333333334,0.5125647830576895,0.49547039131377485,1,0.5,0.5
5.7,0.5090745105844902,0.49916173548808346,1,0.5,0.5
5.716666666666667,0.5056653912291125,0.49133732104453465,1,0.5,0.5
5.733333333333333,0.5096396737676531,0.49536654951599685,1,0.5,0.5
5.75,0.5051332188213716,0.5046800808491022,1,0.5,0.5
5.766666666666667,0.49821055778134304,0.493069107136561,1,0.5,0.5
5.783333333333333,0.501551704355362,0.493506417469463,1,0.5,0.5
5.8,0.4996293613512477,0.5005572581979806,1,0.5,0.5
5.816666666666666,0.5009713627688193,0.4940577093276036,1,0.5,0.5
5.833333333333333,0.49987320555488707,0.4937431693267247,1,0.5,0.5
5.85,0.5039256673487069,0.4942684214291995,1,0.5,0.5
5.866666666666666,0.5020424644858033,0.4956496247725361,1,0.5,0.5
5.883333333333333,0.5023924238449473,0.4882019387687111,1,0.5,0.5
5.9,0.50503903849898,0.49989259738576136,1,0.5,0.5
5.916666666666667,0.5080382154560908,0.49386423373136334,1,0.5,0.5
5.933333333333334,0.5067991620117202,0.5056231098844394,1,0.5,0.5
5.95,0.5056614424475139,0.4976694233196673,1,0.5,0.5
5.966666666666667,0.49567952811210375,0.5028194518124012,1,0.5,0.5
5.983333333333333,0.4981885291575787,0.49724393856923327,1,0.5,0.5
6.0,0.3216172982284643,0.6591167883235634,1,0.33,0.66
6.016666666666667,0.3300901069638261,0.6493516353913314,1,0.33,0.66
6.033333333333333,0.321823301584213,0.6554866326302355,1,0.33,0.66
6.05,0.33017856277427243,0.6514637842294111,1,0.33,0.66
6.066666666666666,0.33302089698250303,0.6574133150282019,1,0.33,0.66
6.083333333333333,0.33916586706311985,0.654317386187796,1,0.33,0.66
6.1,0.339330419696279,0.6613714578925337,1,0.33,0.66
6.116666666666666,0.3419041705693721,0.6616450208045132,1,0.33,0.66
6.133333333333333,0.33981170923510834,0.658659685329955,1,0.33,0.66
6.15,0.32688933592372577,0.6633413758666292,1,0.33,0.66
6.166666666666667,0.3376387811689899,0.6661359256237828,1,0.33,0.66
6.183333333333334,0.3363490671156148,0.6585306615355035,1,0.33,0.66
6.2,0.3358965149499311,0.6627782679920072,1,0.33,0.66
6.216666666666667,0.3386233108396423,0.6540394632407657,1,0.33,0.66
6.233333333333333,0.34241769103312275,0.6628089881209814,1,0.33,0.66
6.25,0.3385060024273941,0.6581473549976269,1,0.33,0.66
6.266666666666667,0.3320381470468483,0.6587921823506103,1,0.33,0.66
6.283333333333333,0.32887557883145013,0.6576285839342981,1,0.33,0.66
6.3,0.3365079652732884,0.6610524842731325,1,0.33,0.66
6.316666666666666,0.3350296872365655,0.6562855540168371,1,0.33,0.66
6.333333333333333,0.3280506061693988,0.663573231628256,1,0.33,0.66
6.35,0.3342959928847262,0.6543770041834689,1,0.33,0.66
6.366666666666666,0.3331630835270263,0.6580845916748191,1,0.33,0.66
6.383333333333333,0.32647573916600175,0.6583384002213478,1,0.33,0.66
6.4,0.3394238815888793,0.6555346211123033,1,0.33,0.66
6.416666666666667,0.33306641686403965,0.6574692359095324,1,0.33,0.66
6.433333333333334,0.3314230400250285,0.6675504334779122,1,0.33,0.66
6.45,0.33803006207184144,0.6596906955595512,1,0.33,0.66
6.466666666666667,0.33226400118749577,0.6636165924634343,1,0.33,0.66
6.483333333333333,0.33793197251432167,0.6528743844793192,1,0.33,0.66
6.5,0.33937936494956483,0.6515947322746829,1,0.33,0.66
6.516666666666667,0.3364643798816593,0.6566361977863335,1,0.33,0.66
6.533333333333333,0.3370520296161992,0.6543734391528385,1,0.33,0.66
6.55,0.333487475331667,0.6563600142116064,1,0.33,0.66
6.566666666666666,0.3415917712117055,0.6584653662158855,1,0.33,0.66
6.583333333333333,0.33695653967729305,0.6580225698329101,1,0.33,0.66
6.6,0.33405412309320975,0.6619941800290075,1,0.33,0.66
6.616666666666666,0.3370332788285841,0.6646973449451137,1,0.33,0.66
6.633333333333333,0.3330457651888648,0.6559792762252684,1,0.33,0.66
6.6499999999999995,0.33675096935645593,0.6577101847060342,1,0.33,0.66
6.666666666666667,0.3351034121432941,0.6569383886226089,1,0.33,0.66
6.683333333333334,0.33291735677155865,0.6684864791968551,1,0.33,0.66
6.7,0.33314651831585224,0.648907633696217,1,0.33,0.66
6.716666666666667,0.3345248092549723,0.6640920891583106,1,0.33,0.66
6.733333333333333,,,0,0.33,0.66
6.75,0.32105083742092677,0.6669416459373834,1,0.33,0.66
6.766666666666667,0.32966968554591386,0.6607482497902647,1,0.33,0.66
6.783333333333333,0.32370802416403055,0.6527377142711687,1,0.33,0.66
6.8,0.325407704323132,0.6697930644790273,1,0.33,0.66
6.816666666666666,0.331045403456647,0.6531741875486088,1,0.33,0.66
6.833333333333333,0.336683678345571,0.6645911688455378,1,0.33,0.66
6.85,0.3295445731342374,0.6577852359127163,1,0.33,0.66
6.866666666666666,0.3375042165002075,0.6587866065714902,1,0.33,0.66
6.883333333333333,0.34061797443740216,0.662989123776383,1,0.33,0.66
6.8999999999999995,0.33723678129005197,0.6604682620957566,1,0.33,0.66
6.916666666666667,0.33317685316761375,0.6645114973576206,1,0.33,0.66
6.933333333333334,0.33435251221863155,0.6545893018889714,1,0.33,0.66
6.95,0.3324092969911303,0.6547247732687983,1,0.33,0.66
6.966666666666667,0.32949266040197983,0.655614204931753,1,0.33,0.66
6.983333333333333,0.33414047119185014,0.6648361886485226,1,0.33,0.66
7.0,0.319682272492286,0.6622289460633474,1,0.33,0.66
7.016666666666667,0.32995544565283513,0.6522152234228924,1,0.33,0.66
7.033333333333333,0.3362010351793229,0.6616824469492306,1,0.33,0.66
7.05,0.33027349371468046,0.6574879285219135,1,0.33,0.66
7.066666666666666,0.336844074298315,0.6607292068161283,1,0.33,0.66
7.083333333333333,0.33280430321344046,0.656605401914714,1,0.33,0.66
7.1,0.32874365361511254,0.6587508224077424,1,0.33,0.66
7.116666666666666,0.3334133035634662,0.6623938231233438,1,0.33,0.66
7.133333333333333,0.33732444809567724,0.6596364906199015,1,0.33,0.66
7.1499999999999995,0.3312052646144032,0.663949883983566,1,0.33,0.66
7.166666666666667,0.34455037459316085,0.6540505158581953,1,0.33,0.66
7.183333333333334,0.341979032857015,0.654944901168942,1,0.33,0.66
7.2,0.33346100167264414,0.654278024811901,1,0.33,0.66
7.216666666666667,0.33681170681862244,0.6556842396342433,1,0.33,0.66
7.233333333333333,0.33451245790479495,0.6520961458554958,1,0.33,0.66
7.25,0.33639533048759407,0.6500129539364553,1,0.33,0.66
7.266666666666667,0.34289277439068344,0.6520403723439525,1,0.33,0.66
7.283333333333333,0.33454686956564444,0.6551942322188682,1,0.33,0.66
7.3,0.34083713254061326,0.6529689334891349,1,0.33,0.66
7.316666666666666,0.3324357367652915,0.6563372856185217,1,0.33,0.66
7.333333333333333,0.33553755947846575,0.6581852941615032,1,0.33,0.66
7.35,0.3344074502898309,0.6549589284336023,1,0.33,0.66
7.366666666666666,0.33551725219636186,0.6699163195163772,1,0.33,0.66
7.383333333333333,0.3358317546356337,0.6583651814780482,1,0.33,0.66
7.3999999999999995,0.32276132262772034,0.6543021362889083,1,0.33,0.66
7.416666666666667,0.33547352718187523,0.6575679632760227,1,0.33,0.66
7.433333333333334,0.340205561247214,0.6518364682104071,1,0.33,0.66
7.45,0.334946201428857,0.6514890291242403,1,0.33,0.66
7.466666666666667,0.3249795980503567,0.6490204467236591,1,0.33,0.66
7.483333333333333,0.3254063384648637,0.6585231511694577,1,0.33,0.66
7.5,0.32771879717090546,0.6483147607049456,1,0.33,0.66
7.516666666666667,0.3288692801032638,0.662223358748586,1,0.33,0.66
7.533333333333333,0.3385768450701999,0.6465997418869391,1,0.33,0.66
7.55,0.32465901095489447,0.657429377342102,1,0.33,0.66
7.566666666666666,0.3301293508317905,0.6566267828520753,1,0.33,0.66
7.583333333333333,0.32965049550338704,0.6570641378604452,1,0.33,0.66
7.6,0.33091172174917727,0.6649508015069054,1,0.33,0.66
7.616666666666666,0.33694722743650224,0.6551617496690295,1,0.33,0.66
7.633333333333333,0.3300085512639076,0.6554871194288209,1,0.33,0.66
7.6499999999999995,0.33117620040772516,0.6573600342036904,1,0.33,0.66
7.666666666666667,0.33518702794878347,0.6548972253368119,1,0.33,0.66
7.683333333333334,0.3389605318239264,0.6591949860382738,1,0.33,0.66
7.7,0.32266240434704596,0.6543649398695407,1,0.33,0.66
7.716666666666667,0.33061886203076885,0.6541937001739537,1,0.33,0.66
7.733333333333333,0.32579305959051685,0.6601041014545561,1,0.33,0.66
7.75,0.33887111061441966,0.666354268503829,1,0.33,0.66
7.766666666666667,0.3363171847769286,0.654673893932,1,0.33,0.66
7.783333333333333,0.3303428077270381,0.6614868923522109,1,0.33,0.66
7.8,0.3306437416534536,0.6642473818007456,1,0.33,0.66
7.816666666666666,0.33406713389552595,0.6562211812828175,1,0.33,0.66
7.833333333333333,0.3394702412543109,0.6607950125621203,1,0.33,0.66
7.85,0.33940662458611626,0.6585859609311313,1,0.33,0.66
7.866666666666666,0.3352869597791434,0.6582585857263094,1,0.33,0.66
7.883333333333333,0.3349168898678075,0.6598321968710147,1,0.33,0.66
7.8999999999999995,0.3359087839932719,0.6509867345719277,1,0.33,0.66
7.916666666666667,0.32896711922176775,0.6570626897333822,1,0.33,0.66
7.933333333333334,0.3332382006396009,0.6593622744372152,1,0.33,0.66
7.95,0.3333026534936903,0.6618922001428595,1,0.33,0.66
7.966666666666667,0.33608389271592937,0.6555351043512618,1,0.33,0.66
7.983333333333333,0.3328354143513471,0.6618061619348078,1,0.33,0.66
8.0,0.3281808851086476,0.6524409017980332,1,0.33,0.66
8.016666666666666,0.33682492964437893,0.6662330322000154,1,0.33,0.66
8.033333333333333,0.33849523304250695,0.6549490185369912,1,0.33,0.66
8.05,0.3332615112342229,0.6518466284207856,1,0.33,0.66
8.066666666666666,0.33296389602480014,0.659858612163921,1,0.33,0.66
8.083333333333334,0.3297320407675645,0.6564822622950378,1,0.33,0.66
8.1,0.33374616820779185,0.6616019346177139,1,0.33,0.66
8.116666666666667,0.33666363972017443,0.6628175375750535,1,0.33,0.66
8.133333333333333,0.33788696531795703,0.6602823685037879,1,0.33,0.66
8.15,0.3365180321772809,0.6602448625644577,1,0.33,0.66
8.166666666666666,0.3316838144574223,0.6554658622467271,1,0.33,0.66
8.183333333333334,0.33961077715390126,0.6579421518028226,1,0.33,0.66
8.2,0.3376313681565186,0.6587490796518136,1,0.33,0.66
8.216666666666667,0.3254443489837257,0.6631125680074055,1,0.33,0.66
8.233333333333333,0.33323693489765494,0.6601898977635081,1,0.33,0.66
8.25,0.3270769073523608,0.65878787324224,1,0.33,0.66
8.266666666666666,0.3372976770317113,0.6581816555665746,1,0.33,0.66
8.283333333333333,0.3395625674562993,0.6545742848993487,1,0.33,0.66
8.3,0.33002303151480317,0.6582344814279545,1,0.33,0.66
8.316666666666666,0.33602722207279845,0.6567107072149275,1,0.33,0.66
8.333333333333334,0.3301555069278045,0.6538982607727216,1,0.33,0.66
8.35,0.5102708689421606,0.5019380745534081,1,0.5,0.5
8.366666666666667,0.5016049098590177,0.49942105260491165,1,0.5,0.5
8.383333333333333,0.511217882268184,0.5029362909143841,1,0.5,0.5
8.4,0.5050633669710569,0.4918776375564149,1,0.5,0.5
8.416666666666666,,,0,0.5,0.5
8.433333333333334,0.5016111948546075,0.5001136092557085,1,0.5,0.5
8.45,0.5013865494009537,0.49463043844901644,1,0.5,0.5
8.466666666666667,0.5120563163405376,0.4959281621752697,1,0.5,0.5
8.483333333333333,0.5061616558797445,0.5010995116380896,1,0.5,0.5
8.5,0.5044567414111788,0.5095046048543042,1,0.5,0.5
8.516666666666666,0.5002008060384111,0.4921261537248433,1,0.5,0.5
8.533333333333333,0.49676415449242617,0.49369556036469087,1,0.5,0.5
8.55,0.5022513735410011,0.4923104761168051,1,0.5,0.5
8.566666666666666,0.5021013830950376,0.502597277895393,1,0.5,0.5
8.583333333333334,0.5056182894770375,0.500357236023613,1,0.5,0.5
8.6,0.4931692491097093,0.49250940023562806,1,0.5,0.5
8.616666666666667,0.5081724546890241,0.49423131122112,1,0.5,0.5
8.633333333333333,0.5021082379387108,0.5025392561581573,1,0.5,0.5
8.65,0.5039290634614052,0.5012579969049618,1,0.5,0.5
8.666666666666666,0.5126249786731905,0.4923388078854597,1,0.5,0.5
8.683333333333334,0.4983941147265778,0.497450702814357,1,0.5,0.5
8.7,0.5078941833200685,0.5025209706435919,1,0.5,0.5
8.716666666666667,0.5093634774130152,0.5030560764038886,1,0.5,0.5
8.733333333333333,0.5029606460632858,0.4961742843434566,1,0.5,0.5
8.75,0.5011439689608174,0.49954059911514886,1,0.5,0.5
8.766666666666666,0.5005779298151881,0.49590791730723743,1,0.5,0.5
8.783333333333333,0.5124348876370838,0.5032308132570713,1,0.5,0.5
8.8,0.5015542430589156,0.5004793440005855,1,0.5,0.5
8.816666666666666,0.5100306318195881,0.5000629366140406,1,0.5,0.5
8.833333333333334,0.5141198855524391,0.49646874789930034,1,0.5,0.5
8.85,0.49948439179382953,0.502257532031829,1,0.5,0.5
8.866666666666667,0.4967950904013498,0.4983651541835177,1,0.5,0.5
8.883333333333333,0.5073691446547467,0.5048952964921903,1,0.5,0.5
8.9,0.5066340312288893,0.4939031270758647,1,0.5,0.5
8.916666666666666,0.5036866178557121,0.4956554983092331,1,0.5,0.5
8.933333333333334,0.504308527405168,0.4980292307811753,1,0.5,0.5
8.95,0.5095219071729724,0.4988539057069685,1,0.5,0.5
8.966666666666667,0.5013264210739203,0.49973331296207535,1,0.5,0.5
8.983333333333333,0.5017734500081833,0.4938787853446151,1,0.5,0.5
9.0,0.497014041771261,0.492010288219951,1,0.5,0.5
9.016666666666666,0.5004156440337622,0.49891985733541805,1,0.5,0.5
9.033333333333333,0.49455187979907383,0.4944601357049181,1,0.5,0.5
9.05,0.5107815079671663,0.4909449782722613,1,0.5,0.5
9.066666666666666,0.5064186291225289,0.49365077335008384,1,0.5,0.5
9.083333333333334,0.5015146585747864,0.4976431381486245,1,0.5,0.5
9.1,0.5005845835744389,0.4968060768350555,1,0.5,0.5
9.116666666666667,0.49807223611803275,0.5029127801366622,1,0.5,0.5
9.133333333333333,0.5018649102783078,0.49399169974988966,1,0.5,0.5
9.15,0.5021472741833652,0.5003893507698461,1,0.5,0.5
9.166666666666666,0.49637393049227013,0.5013044293045049,1,0.5,0.5
9.183333333333334,0.5037527653706199,0.4951115945945145,1,0.5,0.5
9.2,0.5073363325214866,0.49756583988982145,1,0.5,0.5
9.216666666666667,0.5001981671049611,0.49650207698695786,1,0.5,0.5
9.233333333333333,0.5030758978129961,0.49337047827960556,1,0.5,0.5
9.25,0.5055609961138395,0.49865649808622986,1,0.5,0.5
9.266666666666666,0.501465295978993,0.49091724994983055,1,0.5,0.5
9.283333333333333,0.5048309619866568,0.4947412961642087,1,0.5,0.5
9.3,0.5020310005197585,0.5001987817453446,1,0.5,0.5
9.316666666666666,0.49960127717497016,0.5029753607242151,1,0.5,0.5
9.333333333333334,0.5023314239196504,0.49856156515467764,1,0.5,0.5
9.35,0.5052334544442909,0.499167455864968,1,0.5,0.5
9.366666666666667,0.5069308492294627,0.4942187720396534,1,0.5,0.5
9.383333333333333,0.5000442618932548,0.4930709103649896,1,0.5,0.5
9.4,0.5047460943379632,0.49821821849561454,1,0.5,0.5
9.416666666666666,0.5063912734217983,0.49569121881078676,1,0.5,0.5
9.433333333333334,0.5029464419766304,0.5013350106948811,1,0.5,0.5
9.45,0.4992086179065929,0.4982086629956581,1,0.5,0.5
9.466666666666667,0.502470328054553,0.48979488567195156,1,0.5,0.5
9.483333333333333,0.4988889428751228,0.5018842332767328,1,0.5,0.5
9.5,0.5025456425061267,0.4962855491153944,1,0.5,0.5
9.516666666666666,0.5066695907495272,0.499683643450012,1,0.5,0.5
9.533333333333333,0.5013035691764537,0.506224148125235,1,0.5,0.5
9.55,0.5024683133230817,0.4941535217517099,1,0.5,0.5
9.566666666666666,0.5072537797948565,0.493515499083633,1,0.5,0.5
9.583333333333334,0.5011504184074876,0.49257338646026516,1,0.5,0.5
9.6,0.5085691576748804,0.49375436275537804,1,0.5,0.5
9.616666666666667,0.5061789719032681,0.5027715377028911,1,0.5,0.5
9.633333333333333,0.49425487418182656,0.4977072724441525,1,0.5,0.5
9.65,0.5029219785189052,0.4954271674913558,1,0.5,0.5
9.666666666666666,0.5092395117001494,0.5013870710518125,1,0.5,0.5
9.683333333333334,0.5135678837170793,0.5022513865717791,1,0.5,0.5
9.7,0.49976528476618637,0.492131934894975,1,0.5,0.5
9.716666666666667,0.5053280800340166,0.4988489072290051,1,0.5,0.5
9.733333333333333,0.5076384732446805,0.4890593817897741,1,0.5,0.5
9.75,0.5063267792288368,0.4907159659074274,1,0.5,0.5
9.766666666666666,0.5159238367348651,0.49850530076241534,1,0.5,0.5
9.783333333333333,0.49692243088028604,0.4924828273196187,1,0.5,0.5
9.8,0.5128200606251014,0.498827145830254,1,0.5,0.5
9.816666666666666,0.509632503865004,0.4983863057933387,1,0.5,0.5
9.833333333333334,0.4989538218797013,0.4931421470444158,1,0.5,0.5
9.85,0.5046961559280858,0.501019751239159,1,0.5,0.5
9.866666666666667,0.4998854751120362,0.4953003655149655,1,0.5,0.5
9.883333333333333,0.5040027778571394,0.49423988654531137,1,0.5,0.5
9.9,0.5125326332536315,0.49761040991234623,1,0.5,0.5
9.916666666666666,0.5104273443921964,0.5038500672477665,1,0.5,0.5
9.933333333333334,0.5000045463736222,0.5006877943920637,1,0.5,0.5
9.95,0.5049065394130742,0.5045458226547231,1,0.5,0.5
9.966666666666667,0.5029226330447361,0.4962922279791714,1,0.5,0.5
9.983333333333333,0.5060987270066809,0.4987080924936985,1,0.5,0.5
10.0,0.495771071633636,0.49891613517864414,1,0.5,0.5
10.016666666666666,0.5047165944764459,0.509134368160211,1,0.5,0.5
10.033333333333333,0.511646847565532,0.4965904477257628,1,0.5,0.5
10.05,0.5012757920457873,0.5008411479801999,1,0.5,0.5
10.066666666666666,0.4945131138193832,0.5037790612311037,1,0.5,0.5
10.083333333333334,0.5080369178346128,0.5021774190991551,1,0.5,0.5
10.1,,,0,0.5,0.5
10.116666666666667,0.5044744455750261,0.5007181552219244,1,0.5,0.5
10.133333333333333,0.5034967428053587,0.5029215780708913,1,0.5,0.5
10.15,0.506332938705148,0.5064541032998707,1,0.5,0.5
10.166666666666666,0.5147923079974686,0.49734819806542263,1,0.5,0.5
10.183333333333334,0.49909590892347533,0.5034525219228534,1,0.5,0.5
10.2,0.5060476989369704,0.49806224898965096,1,0.5,0.5
10.216666666666667,0.5145913509128965,0.5004712346818959,1,0.5,0.5
10.233333333333333,0.5100274372312551,0.4913014318951469,1,0.5,0.5
10.25,0.49717351944655475,0.5002449633411855,1,0.5,0.5
10.266666666666666,0.5000107500709995,0.4949735828547583,1,0.5,0.5
10.283333333333333,0.5065562979341548,0.499097601915021,1,0.5,0.5
10.3,0.5059991333730365,0.49501880792778513,1,0.5,0.5
10.316666666666666,0.5028173052000328,0.4886068319756521,1,0.5,0.5
10.333333333333334,0.5033477013060068,0.5016171916088227,1,0.5,0.5
10.35,0.5049332315168209,0.49552180654741146,1,0.5,0.5
10.366666666666667,0.5010120792944218,0.5040987071023664,1,0.5,0.5
10.383333333333333,0.5031099091874067,0.5027706333327238,1,0.5,0.5
10.4,0.5031694242014596,0.5082253162941379,1,0.5,0.5
10.416666666666666,0.5030048178929653,0.4944318724051842,1,0.5,0.5
10.433333333333334,0.5011245343268714,0.4937415515189694,1,0.5,0.5
10.45,0.5033323219233344,0.5005736765429698,1,0.5,0.5
10.466666666666667,0.4983228659131543,0.5000598176875518,1,0.5,0.5
10.483333333333333,0.5148318862109335,0.4976509585486988,1,0.5,0.5
10.5,0.5026624165203242,0.4983218163927985,1,0.5,0.5
10.516666666666666,0.4993441948858639,0.5006094439129597,1,0.5,0.5
10.533333333333333,0.4994558566858719,0.4853282079385516,1,0.5,0.5
10.55,0.5071094186952945,0.49551797119838087,1,0.5,0.5
10.566666666666666,0.5049216118903069,0.497860656862935,1,0.5,0.5
10.583333333333334,0.5009912998216011,0.49703533397660055,1,0.5,0.5
10.6,0.49999555178089966,0.5022182388744945,1,0.5,0.5
10.616666666666667,0.5011400132847037,0.49526462851485004,1,0.5,0.5
10.633333333333333,0.5086857819412307,0.4996459883479155,1,0.5,0.5
10.65,0.5058473020201801,0.5003031059775228,1,0.5,0.5
10.666666666666666,0.5047985137868276,0.49010684821679656,1,0.5,0.5
10.683333333333334,0.5006100832505572,0.49523382009769085,1,0.5,0.5
10.7,0.5002780748058819,0.5033656582183657,1,0.5,0.5
10.716666666666667,0.4949886146013927,0.5002951381795072,1,0.5,0.5
10.733333333333333,0.502243610586709,0.5011704191732445,1,0.5,0.5
10.75,0.49863135918873625,0.4991587301613386,1,0.5,0.5
10.766666666666666,0.5081614317687899,0.4984163389395108,1,0.5,0.5
10.783333333333333,0.49878196520530715,0.496743343099004,1,0.5,0.5
10.8,0.4931896032199998,0.5032418390664093,1,0.5,0.5
10.816666666666666,0.503268301229802,0.49776620813682054,1,0.5,0.5
10.833333333333334,0.5082343969279149,0.4964832725226664,1,0.5,0.5
10.85,0.5012459874242609,0.49683952332749753,1,0.5,0.5
10.866666666666667,0.5030682966562955,0.4972433507454431,1,0.5,0.5
10.883333333333333,0.5088441092132412,0.5061758757596099,1,0.5,0.5
10.9,0.499802569370252,0.49075626776699743,1,0.5,0.5
10.916666666666666,0.5022613836697636,0.49859816481842706,1,0.5,0.5
10.933333333333334,0.506561733866369,0.49931987330668315,1,0.5,0.5
10.95,0.5118921174882541,0.4944528974807535,1,0.5,0.5
10.966666666666667,0.5131129428849855,0.5022085671572033,1,0.5,0.5
10.983333333333333,0.5103477778682706,0.4981885641436863,1,0.5,0.5
11.0,0.5061050280252923,0.5059652939070824,1,0.5,0.5
11.016666666666666,0.5062760720713333,0.4950148362641599,1,0.5,0.5
11.033333333333333,0.5017677630630919,0.49965915695665136,1,0.5,0.5
11.05,0.508185773236853,0.4976980261277296,1,0.5,0.5
11.066666666666666,0.5039812924487367,0.508412732675471,1,0.5,0.5
11.083333333333334,0.4977090917698367,0.4961045030357699,1,0.5,0.5
11.1,0.5110395319092385,0.49294688012323457,1,0.5,0.5
11.116666666666667,0.5047996716480357,0.5007014168413766,1,0.5,0.5
11.133333333333333,0.49714307379045314,0.5013026472711788,1,0.5,0.5
11.15,0.5052178288630419,0.49917729917356857,1,0.5,0.5
11.166666666666666,0.49687343495637204,0.4992127402319331,1,0.5,0.5
11.183333333333334,0.5006951769934443,0.5048475828883822,1,0.5,0.5
11.2,0.5040498802953599,0.5047143440539174,1,0.5,0.5
11.216666666666667,0.5052120543734054,0.5078131658921645,1,0.5,0.5
11.233333333333333,0.5025863158367013,0.4986032950461034,1,0.5,0.5
11.25,0.5064946853893948,0.4937819635640595,1,0.5,0.5
11.266666666666666,0.5143367342013185,0.5010994164505954,1,0.5,0.5
11.283333333333333,0.5140707806241549,0.4955825190505281,1,0.5,0.5
11.3,0.4965864027824731,0.4950918395015134,1,0.5,0.5
11.316666666666666,0.5044435619573376,0.4991415673422615,1,0.5,0.5
11.333333333333334,0.5107864075889993,0.49998588624221607,1,0.5,0.5
11.35,0.5084338662321326,0.503661474533976,1,0.5,0.5
11.366666666666667,0.5039798181950865,0.49714989551864047,1,0.5,0.5
11.383333333333333,0.49902223262398293,0.5044931150482186,1,0.5,0.5
11.4,0.505350535205612,0.49563872558479877,1,0.5,0.5
11.416666666666666,0.5014481712800751,0.4950728693536127,1,0.5,0.5
11.433333333333334,0.4996501504292463,0.49721165988998905,1,0.5,0.5
11.45,0.505471108893604,0.49212861501513844,1,0.5,0.5
11.466666666666667,0.5100299590260674,0.4977938852965333,1,0.5,0.5
11.483333333333333,0.5046056308388316,0.5018149194050352,1,0.5,0.5
11.5,0.5015401155690861,0.4927709371874156,1,0.5,0.5
11.516666666666666,0.505458367534131,0.4952919507104106,1,0.5,0.5
11.533333333333333,0.5052038855373108,0.4992429271299768,1,0.5,0.5
11.55,0.5027646173780367,0.4940238331924593,1,0.5,0.5
11.566666666666666,0.4991058752400418,0.49989116954065355,1,0.5,0.5
11.583333333333334,0.502112330176354,0.49488757535967415,1,0.5,0.5
11.6,0.49730597076099436,0.5000403480561537,1,0.5,0.5
11.616666666666667,0.5001585534064139,0.48956511809423375,1,0.5,0.5
11.633333333333333,0.5006594796988014,0.5089656052148054,1,0.5,0.5
11.65,0.5065417830384273,0.4957938079555961,1,0.5,0.5
11.666666666666666,0.5015753939991939,0.4980876870760165,1,0.5,0.5
11.683333333333334,0.5002610854572046,0.5015103283877007,1,0.5,0.5
11.7,0.5045048784470436,0.5007425844857858,1,0.5,0.5
11.716666666666667,0.5092677134272023,0.4923288722654847,1,0.5,0.5
11.733333333333333,0.5130599875648622,0.49861841046735966,1,0.5,0.5
11.75,0.5026118309088643,0.49466113911478293,1,0.5,0.5
11.766666666666666,0.5041973886499687,0.5003571969852477,1,0.5,0.5
11.783333333333333,,,0,0.5,0.5
11.8,0.5051089744213547,0.4988887619151061,1,0.5,0.5
11.816666666666666,0.5109108201054394,0.4957412644854161,1,0.5,0.5
11.833333333333334,0.5033531760743639,0.5008238569149531,1,0.5,0.5
11.85,0.49752914044260793,0.49255199927327253,1,0.5,0.5
11.866666666666667,0.5123988702533602,0.4896738609967251,1,0.5,0.5
11.883333333333333,0.5049502649227887,0.4920987879496912,1,0.5,0.5
11.9,0.5036973098530998,0.497732452524854,1,0.5,0.5
11.916666666666666,0.4977370691972398,0.49706618600786723,1,0.5,0.5
11.933333333333334,0.5064368770100861,0.49779089723073955,1,0.5,0.5
11.95,0.5085222446345893,0.4987228612655934,1,0.5,0.5
11.966666666666667,0.5019750474103291,0.49614251465037634,1,0.5,0.5
11.983333333333333,0.5050453618104928,0.49783449704447136,1,0.5,0.5
12.0,0.3313638222881441,0.33173393316440347,1,0.33,0.33
12.016666666666666,0.3354555422610135,0.31859196604127227,1,0.33,0.33
12.033333333333333,0.32889089431015317,0.32750258987069525,1,0.33,0.33
12.05,0.32798591892999135,0.33127094996947704,1,0.33,0.33
12.066666666666666,0.3418853548208127,0.3302681694780399,1,0.33,0.33
12.083333333333334,0.33157197208941336,0.33314559985022885,1,0.33,0.33
12.1,0.33399520490199286,0.32208830343719286,1,0.33,0.33
12.116666666666667,0.3371169076218944,0.33015736870480433,1,0.33,0.33
12.133333333333333,0.33446713201222944,0.32140692357845374,1,0.33,0.33
12.15,0.332334688955772,0.33152925737537614,1,0.33,0.33
12.166666666666666,0.33002025694915144,0.324671678767696,1,0.33,0.33
12.183333333333334,0.31985156205150755,0.33528563355421415,1,0.33,0.33
12.2,0.32947566644243564,0.3196835115722052,1,0.33,0.33
12.216666666666667,0.33658151949454457,0.32205082718421374,1,0.33,0.33
12.233333333333333,0.32947002267306463,0.33006082620093574,1,0.33,0.33
12.25,0.32354235126011427,0.3226720862310038,1,0.33,0.33
12.266666666666666,0.3335309814567739,0.3298037718360143,1,0.33,0.33
12.283333333333333,0.3266752085677118,0.32542748513033276,1,0.33,0.33
12.3,0.33689704027907313,0.32484322175690417,1,0.33,0.33
12.316666666666666,0.3254028865396056,0.3318891785743636,1,0.33,0.33
12.333333333333334,0.3386248965993512,0.3241251484956166,1,0.33,0.33
12.35,0.33350108644233994,0.32866727410428426,1,0.33,0.33
12.366666666666667,0.3385855049640836,0.32787612318133297,1,0.33,0.33
12.383333333333333,0.32983428879503196,0.32328222632481063,1,0.33,0.33
12.4,0.3360218428998186,0.32585802182196694,1,0.33,0.33
12.416666666666666,0.32875986288963877,0.3298787166102669,1,0.33,0.33
12.433333333333334,0.333597987798683,0.31999804227426604,1,0.33,0.33
12.45,0.335106323631588,0.33263281431046704,1,0.33,0.33
12.466666666666667,0.3369499724294905,0.33087323705474486,1,0.33,0.33
12.483333333333333,0.33769902505225474,0.32947868812959724,1,0.33,0.33
12.5,0.33828076813223945,0.32272214759368606,1,0.33,0.33
12.516666666666666,0.3295612192567637,0.3285474522246174,1,0.33,0.33
12.533333333333333,0.3414282416846989,0.32740353652876975,1,0.33,0.33
12.55,0.33884559619713106,0.3293422606434327,1,0.33,0.33
12.566666666666666,0.3367550535558615,0.3249371146482854,1,0.33,0.33
12.583333333333334,0.3358200335772935,0.32581857875259923,1,0.33,0.33
12.6,0.3306017163726932,0.326728440937171,1,0.33,0.33
12.616666666666667,0.3324643566993511,0.3362498415587669,1,0.33,0.33
12.633333333333333,0.33806975970101594,0.32811024040035763,1,0.33,0.33
12.65,0.34181184941246373,0.32836713405358176,1,0.33,0.33
12.666666666666666,0.3358844363545723,0.325617838305534,1,0.33,0.33
12.683333333333334,0.34138150721284477,0.32472829619255517,1,0.33,0.33
12.7,0.33043805492495354,0.32722593452236326,1,0.33,0.33
12.716666666666667,0.3391830933100954,0.32556867581102394,1,0.33,0.33
12.733333333333333,0.3280656709267317,0.3221701734688537,1,0.33,0.33
12.75,0.33090826941306534,0.33684608762261736,1,0.33,0.33
12.766666666666666,0.3289158588323513,0.3346496859947309,1,0.33,0.33
12.783333333333333,0.3312148991728292,0.33167447359829905,1,0.33,0.33
12.8,0.3355848492289597,0.33099558912391197,1,0.33,0.33
12.816666666666666,0.328121015385921,0.33162306729638463,1,0.33,0.33
12.833333333333334,0.32170888966778877,0.32736855735039944,1,0.33,0.33
12.85,0.3309677367337742,0.3376937242638931,1,0.33,0.33
12.866666666666667,0.3360205029173895,0.32859386743981783,1,0.33,0.33
12.883333333333333,0.3294224020721338,0.33995073499692885,1,0.33,0.33
12.9,0.33194725141365844,0.33345110821678237,1,0.33,0.33
12.916666666666666,0.3386367514613029,0.33127718412947366,1,0.33,0.33
12.933333333333334,0.33429773115436223,0.32204177039788057,1,0.33,0.33
12.95,0.33731646380139163,0.3305862963036204,1,0.33,0.33
12.966666666666667,0.33102912018857095,0.3231173926479599,1,0.33,0.33
12.983333333333333,0.33227552532513877,0.3275878704452464,1,0.33,0.33
13.0,0.3322085058465848,0.3209935665358412,1,0.33,0.33
13.016666666666666,0.3322024142457654,0.32620526192239946,1,0.33,0.33
13.033333333333333,0.33386250004651163,0.3273018131687417,1,0.33,0.33
13.049999999999999,0.33739641684526267,0.32607528639867134,1,0.33,0.33
13.066666666666666,0.33695536215300803,0.32330187741758726,1,0.33,0.33
13.083333333333334,0.32259753335024455,0.3299328245903949,1,0.33,0.33
13.1,0.3391932277044043,0.33218078929519373,1,0.33,0.33
13.116666666666667,0.3360797699174303,0.3320959055912004,1,0.33,0.33
13.133333333333333,0.327823593672667,0.327462332284417,1,0.33,0.33
13.15,0.33050773771186337,0.3216750058728362,1,0.33,0.33
13.166666666666666,0.33558391485941136,0.3416779271269536,1,0.33,0.33
13.183333333333334,0.32992049742550117,0.3244217731859147,1,0.33,0.33
13.2,0.32510480457694774,0.32569681896857383,1,0.33,0.33
13.216666666666667,0.32742091637759535,0.3262887654633779,1,0.33,0.33
13.233333333333333,0.33073824683887654,0.3320638990005325,1,0.33,0.33
13.25,0.3307270074126393,0.3282440280180633,1,0.33,0.33
13.266666666666666,0.33424576655697913,0.33268906445509183,1,0.33,0.33
13.283333333333333,0.3350515768280585,0.33089552016116525,1,0.33,0.33
13.299999999999999,0.33920563574845475,0.3240859735073022,1,0.33,0.33
13.316666666666666,0.33896747279806083,0.322398342172098,1,0.33,0.33
13.333333333333334,0.3308731460216752,0.32907232340598336,1,0.33,0.33
13.35,0.33789745751777733,0.3261130431716089,1,0.33,0.33
13.366666666666667,0.33650457029397335,0.32365735076946406,1,0.33,0.33
13.383333333333333,0.33217443383421386,0.3285853838458272,1,0.33,0.33
13.4,0.3311650346060072,0.3214882250373106,1,0.33,0.33
13.416666666666666,0.3333220243751026,0.3297058242981379,1,0.33,0.33
13.433333333333334,0.3380666309958199,0.3399201522454162,1,0.33,0.33
13.45,0.3326196756417196,0.32260648612326676,1,0.33,0.33
13.466666666666667,,,0,0.33,0.33
13.483333333333333,0.3302652369608336,0.3315089029768167,1,0.33,0.33
13.5,0.3347019237084498,0.3169399186763914,1,0.33,0.33
13.516666666666666,0.3313887434821835,0.32424340476065794,1,0.33,0.33
13.533333333333333,0.3387308630484475,0.3300341286285317,1,0.33,0.33
13.549999999999999,0.3359427649887249,0.3295100103923479,1,0.33,0.33
13.566666666666666,0.3368062096843071,0.3241051639708306,1,0.33,0.33
13.583333333333334,0.32848047171653444,0.3183485696824519,1,0.33,0.33
13.6,0.3328382510131494,0.3178479577673931,1,0.33,0.33
13.616666666666667,0.3378661896034956,0.32632419101939447,1,0.33,0.33
13.633333333333333,0.3310404491101487,0.33108231802403615,1,0.33,0.33
13.65,0.33506049714926134,0.32544425132838073,1,0.33,0.33
13.666666666666666,0.3362978380906031,0.32985941067313373,1,0.33,0.33
13.683333333333334,0.33240162033072335,0.338332004422532,1,0.33,0.33
13.7,0.3307253062029602,0.3356271601852904,1,0.33,0.33
13.716666666666667,0.3343234860959288,0.3219844229162522,1,0.33,0.33
13.733333333333333,0.3343581777567286,0.3269042037786859,1,0.33,0.33
13.75,0.3303152203707297,0.32794844908693327,1,0.33,0.33
13.766666666666666,0.3317806061000935,0.32771736787086353,1,0.33,0.33
13.783333333333333,0.33415723430191097,0.33133715579787026,1,0.33,0.33
13.799999999999999,0.3291262693473704,0.3280330994712817,1,0.33,0.33
13.816666666666666,0.3280341030545039,0.3220254442843684,1,0.33,0.33
13.833333333333334,0.32665929930329446,0.32939003286776525,1,0.33,0.33
13.85,0.3312005133718315,0.3351008680315631,1,0.33,0.33
13.866666666666667,0.3308679729872705,0.32719334387509996,1,0.33,0.33
13.883333333333333,0.3344002839137662,0.32838666039866987,1,0.33,0.33
13.9,0.3269990752941448,0.3319982377786324,1,0.33,0.33
13.916666666666666,0.3298775637287269,0.33364543312327394,1,0.33,0.33
13.933333333333334,0.3305728472687075,0.3366009437473778,1,0.33,0.33
13.95,0.34052669546436987,0.32497964676474184,1,0.33,0.33
13.966666666666667,0.33244379481180336,0.3250214970394095,1,0.33,0.33
13.983333333333333,0.33413459907832377,0.32297040781358105,1,0.33,0.33
14.0,0.3344377781911007,0.3309065888715072,1,0.33,0.33
14.016666666666666,0.3353837205612584,0.3235250696975791,1,0.33,0.33
14.033333333333333,0.3277383325648459,0.3255263071777202,1,0.33,0.33
14.049999999999999,0.3309082897406204,0.33211227408967026,1,0.33,0.33
14.066666666666666,0.328944491192398,0.328204149654619,1,0.33,0.33
14.083333333333334,0.3327585756069134,0.32655948409584296,1,0.33,0.33
14.1,0.3230531901630025,0.33157393265112006,1,0.33,0.33
14.116666666666667,0.3388678432189655,0.33365505104813103,1,0.33,0.33
14.133333333333333,0.32721291375123446,0.3329189856862688,1,0.33,0.33
14.15,0.3349275754901754,0.3272676995623171,1,0.33,0.33
14.166666666666666,0.3408044852713644,0.3267973894830612,1,0.33,0.33
14.183333333333334,0.33557476444550277,0.33229553198559225,1,0.33,0.33
14.2,0.3286762894524544,0.32363979921844227,1,0.33,0.33
14.216666666666667,0.3338547056646276,0.3293359635814606,1,0.33,0.33
14.233333333333333,0.32919327529272757,0.33328696171332944,1,0.33,0.33
14.25,0.33022249167632445,0.33051697426082527,1,0.33,0.33
14.266666666666666,0.3404942338624298,0.3303013174212498,1,0.33,0.33
14.283333333333333,0.3233761457373807,0.32941174409184015,1,0.33,0.33
14.299999999999999,0.33887510881845323,0.3340474596376402,1,0.33,0.33
14.316666666666666,0.3237328805966792,0.32944885712426264,1,0.33,0.33
14.333333333333334,0.3306464497749434,0.33005113580940587,1,0.33,0.33
14.35,0.50581935402346,0.5043933456498687,1,0.5,0.5
14.366666666666667,0.5015263853773092,0.4953351169130897,1,0.5,0.5
14.383333333333333,0.5023462247962034,0.48622276308734663,1,0.5,0.5
14.4,0.5041353503193103,0.49653955362391516,1,0.5,0.5
14.416666666666666,0.5150223891326171,0.4973561828792749,1,0.5,0.5
14.433333333333334,0.5133924578983616,0.496564210389887,1,0.5,0.5
14.45,0.5018971885574716,0.4918625939891263,1,0.5,0.5
14.466666666666667,0.4984152460790036,0.49469666940878043,1,0.5,0.5
14.483333333333333,0.5028621199793986,0.49781987415815504,1,0.5,0.5
14.5,0.49860052071520844,0.4963963713462505,1,0.5,0.5
14.516666666666666,0.5011332857200286,0.5038391947417478,1,0.5,0.5
14.533333333333333,0.5034682674322655,0.49633311686116416,1,0.5,0.5
14.549999999999999,0.5073978076190655,0.4961481895735846,1,0.5,0.5
14.566666666666666,0.5054937657178977,0.49283073747531425,1,0.5,0.5
14.583333333333334,0.5080869249078375,0.49733785364746175,1,0.5,0.5
14.6,0.5097725163880222,0.4979312376066242,1,0.5,0.5
14.616666666666667,0.5043084978624539,0.5030121384037782,1,0.5,0.5
14.633333333333333,0.5129557476478211,0.5004241006836376,1,0.5,0.5
14.65,0.5043058882884086,0.4907248366046511,1,0.5,0.5
14.666666666666666,0.500163532619877,0.48966920866967556,1,0.5,0.5
14.683333333333334,0.504276904628018,0.49660432426053136,1,0.5,0.5
14.7,0.498568426329826,0.5022218091085932,1,0.5,0.5
14.716666666666667,0.500215138819302,0.5005619578213357,1,0.5,0.5
14.733333333333333,0.5036644985775545,0.5052274904354284,1,0.5,0.5
14.75,0.49349784479033837,0.506766315874947,1,0.5,0.5
14.766666666666666,0.5114699484274171,0.4948900380757749,1,0.5,0.5
14.783333333333333,0.49976124327091453,0.4972377625598968,1,0.5,0.5
14.799999999999999,0.499420191487754,0.4936120661266772,1,0.5,0.5
14.816666666666666,0.4949149033339471,0.49885851539810033,1,0.5,0.5
14.833333333333334,0.5036810490780407,0.4993842628580159,1,0.5,0.5
14.85,0.4991750769126397,0.5024640364990433,1,0.5,0.5
14.866666666666667,0.5054743468586256,0.5043085223602807,1,0.5,0.5
14.883333333333333,0.5015069959163494,0.5020300350114775,1,0.5,0.5
14.9,0.5019128215160684,0.493544581665613,1,0.5,0.5
14.916666666666666,0.49922718625664503,0.5006122875813935,1,0.5,0.5
14.933333333333334,0.4966491848736952,0.4965768103357138,1,0.5,0.5
14.95,0.5012369767097214,0.49881156754235834,1,0.5,0.5
14.966666666666667,0.5019596620914416,0.501683085332467,1,0.5,0.5
14.983333333333333,0.49981215925123723,0.49013731445690784,1,0.5,0.5
15.0,0.3321625492778873,0.3338725505257028,1,0.33,0.33
15.016666666666666,0.33933748237462497,0.3296094797481095,1,0.33,0.33
15.033333333333333,0.34128338932369134,0.3294726537074361,1,0.33,0.33
15.049999999999999,0.3328781980377251,0.32895040148110566,1,0.33,0.33
15.066666666666666,0.33585858690948617,0.32142738173125474,1,0.33,0.33
15.083333333333334,0.33326676729882215,0.32870577570095916,1,0.33,0.33
15.1,0.336605545295975,0.32891058301288195,1,0.33,0.33
15.116666666666667,0.33356475310243644,0.3308358028869054,1,0.33,0.33
15.133333333333333,0.32957334409729155,0.3285394260815677,1,0.33,0.33
15.15,,,0,0.33,0.33
15.166666666666666,0.3366711230445055,0.3358403838221403,1,0.33,0.33
15.183333333333334,0.34016237541995475,0.3289043014797161,1,0.33,0.33
15.2,0.3313350987280542,0.3329983998470558,1,0.33,0.33
15.216666666666667,0.33221945065503594,0.3265575289629177,1,0.33,0.33
15.233333333333333,0.32939311823344875,0.33273021002271624,1,0.33,0.33
15.25,0.3341608508458242,0.32620200053901355,1,0.33,0.33
15.266666666666666,0.3361198776229491,0.325951040703039,1,0.33,0.33
15.283333333333333,0.3281631746734281,0.31875904769446056,1,0.33,0.33
15.299999999999999,0.32998126837191044,0.32404207095792836,1,0.33,0.33
15.316666666666666,0.3370759805497402,0.3324991628711066,1,0.33,0.33
15.333333333333334,0.3425070391700716,0.33400268241422165,1,0.33,0.33
15.35,0.33153843762808716,0.32765966888224246,1,0.33,0.33
15.366666666666667,0.34566893424132505,0.32769688092992355,1,0.33,0.33
15.383333333333333,0.33545500028614117,0.33058230347114786,1,0.33,0.33
15.4,0.33288185765193035,0.3245156539572433,1,0.33,0.33
15.416666666666666,0.3227887336309202,0.3267774961988023,1,0.33,0.33
15.433333333333334,0.3358785996726179,0.32605949754849095,1,0.33,0.33
15.45,0.33194204724097987,0.32780802512514146,1,0.33,0.33
15.466666666666667,0.3317745118220989,0.3351417452478555,1,0.33,0.33
15.483333333333333,0.3376254342196892,0.33196674503151385,1,0.33,0.33
15.5,0.33228770225665366,0.32692006481636293,1,0.33,0.33
15.516666666666666,0.32827248361398953,0.32802905202058513,1,0.33,0.33
15.533333333333333,0.3380798060708085,0.33480380786230063,1,0.33,0.33
15.549999999999999,0.33815052245091615,0.329328887179833,1,0.33,0.33
15.566666666666666,0.3323638541005976,0.3266125740867595,1,0.33,0.33
15.583333333333334,0.3315068425229997,0.32359598320895844,1,0.33,0.33
15.6,0.34416817013623696,0.33125009954174617,1,0.33,0.33
15.616666666666667,0.3368936433734272,0.3238158495762494,1,0.33,0.33
15.633333333333333,0.3359589592500172,0.3289578976810154,1,0.33,0.33
15.65,0.33177836651699405,0.3329275697421068,1,0.33,0.33
15.666666666666666,0.33562263818311266,0.32365942835162476,1,0.33,0.33
15.683333333333334,0.34106026908259757,0.32170343315414107,1,0.33,0.33
15.7,0.33176245976487484,0.3297681236189945,1,0.33,0.33
15.716666666666667,0.340098793272015,0.3254793637291626,1,0.33,0.33
15.733333333333333,0.335473482026204,0.3413166347539576,1,0.33,0.33
15.75,0.32646282315714514,0.33390255501833743,1,0.33,0.33
15.766666666666666,0.33423534654451087,0.3257288983626072,1,0.33,0.33
15.783333333333333,0.3357673497426658,0.32319460232880104,1,0.33,0.33
15.799999999999999,0.3329365684166286,0.335292759950569,1,0.33,0.33
15.816666666666666,0.33091729952157833,0.33175348961141715,1,0.33,0.33
15.833333333333334,0.3369755722257975,0.33450495846423683,1,0.33,0.33
15.85,0.3342325940833416,0.32666220899941284,1,0.33,0.33
15.866666666666667,0.3283738119976422,0.32579942601680584,1,0.33,0.33
15.883333333333333,0.33412790884439475,0.32608894666337124,1,0.33,0.33
15.9,0.33682806930761977,0.3240304268359732,1,0.33,0.33
15.916666666666666,0.32266966363505367,0.32474293227867257,1,0.33,0.33
15.933333333333334,0.33346685108949287,0.32934327377560285,1,0.33,0.33
15.95,0.3321258990371786,0.3273861734014178,1,0.33,0.33
15.966666666666667,0.3275198195503523,0.3146608431382787,1,0.33,0.33
15.983333333333333,0.3271467400194346,0.33484605730671013,1,0.33,0.33
16.0,0.3238247230390742,0.32621396715833995,1,0.33,0.33
16.016666666666666,0.32938490679279997,0.3317591116581345,1,0.33,0.33
16.03333333333333,0.3338120179670248,0.3318249071799003,1,0.33,0.33
16.05,0.33099386545278897,0.3306499226604261,1,0.33,0.33
16.066666666666666,0.3369687151767658,0.3293250429702632,1,0.33,0.33
16.083333333333332,0.3221012656687349,0.3282086643369639,1,0.33,0.33
16.1,0.33878595243811166,0.3280415175004155,1,0.33,0.33
16.116666666666667,0.33328600717585516,0.32899125545819297,1,0.33,0.33
16.133333333333333,0.32981225463545605,0.3285441346785073,1,0.33,0.33
16.15,0.33208780708497393,0.32763366942489514,1,0.33,0.33
16.166666666666668,0.3339302845159795,0.33487604734239884,1,0.33,0.33
16.183333333333334,0.3350488526590325,0.318081358999522,1,0.33,0.33
16.2,0.32941552636884674,0.3315354109268866,1,0.33,0.33
16.216666666666665,0.33616500058021676,0.3314284157100252,1,0.33,0.33
16.233333333333334,0.33010752687284,0.3282955278253274,1,0.33,0.33
16.25,0.3363486155629983,0.3340965868589169,1,0.33,0.33
16.266666666666666,0.330391338975446,0.32812870382557113,1,0.33,0.33
16.28333333333333,0.3330982771653955,0.3364775632647109,1,0.33,0.33
16.3,0.3348607771261466,0.3341861129593958,1,0.33,0.33
16.316666666666666,0.33637645993413084,0.3264884098166035,1,0.33,0.33
16.333333333333332,0.3350809298403735,0.33539034842583737,1,0.33,0.33
16.35,0.333743830456952,0.3280798549326125,1,0.33,0.33
16.366666666666667,0.3267163708127119,0.3206778604769714,1,0.33,0.33
16.383333333333333,0.3399571012521373,0.32321155924555856,1,0.33,0.33
16.4,0.32912054316738637,0.325429373796769,1,0.33,0.33
16.416666666666668,0.32957453182314533,0.3287537299507927,1,0.33,0.33
16.433333333333334,0.33426800503807885,0.3207216201623822,1,0.33,0.33
16.45,0.3332156354742738,0.32889177928937147,1,0.33,0.33
16.466666666666665,0.33450272177714196,0.33666126294823273,1,0.33,0.33
16.483333333333334,0.33671877899939257,0.324376533917591,1,0.33,0.33
16.5,0.3356532102413933,0.3298698512459163,1,0.33,0.33
16.516666666666666,0.3266146820609996,0.33101363476297946,1,0.33,0.33
16.53333333333333,0.33637657053074976,0.3403282167098207,1,0.33,0.33
16.55,0.32770023244489066,0.3206976988816699,1,0.33,0.33
16.566666666666666,0.3412852635291447,0.32843087179568364,1,0.33,0.33
16.583333333333332,0.32773159458967976,0.3245307339472508,1,0.33,0.33
16.6,0.32735427609633844,0.321688324974499,1,0.33,0.33
16.616666666666667,0.3350168137005687,0.33637913618909576,1,0.33,0.33
16.633333333333333,0.33178248281615463,0.32369789694340784,1,0.33,0.33
16.65,0.33843929356333113,0.3268928490767388,1,0.33,0.33
16.666666666666668,0.3316595655483822,0.32897375608125484,1,0.33,0.33
16.683333333333334,0.3392756713407412,0.3229688547603901,1,0.33,0.33
16.7,0.328856704901576,0.3217942852151119,1,0.33,0.33
16.716666666666665,0.33658833675811656,0.32332908716394076,1,0.33,0.33
16.733333333333334,0.332394017542402,0.3273056445811709,1,0.33,0.33
16.75,0.3344963818624569,0.3338387280818785,1,0.33,0.33
16.766666666666666,0.3371538392739387,0.3326529864879861,1,0.33,0.33
16.78333333333333,0.33198188626613867,0.326754493550193,1,0.33,0.33
16.8,0.34273060552351886,0.32455712201564146,1,0.33,0.33
16.816666666666666,0.34537021195549167,0.32781483426004915,1,0.33,0.33
16.833333333333332,,,0,0.33,0.33
16.85,0.32827639650532653,0.3234618858080368,1,0.33,0.33
16.866666666666667,0.3320453392420572,0.33093550964720203,1,0.33,0.33
16.883333333333333,0.3328936709662648,0.3248638114958168,1,0.33,0.33
16.9,0.3313691857454433,0.327734333088506,1,0.33,0.33
16.916666666666668,0.33139757022763117,0.32692350516157553,1,0.33,0.33
16.933333333333334,0.3360337020108427,0.3279639785629739,1,0.33,0.33
16.95,0.33843876232369247,0.32241628309589665,1,0.33,0.33
16.966666666666665,0.342028387476336,0.3231606670534182,1,0.33,0.33
16.983333333333334,0.33803680000274683,0.32307908504780064,1,0.33,0.33
17.0,0.3370834935001433,0.32794557846946787,1,0.33,0.33
17.016666666666666,0.33502595654315304,0.3330439617510052,1,0.33,0.33
17.03333333333333,0.3374397492493321,0.33288020398237184,1,0.33,0.33
17.05,0.3294463144548167,0.32645505356440724,1,0.33,0.33
17.066666666666666,0.3312768917222068,0.3282050829638011,1,0.33,0.33
17.083333333333332,0.33802713511337784,0.32892414638654255,1,0.33,0.33
17.1,0.33826597556829,0.3319372983191168,1,0.33,0.33
17.116666666666667,0.33675360455985304,0.32455623369315595,1,0.33,0.33
17.133333333333333,0.33717707520269224,0.33712631835617346,1,0.33,0.33
17.15,0.3393527194622841,0.3264291749048129,1,0.33,0.33
17.166666666666668,0.33168702980788617,0.3244409719599095,1,0.33,0.33
17.183333333333334,0.33523277455395034,0.32427088475931926,1,0.33,0.33
17.2,0.3275276717197857,0.32635100269770206,1,0.33,0.33
17.216666666666665,0.3324721288915979,0.3254409026283566,1,0.33,0.33
17.233333333333334,0.32954931927774034,0.3214407837642185,1,0.33,0.33
17.25,0.3330267602330347,0.3336400531139389,1,0.33,0.33
17.266666666666666,0.33128822942245245,0.3260330297191094,1,0.33,0.33
17.28333333333333,0.3264284400726977,0.32270599782482917,1,0.33,0.33
17.3,0.3312507022168194,0.3259086200255393,1,0.33,0.33
17.316666666666666,0.3323603959049126,0.32755350797650734,1,0.33,0.33
17.333333333333332,0.3271410441905179,0.33028378186128815,1,0.33,0.33
17.35,0.511001721154463,0.5024184110807225,1,0.5,0.5
17.366666666666667,0.5110856561914017,0.49961370254201637,1,0.5,0.5
17.383333333333333,0.5016079377899667,0.4953457267191577,1,0.5,0.5
17.4,0.5031887092379378,0.4980044149628293,1,0.5,0.5
17.416666666666668,0.5044096096764498,0.5059544166055672,1,0.5,0.5
17.433333333333334,0.5014273801574293,0.5003511750052279,1,0.5,0.5
17.45,0.5043094291055213,0.49732117770851597,1,0.5,0.5
17.466666666666665,0.4944399231184471,0.49344184725906076,1,0.5,0.5
17.483333333333334,0.5000624422242288,0.4959181885248124,1,0.5,0.5
17.5,0.509984543285762,0.49460442794689263,1,0.5,0.5
17.516666666666666,0.5071071637339152,0.49534868102803364,1,0.5,0.5
17.53333333333333,0.5058697891891438,0.5008880141968399,1,0.5,0.5
17.55,0.5107327544917566,0.5003726627446045,1,0.5,0.5
17.566666666666666,0.5020936910165303,0.495327202568697,1,0.5,0.5
17.583333333333332,0.507334062080532,0.4978500334071067,1,0.5,0.5
17.6,0.508068259029845,0.5013901775388176,1,0.5,0.5
17.616666666666667,0.5026536068047154,0.5057681780907515,1,0.5,0.5
17.633333333333333,0.5008368934387898,0.49889691461344093,1,0.5,0.5
17.65,0.4978421103344563,0.5041159214101023,1,0.5,0.5
17.666666666666668,0.5076967031584527,0.499878627449827,1,0.5,0.5
17.683333333333334,0.5033463298189895,0.5007127662408216,1,0.5,0.5
17.7,0.5069382830210868,0.4946684201378782,1,0.5,0.5
17.716666666666665,0.49779317061805317,0.4941010819124847,1,0.5,0.5
17.733333333333334,0.5117857071844611,0.49595773947677024,1,0.5,0.5
17.75,0.5020288694309265,0.5029760917727212,1,0.5,0.5
17.766666666666666,0.5119263959577929,0.5014532810992035,1,0.5,0.5
17.78333333333333,0.49904500524069473,0.5006069761555572,1,0.5,0.5
17.8,0.5013618021996535,0.4973005111818299,1,0.5,0.5
17.816666666666666,0.5004343782240775,0.5045488350258963,1,0.5,0.5
17.833333333333332,0.4984187731899391,0.49069550119062927,1,0.5,0.5
17.85,0.5093252205171613,0.5005935352632588,1,0.5,0.5
17.866666666666667,0.5108493515887598,0.4980455183694468,1,0.5,0.5
17.883333333333333,0.5088507909825352,0.4904422464534704,1,0.5,0.5
17.9,0.5043618035273889,0.4944887319254245,1,0.5,0.5
17.916666666666668,0.5051521547883978,0.503536363184401,1,0.5,0.5
17.933333333333334,0.5033715673281355,0.5010099673684362,1,0.5,0.5
17.95,0.50990265243589,0.4871866796116134,1,0.5,0.5
17.966666666666665,0.5074006566029136,0.5060875571328242,1,0.5,0.5
17.983333333333334,0.505726459363522,0.500655680552519,1,0.5,0.5
18.0,0.15073905575707008,0.14319146844005112,1,0.15,0.15
18.016666666666666,0.14836553981532574,0.14544607173254184,1,0.15,0.15
18.03333333333333,0.15235587693553196,0.1496099888652457,1,0.15,0.15
18.05,0.1469637504588417,0.1488174913592397,1,0.15,0.15
18.066666666666666,0.15428182074694455,0.1492252672731581,1,0.15,0.15
18.083333333333332,0.1519848516140409,0.15728283762601114,1,0.15,0.15
18.1,0.1545832251866224,0.1459443662987752,1,0.15,0.15
18.116666666666667,0.1585640971160223,0.14902397647877466,1,0.15,0.15
18.133333333333333,0.15494513543699331,0.15036975407204387,1,0.15,0.15
18.15,0.1518879833156451,0.14567776042704336,1,0.15,0.15
18.166666666666668,0.14603825249557914,0.1478381388829084,1,0.15,0.15
18.183333333333334,0.15896190138650781,0.15868513288118985,1,0.15,0.15
18.2,0.15675887351588208,0.14847867959637276,1,0.15,0.15
18.216666666666665,0.15888943028474195,0.15275482881971814,1,0.15,0.15
18.233333333333334,0.15281803926073348,0.15324888679817358,1,0.15,0.15
18.25,0.1497182599858747,0.14991697047852487,1,0.15,0.15
18.266666666666666,0.15408447836624586,0.1504920031240465,1,0.15,0.15
18.28333333333333,0.1561733503372665,0.15095091169149166,1,0.15,0.15
18.3,0.15475402043344946,0.14505346045439305,1,0.15,0.15
18.316666666666666,0.1553685858057207,0.14591225165292857,1,0.15,0.15
18.333333333333332,0.14970580723835786,0.1511669164656248,1,0.15,0.15
18.35,0.15008222597437704,0.13947395982434646,1,0.15,0.15
18.366666666666667,0.15449569600662386,0.15191946510075993,1,0.15,0.15
18.383333333333333,0.15515169199108803,0.1425186493894576,1,0.15,0.15
18.4,0.1603733632049878,0.13907372730897827,1,0.15,0.15
18.416666666666668,0.16130402597235882,0.14579995145289362,1,0.15,0.15
18.433333333333334,0.15320074338323467,0.14612646708754493,1,0.15,0.15
18.45,0.15902004961055127,0.15494460427714318,1,0.15,0.15
18.466666666666665,0.14625013058792707,0.15098071998058965,1,0.15,0.15
18.483333333333334,0.14780311293164153,0.14556995630024339,1,0.15,0.15
18.5,0.15500458457463204,0.14614692856105976,1,0.15,0.15
18.516666666666666,,,0,0.15,0.15
18.53333333333333,0.15215483526199658,0.14992717441764236,1,0.15,0.15
18.55,0.14875183399154834,0.14072266641986483,1,0.15,0.15
18.566666666666666,0.1583397849046654,0.14961170714050173,1,0.15,0.15
18.583333333333332,0.1457342815291132,0.14407611217061866,1,0.15,0.15
18.6,0.15724246434316913,0.14982768130387453,1,0.15,0.15
18.616666666666667,0.1544180929228917,0.13857506967009017,1,0.15,0.15
18.633333333333333,0.1444700918380009,0.1548805716293566,1,0.15,0.15
18.65,0.15059047546835408,0.14147068937816668,1,0.15,0.15
18.666666666666668,0.16187816134401525,0.1516490326717031,1,0.15,0.15
18.683333333333334,0.14767923822725895,0.14363034569002883,1,0.15,0.15
18.7,0.14933544156849524,0.15635553918284908,1,0.15,0.15
18.716666666666665,0.1553418792391229,0.13886896718667704,1,0.15,0.15
18.733333333333334,0.15071187418535748,0.1561863067268396,1,0.15,0.15
18.75,0.1534800246779115,0.14799522388188868,1,0.15,0.15
18.766666666666666,0.15385530649013485,0.1483923608026652,1,0.15,0.15
18.78333333333333,0.14905841801417977,0.13754699214370722,1,0.15,0.15
18.8,0.15455822736901392,0.14378195154274742,1,0.15,0.15
18.816666666666666,0.14896558678283067,0.14852517901180906,1,0.15,0.15
18.833333333333332,0.14979527229497655,0.1515938684538115,1,0.15,0.15
18.85,0.15764098465620302,0.14422285108510188,1,0.15,0.15
18.866666666666667,0.14867282820832592,0.14496671476353218,1,0.15,0.15
18.883333333333333,0.15780582484012412,0.15174951919769458,1,0.15,0.15
18.9,0.14913674496138635,0.14986716918852389,1,0.15,0.15
18.916666666666668,0.1474556113776807,0.15455250612179608,1,0.15,0.15
18.933333333333334,0.15286847147055618,0.1475457293137642,1,0.15,0.15
18.95,0.14919208446893484,0.14422733981881056,1,0.15,0.15
18.966666666666665,0.14908362835118355,0.14923723119757681,1,0.15,0.15
18.983333333333334,0.15622059871134636,0.1447337841680862,1,0.15,0.15
19.0,0.14947286901924436,0.1458636751782191,1,0.15,0.15
19.016666666666666,0.14932065286168456,0.14965032184383714,1,0.15,0.15
19.03333333333333,0.15323460353193444,0.14466761805955414,1,0.15,0.15
19.05,0.15586145123341422,0.14684864549646962,1,0.15,0.15
19.066666666666666,0.1506639587821342,0.15450196809503455,1,0.15,0.15
19.083333333333332,0.15209051747900326,0.1448144092375764,1,0.15,0.15
19.1,0.15438295360828427,0.14900501684622228,1,0.15,0.15
19.116666666666667,0.15420953675388685,0.15179212851512225,1,0.15,0.15
19.133333333333333,0.15560655908639792,0.15035688756511004,1,0.15,0.15
19.15,0.1531193414961546,0.14181756800180903,1,0.15,0.15
19.166666666666668,0.15369049494551026,0.14915144206305148,1,0.15,0.15
19.183333333333334,0.1487966173382799,0.14439902446538722,1,0.15,0.15
19.2,0.15776001279116622,0.14706663375059892,1,0.15,0.15
19.216666666666665,0.15602060502446358,0.15312243016182286,1,0.15,0.15
19.233333333333334,0.15210020037721678,0.1416083209337257,1,0.15,0.15
19.25,0.14767502611566224,0.14979483556640058,1,0.15,0.15
19.266666666666666,0.15151652233574978,0.1521482121011003,1,0.15,0.15
19.28333333333333,0.15668254504886153,0.14015804874681892,1,0.15,0.15
19.3,0.1484344272416428,0.1428312876210149,1,0.15,0.15
19.316666666666666,0.15719896300925176,0.1498851253190325,1,0.15,0.15
19.333333333333332,0.15035735064706043,0.15252205423067688,1,0.15,0.15
19.35,0.15582292997091568,0.14519359116002836,1,0.15,0.15
19.366666666666667,0.1501223808427309,0.15284373148679176,1,0.15,0.15
19.383333333333333,0.15219128092002154,0.1381248118570361,1,0.15,0.15
19.4,0.1521829804959709,0.1467026980801243,1,0.15,0.15
19.416666666666668,0.1510744298028644,0.15237816906279442,1,0.15,0.15
19.433333333333334,0.1640401885517037,0.14300469316513714,1,0.15,0.15
19.45,0.14825549545378236,0.15338358878790143,1,0.15,0.15
19.466666666666665,0.159039841911192,0.14754583151784492,1,0.15,0.15
19.483333333333334,0.14494601276219723,0.14973065354196516,1,0.15,0.15
19.5,0.15934913923617544,0.15225691484565315,1,0.15,0.15
19.516666666666666,0.15287923074649992,0.14445903970942076,1,0.15,0.15
19.53333333333333,0.155671697206843,0.1483604816707604,1,0.15,0.15
19.55,0.1538426195019034,0.1562529364642274,1,0.15,0.15
19.566666666666666,0.1557422917895999,0.14536136225475366,1,0.15,0.15
19.583333333333332,0.14855318293191971,0.1475689244369031,1,0.15,0.15
19.6,0.14528901960262308,0.14135397726541965,1,0.15,0.15
19.616666666666667,0.16153605553881406,0.13967323004587384,1,0.15,0.15
19.633333333333333,0.14969719947726137,0.148675249670186,1,0.15,0.15
19.65,0.15285022561650538,0.1428604464647798,1,0.15,0.15
19.666666666666668,0.14977126606677899,0.14302353953709768,1,0.15,0.15
19.683333333333334,0.1583999244449749,0.14615221500903788,1,0.15,0.15
19.7,0.15442365952037984,0.14911716169850894,1,0.15,0.15
19.716666666666665,0.15130829908282492,0.14187922688255894,1,0.15,0.15
19.733333333333334,0.15719821026337413,0.14447751609309645,1,0.15,0.15
19.75,0.15578894684593753,0.14917099195712777,1,0.15,0.15
19.766666666666666,0.14526310362850986,0.14495420103380513,1,0.15,0.15
19.78333333333333,0.1515253927208792,0.1520445881313663,1,0.15,0.15
19.8,0.14694730808218107,0.14765812298201345,1,0.15,0.15
19.816666666666666,0.15186025712877763,0.15525011743760256,1,0.15,0.15
19.833333333333332,0.15385510718818993,0.14155740684516346,1,0.15,0.15
19.85,0.15480337546392436,0.15198242068311907,1,0.15,0.15
19.866666666666667,0.15407646422055238,0.1481090971083259,1,0.15,0.15
19.883333333333333,0.15538984256312074,0.1446799228206423,1,0.15,0.15
19.9,0.16370292372854764,0.13987339603911997,1,0.15,0.15
19.916666666666668,0.15903506126471947,0.14737836864721687,1,0.15,0.15
19.933333333333334,0.15501511619003505,0.14920156469644977,1,0.15,0.15
19.95,0.16028015102128249,0.14687289772311804,1,0.15,0.15
19.966666666666665,0.15646969670251118,0.1513910832786094,1,0.15,0.15
19.983333333333334,0.1580646507147537,0.1472050225551479,1,0.15,0.15
20.0,0.14922873999148073,0.14757574855292033,1,0.15,0.15
20.016666666666666,0.14952447189792561,0.1485488396220277,1,0.15,0.15
20.03333333333333,0.15884224268400982,0.1518963577536234,1,0.15,0.15
20.05,0.15212376081141923,0.14889321978790956,1,0.15,0.15
20.066666666666666,0.14962080384523177,0.14903218135383384,1,0.15,0.15
20.083333333333332,0.1629015549029074,0.14356485997844293,1,0.15,0.15
20.1,0.1539951687807268,0.1582478005609783,1,0.15,0.15
20.116666666666667,0.15476201537581166,0.14412230167331777,1,0.15,0.15
20.133333333333333,0.14851707092351213,0.15179394576510352,1,0.15,0.15
20.15,0.14817363251317053,0.14993787944353373,1,0.15,0.15
20.166666666666668,0.1557947178010409,0.1501855249225205,1,0.15,0.15
20.183333333333334,0.14801418333147956,0.15115321543361376,1,0.15,0.15
20.2,,,0,0.15,0.15
20.216666666666665,0.16038624481139727,0.14794717938733615,1,0.15,0.15
20.233333333333334,0.1614831469103156,0.1519188197369316,1,0.15,0.15
20.25,0.15175111058794405,0.15356440778682787,1,0.15,0.15
20.266666666666666,0.15426179802459958,0.14816022180930985,1,0.15,0.15
20.28333333333333,0.15061633127682886,0.14243837226522285,1,0.15,0.15
20.3,0.15713822587953455,0.15278376786435705,1,0.15,0.15
20.316666666666666,0.15269772181492225,0.14688922234824914,1,0.15,0.15
20.333333333333332,0.14756513926720327,0.14216373496843893,1,0.15,0.15
20.35,0.4979407624926159,0.49876441746696637,1,0.5,0.5
20.366666666666667,0.5035686789193554,0.49752662921641,1,0.5,0.5
20.383333333333333,0.5080971666076257,0.5045319926126819,1,0.5,0.5
20.4,0.5042396601550017,0.4906397317412567,1,0.5,0.5
20.416666666666668,0.49379343156899025,0.49916791134511296,1,0.5,0.5
20.433333333333334,0.505844520842089,0.4987241391728657,1,0.5,0.5
20.45,0.5025252434647307,0.4911156374575043,1,0.5,0.5
20.466666666666665,0.4994247486124401,0.49695454351410145,1,0.5,0.5
20.483333333333334,0.5038573982342982,0.4951762634196674,1,0.5,0.5
20.5,0.49903140434634524,0.5008175115271862,1,0.5,0.5
20.516666666666666,0.5084556649913152,0.5012398219599655,1,0.5,0.5
20.53333333333333,0.5096055829292774,0.4954090854048865,1,0.5,0.5
20.55,0.5038099266214019,0.5044935011117299,1,0.5,0.5
20.566666666666666,0.5065315612215712,0.5060093959250531,1,0.5,0.5
20.583333333333332,0.5023292889458719,0.5068364788717279,1,0.5,0.5
20.6,0.5064326900290356,0.4950560507441353,1,0.5,0.5
20.616666666666667,0.5017217129280762,0.495576769494651,1,0.5,0.5
20.633333333333333,0.5105181969436924,0.4953285879266412,1,0.5,0.5
20.65,0.5077827711263635,0.5032201931785211,1,0.5,0.5
20.666666666666668,0.5009763973363323,0.49007762976110825,1,0.5,0.5
20.683333333333334,0.49824686878178626,0.5020864087148087,1,0.5,0.5
20.7,0.5023494938306392,0.4985484034358371,1,0.5,0.5
20.716666666666665,0.5021446840834626,0.49430154694366735,1,0.5,0.5
20.733333333333334,0.5004324396982414,0.4988131602093554,1,0.5,0.5
20.75,0.5081677163804862,0.4896175000562899,1,0.5,0.5
20.766666666666666,0.5109149496824031,0.49295290255285346,1,0.5,0.5
20.78333333333333,0.4985982300960072,0.49587682713322384,1,0.5,0.5
20.8,0.5069741020527488,0.49460604762711496,1,0.5,0.5
20.816666666666666,0.4967918686429772,0.4967997275560933,1,0.5,0.5
20.833333333333332,0.49966913805947893,0.501455730003875,1,0.5,0.5
20.85,0.5062876429019025,0.49155455657474834,1,0.5,0.5
20.866666666666667,0.5038402131957835,0.5020405792480829,1,0.5,0.5
20.883333333333333,0.5004601791171011,0.49847080679942146,1,0.5,0.5
20.9,0.5064107361106744,0.4928643702726648,1,0.5,0.5
20.916666666666668,0.5049636447464114,0.5044512764234264,1,0.5,0.5
20.933333333333334,0.4973265199123825,0.49988672754238717,1,0.5,0.5
20.95,0.5047107234409535,0.507319839726021,1,0.5,0.5
20.966666666666665,0.5073216681742443,0.49520226215248386,1,0.5,0.5
20.983333333333334,0.5041313493277113,0.4925833210071584,1,0.5,0.5
21.0,0.8574290089749536,0.8431139375213434,1,0.85,0.85
21.016666666666666,0.8485598389829319,0.8531541969641904,1,0.85,0.85
21.03333333333333,0.8544376915110682,0.8472148583484294,1,0.85,0.85
21.05,0.8575947672877362,0.8526487420618306,1,0.85,0.85
21.066666666666666,0.8578586768740447,0.8515140450502765,1,0.85,0.85
21.083333333333332,0.8541278895472189,0.8515389427316186,1,0.85,0.85
21.1,0.8567481681466906,0.8503567768840242,1,0.85,0.85
21.116666666666667,0.8440492550337635,0.8437549926294173,1,0.85,0.85
21.133333333333333,0.8498042598260368,0.8549341552734379,1,0.85,0.85
21.15,0.8545032722808095,0.8591827395777799,1,0.85,0.85
21.166666666666668,0.8508136386217012,0.8474364720168728,1,0.85,0.85
21.183333333333334,0.849334895564931,0.8449230032009064,1,0.85,0.85
21.2,0.8577861999525385,0.8528822790244018,1,0.85,0.85
21.216666666666665,0.8549387432464305,0.8477426839289256,1,0.85,0.85
21.233333333333334,0.8520827684930633,0.8494019254702521,1,0.85,0.85
21.25,0.845367739158624,0.8514695222145815,1,0.85,0.85
21.266666666666666,0.8576235017991778,0.8460311271722072,1,0.85,0.85
21.28333333333333,0.8579942714829646,0.8471918712050455,1,0.85,0.85
21.3,0.8522598527384175,0.8351687574567033,1,0.85,0.85
21.316666666666666,0.8555538644906185,0.848776651733072,1,0.85,0.85
21.333333333333332,0.8505996221913394,0.8381655800962515,1,0.85,0.85
21.35,0.8515101106362938,0.8496884134326879,1,0.85,0.85
21.366666666666667,0.858092176181075,0.8523124926892134,1,0.85,0.85
21.383333333333333,0.8545823485506454,0.8509607996346219,1,0.85,0.85
21.4,0.8539818276729028,0.8467577202957853,1,0.85,0.85
21.416666666666668,0.8480968945229729,0.8451741272756149,1,0.85,0.85
21.433333333333334,0.8512161574199586,0.8417365714391103,1,0.85,0.85
21.45,0.8418002398535813,0.8497608665997141,1,0.85,0.85
21.466666666666665,0.85780489268089,0.8468897020736736,1,0.85,0.85
21.483333333333334,0.8524738547558406,0.8448382466378155,1,0.85,0.85
21.5,0.8556377407318391,0.850753751749483,1,0.85,0.85
21.516666666666666,0.851626011943282,0.8431745315854392,1,0.85,0.85
21.53333333333333,0.8562048369229934,0.843987132961244,1,0.85,0.85
21.55,0.8535790831858642,0.8570631535938521,1,0.85,0.85
21.566666666666666,0.8545654868611092,0.8483930739997451,1,0.85,0.85
21.583333333333332,0.8603033572364627,0.85130391978173,1,0.85,0.85
21.6,0.8512052715860072,0.8500050937948918,1,0.85,0.85
21.616666666666667,0.8545527527670848,0.848666546010159,1,0.85,0.85
21.633333333333333,0.8582245948766546,0.8408258294579724,1,0.85,0.85
21.65,0.8601271878268324,0.8445537286154853,1,0.85,0.85
21.666666666666668,0.8502536213987478,0.8501369548187653,1,0.85,0.85
21.683333333333334,0.8525136477771117,0.8474075849115981,1,0.85,0.85
21.7,0.8573621944032569,0.8495709157524717,1,0.85,0.85
21.716666666666665,0.8488970968293569,0.8516177564132077,1,0.85,0.85
21.733333333333334,0.8574499144234796,0.8335593281691865,1,0.85,0.85
21.75,0.8514107388964152,0.8469526152646115,1,0.85,0.85
21.766666666666666,0.8570224002480583,0.8472717747834907,1,0.85,0.85
21.78333333333333,0.8542830166239163,0.8466814764743377,1,0.85,0.85
21.8,0.8575922037365458,0.8518257005079142,1,0.85,0.85
21.816666666666666,0.8511638716233434,0.84721509050247,1,0.85,0.85
21.833333333333332,0.8526259015411062,0.8435573093368863,1,0.85,0.85
21.85,0.8467714011283654,0.8545836637112688,1,0.85,0.85
21.866666666666667,0.8547168560420804,0.8426336770755893,1,0.85,0.85
21.883333333333333,,,0,0.85,0.85
21.9,0.8516192167174499,0.8469280859604867,1,0.85,0.85
21.916666666666668,0.8546185348916202,0.8427347530979993,1,0.85,0.85
21.933333333333334,0.8501361037131082,0.8381748002487623,1,0.85,0.85
21.95,0.8505075906399859,0.8452675260563904,1,0.85,0.85
21.966666666666665,0.8522066553467308,0.8504077332769783,1,0.85,0.85
21.983333333333334,0.8535302377022966,0.8382551409425996,1,0.85,0.85
22.0,0.8504139847742314,0.8497211073498016,1,0.85,0.85
22.016666666666666,0.8607568331247376,0.8577220825775106,1,0.85,0.85
22.03333333333333,0.8553835686770185,0.8534616854562556,1,0.85,0.85
22.05,0.8569598659865432,0.8438711454142236,1,0.85,0.85
22.066666666666666,0.8571545408109188,0.8476715658606606,1,0.85,0.85
22.083333333333332,0.8484327759865377,0.8430649100385132,1,0.85,0.85
22.1,0.84849055015188,0.8510556293621926,1,0.85,0.85
22.116666666666667,0.8506178521098136,0.8462040713445259,1,0.85,0.85
22.133333333333333,0.8597698937006769,0.8464625679222236,1,0.85,0.85
22.15,0.8537580510785244,0.8490702319030059,1,0.85,0.85
22.166666666666668,0.8575822129980883,0.8555962998966873,1,0.85,0.85
22.183333333333334,0.8481044145178039,0.842086985734349,1,0.85,0.85
22.2,0.8534938879521564,0.8555993137401229,1,0.85,0.85
22.216666666666665,0.8555355244919777,0.8421534117184345,1,0.85,0.85
22.233333333333334,0.8497411971752218,0.8542199191082706,1,0.85,0.85
22.25,0.852070782033025,0.8539216834435805,1,0.85,0.85
22.266666666666666,0.8523807338281532,0.8484309684483368,1,0.85,0.85
22.28333333333333,0.8542477937242023,0.8402071315580657,1,0.85,0.85
22.3,0.8565429995221642,0.8473886652869409,1,0.85,0.85
22.316666666666666,0.8552837132319986,0.8524631566960233,1,0.85,0.85
22.333333333333332,0.852393463237051,0.8506716688200314,1,0.85,0.85
22.35,0.8615370965617648,0.8534579867986235,1,0.85,0.85
22.366666666666667,0.8572703840614291,0.8456029685478377,1,0.85,0.85
22.383333333333333,0.8521437701302454,0.8484816413969647,1,0.85,0.85
22.4,0.8619296849844137,0.8554564206002334,1,0.85,0.85
22.416666666666668,0.8505716057596627,0.8470804808490712,1,0.85,0.85
22.433333333333334,0.8544651053635283,0.8498034500789983,1,0.85,0.85
22.45,0.8486294191599797,0.8504395267457955,1,0.85,0.85
22.466666666666665,0.8408053681909292,0.8588128601666474,1,0.85,0.85
22.483333333333334,0.855957180341368,0.8454656737597707,1,0.85,0.85
22.5,0.8489099574256739,0.8479764748060016,1,0.85,0.85
22.516666666666666,0.849160296399132,0.8438948546703302,1,0.85,0.85
22.53333333333333,0.8495391858877768,0.844827119282713,1,0.85,0.85
22.55,0.8514261666292712,0.8569382463096153,1,0.85,0.85
22.566666666666666,0.8552576549722254,0.847058409613575,1,0.85,0.85
22.583333333333332,0.8561749574024673,0.8490859327840955,1,0.85,0.85
22.6,0.8465457821189012,0.8505394404639591,1,0.85,0.85
22.616666666666667,0.8486497103810283,0.8535231343345203,1,0.85,0.85
22.633333333333333,0.8610608277442129,0.8453605803815387,1,0.85,0.85
22.65,0.8555115711205102,0.8393685851048702,1,0.85,0.85
22.666666666666668,0.8568303665259921,0.8485010278532157,1,0.85,0.85
22.683333333333334,0.8542419802181064,0.8395722009283656,1,0.85,0.85
22.7,0.8573455152079129,0.8443883569533307,1,0.85,0.85
22.716666666666665,0.8451702219029678,0.8520320765721066,1,0.85,0.85
22.733333333333334,0.8544762480753187,0.8468025185132532,1,0.85,0.85
22.75,0.8530554666584597,0.8542373351806547,1,0.85,0.85
22.766666666666666,0.8500460715906293,0.8508954642912216,1,0.85,0.85
22.78333333333333,0.848387106320792,0.8566038134325697,1,0.85,0.85
22.8,0.8510308956184943,0.8483169376363419,1,0.85,0.85
22.816666666666666,0.8581050866501131,0.8535444711569394,1,0.85,0.85
22.833333333333332,0.8571342834671739,0.848932039692609,1,0.85,0.85
22.85,0.8584905700032364,0.8535292045200028,1,0.85,0.85
22.866666666666667,0.8567633637859015,0.8431009433163121,1,0.85,0.85
22.883333333333333,0.8518550058912499,0.8441403349931587,1,0.85,0.85
22.9,0.8543337740610916,0.8446595340743065,1,0.85,0.85
22.916666666666668,0.8489789507740785,0.8413820667899404,1,0.85,0.85
22.933333333333334,0.857799159882676,0.844746468633225,1,0.85,0.85
22.95,0.8588417471747787,0.843023990783521,1,0.85,0.85
22.966666666666665,0.8517904471170886,0.8588464304809512,1,0.85,0.85
22.983333333333334,0.8430722228101675,0.8485089889700045,1,0.85,0.85
23.0,0.8437119456614246,0.8508917740110176,1,0.85,0.85
23.016666666666666,0.854370239201707,0.8561967074376383,1,0.85,0.85
23.03333333333333,0.8515148508517509,0.8359820729592281,1,0.85,0.85
23.05,0.8554572498239493,0.8464265788368455,1,0.85,0.85
23.066666666666666,0.8417164372247063,0.8474269736684364,1,0.85,0.85
23.083333333333332,0.8545264000549114,0.8430961223473995,1,0.85,0.85
23.1,0.8433604089502574,0.8528567169718262,1,0.85,0.85
23.116666666666667,0.8568863064597328,0.8447814012091179,1,0.85,0.85
23.133333333333333,0.8535021621145976,0.8542819536498626,1,0.85,0.85
23.15,0.8534412724955439,0.8548754208674765,1,0.85,0.85
23.166666666666668,0.8480850773752081,0.846635503745857,1,0.85,0.85
23.183333333333334,0.8548508093371168,0.8401822742895086,1,0.85,0.85
23.2,0.8489875944465268,0.8526044461765,1,0.85,0.85
23.216666666666665,0.8555760963817504,0.8495896802078277,1,0.85,0.85
23.233333333333334,0.8518571420195389,0.8480114168613729,1,0.85,0.85
23.25,0.8510163044989183,0.8460198583422925,1,0.85,0.85
23.266666666666666,0.854007530835642,0.8562165055211054,1,0.85,0.85
23.28333333333333,0.8538526113726317,0.845823811879808,1,0.85,0.85
23.3,0.845689982430738,0.847033033208193,1,0.85,0.85
23.316666666666666,0.8429598060741212,0.849874835069203,1,0.85,0.85
23.333333333333332,0.8526799235460768,0.8435455217607146,1,0.85,0.85
23.35,0.5101674275217862,0.4995480447681094,1,0.5,0.5
23.366666666666667,0.5033186170370562,0.5018599242636613,1,0.5,0.5
23.383333333333333,0.5029890762833503,0.497224665978066,1,0.5,0.5
23.4,0.5032795203379364,0.5052001142691551,1,0.5,0.5
23.416666666666668,0.4967753640493683,0.5055054931111534,1,0.5,0.5
23.433333333333334,0.5031462290353625,0.49772228872991436,1,0.5,0.5
23.45,0.5058812182031044,0.4926609505037861,1,0.5,0.5
23.466666666666665,0.5002709595460074,0.4969433786418817,1,0.5,0.5
23.483333333333334,0.4949771654155225,0.49715638186312655,1,0.5,0.5
23.5,0.5059950524198282,0.5013137888088016,1,0.5,0.5
23.516666666666666,0.5000318349900877,0.503176624583675,1,0.5,0.5
23.53333333333333,0.4991962431126605,0.5035690064395705,1,0.5,0.5
23.55,0.5060854530138278,0.48798896685730747,1,0.5,0.5
23.566666666666666,,,0,0.5,0.5
23.583333333333332,0.5049640909899448,0.4952059617152762,1,0.5,0.5
23.6,0.5078901062982927,0.5058344218287368,1,0.5,0.5
23.616666666666667,0.5001911208813169,0.4997988513981399,1,0.5,0.5
23.633333333333333,0.5101372695757549,0.5004840851596962,1,0.5,0.5
23.65,0.5064063177316287,0.4991837010265384,1,0.5,0.5
23.666666666666668,0.5088514187135647,0.501784784201275,1,0.5,0.5
23.683333333333334,0.5071843553881721,0.4984423745218723,1,0.5,0.5
23.7,0.4976918650872643,0.49539578311774884,1,0.5,0.5
23.716666666666665,0.5030733277902775,0.49226659604005407,1,0.5,0.5
23.733333333333334,0.5027535853270328,0.49910113850628157,1,0.5,0.5
23.75,0.5083415749459396,0.5019497147117288,1,0.5,0.5
23.766666666666666,0.49488068160255144,0.4981158309417658,1,0.5,0.5
23.78333333333333,0.502522649886992,0.5071201102919625,1,0.5,0.5
23.8,0.5091293927819753,0.4962069236621432,1,0.5,0.5
23.816666666666666,0.5050872221348428,0.4925886221402326,1,0.5,0.5
23.833333333333332,0.5070515896554506,0.4968705390861841,1,0.5,0.5
23.85,0.5046179802270391,0.4952454948232805,1,0.5,0.5
23.866666666666667,0.5011556889296817,0.49779606558302797,1,0.5,0.5
23.883333333333333,0.5055634997475732,0.49518652439477817,1,0.5,0.5
23.9,0.5036568660659173,0.4990974822843749,1,0.5,0.5
23.916666666666668,0.5004087996015276,0.4923850977117395,1,0.5,0.5
23.933333333333334,0.5031616254440487,0.49574250910011597,1,0.5,0.5
23.95,0.4961451312919932,0.49348741347922537,1,0.5,0.5
23.966666666666665,0.5097853200228807,0.5021481209529279,1,0.5,0.5
23.983333333333334,0.5103904089585083,0.5018527780913838,1,0.5,0.5
24.0,0.6599323535505882,0.3335661693581908,1,0.66,0.33
24.016666666666666,0.6693584231610338,0.32678088216586637,1,0.66,0.33
24.03333333333333,0.6681242817188034,0.3271895823836883,1,0.66,0.33
24.05,0.6744845904050423,0.3309256581330598,1,0.66,0.33
24.066666666666666,0.6741973348676774,0.3314454362881824,1,0.66,0.33
24.083333333333332,0.6570202417914298,0.32187337579225034,1,0.66,0.33
24.1,0.665331775941999,0.3275400995062862,1,0.66,0.33
24.116666666666667,0.6623454642300247,0.32955648218196615,1,0.66,0.33
24.133333333333333,0.6554800572043098,0.32170872716684296,1,0.66,0.33
24.15,0.6686360910815915,0.3259678331435026,1,0.66,0.33
24.166666666666668,0.6669942949519064,0.333786238673721,1,0.66,0.33
24.183333333333334,0.6615063320974904,0.32524560146000525,1,0.66,0.33
24.2,0.6621961955656674,0.3242266205168545,1,0.66,0.33
24.216666666666665,0.6623637270828122,0.3226789446895298,1,0.66,0.33
24.233333333333334,0.6696836619372728,0.32752509714454375,1,0.66,0.33
24.25,0.6610799788211672,0.3197982451967022,1,0.66,0.33
24.266666666666666,0.6658367738537883,0.31804629925664823,1,0.66,0.33
24.28333333333333,0.6633478159218468,0.3235113834010064,1,0.66,0.33
24.3,0.6574973874162352,0.32113792036063343,1,0.66,0.33
24.316666666666666,0.6570414034907859,0.3230604935688022,1,0.66,0.33
24.333333333333332,0.665633008775366,0.32826428860354845,1,0.66,0.33
24.35,0.657864430219402,0.3282551080856376,1,0.66,0.33
24.366666666666667,0.6592827149893778,0.326858056746195,1,0.66,0.33
24.383333333333333,0.6586591430191857,0.3266509712686152,1,0.66,0.33
24.4,0.6693058288714174,0.3358057892347456,1,0.66,0.33
24.416666666666668,0.6647428829020844,0.33206157931798025,1,0.66,0.33
24.433333333333334,0.6608587228156593,0.3318534113414379,1,0.66,0.33
24.45,0.6598444052356379,0.32464444917418483,1,0.66,0.33
24.466666666666665,0.6743350751600193,0.3265107679641252,1,0.66,0.33
24.483333333333334,0.6572724034354063,0.33304473279607455,1,0.66,0.33
24.5,0.6657024361072621,0.3259112241505041,1,0.66,0.33
24.516666666666666,0.6646058184008489,0.3322970106677591,1,0.66,0.33
24.53333333333333,0.6688086146802951,0.33094941538321665,1,0.66,0.33
24.55,0.6572858937798496,0.32415898832120416,1,0.66,0.33
24.566666666666666,0.6672564784964702,0.330767416229095,1,0.66,0.33
24.583333333333332,0.6575061191935463,0.3286228719272996,1,0.66,0.33
24.6,0.6549831987396617,0.33381236261517744,1,0.66,0.33
24.616666666666667,0.6680095604107528,0.3215286525874461,1,0.66,0.33
24.633333333333333,0.6587955362721736,0.32401494112759144,1,0.66,0.33
24.65,0.666791714304267,0.3238433803897392,1,0.66,0.33
24.666666666666668,0.6623781474464552,0.33057148501001954,1,0.66,0.33
24.683333333333334,0.6574329078050237,0.3302364948984755,1,0.66,0.33
24.7,0.6551457318475465,0.32495668416569146,1,0.66,0.33
24.716666666666665,0.6673894086668161,0.32522193419133344,1,0.66,0.33
24.733333333333334,0.6575955702259226,0.32928481122297826,1,0.66,0.33
24.75,0.6618385536061299,0.32264915634955843,1,0.66,0.33
24.766666666666666,0.6710432936745953,0.32816940026689945,1,0.66,0.33
24.78333333333333,0.6644559934586254,0.33088738570751947,1,0.66,0.33
24.8,0.6619696058910337,0.3232091796131049,1,0.66,0.33
24.816666666666666,0.6619749076392536,0.32964167185574716,1,0.66,0.33
24.833333333333332,0.6733688761276129,0.32802255681128367,1,0.66,0.33
24.85,0.6639719073729948,0.32935096701232314,1,0.66,0.33
24.866666666666667,0.6621301932860337,0.3321532193959707,1,0.66,0.33
24.883333333333333,0.6607667898272886,0.32825389247657943,1,0.66,0.33
24.9,0.6618831665831777,0.3271044560530582,1,0.66,0.33
24.916666666666668,0.6632947839484037,0.32442636765700605,1,0.66,0.33
24.933333333333334,0.6610816413252896,0.3240191266171648,1,0.66,0.33
24.95,0.6582259780344032,0.32812190545110015,1,0.66,0.33
24.966666666666665,0.6672097492597773,0.3285463615650539,1,0.66,0.33
24.983333333333334,0.6672723219957655,0.33052681667611317,1,0.66,0.33
25.0,0.6621181783363802,0.3295051669530743,1,0.66,0.33
25.016666666666666,0.6668984075818996,0.3296748832249585,1,0.66,0.33
25.03333333333333,0.6620794232900588,0.3233924531693792,1,0.66,0.33
25.05,0.6643378268788408,0.3283083634157362,1,0.66,0.33
25.066666666666666,0.6573250120699494,0.3315419511364859,1,0.66,0.33
25.083333333333332,0.6684484535791183,0.3332296428559945,1,0.66,0.33
25.1,0.669113379660217,0.33052482686896767,1,0.66,0.33
25.116666666666667,0.6698229094096493,0.3252997150760348,1,0.66,0.33
25.133333333333333,0.6660552166140628,0.3217461947735231,1,0.66,0.33
25.15,0.6709405951385433,0.3272252471097096,1,0.66,0.33
25.166666666666668,0.6611562056548091,0.32775566316103566,1,0.66,0.33
25.183333333333334,0.6652451447699141,0.3267675864418683,1,0.66,0.33
25.2,0.6699132660063051,0.332518560677449,1,0.66,0.33
25.216666666666665,0.6751089924720926,0.32044844243328435,1,0.66,0.33
25.233333333333334,0.6637543542633643,0.33217230736087827,1,0.66,0.33
25.25,,,0,0.66,0.33
25.266666666666666,0.669718957263515,0.3287143962599323,1,0.66,0.33
25.28333333333333,0.6620848685633229,0.3305365286024005,1,0.66,0.33
25.3,0.6638365097950416,0.3266922212047702,1,0.66,0.33
25.316666666666666,0.6604480975554494,0.3372177866731876,1,0.66,0.33
25.333333333333332,0.6627844337121688,0.33267544283249906,1,0.66,0.33
25.35,0.6639587929719207,0.3305696959118464,1,0.66,0.33
25.366666666666667,0.6590998275832143,0.32827646975092284,1,0.66,0.33
25.383333333333333,0.6604443449574555,0.3293321795820946,1,0.66,0.33
25.4,0.6673526580183219,0.3345702191069682,1,0.66,0.33
25.416666666666668,0.6636852472779395,0.3238833473259177,1,0.66,0.33
25.433333333333334,0.6559872234080605,0.33255667902604297,1,0.66,0.33
25.45,0.664526559107024,0.33341611094626256,1,0.66,0.33
25.466666666666665,0.6610084048380052,0.333321056686194,1,0.66,0.33
25.483333333333334,0.6642858353787152,0.3260397029168212,1,0.66,0.33
25.5,0.6630333299994756,0.32845126086333803,1,0.66,0.33
25.516666666666666,0.6614398079911317,0.3251518834612428,1,0.66,0.33
25.53333333333333,0.6620959771929731,0.3216157268680807,1,0.66,0.33
25.55,0.6604185419321695,0.32528390425464904,1,0.66,0.33
25.566666666666666,0.6583925294044028,0.33385337576250934,1,0.66,0.33
25.583333333333332,0.6631290045591921,0.3205711646799006,1,0.66,0.33
25.6,0.6664442734150422,0.3404768981007672,1,0.66,0.33
25.616666666666667,0.669597513719195,0.32677135319865813,1,0.66,0.33
25.633333333333333,0.6656368741588176,0.3286512380147388,1,0.66,0.33
25.65,0.6628002806323686,0.32181279381347094,1,0.66,0.33
25.666666666666668,0.658065376487522,0.3318641668219003,1,0.66,0.33
25.683333333333334,0.6664772200133307,0.3253535667261918,1,0.66,0.33
25.7,0.6710735293012536,0.3271558864865625,1,0.66,0.33
25.716666666666665,0.6598913694414656,0.33399451930369906,1,0.66,0.33
25.733333333333334,0.6660802453661263,0.32711832254920575,1,0.66,0.33
25.75,0.6705894780582562,0.3243474145322844,1,0.66,0.33
25.766666666666666,0.6578683166001316,0.3266879304957224,1,0.66,0.33
25.78333333333333,0.6667117175298439,0.32544121727953484,1,0.66,0.33
25.8,0.6679341996091577,0.3240168329108043,1,0.66,0.33
25.816666666666666,0.6666936778741624,0.32692555191135925,1,0.66,0.33
25.833333333333332,0.6681855241196029,0.3259998811114063,1,0.66,0.33
25.849999999999998,0.6671096638233783,0.325868201481437,1,0.66,0.33
25.866666666666667,0.6607040243925698,0.32590000706170796,1,0.66,0.33
25.883333333333333,0.6611076498506819,0.329095788305565,1,0.66,0.33
25.9,0.6681399467515458,0.31779215540374434,1,0.66,0.33
25.916666666666668,0.6635590279922507,0.3313424930109831,1,0.66,0.33
25.933333333333334,0.6659546218300392,0.33280995223438053,1,0.66,0.33
25.95,0.6600563068546554,0.33013222117954294,1,0.66,0.33
25.966666666666665,0.6597474716656619,0.33294392013840146,1,0.66,0.33
25.983333333333334,0.6597438092580248,0.3240025091971739,1,0.66,0.33
26.0,0.6578798313943219,0.33151011551239123,1,0.66,0.33
26.016666666666666,0.6623875424909361,0.32783395273598187,1,0.66,0.33
26.03333333333333,0.670259066297244,0.3320800622087817,1,0.66,0.33
26.05,0.6631816197832711,0.3220326439177927,1,0.66,0.33
26.066666666666666,0.6606978367565254,0.3278035697298182,1,0.66,0.33
26.083333333333332,0.6656464177232898,0.322091003959882,1,0.66,0.33
26.099999999999998,0.6651998224246214,0.3302790258597752,1,0.66,0.33
26.116666666666667,0.6679375574007606,0.32828268286141216,1,0.66,0.33
26.133333333333333,0.6666127623649226,0.3309765428891988,1,0.66,0.33
26.15,0.6632756761566647,0.3338882440132833,1,0.66,0.33
26.166666666666668,0.6638904980074205,0.3245452209017878,1,0.66,0.33
26.183333333333334,0.6658643003719854,0.33438461375145423,1,0.66,0.33
26.2,0.6596794483856068,0.3277056909593446,1,0.66,0.33
26.216666666666665,0.6645851750254892,0.3283687000385123,1,0.66,0.33
26.233333333333334,0.6607387998879041,0.33397005655729284,1,0.66,0.33
26.25,0.6644611011760198,0.3310202276341723,1,0.66,0.33
26.266666666666666,0.6668747846727712,0.32737521910169476,1,0.66,0.33
26.28333333333333,0.6627429181812091,0.3262946991264349,1,0.66,0.33
26.3,0.660059099842151,0.3311327202281256,1,0.66,0.33
26.316666666666666,0.6574392762360275,0.3276524022870178,1,0.66,0.33
26.333333333333332,0.6632358770874422,0.33171091603935254,1,0.66,0.33
26.349999999999998,0.5097286691351327,0.4969109653389,1,0.5,0.5
26.366666666666667,0.5024036431178777,0.496046714525571,1,0.5,0.5
26.383333333333333,0.5083662457199535,0.5052395356756957,1,0.5,0.5
26.4,0.5066854224627394,0.5028995655352948,1,0.5,0.5
26.416666666666668,0.5008489807027621,0.49589190984371295,1,0.5,0.5
26.433333333333334,0.5048550710590449,0.5004475616651555,1,0.5,0.5
26.45,0.4960779844696181,0.5002818140113812,1,0.5,0.5
26.466666666666665,0.49788430633188285,0.5077351253432021,1,0.5,0.5
26.483333333333334,0.5058811192482452,0.49532078244762556,1,0.5,0.5
26.5,0.5078327943507642,0.4948365124901819,1,0.5,0.5
26.516666666666666,0.5102156720301293,0.49526123058854793,1,0.5,0.5
26.53333333333333,0.5105103175568094,0.4861383278037873,1,0.5,0.5
26.55,0.4991669866343611,0.5001425922881253,1,0.5,0.5
26.566666666666666,0.5052536206971003,0.48965915313880654,1,0.5,0.5
26.583333333333332,0.5035539380423716,0.49040808067826724,1,0.5,0.5
26.599999999999998,0.4952556709523575,0.49956117494113716,1,0.5,0.5
26.616666666666667,0.5028101710978773,0.4964210541012022,1,0.5,0.5
26.633333333333333,0.5083896395451174,0.4979663726211209,1,0.5,0.5
26.65,0.5026718276052564,0.4947256021998422,1,0.5,0.5
26.666666666666668,0.4993262299354586,0.5022529622618025,1,0.5,0.5
26.683333333333334,0.4971817733435911,0.49706951990656334,1,0.5,0.5
26.7,0.5095789587104831,0.4963116828381977,1,0.5,0.5
26.716666666666665,0.49827210996177274,0.5007333329532896,1,0.5,0.5
26.733333333333334,0.5080460669333524,0.5083277308477447,1,0.5,0.5
26.75,0.49440376573912626,0.49560725389334237,1,0.5,0.5
26.766666666666666,0.5079291726367872,0.5034106307319299,1,0.5,0.5
26.78333333333333,0.5024591325899143,0.49961137941570444,1,0.5,0.5
26.8,0.509131619011453,0.5053011809879049,1,0.5,0.5
26.816666666666666,0.5064891243649707,0.49344162527489677,1,0.5,0.5
26.833333333333332,0.5117180988859409,0.4938127277167432,1,0.5,0.5
26.849999999999998,0.49588791508000485,0.49173525697411075,1,0.5,0.5
26.866666666666667,0.503762115941641,0.4906601842521871,1,0.5,0.5
26.883333333333333,0.5013895855619254,0.4973931876808388,1,0.5,0.5
26.9,0.5058558250422841,0.4955960014455059,1,0.5,0.5
26.916666666666668,0.5042559580082593,0.49257618903888895,1,0.5,0.5
26.933333333333334,,,0,0.5,0.5
26.95,0.5068118516736574,0.4936090633584384,1,0.5,0.5
26.966666666666665,0.5027130789290034,0.49802721154440255,1,0.5,0.5
26.983333333333334,0.5068496028482551,0.501166031246308,1,0.5,0.5
27.0,0.8505474796374954,0.8438502380898241,1,0.85,0.85
27.016666666666666,0.8535332363216303,0.8516518144203634,1,0.85,0.85
27.03333333333333,0.849625569556016,0.858757025955384,1,0.85,0.85
27.05,0.8520795681698334,0.8463932314801434,1,0.85,0.85
27.066666666666666,0.8514180411869667,0.8442442002240176,1,0.85,0.85
27.083333333333332,0.8526237073545656,0.8434955935091344,1,0.85,0.85
27.099999999999998,0.8504563275857909,0.8486808132844038,1,0.85,0.85
27.116666666666667,0.8491194254525343,0.8537945586411745,1,0.85,0.85
27.133333333333333,0.8504880206560418,0.8475246414551882,1,0.85,0.85
27.15,0.8491419146636878,0.8543250833969637,1,0.85,0.85
27.166666666666668,0.8553459229598975,0.8491216081906596,1,0.85,0.85
27.183333333333334,0.8525373252016536,0.8454610767113642,1,0.85,0.85
27.2,0.8456514204685864,0.8513199705040524,1,0.85,0.85
27.216666666666665,0.8633511626892435,0.8564154756351487,1,0.85,0.85
27.233333333333334,0.8556534908868845,0.8590638800164389,1,0.85,0.85
27.25,0.856263261470626,0.8463595724669221,1,0.85,0.85
27.266666666666666,0.8460057914444057,0.8490010177020606,1,0.85,0.85
27.28333333333333,0.8509178447525712,0.8472444142175082,1,0.85,0.85
27.3,0.8479105774479009,0.8422758289631059,1,0.85,0.85
27.316666666666666,0.8548193797569423,0.846997849469932,1,0.85,0.85
27.333333333333332,0.8536292937525259,0.8500811718329836,1,0.85,0.85
27.349999999999998,0.8554379071111761,0.8482882655529876,1,0.85,0.85
27.366666666666667,0.863958275301059,0.8468433444750205,1,0.85,0.85
27.383333333333333,0.860857283830391,0.8470197271389827,1,0.85,0.85
27.4,0.8519506916589721,0.8553090319413665,1,0.85,0.85
27.416666666666668,0.8508390503035047,0.8506383079269474,1,0.85,0.85
27.433333333333334,0.8623978785886096,0.853079467282145,1,0.85,0.85
27.45,0.8486171701535992,0.8479188070679763,1,0.85,0.85
27.466666666666665,0.8612347605639009,0.8464515908335637,1,0.85,0.85
27.483333333333334,0.8577038865912401,0.8512818873079444,1,0.85,0.85
27.5,0.8577315412779051,0.8463263188466109,1,0.85,0.85
27.516666666666666,0.8522503149753898,0.844183095747584,1,0.85,0.85
27.53333333333333,0.8546146276703908,0.8508635287000176,1,0.85,0.85
27.55,0.8543399730746118,0.852426458908818,1,0.85,0.85
27.566666666666666,0.8548934699775117,0.8544979300822879,1,0.85,0.85
27.583333333333332,0.8455522407617995,0.8416435069586952,1,0.85,0.85
27.599999999999998,0.8516892943178419,0.8530111017924713,1,0.85,0.85
27.616666666666667,0.8528223510099829,0.8489844778877449,1,0.85,0.85
27.633333333333333,0.8538754253598705,0.8439234475637597,1,0.85,0.85
27.65,0.8477879774477474,0.8457622348095815,1,0.85,0.85
27.666666666666668,0.8493546306854292,0.850066128329806,1,0.85,0.85
27.683333333333334,0.850595690787978,0.8440191819141956,1,0.85,0.85
27.7,0.8533938888943389,0.8438804263032883,1,0.85,0.85
27.716666666666665,0.8530241245987232,0.8412249597594084,1,0.85,0.85
27.733333333333334,0.8511965504402476,0.849050773169921,1,0.85,0.85
27.75,0.8460536013805438,0.848403380547108,1,0.85,0.85
27.766666666666666,0.8522009269206345,0.8454550245179643,1,0.85,0.85
27.78333333333333,0.8551458405821685,0.8549186423364139,1,0.85,0.85
27.8,0.8543540642365716,0.8484341090234685,1,0.85,0.85
27.816666666666666,0.8537101379798137,0.8487292122692467,1,0.85,0.85
27.833333333333332,0.8570295597203131,0.8504360219444012,1,0.85,0.85
27.849999999999998,0.8511479348782331,0.8477490924820659,1,0.85,0.85
27.866666666666667,0.8476929378490718,0.8466572149069825,1,0.85,0.85
27.883333333333333,0.8547783198215495,0.8450163911177918,1,0.85,0.85
27.9,0.8706600287563456,0.8480436148726282,1,0.85,0.85
27.916666666666668,0.8560360873270043,0.8504280466401742,1,0.85,0.85
27.933333333333334,0.8516586474965496,0.8512259318604556,1,0.85,0.85
27.95,0.8481000235914296,0.8512302630950632,1,0.85,0.85
27.966666666666665,0.8472423604405597,0.8487738602678627,1,0.85,0.85
27.983333333333334,0.8514169999516694,0.8512849319943303,1,0.85,0.85
28.0,0.8548526716241717,0.8455049192305834,1,0.85,0.85
28.016666666666666,0.8511552361702933,0.8513175822251556,1,0.85,0.85
28.03333333333333,0.856131347984141,0.8481633826060265,1,0.85,0.85
28.05,0.8567093850370828,0.838237659183803,1,0.85,0.85
28.066666666666666,0.8540992542133646,0.847508502173801,1,0.85,0.85
28.083333333333332,0.8504244576164688,0.8484744067346485,1,0.85,0.85
28.099999999999998,0.8446474898702327,0.8462928387192519,1,0.85,0.85
28.116666666666667,0.8436518669357288,0.8477760817102469,1,0.85,0.85
28.133333333333333,0.8620941190699418,0.8457162901269376,1,0.85,0.85
28.15,0.8523289352473957,0.8466910595288694,1,0.85,0.85
28.166666666666668,0.8507680144377734,0.8563552477765318,1,0.85,0.85
28.183333333333334,0.8523318347621308,0.8492203548513808,1,0.85,0.85
28.2,0.8548184160940107,0.8485058954974105,1,0.85,0.85
28.216666666666665,0.8540082793638641,0.8506470666149194,1,0.85,0.85
28.233333333333334,0.8493971122610094,0.8475726550443857,1,0.85,0.85
28.25,0.8518680365961689,0.852485147463545,1,0.85,0.85
28.266666666666666,0.8528226160289741,0.8446044951633264,1,0.85,0.85
28.28333333333333,0.8560489019355344,0.8497950940514277,1,0.85,0.85
28.3,0.8568650976468666,0.8386840040835596,1,0.85,0.85
28.316666666666666,0.848444948514651,0.845518361379667,1,0.85,0.85
28.333333333333332,0.8503127694890641,0.8363407798090554,1,0.85,0.85
28.349999999999998,0.8515469466161303,0.8524562185904938,1,0.85,0.85
28.366666666666667,0.8568940712196496,0.8480065259692371,1,0.85,0.85
28.383333333333333,0.856245413646405,0.8474056373897955,1,0.85,0.85
28.4,0.8566977629432003,0.851428113264176,1,0.85,0.85
28.416666666666668,0.8548551307775865,0.8512980854741808,1,0.85,0.85
28.433333333333334,0.8521365493204849,0.8469166249902351,1,0.85,0.85
28.45,0.8519431965484437,0.8554940106842764,1,0.85,0.85
28.466666666666665,0.8638072230704164,0.8412409673490857,1,0.85,0.85
28.483333333333334,0.8537196235138567,0.849373089686993,1,0.85,0.85
28.5,0.845607501290107,0.8536392937917967,1,0.85,0.85
28.516666666666666,0.8545385157062815,0.8467682015455386,1,0.85,0.85
28.53333333333333,0.8477624692577205,0.8444419921545336,1,0.85,0.85
28.55,0.8609998433053815,0.8425955325505596,1,0.85,0.85
28.566666666666666,0.8541480123178491,0.8467868976002781,1,0.85,0.85
28.583333333333332,0.85096095076123,0.8499845465457769,1,0.85,0.85
28.599999999999998,0.8571539505521352,0.8506523830407573,1,0.85,0.85
28.616666666666667,,,0,0.85,0.85
28.633333333333333,0.851781023376067,0.8467872605076464,1,0.85,0.85
28.65,0.8448155902400393,0.8413056442427472,1,0.85,0.85
28.666666666666668,0.8560315892819602,0.8527258459418139,1,0.85,0.85
28.683333333333334,0.8517095059561053,0.8479626021097926,1,0.85,0.85
28.7,0.8449373154166141,0.8473830190468722,1,0.85,0.85
28.716666666666665,0.8543724418614805,0.8444980000417249,1,0.85,0.85
28.733333333333334,0.8513321130644009,0.8546948640055232,1,0.85,0.85
28.75,0.8475728035144308,0.8512078135734499,1,0.85,0.85
28.766666666666666,0.860100236263032,0.8496024160746103,1,0.85,0.85
28.78333333333333,0.8578467094105302,0.849876758596301,1,0.85,0.85
28.8,0.8526343948308581,0.8501186733258999,1,0.85,0.85
28.816666666666666,0.8581503404251194,0.8413581191717813,1,0.85,0.85
28.833333333333332,0.8565215480666933,0.8480872614135089,1,0.85,0.85
28.849999999999998,0.8507842528796331,0.8548202879547376,1,0.85,0.85
28.866666666666667,0.8472615187232949,0.8514764278359307,1,0.85,0.85
28.883333333333333,0.8489480647684057,0.8565354872848184,1,0.85,0.85
28.9,0.8513794402336593,0.8530549321001297,1,0.85,0.85
28.916666666666668,0.8539141921156556,0.843286543834065,1,0.85,0.85
28.933333333333334,0.8493585053829201,0.8447522867869557,1,0.85,0.85
28.95,0.8582085840668059,0.8453070741836581,1,0.85,0.85
28.966666666666665,0.8438577381558852,0.850172601543336,1,0.85,0.85
28.983333333333334,0.8574773230613123,0.8503113019126266,1,0.85,0.85
29.0,0.8539376005331866,0.8614629165703275,1,0.85,0.85
29.016666666666666,0.8555622110996883,0.8465934367322882,1,0.85,0.85
29.03333333333333,0.8548276936753161,0.8440346943860169,1,0.85,0.85
29.05,0.8585707973038574,0.8490081704626357,1,0.85,0.85
29.066666666666666,0.8520869925186794,0.8486583306234405,1,0.85,0.85
29.083333333333332,0.8475508273106724,0.8553412755662374,1,0.85,0.85
29.099999999999998,0.8548931975683975,0.8506687722541423,1,0.85,0.85
29.116666666666667,0.8497061335859077,0.8447723224387939,1,0.85,0.85
29.133333333333333,0.8496493575664151,0.8511473470121509,1,0.85,0.85
29.15,0.859976372109157,0.8413497702394558,1,0.85,0.85
29.166666666666668,0.8495603675229519,0.8456549606995254,1,0.85,0.85
29.183333333333334,0.8534975606263834,0.8434762988028259,1,0.85,0.85
29.2,0.8460388037921471,0.8541530650046557,1,0.85,0.85
29.216666666666665,0.8546516577214787,0.8557878688873809,1,0.85,0.85
29.233333333333334,0.8562738673094676,0.8451942310708309,1,0.85,0.85
29.25,0.8510987838332541,0.8466709412569341,1,0.85,0.85
29.266666666666666,0.8565275519120531,0.8518705905071314,1,0.85,0.85
29.28333333333333,0.8569084453042314,0.8434458515945508,1,0.85,0.85
29.3,0.8548303823210226,0.8533027723293584,1,0.85,0.85
29.316666666666666,0.8495632474120203,0.8457848103358369,1,0.85,0.85
29.333333333333332,0.855199264017383,0.8501847337093321,1,0.85,0.85
29.349999999999998,0.5064481831054363,0.5032413927739505,1,0.5,0.5
29.366666666666667,0.5029768007635761,0.4994932464896309,1,0.5,0.5
29.383333333333333,0.5067473450589779,0.4963434119561414,1,0.5,0.5
29.4,0.5029059567627833,0.49301636329573023,1,0.5,0.5
29.416666666666668,0.5026250073609466,0.4979482623802329,1,0.5,0.5
29.433333333333334,0.5047327174939881,0.49738603926985225,1,0.5,0.5
29.45,0.5057627563319226,0.5093478332184187,1,0.5,0.5
29.466666666666665,0.5019241875741859,0.4922340637510884,1,0.5,0.5
29.483333333333334,0.507340159251457,0.4969104788070502,1,0.5,0.5
29.5,0.5018673335582939,0.4978946154420933,1,0.5,0.5
29.516666666666666,0.5022641849873417,0.49631553058723904,1,0.5,0.5
29.53333333333333,0.49974510037586295,0.5033826704446085,1,0.5,0.5
29.55,0.5086891417894501,0.4990169895740954,1,0.5,0.5
29.566666666666666,0.5059570633494171,0.4988541152193823,1,0.5,0.5
29.583333333333332,0.5027111081627047,0.4996680070823974,1,0.5,0.5
29.599999999999998,0.497404587238098,0.493541145773482,1,0.5,0.5
29.616666666666667,0.5024828663596241,0.49715733424702707,1,0.5,0.5
29.633333333333333,0.5022362084893758,0.49373334514348804,1,0.5,0.5
29.65,0.5004233452405058,0.49634599015492675,1,0.5,0.5
29.666666666666668,0.5048655775429557,0.4976320509190655,1,0.5,0.5
29.683333333333334,0.5057440852926717,0.493576082942847,1,0.5,0.5
29.7,0.5069788178419542,0.5012837279995344,1,0.5,0.5
29.716666666666665,0.4986725362297233,0.5001383125638784,1,0.5,0.5
29.733333333333334,0.49845637054630587,0.5005471187468603,1,0.5,0.5
29.75,0.509396860233289,0.497131345225952,1,0.5,0.5
29.766666666666666,0.49897097642050464,0.49195652442908566,1,0.5,0.5
29.78333333333333,0.5022983006367463,0.5078927203649612,1,0.5,0.5
29.8,0.4999000433478242,0.49861125112810645,1,0.5,0.5
29.816666666666666,0.5054229484014781,0.4930205752641553,1,0.5,0.5
29.833333333333332,0.506999792787723,0.494356152481145,1,0.5,0.5
29.849999999999998,0.5064858281801179,0.4955108041203802,1,0.5,0.5
29.866666666666667,0.5065790423390455,0.49861974963990885,1,0.5,0.5
29.883333333333333,0.5048460273156906,0.4981569879797306,1,0.5,0.5
29.9,0.5034497106101748,0.5037160277840759,1,0.5,0.5
29.916666666666668,0.49866011175088787,0.5057606644166194,1,0.5,0.5
29.933333333333334,0.502896238429551,0.4985248473230106,1,0.5,0.5
29.95,0.49921948833339336,0.49679339217401197,1,0.5,0.5
29.966666666666665,0.5067253525469968,0.4956567510427666,1,0.5,0.5
29.983333333333334,0.509120958918257,0.5066191057524008,1,0.5,0.5
30.0,0.4968841196813632,0.4950024853343951,1,0.5,0.5
30.016666666666666,0.5057196764181296,0.5018870379066697,1,0.5,0.5
30.03333333333333,0.5019210216240184,0.4954232142684485,1,0.5,0.5
30.05,0.5002206971226147,0.4989493635325639,1,0.5,0.5
30.066666666666666,0.5036087742401143,0.5000084504216314,1,0.5,0.5
30.083333333333332,0.5037554985632463,0.5030855970538288,1,0.5,0.5
30.099999999999998,0.5088403273092751,0.4963806390900455,1,0.5,0.5
30.116666666666667,0.5004517505979074,0.4879709504399208,1,0.5,0.5
30.133333333333333,0.5109366214447632,0.49790101124101294,1,0.5,0.5
30.15,0.49713592058874995,0.48896544131586367,1,0.5,0.5
30.166666666666668,0.5007416665146104,0.500850236509923,1,0.5,0.5
30.183333333333334,0.4981878124793627,0.4969569558420277,1,0.5,0.5
30.2,0.49870506941183185,0.4931174214587855,1,0.5,0.5
30.216666666666665,0.503329287312519,0.5049515262678792,1,0.5,0.5
30.233333333333334,0.5029710615999478,0.5052025993850502,1,0.5,0.5
30.25,0.5083642877099724,0.4995595828519031,1,0.5,0.5
30.266666666666666,0.5038675560541364,0.4997885595749322,1,0.5,0.5
30.28333333333333,0.49578702254828994,0.49494665658755704,1,0.5,0.5
30.3,,,0,0.5,0.5
30.316666666666666,0.512249879342073,0.49839932383424057,1,0.5,0.5
30.333333333333332,0.4996911468081251,0.5003800857793095,1,0.5,0.5
30.349999999999998,0.5067932248766447,0.4944415779924645,1,0.5,0.5
30.366666666666667,0.5077495962961124,0.49914008350419115,1,0.5,0.5
30.383333333333333,0.5014081326413904,0.5048209579369958,1,0.5,0.5
30.4,0.5072507209890137,0.5036922512519504,1,0.5,0.5
30.416666666666668,0.5012930356032115,0.502840005845413,1,0.5,0.5
30.433333333333334,0.49758163701773517,0.49952096647371425,1,0.5,0.5
30.45,0.5094983237606732,0.5041064319085046,1,0.5,0.5
30.466666666666665,0.5050483872295518,0.4933731755257777,1,0.5,0.5
30.483333333333334,0.500014715311083,0.5005450443852013,1,0.5,0.5
30.5,0.4997621553374499,0.5076866150821052,1,0.5,0.5
30.516666666666666,0.5076099596528805,0.4921258629021468,1,0.5,0.5
30.53333333333333,0.5107117908275698,0.4967683224774238,1,0.5,0.5
30.55,0.5094642600951566,0.4998802040483849,1,0.5,0.5
30.566666666666666,0.4959687246578023,0.49427469316665973,1,0.5,0.5
30.583333333333332,0.5035758981027829,0.49558416333639194,1,0.5,0.5
30.599999999999998,0.5033961955893053,0.4958243209231765,1,0.5,0.5
30.616666666666667,0.501693645885842,0.4941158729257755,1,0.5,0.5
30.633333333333333,0.49318401941869194,0.5053857623918857,1,0.5,0.5
30.65,0.500104051812991,0.5072722330176813,1,0.5,0.5
30.666666666666668,0.5071729422774082,0.49183060969673054,1,0.5,0.5
30.683333333333334,0.5083661149923577,0.49559321801227413,1,0.5,0.5
30.7,0.503751621440809,0.49699596115163863,1,0.5,0.5
30.716666666666665,0.5067990395203871,0.49538105207067273,1,0.5,0.5
30.733333333333334,0.5089480416418966,0.4961220490634739,1,0.5,0.5
30.75,0.5009439361160705,0.50665620582845,1,0.5,0.5
30.766666666666666,0.5076169460090679,0.4978345518392905,1,0.5,0.5
30.78333333333333,0.5048721748969445,0.48437071789343555,1,0.5,0.5
30.8,0.5003567649654247,0.5011144891456116,1,0.5,0.5
30.816666666666666,0.49438284549610645,0.5000131042221666,1,0.5,0.5
30.833333333333332,0.5063410527709412,0.4973767638372506,1,0.5,0.5
30.849999999999998,0.49745132487414334,0.4920657555436497,1,0.5,0.5
30.866666666666667,0.5025498963819189,0.5000801444935445,1,0.5,0.5
30.883333333333333,0.4997262604014748,0.49909523833533004,1,0.5,0.5
30.9,0.5010793591781978,0.50194353599643,1,0.5,0.5
30.916666666666668,0.5031245049746693,0.5011291692594264,1,0.5,0.5
30.933333333333334,0.5114539260386186,0.501731925176518,1,0.5,0.5
30.95,0.4925415716032822,0.49580247568784347,1,0.5,0.5
30.966666666666665,0.4985796988272606,0.5010411806049491,1,0.5,0.5
30.983333333333334,0.4983231345280395,0.4915136939452618,1,0.5,0.5
31.0,0.5038764268631841,0.4995214684348072,1,0.5,0.5
31.016666666666666,0.5057556269673561,0.5008722223703694,1,0.5,0.5
31.03333333333333,0.5027491655293332,0.49578690880797666,1,0.5,0.5
31.05,0.5023486489597887,0.49894072840479126,1,0.5,0.5
31.066666666666666,0.501090604378004,0.4920577857610188,1,0.5,0.5
31.083333333333332,0.5025050734418921,0.5039454212149286,1,0.5,0.5
31.099999999999998,0.5064542182892939,0.4980892173936961,1,0.5,0.5
31.116666666666667,0.49670388053811587,0.49548419815711914,1,0.5,0.5
31.133333333333333,0.5042511481939531,0.49654971736346876,1,0.5,0.5
31.15,0.5017728891186618,0.49360196576140286,1,0.5,0.5
31.166666666666668,0.49928438363045013,0.5008049263239702,1,0.5,0.5
31.183333333333334,0.5031771692070279,0.49278946993847883,1,0.5,0.5
31.2,0.5010368338359285,0.4913678501055932,1,0.5,0.5
31.216666666666665,0.5020443911684536,0.5019208270628845,1,0.5,0.5
31.233333333333334,0.5010442086804993,0.49626588971169106,1,0.5,0.5
31.25,0.5091103766092158,0.5007161994778181,1,0.5,0.5
31.266666666666666,0.49961560654582005,0.4978636668506447,1,0.5,0.5
31.28333333333333,0.5048855295461596,0.5064852975773337,1,0.5,0.5
31.3,0.5045475183104234,0.5036967473706397,1,0.5,0.5
31.316666666666666,0.4980222710941567,0.4903665663642692,1,0.5,0.5
31.333333333333332,0.5011669689907075,0.49702770395442697,1,0.5,0.5
31.349999999999998,0.49846320655020293,0.49610040014449025,1,0.5,0.5
31.366666666666667,0.5009014125291327,0.49691041543985937,1,0.5,0.5
31.383333333333333,0.506441519186819,0.5057659341295982,1,0.5,0.5
31.4,0.4974153986791147,0.4990573929566142,1,0.5,0.5
31.416666666666668,0.4967290458232936,0.49421292431237857,1,0.5,0.5
31.433333333333334,0.5118742049113452,0.4980861638364586,1,0.5,0.5
31.45,0.5009685461544958,0.5006400097249851,1,0.5,0.5
31.466666666666665,0.5010447941736889,0.500338117054251,1,0.5,0.5
31.483333333333334,0.5086296546461596,0.4979156426157927,1,0.5,0.5
31.5,0.5004450669278429,0.5004683804594265,1,0.5,0.5
31.516666666666666,0.5031095756070143,0.4998680515142955,1,0.5,0.5
31.53333333333333,0.49927299105997264,0.5028112446022676,1,0.5,0.5
31.55,0.5006579536845742,0.5084043029668514,1,0.5,0.5
31.566666666666666,0.49935888495746633,0.510875679362747,1,0.5,0.5
31.583333333333332,0.49910409406513667,0.4995252378351103,1,0.5,0.5
31.599999999999998,0.5006881564151523,0.49633781233134333,1,0.5,0.5
31.616666666666667,0.5043107901435719,0.5015501309755077,1,0.5,0.5
31.633333333333333,0.5046377608713101,0.4992588099761845,1,0.5,0.5
31.65,0.5078160569832652,0.49522856480899335,1,0.5,0.5
31.666666666666668,0.5009294352363789,0.4948485887004871,1,0.5,0.5
31.683333333333334,0.49704147361048695,0.5063058629070697,1,0.5,0.5
31.7,0.5054462857557113,0.4891203122416274,1,0.5,0.5
31.716666666666665,0.5024193037028619,0.4933709348965052,1,0.5,0.5
31.733333333333334,0.5032286849196713,0.49362370147936496,1,0.5,0.5
31.75,0.4995007210344683,0.49802097322067707,1,0.5,0.5
31.766666666666666,0.5029451598023641,0.49993404063757124,1,0.5,0.5
31.78333333333333,0.5004269497297006,0.4931738960926555,1,0.5,0.5
31.8,0.5054950318359199,0.5040580915430549,1,0.5,0.5
31.816666666666666,0.5027484077930974,0.49913879337646416,1,0.5,0.5
31.833333333333332,0.5018244479296268,0.49188882319064753,1,0.5,0.5
31.849999999999998,0.5051065345730384,0.49198426939897566,1,0.5,0.5
31.866666666666667,0.5084345669382107,0.4974452534956705,1,0.5,0.5
31.883333333333333,0.5061990445284856,0.4966868515234116,1,0.5,0.5
31.9,0.5057476531009145,0.4999339360070652,1,0.5,0.5
31.916666666666668,0.5035422769876166,0.4982743676782216,1,0.5,0.5
31.933333333333334,0.5093160459079166,0.4990695681139374,1,0.5,0.5
31.95,0.502866763875211,0.493356785113797,1,0.5,0.5
31.966666666666665,0.505650309881193,0.49256669063115105,1,0.5,0.5
31.983333333333334,,,0,0.5,0.5
32.0,0.5106351593783123,0.49301203634127205,1,0.5,0.5
32.016666666666666,0.5060669512382248,0.49180695546187725,1,0.5,0.5
32.03333333333333,0.5011501663649999,0.4967503518193736,1,0.5,0.5
32.05,0.4963027701068077,0.49197605314538173,1,0.5,0.5
32.06666666666666,0.49641450502286394,0.49850474405494655,1,0.5,0.5
32.083333333333336,0.5022176246613647,0.49588585462698404,1,0.5,0.5
32.1,0.503085686726579,0.48811295731960486,1,0.5,0.5
32.11666666666667,0.5033922204849837,0.489948349553019,1,0.5,0.5
32.13333333333333,0.5024165756612161,0.498234269831659,1,0.5,0.5
32.15,0.502021709815686,0.4878684223026902,1,0.5,0.5
32.166666666666664,0.5018016448374399,0.49905479877285536,1,0.5,0.5
32.18333333333333,0.5042675985897599,0.505321342080168,1,0.5,0.5
32.2,0.49903444215162085,0.4943801204089195,1,0.5,0.5
32.21666666666667,0.5086053628569751,0.49166622771120627,1,0.5,0.5
32.233333333333334,0.5010663920797237,0.49468831027089194,1,0.5,0.5
32.25,0.501122940068873,0.49711879834694717,1,0.5,0.5
32.266666666666666,0.5131519659098462,0.5026881455900565,1,0.5,0.5
32.28333333333333,0.498986242662638,0.49845829931015945,1,0.5,0.5
32.3,0.5059336501245145,0.49693330502085203,1,0.5,0.5
32.31666666666666,0.49688364639768595,0.49764438020430785,1,0.5,0.5
32.333333333333336,0.499845940249188,0.5081690096391348,1,0.5,0.5
32.35,0.5042851801603245,0.5015415823450846,1,0.5,0.5
32.36666666666667,0.5070612137083381,0.5019216519224294,1,0.5,0.5
32.38333333333333,0.49964807291212787,0.49347032049846107,1,0.5,0.5
32.4,0.49948459316496646,0.505090233881684,1,0.5,0.5
32.416666666666664,0.5060564934650211,0.4963271866234486,1,0.5,0.5
32.43333333333333,0.49809269212336704,0.4889109011928466,1,0.5,0.5
32.45,0.5029575692130211,0.5013666833608368,1,0.5,0.5
32.46666666666667,0.5111975321618865,0.4975211515170415,1,0.5,0.5
32.483333333333334,0.4977354074507163,0.49490523729198505,1,0.5,0.5
32.5,0.507339409877225,0.5004389005392373,1,0.5,0.5
32.516666666666666,0.5027149253967883,0.49405998867123885,1,0.5,0.5
32.53333333333333,0.5086607633530372,0.4926931925641833,1,0.5,0.5
32.55,0.503131142146732,0.4949299928084796,1,0.5,0.5
32.56666666666666,0.5015689881708867,0.49948672915234155,1,0.5,0.5
32.583333333333336,0.5013300265959904,0.4970759686523818,1,0.5,0.5
32.6,0.5050070588329948,0.5023571497520802,1,0.5,0.5
32.61666666666667,0.4930181837145349,0.4986463133879986,1,0.5,0.5
32.63333333333333,0.5003469399504794,0.5028193403691403,1,0.5,0.5
32.65,0.5036942521446002,0.5028236114508123,1,0.5,0.5
32.666666666666664,0.5046716890601848,0.5048873682829228,1,0.5,0.5
32.68333333333333,0.49854184978310845,0.49471921307040834,1,0.5,0.5
32.7,0.503483267336581,0.5041676741549279,1,0.5,0.5
32.71666666666667,0.504059667645167,0.49399920796483354,1,0.5,0.5
32.733333333333334,0.506055943615451,0.502803828107329,1,0.5,0.5
32.75,0.5064937862712043,0.49840453697811654,1,0.5,0.5
32.766666666666666,0.5011438935156856,0.5003185711217122,1,0.5,0.5
32.78333333333333,0.5138934067547967,0.4983738346741507,1,0.5,0.5
32.8,0.5033919325270338,0.49768090717369595,1,0.5,0.5
32.81666666666666,0.5032058702688035,0.5069158761525021,1,0.5,0.5
32.833333333333336,0.5011649999687711,0.493149021947921,1,0.5,0.5
32.85,0.5026033371803006,0.4981253149393717,1,0.5,0.5
32.86666666666667,0.5153454811413406,0.498069266061857,1,0.5,0.5
32.88333333333333,0.5044945410635224,0.4947839224682973,1,0.5,0.5
32.9,0.49645357547466473,0.4905725230955199,1,0.5,0.5
32.916666666666664,0.5029839570064307,0.4898071762237821,1,0.5,0.5
32.93333333333333,0.4996778985980488,0.5027677067981692,1,0.5,0.5
32.95,0.49686292073158167,0.4939847567789675,1,0.5,0.5
32.96666666666667,0.503543364873499,0.49825736384588415,1,0.5,0.5
32.983333333333334,0.506466453397137,0.49746429252789354,1,0.5,0.5
33.0,0.15583862222740247,0.8464107033315139,1,0.15,0.85
33.016666666666666,0.15195078698458156,0.8504007857963133,1,0.15,0.85
33.03333333333333,0.15738844345426978,0.8547935617452254,1,0.15,0.85
33.05,0.15110913517036506,0.8465935881408866,1,0.15,0.85
33.06666666666666,0.15107260643090864,0.8449795912458702,1,0.15,0.85
33.083333333333336,0.1594033353285568,0.8430803397079237,1,0.15,0.85
33.1,0.15765367306524486,0.8514212698095527,1,0.15,0.85
33.11666666666667,0.15160666688364657,0.8435718961085772,1,0.15,0.85
33.13333333333333,0.15567377975748786,0.8536354352562642,1,0.15,0.85
33.15,0.148544599244124,0.8493763700137572,1,0.15,0.85
33.166666666666664,0.15327296775289256,0.8417892410097926,1,0.15,0.85
33.18333333333333,0.155088297411776,0.8440301392043679,1,0.15,0.85
33.2,0.14713628877656706,0.8528297705538603,1,0.15,0.85
33.21666666666667,0.1528987437534557,0.8418298785303169,1,0.15,0.85
33.233333333333334,0.15292954145197749,0.8419765118893635,1,0.15,0.85
33.25,0.1601948146889991,0.8475811703905171,1,0.15,0.85
33.266666666666666,0.14749455102375114,0.8553497214327287,1,0.15,0.85
33.28333333333333,0.15922394478929663,0.8485138916061884,1,0.15,0.85
33.3,0.16256023248343807,0.849524011027248,1,0.15,0.85
33.31666666666666,0.15945898922623894,0.8464592879013905,1,0.15,0.85
33.333333333333336,0.15701778611022207,0.8503378326777846,1,0.15,0.85
33.35,0.14761612055359452,0.8512863250464997,1,0.15,0.85
33.36666666666667,0.1476950847717862,0.8467187686759616,1,0.15,0.85
33.38333333333333,0.1541193582660413,0.8487318180386861,1,0.15,0.85
33.4,0.14553001991604422,0.8470739193905529,1,0.15,0.85
33.416666666666664,0.15236665417202216,0.8445951848531337,1,0.15,0.85
33.43333333333333,0.16167227712639956,0.8425729155461695,1,0.15,0.85
33.45,0.15637538123136815,0.8464477786544021,1,0.15,0.85
33.46666666666667,0.14994540775205425,0.8510887157403167,1,0.15,0.85
33.483333333333334,0.1561717239292076,0.8491222899893326,1,0.15,0.85
33.5,0.15117851859282,0.8435221611782019,1,0.15,0.85
33.516666666666666,0.15485158826773235,0.84754721968772,1,0.15,0.85
33.53333333333333,0.15496047965221252,0.8523474106321334,1,0.15,0.85
33.55,0.1510737666452868,0.8448141251320475,1,0.15,0.85
33.56666666666666,0.15860207237888893,0.8371601787203236,1,0.15,0.85
33.583333333333336,0.15205031621940526,0.8463257374017749,1,0.15,0.85
33.6,0.1528432265152191,0.8512220145518452,1,0.15,0.85
33.61666666666667,0.1566936433742886,0.8449243888994675,1,0.15,0.85
33.63333333333333,0.1546928948743612,0.8494034686111264,1,0.15,0.85
33.65,0.14693987476702075,0.85343356364893,1,0.15,0.85
33.666666666666664,,,0,0.15,0.85
33.68333333333333,0.15241925748339336,0.847561354549388,1,0.15,0.85
33.7,0.15508461202398482,0.8426492347551661,1,0.15,0.85
33.71666666666667,0.14221296985754056,0.8437884139059119,1,0.15,0.85
33.733333333333334,0.1511344666823984,0.8474192839140438,1,0.15,0.85
33.75,0.162113827703952,0.8486951916878246,1,0.15,0.85
33.766666666666666,0.15325277637114368,0.8454220606513204,1,0.15,0.85
33.78333333333333,0.15814039937785146,0.8533458372675796,1,0.15,0.85
33.8,0.14999075141789436,0.8535536555931446,1,0.15,0.85
33.81666666666666,0.15605853978924666,0.8381815973523895,1,0.15,0.85
33.833333333333336,0.1567007401864652,0.844322712075214,1,0.15,0.85
33.85,0.1554677934914227,0.8468054567496521,1,0.15,0.85
33.86666666666667,0.1504743392979983,0.8471856654867512,1,0.15,0.85
33.88333333333333,0.1592283673490489,0.846058514824819,1,0.15,0.85
33.9,0.16266205246236792,0.8547115665259731,1,0.15,0.85
33.916666666666664,0.15132305730913725,0.8469075393367214,1,0.15,0.85
33.93333333333333,0.15209905758176936,0.8466065469975673,1,0.15,0.85
33.95,0.1503923496103913,0.8447551864702463,1,0.15,0.85
33.96666666666667,0.15455459052797055,0.8546025794939804,1,0.15,0.85
33.983333333333334,0.1559290821557913,0.8529345490909436,1,0.15,0.85
34.0,0.15348564617492186,0.84441650320014,1,0.15,0.85
34.016666666666666,0.14831189743715645,0.8514828764328198,1,0.15,0.85
34.03333333333333,0.1523926032093626,0.8464083007302715,1,0.15,0.85
34.05,0.1450278001865849,0.850636847828256,1,0.15,0.85
34.06666666666666,0.1535010811919727,0.8499766582172414,1,0.15,0.85
34.083333333333336,0.15905986574976527,0.8434214824494971,1,0.15,0.85
34.1,0.14579974355648823,0.8443425484600676,1,0.15,0.85
34.11666666666667,0.1534041474532778,0.8451098170822268,1,0.15,0.85
34.13333333333333,0.15930921559720843,0.8441547558265895,1,0.15,0.85
34.15,0.15876827700152807,0.8464743297148934,1,0.15,0.85
34.166666666666664,0.1575116674923728,0.8494605585496546,1,0.15,0.85
34.18333333333333,0.14607966560644928,0.848270624390674,1,0.15,0.85
34.2,0.14894666334280163,0.8519299673876922,1,0.15,0.85
34.21666666666667,0.1571185146283724,0.8531615668620125,1,0.15,0.85
34.233333333333334,0.15404831538462518,0.8461556670206827,1,0.15,0.85
34.25,0.1545861902278833,0.847178361213457,1,0.15,0.85
34.266666666666666,0.15528137700250594,0.8469131010003141,1,0.15,0.85
34.28333333333333,0.15522077830742997,0.841451819479991,1,0.15,0.85
34.3,0.15069276400647597,0.8465518741044002,1,0.15,0.85
34.31666666666666,0.15311820344891883,0.8502775435053642,1,0.15,0.85
34.333333333333336,0.15649751438633866,0.8572400653243288,1,0.15,0.85
34.35,0.15361718812662217,0.845528216527281,1,0.15,0.85
34.36666666666667,0.1463019505769146,0.8408718894640425,1,0.15,0.85
34.38333333333333,0.14345545860194842,0.8550907212184148,1,0.15,0.85
34.4,0.16186455853343418,0.850190416296447,1,0.15,0.85
34.416666666666664,0.1552081858273593,0.846844645165068,1,0.15,0.85
34.43333333333333,0.15388251590612392,0.8527971169244878,1,0.15,0.85
34.45,0.15182366678776485,0.8436030560042089,1,0.15,0.85
34.46666666666667,0.1522692781163397,0.8467935386647287,1,0.15,0.85
34.483333333333334,0.14944766920421945,0.8529867014029773,1,0.15,0.85
34.5,0.15515037815461763,0.8457926020969329,1,0.15,0.85
34.516666666666666,0.14829486646340984,0.8431395220221076,1,0.15,0.85
34.53333333333333,0.14573337317185245,0.8495650456659257,1,0.15,0.85
34.55,0.152260737620662,0.8385731191450786,1,0.15,0.85
34.56666666666666,0.1506949933583223,0.850538945158512,1,0.15,0.85
34.583333333333336,0.1479888840225649,0.8534204645986697,1,0.15,0.85
34.6,0.15475347797933808,0.844958074524825,1,0.15,0.85
34.61666666666667,0.15592834054523003,0.8467237097750885,1,0.15,0.85
34.63333333333333,0.1583745797792103,0.8469300105545918,1,0.15,0.85
34.65,0.15975410284499877,0.8462913596578756,1,0.15,0.85
34.666666666666664,0.14973391638333472,0.8514979619628333,1,0.15,0.85
34.68333333333333,0.14525000373745578,0.850284148306212,1,0.15,0.85
34.7,0.1553604243172896,0.842416511133791,1,0.15,0.85
34.71666666666667,0.15064755304484465,0.8536156828691108,1,0.15,0.85
34.733333333333334,0.15659629486250665,0.8411958198483033,1,0.15,0.85
34.75,0.15185318974825446,0.8478823162424479,1,0.15,0.85
34.766666666666666,0.1522703798529752,0.8433746594286055,1,0.15,0.85
34.78333333333333,0.15040332226307115,0.8452806079446042,1,0.15,0.85
34.8,0.16053839026198086,0.8496205285745061,1,0.15,0.85
34.81666666666666,0.15951953491219192,0.8518741499439495,1,0.15,0.85
34.833333333333336,0.14806555427128038,0.8523448051816293,1,0.15,0.85
34.85,0.15961152210607024,0.8476083592888567,1,0.15,0.85
34.86666666666667,0.152467116668808,0.8497870375421936,1,0.15,0.85
34.88333333333333,0.15432689822865717,0.8497695026312544,1,0.15,0.85
34.9,0.14862804125604961,0.8500432010969311,1,0.15,0.85
34.916666666666664,0.16130672860239598,0.8524936380100455,1,0.15,0.85
34.93333333333333,0.1525160396773825,0.8506925651515183,1,0.15,0.85
34.95,0.15960710182378748,0.8498619589750895,1,0.15,0.85
34.96666666666667,0.1472292739642051,0.8511259726104056,1,0.15,0.85
34.983333333333334,0.15658555260427673,0.8492072007513589,1,0.15,0.85
35.0,0.1525731545176458,0.84227773977731,1,0.15,0.85
35.016666666666666,0.1488182071764939,0.8422265150506187,1,0.15,0.85
35.03333333333333,0.15543867473485334,0.8401612479821021,1,0.15,0.85
35.05,0.1573197036920088,0.8517109655656893,1,0.15,0.85
35.06666666666666,0.16598649408492197,0.8422463240059092,1,0.15,0.85
35.083333333333336,0.15654746498980932,0.8474373925706462,1,0.15,0.85
35.1,0.15641705553984567,0.851651366029282,1,0.15,0.85
35.11666666666667,0.15467828675415507,0.8460727621986811,1,0.15,0.85
35.13333333333333,0.1505257199243947,0.8444100259409067,1,0.15,0.85
35.15,0.15323444508383263,0.843749907498865,1,0.15,0.85
35.166666666666664,0.15258357502449896,0.8501373587309359,1,0.15,0.85
35.18333333333333,0.14695590094524213,0.8451065160352553,1,0.15,0.85
35.2,0.1475654629531448,0.8488000675825131,1,0.15,0.85
35.21666666666667,0.14579484430310585,0.8492000891429932,1,0.15,0.85
35.233333333333334,0.15001446396646384,0.8501354802797522,1,0.15,0.85
35.25,0.155965356914063,0.8449188050021998,1,0.15,0.85
35.266666666666666,0.1544622751203318,0.8477311105419775,1,0.15,0.85
35.28333333333333,0.15093297645130477,0.8410956842976915,1,0.15,0.85
35.3,0.15546630793859073,0.8504436004573412,1,0.15,0.85
35.31666666666666,0.14524525533632834,0.8427939664669577,1,0.15,0.85
35.333333333333336,0.1532210817240463,0.8466863050107413,1,0.15,0.85
35.35,,,0,0.5,0.5
35.36666666666667,0.5015027940114696,0.5020350333054264,1,0.5,0.5
35.38333333333333,0.4993578047855114,0.49548507545292847,1,0.5,0.5
35.4,0.5084690277432501,0.4901932691344847,1,0.5,0.5
35.416666666666664,0.5068519933760031,0.5030906043125047,1,0.5,0.5
35.43333333333333,0.5133671590418621,0.4994054746426814,1,0.5,0.5
35.45,0.4954105492592136,0.495947865326597,1,0.5,0.5
35.46666666666667,0.5027494849939502,0.5012240526012666,1,0.5,0.5
35.483333333333334,0.5013390640759555,0.5076664234349665,1,0.5,0.5
35.5,0.5052985643971468,0.4959005446479708,1,0.5,0.5
35.516666666666666,0.507046389300521,0.5019423839529811,1,0.5,0.5
35.53333333333333,0.5032179918580642,0.49203086276241037,1,0.5,0.5
35.55,0.5050988282136255,0.4973903067543297,1,0.5,0.5
35.56666666666666,0.4961503169035615,0.495997764527184,1,0.5,0.5
35.583333333333336,0.5038975632642588,0.5008006408529856,1,0.5,0.5
35.6,0.5020528046961443,0.5010039125286625,1,0.5,0.5
35.61666666666667,0.5039926617834471,0.4871221841065173,1,0.5,0.5
35.63333333333333,0.4992719376822431,0.49481381240760997,1,0.5,0.5
35.65,0.49861816388466146,0.4950350623713921,1,0.5,0.5
35.666666666666664,0.5019565464450928,0.4988147520922007,1,0.5,0.5
35.68333333333333,0.5085710378348455,0.4901265998640545,1,0.5,0.5
35.7,0.5013506411688319,0.5070149836187849,1,0.5,0.5
35.71666666666667,0.5029950249724853,0.49200725503841397,1,0.5,0.5
35.733333333333334,0.5079462562262096,0.4967477892431372,1,0.5,0.5
35.75,0.5080068708042996,0.4933085413927583,1,0.5,0.5
35.766666666666666,0.500033088450046,0.5000799187223355,1,0.5,0.5
35.78333333333333,0.506403508012445,0.4933939613193672,1,0.5,0.5
35.8,0.5030183783240189,0.4929992226232949,1,0.5,0.5
35.81666666666666,0.5033417218225006,0.49785737297407634,1,0.5,0.5
35.833333333333336,0.5010140421176361,0.5064960106816498,1,0.5,0.5
35.85,0.4999786884949569,0.5040308266219063,1,0.5,0.5
35.86666666666667,0.5019527839651513,0.5001807473234423,1,0.5,0.5
35.88333333333333,0.5085451483582715,0.49519867455953825,1,0.5,0.5
35.9,0.508712237639775,0.5025992012735122,1,0.5,0.5
35.916666666666664,0.49903030326889425,0.5035232773743139,1,0.5,0.5
35.93333333333333,0.5132700710208117,0.4966001925933908,1,0.5,0.5
35.95,0.4970192794859699,0.5059672506960611,1,0.5,0.5
35.96666666666667,0.49988457615935844,0.4991282212017775,1,0.5,0.5
35.983333333333334,0.49455042337547883,0.4996254617095118,1,0.5,0.5
36.0,0.1570014473812565,0.14653852617935414,1,0.15,0.15
36.016666666666666,0.1495650524061114,0.14672932412466133,1,0.15,0.15
36.03333333333333,0.15695406204699075,0.1412443649651358,1,0.15,0.15
36.05,0.15049928599833376,0.14947080845283406,1,0.15,0.15
36.06666666666666,0.15544456218114816,0.15762294878166735,1,0.15,0.15
36.083333333333336,0.15170525772130483,0.14959441271492607,1,0.15,0.15
36.1,0.14593780265418216,0.1597676114354913,1,0.15,0.15
36.11666666666667,0.15122363296910732,0.1471240884972471,1,0.15,0.15
36.13333333333333,0.1578579362405977,0.14343481426473154,1,0.15,0.15
36.15,0.1556702643952082,0.1466483878223652,1,0.15,0.15
36.166666666666664,0.16009820828733604,0.15301288355968107,1,0.15,0.15
36.18333333333333,0.15199892296967293,0.1454799208485793,1,0.15,0.15
36.2,0.1541606238615174,0.1439315392293502,1,0.15,0.15
36.21666666666667,0.15179995251979292,0.15403008133083432,1,0.15,0.15
36.233333333333334,0.15815727339804775,0.1532759754776176,1,0.15,0.15
36.25,0.15713579864511834,0.1531336851225652,1,0.15,0.15
36.266666666666666,0.14922072428529648,0.1467062214498141,1,0.15,0.15
36.28333333333333,0.15309272988941322,0.1542973244417897,1,0.15,0.15
36.3,0.15195909814741715,0.14797680654517345,1,0.15,0.15
36.31666666666666,0.15523828391708178,0.14977055801134345,1,0.15,0.15
36.333333333333336,0.15363460920321462,0.15056380933863,1,0.15,0.15
36.35,0.15075101460825088,0.14844216924417375,1,0.15,0.15
36.36666666666667,0.14897701206833253,0.1475287611870223,1,0.15,0.15
36.38333333333333,0.15467116376012338,0.1414314675839612,1,0.15,0.15
36.4,0.15876690857669135,0.15150976296089644,1,0.15,0.15
36.416666666666664,0.14414754707554311,0.15020028268519828,1,0.15,0.15
36.43333333333333,0.14934638423794755,0.151760167022276,1,0.15,0.15
36.45,0.15719192157371253,0.1472042301486939,1,0.15,0.15
36.46666666666667,0.15302209455245652,0.138995512172756,1,0.15,0.15
36.483333333333334,0.15565565915636065,0.1522076573463964,1,0.15,0.15
36.5,0.15030558302057248,0.14627901349769978,1,0.15,0.15
36.516666666666666,0.14705710504105154,0.15082942006520197,1,0.15,0.15
36.53333333333333,0.14923498481669217,0.1519821557983626,1,0.15,0.15
36.55,0.15304689198792654,0.15381115631308076,1,0.15,0.15
36.56666666666666,0.14690784601295614,0.15351106183860413,1,0.15,0.15
36.583333333333336,0.1521834906202316,0.15147099300678535,1,0.15,0.15
36.6,0.1543159121736829,0.14491489508939082,1,0.15,0.15
36.61666666666667,0.15043929161158004,0.14292658097796718,1,0.15,0.15
36.63333333333333,0.15175846786382186,0.14908066487436875,1,0.15,0.15
36.65,0.16056961252532068,0.1418040976871927,1,0.15,0.15
36.666666666666664,0.14812873582879746,0.15154987329604033,1,0.15,0.15
36.68333333333333,0.1568359290972292,0.14883345233676007,1,0.15,0.15
36.7,0.1520381332150309,0.1455165713378437,1,0.15,0.15
36.71666666666667,0.14745197316513683,0.14811474296070892,1,0.15,0.15
36.733333333333334,0.16060531222472102,0.14177679705707427,1,0.15,0.15
36.75,0.15559098458154202,0.15164695774191844,1,0.15,0.15
36.766666666666666,0.15833520525338118,0.15063244782899693,1,0.15,0.15
36.78333333333333,0.15144859656542412,0.14220541184610178,1,0.15,0.15
36.8,0.16108625479048483,0.14468352399893358,1,0.15,0.15
36.81666666666666,0.15240837162653711,0.15209263343390927,1,0.15,0.15
36.833333333333336,0.16246756350602282,0.15389470688654994,1,0.15,0.15
36.85,0.14529524059418836,0.147688319721204,1,0.15,0.15
36.86666666666667,0.1488180414639189,0.146029374365993,1,0.15,0.15
36.88333333333333,0.15221745775845824,0.15143235573179445,1,0.15,0.15
36.9,0.15029462634116872,0.14062325563938574,1,0.15,0.15
36.916666666666664,0.1549786778480493,0.14800905471090844,1,0.15,0.15
36.93333333333333,0.14652581682658233,0.14573697299402572,1,0.15,0.15
36.95,0.1549157866697293,0.14502390600423332,1,0.15,0.15
36.96666666666667,0.15222964965486296,0.14582155321460027,1,0.15,0.15
36.983333333333334,0.1514416239999028,0.1521093525037113,1,0.15,0.15
37.0,0.1575063583998127,0.1499199691987376,1,0.15,0.15
37.016666666666666,0.1586358360780793,0.14622584646639555,1,0.15,0.15
37.03333333333333,,,0,0.15,0.15
37.05,0.14732571118617027,0.14917730318780537,1,0.15,0.15
37.06666666666666,0.1548603787200626,0.14623458346120055,1,0.15,0.15
37.083333333333336,0.15375175917124756,0.1502119655061725,1,0.15,0.15
37.1,0.15478095486005503,0.14712773776770546,1,0.15,0.15
37.11666666666667,0.15331170692000232,0.15065909741839564,1,0.15,0.15
37.13333333333333,0.14643392819211498,0.15180153088756781,1,0.15,0.15
37.15,0.15817156445602584,0.151670519183795,1,0.15,0.15
37.166666666666664,0.1532971759898392,0.15061976130175173,1,0.15,0.15
37.18333333333333,0.14866876983841473,0.1467036612844984,1,0.15,0.15
37.2,0.15030644396430068,0.15356002107753022,1,0.15,0.15
37.21666666666667,0.15852460787879527,0.13830461648395137,1,0.15,0.15
37.233333333333334,0.1482574085277556,0.1483002158490159,1,0.15,0.15
37.25,0.1571878062599888,0.1423654486724892,1,0.15,0.15
37.266666666666666,0.16011668829472311,0.15419735377204427,1,0.15,0.15
37.28333333333333,0.15465985014727912,0.1476493316664526,1,0.15,0.15
37.3,0.14941759039489938,0.13887526061294775,1,0.15,0.15
37.31666666666666,0.15705095721368773,0.14255033470421435,1,0.15,0.15
37.333333333333336,0.1595205096517001,0.15031951572497285,1,0.15,0.15
37.35,0.15339168472530576,0.1498117954135649,1,0.15,0.15
37.36666666666667,0.15206189243357207,0.14699318412279233,1,0.15,0.15
37.38333333333333,0.15466879613239862,0.14490719350384648,1,0.15,0.15
37.4,0.15525207875906072,0.1512614155151302,1,0.15,0.15
37.416666666666664,0.1546988361457802,0.15537075832594527,1,0.15,0.15
37.43333333333333,0.15234293170546556,0.14263285376352564,1,0.15,0.15
37.45,0.15495270512525586,0.1454302249295033,1,0.15,0.15
37.46666666666667,0.14660377881155137,0.15240038865425384,1,0.15,0.15
37.483333333333334,0.1545795928172197,0.15058432332915525,1,0.15,0.15
37.5,0.1548446324610401,0.15356513658044624,1,0.15,0.15
37.516666666666666,0.15642385497627914,0.15019016360632972,1,0.15,0.15
37.53333333333333,0.15316420141156586,0.14661492889269656,1,0.15,0.15
37.55,0.14445986898670765,0.14379215753364344,1,0.15,0.15
37.56666666666666,0.15338248914225813,0.1453941085343147,1,0.15,0.15
37.583333333333336,0.15152613816933033,0.15926225172011269,1,0.15,0.15
37.6,0.14640227672933057,0.1520278494146938,1,0.15,0.15
37.61666666666667,0.1470647048955358,0.1499321910842741,1,0.15,0.15
37.63333333333333,0.1593712894580373,0.1516288199390907,1,0.15,0.15
37.65,0.15851713796815767,0.1467584286833404,1,0.15,0.15
37.666666666666664,0.15001173534766687,0.14325822101484792,1,0.15,0.15
37.68333333333333,0.15100239750198532,0.14904512580120033,1,0.15,0.15
37.7,0.15575042002226247,0.14881318040078947,1,0.15,0.15
37.71666666666667,0.14994793101398018,0.15333897871203267,1,0.15,0.15
37.733333333333334,0.15593495289354056,0.14843626493616668,1,0.15,0.15
37.75,0.1580525511189039,0.1491594338473204,1,0.15,0.15
37.766666666666666,0.15093045223466262,0.1511657582970744,1,0.15,0.15
37.78333333333333,0.15339909203806287,0.1500970782108774,1,0.15,0.15
37.8,0.15520378754597894,0.14412752976930243,1,0.15,0.15
37.81666666666666,0.154521411250388,0.14740235823708506,1,0.15,0.15
37.833333333333336,0.15501378153095816,0.14451717853985502,1,0.15,0.15
37.85,0.15612015273429752,0.14176677755992712,1,0.15,0.15
37.86666666666667,0.15091507852698902,0.14727655166186784,1,0.15,0.15
37.88333333333333,0.14688817616333705,0.14921307265279302,1,0.15,0.15
37.9,0.16304058318116377,0.15720106250625804,1,0.15,0.15
37.916666666666664,0.1487391865419914,0.1464034185599379,1,0.15,0.15
37.93333333333333,0.15125567855137362,0.15141842401833103,1,0.15,0.15
37.95,0.15449181481509308,0.152082960512709,1,0.15,0.15
37.96666666666667,0.15405512076322397,0.15536611236296116,1,0.15,0.15
37.983333333333334,0.1590284869110796,0.1493132978433583,1,0.15,0.15
38.0,0.15681012844407677,0.1495939424819385,1,0.15,0.15
38.016666666666666,0.15580677580585175,0.1501600359250038,1,0.15,0.15
38.03333333333333,0.15593053357903558,0.14798569906486397,1,0.15,0.15
38.05,0.1587057351715773,0.14581101553373652,1,0.15,0.15
38.06666666666666,0.15290370959818358,0.14509627303355135,1,0.15,0.15
38.083333333333336,0.15196710217452855,0.14498432508400844,1,0.15,0.15
38.1,0.1449109157427261,0.15323787111272172,1,0.15,0.15
38.11666666666667,0.1475950200553571,0.14461076371320386,1,0.15,0.15
38.13333333333333,0.15202453332922888,0.14496894638632934,1,0.15,0.15
38.15,0.1537121596076637,0.1441896031956684,1,0.15,0.15
38.166666666666664,0.14815812811494095,0.14305391010282165,1,0.15,0.15
38.18333333333333,0.15477912644597872,0.1512283165414877,1,0.15,0.15
38.2,0.15012392326885732,0.1569490773425337,1,0.15,0.15
38.21666666666667,0.15262808363116234,0.1499882140463478,1,0.15,0.15
38.233333333333334,0.15232412712818766,0.15711212853267076,1,0.15,0.15
38.25,0.1502899304189321,0.14676804076698544,1,0.15,0.15
38.266666666666666,0.15573460655361743,0.1537399690087663,1,0.15,0.15
38.28333333333333,0.15254619150409227,0.1541559667973667,1,0.15,0.15
38.3,0.15928645318010068,0.14421103676330538,1,0.15,0.15
38.31666666666666,0.16025008545824437,0.14375393464190503,1,0.15,0.15
38.333333333333336,0.15579572815257245,0.14999512985249003,1,0.15,0.15
38.35,0.500088859900069,0.4976117165499621,1,0.5,0.5
38.36666666666667,0.5093823775086347,0.506097056791136,1,0.5,0.5
38.38333333333333,0.5085269280309859,0.503098756020573,1,0.5,0.5
38.4,0.4991293895235534,0.5023167466512255,1,0.5,0.5
38.416666666666664,0.5019058606616364,0.5009381532850585,1,0.5,0.5
38.43333333333333,0.5079114770910584,0.5030146490765403,1,0.5,0.5
38.45,0.5077333871368768,0.5059076188970292,1,0.5,0.5
38.46666666666667,0.5075495345441685,0.4910549879233753,1,0.5,0.5
38.483333333333334,0.5083854257149013,0.49445846724765596,1,0.5,0.5
38.5,0.5021071086939949,0.5005201832849691,1,0.5,0.5
38.516666666666666,0.5019387007410873,0.5034344258685604,1,0.5,0.5
38.53333333333333,0.5117678127044225,0.5019799582411137,1,0.5,0.5
38.55,0.49844438192856044,0.5032594825710869,1,0.5,0.5
38.56666666666666,0.49926006996847083,0.4967458426579864,1,0.5,0.5
38.583333333333336,0.5022292540208924,0.4926348595948395,1,0.5,0.5
38.6,0.5048641884262643,0.49489016353459847,1,0.5,0.5
38.61666666666667,0.5033470819841916,0.49872141066097814,1,0.5,0.5
38.63333333333333,0.5017548948612883,0.4988581309409352,1,0.5,0.5
38.65,0.5094145994862401,0.4955663574709762,1,0.5,0.5
38.666666666666664,0.5072835616402674,0.5029462236932589,1,0.5,0.5
38.68333333333333,0.49552400909856215,0.5093952520356708,1,0.5,0.5
38.7,0.5005359243381706,0.49812663130646057,1,0.5,0.5
38.71666666666667,,,0,0.5,0.5
38.733333333333334,0.5039138945116054,0.4964090857567021,1,0.5,0.5
38.75,0.5045967591021493,0.5006174686257969,1,0.5,0.5
38.766666666666666,0.5032769074919874,0.5003362674120251,1,0.5,0.5
38.78333333333333,0.5064171901807991,0.4980080065657342,1,0.5,0.5
38.8,0.5071991731905727,0.4978352315572445,1,0.5,0.5
38.81666666666666,0.5095645258989512,0.500412319953237,1,0.5,0.5
38.833333333333336,0.49998036352084196,0.4979223003369115,1,0.5,0.5
38.85,0.5049016335407078,0.501124122814879,1,0.5,0.5
38.86666666666667,0.5043778103761628,0.49350085399390425,1,0.5,0.5
38.88333333333333,0.5021563223344484,0.4973732914253493,1,0.5,0.5
38.9,0.5051698631827003,0.49620814940533703,1,0.5,0.5
38.916666666666664,0.5110313989516813,0.4951469294301911,1,0.5,0.5
38.93333333333333,0.49575982682951525,0.501063428221391,1,0.5,0.5
38.95,0.50485677334806,0.5086826893420054,1,0.5,0.5
38.96666666666667,0.5073425881884037,0.4939203061281269,1,0.5,0.5
38.983333333333334,0.49969338570976196,0.4999632238504394,1,0.5,0.5
39.0,0.15426366218085713,0.14483760406520274,1,0.15,0.15
39.016666666666666,0.14838200913120242,0.14779883229668092,1,0.15,0.15
39.03333333333333,0.1558812509635625,0.14400613202566254,1,0.15,0.15
39.05,0.1537951647117332,0.1529504089081209,1,0.15,0.15
39.06666666666666,0.14782823735478706,0.1484684227813575,1,0.15,0.15
39.083333333333336,0.15844680231313765,0.14478786134803845,1,0.15,0.15
39.1,0.15325963774333748,0.15092025929975839,1,0.15,0.15
39.11666666666667,0.15482547155474458,0.1506154018112467,1,0.15,0.15
39.13333333333333,0.15657221966173646,0.15163400131299984,1,0.15,0.15
39.15,0.15513297489437974,0.14263578216844683,1,0.15,0.15
39.166666666666664,0.15163801748101705,0.14638635655285737,1,0.15,0.15
39.18333333333333,0.15810027603323823,0.1418544034270935,1,0.15,0.15
39.2,0.1530392312027086,0.15568879748667439,1,0.15,0.15
39.21666666666667,0.16439899485270904,0.15243279963482645,1,0.15,0.15
39.233333333333334,0.15459020526510353,0.15665325127851984,1,0.15,0.15
39.25,0.15109858625292721,0.15241583081712287,1,0.15,0.15
39.266666666666666,0.15184966001804195,0.1499904792138058,1,0.15,0.15
39.28333333333333,0.14631946093918335,0.14311232011351324,1,0.15,0.15
39.3,0.14458842861800342,0.1535448772995925,1,0.15,0.15
39.31666666666666,0.15374505787087536,0.14024135702656976,1,0.15,0.15
39.333333333333336,0.1527508040978753,0.15093716735158713,1,0.15,0.15
39.35,0.15723468759097844,0.15200238280303885,1,0.15,0.15
39.36666666666667,0.15244411923037912,0.14582043230239242,1,0.15,0.15
39.38333333333333,0.1516541676080337,0.15099288112754536,1,0.15,0.15
39.4,0.14529430663617368,0.1400065035178176,1,0.15,0.15
39.416666666666664,0.14470910357721248,0.14423964708320752,1,0.15,0.15
39.43333333333333,0.14589949344470587,0.1552466305229264,1,0.15,0.15
39.45,0.15362506647158908,0.14396526685741654,1,0.15,0.15
39.46666666666667,0.16675920764728452,0.1500341304641931,1,0.15,0.15
39.483333333333334,0.1593222480937176,0.14960598836853894,1,0.15,0.15
39.5,0.15008468679995102,0.14440596928715344,1,0.15,0.15
39.516666666666666,0.1559397779806575,0.14499948928617,1,0.15,0.15
39.53333333333333,0.14964850765434395,0.14455732497052368,1,0.15,0.15
39.55,0.1560703207298239,0.14167868701395195,1,0.15,0.15
39.56666666666666,0.15009103577092428,0.14714960278189335,1,0.15,0.15
39.583333333333336,0.15853884882781658,0.14338761148213064,1,0.15,0.15
39.6,0.1490685648020295,0.15463883525139951,1,0.15,0.15
39.61666666666667,0.15314661283266853,0.13869615496198723,1,0.15,0.15
39.63333333333333,0.15560541450911392,0.14325700646353293,1,0.15,0.15
39.65,0.15367166188489462,0.1472342841793919,1,0.15,0.15
39.666666666666664,0.153018771522361,0.14674510437605068,1,0.15,0.15
39.68333333333333,0.15491721221151475,0.15272814262637294,1,0.15,0.15
39.7,0.15883209626498287,0.14725358490827242,1,0.15,0.15
39.71666666666667,0.15390680133363127,0.15413122856036265,1,0.15,0.15
39.733333333333334,0.16032768164061542,0.1476640450603668,1,0.15,0.15
39.75,0.1521693025083217,0.1498419650733911,1,0.15,0.15
39.766666666666666,0.150226966480304,0.1487119647685553,1,0.15,0.15
39.78333333333333,0.15167825669351845,0.14079667299328544,1,0.15,0.15
39.8,0.15543525499396965,0.14611123845959656,1,0.15,0.15
39.81666666666666,0.1473529573442837,0.14116370693269462,1,0.15,0.15
39.833333333333336,0.14958532149508302,0.14748069494963453,1,0.15,0.15
39.85,0.1526073406072227,0.1447008146260487,1,0.15,0.15
39.86666666666667,0.15555927810609407,0.14404353743166906,1,0.15,0.15
39.88333333333333,0.14353043046721808,0.15447032528213436,1,0.15,0.15
39.9,0.1569921103131156,0.14760096762456867,1,0.15,0.15
39.916666666666664,0.14752092002630285,0.14688283780310676,1,0.15,0.15
39.93333333333333,0.16266133462121588,0.1523653579066337,1,0.15,0.15
39.95,0.15191717780341893,0.15420797303086,1,0.15,0.15
39.96666666666667,0.16107712684598596,0.14914069385357892,1,0.15,0.15
39.983333333333334,0.15431782516933548,0.14951733885828294,1,0.15,0.15
40.0,0.1542685180273702,0.1447978055434031,1,0.15,0.15
40.016666666666666,0.15786642091624067,0.1451551567093505,1,0.15,0.15
40.03333333333333,0.15528560999245308,0.14671101748312398,1,0.15,0.15
40.05,0.14950371653341646,0.1480461724602058,1,0.15,0.15
40.06666666666666,0.152898091141103,0.1507626058890482,1,0.15,0.15
40.083333333333336,0.1523327974385838,0.1459655857374343,1,0.15,0.15
40.1,0.14748363175072116,0.15590319216723528,1,0.15,0.15
40.11666666666667,0.1459936115623444,0.1502223192793596,1,0.15,0.15
40.13333333333333,0.15507570644750862,0.1530837797168346,1,0.15,0.15
40.15,0.15201285910205828,0.14822587125176,1,0.15,0.15
40.166666666666664,0.1590780389105264,0.1494129594583658,1,0.15,0.15
40.18333333333333,0.1525302943010641,0.1494958095983204,1,0.15,0.15
40.2,0.1483040628202195,0.14578372112158977,1,0.15,0.15
40.21666666666667,0.1541436318364989,0.14174448231274425,1,0.15,0.15
40.233333333333334,0.15767637020264302,0.15272293426695027,1,0.15,0.15
40.25,0.1521567126411576,0.1507448623320235,1,0.15,0.15
40.266666666666666,0.155092133955625,0.14676245170522337,1,0.15,0.15
40.28333333333333,0.15802451813855914,0.1511051460593325,1,0.15,0.15
40.3,0.14984224945163682,0.1401034418615243,1,0.15,0.15
40.31666666666666,0.15002549072634325,0.1482112432396047,1,0.15,0.15
40.333333333333336,0.15166143823559586,0.14689581586481146,1,0.15,0.15
40.35,0.15216525985414292,0.14643843192049924,1,0.15,0.15
40.36666666666667,0.15964365782002435,0.1521418752143956,1,0.15,0.15
40.38333333333333,0.15290844687966137,0.1516708349210529,1,0.15,0.15
40.4,,,0,0.15,0.15
40.416666666666664,0.1537984500105292,0.14273320372635875,1,0.15,0.15
40.43333333333333,0.1512691321493978,0.15079001201502326,1,0.15,0.15
40.45,0.15435161128351244,0.14440806062972164,1,0.15,0.15
40.46666666666667,0.15045708157082285,0.15476255117797277,1,0.15,0.15
40.483333333333334,0.15991564665046695,0.14480879536687205,1,0.15,0.15
40.5,0.1538893811444028,0.15007428763778263,1,0.15,0.15
40.516666666666666,0.1501423255906541,0.14356156513931329,1,0.15,0.15
40.53333333333333,0.15745142880568033,0.15544025712755843,1,0.15,0.15
40.55,0.15267021436348327,0.15572881516632758,1,0.15,0.15
40.56666666666666,0.1549014496720538,0.14300389575170197,1,0.15,0.15
40.583333333333336,0.15270658808925344,0.15096122692388103,1,0.15,0.15
40.6,0.15479101853654265,0.14065675048406953,1,0.15,0.15
40.61666666666667,0.15568353432330462,0.14680260206896006,1,0.15,0.15
40.63333333333333,0.1422643329023768,0.14940637019300174,1,0.15,0.15
40.65,0.1454178045393988,0.14923593529090648,1,0.15,0.15
40.666666666666664,0.15106672665484547,0.1455371300505635,1,0.15,0.15
40.68333333333333,0.1512509335637581,0.14579987658260624,1,0.15,0.15
40.7,0.15047691097369492,0.15159638940195466,1,0.15,0.15
40.71666666666667,0.15906678143663638,0.14137658129694142,1,0.15,0.15
40.733333333333334,0.15200816198866698,0.14444203425252006,1,0.15,0.15
40.75,0.1550231358462821,0.15147936988750266,1,0.15,0.15
40.766666666666666,0.15253120745970933,0.14650127900353505,1,0.15,0.15
40.78333333333333,0.15413492326265102,0.1423987137847394,1,0.15,0.15
40.8,0.151856471969209,0.14185124402530327,1,0.15,0.15
40.81666666666666,0.1556719792356935,0.1517838709807943,1,0.15,0.15
40.833333333333336,0.1486234215949719,0.14427669475783367,1,0.15,0.15
40.85,0.15861593286373857,0.1477076815262587,1,0.15,0.15
40.86666666666667,0.14924472525387575,0.1468849012520422,1,0.15,0.15
40.88333333333333,0.15589924112753475,0.14966497116262856,1,0.15,0.15
40.9,0.15551866012153645,0.14782709685624082,1,0.15,0.15
40.916666666666664,0.1607070557741657,0.15240898472446018,1,0.15,0.15
40.93333333333333,0.1523485079476699,0.1414379650637798,1,0.15,0.15
40.95,0.15349246395622032,0.14958200542055475,1,0.15,0.15
40.96666666666667,0.14668240356144924,0.14881401102802913,1,0.15,0.15
40.983333333333334,0.15892413329738567,0.1461848558022843,1,0.15,0.15
41.0,0.15428569309857113,0.15803537316699517,1,0.15,0.15
41.016666666666666,0.15528661025420212,0.14146477736720603,1,0.15,0.15
41.03333333333333,0.151338805813633,0.14755001079006091,1,0.15,0.15
41.05,0.156380104827267,0.13837730228588765,1,0.15,0.15
41.06666666666666,0.15543740603558018,0.13944578562899723,1,0.15,0.15
41.083333333333336,0.15175179022540816,0.14900634077145536,1,0.15,0.15
41.1,0.15656523446459975,0.14311474421149506,1,0.15,0.15
41.11666666666667,0.16286743795059952,0.14790908852776213,1,0.15,0.15
41.13333333333333,0.14331279665602928,0.14521902033982492,1,0.15,0.15
41.15,0.15253217114311474,0.15391914975075674,1,0.15,0.15
41.166666666666664,0.15909608724783977,0.14995167592348288,1,0.15,0.15
41.18333333333333,0.15024769014477204,0.15519475726078205,1,0.15,0.15
41.2,0.15386579394654834,0.1484260296265391,1,0.15,0.15
41.21666666666667,0.15863959907052103,0.14764596083550763,1,0.15,0.15
41.233333333333334,0.1588674707996387,0.14733476817547617,1,0.15,0.15
41.25,0.15773366569040204,0.14198905727772845,1,0.15,0.15
41.266666666666666,0.14975204417322607,0.1434981202845461,1,0.15,0.15
41.28333333333333,0.1510211720458136,0.15331044249356363,1,0.15,0.15
41.3,0.15824740250019534,0.14770513430754556,1,0.15,0.15
41.31666666666666,0.1529131305105805,0.13979847364473824,1,0.15,0.15
41.333333333333336,0.15120549930669303,0.14428679352040247,1,0.15,0.15
41.35,0.5009685564957067,0.49157921961109496,1,0.5,0.5
41.36666666666667,0.5004336709164037,0.49775820222311845,1,0.5,0.5
41.38333333333333,0.49478407095553606,0.5000575972469444,1,0.5,0.5
41.4,0.5022833041961661,0.4997129362223215,1,0.5,0.5
41.416666666666664,0.5053335604483272,0.49235101995198466,1,0.5,0.5
41.43333333333333,0.5110387954460534,0.49931944542977563,1,0.5,0.5
41.45,0.500652702508699,0.497559496506174,1,0.5,0.5
41.46666666666667,0.49855374072162556,0.49776956183783927,1,0.5,0.5
41.483333333333334,0.5003480931547878,0.5003436235097047,1,0.5,0.5
41.5,0.5003495208225704,0.5042812811916593,1,0.5,0.5
41.516666666666666,0.5001126598477539,0.49970474064854986,1,0.5,0.5
41.53333333333333,0.4896882890011434,0.5033706241136098,1,0.5,0.5
41.55,0.5051684725070958,0.49778202751108125,1,0.5,0.5
41.56666666666666,0.5098708975679076,0.48905861790769,1,0.5,0.5
41.583333333333336,0.5017934054050165,0.5018751981267526,1,0.5,0.5
41.6,0.5052016478228498,0.5013711724305039,1,0.5,0.5
41.61666666666667,0.5186534845448296,0.4991339382050322,1,0.5,0.5
41.63333333333333,0.5027591421811345,0.5059182709594068,1,0.5,0.5
41.65,0.49732067016181913,0.48866903659227773,1,0.5,0.5
41.666666666666664,0.5087195307008743,0.49598493810872063,1,0.5,0.5
41.68333333333333,0.5012877186687271,0.49594475025117724,1,0.5,0.5
41.7,0.5055884752231097,0.5093671214325319,1,0.5,0.5
41.71666666666667,0.5100924159644293,0.500275304014502,1,0.5,0.5
41.733333333333334,0.5090812563688418,0.4955168866609975,1,0.5,0.5
41.75,0.49797116891198795,0.4914032932061386,1,0.5,0.5
41.766666666666666,0.49774622979800837,0.4989021584953353,1,0.5,0.5
41.78333333333333,0.5056294879556957,0.5021551703070521,1,0.5,0.5
41.8,0.5087241010742118,0.4929686373801956,1,0.5,0.5
41.81666666666666,0.49988630875267953,0.499071019856917,1,0.5,0.5
41.833333333333336,0.4958785608396673,0.501414397483499,1,0.5,0.5
41.85,0.5073472225384532,0.4988420448854782,1,0.5,0.5
41.86666666666667,0.5032800299199705,0.49288529038988554,1,0.5,0.5
41.88333333333333,0.5017332536428134,0.4985589826066177,1,0.5,0.5
41.9,0.5105295110045452,0.5018714520723369,1,0.5,0.5
41.916666666666664,0.5050720173015909,0.49942985480740565,1,0.5,0.5
41.93333333333333,0.503710341902069,0.49241191242494037,1,0.5,0.5
41.95,0.5063613891158321,0.4961247297334441,1,0.5,0.5
41.96666666666667,0.5057797961197799,0.4962072962781427,1,0.5,0.5
41.983333333333334,0.5083419642458745,0.49914535356396655,1,0.5,0.5
42.0,0.8546543135355612,0.14553258893458626,1,0.85,0.15
42.016666666666666,0.8537811225693246,0.15107286483039123,1,0.85,0.15
42.03333333333333,0.8521516721769352,0.15016766791617378,1,0.85,0.15
42.05,0.8576348408192492,0.14271017563909658,1,0.85,0.15
42.06666666666666,0.8593231301949716,0.156307900820226,1,0.85,0.15
42.083333333333336,,,0,0.85,0.15
42.1,0.8495762305176275,0.15037614936863272,1,0.85,0.15
42.11666666666667,0.860153780256268,0.15273220047561506,1,0.85,0.15
42.13333333333333,0.8481662622485894,0.14453512423274256,1,0.85,0.15
42.15,0.8435265997895258,0.14111938600170926,1,0.85,0.15
42.166666666666664,0.8455267021264379,0.14590538714424164,1,0.85,0.15
42.18333333333333,0.8488706631545868,0.1430646953422703,1,0.85,0.15
42.2,0.8551191267716993,0.15354490076958272,1,0.85,0.15
42.21666666666667,0.8594115483046618,0.14848593678401095,1,0.85,0.15
42.233333333333334,0.8521352873250848,0.14614758399418049,1,0.85,0.15
42.25,0.8520079783511694,0.14696339491533186,1,0.85,0.15
42.266666666666666,0.854925721926124,0.15739124022019294,1,0.85,0.15
42.28333333333333,0.8576167112059974,0.16075438993239244,1,0.85,0.15
42.3,0.8555029539374959,0.147997631343884,1,0.85,0.15
42.31666666666666,0.8462398518511232,0.14608366102189416,1,0.85,0.15
42.333333333333336,0.8489627158082473,0.15412002411490985,1,0.85,0.15
42.35,0.8610799726953177,0.15223071893162046,1,0.85,0.15
42.36666666666667,0.8490485888721946,0.1516346114539201,1,0.85,0.15
42.38333333333333,0.8496698354954867,0.13777495532326395,1,0.85,0.15
42.4,0.8607925028180332,0.14318556901212212,1,0.85,0.15
42.416666666666664,0.8519307309072434,0.14487679683410362,1,0.85,0.15
42.43333333333333,0.8569703763747164,0.1439323195514496,1,0.85,0.15
42.45,0.8585864035297358,0.14793482945640316,1,0.85,0.15
42.46666666666667,0.856162530838995,0.15211205245967818,1,0.85,0.15
42.483333333333334,0.8555035486992199,0.14976738177681037,1,0.85,0.15
42.5,0.8452377868801304,0.1457798484399913,1,0.85,0.15
42.516666666666666,0.8492023760718019,0.1511695627967894,1,0.85,0.15
42.53333333333333,0.850808226809821,0.14214515476566347,1,0.85,0.15
42.55,0.8586727550699478,0.14913136906182356,1,0.85,0.15
42.56666666666666,0.8575703349538045,0.15408107884802957,1,0.85,0.15
42.583333333333336,0.8462562059079847,0.1472815546572104,1,0.85,0.15
42.6,0.8569532397252697,0.1509014786801125,1,0.85,0.15
42.61666666666667,0.8578235481315367,0.142708360198174,1,0.85,0.15
42.63333333333333,0.8566393912453054,0.14235348957595512,1,0.85,0.15
42.65,0.8471274442244604,0.15187318069038117,1,0.85,0.15
42.666666666666664,0.8565396550045583,0.1497571430950484,1,0.85,0.15
42.68333333333333,0.8604370547057291,0.14694487752087967,1,0.85,0.15
42.7,0.8533592005620793,0.14726827785390617,1,0.85,0.15
42.71666666666667,0.8619170302224767,0.1464525261684459,1,0.85,0.15
42.733333333333334,0.8562696009306917,0.14346773494638002,1,0.85,0.15
42.75,0.8553536287768215,0.14879163878117152,1,0.85,0.15
42.766666666666666,0.8626724673200411,0.14752947499214528,1,0.85,0.15
42.78333333333333,0.8548237346885473,0.1505146214188007,1,0.85,0.15
42.8,0.8514368245000645,0.14335557034567445,1,0.85,0.15
42.81666666666666,0.8544797218578297,0.14912221918631807,1,0.85,0.15
42.833333333333336,0.8537843873470992,0.1419472343260932,1,0.85,0.15
42.85,0.8547940067449069,0.14752092636678207,1,0.85,0.15
42.86666666666667,0.8503667092172671,0.1471337150247363,1,0.85,0.15
42.88333333333333,0.8549527962994401,0.1474628985061697,1,0.85,0.15
42.9,0.8529550355811032,0.15797049517297918,1,0.85,0.15
42.916666666666664,0.8639388489770652,0.14113573776248384,1,0.85,0.15
42.93333333333333,0.8587960134615436,0.14606627416524331,1,0.85,0.15
42.95,0.858405257568563,0.15271561593840946,1,0.85,0.15
42.96666666666667,0.8516515300801575,0.15007964001034074,1,0.85,0.15
42.983333333333334,0.8544344935040967,0.14412363928157024,1,0.85,0.15
43.0,0.8555805837483067,0.1382622940204222,1,0.85,0.15
43.016666666666666,0.8464930546332358,0.14763879075978012,1,0.85,0.15
43.03333333333333,0.8556322427134779,0.1511432535544224,1,0.85,0.15
43.05,0.8547333999772958,0.14489223230470136,1,0.85,0.15
43.06666666666666,0.8502900393197399,0.145621320497837,1,0.85,0.15
43.083333333333336,0.8524791453436436,0.14231095013181388,1,0.85,0.15
43.1,0.8522159729520264,0.146349170247545,1,0.85,0.15
43.11666666666667,0.8481172099904492,0.15341723882454092,1,0.85,0.15
43.13333333333333,0.8525193901345016,0.13641393265888155,1,0.85,0.15
43.15,0.8553055067220441,0.14802697797185563,1,0.85,0.15
43.166666666666664,0.8520823139356755,0.15128173103033968,1,0.85,0.15
43.18333333333333,0.8570817975770022,0.1498833686546683,1,0.85,0.15
43.2,0.8470472950523592,0.14270675712971323,1,0.85,0.15
43.21666666666667,0.8566308854439953,0.13425889001236146,1,0.85,0.15
43.233333333333334,0.8473680053353562,0.15080365384842204,1,0.85,0.15
43.25,0.8514398421229527,0.1509058972802084,1,0.85,0.15
43.266666666666666,0.8579501042850761,0.1510376610077466,1,0.85,0.15
43.28333333333333,0.8546163769794071,0.15716148795284485,1,0.85,0.15
43.3,0.8576067184952112,0.1505879257523097,1,0.85,0.15
43.31666666666666,0.8536974202540435,0.14833308106576437,1,0.85,0.15
43.333333333333336,0.8554758405495516,0.15256536210438815,1,0.85,0.15
43.35,0.8515785326884383,0.14889260281053182,1,0.85,0.15
43.36666666666667,0.8592553901370363,0.14941287708890225,1,0.85,0.15
43.38333333333333,0.8552293083579523,0.14615153502143421,1,0.85,0.15
43.4,0.8581086160049153,0.15015463624831923,1,0.85,0.15
43.416666666666664,0.8520601068290713,0.15180428774096735,1,0.85,0.15
43.43333333333333,0.8471549415083169,0.15195558079145569,1,0.85,0.15
43.45,0.8494486541372587,0.1520569222906874,1,0.85,0.15
43.46666666666667,0.8505955845672865,0.15703811021345823,1,0.85,0.15
43.483333333333334,0.8511808948812349,0.1491405843719793,1,0.85,0.15
43.5,0.8576466232369679,0.14844909177703658,1,0.85,0.15
43.516666666666666,0.8447078679658194,0.1436422807800906,1,0.85,0.15
43.53333333333333,0.8540004778256651,0.15049084043711694,1,0.85,0.15
43.55,0.854152374202557,0.14573149848495365,1,0.85,0.15
43.56666666666666,0.861452583267248,0.14878525806990073,1,0.85,0.15
43.583333333333336,0.8629261737914767,0.15072143444246816,1,0.85,0.15
43.6,0.8521225145170752,0.1490868354116933,1,0.85,0.15
43.61666666666667,0.8533650445763807,0.14925785841977107,1,0.85,0.15
43.63333333333333,0.8514286240122118,0.14316561299293473,1,0.85,0.15
43.65,0.8524877933861703,0.1470374856440042,1,0.85,0.15
43.666666666666664,0.849994097382232,0.15544409909148338,1,0.85,0.15
43.68333333333333,0.8559010972842056,0.14931178895836303,1,0.85,0.15
43.7,0.8502073869960247,0.14600516131636132,1,0.85,0.15
43.71666666666667,0.8602261874416277,0.15545301608173057,1,0.85,0.15
43.733333333333334,0.8479142797999976,0.15185902062714615,1,0.85,0.15
43.75,0.8541305293912916,0.15297832831350733,1,0.85,0.15
43.766666666666666,,,0,0.85,0.15
43.78333333333333,0.8451135550186141,0.14546780790715877,1,0.85,0.15
43.8,0.8533037882635932,0.1519782062650032,1,0.85,0.15
43.81666666666666,0.8548353395179036,0.14823610238270452,1,0.85,0.15
43.833333333333336,0.8527759143630691,0.1477446775558045,1,0.85,0.15
43.85,0.8528233399335694,0.14881191415400535,1,0.85,0.15
43.86666666666667,0.8523973769500922,0.1453965592115816,1,0.85,0.15
43.88333333333333,0.8458641407647213,0.15239152507835033,1,0.85,0.15
43.9,0.8496842485417987,0.1470830752707367,1,0.85,0.15
43.916666666666664,0.8537092250090601,0.14096779793840186,1,0.85,0.15
43.93333333333333,0.8561365131417689,0.14442604995344469,1,0.85,0.15
43.95,0.8572176867681415,0.14443918947948206,1,0.85,0.15
43.96666666666667,0.847035752412323,0.14358368247635458,1,0.85,0.15
43.983333333333334,0.8582719625627752,0.15135793010354426,1,0.85,0.15
44.0,0.8498251914034259,0.1503954191670002,1,0.85,0.15
44.016666666666666,0.8514089602209824,0.15092812399373096,1,0.85,0.15
44.03333333333333,0.8538911874469433,0.1489945123902311,1,0.85,0.15
44.05,0.8486513518122096,0.14309152553386464,1,0.85,0.15
44.06666666666666,0.8554933987997418,0.1530809951126057,1,0.85,0.15
44.083333333333336,0.8586991218264222,0.1441735073638982,1,0.85,0.15
44.1,0.8539317283870933,0.1499668898687839,1,0.85,0.15
44.11666666666667,0.8461025614171852,0.14657965433865175,1,0.85,0.15
44.13333333333333,0.8561520492730033,0.15033626717500123,1,0.85,0.15
44.15,0.8582093832999841,0.14381280491675408,1,0.85,0.15
44.166666666666664,0.8520057872266482,0.1573171550057474,1,0.85,0.15
44.18333333333333,0.8548613719662552,0.1565106320409326,1,0.85,0.15
44.2,0.8524354296897831,0.14359969126382277,1,0.85,0.15
44.21666666666667,0.8543895973311463,0.1542590864808391,1,0.85,0.15
44.233333333333334,0.8536515352122076,0.15529513564650826,1,0.85,0.15
44.25,0.8530924029632199,0.15121137859434028,1,0.85,0.15
44.266666666666666,0.8554773361523845,0.14536514475231552,1,0.85,0.15
44.28333333333333,0.8567182607716657,0.14991637489988166,1,0.85,0.15
44.3,0.8475964782636866,0.14558655369563864,1,0.85,0.15
44.31666666666666,0.8512447382091407,0.14992178257545496,1,0.85,0.15
44.333333333333336,0.8547407402645815,0.13996980085029664,1,0.85,0.15
44.35,0.5095394035797091,0.504612168959241,1,0.5,0.5
44.36666666666667,0.49129762605081634,0.5045013774062675,1,0.5,0.5
44.38333333333333,0.5034100027338239,0.4951060698922573,1,0.5,0.5
44.4,0.5013864147801214,0.49922073427693225,1,0.5,0.5
44.416666666666664,0.5014667840500029,0.5021799580544567,1,0.5,0.5
44.43333333333333,0.5099970468879207,0.4970232945808067,1,0.5,0.5
44.45,0.5051720743785867,0.4960853130725276,1,0.5,0.5
44.46666666666667,0.5042433277949632,0.49928178100057924,1,0.5,0.5
44.483333333333334,0.4986431617720287,0.4994932242675026,1,0.5,0.5
44.5,0.5037990739844254,0.5003281016646101,1,0.5,0.5
44.516666666666666,0.5017581439429777,0.49787298334279473,1,0.5,0.5
44.53333333333333,0.5053451875274598,0.4930060156251066,1,0.5,0.5
44.55,0.5013221466251249,0.49879972177250476,1,0.5,0.5
44.56666666666666,0.5071660666295777,0.4992500569240229,1,0.5,0.5
44.583333333333336,0.5029885919449419,0.49918243723876005,1,0.5,0.5
44.6,0.5104512754578716,0.500671660696119,1,0.5,0.5
44.61666666666667,0.5051706132322313,0.4967102385094184,1,0.5,0.5
44.63333333333333,0.49984964223686607,0.49926069173879145,1,0.5,0.5
44.65,0.5135987032451924,0.4988909345710956,1,0.5,0.5
44.666666666666664,0.5044622320357974,0.5042150676782028,1,0.5,0.5
44.68333333333333,0.5108688079903055,0.5012262540209117,1,0.5,0.5
44.7,0.5005475328857598,0.4999004765917772,1,0.5,0.5
44.71666666666667,0.5010470653935292,0.49236327809855834,1,0.5,0.5
44.733333333333334,0.49825477090076037,0.49547851019939937,1,0.5,0.5
44.75,0.5120227784305486,0.4984835220388956,1,0.5,0.5
44.766666666666666,0.5004928080796484,0.5017737428156055,1,0.5,0.5
44.78333333333333,0.5026539437227939,0.4996976843576724,1,0.5,0.5
44.8,0.5042634492191534,0.5043659649270739,1,0.5,0.5
44.81666666666666,0.5050112797066132,0.5020456469263884,1,0.5,0.5
44.833333333333336,0.5001841140584182,0.49632716933249665,1,0.5,0.5
44.85,0.5043664062357164,0.49503182753783687,1,0.5,0.5
44.86666666666667,0.5024318408089559,0.5025733535307482,1,0.5,0.5
44.88333333333333,0.5065372646282524,0.49836104853713986,1,0.5,0.5
44.9,0.5093091784292522,0.5065267003252362,1,0.5,0.5
44.916666666666664,0.5080216844791421,0.5047980417170215,1,0.5,0.5
44.93333333333333,0.5060660202831901,0.4969668602344192,1,0.5,0.5
44.95,0.5134167328064434,0.5040818134169444,1,0.5,0.5
44.96666666666667,0.5018491453577387,0.49584590206936036,1,0.5,0.5
44.983333333333334,0.5039071157283499,0.49711836481626087,1,0.5,0.5
45.0,0.3278469464020528,0.3283603584091541,1,0.33,0.33
45.016666666666666,0.3354238912860211,0.33082740944568484,1,0.33,0.33
45.03333333333333,0.3340113769540981,0.3282318412561266,1,0.33,0.33
45.05,0.32712794691124675,0.3253056051216668,1,0.33,0.33
45.06666666666666,0.3319308721888274,0.32901398988675223,1,0.33,0.33
45.083333333333336,0.3362565767615361,0.32155199738925877,1,0.33,0.33
45.1,0.3301280773935311,0.3273426406288349,1,0.33,0.33
45.11666666666667,0.3320423848624832,0.33318252528021697,1,0.33,0.33
45.13333333333333,0.33867276086711723,0.3373328795116124,1,0.33,0.33
45.15,0.33480184706728705,0.32799123085489473,1,0.33,0.33
45.166666666666664,0.33479499130408485,0.327239969874705,1,0.33,0.33
45.18333333333333,0.3385262366895955,0.3327223661233825,1,0.33,0.33
45.2,0.3394392722151208,0.332253904846469,1,0.33,0.33
45.21666666666667,0.34134294386797714,0.3235057865599998,1,0.33,0.33
45.233333333333334,0.33054810407323604,0.3266167068870961,1,0.33,0.33
45.25,0.3393674300857288,0.3285907908405109,1,0.33,0.33
45.266666666666666,0.3403342914334282,0.325946386998148,1,0.33,0.33
45.28333333333333,0.3358562038803572,0.3250843688356136,1,0.33,0.33
45.3,0.3336079707417461,0.32583439730638125,1,0.33,0.33
45.31666666666666,0.33540602298580907,0.3262841412860199,1,0.33,0.33
45.333333333333336,0.32667441319657886,0.31471156267036593,1,0.33,0.33
45.35,0.33742637481507964,0.32493890651780827,1,0.33,0.33
45.36666666666667,0.3291571335012707,0.33139368972516164,1,0.33,0.33
45.38333333333333,0.33907806123650186,0.32422396097425665,1,0.33,0.33
45.4,0.3234378233905706,0.33077965894685807,1,0.33,0.33
45.416666666666664,0.3239815515735632,0.3282949326440661,1,0.33,0.33
45.43333333333333,0.33572287464286993,0.32333498993921345,1,0.33,0.33
45.45,,,0,0.33,0.33
45.46666666666667,0.33557459691045527,0.3251670562488966,1,0.33,0.33
45.483333333333334,0.33275984722603386,0.3301621760553065,1,0.33,0.33
45.5,0.33177228430436023,0.32461742774939567,1,0.33,0.33
45.516666666666666,0.3359538967330765,0.32378694139767045,1,0.33,0.33
45.53333333333333,0.3256268033439169,0.3284499752635489,1,0.33,0.33
45.55,0.336505326373814,0.33022434263951694,1,0.33,0.33
45.56666666666666,0.3309158976770451,0.32461679158689344,1,0.33,0.33
45.583333333333336,0.3296421710467866,0.32362432871763597,1,0.33,0.33
45.6,0.3302880613369274,0.32914449940002416,1,0.33,0.33
45.61666666666667,0.33261557791470336,0.3243064002722597,1,0.33,0.33
45.63333333333333,0.3358080896672481,0.3182844245788626,1,0.33,0.33
45.65,0.33173882626113327,0.3202750467289672,1,0.33,0.33
45.666666666666664,0.33202606831278825,0.3400465916206558,1,0.33,0.33
45.68333333333333,0.33350704950272914,0.32153832534748905,1,0.33,0.33
45.7,0.3337168375553599,0.33179748263510583,1,0.33,0.33
45.71666666666667,0.32902160498822164,0.3348708333181755,1,0.33,0.33
45.733333333333334,0.33559280363843846,0.3292012789954334,1,0.33,0.33
45.75,0.33581513786541256,0.3304609466076263,1,0.33,0.33
45.766666666666666,0.34164530371932383,0.3269149188978305,1,0.33,0.33
45.78333333333333,0.3296455596732105,0.3256054810417606,1,0.33,0.33
45.8,0.3402896290430947,0.3299816336884447,1,0.33,0.33
45.81666666666666,0.3314803248098457,0.32258489730087453,1,0.33,0.33
45.833333333333336,0.3381025750329157,0.32282104419100044,1,0.33,0.33
45.85,0.33435481775285736,0.3270983651294915,1,0.33,0.33
45.86666666666667,0.33353149331687254,0.3318362056170581,1,0.33,0.33
45.88333333333333,0.33022365113133145,0.33218340647747435,1,0.33,0.33
45.9,0.3365258192694174,0.330893159403467,1,0.33,0.33
45.916666666666664,0.33168954300471615,0.3371387819827181,1,0.33,0.33
45.93333333333333,0.33532730656187165,0.31839014216897854,1,0.33,0.33
45.95,0.33195539294385523,0.3336588827906399,1,0.33,0.33
45.96666666666667,0.3291635262084033,0.3304051671119239,1,0.33,0.33
45.983333333333334,0.33558758249515636,0.33292760980839303,1,0.33,0.33
46.0,0.33662744727669475,0.32614758367846913,1,0.33,0.33
46.016666666666666,0.33452229736614936,0.3286995093193961,1,0.33,0.33
46.03333333333333,0.33085597473531636,0.3206062215076558,1,0.33,0.33
46.05,0.33981903367125593,0.33218398595173443,1,0.33,0.33
46.06666666666666,0.32922762519783016,0.3379792103735348,1,0.33,0.33
46.083333333333336,0.3345242994189691,0.3258021063895461,1,0.33,0.33
46.1,0.3394858134504732,0.328147854025716,1,0.33,0.33
46.11666666666667,0.3357081849289091,0.3269801696498241,1,0.33,0.33
46.13333333333333,0.3362274272850497,0.3287839238042527,1,0.33,0.33
46.15,0.32423398703794837,0.33094853475671515,1,0.33,0.33
46.166666666666664,0.32801763857244026,0.32993324159958404,1,0.33,0.33
46.18333333333333,0.33371024167452323,0.33346516812518623,1,0.33,0.33
46.2,0.32473741300819164,0.3273187717136421,1,0.33,0.33
46.21666666666667,0.3403466456318618,0.332020590976215,1,0.33,0.33
46.233333333333334,0.3382619687300205,0.32499235973184865,1,0.33,0.33
46.25,0.3414404184558962,0.32509513804894086,1,0.33,0.33
46.266666666666666,0.3433843211418979,0.3227014871610661,1,0.33,0.33
46.28333333333333,0.33255157625569887,0.32630549234014117,1,0.33,0.33
46.3,0.3358923054049446,0.32751200954961096,1,0.33,0.33
46.31666666666666,0.3388540998065937,0.3382806730460461,1,0.33,0.33
46.333333333333336,0.33704132161189787,0.3285856499179431,1,0.33,0.33
46.35,0.33980107094976486,0.32805153558386446,1,0.33,0.33
46.36666666666667,0.3224053669649826,0.3362708537946254,1,0.33,0.33
46.38333333333333,0.33594159637775767,0.32812979407474085,1,0.33,0.33
46.4,0.3317256457205195,0.32875265094139483,1,0.33,0.33
46.416666666666664,0.3362217519094118,0.3210451649854895,1,0.33,0.33
46.43333333333333,0.31975701209769214,0.34349744888192923,1,0.33,0.33
46.45,0.3382077044859224,0.3318918059710497,1,0.33,0.33
46.46666666666667,0.3389762493310927,0.3318111322566272,1,0.33,0.33
46.483333333333334,0.33525602358204576,0.3183312478830128,1,0.33,0.33
46.5,0.331560150054009,0.3329543691679853,1,0.33,0.33
46.516666666666666,0.3293062446279343,0.31954542149628484,1,0.33,0.33
46.53333333333333,0.33937846206957767,0.3215355184969843,1,0.33,0.33
46.55,0.3367987689594581,0.3320588969665966,1,0.33,0.33
46.56666666666666,0.3365127522959371,0.3350207441600511,1,0.33,0.33
46.583333333333336,0.3287924631852876,0.33574127664171294,1,0.33,0.33
46.6,0.3256805935755395,0.3240688494177627,1,0.33,0.33
46.61666666666667,0.3327984434484427,0.32855433166920617,1,0.33,0.33
46.63333333333333,0.3325109771840428,0.33220106001281174,1,0.33,0.33
46.65,0.32702194514085836,0.3275738411177275,1,0.33,0.33
46.666666666666664,0.3324990967747818,0.31978969628240916,1,0.33,0.33
46.68333333333333,0.3243497904589151,0.33109719440108293,1,0.33,0.33
46.7,0.3397525250649103,0.324169871109362,1,0.33,0.33
46.71666666666667,0.3341798140605748,0.3278831968256805,1,0.33,0.33
46.733333333333334,0.33049320595732484,0.3297395919700569,1,0.33,0.33
46.75,0.3249404517463544,0.3290824282263353,1,0.33,0.33
46.766666666666666,0.32865748730544664,0.3210541685234809,1,0.33,0.33
46.78333333333333,0.33220533003488606,0.32835689918692934,1,0.33,0.33
46.8,0.33292187418466596,0.3293979958981672,1,0.33,0.33
46.81666666666666,0.33578441293267747,0.3287731006710104,1,0.33,0.33
46.833333333333336,0.33930474582629866,0.3273320341383501,1,0.33,0.33
46.85,0.3336339458547138,0.31745248403867216,1,0.33,0.33
46.86666666666667,0.33351358071713094,0.3248026301091137,1,0.33,0.33
46.88333333333333,0.337039989354438,0.328827533431819,1,0.33,0.33
46.9,0.3298441416729418,0.3203689053587,1,0.33,0.33
46.916666666666664,0.33295087640218946,0.3296198248730878,1,0.33,0.33
46.93333333333333,0.3337680151981537,0.3292466985430247,1,0.33,0.33
46.95,0.32610455200511834,0.33140157230592476,1,0.33,0.33
46.96666666666667,0.3322374596951387,0.32631940306625207,1,0.33,0.33
46.983333333333334,0.33297575416658753,0.33033134010398124,1,0.33,0.33
47.0,0.33192151371709905,0.33320402196367693,1,0.33,0.33
47.016666666666666,0.33300018410039234,0.33261682093212896,1,0.33,0.33
47.03333333333333,0.3366847975972191,0.3284685273278341,1,0.33,0.33
47.05,0.33580244266569825,0.33559213747282296,1,0.33,0.33
47.06666666666666,0.33389955362893065,0.32601257266569805,1,0.33,0.33
47.083333333333336,0.3386714638739161,0.32968380173092393,1,0.33,0.33
47.1,0.3310404681110869,0.321958012776559,1,0.33,0.33
47.11666666666667,0.34243759193588713,0.32221632458147387,1,0.33,0.33
47.13333333333333,,,0,0.33,0.33
47.15,0.3299317133157713,0.3204529795358873,1,0.33,0.33
47.166666666666664,0.33836535281621366,0.3254914050334845,1,0.33,0.33
47.18333333333333,0.3404131929098701,0.32388021290028846,1,0.33,0.33
47.2,0.3438141837012983,0.3344757954572283,1,0.33,0.33
47.21666666666667,0.33995675030732586,0.32586802979934243,1,0.33,0.33
47.233333333333334,0.33352429803624956,0.3238649864324347,1,0.33,0.33
47.25,0.33063418445318954,0.3317794790560959,1,0.33,0.33
47.266666666666666,0.33344404248813275,0.329514394270904,1,0.33,0.33
47.28333333333333,0.3338607991379132,0.3230382133507337,1,0.33,0.33
47.3,0.33766218618643673,0.32842068828975957,1,0.33,0.33
47.31666666666666,0.3327657991393558,0.33240011437914324,1,0.33,0.33
47.333333333333336,0.3372304992379368,0.3335229352961673,1,0.33,0.33
47.35,0.4965841735592443,0.4931155235353547,1,0.5,0.5
47.36666666666667,0.5183535655206338,0.5011983090573068,1,0.5,0.5
47.38333333333333,0.5077875057389422,0.5017288741469177,1,0.5,0.5
47.4,0.4986443949387089,0.5018350480295853,1,0.5,0.5
47.416666666666664,0.5110031002397846,0.49741532524220095,1,0.5,0.5
47.43333333333333,0.5076966493651023,0.5034861830245904,1,0.5,0.5
47.45,0.499370482221266,0.4945517535238043,1,0.5,0.5
47.46666666666667,0.5111375061721486,0.49581296214445236,1,0.5,0.5
47.483333333333334,0.5010880209666508,0.4972522215005985,1,0.5,0.5
47.5,0.5031902899712127,0.4990707612201247,1,0.5,0.5
47.516666666666666,0.504358433271361,0.49985742963675095,1,0.5,0.5
47.53333333333333,0.5030048460189498,0.48878249413210334,1,0.5,0.5
47.55,0.5128106620709486,0.5017256349093868,1,0.5,0.5
47.56666666666666,0.5037782913873993,0.4897480674634833,1,0.5,0.5
47.583333333333336,0.49956292420883797,0.5011500447064156,1,0.5,0.5
47.6,0.5058764443126923,0.49944232805865324,1,0.5,0.5
47.61666666666667,0.5002905861225522,0.5040991761216032,1,0.5,0.5
47.63333333333333,0.5046396701419659,0.4907135145227274,1,0.5,0.5
47.65,0.5138521420219255,0.4962904249189182,1,0.5,0.5
47.666666666666664,0.5007827612823091,0.49719498614222457,1,0.5,0.5
47.68333333333333,0.5063024360710114,0.501836961978542,1,0.5,0.5
47.7,0.4992619549649153,0.4956856737352655,1,0.5,0.5
47.71666666666667,0.5132192757659112,0.4902732167122838,1,0.5,0.5
47.733333333333334,0.49666646774387985,0.48730570972501214,1,0.5,0.5
47.75,0.49798751715305123,0.5042310775310226,1,0.5,0.5
47.766666666666666,0.5019023885021943,0.4963650815371564,1,0.5,0.5
47.78333333333333,0.5095760165540987,0.4935415684736988,1,0.5,0.5
47.8,0.5093027789253263,0.4987021662452589,1,0.5,0.5
47.81666666666666,0.5050326317192628,0.49246291788741986,1,0.5,0.5
47.833333333333336,0.5079110036474488,0.5035311700513277,1,0.5,0.5
47.85,0.4961966552858721,0.5017833489215754,1,0.5,0.5
47.86666666666667,0.5027655689683157,0.49541780556712833,1,0.5,0.5
47.88333333333333,0.5009361260741578,0.49737161513974726,1,0.5,0.5
47.9,0.5064835616217443,0.5052172582671373,1,0.5,0.5
47.916666666666664,0.49989046452110847,0.4985520292237153,1,0.5,0.5
47.93333333333333,0.5067358302298615,0.5040629293627724,1,0.5,0.5
47.95,0.5047258669511473,0.5022277639730305,1,0.5,0.5
47.96666666666667,0.5045503194940939,0.49385192950483536,1,0.5,0.5
47.983333333333334,0.49826250379623227,0.4939576903417502,1,0.5,0.5
48.0,0.3376752512001324,0.6531328940392662,1,0.33,0.66
48.016666666666666,0.3357294200162051,0.665304780943265,1,0.33,0.66
48.03333333333333,0.3337442118493393,0.654865495298593,1,0.33,0.66
48.05,0.3330209372317606,0.6546452742355149,1,0.33,0.66
48.06666666666666,0.3289732450301476,0.6568146263426919,1,0.33,0.66
48.083333333333336,0.32824385731821487,0.662348554876872,1,0.33,0.66
48.1,0.33427909653741694,0.6659729899252338,1,0.33,0.66
48.11666666666667,0.3343473472462575,0.6649424655655505,1,0.33,0.66
48.13333333333333,0.3291921549882732,0.6588702069349246,1,0.33,0.66
48.15,0.33092933983210443,0.6505262307856919,1,0.33,0.66
48.166666666666664,0.33934741992799866,0.6682901467324985,1,0.33,0.66
48.18333333333333,0.33183285485364755,0.658617335993582,1,0.33,0.66
48.2,0.3335275271741037,0.657134008530644,1,0.33,0.66
48.21666666666667,0.3375790239189324,0.6578837085656486,1,0.33,0.66
48.233333333333334,0.3384509770535548,0.6571382334397277,1,0.33,0.66
48.25,0.33104843739219164,0.6599000470880737,1,0.33,0.66
48.266666666666666,0.32905888820057694,0.6641657127968684,1,0.33,0.66
48.28333333333333,0.3369109106330414,0.6602589840857487,1,0.33,0.66
48.3,0.3362690419885998,0.6623198155520081,1,0.33,0.66
48.31666666666666,0.3349418164373144,0.6506348299336913,1,0.33,0.66
48.333333333333336,0.3285746047394908,0.6627539215681583,1,0.33,0.66
48.35,0.33560858787572045,0.6523715056539338,1,0.33,0.66
48.36666666666667,0.334948624354935,0.6565692915104882,1,0.33,0.66
48.38333333333333,0.3380187875169637,0.6592876803204223,1,0.33,0.66
48.4,0.3304862087592783,0.6534120368737056,1,0.33,0.66
48.416666666666664,0.3331532040908308,0.6581384424604029,1,0.33,0.66
48.43333333333333,0.3345953038706718,0.6564961358897812,1,0.33,0.66
48.45,0.3378988326300519,0.6637817435315854,1,0.33,0.66
48.46666666666667,0.33106631704655254,0.6578624358274768,1,0.33,0.66
48.483333333333334,0.33180433370102713,0.6652991013143511,1,0.33,0.66
48.5,0.3317730819833509,0.6627946996907619,1,0.33,0.66
48.516666666666666,0.3304216728127624,0.6610929977749792,1,0.33,0.66
48.53333333333333,0.32973201896376975,0.6532418049043107,1,0.33,0.66
48.55,0.3388403248048096,0.6581854724311542,1,0.33,0.66
48.56666666666666,0.3296525999874285,0.6546934549972873,1,0.33,0.66
48.583333333333336,0.3299072376054817,0.6571227562905312,1,0.33,0.66
48.6,0.3274935671412688,0.6605024317248464,1,0.33,0.66
48.61666666666667,0.33150477410994117,0.6483110688694754,1,0.33,0.66
48.63333333333333,0.33138399218591036,0.6554533928177116,1,0.33,0.66
48.65,0.33374343261503503,0.6553830332839394,1,0.33,0.66
48.666666666666664,0.34082994045596193,0.6567713428953558,1,0.33,0.66
48.68333333333333,0.32924330467217733,0.6552286700702934,1,0.33,0.66
48.7,0.3346038029774186,0.6544145882865678,1,0.33,0.66
48.71666666666667,0.3291025510256777,0.6532122510504521,1,0.33,0.66
48.733333333333334,0.33495486410107067,0.65481072624459,1,0.33,0.66
48.75,0.33511233040298694,0.6598878118898063,1,0.33,0.66
48.766666666666666,0.3371430031280601,0.6566907571227573,1,0.33,0.66
48.78333333333333,0.32559856266457016,0.6649172797955157,1,0.33,0.66
48.8,0.3360826304651358,0.6499800560344272,1,0.33,0.66
48.81666666666666,,,0,0.33,0.66
48.833333333333336,0.33229909493794096,0.6602674120755171,1,0.33,0.66
48.85,0.33605110894110835,0.6610398713807426,1,0.33,0.66
48.86666666666667,0.3334165747040577,0.6565035100798229,1,0.33,0.66
48.88333333333333,0.3297010309154167,0.6570310853743468,1,0.33,0.66
48.9,0.3353843219868235,0.656769664594294,1,0.33,0.66
48.916666666666664,0.3313159139675826,0.6607651589395573,1,0.33,0.66
48.93333333333333,0.3191764381925106,0.6582768836955871,1,0.33,0.66
48.95,0.3333975389595292,0.6485165430910069,1,0.33,0.66
48.96666666666667,0.33345108137996554,0.6582852347825333,1,0.33,0.66
48.983333333333334,0.33744511983034375,0.6506488128910634,1,0.33,0.66
49.0,0.330139131748845,0.6528164950560905,1,0.33,0.66
49.016666666666666,0.3325208717695599,0.6595910163962093,1,0.33,0.66
49.03333333333333,0.33010417319389207,0.654556840127968,1,0.33,0.66
49.05,0.3268751994511705,0.6699817235944895,1,0.33,0.66
49.06666666666666,0.3287475351202578,0.6591675548281347,1,0.33,0.66
49.083333333333336,0.33440374271208445,0.6581127520786989,1,0.33,0.66
49.1,0.32598764900658095,0.6549148519438867,1,0.33,0.66
49.11666666666667,0.33828155746913013,0.6604386415071865,1,0.33,0.66
49.13333333333333,0.3239441076095917,0.6564416223115879,1,0.33,0.66
49.15,0.33769251974509207,0.6569201992072077,1,0.33,0.66
49.166666666666664,0.3335720376018303,0.6584521986077706,1,0.33,0.66
49.18333333333333,0.33622228740180243,0.6620305764149885,1,0.33,0.66
49.2,0.33328972380613137,0.6598243420731371,1,0.33,0.66
49.21666666666667,0.3309549254197867,0.6641843539732447,1,0.33,0.66
49.233333333333334,0.33459410229373954,0.6594448649852273,1,0.33,0.66
49.25,0.3351824666273642,0.6579517900493107,1,0.33,0.66
49.266666666666666,0.33163560764060435,0.6614538635318107,1,0.33,0.66
49.28333333333333,0.33778250156136164,0.6570330485057775,1,0.33,0.66
49.3,0.3318275594527107,0.6610272504793566,1,0.33,0.66
49.31666666666666,0.3315569899337239,0.665041340779359,1,0.33,0.66
49.333333333333336,0.34249612192801393,0.6577148223125981,1,0.33,0.66
49.35,0.3274748811946173,0.6581669862332413,1,0.33,0.66
49.36666666666667,0.333236485123531,0.6522717335659376,1,0.33,0.66
49.38333333333333,0.3373863156092065,0.6624124459055268,1,0.33,0.66
49.4,0.32393609725712014,0.6664738184698885,1,0.33,0.66
49.416666666666664,0.3366890326932909,0.6609468644545209,1,0.33,0.66
49.43333333333333,0.329098014207184,0.6577447281462481,1,0.33,0.66
49.45,0.32918747916407853,0.6537397007119052,1,0.33,0.66
49.46666666666667,0.3385317284113571,0.6536331882115651,1,0.33,0.66
49.483333333333334,0.3305213573096505,0.6590631939744833,1,0.33,0.66
49.5,0.3319718643424084,0.6483504045961671,1,0.33,0.66
49.516666666666666,0.3297528644256336,0.6555501300865343,1,0.33,0.66
49.53333333333333,0.33373089931737154,0.6516363394573442,1,0.33,0.66
49.55,0.3420801677417823,0.652776174394282,1,0.33,0.66
49.56666666666666,0.3353073327544357,0.662672270718112,1,0.33,0.66
49.583333333333336,0.33026748653406696,0.6592962724136395,1,0.33,0.66
49.6,0.3346390025031439,0.6523639077483512,1,0.33,0.66
49.61666666666667,0.3345430649321016,0.6586492382803754,1,0.33,0.66
49.63333333333333,0.34051291238044956,0.6616542192731687,1,0.33,0.66
49.65,0.3376064336574992,0.6572352665664501,1,0.33,0.66
49.666666666666664,0.3263046617224615,0.6531366384930486,1,0.33,0.66
49.68333333333333,0.3354444738950846,0.6706511420050103,1,0.33,0.66
49.7,0.3370517946118724,0.6570338070837403,1,0.33,0.66
49.71666666666667,0.3398457006370058,0.6619301870857175,1,0.33,0.66
49.733333333333334,0.3352844869016198,0.6584359358495194,1,0.33,0.66
49.75,0.3364917516479917,0.6562371603927545,1,0.33,0.66
49.766666666666666,0.3337508673540204,0.6619364477198881,1,0.33,0.66
49.78333333333333,0.32615378718291516,0.6586773857801506,1,0.33,0.66
49.8,0.33429998452696386,0.6587993144544871,1,0.33,0.66
49.81666666666666,0.33888172230637353,0.6565745055533908,1,0.33,0.66
49.833333333333336,0.3349875052059682,0.6513135269801561,1,0.33,0.66
49.85,0.33552119737755554,0.6595439676430447,1,0.33,0.66
49.86666666666667,0.33455988219949084,0.6534651750042414,1,0.33,0.66
49.88333333333333,0.3368595241460012,0.6562019145622158,1,0.33,0.66
49.9,0.3289111951435272,0.6579361203716891,1,0.33,0.66
49.916666666666664,0.3287535361547812,0.6549141802153343,1,0.33,0.66
49.93333333333333,0.3321334241644688,0.6546919505961734,1,0.33,0.66
49.95,0.3311246112827836,0.6607031330640443,1,0.33,0.66
49.96666666666667,0.3284134481556359,0.659436798754418,1,0.33,0.66
49.983333333333334,0.3330500099284101,0.6650426824568438,1,0.33,0.66
50.0,0.32873078201076544,0.6588901008007194,1,0.33,0.66
50.016666666666666,0.33077882691165095,0.6597061082054274,1,0.33,0.66
50.03333333333333,0.3343994659579759,0.6508896042909815,1,0.33,0.66
50.05,0.3345671413450562,0.6607789611116225,1,0.33,0.66
50.06666666666666,0.3379180966607132,0.6643081846907161,1,0.33,0.66
50.083333333333336,0.33411342367034724,0.6569948908826669,1,0.33,0.66
50.1,0.3315216721495712,0.6533057345462601,1,0.33,0.66
50.11666666666667,0.3351424560840083,0.6556457096411419,1,0.33,0.66
50.13333333333333,0.3353303880232175,0.6554165964851095,1,0.33,0.66
50.15,0.33528306019428294,0.6569614703677182,1,0.33,0.66
50.166666666666664,0.3372750296615208,0.6611128816469711,1,0.33,0.66
50.18333333333333,0.32965996237242046,0.6562314924824277,1,0.33,0.66
50.2,0.325714065764945,0.656809063173887,1,0.33,0.66
50.21666666666667,0.33305561239478904,0.6582087959627589,1,0.33,0.66
50.233333333333334,0.33169211699391293,0.6578098511700476,1,0.33,0.66
50.25,0.3385823783203306,0.6478625268622734,1,0.33,0.66
50.266666666666666,0.33250040983362783,0.6622803001331156,1,0.33,0.66
50.28333333333333,0.3328509868865544,0.6572492359871913,1,0.33,0.66
50.3,0.33272098570213315,0.6581514306564498,1,0.33,0.66
50.31666666666666,0.3292489154804235,0.6576294793928478,1,0.33,0.66
50.333333333333336,0.33741116268576354,0.6572512681047955,1,0.33,0.66
50.35,0.4962896071874918,0.500133775306955,1,0.5,0.5
50.36666666666667,0.5033551459915275,0.4957841117175069,1,0.5,0.5
50.38333333333333,0.5082944787658301,0.5017163510623802,1,0.5,0.5
50.4,0.5026739475971017,0.49802937537416164,1,0.5,0.5
50.416666666666664,0.5021525712346634,0.49833921148197274,1,0.5,0.5
50.43333333333333,0.4995049141991394,0.5015562489269345,1,0.5,0.5
50.45,0.506369930159737,0.49192428401459454,1,0.5,0.5
50.46666666666667,0.5015706714489101,0.5023740995154572,1,0.5,0.5
50.483333333333334,0.5043790390081365,0.5002450606232124,1,0.5,0.5
50.5,,,0,0.5,0.5
50.516666666666666,0.5004845229718471,0.49825477024384823,1,0.5,0.5
50.53333333333333,0.509640921269917,0.5007255864974846,1,0.5,0.5
50.55,0.5119685147420402,0.49919340435267445,1,0.5,0.5
50.56666666666666,0.5100896276611704,0.4919360888766141,1,0.5,0.5
50.583333333333336,0.5107816644188374,0.5008085990269066,1,0.5,0.5
50.6,0.5076549117565997,0.504823214658024,1,0.5,0.5
50.61666666666667,0.49932086495938377,0.499932628973518,1,0.5,0.5
50.63333333333333,0.502968427928355,0.5019768260276916,1,0.5,0.5
50.65,0.5041377917195327,0.49684272770031646,1,0.5,0.5
50.666666666666664,0.5035453435396198,0.49620288750897557,1,0.5,0.5
50.68333333333333,0.4938808862933784,0.49660462437125347,1,0.5,0.5
50.7,0.5015222363174748,0.5008357888989944,1,0.5,0.5
50.71666666666667,0.4967078360517519,0.49370640685920264,1,0.5,0.5
50.733333333333334,0.5024888301642962,0.49743653984434416,1,0.5,0.5
50.75,0.5128222804434746,0.4913274122571132,1,0.5,0.5
50.766666666666666,0.504876021813375,0.4921095627604833,1,0.5,0.5
50.78333333333333,0.5058263740400757,0.5016711681868787,1,0.5,0.5
50.8,0.5101029243662869,0.4993516328065883,1,0.5,0.5
50.81666666666666,0.5057692547939883,0.5015184602000814,1,0.5,0.5
50.833333333333336,0.5107078390922265,0.48721208640475877,1,0.5,0.5
50.85,0.5020883958331289,0.4858411136690908,1,0.5,0.5
50.86666666666667,0.5055505604475248,0.500570286092848,1,0.5,0.5
50.88333333333333,0.4999791706819304,0.4992856564441653,1,0.5,0.5
50.9,0.507764336116128,0.5077176606167415,1,0.5,0.5
50.916666666666664,0.5031182966542855,0.5056376094737063,1,0.5,0.5
50.93333333333333,0.5022710927040471,0.492997404535298,1,0.5,0.5
50.95,0.5096613924534462,0.49891734767497314,1,0.5,0.5
50.96666666666667,0.5007972130442153,0.4948920492853454,1,0.5,0.5
50.983333333333334,0.505848450424561,0.5039433233974102,1,0.5,0.5
51.0,0.8512530077450875,0.8460801109533319,1,0.85,0.85
51.016666666666666,0.850383838163356,0.8487368512521543,1,0.85,0.85
51.03333333333333,0.8571352870987053,0.8470684585432974,1,0.85,0.85
51.05,0.8492044250270333,0.8523241797329763,1,0.85,0.85
51.06666666666666,0.8608100660083371,0.8396145799698985,1,0.85,0.85
51.083333333333336,0.858450054185508,0.8527726304396592,1,0.85,0.85
51.1,0.8539002105341817,0.8360853528003762,1,0.85,0.85
51.11666666666667,0.8466185755564982,0.8541123508389344,1,0.85,0.85
51.13333333333333,0.8657555970465914,0.8485752822460274,1,0.85,0.85
51.15,0.8574185895091773,0.8519233663934299,1,0.85,0.85
51.166666666666664,0.8551173601053879,0.8501607316147689,1,0.85,0.85
51.18333333333333,0.853962957433174,0.8497998262099178,1,0.85,0.85
51.2,0.8513660000045287,0.8392974032311213,1,0.85,0.85
51.21666666666667,0.8593441110023454,0.8516812590166855,1,0.85,0.85
51.233333333333334,0.8525294699645445,0.8451299543592726,1,0.85,0.85
51.25,0.8533959461574284,0.8457103525149616,1,0.85,0.85
51.266666666666666,0.8541493061821593,0.8467365730886417,1,0.85,0.85
51.28333333333333,0.8494531634106205,0.851578443477277,1,0.85,0.85
51.3,0.8503529846583674,0.8516657093125168,1,0.85,0.85
51.31666666666666,0.855523765905074,0.8550345168240384,1,0.85,0.85
51.333333333333336,0.8562344478302606,0.8423447516564619,1,0.85,0.85
51.35,0.8522774112772524,0.8418767783612093,1,0.85,0.85
51.36666666666667,0.8489550244264801,0.8436129960980403,1,0.85,0.85
51.38333333333333,0.8448740780955456,0.8437058033108382,1,0.85,0.85
51.4,0.8527812325569666,0.8557405547530276,1,0.85,0.85
51.416666666666664,0.8601420681685575,0.8450340637578265,1,0.85,0.85
51.43333333333333,0.855297117563228,0.848868073575231,1,0.85,0.85
51.449999999999996,0.8470564927365835,0.8497793903678352,1,0.85,0.85
51.46666666666667,0.8551628305108376,0.8517917434663655,1,0.85,0.85
51.483333333333334,0.8442860339148772,0.8561742261667943,1,0.85,0.85
51.5,0.8570298356005132,0.8452898304631358,1,0.85,0.85
51.516666666666666,0.857196402764613,0.8480180555401835,1,0.85,0.85
51.53333333333333,0.8506156054262008,0.8452567019578171,1,0.85,0.85
51.55,0.8453182134297982,0.8519801355957347,1,0.85,0.85
51.56666666666666,0.8473078774186265,0.8329644646127357,1,0.85,0.85
51.583333333333336,0.847315236082733,0.8544026257830227,1,0.85,0.85
51.6,0.8569497179353723,0.8403285502972831,1,0.85,0.85
51.61666666666667,0.8553319232973701,0.845252423524595,1,0.85,0.85
51.63333333333333,0.846284373521839,0.8536099408522102,1,0.85,0.85
51.65,0.8554529841589875,0.8427866321560922,1,0.85,0.85
51.666666666666664,0.857798046334442,0.8486971753702811,1,0.85,0.85
51.68333333333333,0.8547289654518774,0.8433256480820104,1,0.85,0.85
51.699999999999996,0.8476064889354016,0.8501125169699879,1,0.85,0.85
51.71666666666667,0.8518541035690952,0.8443772696394313,1,0.85,0.85
51.733333333333334,0.8564497740985859,0.8407407751430857,1,0.85,0.85
51.75,0.8580091073023963,0.8414905349746542,1,0.85,0.85
51.766666666666666,0.8517719003260731,0.8461997114532713,1,0.85,0.85
51.78333333333333,0.8533424322476428,0.8441046212595225,1,0.85,0.85
51.8,0.8565729770807525,0.843161462226819,1,0.85,0.85
51.81666666666666,0.8508570568840366,0.847024948619266,1,0.85,0.85
51.833333333333336,0.8501049845567297,0.8452324414772654,1,0.85,0.85
51.85,0.8509123246877116,0.8459145797828077,1,0.85,0.85
51.86666666666667,0.8576851406075665,0.8404777204367538,1,0.85,0.85
51.88333333333333,0.8482648561027185,0.8424043604196643,1,0.85,0.85
51.9,0.8574378829460453,0.837137414810055,1,0.85,0.85
51.916666666666664,0.8553406094500671,0.8516967003043756,1,0.85,0.85
51.93333333333333,0.855316022459825,0.8452372625456591,1,0.85,0.85
51.949999999999996,0.8469604548545995,0.84088089982676,1,0.85,0.85
51.96666666666667,0.8567066938314846,0.8508777658689329,1,0.85,0.85
51.983333333333334,0.8574309077591195,0.8408898251209324,1,0.85,0.85
52.0,0.8548433589249709,0.8522508899549415,1,0.85,0.85
52.016666666666666,0.8552556603344348,0.8497099432745033,1,0.85,0.85
52.03333333333333,0.852765030112961,0.8517330894526967,1,0.85,0.85
52.05,0.8643041943791301,0.8535430330125552,1,0.85,0.85
52.06666666666666,0.8545394518986266,0.8471881154351568,1,0.85,0.85
52.083333333333336,0.8549331818529123,0.8458127782526036,1,0.85,0.85
52.1,0.8582122735889901,0.840271324637057,1,0.85,0.85
52.11666666666667,0.8554990554923644,0.8511555242157732,1,0.85,0.85
52.13333333333333,0.854180109079966,0.8501449340253563,1,0.85,0.85
52.15,0.856878620641734,0.8450640621674262,1,0.85,0.85
52.166666666666664,0.8563013151044395,0.8489822485133778,1,0.85,0.85
52.18333333333333,,,0,0.85,0.85
52.199999999999996,0.8558519431201039,0.840824740975055,1,0.85,0.85
52.21666666666667,0.8529492298006588,0.8437112724884743,1,0.85,0.85
52.233333333333334,0.8587210565559115,0.8420459676213378,1,0.85,0.85
52.25,0.8512170797264689,0.8448117680283723,1,0.85,0.85
52.266666666666666,0.8440220577394038,0.8402150975485592,1,0.85,0.85
52.28333333333333,0.8553163115695013,0.8434320630935856,1,0.85,0.85
52.3,0.846405177011634,0.8478933109078387,1,0.85,0.85
52.31666666666666,0.8520126054107636,0.8475023346079804,1,0.85,0.85
52.333333333333336,0.850685028605978,0.8501974921548722,1,0.85,0.85
52.35,0.8552124731574133,0.8486473388969119,1,0.85,0.85
52.36666666666667,0.8525727933850832,0.84368981128779,1,0.85,0.85
52.38333333333333,0.8479048613996003,0.8512879849722934,1,0.85,0.85
52.4,0.8521367176522557,0.8552477603112132,1,0.85,0.85
52.416666666666664,0.8629511149187045,0.842366488313097,1,0.85,0.85
52.43333333333333,0.856935077829727,0.8435712221612848,1,0.85,0.85
52.449999999999996,0.8511808957749368,0.850948060896423,1,0.85,0.85
52.46666666666667,0.8526729182413826,0.8452979590915611,1,0.85,0.85
52.483333333333334,0.8548717949168921,0.8456313257756681,1,0.85,0.85
52.5,0.8534535462235083,0.8501450830867793,1,0.85,0.85
52.516666666666666,0.8514145943064001,0.8434354583251341,1,0.85,0.85
52.53333333333333,0.8511921917308463,0.8498043480469963,1,0.85,0.85
52.55,0.8480856256718753,0.8507335317495768,1,0.85,0.85
52.56666666666666,0.8440818269140212,0.8520419213884134,1,0.85,0.85
52.583333333333336,0.8540061027677959,0.8492185117440553,1,0.85,0.85
52.6,0.8555898181394116,0.8473831380313475,1,0.85,0.85
52.61666666666667,0.8573839924984088,0.8552073851312648,1,0.85,0.85
52.63333333333333,0.857182131976082,0.8414246077657863,1,0.85,0.85
52.65,0.8548546512604395,0.8543013700100152,1,0.85,0.85
52.666666666666664,0.8676002828666274,0.847965654731569,1,0.85,0.85
52.68333333333333,0.8569359341450572,0.8542803533990845,1,0.85,0.85
52.699999999999996,0.8518817400801855,0.8589195805435466,1,0.85,0.85
52.71666666666667,0.8538935267509776,0.8515901411443153,1,0.85,0.85
52.733333333333334,0.8598031129719286,0.8531306485152491,1,0.85,0.85
52.75,0.8540594417692275,0.85051039101391,1,0.85,0.85
52.766666666666666,0.8521702152513864,0.8490386991403682,1,0.85,0.85
52.78333333333333,0.8540931613664827,0.8434896465989612,1,0.85,0.85
52.8,0.8599191561593853,0.8457595810540928,1,0.85,0.85
52.81666666666666,0.8639973679608624,0.8503731281678457,1,0.85,0.85
52.833333333333336,0.8499872007570154,0.8572115769949595,1,0.85,0.85
52.85,0.8488328797848818,0.8380732748366778,1,0.85,0.85
52.86666666666667,0.8567544078682828,0.8538968178998259,1,0.85,0.85
52.88333333333333,0.8557951728622736,0.8560251412617397,1,0.85,0.85
52.9,0.8603503776224081,0.8407421743425442,1,0.85,0.85
52.916666666666664,0.8557503433672575,0.8402680683493097,1,0.85,0.85
52.93333333333333,0.8459020418828753,0.8416472406504778,1,0.85,0.85
52.949999999999996,0.8557196908803089,0.8499433500222452,1,0.85,0.85
52.96666666666667,0.8445318902579791,0.8421396492054489,1,0.85,0.85
52.983333333333334,0.8588373850639683,0.8475910069026218,1,0.85,0.85
53.0,0.8517909514696316,0.8529058300105217,1,0.85,0.85
53.016666666666666,0.8530627370849821,0.849068901431514,1,0.85,0.85
53.03333333333333,0.8482515668249534,0.8529046875499728,1,0.85,0.85
53.05,0.8525508985508272,0.8519136601742533,1,0.85,0.85
53.06666666666666,0.8557135271123388,0.8465371283502026,1,0.85,0.85
53.083333333333336,0.8574998570891951,0.8370538477819552,1,0.85,0.85
53.1,0.8551175662867265,0.8412017016226941,1,0.85,0.85
53.11666666666667,0.8473196695071074,0.8451403006198084,1,0.85,0.85
53.13333333333333,0.850274354853711,0.8489599379640895,1,0.85,0.85
53.15,0.8547040778387299,0.842065265710697,1,0.85,0.85
53.166666666666664,0.8553106699832369,0.850124451535399,1,0.85,0.85
53.18333333333333,0.864577248704638,0.8396228364230472,1,0.85,0.85
53.199999999999996,0.8522473225882019,0.8529730256129072,1,0.85,0.85
53.21666666666667,0.8507200132102198,0.8431780959843193,1,0.85,0.85
53.233333333333334,0.8532272374214955,0.8453257476483508,1,0.85,0.85
53.25,0.8524094552002234,0.8597473320140564,1,0.85,0.85
53.266666666666666,0.8610661707358503,0.8502197565486197,1,0.85,0.85
53.28333333333333,0.8533443022325983,0.852158004223711,1,0.85,0.85
53.3,0.8567766154528871,0.8469201040134415,1,0.85,0.85
53.31666666666666,0.8579906285311178,0.842680871837249,1,0.85,0.85
53.333333333333336,0.8509200028897039,0.8448848267280858,1,0.85,0.85
53.35,0.5036524540576908,0.4971664148767707,1,0.5,0.5
53.36666666666667,0.5012417483824654,0.4990270189823385,1,0.5,0.5
53.38333333333333,0.5061429336103895,0.49992907762091265,1,0.5,0.5
53.4,0.5171320999010355,0.49867339807682,1,0.5,0.5
53.416666666666664,0.5068116368565738,0.49120687290526366,1,0.5,0.5
53.43333333333333,0.507489667558999,0.5034211749887665,1,0.5,0.5
53.449999999999996,0.5037615402946756,0.5047367942556455,1,0.5,0.5
53.46666666666667,0.5041298226572605,0.4974741068527331,1,0.5,0.5
53.483333333333334,0.5045260957662177,0.5068264667856806,1,0.5,0.5
53.5,0.506397783565817,0.5034414091935512,1,0.5,0.5
53.516666666666666,0.508150909936635,0.4865486750033726,1,0.5,0.5
53.53333333333333,0.5032974650817537,0.5002631403010898,1,0.5,0.5
53.55,0.5028670613405432,0.4948137733095622,1,0.5,0.5
53.56666666666666,0.5081796358850774,0.5038317168858554,1,0.5,0.5
53.583333333333336,0.5001258136822684,0.49776707024933453,1,0.5,0.5
53.6,0.49412365338720554,0.4948758495888257,1,0.5,0.5
53.61666666666667,0.5095692578173597,0.4869714996068655,1,0.5,0.5
53.63333333333333,0.5068714911774873,0.4984171025013196,1,0.5,0.5
53.65,0.5094015556248331,0.4922080691049057,1,0.5,0.5
53.666666666666664,0.5024732391135428,0.4961519469570304,1,0.5,0.5
53.68333333333333,0.5051775827672031,0.5027915986134578,1,0.5,0.5
53.699999999999996,0.5081375406767388,0.49945717014949126,1,0.5,0.5
53.71666666666667,0.5018571273475811,0.49314273775727874,1,0.5,0.5
53.733333333333334,0.49952470600362536,0.5006400080805026,1,0.5,0.5
53.75,0.5036657668167668,0.4985792309854431,1,0.5,0.5
53.766666666666666,0.5074880712328845,0.4925598830111497,1,0.5,0.5
53.78333333333333,0.5038011778687866,0.4967677245426044,1,0.5,0.5
53.8,0.5111510795969575,0.4995484227043266,1,0.5,0.5
53.81666666666666,0.4981326039630634,0.4921765545242597,1,0.5,0.5
53.833333333333336,0.4969076106156123,0.49229460182044393,1,0.5,0.5
53.85,0.5002749275240652,0.4998351385207254,1,0.5,0.5
53.86666666666667,,,0,0.5,0.5
53.88333333333333,0.49887734502976455,0.4967971723346908,1,0.5,0.5
53.9,0.5056019547597265,0.48975245829711095,1,0.5,0.5
53.916666666666664,0.5003206584663253,0.5041550210726444,1,0.5,0.5
53.93333333333333,0.5058611966714665,0.4961691571821852,1,0.5,0.5
53.949999999999996,0.508357191901099,0.49527444445215807,1,0.5,0.5
53.96666666666667,0.5114003505576513,0.5009673251079789,1,0.5,0.5
53.983333333333334,0.4991411045546224,0.4967180402988169,1,0.5,0.5
54.0,0.668308969786579,0.6571669156316517,1,0.66,0.66
54.016666666666666,0.6569320324142023,0.6538387093691993,1,0.66,0.66
54.03333333333333,0.6651394805743022,0.658562481794484,1,0.66,0.66
54.05,0.6577004176549838,0.6545683919779144,1,0.66,0.66
54.06666666666666,0.6649566895387184,0.6586751963630122,1,0.66,0.66
54.083333333333336,0.6689410834922932,0.6576968780821175,1,0.66,0.66
54.1,0.6642690991693759,0.6526560238703301,1,0.66,0.66
54.11666666666667,0.6509442910996247,0.6558870774673249,1,0.66,0.66
54.13333333333333,0.661558983865593,0.6524916254651143,1,0.66,0.66
54.15,0.6706960059601762,0.6614669282389954,1,0.66,0.66
54.166666666666664,0.6599001400285589,0.6567677736602467,1,0.66,0.66
54.18333333333333,0.6607501007518438,0.6594657032741874,1,0.66,0.66
54.199999999999996,0.6665936193674376,0.6570355679010746,1,0.66,0.66
54.21666666666667,0.6671588956217283,0.6662891654058575,1,0.66,0.66
54.233333333333334,0.6627118600693656,0.6598713376386779,1,0.66,0.66
54.25,0.6686117526230574,0.6605645469779433,1,0.66,0.66
54.266666666666666,0.6654592741370574,0.6625126488087862,1,0.66,0.66
54.28333333333333,0.6669322151112357,0.6582921117505659,1,0.66,0.66
54.3,0.6608106170662277,0.6595876474768881,1,0.66,0.66
54.31666666666666,0.6587845472436277,0.6676117978234,1,0.66,0.66
54.333333333333336,0.6659935312083946,0.6644360120119892,1,0.66,0.66
54.35,0.6651725037164229,0.6674859815447136,1,0.66,0.66
54.36666666666667,0.6617007450217528,0.6574345446942086,1,0.66,0.66
54.38333333333333,0.6676546604317302,0.660254793152909,1,0.66,0.66
54.4,0.6613365083158639,0.6573552607655553,1,0.66,0.66
54.416666666666664,0.656679184233968,0.6596635949808709,1,0.66,0.66
54.43333333333333,0.6686779595537928,0.6534707267750253,1,0.66,0.66
54.449999999999996,0.6736733691761434,0.6546326929935278,1,0.66,0.66
54.46666666666667,0.6638415878477383,0.6542410447153032,1,0.66,0.66
54.483333333333334,0.6586564838290331,0.657849129614018,1,0.66,0.66
54.5,0.6737527737308429,0.660288573267454,1,0.66,0.66
54.516666666666666,0.6602570545391128,0.6518738312812711,1,0.66,0.66
54.53333333333333,0.6638640976142238,0.6524372782662952,1,0.66,0.66
54.55,0.669805595843452,0.6576331577233337,1,0.66,0.66
54.56666666666666,0.6615010894628816,0.6639770819895773,1,0.66,0.66
54.583333333333336,0.6640639907157034,0.6544769997289729,1,0.66,0.66
54.6,0.664432131276634,0.6600153372456988,1,0.66,0.66
54.61666666666667,0.6658683310615442,0.6539281091380745,1,0.66,0.66
54.63333333333333,0.6679385733712815,0.658289110008924,1,0.66,0.66
54.65,0.6595220752703008,0.6592677718092643,1,0.66,0.66
54.666666666666664,0.665465564158975,0.6526828516971329,1,0.66,0.66
54.68333333333333,0.6533737033855053,0.6589357639397911,1,0.66,0.66
54.699999999999996,0.6688903582960798,0.6588465486369957,1,0.66,0.66
54.71666666666667,0.6535871401864188,0.6516994254943249,1,0.66,0.66
54.733333333333334,0.6710454788208572,0.6611282708226968,1,0.66,0.66
54.75,0.6621783045418386,0.650927518534549,1,0.66,0.66
54.766666666666666,0.6659721164910252,0.6647051598225445,1,0.66,0.66
54.78333333333333,0.6703616628339322,0.6652003978350275,1,0.66,0.66
54.8,0.6624197766798859,0.6623495745344523,1,0.66,0.66
54.81666666666666,0.6616926929777769,0.6595490971009395,1,0.66,0.66
54.833333333333336,0.659586008672941,0.6561949084175817,1,0.66,0.66
54.85,0.6647589414800681,0.6585300945581818,1,0.66,0.66
54.86666666666667,0.668683909147895,0.6562007180781607,1,0.66,0.66
54.88333333333333,0.6686494118966158,0.659211154077897,1,0.66,0.66
54.9,0.6709928944453696,0.647745125438994,1,0.66,0.66
54.916666666666664,0.6728320545596762,0.6665677448749144,1,0.66,0.66
54.93333333333333,0.6536423171357996,0.6660760731949251,1,0.66,0.66
54.949999999999996,0.6680660294627856,0.6658186607717547,1,0.66,0.66
54.96666666666667,0.6602471896783954,0.6575104401840023,1,0.66,0.66
54.983333333333334,0.6615852153307574,0.6528863788343965,1,0.66,0.66
55.0,0.6636342940993819,0.6550688999851101,1,0.66,0.66
55.016666666666666,0.6617485518085906,0.6593923082767814,1,0.66,0.66
55.03333333333333,0.6624903082820782,0.6555105847660425,1,0.66,0.66
55.05,0.6608843174425699,0.6618231577013136,1,0.66,0.66
55.06666666666666,0.6611057256680454,0.6547665734451072,1,0.66,0.66
55.083333333333336,0.6664294342955487,0.6517710624186,1,0.66,0.66
55.1,0.6560596254901743,0.6611342977386213,1,0.66,0.66
55.11666666666667,0.6616953325507625,0.6727356679704499,1,0.66,0.66
55.13333333333333,0.6655196296739998,0.6619281293619497,1,0.66,0.66
55.15,0.6574673382221408,0.6542018616431422,1,0.66,0.66
55.166666666666664,0.660288611526327,0.6524759385754518,1,0.66,0.66
55.18333333333333,0.6617665822735392,0.6619014018988089,1,0.66,0.66
55.199999999999996,0.6626856787308216,0.6491602215492321,1,0.66,0.66
55.21666666666667,0.6591519282567522,0.6546330111615397,1,0.66,0.66
55.233333333333334,0.6616573011934987,0.6618326286034693,1,0.66,0.66
55.25,0.6611231237679263,0.6559246655880242,1,0.66,0.66
55.266666666666666,0.6629391052099873,0.6576748362763847,1,0.66,0.66
55.28333333333333,0.6658401397028753,0.6641579831182104,1,0.66,0.66
55.3,0.6576918550172413,0.6603429279439359,1,0.66,0.66
55.31666666666666,0.6614812417817671,0.6579430931503738,1,0.66,0.66
55.333333333333336,0.6635646702752928,0.6539800759318641,1,0.66,0.66
55.35,0.6662740436385561,0.6600004936710855,1,0.66,0.66
55.36666666666667,0.6598916908866116,0.6568282306392014,1,0.66,0.66
55.38333333333333,0.6711748225663349,0.664820769473643,1,0.66,0.66
55.4,0.6669083554933362,0.6619276495365701,1,0.66,0.66
55.416666666666664,0.6615054412788265,0.6541918373075853,1,0.66,0.66
55.43333333333333,0.6725173465029447,0.656362318408697,1,0.66,0.66
55.449999999999996,0.6663583103925429,0.6487064949575881,1,0.66,0.66
55.46666666666667,0.667192209509761,0.6642335447667158,1,0.66,0.66
55.483333333333334,0.6555004420456465,0.6626557804632205,1,0.66,0.66
55.5,0.6610003853647183,0.6588792609413927,1,0.66,0.66
55.516666666666666,0.6588882135064698,0.6608934116547835,1,0.66,0.66
55.53333333333333,0.6606380835604984,0.6602577732452608,1,0.66,0.66
55.55,,,0,0.66,0.66
55.56666666666666,0.6649162623651941,0.662693302230065,1,0.66,0.66
55.583333333333336,0.6625184990588853,0.6586121181017942,1,0.66,0.66
55.6,0.6644438677437149,0.6503828689531695,1,0.66,0.66
55.61666666666667,0.6665049438095145,0.6635013079456157,1,0.66,0.66
55.63333333333333,0.6533613119904547,0.6655468572889034,1,0.66,0.66
55.65,0.6649485026475057,0.6626249343547157,1,0.66,0.66
55.666666666666664,0.6557469948410867,0.656946177227705,1,0.66,0.66
55.68333333333333,0.6649374201075126,0.6541931803701918,1,0.66,0.66
55.699999999999996,0.6792846409781408,0.6531805403932548,1,0.66,0.66
55.71666666666667,0.6579876478983192,0.6540507702285289,1,0.66,0.66
55.733333333333334,0.6650325369996405,0.6563247585423431,1,0.66,0.66
55.75,0.6625318052617183,0.6644326059272586,1,0.66,0.66
55.766666666666666,0.6724733031751062,0.6673875334116389,1,0.66,0.66
55.78333333333333,0.6600631030169141,0.6583296327223458,1,0.66,0.66
55.8,0.6620936762071379,0.6597319707030491,1,0.66,0.66
55.81666666666666,0.6589244896129739,0.6592908580430159,1,0.66,0.66
55.833333333333336,0.6620918513366769,0.6612256198700653,1,0.66,0.66
55.85,0.6649064277621353,0.6549750286851997,1,0.66,0.66
55.86666666666667,0.6529048091697158,0.6680019166086524,1,0.66,0.66
55.88333333333333,0.6633071160656979,0.6600704188371344,1,0.66,0.66
55.9,0.6604890988194341,0.6571886585999642,1,0.66,0.66
55.916666666666664,0.6671986793330444,0.6531679236894199,1,0.66,0.66
55.93333333333333,0.6615854404483751,0.6593090450418648,1,0.66,0.66
55.949999999999996,0.6639257354279087,0.6531494695417265,1,0.66,0.66
55.96666666666667,0.6676649637548435,0.6576664221517955,1,0.66,0.66
55.983333333333334,0.6646259339214821,0.6656000464098671,1,0.66,0.66
56.0,0.6670515455097848,0.6644401726799689,1,0.66,0.66
56.016666666666666,0.6624763204830377,0.6660065146113249,1,0.66,0.66
56.03333333333333,0.6650657398316896,0.6546710427794706,1,0.66,0.66
56.05,0.6692469868847684,0.6611512617633206,1,0.66,0.66
56.06666666666666,0.66851659518141,0.6656690767337627,1,0.66,0.66
56.083333333333336,0.6595194492638629,0.6570158335101274,1,0.66,0.66
56.1,0.6619699785519589,0.6585569084567242,1,0.66,0.66
56.11666666666667,0.6621453594610494,0.6554577555079555,1,0.66,0.66
56.13333333333333,0.6672273616057417,0.6582228966698782,1,0.66,0.66
56.15,0.6555768670965528,0.6563663612227632,1,0.66,0.66
56.166666666666664,0.6648344113656813,0.6535428627775629,1,0.66,0.66
56.18333333333333,0.662924505833822,0.6590292864423699,1,0.66,0.66
56.199999999999996,0.6587965946476955,0.6524459041089028,1,0.66,0.66
56.21666666666667,0.6730167595064598,0.647752452402799,1,0.66,0.66
56.233333333333334,0.6613120048688741,0.6577156281772578,1,0.66,0.66
56.25,0.6640313869722057,0.6591169878990145,1,0.66,0.66
56.266666666666666,0.6640996751770297,0.6633775023972545,1,0.66,0.66
56.28333333333333,0.6691077540257893,0.6551639087961554,1,0.66,0.66
56.3,0.6588547281782559,0.658669962921056,1,0.66,0.66
56.31666666666666,0.6585604427113783,0.6634516035626876,1,0.66,0.66
56.333333333333336,0.6733106469538876,0.6568379037983766,1,0.66,0.66
56.35,0.5018583728869696,0.4929083774889193,1,0.5,0.5
56.36666666666667,0.5078257099569827,0.5033495425996551,1,0.5,0.5
56.38333333333333,0.5050890925518059,0.4993940197574838,1,0.5,0.5
56.4,0.5010352189285014,0.4944677152022267,1,0.5,0.5
56.416666666666664,0.5019000258200583,0.4970172198158057,1,0.5,0.5
56.43333333333333,0.5014223575477128,0.4990930817480955,1,0.5,0.5
56.449999999999996,0.503547004652034,0.49182921903661864,1,0.5,0.5
56.46666666666667,0.5024612845233808,0.5002949696335143,1,0.5,0.5
56.483333333333334,0.5065683136764472,0.4883708626623498,1,0.5,0.5
56.5,0.5002738417205418,0.49218122596712854,1,0.5,0.5
56.516666666666666,0.5083798310755848,0.4974230596590917,1,0.5,0.5
56.53333333333333,0.5013256344820997,0.4987714171597928,1,0.5,0.5
56.55,0.5035629570994686,0.49372772875039667,1,0.5,0.5
56.56666666666666,0.5028169637621744,0.49269091603174126,1,0.5,0.5
56.583333333333336,0.5038865148920135,0.4910029886230286,1,0.5,0.5
56.6,0.49646830708218287,0.48984827546185034,1,0.5,0.5
56.61666666666667,0.5023632471474955,0.4973260487018366,1,0.5,0.5
56.63333333333333,0.5026318783995858,0.5034760435532376,1,0.5,0.5
56.65,0.49609540883365555,0.49831331489022274,1,0.5,0.5
56.666666666666664,0.5024424393109406,0.5009394011218371,1,0.5,0.5
56.68333333333333,0.5064962574325201,0.49722296976168107,1,0.5,0.5
56.699999999999996,0.505398907390931,0.4932498504680134,1,0.5,0.5
56.71666666666667,0.502685285893949,0.49251183372577406,1,0.5,0.5
56.733333333333334,0.5018303943160353,0.489186709659446,1,0.5,0.5
56.75,0.503861849654416,0.49361223926704595,1,0.5,0.5
56.766666666666666,0.4971913004880163,0.4949770266053521,1,0.5,0.5
56.78333333333333,0.5046941811685333,0.498601223352598,1,0.5,0.5
56.8,0.49808394371934556,0.4943630007711251,1,0.5,0.5
56.81666666666666,0.5045614751504812,0.49813121666611904,1,0.5,0.5
56.833333333333336,0.5086736042018103,0.5011698935359421,1,0.5,0.5
56.85,0.4986405278554524,0.4951173393465404,1,0.5,0.5
56.86666666666667,0.5060050941114428,0.4976165545313413,1,0.5,0.5
56.88333333333333,0.5073896193689317,0.4952838578709095,1,0.5,0.5
56.9,0.5035645392710459,0.4960285457195477,1,0.5,0.5
56.916666666666664,0.5050658281313172,0.4963456013725893,1,0.5,0.5
56.93333333333333,0.4936294393999752,0.49706441531784545,1,0.5,0.5
56.949999999999996,0.501301572083704,0.5027154571342249,1,0.5,0.5
56.96666666666667,0.5068191011431593,0.48812580242564313,1,0.5,0.5
56.983333333333334,0.4985085810882722,0.49814310919937066,1,0.5,0.5
57.0,0.15414382957323947,0.8487736530967698,1,0.15,0.85
57.016666666666666,0.15956541980585257,0.8491446797346676,1,0.15,0.85
57.03333333333333,0.15171695855066447,0.8533652751857252,1,0.15,0.85
57.05,0.1535881136392732,0.8560438187481669,1,0.15,0.85
57.06666666666666,0.14723112885864317,0.8472186554807823,1,0.15,0.85
57.083333333333336,0.142034635796619,0.8423687829272757,1,0.15,0.85
57.1,0.14949961043105717,0.847256753276697,1,0.15,0.85
57.11666666666667,0.15318714415770449,0.852008811716194,1,0.15,0.85
57.13333333333333,0.14632054067217073,0.8523317235009297,1,0.15,0.85
57.15,0.16152246499132034,0.8438818530182461,1,0.15,0.85
57.166666666666664,0.15116406991874887,0.841361727471665,1,0.15,0.85
57.18333333333333,0.15847289278395207,0.8557398688864262,1,0.15,0.85
57.199999999999996,0.15326770241488522,0.8458054280448608,1,0.15,0.85
57.21666666666667,0.15411995468103948,0.8450955339791841,1,0.15,0.85
57.233333333333334,,,0,0.15,0.85
57.25,0.154470837058411,0.8435291074986991,1,0.15,0.85
57.266666666666666,0.15082261268405228,0.8498906304590551,1,0.15,0.85
57.28333333333333,0.15027230896308677,0.8462847561017269,1,0.15,0.85
57.3,0.1525138865720686,0.85487209256587,1,0.15,0.85
57.31666666666666,0.15927011547634531,0.8491764985183379,1,0.15,0.85
57.333333333333336,0.15145614106677233,0.8511057791339246,1,0.15,0.85
57.35,0.1581326568877466,0.8584128232001937,1,0.15,0.85
57.36666666666667,0.14834742554402286,0.8495401526239296,1,0.15,0.85
57.38333333333333,0.15691952992596755,0.8414062413817243,1,0.15,0.85
57.4,0.15685027626067496,0.8539204100152267,1,0.15,0.85
57.416666666666664,0.15781434328882227,0.8473601770413095,1,0.15,0.85
57.43333333333333,0.15446133214247773,0.8482843240245906,1,0.15,0.85
57.449999999999996,0.15709421524854275,0.8481167767831563,1,0.15,0.85
57.46666666666667,0.1510211456618317,0.852355114308932,1,0.15,0.85
57.483333333333334,0.1601790071363469,0.8491576686077779,1,0.15,0.85
57.5,0.15011194366564803,0.8477948499968314,1,0.15,0.85
57.516666666666666,0.15593620292270252,0.8622565838909113,1,0.15,0.85
57.53333333333333,0.1584188010053361,0.8456279418963575,1,0.15,0.85
57.55,0.15321939635456538,0.8552023588887431,1,0.15,0.85
57.56666666666666,0.15187849109281398,0.8454668677168261,1,0.15,0.85
57.583333333333336,0.1550125672244702,0.8498962543938238,1,0.15,0.85
57.6,0.158983687965483,0.8438735154523223,1,0.15,0.85
57.61666666666667,0.15538034672621515,0.8538195989251667,1,0.15,0.85
57.63333333333333,0.1514158893800117,0.8591744290146992,1,0.15,0.85
57.65,0.15395634666165484,0.841043731300304,1,0.15,0.85
57.666666666666664,0.15568388926445073,0.8538884026339726,1,0.15,0.85
57.68333333333333,0.15403790353535735,0.8505621020067138,1,0.15,0.85
57.699999999999996,0.15328640016021886,0.8455979935677688,1,0.15,0.85
57.71666666666667,0.15356288721736264,0.8434638962401655,1,0.15,0.85
57.733333333333334,0.1540810323849953,0.8492570065552472,1,0.15,0.85
57.75,0.1569471516068872,0.8515181738704614,1,0.15,0.85
57.766666666666666,0.15244442028855953,0.8472164190139853,1,0.15,0.85
57.78333333333333,0.1536756992952409,0.8496678435417236,1,0.15,0.85
57.8,0.1423889330516984,0.8536976560235208,1,0.15,0.85
57.81666666666666,0.1523943956229783,0.8440969106823315,1,0.15,0.85
57.833333333333336,0.15726439466802097,0.8498162468119588,1,0.15,0.85
57.85,0.14844159211373167,0.8462802315111095,1,0.15,0.85
57.86666666666667,0.15056086841957458,0.8488856363314304,1,0.15,0.85
57.88333333333333,0.1467391634779336,0.8426171777153828,1,0.15,0.85
57.9,0.1564355197244555,0.8516015100262936,1,0.15,0.85
57.916666666666664,0.1541656327770438,0.844484722900245,1,0.15,0.85
57.93333333333333,0.15688837916291046,0.8510974511968568,1,0.15,0.85
57.949999999999996,0.1552074131387714,0.8511626683421282,1,0.15,0.85
57.96666666666667,0.15300017846351593,0.8476109737869488,1,0.15,0.85
57.983333333333334,0.15257393232441657,0.8502255937811218,1,0.15,0.85
58.0,0.15166794381578827,0.8464597489669827,1,0.15,0.85
58.016666666666666,0.15466127250021677,0.8510071562763373,1,0.15,0.85
58.03333333333333,0.15067225482382002,0.8447582072500381,1,0.15,0.85
58.05,0.15726463104602695,0.8451097852455199,1,0.15,0.85
58.06666666666666,0.16463987584846998,0.8415227913962046,1,0.15,0.85
58.083333333333336,0.15368376917696916,0.8479728088875864,1,0.15,0.85
58.1,0.15730787250136166,0.8422964048909573,1,0.15,0.85
58.11666666666667,0.15642238226409766,0.8570682735620666,1,0.15,0.85
58.13333333333333,0.15838517951946318,0.8437053525946139,1,0.15,0.85
58.15,0.16096414451874258,0.852785027189738,1,0.15,0.85
58.166666666666664,0.15242422035488729,0.8607699332798716,1,0.15,0.85
58.18333333333333,0.15015603332930394,0.8512580005639232,1,0.15,0.85
58.199999999999996,0.16483794719431716,0.8501704534631088,1,0.15,0.85
58.21666666666667,0.15183021367280455,0.8491831622868291,1,0.15,0.85
58.233333333333334,0.15348579557808661,0.8482569771622215,1,0.15,0.85
58.25,0.151589658189005,0.8406569821823323,1,0.15,0.85
58.266666666666666,0.15346897448057817,0.8464481456915982,1,0.15,0.85
58.28333333333333,0.14468337894544697,0.8473240786173857,1,0.15,0.85
58.3,0.1530023203689,0.8429483127830232,1,0.15,0.85
58.31666666666666,0.16006910820641737,0.8518137696357667,1,0.15,0.85
58.333333333333336,0.1524249515428216,0.8519036078896091,1,0.15,0.85
58.35,0.14899830102877204,0.8558671836432795,1,0.15,0.85
58.36666666666667,0.15605327427503687,0.8604714329515546,1,0.15,0.85
58.38333333333333,0.15178149270437288,0.8471253093102646,1,0.15,0.85
58.4,0.14874182808570746,0.8491112946073703,1,0.15,0.85
58.416666666666664,0.15267317137964548,0.8483533608063788,1,0.15,0.85
58.43333333333333,0.15471990470589436,0.8415789348961749,1,0.15,0.85
58.449999999999996,0.15615121582310484,0.8498466901272476,1,0.15,0.85
58.46666666666667,0.14837368129221512,0.841700888004191,1,0.15,0.85
58.483333333333334,0.1500114434368629,0.8492800467773769,1,0.15,0.85
58.5,0.15487450467608405,0.8406239366259376,1,0.15,0.85
58.516666666666666,0.15666391493038329,0.8477154313445938,1,0.15,0.85
58.53333333333333,0.1482200118781526,0.8468493152728682,1,0.15,0.85
58.55,0.14561246842326994,0.8539673755718932,1,0.15,0.85
58.56666666666666,0.14916715005996353,0.8498139794861342,1,0.15,0.85
58.583333333333336,0.1528706898054198,0.8473210610086312,1,0.15,0.85
58.6,0.1525263024238691,0.8491120561001935,1,0.15,0.85
58.61666666666667,0.15276351660929946,0.8480076594534725,1,0.15,0.85
58.63333333333333,0.15138298501753022,0.8465628244727004,1,0.15,0.85
58.65,0.1498772169575396,0.851962391270799,1,0.15,0.85
58.666666666666664,0.1504763905450354,0.8552985155773837,1,0.15,0.85
58.68333333333333,0.15530854885450188,0.8447553291398583,1,0.15,0.85
58.699999999999996,0.14894833368571922,0.8458597809988668,1,0.15,0.85
58.71666666666667,0.15849925183493718,0.8454269648465192,1,0.15,0.85
58.733333333333334,0.15641335200973022,0.860390475900574,1,0.15,0.85
58.75,0.14734733947890846,0.8561342767593954,1,0.15,0.85
58.766666666666666,0.15448793513339726,0.8468609520313087,1,0.15,0.85
58.78333333333333,0.14987700052537248,0.8508998359941219,1,0.15,0.85
58.8,0.15447488259984687,0.8518566404155669,1,0.15,0.85
58.81666666666666,0.14739372364479467,0.8486622346578709,1,0.15,0.85
58.833333333333336,0.1535100675085177,0.853222249045661,1,0.15,0.85
58.85,0.15373010541844556,0.8486860581312479,1,0.15,0.85
58.86666666666667,0.1511404180504211,0.8408717519098752,1,0.15,0.85
58.88333333333333,0.15728693335327826,0.8493828528873825,1,0.15,0.85
58.9,0.15592193124079265,0.8505018956109277,1,0.15,0.85
58.916666666666664,,,0,0.15,0.85
58.93333333333333,0.1465752366519498,0.8491579963642071,1,0.15,0.85
58.949999999999996,0.16037445193078637,0.8483252094494849,1,0.15,0.85
58.96666666666667,0.15726831319532292,0.8524914425296524,1,0.15,0.85
58.983333333333334,0.15974699036417267,0.8570476051103049,1,0.15,0.85
59.0,0.16285685235159802,0.850413864711818,1,0.15,0.85
59.016666666666666,0.14745878807612484,0.8524905998227933,1,0.15,0.85
59.03333333333333,0.15686829958843654,0.8502515498851982,1,0.15,0.85
59.05,0.16335435837077952,0.8469406378414477,1,0.15,0.85
59.06666666666666,0.15101628405354195,0.8472045589636281,1,0.15,0.85
59.083333333333336,0.16361351890561426,0.8497268768366455,1,0.15,0.85
59.1,0.14597987379459562,0.8514037935414098,1,0.15,0.85
59.11666666666667,0.15612200253468125,0.8436350269061912,1,0.15,0.85
59.13333333333333,0.15575071155912323,0.8503335791797619,1,0.15,0.85
59.15,0.1540975158544891,0.8480462338363335,1,0.15,0.85
59.166666666666664,0.15346890793462173,0.8459985613432527,1,0.15,0.85
59.18333333333333,0.15207941533838054,0.8542649542715396,1,0.15,0.85
59.199999999999996,0.14865182032134766,0.8415902653265626,1,0.15,0.85
59.21666666666667,0.14990858848590416,0.8387747681574844,1,0.15,0.85
59.233333333333334,0.15794478936392503,0.8474424045211381,1,0.15,0.85
59.25,0.14730843653031517,0.8562299928852781,1,0.15,0.85
59.266666666666666,0.15245572292279858,0.8454020296947292,1,0.15,0.85
59.28333333333333,0.155844076762014,0.8473721806143659,1,0.15,0.85
59.3,0.1552782346917817,0.8476598335609005,1,0.15,0.85
59.31666666666666,0.14766981560162443,0.847839509353061,1,0.15,0.85
59.333333333333336,0.15133011507540536,0.8431511453660968,1,0.15,0.85
59.35,0.501074725033465,0.49520831314472724,1,0.5,0.5
59.36666666666667,0.5093372179719325,0.5035257730592051,1,0.5,0.5
59.38333333333333,0.49565928474584586,0.49375984888830066,1,0.5,0.5
59.4,0.5126350971771916,0.4979490140139603,1,0.5,0.5
59.416666666666664,0.5034863086530106,0.4934226555577252,1,0.5,0.5
59.43333333333333,0.5095393759221849,0.4999663111467163,1,0.5,0.5
59.449999999999996,0.5078813920358527,0.49223280142776155,1,0.5,0.5
59.46666666666667,0.5020491146665944,0.49619744117431075,1,0.5,0.5
59.483333333333334,0.4988049061382117,0.49525827703273984,1,0.5,0.5
59.5,0.5004353082229496,0.5013459490688428,1,0.5,0.5
59.516666666666666,0.5014138696191681,0.49529218077359627,1,0.5,0.5
59.53333333333333,0.5127498462462576,0.5030613019179867,1,0.5,0.5
59.55,0.49986296312066003,0.49798415260944023,1,0.5,0.5
59.56666666666666,0.5112602513644661,0.4942817949420726,1,0.5,0.5
59.583333333333336,0.5028919122869698,0.4967423893237332,1,0.5,0.5
59.6,0.5044640197270394,0.4858309905042942,1,0.5,0.5
59.61666666666667,0.5011004253022341,0.49794411035705405,1,0.5,0.5
59.63333333333333,0.5037695580779591,0.5034080724891398,1,0.5,0.5
59.65,0.5094653863346668,0.4941423871413951,1,0.5,0.5
59.666666666666664,0.5069448347455616,0.5060394378327037,1,0.5,0.5
59.68333333333333,0.5011249650008914,0.4969336795495437,1,0.5,0.5
59.699999999999996,0.5042770989277173,0.49559976233537545,1,0.5,0.5
59.71666666666667,0.5093257911220909,0.4956130028972677,1,0.5,0.5
59.733333333333334,0.5072415805324773,0.4979934052394693,1,0.5,0.5
59.75,0.4993509741958366,0.4942049229148041,1,0.5,0.5
59.766666666666666,0.49365951758215576,0.4928005814005589,1,0.5,0.5
59.78333333333333,0.5017695573822187,0.501237008875464,1,0.5,0.5
59.8,0.5140021422396684,0.5036603856612666,1,0.5,0.5
59.81666666666666,0.4952058484489048,0.5062154418176863,1,0.5,0.5
59.833333333333336,0.5051249273048791,0.4988599002344616,1,0.5,0.5
59.85,0.5072457506581766,0.5011173994393936,1,0.5,0.5
59.86666666666667,0.5075378014179135,0.5020732462154249,1,0.5,0.5
59.88333333333333,0.5041529518133275,0.49948117981389295,1,0.5,0.5
59.9,0.5040721517031698,0.49217293299338066,1,0.5,0.5
59.916666666666664,0.5036812738410658,0.49826752560777593,1,0.5,0.5
59.93333333333333,0.5040813125287882,0.5035744205775224,1,0.5,0.5
59.949999999999996,0.49212326013533714,0.49887627059802647,1,0.5,0.5
59.96666666666667,0.4992365381572257,0.493662044032377,1,0.5,0.5
59.983333333333334,0.502285614827932,0.5066865908623638,1,0.5,0.5
60.0,0.6558381711276847,0.3254138002003689,1,0.66,0.33
60.016666666666666,0.6582246521087989,0.3355133238642957,1,0.66,0.33
60.03333333333333,0.6709948867236201,0.32973688922430033,1,0.66,0.33
60.05,0.662271640281392,0.32405374083316424,1,0.66,0.33
60.06666666666666,0.6607387084322263,0.3336908970921651,1,0.66,0.33
60.083333333333336,0.6653883016670887,0.3246083516150604,1,0.66,0.33
60.1,0.6662432837515536,0.3238718428207548,1,0.66,0.33
60.11666666666667,0.6599137016491821,0.33158738886170047,1,0.66,0.33
60.13333333333333,0.6670919747614827,0.3326366408430857,1,0.66,0.33
60.15,0.666108171111319,0.32649276321856346,1,0.66,0.33
60.166666666666664,0.6723115507361608,0.32341194688981956,1,0.66,0.33
60.18333333333333,0.6611499245600583,0.3326747004261593,1,0.66,0.33
60.199999999999996,0.6644603243845656,0.33042586912456945,1,0.66,0.33
60.21666666666667,0.6622690763018397,0.33043890018152794,1,0.66,0.33
60.233333333333334,0.6579145757810804,0.33314892185785994,1,0.66,0.33
60.25,0.662623776454298,0.33566147491580767,1,0.66,0.33
60.266666666666666,0.6606785176704246,0.33324502704185033,1,0.66,0.33
60.28333333333333,0.6612848742058854,0.327787848845244,1,0.66,0.33
60.3,0.6659781620544261,0.33285307203926495,1,0.66,0.33
60.31666666666666,0.6583895503852538,0.33992031198290495,1,0.66,0.33
60.333333333333336,0.6693430875132819,0.32770358195343474,1,0.66,0.33
60.35,0.6639921720956549,0.3341700928059897,1,0.66,0.33
60.36666666666667,0.6657974182723806,0.3243152046114495,1,0.66,0.33
60.38333333333333,0.6602639259333044,0.32760382330280347,1,0.66,0.33
60.4,0.6603617377860319,0.33515196912825934,1,0.66,0.33
60.416666666666664,0.6648829515946844,0.32361248829838846,1,0.66,0.33
60.43333333333333,0.6569434735748904,0.33399473682349257,1,0.66,0.33
60.449999999999996,0.6526148499891297,0.33205960611251134,1,0.66,0.33
60.46666666666667,0.6622733652269581,0.32640043820177417,1,0.66,0.33
60.483333333333334,0.6609227491903872,0.33186072702298625,1,0.66,0.33
60.5,0.6609879146328548,0.32702951539710223,1,0.66,0.33
60.516666666666666,0.6527507539204546,0.33207915533084487,1,0.66,0.33
60.53333333333333,0.665203225743516,0.32810848790130814,1,0.66,0.33
60.55,0.6607611939194618,0.33786691971152816,1,0.66,0.33
60.56666666666666,0.6598515552210354,0.32561544046398283,1,0.66,0.33
60.583333333333336,0.6583869933934742,0.3350191124096755,1,0.66,0.33
60.6,,,0,0.66,0.33
60.61666666666667,0.6633370064722595,0.3313016725937066,1,0.66,0.33
60.63333333333333,0.6617168388564798,0.3296574815420626,1,0.66,0.33
60.65,0.6641269166641229,0.32637565425824666,1,0.66,0.33
60.666666666666664,0.6724789004509978,0.3247203890531033,1,0.66,0.33
60.68333333333333,0.6627715685717921,0.3222777196652984,1,0.66,0.33
60.699999999999996,0.6585043375155629,0.3329783474952523,1,0.66,0.33
60.71666666666667,0.661914502369084,0.3298475775472348,1,0.66,0.33
60.733333333333334,0.6707444787808914,0.3261871256884586,1,0.66,0.33
60.75,0.6545004103375315,0.32581307516147434,1,0.66,0.33
60.766666666666666,0.6625259648877806,0.330606128271419,1,0.66,0.33
60.78333333333333,0.6570733683242873,0.32933647902792546,1,0.66,0.33
60.8,0.6714564813097823,0.33457874656410164,1,0.66,0.33
60.81666666666666,0.6724823073956468,0.3299918459509594,1,0.66,0.33
60.833333333333336,0.6633969149776991,0.3290730446355269,1,0.66,0.33
60.85,0.673190146496338,0.3218244674003118,1,0.66,0.33
60.86666666666667,0.6645363162303157,0.3252937560404394,1,0.66,0.33
60.88333333333333,0.6683486811479847,0.32216607986822005,1,0.66,0.33
60.9,0.6734202666209865,0.32678517412240754,1,0.66,0.33
60.916666666666664,0.6600154901872372,0.3256374997613433,1,0.66,0.33
60.93333333333333,0.6597926386145883,0.33237931391155157,1,0.66,0.33
60.949999999999996,0.668273898891093,0.3279538515328051,1,0.66,0.33
60.96666666666667,0.6603432003640223,0.32665584295508265,1,0.66,0.33
60.983333333333334,0.6599413161956366,0.3261103263318429,1,0.66,0.33
61.0,0.6661941463594494,0.32734658142770195,1,0.66,0.33
61.016666666666666,0.6678798115948458,0.3258246231423748,1,0.66,0.33
61.03333333333333,0.6660031508436994,0.331114124751952,1,0.66,0.33
61.05,0.6592160529671112,0.31594620102483256,1,0.66,0.33
61.06666666666666,0.6601010067403004,0.3257360326316862,1,0.66,0.33
61.083333333333336,0.6594713702036672,0.3252804912357192,1,0.66,0.33
61.1,0.6589092866450214,0.3273144512731705,1,0.66,0.33
61.11666666666667,0.6705857365033685,0.3370149879174591,1,0.66,0.33
61.13333333333333,0.6629537203368738,0.32063892416633083,1,0.66,0.33
61.15,0.6657964161538683,0.32214609125739246,1,0.66,0.33
61.166666666666664,0.667464086067681,0.33081752314841545,1,0.66,0.33
61.18333333333333,0.6602967942118029,0.3275630670441406,1,0.66,0.33
61.199999999999996,0.6666498582295596,0.3312018926258092,1,0.66,0.33
61.21666666666667,0.67106443952227,0.33367011791641954,1,0.66,0.33
61.233333333333334,0.6699970195476475,0.3246671699823328,1,0.66,0.33
61.25,0.6559228011362114,0.3233508502602915,1,0.66,0.33
61.266666666666666,0.6711535634825443,0.3287024843546951,1,0.66,0.33
61.28333333333333,0.6612603700840937,0.33098048076981923,1,0.66,0.33
61.3,0.6578810861507712,0.3263601119354406,1,0.66,0.33
61.31666666666666,0.6611750567816177,0.32875333525043643,1,0.66,0.33
61.333333333333336,0.6679323278551933,0.32353208551701607,1,0.66,0.33
61.35,0.661233055177274,0.32516876740026857,1,0.66,0.33
61.36666666666667,0.6652981887621725,0.3400790610654579,1,0.66,0.33
61.38333333333333,0.671423034535002,0.3246228455746795,1,0.66,0.33
61.4,0.666165276445377,0.32215637487945126,1,0.66,0.33
61.416666666666664,0.6586326953019607,0.33706480561199115,1,0.66,0.33
61.43333333333333,0.6645222131657368,0.32195010167238186,1,0.66,0.33
61.449999999999996,0.6645781233676934,0.3261773496848181,1,0.66,0.33
61.46666666666667,0.6746269713868016,0.33388345042973794,1,0.66,0.33
61.483333333333334,0.6625157898914165,0.32968623766485367,1,0.66,0.33
61.5,0.659923437835688,0.3259373330859209,1,0.66,0.33
61.516666666666666,0.6528656114418135,0.3272256865531557,1,0.66,0.33
61.53333333333333,0.6591900238838585,0.3272132269548526,1,0.66,0.33
61.55,0.6607902060399315,0.3211714159093522,1,0.66,0.33
61.56666666666666,0.6620845150876098,0.3285189076035226,1,0.66,0.33
61.583333333333336,0.6643439275734742,0.3208799611245801,1,0.66,0.33
61.6,0.6677542380038853,0.33467692227511603,1,0.66,0.33
61.61666666666667,0.6571707349949587,0.32981877452054736,1,0.66,0.33
61.63333333333333,0.6585471945135353,0.327315229685588,1,0.66,0.33
61.65,0.6593382035321596,0.33185315151047223,1,0.66,0.33
61.666666666666664,0.6644491410897537,0.32410087106841284,1,0.66,0.33
61.68333333333333,0.6635248850696109,0.3218791564244248,1,0.66,0.33
61.699999999999996,0.6649152865695482,0.3237339293891524,1,0.66,0.33
61.71666666666667,0.6649105054901279,0.3285337347117559,1,0.66,0.33
61.733333333333334,0.6614589347284424,0.3332119842134436,1,0.66,0.33
61.75,0.6678585283776746,0.3299929766273352,1,0.66,0.33
61.766666666666666,0.6694137643681557,0.32302570981897416,1,0.66,0.33
61.78333333333333,0.6711916824932223,0.33094530301462194,1,0.66,0.33
61.8,0.667526362543342,0.3238891150184561,1,0.66,0.33
61.81666666666666,0.6652421601530845,0.3312712950597078,1,0.66,0.33
61.833333333333336,0.6563361195697204,0.32652388322175613,1,0.66,0.33
61.85,0.6620829994140294,0.3249800046574989,1,0.66,0.33
61.86666666666667,0.6611949625112161,0.33350771157066655,1,0.66,0.33
61.88333333333333,0.6635586496409566,0.3279249774686015,1,0.66,0.33
61.9,0.6614345754031984,0.32621841729041856,1,0.66,0.33
61.916666666666664,0.6639584239042264,0.3321329547455932,1,0.66,0.33
61.93333333333333,0.6658754518625274,0.3273454310577065,1,0.66,0.33
61.949999999999996,0.6620869468975233,0.3283797526956049,1,0.66,0.33
61.96666666666667,0.6625462854357912,0.3187540237622221,1,0.66,0.33
61.983333333333334,0.6689229384953961,0.32779077694886904,1,0.66,0.33
62.0,0.6593548739060732,0.33349508395204647,1,0.66,0.33
62.016666666666666,0.6642372092611329,0.32667995093406255,1,0.66,0.33
62.03333333333333,0.682523436605674,0.3329849915589513,1,0.66,0.33
62.05,0.6646427059019577,0.3251692115985678,1,0.66,0.33
62.06666666666666,0.6629567076220637,0.3287787254366287,1,0.66,0.33
62.083333333333336,0.655977114616346,0.3220092548153241,1,0.66,0.33
62.1,0.6710046161534573,0.3257426328782051,1,0.66,0.33
62.11666666666667,0.6535981162434741,0.3342575334272455,1,0.66,0.33
62.13333333333333,0.6612639727221873,0.32389033293745284,1,0.66,0.33
62.15,0.6550023837063684,0.3273346585163396,1,0.66,0.33
62.166666666666664,0.6620788454810722,0.3254754512712573,1,0.66,0.33
62.18333333333333,0.6662285993035524,0.3247906936105422,1,0.66,0.33
62.199999999999996,0.6633888222913346,0.33295412619792125,1,0.66,0.33
62.21666666666667,0.6702374712245476,0.3317411054221742,1,0.66,0.33
62.233333333333334,0.6623580602362404,0.32547270840772075,1,0.66,0.33
62.25,0.6622976184085725,0.3365129436625715,1,0.66,0.33
62.266666666666666,0.660087201536745,0.3316539111075154,1,0.66,0.33
62.28333333333333,,,0,0.66,0.33
62.3,0.6632891089337614,0.32959340848785595,1,0.66,0.33
62.31666666666666,0.6598337977520398,0.32551671451603437,1,0.66,0.33
62.333333333333336,0.6628369793349589,0.3297086977657306,1,0.66,0.33
62.35,0.5042644743891602,0.4966374227252568,1,0.5,0.5
62.36666666666667,0.5043071675798517,0.49973063364664305,1,0.5,0.5
62.38333333333333,0.5046450600159678,0.49973723366134554,1,0.5,0.5
62.4,0.5004720072914419,0.49806562162718493,1,0.5,0.5
62.416666666666664,0.5061941561606665,0.5009787211906198,1,0.5,0.5
62.43333333333333,0.5050431778538427,0.4996717222038964,1,0.5,0.5
62.449999999999996,0.5009786569982626,0.49769871382198966,1,0.5,0.5
62.46666666666667,0.49500430214653685,0.49939880220515664,1,0.5,0.5
62.483333333333334,0.49940300497135987,0.49612462683961883,1,0.5,0.5
62.5,0.5146149189087845,0.5020381655628776,1,0.5,0.5
62.516666666666666,0.49399617316353395,0.49728125649069416,1,0.5,0.5
62.53333333333333,0.496646828524457,0.5043204325132523,1,0.5,0.5
62.55,0.5015348905143857,0.4922264161912442,1,0.5,0.5
62.56666666666666,0.4963209084115716,0.4952142082639772,1,0.5,0.5
62.583333333333336,0.5062637746286802,0.5029205918824521,1,0.5,0.5
62.6,0.49946606399667093,0.49865945836658737,1,0.5,0.5
62.61666666666667,0.4970588093350697,0.497671325934382,1,0.5,0.5
62.63333333333333,0.5013946430246137,0.5026527065170816,1,0.5,0.5
62.65,0.5020281412805101,0.5007461555624488,1,0.5,0.5
62.666666666666664,0.4941535554551947,0.5025069685132505,1,0.5,0.5
62.68333333333333,0.5046764180180457,0.49229651413005365,1,0.5,0.5
62.699999999999996,0.5001450403067598,0.4915252999206056,1,0.5,0.5
62.71666666666667,0.5059503453356524,0.49363059646125806,1,0.5,0.5
62.733333333333334,0.4966398208327191,0.5001145159582134,1,0.5,0.5
62.75,0.5102077504411104,0.5022275838060248,1,0.5,0.5
62.766666666666666,0.5077653172490205,0.5001635969202691,1,0.5,0.5
62.78333333333333,0.5016697338147158,0.4966034087016665,1,0.5,0.5
62.8,0.511686912056825,0.49701101989440005,1,0.5,0.5
62.81666666666666,0.4978072850738963,0.49831589644767404,1,0.5,0.5
62.833333333333336,0.5043401838729997,0.498888694299099,1,0.5,0.5
62.85,0.5069217685813051,0.5048302080701096,1,0.5,0.5
62.86666666666667,0.5060185342836906,0.49593329227566657,1,0.5,0.5
62.88333333333333,0.5100615742027236,0.49917884760058895,1,0.5,0.5
62.9,0.5016601509899185,0.4911431455392684,1,0.5,0.5
62.916666666666664,0.5144754758689633,0.49673286076432777,1,0.5,0.5
62.93333333333333,0.5018740132178262,0.4921406029623455,1,0.5,0.5
62.949999999999996,0.5052570810635744,0.49062822884340374,1,0.5,0.5
62.96666666666667,0.5071285518457073,0.49381064034153355,1,0.5,0.5
62.983333333333334,0.4992548163253237,0.506406087059031,1,0.5,0.5
63.0,0.6605311451996142,0.6581702711685656,1,0.66,0.66
63.016666666666666,0.6649509108011094,0.6497676445379625,1,0.66,0.66
63.03333333333333,0.665583748533039,0.6559215149853073,1,0.66,0.66
63.05,0.660899164854973,0.6572891843155527,1,0.66,0.66
63.06666666666666,0.6622436674902579,0.6569931986770438,1,0.66,0.66
63.083333333333336,0.6703946658872264,0.6551161541968933,1,0.66,0.66
63.1,0.6717227051227107,0.6572510992180375,1,0.66,0.66
63.11666666666667,0.6628633254639318,0.6644307548041989,1,0.66,0.66
63.13333333333333,0.6675096334745372,0.6595584705153106,1,0.66,0.66
63.15,0.6728033806355849,0.6556969545196507,1,0.66,0.66
63.166666666666664,0.6686057562739482,0.6597242293037813,1,0.66,0.66
63.18333333333333,0.6589479703485156,0.6589453377799972,1,0.66,0.66
63.199999999999996,0.6696721227330269,0.6538280379163631,1,0.66,0.66
63.21666666666667,0.6638254612122058,0.6583564196497839,1,0.66,0.66
63.233333333333334,0.6668743887365354,0.6589638292545116,1,0.66,0.66
63.25,0.664625715217288,0.6637534466161857,1,0.66,0.66
63.266666666666666,0.6628392764865151,0.6585543647210197,1,0.66,0.66
63.28333333333333,0.6696191522180369,0.6608032449909161,1,0.66,0.66
63.3,0.6625001260602034,0.6545925802695207,1,0.66,0.66
63.31666666666666,0.6687005153374134,0.6639062463130704,1,0.66,0.66
63.333333333333336,0.6599785486176117,0.6511745147244633,1,0.66,0.66
63.35,0.6571559697335183,0.6598301801215111,1,0.66,0.66
63.36666666666667,0.6589135956847816,0.6527237373156841,1,0.66,0.66
63.38333333333333,0.6666451656887233,0.6538918326421351,1,0.66,0.66
63.4,0.6663323925242236,0.6496863288609261,1,0.66,0.66
63.416666666666664,0.6655617774266638,0.6556303174353059,1,0.66,0.66
63.43333333333333,0.6561826689256571,0.6595234407306048,1,0.66,0.66
63.449999999999996,0.6652514103394882,0.6626205992019234,1,0.66,0.66
63.46666666666667,0.6629748738380052,0.6569093689244856,1,0.66,0.66
63.483333333333334,0.6655534148101074,0.6540651631023898,1,0.66,0.66
63.5,0.6625952753287774,0.6584029414495104,1,0.66,0.66
63.516666666666666,0.6571930285990178,0.6570459721902067,1,0.66,0.66
63.53333333333333,0.6609938205740379,0.6673223858976348,1,0.66,0.66
63.55,0.667287785996636,0.656951038636685,1,0.66,0.66
63.56666666666666,0.659402526395436,0.6668750523155916,1,0.66,0.66
63.583333333333336,0.6648388256640542,0.6588486793018552,1,0.66,0.66
63.6,0.6695201770820822,0.6568140063362305,1,0.66,0.66
63.61666666666667,0.6651322515376232,0.6567416640711515,1,0.66,0.66
63.63333333333333,0.6618688886918539,0.6568000115007618,1,0.66,0.66
63.65,0.6669825348871693,0.6615941492922026,1,0.66,0.66
63.666666666666664,0.6616011376132386,0.6590961008458646,1,0.66,0.66
63.68333333333333,0.6613454989618619,0.663288593375556,1,0.66,0.66
63.699999999999996,0.6644127641597751,0.659420784339113,1,0.66,0.66
63.71666666666667,0.6665294441125584,0.660071663994994,1,0.66,0.66
63.733333333333334,0.6649728492447526,0.6553157049622501,1,0.66,0.66
63.75,0.6658642469624283,0.6559560111443178,1,0.66,0.66
63.766666666666666,0.6658167752166733,0.6636830227488191,1,0.66,0.66
63.78333333333333,0.6546076517108307,0.6546688938749848,1,0.66,0.66
63.8,0.6709755498378773,0.6584343494247624,1,0.66,0.66
63.81666666666666,0.6636749803130364,0.6544068905239587,1,0.66,0.66
63.833333333333336,0.6669312884314066,0.6468254973029363,1,0.66,0.66
63.85,0.6638392372655239,0.6526523675136553,1,0.66,0.66
63.86666666666667,0.6660242820644954,0.6597528707033217,1,0.66,0.66
63.88333333333333,0.6603085070428186,0.6592708714731783,1,0.66,0.66
63.9,0.6651512709945075,0.6578135538424302,1,0.66,0.66
63.916666666666664,0.6575602067778812,0.6631260110220226,1,0.66,0.66
63.93333333333333,0.6609229739691598,0.6673836493186135,1,0.66,0.66
63.949999999999996,0.6732116938166528,0.6595443945650741,1,0.66,0.66
63.96666666666667,,,0,0.66,0.66
63.983333333333334,0.6554550660615128,0.6523149994328717,1,0.66,0.66
64.0,0.6700683387600844,0.6608242656131678,1,0.66,0.66
64.01666666666667,0.6734304546537117,0.6574297876671087,1,0.66,0.66
64.03333333333333,0.6670734037547563,0.6554262179466708,1,0.66,0.66
64.05,0.6647086963713461,0.6582100991483147,1,0.66,0.66
64.06666666666666,0.669865272028515,0.6591890138215443,1,0.66,0.66
64.08333333333333,0.6609771553498616,0.656876675506683,1,0.66,0.66
64.1,0.6560616231663084,0.6594234256510649,1,0.66,0.66
64.11666666666666,0.6649402621889821,0.6571820486967352,1,0.66,0.66
64.13333333333333,0.6695349488979029,0.663743625016384,1,0.66,0.66
64.15,0.6655713094433866,0.6521225182147248,1,0.66,0.66
64.16666666666667,0.6631136604050584,0.6615790132006604,1,0.66,0.66
64.18333333333334,0.671838351504684,0.6528788463037088,1,0.66,0.66
64.2,0.6719528295606548,0.6526293548259893,1,0.66,0.66
64.21666666666667,0.6629125718716972,0.661099409949401,1,0.66,0.66
64.23333333333333,0.6706873891223116,0.6610030307581511,1,0.66,0.66
64.25,0.6680089173669929,0.6542506065653313,1,0.66,0.66
64.26666666666667,0.6671478682369042,0.6502505059799509,1,0.66,0.66
64.28333333333333,0.6734055288864171,0.6601017062591378,1,0.66,0.66
64.3,0.6597193920042599,0.6606071667383865,1,0.66,0.66
64.31666666666666,0.657398265323185,0.6621864355690043,1,0.66,0.66
64.33333333333333,0.664887552290076,0.6550091991378575,1,0.66,0.66
64.35,0.6629788846274913,0.6546058764076267,1,0.66,0.66
64.36666666666666,0.6667374153575204,0.6652796356312918,1,0.66,0.66
64.38333333333333,0.6621504047215367,0.6552969510360207,1,0.66,0.66
64.4,0.6674750856964309,0.6609332198896987,1,0.66,0.66
64.41666666666667,0.6659909180194677,0.6653732157854021,1,0.66,0.66
64.43333333333334,0.6630777364249787,0.6615680591764581,1,0.66,0.66
64.45,0.6578707733607688,0.6575689461909231,1,0.66,0.66
64.46666666666667,0.658592749478961,0.6527846039417853,1,0.66,0.66
64.48333333333333,0.6716547750256244,0.660233843539945,1,0.66,0.66
64.5,0.6614761830701885,0.6613697194456534,1,0.66,0.66
64.51666666666667,0.6643689172130613,0.6565008108998943,1,0.66,0.66
64.53333333333333,0.6660153226829473,0.6634707976951922,1,0.66,0.66
64.55,0.6672237932666987,0.6547633367792591,1,0.66,0.66
64.56666666666666,0.6623415063835845,0.6647667288055726,1,0.66,0.66
64.58333333333333,0.6607297034090599,0.6515492049317122,1,0.66,0.66
64.6,0.6710789589586811,0.6567429883114533,1,0.66,0.66
64.61666666666666,0.6585388271259514,0.6622302263104939,1,0.66,0.66
64.63333333333333,0.6589889213059179,0.6557443907792243,1,0.66,0.66
64.65,0.667965577954387,0.6546762623039091,1,0.66,0.66
64.66666666666667,0.6670993698432293,0.6537742354541826,1,0.66,0.66
64.68333333333334,0.6594264993520874,0.6561235653234541,1,0.66,0.66
64.7,0.6626456927277087,0.6607656771134238,1,0.66,0.66
64.71666666666667,0.6567867961344751,0.6562939748168387,1,0.66,0.66
64.73333333333333,0.6603261071344677,0.6654983026666769,1,0.66,0.66
64.75,0.6697120786361089,0.6642213710705208,1,0.66,0.66
64.76666666666667,0.6678366064178684,0.6524164770849116,1,0.66,0.66
64.78333333333333,0.662831522269524,0.6567208958515098,1,0.66,0.66
64.8,0.669289768011475,0.6549603992516853,1,0.66,0.66
64.81666666666666,0.6596578363675061,0.6602447830794166,1,0.66,0.66
64.83333333333333,0.6605114874147955,0.6641792116797854,1,0.66,0.66
64.85,0.6591141202134598,0.6588241524796379,1,0.66,0.66
64.86666666666666,0.661269207479409,0.6552551982934648,1,0.66,0.66
64.88333333333333,0.6582920530513484,0.6593871035667727,1,0.66,0.66
64.9,0.662366815791139,0.6526084033179267,1,0.66,0.66
64.91666666666667,0.6610213824066206,0.6638624054005354,1,0.66,0.66
64.93333333333334,0.6605024625330838,0.6573532515529901,1,0.66,0.66
64.95,0.6591206368923859,0.6607385772869411,1,0.66,0.66
64.96666666666667,0.6611070001434804,0.6545836813640803,1,0.66,0.66
64.98333333333333,0.6694200264834884,0.6584778678647064,1,0.66,0.66
65.0,0.6585486871518711,0.6593294868072708,1,0.66,0.66
65.01666666666667,0.6607638415503775,0.6590357813678455,1,0.66,0.66
65.03333333333333,0.6594114345698435,0.6548215476631121,1,0.66,0.66
65.05,0.65823142990137,0.655970216178142,1,0.66,0.66
65.06666666666666,0.6660856679913223,0.6563366603484405,1,0.66,0.66
65.08333333333333,0.6652458747225172,0.65790401169075,1,0.66,0.66
65.1,0.6607735421726014,0.6613391007360913,1,0.66,0.66
65.11666666666666,0.6630465128717589,0.65612025945947,1,0.66,0.66
65.13333333333333,0.6628371982950778,0.6614127037201335,1,0.66,0.66
65.15,0.6672567084889451,0.6673434782305828,1,0.66,0.66
65.16666666666667,0.6682144762320409,0.6567463974068758,1,0.66,0.66
65.18333333333334,0.6625125685045563,0.6569589223715608,1,0.66,0.66
65.2,0.660067360049308,0.6492597056468266,1,0.66,0.66
65.21666666666667,0.6630585706058729,0.6604507050530929,1,0.66,0.66
65.23333333333333,0.6607072459566875,0.6608698700092387,1,0.66,0.66
65.25,0.6608556310591339,0.6527628782621191,1,0.66,0.66
65.26666666666667,0.6580151576408153,0.6528459377547584,1,0.66,0.66
65.28333333333333,0.6649204098737634,0.6604514213593792,1,0.66,0.66
65.3,0.6549614987725365,0.6627795049714249,1,0.66,0.66
65.31666666666666,0.6605520039034527,0.6583298580207201,1,0.66,0.66
65.33333333333333,0.6676768598193641,0.6531838397747073,1,0.66,0.66
65.35,0.5072006760961738,0.49549420891206725,1,0.5,0.5
65.36666666666666,0.5057739745433286,0.5026334984025841,1,0.5,0.5
65.38333333333333,0.5007270737777466,0.5001867932035522,1,0.5,0.5
65.4,0.5025837672601113,0.4981788720625542,1,0.5,0.5
65.41666666666667,0.499631921156388,0.49379612214264945,1,0.5,0.5
65.43333333333334,0.5014740724876887,0.5015435722462729,1,0.5,0.5
65.45,0.5104374694501483,0.4919854802286641,1,0.5,0.5
65.46666666666667,0.5022121862541633,0.4948470191784942,1,0.5,0.5
65.48333333333333,0.5079936691757955,0.49785128540054935,1,0.5,0.5
65.5,0.4979622759274727,0.504857366611643,1,0.5,0.5
65.51666666666667,0.5019519973958024,0.49726895767383505,1,0.5,0.5
65.53333333333333,0.513478873471161,0.5008907156225502,1,0.5,0.5
65.55,0.5028834092256007,0.48565834718922024,1,0.5,0.5
65.56666666666666,0.49824514037206497,0.49561995617432364,1,0.5,0.5
65.58333333333333,0.5047270895987208,0.49232107869558095,1,0.5,0.5
65.6,0.508373526165515,0.49649137677006294,1,0.5,0.5
65.61666666666666,0.49314766445181196,0.4927163357153193,1,0.5,0.5
65.63333333333333,0.500864741366476,0.4908918369876438,1,0.5,0.5
65.65,,,0,0.5,0.5
65.66666666666667,0.5099239326529791,0.5052205487213038,1,0.5,0.5
65.68333333333334,0.5049486050914188,0.49308816367981345,1,0.5,0.5
65.7,0.4980721711259801,0.4969541673298019,1,0.5,0.5
65.71666666666667,0.5093035601673597,0.4983467870502973,1,0.5,0.5
65.73333333333333,0.5024856098379817,0.49860601737129784,1,0.5,0.5
65.75,0.5026511876799891,0.503022564263502,1,0.5,0.5
65.76666666666667,0.5083037662451266,0.5060136701993143,1,0.5,0.5
65.78333333333333,0.502646930068282,0.4931712284592811,1,0.5,0.5
65.8,0.5056861445359769,0.4912664439786907,1,0.5,0.5
65.81666666666666,0.5077533980511859,0.5002829280938622,1,0.5,0.5
65.83333333333333,0.4953099973298602,0.49715467171926675,1,0.5,0.5
65.85,0.5011062712486598,0.5049002478420451,1,0.5,0.5
65.86666666666666,0.5006387567593158,0.4916984581321241,1,0.5,0.5
65.88333333333333,0.4957689863943101,0.5025969648617309,1,0.5,0.5
65.9,0.5050053590461998,0.49528536308794646,1,0.5,0.5
65.91666666666667,0.5067418451893788,0.504102209643266,1,0.5,0.5
65.93333333333334,0.5120788761839471,0.4953342394348495,1,0.5,0.5
65.95,0.505794973412112,0.507857853644766,1,0.5,0.5
65.96666666666667,0.5064729786372891,0.5021450135480963,1,0.5,0.5
65.98333333333333,0.500973725462683,0.4944753448830286,1,0.5,0.5
66.0,0.4994793461073738,0.49949822898820545,1,0.5,0.5
66.01666666666667,0.5010326772189367,0.49738312140997415,1,0.5,0.5
66.03333333333333,0.5060620352797338,0.4987670805134079,1,0.5,0.5
66.05,0.49974768508126793,0.4992192035930115,1,0.5,0.5
66.06666666666666,0.49890973679690803,0.49744532247710455,1,0.5,0.5
66.08333333333333,0.5045330617948898,0.5033156142422094,1,0.5,0.5
66.1,0.5059265499312648,0.5044635336568161,1,0.5,0.5
66.11666666666666,0.4999337945947862,0.5085319328467572,1,0.5,0.5
66.13333333333333,0.5040594293435564,0.5033420799373971,1,0.5,0.5
66.15,0.5054876957569533,0.5029310856926735,1,0.5,0.5
66.16666666666667,0.5015369843547615,0.5008612382783875,1,0.5,0.5
66.18333333333334,0.4990439399973806,0.503411065357077,1,0.5,0.5
66.2,0.5017886310067045,0.49407700651872366,1,0.5,0.5
66.21666666666667,0.5063151743010321,0.504422709593883,1,0.5,0.5
66.23333333333333,0.5038810412090506,0.5009159163602795,1,0.5,0.5
66.25,0.5059117419955204,0.49357122652261726,1,0.5,0.5
66.26666666666667,0.5059527263625915,0.4973059272583899,1,0.5,0.5
66.28333333333333,0.5018594665850272,0.49264896354272525,1,0.5,0.5
66.3,0.5040123914282226,0.49661784495663286,1,0.5,0.5
66.31666666666666,0.5117746376858778,0.49865775357324427,1,0.5,0.5
66.33333333333333,0.5091307037744359,0.5043824617092806,1,0.5,0.5
66.35,0.5040848719895309,0.49865992794388414,1,0.5,0.5
66.36666666666666,0.5006070658601686,0.49733711234704153,1,0.5,0.5
66.38333333333333,0.5067832888385391,0.5067094542366307,1,0.5,0.5
66.4,0.5021150374972313,0.49777642047494247,1,0.5,0.5
66.41666666666667,0.5053810629356899,0.5032746508360733,1,0.5,0.5
66.43333333333334,0.505561931938774,0.504734723915593,1,0.5,0.5
66.45,0.494354775142012,0.4972099071890421,1,0.5,0.5
66.46666666666667,0.5065352719416341,0.4958370312922273,1,0.5,0.5
66.48333333333333,0.5047252169519795,0.49180341378804043,1,0.5,0.5
66.5,0.5033700984849303,0.49490358261429784,1,0.5,0.5
66.51666666666667,0.5032730183559192,0.5014030090275974,1,0.5,0.5
66.53333333333333,0.5131205417494014,0.5046205609704815,1,0.5,0.5
66.55,0.5090687610047238,0.501621451064626,1,0.5,0.5
66.56666666666666,0.5104000960591802,0.500229843608398,1,0.5,0.5
66.58333333333333,0.4995231571352331,0.5011674627713377,1,0.5,0.5
66.6,0.5088946239513908,0.5000882891440556,1,0.5,0.5
66.61666666666666,0.5096352001229538,0.5001299839654045,1,0.5,0.5
66.63333333333333,0.5020930866919543,0.4942555474690817,1,0.5,0.5
66.65,0.5019446630425658,0.49385652931109153,1,0.5,0.5
66.66666666666667,0.494759178334348,0.4932236507388862,1,0.5,0.5
66.68333333333334,0.5150765461960288,0.49510564970601373,1,0.5,0.5
66.7,0.5087057683717243,0.49372919951973443,1,0.5,0.5
66.71666666666667,0.5069607304919194,0.5010464681954393,1,0.5,0.5
66.73333333333333,0.5009915267556629,0.5029677896702585,1,0.5,0.5
66.75,0.49800038303536676,0.48783035019123877,1,0.5,0.5
66.76666666666667,0.5009002239265963,0.4943699625460583,1,0.5,0.5
66.78333333333333,0.5092093036213988,0.4948179401481387,1,0.5,0.5
66.8,0.5054157087425626,0.4962625276885375,1,0.5,0.5
66.81666666666666,0.49796218725547325,0.4946021715377536,1,0.5,0.5
66.83333333333333,0.5050251751197331,0.5028245323369793,1,0.5,0.5
66.85,0.4987548405943879,0.4999544788291698,1,0.5,0.5
66.86666666666666,0.5040576544326746,0.4995863207969055,1,0.5,0.5
66.88333333333333,0.5003132871824808,0.5008414189217357,1,0.5,0.5
66.9,0.49833773006396953,0.5086954562207229,1,0.5,0.5
66.91666666666667,0.4965164799209978,0.5020470758212487,1,0.5,0.5
66.93333333333334,0.5019490258007409,0.5040998226492991,1,0.5,0.5
66.95,0.5019340516130654,0.4919757207361317,1,0.5,0.5
66.96666666666667,0.5008874912693149,0.4958568080494537,1,0.5,0.5
66.98333333333333,0.5031850385158902,0.49776760617282906,1,0.5,0.5
67.0,0.5080427174858775,0.5008776497024066,1,0.5,0.5
67.01666666666667,0.5067879180185766,0.48977428671814277,1,0.5,0.5
67.03333333333333,0.5064870928188183,0.4989976195279638,1,0.5,0.5
67.05,0.5074971924115487,0.502844210989251,1,0.5,0.5
67.06666666666666,0.5014151682447375,0.5087597610022798,1,0.5,0.5
67.08333333333333,0.49900778709353394,0.49221615675034125,1,0.5,0.5
67.1,0.5148212485243122,0.4955827126529946,1,0.5,0.5
67.11666666666666,0.5058349156643732,0.492556273253484,1,0.5,0.5
67.13333333333333,0.5053274881236075,0.4977297034697309,1,0.5,0.5
67.15,0.5053920653765993,0.4954194127619932,1,0.5,0.5
67.16666666666667,0.5053809862247499,0.49891670141504135,1,0.5,0.5
67.18333333333334,0.498410012104759,0.509240130093068,1,0.5,0.5
67.2,0.5010773367004141,0.4926439395043889,1,0.5,0.5
67.21666666666667,0.5040514310118226,0.49689220213728524,1,0.5,0.5
67.23333333333333,0.5010784751758738,0.5044308713526565,1,0.5,0.5
67.25,0.5030402662726305,0.4903547994698674,1,0.5,0.5
67.26666666666667,0.5089361496209364,0.5039022431952063,1,0.5,0.5
67.28333333333333,0.5033498409597256,0.49837980421755307,1,0.5,0.5
67.3,0.5007750167992389,0.49070792029049964,1,0.5,0.5
67.31666666666666,0.5006204107994958,0.49604245094070715,1,0.5,0.5
67.33333333333333,,,0,0.5,0.5
67.35,0.49687898061815544,0.4949174997380403,1,0.5,0.5
67.36666666666666,0.5033812651299824,0.5096238736295399,1,0.5,0.5
67.38333333333333,0.5116459170158801,0.4981832559544631,1,0.5,0.5
67.4,0.5048360728642669,0.5067359458131238,1,0.5,0.5
67.41666666666667,0.5090018858762788,0.5016482590925966,1,0.5,0.5
67.43333333333334,0.5037986082134691,0.4961897744402134,1,0.5,0.5
67.45,0.5030806939368817,0.5075478706370989,1,0.5,0.5
67.46666666666667,0.4999272914965106,0.4991693224516324,1,0.5,0.5
67.48333333333333,0.5016689235801054,0.5018921977697902,1,0.5,0.5
67.5,0.5030624686631243,0.4932409414985336,1,0.5,0.5
67.51666666666667,0.4984454463176362,0.4954770124279431,1,0.5,0.5
67.53333333333333,0.5059330770407676,0.4903899791459407,1,0.5,0.5
67.55,0.5040426994153322,0.4988134840311526,1,0.5,0.5
67.56666666666666,0.5040820286931971,0.5009289112710369,1,0.5,0.5
67.58333333333333,0.502557866567246,0.4953287515452397,1,0.5,0.5
67.6,0.5088591323313997,0.500811933224758,1,0.5,0.5
67.61666666666666,0.504614768331972,0.4918169085100054,1,0.5,0.5
67.63333333333333,0.4979736185064295,0.49857686358823894,1,0.5,0.5
67.65,0.508902000825722,0.4968647776454689,1,0.5,0.5
67.66666666666667,0.5040911500296095,0.5065584317554256,1,0.5,0.5
67.68333333333334,0.49926520259874096,0.5036416613231735,1,0.5,0.5
67.7,0.5021640923692541,0.5038351006955704,1,0.5,0.5
67.71666666666667,0.5139711023486574,0.4904228062528185,1,0.5,0.5
67.73333333333333,0.5084968026532491,0.489749159553888,1,0.5,0.5
67.75,0.504510289138852,0.49715207729969296,1,0.5,0.5
67.76666666666667,0.5062905640167638,0.497819966351058,1,0.5,0.5
67.78333333333333,0.4988330330585972,0.5013760231326517,1,0.5,0.5
67.8,0.502929730385645,0.49942239117654064,1,0.5,0.5
67.81666666666666,0.5091157728409985,0.49585049877336146,1,0.5,0.5
67.83333333333333,0.5035645044939951,0.4944542742798834,1,0.5,0.5
67.85,0.503359401738515,0.5010871175363687,1,0.5,0.5
67.86666666666666,0.5090403495209052,0.4983900318666716,1,0.5,0.5
67.88333333333333,0.4999080868034466,0.495139121005904,1,0.5,0.5
67.9,0.49844552871715503,0.4965330354313478,1,0.5,0.5
67.91666666666667,0.4999837836206315,0.4897990052627159,1,0.5,0.5
67.93333333333334,0.5021422735945168,0.5013736541339326,1,0.5,0.5
67.95,0.5133799181828118,0.49372115937917566,1,0.5,0.5
67.96666666666667,0.5028730153210865,0.5059634798617251,1,0.5,0.5
67.98333333333333,0.5036929234765891,0.5041222680185407,1,0.5,0.5
68.0,0.5108878364245604,0.49206806578903606,1,0.5,0.5
68.01666666666667,0.5135202287787063,0.5032923301429275,1,0.5,0.5
68.03333333333333,0.5008436967962371,0.4955201390324552,1,0.5,0.5
68.05,0.5085936652628531,0.4940495649502217,1,0.5,0.5
68.06666666666666,0.5038556151708918,0.5004195488944551,1,0.5,0.5
68.08333333333333,0.5008348957592916,0.4974989085072183,1,0.5,0.5
68.1,0.5067737627349453,0.5092949326968366,1,0.5,0.5
68.11666666666666,0.5066153090623285,0.4928263532463347,1,0.5,0.5
68.13333333333333,0.5014176800263059,0.49594350928809106,1,0.5,0.5
68.15,0.508916329998838,0.4971993257264295,1,0.5,0.5
68.16666666666667,0.5100233951705366,0.4951707657385702,1,0.5,0.5
68.18333333333334,0.5053714694755039,0.5028162166739546,1,0.5,0.5
68.2,0.5065229185089573,0.5042202114593742,1,0.5,0.5
68.21666666666667,0.5101108366004024,0.49490686551670465,1,0.5,0.5
68.23333333333333,0.5005595449396666,0.4952015152955185,1,0.5,0.5
68.25,0.49970750204795333,0.4949209492712361,1,0.5,0.5
68.26666666666667,0.5059134913881659,0.49221316767400647,1,0.5,0.5
68.28333333333333,0.5076636845673345,0.4991482913402512,1,0.5,0.5
68.3,0.500428445491815,0.4969924241483253,1,0.5,0.5
68.31666666666666,0.4982028053546488,0.4984920212523244,1,0.5,0.5
68.33333333333333,0.5098005341647376,0.5017481489104917,1,0.5,0.5
68.35,0.5037485272773188,0.4888016014182827,1,0.5,0.5
68.36666666666666,0.4996075478055873,0.49261498976044604,1,0.5,0.5
68.38333333333333,0.5075795881038322,0.4941910010737474,1,0.5,0.5
68.4,0.5086950948608439,0.49322644201879845,1,0.5,0.5
68.41666666666667,0.5041136553396012,0.49877613358633854,1,0.5,0.5
68.43333333333334,0.4991759876817086,0.5016480361419448,1,0.5,0.5
68.45,0.5052460581287175,0.49989403274277294,1,0.5,0.5
68.46666666666667,0.5094496933160604,0.49723767314120804,1,0.5,0.5
68.48333333333333,0.49887917763247464,0.4998116673541427,1,0.5,0.5
68.5,0.5116722906287883,0.5031499964622642,1,0.5,0.5
68.51666666666667,0.5055297056360667,0.4881405898626258,1,0.5,0.5
68.53333333333333,0.5038057880974968,0.4914575153959656,1,0.5,0.5
68.55,0.4974170180706011,0.4997793118933642,1,0.5,0.5
68.56666666666666,0.5050919566994081,0.49391597818666283,1,0.5,0.5
68.58333333333333,0.505487840705685,0.49587277937928276,1,0.5,0.5
68.6,0.5098715681692525,0.5012288077245876,1,0.5,0.5
68.61666666666666,0.49868598308656703,0.5058062033210229,1,0.5,0.5
68.63333333333333,0.5047412844497314,0.49545443157742225,1,0.5,0.5
68.65,0.5071297527425016,0.4978869725238387,1,0.5,0.5
68.66666666666667,0.5047189104839619,0.492913712339748,1,0.5,0.5
68.68333333333334,0.4986611137540135,0.4979443895459742,1,0.5,0.5
68.7,0.5042586323206333,0.5002463768839773,1,0.5,0.5
68.71666666666667,0.5035213339768654,0.5011863728832124,1,0.5,0.5
68.73333333333333,0.5024317828708711,0.4971032078216443,1,0.5,0.5
68.75,0.4958451092410464,0.5048693588800732,1,0.5,0.5
68.76666666666667,0.5046977169004574,0.5053537167694875,1,0.5,0.5
68.78333333333333,0.5055346358978067,0.49704914699902,1,0.5,0.5
68.8,0.5084143688433935,0.4946372447487768,1,0.5,0.5
68.81666666666666,0.5020247266347277,0.5044979008164983,1,0.5,0.5
68.83333333333333,0.4988161820490584,0.4992856169575292,1,0.5,0.5
68.85,0.49920780283874705,0.49788844134195553,1,0.5,0.5
68.86666666666666,0.5023650950054598,0.5001878796169397,1,0.5,0.5
68.88333333333333,0.5090414610776731,0.5066215309845244,1,0.5,0.5
68.9,0.5008948317514907,0.5006851287389745,1,0.5,0.5
68.91666666666667,0.49991426393721633,0.4924906875193855,1,0.5,0.5
68.93333333333334,0.4998484786081186,0.49697417918986453,1,0.5,0.5
68.95,0.503835132201571,0.49373743831507505,1,0.5,0.5
68.96666666666667,0.5074208769208912,0.4933004679990818,1,0.5,0.5
68.98333333333333,0.5028037293882349,0.5007286395744955,1,0.5,0.5
69.0,0.3321323967190439,0.6540037498001403,1,0.33,0.66
69.01666666666667,,,0,0.33,0.66
69.03333333333333,0.33368521490595876,0.6593793317976172,1,0.33,0.66
69.05,0.33590923770448294,0.6659292182778844,1,0.33,0.66
69.06666666666666,0.33148639234989585,0.6551605950613199,1,0.33,0.66
69.08333333333333,0.34233198475206206,0.6550217421167754,1,0.33,0.66
69.1,0.3242989072314432,0.6655992497123073,1,0.33,0.66
69.11666666666666,0.3419764184014668,0.6552092612596055,1,0.33,0.66
69.13333333333333,0.328864027294203,0.6535830382372727,1,0.33,0.66
69.15,0.33076927719731836,0.6570883374154743,1,0.33,0.66
69.16666666666667,0.3337336061739714,0.6609530611115726,1,0.33,0.66
69.18333333333334,0.32483318130679123,0.6556959261215768,1,0.33,0.66
69.2,0.3291505950749888,0.6586163754296941,1,0.33,0.66
69.21666666666667,0.3351613320426627,0.6608731774160093,1,0.33,0.66
69.23333333333333,0.33337740013606076,0.6610896845032498,1,0.33,0.66
69.25,0.33049067107263125,0.6519088769795423,1,0.33,0.66
69.26666666666667,0.3240867913534264,0.6484413675654176,1,0.33,0.66
69.28333333333333,0.3401413917512667,0.664487097479687,1,0.33,0.66
69.3,0.3322408677840673,0.6483282908868293,1,0.33,0.66
69.31666666666666,0.33708913158479525,0.6556260516675612,1,0.33,0.66
69.33333333333333,0.33257643377390966,0.6623533405246852,1,0.33,0.66
69.35,0.3330845432375698,0.6511761082779893,1,0.33,0.66
69.36666666666666,0.3298623749181423,0.6551938907613118,1,0.33,0.66
69.38333333333333,0.3353266041121985,0.6500959291688725,1,0.33,0.66
69.4,0.33667308249287814,0.6614536642632197,1,0.33,0.66
69.41666666666667,0.3362370363760809,0.6606737112924556,1,0.33,0.66
69.43333333333334,0.3358320117470254,0.659911127666858,1,0.33,0.66
69.45,0.3310648188154205,0.6522463955933072,1,0.33,0.66
69.46666666666667,0.3315343403930244,0.6530543616970615,1,0.33,0.66
69.48333333333333,0.3409677637486741,0.6608290383764404,1,0.33,0.66
69.5,0.33994881701566565,0.659680741743938,1,0.33,0.66
69.51666666666667,0.3322836426793607,0.6560259400434649,1,0.33,0.66
69.53333333333333,0.33407847594932694,0.6634146113420591,1,0.33,0.66
69.55,0.32517014589339144,0.6504239108525516,1,0.33,0.66
69.56666666666666,0.33104635375850444,0.6558476152851113,1,0.33,0.66
69.58333333333333,0.3296758082341269,0.6566294651233542,1,0.33,0.66
69.6,0.3363883349870423,0.6582001985597835,1,0.33,0.66
69.61666666666666,0.33226221380845505,0.6599687327957086,1,0.33,0.66
69.63333333333333,0.33090963148386254,0.6565470823082599,1,0.33,0.66
69.65,0.33534007885573863,0.6619452668911624,1,0.33,0.66
69.66666666666667,0.3352413014975373,0.6607540119975038,1,0.33,0.66
69.68333333333334,0.3304671829037254,0.6588183355462719,1,0.33,0.66
69.7,0.337385035529867,0.6504520945454126,1,0.33,0.66
69.71666666666667,0.3389851079856718,0.6600428329324974,1,0.33,0.66
69.73333333333333,0.32969503912117937,0.6575303513455136,1,0.33,0.66
69.75,0.3389741843447489,0.6549672502270915,1,0.33,0.66
69.76666666666667,0.3383976778167319,0.6556072458349717,1,0.33,0.66
69.78333333333333,0.3327029932366518,0.6534934823647409,1,0.33,0.66
69.8,0.3392930463145563,0.656425836886535,1,0.33,0.66
69.81666666666666,0.33898924128019337,0.6548446893082386,1,0.33,0.66
69.83333333333333,0.3302393233345064,0.6547740689733896,1,0.33,0.66
69.85,0.33700750063590995,0.6648954896956114,1,0.33,0.66
69.86666666666666,0.3356321111645982,0.6541737184352153,1,0.33,0.66
69.88333333333333,0.3351646465275836,0.6500778564449337,1,0.33,0.66
69.9,0.338798406629257,0.6595289948644764,1,0.33,0.66
69.91666666666667,0.3346980843141372,0.6546422610188722,1,0.33,0.66
69.93333333333334,0.33232847109719177,0.6559369622463468,1,0.33,0.66
69.95,0.3360477596306584,0.6618906607921774,1,0.33,0.66
69.96666666666667,0.3334048781825388,0.6631097700131856,1,0.33,0.66
69.98333333333333,0.33541906068409355,0.6597286911668705,1,0.33,0.66
70.0,0.3298541425099123,0.6512802724311063,1,0.33,0.66
70.01666666666667,0.3335592297611501,0.6557834347782651,1,0.33,0.66
70.03333333333333,0.335950487504628,0.6570323516482733,1,0.33,0.66
70.05,0.327634996355533,0.66365552259023,1,0.33,0.66
70.06666666666666,0.3326543813050381,0.654811055627927,1,0.33,0.66
70.08333333333333,0.3286712824860949,0.658811193938007,1,0.33,0.66
70.1,0.32772208844058354,0.6561572154974962,1,0.33,0.66
70.11666666666666,0.33412888760653997,0.6641740150796455,1,0.33,0.66
70.13333333333333,0.3262238978066654,0.6536283653156889,1,0.33,0.66
70.15,0.3285197522658427,0.6583710422974826,1,0.33,0.66
70.16666666666667,0.3310187967489917,0.652825103660212,1,0.33,0.66
70.18333333333334,0.3316539660174669,0.6618157233383236,1,0.33,0.66
70.2,0.33284057296217257,0.6648322493482353,1,0.33,0.66
70.21666666666667,0.3324365494163833,0.6494210061187764,1,0.33,0.66
70.23333333333333,0.33560336924523804,0.6563642684446842,1,0.33,0.66
70.25,0.3295508966169264,0.6548494155245249,1,0.33,0.66
70.26666666666667,0.34148506588908273,0.667154563554772,1,0.33,0.66
70.28333333333333,0.3286498658055373,0.6589648429557364,1,0.33,0.66
70.3,0.3329069410984298,0.6554334647160532,1,0.33,0.66
70.31666666666666,0.3236056960029403,0.659772144282166,1,0.33,0.66
70.33333333333333,0.33193871405204506,0.6633110659507514,1,0.33,0.66
70.35,0.3404622083703591,0.6623275036581486,1,0.33,0.66
70.36666666666666,0.32756042090813536,0.6583865920841447,1,0.33,0.66
70.38333333333333,0.33412818287253665,0.6542709343190769,1,0.33,0.66
70.4,0.3321908014005703,0.6520945428199622,1,0.33,0.66
70.41666666666667,0.3339156968229287,0.6580266616319614,1,0.33,0.66
70.43333333333334,0.32273645222621594,0.6621408069143903,1,0.33,0.66
70.45,0.3400476161516707,0.6587760514379403,1,0.33,0.66
70.46666666666667,0.3356831963568686,0.6539943227754809,1,0.33,0.66
70.48333333333333,0.33493466726161664,0.6548685255620879,1,0.33,0.66
70.5,0.3302062478088199,0.66098019826893,1,0.33,0.66
70.51666666666667,0.33114296272492916,0.6622529853584403,1,0.33,0.66
70.53333333333333,0.3343583886280892,0.6625241439360329,1,0.33,0.66
70.55,0.3382888474654177,0.6531708810321575,1,0.33,0.66
70.56666666666666,0.33553719721255737,0.6549224848112004,1,0.33,0.66
70.58333333333333,0.3353707429519482,0.6498653315673822,1,0.33,0.66
70.6,0.3258250773254963,0.6603047419009345,1,0.33,0.66
70.61666666666666,0.3327118649731035,0.6555191391004145,1,0.33,0.66
70.63333333333333,0.3302508247944966,0.6648555615954823,1,0.33,0.66
70.65,0.33020520140466914,0.6527365659149984,1,0.33,0.66
70.66666666666667,0.3373359153180826,0.652694339467116,1,0.33,0.66
70.68333333333334,0.3336538960095518,0.654520283619478,1,0.33,0.66
70.7,,,0,0.33,0.66
70.71666666666667,0.3376756385746469,0.6581567036748189,1,0.33,0.66
70.73333333333333,0.3344465894656407,0.6576056847496047,1,0.33,0.66
70.75,0.3357977609224023,0.6523737620074529,1,0.33,0.66
70.76666666666667,0.3336922873418019,0.6578756848551472,1,0.33,0.66
70.78333333333333,0.336854492549265,0.6549234222503697,1,0.33,0.66
70.8,0.3357059449273527,0.6580936534478,1,0.33,0.66
70.81666666666666,0.32649347577099763,0.6549198005356501,1,0.33,0.66
70.83333333333333,0.3392195431874633,0.6638023085924589,1,0.33,0.66
70.85,0.3335521434914733,0.6522045010747474,1,0.33,0.66
70.86666666666666,0.33187715839618304,0.6666051471679625,1,0.33,0.66
70.88333333333333,0.33035126523464003,0.664358466153808,1,0.33,0.66
70.9,0.32983545827571314,0.6555653538242603,1,0.33,0.66
70.91666666666667,0.3397400202010026,0.6564871687005586,1,0.33,0.66
70.93333333333334,0.3414400131392734,0.655965104831314,1,0.33,0.66
70.95,0.3276655286149018,0.6549038702253539,1,0.33,0.66
70.96666666666667,0.33703654388457555,0.6559061084390267,1,0.33,0.66
70.98333333333333,0.335488465022952,0.6638695829581382,1,0.33,0.66
71.0,0.3402962112561355,0.6666057977376063,1,0.33,0.66
71.01666666666667,0.33770842946534635,0.6563016031154767,1,0.33,0.66
71.03333333333333,0.3326941737341877,0.6585290062925652,1,0.33,0.66
71.05,0.3376193068306344,0.6546643811199271,1,0.33,0.66
71.06666666666666,0.334923090561195,0.6579778093125859,1,0.33,0.66
71.08333333333333,0.33440942216818886,0.6590318033764783,1,0.33,0.66
71.1,0.33841084363819607,0.6535222849559463,1,0.33,0.66
71.11666666666666,0.3287748267134532,0.6579837673356475,1,0.33,0.66
71.13333333333333,0.3382922897831759,0.6607643958848851,1,0.33,0.66
71.15,0.3382570733675552,0.6510978814161266,1,0.33,0.66
71.16666666666667,0.3355663274191486,0.6603678282119205,1,0.33,0.66
71.18333333333334,0.3321907326400685,0.6527839601989432,1,0.33,0.66
71.2,0.33532556895161003,0.6567908379799938,1,0.33,0.66
71.21666666666667,0.3273561907918812,0.6607564594982924,1,0.33,0.66
71.23333333333333,0.3354235272953818,0.6600585609344447,1,0.33,0.66
71.25,0.3274184062023484,0.6526206772563149,1,0.33,0.66
71.26666666666667,0.3395037013148066,0.6653510259796594,1,0.33,0.66
71.28333333333333,0.33115261188831685,0.6555171508310241,1,0.33,0.66
71.3,0.33490677981160133,0.6571403930666384,1,0.33,0.66
71.31666666666666,0.33225942925296725,0.6583051779080934,1,0.33,0.66
71.33333333333333,0.3319448891190619,0.6588519459013384,1,0.33,0.66
71.35,0.5003632359802839,0.494504842538483,1,0.5,0.5
71.36666666666666,0.5045535533149467,0.4990225298531918,1,0.5,0.5
71.38333333333333,0.5033362955967081,0.5049326311585423,1,0.5,0.5
71.4,0.4987637020336644,0.4930205922131371,1,0.5,0.5
71.41666666666667,0.4973437336335227,0.49375971716688644,1,0.5,0.5
71.43333333333334,0.4911420505416464,0.4936595130937514,1,0.5,0.5
71.45,0.4998644587805303,0.4924361317272512,1,0.5,0.5
71.46666666666667,0.4981370114490812,0.4968973834470709,1,0.5,0.5
71.48333333333333,0.505293672384434,0.5005624366227516,1,0.5,0.5
71.5,0.49963650214744243,0.49809952811656566,1,0.5,0.5
71.51666666666667,0.5021896038493766,0.49638559627698836,1,0.5,0.5
71.53333333333333,0.5027227853543395,0.49944135475656826,1,0.5,0.5
71.55,0.5047637463618639,0.5031335294574132,1,0.5,0.5
71.56666666666666,0.5080471100467213,0.4953398555918366,1,0.5,0.5
71.58333333333333,0.5032893026261317,0.4942972461677384,1,0.5,0.5
71.6,0.5027208851959555,0.5036134178833559,1,0.5,0.5
71.61666666666666,0.5008181452572058,0.4933365269324513,1,0.5,0.5
71.63333333333333,0.4979968607551072,0.4996422951777473,1,0.5,0.5
71.65,0.5015359510713697,0.5040192332163331,1,0.5,0.5
71.66666666666667,0.5053309554072628,0.49438738575377306,1,0.5,0.5
71.68333333333334,0.5135448005011058,0.5019065940124471,1,0.5,0.5
71.7,0.5001336904081009,0.4908414148804137,1,0.5,0.5
71.71666666666667,0.49847387840478363,0.510109857379076,1,0.5,0.5
71.73333333333333,0.5104141311674724,0.5071684854643017,1,0.5,0.5
71.75,0.5109297043963551,0.5010960526683802,1,0.5,0.5
71.76666666666667,0.5096052519191581,0.4911141231493295,1,0.5,0.5
71.78333333333333,0.50463945097593,0.48819304564405197,1,0.5,0.5
71.8,0.507266147546179,0.5077738200479753,1,0.5,0.5
71.81666666666666,0.5077085635671984,0.4932564857080627,1,0.5,0.5
71.83333333333333,0.5089437407552048,0.49912328476192525,1,0.5,0.5
71.85,0.5100368564491671,0.49336616433880565,1,0.5,0.5
71.86666666666666,0.4958663843590942,0.49267250171822335,1,0.5,0.5
71.88333333333333,0.5038302996873485,0.506639845015102,1,0.5,0.5
71.9,0.5013308676260471,0.49571151929844026,1,0.5,0.5
71.91666666666667,0.5120387908215402,0.49887260810524964,1,0.5,0.5
71.93333333333334,0.5038285898102566,0.4926759108016411,1,0.5,0.5
71.95,0.5065812451863063,0.4975380882015477,1,0.5,0.5
71.96666666666667,0.5010656905463373,0.5021795290592236,1,0.5,0.5
71.98333333333333,0.4951185539436044,0.49736304850505675,1,0.5,0.5
72.0,0.668147444455981,0.325076021662863,1,0.66,0.33
72.01666666666667,0.6649505386047379,0.3302124767293935,1,0.66,0.33
72.03333333333333,0.6612563658529066,0.3308005626591606,1,0.66,0.33
72.05,0.6666655406872333,0.32565657697125666,1,0.66,0.33
72.06666666666666,0.6624585210046786,0.32904090674185105,1,0.66,0.33
72.08333333333333,0.6655653988129572,0.3252255007342733,1,0.66,0.33
72.1,0.6584654338352866,0.3325373153183104,1,0.66,0.33
72.11666666666666,0.6638755407902741,0.3263035881315316,1,0.66,0.33
72.13333333333333,0.6620162236629852,0.3163535207274645,1,0.66,0.33
72.15,0.6611846207602406,0.33032636493591333,1,0.66,0.33
72.16666666666667,0.6565527865241021,0.3296936688590497,1,0.66,0.33
72.18333333333334,0.6642318013231073,0.3275361062760449,1,0.66,0.33
72.2,0.666744839478774,0.3304658564270561,1,0.66,0.33
72.21666666666667,0.6727591330732352,0.3314629368002982,1,0.66,0.33
72.23333333333333,0.6646551979665151,0.33128247215075873,1,0.66,0.33
72.25,0.6616007700241555,0.32285033306387423,1,0.66,0.33
72.26666666666667,0.6561472505884223,0.3311354397360668,1,0.66,0.33
72.28333333333333,0.6665817874834236,0.33887491413915827,1,0.66,0.33
72.3,0.6557724271626586,0.3296506460247297,1,0.66,0.33
72.31666666666666,0.6653871595084052,0.3236483472310208,1,0.66,0.33
72.33333333333333,0.6623999022109516,0.3281289938925616,1,0.66,0.33
72.35,0.6631712227296827,0.3278079647248595,1,0.66,0.33
72.36666666666666,0.6659652154549319,0.3313499931010878,1,0.66,0.33
72.38333333333333,,,0,0.66,0.33
72.4,0.6607938137439011,0.32365465564517776,1,0.66,0.33
72.41666666666667,0.6660162649025753,0.3330609085013411,1,0.66,0.33
72.43333333333334,0.6596286370104392,0.3382536114769721,1,0.66,0.33
72.45,0.6548428496632035,0.3279642181243055,1,0.66,0.33
72.46666666666667,0.6593482837634634,0.3237552118650126,1,0.66,0.33
72.48333333333333,0.6624150982876511,0.33154175088169424,1,0.66,0.33
72.5,0.6586957825757817,0.33189314368842454,1,0.66,0.33
72.51666666666667,0.6632849777549206,0.33578289694949087,1,0.66,0.33
72.53333333333333,0.660932322672157,0.3264575689915057,1,0.66,0.33
72.55,0.6645794082235771,0.3344172286563364,1,0.66,0.33
72.56666666666666,0.6609026242751456,0.3246384206478511,1,0.66,0.33
72.58333333333333,0.654744805787635,0.3298713642972872,1,0.66,0.33
72.6,0.6539199780528648,0.32170942231266186,1,0.66,0.33
72.61666666666666,0.6625021953956977,0.3279272741885523,1,0.66,0.33
72.63333333333333,0.6683909119310525,0.32669854114862035,1,0.66,0.33
72.65,0.6647900377399313,0.330300608015844,1,0.66,0.33
72.66666666666667,0.6563975329572653,0.31958874749422167,1,0.66,0.33
72.68333333333334,0.666827301147184,0.3203758563339509,1,0.66,0.33
72.7,0.6624644086178674,0.3289601614983924,1,0.66,0.33
72.71666666666667,0.6643154789463308,0.328286521031234,1,0.66,0.33
72.73333333333333,0.6584639595734526,0.3302684897537677,1,0.66,0.33
72.75,0.6680747466464384,0.32021339689546935,1,0.66,0.33
72.76666666666667,0.6643074249142891,0.3316971970682935,1,0.66,0.33
72.78333333333333,0.6616456899562505,0.3304722156507686,1,0.66,0.33
72.8,0.6590395350384033,0.32675191482294963,1,0.66,0.33
72.81666666666666,0.6674978607050317,0.328718726217053,1,0.66,0.33
72.83333333333333,0.6624603484029771,0.32831398261497313,1,0.66,0.33
72.85,0.6703500125672521,0.320546813667995,1,0.66,0.33
72.86666666666666,0.6646289653675465,0.3248523809126171,1,0.66,0.33
72.88333333333333,0.6652403615864266,0.32908759856204955,1,0.66,0.33
72.9,0.6575355632823262,0.32642509209630993,1,0.66,0.33
72.91666666666667,0.6585627214594811,0.3344829931686897,1,0.66,0.33
72.93333333333334,0.6681014067176703,0.32839432612105873,1,0.66,0.33
72.95,0.6610954564878869,0.32914359798262705,1,0.66,0.33
72.96666666666667,0.6609030989343352,0.33259218144385033,1,0.66,0.33
72.98333333333333,0.6630378686788211,0.3260419703902423,1,0.66,0.33
73.0,0.6628833275152811,0.33554877932082205,1,0.66,0.33
73.01666666666667,0.6680156615927756,0.3276677638873892,1,0.66,0.33
73.03333333333333,0.6649173600477446,0.32493747540955426,1,0.66,0.33
73.05,0.6594040070424003,0.3272475528167168,1,0.66,0.33
73.06666666666666,0.6651400205423581,0.33501521536577117,1,0.66,0.33
73.08333333333333,0.655519647233847,0.3341927665944307,1,0.66,0.33
73.1,0.666158339931346,0.3323590274557684,1,0.66,0.33
73.11666666666666,0.6564265494306072,0.3257426255870982,1,0.66,0.33
73.13333333333333,0.6622578475735653,0.3296802688338939,1,0.66,0.33
73.15,0.6611128320558676,0.32909460371472227,1,0.66,0.33
73.16666666666667,0.6634950557397529,0.33422048803484006,1,0.66,0.33
73.18333333333334,0.6608345062170473,0.32515530497212214,1,0.66,0.33
73.2,0.6591588194083957,0.33154756416453424,1,0.66,0.33
73.21666666666667,0.6628125334024387,0.32415524009303565,1,0.66,0.33
73.23333333333333,0.6596440484691427,0.3337162870417998,1,0.66,0.33
73.25,0.667352218993781,0.33001785196731714,1,0.66,0.33
73.26666666666667,0.6698741771109888,0.3248574192468712,1,0.66,0.33
73.28333333333333,0.6635694930072594,0.3338107680823836,1,0.66,0.33
73.3,0.6669734487336777,0.326788914279663,1,0.66,0.33
73.31666666666666,0.6684118668550333,0.3348101021478552,1,0.66,0.33
73.33333333333333,0.665110584090408,0.32755069664860026,1,0.66,0.33
73.35,0.6628682159846588,0.3281111088934462,1,0.66,0.33
73.36666666666666,0.659673150968029,0.32603630568153213,1,0.66,0.33
73.38333333333333,0.6625668535993168,0.32989673584949636,1,0.66,0.33
73.4,0.661980947633487,0.32615893657168177,1,0.66,0.33
73.41666666666667,0.6619648854930164,0.3208136752124422,1,0.66,0.33
73.43333333333334,0.6655200879232387,0.3303390897442312,1,0.66,0.33
73.45,0.6605617019304738,0.3254977207494713,1,0.66,0.33
73.46666666666667,0.6666073929087506,0.3275276956894942,1,0.66,0.33
73.48333333333333,0.6625421893358185,0.3288202393130044,1,0.66,0.33
73.5,0.664268867465938,0.32448522308325617,1,0.66,0.33
73.51666666666667,0.6593325611716099,0.3175738004031402,1,0.66,0.33
73.53333333333333,0.6655062952064645,0.3269113273605587,1,0.66,0.33
73.55,0.658669673209717,0.32666688828707113,1,0.66,0.33
73.56666666666666,0.6656665159550845,0.3284153968849624,1,0.66,0.33
73.58333333333333,0.6642868201375737,0.32609775522043777,1,0.66,0.33
73.6,0.6659478567056641,0.32615992845141756,1,0.66,0.33
73.61666666666666,0.6711577122739627,0.33086215012522985,1,0.66,0.33
73.63333333333333,0.6612924452964221,0.3213507951640618,1,0.66,0.33
73.65,0.6668293448289778,0.3298874727473313,1,0.66,0.33
73.66666666666667,0.6644035424695148,0.3314746974051478,1,0.66,0.33
73.68333333333334,0.665263580671711,0.32614682608653445,1,0.66,0.33
73.7,0.6642471244651225,0.33113160411709763,1,0.66,0.33
73.71666666666667,0.6663914738488514,0.3375089394407052,1,0.66,0.33
73.73333333333333,0.664389530398314,0.3252505936887792,1,0.66,0.33
73.75,0.6661236576837126,0.332953263764739,1,0.66,0.33
73.76666666666667,0.6627317198117645,0.32875533072207225,1,0.66,0.33
73.78333333333333,0.6643183433876619,0.32764504900795133,1,0.66,0.33
73.8,0.6644876617048743,0.3321420539237892,1,0.66,0.33
73.81666666666666,0.655228640987899,0.33195898715630306,1,0.66,0.33
73.83333333333333,0.661347881918004,0.327715501166888,1,0.66,0.33
73.85,0.6571138154373949,0.32280627906153436,1,0.66,0.33
73.86666666666666,0.6606241528679325,0.31761224676016414,1,0.66,0.33
73.88333333333333,0.6645712301784117,0.32902380517719854,1,0.66,0.33
73.9,0.6697234997579213,0.33284926299668544,1,0.66,0.33
73.91666666666667,0.6670575089568707,0.32439059205194143,1,0.66,0.33
73.93333333333334,0.6659107731370083,0.32913799952958667,1,0.66,0.33
73.95,0.6689912826624302,0.32856321254447557,1,0.66,0.33
73.96666666666667,0.6572609551409149,0.3266757577228925,1,0.66,0.33
73.98333333333333,0.6562304628654323,0.33198974371949014,1,0.66,0.33
74.0,0.6691647183798389,0.33088011967273845,1,0.66,0.33
74.01666666666667,0.6609531395814511,0.3210352613590401,1,0.66,0.33
74.03333333333333,0.6644154633359297,0.3351716032326152,1,0.66,0.33
74.05,0.6650972345771397,0.3285846966729317,1,0.66,0.33
74.06666666666666,,,0,0.66,0.33
74.08333333333333,0.6635312894793753,0.3269420885493757,1,0.66,0.33
74.1,0.6551533175078533,0.3251193231546242,1,0.66,0.33
74.11666666666666,0.6690031001893085,0.32912557173882556,1,0.66,0.33
74.13333333333333,0.666807459924424,0.3292108735349021,1,0.66,0.33
74.15,0.6583749392238333,0.32716975359563205,1,0.66,0.33
74.16666666666667,0.6592587797586287,0.3296592705103402,1,0.66,0.33
74.18333333333334,0.6649806077983703,0.32968180881343573,1,0.66,0.33
74.2,0.668119999498026,0.3314042588525017,1,0.66,0.33
74.21666666666667,0.6779553176482305,0.33526293310996574,1,0.66,0.33
74.23333333333333,0.6621058973826834,0.32864030556439694,1,0.66,0.33
74.25,0.6626010223106286,0.32353752026998933,1,0.66,0.33
74.26666666666667,0.6583231501303752,0.32172814355484225,1,0.66,0.33
74.28333333333333,0.6705519163971903,0.32302118174428546,1,0.66,0.33
74.3,0.661188429107733,0.3216951704446953,1,0.66,0.33
74.31666666666666,0.6566524463283947,0.3279043368956314,1,0.66,0.33
74.33333333333333,0.6668724509405846,0.3271290964084091,1,0.66,0.33
74.35,0.49907800200897084,0.4992348007396241,1,0.5,0.5
74.36666666666666,0.5051733122477264,0.5037532809135694,1,0.5,0.5
74.38333333333333,0.5078356046581849,0.4953208686690749,1,0.5,0.5
74.4,0.5036650586887506,0.4986863686478728,1,0.5,0.5
74.41666666666667,0.5039243847073334,0.4933071890492247,1,0.5,0.5
74.43333333333334,0.5037244902956679,0.49608530696874376,1,0.5,0.5
74.45,0.5044538000002124,0.5014688837207663,1,0.5,0.5
74.46666666666667,0.5063513124261502,0.49484928157877545,1,0.5,0.5
74.48333333333333,0.4969141010350558,0.5006466230345682,1,0.5,0.5
74.5,0.5035216010488224,0.4985039879842728,1,0.5,0.5
74.51666666666667,0.5070596728066178,0.49673063808691637,1,0.5,0.5
74.53333333333333,0.4995359697973536,0.5057670737117315,1,0.5,0.5
74.55,0.49301705473156093,0.5053318815684587,1,0.5,0.5
74.56666666666666,0.5059401100942836,0.5036996274537573,1,0.5,0.5
74.58333333333333,0.5000622447729259,0.48523249549089065,1,0.5,0.5
74.6,0.508210990548431,0.49676404233692917,1,0.5,0.5
74.61666666666666,0.4994997009144612,0.4973780582004053,1,0.5,0.5
74.63333333333333,0.5031818595467378,0.4955328011725638,1,0.5,0.5
74.65,0.5145685132374421,0.4944773711857383,1,0.5,0.5
74.66666666666667,0.5042947581736161,0.49324455957222124,1,0.5,0.5
74.68333333333334,0.5011439847982264,0.49728717199898126,1,0.5,0.5
74.7,0.5017068495745904,0.5093357461789116,1,0.5,0.5
74.71666666666667,0.49636598743660476,0.5011491684270858,1,0.5,0.5
74.73333333333333,0.5030282638937117,0.5031328421960125,1,0.5,0.5
74.75,0.49948532635165277,0.5011477730810051,1,0.5,0.5
74.76666666666667,0.49725416036157677,0.4959590312069117,1,0.5,0.5
74.78333333333333,0.49854560082438437,0.4933824044792535,1,0.5,0.5
74.8,0.5027384835415919,0.49390240987903966,1,0.5,0.5
74.81666666666666,0.4988169733439232,0.4981623428237665,1,0.5,0.5
74.83333333333333,0.4989062139661578,0.4984076208249466,1,0.5,0.5
74.85,0.5053310184983776,0.49362042662878103,1,0.5,0.5
74.86666666666666,0.5024816816217109,0.49303369903808575,1,0.5,0.5
74.88333333333333,0.503714706585761,0.4943201082304824,1,0.5,0.5
74.9,0.5061365598302664,0.49500439626181114,1,0.5,0.5
74.91666666666667,0.511734804018801,0.5030582392709892,1,0.5,0.5
74.93333333333334,0.5089652342016189,0.49763698823931257,1,0.5,0.5
74.95,0.5039693060884565,0.4968412762740541,1,0.5,0.5
74.96666666666667,0.49105110015230047,0.4993142927099689,1,0.5,0.5
74.98333333333333,0.5035075796699889,0.4938487504373895,1,0.5,0.5
75.0,0.15669002103400698,0.8508705455516985,1,0.15,0.85
75.01666666666667,0.15948361344712,0.8364609320239047,1,0.15,0.85
75.03333333333333,0.1543598441587947,0.8492010181356681,1,0.15,0.85
75.05,0.1446767022570223,0.8487469753912745,1,0.15,0.85
75.06666666666666,0.1600576513649393,0.8480247708480938,1,0.15,0.85
75.08333333333333,0.14930780127469348,0.8472729098144649,1,0.15,0.85
75.1,0.15679978422513252,0.8448488706129497,1,0.15,0.85
75.11666666666666,0.15453369413391138,0.8464416861774849,1,0.15,0.85
75.13333333333333,0.13949695723965178,0.8489450293866874,1,0.15,0.85
75.15,0.15249840373940013,0.8441709814074322,1,0.15,0.85
75.16666666666667,0.1476551232604208,0.8434453337779853,1,0.15,0.85
75.18333333333334,0.15750551121820186,0.8418505957783923,1,0.15,0.85
75.2,0.14943960981422758,0.8557656538857898,1,0.15,0.85
75.21666666666667,0.15136226670591243,0.8504785101080643,1,0.15,0.85
75.23333333333333,0.15727823050360554,0.8537509399116183,1,0.15,0.85
75.25,0.15100827669803904,0.8473284502424326,1,0.15,0.85
75.26666666666667,0.15714836740021995,0.8490648479101915,1,0.15,0.85
75.28333333333333,0.1513075941442564,0.8457987920289048,1,0.15,0.85
75.3,0.15477223654824832,0.8447358762756251,1,0.15,0.85
75.31666666666666,0.1509575063619856,0.8474207934035675,1,0.15,0.85
75.33333333333333,0.152218206715364,0.8556797919857876,1,0.15,0.85
75.35,0.14777385736396967,0.8552169693623827,1,0.15,0.85
75.36666666666666,0.15362152344829866,0.8432435454634657,1,0.15,0.85
75.38333333333333,0.150917361451243,0.856027141272217,1,0.15,0.85
75.4,0.14883777893596817,0.8510159224347581,1,0.15,0.85
75.41666666666667,0.15335049460896008,0.8479961040167447,1,0.15,0.85
75.43333333333334,0.1569415302194995,0.8472201040638887,1,0.15,0.85
75.45,0.157350421517044,0.849554710635861,1,0.15,0.85
75.46666666666667,0.1562089525447534,0.8429869760448753,1,0.15,0.85
75.48333333333333,0.15145312129154453,0.8471148223763899,1,0.15,0.85
75.5,0.14878401483411535,0.8416206339069642,1,0.15,0.85
75.51666666666667,0.1422166950311283,0.8457347103609905,1,0.15,0.85
75.53333333333333,0.15406178887721333,0.8457137845311279,1,0.15,0.85
75.55,0.15282917076346564,0.861175188517407,1,0.15,0.85
75.56666666666666,0.15412726708749322,0.8482926760652558,1,0.15,0.85
75.58333333333333,0.15374858694712726,0.8602367356975954,1,0.15,0.85
75.6,0.15588441428256256,0.8530014109891194,1,0.15,0.85
75.61666666666666,0.1518710347300622,0.8482129407436915,1,0.15,0.85
75.63333333333333,0.1578024871714257,0.8491208065852511,1,0.15,0.85
75.65,0.15173444971775488,0.8452502904799276,1,0.15,0.85
75.66666666666667,0.15604804590060606,0.8481588209356008,1,0.15,0.85
75.68333333333334,0.15679678164119468,0.8390582279037998,1,0.15,0.85
75.7,0.15379442996039264,0.8495786573564246,1,0.15,0.85
75.71666666666667,0.1555366043517392,0.8413414392721119,1,0.15,0.85
75.73333333333333,0.15068148177652138,0.8567968544148139,1,0.15,0.85
75.75,,,0,0.15,0.85
75.76666666666667,0.15489854534737837,0.8410028759277932,1,0.15,0.85
75.78333333333333,0.15473837869208762,0.8519451979747694,1,0.15,0.85
75.8,0.15395816729507755,0.8412478770963201,1,0.15,0.85
75.81666666666666,0.15447551101529178,0.8533772077920553,1,0.15,0.85
75.83333333333333,0.14613301066500806,0.8490214882215936,1,0.15,0.85
75.85,0.14900154109389327,0.8490232688383276,1,0.15,0.85
75.86666666666666,0.15300137891460128,0.8500086088995091,1,0.15,0.85
75.88333333333333,0.14588128470610245,0.8424849524531478,1,0.15,0.85
75.9,0.1594442329421675,0.8397497003165382,1,0.15,0.85
75.91666666666667,0.15327457609624723,0.846150140175452,1,0.15,0.85
75.93333333333334,0.1594481661960372,0.8505774663022511,1,0.15,0.85
75.95,0.1496150202288655,0.8440429642275784,1,0.15,0.85
75.96666666666667,0.15514175878991826,0.8425356580184407,1,0.15,0.85
75.98333333333333,0.14768471016673404,0.8491838917176895,1,0.15,0.85
76.0,0.15053066926442477,0.8470196463461642,1,0.15,0.85
76.01666666666667,0.16055553097305714,0.8444520170125313,1,0.15,0.85
76.03333333333333,0.15295478706318935,0.8482408404750872,1,0.15,0.85
76.05,0.1552818334448668,0.8467594571182095,1,0.15,0.85
76.06666666666666,0.15574996531559498,0.8483394028532635,1,0.15,0.85
76.08333333333333,0.15151784253774345,0.8500765681092162,1,0.15,0.85
76.1,0.15578820451233497,0.8451743204627711,1,0.15,0.85
76.11666666666666,0.15992319180927303,0.852779170055198,1,0.15,0.85
76.13333333333333,0.15315913076410023,0.8435580810773101,1,0.15,0.85
76.15,0.14965956759393606,0.8451130611943374,1,0.15,0.85
76.16666666666667,0.15427521814872278,0.8442806408640354,1,0.15,0.85
76.18333333333334,0.15157926842374644,0.8436450694185909,1,0.15,0.85
76.2,0.1583011686215502,0.854408044175178,1,0.15,0.85
76.21666666666667,0.15322203154743663,0.8423022257305978,1,0.15,0.85
76.23333333333333,0.15235609079859957,0.8397303285786045,1,0.15,0.85
76.25,0.15067422433294245,0.8425450233653959,1,0.15,0.85
76.26666666666667,0.1524451062788045,0.8563108957462621,1,0.15,0.85
76.28333333333333,0.1513341983660989,0.8417010216934699,1,0.15,0.85
76.3,0.1537714074133767,0.8531434421235926,1,0.15,0.85
76.31666666666666,0.15597671189202245,0.848330464879897,1,0.15,0.85
76.33333333333333,0.1537209989197912,0.8485241901470064,1,0.15,0.85
76.35,0.15574686496296608,0.8501765360084186,1,0.15,0.85
76.36666666666666,0.14769990226422725,0.8535662391025293,1,0.15,0.85
76.38333333333333,0.15049000755570732,0.8482185499587139,1,0.15,0.85
76.4,0.151969551694843,0.8451612182384038,1,0.15,0.85
76.41666666666667,0.1679408666309303,0.8522385623007703,1,0.15,0.85
76.43333333333334,0.1475386304407149,0.8469397571699858,1,0.15,0.85
76.45,0.15241265395698692,0.8402696746529611,1,0.15,0.85
76.46666666666667,0.1470320292695791,0.8403420801779213,1,0.15,0.85
76.48333333333333,0.15346923467565915,0.8588828162963003,1,0.15,0.85
76.5,0.14747336131263694,0.8389950608420597,1,0.15,0.85
76.51666666666667,0.1574434512380715,0.8493011831380133,1,0.15,0.85
76.53333333333333,0.14820581269092642,0.84694143895127,1,0.15,0.85
76.55,0.15049117776111123,0.8513895125475842,1,0.15,0.85
76.56666666666666,0.15059135538190546,0.8594956005051005,1,0.15,0.85
76.58333333333333,0.15308421786736454,0.855451656702078,1,0.15,0.85
76.6,0.15136996225933094,0.8413460544161642,1,0.15,0.85
76.61666666666666,0.16119917080180388,0.845804951620415,1,0.15,0.85
76.63333333333333,0.15200185804244232,0.8529877048528386,1,0.15,0.85
76.65,0.1449501993738111,0.8477529732288535,1,0.15,0.85
76.66666666666667,0.15305387516852778,0.8404977956025443,1,0.15,0.85
76.68333333333334,0.1510670418697307,0.8442986216916618,1,0.15,0.85
76.7,0.1543471033011208,0.8344073401138098,1,0.15,0.85
76.71666666666667,0.15004938478697413,0.8463718906097641,1,0.15,0.85
76.73333333333333,0.1451573573908571,0.8452376110486889,1,0.15,0.85
76.75,0.1503391274272203,0.8473621007691193,1,0.15,0.85
76.76666666666667,0.15856046090446266,0.8473304913832377,1,0.15,0.85
76.78333333333333,0.1469680188970614,0.847021182020637,1,0.15,0.85
76.8,0.15195705070686927,0.8516923268011024,1,0.15,0.85
76.81666666666666,0.15409365708073705,0.8553240657148211,1,0.15,0.85
76.83333333333333,0.1488771585086758,0.8490391472244583,1,0.15,0.85
76.85,0.1581342839652858,0.8553015088008605,1,0.15,0.85
76.86666666666666,0.15818640989001248,0.8465037970805963,1,0.15,0.85
76.88333333333333,0.14432834269032008,0.8515272286836247,1,0.15,0.85
76.9,0.15006479518756335,0.8484811479498263,1,0.15,0.85
76.91666666666667,0.1649482778631137,0.8475136104105897,1,0.15,0.85
76.93333333333334,0.15372580392562255,0.8412820934952863,1,0.15,0.85
76.95,0.1470202692590892,0.8420016261165915,1,0.15,0.85
76.96666666666667,0.15614166541912608,0.8408667165494534,1,0.15,0.85
76.98333333333333,0.1476856118923725,0.8573301208615629,1,0.15,0.85
77.0,0.151693595631538,0.8543105351818274,1,0.15,0.85
77.01666666666667,0.1604812542200146,0.8497271450166265,1,0.15,0.85
77.03333333333333,0.1523457609527493,0.8499932919159086,1,0.15,0.85
77.05,0.15141106473495258,0.8538777215719394,1,0.15,0.85
77.06666666666666,0.1608400847767052,0.8419842429591332,1,0.15,0.85
77.08333333333333,0.160397733028663,0.848007281676809,1,0.15,0.85
77.1,0.15227669292598708,0.8425528281345229,1,0.15,0.85
77.11666666666666,0.16170506176838154,0.8445295222706312,1,0.15,0.85
77.13333333333333,0.15740756148748225,0.8480757328533807,1,0.15,0.85
77.15,0.15724226606483602,0.8549809863441296,1,0.15,0.85
77.16666666666667,0.1567001026709658,0.8501822240926138,1,0.15,0.85
77.18333333333334,0.16118941304161372,0.8446922014530613,1,0.15,0.85
77.2,0.154533981989324,0.853944992192026,1,0.15,0.85
77.21666666666667,0.15077195378494054,0.8438412070295208,1,0.15,0.85
77.23333333333333,0.1545321953314796,0.8499477344800352,1,0.15,0.85
77.25,0.15349448307938052,0.8471154913840487,1,0.15,0.85
77.26666666666667,0.15330858155266222,0.8398517076938705,1,0.15,0.85
77.28333333333333,0.14875448720670914,0.8546525208035267,1,0.15,0.85
77.3,0.15473387361118884,0.849735061416903,1,0.15,0.85
77.31666666666666,0.15205291933186907,0.8450484319135082,1,0.15,0.85
77.33333333333333,0.15490921646341255,0.8461601964714095,1,0.15,0.85
77.35,0.5098037824669945,0.4952150111520788,1,0.5,0.5
77.36666666666666,0.5066827428574778,0.5042856700320141,1,0.5,0.5
77.38333333333333,0.5126857112693671,0.5074342233152094,1,0.5,0.5
77.4,0.5004958428841265,0.4909052585789477,1,0.5,0.5
77.41666666666667,0.5048170678322639,0.4944928683858103,1,0.5,0.5
77.43333333333334,,,0,0.5,0.5
77.45,0.5080617618108293,0.49982845594104053,1,0.5,0.5
77.46666666666667,0.49694508274363675,0.49893998876249507,1,0.5,0.5
77.48333333333333,0.5128710948755779,0.4983597221689899,1,0.5,0.5
77.5,0.4958780249842695,0.4995577421125569,1,0.5,0.5
77.51666666666667,0.4970468512878456,0.5024354657254327,1,0.5,0.5
77.53333333333333,0.5020270410721014,0.48860686528053515,1,0.5,0.5
77.55,0.5019671699156605,0.4963923940255718,1,0.5,0.5
77.56666666666666,0.49730601980151995,0.49936451121451303,1,0.5,0.5
77.58333333333333,0.5059915356514068,0.49521704284933776,1,0.5,0.5
77.6,0.5074858485474432,0.4966771434882042,1,0.5,0.5
77.61666666666666,0.5100010358138456,0.49632897227055395,1,0.5,0.5
77.63333333333333,0.5131400541436272,0.4995197831703323,1,0.5,0.5
77.65,0.4976485990620891,0.49705561130987064,1,0.5,0.5
77.66666666666667,0.49875287399884355,0.49523150894018536,1,0.5,0.5
77.68333333333334,0.5080023039900353,0.4971993533808729,1,0.5,0.5
77.7,0.5115487064915678,0.4996692193279184,1,0.5,0.5
77.71666666666667,0.506848333864039,0.4958968192194275,1,0.5,0.5
77.73333333333333,0.5049237449352203,0.49225492188785497,1,0.5,0.5
77.75,0.5064016826114061,0.49750896141829964,1,0.5,0.5
77.76666666666667,0.5045921825059476,0.4926549805485301,1,0.5,0.5
77.78333333333333,0.4963390492350342,0.49931900419522934,1,0.5,0.5
77.8,0.5059669241897048,0.49411845649801567,1,0.5,0.5
77.81666666666666,0.5034029529447406,0.49715978024636126,1,0.5,0.5
77.83333333333333,0.496227454884344,0.49398109087665487,1,0.5,0.5
77.85,0.501467541249369,0.4979795263869196,1,0.5,0.5
77.86666666666666,0.5117603808425619,0.501007457105135,1,0.5,0.5
77.88333333333333,0.5020718868209045,0.4966652214911327,1,0.5,0.5
77.9,0.5092813467373598,0.49452609050768154,1,0.5,0.5
77.91666666666667,0.5036162775136929,0.4917622342051539,1,0.5,0.5
77.93333333333334,0.49550344876943914,0.49639873424292574,1,0.5,0.5
77.95,0.5021326441547386,0.501230541030732,1,0.5,0.5
77.96666666666667,0.49939754673639053,0.4965618453250744,1,0.5,0.5
77.98333333333333,0.5067722469003081,0.4956712147357919,1,0.5,0.5
78.0,0.8528969935275512,0.14706726105346027,1,0.85,0.15
78.01666666666667,0.8526180992552771,0.14525622595562432,1,0.85,0.15
78.03333333333333,0.8499741184875171,0.1533059584315551,1,0.85,0.15
78.05,0.8536674338963685,0.1567474922224436,1,0.85,0.15
78.06666666666666,0.8515660119836388,0.15146422587143143,1,0.85,0.15
78.08333333333333,0.8523262819707144,0.15523305047605368,1,0.85,0.15
78.1,0.8598179390671408,0.15221523187399794,1,0.85,0.15
78.11666666666666,0.846891318093708,0.15206979146674346,1,0.85,0.15
78.13333333333333,0.8504078083113429,0.14321888147386616,1,0.85,0.15
78.15,0.8461058827296956,0.14348664461806304,1,0.85,0.15
78.16666666666667,0.8466507334997574,0.15327133001347615,1,0.85,0.15
78.18333333333334,0.8527350594200132,0.14601705845477303,1,0.85,0.15
78.2,0.8584663558268544,0.14433796248189656,1,0.85,0.15
78.21666666666667,0.8496702579030383,0.14752057282999836,1,0.85,0.15
78.23333333333333,0.8556824510674069,0.1449586780376076,1,0.85,0.15
78.25,0.8589934794409749,0.14099649299807662,1,0.85,0.15
78.26666666666667,0.8611267464757251,0.14109822015817094,1,0.85,0.15
78.28333333333333,0.8545503026435883,0.1521527459048985,1,0.85,0.15
78.3,0.847469321444645,0.14875225772418418,1,0.85,0.15
78.31666666666666,0.8575665545471777,0.14798780991024338,1,0.85,0.15
78.33333333333333,0.8532787427493849,0.14873199213514482,1,0.85,0.15
78.35,0.8575860907339145,0.145254050314146,1,0.85,0.15
78.36666666666666,0.8480040548333158,0.14484427653420837,1,0.85,0.15
78.38333333333333,0.8539744273922718,0.14539158397200588,1,0.85,0.15
78.4,0.8515994173486874,0.14504672724679987,1,0.85,0.15
78.41666666666667,0.8478968537655713,0.1449020103765858,1,0.85,0.15
78.43333333333334,0.8559546777766022,0.1519916811363829,1,0.85,0.15
78.45,0.8576840828020987,0.1461088073383781,1,0.85,0.15
78.46666666666667,0.8514053813119343,0.14654007090688212,1,0.85,0.15
78.48333333333333,0.8497293586122029,0.15565415545326908,1,0.85,0.15
78.5,0.8519967577484233,0.15041167334718847,1,0.85,0.15
78.51666666666667,0.8513872685913948,0.1539468969607211,1,0.85,0.15
78.53333333333333,0.8551666204628884,0.149864142147921,1,0.85,0.15
78.55,0.8548592381421783,0.1481262324723398,1,0.85,0.15
78.56666666666666,0.8536705738324705,0.14897346572851175,1,0.85,0.15
78.58333333333333,0.8514985984073472,0.14844547146854653,1,0.85,0.15
78.6,0.8453198392965262,0.14408823788015954,1,0.85,0.15
78.61666666666666,0.8541958219651485,0.14039009925340576,1,0.85,0.15
78.63333333333333,0.8570452918151721,0.1464192785040987,1,0.85,0.15
78.65,0.8513489584839881,0.1484263277082139,1,0.85,0.15
78.66666666666667,0.8555622191435421,0.1482002617313528,1,0.85,0.15
78.68333333333334,0.8536805665271079,0.14146104376460533,1,0.85,0.15
78.7,0.8491725106011375,0.14385075471684342,1,0.85,0.15
78.71666666666667,0.8602948552162302,0.147244436191602,1,0.85,0.15
78.73333333333333,0.8506045455467864,0.14009205102999148,1,0.85,0.15
78.75,0.8533628613703013,0.151985589712265,1,0.85,0.15
78.76666666666667,0.8557871176119682,0.14139831470588352,1,0.85,0.15
78.78333333333333,0.854255659556143,0.14309528101918062,1,0.85,0.15
78.8,0.8559080334008144,0.1443781747387845,1,0.85,0.15
78.81666666666666,0.8567094114174139,0.1499770615468318,1,0.85,0.15
78.83333333333333,0.850367789729153,0.15096476931561298,1,0.85,0.15
78.85,0.8512456175118984,0.14694868790752122,1,0.85,0.15
78.86666666666666,0.8541862752934212,0.1493167438964145,1,0.85,0.15
78.88333333333333,0.8492601534304277,0.14820476099801996,1,0.85,0.15
78.9,0.8519989749224709,0.1483367944544925,1,0.85,0.15
78.91666666666667,0.8504309915378224,0.14924894826724344,1,0.85,0.15
78.93333333333334,0.8481720648314868,0.14753530507722454,1,0.85,0.15
78.95,0.8600511670613472,0.14857461926412616,1,0.85,0.15
78.96666666666667,0.8518851546495972,0.14902864414392472,1,0.85,0.15
78.98333333333333,0.8594728031991156,0.15252609847557586,1,0.85,0.15
79.0,0.8518901960695081,0.14828987176318129,1,0.85,0.15
79.01666666666667,0.85147992010342,0.1442366497509844,1,0.85,0.15
79.03333333333333,0.8466444266287088,0.14599610662446877,1,0.85,0.15
79.05,0.8531344667321051,0.1463909303059113,1,0.85,0.15
79.06666666666666,0.8542580057225934,0.14973449497670638,1,0.85,0.15
79.08333333333333,0.85013205780192,0.14753370085850054,1,0.85,0.15
79.1,0.8477395504210515,0.14756917016966137,1,0.85,0.15
79.11666666666666,,,0,0.85,0.15
79.13333333333333,0.8495439732822853,0.14782126886515307,1,0.85,0.15
79.15,0.8575917668074791,0.138566981629,1,0.85,0.15
79.16666666666667,0.8578179503444429,0.1440930092417211,1,0.85,0.15
79.18333333333334,0.8601878613559818,0.14706530201254084,1,0.85,0.15
79.2,0.862855452518602,0.14815077089340917,1,0.85,0.15
79.21666666666667,0.8549678957957334,0.1440038318591903,1,0.85,0.15
79.23333333333333,0.8529566447241743,0.14122107334593598,1,0.85,0.15
79.25,0.8592061234856282,0.15207776903112555,1,0.85,0.15
79.26666666666667,0.8529980936379824,0.14617722971238656,1,0.85,0.15
79.28333333333333,0.8561877967799133,0.16432798831085818,1,0.85,0.15
79.3,0.8577261849898965,0.14553073769851232,1,0.85,0.15
79.31666666666666,0.848171801931537,0.14634226025354896,1,0.85,0.15
79.33333333333333,0.8525906939973567,0.1484507552910726,1,0.85,0.15
79.35,0.8501534851004512,0.14552866721127117,1,0.85,0.15
79.36666666666666,0.8533331696120195,0.14606162525602226,1,0.85,0.15
79.38333333333333,0.8539201897192925,0.1432082275678784,1,0.85,0.15
79.4,0.8482590349178151,0.15165094979337257,1,0.85,0.15
79.41666666666667,0.860849598538093,0.14557086317639747,1,0.85,0.15
79.43333333333334,0.8606397477896697,0.1503090279902632,1,0.85,0.15
79.45,0.8481428728458413,0.15253777733553747,1,0.85,0.15
79.46666666666667,0.8596606560570497,0.14526585465331185,1,0.85,0.15
79.48333333333333,0.8524983634799728,0.15503259835709265,1,0.85,0.15
79.5,0.8515946722194929,0.14873236357579342,1,0.85,0.15
79.51666666666667,0.8520839615522254,0.1485585844425006,1,0.85,0.15
79.53333333333333,0.8614079903136074,0.14961296133163068,1,0.85,0.15
79.55,0.8499271939684013,0.14434547430957992,1,0.85,0.15
79.56666666666666,0.8578686038369359,0.15196886422818534,1,0.85,0.15
79.58333333333333,0.852737673714399,0.1504700440760239,1,0.85,0.15
79.6,0.8590608731273971,0.14056551675670792,1,0.85,0.15
79.61666666666666,0.853877414412532,0.14331355106254365,1,0.85,0.15
79.63333333333333,0.8580406332734603,0.14505127085639188,1,0.85,0.15
79.65,0.8527899085353244,0.14989178264945216,1,0.85,0.15
79.66666666666667,0.8494185534405713,0.14305593893385266,1,0.85,0.15
79.68333333333334,0.8454649610329149,0.14687242207765672,1,0.85,0.15
79.7,0.8512576635007807,0.14665771277481524,1,0.85,0.15
79.71666666666667,0.8593782093763382,0.150055283273184,1,0.85,0.15
79.73333333333333,0.8512900001720909,0.14874751853428292,1,0.85,0.15
79.75,0.8503283661778113,0.15125951488347422,1,0.85,0.15
79.76666666666667,0.8536457482705474,0.1445414760409104,1,0.85,0.15
79.78333333333333,0.8538931972603437,0.14290771057286752,1,0.85,0.15
79.8,0.8515486341505963,0.14322430346636922,1,0.85,0.15
79.81666666666666,0.8620362301301439,0.150412348961784,1,0.85,0.15
79.83333333333333,0.846763896012578,0.143475282085267,1,0.85,0.15
79.85,0.8545668789149312,0.14569683477120057,1,0.85,0.15
79.86666666666666,0.8509787877230134,0.14293440502969662,1,0.85,0.15
79.88333333333333,0.850325860361844,0.15312404906739216,1,0.85,0.15
79.9,0.8500415671120274,0.14606751966211548,1,0.85,0.15
79.91666666666667,0.8574088820160016,0.14853059610672467,1,0.85,0.15
79.93333333333334,0.8473223357803082,0.14575354137358357,1,0.85,0.15
79.95,0.8584725823475667,0.15263977671155524,1,0.85,0.15
79.96666666666667,0.8579280842143584,0.15189391606147895,1,0.85,0.15
79.98333333333333,0.8533737661913359,0.15114818022776252,1,0.85,0.15
80.0,0.8505171176124239,0.14717400341647682,1,0.85,0.15
80.01666666666667,0.8579653382416923,0.14283301887325195,1,0.85,0.15
80.03333333333333,0.8582846543863564,0.14555572781144993,1,0.85,0.15
80.05,0.8609988137314891,0.15087046360797854,1,0.85,0.15
80.06666666666666,0.8606707460637919,0.14409290595511587,1,0.85,0.15
80.08333333333333,0.8566910433499187,0.14275104269114106,1,0.85,0.15
80.1,0.8550446545047704,0.15187527665739975,1,0.85,0.15
80.11666666666666,0.8509651007509753,0.14506552212868754,1,0.85,0.15
80.13333333333333,0.8544205831598277,0.14142720547344725,1,0.85,0.15
80.15,0.8566173212614728,0.14492967053318814,1,0.85,0.15
80.16666666666667,0.8476210361703697,0.14952924137078785,1,0.85,0.15
80.18333333333334,0.8567068644331138,0.14762672993743275,1,0.85,0.15
80.2,0.853523735502014,0.14042155090625602,1,0.85,0.15
80.21666666666667,0.8591012808705536,0.14803632942908695,1,0.85,0.15
80.23333333333333,0.8582959158244547,0.14611499370454417,1,0.85,0.15
80.25,0.8531794333200465,0.15191944829363613,1,0.85,0.15
80.26666666666667,0.8472485904858218,0.1440109795795079,1,0.85,0.15
80.28333333333333,0.851013646083023,0.14814481735551133,1,0.85,0.15
80.3,0.8642313479920856,0.14752757938652541,1,0.85,0.15
80.31666666666666,0.855936702058934,0.14721640160414823,1,0.85,0.15
80.33333333333333,0.8620466312639539,0.15864346449435954,1,0.85,0.15
80.35,0.5047760776848425,0.4957695537620577,1,0.5,0.5
80.36666666666666,0.49216233325599085,0.4903521542730035,1,0.5,0.5
80.38333333333333,0.49494693339762996,0.49446316306098703,1,0.5,0.5
80.4,0.5033444283353684,0.4981263841430165,1,0.5,0.5
80.41666666666667,0.5010079147878783,0.5046731498182656,1,0.5,0.5
80.43333333333334,0.5074268655948332,0.49563254741174534,1,0.5,0.5
80.45,0.4963408763713126,0.49808879582910565,1,0.5,0.5
80.46666666666667,0.5019300236015255,0.495702304907278,1,0.5,0.5
80.48333333333333,0.5022002760562942,0.5092800252461134,1,0.5,0.5
80.5,0.5069522938144079,0.5039266041977276,1,0.5,0.5
80.51666666666667,0.501603195829972,0.4919734157232955,1,0.5,0.5
80.53333333333333,0.5082678833618584,0.4862795633788695,1,0.5,0.5
80.55,0.5079408593477015,0.49784372813530064,1,0.5,0.5
80.56666666666666,0.4977033505146737,0.4980266419498865,1,0.5,0.5
80.58333333333333,0.5081152933569572,0.49986073718519164,1,0.5,0.5
80.6,0.5119430175623937,0.4988827550453182,1,0.5,0.5
80.61666666666666,0.49851298490065205,0.49243008472405847,1,0.5,0.5
80.63333333333333,0.5035441651116462,0.486827753037562,1,0.5,0.5
80.65,0.5137251603929678,0.5022340297610828,1,0.5,0.5
80.66666666666667,0.5013673862502541,0.5062087154741018,1,0.5,0.5
80.68333333333334,0.49838493250027355,0.4924612225671193,1,0.5,0.5
80.7,0.5096152873937003,0.4888184198954433,1,0.5,0.5
80.71666666666667,0.5054911752459145,0.5044227243913422,1,0.5,0.5
80.73333333333333,0.5025939116319201,0.4993724918583102,1,0.5,0.5
80.75,0.5027317891520114,0.4968813723284368,1,0.5,0.5
80.76666666666667,0.5103185950079415,0.493828742558674,1,0.5,0.5
80.78333333333333,0.5117351814842722,0.5028548308572344,1,0.5,0.5
80.8,,,0,0.5,0.5
80.81666666666666,0.4997364240247169,0.5003874168633692,1,0.5,0.5
80.83333333333333,0.49906175005589903,0.48914943999927435,1,0.5,0.5
80.85,0.4975650343068891,0.49496474841103605,1,0.5,0.5
80.86666666666666,0.5028994591661939,0.4969720364084879,1,0.5,0.5
80.88333333333333,0.5072115551774715,0.49580940491122555,1,0.5,0.5
80.9,0.5007577991702054,0.48683270137841606,1,0.5,0.5
80.91666666666667,0.5089653710084369,0.5009229903551667,1,0.5,0.5
80.93333333333334,0.5063528746927706,0.48984221529036887,1,0.5,0.5
80.95,0.5010180980835702,0.4967891262818385,1,0.5,0.5
80.96666666666667,0.5086055518101587,0.4977850423889812,1,0.5,0.5
80.98333333333333,0.5080864044238205,0.4945546876752111,1,0.5,0.5
81.0,0.4987255631542145,0.49810490904155,1,0.5,0.5
