time_s,device_time_s,system_time_s,gaze_x,gaze_y,valid,left_gaze_x,left_gaze_y,right_gaze_x,right_gaze_y,left_valid,right_valid,pupil_left,pupil_right,source_device,raw_gaze_x,raw_gaze_y,raw_cx,raw_cy,coordinate_space
0.0,,,,,0,,,,,,,,,SYNTHETIC_GP3,,,0.85,0.15,normalised
0.0166666666666666,,,0.8529622851341531,0.1495730633108991,1,,,,,,,,,SYNTHETIC_GP3,0.8529622851341531,0.1495730633108991,0.85,0.15,normalised
0.0333333333333333,,,0.8444146946016037,0.1423702638466484,1,,,,,,,,,SYNTHETIC_GP3,0.8444146946016037,0.1423702638466484,0.85,0.15,normalised
0.05,,,0.8575830868404347,0.1452651912913455,1,,,,,,,,,SYNTHETIC_GP3,0.8575830868404347,0.1452651912913455,0.85,0.15,normalised
0.0666666666666666,,,0.8545531789637129,0.1530649822161444,1,,,,,,,,,SYNTHETIC_GP3,0.8545531789637129,0.1530649822161444,0.85,0.15,normalised
0.0833333333333333,,,0.8508318100591226,0.1553783277074157,1,,,,,,,,,SYNTHETIC_GP3,0.8508318100591226,0.1553783277074157,0.85,0.15,normalised
0.1,,,0.8507522026872393,0.150829360388409,1,,,,,,,,,SYNTHETIC_GP3,0.8507522026872393,0.150829360388409,0.85,0.15,normalised
0.1166666666666666,,,0.8532153414711152,0.1496086043237217,1,,,,,,,,,SYNTHETIC_GP3,0.8532153414711152,0.1496086043237217,0.85,0.15,normalised
0.1333333333333333,,,0.8509293587911826,0.1476501286010807,1,,,,,,,,,SYNTHETIC_GP3,0.8509293587911826,0.1476501286010807,0.85,0.15,normalised
0.15,,,0.8510963645553471,0.1493871640671348,1,,,,,,,,,SYNTHETIC_GP3,0.8510963645553471,0.1493871640671348,0.85,0.15,normalised
0.1666666666666666,,,0.8548802712800364,0.1491032085487666,1,,,,,,,,,SYNTHETIC_GP3,0.8548802712800364,0.1491032085487666,0.85,0.15,normalised
0.1833333333333333,,,0.854058820823095,0.1501879176476735,1,,,,,,,,,SYNTHETIC_GP3,0.854058820823095,0.1501879176476735,0.85,0.15,normalised
0.2,,,0.8517434882574633,0.145769875072603,1,,,,,,,,,SYNTHETIC_GP3,0.8517434882574633,0.145769875072603,0.85,0.15,normalised
0.2166666666666666,,,0.8516580937472565,0.1497348749934607,1,,,,,,,,,SYNTHETIC_GP3,0.8516580937472565,0.1497348749934607,0.85,0.15,normalised
0.2333333333333333,,,0.8526436652906626,0.1433627135517105,1,,,,,,,,,SYNTHETIC_GP3,0.8526436652906626,0.1433627135517105,0.85,0.15,normalised
0.25,,,0.8495439264219243,0.1425722795644761,1,,,,,,,,,SYNTHETIC_GP3,0.8495439264219243,0.1425722795644761,0.85,0.15,normalised
0.2666666666666666,,,0.8503849989413749,0.1534185719836895,1,,,,,,,,,SYNTHETIC_GP3,0.8503849989413749,0.1534185719836895,0.85,0.15,normalised
0.2833333333333333,,,0.8541930407208257,0.1608908566233927,1,,,,,,,,,SYNTHETIC_GP3,0.8541930407208257,0.1608908566233927,0.85,0.15,normalised
0.3,,,0.8514780688274365,0.1497058830376837,1,,,,,,,,,SYNTHETIC_GP3,0.8514780688274365,0.1497058830376837,0.85,0.15,normalised
0.3166666666666666,,,0.846502295297293,0.1491457143298156,1,,,,,,,,,SYNTHETIC_GP3,0.846502295297293,0.1491457143298156,0.85,0.15,normalised
0.3333333333333333,,,0.8500908851214671,0.1543749934098793,1,,,,,,,,,SYNTHETIC_GP3,0.8500908851214671,0.1543749934098793,0.85,0.15,normalised
0.35,,,0.8546264864211741,0.1436322747174041,1,,,,,,,,,SYNTHETIC_GP3,0.8546264864211741,0.1436322747174041,0.85,0.15,normalised
0.3666666666666666,,,0.8510708689116668,0.1426817965920116,1,,,,,,,,,SYNTHETIC_GP3,0.8510708689116668,0.1426817965920116,0.85,0.15,normalised
0.3833333333333333,,,0.8514050687590546,0.1518462675747743,1,,,,,,,,,SYNTHETIC_GP3,0.8514050687590546,0.1518462675747743,0.85,0.15,normalised
0.4,,,0.854567346512685,0.1546366798507465,1,,,,,,,,,SYNTHETIC_GP3,0.854567346512685,0.1546366798507465,0.85,0.15,normalised
0.4166666666666667,,,0.8592984412196617,0.1513208087909497,1,,,,,,,,,SYNTHETIC_GP3,0.8592984412196617,0.1513208087909497,0.85,0.15,normalised
0.4333333333333333,,,0.8491472453125268,0.1481852920349259,1,,,,,,,,,SYNTHETIC_GP3,0.8491472453125268,0.1481852920349259,0.85,0.15,normalised
0.45,,,0.8573928272537363,0.1560720991543347,1,,,,,,,,,SYNTHETIC_GP3,0.8573928272537363,0.1560720991543347,0.85,0.15,normalised
0.4666666666666667,,,0.8470799488986406,0.1469234578288897,1,,,,,,,,,SYNTHETIC_GP3,0.8470799488986406,0.1469234578288897,0.85,0.15,normalised
0.4833333333333333,,,0.8526999104909615,0.1484497788571393,1,,,,,,,,,SYNTHETIC_GP3,0.8526999104909615,0.1484497788571393,0.85,0.15,normalised
0.5,,,0.8473218819219505,0.1471722876221433,1,,,,,,,,,SYNTHETIC_GP3,0.8473218819219505,0.1471722876221433,0.85,0.15,normalised
0.5166666666666666,,,0.8574058327380167,0.1442026060532327,1,,,,,,,,,SYNTHETIC_GP3,0.8574058327380167,0.1442026060532327,0.85,0.15,normalised
0.5333333333333333,,,0.855335691986873,0.1480946022255378,1,,,,,,,,,SYNTHETIC_GP3,0.855335691986873,0.1480946022255378,0.85,0.15,normalised
0.55,,,0.8565508671386203,0.1484762644060851,1,,,,,,,,,SYNTHETIC_GP3,0.8565508671386203,0.1484762644060851,0.85,0.15,normalised
0.5666666666666667,,,0.848457867381778,0.1485156595001705,1,,,,,,,,,SYNTHETIC_GP3,0.848457867381778,0.1485156595001705,0.85,0.15,normalised
0.5833333333333334,,,0.8547382201019389,0.1512502231982485,1,,,,,,,,,SYNTHETIC_GP3,0.8547382201019389,0.1512502231982485,0.85,0.15,normalised
0.6,,,0.8499239466806819,0.146617552713733,1,,,,,,,,,SYNTHETIC_GP3,0.8499239466806819,0.146617552713733,0.85,0.15,normalised
0.6166666666666667,,,0.8501704587553922,0.1540512726365525,1,,,,,,,,,SYNTHETIC_GP3,0.8501704587553922,0.1540512726365525,0.85,0.15,normalised
0.6333333333333333,,,0.8540261483175949,0.1477363817252626,1,,,,,,,,,SYNTHETIC_GP3,0.8540261483175949,0.1477363817252626,0.85,0.15,normalised
0.65,,,0.8555068726898748,0.1447507133052417,1,,,,,,,,,SYNTHETIC_GP3,0.8555068726898748,0.1447507133052417,0.85,0.15,normalised
0.6666666666666666,,,0.8528176808616215,0.1444987677400386,1,,,,,,,,,SYNTHETIC_GP3,0.8528176808616215,0.1444987677400386,0.85,0.15,normalised
0.6833333333333333,,,0.8494880515959576,0.1473042247768814,1,,,,,,,,,SYNTHETIC_GP3,0.8494880515959576,0.1473042247768814,0.85,0.15,normalised
0.7,,,0.8486967339164679,0.1481442769442511,1,,,,,,,,,SYNTHETIC_GP3,0.8486967339164679,0.1481442769442511,0.85,0.15,normalised
0.7166666666666667,,,0.8577772681033009,0.1505946795296962,1,,,,,,,,,SYNTHETIC_GP3,0.8577772681033009,0.1505946795296962,0.85,0.15,normalised
0.7333333333333333,,,0.8543757836428492,0.1494765033135967,1,,,,,,,,,SYNTHETIC_GP3,0.8543757836428492,0.1494765033135967,0.85,0.15,normalised
0.75,,,0.8548789117457135,0.1533800938255964,1,,,,,,,,,SYNTHETIC_GP3,0.8548789117457135,0.1533800938255964,0.85,0.15,normalised
0.7666666666666666,,,0.8607339525708513,0.1470921210693847,1,,,,,,,,,SYNTHETIC_GP3,0.8607339525708513,0.1470921210693847,0.85,0.15,normalised
0.7833333333333333,,,0.8487365482054573,0.1516416409049128,1,,,,,,,,,SYNTHETIC_GP3,0.8487365482054573,0.1516416409049128,0.85,0.15,normalised
0.8,,,0.8622378311936234,0.1493585324478561,1,,,,,,,,,SYNTHETIC_GP3,0.8622378311936234,0.1493585324478561,0.85,0.15,normalised
0.8166666666666667,,,0.8646036325341594,0.151535488432002,1,,,,,,,,,SYNTHETIC_GP3,0.8646036325341594,0.151535488432002,0.85,0.15,normalised
0.8333333333333334,,,0.8584736524810405,0.1461082060819984,1,,,,,,,,,SYNTHETIC_GP3,0.8584736524810405,0.1461082060819984,0.85,0.15,normalised
0.85,,,0.8553084261262209,0.1524788079212136,1,,,,,,,,,SYNTHETIC_GP3,0.8553084261262209,0.1524788079212136,0.85,0.15,normalised
0.8666666666666667,,,0.8493447121804387,0.1449558006617868,1,,,,,,,,,SYNTHETIC_GP3,0.8493447121804387,0.1449558006617868,0.85,0.15,normalised
0.8833333333333333,,,0.8559779425112809,0.1577883643130193,1,,,,,,,,,SYNTHETIC_GP3,0.8559779425112809,0.1577883643130193,0.85,0.15,normalised
0.9,,,0.850229231403586,0.1427998671161722,1,,,,,,,,,SYNTHETIC_GP3,0.850229231403586,0.1427998671161722,0.85,0.15,normalised
0.9166666666666666,,,0.8519133968408404,0.1471285931944948,1,,,,,,,,,SYNTHETIC_GP3,0.8519133968408404,0.1471285931944948,0.85,0.15,normalised
0.9333333333333332,,,0.850838267290441,0.1486638942721983,1,,,,,,,,,SYNTHETIC_GP3,0.850838267290441,0.1486638942721983,0.85,0.15,normalised
0.95,,,0.8531353198259641,0.1550272157067108,1,,,,,,,,,SYNTHETIC_GP3,0.8531353198259641,0.1550272157067108,0.85,0.15,normalised
0.9666666666666668,,,0.8571523108617736,0.1559094592409646,1,,,,,,,,,SYNTHETIC_GP3,0.8571523108617736,0.1559094592409646,0.85,0.15,normalised
0.9833333333333332,,,0.849777663768534,0.1450241692421686,1,,,,,,,,,SYNTHETIC_GP3,0.849777663768534,0.1450241692421686,0.85,0.15,normalised
1.0,,,0.8480583846654788,0.1538016110135568,1,,,,,,,,,SYNTHETIC_GP3,0.8480583846654788,0.1538016110135568,0.85,0.15,normalised
1.0166666666666666,,,0.8479881737930021,0.143285531738602,1,,,,,,,,,SYNTHETIC_GP3,0.8479881737930021,0.143285531738602,0.85,0.15,normalised
1.0333333333333332,,,0.8481268906911285,0.1562581594939556,1,,,,,,,,,SYNTHETIC_GP3,0.8481268906911285,0.1562581594939556,0.85,0.15,normalised
1.05,,,0.8462755880648145,0.1470719342037088,1,,,,,,,,,SYNTHETIC_GP3,0.8462755880648145,0.1470719342037088,0.85,0.15,normalised
1.0666666666666669,,,0.8483482637002427,0.1512582994266062,1,,,,,,,,,SYNTHETIC_GP3,0.8483482637002427,0.1512582994266062,0.85,0.15,normalised
1.0833333333333333,,,0.8571730624660578,0.1499352338617039,1,,,,,,,,,SYNTHETIC_GP3,0.8571730624660578,0.1499352338617039,0.85,0.15,normalised
1.1,,,0.849626752127044,0.1455992827830442,1,,,,,,,,,SYNTHETIC_GP3,0.849626752127044,0.1455992827830442,0.85,0.15,normalised
1.1166666666666667,,,0.8530284306315455,0.1492749659170383,1,,,,,,,,,SYNTHETIC_GP3,0.8530284306315455,0.1492749659170383,0.85,0.15,normalised
1.1333333333333333,,,0.8471324241356435,0.1506787936972163,1,,,,,,,,,SYNTHETIC_GP3,0.8471324241356435,0.1506787936972163,0.85,0.15,normalised
1.15,,,0.8526786023196018,0.1443494782308486,1,,,,,,,,,SYNTHETIC_GP3,0.8526786023196018,0.1443494782308486,0.85,0.15,normalised
1.1666666666666667,,,0.8450368742058818,0.1505913446126848,1,,,,,,,,,SYNTHETIC_GP3,0.8450368742058818,0.1505913446126848,0.85,0.15,normalised
1.1833333333333331,,,0.8492049764100813,0.1484388226757572,1,,,,,,,,,SYNTHETIC_GP3,0.8492049764100813,0.1484388226757572,0.85,0.15,normalised
1.2,,,0.861018155708513,0.1459329877894802,1,,,,,,,,,SYNTHETIC_GP3,0.861018155708513,0.1459329877894802,0.85,0.15,normalised
1.2166666666666666,,,0.8496681212360928,0.1532042789474887,1,,,,,,,,,SYNTHETIC_GP3,0.8496681212360928,0.1532042789474887,0.85,0.15,normalised
1.2333333333333334,,,0.8564799055415655,0.1461965948172217,1,,,,,,,,,SYNTHETIC_GP3,0.8564799055415655,0.1461965948172217,0.85,0.15,normalised
1.25,,,0.8538202165004848,0.1424598809622969,1,,,,,,,,,SYNTHETIC_GP3,0.8538202165004848,0.1424598809622969,0.85,0.15,normalised
1.2666666666666666,,,0.851388056891101,0.151836369463522,1,,,,,,,,,SYNTHETIC_GP3,0.851388056891101,0.151836369463522,0.85,0.15,normalised
1.2833333333333332,,,0.8493915727147802,0.1451287464307477,1,,,,,,,,,SYNTHETIC_GP3,0.8493915727147802,0.1451287464307477,0.85,0.15,normalised
1.3,,,0.8571476375936538,0.1494113711145795,1,,,,,,,,,SYNTHETIC_GP3,0.8571476375936538,0.1494113711145795,0.85,0.15,normalised
1.3166666666666669,,,0.8512904661623885,0.1451711316075369,1,,,,,,,,,SYNTHETIC_GP3,0.8512904661623885,0.1451711316075369,0.85,0.15,normalised
1.3333333333333333,,,0.858109697913087,0.154201307155415,1,,,,,,,,,SYNTHETIC_GP3,0.858109697913087,0.154201307155415,0.85,0.15,normalised
1.35,,,0.8491236838800225,0.1497149420584041,1,,,,,,,,,SYNTHETIC_GP3,0.8491236838800225,0.1497149420584041,0.85,0.15,normalised
1.3666666666666667,,,0.8522293559495648,0.1518414465502018,1,,,,,,,,,SYNTHETIC_GP3,0.8522293559495648,0.1518414465502018,0.85,0.15,normalised
1.3833333333333333,,,0.8538619965071619,0.1466236919952067,1,,,,,,,,,SYNTHETIC_GP3,0.8538619965071619,0.1466236919952067,0.85,0.15,normalised
1.4,,,0.8534926406921127,0.1451613726717901,1,,,,,,,,,SYNTHETIC_GP3,0.8534926406921127,0.1451613726717901,0.85,0.15,normalised
1.4166666666666667,,,0.8470647939526045,0.1486682885647029,1,,,,,,,,,SYNTHETIC_GP3,0.8470647939526045,0.1486682885647029,0.85,0.15,normalised
1.4333333333333331,,,0.849343749070228,0.1514574804404639,1,,,,,,,,,SYNTHETIC_GP3,0.849343749070228,0.1514574804404639,0.85,0.15,normalised
1.45,,,0.8512160791465354,0.1515202160301734,1,,,,,,,,,SYNTHETIC_GP3,0.8512160791465354,0.1515202160301734,0.85,0.15,normalised
1.4666666666666666,,,0.848585202762703,0.1552059692600101,1,,,,,,,,,SYNTHETIC_GP3,0.848585202762703,0.1552059692600101,0.85,0.15,normalised
1.4833333333333334,,,0.8547093004355202,0.1502254712017884,1,,,,,,,,,SYNTHETIC_GP3,0.8547093004355202,0.1502254712017884,0.85,0.15,normalised
1.5,,,0.8543520767254351,0.1553619733371671,1,,,,,,,,,SYNTHETIC_GP3,0.8543520767254351,0.1553619733371671,0.85,0.15,normalised
1.5166666666666666,,,0.844171662183287,0.1446097151790254,1,,,,,,,,,SYNTHETIC_GP3,0.844171662183287,0.1446097151790254,0.85,0.15,normalised
1.5333333333333332,,,0.8447789837149067,0.1476212310775549,1,,,,,,,,,SYNTHETIC_GP3,0.8447789837149067,0.1476212310775549,0.85,0.15,normalised
1.55,,,0.8468737468927208,0.145098469398674,1,,,,,,,,,SYNTHETIC_GP3,0.8468737468927208,0.145098469398674,0.85,0.15,normalised
1.5666666666666669,,,0.8524690381205856,0.1496620055916857,1,,,,,,,,,SYNTHETIC_GP3,0.8524690381205856,0.1496620055916857,0.85,0.15,normalised
1.5833333333333333,,,0.8601326901201553,0.1452729221919472,1,,,,,,,,,SYNTHETIC_GP3,0.8601326901201553,0.1452729221919472,0.85,0.15,normalised
1.6,,,0.8504705741981283,0.1510509534687372,1,,,,,,,,,SYNTHETIC_GP3,0.8504705741981283,0.1510509534687372,0.85,0.15,normalised
1.6166666666666667,,,0.8530026021995318,0.1490268900764744,1,,,,,,,,,SYNTHETIC_GP3,0.8530026021995318,0.1490268900764744,0.85,0.15,normalised
1.6333333333333333,,,0.8477475531803215,0.1500237009984726,1,,,,,,,,,SYNTHETIC_GP3,0.8477475531803215,0.1500237009984726,0.85,0.15,normalised
1.65,,,0.8478126551363052,0.1502285614237267,1,,,,,,,,,SYNTHETIC_GP3,0.8478126551363052,0.1502285614237267,0.85,0.15,normalised
1.6666666666666667,,,0.8441710887412422,0.1478203149814351,1,,,,,,,,,SYNTHETIC_GP3,0.8441710887412422,0.1478203149814351,0.85,0.15,normalised
1.6833333333333331,,,,,0,,,,,,,,,SYNTHETIC_GP3,,,0.85,0.15,normalised
1.7,,,0.8557888667312906,0.157423315382057,1,,,,,,,,,SYNTHETIC_GP3,0.8557888667312906,0.157423315382057,0.85,0.15,normalised
1.7166666666666666,,,0.8505731427182835,0.1511629998355318,1,,,,,,,,,SYNTHETIC_GP3,0.8505731427182835,0.1511629998355318,0.85,0.15,normalised
1.7333333333333334,,,0.8575858123465849,0.1497797484454414,1,,,,,,,,,SYNTHETIC_GP3,0.8575858123465849,0.1497797484454414,0.85,0.15,normalised
1.75,,,0.8527914194110943,0.1512734043808221,1,,,,,,,,,SYNTHETIC_GP3,0.8527914194110943,0.1512734043808221,0.85,0.15,normalised
1.7666666666666666,,,0.8518543500497471,0.1467154523821608,1,,,,,,,,,SYNTHETIC_GP3,0.8518543500497471,0.1467154523821608,0.85,0.15,normalised
1.7833333333333332,,,0.8540690155707741,0.1457558811753397,1,,,,,,,,,SYNTHETIC_GP3,0.8540690155707741,0.1457558811753397,0.85,0.15,normalised
1.8,,,0.853949510279129,0.1464853587830104,1,,,,,,,,,SYNTHETIC_GP3,0.853949510279129,0.1464853587830104,0.85,0.15,normalised
1.8166666666666669,,,0.8565912254821912,0.1509701739646783,1,,,,,,,,,SYNTHETIC_GP3,0.8565912254821912,0.1509701739646783,0.85,0.15,normalised
1.8333333333333333,,,0.8487921829422397,0.1503613360337971,1,,,,,,,,,SYNTHETIC_GP3,0.8487921829422397,0.1503613360337971,0.85,0.15,normalised
1.85,,,0.842847803364652,0.155357337646739,1,,,,,,,,,SYNTHETIC_GP3,0.842847803364652,0.155357337646739,0.85,0.15,normalised
1.8666666666666667,,,0.852458986794727,0.1435137060726251,1,,,,,,,,,SYNTHETIC_GP3,0.852458986794727,0.1435137060726251,0.85,0.15,normalised
1.8833333333333333,,,0.8495532993787117,0.1512772733451459,1,,,,,,,,,SYNTHETIC_GP3,0.8495532993787117,0.1512772733451459,0.85,0.15,normalised
1.9,,,0.8518912911705379,0.1546887685886137,1,,,,,,,,,SYNTHETIC_GP3,0.8518912911705379,0.1546887685886137,0.85,0.15,normalised
1.9166666666666667,,,0.8586572000881563,0.1443260935206599,1,,,,,,,,,SYNTHETIC_GP3,0.8586572000881563,0.1443260935206599,0.85,0.15,normalised
1.9333333333333331,,,0.8475886327796305,0.1525673869167067,1,,,,,,,,,SYNTHETIC_GP3,0.8475886327796305,0.1525673869167067,0.85,0.15,normalised
1.95,,,0.8550591893466191,0.1513728211143268,1,,,,,,,,,SYNTHETIC_GP3,0.8550591893466191,0.1513728211143268,0.85,0.15,normalised
1.9666666666666663,,,0.855783470177634,0.1491702934713554,1,,,,,,,,,SYNTHETIC_GP3,0.855783470177634,0.1491702934713554,0.85,0.15,normalised
1.9833333333333332,,,0.8538429449556462,0.1429993253384105,1,,,,,,,,,SYNTHETIC_GP3,0.8538429449556462,0.1429993253384105,0.85,0.15,normalised
2.0,,,0.8564740326366839,0.1462343620771768,1,,,,,,,,,SYNTHETIC_GP3,0.8564740326366839,0.1462343620771768,0.85,0.15,normalised
2.0166666666666666,,,0.8501665508857463,0.1523547867087967,1,,,,,,,,,SYNTHETIC_GP3,0.8501665508857463,0.1523547867087967,0.85,0.15,normalised
2.033333333333333,,,0.8492739611810526,0.1530601508553194,1,,,,,,,,,SYNTHETIC_GP3,0.8492739611810526,0.1530601508553194,0.85,0.15,normalised
2.05,,,0.8561559311942446,0.1485439067875287,1,,,,,,,,,SYNTHETIC_GP3,0.8561559311942446,0.1485439067875287,0.85,0.15,normalised
2.0666666666666664,,,0.8548812000874314,0.1481805622122054,1,,,,,,,,,SYNTHETIC_GP3,0.8548812000874314,0.1481805622122054,0.85,0.15,normalised
2.083333333333333,,,0.8575615125686104,0.154245505098667,1,,,,,,,,,SYNTHETIC_GP3,0.8575615125686104,0.154245505098667,0.85,0.15,normalised
2.1,,,0.852849158311246,0.1498366692500533,1,,,,,,,,,SYNTHETIC_GP3,0.852849158311246,0.1498366692500533,0.85,0.15,normalised
2.1166666666666667,,,0.8584942524782825,0.1514144211734444,1,,,,,,,,,SYNTHETIC_GP3,0.8584942524782825,0.1514144211734444,0.85,0.15,normalised
2.1333333333333333,,,0.8508716789588618,0.1520645920033942,1,,,,,,,,,SYNTHETIC_GP3,0.8508716789588618,0.1520645920033942,0.85,0.15,normalised
2.15,,,0.8477586833753373,0.141853772201991,1,,,,,,,,,SYNTHETIC_GP3,0.8477586833753373,0.141853772201991,0.85,0.15,normalised
2.1666666666666665,,,0.8438516432099343,0.1614150625909609,1,,,,,,,,,SYNTHETIC_GP3,0.8438516432099343,0.1614150625909609,0.85,0.15,normalised
2.183333333333333,,,0.8475943948396635,0.1515233699684136,1,,,,,,,,,SYNTHETIC_GP3,0.8475943948396635,0.1515233699684136,0.85,0.15,normalised
2.2,,,0.8552740140243499,0.1568315923929694,1,,,,,,,,,SYNTHETIC_GP3,0.8552740140243499,0.1568315923929694,0.85,0.15,normalised
2.216666666666667,,,0.8461402852478724,0.1463240776935362,1,,,,,,,,,SYNTHETIC_GP3,0.8461402852478724,0.1463240776935362,0.85,0.15,normalised
2.2333333333333334,,,0.8501905429912223,0.1427683187444718,1,,,,,,,,,SYNTHETIC_GP3,0.8501905429912223,0.1427683187444718,0.85,0.15,normalised
2.25,,,0.8604263358313671,0.1514654637257156,1,,,,,,,,,SYNTHETIC_GP3,0.8604263358313671,0.1514654637257156,0.85,0.15,normalised
2.2666666666666666,,,0.8553871837699283,0.1427371006362724,1,,,,,,,,,SYNTHETIC_GP3,0.8553871837699283,0.1427371006362724,0.85,0.15,normalised
2.283333333333333,,,0.8591639382285928,0.14654352550138,1,,,,,,,,,SYNTHETIC_GP3,0.8591639382285928,0.14654352550138,0.85,0.15,normalised
2.3,,,0.8480337512501488,0.1488789573873624,1,,,,,,,,,SYNTHETIC_GP3,0.8480337512501488,0.1488789573873624,0.85,0.15,normalised
2.3166666666666664,,,0.8421601001131347,0.144013422535994,1,,,,,,,,,SYNTHETIC_GP3,0.8421601001131347,0.144013422535994,0.85,0.15,normalised
2.333333333333333,,,0.8580655237484062,0.1494667963146931,1,,,,,,,,,SYNTHETIC_GP3,0.8580655237484062,0.1494667963146931,0.85,0.15,normalised
2.35,,,0.4963322298502393,0.4990445162523472,1,,,,,,,,,SYNTHETIC_GP3,0.4963322298502393,0.4990445162523472,0.5,0.5,normalised
2.3666666666666667,,,0.5023636941571296,0.4981592343229412,1,,,,,,,,,SYNTHETIC_GP3,0.5023636941571296,0.4981592343229412,0.5,0.5,normalised
2.3833333333333333,,,0.5028683729266119,0.4970084203576124,1,,,,,,,,,SYNTHETIC_GP3,0.5028683729266119,0.4970084203576124,0.5,0.5,normalised
2.4,,,0.4982044143505427,0.5044166840193878,1,,,,,,,,,SYNTHETIC_GP3,0.4982044143505427,0.5044166840193878,0.5,0.5,normalised
2.4166666666666665,,,0.5082105322610072,0.4992892445250685,1,,,,,,,,,SYNTHETIC_GP3,0.5082105322610072,0.4992892445250685,0.5,0.5,normalised
2.433333333333333,,,0.5081973501170928,0.5000370939324278,1,,,,,,,,,SYNTHETIC_GP3,0.5081973501170928,0.5000370939324278,0.5,0.5,normalised
2.45,,,0.5042057766968807,0.5008055330108975,1,,,,,,,,,SYNTHETIC_GP3,0.5042057766968807,0.5008055330108975,0.5,0.5,normalised
2.466666666666667,,,0.5018820373606595,0.4962671273877384,1,,,,,,,,,SYNTHETIC_GP3,0.5018820373606595,0.4962671273877384,0.5,0.5,normalised
2.4833333333333334,,,0.5027657473317416,0.49810680799046,1,,,,,,,,,SYNTHETIC_GP3,0.5027657473317416,0.49810680799046,0.5,0.5,normalised
2.5,,,0.4976163679517088,0.5082689670094412,1,,,,,,,,,SYNTHETIC_GP3,0.4976163679517088,0.5082689670094412,0.5,0.5,normalised
2.5166666666666666,,,0.5010437449693483,0.4966104779540953,1,,,,,,,,,SYNTHETIC_GP3,0.5010437449693483,0.4966104779540953,0.5,0.5,normalised
2.533333333333333,,,0.5015802674138385,0.5055025906413019,1,,,,,,,,,SYNTHETIC_GP3,0.5015802674138385,0.5055025906413019,0.5,0.5,normalised
2.55,,,0.4985910685955674,0.4920976836419382,1,,,,,,,,,SYNTHETIC_GP3,0.4985910685955674,0.4920976836419382,0.5,0.5,normalised
2.5666666666666664,,,0.505396859470946,0.4999669288079729,1,,,,,,,,,SYNTHETIC_GP3,0.505396859470946,0.4999669288079729,0.5,0.5,normalised
2.583333333333333,,,0.4962940744215215,0.4970339690456927,1,,,,,,,,,SYNTHETIC_GP3,0.4962940744215215,0.4970339690456927,0.5,0.5,normalised
2.6,,,0.5001863240947879,0.5002030494564094,1,,,,,,,,,SYNTHETIC_GP3,0.5001863240947879,0.5002030494564094,0.5,0.5,normalised
2.6166666666666667,,,0.4929884887417693,0.5016938790658455,1,,,,,,,,,SYNTHETIC_GP3,0.4929884887417693,0.5016938790658455,0.5,0.5,normalised
2.6333333333333333,,,0.5039872740170069,0.5013365239711548,1,,,,,,,,,SYNTHETIC_GP3,0.5039872740170069,0.5013365239711548,0.5,0.5,normalised
2.65,,,0.5049704218965845,0.496045487649131,1,,,,,,,,,SYNTHETIC_GP3,0.5049704218965845,0.496045487649131,0.5,0.5,normalised
2.6666666666666665,,,0.5044851694527518,0.4949089383068942,1,,,,,,,,,SYNTHETIC_GP3,0.5044851694527518,0.4949089383068942,0.5,0.5,normalised
2.683333333333333,,,0.5136723464310141,0.5012996965055709,1,,,,,,,,,SYNTHETIC_GP3,0.5136723464310141,0.5012996965055709,0.5,0.5,normalised
2.7,,,0.5057591642150463,0.504010320831805,1,,,,,,,,,SYNTHETIC_GP3,0.5057591642150463,0.504010320831805,0.5,0.5,normalised
2.716666666666667,,,0.4982320372442392,0.5015575816383969,1,,,,,,,,,SYNTHETIC_GP3,0.4982320372442392,0.5015575816383969,0.5,0.5,normalised
2.7333333333333334,,,0.5126541608279768,0.5047505825031583,1,,,,,,,,,SYNTHETIC_GP3,0.5126541608279768,0.5047505825031583,0.5,0.5,normalised
2.75,,,0.4983187281065088,0.4964034698967113,1,,,,,,,,,SYNTHETIC_GP3,0.4983187281065088,0.4964034698967113,0.5,0.5,normalised
2.7666666666666666,,,0.5051549542761965,0.4954547742378262,1,,,,,,,,,SYNTHETIC_GP3,0.5051549542761965,0.4954547742378262,0.5,0.5,normalised
2.783333333333333,,,0.5049725104991261,0.4975179205567201,1,,,,,,,,,SYNTHETIC_GP3,0.5049725104991261,0.4975179205567201,0.5,0.5,normalised
2.8,,,0.4984811079249409,0.5029970417842684,1,,,,,,,,,SYNTHETIC_GP3,0.4984811079249409,0.5029970417842684,0.5,0.5,normalised
2.8166666666666664,,,0.5075813945159383,0.4977594199400355,1,,,,,,,,,SYNTHETIC_GP3,0.5075813945159383,0.4977594199400355,0.5,0.5,normalised
2.833333333333333,,,0.5034183748749873,0.4947617927625716,1,,,,,,,,,SYNTHETIC_GP3,0.5034183748749873,0.4947617927625716,0.5,0.5,normalised
2.85,,,0.5042838183626115,0.5023513577336779,1,,,,,,,,,SYNTHETIC_GP3,0.5042838183626115,0.5023513577336779,0.5,0.5,normalised
2.8666666666666667,,,0.4992970680149591,0.4967979316810795,1,,,,,,,,,SYNTHETIC_GP3,0.4992970680149591,0.4967979316810795,0.5,0.5,normalised
2.8833333333333333,,,0.5072105334896562,0.4962467753385874,1,,,,,,,,,SYNTHETIC_GP3,0.5072105334896562,0.4962467753385874,0.5,0.5,normalised
2.9,,,0.4985562481492747,0.4938940381879901,1,,,,,,,,,SYNTHETIC_GP3,0.4985562481492747,0.4938940381879901,0.5,0.5,normalised
2.9166666666666665,,,0.4948833626650724,0.501087311015394,1,,,,,,,,,SYNTHETIC_GP3,0.4948833626650724,0.501087311015394,0.5,0.5,normalised
2.933333333333333,,,0.5077005079192886,0.4994965721866706,1,,,,,,,,,SYNTHETIC_GP3,0.5077005079192886,0.4994965721866706,0.5,0.5,normalised
2.95,,,0.5002930848522416,0.5028265376561085,1,,,,,,,,,SYNTHETIC_GP3,0.5002930848522416,0.5028265376561085,0.5,0.5,normalised
2.966666666666667,,,0.5021734803483403,0.4975877201521408,1,,,,,,,,,SYNTHETIC_GP3,0.5021734803483403,0.4975877201521408,0.5,0.5,normalised
2.9833333333333334,,,0.5096910278146509,0.4998859221635788,1,,,,,,,,,SYNTHETIC_GP3,0.5096910278146509,0.4998859221635788,0.5,0.5,normalised
3.0,,,0.6665459653927203,0.6638024920377851,1,,,,,,,,,SYNTHETIC_GP3,0.6665459653927203,0.6638024920377851,0.66,0.66,normalised
3.0166666666666666,,,0.6645308364637244,0.6553794650416479,1,,,,,,,,,SYNTHETIC_GP3,0.6645308364637244,0.6553794650416479,0.66,0.66,normalised
3.033333333333333,,,0.6662796553156612,0.6666055572739593,1,,,,,,,,,SYNTHETIC_GP3,0.6662796553156612,0.6666055572739593,0.66,0.66,normalised
3.05,,,0.6590899652380564,0.6598401400140859,1,,,,,,,,,SYNTHETIC_GP3,0.6590899652380564,0.6598401400140859,0.66,0.66,normalised
3.0666666666666664,,,0.6650123543569647,0.658445824149794,1,,,,,,,,,SYNTHETIC_GP3,0.6650123543569647,0.658445824149794,0.66,0.66,normalised
3.083333333333333,,,0.6664397484588275,0.6612762567194965,1,,,,,,,,,SYNTHETIC_GP3,0.6664397484588275,0.6612762567194965,0.66,0.66,normalised
3.1,,,0.6650216890227146,0.6602079259813652,1,,,,,,,,,SYNTHETIC_GP3,0.6650216890227146,0.6602079259813652,0.66,0.66,normalised
3.1166666666666667,,,0.6611834614844603,0.657866044495034,1,,,,,,,,,SYNTHETIC_GP3,0.6611834614844603,0.657866044495034,0.66,0.66,normalised
3.1333333333333333,,,0.6470103445674764,0.6597567833024072,1,,,,,,,,,SYNTHETIC_GP3,0.6470103445674764,0.6597567833024072,0.66,0.66,normalised
3.15,,,0.6642292100449175,0.6622228444686725,1,,,,,,,,,SYNTHETIC_GP3,0.6642292100449175,0.6622228444686725,0.66,0.66,normalised
3.1666666666666665,,,0.6624595057772446,0.6657989712938923,1,,,,,,,,,SYNTHETIC_GP3,0.6624595057772446,0.6657989712938923,0.66,0.66,normalised
3.183333333333333,,,0.6605217855554725,0.663887951820833,1,,,,,,,,,SYNTHETIC_GP3,0.6605217855554725,0.663887951820833,0.66,0.66,normalised
3.2,,,0.665112394502534,0.6645815317253742,1,,,,,,,,,SYNTHETIC_GP3,0.665112394502534,0.6645815317253742,0.66,0.66,normalised
3.216666666666667,,,0.6630628119197809,0.6624180088181288,1,,,,,,,,,SYNTHETIC_GP3,0.6630628119197809,0.6624180088181288,0.66,0.66,normalised
3.2333333333333334,,,0.6628158229659898,0.6596098943263117,1,,,,,,,,,SYNTHETIC_GP3,0.6628158229659898,0.6596098943263117,0.66,0.66,normalised
3.25,,,0.6560656361001774,0.6553142708693365,1,,,,,,,,,SYNTHETIC_GP3,0.6560656361001774,0.6553142708693365,0.66,0.66,normalised
3.2666666666666666,,,0.6561627097847474,0.658360597668345,1,,,,,,,,,SYNTHETIC_GP3,0.6561627097847474,0.658360597668345,0.66,0.66,normalised
3.283333333333333,,,0.6634821441092505,0.6566697321206542,1,,,,,,,,,SYNTHETIC_GP3,0.6634821441092505,0.6566697321206542,0.66,0.66,normalised
3.3,,,0.6623042284510697,0.6620187198996614,1,,,,,,,,,SYNTHETIC_GP3,0.6623042284510697,0.6620187198996614,0.66,0.66,normalised
3.3166666666666664,,,0.6625549635707407,0.649914770756698,1,,,,,,,,,SYNTHETIC_GP3,0.6625549635707407,0.649914770756698,0.66,0.66,normalised
3.333333333333333,,,0.6626650517084056,0.6577566340080334,1,,,,,,,,,SYNTHETIC_GP3,0.6626650517084056,0.6577566340080334,0.66,0.66,normalised
3.35,,,0.6636458256695574,0.6613055660799338,1,,,,,,,,,SYNTHETIC_GP3,0.6636458256695574,0.6613055660799338,0.66,0.66,normalised
3.3666666666666667,,,,,0,,,,,,,,,SYNTHETIC_GP3,,,0.66,0.66,normalised
3.3833333333333333,,,0.6626310834386347,0.6607005805869806,1,,,,,,,,,SYNTHETIC_GP3,0.6626310834386347,0.6607005805869806,0.66,0.66,normalised
3.4,,,0.6630244574194447,0.6606301766646636,1,,,,,,,,,SYNTHETIC_GP3,0.6630244574194447,0.6606301766646636,0.66,0.66,normalised
3.4166666666666665,,,0.665717638175431,0.6538229800700366,1,,,,,,,,,SYNTHETIC_GP3,0.665717638175431,0.6538229800700366,0.66,0.66,normalised
3.433333333333333,,,0.659941244737825,0.66461182277084,1,,,,,,,,,SYNTHETIC_GP3,0.659941244737825,0.66461182277084,0.66,0.66,normalised
3.45,,,0.6651455848836819,0.6626393486644537,1,,,,,,,,,SYNTHETIC_GP3,0.6651455848836819,0.6626393486644537,0.66,0.66,normalised
3.466666666666667,,,0.6645455334561036,0.6641741339417636,1,,,,,,,,,SYNTHETIC_GP3,0.6645455334561036,0.6641741339417636,0.66,0.66,normalised
3.4833333333333334,,,0.6624216080252867,0.6602165777933012,1,,,,,,,,,SYNTHETIC_GP3,0.6624216080252867,0.6602165777933012,0.66,0.66,normalised
3.5,,,0.6600995528802295,0.6578226933603795,1,,,,,,,,,SYNTHETIC_GP3,0.6600995528802295,0.6578226933603795,0.66,0.66,normalised
3.5166666666666666,,,0.6634765597073138,0.6626873172293041,1,,,,,,,,,SYNTHETIC_GP3,0.6634765597073138,0.6626873172293041,0.66,0.66,normalised
3.533333333333333,,,0.6654558920638347,0.6568419246295218,1,,,,,,,,,SYNTHETIC_GP3,0.6654558920638347,0.6568419246295218,0.66,0.66,normalised
3.55,,,0.6577000897938963,0.6549756073543915,1,,,,,,,,,SYNTHETIC_GP3,0.6577000897938963,0.6549756073543915,0.66,0.66,normalised
3.5666666666666664,,,0.6622485825219043,0.6517242680386002,1,,,,,,,,,SYNTHETIC_GP3,0.6622485825219043,0.6517242680386002,0.66,0.66,normalised
3.583333333333333,,,0.6622589763795836,0.655806526214272,1,,,,,,,,,SYNTHETIC_GP3,0.6622589763795836,0.655806526214272,0.66,0.66,normalised
3.6,,,0.6593551933835252,0.6583742194031006,1,,,,,,,,,SYNTHETIC_GP3,0.6593551933835252,0.6583742194031006,0.66,0.66,normalised
3.6166666666666663,,,0.6595228485849347,0.6531150024243829,1,,,,,,,,,SYNTHETIC_GP3,0.6595228485849347,0.6531150024243829,0.66,0.66,normalised
3.633333333333333,,,0.6557954118642574,0.6523095727272281,1,,,,,,,,,SYNTHETIC_GP3,0.6557954118642574,0.6523095727272281,0.66,0.66,normalised
3.65,,,0.6575874902996702,0.6566817290815891,1,,,,,,,,,SYNTHETIC_GP3,0.6575874902996702,0.6566817290815891,0.66,0.66,normalised
3.6666666666666665,,,0.6558500936409573,0.6630465663179126,1,,,,,,,,,SYNTHETIC_GP3,0.6558500936409573,0.6630465663179126,0.66,0.66,normalised
3.683333333333333,,,0.6595337112421893,0.6578048792470719,1,,,,,,,,,SYNTHETIC_GP3,0.6595337112421893,0.6578048792470719,0.66,0.66,normalised
3.7,,,0.6597600547796985,0.6600940975567677,1,,,,,,,,,SYNTHETIC_GP3,0.6597600547796985,0.6600940975567677,0.66,0.66,normalised
3.716666666666667,,,0.6598348590746137,0.6547242913898186,1,,,,,,,,,SYNTHETIC_GP3,0.6598348590746137,0.6547242913898186,0.66,0.66,normalised
3.733333333333333,,,0.66348737211079,0.6595874056315831,1,,,,,,,,,SYNTHETIC_GP3,0.66348737211079,0.6595874056315831,0.66,0.66,normalised
3.75,,,0.6612497333416039,0.6611541974495627,1,,,,,,,,,SYNTHETIC_GP3,0.6612497333416039,0.6611541974495627,0.66,0.66,normalised
3.7666666666666666,,,0.6590843490543227,0.6538109163730826,1,,,,,,,,,SYNTHETIC_GP3,0.6590843490543227,0.6538109163730826,0.66,0.66,normalised
3.783333333333333,,,0.6591124677915996,0.6569922610094133,1,,,,,,,,,SYNTHETIC_GP3,0.6591124677915996,0.6569922610094133,0.66,0.66,normalised
3.8,,,0.6574739590339764,0.6575314177561311,1,,,,,,,,,SYNTHETIC_GP3,0.6574739590339764,0.6575314177561311,0.66,0.66,normalised
3.8166666666666655,,,0.6612153276077626,0.6604740291407649,1,,,,,,,,,SYNTHETIC_GP3,0.6612153276077626,0.6604740291407649,0.66,0.66,normalised
3.8333333333333335,,,0.6611437812886912,0.6565921395204933,1,,,,,,,,,SYNTHETIC_GP3,0.6611437812886912,0.6565921395204933,0.66,0.66,normalised
3.85,,,0.6684918325110207,0.6522115763108846,1,,,,,,,,,SYNTHETIC_GP3,0.6684918325110207,0.6522115763108846,0.66,0.66,normalised
3.8666666666666663,,,0.6681366065425738,0.6568190336243412,1,,,,,,,,,SYNTHETIC_GP3,0.6681366065425738,0.6568190336243412,0.66,0.66,normalised
3.883333333333333,,,0.6679116079945469,0.6646887707472824,1,,,,,,,,,SYNTHETIC_GP3,0.6679116079945469,0.6646887707472824,0.66,0.66,normalised
3.9,,,0.6703169696052672,0.6642636708861053,1,,,,,,,,,SYNTHETIC_GP3,0.6703169696052672,0.6642636708861053,0.66,0.66,normalised
3.9166666666666665,,,0.6571317272715003,0.656749401463881,1,,,,,,,,,SYNTHETIC_GP3,0.6571317272715003,0.656749401463881,0.66,0.66,normalised
3.933333333333333,,,0.6646919369463451,0.6556309789149715,1,,,,,,,,,SYNTHETIC_GP3,0.6646919369463451,0.6556309789149715,0.66,0.66,normalised
3.95,,,0.6650442122819941,0.6551017966605837,1,,,,,,,,,SYNTHETIC_GP3,0.6650442122819941,0.6551017966605837,0.66,0.66,normalised
3.966666666666667,,,0.6639048636504774,0.6573876395235735,1,,,,,,,,,SYNTHETIC_GP3,0.6639048636504774,0.6573876395235735,0.66,0.66,normalised
3.983333333333333,,,0.6705066846539038,0.6596930273377338,1,,,,,,,,,SYNTHETIC_GP3,0.6705066846539038,0.6596930273377338,0.66,0.66,normalised
4.0,,,0.6721515009714564,0.6621080215693439,1,,,,,,,,,SYNTHETIC_GP3,0.6721515009714564,0.6621080215693439,0.66,0.66,normalised
4.016666666666667,,,0.6659174665126334,0.6657384733334635,1,,,,,,,,,SYNTHETIC_GP3,0.6659174665126334,0.6657384733334635,0.66,0.66,normalised
4.033333333333333,,,0.664612584801208,0.6582346860678822,1,,,,,,,,,SYNTHETIC_GP3,0.664612584801208,0.6582346860678822,0.66,0.66,normalised
4.05,,,0.6575104076323711,0.6660117232805196,1,,,,,,,,,SYNTHETIC_GP3,0.6575104076323711,0.6660117232805196,0.66,0.66,normalised
4.066666666666666,,,0.6575185649489166,0.6633084428424934,1,,,,,,,,,SYNTHETIC_GP3,0.6575185649489166,0.6633084428424934,0.66,0.66,normalised
4.083333333333333,,,0.6648008921798899,0.6580023063749301,1,,,,,,,,,SYNTHETIC_GP3,0.6648008921798899,0.6580023063749301,0.66,0.66,normalised
4.1,,,0.661697469245127,0.6533971289121079,1,,,,,,,,,SYNTHETIC_GP3,0.661697469245127,0.6533971289121079,0.66,0.66,normalised
4.116666666666666,,,0.6566777572913848,0.6586934690500479,1,,,,,,,,,SYNTHETIC_GP3,0.6566777572913848,0.6586934690500479,0.66,0.66,normalised
4.133333333333333,,,0.6615039031135179,0.6653479050842752,1,,,,,,,,,SYNTHETIC_GP3,0.6615039031135179,0.6653479050842752,0.66,0.66,normalised
4.15,,,0.6634400312565646,0.6583828053196455,1,,,,,,,,,SYNTHETIC_GP3,0.6634400312565646,0.6583828053196455,0.66,0.66,normalised
4.166666666666667,,,0.6657437076538073,0.6660648640687935,1,,,,,,,,,SYNTHETIC_GP3,0.6657437076538073,0.6660648640687935,0.66,0.66,normalised
4.183333333333334,,,0.6615692823502961,0.6547384976783347,1,,,,,,,,,SYNTHETIC_GP3,0.6615692823502961,0.6547384976783347,0.66,0.66,normalised
4.2,,,0.6609231310591465,0.6663947172717612,1,,,,,,,,,SYNTHETIC_GP3,0.6609231310591465,0.6663947172717612,0.66,0.66,normalised
4.216666666666667,,,0.6620248312724502,0.6571704916084552,1,,,,,,,,,SYNTHETIC_GP3,0.6620248312724502,0.6571704916084552,0.66,0.66,normalised
4.233333333333333,,,0.6626919335895701,0.6554295603743284,1,,,,,,,,,SYNTHETIC_GP3,0.6626919335895701,0.6554295603743284,0.66,0.66,normalised
4.25,,,0.6573474671210711,0.6570540465640716,1,,,,,,,,,SYNTHETIC_GP3,0.6573474671210711,0.6570540465640716,0.66,0.66,normalised
4.266666666666667,,,0.6653332336517882,0.6567217631997506,1,,,,,,,,,SYNTHETIC_GP3,0.6653332336517882,0.6567217631997506,0.66,0.66,normalised
4.283333333333333,,,0.6707613050895868,0.652829699278329,1,,,,,,,,,SYNTHETIC_GP3,0.6707613050895868,0.652829699278329,0.66,0.66,normalised
4.3,,,0.665256801597751,0.6555448760547966,1,,,,,,,,,SYNTHETIC_GP3,0.665256801597751,0.6555448760547966,0.66,0.66,normalised
4.316666666666666,,,0.6562072094505772,0.6497836654392288,1,,,,,,,,,SYNTHETIC_GP3,0.6562072094505772,0.6497836654392288,0.66,0.66,normalised
4.333333333333333,,,0.6623780340618237,0.6639526276162082,1,,,,,,,,,SYNTHETIC_GP3,0.6623780340618237,0.6639526276162082,0.66,0.66,normalised
4.35,,,0.6549374873460563,0.6614945359171439,1,,,,,,,,,SYNTHETIC_GP3,0.6549374873460563,0.6614945359171439,0.66,0.66,normalised
4.366666666666666,,,0.6546831525386525,0.6567933194133974,1,,,,,,,,,SYNTHETIC_GP3,0.6546831525386525,0.6567933194133974,0.66,0.66,normalised
4.383333333333333,,,0.6646370052217215,0.655984869736824,1,,,,,,,,,SYNTHETIC_GP3,0.6646370052217215,0.655984869736824,0.66,0.66,normalised
4.4,,,0.662310596334028,0.6646283553839527,1,,,,,,,,,SYNTHETIC_GP3,0.662310596334028,0.6646283553839527,0.66,0.66,normalised
4.416666666666667,,,0.6592515592310209,0.6549649023029005,1,,,,,,,,,SYNTHETIC_GP3,0.6592515592310209,0.6549649023029005,0.66,0.66,normalised
4.433333333333334,,,0.6536502116765154,0.662757464517751,1,,,,,,,,,SYNTHETIC_GP3,0.6536502116765154,0.662757464517751,0.66,0.66,normalised
4.45,,,0.6569242718572087,0.6643721127371307,1,,,,,,,,,SYNTHETIC_GP3,0.6569242718572087,0.6643721127371307,0.66,0.66,normalised
4.466666666666667,,,0.6626487843820918,0.6620085603952757,1,,,,,,,,,SYNTHETIC_GP3,0.6626487843820918,0.6620085603952757,0.66,0.66,normalised
4.483333333333333,,,0.6621275749238704,0.6591432167342005,1,,,,,,,,,SYNTHETIC_GP3,0.6621275749238704,0.6591432167342005,0.66,0.66,normalised
4.5,,,0.6647588003664013,0.6618178991851211,1,,,,,,,,,SYNTHETIC_GP3,0.6647588003664013,0.6618178991851211,0.66,0.66,normalised
4.516666666666667,,,0.6680935796781452,0.6585668473100111,1,,,,,,,,,SYNTHETIC_GP3,0.6680935796781452,0.6585668473100111,0.66,0.66,normalised
4.533333333333333,,,0.660642973910812,0.6635540543866977,1,,,,,,,,,SYNTHETIC_GP3,0.660642973910812,0.6635540543866977,0.66,0.66,normalised
4.55,,,0.6638758686241764,0.6565151617964742,1,,,,,,,,,SYNTHETIC_GP3,0.6638758686241764,0.6565151617964742,0.66,0.66,normalised
4.566666666666666,,,0.661448806210243,0.6665768904980091,1,,,,,,,,,SYNTHETIC_GP3,0.661448806210243,0.6665768904980091,0.66,0.66,normalised
4.583333333333333,,,0.6600138414590055,0.6623813624422927,1,,,,,,,,,SYNTHETIC_GP3,0.6600138414590055,0.6623813624422927,0.66,0.66,normalised
4.6,,,0.6610208370172472,0.6585576575432738,1,,,,,,,,,SYNTHETIC_GP3,0.6610208370172472,0.6585576575432738,0.66,0.66,normalised
4.616666666666666,,,0.6658430128436796,0.663838687665087,1,,,,,,,,,SYNTHETIC_GP3,0.6658430128436796,0.663838687665087,0.66,0.66,normalised
4.633333333333333,,,0.6578863241203213,0.6633871942593518,1,,,,,,,,,SYNTHETIC_GP3,0.6578863241203213,0.6633871942593518,0.66,0.66,normalised
4.65,,,0.666564152959945,0.6578646763022752,1,,,,,,,,,SYNTHETIC_GP3,0.666564152959945,0.6578646763022752,0.66,0.66,normalised
4.666666666666667,,,0.6679091488043915,0.6547894525444551,1,,,,,,,,,SYNTHETIC_GP3,0.6679091488043915,0.6547894525444551,0.66,0.66,normalised
4.683333333333334,,,0.6621429314894547,0.6540815086302898,1,,,,,,,,,SYNTHETIC_GP3,0.6621429314894547,0.6540815086302898,0.66,0.66,normalised
4.7,,,0.6630196729945915,0.6563599008174682,1,,,,,,,,,SYNTHETIC_GP3,0.6630196729945915,0.6563599008174682,0.66,0.66,normalised
4.716666666666667,,,0.6563528027720643,0.6581819253810332,1,,,,,,,,,SYNTHETIC_GP3,0.6563528027720643,0.6581819253810332,0.66,0.66,normalised
4.733333333333333,,,0.6714421382018183,0.6585207802195888,1,,,,,,,,,SYNTHETIC_GP3,0.6714421382018183,0.6585207802195888,0.66,0.66,normalised
4.75,,,0.6659155427962781,0.6684068846314659,1,,,,,,,,,SYNTHETIC_GP3,0.6659155427962781,0.6684068846314659,0.66,0.66,normalised
4.766666666666667,,,0.6626891034535637,0.6591220474582544,1,,,,,,,,,SYNTHETIC_GP3,0.6626891034535637,0.6591220474582544,0.66,0.66,normalised
4.783333333333333,,,0.6622297504135396,0.659745012441995,1,,,,,,,,,SYNTHETIC_GP3,0.6622297504135396,0.659745012441995,0.66,0.66,normalised
4.8,,,0.6638038874742317,0.6569030179930508,1,,,,,,,,,SYNTHETIC_GP3,0.6638038874742317,0.6569030179930508,0.66,0.66,normalised
4.816666666666666,,,0.6593950562594728,0.6649462435799897,1,,,,,,,,,SYNTHETIC_GP3,0.6593950562594728,0.6649462435799897,0.66,0.66,normalised
4.833333333333333,,,0.6631330470571626,0.6536143845362771,1,,,,,,,,,SYNTHETIC_GP3,0.6631330470571626,0.6536143845362771,0.66,0.66,normalised
4.85,,,0.658305692261703,0.6602476815416544,1,,,,,,,,,SYNTHETIC_GP3,0.658305692261703,0.6602476815416544,0.66,0.66,normalised
4.866666666666666,,,0.6639892783711899,0.6589062340311417,1,,,,,,,,,SYNTHETIC_GP3,0.6639892783711899,0.6589062340311417,0.66,0.66,normalised
4.883333333333333,,,0.6592871469189403,0.6587946613426828,1,,,,,,,,,SYNTHETIC_GP3,0.6592871469189403,0.6587946613426828,0.66,0.66,normalised
4.9,,,0.6655820733148726,0.6594284864265345,1,,,,,,,,,SYNTHETIC_GP3,0.6655820733148726,0.6594284864265345,0.66,0.66,normalised
4.916666666666667,,,0.6615185233918194,0.6570125967858145,1,,,,,,,,,SYNTHETIC_GP3,0.6615185233918194,0.6570125967858145,0.66,0.66,normalised
4.933333333333334,,,0.6630749843247533,0.6549995010435906,1,,,,,,,,,SYNTHETIC_GP3,0.6630749843247533,0.6549995010435906,0.66,0.66,normalised
4.95,,,0.6738435524407059,0.6633950593359226,1,,,,,,,,,SYNTHETIC_GP3,0.6738435524407059,0.6633950593359226,0.66,0.66,normalised
4.966666666666667,,,0.6652169325489644,0.6646727553687167,1,,,,,,,,,SYNTHETIC_GP3,0.6652169325489644,0.6646727553687167,0.66,0.66,normalised
4.983333333333333,,,0.6630712016698881,0.6619211579155166,1,,,,,,,,,SYNTHETIC_GP3,0.6630712016698881,0.6619211579155166,0.66,0.66,normalised
5.0,,,0.6621775542459006,0.6642756858752523,1,,,,,,,,,SYNTHETIC_GP3,0.6621775542459006,0.6642756858752523,0.66,0.66,normalised
5.016666666666667,,,0.6578433515278104,0.6599656857496919,1,,,,,,,,,SYNTHETIC_GP3,0.6578433515278104,0.6599656857496919,0.66,0.66,normalised
5.033333333333333,,,0.66633688455441,0.6502758542418884,1,,,,,,,,,SYNTHETIC_GP3,0.66633688455441,0.6502758542418884,0.66,0.66,normalised
5.05,,,,,0,,,,,,,,,SYNTHETIC_GP3,,,0.66,0.66,normalised
5.066666666666666,,,0.6622574204833078,0.6612125673286436,1,,,,,,,,,SYNTHETIC_GP3,0.6622574204833078,0.6612125673286436,0.66,0.66,normalised
5.083333333333333,,,0.6687070061120213,0.6499670992155091,1,,,,,,,,,SYNTHETIC_GP3,0.6687070061120213,0.6499670992155091,0.66,0.66,normalised
5.1,,,0.6615508889199914,0.6598149250962851,1,,,,,,,,,SYNTHETIC_GP3,0.6615508889199914,0.6598149250962851,0.66,0.66,normalised
5.116666666666666,,,0.6549077826001584,0.6605959836139553,1,,,,,,,,,SYNTHETIC_GP3,0.6549077826001584,0.6605959836139553,0.66,0.66,normalised
5.133333333333333,,,0.6593870468443929,0.6604462010574962,1,,,,,,,,,SYNTHETIC_GP3,0.6593870468443929,0.6604462010574962,0.66,0.66,normalised
5.15,,,0.6577720306810174,0.6550019068992801,1,,,,,,,,,SYNTHETIC_GP3,0.6577720306810174,0.6550019068992801,0.66,0.66,normalised
5.166666666666667,,,0.6609018399054629,0.6578423494888864,1,,,,,,,,,SYNTHETIC_GP3,0.6609018399054629,0.6578423494888864,0.66,0.66,normalised
5.183333333333334,,,0.6645079232434072,0.6579176794460047,1,,,,,,,,,SYNTHETIC_GP3,0.6645079232434072,0.6579176794460047,0.66,0.66,normalised
5.2,,,0.6582841057137133,0.6601848130467812,1,,,,,,,,,SYNTHETIC_GP3,0.6582841057137133,0.6601848130467812,0.66,0.66,normalised
5.216666666666667,,,0.6616790195580631,0.6581968410401922,1,,,,,,,,,SYNTHETIC_GP3,0.6616790195580631,0.6581968410401922,0.66,0.66,normalised
5.233333333333333,,,0.6627974083774274,0.6523443349110352,1,,,,,,,,,SYNTHETIC_GP3,0.6627974083774274,0.6523443349110352,0.66,0.66,normalised
5.25,,,0.6590678870320819,0.6686306364561155,1,,,,,,,,,SYNTHETIC_GP3,0.6590678870320819,0.6686306364561155,0.66,0.66,normalised
5.266666666666667,,,0.6583627236230599,0.6605402413096272,1,,,,,,,,,SYNTHETIC_GP3,0.6583627236230599,0.6605402413096272,0.66,0.66,normalised
5.283333333333333,,,0.6623487312437258,0.6583296135784256,1,,,,,,,,,SYNTHETIC_GP3,0.6623487312437258,0.6583296135784256,0.66,0.66,normalised
5.3,,,0.6654894785824582,0.657137363794694,1,,,,,,,,,SYNTHETIC_GP3,0.6654894785824582,0.657137363794694,0.66,0.66,normalised
5.316666666666666,,,0.6595870877044339,0.6622494199741189,1,,,,,,,,,SYNTHETIC_GP3,0.6595870877044339,0.6622494199741189,0.66,0.66,normalised
5.333333333333333,,,0.6589944334648116,0.6600846547473037,1,,,,,,,,,SYNTHETIC_GP3,0.6589944334648116,0.6600846547473037,0.66,0.66,normalised
5.35,,,0.5014349866411032,0.5009596289766115,1,,,,,,,,,SYNTHETIC_GP3,0.5014349866411032,0.5009596289766115,0.5,0.5,normalised
5.366666666666666,,,0.5031597944425474,0.4933067321806728,1,,,,,,,,,SYNTHETIC_GP3,0.5031597944425474,0.4933067321806728,0.5,0.5,normalised
5.383333333333333,,,0.4998279325844997,0.4910102432175283,1,,,,,,,,,SYNTHETIC_GP3,0.4998279325844997,0.4910102432175283,0.5,0.5,normalised
5.4,,,0.5006634089095834,0.5045373303903885,1,,,,,,,,,SYNTHETIC_GP3,0.5006634089095834,0.5045373303903885,0.5,0.5,normalised
5.416666666666667,,,0.5010749258032023,0.5001037911189621,1,,,,,,,,,SYNTHETIC_GP3,0.5010749258032023,0.5001037911189621,0.5,0.5,normalised
5.433333333333334,,,0.4976568336224464,0.5003655906198948,1,,,,,,,,,SYNTHETIC_GP3,0.4976568336224464,0.5003655906198948,0.5,0.5,normalised
5.45,,,0.5012898515634487,0.5038735461486192,1,,,,,,,,,SYNTHETIC_GP3,0.5012898515634487,0.5038735461486192,0.5,0.5,normalised
5.466666666666667,,,0.4997598087886458,0.4977007182586119,1,,,,,,,,,SYNTHETIC_GP3,0.4997598087886458,0.4977007182586119,0.5,0.5,normalised
5.483333333333333,,,0.5083335566524667,0.5012386985252878,1,,,,,,,,,SYNTHETIC_GP3,0.5083335566524667,0.5012386985252878,0.5,0.5,normalised
5.5,,,0.499930710259342,0.4920816057450677,1,,,,,,,,,SYNTHETIC_GP3,0.499930710259342,0.4920816057450677,0.5,0.5,normalised
5.516666666666667,,,0.5038284440084624,0.4988637115852659,1,,,,,,,,,SYNTHETIC_GP3,0.5038284440084624,0.4988637115852659,0.5,0.5,normalised
5.533333333333333,,,0.5035180753650671,0.4989204111767537,1,,,,,,,,,SYNTHETIC_GP3,0.5035180753650671,0.4989204111767537,0.5,0.5,normalised
5.55,,,0.4975278715171175,0.5031682172094785,1,,,,,,,,,SYNTHETIC_GP3,0.4975278715171175,0.5031682172094785,0.5,0.5,normalised
5.566666666666666,,,0.4970042012508465,0.4974432201378994,1,,,,,,,,,SYNTHETIC_GP3,0.4970042012508465,0.4974432201378994,0.5,0.5,normalised
5.583333333333333,,,0.5002180574791164,0.5074743734264333,1,,,,,,,,,SYNTHETIC_GP3,0.5002180574791164,0.5074743734264333,0.5,0.5,normalised
5.6,,,0.5046502964684892,0.4890259150355918,1,,,,,,,,,SYNTHETIC_GP3,0.5046502964684892,0.4890259150355918,0.5,0.5,normalised
5.616666666666666,,,0.4997070427514068,0.5035074604314499,1,,,,,,,,,SYNTHETIC_GP3,0.4997070427514068,0.5035074604314499,0.5,0.5,normalised
5.633333333333333,,,0.4993753823578912,0.4922134246566745,1,,,,,,,,,SYNTHETIC_GP3,0.4993753823578912,0.4922134246566745,0.5,0.5,normalised
5.65,,,0.4903991170410299,0.5031793180737991,1,,,,,,,,,SYNTHETIC_GP3,0.4903991170410299,0.5031793180737991,0.5,0.5,normalised
5.666666666666667,,,0.5004126444311859,0.5024164157002338,1,,,,,,,,,SYNTHETIC_GP3,0.5004126444311859,0.5024164157002338,0.5,0.5,normalised
5.683333333333334,,,0.5032499155339659,0.4966243900907003,1,,,,,,,,,SYNTHETIC_GP3,0.5032499155339659,0.4966243900907003,0.5,0.5,normalised
5.7,,,0.5037787489039037,0.4977159151178405,1,,,,,,,,,SYNTHETIC_GP3,0.5037787489039037,0.4977159151178405,0.5,0.5,normalised
5.716666666666667,,,0.503716769050965,0.4982123936054458,1,,,,,,,,,SYNTHETIC_GP3,0.503716769050965,0.4982123936054458,0.5,0.5,normalised
5.733333333333333,,,0.5006886220650497,0.5023895384399724,1,,,,,,,,,SYNTHETIC_GP3,0.5006886220650497,0.5023895384399724,0.5,0.5,normalised
5.75,,,0.5010913686831991,0.4971783380156044,1,,,,,,,,,SYNTHETIC_GP3,0.5010913686831991,0.4971783380156044,0.5,0.5,normalised
5.766666666666667,,,0.5053291050162844,0.5006124151557803,1,,,,,,,,,SYNTHETIC_GP3,0.5053291050162844,0.5006124151557803,0.5,0.5,normalised
5.783333333333333,,,0.5014571564619734,0.4996149831447494,1,,,,,,,,,SYNTHETIC_GP3,0.5014571564619734,0.4996149831447494,0.5,0.5,normalised
5.8,,,0.4927878266736098,0.5018863604905057,1,,,,,,,,,SYNTHETIC_GP3,0.4927878266736098,0.5018863604905057,0.5,0.5,normalised
5.816666666666666,,,0.5060800387236846,0.5000505808752922,1,,,,,,,,,SYNTHETIC_GP3,0.5060800387236846,0.5000505808752922,0.5,0.5,normalised
5.833333333333333,,,0.4976892781542145,0.5010894626885986,1,,,,,,,,,SYNTHETIC_GP3,0.4976892781542145,0.5010894626885986,0.5,0.5,normalised
5.85,,,0.5075011555057588,0.5022469505113792,1,,,,,,,,,SYNTHETIC_GP3,0.5075011555057588,0.5022469505113792,0.5,0.5,normalised
5.866666666666666,,,0.5087765878740761,0.5021300667419414,1,,,,,,,,,SYNTHETIC_GP3,0.5087765878740761,0.5021300667419414,0.5,0.5,normalised
5.883333333333333,,,0.505049758701433,0.5020024897467863,1,,,,,,,,,SYNTHETIC_GP3,0.505049758701433,0.5020024897467863,0.5,0.5,normalised
5.9,,,0.5056164628042196,0.4986265742993595,1,,,,,,,,,SYNTHETIC_GP3,0.5056164628042196,0.4986265742993595,0.5,0.5,normalised
5.916666666666667,,,0.5094311947986961,0.4989494802587724,1,,,,,,,,,SYNTHETIC_GP3,0.5094311947986961,0.4989494802587724,0.5,0.5,normalised
5.933333333333334,,,0.4975915027771934,0.4963615434531915,1,,,,,,,,,SYNTHETIC_GP3,0.4975915027771934,0.4963615434531915,0.5,0.5,normalised
5.95,,,0.5030154073516765,0.5017884714112602,1,,,,,,,,,SYNTHETIC_GP3,0.5030154073516765,0.5017884714112602,0.5,0.5,normalised
5.966666666666667,,,0.5029562645411968,0.49557509156596,1,,,,,,,,,SYNTHETIC_GP3,0.5029562645411968,0.49557509156596,0.5,0.5,normalised
5.983333333333333,,,0.4981315613420465,0.4984020371352497,1,,,,,,,,,SYNTHETIC_GP3,0.4981315613420465,0.4984020371352497,0.5,0.5,normalised
6.0,,,0.3400472498309997,0.6589406713251286,1,,,,,,,,,SYNTHETIC_GP3,0.3400472498309997,0.6589406713251286,0.33,0.66,normalised
6.016666666666667,,,0.3296772264637406,0.661581935218212,1,,,,,,,,,SYNTHETIC_GP3,0.3296772264637406,0.661581935218212,0.33,0.66,normalised
6.033333333333333,,,0.3290750147808142,0.661264232446071,1,,,,,,,,,SYNTHETIC_GP3,0.3290750147808142,0.661264232446071,0.33,0.66,normalised
6.05,,,0.3330708569945645,0.6621133623596075,1,,,,,,,,,SYNTHETIC_GP3,0.3330708569945645,0.6621133623596075,0.33,0.66,normalised
6.066666666666666,,,0.3361244703932824,0.6601448305469714,1,,,,,,,,,SYNTHETIC_GP3,0.3361244703932824,0.6601448305469714,0.33,0.66,normalised
6.083333333333333,,,0.3295958138678178,0.6539301818843356,1,,,,,,,,,SYNTHETIC_GP3,0.3295958138678178,0.6539301818843356,0.33,0.66,normalised
6.1,,,0.3296017308325315,0.657400874808618,1,,,,,,,,,SYNTHETIC_GP3,0.3296017308325315,0.657400874808618,0.33,0.66,normalised
6.116666666666666,,,0.3340164364451076,0.6600010121868838,1,,,,,,,,,SYNTHETIC_GP3,0.3340164364451076,0.6600010121868838,0.33,0.66,normalised
6.133333333333333,,,0.3262975420019764,0.6607603528869022,1,,,,,,,,,SYNTHETIC_GP3,0.3262975420019764,0.6607603528869022,0.33,0.66,normalised
6.15,,,0.3289096575371559,0.6563355781980063,1,,,,,,,,,SYNTHETIC_GP3,0.3289096575371559,0.6563355781980063,0.33,0.66,normalised
6.166666666666667,,,0.3286470594671705,0.6569078609837303,1,,,,,,,,,SYNTHETIC_GP3,0.3286470594671705,0.6569078609837303,0.33,0.66,normalised
6.183333333333334,,,0.330262662918115,0.6588991499457802,1,,,,,,,,,SYNTHETIC_GP3,0.330262662918115,0.6588991499457802,0.33,0.66,normalised
6.2,,,0.3314309344002368,0.654693123085428,1,,,,,,,,,SYNTHETIC_GP3,0.3314309344002368,0.654693123085428,0.33,0.66,normalised
6.216666666666667,,,0.3393768337094905,0.658625223989017,1,,,,,,,,,SYNTHETIC_GP3,0.3393768337094905,0.658625223989017,0.33,0.66,normalised
6.233333333333333,,,0.3356294436933134,0.6637235671865186,1,,,,,,,,,SYNTHETIC_GP3,0.3356294436933134,0.6637235671865186,0.33,0.66,normalised
6.25,,,0.3320895928625823,0.654454397206002,1,,,,,,,,,SYNTHETIC_GP3,0.3320895928625823,0.654454397206002,0.33,0.66,normalised
6.266666666666667,,,0.3311011924367991,0.6539513803224867,1,,,,,,,,,SYNTHETIC_GP3,0.3311011924367991,0.6539513803224867,0.33,0.66,normalised
6.283333333333333,,,0.3354974050623455,0.6633480159280782,1,,,,,,,,,SYNTHETIC_GP3,0.3354974050623455,0.6633480159280782,0.33,0.66,normalised
6.3,,,0.3337135997152567,0.6586976417427317,1,,,,,,,,,SYNTHETIC_GP3,0.3337135997152567,0.6586976417427317,0.33,0.66,normalised
6.316666666666666,,,0.3355648358250719,0.6655574502561086,1,,,,,,,,,SYNTHETIC_GP3,0.3355648358250719,0.6655574502561086,0.33,0.66,normalised
6.333333333333333,,,0.3375239003147531,0.6540220892606897,1,,,,,,,,,SYNTHETIC_GP3,0.3375239003147531,0.6540220892606897,0.33,0.66,normalised
6.35,,,0.3279672603672647,0.6632286056382856,1,,,,,,,,,SYNTHETIC_GP3,0.3279672603672647,0.6632286056382856,0.33,0.66,normalised
6.366666666666666,,,0.3229885801647114,0.6603968653163752,1,,,,,,,,,SYNTHETIC_GP3,0.3229885801647114,0.6603968653163752,0.33,0.66,normalised
6.383333333333333,,,0.3319127900231089,0.6546222776483336,1,,,,,,,,,SYNTHETIC_GP3,0.3319127900231089,0.6546222776483336,0.33,0.66,normalised
6.4,,,0.3323178454793568,0.6607365408922654,1,,,,,,,,,SYNTHETIC_GP3,0.3323178454793568,0.6607365408922654,0.33,0.66,normalised
6.416666666666667,,,0.3331471154357321,0.6679040783332452,1,,,,,,,,,SYNTHETIC_GP3,0.3331471154357321,0.6679040783332452,0.33,0.66,normalised
6.433333333333334,,,0.3296047049403551,0.6627230459267919,1,,,,,,,,,SYNTHETIC_GP3,0.3296047049403551,0.6627230459267919,0.33,0.66,normalised
6.45,,,0.3310695188811573,0.6601952204151275,1,,,,,,,,,SYNTHETIC_GP3,0.3310695188811573,0.6601952204151275,0.33,0.66,normalised
6.466666666666667,,,0.3342349467906039,0.6579536407663231,1,,,,,,,,,SYNTHETIC_GP3,0.3342349467906039,0.6579536407663231,0.33,0.66,normalised
6.483333333333333,,,0.3344502338404279,0.6541862628200396,1,,,,,,,,,SYNTHETIC_GP3,0.3344502338404279,0.6541862628200396,0.33,0.66,normalised
6.5,,,0.33732391537152,0.6541085727792872,1,,,,,,,,,SYNTHETIC_GP3,0.33732391537152,0.6541085727792872,0.33,0.66,normalised
6.516666666666667,,,0.3233348823436798,0.657828469165394,1,,,,,,,,,SYNTHETIC_GP3,0.3233348823436798,0.657828469165394,0.33,0.66,normalised
6.533333333333333,,,0.3254053660567063,0.662866535597072,1,,,,,,,,,SYNTHETIC_GP3,0.3254053660567063,0.662866535597072,0.33,0.66,normalised
6.55,,,0.3378477647955566,0.6586932603931619,1,,,,,,,,,SYNTHETIC_GP3,0.3378477647955566,0.6586932603931619,0.33,0.66,normalised
6.566666666666666,,,0.334432794150292,0.665862646785639,1,,,,,,,,,SYNTHETIC_GP3,0.334432794150292,0.665862646785639,0.33,0.66,normalised
6.583333333333333,,,0.3351737395071208,0.6556267889756571,1,,,,,,,,,SYNTHETIC_GP3,0.3351737395071208,0.6556267889756571,0.33,0.66,normalised
6.6,,,0.330860662049885,0.6551067937236322,1,,,,,,,,,SYNTHETIC_GP3,0.330860662049885,0.6551067937236322,0.33,0.66,normalised
6.616666666666666,,,0.3301033784279794,0.6596245597314628,1,,,,,,,,,SYNTHETIC_GP3,0.3301033784279794,0.6596245597314628,0.33,0.66,normalised
6.633333333333333,,,0.33279921494981,0.6590603771517939,1,,,,,,,,,SYNTHETIC_GP3,0.33279921494981,0.6590603771517939,0.33,0.66,normalised
6.65,,,0.3282408499700676,0.6654231472440071,1,,,,,,,,,SYNTHETIC_GP3,0.3282408499700676,0.6654231472440071,0.33,0.66,normalised
6.666666666666667,,,0.3258793532516644,0.6619531866810988,1,,,,,,,,,SYNTHETIC_GP3,0.3258793532516644,0.6619531866810988,0.33,0.66,normalised
6.683333333333334,,,0.3275577203606348,0.659567421015754,1,,,,,,,,,SYNTHETIC_GP3,0.3275577203606348,0.659567421015754,0.33,0.66,normalised
6.7,,,0.3324661047324818,0.6563612934298386,1,,,,,,,,,SYNTHETIC_GP3,0.3324661047324818,0.6563612934298386,0.33,0.66,normalised
6.716666666666667,,,0.3345487651585241,0.6621196203729431,1,,,,,,,,,SYNTHETIC_GP3,0.3345487651585241,0.6621196203729431,0.33,0.66,normalised
6.733333333333333,,,,,0,,,,,,,,,SYNTHETIC_GP3,,,0.33,0.66,normalised
6.75,,,0.3334872855431051,0.6598149343892522,1,,,,,,,,,SYNTHETIC_GP3,0.3334872855431051,0.6598149343892522,0.33,0.66,normalised
6.766666666666667,,,0.333890068027472,0.6544294311509756,1,,,,,,,,,SYNTHETIC_GP3,0.333890068027472,0.6544294311509756,0.33,0.66,normalised
6.783333333333333,,,0.3387525637149376,0.6531877292619407,1,,,,,,,,,SYNTHETIC_GP3,0.3387525637149376,0.6531877292619407,0.33,0.66,normalised
6.8,,,0.3288933782985543,0.6580175531919528,1,,,,,,,,,SYNTHETIC_GP3,0.3288933782985543,0.6580175531919528,0.33,0.66,normalised
6.816666666666666,,,0.3281628345126361,0.6602535560407915,1,,,,,,,,,SYNTHETIC_GP3,0.3281628345126361,0.6602535560407915,0.33,0.66,normalised
6.833333333333333,,,0.3298482733753381,0.656612074310145,1,,,,,,,,,SYNTHETIC_GP3,0.3298482733753381,0.656612074310145,0.33,0.66,normalised
6.85,,,0.3316151037454132,0.6576233713666274,1,,,,,,,,,SYNTHETIC_GP3,0.3316151037454132,0.6576233713666274,0.33,0.66,normalised
6.866666666666666,,,0.3400929430922441,0.6575197911218156,1,,,,,,,,,SYNTHETIC_GP3,0.3400929430922441,0.6575197911218156,0.33,0.66,normalised
6.883333333333333,,,0.3306046381202928,0.6645284194168928,1,,,,,,,,,SYNTHETIC_GP3,0.3306046381202928,0.6645284194168928,0.33,0.66,normalised
6.9,,,0.3372284536014098,0.654386073883988,1,,,,,,,,,SYNTHETIC_GP3,0.3372284536014098,0.654386073883988,0.33,0.66,normalised
6.916666666666667,,,0.3301093567589897,0.6574965192052344,1,,,,,,,,,SYNTHETIC_GP3,0.3301093567589897,0.6574965192052344,0.33,0.66,normalised
6.933333333333334,,,0.3339656647209236,0.6636872121818149,1,,,,,,,,,SYNTHETIC_GP3,0.3339656647209236,0.6636872121818149,0.33,0.66,normalised
6.95,,,0.3347252677157699,0.6654171089660375,1,,,,,,,,,SYNTHETIC_GP3,0.3347252677157699,0.6654171089660375,0.33,0.66,normalised
6.966666666666667,,,0.3341318101595616,0.6571065652346597,1,,,,,,,,,SYNTHETIC_GP3,0.3341318101595616,0.6571065652346597,0.33,0.66,normalised
6.983333333333333,,,0.3350041862186272,0.6587402928438657,1,,,,,,,,,SYNTHETIC_GP3,0.3350041862186272,0.6587402928438657,0.33,0.66,normalised
7.0,,,0.3292438422474875,0.6668503369700369,1,,,,,,,,,SYNTHETIC_GP3,0.3292438422474875,0.6668503369700369,0.33,0.66,normalised
7.016666666666667,,,0.3378245894772435,0.6645819244115188,1,,,,,,,,,SYNTHETIC_GP3,0.3378245894772435,0.6645819244115188,0.33,0.66,normalised
7.033333333333333,,,0.3359239693847412,0.6563050757481714,1,,,,,,,,,SYNTHETIC_GP3,0.3359239693847412,0.6563050757481714,0.33,0.66,normalised
7.05,,,0.329192485266051,0.6556783363735128,1,,,,,,,,,SYNTHETIC_GP3,0.329192485266051,0.6556783363735128,0.33,0.66,normalised
7.066666666666666,,,0.3340230526285345,0.6600197122471605,1,,,,,,,,,SYNTHETIC_GP3,0.3340230526285345,0.6600197122471605,0.33,0.66,normalised
7.083333333333333,,,0.3277073568803761,0.6559213828141971,1,,,,,,,,,SYNTHETIC_GP3,0.3277073568803761,0.6559213828141971,0.33,0.66,normalised
7.1,,,0.332379601358821,0.6578761745600209,1,,,,,,,,,SYNTHETIC_GP3,0.332379601358821,0.6578761745600209,0.33,0.66,normalised
7.116666666666666,,,0.3273156544373106,0.6609265747804915,1,,,,,,,,,SYNTHETIC_GP3,0.3273156544373106,0.6609265747804915,0.33,0.66,normalised
7.133333333333333,,,0.3348734662302796,0.6530103211727496,1,,,,,,,,,SYNTHETIC_GP3,0.3348734662302796,0.6530103211727496,0.33,0.66,normalised
7.15,,,0.3438574839600454,0.6605530252465195,1,,,,,,,,,SYNTHETIC_GP3,0.3438574839600454,0.6605530252465195,0.33,0.66,normalised
7.166666666666667,,,0.3378833600539494,0.6614032283454577,1,,,,,,,,,SYNTHETIC_GP3,0.3378833600539494,0.6614032283454577,0.33,0.66,normalised
7.183333333333334,,,0.3349231176873713,0.6586407848712326,1,,,,,,,,,SYNTHETIC_GP3,0.3349231176873713,0.6586407848712326,0.33,0.66,normalised
7.2,,,0.3283885139435462,0.6628384478083504,1,,,,,,,,,SYNTHETIC_GP3,0.3283885139435462,0.6628384478083504,0.33,0.66,normalised
7.216666666666667,,,0.3335210320500744,0.6570247172161341,1,,,,,,,,,SYNTHETIC_GP3,0.3335210320500744,0.6570247172161341,0.33,0.66,normalised
7.233333333333333,,,0.3367382243807608,0.6583843739188215,1,,,,,,,,,SYNTHETIC_GP3,0.3367382243807608,0.6583843739188215,0.33,0.66,normalised
7.25,,,0.3316464678710371,0.6524098867298441,1,,,,,,,,,SYNTHETIC_GP3,0.3316464678710371,0.6524098867298441,0.33,0.66,normalised
7.266666666666667,,,0.3325171142193148,0.6477520807687704,1,,,,,,,,,SYNTHETIC_GP3,0.3325171142193148,0.6477520807687704,0.33,0.66,normalised
7.283333333333333,,,0.3252226292812903,0.6551212559615872,1,,,,,,,,,SYNTHETIC_GP3,0.3252226292812903,0.6551212559615872,0.33,0.66,normalised
7.3,,,0.328578318059232,0.6591160149596058,1,,,,,,,,,SYNTHETIC_GP3,0.328578318059232,0.6591160149596058,0.33,0.66,normalised
7.316666666666666,,,0.3246065893529333,0.6593854702181968,1,,,,,,,,,SYNTHETIC_GP3,0.3246065893529333,0.6593854702181968,0.33,0.66,normalised
7.333333333333333,,,0.339657876424483,0.6581868814153671,1,,,,,,,,,SYNTHETIC_GP3,0.339657876424483,0.6581868814153671,0.33,0.66,normalised
7.35,,,0.3338905285169751,0.6582004257541534,1,,,,,,,,,SYNTHETIC_GP3,0.3338905285169751,0.6582004257541534,0.33,0.66,normalised
7.366666666666666,,,0.3348987639076215,0.6588871523441658,1,,,,,,,,,SYNTHETIC_GP3,0.3348987639076215,0.6588871523441658,0.33,0.66,normalised
7.383333333333333,,,0.3311892054318384,0.6594989210369007,1,,,,,,,,,SYNTHETIC_GP3,0.3311892054318384,0.6594989210369007,0.33,0.66,normalised
7.399999999999999,,,0.3261573389001304,0.6562932092372669,1,,,,,,,,,SYNTHETIC_GP3,0.3261573389001304,0.6562932092372669,0.33,0.66,normalised
7.416666666666667,,,0.3327038833353086,0.653017204703451,1,,,,,,,,,SYNTHETIC_GP3,0.3327038833353086,0.653017204703451,0.33,0.66,normalised
7.433333333333334,,,0.3294540445782558,0.6617743068896569,1,,,,,,,,,SYNTHETIC_GP3,0.3294540445782558,0.6617743068896569,0.33,0.66,normalised
7.45,,,0.3281206946617301,0.654015257143588,1,,,,,,,,,SYNTHETIC_GP3,0.3281206946617301,0.654015257143588,0.33,0.66,normalised
7.466666666666667,,,0.3322216437510468,0.6651669824073606,1,,,,,,,,,SYNTHETIC_GP3,0.3322216437510468,0.6651669824073606,0.33,0.66,normalised
7.483333333333333,,,0.3324392732601551,0.6550680606869107,1,,,,,,,,,SYNTHETIC_GP3,0.3324392732601551,0.6550680606869107,0.33,0.66,normalised
7.5,,,0.3312780294730225,0.6578488595689623,1,,,,,,,,,SYNTHETIC_GP3,0.3312780294730225,0.6578488595689623,0.33,0.66,normalised
7.516666666666667,,,0.3289029248735546,0.6629354260045507,1,,,,,,,,,SYNTHETIC_GP3,0.3289029248735546,0.6629354260045507,0.33,0.66,normalised
7.533333333333333,,,0.3280565286633115,0.6573901289748777,1,,,,,,,,,SYNTHETIC_GP3,0.3280565286633115,0.6573901289748777,0.33,0.66,normalised
7.55,,,0.3320252823252009,0.6545200143841149,1,,,,,,,,,SYNTHETIC_GP3,0.3320252823252009,0.6545200143841149,0.33,0.66,normalised
7.566666666666666,,,0.3368899412457652,0.658469155677795,1,,,,,,,,,SYNTHETIC_GP3,0.3368899412457652,0.658469155677795,0.33,0.66,normalised
7.583333333333333,,,0.3255827595176804,0.6628099142392533,1,,,,,,,,,SYNTHETIC_GP3,0.3255827595176804,0.6628099142392533,0.33,0.66,normalised
7.6,,,0.3293712720262737,0.659146909993821,1,,,,,,,,,SYNTHETIC_GP3,0.3293712720262737,0.659146909993821,0.33,0.66,normalised
7.616666666666666,,,0.3313505668537908,0.6584919817411283,1,,,,,,,,,SYNTHETIC_GP3,0.3313505668537908,0.6584919817411283,0.33,0.66,normalised
7.633333333333333,,,0.3313650480405583,0.658731595127978,1,,,,,,,,,SYNTHETIC_GP3,0.3313650480405583,0.658731595127978,0.33,0.66,normalised
7.649999999999999,,,0.3296289463030222,0.6641742062719913,1,,,,,,,,,SYNTHETIC_GP3,0.3296289463030222,0.6641742062719913,0.33,0.66,normalised
7.666666666666667,,,0.3397140261948762,0.6541546581703979,1,,,,,,,,,SYNTHETIC_GP3,0.3397140261948762,0.6541546581703979,0.33,0.66,normalised
7.683333333333334,,,0.3335991964801157,0.660315587970559,1,,,,,,,,,SYNTHETIC_GP3,0.3335991964801157,0.660315587970559,0.33,0.66,normalised
7.7,,,0.3280584661054327,0.6686804637370237,1,,,,,,,,,SYNTHETIC_GP3,0.3280584661054327,0.6686804637370237,0.33,0.66,normalised
7.716666666666667,,,0.3244714764237218,0.6592279372791724,1,,,,,,,,,SYNTHETIC_GP3,0.3244714764237218,0.6592279372791724,0.33,0.66,normalised
7.733333333333333,,,0.3313114005039208,0.66246805709853,1,,,,,,,,,SYNTHETIC_GP3,0.3313114005039208,0.66246805709853,0.33,0.66,normalised
7.75,,,0.3379178750266577,0.6563869877490275,1,,,,,,,,,SYNTHETIC_GP3,0.3379178750266577,0.6563869877490275,0.33,0.66,normalised
7.766666666666667,,,0.3327710684069433,0.657090438807089,1,,,,,,,,,SYNTHETIC_GP3,0.3327710684069433,0.657090438807089,0.33,0.66,normalised
7.783333333333333,,,0.3227360360882905,0.6595086376023443,1,,,,,,,,,SYNTHETIC_GP3,0.3227360360882905,0.6595086376023443,0.33,0.66,normalised
7.8,,,0.3264922264773031,0.6588711003244403,1,,,,,,,,,SYNTHETIC_GP3,0.3264922264773031,0.6588711003244403,0.33,0.66,normalised
7.816666666666666,,,0.3324916678339503,0.655361413251806,1,,,,,,,,,SYNTHETIC_GP3,0.3324916678339503,0.655361413251806,0.33,0.66,normalised
7.833333333333333,,,0.3362704410460314,0.6624282875956266,1,,,,,,,,,SYNTHETIC_GP3,0.3362704410460314,0.6624282875956266,0.33,0.66,normalised
7.85,,,0.3325642978674296,0.6573504871948402,1,,,,,,,,,SYNTHETIC_GP3,0.3325642978674296,0.6573504871948402,0.33,0.66,normalised
7.866666666666666,,,0.3325971732421844,0.66206477383414,1,,,,,,,,,SYNTHETIC_GP3,0.3325971732421844,0.66206477383414,0.33,0.66,normalised
7.883333333333333,,,0.3362919853791582,0.6588659939947872,1,,,,,,,,,SYNTHETIC_GP3,0.3362919853791582,0.6588659939947872,0.33,0.66,normalised
7.899999999999999,,,0.337025013298089,0.6647043521104222,1,,,,,,,,,SYNTHETIC_GP3,0.337025013298089,0.6647043521104222,0.33,0.66,normalised
7.916666666666667,,,0.3292938778982489,0.6585881602174801,1,,,,,,,,,SYNTHETIC_GP3,0.3292938778982489,0.6585881602174801,0.33,0.66,normalised
7.933333333333334,,,0.3337521831173581,0.6558525744117749,1,,,,,,,,,SYNTHETIC_GP3,0.3337521831173581,0.6558525744117749,0.33,0.66,normalised
7.95,,,0.3281704671396026,0.6637426988037323,1,,,,,,,,,SYNTHETIC_GP3,0.3281704671396026,0.6637426988037323,0.33,0.66,normalised
7.966666666666667,,,0.3276937208105735,0.6537101261043683,1,,,,,,,,,SYNTHETIC_GP3,0.3276937208105735,0.6537101261043683,0.33,0.66,normalised
7.983333333333333,,,0.3343533625801575,0.657753330659334,1,,,,,,,,,SYNTHETIC_GP3,0.3343533625801575,0.657753330659334,0.33,0.66,normalised
8.0,,,0.3263062365321493,0.6580354028062347,1,,,,,,,,,SYNTHETIC_GP3,0.3263062365321493,0.6580354028062347,0.33,0.66,normalised
8.016666666666666,,,0.3326794554692189,0.6633436948218594,1,,,,,,,,,SYNTHETIC_GP3,0.3326794554692189,0.6633436948218594,0.33,0.66,normalised
8.033333333333333,,,0.3332567961225111,0.6610377937052838,1,,,,,,,,,SYNTHETIC_GP3,0.3332567961225111,0.6610377937052838,0.33,0.66,normalised
8.05,,,0.3354451504382017,0.6599198242823774,1,,,,,,,,,SYNTHETIC_GP3,0.3354451504382017,0.6599198242823774,0.33,0.66,normalised
8.066666666666666,,,0.3273982832470027,0.665650873860398,1,,,,,,,,,SYNTHETIC_GP3,0.3273982832470027,0.665650873860398,0.33,0.66,normalised
8.083333333333334,,,0.3335232648054618,0.659665094083056,1,,,,,,,,,SYNTHETIC_GP3,0.3335232648054618,0.659665094083056,0.33,0.66,normalised
8.1,,,0.3314982872547354,0.6538998651156815,1,,,,,,,,,SYNTHETIC_GP3,0.3314982872547354,0.6538998651156815,0.33,0.66,normalised
8.116666666666667,,,0.3379442409646631,0.6546236392980064,1,,,,,,,,,SYNTHETIC_GP3,0.3379442409646631,0.6546236392980064,0.33,0.66,normalised
8.133333333333333,,,0.3290289910567389,0.6534697008741137,1,,,,,,,,,SYNTHETIC_GP3,0.3290289910567389,0.6534697008741137,0.33,0.66,normalised
8.15,,,0.3275599174718147,0.6589891785631604,1,,,,,,,,,SYNTHETIC_GP3,0.3275599174718147,0.6589891785631604,0.33,0.66,normalised
8.166666666666666,,,0.3340008845468354,0.658790938403524,1,,,,,,,,,SYNTHETIC_GP3,0.3340008845468354,0.658790938403524,0.33,0.66,normalised
8.183333333333334,,,0.3285767512012459,0.6604688223056964,1,,,,,,,,,SYNTHETIC_GP3,0.3285767512012459,0.6604688223056964,0.33,0.66,normalised
8.2,,,0.3268228092405799,0.6599934915832629,1,,,,,,,,,SYNTHETIC_GP3,0.3268228092405799,0.6599934915832629,0.33,0.66,normalised
8.216666666666667,,,0.3356402870267169,0.6598002052870566,1,,,,,,,,,SYNTHETIC_GP3,0.3356402870267169,0.6598002052870566,0.33,0.66,normalised
8.233333333333333,,,0.3337215454945463,0.6658268781918502,1,,,,,,,,,SYNTHETIC_GP3,0.3337215454945463,0.6658268781918502,0.33,0.66,normalised
8.25,,,0.3195543100963847,0.6603764802741223,1,,,,,,,,,SYNTHETIC_GP3,0.3195543100963847,0.6603764802741223,0.33,0.66,normalised
8.266666666666666,,,0.3283160604571496,0.6557356963162957,1,,,,,,,,,SYNTHETIC_GP3,0.3283160604571496,0.6557356963162957,0.33,0.66,normalised
8.283333333333333,,,0.3275678520530705,0.6571651292919073,1,,,,,,,,,SYNTHETIC_GP3,0.3275678520530705,0.6571651292919073,0.33,0.66,normalised
8.3,,,0.3345773893185054,0.6571258278139523,1,,,,,,,,,SYNTHETIC_GP3,0.3345773893185054,0.6571258278139523,0.33,0.66,normalised
8.316666666666666,,,0.3378902517363432,0.6587619317556819,1,,,,,,,,,SYNTHETIC_GP3,0.3378902517363432,0.6587619317556819,0.33,0.66,normalised
8.333333333333334,,,0.3402324611724278,0.6532294026943826,1,,,,,,,,,SYNTHETIC_GP3,0.3402324611724278,0.6532294026943826,0.33,0.66,normalised
8.35,,,0.5048245041690075,0.5033264757150235,1,,,,,,,,,SYNTHETIC_GP3,0.5048245041690075,0.5033264757150235,0.5,0.5,normalised
8.366666666666667,,,0.4976159529298261,0.4940799266612405,1,,,,,,,,,SYNTHETIC_GP3,0.4976159529298261,0.4940799266612405,0.5,0.5,normalised
8.383333333333333,,,0.4974749109454613,0.5010030977562844,1,,,,,,,,,SYNTHETIC_GP3,0.4974749109454613,0.5010030977562844,0.5,0.5,normalised
8.4,,,0.4981890572563052,0.5025115334828183,1,,,,,,,,,SYNTHETIC_GP3,0.4981890572563052,0.5025115334828183,0.5,0.5,normalised
8.416666666666666,,,,,0,,,,,,,,,SYNTHETIC_GP3,,,0.5,0.5,normalised
8.433333333333334,,,0.5070616847576606,0.4998094903255371,1,,,,,,,,,SYNTHETIC_GP3,0.5070616847576606,0.4998094903255371,0.5,0.5,normalised
8.45,,,0.4943289758348582,0.4993026190246175,1,,,,,,,,,SYNTHETIC_GP3,0.4943289758348582,0.4993026190246175,0.5,0.5,normalised
8.466666666666667,,,0.5044369796463332,0.5056148149209501,1,,,,,,,,,SYNTHETIC_GP3,0.5044369796463332,0.5056148149209501,0.5,0.5,normalised
8.483333333333333,,,0.50571142384065,0.5021518399838127,1,,,,,,,,,SYNTHETIC_GP3,0.50571142384065,0.5021518399838127,0.5,0.5,normalised
8.5,,,0.5032638778974058,0.4938347053045416,1,,,,,,,,,SYNTHETIC_GP3,0.5032638778974058,0.4938347053045416,0.5,0.5,normalised
8.516666666666666,,,0.5149449295362313,0.501536775901758,1,,,,,,,,,SYNTHETIC_GP3,0.5149449295362313,0.501536775901758,0.5,0.5,normalised
8.533333333333333,,,0.5041409954135364,0.4947661565477791,1,,,,,,,,,SYNTHETIC_GP3,0.5041409954135364,0.4947661565477791,0.5,0.5,normalised
8.55,,,0.5021299673327864,0.5023388817144172,1,,,,,,,,,SYNTHETIC_GP3,0.5021299673327864,0.5023388817144172,0.5,0.5,normalised
8.566666666666666,,,0.5044420861724178,0.5022590277551766,1,,,,,,,,,SYNTHETIC_GP3,0.5044420861724178,0.5022590277551766,0.5,0.5,normalised
8.583333333333334,,,0.4998232929633828,0.5094725907610838,1,,,,,,,,,SYNTHETIC_GP3,0.4998232929633828,0.5094725907610838,0.5,0.5,normalised
8.6,,,0.4976029401859294,0.4997925902517768,1,,,,,,,,,SYNTHETIC_GP3,0.4976029401859294,0.4997925902517768,0.5,0.5,normalised
8.616666666666667,,,0.5036887213571384,0.498402026515999,1,,,,,,,,,SYNTHETIC_GP3,0.5036887213571384,0.498402026515999,0.5,0.5,normalised
8.633333333333333,,,0.5066145031154449,0.4980559491383414,1,,,,,,,,,SYNTHETIC_GP3,0.5066145031154449,0.4980559491383414,0.5,0.5,normalised
8.65,,,0.5010602503990008,0.5016387855500883,1,,,,,,,,,SYNTHETIC_GP3,0.5010602503990008,0.5016387855500883,0.5,0.5,normalised
8.666666666666666,,,0.5057028797520796,0.5012952400535664,1,,,,,,,,,SYNTHETIC_GP3,0.5057028797520796,0.5012952400535664,0.5,0.5,normalised
8.683333333333334,,,0.5004969051774982,0.5011365032259407,1,,,,,,,,,SYNTHETIC_GP3,0.5004969051774982,0.5011365032259407,0.5,0.5,normalised
8.7,,,0.5085255646344037,0.5041117377847089,1,,,,,,,,,SYNTHETIC_GP3,0.5085255646344037,0.5041117377847089,0.5,0.5,normalised
8.716666666666667,,,0.502859158539869,0.5013301394581577,1,,,,,,,,,SYNTHETIC_GP3,0.502859158539869,0.5013301394581577,0.5,0.5,normalised
8.733333333333333,,,0.504137255458308,0.4933386339151518,1,,,,,,,,,SYNTHETIC_GP3,0.504137255458308,0.4933386339151518,0.5,0.5,normalised
8.75,,,0.5050646624979005,0.4973999544780477,1,,,,,,,,,SYNTHETIC_GP3,0.5050646624979005,0.4973999544780477,0.5,0.5,normalised
8.766666666666666,,,0.4965916877683412,0.4997199341966049,1,,,,,,,,,SYNTHETIC_GP3,0.4965916877683412,0.4997199341966049,0.5,0.5,normalised
8.783333333333333,,,0.5012714902800739,0.5011132311292115,1,,,,,,,,,SYNTHETIC_GP3,0.5012714902800739,0.5011132311292115,0.5,0.5,normalised
8.8,,,0.5093621096353889,0.4945987392602273,1,,,,,,,,,SYNTHETIC_GP3,0.5093621096353889,0.4945987392602273,0.5,0.5,normalised
8.816666666666666,,,0.5021459702805584,0.5037668583457526,1,,,,,,,,,SYNTHETIC_GP3,0.5021459702805584,0.5037668583457526,0.5,0.5,normalised
8.833333333333334,,,0.50761042701064,0.4977560677747051,1,,,,,,,,,SYNTHETIC_GP3,0.50761042701064,0.4977560677747051,0.5,0.5,normalised
8.85,,,0.5055363633583948,0.5029653160234476,1,,,,,,,,,SYNTHETIC_GP3,0.5055363633583948,0.5029653160234476,0.5,0.5,normalised
8.866666666666667,,,0.494689083861203,0.5026872052512953,1,,,,,,,,,SYNTHETIC_GP3,0.494689083861203,0.5026872052512953,0.5,0.5,normalised
8.883333333333333,,,0.5048294826843055,0.4966848474101527,1,,,,,,,,,SYNTHETIC_GP3,0.5048294826843055,0.4966848474101527,0.5,0.5,normalised
8.9,,,0.4976468478140571,0.5019462325903656,1,,,,,,,,,SYNTHETIC_GP3,0.4976468478140571,0.5019462325903656,0.5,0.5,normalised
8.916666666666666,,,0.5030449238442015,0.5039996108796266,1,,,,,,,,,SYNTHETIC_GP3,0.5030449238442015,0.5039996108796266,0.5,0.5,normalised
8.933333333333334,,,0.5003375946004303,0.4998645538433386,1,,,,,,,,,SYNTHETIC_GP3,0.5003375946004303,0.4998645538433386,0.5,0.5,normalised
8.95,,,0.5020870469855199,0.5019049723112667,1,,,,,,,,,SYNTHETIC_GP3,0.5020870469855199,0.5019049723112667,0.5,0.5,normalised
8.966666666666667,,,0.5017164872319769,0.4946208837184357,1,,,,,,,,,SYNTHETIC_GP3,0.5017164872319769,0.4946208837184357,0.5,0.5,normalised
8.983333333333333,,,0.5029706720877103,0.4945510042213895,1,,,,,,,,,SYNTHETIC_GP3,0.5029706720877103,0.4945510042213895,0.5,0.5,normalised
9.0,,,0.5002067469476154,0.5009836003669538,1,,,,,,,,,SYNTHETIC_GP3,0.5002067469476154,0.5009836003669538,0.5,0.5,normalised
9.016666666666666,,,0.4965961041302127,0.4919243735450397,1,,,,,,,,,SYNTHETIC_GP3,0.4965961041302127,0.4919243735450397,0.5,0.5,normalised
9.033333333333331,,,0.4979601821840534,0.4967810874787309,1,,,,,,,,,SYNTHETIC_GP3,0.4979601821840534,0.4967810874787309,0.5,0.5,normalised
9.05,,,0.5056649596976973,0.4988846414807833,1,,,,,,,,,SYNTHETIC_GP3,0.5056649596976973,0.4988846414807833,0.5,0.5,normalised
9.066666666666666,,,0.5088979749311583,0.5019477752255004,1,,,,,,,,,SYNTHETIC_GP3,0.5088979749311583,0.5019477752255004,0.5,0.5,normalised
9.083333333333334,,,0.5029302870665268,0.5047884519638836,1,,,,,,,,,SYNTHETIC_GP3,0.5029302870665268,0.5047884519638836,0.5,0.5,normalised
9.1,,,0.5053691895051224,0.5032020878982267,1,,,,,,,,,SYNTHETIC_GP3,0.5053691895051224,0.5032020878982267,0.5,0.5,normalised
9.116666666666667,,,0.5059074154053199,0.4941473577173114,1,,,,,,,,,SYNTHETIC_GP3,0.5059074154053199,0.4941473577173114,0.5,0.5,normalised
9.133333333333333,,,0.4965367052729397,0.4979255359563387,1,,,,,,,,,SYNTHETIC_GP3,0.4965367052729397,0.4979255359563387,0.5,0.5,normalised
9.15,,,0.4945093946904468,0.5009756600241254,1,,,,,,,,,SYNTHETIC_GP3,0.4945093946904468,0.5009756600241254,0.5,0.5,normalised
9.166666666666666,,,0.5017949743835036,0.4976410002271114,1,,,,,,,,,SYNTHETIC_GP3,0.5017949743835036,0.4976410002271114,0.5,0.5,normalised
9.183333333333334,,,0.4944307541412895,0.500976607636591,1,,,,,,,,,SYNTHETIC_GP3,0.4944307541412895,0.500976607636591,0.5,0.5,normalised
9.2,,,0.5009100586260667,0.4952359195056239,1,,,,,,,,,SYNTHETIC_GP3,0.5009100586260667,0.4952359195056239,0.5,0.5,normalised
9.216666666666669,,,0.4960871050292863,0.4954181094630195,1,,,,,,,,,SYNTHETIC_GP3,0.4960871050292863,0.4954181094630195,0.5,0.5,normalised
9.233333333333333,,,0.4995038534869393,0.5099508863452125,1,,,,,,,,,SYNTHETIC_GP3,0.4995038534869393,0.5099508863452125,0.5,0.5,normalised
9.25,,,0.4989952525320573,0.497452661043376,1,,,,,,,,,SYNTHETIC_GP3,0.4989952525320573,0.497452661043376,0.5,0.5,normalised
9.266666666666666,,,0.5040799898030413,0.498909926079923,1,,,,,,,,,SYNTHETIC_GP3,0.5040799898030413,0.498909926079923,0.5,0.5,normalised
9.283333333333331,,,0.4994110259945622,0.5037252491485442,1,,,,,,,,,SYNTHETIC_GP3,0.4994110259945622,0.5037252491485442,0.5,0.5,normalised
9.3,,,0.4974089870666984,0.4992662922660615,1,,,,,,,,,SYNTHETIC_GP3,0.4974089870666984,0.4992662922660615,0.5,0.5,normalised
9.316666666666666,,,0.5021952201935518,0.5047491547147569,1,,,,,,,,,SYNTHETIC_GP3,0.5021952201935518,0.5047491547147569,0.5,0.5,normalised
9.333333333333334,,,0.5138687358835834,0.5096033444907457,1,,,,,,,,,SYNTHETIC_GP3,0.5138687358835834,0.5096033444907457,0.5,0.5,normalised
9.35,,,0.50397110055914,0.5004722917884111,1,,,,,,,,,SYNTHETIC_GP3,0.50397110055914,0.5004722917884111,0.5,0.5,normalised
9.366666666666667,,,0.4942202950405301,0.5115588376751442,1,,,,,,,,,SYNTHETIC_GP3,0.4942202950405301,0.5115588376751442,0.5,0.5,normalised
9.383333333333333,,,0.5023652557315801,0.4977081543631003,1,,,,,,,,,SYNTHETIC_GP3,0.5023652557315801,0.4977081543631003,0.5,0.5,normalised
9.4,,,0.512284389020094,0.4897627654149808,1,,,,,,,,,SYNTHETIC_GP3,0.512284389020094,0.4897627654149808,0.5,0.5,normalised
9.416666666666666,,,0.5026765671825897,0.5007855071171762,1,,,,,,,,,SYNTHETIC_GP3,0.5026765671825897,0.5007855071171762,0.5,0.5,normalised
9.433333333333334,,,0.5071226635905944,0.5016982773320767,1,,,,,,,,,SYNTHETIC_GP3,0.5071226635905944,0.5016982773320767,0.5,0.5,normalised
9.45,,,0.5064404570627999,0.4943292461733484,1,,,,,,,,,SYNTHETIC_GP3,0.5064404570627999,0.4943292461733484,0.5,0.5,normalised
9.466666666666669,,,0.5067534991679243,0.4939883987279674,1,,,,,,,,,SYNTHETIC_GP3,0.5067534991679243,0.4939883987279674,0.5,0.5,normalised
9.483333333333333,,,0.5062031789917986,0.4958062247981672,1,,,,,,,,,SYNTHETIC_GP3,0.5062031789917986,0.4958062247981672,0.5,0.5,normalised
9.5,,,0.5031305985385319,0.4926276995814825,1,,,,,,,,,SYNTHETIC_GP3,0.5031305985385319,0.4926276995814825,0.5,0.5,normalised
9.516666666666666,,,0.5012627344033038,0.4992976036658278,1,,,,,,,,,SYNTHETIC_GP3,0.5012627344033038,0.4992976036658278,0.5,0.5,normalised
9.533333333333331,,,0.5008858032430084,0.4965218288183279,1,,,,,,,,,SYNTHETIC_GP3,0.5008858032430084,0.4965218288183279,0.5,0.5,normalised
9.55,,,0.5024810855696314,0.5062009054763659,1,,,,,,,,,SYNTHETIC_GP3,0.5024810855696314,0.5062009054763659,0.5,0.5,normalised
9.566666666666666,,,0.5037081364658244,0.503728352428015,1,,,,,,,,,SYNTHETIC_GP3,0.5037081364658244,0.503728352428015,0.5,0.5,normalised
9.583333333333334,,,0.4968973100207309,0.4983446005764091,1,,,,,,,,,SYNTHETIC_GP3,0.4968973100207309,0.4983446005764091,0.5,0.5,normalised
9.6,,,0.5008781684866174,0.4984788018076488,1,,,,,,,,,SYNTHETIC_GP3,0.5008781684866174,0.4984788018076488,0.5,0.5,normalised
9.616666666666667,,,0.5018377521700677,0.5049571515529498,1,,,,,,,,,SYNTHETIC_GP3,0.5018377521700677,0.5049571515529498,0.5,0.5,normalised
9.633333333333333,,,0.5024314366186826,0.5024979230316065,1,,,,,,,,,SYNTHETIC_GP3,0.5024314366186826,0.5024979230316065,0.5,0.5,normalised
9.65,,,0.5007612564739511,0.4933173178428304,1,,,,,,,,,SYNTHETIC_GP3,0.5007612564739511,0.4933173178428304,0.5,0.5,normalised
9.666666666666666,,,0.5052256095626491,0.5000454555720206,1,,,,,,,,,SYNTHETIC_GP3,0.5052256095626491,0.5000454555720206,0.5,0.5,normalised
9.683333333333334,,,0.5015840383164867,0.5010436890045245,1,,,,,,,,,SYNTHETIC_GP3,0.5015840383164867,0.5010436890045245,0.5,0.5,normalised
9.7,,,0.5004982439968466,0.5001567426543503,1,,,,,,,,,SYNTHETIC_GP3,0.5004982439968466,0.5001567426543503,0.5,0.5,normalised
9.716666666666669,,,0.4970525562412953,0.5030953686327386,1,,,,,,,,,SYNTHETIC_GP3,0.4970525562412953,0.5030953686327386,0.5,0.5,normalised
9.733333333333333,,,0.4988904034203861,0.4974964646447192,1,,,,,,,,,SYNTHETIC_GP3,0.4988904034203861,0.4974964646447192,0.5,0.5,normalised
9.75,,,0.5029184496659718,0.4921874254256997,1,,,,,,,,,SYNTHETIC_GP3,0.5029184496659718,0.4921874254256997,0.5,0.5,normalised
9.766666666666666,,,0.5024767028775595,0.5035269167122198,1,,,,,,,,,SYNTHETIC_GP3,0.5024767028775595,0.5035269167122198,0.5,0.5,normalised
9.783333333333331,,,0.4938451757302151,0.4951420038543473,1,,,,,,,,,SYNTHETIC_GP3,0.4938451757302151,0.4951420038543473,0.5,0.5,normalised
9.8,,,0.505697213724259,0.4974581783839022,1,,,,,,,,,SYNTHETIC_GP3,0.505697213724259,0.4974581783839022,0.5,0.5,normalised
9.816666666666666,,,0.499189565865463,0.5003305981753352,1,,,,,,,,,SYNTHETIC_GP3,0.499189565865463,0.5003305981753352,0.5,0.5,normalised
9.833333333333334,,,0.4983923041887714,0.493673893375823,1,,,,,,,,,SYNTHETIC_GP3,0.4983923041887714,0.493673893375823,0.5,0.5,normalised
9.85,,,0.5064588429440734,0.4986215360932628,1,,,,,,,,,SYNTHETIC_GP3,0.5064588429440734,0.4986215360932628,0.5,0.5,normalised
9.866666666666667,,,0.5066534042259575,0.4949395964801873,1,,,,,,,,,SYNTHETIC_GP3,0.5066534042259575,0.4949395964801873,0.5,0.5,normalised
9.883333333333333,,,0.4991543623970927,0.4964627933645237,1,,,,,,,,,SYNTHETIC_GP3,0.4991543623970927,0.4964627933645237,0.5,0.5,normalised
9.9,,,0.5005775285090126,0.4950991387678194,1,,,,,,,,,SYNTHETIC_GP3,0.5005775285090126,0.4950991387678194,0.5,0.5,normalised
9.916666666666666,,,0.4971037901622629,0.4943371822391271,1,,,,,,,,,SYNTHETIC_GP3,0.4971037901622629,0.4943371822391271,0.5,0.5,normalised
9.933333333333334,,,0.5052569075726642,0.5024264107617099,1,,,,,,,,,SYNTHETIC_GP3,0.5052569075726642,0.5024264107617099,0.5,0.5,normalised
9.95,,,0.5056187104665962,0.5017848013458249,1,,,,,,,,,SYNTHETIC_GP3,0.5056187104665962,0.5017848013458249,0.5,0.5,normalised
9.966666666666669,,,0.5002447489016273,0.4995432085193206,1,,,,,,,,,SYNTHETIC_GP3,0.5002447489016273,0.4995432085193206,0.5,0.5,normalised
9.983333333333333,,,0.5075667379089218,0.4967395996866781,1,,,,,,,,,SYNTHETIC_GP3,0.5075667379089218,0.4967395996866781,0.5,0.5,normalised
10.0,,,0.5056743321912481,0.4941673832083003,1,,,,,,,,,SYNTHETIC_GP3,0.5056743321912481,0.4941673832083003,0.5,0.5,normalised
10.016666666666666,,,0.5015051591204444,0.4889226213478315,1,,,,,,,,,SYNTHETIC_GP3,0.5015051591204444,0.4889226213478315,0.5,0.5,normalised
10.033333333333331,,,0.5048863392169509,0.4966843964783418,1,,,,,,,,,SYNTHETIC_GP3,0.5048863392169509,0.4966843964783418,0.5,0.5,normalised
10.05,,,0.4953813109829943,0.4976482199496181,1,,,,,,,,,SYNTHETIC_GP3,0.4953813109829943,0.4976482199496181,0.5,0.5,normalised
10.066666666666666,,,0.500948819882518,0.5002290184588427,1,,,,,,,,,SYNTHETIC_GP3,0.500948819882518,0.5002290184588427,0.5,0.5,normalised
10.083333333333334,,,0.5030066263360295,0.5027410119928809,1,,,,,,,,,SYNTHETIC_GP3,0.5030066263360295,0.5027410119928809,0.5,0.5,normalised
10.1,,,,,0,,,,,,,,,SYNTHETIC_GP3,,,0.5,0.5,normalised
10.116666666666667,,,0.5101997955866652,0.4992889381466966,1,,,,,,,,,SYNTHETIC_GP3,0.5101997955866652,0.4992889381466966,0.5,0.5,normalised
10.133333333333333,,,0.5032421316287977,0.4964614930511341,1,,,,,,,,,SYNTHETIC_GP3,0.5032421316287977,0.4964614930511341,0.5,0.5,normalised
10.15,,,0.5034658439221205,0.498348081602315,1,,,,,,,,,SYNTHETIC_GP3,0.5034658439221205,0.498348081602315,0.5,0.5,normalised
10.166666666666666,,,0.4966880299477734,0.50107651595253,1,,,,,,,,,SYNTHETIC_GP3,0.4966880299477734,0.50107651595253,0.5,0.5,normalised
10.183333333333334,,,0.5012500498604575,0.4952401567851872,1,,,,,,,,,SYNTHETIC_GP3,0.5012500498604575,0.4952401567851872,0.5,0.5,normalised
10.2,,,0.4988659121873844,0.4987422476062174,1,,,,,,,,,SYNTHETIC_GP3,0.4988659121873844,0.4987422476062174,0.5,0.5,normalised
10.216666666666669,,,0.51139506419128,0.4992240253391659,1,,,,,,,,,SYNTHETIC_GP3,0.51139506419128,0.4992240253391659,0.5,0.5,normalised
10.233333333333333,,,0.5003374843713946,0.4951997591452871,1,,,,,,,,,SYNTHETIC_GP3,0.5003374843713946,0.4951997591452871,0.5,0.5,normalised
10.25,,,0.5024762306098252,0.4945279732022823,1,,,,,,,,,SYNTHETIC_GP3,0.5024762306098252,0.4945279732022823,0.5,0.5,normalised
10.266666666666666,,,0.5068632324365849,0.5044276929984612,1,,,,,,,,,SYNTHETIC_GP3,0.5068632324365849,0.5044276929984612,0.5,0.5,normalised
10.283333333333331,,,0.5046266624007643,0.5021818985048255,1,,,,,,,,,SYNTHETIC_GP3,0.5046266624007643,0.5021818985048255,0.5,0.5,normalised
10.3,,,0.4963547577798861,0.4976040076039132,1,,,,,,,,,SYNTHETIC_GP3,0.4963547577798861,0.4976040076039132,0.5,0.5,normalised
10.316666666666666,,,0.5045540831364206,0.4988174232025389,1,,,,,,,,,SYNTHETIC_GP3,0.5045540831364206,0.4988174232025389,0.5,0.5,normalised
10.333333333333334,,,0.504841250319221,0.5021285792433302,1,,,,,,,,,SYNTHETIC_GP3,0.504841250319221,0.5021285792433302,0.5,0.5,normalised
10.35,,,0.501273410267743,0.494977239342497,1,,,,,,,,,SYNTHETIC_GP3,0.501273410267743,0.494977239342497,0.5,0.5,normalised
10.366666666666667,,,0.5038571814738348,0.498848782970311,1,,,,,,,,,SYNTHETIC_GP3,0.5038571814738348,0.498848782970311,0.5,0.5,normalised
10.383333333333333,,,0.5024189241635594,0.5023651484455947,1,,,,,,,,,SYNTHETIC_GP3,0.5024189241635594,0.5023651484455947,0.5,0.5,normalised
10.4,,,0.4964584866652241,0.4956921876155306,1,,,,,,,,,SYNTHETIC_GP3,0.4964584866652241,0.4956921876155306,0.5,0.5,normalised
10.416666666666666,,,0.4997460051746079,0.4998819381605652,1,,,,,,,,,SYNTHETIC_GP3,0.4997460051746079,0.4998819381605652,0.5,0.5,normalised
10.433333333333334,,,0.5020828647118426,0.4912021455377564,1,,,,,,,,,SYNTHETIC_GP3,0.5020828647118426,0.4912021455377564,0.5,0.5,normalised
10.45,,,0.4996542355064373,0.4992722574631966,1,,,,,,,,,SYNTHETIC_GP3,0.4996542355064373,0.4992722574631966,0.5,0.5,normalised
10.466666666666669,,,0.5041561821939882,0.4984862524221218,1,,,,,,,,,SYNTHETIC_GP3,0.5041561821939882,0.4984862524221218,0.5,0.5,normalised
10.483333333333333,,,0.5060078767402886,0.5065964717759666,1,,,,,,,,,SYNTHETIC_GP3,0.5060078767402886,0.5065964717759666,0.5,0.5,normalised
10.5,,,0.5030936797078835,0.4999041968218209,1,,,,,,,,,SYNTHETIC_GP3,0.5030936797078835,0.4999041968218209,0.5,0.5,normalised
10.516666666666666,,,0.5005092874327823,0.4971464537066523,1,,,,,,,,,SYNTHETIC_GP3,0.5005092874327823,0.4971464537066523,0.5,0.5,normalised
10.533333333333331,,,0.507451366626258,0.5011375394222206,1,,,,,,,,,SYNTHETIC_GP3,0.507451366626258,0.5011375394222206,0.5,0.5,normalised
10.55,,,0.5025501069302694,0.4998957449475685,1,,,,,,,,,SYNTHETIC_GP3,0.5025501069302694,0.4998957449475685,0.5,0.5,normalised
10.566666666666666,,,0.5034140961850312,0.4951744023131503,1,,,,,,,,,SYNTHETIC_GP3,0.5034140961850312,0.4951744023131503,0.5,0.5,normalised
10.583333333333334,,,0.4989462195986651,0.4990646293349282,1,,,,,,,,,SYNTHETIC_GP3,0.4989462195986651,0.4990646293349282,0.5,0.5,normalised
10.6,,,0.5011294077031326,0.5067791212497023,1,,,,,,,,,SYNTHETIC_GP3,0.5011294077031326,0.5067791212497023,0.5,0.5,normalised
10.616666666666667,,,0.5059924124743361,0.5007608141964427,1,,,,,,,,,SYNTHETIC_GP3,0.5059924124743361,0.5007608141964427,0.5,0.5,normalised
10.633333333333333,,,0.5049749133648144,0.4930295957822474,1,,,,,,,,,SYNTHETIC_GP3,0.5049749133648144,0.4930295957822474,0.5,0.5,normalised
10.65,,,0.5012517238981529,0.4980737103035649,1,,,,,,,,,SYNTHETIC_GP3,0.5012517238981529,0.4980737103035649,0.5,0.5,normalised
10.666666666666666,,,0.5020329766174731,0.5005921631854233,1,,,,,,,,,SYNTHETIC_GP3,0.5020329766174731,0.5005921631854233,0.5,0.5,normalised
10.683333333333334,,,0.5027958989852728,0.4986753662447338,1,,,,,,,,,SYNTHETIC_GP3,0.5027958989852728,0.4986753662447338,0.5,0.5,normalised
10.7,,,0.498235251697985,0.5048025760240504,1,,,,,,,,,SYNTHETIC_GP3,0.498235251697985,0.5048025760240504,0.5,0.5,normalised
10.716666666666669,,,0.5012587048057737,0.4973939108088734,1,,,,,,,,,SYNTHETIC_GP3,0.5012587048057737,0.4973939108088734,0.5,0.5,normalised
10.733333333333333,,,0.4999537450664514,0.5056453744358169,1,,,,,,,,,SYNTHETIC_GP3,0.4999537450664514,0.5056453744358169,0.5,0.5,normalised
10.75,,,0.4964569362844286,0.4966264102083552,1,,,,,,,,,SYNTHETIC_GP3,0.4964569362844286,0.4966264102083552,0.5,0.5,normalised
10.766666666666666,,,0.5026086909883573,0.4991201212290218,1,,,,,,,,,SYNTHETIC_GP3,0.5026086909883573,0.4991201212290218,0.5,0.5,normalised
10.783333333333331,,,0.5014248105975284,0.5038450437707066,1,,,,,,,,,SYNTHETIC_GP3,0.5014248105975284,0.5038450437707066,0.5,0.5,normalised
10.8,,,0.4961447757557387,0.492731758439837,1,,,,,,,,,SYNTHETIC_GP3,0.4961447757557387,0.492731758439837,0.5,0.5,normalised
10.816666666666666,,,0.498819970580325,0.4955599746482123,1,,,,,,,,,SYNTHETIC_GP3,0.498819970580325,0.4955599746482123,0.5,0.5,normalised
10.833333333333334,,,0.5016516419525423,0.5013988073269929,1,,,,,,,,,SYNTHETIC_GP3,0.5016516419525423,0.5013988073269929,0.5,0.5,normalised
10.85,,,0.4904357875308819,0.505075414447973,1,,,,,,,,,SYNTHETIC_GP3,0.4904357875308819,0.505075414447973,0.5,0.5,normalised
10.866666666666667,,,0.5027360135180893,0.4964371501712464,1,,,,,,,,,SYNTHETIC_GP3,0.5027360135180893,0.4964371501712464,0.5,0.5,normalised
10.883333333333333,,,0.5030668939200771,0.5013540766522564,1,,,,,,,,,SYNTHETIC_GP3,0.5030668939200771,0.5013540766522564,0.5,0.5,normalised
10.9,,,0.5045955935161472,0.4944859607359037,1,,,,,,,,,SYNTHETIC_GP3,0.5045955935161472,0.4944859607359037,0.5,0.5,normalised
10.916666666666666,,,0.4996188876891708,0.5012606509018471,1,,,,,,,,,SYNTHETIC_GP3,0.4996188876891708,0.5012606509018471,0.5,0.5,normalised
10.933333333333334,,,0.4963090183366974,0.5053924377723191,1,,,,,,,,,SYNTHETIC_GP3,0.4963090183366974,0.5053924377723191,0.5,0.5,normalised
10.95,,,0.5045131504558069,0.4979078071890667,1,,,,,,,,,SYNTHETIC_GP3,0.5045131504558069,0.4979078071890667,0.5,0.5,normalised
10.966666666666669,,,0.4965000877164185,0.497240354300794,1,,,,,,,,,SYNTHETIC_GP3,0.4965000877164185,0.497240354300794,0.5,0.5,normalised
10.983333333333333,,,0.5041637875702274,0.5042795834722358,1,,,,,,,,,SYNTHETIC_GP3,0.5041637875702274,0.5042795834722358,0.5,0.5,normalised
11.0,,,0.4992971822839976,0.5018749927067832,1,,,,,,,,,SYNTHETIC_GP3,0.4992971822839976,0.5018749927067832,0.5,0.5,normalised
11.016666666666666,,,0.4979513075369153,0.5030680611726385,1,,,,,,,,,SYNTHETIC_GP3,0.4979513075369153,0.5030680611726385,0.5,0.5,normalised
11.033333333333331,,,0.5031773485310506,0.5038026993484324,1,,,,,,,,,SYNTHETIC_GP3,0.5031773485310506,0.5038026993484324,0.5,0.5,normalised
11.05,,,0.5064889779189009,0.4986979542638923,1,,,,,,,,,SYNTHETIC_GP3,0.5064889779189009,0.4986979542638923,0.5,0.5,normalised
11.066666666666666,,,0.5013722398536715,0.503079254229526,1,,,,,,,,,SYNTHETIC_GP3,0.5013722398536715,0.503079254229526,0.5,0.5,normalised
11.083333333333334,,,0.5010170427113657,0.5063258612522924,1,,,,,,,,,SYNTHETIC_GP3,0.5010170427113657,0.5063258612522924,0.5,0.5,normalised
11.1,,,0.4952459379336539,0.4976200774031442,1,,,,,,,,,SYNTHETIC_GP3,0.4952459379336539,0.4976200774031442,0.5,0.5,normalised
11.116666666666667,,,0.50532483231002,0.502658462682285,1,,,,,,,,,SYNTHETIC_GP3,0.50532483231002,0.502658462682285,0.5,0.5,normalised
11.133333333333333,,,0.5022914414379431,0.4974245003584314,1,,,,,,,,,SYNTHETIC_GP3,0.5022914414379431,0.4974245003584314,0.5,0.5,normalised
11.15,,,0.5009132628027453,0.5048919261836878,1,,,,,,,,,SYNTHETIC_GP3,0.5009132628027453,0.5048919261836878,0.5,0.5,normalised
11.166666666666666,,,0.5072335147471934,0.5013541471632452,1,,,,,,,,,SYNTHETIC_GP3,0.5072335147471934,0.5013541471632452,0.5,0.5,normalised
11.183333333333334,,,0.4957302858175742,0.4939562461761439,1,,,,,,,,,SYNTHETIC_GP3,0.4957302858175742,0.4939562461761439,0.5,0.5,normalised
11.2,,,0.4999815460309358,0.4998628113995029,1,,,,,,,,,SYNTHETIC_GP3,0.4999815460309358,0.4998628113995029,0.5,0.5,normalised
11.216666666666669,,,0.5020194007758808,0.4970070698877638,1,,,,,,,,,SYNTHETIC_GP3,0.5020194007758808,0.4970070698877638,0.5,0.5,normalised
11.233333333333333,,,0.5008178082146962,0.5024154012873308,1,,,,,,,,,SYNTHETIC_GP3,0.5008178082146962,0.5024154012873308,0.5,0.5,normalised
11.25,,,0.4922537286808039,0.4984274621660431,1,,,,,,,,,SYNTHETIC_GP3,0.4922537286808039,0.4984274621660431,0.5,0.5,normalised
11.266666666666666,,,0.5033973437261492,0.4986423647464198,1,,,,,,,,,SYNTHETIC_GP3,0.5033973437261492,0.4986423647464198,0.5,0.5,normalised
11.283333333333331,,,0.501878000018421,0.5016994980051614,1,,,,,,,,,SYNTHETIC_GP3,0.501878000018421,0.5016994980051614,0.5,0.5,normalised
11.3,,,0.5060430608469362,0.4972466824587201,1,,,,,,,,,SYNTHETIC_GP3,0.5060430608469362,0.4972466824587201,0.5,0.5,normalised
11.316666666666666,,,0.5101594665945718,0.4882340325994731,1,,,,,,,,,SYNTHETIC_GP3,0.5101594665945718,0.4882340325994731,0.5,0.5,normalised
11.333333333333334,,,0.5012484255688331,0.4969254739010791,1,,,,,,,,,SYNTHETIC_GP3,0.5012484255688331,0.4969254739010791,0.5,0.5,normalised
11.35,,,0.5035378906471295,0.4967107653529303,1,,,,,,,,,SYNTHETIC_GP3,0.5035378906471295,0.4967107653529303,0.5,0.5,normalised
11.366666666666667,,,0.5030122396863123,0.5050953685393866,1,,,,,,,,,SYNTHETIC_GP3,0.5030122396863123,0.5050953685393866,0.5,0.5,normalised
11.383333333333333,,,0.502679148417733,0.4925664520196129,1,,,,,,,,,SYNTHETIC_GP3,0.502679148417733,0.4925664520196129,0.5,0.5,normalised
11.4,,,0.5014467661459465,0.5061216571143476,1,,,,,,,,,SYNTHETIC_GP3,0.5014467661459465,0.5061216571143476,0.5,0.5,normalised
11.416666666666666,,,0.503546306948002,0.4996382054007429,1,,,,,,,,,SYNTHETIC_GP3,0.503546306948002,0.4996382054007429,0.5,0.5,normalised
11.433333333333334,,,0.5065126549418282,0.5006958534450017,1,,,,,,,,,SYNTHETIC_GP3,0.5065126549418282,0.5006958534450017,0.5,0.5,normalised
11.45,,,0.4986037411117993,0.4983865538522513,1,,,,,,,,,SYNTHETIC_GP3,0.4986037411117993,0.4983865538522513,0.5,0.5,normalised
11.466666666666669,,,0.5096037143975158,0.4983285585233132,1,,,,,,,,,SYNTHETIC_GP3,0.5096037143975158,0.4983285585233132,0.5,0.5,normalised
11.483333333333333,,,0.5040251895270511,0.4967539888357374,1,,,,,,,,,SYNTHETIC_GP3,0.5040251895270511,0.4967539888357374,0.5,0.5,normalised
11.5,,,0.5032119140991765,0.5070756132850297,1,,,,,,,,,SYNTHETIC_GP3,0.5032119140991765,0.5070756132850297,0.5,0.5,normalised
11.516666666666666,,,0.493003483229267,0.49625653988136,1,,,,,,,,,SYNTHETIC_GP3,0.493003483229267,0.49625653988136,0.5,0.5,normalised
11.533333333333331,,,0.5019574947820898,0.5008726621706503,1,,,,,,,,,SYNTHETIC_GP3,0.5019574947820898,0.5008726621706503,0.5,0.5,normalised
11.55,,,0.4980964131303167,0.4998172655386274,1,,,,,,,,,SYNTHETIC_GP3,0.4980964131303167,0.4998172655386274,0.5,0.5,normalised
11.566666666666666,,,0.5042975111173419,0.4991741228796462,1,,,,,,,,,SYNTHETIC_GP3,0.5042975111173419,0.4991741228796462,0.5,0.5,normalised
11.583333333333334,,,0.5058222792967034,0.5030013326541132,1,,,,,,,,,SYNTHETIC_GP3,0.5058222792967034,0.5030013326541132,0.5,0.5,normalised
11.6,,,0.5065995220644731,0.5012086464582688,1,,,,,,,,,SYNTHETIC_GP3,0.5065995220644731,0.5012086464582688,0.5,0.5,normalised
11.616666666666667,,,0.5013343873763569,0.4920454520948463,1,,,,,,,,,SYNTHETIC_GP3,0.5013343873763569,0.4920454520948463,0.5,0.5,normalised
11.633333333333333,,,0.5017016159077252,0.4923783750320528,1,,,,,,,,,SYNTHETIC_GP3,0.5017016159077252,0.4923783750320528,0.5,0.5,normalised
11.65,,,0.5037484879309515,0.4969869849594594,1,,,,,,,,,SYNTHETIC_GP3,0.5037484879309515,0.4969869849594594,0.5,0.5,normalised
11.666666666666666,,,0.4936077330445677,0.5046193060839065,1,,,,,,,,,SYNTHETIC_GP3,0.4936077330445677,0.5046193060839065,0.5,0.5,normalised
11.683333333333334,,,0.50026495106956,0.5066362845147072,1,,,,,,,,,SYNTHETIC_GP3,0.50026495106956,0.5066362845147072,0.5,0.5,normalised
11.7,,,0.4998288786352801,0.4975956813238543,1,,,,,,,,,SYNTHETIC_GP3,0.4998288786352801,0.4975956813238543,0.5,0.5,normalised
11.716666666666669,,,0.5040832627538029,0.4992827297019138,1,,,,,,,,,SYNTHETIC_GP3,0.5040832627538029,0.4992827297019138,0.5,0.5,normalised
11.733333333333333,,,0.5001704984912398,0.494538443004209,1,,,,,,,,,SYNTHETIC_GP3,0.5001704984912398,0.494538443004209,0.5,0.5,normalised
11.75,,,0.5049755761426806,0.5003674396557178,1,,,,,,,,,SYNTHETIC_GP3,0.5049755761426806,0.5003674396557178,0.5,0.5,normalised
11.766666666666666,,,0.5012286612332414,0.5002596484967397,1,,,,,,,,,SYNTHETIC_GP3,0.5012286612332414,0.5002596484967397,0.5,0.5,normalised
11.783333333333331,,,,,0,,,,,,,,,SYNTHETIC_GP3,,,0.5,0.5,normalised
11.8,,,0.5108733426002563,0.4985924092448094,1,,,,,,,,,SYNTHETIC_GP3,0.5108733426002563,0.4985924092448094,0.5,0.5,normalised
11.816666666666666,,,0.5082320664277381,0.5009812761972177,1,,,,,,,,,SYNTHETIC_GP3,0.5082320664277381,0.5009812761972177,0.5,0.5,normalised
11.833333333333334,,,0.5057884467254802,0.5058825989977156,1,,,,,,,,,SYNTHETIC_GP3,0.5057884467254802,0.5058825989977156,0.5,0.5,normalised
11.85,,,0.5065789053783619,0.5067422609651494,1,,,,,,,,,SYNTHETIC_GP3,0.5065789053783619,0.5067422609651494,0.5,0.5,normalised
11.866666666666667,,,0.500536245685282,0.5094195172845449,1,,,,,,,,,SYNTHETIC_GP3,0.500536245685282,0.5094195172845449,0.5,0.5,normalised
11.883333333333333,,,0.4989174895421898,0.4965655398610876,1,,,,,,,,,SYNTHETIC_GP3,0.4989174895421898,0.4965655398610876,0.5,0.5,normalised
11.9,,,0.4986162541852714,0.4901665704546119,1,,,,,,,,,SYNTHETIC_GP3,0.4986162541852714,0.4901665704546119,0.5,0.5,normalised
11.916666666666666,,,0.5027830112186029,0.499430742304579,1,,,,,,,,,SYNTHETIC_GP3,0.5027830112186029,0.499430742304579,0.5,0.5,normalised
11.933333333333334,,,0.5078936048657553,0.4944848723878841,1,,,,,,,,,SYNTHETIC_GP3,0.5078936048657553,0.4944848723878841,0.5,0.5,normalised
11.95,,,0.4990824788146676,0.5010864358164343,1,,,,,,,,,SYNTHETIC_GP3,0.4990824788146676,0.5010864358164343,0.5,0.5,normalised
11.966666666666669,,,0.503874667510812,0.4976630208267434,1,,,,,,,,,SYNTHETIC_GP3,0.503874667510812,0.4976630208267434,0.5,0.5,normalised
11.983333333333333,,,0.4970111725706887,0.4960878675003795,1,,,,,,,,,SYNTHETIC_GP3,0.4970111725706887,0.4960878675003795,0.5,0.5,normalised
12.0,,,0.3271346082642891,0.3288294380058741,1,,,,,,,,,SYNTHETIC_GP3,0.3271346082642891,0.3288294380058741,0.33,0.33,normalised
12.016666666666666,,,0.3354304910843872,0.3331549209715304,1,,,,,,,,,SYNTHETIC_GP3,0.3354304910843872,0.3331549209715304,0.33,0.33,normalised
12.033333333333331,,,0.3292530992869038,0.3305743410534281,1,,,,,,,,,SYNTHETIC_GP3,0.3292530992869038,0.3305743410534281,0.33,0.33,normalised
12.05,,,0.3291382965861567,0.3290009780640896,1,,,,,,,,,SYNTHETIC_GP3,0.3291382965861567,0.3290009780640896,0.33,0.33,normalised
12.066666666666666,,,0.3399018077616161,0.325719564273838,1,,,,,,,,,SYNTHETIC_GP3,0.3399018077616161,0.325719564273838,0.33,0.33,normalised
12.083333333333334,,,0.3322757571025421,0.3245444398185663,1,,,,,,,,,SYNTHETIC_GP3,0.3322757571025421,0.3245444398185663,0.33,0.33,normalised
12.1,,,0.3318220819011634,0.3305278083768012,1,,,,,,,,,SYNTHETIC_GP3,0.3318220819011634,0.3305278083768012,0.33,0.33,normalised
12.116666666666667,,,0.3310815770704028,0.3274204113399553,1,,,,,,,,,SYNTHETIC_GP3,0.3310815770704028,0.3274204113399553,0.33,0.33,normalised
12.133333333333333,,,0.3336613613634289,0.3251188663771499,1,,,,,,,,,SYNTHETIC_GP3,0.3336613613634289,0.3251188663771499,0.33,0.33,normalised
12.15,,,0.3291686913470578,0.3312276368915221,1,,,,,,,,,SYNTHETIC_GP3,0.3291686913470578,0.3312276368915221,0.33,0.33,normalised
12.166666666666666,,,0.332229266872078,0.3290255413365514,1,,,,,,,,,SYNTHETIC_GP3,0.332229266872078,0.3290255413365514,0.33,0.33,normalised
12.183333333333334,,,0.3363468093567087,0.3279070332481738,1,,,,,,,,,SYNTHETIC_GP3,0.3363468093567087,0.3279070332481738,0.33,0.33,normalised
12.2,,,0.330717442209396,0.3353655570467028,1,,,,,,,,,SYNTHETIC_GP3,0.330717442209396,0.3353655570467028,0.33,0.33,normalised
12.216666666666669,,,0.3224846465860101,0.3264315867770766,1,,,,,,,,,SYNTHETIC_GP3,0.3224846465860101,0.3264315867770766,0.33,0.33,normalised
12.233333333333333,,,0.3293803601792506,0.3329163321636679,1,,,,,,,,,SYNTHETIC_GP3,0.3293803601792506,0.3329163321636679,0.33,0.33,normalised
12.25,,,0.3350723102390458,0.3296193803378739,1,,,,,,,,,SYNTHETIC_GP3,0.3350723102390458,0.3296193803378739,0.33,0.33,normalised
12.266666666666666,,,0.3364835865733063,0.330838785211987,1,,,,,,,,,SYNTHETIC_GP3,0.3364835865733063,0.330838785211987,0.33,0.33,normalised
12.283333333333331,,,0.333454297013933,0.3294831188919176,1,,,,,,,,,SYNTHETIC_GP3,0.333454297013933,0.3294831188919176,0.33,0.33,normalised
12.3,,,0.3377096635947026,0.3329580089848535,1,,,,,,,,,SYNTHETIC_GP3,0.3377096635947026,0.3329580089848535,0.33,0.33,normalised
12.316666666666666,,,0.3278415236054843,0.3351991028514137,1,,,,,,,,,SYNTHETIC_GP3,0.3278415236054843,0.3351991028514137,0.33,0.33,normalised
12.333333333333334,,,0.3371154571830593,0.3238090492881414,1,,,,,,,,,SYNTHETIC_GP3,0.3371154571830593,0.3238090492881414,0.33,0.33,normalised
12.35,,,0.3328390790288615,0.3339074380035181,1,,,,,,,,,SYNTHETIC_GP3,0.3328390790288615,0.3339074380035181,0.33,0.33,normalised
12.366666666666667,,,0.3347038674312118,0.3279671957401921,1,,,,,,,,,SYNTHETIC_GP3,0.3347038674312118,0.3279671957401921,0.33,0.33,normalised
12.383333333333333,,,0.3205583451305769,0.3305122480778055,1,,,,,,,,,SYNTHETIC_GP3,0.3205583451305769,0.3305122480778055,0.33,0.33,normalised
12.4,,,0.3355699344485067,0.3302514401322395,1,,,,,,,,,SYNTHETIC_GP3,0.3355699344485067,0.3302514401322395,0.33,0.33,normalised
12.416666666666666,,,0.3329318332567228,0.3269814639638921,1,,,,,,,,,SYNTHETIC_GP3,0.3329318332567228,0.3269814639638921,0.33,0.33,normalised
12.433333333333334,,,0.3396332842928609,0.3268109899162033,1,,,,,,,,,SYNTHETIC_GP3,0.3396332842928609,0.3268109899162033,0.33,0.33,normalised
12.45,,,0.3327527895700619,0.3298513158442941,1,,,,,,,,,SYNTHETIC_GP3,0.3327527895700619,0.3298513158442941,0.33,0.33,normalised
12.466666666666669,,,0.3281067758337012,0.32665281908479,1,,,,,,,,,SYNTHETIC_GP3,0.3281067758337012,0.32665281908479,0.33,0.33,normalised
12.483333333333333,,,0.3287870159908348,0.3318640478345027,1,,,,,,,,,SYNTHETIC_GP3,0.3287870159908348,0.3318640478345027,0.33,0.33,normalised
12.5,,,0.3336224432927718,0.3230742698586498,1,,,,,,,,,SYNTHETIC_GP3,0.3336224432927718,0.3230742698586498,0.33,0.33,normalised
12.516666666666666,,,0.3332311891525009,0.3283491571639678,1,,,,,,,,,SYNTHETIC_GP3,0.3332311891525009,0.3283491571639678,0.33,0.33,normalised
12.533333333333331,,,0.3294634497276323,0.3345679697047662,1,,,,,,,,,SYNTHETIC_GP3,0.3294634497276323,0.3345679697047662,0.33,0.33,normalised
12.55,,,0.3277279471540298,0.3283780351001128,1,,,,,,,,,SYNTHETIC_GP3,0.3277279471540298,0.3283780351001128,0.33,0.33,normalised
12.566666666666666,,,0.33806408473688,0.3253157967448626,1,,,,,,,,,SYNTHETIC_GP3,0.33806408473688,0.3253157967448626,0.33,0.33,normalised
12.583333333333334,,,0.3310453017159347,0.3287450405076808,1,,,,,,,,,SYNTHETIC_GP3,0.3310453017159347,0.3287450405076808,0.33,0.33,normalised
12.6,,,0.331725933209432,0.3250392739209854,1,,,,,,,,,SYNTHETIC_GP3,0.331725933209432,0.3250392739209854,0.33,0.33,normalised
12.616666666666667,,,0.3298666136792028,0.3321803345980041,1,,,,,,,,,SYNTHETIC_GP3,0.3298666136792028,0.3321803345980041,0.33,0.33,normalised
12.633333333333333,,,0.3375934952536325,0.3295162529918939,1,,,,,,,,,SYNTHETIC_GP3,0.3375934952536325,0.3295162529918939,0.33,0.33,normalised
12.65,,,0.3364618371049771,0.328075592859213,1,,,,,,,,,SYNTHETIC_GP3,0.3364618371049771,0.328075592859213,0.33,0.33,normalised
12.666666666666666,,,0.3279134250409342,0.3318598794778307,1,,,,,,,,,SYNTHETIC_GP3,0.3279134250409342,0.3318598794778307,0.33,0.33,normalised
12.683333333333334,,,0.3316936775841335,0.3287242051594213,1,,,,,,,,,SYNTHETIC_GP3,0.3316936775841335,0.3287242051594213,0.33,0.33,normalised
12.7,,,0.3283115558979229,0.3262310834662276,1,,,,,,,,,SYNTHETIC_GP3,0.3283115558979229,0.3262310834662276,0.33,0.33,normalised
12.716666666666669,,,0.3394173922626714,0.3277219838951528,1,,,,,,,,,SYNTHETIC_GP3,0.3394173922626714,0.3277219838951528,0.33,0.33,normalised
12.733333333333333,,,0.3337731075784398,0.3259283881228145,1,,,,,,,,,SYNTHETIC_GP3,0.3337731075784398,0.3259283881228145,0.33,0.33,normalised
12.75,,,0.3308791346997236,0.3246529291454944,1,,,,,,,,,SYNTHETIC_GP3,0.3308791346997236,0.3246529291454944,0.33,0.33,normalised
12.766666666666666,,,0.330650008241798,0.3314653909743233,1,,,,,,,,,SYNTHETIC_GP3,0.330650008241798,0.3314653909743233,0.33,0.33,normalised
12.783333333333331,,,0.3341766747919482,0.3263810608270546,1,,,,,,,,,SYNTHETIC_GP3,0.3341766747919482,0.3263810608270546,0.33,0.33,normalised
12.8,,,0.3310158791760187,0.3265644051663263,1,,,,,,,,,SYNTHETIC_GP3,0.3310158791760187,0.3265644051663263,0.33,0.33,normalised
12.816666666666666,,,0.3381706402513863,0.3325958830744389,1,,,,,,,,,SYNTHETIC_GP3,0.3381706402513863,0.3325958830744389,0.33,0.33,normalised
12.833333333333334,,,0.3282951979323968,0.3236737064924697,1,,,,,,,,,SYNTHETIC_GP3,0.3282951979323968,0.3236737064924697,0.33,0.33,normalised
12.85,,,0.327061381420717,0.3257212258288497,1,,,,,,,,,SYNTHETIC_GP3,0.327061381420717,0.3257212258288497,0.33,0.33,normalised
12.866666666666667,,,0.3376419321896024,0.3267982040983857,1,,,,,,,,,SYNTHETIC_GP3,0.3376419321896024,0.3267982040983857,0.33,0.33,normalised
12.883333333333333,,,0.3302972289102864,0.3353066920365423,1,,,,,,,,,SYNTHETIC_GP3,0.3302972289102864,0.3353066920365423,0.33,0.33,normalised
12.9,,,0.3376794793765533,0.3282914761861422,1,,,,,,,,,SYNTHETIC_GP3,0.3376794793765533,0.3282914761861422,0.33,0.33,normalised
12.916666666666666,,,0.3355194804297763,0.3296933073755957,1,,,,,,,,,SYNTHETIC_GP3,0.3355194804297763,0.3296933073755957,0.33,0.33,normalised
12.933333333333334,,,0.3265676318847096,0.329244952158608,1,,,,,,,,,SYNTHETIC_GP3,0.3265676318847096,0.329244952158608,0.33,0.33,normalised
12.95,,,0.3295619831903537,0.324061310436063,1,,,,,,,,,SYNTHETIC_GP3,0.3295619831903537,0.324061310436063,0.33,0.33,normalised
12.966666666666669,,,0.3321972663586417,0.3304960483174126,1,,,,,,,,,SYNTHETIC_GP3,0.3321972663586417,0.3304960483174126,0.33,0.33,normalised
12.983333333333333,,,0.3311182329699738,0.3323978011839041,1,,,,,,,,,SYNTHETIC_GP3,0.3311182329699738,0.3323978011839041,0.33,0.33,normalised
13.0,,,0.3332115112043581,0.3358038938373849,1,,,,,,,,,SYNTHETIC_GP3,0.3332115112043581,0.3358038938373849,0.33,0.33,normalised
13.016666666666666,,,0.3295500204386088,0.3282177889623937,1,,,,,,,,,SYNTHETIC_GP3,0.3295500204386088,0.3282177889623937,0.33,0.33,normalised
13.033333333333331,,,0.3316602846003402,0.3313954010133114,1,,,,,,,,,SYNTHETIC_GP3,0.3316602846003402,0.3313954010133114,0.33,0.33,normalised
13.05,,,0.3360059402426306,0.3326875275850329,1,,,,,,,,,SYNTHETIC_GP3,0.3360059402426306,0.3326875275850329,0.33,0.33,normalised
13.066666666666666,,,0.3373316709457669,0.3293169481548121,1,,,,,,,,,SYNTHETIC_GP3,0.3373316709457669,0.3293169481548121,0.33,0.33,normalised
13.083333333333334,,,0.3288398230246159,0.3374567222040114,1,,,,,,,,,SYNTHETIC_GP3,0.3288398230246159,0.3374567222040114,0.33,0.33,normalised
13.1,,,0.3310721090942743,0.3368489448315935,1,,,,,,,,,SYNTHETIC_GP3,0.3310721090942743,0.3368489448315935,0.33,0.33,normalised
13.116666666666667,,,0.3314928513520058,0.3349013999556655,1,,,,,,,,,SYNTHETIC_GP3,0.3314928513520058,0.3349013999556655,0.33,0.33,normalised
13.133333333333333,,,0.326600585705741,0.3240403645446578,1,,,,,,,,,SYNTHETIC_GP3,0.326600585705741,0.3240403645446578,0.33,0.33,normalised
13.15,,,0.3357519665573302,0.3280867008802638,1,,,,,,,,,SYNTHETIC_GP3,0.3357519665573302,0.3280867008802638,0.33,0.33,normalised
13.166666666666666,,,0.3342588149056434,0.3321838366735459,1,,,,,,,,,SYNTHETIC_GP3,0.3342588149056434,0.3321838366735459,0.33,0.33,normalised
13.183333333333334,,,0.3340855474781032,0.3294480002515849,1,,,,,,,,,SYNTHETIC_GP3,0.3340855474781032,0.3294480002515849,0.33,0.33,normalised
13.2,,,0.3315588789612443,0.3223167761855799,1,,,,,,,,,SYNTHETIC_GP3,0.3315588789612443,0.3223167761855799,0.33,0.33,normalised
13.216666666666669,,,0.335481332397372,0.3300303844539313,1,,,,,,,,,SYNTHETIC_GP3,0.335481332397372,0.3300303844539313,0.33,0.33,normalised
13.233333333333333,,,0.3358536586707769,0.3372012076956417,1,,,,,,,,,SYNTHETIC_GP3,0.3358536586707769,0.3372012076956417,0.33,0.33,normalised
13.25,,,0.3366401132964781,0.3357021888614155,1,,,,,,,,,SYNTHETIC_GP3,0.3366401132964781,0.3357021888614155,0.33,0.33,normalised
13.266666666666666,,,0.3313196686784908,0.3325478523345969,1,,,,,,,,,SYNTHETIC_GP3,0.3313196686784908,0.3325478523345969,0.33,0.33,normalised
13.283333333333331,,,0.3333974982586986,0.3294790437889927,1,,,,,,,,,SYNTHETIC_GP3,0.3333974982586986,0.3294790437889927,0.33,0.33,normalised
13.3,,,0.3304448582672963,0.3291722754290674,1,,,,,,,,,SYNTHETIC_GP3,0.3304448582672963,0.3291722754290674,0.33,0.33,normalised
13.316666666666666,,,0.3307082505639411,0.330334546583146,1,,,,,,,,,SYNTHETIC_GP3,0.3307082505639411,0.330334546583146,0.33,0.33,normalised
13.333333333333334,,,0.3359258921504914,0.3271892625542505,1,,,,,,,,,SYNTHETIC_GP3,0.3359258921504914,0.3271892625542505,0.33,0.33,normalised
13.35,,,0.3322149521220777,0.3272788358132045,1,,,,,,,,,SYNTHETIC_GP3,0.3322149521220777,0.3272788358132045,0.33,0.33,normalised
13.366666666666667,,,0.3313852322712132,0.3298811864403355,1,,,,,,,,,SYNTHETIC_GP3,0.3313852322712132,0.3298811864403355,0.33,0.33,normalised
13.383333333333333,,,0.3344128357264034,0.3373896319922143,1,,,,,,,,,SYNTHETIC_GP3,0.3344128357264034,0.3373896319922143,0.33,0.33,normalised
13.4,,,0.3346620085878969,0.3314866769190864,1,,,,,,,,,SYNTHETIC_GP3,0.3346620085878969,0.3314866769190864,0.33,0.33,normalised
13.416666666666666,,,0.3289828407297359,0.3302089454019246,1,,,,,,,,,SYNTHETIC_GP3,0.3289828407297359,0.3302089454019246,0.33,0.33,normalised
13.433333333333334,,,0.3294092037436496,0.3335522705470635,1,,,,,,,,,SYNTHETIC_GP3,0.3294092037436496,0.3335522705470635,0.33,0.33,normalised
13.45,,,0.334849198696841,0.3359042319884238,1,,,,,,,,,SYNTHETIC_GP3,0.334849198696841,0.3359042319884238,0.33,0.33,normalised
13.466666666666669,,,,,0,,,,,,,,,SYNTHETIC_GP3,,,0.33,0.33,normalised
13.483333333333333,,,0.3311616503012444,0.3250628824118263,1,,,,,,,,,SYNTHETIC_GP3,0.3311616503012444,0.3250628824118263,0.33,0.33,normalised
13.5,,,0.3367834230339216,0.3361173266934887,1,,,,,,,,,SYNTHETIC_GP3,0.3367834230339216,0.3361173266934887,0.33,0.33,normalised
13.516666666666666,,,0.3316035287959654,0.3327241683564008,1,,,,,,,,,SYNTHETIC_GP3,0.3316035287959654,0.3327241683564008,0.33,0.33,normalised
13.533333333333331,,,0.3242745425510991,0.3242119885867691,1,,,,,,,,,SYNTHETIC_GP3,0.3242745425510991,0.3242119885867691,0.33,0.33,normalised
13.55,,,0.3288164266903257,0.3278671475056274,1,,,,,,,,,SYNTHETIC_GP3,0.3288164266903257,0.3278671475056274,0.33,0.33,normalised
13.566666666666666,,,0.3261009920341273,0.3205056592963063,1,,,,,,,,,SYNTHETIC_GP3,0.3261009920341273,0.3205056592963063,0.33,0.33,normalised
13.583333333333334,,,0.3365824331019602,0.3259825342654259,1,,,,,,,,,SYNTHETIC_GP3,0.3365824331019602,0.3259825342654259,0.33,0.33,normalised
13.6,,,0.3340208492629424,0.3288533857131357,1,,,,,,,,,SYNTHETIC_GP3,0.3340208492629424,0.3288533857131357,0.33,0.33,normalised
13.616666666666667,,,0.3324748303379288,0.3303711556747656,1,,,,,,,,,SYNTHETIC_GP3,0.3324748303379288,0.3303711556747656,0.33,0.33,normalised
13.633333333333333,,,0.3227296452742151,0.3276247956129573,1,,,,,,,,,SYNTHETIC_GP3,0.3227296452742151,0.3276247956129573,0.33,0.33,normalised
13.65,,,0.3260910058944325,0.3299615104236819,1,,,,,,,,,SYNTHETIC_GP3,0.3260910058944325,0.3299615104236819,0.33,0.33,normalised
13.666666666666666,,,0.3313970317392112,0.3271107478181126,1,,,,,,,,,SYNTHETIC_GP3,0.3313970317392112,0.3271107478181126,0.33,0.33,normalised
13.683333333333334,,,0.3248791695009055,0.3308449684670984,1,,,,,,,,,SYNTHETIC_GP3,0.3248791695009055,0.3308449684670984,0.33,0.33,normalised
13.7,,,0.3357671787257901,0.3291090992944283,1,,,,,,,,,SYNTHETIC_GP3,0.3357671787257901,0.3291090992944283,0.33,0.33,normalised
13.716666666666669,,,0.3315881895471851,0.3315411119572407,1,,,,,,,,,SYNTHETIC_GP3,0.3315881895471851,0.3315411119572407,0.33,0.33,normalised
13.733333333333333,,,0.3314275514202557,0.3329050272157609,1,,,,,,,,,SYNTHETIC_GP3,0.3314275514202557,0.3329050272157609,0.33,0.33,normalised
13.75,,,0.3317463594540623,0.3321140357540059,1,,,,,,,,,SYNTHETIC_GP3,0.3317463594540623,0.3321140357540059,0.33,0.33,normalised
13.766666666666666,,,0.3281994025814767,0.3281694586171502,1,,,,,,,,,SYNTHETIC_GP3,0.3281994025814767,0.3281694586171502,0.33,0.33,normalised
13.783333333333331,,,0.3278273802999665,0.322187594642887,1,,,,,,,,,SYNTHETIC_GP3,0.3278273802999665,0.322187594642887,0.33,0.33,normalised
13.8,,,0.3244053888476025,0.3311225713542539,1,,,,,,,,,SYNTHETIC_GP3,0.3244053888476025,0.3311225713542539,0.33,0.33,normalised
13.816666666666666,,,0.3320939010032147,0.3234145176272848,1,,,,,,,,,SYNTHETIC_GP3,0.3320939010032147,0.3234145176272848,0.33,0.33,normalised
13.833333333333334,,,0.3336250344863702,0.3322531800032817,1,,,,,,,,,SYNTHETIC_GP3,0.3336250344863702,0.3322531800032817,0.33,0.33,normalised
13.85,,,0.3310495904196063,0.3338827433342003,1,,,,,,,,,SYNTHETIC_GP3,0.3310495904196063,0.3338827433342003,0.33,0.33,normalised
13.866666666666667,,,0.3308698781537382,0.3331456828051921,1,,,,,,,,,SYNTHETIC_GP3,0.3308698781537382,0.3331456828051921,0.33,0.33,normalised
13.883333333333333,,,0.3282396445422691,0.3340753814203183,1,,,,,,,,,SYNTHETIC_GP3,0.3282396445422691,0.3340753814203183,0.33,0.33,normalised
13.9,,,0.3330027428295405,0.3334706940707441,1,,,,,,,,,SYNTHETIC_GP3,0.3330027428295405,0.3334706940707441,0.33,0.33,normalised
13.916666666666666,,,0.3221943628962208,0.3256593057160858,1,,,,,,,,,SYNTHETIC_GP3,0.3221943628962208,0.3256593057160858,0.33,0.33,normalised
13.933333333333334,,,0.3275822136514734,0.3239261036243514,1,,,,,,,,,SYNTHETIC_GP3,0.3275822136514734,0.3239261036243514,0.33,0.33,normalised
13.95,,,0.3293663403145781,0.3202612871775652,1,,,,,,,,,SYNTHETIC_GP3,0.3293663403145781,0.3202612871775652,0.33,0.33,normalised
13.966666666666669,,,0.3299660500429044,0.3295081810846868,1,,,,,,,,,SYNTHETIC_GP3,0.3299660500429044,0.3295081810846868,0.33,0.33,normalised
13.983333333333333,,,0.3328716440035453,0.3309384097934337,1,,,,,,,,,SYNTHETIC_GP3,0.3328716440035453,0.3309384097934337,0.33,0.33,normalised
14.0,,,0.3312303765021571,0.3304665439054274,1,,,,,,,,,SYNTHETIC_GP3,0.3312303765021571,0.3304665439054274,0.33,0.33,normalised
14.016666666666666,,,0.3326218725075576,0.3288303173652211,1,,,,,,,,,SYNTHETIC_GP3,0.3326218725075576,0.3288303173652211,0.33,0.33,normalised
14.033333333333331,,,0.3369830932172057,0.3330080882922018,1,,,,,,,,,SYNTHETIC_GP3,0.3369830932172057,0.3330080882922018,0.33,0.33,normalised
14.05,,,0.3374884099635863,0.3302815428158365,1,,,,,,,,,SYNTHETIC_GP3,0.3374884099635863,0.3302815428158365,0.33,0.33,normalised
14.066666666666666,,,0.334590431509744,0.3226386022279457,1,,,,,,,,,SYNTHETIC_GP3,0.334590431509744,0.3226386022279457,0.33,0.33,normalised
14.083333333333334,,,0.3369944064127334,0.3234670937458366,1,,,,,,,,,SYNTHETIC_GP3,0.3369944064127334,0.3234670937458366,0.33,0.33,normalised
14.1,,,0.3389185671362186,0.3340230243383702,1,,,,,,,,,SYNTHETIC_GP3,0.3389185671362186,0.3340230243383702,0.33,0.33,normalised
14.116666666666667,,,0.3334816813960792,0.3311292432396182,1,,,,,,,,,SYNTHETIC_GP3,0.3334816813960792,0.3311292432396182,0.33,0.33,normalised
14.133333333333333,,,0.3264067898401805,0.3232152070738222,1,,,,,,,,,SYNTHETIC_GP3,0.3264067898401805,0.3232152070738222,0.33,0.33,normalised
14.15,,,0.3360211175313431,0.3342474989828626,1,,,,,,,,,SYNTHETIC_GP3,0.3360211175313431,0.3342474989828626,0.33,0.33,normalised
14.166666666666666,,,0.3280203335185095,0.3273876868121805,1,,,,,,,,,SYNTHETIC_GP3,0.3280203335185095,0.3273876868121805,0.33,0.33,normalised
14.183333333333334,,,0.3394474172455207,0.3338450659092268,1,,,,,,,,,SYNTHETIC_GP3,0.3394474172455207,0.3338450659092268,0.33,0.33,normalised
14.2,,,0.338900182070094,0.3272959618952042,1,,,,,,,,,SYNTHETIC_GP3,0.338900182070094,0.3272959618952042,0.33,0.33,normalised
14.216666666666669,,,0.3299270949613098,0.3337108372483627,1,,,,,,,,,SYNTHETIC_GP3,0.3299270949613098,0.3337108372483627,0.33,0.33,normalised
14.233333333333333,,,0.3276008701972615,0.3321768439265501,1,,,,,,,,,SYNTHETIC_GP3,0.3276008701972615,0.3321768439265501,0.33,0.33,normalised
14.25,,,0.3292453740595992,0.3272588860509859,1,,,,,,,,,SYNTHETIC_GP3,0.3292453740595992,0.3272588860509859,0.33,0.33,normalised
14.266666666666666,,,0.3317396755406926,0.3272008636755084,1,,,,,,,,,SYNTHETIC_GP3,0.3317396755406926,0.3272008636755084,0.33,0.33,normalised
14.283333333333331,,,0.337125058397801,0.3344691105942223,1,,,,,,,,,SYNTHETIC_GP3,0.337125058397801,0.3344691105942223,0.33,0.33,normalised
14.3,,,0.3270582875143379,0.3305062477623203,1,,,,,,,,,SYNTHETIC_GP3,0.3270582875143379,0.3305062477623203,0.33,0.33,normalised
14.316666666666666,,,0.3355276048629972,0.3246814673504863,1,,,,,,,,,SYNTHETIC_GP3,0.3355276048629972,0.3246814673504863,0.33,0.33,normalised
14.333333333333334,,,0.3237213726341981,0.3251302206994299,1,,,,,,,,,SYNTHETIC_GP3,0.3237213726341981,0.3251302206994299,0.33,0.33,normalised
14.35,,,0.5068547924515732,0.497056547171409,1,,,,,,,,,SYNTHETIC_GP3,0.5068547924515732,0.497056547171409,0.5,0.5,normalised
14.366666666666667,,,0.5017521469384729,0.4983427956119369,1,,,,,,,,,SYNTHETIC_GP3,0.5017521469384729,0.4983427956119369,0.5,0.5,normalised
14.383333333333333,,,0.5027989746446544,0.4941351908576236,1,,,,,,,,,SYNTHETIC_GP3,0.5027989746446544,0.4941351908576236,0.5,0.5,normalised
14.4,,,0.5015754956667305,0.5058998455598852,1,,,,,,,,,SYNTHETIC_GP3,0.5015754956667305,0.5058998455598852,0.5,0.5,normalised
14.416666666666666,,,0.5057429664876577,0.4952347226343295,1,,,,,,,,,SYNTHETIC_GP3,0.5057429664876577,0.4952347226343295,0.5,0.5,normalised
14.433333333333334,,,0.503485250936009,0.4948386718096878,1,,,,,,,,,SYNTHETIC_GP3,0.503485250936009,0.4948386718096878,0.5,0.5,normalised
14.45,,,0.5087517395845019,0.4915941241727226,1,,,,,,,,,SYNTHETIC_GP3,0.5087517395845019,0.4915941241727226,0.5,0.5,normalised
14.466666666666669,,,0.4948949943005409,0.4983197548906183,1,,,,,,,,,SYNTHETIC_GP3,0.4948949943005409,0.4983197548906183,0.5,0.5,normalised
14.483333333333333,,,0.4983797129392109,0.4977633243165587,1,,,,,,,,,SYNTHETIC_GP3,0.4983797129392109,0.4977633243165587,0.5,0.5,normalised
14.5,,,0.4966158988594574,0.5019344907618764,1,,,,,,,,,SYNTHETIC_GP3,0.4966158988594574,0.5019344907618764,0.5,0.5,normalised
14.516666666666666,,,0.5048711274582752,0.4970574519668372,1,,,,,,,,,SYNTHETIC_GP3,0.5048711274582752,0.4970574519668372,0.5,0.5,normalised
14.533333333333331,,,0.4952496874310924,0.4988026585782361,1,,,,,,,,,SYNTHETIC_GP3,0.4952496874310924,0.4988026585782361,0.5,0.5,normalised
14.55,,,0.5117240949610663,0.4983509094508624,1,,,,,,,,,SYNTHETIC_GP3,0.5117240949610663,0.4983509094508624,0.5,0.5,normalised
14.566666666666666,,,0.5023672787896393,0.4989713194161297,1,,,,,,,,,SYNTHETIC_GP3,0.5023672787896393,0.4989713194161297,0.5,0.5,normalised
14.583333333333334,,,0.5068876083221827,0.4973949667986593,1,,,,,,,,,SYNTHETIC_GP3,0.5068876083221827,0.4973949667986593,0.5,0.5,normalised
14.6,,,0.4981346781522496,0.496346566529222,1,,,,,,,,,SYNTHETIC_GP3,0.4981346781522496,0.496346566529222,0.5,0.5,normalised
14.616666666666667,,,0.5027853000733831,0.4997525043573049,1,,,,,,,,,SYNTHETIC_GP3,0.5027853000733831,0.4997525043573049,0.5,0.5,normalised
14.633333333333333,,,0.5044969935324892,0.5034450593535242,1,,,,,,,,,SYNTHETIC_GP3,0.5044969935324892,0.5034450593535242,0.5,0.5,normalised
14.65,,,0.4991746438235808,0.5091553006172576,1,,,,,,,,,SYNTHETIC_GP3,0.4991746438235808,0.5091553006172576,0.5,0.5,normalised
14.666666666666666,,,0.5010889564727047,0.4946657084269462,1,,,,,,,,,SYNTHETIC_GP3,0.5010889564727047,0.4946657084269462,0.5,0.5,normalised
14.683333333333334,,,0.5082295144460558,0.4953429945268468,1,,,,,,,,,SYNTHETIC_GP3,0.5082295144460558,0.4953429945268468,0.5,0.5,normalised
14.7,,,0.5070655782021849,0.4984628459860011,1,,,,,,,,,SYNTHETIC_GP3,0.5070655782021849,0.4984628459860011,0.5,0.5,normalised
14.716666666666669,,,0.5043158529216755,0.5024946305062106,1,,,,,,,,,SYNTHETIC_GP3,0.5043158529216755,0.5024946305062106,0.5,0.5,normalised
14.733333333333333,,,0.5098854537897446,0.4999856515256802,1,,,,,,,,,SYNTHETIC_GP3,0.5098854537897446,0.4999856515256802,0.5,0.5,normalised
14.75,,,0.494216796007103,0.4965348723324869,1,,,,,,,,,SYNTHETIC_GP3,0.494216796007103,0.4965348723324869,0.5,0.5,normalised
14.766666666666666,,,0.5031649338647676,0.5024157768293723,1,,,,,,,,,SYNTHETIC_GP3,0.5031649338647676,0.5024157768293723,0.5,0.5,normalised
14.783333333333331,,,0.5004745217053805,0.4936299336028515,1,,,,,,,,,SYNTHETIC_GP3,0.5004745217053805,0.4936299336028515,0.5,0.5,normalised
14.8,,,0.5076949419454124,0.4975108039635555,1,,,,,,,,,SYNTHETIC_GP3,0.5076949419454124,0.4975108039635555,0.5,0.5,normalised
14.816666666666666,,,0.5064394923244558,0.4956810528097393,1,,,,,,,,,SYNTHETIC_GP3,0.5064394923244558,0.4956810528097393,0.5,0.5,normalised
14.833333333333334,,,0.5066777632468262,0.4949610303533265,1,,,,,,,,,SYNTHETIC_GP3,0.5066777632468262,0.4949610303533265,0.5,0.5,normalised
14.85,,,0.4996124864741072,0.4936517477990333,1,,,,,,,,,SYNTHETIC_GP3,0.4996124864741072,0.4936517477990333,0.5,0.5,normalised
14.866666666666667,,,0.5042462630910733,0.4963321757936334,1,,,,,,,,,SYNTHETIC_GP3,0.5042462630910733,0.4963321757936334,0.5,0.5,normalised
14.883333333333333,,,0.5063209764251421,0.4961637559199014,1,,,,,,,,,SYNTHETIC_GP3,0.5063209764251421,0.4961637559199014,0.5,0.5,normalised
14.9,,,0.5071892747484248,0.4928315021767925,1,,,,,,,,,SYNTHETIC_GP3,0.5071892747484248,0.4928315021767925,0.5,0.5,normalised
14.916666666666666,,,0.4982943928185267,0.492970139106924,1,,,,,,,,,SYNTHETIC_GP3,0.4982943928185267,0.492970139106924,0.5,0.5,normalised
14.933333333333334,,,0.4992670466576065,0.4958375529027,1,,,,,,,,,SYNTHETIC_GP3,0.4992670466576065,0.4958375529027,0.5,0.5,normalised
14.95,,,0.5029808271691435,0.5008674123969609,1,,,,,,,,,SYNTHETIC_GP3,0.5029808271691435,0.5008674123969609,0.5,0.5,normalised
14.966666666666669,,,0.5075794533722067,0.4941756512177317,1,,,,,,,,,SYNTHETIC_GP3,0.5075794533722067,0.4941756512177317,0.5,0.5,normalised
14.983333333333333,,,0.5044811394048573,0.5004221487315905,1,,,,,,,,,SYNTHETIC_GP3,0.5044811394048573,0.5004221487315905,0.5,0.5,normalised
15.0,,,0.3375032160385156,0.3289503604947631,1,,,,,,,,,SYNTHETIC_GP3,0.3375032160385156,0.3289503604947631,0.33,0.33,normalised
15.016666666666666,,,0.3241901375089948,0.3308194760228216,1,,,,,,,,,SYNTHETIC_GP3,0.3241901375089948,0.3308194760228216,0.33,0.33,normalised
15.033333333333331,,,0.3309134567391747,0.3222858351541132,1,,,,,,,,,SYNTHETIC_GP3,0.3309134567391747,0.3222858351541132,0.33,0.33,normalised
15.05,,,0.3339953671752936,0.3253791118750482,1,,,,,,,,,SYNTHETIC_GP3,0.3339953671752936,0.3253791118750482,0.33,0.33,normalised
15.066666666666666,,,0.3330783370201875,0.3313613850081468,1,,,,,,,,,SYNTHETIC_GP3,0.3330783370201875,0.3313613850081468,0.33,0.33,normalised
15.083333333333334,,,0.3244347319254483,0.336758809241209,1,,,,,,,,,SYNTHETIC_GP3,0.3244347319254483,0.336758809241209,0.33,0.33,normalised
15.1,,,0.3364035162502363,0.3263351633067838,1,,,,,,,,,SYNTHETIC_GP3,0.3364035162502363,0.3263351633067838,0.33,0.33,normalised
15.116666666666667,,,0.3333813362387946,0.3220203356215004,1,,,,,,,,,SYNTHETIC_GP3,0.3333813362387946,0.3220203356215004,0.33,0.33,normalised
15.133333333333333,,,0.3301339517699064,0.3301120770973084,1,,,,,,,,,SYNTHETIC_GP3,0.3301339517699064,0.3301120770973084,0.33,0.33,normalised
15.15,,,,,0,,,,,,,,,SYNTHETIC_GP3,,,0.33,0.33,normalised
15.166666666666666,,,0.325082933893869,0.3296113122580647,1,,,,,,,,,SYNTHETIC_GP3,0.325082933893869,0.3296113122580647,0.33,0.33,normalised
15.183333333333334,,,0.3299547073387329,0.3261748745479144,1,,,,,,,,,SYNTHETIC_GP3,0.3299547073387329,0.3261748745479144,0.33,0.33,normalised
15.2,,,0.3355361513062577,0.3262244137203675,1,,,,,,,,,SYNTHETIC_GP3,0.3355361513062577,0.3262244137203675,0.33,0.33,normalised
15.216666666666669,,,0.333503967934114,0.333019785368255,1,,,,,,,,,SYNTHETIC_GP3,0.333503967934114,0.333019785368255,0.33,0.33,normalised
15.233333333333333,,,0.3311012495613268,0.3389694221051111,1,,,,,,,,,SYNTHETIC_GP3,0.3311012495613268,0.3389694221051111,0.33,0.33,normalised
15.25,,,0.3313848950872352,0.3346391237307623,1,,,,,,,,,SYNTHETIC_GP3,0.3313848950872352,0.3346391237307623,0.33,0.33,normalised
15.266666666666666,,,0.3310658271191063,0.3315013958261409,1,,,,,,,,,SYNTHETIC_GP3,0.3310658271191063,0.3315013958261409,0.33,0.33,normalised
15.283333333333331,,,0.3354689636491612,0.3309142263815849,1,,,,,,,,,SYNTHETIC_GP3,0.3354689636491612,0.3309142263815849,0.33,0.33,normalised
15.3,,,0.3307827792637677,0.3285822764225123,1,,,,,,,,,SYNTHETIC_GP3,0.3307827792637677,0.3285822764225123,0.33,0.33,normalised
15.316666666666666,,,0.3347116978417409,0.3295188756499883,1,,,,,,,,,SYNTHETIC_GP3,0.3347116978417409,0.3295188756499883,0.33,0.33,normalised
15.333333333333334,,,0.3236517042845478,0.32848994579211,1,,,,,,,,,SYNTHETIC_GP3,0.3236517042845478,0.32848994579211,0.33,0.33,normalised
15.35,,,0.3369176781366761,0.3216387188157017,1,,,,,,,,,SYNTHETIC_GP3,0.3369176781366761,0.3216387188157017,0.33,0.33,normalised
15.366666666666667,,,0.3417662204506755,0.319315552421341,1,,,,,,,,,SYNTHETIC_GP3,0.3417662204506755,0.319315552421341,0.33,0.33,normalised
15.383333333333333,,,0.3339985805016775,0.3308836838116062,1,,,,,,,,,SYNTHETIC_GP3,0.3339985805016775,0.3308836838116062,0.33,0.33,normalised
15.4,,,0.3316539032922525,0.3282671601493296,1,,,,,,,,,SYNTHETIC_GP3,0.3316539032922525,0.3282671601493296,0.33,0.33,normalised
15.416666666666666,,,0.3298597020961584,0.3262100242170341,1,,,,,,,,,SYNTHETIC_GP3,0.3298597020961584,0.3262100242170341,0.33,0.33,normalised
15.433333333333334,,,0.3347990725310904,0.3296515262805725,1,,,,,,,,,SYNTHETIC_GP3,0.3347990725310904,0.3296515262805725,0.33,0.33,normalised
15.45,,,0.3293993042184278,0.3296632829488128,1,,,,,,,,,SYNTHETIC_GP3,0.3293993042184278,0.3296632829488128,0.33,0.33,normalised
15.466666666666669,,,0.3287250644534595,0.3247646288014627,1,,,,,,,,,SYNTHETIC_GP3,0.3287250644534595,0.3247646288014627,0.33,0.33,normalised
15.483333333333333,,,0.323484382846221,0.3240642033764286,1,,,,,,,,,SYNTHETIC_GP3,0.323484382846221,0.3240642033764286,0.33,0.33,normalised
15.5,,,0.3329704326080834,0.3319183272739441,1,,,,,,,,,SYNTHETIC_GP3,0.3329704326080834,0.3319183272739441,0.33,0.33,normalised
15.516666666666666,,,0.3308366967790552,0.3249124208381414,1,,,,,,,,,SYNTHETIC_GP3,0.3308366967790552,0.3249124208381414,0.33,0.33,normalised
15.533333333333331,,,0.3310561299676458,0.3293982395257606,1,,,,,,,,,SYNTHETIC_GP3,0.3310561299676458,0.3293982395257606,0.33,0.33,normalised
15.55,,,0.331990761141113,0.3290326429943361,1,,,,,,,,,SYNTHETIC_GP3,0.331990761141113,0.3290326429943361,0.33,0.33,normalised
15.566666666666666,,,0.3291675289224758,0.3275776500025351,1,,,,,,,,,SYNTHETIC_GP3,0.3291675289224758,0.3275776500025351,0.33,0.33,normalised
15.583333333333334,,,0.3327494063903957,0.3277818183612992,1,,,,,,,,,SYNTHETIC_GP3,0.3327494063903957,0.3277818183612992,0.33,0.33,normalised
15.6,,,0.3276803113195065,0.3285736599356892,1,,,,,,,,,SYNTHETIC_GP3,0.3276803113195065,0.3285736599356892,0.33,0.33,normalised
15.616666666666667,,,0.3315384404458456,0.3284591192323736,1,,,,,,,,,SYNTHETIC_GP3,0.3315384404458456,0.3284591192323736,0.33,0.33,normalised
15.633333333333333,,,0.3308743306066968,0.3240976473385904,1,,,,,,,,,SYNTHETIC_GP3,0.3308743306066968,0.3240976473385904,0.33,0.33,normalised
15.65,,,0.3251668166267319,0.3279905175742515,1,,,,,,,,,SYNTHETIC_GP3,0.3251668166267319,0.3279905175742515,0.33,0.33,normalised
15.666666666666666,,,0.3271521172008432,0.3314258898920839,1,,,,,,,,,SYNTHETIC_GP3,0.3271521172008432,0.3314258898920839,0.33,0.33,normalised
15.683333333333334,,,0.3296300341841883,0.3352667866711309,1,,,,,,,,,SYNTHETIC_GP3,0.3296300341841883,0.3352667866711309,0.33,0.33,normalised
15.7,,,0.3297503188075664,0.3345523901537064,1,,,,,,,,,SYNTHETIC_GP3,0.3297503188075664,0.3345523901537064,0.33,0.33,normalised
15.716666666666669,,,0.333036795391596,0.3190820062095772,1,,,,,,,,,SYNTHETIC_GP3,0.333036795391596,0.3190820062095772,0.33,0.33,normalised
15.733333333333333,,,0.3303800264466006,0.3328399925889858,1,,,,,,,,,SYNTHETIC_GP3,0.3303800264466006,0.3328399925889858,0.33,0.33,normalised
15.75,,,0.3317953515965866,0.3288591936416066,1,,,,,,,,,SYNTHETIC_GP3,0.3317953515965866,0.3288591936416066,0.33,0.33,normalised
15.766666666666666,,,0.3303647513471366,0.3245014765603398,1,,,,,,,,,SYNTHETIC_GP3,0.3303647513471366,0.3245014765603398,0.33,0.33,normalised
15.783333333333331,,,0.3216394593244715,0.3279723231417679,1,,,,,,,,,SYNTHETIC_GP3,0.3216394593244715,0.3279723231417679,0.33,0.33,normalised
15.8,,,0.3315064159090819,0.3340700930256179,1,,,,,,,,,SYNTHETIC_GP3,0.3315064159090819,0.3340700930256179,0.33,0.33,normalised
15.816666666666666,,,0.3286313198755398,0.3296176006151267,1,,,,,,,,,SYNTHETIC_GP3,0.3286313198755398,0.3296176006151267,0.33,0.33,normalised
15.833333333333334,,,0.3313606181418911,0.3271301228067876,1,,,,,,,,,SYNTHETIC_GP3,0.3313606181418911,0.3271301228067876,0.33,0.33,normalised
15.85,,,0.3289356864171881,0.325767139477189,1,,,,,,,,,SYNTHETIC_GP3,0.3289356864171881,0.325767139477189,0.33,0.33,normalised
15.866666666666667,,,0.3346227066293618,0.3280722607143108,1,,,,,,,,,SYNTHETIC_GP3,0.3346227066293618,0.3280722607143108,0.33,0.33,normalised
15.883333333333333,,,0.3318163454102301,0.3276667571602997,1,,,,,,,,,SYNTHETIC_GP3,0.3318163454102301,0.3276667571602997,0.33,0.33,normalised
15.9,,,0.3348330848595965,0.3249174396029424,1,,,,,,,,,SYNTHETIC_GP3,0.3348330848595965,0.3249174396029424,0.33,0.33,normalised
15.916666666666666,,,0.3351255673098154,0.3222389793841489,1,,,,,,,,,SYNTHETIC_GP3,0.3351255673098154,0.3222389793841489,0.33,0.33,normalised
15.933333333333334,,,0.3297334341292828,0.3248850424067036,1,,,,,,,,,SYNTHETIC_GP3,0.3297334341292828,0.3248850424067036,0.33,0.33,normalised
15.95,,,0.3352610928278099,0.3298956205951355,1,,,,,,,,,SYNTHETIC_GP3,0.3352610928278099,0.3298956205951355,0.33,0.33,normalised
15.966666666666669,,,0.3329149422348862,0.319709829620724,1,,,,,,,,,SYNTHETIC_GP3,0.3329149422348862,0.319709829620724,0.33,0.33,normalised
15.983333333333333,,,0.327768205662242,0.3247769269502956,1,,,,,,,,,SYNTHETIC_GP3,0.327768205662242,0.3247769269502956,0.33,0.33,normalised
16.0,,,0.3315361053975443,0.3383883475409351,1,,,,,,,,,SYNTHETIC_GP3,0.3315361053975443,0.3383883475409351,0.33,0.33,normalised
16.016666666666666,,,0.3323762772806906,0.3309623737943276,1,,,,,,,,,SYNTHETIC_GP3,0.3323762772806906,0.3309623737943276,0.33,0.33,normalised
16.03333333333333,,,0.3370796707894746,0.3364641620218815,1,,,,,,,,,SYNTHETIC_GP3,0.3370796707894746,0.3364641620218815,0.33,0.33,normalised
16.05,,,0.3306057335043146,0.3329662609661148,1,,,,,,,,,SYNTHETIC_GP3,0.3306057335043146,0.3329662609661148,0.33,0.33,normalised
16.066666666666666,,,0.3382834579958331,0.3330846926309372,1,,,,,,,,,SYNTHETIC_GP3,0.3382834579958331,0.3330846926309372,0.33,0.33,normalised
16.083333333333332,,,0.3350795165838425,0.3319104070382097,1,,,,,,,,,SYNTHETIC_GP3,0.3350795165838425,0.3319104070382097,0.33,0.33,normalised
16.1,,,0.3235429691703767,0.326673570660575,1,,,,,,,,,SYNTHETIC_GP3,0.3235429691703767,0.326673570660575,0.33,0.33,normalised
16.116666666666667,,,0.3278576961737722,0.3298276067637879,1,,,,,,,,,SYNTHETIC_GP3,0.3278576961737722,0.3298276067637879,0.33,0.33,normalised
16.133333333333333,,,0.3343461915091921,0.3350359537171662,1,,,,,,,,,SYNTHETIC_GP3,0.3343461915091921,0.3350359537171662,0.33,0.33,normalised
16.15,,,0.3261786632055649,0.3300265728918629,1,,,,,,,,,SYNTHETIC_GP3,0.3261786632055649,0.3300265728918629,0.33,0.33,normalised
16.166666666666668,,,0.3339047302042029,0.3276956115473509,1,,,,,,,,,SYNTHETIC_GP3,0.3339047302042029,0.3276956115473509,0.33,0.33,normalised
16.183333333333334,,,0.3375304622407037,0.3286271460853968,1,,,,,,,,,SYNTHETIC_GP3,0.3375304622407037,0.3286271460853968,0.33,0.33,normalised
16.2,,,0.3309273549088399,0.3348327120653429,1,,,,,,,,,SYNTHETIC_GP3,0.3309273549088399,0.3348327120653429,0.33,0.33,normalised
16.216666666666665,,,0.3376307707355657,0.323622193419054,1,,,,,,,,,SYNTHETIC_GP3,0.3376307707355657,0.323622193419054,0.33,0.33,normalised
16.233333333333334,,,0.337295738224275,0.3365424808060254,1,,,,,,,,,SYNTHETIC_GP3,0.337295738224275,0.3365424808060254,0.33,0.33,normalised
16.25,,,0.3317746312813088,0.3278155014860555,1,,,,,,,,,SYNTHETIC_GP3,0.3317746312813088,0.3278155014860555,0.33,0.33,normalised
16.266666666666666,,,0.3318665621440347,0.3281150614335087,1,,,,,,,,,SYNTHETIC_GP3,0.3318665621440347,0.3281150614335087,0.33,0.33,normalised
16.28333333333333,,,0.3327249540814002,0.3269526888458872,1,,,,,,,,,SYNTHETIC_GP3,0.3327249540814002,0.3269526888458872,0.33,0.33,normalised
16.3,,,0.3337795786171476,0.3295528227648598,1,,,,,,,,,SYNTHETIC_GP3,0.3337795786171476,0.3295528227648598,0.33,0.33,normalised
16.316666666666666,,,0.3257701669692907,0.3292683957269646,1,,,,,,,,,SYNTHETIC_GP3,0.3257701669692907,0.3292683957269646,0.33,0.33,normalised
16.333333333333332,,,0.3314203326967197,0.3305642373807191,1,,,,,,,,,SYNTHETIC_GP3,0.3314203326967197,0.3305642373807191,0.33,0.33,normalised
16.35,,,0.3253069830816791,0.3272039644108248,1,,,,,,,,,SYNTHETIC_GP3,0.3253069830816791,0.3272039644108248,0.33,0.33,normalised
16.366666666666667,,,0.3306194670998831,0.3242917050492935,1,,,,,,,,,SYNTHETIC_GP3,0.3306194670998831,0.3242917050492935,0.33,0.33,normalised
16.383333333333333,,,0.3311223786537914,0.3261988763562328,1,,,,,,,,,SYNTHETIC_GP3,0.3311223786537914,0.3261988763562328,0.33,0.33,normalised
16.4,,,0.3247302823552939,0.3247751945353723,1,,,,,,,,,SYNTHETIC_GP3,0.3247302823552939,0.3247751945353723,0.33,0.33,normalised
16.416666666666668,,,0.3269458520671366,0.3230089855494638,1,,,,,,,,,SYNTHETIC_GP3,0.3269458520671366,0.3230089855494638,0.33,0.33,normalised
16.433333333333334,,,0.3304076405700754,0.3306527457185206,1,,,,,,,,,SYNTHETIC_GP3,0.3304076405700754,0.3306527457185206,0.33,0.33,normalised
16.45,,,0.3406413804270219,0.3306932672298454,1,,,,,,,,,SYNTHETIC_GP3,0.3406413804270219,0.3306932672298454,0.33,0.33,normalised
16.466666666666665,,,0.3264530527474577,0.3214674018202469,1,,,,,,,,,SYNTHETIC_GP3,0.3264530527474577,0.3214674018202469,0.33,0.33,normalised
16.483333333333334,,,0.3324982094170572,0.3240652918536777,1,,,,,,,,,SYNTHETIC_GP3,0.3324982094170572,0.3240652918536777,0.33,0.33,normalised
16.5,,,0.3284258018154887,0.3330161236744318,1,,,,,,,,,SYNTHETIC_GP3,0.3284258018154887,0.3330161236744318,0.33,0.33,normalised
16.516666666666666,,,0.3304998292569999,0.3310894979941067,1,,,,,,,,,SYNTHETIC_GP3,0.3304998292569999,0.3310894979941067,0.33,0.33,normalised
16.53333333333333,,,0.3359407022788638,0.3339474813579862,1,,,,,,,,,SYNTHETIC_GP3,0.3359407022788638,0.3339474813579862,0.33,0.33,normalised
16.55,,,0.333241898974534,0.3251789633838076,1,,,,,,,,,SYNTHETIC_GP3,0.333241898974534,0.3251789633838076,0.33,0.33,normalised
16.566666666666666,,,0.3337031143970278,0.3192876205070287,1,,,,,,,,,SYNTHETIC_GP3,0.3337031143970278,0.3192876205070287,0.33,0.33,normalised
16.583333333333332,,,0.3339550349317295,0.3217996394652769,1,,,,,,,,,SYNTHETIC_GP3,0.3339550349317295,0.3217996394652769,0.33,0.33,normalised
16.6,,,0.3343019983993837,0.3301258017793496,1,,,,,,,,,SYNTHETIC_GP3,0.3343019983993837,0.3301258017793496,0.33,0.33,normalised
16.616666666666667,,,0.3233537319845439,0.3234260016963189,1,,,,,,,,,SYNTHETIC_GP3,0.3233537319845439,0.3234260016963189,0.33,0.33,normalised
16.633333333333333,,,0.3335441849013077,0.3347851325161312,1,,,,,,,,,SYNTHETIC_GP3,0.3335441849013077,0.3347851325161312,0.33,0.33,normalised
16.65,,,0.3316596600836857,0.3288341316717219,1,,,,,,,,,SYNTHETIC_GP3,0.3316596600836857,0.3288341316717219,0.33,0.33,normalised
16.666666666666668,,,0.3335898046278192,0.3305547044597787,1,,,,,,,,,SYNTHETIC_GP3,0.3335898046278192,0.3305547044597787,0.33,0.33,normalised
16.683333333333334,,,0.3353455076690484,0.3313730072572938,1,,,,,,,,,SYNTHETIC_GP3,0.3353455076690484,0.3313730072572938,0.33,0.33,normalised
16.7,,,0.3336626512240245,0.3332577101248925,1,,,,,,,,,SYNTHETIC_GP3,0.3336626512240245,0.3332577101248925,0.33,0.33,normalised
16.716666666666665,,,0.334761606728112,0.3293541887743727,1,,,,,,,,,SYNTHETIC_GP3,0.334761606728112,0.3293541887743727,0.33,0.33,normalised
16.733333333333334,,,0.3273141670613733,0.3304358584503625,1,,,,,,,,,SYNTHETIC_GP3,0.3273141670613733,0.3304358584503625,0.33,0.33,normalised
16.75,,,0.3337912273859323,0.3212181267003692,1,,,,,,,,,SYNTHETIC_GP3,0.3337912273859323,0.3212181267003692,0.33,0.33,normalised
16.766666666666666,,,0.3315629222967038,0.3242348274709472,1,,,,,,,,,SYNTHETIC_GP3,0.3315629222967038,0.3242348274709472,0.33,0.33,normalised
16.78333333333333,,,0.3316540273735423,0.3306411093453643,1,,,,,,,,,SYNTHETIC_GP3,0.3316540273735423,0.3306411093453643,0.33,0.33,normalised
16.8,,,0.337200538906738,0.3294259536837214,1,,,,,,,,,SYNTHETIC_GP3,0.337200538906738,0.3294259536837214,0.33,0.33,normalised
16.816666666666666,,,0.330045316274448,0.3272668709196178,1,,,,,,,,,SYNTHETIC_GP3,0.330045316274448,0.3272668709196178,0.33,0.33,normalised
16.833333333333332,,,,,0,,,,,,,,,SYNTHETIC_GP3,,,0.33,0.33,normalised
16.85,,,0.326745728311216,0.3316892032123709,1,,,,,,,,,SYNTHETIC_GP3,0.326745728311216,0.3316892032123709,0.33,0.33,normalised
16.866666666666667,,,0.3308175956044187,0.3297381454571709,1,,,,,,,,,SYNTHETIC_GP3,0.3308175956044187,0.3297381454571709,0.33,0.33,normalised
16.883333333333333,,,0.3362827450174733,0.3273030797017893,1,,,,,,,,,SYNTHETIC_GP3,0.3362827450174733,0.3273030797017893,0.33,0.33,normalised
16.9,,,0.3253288414930859,0.3370995391190267,1,,,,,,,,,SYNTHETIC_GP3,0.3253288414930859,0.3370995391190267,0.33,0.33,normalised
16.916666666666668,,,0.3330048720614719,0.3276522462042762,1,,,,,,,,,SYNTHETIC_GP3,0.3330048720614719,0.3276522462042762,0.33,0.33,normalised
16.933333333333334,,,0.3218689530005126,0.325957341317835,1,,,,,,,,,SYNTHETIC_GP3,0.3218689530005126,0.325957341317835,0.33,0.33,normalised
16.95,,,0.3292389649235585,0.3338017566346128,1,,,,,,,,,SYNTHETIC_GP3,0.3292389649235585,0.3338017566346128,0.33,0.33,normalised
16.966666666666665,,,0.3337499677364184,0.3250184219137768,1,,,,,,,,,SYNTHETIC_GP3,0.3337499677364184,0.3250184219137768,0.33,0.33,normalised
16.983333333333334,,,0.3298457606899165,0.3260149223176934,1,,,,,,,,,SYNTHETIC_GP3,0.3298457606899165,0.3260149223176934,0.33,0.33,normalised
17.0,,,0.3271918583849098,0.3303365274094407,1,,,,,,,,,SYNTHETIC_GP3,0.3271918583849098,0.3303365274094407,0.33,0.33,normalised
17.016666666666666,,,0.3305270642905593,0.3356747606326713,1,,,,,,,,,SYNTHETIC_GP3,0.3305270642905593,0.3356747606326713,0.33,0.33,normalised
17.03333333333333,,,0.3359564344052713,0.3270360878245968,1,,,,,,,,,SYNTHETIC_GP3,0.3359564344052713,0.3270360878245968,0.33,0.33,normalised
17.05,,,0.3379677400459031,0.3204857697200573,1,,,,,,,,,SYNTHETIC_GP3,0.3379677400459031,0.3204857697200573,0.33,0.33,normalised
17.066666666666666,,,0.3380488422944409,0.333602166532573,1,,,,,,,,,SYNTHETIC_GP3,0.3380488422944409,0.333602166532573,0.33,0.33,normalised
17.083333333333332,,,0.334729154184181,0.3287941218431746,1,,,,,,,,,SYNTHETIC_GP3,0.334729154184181,0.3287941218431746,0.33,0.33,normalised
17.1,,,0.3334423171201572,0.3328064757247701,1,,,,,,,,,SYNTHETIC_GP3,0.3334423171201572,0.3328064757247701,0.33,0.33,normalised
17.116666666666667,,,0.3359433532254168,0.3309325549578342,1,,,,,,,,,SYNTHETIC_GP3,0.3359433532254168,0.3309325549578342,0.33,0.33,normalised
17.133333333333333,,,0.3273745118521872,0.3341208175087281,1,,,,,,,,,SYNTHETIC_GP3,0.3273745118521872,0.3341208175087281,0.33,0.33,normalised
17.15,,,0.3281231894375274,0.3293768649468613,1,,,,,,,,,SYNTHETIC_GP3,0.3281231894375274,0.3293768649468613,0.33,0.33,normalised
17.166666666666668,,,0.3371662240090811,0.3215499541822889,1,,,,,,,,,SYNTHETIC_GP3,0.3371662240090811,0.3215499541822889,0.33,0.33,normalised
17.183333333333334,,,0.3354250931363149,0.3285370891756232,1,,,,,,,,,SYNTHETIC_GP3,0.3354250931363149,0.3285370891756232,0.33,0.33,normalised
17.2,,,0.3355003286574618,0.3352008143028435,1,,,,,,,,,SYNTHETIC_GP3,0.3355003286574618,0.3352008143028435,0.33,0.33,normalised
17.216666666666665,,,0.3328873032161266,0.3360498714268946,1,,,,,,,,,SYNTHETIC_GP3,0.3328873032161266,0.3360498714268946,0.33,0.33,normalised
17.233333333333334,,,0.3287000204646214,0.3337686391443918,1,,,,,,,,,SYNTHETIC_GP3,0.3287000204646214,0.3337686391443918,0.33,0.33,normalised
17.25,,,0.3276795912720894,0.3298199720944785,1,,,,,,,,,SYNTHETIC_GP3,0.3276795912720894,0.3298199720944785,0.33,0.33,normalised
17.266666666666666,,,0.3357521876293123,0.3244490096957286,1,,,,,,,,,SYNTHETIC_GP3,0.3357521876293123,0.3244490096957286,0.33,0.33,normalised
17.28333333333333,,,0.3363313064544872,0.3351926555461453,1,,,,,,,,,SYNTHETIC_GP3,0.3363313064544872,0.3351926555461453,0.33,0.33,normalised
17.3,,,0.3275181073992536,0.3247399890598865,1,,,,,,,,,SYNTHETIC_GP3,0.3275181073992536,0.3247399890598865,0.33,0.33,normalised
17.316666666666666,,,0.3290419435724331,0.3289830775353848,1,,,,,,,,,SYNTHETIC_GP3,0.3290419435724331,0.3289830775353848,0.33,0.33,normalised
17.333333333333332,,,0.3315884273921203,0.3279097415940353,1,,,,,,,,,SYNTHETIC_GP3,0.3315884273921203,0.3279097415940353,0.33,0.33,normalised
17.35,,,0.5054985513645851,0.500990389416079,1,,,,,,,,,SYNTHETIC_GP3,0.5054985513645851,0.500990389416079,0.5,0.5,normalised
17.366666666666667,,,0.5006378462699919,0.5013376345893464,1,,,,,,,,,SYNTHETIC_GP3,0.5006378462699919,0.5013376345893464,0.5,0.5,normalised
17.383333333333333,,,0.4985910940199683,0.510476944669491,1,,,,,,,,,SYNTHETIC_GP3,0.4985910940199683,0.510476944669491,0.5,0.5,normalised
17.4,,,0.5059536757477748,0.5051397208672206,1,,,,,,,,,SYNTHETIC_GP3,0.5059536757477748,0.5051397208672206,0.5,0.5,normalised
17.416666666666668,,,0.5043890945391417,0.4986145101583861,1,,,,,,,,,SYNTHETIC_GP3,0.5043890945391417,0.4986145101583861,0.5,0.5,normalised
17.433333333333334,,,0.4992229774221957,0.497765373652517,1,,,,,,,,,SYNTHETIC_GP3,0.4992229774221957,0.497765373652517,0.5,0.5,normalised
17.45,,,0.4993625831517458,0.4940971904589128,1,,,,,,,,,SYNTHETIC_GP3,0.4993625831517458,0.4940971904589128,0.5,0.5,normalised
17.466666666666665,,,0.5064399044706129,0.5021036632838802,1,,,,,,,,,SYNTHETIC_GP3,0.5064399044706129,0.5021036632838802,0.5,0.5,normalised
17.483333333333334,,,0.4968765007345967,0.4916830166745663,1,,,,,,,,,SYNTHETIC_GP3,0.4968765007345967,0.4916830166745663,0.5,0.5,normalised
17.5,,,0.5008284966417452,0.4927292924837085,1,,,,,,,,,SYNTHETIC_GP3,0.5008284966417452,0.4927292924837085,0.5,0.5,normalised
17.516666666666666,,,0.5037972304000562,0.4984807150329566,1,,,,,,,,,SYNTHETIC_GP3,0.5037972304000562,0.4984807150329566,0.5,0.5,normalised
17.53333333333333,,,0.5026575447536616,0.4998078990651249,1,,,,,,,,,SYNTHETIC_GP3,0.5026575447536616,0.4998078990651249,0.5,0.5,normalised
17.55,,,0.5057176590053154,0.4971987691088452,1,,,,,,,,,SYNTHETIC_GP3,0.5057176590053154,0.4971987691088452,0.5,0.5,normalised
17.566666666666666,,,0.4951559455811432,0.5016192388605786,1,,,,,,,,,SYNTHETIC_GP3,0.4951559455811432,0.5016192388605786,0.5,0.5,normalised
17.583333333333332,,,0.5020704357239976,0.4971883454881267,1,,,,,,,,,SYNTHETIC_GP3,0.5020704357239976,0.4971883454881267,0.5,0.5,normalised
17.6,,,0.5032046479206866,0.5048121850971488,1,,,,,,,,,SYNTHETIC_GP3,0.5032046479206866,0.5048121850971488,0.5,0.5,normalised
17.616666666666667,,,0.5033343865448943,0.5008095497365385,1,,,,,,,,,SYNTHETIC_GP3,0.5033343865448943,0.5008095497365385,0.5,0.5,normalised
17.633333333333333,,,0.5043076554917884,0.497347240975995,1,,,,,,,,,SYNTHETIC_GP3,0.5043076554917884,0.497347240975995,0.5,0.5,normalised
17.65,,,0.4973325313322802,0.4952129210531681,1,,,,,,,,,SYNTHETIC_GP3,0.4973325313322802,0.4952129210531681,0.5,0.5,normalised
17.666666666666668,,,0.5077805797169972,0.5062806993100917,1,,,,,,,,,SYNTHETIC_GP3,0.5077805797169972,0.5062806993100917,0.5,0.5,normalised
17.683333333333334,,,0.5038161717972124,0.4970678242104102,1,,,,,,,,,SYNTHETIC_GP3,0.5038161717972124,0.4970678242104102,0.5,0.5,normalised
17.7,,,0.5042425201974329,0.4926066970112298,1,,,,,,,,,SYNTHETIC_GP3,0.5042425201974329,0.4926066970112298,0.5,0.5,normalised
17.716666666666665,,,0.4996925375279839,0.501636997163263,1,,,,,,,,,SYNTHETIC_GP3,0.4996925375279839,0.501636997163263,0.5,0.5,normalised
17.733333333333334,,,0.5027230002615584,0.4965676965195297,1,,,,,,,,,SYNTHETIC_GP3,0.5027230002615584,0.4965676965195297,0.5,0.5,normalised
17.75,,,0.5073218437517468,0.5086274441457564,1,,,,,,,,,SYNTHETIC_GP3,0.5073218437517468,0.5086274441457564,0.5,0.5,normalised
17.766666666666666,,,0.5019392820529908,0.4968440373740933,1,,,,,,,,,SYNTHETIC_GP3,0.5019392820529908,0.4968440373740933,0.5,0.5,normalised
17.78333333333333,,,0.502781429599216,0.4934493585906724,1,,,,,,,,,SYNTHETIC_GP3,0.502781429599216,0.4934493585906724,0.5,0.5,normalised
17.8,,,0.5032668644879874,0.4926836630048099,1,,,,,,,,,SYNTHETIC_GP3,0.5032668644879874,0.4926836630048099,0.5,0.5,normalised
17.816666666666666,,,0.4954677594531497,0.4908892067777936,1,,,,,,,,,SYNTHETIC_GP3,0.4954677594531497,0.4908892067777936,0.5,0.5,normalised
17.833333333333332,,,0.5013097612734663,0.5019669814341272,1,,,,,,,,,SYNTHETIC_GP3,0.5013097612734663,0.5019669814341272,0.5,0.5,normalised
17.85,,,0.5047720660482767,0.5067306406950997,1,,,,,,,,,SYNTHETIC_GP3,0.5047720660482767,0.5067306406950997,0.5,0.5,normalised
17.866666666666667,,,0.5000458180130207,0.5000283136271592,1,,,,,,,,,SYNTHETIC_GP3,0.5000458180130207,0.5000283136271592,0.5,0.5,normalised
17.883333333333333,,,0.5018313229509508,0.4978299605235984,1,,,,,,,,,SYNTHETIC_GP3,0.5018313229509508,0.4978299605235984,0.5,0.5,normalised
17.9,,,0.5018690098924643,0.4945699392043448,1,,,,,,,,,SYNTHETIC_GP3,0.5018690098924643,0.4945699392043448,0.5,0.5,normalised
17.916666666666668,,,0.4956802239065916,0.5021769053926827,1,,,,,,,,,SYNTHETIC_GP3,0.4956802239065916,0.5021769053926827,0.5,0.5,normalised
17.933333333333334,,,0.5052172311439029,0.4938380281117102,1,,,,,,,,,SYNTHETIC_GP3,0.5052172311439029,0.4938380281117102,0.5,0.5,normalised
17.95,,,0.4965838235722865,0.4966224688993005,1,,,,,,,,,SYNTHETIC_GP3,0.4965838235722865,0.4966224688993005,0.5,0.5,normalised
17.966666666666665,,,0.5036906717659398,0.4976673911962254,1,,,,,,,,,SYNTHETIC_GP3,0.5036906717659398,0.4976673911962254,0.5,0.5,normalised
17.983333333333334,,,0.5014656135665363,0.5035503541528615,1,,,,,,,,,SYNTHETIC_GP3,0.5014656135665363,0.5035503541528615,0.5,0.5,normalised
18.0,,,0.1506355045862563,0.1521288946884258,1,,,,,,,,,SYNTHETIC_GP3,0.1506355045862563,0.1521288946884258,0.15,0.15,normalised
18.016666666666666,,,0.1522671231789223,0.1548713559496336,1,,,,,,,,,SYNTHETIC_GP3,0.1522671231789223,0.1548713559496336,0.15,0.15,normalised
18.03333333333333,,,0.1550147181946186,0.1584877259453327,1,,,,,,,,,SYNTHETIC_GP3,0.1550147181946186,0.1584877259453327,0.15,0.15,normalised
18.05,,,0.1552538364110784,0.1483741937515404,1,,,,,,,,,SYNTHETIC_GP3,0.1552538364110784,0.1483741937515404,0.15,0.15,normalised
18.066666666666663,,,0.1502786346217556,0.1571960288953366,1,,,,,,,,,SYNTHETIC_GP3,0.1502786346217556,0.1571960288953366,0.15,0.15,normalised
18.08333333333333,,,0.1513421452931763,0.155514344460815,1,,,,,,,,,SYNTHETIC_GP3,0.1513421452931763,0.155514344460815,0.15,0.15,normalised
18.1,,,0.1485622836535625,0.1501590859069058,1,,,,,,,,,SYNTHETIC_GP3,0.1485622836535625,0.1501590859069058,0.15,0.15,normalised
18.116666666666667,,,0.146154004678464,0.1550536135617883,1,,,,,,,,,SYNTHETIC_GP3,0.146154004678464,0.1550536135617883,0.15,0.15,normalised
18.133333333333333,,,0.1558037575315881,0.1534193550943211,1,,,,,,,,,SYNTHETIC_GP3,0.1558037575315881,0.1534193550943211,0.15,0.15,normalised
18.15,,,0.1476109882914089,0.1560995989030993,1,,,,,,,,,SYNTHETIC_GP3,0.1476109882914089,0.1560995989030993,0.15,0.15,normalised
18.166666666666668,,,0.1490587986179148,0.1387798480282655,1,,,,,,,,,SYNTHETIC_GP3,0.1490587986179148,0.1387798480282655,0.15,0.15,normalised
18.183333333333334,,,0.1535176167654841,0.1453051850672322,1,,,,,,,,,SYNTHETIC_GP3,0.1535176167654841,0.1453051850672322,0.15,0.15,normalised
18.2,,,0.1466092352545352,0.1437309667764765,1,,,,,,,,,SYNTHETIC_GP3,0.1466092352545352,0.1437309667764765,0.15,0.15,normalised
18.216666666666665,,,0.1539203829543844,0.1502684328715109,1,,,,,,,,,SYNTHETIC_GP3,0.1539203829543844,0.1502684328715109,0.15,0.15,normalised
18.23333333333333,,,0.1486250139309848,0.1501390399974028,1,,,,,,,,,SYNTHETIC_GP3,0.1486250139309848,0.1501390399974028,0.15,0.15,normalised
18.25,,,0.1474542819842385,0.1439092220669907,1,,,,,,,,,SYNTHETIC_GP3,0.1474542819842385,0.1439092220669907,0.15,0.15,normalised
18.266666666666666,,,0.1496773306467618,0.1462803270321882,1,,,,,,,,,SYNTHETIC_GP3,0.1496773306467618,0.1462803270321882,0.15,0.15,normalised
18.28333333333333,,,0.1485957800682693,0.1496238895874422,1,,,,,,,,,SYNTHETIC_GP3,0.1485957800682693,0.1496238895874422,0.15,0.15,normalised
18.3,,,0.1529442247109262,0.1483815890139488,1,,,,,,,,,SYNTHETIC_GP3,0.1529442247109262,0.1483815890139488,0.15,0.15,normalised
18.316666666666663,,,0.1576725400291644,0.1490351230777021,1,,,,,,,,,SYNTHETIC_GP3,0.1576725400291644,0.1490351230777021,0.15,0.15,normalised
18.33333333333333,,,0.1546962307905352,0.1473379725942901,1,,,,,,,,,SYNTHETIC_GP3,0.1546962307905352,0.1473379725942901,0.15,0.15,normalised
18.35,,,0.1538597578273,0.1440770127511072,1,,,,,,,,,SYNTHETIC_GP3,0.1538597578273,0.1440770127511072,0.15,0.15,normalised
18.366666666666667,,,0.1495387456003944,0.1515020360615624,1,,,,,,,,,SYNTHETIC_GP3,0.1495387456003944,0.1515020360615624,0.15,0.15,normalised
18.383333333333333,,,0.1510354712258877,0.1435556824071484,1,,,,,,,,,SYNTHETIC_GP3,0.1510354712258877,0.1435556824071484,0.15,0.15,normalised
18.4,,,0.1523694701605996,0.1522442465904875,1,,,,,,,,,SYNTHETIC_GP3,0.1523694701605996,0.1522442465904875,0.15,0.15,normalised
18.416666666666668,,,0.1516964913980684,0.149914874122027,1,,,,,,,,,SYNTHETIC_GP3,0.1516964913980684,0.149914874122027,0.15,0.15,normalised
18.433333333333334,,,0.152498394224524,0.1528097168169466,1,,,,,,,,,SYNTHETIC_GP3,0.152498394224524,0.1528097168169466,0.15,0.15,normalised
18.45,,,0.1471128420674488,0.1526473253445856,1,,,,,,,,,SYNTHETIC_GP3,0.1471128420674488,0.1526473253445856,0.15,0.15,normalised
18.466666666666665,,,0.158957659800235,0.1428399747907821,1,,,,,,,,,SYNTHETIC_GP3,0.158957659800235,0.1428399747907821,0.15,0.15,normalised
18.48333333333333,,,0.1465168776166132,0.1439860026665318,1,,,,,,,,,SYNTHETIC_GP3,0.1465168776166132,0.1439860026665318,0.15,0.15,normalised
18.5,,,0.1512601390067957,0.1390860381324088,1,,,,,,,,,SYNTHETIC_GP3,0.1512601390067957,0.1390860381324088,0.15,0.15,normalised
18.516666666666666,,,,,0,,,,,,,,,SYNTHETIC_GP3,,,0.15,0.15,normalised
18.53333333333333,,,0.1488486746822683,0.1444082830225863,1,,,,,,,,,SYNTHETIC_GP3,0.1488486746822683,0.1444082830225863,0.15,0.15,normalised
18.55,,,0.1560276746732523,0.152360430950607,1,,,,,,,,,SYNTHETIC_GP3,0.1560276746732523,0.152360430950607,0.15,0.15,normalised
18.566666666666663,,,0.1461773517599023,0.1510576705927644,1,,,,,,,,,SYNTHETIC_GP3,0.1461773517599023,0.1510576705927644,0.15,0.15,normalised
18.58333333333333,,,0.1488431108030775,0.141675217307153,1,,,,,,,,,SYNTHETIC_GP3,0.1488431108030775,0.141675217307153,0.15,0.15,normalised
18.6,,,0.1424071461980337,0.1519087004784572,1,,,,,,,,,SYNTHETIC_GP3,0.1424071461980337,0.1519087004784572,0.15,0.15,normalised
18.616666666666667,,,0.1559405018585244,0.1463961561139066,1,,,,,,,,,SYNTHETIC_GP3,0.1559405018585244,0.1463961561139066,0.15,0.15,normalised
18.633333333333333,,,0.1470243674204876,0.1496625366149299,1,,,,,,,,,SYNTHETIC_GP3,0.1470243674204876,0.1496625366149299,0.15,0.15,normalised
18.65,,,0.1490238680396902,0.1490621265665367,1,,,,,,,,,SYNTHETIC_GP3,0.1490238680396902,0.1490621265665367,0.15,0.15,normalised
18.666666666666668,,,0.1548481594532388,0.1477513025261106,1,,,,,,,,,SYNTHETIC_GP3,0.1548481594532388,0.1477513025261106,0.15,0.15,normalised
18.683333333333334,,,0.1531529592726643,0.1537623073290651,1,,,,,,,,,SYNTHETIC_GP3,0.1531529592726643,0.1537623073290651,0.15,0.15,normalised
18.7,,,0.1560277582455121,0.1428844203829583,1,,,,,,,,,SYNTHETIC_GP3,0.1560277582455121,0.1428844203829583,0.15,0.15,normalised
18.716666666666665,,,0.1543562258192142,0.1512474400329513,1,,,,,,,,,SYNTHETIC_GP3,0.1543562258192142,0.1512474400329513,0.15,0.15,normalised
18.73333333333333,,,0.1553276381502248,0.1544820517134003,1,,,,,,,,,SYNTHETIC_GP3,0.1553276381502248,0.1544820517134003,0.15,0.15,normalised
18.75,,,0.149837655459344,0.1473690490991832,1,,,,,,,,,SYNTHETIC_GP3,0.149837655459344,0.1473690490991832,0.15,0.15,normalised
18.766666666666666,,,0.1514144327408236,0.1464072906353354,1,,,,,,,,,SYNTHETIC_GP3,0.1514144327408236,0.1464072906353354,0.15,0.15,normalised
18.78333333333333,,,0.1547099647171498,0.1449923109008963,1,,,,,,,,,SYNTHETIC_GP3,0.1547099647171498,0.1449923109008963,0.15,0.15,normalised
18.8,,,0.1547631412868844,0.1498035335799042,1,,,,,,,,,SYNTHETIC_GP3,0.1547631412868844,0.1498035335799042,0.15,0.15,normalised
18.816666666666663,,,0.1555350447625957,0.150310178142022,1,,,,,,,,,SYNTHETIC_GP3,0.1555350447625957,0.150310178142022,0.15,0.15,normalised
18.83333333333333,,,0.1486880152507365,0.1501395208229778,1,,,,,,,,,SYNTHETIC_GP3,0.1486880152507365,0.1501395208229778,0.15,0.15,normalised
18.85,,,0.1473658129213979,0.1398878913151286,1,,,,,,,,,SYNTHETIC_GP3,0.1473658129213979,0.1398878913151286,0.15,0.15,normalised
18.866666666666667,,,0.1467306508391563,0.1555695868787134,1,,,,,,,,,SYNTHETIC_GP3,0.1467306508391563,0.1555695868787134,0.15,0.15,normalised
18.883333333333333,,,0.1498561212821407,0.1525009412528801,1,,,,,,,,,SYNTHETIC_GP3,0.1498561212821407,0.1525009412528801,0.15,0.15,normalised
18.9,,,0.151344340021091,0.1481880808502322,1,,,,,,,,,SYNTHETIC_GP3,0.151344340021091,0.1481880808502322,0.15,0.15,normalised
18.916666666666668,,,0.1469755736871519,0.1511273278368395,1,,,,,,,,,SYNTHETIC_GP3,0.1469755736871519,0.1511273278368395,0.15,0.15,normalised
18.933333333333334,,,0.1510120202482107,0.1434250984177479,1,,,,,,,,,SYNTHETIC_GP3,0.1510120202482107,0.1434250984177479,0.15,0.15,normalised
18.95,,,0.1542731398860504,0.1505617901592205,1,,,,,,,,,SYNTHETIC_GP3,0.1542731398860504,0.1505617901592205,0.15,0.15,normalised
18.966666666666665,,,0.1557029592174764,0.1459207241150663,1,,,,,,,,,SYNTHETIC_GP3,0.1557029592174764,0.1459207241150663,0.15,0.15,normalised
18.98333333333333,,,0.1493981316651878,0.1504439098341901,1,,,,,,,,,SYNTHETIC_GP3,0.1493981316651878,0.1504439098341901,0.15,0.15,normalised
19.0,,,0.1540183960319171,0.144611873032026,1,,,,,,,,,SYNTHETIC_GP3,0.1540183960319171,0.144611873032026,0.15,0.15,normalised
19.016666666666666,,,0.1466415110665089,0.1470259903816811,1,,,,,,,,,SYNTHETIC_GP3,0.1466415110665089,0.1470259903816811,0.15,0.15,normalised
19.03333333333333,,,0.1491063796581136,0.1509558628429328,1,,,,,,,,,SYNTHETIC_GP3,0.1491063796581136,0.1509558628429328,0.15,0.15,normalised
19.05,,,0.1521725902417412,0.1466487168357009,1,,,,,,,,,SYNTHETIC_GP3,0.1521725902417412,0.1466487168357009,0.15,0.15,normalised
19.066666666666663,,,0.1491636131826364,0.1495829108912969,1,,,,,,,,,SYNTHETIC_GP3,0.1491636131826364,0.1495829108912969,0.15,0.15,normalised
19.08333333333333,,,0.1486314532878732,0.1485160768906545,1,,,,,,,,,SYNTHETIC_GP3,0.1486314532878732,0.1485160768906545,0.15,0.15,normalised
19.1,,,0.1528189708540631,0.1541631783283236,1,,,,,,,,,SYNTHETIC_GP3,0.1528189708540631,0.1541631783283236,0.15,0.15,normalised
19.116666666666667,,,0.1477809819545272,0.1522038339051936,1,,,,,,,,,SYNTHETIC_GP3,0.1477809819545272,0.1522038339051936,0.15,0.15,normalised
19.133333333333333,,,0.152188325733404,0.1497068147304496,1,,,,,,,,,SYNTHETIC_GP3,0.152188325733404,0.1497068147304496,0.15,0.15,normalised
19.15,,,0.151315776371477,0.1581325130782154,1,,,,,,,,,SYNTHETIC_GP3,0.151315776371477,0.1581325130782154,0.15,0.15,normalised
19.166666666666668,,,0.1537779088770142,0.1503800406844655,1,,,,,,,,,SYNTHETIC_GP3,0.1537779088770142,0.1503800406844655,0.15,0.15,normalised
19.183333333333334,,,0.1547612680398024,0.1465376753100694,1,,,,,,,,,SYNTHETIC_GP3,0.1547612680398024,0.1465376753100694,0.15,0.15,normalised
19.2,,,0.1522743951387471,0.1560170223258115,1,,,,,,,,,SYNTHETIC_GP3,0.1522743951387471,0.1560170223258115,0.15,0.15,normalised
19.216666666666665,,,0.1497527326121351,0.1474037144173635,1,,,,,,,,,SYNTHETIC_GP3,0.1497527326121351,0.1474037144173635,0.15,0.15,normalised
19.23333333333333,,,0.1557700781080192,0.1474759141317408,1,,,,,,,,,SYNTHETIC_GP3,0.1557700781080192,0.1474759141317408,0.15,0.15,normalised
19.25,,,0.1525247392051349,0.1449108980781565,1,,,,,,,,,SYNTHETIC_GP3,0.1525247392051349,0.1449108980781565,0.15,0.15,normalised
19.266666666666666,,,0.1482161462394822,0.1483549961688985,1,,,,,,,,,SYNTHETIC_GP3,0.1482161462394822,0.1483549961688985,0.15,0.15,normalised
19.28333333333333,,,0.1524255455290396,0.1519300240210787,1,,,,,,,,,SYNTHETIC_GP3,0.1524255455290396,0.1519300240210787,0.15,0.15,normalised
19.3,,,0.149284870333489,0.1417087222384725,1,,,,,,,,,SYNTHETIC_GP3,0.149284870333489,0.1417087222384725,0.15,0.15,normalised
19.316666666666663,,,0.1416343580404819,0.1484490775523393,1,,,,,,,,,SYNTHETIC_GP3,0.1416343580404819,0.1484490775523393,0.15,0.15,normalised
19.33333333333333,,,0.1478983139348827,0.1424992220325202,1,,,,,,,,,SYNTHETIC_GP3,0.1478983139348827,0.1424992220325202,0.15,0.15,normalised
19.35,,,0.1502180145367684,0.1543593380230396,1,,,,,,,,,SYNTHETIC_GP3,0.1502180145367684,0.1543593380230396,0.15,0.15,normalised
19.366666666666667,,,0.1499017228531073,0.1490224316985549,1,,,,,,,,,SYNTHETIC_GP3,0.1499017228531073,0.1490224316985549,0.15,0.15,normalised
19.383333333333333,,,0.145580360218861,0.1545003954270804,1,,,,,,,,,SYNTHETIC_GP3,0.145580360218861,0.1545003954270804,0.15,0.15,normalised
19.4,,,0.1503341244554232,0.1484562049548489,1,,,,,,,,,SYNTHETIC_GP3,0.1503341244554232,0.1484562049548489,0.15,0.15,normalised
19.416666666666668,,,0.1534397249848973,0.1420368741974939,1,,,,,,,,,SYNTHETIC_GP3,0.1534397249848973,0.1420368741974939,0.15,0.15,normalised
19.433333333333334,,,0.1471730095807623,0.1470274250599327,1,,,,,,,,,SYNTHETIC_GP3,0.1471730095807623,0.1470274250599327,0.15,0.15,normalised
19.45,,,0.1527588031195049,0.1626702027279932,1,,,,,,,,,SYNTHETIC_GP3,0.1527588031195049,0.1626702027279932,0.15,0.15,normalised
19.466666666666665,,,0.1436254893241097,0.1490174369316457,1,,,,,,,,,SYNTHETIC_GP3,0.1436254893241097,0.1490174369316457,0.15,0.15,normalised
19.48333333333333,,,0.153752177775657,0.1532952849465518,1,,,,,,,,,SYNTHETIC_GP3,0.153752177775657,0.1532952849465518,0.15,0.15,normalised
19.5,,,0.14946557621898,0.1454092675958481,1,,,,,,,,,SYNTHETIC_GP3,0.14946557621898,0.1454092675958481,0.15,0.15,normalised
19.516666666666666,,,0.1463703275750685,0.1472387562447749,1,,,,,,,,,SYNTHETIC_GP3,0.1463703275750685,0.1472387562447749,0.15,0.15,normalised
19.53333333333333,,,0.1561624437491396,0.1524282344071049,1,,,,,,,,,SYNTHETIC_GP3,0.1561624437491396,0.1524282344071049,0.15,0.15,normalised
19.55,,,0.1535864387720142,0.1542705224187837,1,,,,,,,,,SYNTHETIC_GP3,0.1535864387720142,0.1542705224187837,0.15,0.15,normalised
19.566666666666663,,,0.1555217801776089,0.1534185821730042,1,,,,,,,,,SYNTHETIC_GP3,0.1555217801776089,0.1534185821730042,0.15,0.15,normalised
19.58333333333333,,,0.15296350460925,0.1446628566453663,1,,,,,,,,,SYNTHETIC_GP3,0.15296350460925,0.1446628566453663,0.15,0.15,normalised
19.6,,,0.1531097796444938,0.1421072802853911,1,,,,,,,,,SYNTHETIC_GP3,0.1531097796444938,0.1421072802853911,0.15,0.15,normalised
19.616666666666667,,,0.1501871629416828,0.142860039683015,1,,,,,,,,,SYNTHETIC_GP3,0.1501871629416828,0.142860039683015,0.15,0.15,normalised
19.633333333333333,,,0.153407500311249,0.1457464812738205,1,,,,,,,,,SYNTHETIC_GP3,0.153407500311249,0.1457464812738205,0.15,0.15,normalised
19.65,,,0.1513843831111198,0.1472287188865252,1,,,,,,,,,SYNTHETIC_GP3,0.1513843831111198,0.1472287188865252,0.15,0.15,normalised
19.666666666666668,,,0.1491655525838516,0.1508051197798429,1,,,,,,,,,SYNTHETIC_GP3,0.1491655525838516,0.1508051197798429,0.15,0.15,normalised
19.683333333333334,,,0.1509624697802971,0.1412877453182764,1,,,,,,,,,SYNTHETIC_GP3,0.1509624697802971,0.1412877453182764,0.15,0.15,normalised
19.7,,,0.1466237839724741,0.1429074499077012,1,,,,,,,,,SYNTHETIC_GP3,0.1466237839724741,0.1429074499077012,0.15,0.15,normalised
19.716666666666665,,,0.1516111397171311,0.1497860482268338,1,,,,,,,,,SYNTHETIC_GP3,0.1516111397171311,0.1497860482268338,0.15,0.15,normalised
19.73333333333333,,,0.1534692706983039,0.1488416310394192,1,,,,,,,,,SYNTHETIC_GP3,0.1534692706983039,0.1488416310394192,0.15,0.15,normalised
19.75,,,0.1522094782362484,0.1472248919765659,1,,,,,,,,,SYNTHETIC_GP3,0.1522094782362484,0.1472248919765659,0.15,0.15,normalised
19.766666666666666,,,0.1539758051534803,0.1560054810688322,1,,,,,,,,,SYNTHETIC_GP3,0.1539758051534803,0.1560054810688322,0.15,0.15,normalised
19.78333333333333,,,0.1504731637174371,0.1445438302370051,1,,,,,,,,,SYNTHETIC_GP3,0.1504731637174371,0.1445438302370051,0.15,0.15,normalised
19.8,,,0.1518427916656936,0.1523229621010404,1,,,,,,,,,SYNTHETIC_GP3,0.1518427916656936,0.1523229621010404,0.15,0.15,normalised
19.816666666666663,,,0.1518238528975599,0.1492673952617663,1,,,,,,,,,SYNTHETIC_GP3,0.1518238528975599,0.1492673952617663,0.15,0.15,normalised
19.83333333333333,,,0.1593960031094736,0.1474085590870459,1,,,,,,,,,SYNTHETIC_GP3,0.1593960031094736,0.1474085590870459,0.15,0.15,normalised
19.85,,,0.1465294750114748,0.1454147366684148,1,,,,,,,,,SYNTHETIC_GP3,0.1465294750114748,0.1454147366684148,0.15,0.15,normalised
19.866666666666667,,,0.1597490564174608,0.1417607162514613,1,,,,,,,,,SYNTHETIC_GP3,0.1597490564174608,0.1417607162514613,0.15,0.15,normalised
19.883333333333333,,,0.1488118367147471,0.1434624568284057,1,,,,,,,,,SYNTHETIC_GP3,0.1488118367147471,0.1434624568284057,0.15,0.15,normalised
19.9,,,0.1503777528366089,0.1472616885850275,1,,,,,,,,,SYNTHETIC_GP3,0.1503777528366089,0.1472616885850275,0.15,0.15,normalised
19.916666666666668,,,0.1528195814300224,0.1452473060766045,1,,,,,,,,,SYNTHETIC_GP3,0.1528195814300224,0.1452473060766045,0.15,0.15,normalised
19.933333333333334,,,0.1540206576494915,0.145539672135178,1,,,,,,,,,SYNTHETIC_GP3,0.1540206576494915,0.145539672135178,0.15,0.15,normalised
19.95,,,0.151609331937772,0.1481370378669428,1,,,,,,,,,SYNTHETIC_GP3,0.151609331937772,0.1481370378669428,0.15,0.15,normalised
19.966666666666665,,,0.1526003074564337,0.1538123253678306,1,,,,,,,,,SYNTHETIC_GP3,0.1526003074564337,0.1538123253678306,0.15,0.15,normalised
19.98333333333333,,,0.157252630204497,0.1507041889035911,1,,,,,,,,,SYNTHETIC_GP3,0.157252630204497,0.1507041889035911,0.15,0.15,normalised
20.0,,,0.1620495629071842,0.1488445937791659,1,,,,,,,,,SYNTHETIC_GP3,0.1620495629071842,0.1488445937791659,0.15,0.15,normalised
20.016666666666666,,,0.1533538053858515,0.1446493806056358,1,,,,,,,,,SYNTHETIC_GP3,0.1533538053858515,0.1446493806056358,0.15,0.15,normalised
20.03333333333333,,,0.1544936451198041,0.1476958363571492,1,,,,,,,,,SYNTHETIC_GP3,0.1544936451198041,0.1476958363571492,0.15,0.15,normalised
20.05,,,0.1513366179703602,0.1498817230896784,1,,,,,,,,,SYNTHETIC_GP3,0.1513366179703602,0.1498817230896784,0.15,0.15,normalised
20.066666666666663,,,0.1583171518525178,0.1456788543832884,1,,,,,,,,,SYNTHETIC_GP3,0.1583171518525178,0.1456788543832884,0.15,0.15,normalised
20.08333333333333,,,0.1512832409348658,0.1505362128058863,1,,,,,,,,,SYNTHETIC_GP3,0.1512832409348658,0.1505362128058863,0.15,0.15,normalised
20.1,,,0.1537523205050574,0.148619859519731,1,,,,,,,,,SYNTHETIC_GP3,0.1537523205050574,0.148619859519731,0.15,0.15,normalised
20.116666666666667,,,0.147593112359823,0.1509969364349239,1,,,,,,,,,SYNTHETIC_GP3,0.147593112359823,0.1509969364349239,0.15,0.15,normalised
20.133333333333333,,,0.141192939332999,0.1606613498056089,1,,,,,,,,,SYNTHETIC_GP3,0.141192939332999,0.1606613498056089,0.15,0.15,normalised
20.15,,,0.1607356886165743,0.1497453879801881,1,,,,,,,,,SYNTHETIC_GP3,0.1607356886165743,0.1497453879801881,0.15,0.15,normalised
20.166666666666668,,,0.155970947656528,0.1504092547617967,1,,,,,,,,,SYNTHETIC_GP3,0.155970947656528,0.1504092547617967,0.15,0.15,normalised
20.183333333333334,,,0.1553766021597424,0.1473373545136211,1,,,,,,,,,SYNTHETIC_GP3,0.1553766021597424,0.1473373545136211,0.15,0.15,normalised
20.2,,,,,0,,,,,,,,,SYNTHETIC_GP3,,,0.15,0.15,normalised
20.216666666666665,,,0.1452903051263724,0.1458166933590166,1,,,,,,,,,SYNTHETIC_GP3,0.1452903051263724,0.1458166933590166,0.15,0.15,normalised
20.23333333333333,,,0.1508060035986954,0.1492918958513303,1,,,,,,,,,SYNTHETIC_GP3,0.1508060035986954,0.1492918958513303,0.15,0.15,normalised
20.25,,,0.1522141764970875,0.1412479809892262,1,,,,,,,,,SYNTHETIC_GP3,0.1522141764970875,0.1412479809892262,0.15,0.15,normalised
20.266666666666666,,,0.154606342518635,0.1558665317656062,1,,,,,,,,,SYNTHETIC_GP3,0.154606342518635,0.1558665317656062,0.15,0.15,normalised
20.28333333333333,,,0.1517951076683318,0.1531103422749309,1,,,,,,,,,SYNTHETIC_GP3,0.1517951076683318,0.1531103422749309,0.15,0.15,normalised
20.3,,,0.1568216786497707,0.1446685071365011,1,,,,,,,,,SYNTHETIC_GP3,0.1568216786497707,0.1446685071365011,0.15,0.15,normalised
20.316666666666663,,,0.1531269335894093,0.1552212150406264,1,,,,,,,,,SYNTHETIC_GP3,0.1531269335894093,0.1552212150406264,0.15,0.15,normalised
20.33333333333333,,,0.1529786586631306,0.1499691009706048,1,,,,,,,,,SYNTHETIC_GP3,0.1529786586631306,0.1499691009706048,0.15,0.15,normalised
20.35,,,0.5063551183162425,0.5015068032992831,1,,,,,,,,,SYNTHETIC_GP3,0.5063551183162425,0.5015068032992831,0.5,0.5,normalised
20.366666666666667,,,0.4991115270615395,0.4995927545018814,1,,,,,,,,,SYNTHETIC_GP3,0.4991115270615395,0.4995927545018814,0.5,0.5,normalised
20.383333333333333,,,0.5032786066059707,0.4979486739587967,1,,,,,,,,,SYNTHETIC_GP3,0.5032786066059707,0.4979486739587967,0.5,0.5,normalised
20.4,,,0.4995582757454267,0.5022525864979871,1,,,,,,,,,SYNTHETIC_GP3,0.4995582757454267,0.5022525864979871,0.5,0.5,normalised
20.416666666666668,,,0.4990845330904223,0.4973232851016336,1,,,,,,,,,SYNTHETIC_GP3,0.4990845330904223,0.4973232851016336,0.5,0.5,normalised
20.433333333333334,,,0.507742028008925,0.4944251670654962,1,,,,,,,,,SYNTHETIC_GP3,0.507742028008925,0.4944251670654962,0.5,0.5,normalised
20.45,,,0.5060820120261613,0.5041288333919465,1,,,,,,,,,SYNTHETIC_GP3,0.5060820120261613,0.5041288333919465,0.5,0.5,normalised
20.466666666666665,,,0.5038799738217353,0.4985390928983541,1,,,,,,,,,SYNTHETIC_GP3,0.5038799738217353,0.4985390928983541,0.5,0.5,normalised
20.48333333333333,,,0.5069403521192567,0.5024458264399188,1,,,,,,,,,SYNTHETIC_GP3,0.5069403521192567,0.5024458264399188,0.5,0.5,normalised
20.5,,,0.5032485151893851,0.4986412715003817,1,,,,,,,,,SYNTHETIC_GP3,0.5032485151893851,0.4986412715003817,0.5,0.5,normalised
20.516666666666666,,,0.5071185402612076,0.502392488964013,1,,,,,,,,,SYNTHETIC_GP3,0.5071185402612076,0.502392488964013,0.5,0.5,normalised
20.53333333333333,,,0.498419582790495,0.4919207715109772,1,,,,,,,,,SYNTHETIC_GP3,0.498419582790495,0.4919207715109772,0.5,0.5,normalised
20.55,,,0.5011915924448651,0.5019661176212928,1,,,,,,,,,SYNTHETIC_GP3,0.5011915924448651,0.5019661176212928,0.5,0.5,normalised
20.566666666666663,,,0.5032873974755124,0.5006628355745848,1,,,,,,,,,SYNTHETIC_GP3,0.5032873974755124,0.5006628355745848,0.5,0.5,normalised
20.58333333333333,,,0.497792679681277,0.4954658677889513,1,,,,,,,,,SYNTHETIC_GP3,0.497792679681277,0.4954658677889513,0.5,0.5,normalised
20.6,,,0.4991188331152398,0.5016619329231381,1,,,,,,,,,SYNTHETIC_GP3,0.4991188331152398,0.5016619329231381,0.5,0.5,normalised
20.616666666666667,,,0.4968702731839884,0.5016727953209901,1,,,,,,,,,SYNTHETIC_GP3,0.4968702731839884,0.5016727953209901,0.5,0.5,normalised
20.633333333333333,,,0.5044602545445099,0.4992792375064567,1,,,,,,,,,SYNTHETIC_GP3,0.5044602545445099,0.4992792375064567,0.5,0.5,normalised
20.65,,,0.4999506289790668,0.5022716794060836,1,,,,,,,,,SYNTHETIC_GP3,0.4999506289790668,0.5022716794060836,0.5,0.5,normalised
20.666666666666668,,,0.502849004423174,0.4959194912153899,1,,,,,,,,,SYNTHETIC_GP3,0.502849004423174,0.4959194912153899,0.5,0.5,normalised
20.683333333333334,,,0.503858234558645,0.4951210752221571,1,,,,,,,,,SYNTHETIC_GP3,0.503858234558645,0.4951210752221571,0.5,0.5,normalised
20.7,,,0.5011633806745915,0.4929907579134467,1,,,,,,,,,SYNTHETIC_GP3,0.5011633806745915,0.4929907579134467,0.5,0.5,normalised
20.716666666666665,,,0.5018799513852519,0.5010679896882656,1,,,,,,,,,SYNTHETIC_GP3,0.5018799513852519,0.5010679896882656,0.5,0.5,normalised
20.73333333333333,,,0.5023324264680036,0.4998450772025208,1,,,,,,,,,SYNTHETIC_GP3,0.5023324264680036,0.4998450772025208,0.5,0.5,normalised
20.75,,,0.5034704458174998,0.4922208551373808,1,,,,,,,,,SYNTHETIC_GP3,0.5034704458174998,0.4922208551373808,0.5,0.5,normalised
20.766666666666666,,,0.5070918656398518,0.5016316356825733,1,,,,,,,,,SYNTHETIC_GP3,0.5070918656398518,0.5016316356825733,0.5,0.5,normalised
20.78333333333333,,,0.497452374893008,0.5026035740074281,1,,,,,,,,,SYNTHETIC_GP3,0.497452374893008,0.5026035740074281,0.5,0.5,normalised
20.8,,,0.5021471756776098,0.5069303766399129,1,,,,,,,,,SYNTHETIC_GP3,0.5021471756776098,0.5069303766399129,0.5,0.5,normalised
20.816666666666663,,,0.4970597585443047,0.498883943734163,1,,,,,,,,,SYNTHETIC_GP3,0.4970597585443047,0.498883943734163,0.5,0.5,normalised
20.83333333333333,,,0.5075080714757106,0.5053343616162619,1,,,,,,,,,SYNTHETIC_GP3,0.5075080714757106,0.5053343616162619,0.5,0.5,normalised
20.85,,,0.4945711364617988,0.4927499055837651,1,,,,,,,,,SYNTHETIC_GP3,0.4945711364617988,0.4927499055837651,0.5,0.5,normalised
20.866666666666667,,,0.5024501560847451,0.5039428604049833,1,,,,,,,,,SYNTHETIC_GP3,0.5024501560847451,0.5039428604049833,0.5,0.5,normalised
20.883333333333333,,,0.5001497619520449,0.5029988066758759,1,,,,,,,,,SYNTHETIC_GP3,0.5001497619520449,0.5029988066758759,0.5,0.5,normalised
20.9,,,0.4995271439706094,0.4980880498129973,1,,,,,,,,,SYNTHETIC_GP3,0.4995271439706094,0.4980880498129973,0.5,0.5,normalised
20.916666666666668,,,0.5046078649130004,0.5022697591674684,1,,,,,,,,,SYNTHETIC_GP3,0.5046078649130004,0.5022697591674684,0.5,0.5,normalised
20.933333333333334,,,0.5038855263437093,0.4904992002880771,1,,,,,,,,,SYNTHETIC_GP3,0.5038855263437093,0.4904992002880771,0.5,0.5,normalised
20.95,,,0.4980181482959512,0.4994414914422319,1,,,,,,,,,SYNTHETIC_GP3,0.4980181482959512,0.4994414914422319,0.5,0.5,normalised
20.966666666666665,,,0.5036154082912894,0.5007153169342093,1,,,,,,,,,SYNTHETIC_GP3,0.5036154082912894,0.5007153169342093,0.5,0.5,normalised
20.98333333333333,,,0.5029227248719189,0.4994064174686415,1,,,,,,,,,SYNTHETIC_GP3,0.5029227248719189,0.4994064174686415,0.5,0.5,normalised
21.0,,,0.8488488216727696,0.8523449822148702,1,,,,,,,,,SYNTHETIC_GP3,0.8488488216727696,0.8523449822148702,0.85,0.85,normalised
21.016666666666666,,,0.8460412421904192,0.8521996831053117,1,,,,,,,,,SYNTHETIC_GP3,0.8460412421904192,0.8521996831053117,0.85,0.85,normalised
21.03333333333333,,,0.8549038267043659,0.8432606293171382,1,,,,,,,,,SYNTHETIC_GP3,0.8549038267043659,0.8432606293171382,0.85,0.85,normalised
21.05,,,0.854523248044904,0.8508769003708928,1,,,,,,,,,SYNTHETIC_GP3,0.854523248044904,0.8508769003708928,0.85,0.85,normalised
21.066666666666663,,,0.8538224606807547,0.8462385429519532,1,,,,,,,,,SYNTHETIC_GP3,0.8538224606807547,0.8462385429519532,0.85,0.85,normalised
21.08333333333333,,,0.849700815582432,0.8537639657597926,1,,,,,,,,,SYNTHETIC_GP3,0.849700815582432,0.8537639657597926,0.85,0.85,normalised
21.1,,,0.8565509354958775,0.8502337795772774,1,,,,,,,,,SYNTHETIC_GP3,0.8565509354958775,0.8502337795772774,0.85,0.85,normalised
21.116666666666667,,,0.8653341099113117,0.8530945954617919,1,,,,,,,,,SYNTHETIC_GP3,0.8653341099113117,0.8530945954617919,0.85,0.85,normalised
21.133333333333333,,,0.8524004147357573,0.859015363993078,1,,,,,,,,,SYNTHETIC_GP3,0.8524004147357573,0.859015363993078,0.85,0.85,normalised
21.15,,,0.8538566660012522,0.8541536456879971,1,,,,,,,,,SYNTHETIC_GP3,0.8538566660012522,0.8541536456879971,0.85,0.85,normalised
21.166666666666668,,,0.8485378888717696,0.8403230011763062,1,,,,,,,,,SYNTHETIC_GP3,0.8485378888717696,0.8403230011763062,0.85,0.85,normalised
21.183333333333334,,,0.8485718375149818,0.8444056420237168,1,,,,,,,,,SYNTHETIC_GP3,0.8485718375149818,0.8444056420237168,0.85,0.85,normalised
21.2,,,0.8586808906214367,0.8492483459998899,1,,,,,,,,,SYNTHETIC_GP3,0.8586808906214367,0.8492483459998899,0.85,0.85,normalised
21.216666666666665,,,0.8607158031143423,0.8505094282806512,1,,,,,,,,,SYNTHETIC_GP3,0.8607158031143423,0.8505094282806512,0.85,0.85,normalised
21.23333333333333,,,0.850764211900807,0.8497304891393839,1,,,,,,,,,SYNTHETIC_GP3,0.850764211900807,0.8497304891393839,0.85,0.85,normalised
21.25,,,0.8491467481738271,0.8489500812600522,1,,,,,,,,,SYNTHETIC_GP3,0.8491467481738271,0.8489500812600522,0.85,0.85,normalised
21.266666666666666,,,0.8480904056270125,0.8527097515923853,1,,,,,,,,,SYNTHETIC_GP3,0.8480904056270125,0.8527097515923853,0.85,0.85,normalised
21.28333333333333,,,0.8493152074936805,0.8459558046466621,1,,,,,,,,,SYNTHETIC_GP3,0.8493152074936805,0.8459558046466621,0.85,0.85,normalised
21.3,,,0.8519306074028921,0.8508913506130394,1,,,,,,,,,SYNTHETIC_GP3,0.8519306074028921,0.8508913506130394,0.85,0.85,normalised
21.316666666666663,,,0.8467827237354857,0.8475077090637484,1,,,,,,,,,SYNTHETIC_GP3,0.8467827237354857,0.8475077090637484,0.85,0.85,normalised
21.33333333333333,,,0.8489043535598702,0.853525485678081,1,,,,,,,,,SYNTHETIC_GP3,0.8489043535598702,0.853525485678081,0.85,0.85,normalised
21.35,,,0.8554521380234895,0.8500459784382527,1,,,,,,,,,SYNTHETIC_GP3,0.8554521380234895,0.8500459784382527,0.85,0.85,normalised
21.366666666666667,,,0.8510333315733144,0.8448961802328313,1,,,,,,,,,SYNTHETIC_GP3,0.8510333315733144,0.8448961802328313,0.85,0.85,normalised
21.383333333333333,,,0.8485930619237637,0.8449037957639091,1,,,,,,,,,SYNTHETIC_GP3,0.8485930619237637,0.8449037957639091,0.85,0.85,normalised
21.4,,,0.847029821986305,0.8572601401975243,1,,,,,,,,,SYNTHETIC_GP3,0.847029821986305,0.8572601401975243,0.85,0.85,normalised
21.416666666666668,,,0.8559175394695078,0.8518140994630549,1,,,,,,,,,SYNTHETIC_GP3,0.8559175394695078,0.8518140994630549,0.85,0.85,normalised
21.433333333333334,,,0.8475182110744589,0.8523052124550212,1,,,,,,,,,SYNTHETIC_GP3,0.8475182110744589,0.8523052124550212,0.85,0.85,normalised
21.45,,,0.8511020633234175,0.8471763131017114,1,,,,,,,,,SYNTHETIC_GP3,0.8511020633234175,0.8471763131017114,0.85,0.85,normalised
21.466666666666665,,,0.8556354759743137,0.8476049501295896,1,,,,,,,,,SYNTHETIC_GP3,0.8556354759743137,0.8476049501295896,0.85,0.85,normalised
21.48333333333333,,,0.8538053322658575,0.8405812202716946,1,,,,,,,,,SYNTHETIC_GP3,0.8538053322658575,0.8405812202716946,0.85,0.85,normalised
21.5,,,0.8528204786975198,0.8522719257790775,1,,,,,,,,,SYNTHETIC_GP3,0.8528204786975198,0.8522719257790775,0.85,0.85,normalised
21.516666666666666,,,0.8528586748856514,0.8490906167033928,1,,,,,,,,,SYNTHETIC_GP3,0.8528586748856514,0.8490906167033928,0.85,0.85,normalised
21.53333333333333,,,0.8479013887736864,0.8538580062624842,1,,,,,,,,,SYNTHETIC_GP3,0.8479013887736864,0.8538580062624842,0.85,0.85,normalised
21.55,,,0.8488046284574798,0.8546024939844072,1,,,,,,,,,SYNTHETIC_GP3,0.8488046284574798,0.8546024939844072,0.85,0.85,normalised
21.566666666666663,,,0.8498194512710262,0.8496132395875923,1,,,,,,,,,SYNTHETIC_GP3,0.8498194512710262,0.8496132395875923,0.85,0.85,normalised
21.58333333333333,,,0.8402616041540881,0.8508323464943568,1,,,,,,,,,SYNTHETIC_GP3,0.8402616041540881,0.8508323464943568,0.85,0.85,normalised
21.6,,,0.8500119587045228,0.8535880440198902,1,,,,,,,,,SYNTHETIC_GP3,0.8500119587045228,0.8535880440198902,0.85,0.85,normalised
21.616666666666667,,,0.8512698026633074,0.8475589971730292,1,,,,,,,,,SYNTHETIC_GP3,0.8512698026633074,0.8475589971730292,0.85,0.85,normalised
21.633333333333333,,,0.8513363149376832,0.852695496744529,1,,,,,,,,,SYNTHETIC_GP3,0.8513363149376832,0.852695496744529,0.85,0.85,normalised
21.65,,,0.8511772083029209,0.8415153744693088,1,,,,,,,,,SYNTHETIC_GP3,0.8511772083029209,0.8415153744693088,0.85,0.85,normalised
21.666666666666668,,,0.8524788432501954,0.8514146236003652,1,,,,,,,,,SYNTHETIC_GP3,0.8524788432501954,0.8514146236003652,0.85,0.85,normalised
21.683333333333334,,,0.85274090603039,0.8479566883966325,1,,,,,,,,,SYNTHETIC_GP3,0.85274090603039,0.8479566883966325,0.85,0.85,normalised
21.7,,,0.8581671291686374,0.8496687705854029,1,,,,,,,,,SYNTHETIC_GP3,0.8581671291686374,0.8496687705854029,0.85,0.85,normalised
21.716666666666665,,,0.8522902958730625,0.8448619164113417,1,,,,,,,,,SYNTHETIC_GP3,0.8522902958730625,0.8448619164113417,0.85,0.85,normalised
21.73333333333333,,,0.8550697631384842,0.8456532412745167,1,,,,,,,,,SYNTHETIC_GP3,0.8550697631384842,0.8456532412745167,0.85,0.85,normalised
21.75,,,0.8493175009160959,0.8465019752671605,1,,,,,,,,,SYNTHETIC_GP3,0.8493175009160959,0.8465019752671605,0.85,0.85,normalised
21.766666666666666,,,0.8529824469396561,0.8489024115834384,1,,,,,,,,,SYNTHETIC_GP3,0.8529824469396561,0.8489024115834384,0.85,0.85,normalised
21.78333333333333,,,0.8528463011383971,0.8456375453554018,1,,,,,,,,,SYNTHETIC_GP3,0.8528463011383971,0.8456375453554018,0.85,0.85,normalised
21.8,,,0.8507893346965208,0.8429115947051202,1,,,,,,,,,SYNTHETIC_GP3,0.8507893346965208,0.8429115947051202,0.85,0.85,normalised
21.816666666666663,,,0.8448998273833739,0.8571122285045144,1,,,,,,,,,SYNTHETIC_GP3,0.8448998273833739,0.8571122285045144,0.85,0.85,normalised
21.83333333333333,,,0.8463508582502091,0.8514650924047542,1,,,,,,,,,SYNTHETIC_GP3,0.8463508582502091,0.8514650924047542,0.85,0.85,normalised
21.85,,,0.8534954936038328,0.8452002920303296,1,,,,,,,,,SYNTHETIC_GP3,0.8534954936038328,0.8452002920303296,0.85,0.85,normalised
21.866666666666667,,,0.8515061596021378,0.8474803130168338,1,,,,,,,,,SYNTHETIC_GP3,0.8515061596021378,0.8474803130168338,0.85,0.85,normalised
21.883333333333333,,,,,0,,,,,,,,,SYNTHETIC_GP3,,,0.85,0.85,normalised
21.9,,,0.8490167781327748,0.8507396359050792,1,,,,,,,,,SYNTHETIC_GP3,0.8490167781327748,0.8507396359050792,0.85,0.85,normalised
21.916666666666668,,,0.852080636185197,0.8450664961667703,1,,,,,,,,,SYNTHETIC_GP3,0.852080636185197,0.8450664961667703,0.85,0.85,normalised
21.933333333333334,,,0.8540067707809125,0.8460123038115905,1,,,,,,,,,SYNTHETIC_GP3,0.8540067707809125,0.8460123038115905,0.85,0.85,normalised
21.95,,,0.8591419193737567,0.8519503312525583,1,,,,,,,,,SYNTHETIC_GP3,0.8591419193737567,0.8519503312525583,0.85,0.85,normalised
21.966666666666665,,,0.851690262849109,0.8598005810130867,1,,,,,,,,,SYNTHETIC_GP3,0.851690262849109,0.8598005810130867,0.85,0.85,normalised
21.98333333333333,,,0.8510557380006697,0.8519256284784238,1,,,,,,,,,SYNTHETIC_GP3,0.8510557380006697,0.8519256284784238,0.85,0.85,normalised
22.0,,,0.8528450349621054,0.8491433090621269,1,,,,,,,,,SYNTHETIC_GP3,0.8528450349621054,0.8491433090621269,0.85,0.85,normalised
22.016666666666666,,,0.8564108046009328,0.8436557366459068,1,,,,,,,,,SYNTHETIC_GP3,0.8564108046009328,0.8436557366459068,0.85,0.85,normalised
22.03333333333333,,,0.8609712412536243,0.8514703503521525,1,,,,,,,,,SYNTHETIC_GP3,0.8609712412536243,0.8514703503521525,0.85,0.85,normalised
22.05,,,0.8540151453589976,0.8446562459620841,1,,,,,,,,,SYNTHETIC_GP3,0.8540151453589976,0.8446562459620841,0.85,0.85,normalised
22.066666666666663,,,0.8460562591532971,0.8529602050350891,1,,,,,,,,,SYNTHETIC_GP3,0.8460562591532971,0.8529602050350891,0.85,0.85,normalised
22.08333333333333,,,0.8518976059290324,0.8482846831792911,1,,,,,,,,,SYNTHETIC_GP3,0.8518976059290324,0.8482846831792911,0.85,0.85,normalised
22.1,,,0.8472756532496553,0.8460545957130126,1,,,,,,,,,SYNTHETIC_GP3,0.8472756532496553,0.8460545957130126,0.85,0.85,normalised
22.116666666666667,,,0.8479660056136887,0.8539924290232184,1,,,,,,,,,SYNTHETIC_GP3,0.8479660056136887,0.8539924290232184,0.85,0.85,normalised
22.133333333333333,,,0.8590294222116559,0.8482805980010074,1,,,,,,,,,SYNTHETIC_GP3,0.8590294222116559,0.8482805980010074,0.85,0.85,normalised
22.15,,,0.8504313969752796,0.8464094581373194,1,,,,,,,,,SYNTHETIC_GP3,0.8504313969752796,0.8464094581373194,0.85,0.85,normalised
22.166666666666668,,,0.8489734248981267,0.8490869175339548,1,,,,,,,,,SYNTHETIC_GP3,0.8489734248981267,0.8490869175339548,0.85,0.85,normalised
22.183333333333334,,,0.8573003857710167,0.8581390664812383,1,,,,,,,,,SYNTHETIC_GP3,0.8573003857710167,0.8581390664812383,0.85,0.85,normalised
22.2,,,0.8521503653129214,0.8508215057821701,1,,,,,,,,,SYNTHETIC_GP3,0.8521503653129214,0.8508215057821701,0.85,0.85,normalised
22.216666666666665,,,0.8473257206637653,0.8498455915107608,1,,,,,,,,,SYNTHETIC_GP3,0.8473257206637653,0.8498455915107608,0.85,0.85,normalised
22.23333333333333,,,0.8520909676127346,0.8418504903931961,1,,,,,,,,,SYNTHETIC_GP3,0.8520909676127346,0.8418504903931961,0.85,0.85,normalised
22.25,,,0.8462890051505899,0.8558486047836631,1,,,,,,,,,SYNTHETIC_GP3,0.8462890051505899,0.8558486047836631,0.85,0.85,normalised
22.266666666666666,,,0.848434349113809,0.8436206112662898,1,,,,,,,,,SYNTHETIC_GP3,0.848434349113809,0.8436206112662898,0.85,0.85,normalised
22.28333333333333,,,0.8526143894067836,0.8494312949656055,1,,,,,,,,,SYNTHETIC_GP3,0.8526143894067836,0.8494312949656055,0.85,0.85,normalised
22.3,,,0.8417009746572288,0.8480345868679522,1,,,,,,,,,SYNTHETIC_GP3,0.8417009746572288,0.8480345868679522,0.85,0.85,normalised
22.316666666666663,,,0.8547305960917784,0.848919092627,1,,,,,,,,,SYNTHETIC_GP3,0.8547305960917784,0.848919092627,0.85,0.85,normalised
22.33333333333333,,,0.8528959155418944,0.8490182283723806,1,,,,,,,,,SYNTHETIC_GP3,0.8528959155418944,0.8490182283723806,0.85,0.85,normalised
22.35,,,0.8552425840152967,0.8431827889913287,1,,,,,,,,,SYNTHETIC_GP3,0.8552425840152967,0.8431827889913287,0.85,0.85,normalised
22.366666666666667,,,0.8503311505586649,0.84829573360122,1,,,,,,,,,SYNTHETIC_GP3,0.8503311505586649,0.84829573360122,0.85,0.85,normalised
22.383333333333333,,,0.8535806702861658,0.8449437835811913,1,,,,,,,,,SYNTHETIC_GP3,0.8535806702861658,0.8449437835811913,0.85,0.85,normalised
22.4,,,0.8479579175129267,0.8438961992596296,1,,,,,,,,,SYNTHETIC_GP3,0.8479579175129267,0.8438961992596296,0.85,0.85,normalised
22.416666666666668,,,0.848218815905406,0.8479368101735114,1,,,,,,,,,SYNTHETIC_GP3,0.848218815905406,0.8479368101735114,0.85,0.85,normalised
22.433333333333334,,,0.8523188156733222,0.8530870844359156,1,,,,,,,,,SYNTHETIC_GP3,0.8523188156733222,0.8530870844359156,0.85,0.85,normalised
22.45,,,0.8520187574240984,0.8501152776834566,1,,,,,,,,,SYNTHETIC_GP3,0.8520187574240984,0.8501152776834566,0.85,0.85,normalised
22.466666666666665,,,0.8518753091332361,0.8458273681042426,1,,,,,,,,,SYNTHETIC_GP3,0.8518753091332361,0.8458273681042426,0.85,0.85,normalised
22.48333333333333,,,0.8573091084064705,0.8529270190236177,1,,,,,,,,,SYNTHETIC_GP3,0.8573091084064705,0.8529270190236177,0.85,0.85,normalised
22.5,,,0.8508234588371109,0.8560302701419942,1,,,,,,,,,SYNTHETIC_GP3,0.8508234588371109,0.8560302701419942,0.85,0.85,normalised
22.516666666666666,,,0.8537128065947656,0.8433748784019653,1,,,,,,,,,SYNTHETIC_GP3,0.8537128065947656,0.8433748784019653,0.85,0.85,normalised
22.53333333333333,,,0.8532937140023984,0.8432232393006707,1,,,,,,,,,SYNTHETIC_GP3,0.8532937140023984,0.8432232393006707,0.85,0.85,normalised
22.55,,,0.8525524598879884,0.8561480344004692,1,,,,,,,,,SYNTHETIC_GP3,0.8525524598879884,0.8561480344004692,0.85,0.85,normalised
22.566666666666663,,,0.8535688790126666,0.8464615306844949,1,,,,,,,,,SYNTHETIC_GP3,0.8535688790126666,0.8464615306844949,0.85,0.85,normalised
22.58333333333333,,,0.8450027229313863,0.8525026782702554,1,,,,,,,,,SYNTHETIC_GP3,0.8450027229313863,0.8525026782702554,0.85,0.85,normalised
22.6,,,0.8497092123046643,0.8460089017032837,1,,,,,,,,,SYNTHETIC_GP3,0.8497092123046643,0.8460089017032837,0.85,0.85,normalised
22.616666666666667,,,0.8563290790868594,0.850466252993305,1,,,,,,,,,SYNTHETIC_GP3,0.8563290790868594,0.850466252993305,0.85,0.85,normalised
22.633333333333333,,,0.8507518997606646,0.851699126213179,1,,,,,,,,,SYNTHETIC_GP3,0.8507518997606646,0.851699126213179,0.85,0.85,normalised
22.65,,,0.8547124884104059,0.8434437249708797,1,,,,,,,,,SYNTHETIC_GP3,0.8547124884104059,0.8434437249708797,0.85,0.85,normalised
22.666666666666668,,,0.8538092447904282,0.853938491210712,1,,,,,,,,,SYNTHETIC_GP3,0.8538092447904282,0.853938491210712,0.85,0.85,normalised
22.683333333333334,,,0.8397648181631182,0.8459382912584736,1,,,,,,,,,SYNTHETIC_GP3,0.8397648181631182,0.8459382912584736,0.85,0.85,normalised
22.7,,,0.8466899704564235,0.8489955138536557,1,,,,,,,,,SYNTHETIC_GP3,0.8466899704564235,0.8489955138536557,0.85,0.85,normalised
22.716666666666665,,,0.8492656324694736,0.8472644655999905,1,,,,,,,,,SYNTHETIC_GP3,0.8492656324694736,0.8472644655999905,0.85,0.85,normalised
22.73333333333333,,,0.8492035770901621,0.8507502366314491,1,,,,,,,,,SYNTHETIC_GP3,0.8492035770901621,0.8507502366314491,0.85,0.85,normalised
22.75,,,0.8501299813767186,0.8511957014704888,1,,,,,,,,,SYNTHETIC_GP3,0.8501299813767186,0.8511957014704888,0.85,0.85,normalised
22.766666666666666,,,0.8501969508796268,0.8455175760027701,1,,,,,,,,,SYNTHETIC_GP3,0.8501969508796268,0.8455175760027701,0.85,0.85,normalised
22.78333333333333,,,0.8486661151303596,0.8538261333512401,1,,,,,,,,,SYNTHETIC_GP3,0.8486661151303596,0.8538261333512401,0.85,0.85,normalised
22.8,,,0.8492579916645919,0.8479333599085243,1,,,,,,,,,SYNTHETIC_GP3,0.8492579916645919,0.8479333599085243,0.85,0.85,normalised
22.816666666666663,,,0.8441119402589764,0.8505709553705447,1,,,,,,,,,SYNTHETIC_GP3,0.8441119402589764,0.8505709553705447,0.85,0.85,normalised
22.83333333333333,,,0.8596648611040826,0.8516844035786899,1,,,,,,,,,SYNTHETIC_GP3,0.8596648611040826,0.8516844035786899,0.85,0.85,normalised
22.85,,,0.8574666929794204,0.847575706021766,1,,,,,,,,,SYNTHETIC_GP3,0.8574666929794204,0.847575706021766,0.85,0.85,normalised
22.866666666666667,,,0.8554074129738418,0.8490103948088619,1,,,,,,,,,SYNTHETIC_GP3,0.8554074129738418,0.8490103948088619,0.85,0.85,normalised
22.883333333333333,,,0.8515721658515737,0.852551805010649,1,,,,,,,,,SYNTHETIC_GP3,0.8515721658515737,0.852551805010649,0.85,0.85,normalised
22.9,,,0.8482631191310962,0.8433422258400124,1,,,,,,,,,SYNTHETIC_GP3,0.8482631191310962,0.8433422258400124,0.85,0.85,normalised
22.916666666666668,,,0.8616436477645094,0.8479461438325591,1,,,,,,,,,SYNTHETIC_GP3,0.8616436477645094,0.8479461438325591,0.85,0.85,normalised
22.933333333333334,,,0.8481330947603942,0.8575874019967373,1,,,,,,,,,SYNTHETIC_GP3,0.8481330947603942,0.8575874019967373,0.85,0.85,normalised
22.95,,,0.8576189697999003,0.8466194283284422,1,,,,,,,,,SYNTHETIC_GP3,0.8576189697999003,0.8466194283284422,0.85,0.85,normalised
22.966666666666665,,,0.8531330337160714,0.8555897863281278,1,,,,,,,,,SYNTHETIC_GP3,0.8531330337160714,0.8555897863281278,0.85,0.85,normalised
22.98333333333333,,,0.8482509105322639,0.8540815185569579,1,,,,,,,,,SYNTHETIC_GP3,0.8482509105322639,0.8540815185569579,0.85,0.85,normalised
23.0,,,0.8486289208261496,0.8538599403627899,1,,,,,,,,,SYNTHETIC_GP3,0.8486289208261496,0.8538599403627899,0.85,0.85,normalised
23.016666666666666,,,0.8502109556821695,0.8530720419137067,1,,,,,,,,,SYNTHETIC_GP3,0.8502109556821695,0.8530720419137067,0.85,0.85,normalised
23.03333333333333,,,0.849393090944689,0.848636215898924,1,,,,,,,,,SYNTHETIC_GP3,0.849393090944689,0.848636215898924,0.85,0.85,normalised
23.05,,,0.8462336144601895,0.8503196596029118,1,,,,,,,,,SYNTHETIC_GP3,0.8462336144601895,0.8503196596029118,0.85,0.85,normalised
23.066666666666663,,,0.8535858242681758,0.8554681605937092,1,,,,,,,,,SYNTHETIC_GP3,0.8535858242681758,0.8554681605937092,0.85,0.85,normalised
23.08333333333333,,,0.8482152581392288,0.8430453262508929,1,,,,,,,,,SYNTHETIC_GP3,0.8482152581392288,0.8430453262508929,0.85,0.85,normalised
23.1,,,0.8549381894301608,0.8547803829158019,1,,,,,,,,,SYNTHETIC_GP3,0.8549381894301608,0.8547803829158019,0.85,0.85,normalised
23.116666666666667,,,0.851172854874764,0.8480023647337794,1,,,,,,,,,SYNTHETIC_GP3,0.851172854874764,0.8480023647337794,0.85,0.85,normalised
23.133333333333333,,,0.8524555531568796,0.8561631395143552,1,,,,,,,,,SYNTHETIC_GP3,0.8524555531568796,0.8561631395143552,0.85,0.85,normalised
23.15,,,0.8523488943265736,0.8559441855639813,1,,,,,,,,,SYNTHETIC_GP3,0.8523488943265736,0.8559441855639813,0.85,0.85,normalised
23.166666666666668,,,0.8503342492223117,0.8523108978139876,1,,,,,,,,,SYNTHETIC_GP3,0.8503342492223117,0.8523108978139876,0.85,0.85,normalised
23.183333333333334,,,0.851494382950356,0.8533386596913037,1,,,,,,,,,SYNTHETIC_GP3,0.851494382950356,0.8533386596913037,0.85,0.85,normalised
23.2,,,0.8525760379606507,0.8465489766363992,1,,,,,,,,,SYNTHETIC_GP3,0.8525760379606507,0.8465489766363992,0.85,0.85,normalised
23.216666666666665,,,0.8611230661060169,0.8522192523738774,1,,,,,,,,,SYNTHETIC_GP3,0.8611230661060169,0.8522192523738774,0.85,0.85,normalised
23.23333333333333,,,0.8467390684379756,0.8510276521342809,1,,,,,,,,,SYNTHETIC_GP3,0.8467390684379756,0.8510276521342809,0.85,0.85,normalised
23.25,,,0.8490682250987655,0.8526570120432905,1,,,,,,,,,SYNTHETIC_GP3,0.8490682250987655,0.8526570120432905,0.85,0.85,normalised
23.266666666666666,,,0.8503258296986475,0.8555356999075309,1,,,,,,,,,SYNTHETIC_GP3,0.8503258296986475,0.8555356999075309,0.85,0.85,normalised
23.28333333333333,,,0.8468342043189302,0.8489726304316897,1,,,,,,,,,SYNTHETIC_GP3,0.8468342043189302,0.8489726304316897,0.85,0.85,normalised
23.3,,,0.8465275783615298,0.8464299256426853,1,,,,,,,,,SYNTHETIC_GP3,0.8465275783615298,0.8464299256426853,0.85,0.85,normalised
23.316666666666663,,,0.8456408464168479,0.8488901321833953,1,,,,,,,,,SYNTHETIC_GP3,0.8456408464168479,0.8488901321833953,0.85,0.85,normalised
23.33333333333333,,,0.8515830840154859,0.8501568895253167,1,,,,,,,,,SYNTHETIC_GP3,0.8515830840154859,0.8501568895253167,0.85,0.85,normalised
23.35,,,0.4996636293650052,0.497543865843835,1,,,,,,,,,SYNTHETIC_GP3,0.4996636293650052,0.497543865843835,0.5,0.5,normalised
23.366666666666667,,,0.5024707341919827,0.5008824859203567,1,,,,,,,,,SYNTHETIC_GP3,0.5024707341919827,0.5008824859203567,0.5,0.5,normalised
23.383333333333333,,,0.4960786378249165,0.5009159089824757,1,,,,,,,,,SYNTHETIC_GP3,0.4960786378249165,0.5009159089824757,0.5,0.5,normalised
23.4,,,0.4982191915588078,0.4982090179466079,1,,,,,,,,,SYNTHETIC_GP3,0.4982191915588078,0.4982090179466079,0.5,0.5,normalised
23.416666666666668,,,0.505426766434326,0.5046627232607057,1,,,,,,,,,SYNTHETIC_GP3,0.505426766434326,0.5046627232607057,0.5,0.5,normalised
23.433333333333334,,,0.5047812200392229,0.4954140843417738,1,,,,,,,,,SYNTHETIC_GP3,0.5047812200392229,0.4954140843417738,0.5,0.5,normalised
23.45,,,0.4955347803157663,0.5021277654391268,1,,,,,,,,,SYNTHETIC_GP3,0.4955347803157663,0.5021277654391268,0.5,0.5,normalised
23.466666666666665,,,0.5050707760639319,0.5006510747480316,1,,,,,,,,,SYNTHETIC_GP3,0.5050707760639319,0.5006510747480316,0.5,0.5,normalised
23.48333333333333,,,0.4995657998492646,0.4975918018943838,1,,,,,,,,,SYNTHETIC_GP3,0.4995657998492646,0.4975918018943838,0.5,0.5,normalised
23.5,,,0.4973234464378254,0.5012784732120686,1,,,,,,,,,SYNTHETIC_GP3,0.4973234464378254,0.5012784732120686,0.5,0.5,normalised
23.516666666666666,,,0.5046577710172554,0.49029220852451,1,,,,,,,,,SYNTHETIC_GP3,0.5046577710172554,0.49029220852451,0.5,0.5,normalised
23.53333333333333,,,0.5053379295994498,0.5005399466492003,1,,,,,,,,,SYNTHETIC_GP3,0.5053379295994498,0.5005399466492003,0.5,0.5,normalised
23.55,,,0.4917705028136443,0.501085360314493,1,,,,,,,,,SYNTHETIC_GP3,0.4917705028136443,0.501085360314493,0.5,0.5,normalised
23.566666666666663,,,,,0,,,,,,,,,SYNTHETIC_GP3,,,0.5,0.5,normalised
23.58333333333333,,,0.499712800309942,0.4989324491881932,1,,,,,,,,,SYNTHETIC_GP3,0.499712800309942,0.4989324491881932,0.5,0.5,normalised
23.6,,,0.4995989489844058,0.4951928302653691,1,,,,,,,,,SYNTHETIC_GP3,0.4995989489844058,0.4951928302653691,0.5,0.5,normalised
23.616666666666667,,,0.5001898931980047,0.4940840419129091,1,,,,,,,,,SYNTHETIC_GP3,0.5001898931980047,0.4940840419129091,0.5,0.5,normalised
23.633333333333333,,,0.5059477599901488,0.4942907550848426,1,,,,,,,,,SYNTHETIC_GP3,0.5059477599901488,0.4942907550848426,0.5,0.5,normalised
23.65,,,0.506679696150387,0.4979955805093177,1,,,,,,,,,SYNTHETIC_GP3,0.506679696150387,0.4979955805093177,0.5,0.5,normalised
23.666666666666668,,,0.5029669865708507,0.4921984277776347,1,,,,,,,,,SYNTHETIC_GP3,0.5029669865708507,0.4921984277776347,0.5,0.5,normalised
23.683333333333334,,,0.5047206462671078,0.4958821876531538,1,,,,,,,,,SYNTHETIC_GP3,0.5047206462671078,0.4958821876531538,0.5,0.5,normalised
23.7,,,0.5100955655956276,0.5026386471096342,1,,,,,,,,,SYNTHETIC_GP3,0.5100955655956276,0.5026386471096342,0.5,0.5,normalised
23.716666666666665,,,0.5014913846351314,0.4973929972134063,1,,,,,,,,,SYNTHETIC_GP3,0.5014913846351314,0.4973929972134063,0.5,0.5,normalised
23.73333333333333,,,0.4975119968212464,0.4935311431540384,1,,,,,,,,,SYNTHETIC_GP3,0.4975119968212464,0.4935311431540384,0.5,0.5,normalised
23.75,,,0.5036541766640168,0.5041196281807951,1,,,,,,,,,SYNTHETIC_GP3,0.5036541766640168,0.5041196281807951,0.5,0.5,normalised
23.766666666666666,,,0.5043719317911617,0.4963011677464505,1,,,,,,,,,SYNTHETIC_GP3,0.5043719317911617,0.4963011677464505,0.5,0.5,normalised
23.78333333333333,,,0.5009335074035773,0.4948690425244194,1,,,,,,,,,SYNTHETIC_GP3,0.5009335074035773,0.4948690425244194,0.5,0.5,normalised
23.8,,,0.5008009755594566,0.4950075512921811,1,,,,,,,,,SYNTHETIC_GP3,0.5008009755594566,0.4950075512921811,0.5,0.5,normalised
23.816666666666663,,,0.5101440848939471,0.5032625708737953,1,,,,,,,,,SYNTHETIC_GP3,0.5101440848939471,0.5032625708737953,0.5,0.5,normalised
23.83333333333333,,,0.5005458865390892,0.4990258228560429,1,,,,,,,,,SYNTHETIC_GP3,0.5005458865390892,0.4990258228560429,0.5,0.5,normalised
23.85,,,0.4980109792079438,0.4985391935759991,1,,,,,,,,,SYNTHETIC_GP3,0.4980109792079438,0.4985391935759991,0.5,0.5,normalised
23.866666666666667,,,0.4908613854632602,0.501317376087495,1,,,,,,,,,SYNTHETIC_GP3,0.4908613854632602,0.501317376087495,0.5,0.5,normalised
23.883333333333333,,,0.5048572539596453,0.4986188669036783,1,,,,,,,,,SYNTHETIC_GP3,0.5048572539596453,0.4986188669036783,0.5,0.5,normalised
23.9,,,0.5066750310458148,0.4997510031125829,1,,,,,,,,,SYNTHETIC_GP3,0.5066750310458148,0.4997510031125829,0.5,0.5,normalised
23.916666666666668,,,0.49692153512573,0.4954370736383995,1,,,,,,,,,SYNTHETIC_GP3,0.49692153512573,0.4954370736383995,0.5,0.5,normalised
23.933333333333334,,,0.5039259743501762,0.5003673307325442,1,,,,,,,,,SYNTHETIC_GP3,0.5039259743501762,0.5003673307325442,0.5,0.5,normalised
23.95,,,0.5002526201845559,0.4949102497750489,1,,,,,,,,,SYNTHETIC_GP3,0.5002526201845559,0.4949102497750489,0.5,0.5,normalised
23.966666666666665,,,0.5018759539127938,0.4992693441719828,1,,,,,,,,,SYNTHETIC_GP3,0.5018759539127938,0.4992693441719828,0.5,0.5,normalised
23.98333333333333,,,0.4992686993499087,0.4922354918554437,1,,,,,,,,,SYNTHETIC_GP3,0.4992686993499087,0.4922354918554437,0.5,0.5,normalised
24.0,,,0.6615806357338986,0.3298248517462969,1,,,,,,,,,SYNTHETIC_GP3,0.6615806357338986,0.3298248517462969,0.66,0.33,normalised
24.016666666666666,,,0.6650867648843887,0.3334318028201514,1,,,,,,,,,SYNTHETIC_GP3,0.6650867648843887,0.3334318028201514,0.66,0.33,normalised
24.03333333333333,,,0.6596015610976964,0.3306404320466941,1,,,,,,,,,SYNTHETIC_GP3,0.6596015610976964,0.3306404320466941,0.66,0.33,normalised
24.05,,,0.6589325909638618,0.3287513675020025,1,,,,,,,,,SYNTHETIC_GP3,0.6589325909638618,0.3287513675020025,0.66,0.33,normalised
24.066666666666663,,,0.6576160417623836,0.3287714056998724,1,,,,,,,,,SYNTHETIC_GP3,0.6576160417623836,0.3287714056998724,0.66,0.33,normalised
24.08333333333333,,,0.6661413109041728,0.3278405097646327,1,,,,,,,,,SYNTHETIC_GP3,0.6661413109041728,0.3278405097646327,0.66,0.33,normalised
24.1,,,0.6583197086483675,0.319317443986671,1,,,,,,,,,SYNTHETIC_GP3,0.6583197086483675,0.319317443986671,0.66,0.33,normalised
24.116666666666667,,,0.6641360289217179,0.3326208588570576,1,,,,,,,,,SYNTHETIC_GP3,0.6641360289217179,0.3326208588570576,0.66,0.33,normalised
24.133333333333333,,,0.656684139372203,0.3309598345452276,1,,,,,,,,,SYNTHETIC_GP3,0.656684139372203,0.3309598345452276,0.66,0.33,normalised
24.15,,,0.6531447095077738,0.3251249240350806,1,,,,,,,,,SYNTHETIC_GP3,0.6531447095077738,0.3251249240350806,0.66,0.33,normalised
24.166666666666668,,,0.6594133289391599,0.3286533211853982,1,,,,,,,,,SYNTHETIC_GP3,0.6594133289391599,0.3286533211853982,0.66,0.33,normalised
24.183333333333334,,,0.6625911314810606,0.3337552918761282,1,,,,,,,,,SYNTHETIC_GP3,0.6625911314810606,0.3337552918761282,0.66,0.33,normalised
24.2,,,0.665982651062644,0.323999651176752,1,,,,,,,,,SYNTHETIC_GP3,0.665982651062644,0.323999651176752,0.66,0.33,normalised
24.216666666666665,,,0.6648335494747921,0.3290166229803078,1,,,,,,,,,SYNTHETIC_GP3,0.6648335494747921,0.3290166229803078,0.66,0.33,normalised
24.23333333333333,,,0.6629414717661033,0.3313518612623831,1,,,,,,,,,SYNTHETIC_GP3,0.6629414717661033,0.3313518612623831,0.66,0.33,normalised
24.25,,,0.6517132726516621,0.3259324185363739,1,,,,,,,,,SYNTHETIC_GP3,0.6517132726516621,0.3259324185363739,0.66,0.33,normalised
24.266666666666666,,,0.6635806147574639,0.331210985418989,1,,,,,,,,,SYNTHETIC_GP3,0.6635806147574639,0.331210985418989,0.66,0.33,normalised
24.28333333333333,,,0.6557628242324658,0.3253619446053594,1,,,,,,,,,SYNTHETIC_GP3,0.6557628242324658,0.3253619446053594,0.66,0.33,normalised
24.3,,,0.6588782712833308,0.3336314355091662,1,,,,,,,,,SYNTHETIC_GP3,0.6588782712833308,0.3336314355091662,0.66,0.33,normalised
24.316666666666663,,,0.6687961052199752,0.3273855138045067,1,,,,,,,,,SYNTHETIC_GP3,0.6687961052199752,0.3273855138045067,0.66,0.33,normalised
24.33333333333333,,,0.6656664521010772,0.3255512799882872,1,,,,,,,,,SYNTHETIC_GP3,0.6656664521010772,0.3255512799882872,0.66,0.33,normalised
24.35,,,0.6573679693878035,0.3301850042379585,1,,,,,,,,,SYNTHETIC_GP3,0.6573679693878035,0.3301850042379585,0.66,0.33,normalised
24.366666666666667,,,0.6602954397083348,0.3217920830581905,1,,,,,,,,,SYNTHETIC_GP3,0.6602954397083348,0.3217920830581905,0.66,0.33,normalised
24.383333333333333,,,0.6648217307608447,0.3282071733748253,1,,,,,,,,,SYNTHETIC_GP3,0.6648217307608447,0.3282071733748253,0.66,0.33,normalised
24.4,,,0.6610990991869791,0.3282156428960595,1,,,,,,,,,SYNTHETIC_GP3,0.6610990991869791,0.3282156428960595,0.66,0.33,normalised
24.416666666666668,,,0.6608281491305614,0.3369300951004513,1,,,,,,,,,SYNTHETIC_GP3,0.6608281491305614,0.3369300951004513,0.66,0.33,normalised
24.433333333333334,,,0.6572147656814109,0.331385383292712,1,,,,,,,,,SYNTHETIC_GP3,0.6572147656814109,0.331385383292712,0.66,0.33,normalised
24.45,,,0.6638383276247655,0.3334372930135826,1,,,,,,,,,SYNTHETIC_GP3,0.6638383276247655,0.3334372930135826,0.66,0.33,normalised
24.466666666666665,,,0.6643708953700108,0.3259311521983535,1,,,,,,,,,SYNTHETIC_GP3,0.6643708953700108,0.3259311521983535,0.66,0.33,normalised
24.48333333333333,,,0.6585197473611367,0.3244028546198347,1,,,,,,,,,SYNTHETIC_GP3,0.6585197473611367,0.3244028546198347,0.66,0.33,normalised
24.5,,,0.6536140690281571,0.322896901338887,1,,,,,,,,,SYNTHETIC_GP3,0.6536140690281571,0.322896901338887,0.66,0.33,normalised
24.516666666666666,,,0.6689170845995954,0.3317093406745849,1,,,,,,,,,SYNTHETIC_GP3,0.6689170845995954,0.3317093406745849,0.66,0.33,normalised
24.53333333333333,,,0.6589140695599309,0.3250584033328904,1,,,,,,,,,SYNTHETIC_GP3,0.6589140695599309,0.3250584033328904,0.66,0.33,normalised
24.55,,,0.6633795479606025,0.3237129175597276,1,,,,,,,,,SYNTHETIC_GP3,0.6633795479606025,0.3237129175597276,0.66,0.33,normalised
24.566666666666663,,,0.6583094005812342,0.3331483872692589,1,,,,,,,,,SYNTHETIC_GP3,0.6583094005812342,0.3331483872692589,0.66,0.33,normalised
24.58333333333333,,,0.6587509368215948,0.332774266936244,1,,,,,,,,,SYNTHETIC_GP3,0.6587509368215948,0.332774266936244,0.66,0.33,normalised
24.6,,,0.6655420385645892,0.3271758918677404,1,,,,,,,,,SYNTHETIC_GP3,0.6655420385645892,0.3271758918677404,0.66,0.33,normalised
24.616666666666667,,,0.6604643853872868,0.3274759307002782,1,,,,,,,,,SYNTHETIC_GP3,0.6604643853872868,0.3274759307002782,0.66,0.33,normalised
24.633333333333333,,,0.6648086882141755,0.3283190381886877,1,,,,,,,,,SYNTHETIC_GP3,0.6648086882141755,0.3283190381886877,0.66,0.33,normalised
24.65,,,0.6649045495967794,0.3257143636505593,1,,,,,,,,,SYNTHETIC_GP3,0.6649045495967794,0.3257143636505593,0.66,0.33,normalised
24.666666666666668,,,0.659688344900046,0.3251365391461424,1,,,,,,,,,SYNTHETIC_GP3,0.659688344900046,0.3251365391461424,0.66,0.33,normalised
24.683333333333334,,,0.6629121578251341,0.3295954841931465,1,,,,,,,,,SYNTHETIC_GP3,0.6629121578251341,0.3295954841931465,0.66,0.33,normalised
24.7,,,0.664830415068532,0.3289191332405889,1,,,,,,,,,SYNTHETIC_GP3,0.664830415068532,0.3289191332405889,0.66,0.33,normalised
24.716666666666665,,,0.6667009271878255,0.3254170210888784,1,,,,,,,,,SYNTHETIC_GP3,0.6667009271878255,0.3254170210888784,0.66,0.33,normalised
24.73333333333333,,,0.660684724747298,0.3327983053678309,1,,,,,,,,,SYNTHETIC_GP3,0.660684724747298,0.3327983053678309,0.66,0.33,normalised
24.75,,,0.6617936783786462,0.3371233523690982,1,,,,,,,,,SYNTHETIC_GP3,0.6617936783786462,0.3371233523690982,0.66,0.33,normalised
24.766666666666666,,,0.6580125119616586,0.3251132750083,1,,,,,,,,,SYNTHETIC_GP3,0.6580125119616586,0.3251132750083,0.66,0.33,normalised
24.78333333333333,,,0.6648813539047587,0.3278323189649431,1,,,,,,,,,SYNTHETIC_GP3,0.6648813539047587,0.3278323189649431,0.66,0.33,normalised
24.8,,,0.6621691124027327,0.3201376256321254,1,,,,,,,,,SYNTHETIC_GP3,0.6621691124027327,0.3201376256321254,0.66,0.33,normalised
24.816666666666663,,,0.6564537243543292,0.3330797054343974,1,,,,,,,,,SYNTHETIC_GP3,0.6564537243543292,0.3330797054343974,0.66,0.33,normalised
24.83333333333333,,,0.660379497557061,0.3233152021853896,1,,,,,,,,,SYNTHETIC_GP3,0.660379497557061,0.3233152021853896,0.66,0.33,normalised
24.85,,,0.6613196378674642,0.3288392568324139,1,,,,,,,,,SYNTHETIC_GP3,0.6613196378674642,0.3288392568324139,0.66,0.33,normalised
24.866666666666667,,,0.6594320767711768,0.3312539059581003,1,,,,,,,,,SYNTHETIC_GP3,0.6594320767711768,0.3312539059581003,0.66,0.33,normalised
24.883333333333333,,,0.6589141162554345,0.3320564584169218,1,,,,,,,,,SYNTHETIC_GP3,0.6589141162554345,0.3320564584169218,0.66,0.33,normalised
24.9,,,0.6552708787253276,0.3240728275715727,1,,,,,,,,,SYNTHETIC_GP3,0.6552708787253276,0.3240728275715727,0.66,0.33,normalised
24.916666666666668,,,0.6621812728604066,0.3257730875277558,1,,,,,,,,,SYNTHETIC_GP3,0.6621812728604066,0.3257730875277558,0.66,0.33,normalised
24.933333333333334,,,0.6601020557529961,0.32772253510148,1,,,,,,,,,SYNTHETIC_GP3,0.6601020557529961,0.32772253510148,0.66,0.33,normalised
24.95,,,0.6654499513560044,0.3222876557559235,1,,,,,,,,,SYNTHETIC_GP3,0.6654499513560044,0.3222876557559235,0.66,0.33,normalised
24.966666666666665,,,0.661385459835283,0.3260542119330622,1,,,,,,,,,SYNTHETIC_GP3,0.661385459835283,0.3260542119330622,0.66,0.33,normalised
24.98333333333333,,,0.6651424575935618,0.3310875294397484,1,,,,,,,,,SYNTHETIC_GP3,0.6651424575935618,0.3310875294397484,0.66,0.33,normalised
25.0,,,0.6570469153116195,0.3328116544341277,1,,,,,,,,,SYNTHETIC_GP3,0.6570469153116195,0.3328116544341277,0.66,0.33,normalised
25.016666666666666,,,0.6633107767833081,0.3236421148624456,1,,,,,,,,,SYNTHETIC_GP3,0.6633107767833081,0.3236421148624456,0.66,0.33,normalised
25.03333333333333,,,0.6647066202197589,0.3251120615005133,1,,,,,,,,,SYNTHETIC_GP3,0.6647066202197589,0.3251120615005133,0.66,0.33,normalised
25.05,,,0.6647715053524164,0.3257306402871017,1,,,,,,,,,SYNTHETIC_GP3,0.6647715053524164,0.3257306402871017,0.66,0.33,normalised
25.066666666666663,,,0.6607188053489307,0.3339415401154094,1,,,,,,,,,SYNTHETIC_GP3,0.6607188053489307,0.3339415401154094,0.66,0.33,normalised
25.08333333333333,,,0.6582918028747029,0.3262706115472779,1,,,,,,,,,SYNTHETIC_GP3,0.6582918028747029,0.3262706115472779,0.66,0.33,normalised
25.1,,,0.6684771396316973,0.3292194215493697,1,,,,,,,,,SYNTHETIC_GP3,0.6684771396316973,0.3292194215493697,0.66,0.33,normalised
25.116666666666667,,,0.6610613933030434,0.3332771334898705,1,,,,,,,,,SYNTHETIC_GP3,0.6610613933030434,0.3332771334898705,0.66,0.33,normalised
25.133333333333333,,,0.6570890698074013,0.3314946131577286,1,,,,,,,,,SYNTHETIC_GP3,0.6570890698074013,0.3314946131577286,0.66,0.33,normalised
25.15,,,0.6610085930563409,0.3316025760038392,1,,,,,,,,,SYNTHETIC_GP3,0.6610085930563409,0.3316025760038392,0.66,0.33,normalised
25.166666666666668,,,0.6631659922908906,0.3336819691856877,1,,,,,,,,,SYNTHETIC_GP3,0.6631659922908906,0.3336819691856877,0.66,0.33,normalised
25.183333333333334,,,0.6590244395855356,0.3218787510804621,1,,,,,,,,,SYNTHETIC_GP3,0.6590244395855356,0.3218787510804621,0.66,0.33,normalised
25.2,,,0.6635062487357283,0.330142507991079,1,,,,,,,,,SYNTHETIC_GP3,0.6635062487357283,0.330142507991079,0.66,0.33,normalised
25.216666666666665,,,0.6654486203015348,0.3296140947706641,1,,,,,,,,,SYNTHETIC_GP3,0.6654486203015348,0.3296140947706641,0.66,0.33,normalised
25.23333333333333,,,0.6617073049799043,0.3262435712401811,1,,,,,,,,,SYNTHETIC_GP3,0.6617073049799043,0.3262435712401811,0.66,0.33,normalised
25.25,,,,,0,,,,,,,,,SYNTHETIC_GP3,,,0.66,0.33,normalised
25.266666666666666,,,0.6614261748803811,0.3337456291295232,1,,,,,,,,,SYNTHETIC_GP3,0.6614261748803811,0.3337456291295232,0.66,0.33,normalised
25.28333333333333,,,0.6600251260463822,0.3264710639590104,1,,,,,,,,,SYNTHETIC_GP3,0.6600251260463822,0.3264710639590104,0.66,0.33,normalised
25.3,,,0.6682079306729672,0.322843180169538,1,,,,,,,,,SYNTHETIC_GP3,0.6682079306729672,0.322843180169538,0.66,0.33,normalised
25.316666666666663,,,0.6644124194613871,0.3176548968457242,1,,,,,,,,,SYNTHETIC_GP3,0.6644124194613871,0.3176548968457242,0.66,0.33,normalised
25.33333333333333,,,0.6623422427814196,0.3369160570571193,1,,,,,,,,,SYNTHETIC_GP3,0.6623422427814196,0.3369160570571193,0.66,0.33,normalised
25.35,,,0.6547450290434448,0.3265471393239601,1,,,,,,,,,SYNTHETIC_GP3,0.6547450290434448,0.3265471393239601,0.66,0.33,normalised
25.366666666666667,,,0.6564115432474591,0.3300316267461954,1,,,,,,,,,SYNTHETIC_GP3,0.6564115432474591,0.3300316267461954,0.66,0.33,normalised
25.383333333333333,,,0.6552674304398695,0.3290255390043222,1,,,,,,,,,SYNTHETIC_GP3,0.6552674304398695,0.3290255390043222,0.66,0.33,normalised
25.4,,,0.6617373854113615,0.3350390771721407,1,,,,,,,,,SYNTHETIC_GP3,0.6617373854113615,0.3350390771721407,0.66,0.33,normalised
25.416666666666668,,,0.6617865542798914,0.3231198114201253,1,,,,,,,,,SYNTHETIC_GP3,0.6617865542798914,0.3231198114201253,0.66,0.33,normalised
25.433333333333334,,,0.6635527183584112,0.3279225918056954,1,,,,,,,,,SYNTHETIC_GP3,0.6635527183584112,0.3279225918056954,0.66,0.33,normalised
25.45,,,0.6660242513762916,0.3255317450356862,1,,,,,,,,,SYNTHETIC_GP3,0.6660242513762916,0.3255317450356862,0.66,0.33,normalised
25.466666666666665,,,0.6558258950085876,0.3269458970739679,1,,,,,,,,,SYNTHETIC_GP3,0.6558258950085876,0.3269458970739679,0.66,0.33,normalised
25.48333333333333,,,0.6565424600348013,0.3244191520225938,1,,,,,,,,,SYNTHETIC_GP3,0.6565424600348013,0.3244191520225938,0.66,0.33,normalised
25.5,,,0.6582540556104849,0.3246088327962136,1,,,,,,,,,SYNTHETIC_GP3,0.6582540556104849,0.3246088327962136,0.66,0.33,normalised
25.516666666666666,,,0.6637203241861457,0.3296883345210332,1,,,,,,,,,SYNTHETIC_GP3,0.6637203241861457,0.3296883345210332,0.66,0.33,normalised
25.53333333333333,,,0.6630533126078232,0.3294451763142532,1,,,,,,,,,SYNTHETIC_GP3,0.6630533126078232,0.3294451763142532,0.66,0.33,normalised
25.55,,,0.6577620136144308,0.3240161401441343,1,,,,,,,,,SYNTHETIC_GP3,0.6577620136144308,0.3240161401441343,0.66,0.33,normalised
25.566666666666663,,,0.6591014358702473,0.3281347664820973,1,,,,,,,,,SYNTHETIC_GP3,0.6591014358702473,0.3281347664820973,0.66,0.33,normalised
25.58333333333333,,,0.663412802728004,0.3245963893245716,1,,,,,,,,,SYNTHETIC_GP3,0.663412802728004,0.3245963893245716,0.66,0.33,normalised
25.6,,,0.6621705260162459,0.3317510224454452,1,,,,,,,,,SYNTHETIC_GP3,0.6621705260162459,0.3317510224454452,0.66,0.33,normalised
25.616666666666667,,,0.6659444566274134,0.3320611763585934,1,,,,,,,,,SYNTHETIC_GP3,0.6659444566274134,0.3320611763585934,0.66,0.33,normalised
25.633333333333333,,,0.6586602355456829,0.3334257197287294,1,,,,,,,,,SYNTHETIC_GP3,0.6586602355456829,0.3334257197287294,0.66,0.33,normalised
25.65,,,0.6613479803517283,0.3277823284643904,1,,,,,,,,,SYNTHETIC_GP3,0.6613479803517283,0.3277823284643904,0.66,0.33,normalised
25.666666666666668,,,0.657946784365269,0.3265021109961867,1,,,,,,,,,SYNTHETIC_GP3,0.657946784365269,0.3265021109961867,0.66,0.33,normalised
25.683333333333334,,,0.6664764674745597,0.3288617848941518,1,,,,,,,,,SYNTHETIC_GP3,0.6664764674745597,0.3288617848941518,0.66,0.33,normalised
25.7,,,0.6659800894923312,0.3268309016234866,1,,,,,,,,,SYNTHETIC_GP3,0.6659800894923312,0.3268309016234866,0.66,0.33,normalised
25.716666666666665,,,0.6638368920990406,0.3289341713963244,1,,,,,,,,,SYNTHETIC_GP3,0.6638368920990406,0.3289341713963244,0.66,0.33,normalised
25.73333333333333,,,0.6657822466137528,0.3268343656722797,1,,,,,,,,,SYNTHETIC_GP3,0.6657822466137528,0.3268343656722797,0.66,0.33,normalised
25.75,,,0.6673952728866753,0.3241678060604452,1,,,,,,,,,SYNTHETIC_GP3,0.6673952728866753,0.3241678060604452,0.66,0.33,normalised
25.766666666666666,,,0.6677096062022604,0.3299654622923961,1,,,,,,,,,SYNTHETIC_GP3,0.6677096062022604,0.3299654622923961,0.66,0.33,normalised
25.78333333333333,,,0.6686844942278779,0.3323053298810201,1,,,,,,,,,SYNTHETIC_GP3,0.6686844942278779,0.3323053298810201,0.66,0.33,normalised
25.8,,,0.6590827778065681,0.3316028145105482,1,,,,,,,,,SYNTHETIC_GP3,0.6590827778065681,0.3316028145105482,0.66,0.33,normalised
25.816666666666663,,,0.6587690117132102,0.3241708153347676,1,,,,,,,,,SYNTHETIC_GP3,0.6587690117132102,0.3241708153347676,0.66,0.33,normalised
25.83333333333333,,,0.6670732125765434,0.334260855741944,1,,,,,,,,,SYNTHETIC_GP3,0.6670732125765434,0.334260855741944,0.66,0.33,normalised
25.85,,,0.6602722340782982,0.3221035182255405,1,,,,,,,,,SYNTHETIC_GP3,0.6602722340782982,0.3221035182255405,0.66,0.33,normalised
25.866666666666667,,,0.6549323467770064,0.3262589355223543,1,,,,,,,,,SYNTHETIC_GP3,0.6549323467770064,0.3262589355223543,0.66,0.33,normalised
25.883333333333333,,,0.6601602601795408,0.3293912380127072,1,,,,,,,,,SYNTHETIC_GP3,0.6601602601795408,0.3293912380127072,0.66,0.33,normalised
25.9,,,0.666040191608436,0.3291515234613293,1,,,,,,,,,SYNTHETIC_GP3,0.666040191608436,0.3291515234613293,0.66,0.33,normalised
25.916666666666668,,,0.6601238676117417,0.3277722048851624,1,,,,,,,,,SYNTHETIC_GP3,0.6601238676117417,0.3277722048851624,0.66,0.33,normalised
25.933333333333334,,,0.6650237853428218,0.3270053627259411,1,,,,,,,,,SYNTHETIC_GP3,0.6650237853428218,0.3270053627259411,0.66,0.33,normalised
25.95,,,0.6631992623970735,0.3274004906017291,1,,,,,,,,,SYNTHETIC_GP3,0.6631992623970735,0.3274004906017291,0.66,0.33,normalised
25.966666666666665,,,0.6566253880816109,0.3330574191958417,1,,,,,,,,,SYNTHETIC_GP3,0.6566253880816109,0.3330574191958417,0.66,0.33,normalised
25.98333333333333,,,0.6637869643821945,0.333315367658082,1,,,,,,,,,SYNTHETIC_GP3,0.6637869643821945,0.333315367658082,0.66,0.33,normalised
26.0,,,0.6620291869565891,0.3294294890981123,1,,,,,,,,,SYNTHETIC_GP3,0.6620291869565891,0.3294294890981123,0.66,0.33,normalised
26.016666666666666,,,0.6598015578688027,0.3249160704005719,1,,,,,,,,,SYNTHETIC_GP3,0.6598015578688027,0.3249160704005719,0.66,0.33,normalised
26.03333333333333,,,0.6562844456232115,0.33150105073037,1,,,,,,,,,SYNTHETIC_GP3,0.6562844456232115,0.33150105073037,0.66,0.33,normalised
26.05,,,0.6683741348365989,0.3347375766240754,1,,,,,,,,,SYNTHETIC_GP3,0.6683741348365989,0.3347375766240754,0.66,0.33,normalised
26.066666666666663,,,0.658351928201787,0.331881591979588,1,,,,,,,,,SYNTHETIC_GP3,0.658351928201787,0.331881591979588,0.66,0.33,normalised
26.08333333333333,,,0.6538571043868026,0.326342889829549,1,,,,,,,,,SYNTHETIC_GP3,0.6538571043868026,0.326342889829549,0.66,0.33,normalised
26.1,,,0.6653170910577533,0.3274924140081652,1,,,,,,,,,SYNTHETIC_GP3,0.6653170910577533,0.3274924140081652,0.66,0.33,normalised
26.116666666666667,,,0.6602080833494384,0.3344632331650862,1,,,,,,,,,SYNTHETIC_GP3,0.6602080833494384,0.3344632331650862,0.66,0.33,normalised
26.133333333333333,,,0.6667196095279582,0.330216245862178,1,,,,,,,,,SYNTHETIC_GP3,0.6667196095279582,0.330216245862178,0.66,0.33,normalised
26.15,,,0.6615710641074242,0.3249447152194396,1,,,,,,,,,SYNTHETIC_GP3,0.6615710641074242,0.3249447152194396,0.66,0.33,normalised
26.166666666666668,,,0.6619292093875032,0.3340865097635745,1,,,,,,,,,SYNTHETIC_GP3,0.6619292093875032,0.3340865097635745,0.66,0.33,normalised
26.183333333333334,,,0.6643299236233356,0.3269723423844061,1,,,,,,,,,SYNTHETIC_GP3,0.6643299236233356,0.3269723423844061,0.66,0.33,normalised
26.2,,,0.6624543465698444,0.3358800986992022,1,,,,,,,,,SYNTHETIC_GP3,0.6624543465698444,0.3358800986992022,0.66,0.33,normalised
26.216666666666665,,,0.6624378179775597,0.3388568186923535,1,,,,,,,,,SYNTHETIC_GP3,0.6624378179775597,0.3388568186923535,0.66,0.33,normalised
26.23333333333333,,,0.6663097068555965,0.3353733658734936,1,,,,,,,,,SYNTHETIC_GP3,0.6663097068555965,0.3353733658734936,0.66,0.33,normalised
26.25,,,0.6583819638055315,0.3323258766671819,1,,,,,,,,,SYNTHETIC_GP3,0.6583819638055315,0.3323258766671819,0.66,0.33,normalised
26.266666666666666,,,0.6642099169604123,0.3293838222993105,1,,,,,,,,,SYNTHETIC_GP3,0.6642099169604123,0.3293838222993105,0.66,0.33,normalised
26.28333333333333,,,0.6631387307078915,0.3235650360730894,1,,,,,,,,,SYNTHETIC_GP3,0.6631387307078915,0.3235650360730894,0.66,0.33,normalised
26.3,,,0.6555861225680739,0.3263877736507949,1,,,,,,,,,SYNTHETIC_GP3,0.6555861225680739,0.3263877736507949,0.66,0.33,normalised
26.316666666666663,,,0.6664208975984531,0.3246622111673163,1,,,,,,,,,SYNTHETIC_GP3,0.6664208975984531,0.3246622111673163,0.66,0.33,normalised
26.33333333333333,,,0.6650641518095953,0.3269378131346798,1,,,,,,,,,SYNTHETIC_GP3,0.6650641518095953,0.3269378131346798,0.66,0.33,normalised
26.35,,,0.5081359365957374,0.5004869129200796,1,,,,,,,,,SYNTHETIC_GP3,0.5081359365957374,0.5004869129200796,0.5,0.5,normalised
26.366666666666667,,,0.5002564568293127,0.4970521741488962,1,,,,,,,,,SYNTHETIC_GP3,0.5002564568293127,0.4970521741488962,0.5,0.5,normalised
26.383333333333333,,,0.4976097341126103,0.5026215871536261,1,,,,,,,,,SYNTHETIC_GP3,0.4976097341126103,0.5026215871536261,0.5,0.5,normalised
26.4,,,0.514259836271851,0.4959380803458301,1,,,,,,,,,SYNTHETIC_GP3,0.514259836271851,0.4959380803458301,0.5,0.5,normalised
26.416666666666668,,,0.4979353975167748,0.5010522082394104,1,,,,,,,,,SYNTHETIC_GP3,0.4979353975167748,0.5010522082394104,0.5,0.5,normalised
26.433333333333334,,,0.4988309783057386,0.503754286291039,1,,,,,,,,,SYNTHETIC_GP3,0.4988309783057386,0.503754286291039,0.5,0.5,normalised
26.45,,,0.5042136921765863,0.4962585083341272,1,,,,,,,,,SYNTHETIC_GP3,0.5042136921765863,0.4962585083341272,0.5,0.5,normalised
26.466666666666665,,,0.5002696189910362,0.4985038397397826,1,,,,,,,,,SYNTHETIC_GP3,0.5002696189910362,0.4985038397397826,0.5,0.5,normalised
26.48333333333333,,,0.5036455739287459,0.4951119165870027,1,,,,,,,,,SYNTHETIC_GP3,0.5036455739287459,0.4951119165870027,0.5,0.5,normalised
26.5,,,0.4967024390788455,0.4961063110365356,1,,,,,,,,,SYNTHETIC_GP3,0.4967024390788455,0.4961063110365356,0.5,0.5,normalised
26.516666666666666,,,0.495212580243278,0.4998789685746135,1,,,,,,,,,SYNTHETIC_GP3,0.495212580243278,0.4998789685746135,0.5,0.5,normalised
26.53333333333333,,,0.4998108758102151,0.4998523598132683,1,,,,,,,,,SYNTHETIC_GP3,0.4998108758102151,0.4998523598132683,0.5,0.5,normalised
26.55,,,0.5046919072995302,0.5023391656810359,1,,,,,,,,,SYNTHETIC_GP3,0.5046919072995302,0.5023391656810359,0.5,0.5,normalised
26.566666666666663,,,0.5018681046822664,0.496032902116792,1,,,,,,,,,SYNTHETIC_GP3,0.5018681046822664,0.496032902116792,0.5,0.5,normalised
26.58333333333333,,,0.5067765201071034,0.4998285705283676,1,,,,,,,,,SYNTHETIC_GP3,0.5067765201071034,0.4998285705283676,0.5,0.5,normalised
26.6,,,0.500950121766498,0.5016926865100045,1,,,,,,,,,SYNTHETIC_GP3,0.500950121766498,0.5016926865100045,0.5,0.5,normalised
26.616666666666667,,,0.502752091632921,0.4985400868262351,1,,,,,,,,,SYNTHETIC_GP3,0.502752091632921,0.4985400868262351,0.5,0.5,normalised
26.633333333333333,,,0.4983722393490803,0.5000518223431467,1,,,,,,,,,SYNTHETIC_GP3,0.4983722393490803,0.5000518223431467,0.5,0.5,normalised
26.65,,,0.4961623547452294,0.4929607724894235,1,,,,,,,,,SYNTHETIC_GP3,0.4961623547452294,0.4929607724894235,0.5,0.5,normalised
26.666666666666668,,,0.4971513852033694,0.4951884606086971,1,,,,,,,,,SYNTHETIC_GP3,0.4971513852033694,0.4951884606086971,0.5,0.5,normalised
26.683333333333334,,,0.498824050797003,0.5036218834448778,1,,,,,,,,,SYNTHETIC_GP3,0.498824050797003,0.5036218834448778,0.5,0.5,normalised
26.7,,,0.5098469197100837,0.491968861248224,1,,,,,,,,,SYNTHETIC_GP3,0.5098469197100837,0.491968861248224,0.5,0.5,normalised
26.716666666666665,,,0.4968606882460586,0.4915317670154947,1,,,,,,,,,SYNTHETIC_GP3,0.4968606882460586,0.4915317670154947,0.5,0.5,normalised
26.73333333333333,,,0.4984767702404044,0.4994539971544831,1,,,,,,,,,SYNTHETIC_GP3,0.4984767702404044,0.4994539971544831,0.5,0.5,normalised
26.75,,,0.5074731605670254,0.4927715806796298,1,,,,,,,,,SYNTHETIC_GP3,0.5074731605670254,0.4927715806796298,0.5,0.5,normalised
26.766666666666666,,,0.4993388650588097,0.5049937359934503,1,,,,,,,,,SYNTHETIC_GP3,0.4993388650588097,0.5049937359934503,0.5,0.5,normalised
26.78333333333333,,,0.504350911223197,0.5040342265860022,1,,,,,,,,,SYNTHETIC_GP3,0.504350911223197,0.5040342265860022,0.5,0.5,normalised
26.8,,,0.4928950469100169,0.4960260834864871,1,,,,,,,,,SYNTHETIC_GP3,0.4928950469100169,0.4960260834864871,0.5,0.5,normalised
26.816666666666663,,,0.4981162075833596,0.4994155978054015,1,,,,,,,,,SYNTHETIC_GP3,0.4981162075833596,0.4994155978054015,0.5,0.5,normalised
26.83333333333333,,,0.5040417379674099,0.4951973723589096,1,,,,,,,,,SYNTHETIC_GP3,0.5040417379674099,0.4951973723589096,0.5,0.5,normalised
26.85,,,0.4952083201435498,0.4909345153204415,1,,,,,,,,,SYNTHETIC_GP3,0.4952083201435498,0.4909345153204415,0.5,0.5,normalised
26.866666666666667,,,0.5027104893361063,0.5000075005252209,1,,,,,,,,,SYNTHETIC_GP3,0.5027104893361063,0.5000075005252209,0.5,0.5,normalised
26.883333333333333,,,0.5021319980098625,0.49280651464235,1,,,,,,,,,SYNTHETIC_GP3,0.5021319980098625,0.49280651464235,0.5,0.5,normalised
26.9,,,0.4997449543746314,0.5013793483398385,1,,,,,,,,,SYNTHETIC_GP3,0.4997449543746314,0.5013793483398385,0.5,0.5,normalised
26.916666666666668,,,0.5008941162230287,0.5048647020539012,1,,,,,,,,,SYNTHETIC_GP3,0.5008941162230287,0.5048647020539012,0.5,0.5,normalised
26.933333333333334,,,,,0,,,,,,,,,SYNTHETIC_GP3,,,0.5,0.5,normalised
26.95,,,0.5017798315140504,0.5048156794324186,1,,,,,,,,,SYNTHETIC_GP3,0.5017798315140504,0.5048156794324186,0.5,0.5,normalised
26.966666666666665,,,0.5059187078731213,0.4985520638972959,1,,,,,,,,,SYNTHETIC_GP3,0.5059187078731213,0.4985520638972959,0.5,0.5,normalised
26.98333333333333,,,0.505106253307771,0.5022297496513832,1,,,,,,,,,SYNTHETIC_GP3,0.505106253307771,0.5022297496513832,0.5,0.5,normalised
27.0,,,0.858134262990399,0.852667241927605,1,,,,,,,,,SYNTHETIC_GP3,0.858134262990399,0.852667241927605,0.85,0.85,normalised
27.016666666666666,,,0.8502921468658502,0.8473170329409768,1,,,,,,,,,SYNTHETIC_GP3,0.8502921468658502,0.8473170329409768,0.85,0.85,normalised
27.03333333333333,,,0.8526604737309111,0.8512589580212027,1,,,,,,,,,SYNTHETIC_GP3,0.8526604737309111,0.8512589580212027,0.85,0.85,normalised
27.05,,,0.8477678477025533,0.8495376205345967,1,,,,,,,,,SYNTHETIC_GP3,0.8477678477025533,0.8495376205345967,0.85,0.85,normalised
27.066666666666663,,,0.8544567742811487,0.8427437870301322,1,,,,,,,,,SYNTHETIC_GP3,0.8544567742811487,0.8427437870301322,0.85,0.85,normalised
27.08333333333333,,,0.8491391455174346,0.8458220245098929,1,,,,,,,,,SYNTHETIC_GP3,0.8491391455174346,0.8458220245098929,0.85,0.85,normalised
27.1,,,0.8544447662093603,0.8461105495987111,1,,,,,,,,,SYNTHETIC_GP3,0.8544447662093603,0.8461105495987111,0.85,0.85,normalised
27.116666666666667,,,0.8508677988810996,0.8450791796837589,1,,,,,,,,,SYNTHETIC_GP3,0.8508677988810996,0.8450791796837589,0.85,0.85,normalised
27.133333333333333,,,0.8512972605210843,0.8458527644888807,1,,,,,,,,,SYNTHETIC_GP3,0.8512972605210843,0.8458527644888807,0.85,0.85,normalised
27.15,,,0.8528971082028699,0.8538095936725865,1,,,,,,,,,SYNTHETIC_GP3,0.8528971082028699,0.8538095936725865,0.85,0.85,normalised
27.166666666666668,,,0.8490143107987834,0.8462775846153853,1,,,,,,,,,SYNTHETIC_GP3,0.8490143107987834,0.8462775846153853,0.85,0.85,normalised
27.183333333333334,,,0.8493056520005683,0.850946344039805,1,,,,,,,,,SYNTHETIC_GP3,0.8493056520005683,0.850946344039805,0.85,0.85,normalised
27.2,,,0.8494878597212162,0.8558012980368372,1,,,,,,,,,SYNTHETIC_GP3,0.8494878597212162,0.8558012980368372,0.85,0.85,normalised
27.216666666666665,,,0.8498111955556424,0.8485852237554045,1,,,,,,,,,SYNTHETIC_GP3,0.8498111955556424,0.8485852237554045,0.85,0.85,normalised
27.23333333333333,,,0.8544541907409265,0.8470052873462478,1,,,,,,,,,SYNTHETIC_GP3,0.8544541907409265,0.8470052873462478,0.85,0.85,normalised
27.25,,,0.8504134478184824,0.850315281493473,1,,,,,,,,,SYNTHETIC_GP3,0.8504134478184824,0.850315281493473,0.85,0.85,normalised
27.266666666666666,,,0.849668184348701,0.8418145662146864,1,,,,,,,,,SYNTHETIC_GP3,0.849668184348701,0.8418145662146864,0.85,0.85,normalised
27.28333333333333,,,0.8552374834617628,0.8457212660301878,1,,,,,,,,,SYNTHETIC_GP3,0.8552374834617628,0.8457212660301878,0.85,0.85,normalised
27.3,,,0.8547138593145972,0.849528254854021,1,,,,,,,,,SYNTHETIC_GP3,0.8547138593145972,0.849528254854021,0.85,0.85,normalised
27.316666666666663,,,0.8513222775554057,0.8401679814019588,1,,,,,,,,,SYNTHETIC_GP3,0.8513222775554057,0.8401679814019588,0.85,0.85,normalised
27.33333333333333,,,0.8617869181437571,0.8540020105579585,1,,,,,,,,,SYNTHETIC_GP3,0.8617869181437571,0.8540020105579585,0.85,0.85,normalised
27.35,,,0.8477636959492576,0.8512148928903619,1,,,,,,,,,SYNTHETIC_GP3,0.8477636959492576,0.8512148928903619,0.85,0.85,normalised
27.366666666666667,,,0.8583653852474089,0.8540858440266729,1,,,,,,,,,SYNTHETIC_GP3,0.8583653852474089,0.8540858440266729,0.85,0.85,normalised
27.383333333333333,,,0.8529756021103397,0.8471485529927658,1,,,,,,,,,SYNTHETIC_GP3,0.8529756021103397,0.8471485529927658,0.85,0.85,normalised
27.4,,,0.8559553909757911,0.8487189304583139,1,,,,,,,,,SYNTHETIC_GP3,0.8559553909757911,0.8487189304583139,0.85,0.85,normalised
27.416666666666668,,,0.8507366555250838,0.8527416582530104,1,,,,,,,,,SYNTHETIC_GP3,0.8507366555250838,0.8527416582530104,0.85,0.85,normalised
27.433333333333334,,,0.8566024619223898,0.8564081479754462,1,,,,,,,,,SYNTHETIC_GP3,0.8566024619223898,0.8564081479754462,0.85,0.85,normalised
27.45,,,0.8479980800306526,0.8526396223624666,1,,,,,,,,,SYNTHETIC_GP3,0.8479980800306526,0.8526396223624666,0.85,0.85,normalised
27.466666666666665,,,0.8551238929640469,0.8510748017213492,1,,,,,,,,,SYNTHETIC_GP3,0.8551238929640469,0.8510748017213492,0.85,0.85,normalised
27.48333333333333,,,0.8529737131843382,0.8559089818037825,1,,,,,,,,,SYNTHETIC_GP3,0.8529737131843382,0.8559089818037825,0.85,0.85,normalised
27.5,,,0.8555380808636569,0.8525925483751629,1,,,,,,,,,SYNTHETIC_GP3,0.8555380808636569,0.8525925483751629,0.85,0.85,normalised
27.516666666666666,,,0.8500036072583076,0.8407454789323783,1,,,,,,,,,SYNTHETIC_GP3,0.8500036072583076,0.8407454789323783,0.85,0.85,normalised
27.53333333333333,,,0.8536262967101642,0.8503235900546265,1,,,,,,,,,SYNTHETIC_GP3,0.8536262967101642,0.8503235900546265,0.85,0.85,normalised
27.55,,,0.8488089490325749,0.8496096366929335,1,,,,,,,,,SYNTHETIC_GP3,0.8488089490325749,0.8496096366929335,0.85,0.85,normalised
27.566666666666663,,,0.8505073957181861,0.8516453899048171,1,,,,,,,,,SYNTHETIC_GP3,0.8505073957181861,0.8516453899048171,0.85,0.85,normalised
27.58333333333333,,,0.850950109464131,0.8515743789089395,1,,,,,,,,,SYNTHETIC_GP3,0.850950109464131,0.8515743789089395,0.85,0.85,normalised
27.6,,,0.8495204823955006,0.8479892610058963,1,,,,,,,,,SYNTHETIC_GP3,0.8495204823955006,0.8479892610058963,0.85,0.85,normalised
27.616666666666667,,,0.849980417957285,0.849643366482415,1,,,,,,,,,SYNTHETIC_GP3,0.849980417957285,0.849643366482415,0.85,0.85,normalised
27.633333333333333,,,0.8470551092450658,0.8451595099498574,1,,,,,,,,,SYNTHETIC_GP3,0.8470551092450658,0.8451595099498574,0.85,0.85,normalised
27.65,,,0.8514418085261415,0.8519071702035299,1,,,,,,,,,SYNTHETIC_GP3,0.8514418085261415,0.8519071702035299,0.85,0.85,normalised
27.666666666666668,,,0.8577336625740082,0.8491194486730278,1,,,,,,,,,SYNTHETIC_GP3,0.8577336625740082,0.8491194486730278,0.85,0.85,normalised
27.683333333333334,,,0.8632872233310248,0.8486523417780574,1,,,,,,,,,SYNTHETIC_GP3,0.8632872233310248,0.8486523417780574,0.85,0.85,normalised
27.7,,,0.8486001467380178,0.8544014322370087,1,,,,,,,,,SYNTHETIC_GP3,0.8486001467380178,0.8544014322370087,0.85,0.85,normalised
27.716666666666665,,,0.8489198284250824,0.8512897948420584,1,,,,,,,,,SYNTHETIC_GP3,0.8489198284250824,0.8512897948420584,0.85,0.85,normalised
27.73333333333333,,,0.8532862579271783,0.8521568824774692,1,,,,,,,,,SYNTHETIC_GP3,0.8532862579271783,0.8521568824774692,0.85,0.85,normalised
27.75,,,0.8539478781107994,0.8486334992999741,1,,,,,,,,,SYNTHETIC_GP3,0.8539478781107994,0.8486334992999741,0.85,0.85,normalised
27.766666666666666,,,0.8467909362894944,0.8473121372871424,1,,,,,,,,,SYNTHETIC_GP3,0.8467909362894944,0.8473121372871424,0.85,0.85,normalised
27.78333333333333,,,0.8427480442463848,0.8495727117224816,1,,,,,,,,,SYNTHETIC_GP3,0.8427480442463848,0.8495727117224816,0.85,0.85,normalised
27.8,,,0.852991187309873,0.8502055403873491,1,,,,,,,,,SYNTHETIC_GP3,0.852991187309873,0.8502055403873491,0.85,0.85,normalised
27.816666666666663,,,0.8572925663461254,0.8494487698104425,1,,,,,,,,,SYNTHETIC_GP3,0.8572925663461254,0.8494487698104425,0.85,0.85,normalised
27.83333333333333,,,0.8576352800696885,0.8499153697632206,1,,,,,,,,,SYNTHETIC_GP3,0.8576352800696885,0.8499153697632206,0.85,0.85,normalised
27.85,,,0.8519267366351043,0.851115531667902,1,,,,,,,,,SYNTHETIC_GP3,0.8519267366351043,0.851115531667902,0.85,0.85,normalised
27.866666666666667,,,0.8575174969293609,0.8535151744382469,1,,,,,,,,,SYNTHETIC_GP3,0.8575174969293609,0.8535151744382469,0.85,0.85,normalised
27.883333333333333,,,0.8512854710327677,0.8448207658694178,1,,,,,,,,,SYNTHETIC_GP3,0.8512854710327677,0.8448207658694178,0.85,0.85,normalised
27.9,,,0.846381815131606,0.8454835207547845,1,,,,,,,,,SYNTHETIC_GP3,0.846381815131606,0.8454835207547845,0.85,0.85,normalised
27.916666666666668,,,0.8514284659620163,0.8374310598892847,1,,,,,,,,,SYNTHETIC_GP3,0.8514284659620163,0.8374310598892847,0.85,0.85,normalised
27.933333333333334,,,0.8560979693648991,0.8494824922580625,1,,,,,,,,,SYNTHETIC_GP3,0.8560979693648991,0.8494824922580625,0.85,0.85,normalised
27.95,,,0.8524836817317895,0.8441408400221095,1,,,,,,,,,SYNTHETIC_GP3,0.8524836817317895,0.8441408400221095,0.85,0.85,normalised
27.966666666666665,,,0.8497015487990244,0.8413318780352027,1,,,,,,,,,SYNTHETIC_GP3,0.8497015487990244,0.8413318780352027,0.85,0.85,normalised
27.98333333333333,,,0.8521804642001709,0.8483594981300188,1,,,,,,,,,SYNTHETIC_GP3,0.8521804642001709,0.8483594981300188,0.85,0.85,normalised
28.0,,,0.8533092458285794,0.8451493938112193,1,,,,,,,,,SYNTHETIC_GP3,0.8533092458285794,0.8451493938112193,0.85,0.85,normalised
28.016666666666666,,,0.8525199648913279,0.8529731336638918,1,,,,,,,,,SYNTHETIC_GP3,0.8525199648913279,0.8529731336638918,0.85,0.85,normalised
28.03333333333333,,,0.853178311629003,0.8540575965363215,1,,,,,,,,,SYNTHETIC_GP3,0.853178311629003,0.8540575965363215,0.85,0.85,normalised
28.05,,,0.8534770010756741,0.8515726568767218,1,,,,,,,,,SYNTHETIC_GP3,0.8534770010756741,0.8515726568767218,0.85,0.85,normalised
28.066666666666663,,,0.8562375252806271,0.8473250493561273,1,,,,,,,,,SYNTHETIC_GP3,0.8562375252806271,0.8473250493561273,0.85,0.85,normalised
28.08333333333333,,,0.8524984996164054,0.8434088468536485,1,,,,,,,,,SYNTHETIC_GP3,0.8524984996164054,0.8434088468536485,0.85,0.85,normalised
28.1,,,0.8513626517227869,0.8453825172022434,1,,,,,,,,,SYNTHETIC_GP3,0.8513626517227869,0.8453825172022434,0.85,0.85,normalised
28.116666666666667,,,0.8534039698127196,0.8451022799523785,1,,,,,,,,,SYNTHETIC_GP3,0.8534039698127196,0.8451022799523785,0.85,0.85,normalised
28.133333333333333,,,0.8543339510604852,0.8473808225168686,1,,,,,,,,,SYNTHETIC_GP3,0.8543339510604852,0.8473808225168686,0.85,0.85,normalised
28.15,,,0.8450098424572899,0.8476876288892055,1,,,,,,,,,SYNTHETIC_GP3,0.8450098424572899,0.8476876288892055,0.85,0.85,normalised
28.166666666666668,,,0.8565559809801478,0.8559811366343165,1,,,,,,,,,SYNTHETIC_GP3,0.8565559809801478,0.8559811366343165,0.85,0.85,normalised
28.183333333333334,,,0.858754682955629,0.8523156711949582,1,,,,,,,,,SYNTHETIC_GP3,0.858754682955629,0.8523156711949582,0.85,0.85,normalised
28.2,,,0.8520770809385969,0.8565280344416549,1,,,,,,,,,SYNTHETIC_GP3,0.8520770809385969,0.8565280344416549,0.85,0.85,normalised
28.216666666666665,,,0.8544300538087262,0.8499293211019427,1,,,,,,,,,SYNTHETIC_GP3,0.8544300538087262,0.8499293211019427,0.85,0.85,normalised
28.23333333333333,,,0.8490235909864731,0.8454854850375285,1,,,,,,,,,SYNTHETIC_GP3,0.8490235909864731,0.8454854850375285,0.85,0.85,normalised
28.25,,,0.8546667348794517,0.8464376987990815,1,,,,,,,,,SYNTHETIC_GP3,0.8546667348794517,0.8464376987990815,0.85,0.85,normalised
28.266666666666666,,,0.8485779382901188,0.8488621965702341,1,,,,,,,,,SYNTHETIC_GP3,0.8485779382901188,0.8488621965702341,0.85,0.85,normalised
28.28333333333333,,,0.8526999385083645,0.8505476087835546,1,,,,,,,,,SYNTHETIC_GP3,0.8526999385083645,0.8505476087835546,0.85,0.85,normalised
28.3,,,0.8542798723377827,0.8535971314688591,1,,,,,,,,,SYNTHETIC_GP3,0.8542798723377827,0.8535971314688591,0.85,0.85,normalised
28.316666666666663,,,0.8488349233195561,0.8466685736770687,1,,,,,,,,,SYNTHETIC_GP3,0.8488349233195561,0.8466685736770687,0.85,0.85,normalised
28.33333333333333,,,0.8475518946135567,0.8474587778932512,1,,,,,,,,,SYNTHETIC_GP3,0.8475518946135567,0.8474587778932512,0.85,0.85,normalised
28.35,,,0.8505997246950033,0.8497383840118043,1,,,,,,,,,SYNTHETIC_GP3,0.8505997246950033,0.8497383840118043,0.85,0.85,normalised
28.366666666666667,,,0.8497247788922597,0.854306534236714,1,,,,,,,,,SYNTHETIC_GP3,0.8497247788922597,0.854306534236714,0.85,0.85,normalised
28.383333333333333,,,0.850686953028847,0.8472441816530119,1,,,,,,,,,SYNTHETIC_GP3,0.850686953028847,0.8472441816530119,0.85,0.85,normalised
28.4,,,0.8475837366162187,0.8510485120431678,1,,,,,,,,,SYNTHETIC_GP3,0.8475837366162187,0.8510485120431678,0.85,0.85,normalised
28.416666666666668,,,0.8563093095279128,0.8445995307766615,1,,,,,,,,,SYNTHETIC_GP3,0.8563093095279128,0.8445995307766615,0.85,0.85,normalised
28.433333333333334,,,0.8508962756716916,0.8506290631215658,1,,,,,,,,,SYNTHETIC_GP3,0.8508962756716916,0.8506290631215658,0.85,0.85,normalised
28.45,,,0.8537414229972902,0.8509438222592426,1,,,,,,,,,SYNTHETIC_GP3,0.8537414229972902,0.8509438222592426,0.85,0.85,normalised
28.466666666666665,,,0.8454736963592125,0.8513062934668791,1,,,,,,,,,SYNTHETIC_GP3,0.8454736963592125,0.8513062934668791,0.85,0.85,normalised
28.48333333333333,,,0.849627839616889,0.8542793808757627,1,,,,,,,,,SYNTHETIC_GP3,0.849627839616889,0.8542793808757627,0.85,0.85,normalised
28.5,,,0.8583551409812616,0.8487709176789782,1,,,,,,,,,SYNTHETIC_GP3,0.8583551409812616,0.8487709176789782,0.85,0.85,normalised
28.516666666666666,,,0.8484678542843976,0.8516462583661514,1,,,,,,,,,SYNTHETIC_GP3,0.8484678542843976,0.8516462583661514,0.85,0.85,normalised
28.53333333333333,,,0.8531127578273214,0.8454310739882436,1,,,,,,,,,SYNTHETIC_GP3,0.8531127578273214,0.8454310739882436,0.85,0.85,normalised
28.55,,,0.860330673632237,0.8442569378043971,1,,,,,,,,,SYNTHETIC_GP3,0.860330673632237,0.8442569378043971,0.85,0.85,normalised
28.566666666666663,,,0.8519660225675708,0.8487793415845366,1,,,,,,,,,SYNTHETIC_GP3,0.8519660225675708,0.8487793415845366,0.85,0.85,normalised
28.58333333333333,,,0.8579916039655591,0.8479740358303628,1,,,,,,,,,SYNTHETIC_GP3,0.8579916039655591,0.8479740358303628,0.85,0.85,normalised
28.6,,,0.8483897435902736,0.8558053893340529,1,,,,,,,,,SYNTHETIC_GP3,0.8483897435902736,0.8558053893340529,0.85,0.85,normalised
28.616666666666667,,,,,0,,,,,,,,,SYNTHETIC_GP3,,,0.85,0.85,normalised
28.633333333333333,,,0.8517312742101691,0.8546076854978564,1,,,,,,,,,SYNTHETIC_GP3,0.8517312742101691,0.8546076854978564,0.85,0.85,normalised
28.65,,,0.8498083975860541,0.8505633331923282,1,,,,,,,,,SYNTHETIC_GP3,0.8498083975860541,0.8505633331923282,0.85,0.85,normalised
28.666666666666668,,,0.8533397448031714,0.8523579655567428,1,,,,,,,,,SYNTHETIC_GP3,0.8533397448031714,0.8523579655567428,0.85,0.85,normalised
28.683333333333334,,,0.8448677673039254,0.8478898800843736,1,,,,,,,,,SYNTHETIC_GP3,0.8448677673039254,0.8478898800843736,0.85,0.85,normalised
28.7,,,0.847726162951652,0.8516964945809959,1,,,,,,,,,SYNTHETIC_GP3,0.847726162951652,0.8516964945809959,0.85,0.85,normalised
28.716666666666665,,,0.8571998479577578,0.8469173239852031,1,,,,,,,,,SYNTHETIC_GP3,0.8571998479577578,0.8469173239852031,0.85,0.85,normalised
28.73333333333333,,,0.852444235697978,0.8470163777450906,1,,,,,,,,,SYNTHETIC_GP3,0.852444235697978,0.8470163777450906,0.85,0.85,normalised
28.75,,,0.8539127659103862,0.8396069634709374,1,,,,,,,,,SYNTHETIC_GP3,0.8539127659103862,0.8396069634709374,0.85,0.85,normalised
28.766666666666666,,,0.8586889827107906,0.8505317993942665,1,,,,,,,,,SYNTHETIC_GP3,0.8586889827107906,0.8505317993942665,0.85,0.85,normalised
28.78333333333333,,,0.8449807974004642,0.8526000655371206,1,,,,,,,,,SYNTHETIC_GP3,0.8449807974004642,0.8526000655371206,0.85,0.85,normalised
28.8,,,0.8400219523345132,0.851689102966755,1,,,,,,,,,SYNTHETIC_GP3,0.8400219523345132,0.851689102966755,0.85,0.85,normalised
28.816666666666663,,,0.8590399346694831,0.8500608122828522,1,,,,,,,,,SYNTHETIC_GP3,0.8590399346694831,0.8500608122828522,0.85,0.85,normalised
28.83333333333333,,,0.8464740817581778,0.8472398470607572,1,,,,,,,,,SYNTHETIC_GP3,0.8464740817581778,0.8472398470607572,0.85,0.85,normalised
28.85,,,0.8522688545211675,0.839687591550051,1,,,,,,,,,SYNTHETIC_GP3,0.8522688545211675,0.839687591550051,0.85,0.85,normalised
28.866666666666667,,,0.8454365689979326,0.8443369707449916,1,,,,,,,,,SYNTHETIC_GP3,0.8454365689979326,0.8443369707449916,0.85,0.85,normalised
28.883333333333333,,,0.8417128783430847,0.8484796466959887,1,,,,,,,,,SYNTHETIC_GP3,0.8417128783430847,0.8484796466959887,0.85,0.85,normalised
28.9,,,0.8516179745883891,0.8518015817493169,1,,,,,,,,,SYNTHETIC_GP3,0.8516179745883891,0.8518015817493169,0.85,0.85,normalised
28.916666666666668,,,0.8537832231681403,0.8538437223191678,1,,,,,,,,,SYNTHETIC_GP3,0.8537832231681403,0.8538437223191678,0.85,0.85,normalised
28.933333333333334,,,0.8486181770197171,0.8535523512661943,1,,,,,,,,,SYNTHETIC_GP3,0.8486181770197171,0.8535523512661943,0.85,0.85,normalised
28.95,,,0.8417546371694049,0.8463720101447452,1,,,,,,,,,SYNTHETIC_GP3,0.8417546371694049,0.8463720101447452,0.85,0.85,normalised
28.966666666666665,,,0.853133653558038,0.84816678749196,1,,,,,,,,,SYNTHETIC_GP3,0.853133653558038,0.84816678749196,0.85,0.85,normalised
28.98333333333333,,,0.8594976864852625,0.8438701735976267,1,,,,,,,,,SYNTHETIC_GP3,0.8594976864852625,0.8438701735976267,0.85,0.85,normalised
29.0,,,0.8449806806141283,0.8416143487099008,1,,,,,,,,,SYNTHETIC_GP3,0.8449806806141283,0.8416143487099008,0.85,0.85,normalised
29.016666666666666,,,0.8549526487322987,0.8455939793649291,1,,,,,,,,,SYNTHETIC_GP3,0.8549526487322987,0.8455939793649291,0.85,0.85,normalised
29.03333333333333,,,0.8530025935608422,0.845823483079301,1,,,,,,,,,SYNTHETIC_GP3,0.8530025935608422,0.845823483079301,0.85,0.85,normalised
29.05,,,0.8444928985214742,0.8454088676363667,1,,,,,,,,,SYNTHETIC_GP3,0.8444928985214742,0.8454088676363667,0.85,0.85,normalised
29.066666666666663,,,0.8559336528782167,0.8521839886326624,1,,,,,,,,,SYNTHETIC_GP3,0.8559336528782167,0.8521839886326624,0.85,0.85,normalised
29.08333333333333,,,0.8526324304388373,0.854940849391212,1,,,,,,,,,SYNTHETIC_GP3,0.8526324304388373,0.854940849391212,0.85,0.85,normalised
29.1,,,0.851331701720476,0.8457759019081336,1,,,,,,,,,SYNTHETIC_GP3,0.851331701720476,0.8457759019081336,0.85,0.85,normalised
29.116666666666667,,,0.8570060145647571,0.8557644779452266,1,,,,,,,,,SYNTHETIC_GP3,0.8570060145647571,0.8557644779452266,0.85,0.85,normalised
29.133333333333333,,,0.8520302147415448,0.8421967857173873,1,,,,,,,,,SYNTHETIC_GP3,0.8520302147415448,0.8421967857173873,0.85,0.85,normalised
29.15,,,0.8570195085960305,0.8507024269323079,1,,,,,,,,,SYNTHETIC_GP3,0.8570195085960305,0.8507024269323079,0.85,0.85,normalised
29.166666666666668,,,0.8623849240572162,0.8513404166837916,1,,,,,,,,,SYNTHETIC_GP3,0.8623849240572162,0.8513404166837916,0.85,0.85,normalised
29.183333333333334,,,0.8527769912103271,0.8434150631374537,1,,,,,,,,,SYNTHETIC_GP3,0.8527769912103271,0.8434150631374537,0.85,0.85,normalised
29.2,,,0.8536854650439235,0.8529653655644677,1,,,,,,,,,SYNTHETIC_GP3,0.8536854650439235,0.8529653655644677,0.85,0.85,normalised
29.216666666666665,,,0.8496476204703394,0.847487177369645,1,,,,,,,,,SYNTHETIC_GP3,0.8496476204703394,0.847487177369645,0.85,0.85,normalised
29.23333333333333,,,0.8580851187087765,0.850068251316314,1,,,,,,,,,SYNTHETIC_GP3,0.8580851187087765,0.850068251316314,0.85,0.85,normalised
29.25,,,0.847041787909008,0.8535660422603657,1,,,,,,,,,SYNTHETIC_GP3,0.847041787909008,0.8535660422603657,0.85,0.85,normalised
29.266666666666666,,,0.8499170556992581,0.8517045551309467,1,,,,,,,,,SYNTHETIC_GP3,0.8499170556992581,0.8517045551309467,0.85,0.85,normalised
29.28333333333333,,,0.8517473013967582,0.8472007769936803,1,,,,,,,,,SYNTHETIC_GP3,0.8517473013967582,0.8472007769936803,0.85,0.85,normalised
29.3,,,0.8512690244430069,0.8487845029903821,1,,,,,,,,,SYNTHETIC_GP3,0.8512690244430069,0.8487845029903821,0.85,0.85,normalised
29.316666666666663,,,0.8491464539856213,0.8559711546457441,1,,,,,,,,,SYNTHETIC_GP3,0.8491464539856213,0.8559711546457441,0.85,0.85,normalised
29.33333333333333,,,0.855508756633036,0.842085413403649,1,,,,,,,,,SYNTHETIC_GP3,0.855508756633036,0.842085413403649,0.85,0.85,normalised
29.35,,,0.5007574337749915,0.5027986969172441,1,,,,,,,,,SYNTHETIC_GP3,0.5007574337749915,0.5027986969172441,0.5,0.5,normalised
29.366666666666667,,,0.4933909026990551,0.5028486417708873,1,,,,,,,,,SYNTHETIC_GP3,0.4933909026990551,0.5028486417708873,0.5,0.5,normalised
29.383333333333333,,,0.5066409887898136,0.5065613057418071,1,,,,,,,,,SYNTHETIC_GP3,0.5066409887898136,0.5065613057418071,0.5,0.5,normalised
29.4,,,0.5089224081557041,0.5043750513036157,1,,,,,,,,,SYNTHETIC_GP3,0.5089224081557041,0.5043750513036157,0.5,0.5,normalised
29.416666666666668,,,0.4997669588010983,0.4928836903568876,1,,,,,,,,,SYNTHETIC_GP3,0.4997669588010983,0.4928836903568876,0.5,0.5,normalised
29.433333333333334,,,0.5074312442819195,0.5014160798372598,1,,,,,,,,,SYNTHETIC_GP3,0.5074312442819195,0.5014160798372598,0.5,0.5,normalised
29.45,,,0.499865991951301,0.5004849127420122,1,,,,,,,,,SYNTHETIC_GP3,0.499865991951301,0.5004849127420122,0.5,0.5,normalised
29.466666666666665,,,0.4980243661766846,0.5024239370149196,1,,,,,,,,,SYNTHETIC_GP3,0.4980243661766846,0.5024239370149196,0.5,0.5,normalised
29.48333333333333,,,0.4983122421573395,0.5063465586421021,1,,,,,,,,,SYNTHETIC_GP3,0.4983122421573395,0.5063465586421021,0.5,0.5,normalised
29.5,,,0.508548963746547,0.5004470993222686,1,,,,,,,,,SYNTHETIC_GP3,0.508548963746547,0.5004470993222686,0.5,0.5,normalised
29.516666666666666,,,0.5074703445299511,0.4982483490247643,1,,,,,,,,,SYNTHETIC_GP3,0.5074703445299511,0.4982483490247643,0.5,0.5,normalised
29.53333333333333,,,0.5047809544416371,0.4981897135126729,1,,,,,,,,,SYNTHETIC_GP3,0.5047809544416371,0.4981897135126729,0.5,0.5,normalised
29.55,,,0.4979531456260785,0.5033877130762339,1,,,,,,,,,SYNTHETIC_GP3,0.4979531456260785,0.5033877130762339,0.5,0.5,normalised
29.566666666666663,,,0.5051982867989175,0.4948273853556501,1,,,,,,,,,SYNTHETIC_GP3,0.5051982867989175,0.4948273853556501,0.5,0.5,normalised
29.58333333333333,,,0.4976556695627409,0.5016953550479761,1,,,,,,,,,SYNTHETIC_GP3,0.4976556695627409,0.5016953550479761,0.5,0.5,normalised
29.6,,,0.5045014781843593,0.5004947602277601,1,,,,,,,,,SYNTHETIC_GP3,0.5045014781843593,0.5004947602277601,0.5,0.5,normalised
29.616666666666667,,,0.4998177384012357,0.4918090193036413,1,,,,,,,,,SYNTHETIC_GP3,0.4998177384012357,0.4918090193036413,0.5,0.5,normalised
29.633333333333333,,,0.4997218124485667,0.501011166397812,1,,,,,,,,,SYNTHETIC_GP3,0.4997218124485667,0.501011166397812,0.5,0.5,normalised
29.65,,,0.4999085881191327,0.4945867286237439,1,,,,,,,,,SYNTHETIC_GP3,0.4999085881191327,0.4945867286237439,0.5,0.5,normalised
29.666666666666668,,,0.4937076924011847,0.5070194601455721,1,,,,,,,,,SYNTHETIC_GP3,0.4937076924011847,0.5070194601455721,0.5,0.5,normalised
29.683333333333334,,,0.4949775151477188,0.4953174114439205,1,,,,,,,,,SYNTHETIC_GP3,0.4949775151477188,0.4953174114439205,0.5,0.5,normalised
29.7,,,0.501399636349674,0.502949493023827,1,,,,,,,,,SYNTHETIC_GP3,0.501399636349674,0.502949493023827,0.5,0.5,normalised
29.716666666666665,,,0.4977014788504512,0.4980251903169432,1,,,,,,,,,SYNTHETIC_GP3,0.4977014788504512,0.4980251903169432,0.5,0.5,normalised
29.73333333333333,,,0.5052885912688325,0.4948250409392118,1,,,,,,,,,SYNTHETIC_GP3,0.5052885912688325,0.4948250409392118,0.5,0.5,normalised
29.75,,,0.5066988928329597,0.5007899677226118,1,,,,,,,,,SYNTHETIC_GP3,0.5066988928329597,0.5007899677226118,0.5,0.5,normalised
29.766666666666666,,,0.4957609569087035,0.4937610472756051,1,,,,,,,,,SYNTHETIC_GP3,0.4957609569087035,0.4937610472756051,0.5,0.5,normalised
29.78333333333333,,,0.4959695182005724,0.4982063085159448,1,,,,,,,,,SYNTHETIC_GP3,0.4959695182005724,0.4982063085159448,0.5,0.5,normalised
29.8,,,0.5013200462178166,0.504698948675271,1,,,,,,,,,SYNTHETIC_GP3,0.5013200462178166,0.504698948675271,0.5,0.5,normalised
29.816666666666663,,,0.5097769695246286,0.4976559681344805,1,,,,,,,,,SYNTHETIC_GP3,0.5097769695246286,0.4976559681344805,0.5,0.5,normalised
29.83333333333333,,,0.4988404234927119,0.507919347971934,1,,,,,,,,,SYNTHETIC_GP3,0.4988404234927119,0.507919347971934,0.5,0.5,normalised
29.85,,,0.5039750804508317,0.5033010099823184,1,,,,,,,,,SYNTHETIC_GP3,0.5039750804508317,0.5033010099823184,0.5,0.5,normalised
29.866666666666667,,,0.4953651195972087,0.4929459057269017,1,,,,,,,,,SYNTHETIC_GP3,0.4953651195972087,0.4929459057269017,0.5,0.5,normalised
29.883333333333333,,,0.4983296164875105,0.5078623646189185,1,,,,,,,,,SYNTHETIC_GP3,0.4983296164875105,0.5078623646189185,0.5,0.5,normalised
29.9,,,0.5038869013605163,0.505865943407888,1,,,,,,,,,SYNTHETIC_GP3,0.5038869013605163,0.505865943407888,0.5,0.5,normalised
29.916666666666668,,,0.500972400804545,0.49116388238485,1,,,,,,,,,SYNTHETIC_GP3,0.500972400804545,0.49116388238485,0.5,0.5,normalised
29.933333333333334,,,0.5039334210415506,0.4978412266685066,1,,,,,,,,,SYNTHETIC_GP3,0.5039334210415506,0.4978412266685066,0.5,0.5,normalised
29.95,,,0.502425657071133,0.506420183277271,1,,,,,,,,,SYNTHETIC_GP3,0.502425657071133,0.506420183277271,0.5,0.5,normalised
29.966666666666665,,,0.5018675190700308,0.4987025916594998,1,,,,,,,,,SYNTHETIC_GP3,0.5018675190700308,0.4987025916594998,0.5,0.5,normalised
29.98333333333333,,,0.5017781595288922,0.4991836897442541,1,,,,,,,,,SYNTHETIC_GP3,0.5017781595288922,0.4991836897442541,0.5,0.5,normalised
30.0,,,0.507400311282712,0.4953994131491449,1,,,,,,,,,SYNTHETIC_GP3,0.507400311282712,0.4953994131491449,0.5,0.5,normalised
30.016666666666666,,,0.5016487883574485,0.4992055495026956,1,,,,,,,,,SYNTHETIC_GP3,0.5016487883574485,0.4992055495026956,0.5,0.5,normalised
30.03333333333333,,,0.5053492161816848,0.501136114066654,1,,,,,,,,,SYNTHETIC_GP3,0.5053492161816848,0.501136114066654,0.5,0.5,normalised
30.05,,,0.5008354814814328,0.5067262615179593,1,,,,,,,,,SYNTHETIC_GP3,0.5008354814814328,0.5067262615179593,0.5,0.5,normalised
30.066666666666663,,,0.502262057225169,0.4963474779924295,1,,,,,,,,,SYNTHETIC_GP3,0.502262057225169,0.4963474779924295,0.5,0.5,normalised
30.08333333333333,,,0.4975980923276328,0.499632370268993,1,,,,,,,,,SYNTHETIC_GP3,0.4975980923276328,0.499632370268993,0.5,0.5,normalised
30.1,,,0.4934921944580763,0.5059450430359225,1,,,,,,,,,SYNTHETIC_GP3,0.4934921944580763,0.5059450430359225,0.5,0.5,normalised
30.116666666666667,,,0.500178821349676,0.5013661380372044,1,,,,,,,,,SYNTHETIC_GP3,0.500178821349676,0.5013661380372044,0.5,0.5,normalised
30.133333333333333,,,0.5022587195726277,0.4940150399385064,1,,,,,,,,,SYNTHETIC_GP3,0.5022587195726277,0.4940150399385064,0.5,0.5,normalised
30.15,,,0.4999508966543266,0.5024874395770478,1,,,,,,,,,SYNTHETIC_GP3,0.4999508966543266,0.5024874395770478,0.5,0.5,normalised
30.166666666666668,,,0.504026763415843,0.5007055917444413,1,,,,,,,,,SYNTHETIC_GP3,0.504026763415843,0.5007055917444413,0.5,0.5,normalised
30.183333333333334,,,0.4986526149542473,0.4922553572399363,1,,,,,,,,,SYNTHETIC_GP3,0.4986526149542473,0.4922553572399363,0.5,0.5,normalised
30.2,,,0.4962706716241599,0.5047859159920718,1,,,,,,,,,SYNTHETIC_GP3,0.4962706716241599,0.5047859159920718,0.5,0.5,normalised
30.216666666666665,,,0.4959417693021243,0.4936221836687007,1,,,,,,,,,SYNTHETIC_GP3,0.4959417693021243,0.4936221836687007,0.5,0.5,normalised
30.23333333333333,,,0.5044524922010212,0.5039945995473168,1,,,,,,,,,SYNTHETIC_GP3,0.5044524922010212,0.5039945995473168,0.5,0.5,normalised
30.25,,,0.4985133287877913,0.500096876820594,1,,,,,,,,,SYNTHETIC_GP3,0.4985133287877913,0.500096876820594,0.5,0.5,normalised
30.266666666666666,,,0.5018433428089082,0.501861369632461,1,,,,,,,,,SYNTHETIC_GP3,0.5018433428089082,0.501861369632461,0.5,0.5,normalised
30.28333333333333,,,0.4961511357635832,0.4941474275395043,1,,,,,,,,,SYNTHETIC_GP3,0.4961511357635832,0.4941474275395043,0.5,0.5,normalised
30.3,,,,,0,,,,,,,,,SYNTHETIC_GP3,,,0.5,0.5,normalised
30.316666666666663,,,0.5016840042899527,0.499568621961614,1,,,,,,,,,SYNTHETIC_GP3,0.5016840042899527,0.499568621961614,0.5,0.5,normalised
30.33333333333333,,,0.5060723726906047,0.4966181499307449,1,,,,,,,,,SYNTHETIC_GP3,0.5060723726906047,0.4966181499307449,0.5,0.5,normalised
30.35,,,0.4974728274650137,0.4946433695836442,1,,,,,,,,,SYNTHETIC_GP3,0.4974728274650137,0.4946433695836442,0.5,0.5,normalised
30.366666666666667,,,0.495926825536509,0.4971724050020449,1,,,,,,,,,SYNTHETIC_GP3,0.495926825536509,0.4971724050020449,0.5,0.5,normalised
30.383333333333333,,,0.5016711755649628,0.4952971452923903,1,,,,,,,,,SYNTHETIC_GP3,0.5016711755649628,0.4952971452923903,0.5,0.5,normalised
30.4,,,0.5023269160480268,0.4995003654849922,1,,,,,,,,,SYNTHETIC_GP3,0.5023269160480268,0.4995003654849922,0.5,0.5,normalised
30.416666666666668,,,0.4999702690702065,0.4957704823868106,1,,,,,,,,,SYNTHETIC_GP3,0.4999702690702065,0.4957704823868106,0.5,0.5,normalised
30.433333333333334,,,0.5065769259929269,0.4859107327417619,1,,,,,,,,,SYNTHETIC_GP3,0.5065769259929269,0.4859107327417619,0.5,0.5,normalised
30.45,,,0.4948211864820979,0.5061827588546018,1,,,,,,,,,SYNTHETIC_GP3,0.4948211864820979,0.5061827588546018,0.5,0.5,normalised
30.466666666666665,,,0.4983971287207657,0.4990859747470221,1,,,,,,,,,SYNTHETIC_GP3,0.4983971287207657,0.4990859747470221,0.5,0.5,normalised
30.48333333333333,,,0.501690248154532,0.5015658674458502,1,,,,,,,,,SYNTHETIC_GP3,0.501690248154532,0.5015658674458502,0.5,0.5,normalised
30.5,,,0.4981786828754341,0.4906453547660577,1,,,,,,,,,SYNTHETIC_GP3,0.4981786828754341,0.4906453547660577,0.5,0.5,normalised
30.516666666666666,,,0.5030249582135352,0.4942824625854897,1,,,,,,,,,SYNTHETIC_GP3,0.5030249582135352,0.4942824625854897,0.5,0.5,normalised
30.53333333333333,,,0.5016990142904347,0.4990630195497658,1,,,,,,,,,SYNTHETIC_GP3,0.5016990142904347,0.4990630195497658,0.5,0.5,normalised
30.55,,,0.500681107443213,0.5081292127135212,1,,,,,,,,,SYNTHETIC_GP3,0.500681107443213,0.5081292127135212,0.5,0.5,normalised
30.566666666666663,,,0.5113219224269734,0.5006592823260146,1,,,,,,,,,SYNTHETIC_GP3,0.5113219224269734,0.5006592823260146,0.5,0.5,normalised
30.58333333333333,,,0.4977105917895592,0.4971583197211814,1,,,,,,,,,SYNTHETIC_GP3,0.4977105917895592,0.4971583197211814,0.5,0.5,normalised
30.6,,,0.5006264432199984,0.4997277882787403,1,,,,,,,,,SYNTHETIC_GP3,0.5006264432199984,0.4997277882787403,0.5,0.5,normalised
30.616666666666667,,,0.5036342821421255,0.4929451716312294,1,,,,,,,,,SYNTHETIC_GP3,0.5036342821421255,0.4929451716312294,0.5,0.5,normalised
30.633333333333333,,,0.4986667559729673,0.4944558422259153,1,,,,,,,,,SYNTHETIC_GP3,0.4986667559729673,0.4944558422259153,0.5,0.5,normalised
30.65,,,0.5022186596245924,0.502356359333171,1,,,,,,,,,SYNTHETIC_GP3,0.5022186596245924,0.502356359333171,0.5,0.5,normalised
30.666666666666668,,,0.5050954004854714,0.4992340075206302,1,,,,,,,,,SYNTHETIC_GP3,0.5050954004854714,0.4992340075206302,0.5,0.5,normalised
30.683333333333334,,,0.5025430512566046,0.4998190733516957,1,,,,,,,,,SYNTHETIC_GP3,0.5025430512566046,0.4998190733516957,0.5,0.5,normalised
30.7,,,0.5046481993095125,0.5040051564913536,1,,,,,,,,,SYNTHETIC_GP3,0.5046481993095125,0.5040051564913536,0.5,0.5,normalised
30.716666666666665,,,0.5001766647791805,0.4998174519698209,1,,,,,,,,,SYNTHETIC_GP3,0.5001766647791805,0.4998174519698209,0.5,0.5,normalised
30.73333333333333,,,0.5006327971026425,0.4925192442257781,1,,,,,,,,,SYNTHETIC_GP3,0.5006327971026425,0.4925192442257781,0.5,0.5,normalised
30.75,,,0.5093720651507645,0.505757552991226,1,,,,,,,,,SYNTHETIC_GP3,0.5093720651507645,0.505757552991226,0.5,0.5,normalised
30.766666666666666,,,0.5035765278700406,0.5018068600314033,1,,,,,,,,,SYNTHETIC_GP3,0.5035765278700406,0.5018068600314033,0.5,0.5,normalised
30.78333333333333,,,0.5055504923975015,0.5033910885762936,1,,,,,,,,,SYNTHETIC_GP3,0.5055504923975015,0.5033910885762936,0.5,0.5,normalised
30.8,,,0.4990728639376726,0.4966843575563709,1,,,,,,,,,SYNTHETIC_GP3,0.4990728639376726,0.4966843575563709,0.5,0.5,normalised
30.816666666666663,,,0.5008129053512897,0.5009887981854287,1,,,,,,,,,SYNTHETIC_GP3,0.5008129053512897,0.5009887981854287,0.5,0.5,normalised
30.83333333333333,,,0.5063465393141523,0.5055831495450672,1,,,,,,,,,SYNTHETIC_GP3,0.5063465393141523,0.5055831495450672,0.5,0.5,normalised
30.85,,,0.5020598314419403,0.4964754633248086,1,,,,,,,,,SYNTHETIC_GP3,0.5020598314419403,0.4964754633248086,0.5,0.5,normalised
30.866666666666667,,,0.496721983740309,0.5025062001063564,1,,,,,,,,,SYNTHETIC_GP3,0.496721983740309,0.5025062001063564,0.5,0.5,normalised
30.883333333333333,,,0.4980958864862728,0.5049836394775542,1,,,,,,,,,SYNTHETIC_GP3,0.4980958864862728,0.5049836394775542,0.5,0.5,normalised
30.9,,,0.5014260166408699,0.5069012742950414,1,,,,,,,,,SYNTHETIC_GP3,0.5014260166408699,0.5069012742950414,0.5,0.5,normalised
30.916666666666668,,,0.5079773564343026,0.494082619976034,1,,,,,,,,,SYNTHETIC_GP3,0.5079773564343026,0.494082619976034,0.5,0.5,normalised
30.933333333333334,,,0.50383733119952,0.4945168275418635,1,,,,,,,,,SYNTHETIC_GP3,0.50383733119952,0.4945168275418635,0.5,0.5,normalised
30.95,,,0.4986532399803784,0.4956926095745526,1,,,,,,,,,SYNTHETIC_GP3,0.4986532399803784,0.4956926095745526,0.5,0.5,normalised
30.966666666666665,,,0.5016387553710214,0.4989921067180714,1,,,,,,,,,SYNTHETIC_GP3,0.5016387553710214,0.4989921067180714,0.5,0.5,normalised
30.98333333333333,,,0.5019713782050015,0.4985003062741084,1,,,,,,,,,SYNTHETIC_GP3,0.5019713782050015,0.4985003062741084,0.5,0.5,normalised
31.0,,,0.4950217505420263,0.4995751562663267,1,,,,,,,,,SYNTHETIC_GP3,0.4950217505420263,0.4995751562663267,0.5,0.5,normalised
31.016666666666666,,,0.5015867415052087,0.5010096570576741,1,,,,,,,,,SYNTHETIC_GP3,0.5015867415052087,0.5010096570576741,0.5,0.5,normalised
31.03333333333333,,,0.500320502790201,0.49577062443705,1,,,,,,,,,SYNTHETIC_GP3,0.500320502790201,0.49577062443705,0.5,0.5,normalised
31.05,,,0.5011201540084134,0.5014319944918404,1,,,,,,,,,SYNTHETIC_GP3,0.5011201540084134,0.5014319944918404,0.5,0.5,normalised
31.066666666666663,,,0.4981440817029969,0.4944409817195776,1,,,,,,,,,SYNTHETIC_GP3,0.4981440817029969,0.4944409817195776,0.5,0.5,normalised
31.08333333333333,,,0.5032262250916751,0.4982242893249036,1,,,,,,,,,SYNTHETIC_GP3,0.5032262250916751,0.4982242893249036,0.5,0.5,normalised
31.1,,,0.5000748215120966,0.4929901565399372,1,,,,,,,,,SYNTHETIC_GP3,0.5000748215120966,0.4929901565399372,0.5,0.5,normalised
31.116666666666667,,,0.4986357903524984,0.5059482721010607,1,,,,,,,,,SYNTHETIC_GP3,0.4986357903524984,0.5059482721010607,0.5,0.5,normalised
31.133333333333333,,,0.5091435039885854,0.4879836606494213,1,,,,,,,,,SYNTHETIC_GP3,0.5091435039885854,0.4879836606494213,0.5,0.5,normalised
31.15,,,0.5002333707598214,0.4966436161915836,1,,,,,,,,,SYNTHETIC_GP3,0.5002333707598214,0.4966436161915836,0.5,0.5,normalised
31.166666666666668,,,0.4962682452599984,0.4927235394139163,1,,,,,,,,,SYNTHETIC_GP3,0.4962682452599984,0.4927235394139163,0.5,0.5,normalised
31.183333333333334,,,0.5066153701694536,0.5013372873886007,1,,,,,,,,,SYNTHETIC_GP3,0.5066153701694536,0.5013372873886007,0.5,0.5,normalised
31.2,,,0.5073799034781977,0.5017833868783019,1,,,,,,,,,SYNTHETIC_GP3,0.5073799034781977,0.5017833868783019,0.5,0.5,normalised
31.216666666666665,,,0.4978701560985892,0.498131793912184,1,,,,,,,,,SYNTHETIC_GP3,0.4978701560985892,0.498131793912184,0.5,0.5,normalised
31.23333333333333,,,0.4999959964831122,0.4944226070612003,1,,,,,,,,,SYNTHETIC_GP3,0.4999959964831122,0.4944226070612003,0.5,0.5,normalised
31.25,,,0.5010099319113218,0.4928044028727481,1,,,,,,,,,SYNTHETIC_GP3,0.5010099319113218,0.4928044028727481,0.5,0.5,normalised
31.266666666666666,,,0.5001118120092173,0.495627487262437,1,,,,,,,,,SYNTHETIC_GP3,0.5001118120092173,0.495627487262437,0.5,0.5,normalised
31.28333333333333,,,0.4961784267462384,0.4991482765499518,1,,,,,,,,,SYNTHETIC_GP3,0.4961784267462384,0.4991482765499518,0.5,0.5,normalised
31.3,,,0.4973957102366201,0.5041884614089212,1,,,,,,,,,SYNTHETIC_GP3,0.4973957102366201,0.5041884614089212,0.5,0.5,normalised
31.316666666666663,,,0.5102682568036956,0.5009930501749615,1,,,,,,,,,SYNTHETIC_GP3,0.5102682568036956,0.5009930501749615,0.5,0.5,normalised
31.33333333333333,,,0.4992694186802013,0.5037523533702477,1,,,,,,,,,SYNTHETIC_GP3,0.4992694186802013,0.5037523533702477,0.5,0.5,normalised
31.35,,,0.4995767768797841,0.4988136355270375,1,,,,,,,,,SYNTHETIC_GP3,0.4995767768797841,0.4988136355270375,0.5,0.5,normalised
31.366666666666667,,,0.5047959841196844,0.4985421308203107,1,,,,,,,,,SYNTHETIC_GP3,0.5047959841196844,0.4985421308203107,0.5,0.5,normalised
31.383333333333333,,,0.4997775222525506,0.5006871680577853,1,,,,,,,,,SYNTHETIC_GP3,0.4997775222525506,0.5006871680577853,0.5,0.5,normalised
31.4,,,0.499014578154167,0.500263884080885,1,,,,,,,,,SYNTHETIC_GP3,0.499014578154167,0.500263884080885,0.5,0.5,normalised
31.416666666666668,,,0.497504352659288,0.4962613667622517,1,,,,,,,,,SYNTHETIC_GP3,0.497504352659288,0.4962613667622517,0.5,0.5,normalised
31.433333333333334,,,0.5038184346222001,0.5019324038708651,1,,,,,,,,,SYNTHETIC_GP3,0.5038184346222001,0.5019324038708651,0.5,0.5,normalised
31.45,,,0.5025026970598419,0.5004875373330259,1,,,,,,,,,SYNTHETIC_GP3,0.5025026970598419,0.5004875373330259,0.5,0.5,normalised
31.466666666666665,,,0.50616741972974,0.4966258877911823,1,,,,,,,,,SYNTHETIC_GP3,0.50616741972974,0.4966258877911823,0.5,0.5,normalised
31.48333333333333,,,0.499977918135749,0.5014870032573505,1,,,,,,,,,SYNTHETIC_GP3,0.499977918135749,0.5014870032573505,0.5,0.5,normalised
31.5,,,0.5068929138008792,0.4969260945528042,1,,,,,,,,,SYNTHETIC_GP3,0.5068929138008792,0.4969260945528042,0.5,0.5,normalised
31.516666666666666,,,0.5022920461898076,0.4983355423287661,1,,,,,,,,,SYNTHETIC_GP3,0.5022920461898076,0.4983355423287661,0.5,0.5,normalised
31.53333333333333,,,0.4995627835737213,0.4972386627192476,1,,,,,,,,,SYNTHETIC_GP3,0.4995627835737213,0.4972386627192476,0.5,0.5,normalised
31.55,,,0.5035153884538898,0.4992786788112719,1,,,,,,,,,SYNTHETIC_GP3,0.5035153884538898,0.4992786788112719,0.5,0.5,normalised
31.566666666666663,,,0.5030763140306472,0.5025419709595483,1,,,,,,,,,SYNTHETIC_GP3,0.5030763140306472,0.5025419709595483,0.5,0.5,normalised
31.58333333333333,,,0.5027920001836912,0.4938398387484093,1,,,,,,,,,SYNTHETIC_GP3,0.5027920001836912,0.4938398387484093,0.5,0.5,normalised
31.6,,,0.4986722954579087,0.5008488891501861,1,,,,,,,,,SYNTHETIC_GP3,0.4986722954579087,0.5008488891501861,0.5,0.5,normalised
31.616666666666667,,,0.50128864117952,0.4981252298707084,1,,,,,,,,,SYNTHETIC_GP3,0.50128864117952,0.4981252298707084,0.5,0.5,normalised
31.633333333333333,,,0.5009072940537707,0.4961727577967249,1,,,,,,,,,SYNTHETIC_GP3,0.5009072940537707,0.4961727577967249,0.5,0.5,normalised
31.65,,,0.5046198258738666,0.494134319436147,1,,,,,,,,,SYNTHETIC_GP3,0.5046198258738666,0.494134319436147,0.5,0.5,normalised
31.666666666666668,,,0.5068291589176916,0.5017862263840926,1,,,,,,,,,SYNTHETIC_GP3,0.5068291589176916,0.5017862263840926,0.5,0.5,normalised
31.683333333333334,,,0.505019898793003,0.4976745221511928,1,,,,,,,,,SYNTHETIC_GP3,0.505019898793003,0.4976745221511928,0.5,0.5,normalised
31.7,,,0.5046830103420102,0.500142308696475,1,,,,,,,,,SYNTHETIC_GP3,0.5046830103420102,0.500142308696475,0.5,0.5,normalised
31.716666666666665,,,0.5061134335913106,0.5004270164915995,1,,,,,,,,,SYNTHETIC_GP3,0.5061134335913106,0.5004270164915995,0.5,0.5,normalised
31.73333333333333,,,0.506629028274685,0.505312877620969,1,,,,,,,,,SYNTHETIC_GP3,0.506629028274685,0.505312877620969,0.5,0.5,normalised
31.75,,,0.5001448265974449,0.5051382842508003,1,,,,,,,,,SYNTHETIC_GP3,0.5001448265974449,0.5051382842508003,0.5,0.5,normalised
31.766666666666666,,,0.4970404081746713,0.5028660506207994,1,,,,,,,,,SYNTHETIC_GP3,0.4970404081746713,0.5028660506207994,0.5,0.5,normalised
31.78333333333333,,,0.502344670160905,0.5030898133859577,1,,,,,,,,,SYNTHETIC_GP3,0.502344670160905,0.5030898133859577,0.5,0.5,normalised
31.8,,,0.5077422281680156,0.5081306008028267,1,,,,,,,,,SYNTHETIC_GP3,0.5077422281680156,0.5081306008028267,0.5,0.5,normalised
31.816666666666663,,,0.4966908499931858,0.5009285502194547,1,,,,,,,,,SYNTHETIC_GP3,0.4966908499931858,0.5009285502194547,0.5,0.5,normalised
31.83333333333333,,,0.4978753010368641,0.5020444170805185,1,,,,,,,,,SYNTHETIC_GP3,0.4978753010368641,0.5020444170805185,0.5,0.5,normalised
31.85,,,0.501955080478414,0.5016751055047135,1,,,,,,,,,SYNTHETIC_GP3,0.501955080478414,0.5016751055047135,0.5,0.5,normalised
31.866666666666667,,,0.4994941684276356,0.4967310915678345,1,,,,,,,,,SYNTHETIC_GP3,0.4994941684276356,0.4967310915678345,0.5,0.5,normalised
31.883333333333333,,,0.50568372395052,0.4995901942868301,1,,,,,,,,,SYNTHETIC_GP3,0.50568372395052,0.4995901942868301,0.5,0.5,normalised
31.9,,,0.5020269379002403,0.4999168959053416,1,,,,,,,,,SYNTHETIC_GP3,0.5020269379002403,0.4999168959053416,0.5,0.5,normalised
31.916666666666668,,,0.5050818598187038,0.5001475483823131,1,,,,,,,,,SYNTHETIC_GP3,0.5050818598187038,0.5001475483823131,0.5,0.5,normalised
31.933333333333334,,,0.5029133054933895,0.5001562212943835,1,,,,,,,,,SYNTHETIC_GP3,0.5029133054933895,0.5001562212943835,0.5,0.5,normalised
31.95,,,0.5033406939467714,0.4990644718453683,1,,,,,,,,,SYNTHETIC_GP3,0.5033406939467714,0.4990644718453683,0.5,0.5,normalised
31.966666666666665,,,0.4970079804463991,0.5022729176712261,1,,,,,,,,,SYNTHETIC_GP3,0.4970079804463991,0.5022729176712261,0.5,0.5,normalised
31.98333333333333,,,,,0,,,,,,,,,SYNTHETIC_GP3,,,0.5,0.5,normalised
32.0,,,0.4938625233979195,0.5011738144652923,1,,,,,,,,,SYNTHETIC_GP3,0.4938625233979195,0.5011738144652923,0.5,0.5,normalised
32.016666666666666,,,0.4986380460277542,0.4963776166417821,1,,,,,,,,,SYNTHETIC_GP3,0.4986380460277542,0.4963776166417821,0.5,0.5,normalised
32.03333333333333,,,0.4995297216486286,0.4909850534525606,1,,,,,,,,,SYNTHETIC_GP3,0.4995297216486286,0.4909850534525606,0.5,0.5,normalised
32.05,,,0.5030916411699077,0.4933483573697551,1,,,,,,,,,SYNTHETIC_GP3,0.5030916411699077,0.4933483573697551,0.5,0.5,normalised
32.06666666666666,,,0.4971178187270292,0.4990528725528534,1,,,,,,,,,SYNTHETIC_GP3,0.4971178187270292,0.4990528725528534,0.5,0.5,normalised
32.083333333333336,,,0.5088273606362858,0.5020516188769174,1,,,,,,,,,SYNTHETIC_GP3,0.5088273606362858,0.5020516188769174,0.5,0.5,normalised
32.1,,,0.5066024198053936,0.4972435231658714,1,,,,,,,,,SYNTHETIC_GP3,0.5066024198053936,0.4972435231658714,0.5,0.5,normalised
32.11666666666667,,,0.4976558866434248,0.4988238596561393,1,,,,,,,,,SYNTHETIC_GP3,0.4976558866434248,0.4988238596561393,0.5,0.5,normalised
32.13333333333333,,,0.4943697419344612,0.5011947067778535,1,,,,,,,,,SYNTHETIC_GP3,0.4943697419344612,0.5011947067778535,0.5,0.5,normalised
32.15,,,0.495321759748706,0.4978551724695911,1,,,,,,,,,SYNTHETIC_GP3,0.495321759748706,0.4978551724695911,0.5,0.5,normalised
32.166666666666664,,,0.5029578280785387,0.5016419206144699,1,,,,,,,,,SYNTHETIC_GP3,0.5029578280785387,0.5016419206144699,0.5,0.5,normalised
32.18333333333333,,,0.4967828544284562,0.504992405280713,1,,,,,,,,,SYNTHETIC_GP3,0.4967828544284562,0.504992405280713,0.5,0.5,normalised
32.2,,,0.5005668362465967,0.5039010583636077,1,,,,,,,,,SYNTHETIC_GP3,0.5005668362465967,0.5039010583636077,0.5,0.5,normalised
32.21666666666667,,,0.5039781193884101,0.4963403295917475,1,,,,,,,,,SYNTHETIC_GP3,0.5039781193884101,0.4963403295917475,0.5,0.5,normalised
32.233333333333334,,,0.5032970903136643,0.4950283225108271,1,,,,,,,,,SYNTHETIC_GP3,0.5032970903136643,0.4950283225108271,0.5,0.5,normalised
32.25,,,0.5046734076105639,0.5070325124644482,1,,,,,,,,,SYNTHETIC_GP3,0.5046734076105639,0.5070325124644482,0.5,0.5,normalised
32.266666666666666,,,0.4965841992179133,0.5041045412320021,1,,,,,,,,,SYNTHETIC_GP3,0.4965841992179133,0.5041045412320021,0.5,0.5,normalised
32.28333333333333,,,0.5043713062335885,0.5051523607506239,1,,,,,,,,,SYNTHETIC_GP3,0.5043713062335885,0.5051523607506239,0.5,0.5,normalised
32.3,,,0.5045033967213479,0.5006271128555091,1,,,,,,,,,SYNTHETIC_GP3,0.5045033967213479,0.5006271128555091,0.5,0.5,normalised
32.31666666666666,,,0.5055389665328904,0.4970562447592641,1,,,,,,,,,SYNTHETIC_GP3,0.5055389665328904,0.4970562447592641,0.5,0.5,normalised
32.333333333333336,,,0.5050479020344232,0.5022552096701403,1,,,,,,,,,SYNTHETIC_GP3,0.5050479020344232,0.5022552096701403,0.5,0.5,normalised
32.35,,,0.4966487751177046,0.4951349561700129,1,,,,,,,,,SYNTHETIC_GP3,0.4966487751177046,0.4951349561700129,0.5,0.5,normalised
32.36666666666667,,,0.4919847264763343,0.498407011747273,1,,,,,,,,,SYNTHETIC_GP3,0.4919847264763343,0.498407011747273,0.5,0.5,normalised
32.38333333333333,,,0.5032132329134335,0.5016426445824418,1,,,,,,,,,SYNTHETIC_GP3,0.5032132329134335,0.5016426445824418,0.5,0.5,normalised
32.4,,,0.5081394941244675,0.5003209457493694,1,,,,,,,,,SYNTHETIC_GP3,0.5081394941244675,0.5003209457493694,0.5,0.5,normalised
32.416666666666664,,,0.4986726212924405,0.4961911732552685,1,,,,,,,,,SYNTHETIC_GP3,0.4986726212924405,0.4961911732552685,0.5,0.5,normalised
32.43333333333333,,,0.4986299385839678,0.5016072841929742,1,,,,,,,,,SYNTHETIC_GP3,0.4986299385839678,0.5016072841929742,0.5,0.5,normalised
32.45,,,0.5024539666990718,0.4984002988869908,1,,,,,,,,,SYNTHETIC_GP3,0.5024539666990718,0.4984002988869908,0.5,0.5,normalised
32.46666666666667,,,0.5060863802910704,0.5022759015956572,1,,,,,,,,,SYNTHETIC_GP3,0.5060863802910704,0.5022759015956572,0.5,0.5,normalised
32.483333333333334,,,0.5046973973151525,0.4983651087638767,1,,,,,,,,,SYNTHETIC_GP3,0.5046973973151525,0.4983651087638767,0.5,0.5,normalised
32.5,,,0.4970343398233018,0.4990741937196792,1,,,,,,,,,SYNTHETIC_GP3,0.4970343398233018,0.4990741937196792,0.5,0.5,normalised
32.516666666666666,,,0.5000269089409242,0.4954225917188879,1,,,,,,,,,SYNTHETIC_GP3,0.5000269089409242,0.4954225917188879,0.5,0.5,normalised
32.53333333333333,,,0.4995143242457701,0.5068599335533782,1,,,,,,,,,SYNTHETIC_GP3,0.4995143242457701,0.5068599335533782,0.5,0.5,normalised
32.55,,,0.5040632554984105,0.5056939670687793,1,,,,,,,,,SYNTHETIC_GP3,0.5040632554984105,0.5056939670687793,0.5,0.5,normalised
32.56666666666666,,,0.5047922913136534,0.4961270454421813,1,,,,,,,,,SYNTHETIC_GP3,0.5047922913136534,0.4961270454421813,0.5,0.5,normalised
32.583333333333336,,,0.4982452724022922,0.4975841671771923,1,,,,,,,,,SYNTHETIC_GP3,0.4982452724022922,0.4975841671771923,0.5,0.5,normalised
32.6,,,0.4985366046704538,0.5043217678125248,1,,,,,,,,,SYNTHETIC_GP3,0.4985366046704538,0.5043217678125248,0.5,0.5,normalised
32.61666666666667,,,0.5029288856144442,0.4948906155097698,1,,,,,,,,,SYNTHETIC_GP3,0.5029288856144442,0.4948906155097698,0.5,0.5,normalised
32.63333333333333,,,0.5009076652547949,0.5035085436462876,1,,,,,,,,,SYNTHETIC_GP3,0.5009076652547949,0.5035085436462876,0.5,0.5,normalised
32.65,,,0.4987045484249612,0.5027718503087872,1,,,,,,,,,SYNTHETIC_GP3,0.4987045484249612,0.5027718503087872,0.5,0.5,normalised
32.666666666666664,,,0.4999754308896806,0.4977197210048118,1,,,,,,,,,SYNTHETIC_GP3,0.4999754308896806,0.4977197210048118,0.5,0.5,normalised
32.68333333333333,,,0.5041967428866941,0.5038530423934963,1,,,,,,,,,SYNTHETIC_GP3,0.5041967428866941,0.5038530423934963,0.5,0.5,normalised
32.7,,,0.500376815375248,0.5009331071626365,1,,,,,,,,,SYNTHETIC_GP3,0.500376815375248,0.5009331071626365,0.5,0.5,normalised
32.71666666666667,,,0.5013041467527124,0.5000976821035102,1,,,,,,,,,SYNTHETIC_GP3,0.5013041467527124,0.5000976821035102,0.5,0.5,normalised
32.733333333333334,,,0.4986892106529632,0.5006686983851819,1,,,,,,,,,SYNTHETIC_GP3,0.4986892106529632,0.5006686983851819,0.5,0.5,normalised
32.75,,,0.5041675191049414,0.5004245271952276,1,,,,,,,,,SYNTHETIC_GP3,0.5041675191049414,0.5004245271952276,0.5,0.5,normalised
32.766666666666666,,,0.4997161977700254,0.4949625650430917,1,,,,,,,,,SYNTHETIC_GP3,0.4997161977700254,0.4949625650430917,0.5,0.5,normalised
32.78333333333333,,,0.5028432908697755,0.4997524697986356,1,,,,,,,,,SYNTHETIC_GP3,0.5028432908697755,0.4997524697986356,0.5,0.5,normalised
32.8,,,0.5024715251153128,0.4986746772382031,1,,,,,,,,,SYNTHETIC_GP3,0.5024715251153128,0.4986746772382031,0.5,0.5,normalised
32.81666666666666,,,0.5002385931418716,0.4984278544604181,1,,,,,,,,,SYNTHETIC_GP3,0.5002385931418716,0.4984278544604181,0.5,0.5,normalised
32.833333333333336,,,0.4984525637788388,0.50117078011912,1,,,,,,,,,SYNTHETIC_GP3,0.4984525637788388,0.50117078011912,0.5,0.5,normalised
32.85,,,0.5014849507834469,0.4980465562399802,1,,,,,,,,,SYNTHETIC_GP3,0.5014849507834469,0.4980465562399802,0.5,0.5,normalised
32.86666666666667,,,0.5005647987824214,0.5000876357510142,1,,,,,,,,,SYNTHETIC_GP3,0.5005647987824214,0.5000876357510142,0.5,0.5,normalised
32.88333333333333,,,0.5058471510961989,0.5018381962732511,1,,,,,,,,,SYNTHETIC_GP3,0.5058471510961989,0.5018381962732511,0.5,0.5,normalised
32.9,,,0.4984058830336514,0.4964993421273738,1,,,,,,,,,SYNTHETIC_GP3,0.4984058830336514,0.4964993421273738,0.5,0.5,normalised
32.916666666666664,,,0.5048282565463892,0.4989865258699521,1,,,,,,,,,SYNTHETIC_GP3,0.5048282565463892,0.4989865258699521,0.5,0.5,normalised
32.93333333333333,,,0.5066335346353743,0.4957234519050067,1,,,,,,,,,SYNTHETIC_GP3,0.5066335346353743,0.4957234519050067,0.5,0.5,normalised
32.95,,,0.5044389954598312,0.4983612647714264,1,,,,,,,,,SYNTHETIC_GP3,0.5044389954598312,0.4983612647714264,0.5,0.5,normalised
32.96666666666667,,,0.5047901680498489,0.5024682634271106,1,,,,,,,,,SYNTHETIC_GP3,0.5047901680498489,0.5024682634271106,0.5,0.5,normalised
32.983333333333334,,,0.500811700308452,0.5011650670199809,1,,,,,,,,,SYNTHETIC_GP3,0.500811700308452,0.5011650670199809,0.5,0.5,normalised
33.0,,,0.1536410157590918,0.8423532100816677,1,,,,,,,,,SYNTHETIC_GP3,0.1536410157590918,0.8423532100816677,0.15,0.85,normalised
33.016666666666666,,,0.1536796927129073,0.8456411395748775,1,,,,,,,,,SYNTHETIC_GP3,0.1536796927129073,0.8456411395748775,0.15,0.85,normalised
33.03333333333333,,,0.1454167827591321,0.850760397470909,1,,,,,,,,,SYNTHETIC_GP3,0.1454167827591321,0.850760397470909,0.15,0.85,normalised
33.05,,,0.1505664860588672,0.8385508046681303,1,,,,,,,,,SYNTHETIC_GP3,0.1505664860588672,0.8385508046681303,0.15,0.85,normalised
33.06666666666666,,,0.1470424531462476,0.8474590356596198,1,,,,,,,,,SYNTHETIC_GP3,0.1470424531462476,0.8474590356596198,0.15,0.85,normalised
33.083333333333336,,,0.1444326436294531,0.8447276889112706,1,,,,,,,,,SYNTHETIC_GP3,0.1444326436294531,0.8447276889112706,0.15,0.85,normalised
33.1,,,0.1518006444693427,0.8489723952533983,1,,,,,,,,,SYNTHETIC_GP3,0.1518006444693427,0.8489723952533983,0.15,0.85,normalised
33.11666666666667,,,0.1536517304713134,0.8403838336357791,1,,,,,,,,,SYNTHETIC_GP3,0.1536517304713134,0.8403838336357791,0.15,0.85,normalised
33.13333333333333,,,0.1492464464340635,0.8475621390451897,1,,,,,,,,,SYNTHETIC_GP3,0.1492464464340635,0.8475621390451897,0.15,0.85,normalised
33.15,,,0.1539798438133776,0.8485686316348668,1,,,,,,,,,SYNTHETIC_GP3,0.1539798438133776,0.8485686316348668,0.15,0.85,normalised
33.166666666666664,,,0.1542014385354876,0.841857711887767,1,,,,,,,,,SYNTHETIC_GP3,0.1542014385354876,0.841857711887767,0.15,0.85,normalised
33.18333333333333,,,0.1523108157162725,0.8509294855304826,1,,,,,,,,,SYNTHETIC_GP3,0.1523108157162725,0.8509294855304826,0.15,0.85,normalised
33.2,,,0.1499549327714925,0.8503519723184447,1,,,,,,,,,SYNTHETIC_GP3,0.1499549327714925,0.8503519723184447,0.15,0.85,normalised
33.21666666666667,,,0.154632175725592,0.8517566832635135,1,,,,,,,,,SYNTHETIC_GP3,0.154632175725592,0.8517566832635135,0.15,0.85,normalised
33.233333333333334,,,0.1590003986636429,0.8447181510020538,1,,,,,,,,,SYNTHETIC_GP3,0.1590003986636429,0.8447181510020538,0.15,0.85,normalised
33.25,,,0.1437590615196878,0.8500923179327434,1,,,,,,,,,SYNTHETIC_GP3,0.1437590615196878,0.8500923179327434,0.15,0.85,normalised
33.266666666666666,,,0.1548766864550727,0.8485332125945364,1,,,,,,,,,SYNTHETIC_GP3,0.1548766864550727,0.8485332125945364,0.15,0.85,normalised
33.28333333333333,,,0.1473443744751077,0.8521714239538003,1,,,,,,,,,SYNTHETIC_GP3,0.1473443744751077,0.8521714239538003,0.15,0.85,normalised
33.3,,,0.1553520755323521,0.8514874916337087,1,,,,,,,,,SYNTHETIC_GP3,0.1553520755323521,0.8514874916337087,0.15,0.85,normalised
33.31666666666666,,,0.1559507858258019,0.8467603104433316,1,,,,,,,,,SYNTHETIC_GP3,0.1559507858258019,0.8467603104433316,0.15,0.85,normalised
33.333333333333336,,,0.1503598516100515,0.849381541620343,1,,,,,,,,,SYNTHETIC_GP3,0.1503598516100515,0.849381541620343,0.15,0.85,normalised
33.35,,,0.1502561507661906,0.851437874953849,1,,,,,,,,,SYNTHETIC_GP3,0.1502561507661906,0.851437874953849,0.15,0.85,normalised
33.36666666666667,,,0.1519131219502895,0.8483781643857654,1,,,,,,,,,SYNTHETIC_GP3,0.1519131219502895,0.8483781643857654,0.15,0.85,normalised
33.38333333333333,,,0.1524732927300526,0.8520758397316495,1,,,,,,,,,SYNTHETIC_GP3,0.1524732927300526,0.8520758397316495,0.15,0.85,normalised
33.4,,,0.151187925735153,0.850458238373825,1,,,,,,,,,SYNTHETIC_GP3,0.151187925735153,0.850458238373825,0.15,0.85,normalised
33.416666666666664,,,0.1565524509006786,0.8498191889575232,1,,,,,,,,,SYNTHETIC_GP3,0.1565524509006786,0.8498191889575232,0.15,0.85,normalised
33.43333333333333,,,0.1457253540481619,0.8468109596007399,1,,,,,,,,,SYNTHETIC_GP3,0.1457253540481619,0.8468109596007399,0.15,0.85,normalised
33.45,,,0.1499879641618301,0.8457373761738397,1,,,,,,,,,SYNTHETIC_GP3,0.1499879641618301,0.8457373761738397,0.15,0.85,normalised
33.46666666666667,,,0.154602434042861,0.841057174818895,1,,,,,,,,,SYNTHETIC_GP3,0.154602434042861,0.841057174818895,0.15,0.85,normalised
33.483333333333334,,,0.1508494704455873,0.841158665554411,1,,,,,,,,,SYNTHETIC_GP3,0.1508494704455873,0.841158665554411,0.15,0.85,normalised
33.5,,,0.1510050462349867,0.8435559686759336,1,,,,,,,,,SYNTHETIC_GP3,0.1510050462349867,0.8435559686759336,0.15,0.85,normalised
33.516666666666666,,,0.1507917084111316,0.8492474729621758,1,,,,,,,,,SYNTHETIC_GP3,0.1507917084111316,0.8492474729621758,0.15,0.85,normalised
33.53333333333333,,,0.1558049586417162,0.8459333385841326,1,,,,,,,,,SYNTHETIC_GP3,0.1558049586417162,0.8459333385841326,0.15,0.85,normalised
33.55,,,0.154776723680959,0.8476295451330723,1,,,,,,,,,SYNTHETIC_GP3,0.154776723680959,0.8476295451330723,0.15,0.85,normalised
33.56666666666666,,,0.1466957179219133,0.8497035143851825,1,,,,,,,,,SYNTHETIC_GP3,0.1466957179219133,0.8497035143851825,0.15,0.85,normalised
33.583333333333336,,,0.1474470167279584,0.8394278001196319,1,,,,,,,,,SYNTHETIC_GP3,0.1474470167279584,0.8394278001196319,0.15,0.85,normalised
33.6,,,0.1503406154411563,0.848042719981553,1,,,,,,,,,SYNTHETIC_GP3,0.1503406154411563,0.848042719981553,0.15,0.85,normalised
33.61666666666667,,,0.151447662658705,0.8567234822715807,1,,,,,,,,,SYNTHETIC_GP3,0.151447662658705,0.8567234822715807,0.15,0.85,normalised
33.63333333333333,,,0.1556262327042149,0.8484283304689245,1,,,,,,,,,SYNTHETIC_GP3,0.1556262327042149,0.8484283304689245,0.15,0.85,normalised
33.65,,,0.1515313551506181,0.8455756523197511,1,,,,,,,,,SYNTHETIC_GP3,0.1515313551506181,0.8455756523197511,0.15,0.85,normalised
33.666666666666664,,,,,0,,,,,,,,,SYNTHETIC_GP3,,,0.15,0.85,normalised
33.68333333333333,,,0.1594608779155075,0.8441443286990216,1,,,,,,,,,SYNTHETIC_GP3,0.1594608779155075,0.8441443286990216,0.15,0.85,normalised
33.7,,,0.1485286793439733,0.8499345221303243,1,,,,,,,,,SYNTHETIC_GP3,0.1485286793439733,0.8499345221303243,0.15,0.85,normalised
33.71666666666667,,,0.1526868356208801,0.8571228214294927,1,,,,,,,,,SYNTHETIC_GP3,0.1526868356208801,0.8571228214294927,0.15,0.85,normalised
33.733333333333334,,,0.1561311779776434,0.8567975729168443,1,,,,,,,,,SYNTHETIC_GP3,0.1561311779776434,0.8567975729168443,0.15,0.85,normalised
33.75,,,0.1529473805714054,0.8414437607784309,1,,,,,,,,,SYNTHETIC_GP3,0.1529473805714054,0.8414437607784309,0.15,0.85,normalised
33.766666666666666,,,0.1533938454383784,0.8469200617479928,1,,,,,,,,,SYNTHETIC_GP3,0.1533938454383784,0.8469200617479928,0.15,0.85,normalised
33.78333333333333,,,0.1501915720844624,0.8519071944508286,1,,,,,,,,,SYNTHETIC_GP3,0.1501915720844624,0.8519071944508286,0.15,0.85,normalised
33.8,,,0.1498154432124566,0.8468072272424901,1,,,,,,,,,SYNTHETIC_GP3,0.1498154432124566,0.8468072272424901,0.15,0.85,normalised
33.81666666666666,,,0.152844773958621,0.8570218221902511,1,,,,,,,,,SYNTHETIC_GP3,0.152844773958621,0.8570218221902511,0.15,0.85,normalised
33.833333333333336,,,0.1560117961665192,0.8448827649473142,1,,,,,,,,,SYNTHETIC_GP3,0.1560117961665192,0.8448827649473142,0.15,0.85,normalised
33.85,,,0.1478281316178378,0.8519513504319026,1,,,,,,,,,SYNTHETIC_GP3,0.1478281316178378,0.8519513504319026,0.15,0.85,normalised
33.86666666666667,,,0.1514630721481791,0.8476727663174679,1,,,,,,,,,SYNTHETIC_GP3,0.1514630721481791,0.8476727663174679,0.15,0.85,normalised
33.88333333333333,,,0.1592399555380057,0.8457993147796861,1,,,,,,,,,SYNTHETIC_GP3,0.1592399555380057,0.8457993147796861,0.15,0.85,normalised
33.9,,,0.1512584067274108,0.8407199719527136,1,,,,,,,,,SYNTHETIC_GP3,0.1512584067274108,0.8407199719527136,0.15,0.85,normalised
33.916666666666664,,,0.1527096968879044,0.8494827484728448,1,,,,,,,,,SYNTHETIC_GP3,0.1527096968879044,0.8494827484728448,0.15,0.85,normalised
33.93333333333333,,,0.1552432265065908,0.8523533649808354,1,,,,,,,,,SYNTHETIC_GP3,0.1552432265065908,0.8523533649808354,0.15,0.85,normalised
33.95,,,0.1543378807860463,0.8515637186874745,1,,,,,,,,,SYNTHETIC_GP3,0.1543378807860463,0.8515637186874745,0.15,0.85,normalised
33.96666666666667,,,0.1514205770128807,0.8520403914844029,1,,,,,,,,,SYNTHETIC_GP3,0.1514205770128807,0.8520403914844029,0.15,0.85,normalised
33.983333333333334,,,0.1511760341015293,0.849643590460702,1,,,,,,,,,SYNTHETIC_GP3,0.1511760341015293,0.849643590460702,0.15,0.85,normalised
34.0,,,0.1581511661132983,0.8499521248748801,1,,,,,,,,,SYNTHETIC_GP3,0.1581511661132983,0.8499521248748801,0.15,0.85,normalised
34.016666666666666,,,0.1482732675597518,0.854002342771022,1,,,,,,,,,SYNTHETIC_GP3,0.1482732675597518,0.854002342771022,0.15,0.85,normalised
34.03333333333333,,,0.1466369001549102,0.8411443294937933,1,,,,,,,,,SYNTHETIC_GP3,0.1466369001549102,0.8411443294937933,0.15,0.85,normalised
34.05,,,0.1565068187923067,0.8532512892748084,1,,,,,,,,,SYNTHETIC_GP3,0.1565068187923067,0.8532512892748084,0.15,0.85,normalised
34.06666666666666,,,0.1571071797003931,0.8490789625607177,1,,,,,,,,,SYNTHETIC_GP3,0.1571071797003931,0.8490789625607177,0.15,0.85,normalised
34.083333333333336,,,0.1482036779847621,0.8436305225195475,1,,,,,,,,,SYNTHETIC_GP3,0.1482036779847621,0.8436305225195475,0.15,0.85,normalised
34.1,,,0.1555936876903735,0.8500687047487755,1,,,,,,,,,SYNTHETIC_GP3,0.1555936876903735,0.8500687047487755,0.15,0.85,normalised
34.11666666666667,,,0.1535410073459508,0.8414674661119583,1,,,,,,,,,SYNTHETIC_GP3,0.1535410073459508,0.8414674661119583,0.15,0.85,normalised
34.13333333333333,,,0.1516541793402603,0.8517402742139492,1,,,,,,,,,SYNTHETIC_GP3,0.1516541793402603,0.8517402742139492,0.15,0.85,normalised
34.15,,,0.1525518932211005,0.8480810362710886,1,,,,,,,,,SYNTHETIC_GP3,0.1525518932211005,0.8480810362710886,0.15,0.85,normalised
34.166666666666664,,,0.1595184601932098,0.8453434022763947,1,,,,,,,,,SYNTHETIC_GP3,0.1595184601932098,0.8453434022763947,0.15,0.85,normalised
34.18333333333333,,,0.1551216030115193,0.8556064330100112,1,,,,,,,,,SYNTHETIC_GP3,0.1551216030115193,0.8556064330100112,0.15,0.85,normalised
34.2,,,0.1545107688623627,0.8410019302362072,1,,,,,,,,,SYNTHETIC_GP3,0.1545107688623627,0.8410019302362072,0.15,0.85,normalised
34.21666666666667,,,0.1542488723608961,0.8550636283690422,1,,,,,,,,,SYNTHETIC_GP3,0.1542488723608961,0.8550636283690422,0.15,0.85,normalised
34.233333333333334,,,0.1497855869103833,0.8526012121068147,1,,,,,,,,,SYNTHETIC_GP3,0.1497855869103833,0.8526012121068147,0.15,0.85,normalised
34.25,,,0.1509030432901906,0.8439679169145018,1,,,,,,,,,SYNTHETIC_GP3,0.1509030432901906,0.8439679169145018,0.15,0.85,normalised
34.266666666666666,,,0.1515968498973494,0.8477754696898394,1,,,,,,,,,SYNTHETIC_GP3,0.1515968498973494,0.8477754696898394,0.15,0.85,normalised
34.28333333333333,,,0.1486578373230806,0.8439525629359869,1,,,,,,,,,SYNTHETIC_GP3,0.1486578373230806,0.8439525629359869,0.15,0.85,normalised
34.3,,,0.1542938249341291,0.8442980233342876,1,,,,,,,,,SYNTHETIC_GP3,0.1542938249341291,0.8442980233342876,0.15,0.85,normalised
34.31666666666666,,,0.1567811374158456,0.8586253124101794,1,,,,,,,,,SYNTHETIC_GP3,0.1567811374158456,0.8586253124101794,0.15,0.85,normalised
34.333333333333336,,,0.151799356802856,0.8452909042457961,1,,,,,,,,,SYNTHETIC_GP3,0.151799356802856,0.8452909042457961,0.15,0.85,normalised
34.35,,,0.1489045103179309,0.8493675851099588,1,,,,,,,,,SYNTHETIC_GP3,0.1489045103179309,0.8493675851099588,0.15,0.85,normalised
34.36666666666667,,,0.1490218706750501,0.8526247402352216,1,,,,,,,,,SYNTHETIC_GP3,0.1490218706750501,0.8526247402352216,0.15,0.85,normalised
34.38333333333333,,,0.1585649768906034,0.847570859749865,1,,,,,,,,,SYNTHETIC_GP3,0.1585649768906034,0.847570859749865,0.15,0.85,normalised
34.4,,,0.1498358580092125,0.8460933949442205,1,,,,,,,,,SYNTHETIC_GP3,0.1498358580092125,0.8460933949442205,0.15,0.85,normalised
34.416666666666664,,,0.147294243963261,0.849492603045842,1,,,,,,,,,SYNTHETIC_GP3,0.147294243963261,0.849492603045842,0.15,0.85,normalised
34.43333333333333,,,0.1462310844686979,0.8488048406932243,1,,,,,,,,,SYNTHETIC_GP3,0.1462310844686979,0.8488048406932243,0.15,0.85,normalised
34.45,,,0.1502884446358186,0.8448937439691357,1,,,,,,,,,SYNTHETIC_GP3,0.1502884446358186,0.8448937439691357,0.15,0.85,normalised
34.46666666666667,,,0.157041646386363,0.8492567010505685,1,,,,,,,,,SYNTHETIC_GP3,0.157041646386363,0.8492567010505685,0.15,0.85,normalised
34.483333333333334,,,0.1571834395838014,0.8446523450543869,1,,,,,,,,,SYNTHETIC_GP3,0.1571834395838014,0.8446523450543869,0.15,0.85,normalised
34.5,,,0.1545473213427015,0.8473487419085265,1,,,,,,,,,SYNTHETIC_GP3,0.1545473213427015,0.8473487419085265,0.15,0.85,normalised
34.516666666666666,,,0.1492258086957438,0.8496745565893142,1,,,,,,,,,SYNTHETIC_GP3,0.1492258086957438,0.8496745565893142,0.15,0.85,normalised
34.53333333333333,,,0.1554884215716772,0.8531882669284151,1,,,,,,,,,SYNTHETIC_GP3,0.1554884215716772,0.8531882669284151,0.15,0.85,normalised
34.55,,,0.1514156898305383,0.8466085184724211,1,,,,,,,,,SYNTHETIC_GP3,0.1514156898305383,0.8466085184724211,0.15,0.85,normalised
34.56666666666666,,,0.1546385605486243,0.8436710318343892,1,,,,,,,,,SYNTHETIC_GP3,0.1546385605486243,0.8436710318343892,0.15,0.85,normalised
34.583333333333336,,,0.1609199857070435,0.848473365963265,1,,,,,,,,,SYNTHETIC_GP3,0.1609199857070435,0.848473365963265,0.15,0.85,normalised
34.6,,,0.1513091982678458,0.8505520568201929,1,,,,,,,,,SYNTHETIC_GP3,0.1513091982678458,0.8505520568201929,0.15,0.85,normalised
34.61666666666667,,,0.1467678028440393,0.8526655951899961,1,,,,,,,,,SYNTHETIC_GP3,0.1467678028440393,0.8526655951899961,0.15,0.85,normalised
34.63333333333333,,,0.159860765430955,0.8487404021519,1,,,,,,,,,SYNTHETIC_GP3,0.159860765430955,0.8487404021519,0.15,0.85,normalised
34.65,,,0.151593589541076,0.8446748629170397,1,,,,,,,,,SYNTHETIC_GP3,0.151593589541076,0.8446748629170397,0.15,0.85,normalised
34.666666666666664,,,0.1515183503314114,0.8445374407976809,1,,,,,,,,,SYNTHETIC_GP3,0.1515183503314114,0.8445374407976809,0.15,0.85,normalised
34.68333333333333,,,0.1456916496024991,0.8433406071799019,1,,,,,,,,,SYNTHETIC_GP3,0.1456916496024991,0.8433406071799019,0.15,0.85,normalised
34.7,,,0.1552488194853052,0.8488197746025322,1,,,,,,,,,SYNTHETIC_GP3,0.1552488194853052,0.8488197746025322,0.15,0.85,normalised
34.71666666666667,,,0.1564844334047594,0.8444929051403359,1,,,,,,,,,SYNTHETIC_GP3,0.1564844334047594,0.8444929051403359,0.15,0.85,normalised
34.733333333333334,,,0.1532981698517227,0.8468757707847926,1,,,,,,,,,SYNTHETIC_GP3,0.1532981698517227,0.8468757707847926,0.15,0.85,normalised
34.75,,,0.1566627490887959,0.8521531505081734,1,,,,,,,,,SYNTHETIC_GP3,0.1566627490887959,0.8521531505081734,0.15,0.85,normalised
34.766666666666666,,,0.1507082937480968,0.8469127323684149,1,,,,,,,,,SYNTHETIC_GP3,0.1507082937480968,0.8469127323684149,0.15,0.85,normalised
34.78333333333333,,,0.1577009042783037,0.8489942575057603,1,,,,,,,,,SYNTHETIC_GP3,0.1577009042783037,0.8489942575057603,0.15,0.85,normalised
34.8,,,0.1554106450867022,0.849339297029122,1,,,,,,,,,SYNTHETIC_GP3,0.1554106450867022,0.849339297029122,0.15,0.85,normalised
34.81666666666666,,,0.1593761092831231,0.8447975165411684,1,,,,,,,,,SYNTHETIC_GP3,0.1593761092831231,0.8447975165411684,0.15,0.85,normalised
34.833333333333336,,,0.1456336882531645,0.8464822523991916,1,,,,,,,,,SYNTHETIC_GP3,0.1456336882531645,0.8464822523991916,0.15,0.85,normalised
34.85,,,0.1473178838889008,0.8511342131158013,1,,,,,,,,,SYNTHETIC_GP3,0.1473178838889008,0.8511342131158013,0.15,0.85,normalised
34.86666666666667,,,0.1558833891685992,0.844009605631804,1,,,,,,,,,SYNTHETIC_GP3,0.1558833891685992,0.844009605631804,0.15,0.85,normalised
34.88333333333333,,,0.1538385257735387,0.8538528690083336,1,,,,,,,,,SYNTHETIC_GP3,0.1538385257735387,0.8538528690083336,0.15,0.85,normalised
34.9,,,0.1486684060926013,0.8510448720002436,1,,,,,,,,,SYNTHETIC_GP3,0.1486684060926013,0.8510448720002436,0.15,0.85,normalised
34.916666666666664,,,0.1527254558921321,0.8516984566179708,1,,,,,,,,,SYNTHETIC_GP3,0.1527254558921321,0.8516984566179708,0.15,0.85,normalised
34.93333333333333,,,0.1560735596777624,0.8470565014575484,1,,,,,,,,,SYNTHETIC_GP3,0.1560735596777624,0.8470565014575484,0.15,0.85,normalised
34.95,,,0.1569248453696937,0.8455263194130663,1,,,,,,,,,SYNTHETIC_GP3,0.1569248453696937,0.8455263194130663,0.15,0.85,normalised
34.96666666666667,,,0.1534401113854381,0.850986557720141,1,,,,,,,,,SYNTHETIC_GP3,0.1534401113854381,0.850986557720141,0.15,0.85,normalised
34.983333333333334,,,0.1527623287476455,0.8572805454808003,1,,,,,,,,,SYNTHETIC_GP3,0.1527623287476455,0.8572805454808003,0.15,0.85,normalised
35.0,,,0.1542738858227097,0.8521586149996833,1,,,,,,,,,SYNTHETIC_GP3,0.1542738858227097,0.8521586149996833,0.15,0.85,normalised
35.016666666666666,,,0.1522053759786478,0.8461591286630314,1,,,,,,,,,SYNTHETIC_GP3,0.1522053759786478,0.8461591286630314,0.15,0.85,normalised
35.03333333333333,,,0.160042118451923,0.8413721992845065,1,,,,,,,,,SYNTHETIC_GP3,0.160042118451923,0.8413721992845065,0.15,0.85,normalised
35.05,,,0.1506865610110584,0.8474824257032483,1,,,,,,,,,SYNTHETIC_GP3,0.1506865610110584,0.8474824257032483,0.15,0.85,normalised
35.06666666666666,,,0.1524606331407873,0.8467780723999209,1,,,,,,,,,SYNTHETIC_GP3,0.1524606331407873,0.8467780723999209,0.15,0.85,normalised
35.083333333333336,,,0.1516314073260922,0.8442129701914961,1,,,,,,,,,SYNTHETIC_GP3,0.1516314073260922,0.8442129701914961,0.15,0.85,normalised
35.1,,,0.1586010235864987,0.846086189934042,1,,,,,,,,,SYNTHETIC_GP3,0.1586010235864987,0.846086189934042,0.15,0.85,normalised
35.11666666666667,,,0.1502582993875767,0.8540919334753465,1,,,,,,,,,SYNTHETIC_GP3,0.1502582993875767,0.8540919334753465,0.15,0.85,normalised
35.13333333333333,,,0.1559250663512379,0.8458631962073656,1,,,,,,,,,SYNTHETIC_GP3,0.1559250663512379,0.8458631962073656,0.15,0.85,normalised
35.15,,,0.1521577231023942,0.8496931614506797,1,,,,,,,,,SYNTHETIC_GP3,0.1521577231023942,0.8496931614506797,0.15,0.85,normalised
35.166666666666664,,,0.1505654916472933,0.853194904226956,1,,,,,,,,,SYNTHETIC_GP3,0.1505654916472933,0.853194904226956,0.15,0.85,normalised
35.18333333333333,,,0.1440231816716055,0.8526060928994365,1,,,,,,,,,SYNTHETIC_GP3,0.1440231816716055,0.8526060928994365,0.15,0.85,normalised
35.2,,,0.1521262299195411,0.8519586770850149,1,,,,,,,,,SYNTHETIC_GP3,0.1521262299195411,0.8519586770850149,0.15,0.85,normalised
35.21666666666667,,,0.159078408711143,0.8446632236898389,1,,,,,,,,,SYNTHETIC_GP3,0.159078408711143,0.8446632236898389,0.15,0.85,normalised
35.233333333333334,,,0.1495758919082718,0.8509252269598888,1,,,,,,,,,SYNTHETIC_GP3,0.1495758919082718,0.8509252269598888,0.15,0.85,normalised
35.25,,,0.1406479814970101,0.8400873990290552,1,,,,,,,,,SYNTHETIC_GP3,0.1406479814970101,0.8400873990290552,0.15,0.85,normalised
35.266666666666666,,,0.1535188259307618,0.8436785103440493,1,,,,,,,,,SYNTHETIC_GP3,0.1535188259307618,0.8436785103440493,0.15,0.85,normalised
35.28333333333333,,,0.1475276394815325,0.8513235676964938,1,,,,,,,,,SYNTHETIC_GP3,0.1475276394815325,0.8513235676964938,0.15,0.85,normalised
35.3,,,0.1451854383877801,0.8521952718743344,1,,,,,,,,,SYNTHETIC_GP3,0.1451854383877801,0.8521952718743344,0.15,0.85,normalised
35.31666666666666,,,0.1501851245137192,0.8524446701365548,1,,,,,,,,,SYNTHETIC_GP3,0.1501851245137192,0.8524446701365548,0.15,0.85,normalised
35.333333333333336,,,0.1469011215890597,0.8495826934599459,1,,,,,,,,,SYNTHETIC_GP3,0.1469011215890597,0.8495826934599459,0.15,0.85,normalised
35.35,,,,,0,,,,,,,,,SYNTHETIC_GP3,,,0.5,0.5,normalised
35.36666666666667,,,0.5030631774545299,0.4973234418158512,1,,,,,,,,,SYNTHETIC_GP3,0.5030631774545299,0.4973234418158512,0.5,0.5,normalised
35.38333333333333,,,0.504677681313708,0.4940580455593831,1,,,,,,,,,SYNTHETIC_GP3,0.504677681313708,0.4940580455593831,0.5,0.5,normalised
35.4,,,0.4996554237717033,0.4997738625565282,1,,,,,,,,,SYNTHETIC_GP3,0.4996554237717033,0.4997738625565282,0.5,0.5,normalised
35.416666666666664,,,0.5017571370278348,0.5041716573289972,1,,,,,,,,,SYNTHETIC_GP3,0.5017571370278348,0.5041716573289972,0.5,0.5,normalised
35.43333333333333,,,0.4999126847375117,0.5057021194644021,1,,,,,,,,,SYNTHETIC_GP3,0.4999126847375117,0.5057021194644021,0.5,0.5,normalised
35.45,,,0.5031759178194594,0.501139414924287,1,,,,,,,,,SYNTHETIC_GP3,0.5031759178194594,0.501139414924287,0.5,0.5,normalised
35.46666666666667,,,0.4931304943571834,0.49322568178639,1,,,,,,,,,SYNTHETIC_GP3,0.4931304943571834,0.49322568178639,0.5,0.5,normalised
35.483333333333334,,,0.5018958835038959,0.4994874770191536,1,,,,,,,,,SYNTHETIC_GP3,0.5018958835038959,0.4994874770191536,0.5,0.5,normalised
35.5,,,0.5061466352728213,0.4983242166273601,1,,,,,,,,,SYNTHETIC_GP3,0.5061466352728213,0.4983242166273601,0.5,0.5,normalised
35.516666666666666,,,0.5088230320260005,0.4961987197260038,1,,,,,,,,,SYNTHETIC_GP3,0.5088230320260005,0.4961987197260038,0.5,0.5,normalised
35.53333333333333,,,0.5053346242797129,0.4995788813752468,1,,,,,,,,,SYNTHETIC_GP3,0.5053346242797129,0.4995788813752468,0.5,0.5,normalised
35.55,,,0.5025822479226836,0.4956374020759425,1,,,,,,,,,SYNTHETIC_GP3,0.5025822479226836,0.4956374020759425,0.5,0.5,normalised
35.56666666666666,,,0.4951817712476552,0.497725308776027,1,,,,,,,,,SYNTHETIC_GP3,0.4951817712476552,0.497725308776027,0.5,0.5,normalised
35.583333333333336,,,0.5026046383152334,0.5024312963605662,1,,,,,,,,,SYNTHETIC_GP3,0.5026046383152334,0.5024312963605662,0.5,0.5,normalised
35.6,,,0.4941388818314441,0.4940505678053261,1,,,,,,,,,SYNTHETIC_GP3,0.4941388818314441,0.4940505678053261,0.5,0.5,normalised
35.61666666666667,,,0.49839764737913,0.5022134030278317,1,,,,,,,,,SYNTHETIC_GP3,0.49839764737913,0.5022134030278317,0.5,0.5,normalised
35.63333333333333,,,0.5011438439018122,0.4968333952576359,1,,,,,,,,,SYNTHETIC_GP3,0.5011438439018122,0.4968333952576359,0.5,0.5,normalised
35.65,,,0.5008805583140387,0.4998737426796947,1,,,,,,,,,SYNTHETIC_GP3,0.5008805583140387,0.4998737426796947,0.5,0.5,normalised
35.666666666666664,,,0.5055151526937329,0.5060536429166789,1,,,,,,,,,SYNTHETIC_GP3,0.5055151526937329,0.5060536429166789,0.5,0.5,normalised
35.68333333333333,,,0.5008448925746141,0.4963033823682419,1,,,,,,,,,SYNTHETIC_GP3,0.5008448925746141,0.4963033823682419,0.5,0.5,normalised
35.7,,,0.4969210699343963,0.4980844667564285,1,,,,,,,,,SYNTHETIC_GP3,0.4969210699343963,0.4980844667564285,0.5,0.5,normalised
35.71666666666667,,,0.5000191937504842,0.5024041419018019,1,,,,,,,,,SYNTHETIC_GP3,0.5000191937504842,0.5024041419018019,0.5,0.5,normalised
35.733333333333334,,,0.4989242413822963,0.5011706869187964,1,,,,,,,,,SYNTHETIC_GP3,0.4989242413822963,0.5011706869187964,0.5,0.5,normalised
35.75,,,0.5062946325712969,0.5086221015144097,1,,,,,,,,,SYNTHETIC_GP3,0.5062946325712969,0.5086221015144097,0.5,0.5,normalised
35.766666666666666,,,0.496070945154048,0.5022654915846697,1,,,,,,,,,SYNTHETIC_GP3,0.496070945154048,0.5022654915846697,0.5,0.5,normalised
35.78333333333333,,,0.4999910130272488,0.4991326715409624,1,,,,,,,,,SYNTHETIC_GP3,0.4999910130272488,0.4991326715409624,0.5,0.5,normalised
35.8,,,0.5056130194144951,0.495291276887531,1,,,,,,,,,SYNTHETIC_GP3,0.5056130194144951,0.495291276887531,0.5,0.5,normalised
35.81666666666666,,,0.4985164526803491,0.500077666558039,1,,,,,,,,,SYNTHETIC_GP3,0.4985164526803491,0.500077666558039,0.5,0.5,normalised
35.833333333333336,,,0.5034792777419778,0.5077071028448491,1,,,,,,,,,SYNTHETIC_GP3,0.5034792777419778,0.5077071028448491,0.5,0.5,normalised
35.85,,,0.5020660169587962,0.5005186072851051,1,,,,,,,,,SYNTHETIC_GP3,0.5020660169587962,0.5005186072851051,0.5,0.5,normalised
35.86666666666667,,,0.5005825701804437,0.4940918877299543,1,,,,,,,,,SYNTHETIC_GP3,0.5005825701804437,0.4940918877299543,0.5,0.5,normalised
35.88333333333333,,,0.4949162129963236,0.4978348829655314,1,,,,,,,,,SYNTHETIC_GP3,0.4949162129963236,0.4978348829655314,0.5,0.5,normalised
35.9,,,0.5020694165199497,0.4964321719240778,1,,,,,,,,,SYNTHETIC_GP3,0.5020694165199497,0.4964321719240778,0.5,0.5,normalised
35.916666666666664,,,0.4998696050961543,0.500066898685471,1,,,,,,,,,SYNTHETIC_GP3,0.4998696050961543,0.500066898685471,0.5,0.5,normalised
35.93333333333333,,,0.5030784481197238,0.4979751704481623,1,,,,,,,,,SYNTHETIC_GP3,0.5030784481197238,0.4979751704481623,0.5,0.5,normalised
35.95,,,0.4961213034651671,0.4964263977370538,1,,,,,,,,,SYNTHETIC_GP3,0.4961213034651671,0.4964263977370538,0.5,0.5,normalised
35.96666666666667,,,0.5040484378119988,0.4947264153478646,1,,,,,,,,,SYNTHETIC_GP3,0.5040484378119988,0.4947264153478646,0.5,0.5,normalised
35.983333333333334,,,0.5045912241982722,0.49787524126172,1,,,,,,,,,SYNTHETIC_GP3,0.5045912241982722,0.49787524126172,0.5,0.5,normalised
36.0,,,0.1575669759959418,0.1507425983825359,1,,,,,,,,,SYNTHETIC_GP3,0.1575669759959418,0.1507425983825359,0.15,0.15,normalised
36.016666666666666,,,0.1500213089419588,0.1530049692770516,1,,,,,,,,,SYNTHETIC_GP3,0.1500213089419588,0.1530049692770516,0.15,0.15,normalised
36.03333333333333,,,0.1491712147897137,0.1469430885016099,1,,,,,,,,,SYNTHETIC_GP3,0.1491712147897137,0.1469430885016099,0.15,0.15,normalised
36.05,,,0.1555757179092053,0.1535211365757283,1,,,,,,,,,SYNTHETIC_GP3,0.1555757179092053,0.1535211365757283,0.15,0.15,normalised
36.06666666666666,,,0.1477713447262996,0.1406882035527636,1,,,,,,,,,SYNTHETIC_GP3,0.1477713447262996,0.1406882035527636,0.15,0.15,normalised
36.083333333333336,,,0.1485267123834671,0.1554892006181749,1,,,,,,,,,SYNTHETIC_GP3,0.1485267123834671,0.1554892006181749,0.15,0.15,normalised
36.1,,,0.1507274671074759,0.1422363536854847,1,,,,,,,,,SYNTHETIC_GP3,0.1507274671074759,0.1422363536854847,0.15,0.15,normalised
36.11666666666667,,,0.1474240688787585,0.1461437170939822,1,,,,,,,,,SYNTHETIC_GP3,0.1474240688787585,0.1461437170939822,0.15,0.15,normalised
36.13333333333333,,,0.1577263754133769,0.1482461251767169,1,,,,,,,,,SYNTHETIC_GP3,0.1577263754133769,0.1482461251767169,0.15,0.15,normalised
36.15,,,0.155813048501049,0.146491181099279,1,,,,,,,,,SYNTHETIC_GP3,0.155813048501049,0.146491181099279,0.15,0.15,normalised
36.16666666666666,,,0.1432782937117072,0.1569606825992271,1,,,,,,,,,SYNTHETIC_GP3,0.1432782937117072,0.1569606825992271,0.15,0.15,normalised
36.18333333333333,,,0.1433979303868248,0.1463907182939243,1,,,,,,,,,SYNTHETIC_GP3,0.1433979303868248,0.1463907182939243,0.15,0.15,normalised
36.2,,,0.1493817619548758,0.156695172693869,1,,,,,,,,,SYNTHETIC_GP3,0.1493817619548758,0.156695172693869,0.15,0.15,normalised
36.21666666666667,,,0.1539827398245768,0.1330491370019154,1,,,,,,,,,SYNTHETIC_GP3,0.1539827398245768,0.1330491370019154,0.15,0.15,normalised
36.23333333333333,,,0.1547173806184951,0.1401842086903751,1,,,,,,,,,SYNTHETIC_GP3,0.1547173806184951,0.1401842086903751,0.15,0.15,normalised
36.25,,,0.1576314367675934,0.1492412993686603,1,,,,,,,,,SYNTHETIC_GP3,0.1576314367675934,0.1492412993686603,0.15,0.15,normalised
36.266666666666666,,,0.1531311248938894,0.1440651374899517,1,,,,,,,,,SYNTHETIC_GP3,0.1531311248938894,0.1440651374899517,0.15,0.15,normalised
36.28333333333333,,,0.1477144075064043,0.1424607943818297,1,,,,,,,,,SYNTHETIC_GP3,0.1477144075064043,0.1424607943818297,0.15,0.15,normalised
36.3,,,0.1536715281923898,0.1471805359163822,1,,,,,,,,,SYNTHETIC_GP3,0.1536715281923898,0.1471805359163822,0.15,0.15,normalised
36.31666666666666,,,0.1473594698598085,0.1465383868120379,1,,,,,,,,,SYNTHETIC_GP3,0.1473594698598085,0.1465383868120379,0.15,0.15,normalised
36.333333333333336,,,0.1486459297220341,0.1459236333449244,1,,,,,,,,,SYNTHETIC_GP3,0.1486459297220341,0.1459236333449244,0.15,0.15,normalised
36.35,,,0.1455634966688446,0.1462782863248281,1,,,,,,,,,SYNTHETIC_GP3,0.1455634966688446,0.1462782863248281,0.15,0.15,normalised
36.36666666666667,,,0.148383569694939,0.148778905235713,1,,,,,,,,,SYNTHETIC_GP3,0.148383569694939,0.148778905235713,0.15,0.15,normalised
36.38333333333333,,,0.1494957364495731,0.1509969445043229,1,,,,,,,,,SYNTHETIC_GP3,0.1494957364495731,0.1509969445043229,0.15,0.15,normalised
36.4,,,0.1496947848528114,0.1520105977711836,1,,,,,,,,,SYNTHETIC_GP3,0.1496947848528114,0.1520105977711836,0.15,0.15,normalised
36.41666666666666,,,0.1590787027837161,0.1487912754054844,1,,,,,,,,,SYNTHETIC_GP3,0.1590787027837161,0.1487912754054844,0.15,0.15,normalised
36.43333333333333,,,0.1523848524520313,0.1431160708951664,1,,,,,,,,,SYNTHETIC_GP3,0.1523848524520313,0.1431160708951664,0.15,0.15,normalised
36.45,,,0.1533907721485277,0.145089153588366,1,,,,,,,,,SYNTHETIC_GP3,0.1533907721485277,0.145089153588366,0.15,0.15,normalised
36.46666666666667,,,0.1526243535276674,0.1463876719488134,1,,,,,,,,,SYNTHETIC_GP3,0.1526243535276674,0.1463876719488134,0.15,0.15,normalised
36.48333333333333,,,0.158334619894323,0.1515560197747336,1,,,,,,,,,SYNTHETIC_GP3,0.158334619894323,0.1515560197747336,0.15,0.15,normalised
36.5,,,0.1481940153883461,0.1442616140446052,1,,,,,,,,,SYNTHETIC_GP3,0.1481940153883461,0.1442616140446052,0.15,0.15,normalised
36.516666666666666,,,0.155000627851264,0.1526063913663434,1,,,,,,,,,SYNTHETIC_GP3,0.155000627851264,0.1526063913663434,0.15,0.15,normalised
36.53333333333333,,,0.1485800767254187,0.14312723718148,1,,,,,,,,,SYNTHETIC_GP3,0.1485800767254187,0.14312723718148,0.15,0.15,normalised
36.55,,,0.1514451906823399,0.149092592759101,1,,,,,,,,,SYNTHETIC_GP3,0.1514451906823399,0.149092592759101,0.15,0.15,normalised
36.56666666666666,,,0.1539802241660914,0.1473083265127149,1,,,,,,,,,SYNTHETIC_GP3,0.1539802241660914,0.1473083265127149,0.15,0.15,normalised
36.583333333333336,,,0.1465989678565948,0.1514406949966709,1,,,,,,,,,SYNTHETIC_GP3,0.1465989678565948,0.1514406949966709,0.15,0.15,normalised
36.6,,,0.1504537683173998,0.1528767614185501,1,,,,,,,,,SYNTHETIC_GP3,0.1504537683173998,0.1528767614185501,0.15,0.15,normalised
36.61666666666667,,,0.1520227481095256,0.148119193382442,1,,,,,,,,,SYNTHETIC_GP3,0.1520227481095256,0.148119193382442,0.15,0.15,normalised
36.63333333333333,,,0.154018022363312,0.1466501190401857,1,,,,,,,,,SYNTHETIC_GP3,0.154018022363312,0.1466501190401857,0.15,0.15,normalised
36.65,,,0.1511037504828852,0.1521424620436529,1,,,,,,,,,SYNTHETIC_GP3,0.1511037504828852,0.1521424620436529,0.15,0.15,normalised
36.66666666666666,,,0.1632800091343019,0.1461074757671825,1,,,,,,,,,SYNTHETIC_GP3,0.1632800091343019,0.1461074757671825,0.15,0.15,normalised
36.68333333333333,,,0.159527890103482,0.1499628489024387,1,,,,,,,,,SYNTHETIC_GP3,0.159527890103482,0.1499628489024387,0.15,0.15,normalised
36.7,,,0.1431909730903481,0.1494882945771212,1,,,,,,,,,SYNTHETIC_GP3,0.1431909730903481,0.1494882945771212,0.15,0.15,normalised
36.71666666666667,,,0.1524716054612152,0.146986365499811,1,,,,,,,,,SYNTHETIC_GP3,0.1524716054612152,0.146986365499811,0.15,0.15,normalised
36.73333333333333,,,0.1542157583534519,0.1459510945477472,1,,,,,,,,,SYNTHETIC_GP3,0.1542157583534519,0.1459510945477472,0.15,0.15,normalised
36.75,,,0.1533682159768308,0.1520644604940271,1,,,,,,,,,SYNTHETIC_GP3,0.1533682159768308,0.1520644604940271,0.15,0.15,normalised
36.766666666666666,,,0.157562291962679,0.1502237629537051,1,,,,,,,,,SYNTHETIC_GP3,0.157562291962679,0.1502237629537051,0.15,0.15,normalised
36.78333333333333,,,0.1405571421744693,0.1445895301576591,1,,,,,,,,,SYNTHETIC_GP3,0.1405571421744693,0.1445895301576591,0.15,0.15,normalised
36.8,,,0.147701706749634,0.1437246461907524,1,,,,,,,,,SYNTHETIC_GP3,0.147701706749634,0.1437246461907524,0.15,0.15,normalised
36.81666666666666,,,0.1581694968087396,0.1531366203986196,1,,,,,,,,,SYNTHETIC_GP3,0.1581694968087396,0.1531366203986196,0.15,0.15,normalised
36.833333333333336,,,0.1568597727858484,0.1567560036262233,1,,,,,,,,,SYNTHETIC_GP3,0.1568597727858484,0.1567560036262233,0.15,0.15,normalised
36.85,,,0.161141908204969,0.1484497323050326,1,,,,,,,,,SYNTHETIC_GP3,0.161141908204969,0.1484497323050326,0.15,0.15,normalised
36.86666666666667,,,0.1586194204646601,0.148223604962942,1,,,,,,,,,SYNTHETIC_GP3,0.1586194204646601,0.148223604962942,0.15,0.15,normalised
36.88333333333333,,,0.1468650712142325,0.1522192346600201,1,,,,,,,,,SYNTHETIC_GP3,0.1468650712142325,0.1522192346600201,0.15,0.15,normalised
36.9,,,0.1561395763264004,0.1465034016254551,1,,,,,,,,,SYNTHETIC_GP3,0.1561395763264004,0.1465034016254551,0.15,0.15,normalised
36.91666666666666,,,0.1508689129797242,0.1437507751163274,1,,,,,,,,,SYNTHETIC_GP3,0.1508689129797242,0.1437507751163274,0.15,0.15,normalised
36.93333333333333,,,0.1528350053492037,0.1517523100119139,1,,,,,,,,,SYNTHETIC_GP3,0.1528350053492037,0.1517523100119139,0.15,0.15,normalised
36.95,,,0.1522241693975382,0.1481242382815119,1,,,,,,,,,SYNTHETIC_GP3,0.1522241693975382,0.1481242382815119,0.15,0.15,normalised
36.96666666666667,,,0.1501332222317055,0.1541174672877659,1,,,,,,,,,SYNTHETIC_GP3,0.1501332222317055,0.1541174672877659,0.15,0.15,normalised
36.98333333333333,,,0.1499862002364146,0.1497580577704472,1,,,,,,,,,SYNTHETIC_GP3,0.1499862002364146,0.1497580577704472,0.15,0.15,normalised
37.0,,,0.1550999402173288,0.152030367360489,1,,,,,,,,,SYNTHETIC_GP3,0.1550999402173288,0.152030367360489,0.15,0.15,normalised
37.016666666666666,,,0.1498227428198272,0.1463495984121368,1,,,,,,,,,SYNTHETIC_GP3,0.1498227428198272,0.1463495984121368,0.15,0.15,normalised
37.03333333333333,,,,,0,,,,,,,,,SYNTHETIC_GP3,,,0.15,0.15,normalised
37.05,,,0.1539406231216478,0.1473352177927808,1,,,,,,,,,SYNTHETIC_GP3,0.1539406231216478,0.1473352177927808,0.15,0.15,normalised
37.06666666666666,,,0.1498668881326534,0.1527180282133455,1,,,,,,,,,SYNTHETIC_GP3,0.1498668881326534,0.1527180282133455,0.15,0.15,normalised
37.083333333333336,,,0.1508585081174538,0.154798134737184,1,,,,,,,,,SYNTHETIC_GP3,0.1508585081174538,0.154798134737184,0.15,0.15,normalised
37.1,,,0.1566041691203581,0.1484337510329341,1,,,,,,,,,SYNTHETIC_GP3,0.1566041691203581,0.1484337510329341,0.15,0.15,normalised
37.11666666666667,,,0.1452004143376986,0.1480520197274316,1,,,,,,,,,SYNTHETIC_GP3,0.1452004143376986,0.1480520197274316,0.15,0.15,normalised
37.13333333333333,,,0.1493093563154403,0.141798013217708,1,,,,,,,,,SYNTHETIC_GP3,0.1493093563154403,0.141798013217708,0.15,0.15,normalised
37.15,,,0.1466459082670247,0.1563090013362232,1,,,,,,,,,SYNTHETIC_GP3,0.1466459082670247,0.1563090013362232,0.15,0.15,normalised
37.16666666666666,,,0.1528681432122513,0.1571019518485817,1,,,,,,,,,SYNTHETIC_GP3,0.1528681432122513,0.1571019518485817,0.15,0.15,normalised
37.18333333333333,,,0.1628154196991203,0.1540535447826606,1,,,,,,,,,SYNTHETIC_GP3,0.1628154196991203,0.1540535447826606,0.15,0.15,normalised
37.2,,,0.147084786637371,0.1440349904183193,1,,,,,,,,,SYNTHETIC_GP3,0.147084786637371,0.1440349904183193,0.15,0.15,normalised
37.21666666666667,,,0.1569069023552755,0.1487035070665738,1,,,,,,,,,SYNTHETIC_GP3,0.1569069023552755,0.1487035070665738,0.15,0.15,normalised
37.23333333333333,,,0.157681516177054,0.1455362402996888,1,,,,,,,,,SYNTHETIC_GP3,0.157681516177054,0.1455362402996888,0.15,0.15,normalised
37.25,,,0.1434484012409218,0.1496358745822545,1,,,,,,,,,SYNTHETIC_GP3,0.1434484012409218,0.1496358745822545,0.15,0.15,normalised
37.266666666666666,,,0.1466314163396768,0.147515785795969,1,,,,,,,,,SYNTHETIC_GP3,0.1466314163396768,0.147515785795969,0.15,0.15,normalised
37.28333333333333,,,0.1519153807018961,0.1479483765941021,1,,,,,,,,,SYNTHETIC_GP3,0.1519153807018961,0.1479483765941021,0.15,0.15,normalised
37.3,,,0.1480497985526217,0.140363282821539,1,,,,,,,,,SYNTHETIC_GP3,0.1480497985526217,0.140363282821539,0.15,0.15,normalised
37.31666666666666,,,0.1531125836136948,0.14877212291887,1,,,,,,,,,SYNTHETIC_GP3,0.1531125836136948,0.14877212291887,0.15,0.15,normalised
37.333333333333336,,,0.1574648876671274,0.1525900799846336,1,,,,,,,,,SYNTHETIC_GP3,0.1574648876671274,0.1525900799846336,0.15,0.15,normalised
37.35,,,0.1548180463127493,0.1472330129450131,1,,,,,,,,,SYNTHETIC_GP3,0.1548180463127493,0.1472330129450131,0.15,0.15,normalised
37.36666666666667,,,0.1512128862198577,0.1447804351251009,1,,,,,,,,,SYNTHETIC_GP3,0.1512128862198577,0.1447804351251009,0.15,0.15,normalised
37.38333333333333,,,0.1542693996439214,0.1452173301756594,1,,,,,,,,,SYNTHETIC_GP3,0.1542693996439214,0.1452173301756594,0.15,0.15,normalised
37.4,,,0.1534072736447166,0.1463895075297109,1,,,,,,,,,SYNTHETIC_GP3,0.1534072736447166,0.1463895075297109,0.15,0.15,normalised
37.41666666666666,,,0.1469307537239829,0.1467462844803167,1,,,,,,,,,SYNTHETIC_GP3,0.1469307537239829,0.1467462844803167,0.15,0.15,normalised
37.43333333333333,,,0.1495917634125931,0.1466654504160965,1,,,,,,,,,SYNTHETIC_GP3,0.1495917634125931,0.1466654504160965,0.15,0.15,normalised
37.45,,,0.1538713160457191,0.1575739957183746,1,,,,,,,,,SYNTHETIC_GP3,0.1538713160457191,0.1575739957183746,0.15,0.15,normalised
37.46666666666667,,,0.1517260735501614,0.1462897298220361,1,,,,,,,,,SYNTHETIC_GP3,0.1517260735501614,0.1462897298220361,0.15,0.15,normalised
37.48333333333333,,,0.1532898888876246,0.1479507331804477,1,,,,,,,,,SYNTHETIC_GP3,0.1532898888876246,0.1479507331804477,0.15,0.15,normalised
37.5,,,0.155560331569528,0.1521289674744078,1,,,,,,,,,SYNTHETIC_GP3,0.155560331569528,0.1521289674744078,0.15,0.15,normalised
37.516666666666666,,,0.1423235502936652,0.1496224140160151,1,,,,,,,,,SYNTHETIC_GP3,0.1423235502936652,0.1496224140160151,0.15,0.15,normalised
37.53333333333333,,,0.1579268250030603,0.1450526726453568,1,,,,,,,,,SYNTHETIC_GP3,0.1579268250030603,0.1450526726453568,0.15,0.15,normalised
37.55,,,0.1443692168994119,0.1466608028504017,1,,,,,,,,,SYNTHETIC_GP3,0.1443692168994119,0.1466608028504017,0.15,0.15,normalised
37.56666666666666,,,0.1520466072401342,0.1485740059129611,1,,,,,,,,,SYNTHETIC_GP3,0.1520466072401342,0.1485740059129611,0.15,0.15,normalised
37.583333333333336,,,0.1526123887565068,0.1503545070772428,1,,,,,,,,,SYNTHETIC_GP3,0.1526123887565068,0.1503545070772428,0.15,0.15,normalised
37.6,,,0.1514147559412517,0.1440072613191535,1,,,,,,,,,SYNTHETIC_GP3,0.1514147559412517,0.1440072613191535,0.15,0.15,normalised
37.61666666666667,,,0.1527508999104241,0.1523885702350489,1,,,,,,,,,SYNTHETIC_GP3,0.1527508999104241,0.1523885702350489,0.15,0.15,normalised
37.63333333333333,,,0.1497482279437926,0.1526998595169497,1,,,,,,,,,SYNTHETIC_GP3,0.1497482279437926,0.1526998595169497,0.15,0.15,normalised
37.65,,,0.1490751468717625,0.1460523180095438,1,,,,,,,,,SYNTHETIC_GP3,0.1490751468717625,0.1460523180095438,0.15,0.15,normalised
37.66666666666666,,,0.1515777555190149,0.1484206635757562,1,,,,,,,,,SYNTHETIC_GP3,0.1515777555190149,0.1484206635757562,0.15,0.15,normalised
37.68333333333333,,,0.1526853066730839,0.1516518951127934,1,,,,,,,,,SYNTHETIC_GP3,0.1526853066730839,0.1516518951127934,0.15,0.15,normalised
37.7,,,0.1492392198567257,0.147225637913062,1,,,,,,,,,SYNTHETIC_GP3,0.1492392198567257,0.147225637913062,0.15,0.15,normalised
37.71666666666667,,,0.1532660279520397,0.1396794501167867,1,,,,,,,,,SYNTHETIC_GP3,0.1532660279520397,0.1396794501167867,0.15,0.15,normalised
37.73333333333333,,,0.1485230154131799,0.1453822878838103,1,,,,,,,,,SYNTHETIC_GP3,0.1485230154131799,0.1453822878838103,0.15,0.15,normalised
37.75,,,0.1496274072345882,0.1595142133086049,1,,,,,,,,,SYNTHETIC_GP3,0.1496274072345882,0.1595142133086049,0.15,0.15,normalised
37.766666666666666,,,0.1510094726144784,0.1453624196875149,1,,,,,,,,,SYNTHETIC_GP3,0.1510094726144784,0.1453624196875149,0.15,0.15,normalised
37.78333333333333,,,0.1537551572549998,0.1479277233545282,1,,,,,,,,,SYNTHETIC_GP3,0.1537551572549998,0.1479277233545282,0.15,0.15,normalised
37.8,,,0.1507214480621823,0.1569614288415478,1,,,,,,,,,SYNTHETIC_GP3,0.1507214480621823,0.1569614288415478,0.15,0.15,normalised
37.81666666666666,,,0.153528585823231,0.1467438389788986,1,,,,,,,,,SYNTHETIC_GP3,0.153528585823231,0.1467438389788986,0.15,0.15,normalised
37.833333333333336,,,0.1584078277897985,0.1464640927287551,1,,,,,,,,,SYNTHETIC_GP3,0.1584078277897985,0.1464640927287551,0.15,0.15,normalised
37.85,,,0.1500508751778783,0.1451023057441356,1,,,,,,,,,SYNTHETIC_GP3,0.1500508751778783,0.1451023057441356,0.15,0.15,normalised
37.86666666666667,,,0.1571621580538034,0.1510097587527127,1,,,,,,,,,SYNTHETIC_GP3,0.1571621580538034,0.1510097587527127,0.15,0.15,normalised
37.88333333333333,,,0.1466638191836827,0.1451382355798239,1,,,,,,,,,SYNTHETIC_GP3,0.1466638191836827,0.1451382355798239,0.15,0.15,normalised
37.9,,,0.1545400723934548,0.1526478304274805,1,,,,,,,,,SYNTHETIC_GP3,0.1545400723934548,0.1526478304274805,0.15,0.15,normalised
37.91666666666666,,,0.1511783718206419,0.1537051814838866,1,,,,,,,,,SYNTHETIC_GP3,0.1511783718206419,0.1537051814838866,0.15,0.15,normalised
37.93333333333333,,,0.1603855777397875,0.1552874905497345,1,,,,,,,,,SYNTHETIC_GP3,0.1603855777397875,0.1552874905497345,0.15,0.15,normalised
37.95,,,0.1499127385174932,0.1540796706078144,1,,,,,,,,,SYNTHETIC_GP3,0.1499127385174932,0.1540796706078144,0.15,0.15,normalised
37.96666666666667,,,0.1486156224326029,0.1478846816000742,1,,,,,,,,,SYNTHETIC_GP3,0.1486156224326029,0.1478846816000742,0.15,0.15,normalised
37.98333333333333,,,0.1561580123281963,0.1427264006568305,1,,,,,,,,,SYNTHETIC_GP3,0.1561580123281963,0.1427264006568305,0.15,0.15,normalised
38.0,,,0.1535885831831998,0.1452272498836948,1,,,,,,,,,SYNTHETIC_GP3,0.1535885831831998,0.1452272498836948,0.15,0.15,normalised
38.016666666666666,,,0.1522457233663857,0.1582390280919793,1,,,,,,,,,SYNTHETIC_GP3,0.1522457233663857,0.1582390280919793,0.15,0.15,normalised
38.03333333333333,,,0.1422783255940979,0.1489539116780981,1,,,,,,,,,SYNTHETIC_GP3,0.1422783255940979,0.1489539116780981,0.15,0.15,normalised
38.05,,,0.1535161696918827,0.1516030606503817,1,,,,,,,,,SYNTHETIC_GP3,0.1535161696918827,0.1516030606503817,0.15,0.15,normalised
38.06666666666666,,,0.1515012831468062,0.1431100250154419,1,,,,,,,,,SYNTHETIC_GP3,0.1515012831468062,0.1431100250154419,0.15,0.15,normalised
38.083333333333336,,,0.1522672976888018,0.153652157107103,1,,,,,,,,,SYNTHETIC_GP3,0.1522672976888018,0.153652157107103,0.15,0.15,normalised
38.1,,,0.1488043645385847,0.1499788122056942,1,,,,,,,,,SYNTHETIC_GP3,0.1488043645385847,0.1499788122056942,0.15,0.15,normalised
38.11666666666667,,,0.1571380798756169,0.1459235529770243,1,,,,,,,,,SYNTHETIC_GP3,0.1571380798756169,0.1459235529770243,0.15,0.15,normalised
38.13333333333333,,,0.1518547612016807,0.1529831523595553,1,,,,,,,,,SYNTHETIC_GP3,0.1518547612016807,0.1529831523595553,0.15,0.15,normalised
38.15,,,0.1509242894689177,0.1507492965924391,1,,,,,,,,,SYNTHETIC_GP3,0.1509242894689177,0.1507492965924391,0.15,0.15,normalised
38.16666666666666,,,0.1456673327725861,0.1402304550218789,1,,,,,,,,,SYNTHETIC_GP3,0.1456673327725861,0.1402304550218789,0.15,0.15,normalised
38.18333333333333,,,0.1511027752139098,0.1516784678916897,1,,,,,,,,,SYNTHETIC_GP3,0.1511027752139098,0.1516784678916897,0.15,0.15,normalised
38.2,,,0.1475147369520182,0.1499501777190447,1,,,,,,,,,SYNTHETIC_GP3,0.1475147369520182,0.1499501777190447,0.15,0.15,normalised
38.21666666666667,,,0.1573539721095757,0.1441135454157635,1,,,,,,,,,SYNTHETIC_GP3,0.1573539721095757,0.1441135454157635,0.15,0.15,normalised
38.23333333333333,,,0.1528736163338269,0.1474013832237099,1,,,,,,,,,SYNTHETIC_GP3,0.1528736163338269,0.1474013832237099,0.15,0.15,normalised
38.25,,,0.1494566428955069,0.1462001416921595,1,,,,,,,,,SYNTHETIC_GP3,0.1494566428955069,0.1462001416921595,0.15,0.15,normalised
38.266666666666666,,,0.1511455182698002,0.1542679950815736,1,,,,,,,,,SYNTHETIC_GP3,0.1511455182698002,0.1542679950815736,0.15,0.15,normalised
38.28333333333333,,,0.1576760803042134,0.1517212959130374,1,,,,,,,,,SYNTHETIC_GP3,0.1576760803042134,0.1517212959130374,0.15,0.15,normalised
38.3,,,0.1524317756252746,0.1487671263356592,1,,,,,,,,,SYNTHETIC_GP3,0.1524317756252746,0.1487671263356592,0.15,0.15,normalised
38.31666666666666,,,0.1518185577828946,0.1492259472210408,1,,,,,,,,,SYNTHETIC_GP3,0.1518185577828946,0.1492259472210408,0.15,0.15,normalised
38.333333333333336,,,0.1592978606876801,0.1507834083174111,1,,,,,,,,,SYNTHETIC_GP3,0.1592978606876801,0.1507834083174111,0.15,0.15,normalised
38.35,,,0.50335266524199,0.501732401129994,1,,,,,,,,,SYNTHETIC_GP3,0.50335266524199,0.501732401129994,0.5,0.5,normalised
38.36666666666667,,,0.5054887008562465,0.5039664284262309,1,,,,,,,,,SYNTHETIC_GP3,0.5054887008562465,0.5039664284262309,0.5,0.5,normalised
38.38333333333333,,,0.500462337362197,0.505772531183754,1,,,,,,,,,SYNTHETIC_GP3,0.500462337362197,0.505772531183754,0.5,0.5,normalised
38.4,,,0.5003452283816218,0.4956903483468651,1,,,,,,,,,SYNTHETIC_GP3,0.5003452283816218,0.4956903483468651,0.5,0.5,normalised
38.41666666666666,,,0.5052434826396572,0.4967315759304814,1,,,,,,,,,SYNTHETIC_GP3,0.5052434826396572,0.4967315759304814,0.5,0.5,normalised
38.43333333333333,,,0.501677502416818,0.4987669068386377,1,,,,,,,,,SYNTHETIC_GP3,0.501677502416818,0.4987669068386377,0.5,0.5,normalised
38.45,,,0.5033033570092151,0.4971608519814136,1,,,,,,,,,SYNTHETIC_GP3,0.5033033570092151,0.4971608519814136,0.5,0.5,normalised
38.46666666666667,,,0.5016080521888676,0.5026873172052664,1,,,,,,,,,SYNTHETIC_GP3,0.5016080521888676,0.5026873172052664,0.5,0.5,normalised
38.48333333333333,,,0.5018677014665245,0.4963612002115641,1,,,,,,,,,SYNTHETIC_GP3,0.5018677014665245,0.4963612002115641,0.5,0.5,normalised
38.5,,,0.5013337776201826,0.4985828153762353,1,,,,,,,,,SYNTHETIC_GP3,0.5013337776201826,0.4985828153762353,0.5,0.5,normalised
38.516666666666666,,,0.496606945891361,0.497866157493705,1,,,,,,,,,SYNTHETIC_GP3,0.496606945891361,0.497866157493705,0.5,0.5,normalised
38.53333333333333,,,0.5070832692970526,0.5024224866027772,1,,,,,,,,,SYNTHETIC_GP3,0.5070832692970526,0.5024224866027772,0.5,0.5,normalised
38.55,,,0.4994696269177075,0.5043942827068864,1,,,,,,,,,SYNTHETIC_GP3,0.4994696269177075,0.5043942827068864,0.5,0.5,normalised
38.56666666666666,,,0.4970805026141847,0.49621840753568,1,,,,,,,,,SYNTHETIC_GP3,0.4970805026141847,0.49621840753568,0.5,0.5,normalised
38.583333333333336,,,0.5021886762972271,0.4963788839943746,1,,,,,,,,,SYNTHETIC_GP3,0.5021886762972271,0.4963788839943746,0.5,0.5,normalised
38.6,,,0.4992412366286478,0.5035341910792238,1,,,,,,,,,SYNTHETIC_GP3,0.4992412366286478,0.5035341910792238,0.5,0.5,normalised
38.61666666666667,,,0.5069107823289601,0.5028316093093367,1,,,,,,,,,SYNTHETIC_GP3,0.5069107823289601,0.5028316093093367,0.5,0.5,normalised
38.63333333333333,,,0.5044285302945889,0.501839876916931,1,,,,,,,,,SYNTHETIC_GP3,0.5044285302945889,0.501839876916931,0.5,0.5,normalised
38.65,,,0.4995188295410973,0.5064737756237379,1,,,,,,,,,SYNTHETIC_GP3,0.4995188295410973,0.5064737756237379,0.5,0.5,normalised
38.66666666666666,,,0.4983268971014749,0.5015659384323775,1,,,,,,,,,SYNTHETIC_GP3,0.4983268971014749,0.5015659384323775,0.5,0.5,normalised
38.68333333333333,,,0.5044400808278808,0.4995947165985105,1,,,,,,,,,SYNTHETIC_GP3,0.5044400808278808,0.4995947165985105,0.5,0.5,normalised
38.7,,,0.4990825972906813,0.4960298114948069,1,,,,,,,,,SYNTHETIC_GP3,0.4990825972906813,0.4960298114948069,0.5,0.5,normalised
38.71666666666667,,,,,0,,,,,,,,,SYNTHETIC_GP3,,,0.5,0.5,normalised
38.73333333333333,,,0.495221510260999,0.5026800611872018,1,,,,,,,,,SYNTHETIC_GP3,0.495221510260999,0.5026800611872018,0.5,0.5,normalised
38.75,,,0.5046924163380802,0.502665901297287,1,,,,,,,,,SYNTHETIC_GP3,0.5046924163380802,0.502665901297287,0.5,0.5,normalised
38.766666666666666,,,0.4956217033836799,0.4958940727217047,1,,,,,,,,,SYNTHETIC_GP3,0.4956217033836799,0.4958940727217047,0.5,0.5,normalised
38.78333333333333,,,0.4971450819587485,0.4944368167619386,1,,,,,,,,,SYNTHETIC_GP3,0.4971450819587485,0.4944368167619386,0.5,0.5,normalised
38.8,,,0.5046202112783859,0.4904514503853561,1,,,,,,,,,SYNTHETIC_GP3,0.5046202112783859,0.4904514503853561,0.5,0.5,normalised
38.81666666666666,,,0.5050773421628265,0.4980155486287824,1,,,,,,,,,SYNTHETIC_GP3,0.5050773421628265,0.4980155486287824,0.5,0.5,normalised
38.833333333333336,,,0.4971790266705335,0.5024768799344242,1,,,,,,,,,SYNTHETIC_GP3,0.4971790266705335,0.5024768799344242,0.5,0.5,normalised
38.85,,,0.4994131491150052,0.5017171717739503,1,,,,,,,,,SYNTHETIC_GP3,0.4994131491150052,0.5017171717739503,0.5,0.5,normalised
38.86666666666667,,,0.5057537078245583,0.4989231622812869,1,,,,,,,,,SYNTHETIC_GP3,0.5057537078245583,0.4989231622812869,0.5,0.5,normalised
38.88333333333333,,,0.5026963404741474,0.4954336469987077,1,,,,,,,,,SYNTHETIC_GP3,0.5026963404741474,0.4954336469987077,0.5,0.5,normalised
38.9,,,0.5000026440454899,0.5065246101045868,1,,,,,,,,,SYNTHETIC_GP3,0.5000026440454899,0.5065246101045868,0.5,0.5,normalised
38.91666666666666,,,0.5023232320364699,0.499170044192283,1,,,,,,,,,SYNTHETIC_GP3,0.5023232320364699,0.499170044192283,0.5,0.5,normalised
38.93333333333333,,,0.5035232702758177,0.4988800401313816,1,,,,,,,,,SYNTHETIC_GP3,0.5035232702758177,0.4988800401313816,0.5,0.5,normalised
38.95,,,0.4974496804396366,0.5045951346583635,1,,,,,,,,,SYNTHETIC_GP3,0.4974496804396366,0.5045951346583635,0.5,0.5,normalised
38.96666666666667,,,0.4977873995608295,0.5044642635428702,1,,,,,,,,,SYNTHETIC_GP3,0.4977873995608295,0.5044642635428702,0.5,0.5,normalised
38.98333333333333,,,0.5063077964392115,0.5001657795445217,1,,,,,,,,,SYNTHETIC_GP3,0.5063077964392115,0.5001657795445217,0.5,0.5,normalised
39.0,,,0.15887224357868,0.1441341192019922,1,,,,,,,,,SYNTHETIC_GP3,0.15887224357868,0.1441341192019922,0.15,0.15,normalised
39.016666666666666,,,0.1554793219170251,0.152031992255407,1,,,,,,,,,SYNTHETIC_GP3,0.1554793219170251,0.152031992255407,0.15,0.15,normalised
39.03333333333333,,,0.1511064609299477,0.1527017582108956,1,,,,,,,,,SYNTHETIC_GP3,0.1511064609299477,0.1527017582108956,0.15,0.15,normalised
39.05,,,0.1491423301074141,0.1482160322354676,1,,,,,,,,,SYNTHETIC_GP3,0.1491423301074141,0.1482160322354676,0.15,0.15,normalised
39.06666666666666,,,0.1520973645119255,0.155883453077392,1,,,,,,,,,SYNTHETIC_GP3,0.1520973645119255,0.155883453077392,0.15,0.15,normalised
39.083333333333336,,,0.156070409072838,0.1474931100697113,1,,,,,,,,,SYNTHETIC_GP3,0.156070409072838,0.1474931100697113,0.15,0.15,normalised
39.1,,,0.1569049838628194,0.1513000352097527,1,,,,,,,,,SYNTHETIC_GP3,0.1569049838628194,0.1513000352097527,0.15,0.15,normalised
39.11666666666667,,,0.1518313395336547,0.1463776846682948,1,,,,,,,,,SYNTHETIC_GP3,0.1518313395336547,0.1463776846682948,0.15,0.15,normalised
39.13333333333333,,,0.1534753519336269,0.1471452264615712,1,,,,,,,,,SYNTHETIC_GP3,0.1534753519336269,0.1471452264615712,0.15,0.15,normalised
39.15,,,0.1460999967031973,0.1517491415343949,1,,,,,,,,,SYNTHETIC_GP3,0.1460999967031973,0.1517491415343949,0.15,0.15,normalised
39.16666666666666,,,0.151330501237201,0.1556662938399835,1,,,,,,,,,SYNTHETIC_GP3,0.151330501237201,0.1556662938399835,0.15,0.15,normalised
39.18333333333333,,,0.1577171951995451,0.1421419521742965,1,,,,,,,,,SYNTHETIC_GP3,0.1577171951995451,0.1421419521742965,0.15,0.15,normalised
39.2,,,0.151313439313066,0.1559512495873811,1,,,,,,,,,SYNTHETIC_GP3,0.151313439313066,0.1559512495873811,0.15,0.15,normalised
39.21666666666667,,,0.1537024013670075,0.1512455412309877,1,,,,,,,,,SYNTHETIC_GP3,0.1537024013670075,0.1512455412309877,0.15,0.15,normalised
39.23333333333333,,,0.1554638209984874,0.1415821916721754,1,,,,,,,,,SYNTHETIC_GP3,0.1554638209984874,0.1415821916721754,0.15,0.15,normalised
39.25,,,0.1551474165039439,0.1462603606583586,1,,,,,,,,,SYNTHETIC_GP3,0.1551474165039439,0.1462603606583586,0.15,0.15,normalised
39.266666666666666,,,0.152267745931225,0.1534863129324368,1,,,,,,,,,SYNTHETIC_GP3,0.152267745931225,0.1534863129324368,0.15,0.15,normalised
39.28333333333333,,,0.1496320275986427,0.1420278804744602,1,,,,,,,,,SYNTHETIC_GP3,0.1496320275986427,0.1420278804744602,0.15,0.15,normalised
39.3,,,0.1432280765050627,0.1459491636817478,1,,,,,,,,,SYNTHETIC_GP3,0.1432280765050627,0.1459491636817478,0.15,0.15,normalised
39.31666666666666,,,0.1472396532043662,0.1534219848054927,1,,,,,,,,,SYNTHETIC_GP3,0.1472396532043662,0.1534219848054927,0.15,0.15,normalised
39.333333333333336,,,0.1506399212211121,0.1572904251373105,1,,,,,,,,,SYNTHETIC_GP3,0.1506399212211121,0.1572904251373105,0.15,0.15,normalised
39.35,,,0.1547366443776981,0.1427302094531805,1,,,,,,,,,SYNTHETIC_GP3,0.1547366443776981,0.1427302094531805,0.15,0.15,normalised
39.36666666666667,,,0.1526925631254071,0.1508093188179091,1,,,,,,,,,SYNTHETIC_GP3,0.1526925631254071,0.1508093188179091,0.15,0.15,normalised
39.38333333333333,,,0.1564464775450063,0.1539606919841999,1,,,,,,,,,SYNTHETIC_GP3,0.1564464775450063,0.1539606919841999,0.15,0.15,normalised
39.4,,,0.1470057990702737,0.1480854611204373,1,,,,,,,,,SYNTHETIC_GP3,0.1470057990702737,0.1480854611204373,0.15,0.15,normalised
39.41666666666666,,,0.1447714530760147,0.1479418190000483,1,,,,,,,,,SYNTHETIC_GP3,0.1447714530760147,0.1479418190000483,0.15,0.15,normalised
39.43333333333333,,,0.1542753380151685,0.1468634217741739,1,,,,,,,,,SYNTHETIC_GP3,0.1542753380151685,0.1468634217741739,0.15,0.15,normalised
39.45,,,0.1589872995424555,0.150510944705202,1,,,,,,,,,SYNTHETIC_GP3,0.1589872995424555,0.150510944705202,0.15,0.15,normalised
39.46666666666667,,,0.1526636021323356,0.1491977206662454,1,,,,,,,,,SYNTHETIC_GP3,0.1526636021323356,0.1491977206662454,0.15,0.15,normalised
39.48333333333333,,,0.149688957467836,0.1471917168357817,1,,,,,,,,,SYNTHETIC_GP3,0.149688957467836,0.1471917168357817,0.15,0.15,normalised
39.5,,,0.1554144497684713,0.1453881823542734,1,,,,,,,,,SYNTHETIC_GP3,0.1554144497684713,0.1453881823542734,0.15,0.15,normalised
39.516666666666666,,,0.1574994006398699,0.1534893508733557,1,,,,,,,,,SYNTHETIC_GP3,0.1574994006398699,0.1534893508733557,0.15,0.15,normalised
39.53333333333333,,,0.1470296739295299,0.1447426289539346,1,,,,,,,,,SYNTHETIC_GP3,0.1470296739295299,0.1447426289539346,0.15,0.15,normalised
39.55,,,0.1505099350208847,0.148894302075311,1,,,,,,,,,SYNTHETIC_GP3,0.1505099350208847,0.148894302075311,0.15,0.15,normalised
39.56666666666666,,,0.1559056717968128,0.1475140407047252,1,,,,,,,,,SYNTHETIC_GP3,0.1559056717968128,0.1475140407047252,0.15,0.15,normalised
39.583333333333336,,,0.152865453635122,0.1519988067152571,1,,,,,,,,,SYNTHETIC_GP3,0.152865453635122,0.1519988067152571,0.15,0.15,normalised
39.6,,,0.1487020164490364,0.1533522023497275,1,,,,,,,,,SYNTHETIC_GP3,0.1487020164490364,0.1533522023497275,0.15,0.15,normalised
39.61666666666667,,,0.1506948736211809,0.1493033147933839,1,,,,,,,,,SYNTHETIC_GP3,0.1506948736211809,0.1493033147933839,0.15,0.15,normalised
39.63333333333333,,,0.1483574877288815,0.1510823656036383,1,,,,,,,,,SYNTHETIC_GP3,0.1483574877288815,0.1510823656036383,0.15,0.15,normalised
39.65,,,0.1460569578508561,0.1468346775322671,1,,,,,,,,,SYNTHETIC_GP3,0.1460569578508561,0.1468346775322671,0.15,0.15,normalised
39.66666666666666,,,0.1531349883314291,0.1561324705105476,1,,,,,,,,,SYNTHETIC_GP3,0.1531349883314291,0.1561324705105476,0.15,0.15,normalised
39.68333333333333,,,0.1467168978763252,0.1463201083425371,1,,,,,,,,,SYNTHETIC_GP3,0.1467168978763252,0.1463201083425371,0.15,0.15,normalised
39.7,,,0.1514010830409927,0.158340714977176,1,,,,,,,,,SYNTHETIC_GP3,0.1514010830409927,0.158340714977176,0.15,0.15,normalised
39.71666666666667,,,0.1481436279714874,0.1432029891303655,1,,,,,,,,,SYNTHETIC_GP3,0.1481436279714874,0.1432029891303655,0.15,0.15,normalised
39.73333333333333,,,0.1535919525309758,0.1474246375857519,1,,,,,,,,,SYNTHETIC_GP3,0.1535919525309758,0.1474246375857519,0.15,0.15,normalised
39.75,,,0.1504330650786761,0.1498922106710489,1,,,,,,,,,SYNTHETIC_GP3,0.1504330650786761,0.1498922106710489,0.15,0.15,normalised
39.766666666666666,,,0.1508170868575906,0.1481652555446956,1,,,,,,,,,SYNTHETIC_GP3,0.1508170868575906,0.1481652555446956,0.15,0.15,normalised
39.78333333333333,,,0.145692649684576,0.1388068636792656,1,,,,,,,,,SYNTHETIC_GP3,0.145692649684576,0.1388068636792656,0.15,0.15,normalised
39.8,,,0.1527596909008045,0.1538545408361676,1,,,,,,,,,SYNTHETIC_GP3,0.1527596909008045,0.1538545408361676,0.15,0.15,normalised
39.81666666666666,,,0.1500727982685463,0.147217255669791,1,,,,,,,,,SYNTHETIC_GP3,0.1500727982685463,0.147217255669791,0.15,0.15,normalised
39.833333333333336,,,0.148629087039871,0.1541197503291907,1,,,,,,,,,SYNTHETIC_GP3,0.148629087039871,0.1541197503291907,0.15,0.15,normalised
39.85,,,0.1534689239639239,0.1470357296920743,1,,,,,,,,,SYNTHETIC_GP3,0.1534689239639239,0.1470357296920743,0.15,0.15,normalised
39.86666666666667,,,0.1554050281208553,0.1509140412573422,1,,,,,,,,,SYNTHETIC_GP3,0.1554050281208553,0.1509140412573422,0.15,0.15,normalised
39.88333333333333,,,0.1584956467652295,0.1531256798924709,1,,,,,,,,,SYNTHETIC_GP3,0.1584956467652295,0.1531256798924709,0.15,0.15,normalised
39.9,,,0.1525541778066335,0.1456178748544676,1,,,,,,,,,SYNTHETIC_GP3,0.1525541778066335,0.1456178748544676,0.15,0.15,normalised
39.91666666666666,,,0.1527120274080249,0.1529705827601477,1,,,,,,,,,SYNTHETIC_GP3,0.1527120274080249,0.1529705827601477,0.15,0.15,normalised
39.93333333333333,,,0.1480539486865646,0.1499262003320569,1,,,,,,,,,SYNTHETIC_GP3,0.1480539486865646,0.1499262003320569,0.15,0.15,normalised
39.95,,,0.1491096598849166,0.1481972857005684,1,,,,,,,,,SYNTHETIC_GP3,0.1491096598849166,0.1481972857005684,0.15,0.15,normalised
39.96666666666667,,,0.1564328818880717,0.15666534162167,1,,,,,,,,,SYNTHETIC_GP3,0.1564328818880717,0.15666534162167,0.15,0.15,normalised
39.98333333333333,,,0.1500260301351037,0.1564454306538929,1,,,,,,,,,SYNTHETIC_GP3,0.1500260301351037,0.1564454306538929,0.15,0.15,normalised
40.0,,,0.1590333831633784,0.1578937171990237,1,,,,,,,,,SYNTHETIC_GP3,0.1590333831633784,0.1578937171990237,0.15,0.15,normalised
40.016666666666666,,,0.1469149889043213,0.1496402729227842,1,,,,,,,,,SYNTHETIC_GP3,0.1469149889043213,0.1496402729227842,0.15,0.15,normalised
40.03333333333333,,,0.1512431324068115,0.1432851806452647,1,,,,,,,,,SYNTHETIC_GP3,0.1512431324068115,0.1432851806452647,0.15,0.15,normalised
40.05,,,0.1511212211363332,0.1424919802764907,1,,,,,,,,,SYNTHETIC_GP3,0.1511212211363332,0.1424919802764907,0.15,0.15,normalised
40.06666666666666,,,0.1492189596272378,0.1502133458110696,1,,,,,,,,,SYNTHETIC_GP3,0.1492189596272378,0.1502133458110696,0.15,0.15,normalised
40.083333333333336,,,0.1506847911211796,0.1466303487436186,1,,,,,,,,,SYNTHETIC_GP3,0.1506847911211796,0.1466303487436186,0.15,0.15,normalised
40.1,,,0.151145238570336,0.1506517374902167,1,,,,,,,,,SYNTHETIC_GP3,0.151145238570336,0.1506517374902167,0.15,0.15,normalised
40.11666666666667,,,0.1525914863554855,0.1474282640999841,1,,,,,,,,,SYNTHETIC_GP3,0.1525914863554855,0.1474282640999841,0.15,0.15,normalised
40.13333333333333,,,0.1515730562358382,0.1427017466554707,1,,,,,,,,,SYNTHETIC_GP3,0.1515730562358382,0.1427017466554707,0.15,0.15,normalised
40.15,,,0.1560570359537451,0.1493698665999446,1,,,,,,,,,SYNTHETIC_GP3,0.1560570359537451,0.1493698665999446,0.15,0.15,normalised
40.16666666666666,,,0.1618615508028386,0.1543715348231506,1,,,,,,,,,SYNTHETIC_GP3,0.1618615508028386,0.1543715348231506,0.15,0.15,normalised
40.18333333333333,,,0.1549046856253964,0.1477220156792031,1,,,,,,,,,SYNTHETIC_GP3,0.1549046856253964,0.1477220156792031,0.15,0.15,normalised
40.2,,,0.1535311561759968,0.1466134812516499,1,,,,,,,,,SYNTHETIC_GP3,0.1535311561759968,0.1466134812516499,0.15,0.15,normalised
40.21666666666667,,,0.1480025810550055,0.1438301145604312,1,,,,,,,,,SYNTHETIC_GP3,0.1480025810550055,0.1438301145604312,0.15,0.15,normalised
40.23333333333333,,,0.1497810790767623,0.1497886709656386,1,,,,,,,,,SYNTHETIC_GP3,0.1497810790767623,0.1497886709656386,0.15,0.15,normalised
40.25,,,0.1451876226497516,0.150702145079999,1,,,,,,,,,SYNTHETIC_GP3,0.1451876226497516,0.150702145079999,0.15,0.15,normalised
40.266666666666666,,,0.1538979855813393,0.1486834376682138,1,,,,,,,,,SYNTHETIC_GP3,0.1538979855813393,0.1486834376682138,0.15,0.15,normalised
40.28333333333333,,,0.1460632293185796,0.1508637183288395,1,,,,,,,,,SYNTHETIC_GP3,0.1460632293185796,0.1508637183288395,0.15,0.15,normalised
40.3,,,0.1546970636561495,0.1539542607561146,1,,,,,,,,,SYNTHETIC_GP3,0.1546970636561495,0.1539542607561146,0.15,0.15,normalised
40.31666666666666,,,0.1489616118578381,0.1513148455570358,1,,,,,,,,,SYNTHETIC_GP3,0.1489616118578381,0.1513148455570358,0.15,0.15,normalised
40.333333333333336,,,0.1534177197771879,0.1382009531706492,1,,,,,,,,,SYNTHETIC_GP3,0.1534177197771879,0.1382009531706492,0.15,0.15,normalised
40.35,,,0.1540675858690388,0.1539765958458435,1,,,,,,,,,SYNTHETIC_GP3,0.1540675858690388,0.1539765958458435,0.15,0.15,normalised
40.36666666666667,,,0.1444577259787366,0.1497022652921658,1,,,,,,,,,SYNTHETIC_GP3,0.1444577259787366,0.1497022652921658,0.15,0.15,normalised
40.38333333333333,,,0.1488191081338465,0.1434666685440023,1,,,,,,,,,SYNTHETIC_GP3,0.1488191081338465,0.1434666685440023,0.15,0.15,normalised
40.4,,,,,0,,,,,,,,,SYNTHETIC_GP3,,,0.15,0.15,normalised
40.41666666666666,,,0.1539116907034145,0.1457009302687693,1,,,,,,,,,SYNTHETIC_GP3,0.1539116907034145,0.1457009302687693,0.15,0.15,normalised
40.43333333333333,,,0.1551944570486479,0.1445799303914144,1,,,,,,,,,SYNTHETIC_GP3,0.1551944570486479,0.1445799303914144,0.15,0.15,normalised
40.45,,,0.1506310905923504,0.1503469805540748,1,,,,,,,,,SYNTHETIC_GP3,0.1506310905923504,0.1503469805540748,0.15,0.15,normalised
40.46666666666667,,,0.1516289965112401,0.1527909924530828,1,,,,,,,,,SYNTHETIC_GP3,0.1516289965112401,0.1527909924530828,0.15,0.15,normalised
40.48333333333333,,,0.1591385250722812,0.1546089737601533,1,,,,,,,,,SYNTHETIC_GP3,0.1591385250722812,0.1546089737601533,0.15,0.15,normalised
40.5,,,0.1527970722025934,0.1483897554722081,1,,,,,,,,,SYNTHETIC_GP3,0.1527970722025934,0.1483897554722081,0.15,0.15,normalised
40.516666666666666,,,0.1552892328624055,0.1502318715414368,1,,,,,,,,,SYNTHETIC_GP3,0.1552892328624055,0.1502318715414368,0.15,0.15,normalised
40.53333333333333,,,0.1509471585478337,0.1474977991996952,1,,,,,,,,,SYNTHETIC_GP3,0.1509471585478337,0.1474977991996952,0.15,0.15,normalised
40.55,,,0.1459815018126935,0.1449513948903019,1,,,,,,,,,SYNTHETIC_GP3,0.1459815018126935,0.1449513948903019,0.15,0.15,normalised
40.56666666666666,,,0.1538657588012621,0.1385313550801258,1,,,,,,,,,SYNTHETIC_GP3,0.1538657588012621,0.1385313550801258,0.15,0.15,normalised
40.583333333333336,,,0.1541819916351481,0.1528832718765125,1,,,,,,,,,SYNTHETIC_GP3,0.1541819916351481,0.1528832718765125,0.15,0.15,normalised
40.6,,,0.1557721413698392,0.1502573753455589,1,,,,,,,,,SYNTHETIC_GP3,0.1557721413698392,0.1502573753455589,0.15,0.15,normalised
40.61666666666667,,,0.1484029054000349,0.1512290196270831,1,,,,,,,,,SYNTHETIC_GP3,0.1484029054000349,0.1512290196270831,0.15,0.15,normalised
40.63333333333333,,,0.1491734398992215,0.1487369952363075,1,,,,,,,,,SYNTHETIC_GP3,0.1491734398992215,0.1487369952363075,0.15,0.15,normalised
40.65,,,0.1433570635976856,0.1515000945290041,1,,,,,,,,,SYNTHETIC_GP3,0.1433570635976856,0.1515000945290041,0.15,0.15,normalised
40.66666666666666,,,0.15424313186038,0.146334493825811,1,,,,,,,,,SYNTHETIC_GP3,0.15424313186038,0.146334493825811,0.15,0.15,normalised
40.68333333333333,,,0.1552532781145974,0.1542064060479765,1,,,,,,,,,SYNTHETIC_GP3,0.1552532781145974,0.1542064060479765,0.15,0.15,normalised
40.7,,,0.14931228945666,0.1537922327692123,1,,,,,,,,,SYNTHETIC_GP3,0.14931228945666,0.1537922327692123,0.15,0.15,normalised
40.71666666666667,,,0.1502368457695458,0.1551167505201354,1,,,,,,,,,SYNTHETIC_GP3,0.1502368457695458,0.1551167505201354,0.15,0.15,normalised
40.73333333333333,,,0.151139751730229,0.1452716795534542,1,,,,,,,,,SYNTHETIC_GP3,0.151139751730229,0.1452716795534542,0.15,0.15,normalised
40.75,,,0.1583612718707823,0.1515838212037664,1,,,,,,,,,SYNTHETIC_GP3,0.1583612718707823,0.1515838212037664,0.15,0.15,normalised
40.766666666666666,,,0.1556279461579624,0.1472487113027349,1,,,,,,,,,SYNTHETIC_GP3,0.1556279461579624,0.1472487113027349,0.15,0.15,normalised
40.78333333333333,,,0.1565601643612475,0.1473521555090975,1,,,,,,,,,SYNTHETIC_GP3,0.1565601643612475,0.1473521555090975,0.15,0.15,normalised
40.8,,,0.1514112510168628,0.1496455844800955,1,,,,,,,,,SYNTHETIC_GP3,0.1514112510168628,0.1496455844800955,0.15,0.15,normalised
40.81666666666666,,,0.1502213390676726,0.1481806288330947,1,,,,,,,,,SYNTHETIC_GP3,0.1502213390676726,0.1481806288330947,0.15,0.15,normalised
40.833333333333336,,,0.1564040912851944,0.1425320653765252,1,,,,,,,,,SYNTHETIC_GP3,0.1564040912851944,0.1425320653765252,0.15,0.15,normalised
40.85,,,0.1453680987473932,0.1514545175006772,1,,,,,,,,,SYNTHETIC_GP3,0.1453680987473932,0.1514545175006772,0.15,0.15,normalised
40.86666666666667,,,0.1540503327294383,0.1515789665897463,1,,,,,,,,,SYNTHETIC_GP3,0.1540503327294383,0.1515789665897463,0.15,0.15,normalised
40.88333333333333,,,0.1468017309917952,0.1494558874089334,1,,,,,,,,,SYNTHETIC_GP3,0.1468017309917952,0.1494558874089334,0.15,0.15,normalised
40.9,,,0.1551400563109709,0.1493483859469743,1,,,,,,,,,SYNTHETIC_GP3,0.1551400563109709,0.1493483859469743,0.15,0.15,normalised
40.91666666666666,,,0.1540307580402456,0.1449569041782961,1,,,,,,,,,SYNTHETIC_GP3,0.1540307580402456,0.1449569041782961,0.15,0.15,normalised
40.93333333333333,,,0.1484438797896406,0.1507407367441982,1,,,,,,,,,SYNTHETIC_GP3,0.1484438797896406,0.1507407367441982,0.15,0.15,normalised
40.95,,,0.1528727847882056,0.1561692574347374,1,,,,,,,,,SYNTHETIC_GP3,0.1528727847882056,0.1561692574347374,0.15,0.15,normalised
40.96666666666667,,,0.1474625140069058,0.1444657662170441,1,,,,,,,,,SYNTHETIC_GP3,0.1474625140069058,0.1444657662170441,0.15,0.15,normalised
40.98333333333333,,,0.1478007989678134,0.147139343265025,1,,,,,,,,,SYNTHETIC_GP3,0.1478007989678134,0.147139343265025,0.15,0.15,normalised
41.0,,,0.1504168547290693,0.1463037245231941,1,,,,,,,,,SYNTHETIC_GP3,0.1504168547290693,0.1463037245231941,0.15,0.15,normalised
41.016666666666666,,,0.148945195774492,0.1463622794366028,1,,,,,,,,,SYNTHETIC_GP3,0.148945195774492,0.1463622794366028,0.15,0.15,normalised
41.03333333333333,,,0.1559422349690146,0.1518012681816147,1,,,,,,,,,SYNTHETIC_GP3,0.1559422349690146,0.1518012681816147,0.15,0.15,normalised
41.05,,,0.1603350501716058,0.1553337496847141,1,,,,,,,,,SYNTHETIC_GP3,0.1603350501716058,0.1553337496847141,0.15,0.15,normalised
41.06666666666666,,,0.1520027073603078,0.1552319742881135,1,,,,,,,,,SYNTHETIC_GP3,0.1520027073603078,0.1552319742881135,0.15,0.15,normalised
41.083333333333336,,,0.1519675904233075,0.1436563683254253,1,,,,,,,,,SYNTHETIC_GP3,0.1519675904233075,0.1436563683254253,0.15,0.15,normalised
41.1,,,0.154965171434374,0.1488948723950882,1,,,,,,,,,SYNTHETIC_GP3,0.154965171434374,0.1488948723950882,0.15,0.15,normalised
41.11666666666667,,,0.1507014603991877,0.1474267484128743,1,,,,,,,,,SYNTHETIC_GP3,0.1507014603991877,0.1474267484128743,0.15,0.15,normalised
41.13333333333333,,,0.1537778003428072,0.1536690767776062,1,,,,,,,,,SYNTHETIC_GP3,0.1537778003428072,0.1536690767776062,0.15,0.15,normalised
41.15,,,0.1444467576153494,0.1550300308784055,1,,,,,,,,,SYNTHETIC_GP3,0.1444467576153494,0.1550300308784055,0.15,0.15,normalised
41.16666666666666,,,0.1491887936980891,0.1471953843044028,1,,,,,,,,,SYNTHETIC_GP3,0.1491887936980891,0.1471953843044028,0.15,0.15,normalised
41.18333333333333,,,0.1457921159435173,0.1418322061757227,1,,,,,,,,,SYNTHETIC_GP3,0.1457921159435173,0.1418322061757227,0.15,0.15,normalised
41.2,,,0.1443112018978767,0.1513657694926711,1,,,,,,,,,SYNTHETIC_GP3,0.1443112018978767,0.1513657694926711,0.15,0.15,normalised
41.21666666666667,,,0.1557556894941345,0.1488513749761815,1,,,,,,,,,SYNTHETIC_GP3,0.1557556894941345,0.1488513749761815,0.15,0.15,normalised
41.23333333333333,,,0.1507428982848285,0.15254896903905,1,,,,,,,,,SYNTHETIC_GP3,0.1507428982848285,0.15254896903905,0.15,0.15,normalised
41.25,,,0.1582234583390737,0.1510771778119197,1,,,,,,,,,SYNTHETIC_GP3,0.1582234583390737,0.1510771778119197,0.15,0.15,normalised
41.266666666666666,,,0.1579683361552636,0.1496797275506889,1,,,,,,,,,SYNTHETIC_GP3,0.1579683361552636,0.1496797275506889,0.15,0.15,normalised
41.28333333333333,,,0.1516928709200361,0.1462569033407068,1,,,,,,,,,SYNTHETIC_GP3,0.1516928709200361,0.1462569033407068,0.15,0.15,normalised
41.3,,,0.1502787824332123,0.1446265482547956,1,,,,,,,,,SYNTHETIC_GP3,0.1502787824332123,0.1446265482547956,0.15,0.15,normalised
41.31666666666666,,,0.1489235528416037,0.1520436039638846,1,,,,,,,,,SYNTHETIC_GP3,0.1489235528416037,0.1520436039638846,0.15,0.15,normalised
41.333333333333336,,,0.1421806163046044,0.1453671683650473,1,,,,,,,,,SYNTHETIC_GP3,0.1421806163046044,0.1453671683650473,0.15,0.15,normalised
41.35,,,0.499805187956542,0.4991620465711985,1,,,,,,,,,SYNTHETIC_GP3,0.499805187956542,0.4991620465711985,0.5,0.5,normalised
41.36666666666667,,,0.5008439871833074,0.4971992253075172,1,,,,,,,,,SYNTHETIC_GP3,0.5008439871833074,0.4971992253075172,0.5,0.5,normalised
41.38333333333333,,,0.4992461118207266,0.4955463777980686,1,,,,,,,,,SYNTHETIC_GP3,0.4992461118207266,0.4955463777980686,0.5,0.5,normalised
41.4,,,0.49805203525961,0.4914139141698963,1,,,,,,,,,SYNTHETIC_GP3,0.49805203525961,0.4914139141698963,0.5,0.5,normalised
41.41666666666666,,,0.501587773044815,0.5019402009170809,1,,,,,,,,,SYNTHETIC_GP3,0.501587773044815,0.5019402009170809,0.5,0.5,normalised
41.43333333333333,,,0.5004534015684926,0.5056960234892038,1,,,,,,,,,SYNTHETIC_GP3,0.5004534015684926,0.5056960234892038,0.5,0.5,normalised
41.45,,,0.5024751446155119,0.4922322331773153,1,,,,,,,,,SYNTHETIC_GP3,0.5024751446155119,0.4922322331773153,0.5,0.5,normalised
41.46666666666667,,,0.4979815363610015,0.5042109011874514,1,,,,,,,,,SYNTHETIC_GP3,0.4979815363610015,0.5042109011874514,0.5,0.5,normalised
41.48333333333333,,,0.5094469462401506,0.4892959908156087,1,,,,,,,,,SYNTHETIC_GP3,0.5094469462401506,0.4892959908156087,0.5,0.5,normalised
41.5,,,0.5040890764357646,0.5028858122728423,1,,,,,,,,,SYNTHETIC_GP3,0.5040890764357646,0.5028858122728423,0.5,0.5,normalised
41.516666666666666,,,0.501278386020536,0.4972683216933203,1,,,,,,,,,SYNTHETIC_GP3,0.501278386020536,0.4972683216933203,0.5,0.5,normalised
41.53333333333333,,,0.4987913159704878,0.4996331256392231,1,,,,,,,,,SYNTHETIC_GP3,0.4987913159704878,0.4996331256392231,0.5,0.5,normalised
41.55,,,0.49804949271978,0.497212918545061,1,,,,,,,,,SYNTHETIC_GP3,0.49804949271978,0.497212918545061,0.5,0.5,normalised
41.56666666666666,,,0.5050713087132984,0.5093958820123954,1,,,,,,,,,SYNTHETIC_GP3,0.5050713087132984,0.5093958820123954,0.5,0.5,normalised
41.583333333333336,,,0.5002799162784352,0.4982601582530611,1,,,,,,,,,SYNTHETIC_GP3,0.5002799162784352,0.4982601582530611,0.5,0.5,normalised
41.6,,,0.5021148165305362,0.4910896576434123,1,,,,,,,,,SYNTHETIC_GP3,0.5021148165305362,0.4910896576434123,0.5,0.5,normalised
41.61666666666667,,,0.5035677458078495,0.5004788122960999,1,,,,,,,,,SYNTHETIC_GP3,0.5035677458078495,0.5004788122960999,0.5,0.5,normalised
41.63333333333333,,,0.4997449699922417,0.5052599173809825,1,,,,,,,,,SYNTHETIC_GP3,0.4997449699922417,0.5052599173809825,0.5,0.5,normalised
41.65,,,0.5029374297939387,0.4948596611256592,1,,,,,,,,,SYNTHETIC_GP3,0.5029374297939387,0.4948596611256592,0.5,0.5,normalised
41.66666666666666,,,0.4944834418046845,0.5035929870567498,1,,,,,,,,,SYNTHETIC_GP3,0.4944834418046845,0.5035929870567498,0.5,0.5,normalised
41.68333333333333,,,0.4980636475773737,0.4903248333002016,1,,,,,,,,,SYNTHETIC_GP3,0.4980636475773737,0.4903248333002016,0.5,0.5,normalised
41.7,,,0.4941922857156848,0.5051701292359368,1,,,,,,,,,SYNTHETIC_GP3,0.4941922857156848,0.5051701292359368,0.5,0.5,normalised
41.71666666666667,,,0.5002733162770768,0.4944966573230408,1,,,,,,,,,SYNTHETIC_GP3,0.5002733162770768,0.4944966573230408,0.5,0.5,normalised
41.73333333333333,,,0.5002080495720894,0.502491698229514,1,,,,,,,,,SYNTHETIC_GP3,0.5002080495720894,0.502491698229514,0.5,0.5,normalised
41.75,,,0.5089158560655285,0.5020832188772594,1,,,,,,,,,SYNTHETIC_GP3,0.5089158560655285,0.5020832188772594,0.5,0.5,normalised
41.766666666666666,,,0.4987626541979036,0.5037050616943536,1,,,,,,,,,SYNTHETIC_GP3,0.4987626541979036,0.5037050616943536,0.5,0.5,normalised
41.78333333333333,,,0.5024653908934917,0.5046966578520716,1,,,,,,,,,SYNTHETIC_GP3,0.5024653908934917,0.5046966578520716,0.5,0.5,normalised
41.8,,,0.5035443183203162,0.5022767597391407,1,,,,,,,,,SYNTHETIC_GP3,0.5035443183203162,0.5022767597391407,0.5,0.5,normalised
41.81666666666666,,,0.5074474137622308,0.4951418512001906,1,,,,,,,,,SYNTHETIC_GP3,0.5074474137622308,0.4951418512001906,0.5,0.5,normalised
41.833333333333336,,,0.5036865328389638,0.4968521592624763,1,,,,,,,,,SYNTHETIC_GP3,0.5036865328389638,0.4968521592624763,0.5,0.5,normalised
41.85,,,0.5048390506462226,0.4964662242777199,1,,,,,,,,,SYNTHETIC_GP3,0.5048390506462226,0.4964662242777199,0.5,0.5,normalised
41.86666666666667,,,0.5090167556120679,0.5000887347515268,1,,,,,,,,,SYNTHETIC_GP3,0.5090167556120679,0.5000887347515268,0.5,0.5,normalised
41.88333333333333,,,0.4951780617318225,0.4962092895925469,1,,,,,,,,,SYNTHETIC_GP3,0.4951780617318225,0.4962092895925469,0.5,0.5,normalised
41.9,,,0.4995462708133422,0.4973309695143136,1,,,,,,,,,SYNTHETIC_GP3,0.4995462708133422,0.4973309695143136,0.5,0.5,normalised
41.91666666666666,,,0.5003450296566714,0.5017674532016486,1,,,,,,,,,SYNTHETIC_GP3,0.5003450296566714,0.5017674532016486,0.5,0.5,normalised
41.93333333333333,,,0.5015828816449968,0.5055154054980056,1,,,,,,,,,SYNTHETIC_GP3,0.5015828816449968,0.5055154054980056,0.5,0.5,normalised
41.95,,,0.4993173676356865,0.4980903127861073,1,,,,,,,,,SYNTHETIC_GP3,0.4993173676356865,0.4980903127861073,0.5,0.5,normalised
41.96666666666667,,,0.5061078094279162,0.4996254997775131,1,,,,,,,,,SYNTHETIC_GP3,0.5061078094279162,0.4996254997775131,0.5,0.5,normalised
41.98333333333333,,,0.4993687274577051,0.4991199202561414,1,,,,,,,,,SYNTHETIC_GP3,0.4993687274577051,0.4991199202561414,0.5,0.5,normalised
42.0,,,0.8492380811849314,0.1495342286414275,1,,,,,,,,,SYNTHETIC_GP3,0.8492380811849314,0.1495342286414275,0.85,0.15,normalised
42.016666666666666,,,0.8536779940262564,0.1520872447715689,1,,,,,,,,,SYNTHETIC_GP3,0.8536779940262564,0.1520872447715689,0.85,0.15,normalised
42.03333333333333,,,0.8488782100031487,0.1498066469716848,1,,,,,,,,,SYNTHETIC_GP3,0.8488782100031487,0.1498066469716848,0.85,0.15,normalised
42.05,,,0.8476424531176384,0.151575200577454,1,,,,,,,,,SYNTHETIC_GP3,0.8476424531176384,0.151575200577454,0.85,0.15,normalised
42.06666666666666,,,0.8466181205095746,0.1491680389358129,1,,,,,,,,,SYNTHETIC_GP3,0.8466181205095746,0.1491680389358129,0.85,0.15,normalised
42.083333333333336,,,,,0,,,,,,,,,SYNTHETIC_GP3,,,0.85,0.15,normalised
42.1,,,0.8558691939314418,0.148921111984701,1,,,,,,,,,SYNTHETIC_GP3,0.8558691939314418,0.148921111984701,0.85,0.15,normalised
42.11666666666667,,,0.8549782854249157,0.1519223766350547,1,,,,,,,,,SYNTHETIC_GP3,0.8549782854249157,0.1519223766350547,0.85,0.15,normalised
42.13333333333333,,,0.853593662766736,0.1461662221075588,1,,,,,,,,,SYNTHETIC_GP3,0.853593662766736,0.1461662221075588,0.85,0.15,normalised
42.15,,,0.8522679788430558,0.1528221885019984,1,,,,,,,,,SYNTHETIC_GP3,0.8522679788430558,0.1528221885019984,0.85,0.15,normalised
42.16666666666666,,,0.8495751779694863,0.1448603934405659,1,,,,,,,,,SYNTHETIC_GP3,0.8495751779694863,0.1448603934405659,0.85,0.15,normalised
42.18333333333333,,,0.8514161892965963,0.1479351556985087,1,,,,,,,,,SYNTHETIC_GP3,0.8514161892965963,0.1479351556985087,0.85,0.15,normalised
42.2,,,0.8469087948473767,0.1484140506462728,1,,,,,,,,,SYNTHETIC_GP3,0.8469087948473767,0.1484140506462728,0.85,0.15,normalised
42.21666666666667,,,0.8524209185775351,0.140757038641097,1,,,,,,,,,SYNTHETIC_GP3,0.8524209185775351,0.140757038641097,0.85,0.15,normalised
42.23333333333333,,,0.8557848372363895,0.145523618323331,1,,,,,,,,,SYNTHETIC_GP3,0.8557848372363895,0.145523618323331,0.85,0.15,normalised
42.25,,,0.8453144861259739,0.1437730691379821,1,,,,,,,,,SYNTHETIC_GP3,0.8453144861259739,0.1437730691379821,0.85,0.15,normalised
42.266666666666666,,,0.8570597386485537,0.1477144828990437,1,,,,,,,,,SYNTHETIC_GP3,0.8570597386485537,0.1477144828990437,0.85,0.15,normalised
42.28333333333333,,,0.8431710304877125,0.1505093843794205,1,,,,,,,,,SYNTHETIC_GP3,0.8431710304877125,0.1505093843794205,0.85,0.15,normalised
42.3,,,0.8486940959639094,0.1409402625923581,1,,,,,,,,,SYNTHETIC_GP3,0.8486940959639094,0.1409402625923581,0.85,0.15,normalised
42.31666666666666,,,0.8474869730621273,0.1457809617463989,1,,,,,,,,,SYNTHETIC_GP3,0.8474869730621273,0.1457809617463989,0.85,0.15,normalised
42.333333333333336,,,0.8489180171661932,0.1501846286639281,1,,,,,,,,,SYNTHETIC_GP3,0.8489180171661932,0.1501846286639281,0.85,0.15,normalised
42.35,,,0.8503615246300484,0.153224373410001,1,,,,,,,,,SYNTHETIC_GP3,0.8503615246300484,0.153224373410001,0.85,0.15,normalised
42.36666666666667,,,0.8567831009159459,0.1533840136664498,1,,,,,,,,,SYNTHETIC_GP3,0.8567831009159459,0.1533840136664498,0.85,0.15,normalised
42.38333333333333,,,0.8477593470820963,0.148211545854062,1,,,,,,,,,SYNTHETIC_GP3,0.8477593470820963,0.148211545854062,0.85,0.15,normalised
42.4,,,0.8480839965267841,0.1483767650693148,1,,,,,,,,,SYNTHETIC_GP3,0.8480839965267841,0.1483767650693148,0.85,0.15,normalised
42.41666666666666,,,0.8488060694163818,0.1521582482163699,1,,,,,,,,,SYNTHETIC_GP3,0.8488060694163818,0.1521582482163699,0.85,0.15,normalised
42.43333333333333,,,0.8495621878956947,0.1509859688520812,1,,,,,,,,,SYNTHETIC_GP3,0.8495621878956947,0.1509859688520812,0.85,0.15,normalised
42.45,,,0.8492020245636733,0.1539934887420007,1,,,,,,,,,SYNTHETIC_GP3,0.8492020245636733,0.1539934887420007,0.85,0.15,normalised
42.46666666666667,,,0.8464370566695414,0.143887973931593,1,,,,,,,,,SYNTHETIC_GP3,0.8464370566695414,0.143887973931593,0.85,0.15,normalised
42.48333333333333,,,0.8527658121387041,0.1508122006002669,1,,,,,,,,,SYNTHETIC_GP3,0.8527658121387041,0.1508122006002669,0.85,0.15,normalised
42.5,,,0.8512184231227751,0.1511670626502682,1,,,,,,,,,SYNTHETIC_GP3,0.8512184231227751,0.1511670626502682,0.85,0.15,normalised
42.516666666666666,,,0.8557124719270102,0.1525428565156128,1,,,,,,,,,SYNTHETIC_GP3,0.8557124719270102,0.1525428565156128,0.85,0.15,normalised
42.53333333333333,,,0.856679780871417,0.1397502079367866,1,,,,,,,,,SYNTHETIC_GP3,0.856679780871417,0.1397502079367866,0.85,0.15,normalised
42.55,,,0.8455205726084554,0.149074958310381,1,,,,,,,,,SYNTHETIC_GP3,0.8455205726084554,0.149074958310381,0.85,0.15,normalised
42.56666666666666,,,0.8580346413477759,0.1523549046637915,1,,,,,,,,,SYNTHETIC_GP3,0.8580346413477759,0.1523549046637915,0.85,0.15,normalised
42.583333333333336,,,0.8537941901111976,0.1527379875159435,1,,,,,,,,,SYNTHETIC_GP3,0.8537941901111976,0.1527379875159435,0.85,0.15,normalised
42.6,,,0.8568142283098669,0.1525590459847136,1,,,,,,,,,SYNTHETIC_GP3,0.8568142283098669,0.1525590459847136,0.85,0.15,normalised
42.61666666666667,,,0.8513850777710946,0.1402810505364387,1,,,,,,,,,SYNTHETIC_GP3,0.8513850777710946,0.1402810505364387,0.85,0.15,normalised
42.63333333333333,,,0.8543399523583375,0.146088571338933,1,,,,,,,,,SYNTHETIC_GP3,0.8543399523583375,0.146088571338933,0.85,0.15,normalised
42.65,,,0.854004681227584,0.1512437231342041,1,,,,,,,,,SYNTHETIC_GP3,0.854004681227584,0.1512437231342041,0.85,0.15,normalised
42.66666666666666,,,0.8571271142389055,0.1465142215965681,1,,,,,,,,,SYNTHETIC_GP3,0.8571271142389055,0.1465142215965681,0.85,0.15,normalised
42.68333333333333,,,0.84932302628555,0.1433523297162073,1,,,,,,,,,SYNTHETIC_GP3,0.84932302628555,0.1433523297162073,0.85,0.15,normalised
42.7,,,0.8493587342799195,0.1454082280897327,1,,,,,,,,,SYNTHETIC_GP3,0.8493587342799195,0.1454082280897327,0.85,0.15,normalised
42.71666666666667,,,0.850761007347478,0.1479874991493236,1,,,,,,,,,SYNTHETIC_GP3,0.850761007347478,0.1479874991493236,0.85,0.15,normalised
42.73333333333333,,,0.8571829347383768,0.1506887289893989,1,,,,,,,,,SYNTHETIC_GP3,0.8571829347383768,0.1506887289893989,0.85,0.15,normalised
42.75,,,0.8578826645429568,0.1482023486281403,1,,,,,,,,,SYNTHETIC_GP3,0.8578826645429568,0.1482023486281403,0.85,0.15,normalised
42.766666666666666,,,0.8473347630720377,0.1458940256333628,1,,,,,,,,,SYNTHETIC_GP3,0.8473347630720377,0.1458940256333628,0.85,0.15,normalised
42.78333333333333,,,0.853944164418128,0.1522061912453815,1,,,,,,,,,SYNTHETIC_GP3,0.853944164418128,0.1522061912453815,0.85,0.15,normalised
42.8,,,0.8516927675735536,0.14453595823813,1,,,,,,,,,SYNTHETIC_GP3,0.8516927675735536,0.14453595823813,0.85,0.15,normalised
42.81666666666666,,,0.850887335721495,0.1546352370827944,1,,,,,,,,,SYNTHETIC_GP3,0.850887335721495,0.1546352370827944,0.85,0.15,normalised
42.833333333333336,,,0.8539816547057434,0.1467467995822416,1,,,,,,,,,SYNTHETIC_GP3,0.8539816547057434,0.1467467995822416,0.85,0.15,normalised
42.85,,,0.8592737936468329,0.1521577582251219,1,,,,,,,,,SYNTHETIC_GP3,0.8592737936468329,0.1521577582251219,0.85,0.15,normalised
42.86666666666667,,,0.8542122010650138,0.1475218750903981,1,,,,,,,,,SYNTHETIC_GP3,0.8542122010650138,0.1475218750903981,0.85,0.15,normalised
42.88333333333333,,,0.8500389847033663,0.1594017634661546,1,,,,,,,,,SYNTHETIC_GP3,0.8500389847033663,0.1594017634661546,0.85,0.15,normalised
42.9,,,0.849362957519255,0.1537907125151353,1,,,,,,,,,SYNTHETIC_GP3,0.849362957519255,0.1537907125151353,0.85,0.15,normalised
42.91666666666666,,,0.8539043990170847,0.1534893703798986,1,,,,,,,,,SYNTHETIC_GP3,0.8539043990170847,0.1534893703798986,0.85,0.15,normalised
42.93333333333333,,,0.8529425598496797,0.1444121746544538,1,,,,,,,,,SYNTHETIC_GP3,0.8529425598496797,0.1444121746544538,0.85,0.15,normalised
42.95,,,0.8564400292502756,0.1486148041092074,1,,,,,,,,,SYNTHETIC_GP3,0.8564400292502756,0.1486148041092074,0.85,0.15,normalised
42.96666666666667,,,0.8575124187032938,0.1482775496999551,1,,,,,,,,,SYNTHETIC_GP3,0.8575124187032938,0.1482775496999551,0.85,0.15,normalised
42.98333333333333,,,0.852940272898789,0.1444453796636466,1,,,,,,,,,SYNTHETIC_GP3,0.852940272898789,0.1444453796636466,0.85,0.15,normalised
43.0,,,0.8543771890644019,0.1528868298434394,1,,,,,,,,,SYNTHETIC_GP3,0.8543771890644019,0.1528868298434394,0.85,0.15,normalised
43.016666666666666,,,0.85864119037679,0.1555676150636475,1,,,,,,,,,SYNTHETIC_GP3,0.85864119037679,0.1555676150636475,0.85,0.15,normalised
43.03333333333333,,,0.857151842441766,0.1461093298794606,1,,,,,,,,,SYNTHETIC_GP3,0.857151842441766,0.1461093298794606,0.85,0.15,normalised
43.05,,,0.8483589940912266,0.145968554164771,1,,,,,,,,,SYNTHETIC_GP3,0.8483589940912266,0.145968554164771,0.85,0.15,normalised
43.06666666666666,,,0.8462503011991336,0.1533150753011569,1,,,,,,,,,SYNTHETIC_GP3,0.8462503011991336,0.1533150753011569,0.85,0.15,normalised
43.083333333333336,,,0.8465116188296916,0.1511692500997229,1,,,,,,,,,SYNTHETIC_GP3,0.8465116188296916,0.1511692500997229,0.85,0.15,normalised
43.1,,,0.8449480034632908,0.150742135251106,1,,,,,,,,,SYNTHETIC_GP3,0.8449480034632908,0.150742135251106,0.85,0.15,normalised
43.11666666666667,,,0.8535214945926946,0.1493546119459619,1,,,,,,,,,SYNTHETIC_GP3,0.8535214945926946,0.1493546119459619,0.85,0.15,normalised
43.13333333333333,,,0.84695636145458,0.1456461708795902,1,,,,,,,,,SYNTHETIC_GP3,0.84695636145458,0.1456461708795902,0.85,0.15,normalised
43.15,,,0.8546926587258756,0.1460573500416608,1,,,,,,,,,SYNTHETIC_GP3,0.8546926587258756,0.1460573500416608,0.85,0.15,normalised
43.16666666666666,,,0.8486800554543001,0.1507773118364719,1,,,,,,,,,SYNTHETIC_GP3,0.8486800554543001,0.1507773118364719,0.85,0.15,normalised
43.18333333333333,,,0.8557788278738739,0.1498634597225332,1,,,,,,,,,SYNTHETIC_GP3,0.8557788278738739,0.1498634597225332,0.85,0.15,normalised
43.2,,,0.8544831936224505,0.1452395153620209,1,,,,,,,,,SYNTHETIC_GP3,0.8544831936224505,0.1452395153620209,0.85,0.15,normalised
43.21666666666667,,,0.8525825706049465,0.1528834372257055,1,,,,,,,,,SYNTHETIC_GP3,0.8525825706049465,0.1528834372257055,0.85,0.15,normalised
43.23333333333333,,,0.8537537369316859,0.1477442701929635,1,,,,,,,,,SYNTHETIC_GP3,0.8537537369316859,0.1477442701929635,0.85,0.15,normalised
43.25,,,0.8467792982327649,0.1539045915763954,1,,,,,,,,,SYNTHETIC_GP3,0.8467792982327649,0.1539045915763954,0.85,0.15,normalised
43.266666666666666,,,0.842052479798858,0.1513464678636102,1,,,,,,,,,SYNTHETIC_GP3,0.842052479798858,0.1513464678636102,0.85,0.15,normalised
43.28333333333333,,,0.8496820826779058,0.1519017644522527,1,,,,,,,,,SYNTHETIC_GP3,0.8496820826779058,0.1519017644522527,0.85,0.15,normalised
43.3,,,0.8536379221042472,0.1507028603745595,1,,,,,,,,,SYNTHETIC_GP3,0.8536379221042472,0.1507028603745595,0.85,0.15,normalised
43.31666666666666,,,0.8466240489810003,0.1511506390024421,1,,,,,,,,,SYNTHETIC_GP3,0.8466240489810003,0.1511506390024421,0.85,0.15,normalised
43.333333333333336,,,0.8544508240472457,0.149092178334328,1,,,,,,,,,SYNTHETIC_GP3,0.8544508240472457,0.149092178334328,0.85,0.15,normalised
43.35,,,0.854226996607126,0.1439812744407403,1,,,,,,,,,SYNTHETIC_GP3,0.854226996607126,0.1439812744407403,0.85,0.15,normalised
43.36666666666667,,,0.8523058974945341,0.1468594829502806,1,,,,,,,,,SYNTHETIC_GP3,0.8523058974945341,0.1468594829502806,0.85,0.15,normalised
43.38333333333333,,,0.8528674479161164,0.1512167105700171,1,,,,,,,,,SYNTHETIC_GP3,0.8528674479161164,0.1512167105700171,0.85,0.15,normalised
43.4,,,0.8514495562385679,0.1512053015224091,1,,,,,,,,,SYNTHETIC_GP3,0.8514495562385679,0.1512053015224091,0.85,0.15,normalised
43.41666666666666,,,0.852388957284205,0.1537541205824044,1,,,,,,,,,SYNTHETIC_GP3,0.852388957284205,0.1537541205824044,0.85,0.15,normalised
43.43333333333333,,,0.8467283968569203,0.1434131781014083,1,,,,,,,,,SYNTHETIC_GP3,0.8467283968569203,0.1434131781014083,0.85,0.15,normalised
43.45,,,0.8560267539499276,0.1495989817085859,1,,,,,,,,,SYNTHETIC_GP3,0.8560267539499276,0.1495989817085859,0.85,0.15,normalised
43.46666666666667,,,0.8531785885808932,0.1506160833007403,1,,,,,,,,,SYNTHETIC_GP3,0.8531785885808932,0.1506160833007403,0.85,0.15,normalised
43.48333333333333,,,0.8539553571614665,0.1541679063751504,1,,,,,,,,,SYNTHETIC_GP3,0.8539553571614665,0.1541679063751504,0.85,0.15,normalised
43.5,,,0.8487943236218112,0.1562490515881253,1,,,,,,,,,SYNTHETIC_GP3,0.8487943236218112,0.1562490515881253,0.85,0.15,normalised
43.516666666666666,,,0.8458383517011719,0.1430198658807278,1,,,,,,,,,SYNTHETIC_GP3,0.8458383517011719,0.1430198658807278,0.85,0.15,normalised
43.53333333333333,,,0.8567247281182342,0.1503907971592297,1,,,,,,,,,SYNTHETIC_GP3,0.8567247281182342,0.1503907971592297,0.85,0.15,normalised
43.55,,,0.8458877556147714,0.1472893100388347,1,,,,,,,,,SYNTHETIC_GP3,0.8458877556147714,0.1472893100388347,0.85,0.15,normalised
43.56666666666666,,,0.8504563810296802,0.1454516123484415,1,,,,,,,,,SYNTHETIC_GP3,0.8504563810296802,0.1454516123484415,0.85,0.15,normalised
43.583333333333336,,,0.8513397788754323,0.1497561197616195,1,,,,,,,,,SYNTHETIC_GP3,0.8513397788754323,0.1497561197616195,0.85,0.15,normalised
43.6,,,0.8527839590639733,0.154761005941516,1,,,,,,,,,SYNTHETIC_GP3,0.8527839590639733,0.154761005941516,0.85,0.15,normalised
43.61666666666667,,,0.8530943666747374,0.1436021897248612,1,,,,,,,,,SYNTHETIC_GP3,0.8530943666747374,0.1436021897248612,0.85,0.15,normalised
43.63333333333333,,,0.8517110663513463,0.1486846426267511,1,,,,,,,,,SYNTHETIC_GP3,0.8517110663513463,0.1486846426267511,0.85,0.15,normalised
43.65,,,0.8460548344503404,0.1515219182980538,1,,,,,,,,,SYNTHETIC_GP3,0.8460548344503404,0.1515219182980538,0.85,0.15,normalised
43.66666666666666,,,0.8506817471120102,0.1444890714886107,1,,,,,,,,,SYNTHETIC_GP3,0.8506817471120102,0.1444890714886107,0.85,0.15,normalised
43.68333333333333,,,0.8514249759616488,0.1503393763685553,1,,,,,,,,,SYNTHETIC_GP3,0.8514249759616488,0.1503393763685553,0.85,0.15,normalised
43.7,,,0.8539371033006783,0.144507767209397,1,,,,,,,,,SYNTHETIC_GP3,0.8539371033006783,0.144507767209397,0.85,0.15,normalised
43.71666666666667,,,0.852740656543587,0.1489760383457052,1,,,,,,,,,SYNTHETIC_GP3,0.852740656543587,0.1489760383457052,0.85,0.15,normalised
43.73333333333333,,,0.8563305830374607,0.1479353112284492,1,,,,,,,,,SYNTHETIC_GP3,0.8563305830374607,0.1479353112284492,0.85,0.15,normalised
43.75,,,0.8551527175855769,0.1538028197845778,1,,,,,,,,,SYNTHETIC_GP3,0.8551527175855769,0.1538028197845778,0.85,0.15,normalised
43.766666666666666,,,,,0,,,,,,,,,SYNTHETIC_GP3,,,0.85,0.15,normalised
43.78333333333333,,,0.852058572620969,0.1466084932425,1,,,,,,,,,SYNTHETIC_GP3,0.852058572620969,0.1466084932425,0.85,0.15,normalised
43.8,,,0.8535575437155934,0.14769805384751,1,,,,,,,,,SYNTHETIC_GP3,0.8535575437155934,0.14769805384751,0.85,0.15,normalised
43.81666666666666,,,0.8497618606954102,0.1439204920293152,1,,,,,,,,,SYNTHETIC_GP3,0.8497618606954102,0.1439204920293152,0.85,0.15,normalised
43.833333333333336,,,0.857836949820015,0.1511032177172822,1,,,,,,,,,SYNTHETIC_GP3,0.857836949820015,0.1511032177172822,0.85,0.15,normalised
43.85,,,0.8495913412266719,0.1392479725249791,1,,,,,,,,,SYNTHETIC_GP3,0.8495913412266719,0.1392479725249791,0.85,0.15,normalised
43.86666666666667,,,0.8466238924583046,0.152372144393242,1,,,,,,,,,SYNTHETIC_GP3,0.8466238924583046,0.152372144393242,0.85,0.15,normalised
43.88333333333333,,,0.8446903568726843,0.1442451505840655,1,,,,,,,,,SYNTHETIC_GP3,0.8446903568726843,0.1442451505840655,0.85,0.15,normalised
43.9,,,0.8499285967113858,0.1451033826274016,1,,,,,,,,,SYNTHETIC_GP3,0.8499285967113858,0.1451033826274016,0.85,0.15,normalised
43.91666666666666,,,0.8499483137055062,0.1493249632487094,1,,,,,,,,,SYNTHETIC_GP3,0.8499483137055062,0.1493249632487094,0.85,0.15,normalised
43.93333333333333,,,0.850301155835531,0.1472308232439471,1,,,,,,,,,SYNTHETIC_GP3,0.850301155835531,0.1472308232439471,0.85,0.15,normalised
43.95,,,0.8429633214232336,0.1443980754803686,1,,,,,,,,,SYNTHETIC_GP3,0.8429633214232336,0.1443980754803686,0.85,0.15,normalised
43.96666666666667,,,0.8518712181857034,0.1475430386628251,1,,,,,,,,,SYNTHETIC_GP3,0.8518712181857034,0.1475430386628251,0.85,0.15,normalised
43.98333333333333,,,0.8564355058774554,0.1543230098210644,1,,,,,,,,,SYNTHETIC_GP3,0.8564355058774554,0.1543230098210644,0.85,0.15,normalised
44.0,,,0.8492645570098231,0.1465187478431995,1,,,,,,,,,SYNTHETIC_GP3,0.8492645570098231,0.1465187478431995,0.85,0.15,normalised
44.016666666666666,,,0.8542696709487658,0.1416520309450328,1,,,,,,,,,SYNTHETIC_GP3,0.8542696709487658,0.1416520309450328,0.85,0.15,normalised
44.03333333333333,,,0.8493856987943867,0.1541857682255605,1,,,,,,,,,SYNTHETIC_GP3,0.8493856987943867,0.1541857682255605,0.85,0.15,normalised
44.05,,,0.8485811729749072,0.1437984343400822,1,,,,,,,,,SYNTHETIC_GP3,0.8485811729749072,0.1437984343400822,0.85,0.15,normalised
44.06666666666666,,,0.8572741586404894,0.146182703368109,1,,,,,,,,,SYNTHETIC_GP3,0.8572741586404894,0.146182703368109,0.85,0.15,normalised
44.083333333333336,,,0.8548043254392537,0.1521676732070636,1,,,,,,,,,SYNTHETIC_GP3,0.8548043254392537,0.1521676732070636,0.85,0.15,normalised
44.1,,,0.8554652985056561,0.1491339849373558,1,,,,,,,,,SYNTHETIC_GP3,0.8554652985056561,0.1491339849373558,0.85,0.15,normalised
44.11666666666667,,,0.8612789817425763,0.1500390147519887,1,,,,,,,,,SYNTHETIC_GP3,0.8612789817425763,0.1500390147519887,0.85,0.15,normalised
44.13333333333333,,,0.851964195005155,0.1490732926408587,1,,,,,,,,,SYNTHETIC_GP3,0.851964195005155,0.1490732926408587,0.85,0.15,normalised
44.15,,,0.8519007338974005,0.1461335718160464,1,,,,,,,,,SYNTHETIC_GP3,0.8519007338974005,0.1461335718160464,0.85,0.15,normalised
44.16666666666666,,,0.8525492244695793,0.1510967069307048,1,,,,,,,,,SYNTHETIC_GP3,0.8525492244695793,0.1510967069307048,0.85,0.15,normalised
44.18333333333333,,,0.8577415097722966,0.1484349540499961,1,,,,,,,,,SYNTHETIC_GP3,0.8577415097722966,0.1484349540499961,0.85,0.15,normalised
44.2,,,0.8557786565154879,0.1420661873653074,1,,,,,,,,,SYNTHETIC_GP3,0.8557786565154879,0.1420661873653074,0.85,0.15,normalised
44.21666666666667,,,0.8484330105009179,0.1501524404573084,1,,,,,,,,,SYNTHETIC_GP3,0.8484330105009179,0.1501524404573084,0.85,0.15,normalised
44.23333333333333,,,0.8487091988713883,0.1471933747301143,1,,,,,,,,,SYNTHETIC_GP3,0.8487091988713883,0.1471933747301143,0.85,0.15,normalised
44.25,,,0.8534983880222256,0.1510978224419078,1,,,,,,,,,SYNTHETIC_GP3,0.8534983880222256,0.1510978224419078,0.85,0.15,normalised
44.266666666666666,,,0.8540266367307986,0.148865597438725,1,,,,,,,,,SYNTHETIC_GP3,0.8540266367307986,0.148865597438725,0.85,0.15,normalised
44.28333333333333,,,0.8538782864811302,0.143828666493429,1,,,,,,,,,SYNTHETIC_GP3,0.8538782864811302,0.143828666493429,0.85,0.15,normalised
44.3,,,0.8541982798472355,0.1432001301305629,1,,,,,,,,,SYNTHETIC_GP3,0.8541982798472355,0.1432001301305629,0.85,0.15,normalised
44.31666666666666,,,0.8512368230088541,0.1510768057710095,1,,,,,,,,,SYNTHETIC_GP3,0.8512368230088541,0.1510768057710095,0.85,0.15,normalised
44.333333333333336,,,0.8544668312365171,0.1456184744869065,1,,,,,,,,,SYNTHETIC_GP3,0.8544668312365171,0.1456184744869065,0.85,0.15,normalised
44.35,,,0.5045784570908889,0.4944669124405705,1,,,,,,,,,SYNTHETIC_GP3,0.5045784570908889,0.4944669124405705,0.5,0.5,normalised
44.36666666666667,,,0.4984219377933148,0.4977629718983308,1,,,,,,,,,SYNTHETIC_GP3,0.4984219377933148,0.4977629718983308,0.5,0.5,normalised
44.38333333333333,,,0.49696925867658,0.5006164850001473,1,,,,,,,,,SYNTHETIC_GP3,0.49696925867658,0.5006164850001473,0.5,0.5,normalised
44.4,,,0.5029476393435276,0.5008354450913498,1,,,,,,,,,SYNTHETIC_GP3,0.5029476393435276,0.5008354450913498,0.5,0.5,normalised
44.41666666666666,,,0.5003634261006605,0.4965022980944955,1,,,,,,,,,SYNTHETIC_GP3,0.5003634261006605,0.4965022980944955,0.5,0.5,normalised
44.43333333333333,,,0.4962414127180035,0.4977520393216276,1,,,,,,,,,SYNTHETIC_GP3,0.4962414127180035,0.4977520393216276,0.5,0.5,normalised
44.45,,,0.505097738675501,0.5062821691281486,1,,,,,,,,,SYNTHETIC_GP3,0.505097738675501,0.5062821691281486,0.5,0.5,normalised
44.46666666666667,,,0.5036870893000518,0.49311983687885,1,,,,,,,,,SYNTHETIC_GP3,0.5036870893000518,0.49311983687885,0.5,0.5,normalised
44.48333333333333,,,0.507578832937825,0.4947008721931543,1,,,,,,,,,SYNTHETIC_GP3,0.507578832937825,0.4947008721931543,0.5,0.5,normalised
44.5,,,0.5017861789927288,0.4987337506973672,1,,,,,,,,,SYNTHETIC_GP3,0.5017861789927288,0.4987337506973672,0.5,0.5,normalised
44.516666666666666,,,0.5023023964514581,0.5015669958298126,1,,,,,,,,,SYNTHETIC_GP3,0.5023023964514581,0.5015669958298126,0.5,0.5,normalised
44.53333333333333,,,0.4962250732525334,0.4967208300067563,1,,,,,,,,,SYNTHETIC_GP3,0.4962250732525334,0.4967208300067563,0.5,0.5,normalised
44.55,,,0.5076425462202455,0.4980585483856357,1,,,,,,,,,SYNTHETIC_GP3,0.5076425462202455,0.4980585483856357,0.5,0.5,normalised
44.56666666666666,,,0.5044659694361575,0.5039351821478744,1,,,,,,,,,SYNTHETIC_GP3,0.5044659694361575,0.5039351821478744,0.5,0.5,normalised
44.583333333333336,,,0.5055738776615399,0.5001120682987549,1,,,,,,,,,SYNTHETIC_GP3,0.5055738776615399,0.5001120682987549,0.5,0.5,normalised
44.6,,,0.5009935310190171,0.5023884450666121,1,,,,,,,,,SYNTHETIC_GP3,0.5009935310190171,0.5023884450666121,0.5,0.5,normalised
44.61666666666667,,,0.5017538910637716,0.4914140421400446,1,,,,,,,,,SYNTHETIC_GP3,0.5017538910637716,0.4914140421400446,0.5,0.5,normalised
44.63333333333333,,,0.5033002713670575,0.4944219190735884,1,,,,,,,,,SYNTHETIC_GP3,0.5033002713670575,0.4944219190735884,0.5,0.5,normalised
44.65,,,0.4989522916567202,0.501311136512286,1,,,,,,,,,SYNTHETIC_GP3,0.4989522916567202,0.501311136512286,0.5,0.5,normalised
44.66666666666666,,,0.4988708563020454,0.5067832433142895,1,,,,,,,,,SYNTHETIC_GP3,0.4988708563020454,0.5067832433142895,0.5,0.5,normalised
44.68333333333333,,,0.5099689289524484,0.5028611273203654,1,,,,,,,,,SYNTHETIC_GP3,0.5099689289524484,0.5028611273203654,0.5,0.5,normalised
44.7,,,0.5033451440700082,0.5065303525967462,1,,,,,,,,,SYNTHETIC_GP3,0.5033451440700082,0.5065303525967462,0.5,0.5,normalised
44.71666666666667,,,0.4992080001840751,0.4980617345046654,1,,,,,,,,,SYNTHETIC_GP3,0.4992080001840751,0.4980617345046654,0.5,0.5,normalised
44.73333333333333,,,0.4962695659722854,0.5030637319697034,1,,,,,,,,,SYNTHETIC_GP3,0.4962695659722854,0.5030637319697034,0.5,0.5,normalised
44.75,,,0.4972521324939002,0.4953213591882106,1,,,,,,,,,SYNTHETIC_GP3,0.4972521324939002,0.4953213591882106,0.5,0.5,normalised
44.766666666666666,,,0.5032737283289004,0.4962394614700974,1,,,,,,,,,SYNTHETIC_GP3,0.5032737283289004,0.4962394614700974,0.5,0.5,normalised
44.78333333333333,,,0.4981215587805188,0.4993325605163132,1,,,,,,,,,SYNTHETIC_GP3,0.4981215587805188,0.4993325605163132,0.5,0.5,normalised
44.8,,,0.4976172165466584,0.5039568103337535,1,,,,,,,,,SYNTHETIC_GP3,0.4976172165466584,0.5039568103337535,0.5,0.5,normalised
44.81666666666666,,,0.5011093049380211,0.497163683219957,1,,,,,,,,,SYNTHETIC_GP3,0.5011093049380211,0.497163683219957,0.5,0.5,normalised
44.833333333333336,,,0.5033854747819483,0.4991275266449998,1,,,,,,,,,SYNTHETIC_GP3,0.5033854747819483,0.4991275266449998,0.5,0.5,normalised
44.85,,,0.5070834097556456,0.5032974890473078,1,,,,,,,,,SYNTHETIC_GP3,0.5070834097556456,0.5032974890473078,0.5,0.5,normalised
44.86666666666667,,,0.4986589169662818,0.4935985141426604,1,,,,,,,,,SYNTHETIC_GP3,0.4986589169662818,0.4935985141426604,0.5,0.5,normalised
44.88333333333333,,,0.4991506118749295,0.5040352775190451,1,,,,,,,,,SYNTHETIC_GP3,0.4991506118749295,0.5040352775190451,0.5,0.5,normalised
44.9,,,0.5034168745405793,0.5031916017807302,1,,,,,,,,,SYNTHETIC_GP3,0.5034168745405793,0.5031916017807302,0.5,0.5,normalised
44.91666666666666,,,0.4999960365203039,0.4994732342736893,1,,,,,,,,,SYNTHETIC_GP3,0.4999960365203039,0.4994732342736893,0.5,0.5,normalised
44.93333333333333,,,0.5052891414348881,0.5070469743230845,1,,,,,,,,,SYNTHETIC_GP3,0.5052891414348881,0.5070469743230845,0.5,0.5,normalised
44.95,,,0.5000654537437086,0.4950480057493894,1,,,,,,,,,SYNTHETIC_GP3,0.5000654537437086,0.4950480057493894,0.5,0.5,normalised
44.96666666666667,,,0.496611829698372,0.4993664300046965,1,,,,,,,,,SYNTHETIC_GP3,0.496611829698372,0.4993664300046965,0.5,0.5,normalised
44.98333333333333,,,0.4990813082565848,0.5027680623831008,1,,,,,,,,,SYNTHETIC_GP3,0.4990813082565848,0.5027680623831008,0.5,0.5,normalised
45.0,,,0.3257123346513905,0.3303537007622331,1,,,,,,,,,SYNTHETIC_GP3,0.3257123346513905,0.3303537007622331,0.33,0.33,normalised
45.016666666666666,,,0.3298039121248124,0.3242699462810918,1,,,,,,,,,SYNTHETIC_GP3,0.3298039121248124,0.3242699462810918,0.33,0.33,normalised
45.03333333333333,,,0.3338503391948623,0.3267242009700749,1,,,,,,,,,SYNTHETIC_GP3,0.3338503391948623,0.3267242009700749,0.33,0.33,normalised
45.05,,,0.3321328101899273,0.3232582351618939,1,,,,,,,,,SYNTHETIC_GP3,0.3321328101899273,0.3232582351618939,0.33,0.33,normalised
45.06666666666666,,,0.3314557439210953,0.3330848658834745,1,,,,,,,,,SYNTHETIC_GP3,0.3314557439210953,0.3330848658834745,0.33,0.33,normalised
45.083333333333336,,,0.3268055436836539,0.3336345338840584,1,,,,,,,,,SYNTHETIC_GP3,0.3268055436836539,0.3336345338840584,0.33,0.33,normalised
45.1,,,0.3288792057101535,0.3247520843433158,1,,,,,,,,,SYNTHETIC_GP3,0.3288792057101535,0.3247520843433158,0.33,0.33,normalised
45.11666666666667,,,0.3303680907877655,0.3314102188290561,1,,,,,,,,,SYNTHETIC_GP3,0.3303680907877655,0.3314102188290561,0.33,0.33,normalised
45.13333333333333,,,0.3329069629026852,0.3209809526996761,1,,,,,,,,,SYNTHETIC_GP3,0.3329069629026852,0.3209809526996761,0.33,0.33,normalised
45.15,,,0.3420286080267047,0.3233635191807445,1,,,,,,,,,SYNTHETIC_GP3,0.3420286080267047,0.3233635191807445,0.33,0.33,normalised
45.16666666666666,,,0.3291696901028515,0.3284694048521684,1,,,,,,,,,SYNTHETIC_GP3,0.3291696901028515,0.3284694048521684,0.33,0.33,normalised
45.18333333333333,,,0.3356808018356292,0.3271513404308557,1,,,,,,,,,SYNTHETIC_GP3,0.3356808018356292,0.3271513404308557,0.33,0.33,normalised
45.2,,,0.3272912560594734,0.3262702316758726,1,,,,,,,,,SYNTHETIC_GP3,0.3272912560594734,0.3262702316758726,0.33,0.33,normalised
45.21666666666667,,,0.3277594759995,0.3290248564054989,1,,,,,,,,,SYNTHETIC_GP3,0.3277594759995,0.3290248564054989,0.33,0.33,normalised
45.23333333333333,,,0.3240120447206612,0.3234739095983481,1,,,,,,,,,SYNTHETIC_GP3,0.3240120447206612,0.3234739095983481,0.33,0.33,normalised
45.25,,,0.328766456100559,0.3243775920089438,1,,,,,,,,,SYNTHETIC_GP3,0.328766456100559,0.3243775920089438,0.33,0.33,normalised
45.266666666666666,,,0.3360698169090056,0.3318740391564633,1,,,,,,,,,SYNTHETIC_GP3,0.3360698169090056,0.3318740391564633,0.33,0.33,normalised
45.28333333333333,,,0.331798565477735,0.3228516808574244,1,,,,,,,,,SYNTHETIC_GP3,0.331798565477735,0.3228516808574244,0.33,0.33,normalised
45.3,,,0.33676512103406,0.338256527198481,1,,,,,,,,,SYNTHETIC_GP3,0.33676512103406,0.338256527198481,0.33,0.33,normalised
45.31666666666666,,,0.329885278185166,0.3257021310910957,1,,,,,,,,,SYNTHETIC_GP3,0.329885278185166,0.3257021310910957,0.33,0.33,normalised
45.333333333333336,,,0.3361459803772939,0.3272368643816466,1,,,,,,,,,SYNTHETIC_GP3,0.3361459803772939,0.3272368643816466,0.33,0.33,normalised
45.35,,,0.3296564020192552,0.3285081563574802,1,,,,,,,,,SYNTHETIC_GP3,0.3296564020192552,0.3285081563574802,0.33,0.33,normalised
45.36666666666667,,,0.3354254937787314,0.3314424814270367,1,,,,,,,,,SYNTHETIC_GP3,0.3354254937787314,0.3314424814270367,0.33,0.33,normalised
45.38333333333333,,,0.3384143401591178,0.3253259875586581,1,,,,,,,,,SYNTHETIC_GP3,0.3384143401591178,0.3253259875586581,0.33,0.33,normalised
45.4,,,0.3309619433827788,0.3218148623846651,1,,,,,,,,,SYNTHETIC_GP3,0.3309619433827788,0.3218148623846651,0.33,0.33,normalised
45.41666666666666,,,0.3264753263521052,0.3264672112156077,1,,,,,,,,,SYNTHETIC_GP3,0.3264753263521052,0.3264672112156077,0.33,0.33,normalised
45.43333333333333,,,0.3392248502519071,0.3326702110742789,1,,,,,,,,,SYNTHETIC_GP3,0.3392248502519071,0.3326702110742789,0.33,0.33,normalised
45.45,,,,,0,,,,,,,,,SYNTHETIC_GP3,,,0.33,0.33,normalised
45.46666666666667,,,0.3296123793004989,0.3290087245876385,1,,,,,,,,,SYNTHETIC_GP3,0.3296123793004989,0.3290087245876385,0.33,0.33,normalised
45.48333333333333,,,0.3306321022565582,0.3300473898619059,1,,,,,,,,,SYNTHETIC_GP3,0.3306321022565582,0.3300473898619059,0.33,0.33,normalised
45.5,,,0.3355333103637976,0.3294252608129901,1,,,,,,,,,SYNTHETIC_GP3,0.3355333103637976,0.3294252608129901,0.33,0.33,normalised
45.516666666666666,,,0.3346321060792578,0.3272578659522172,1,,,,,,,,,SYNTHETIC_GP3,0.3346321060792578,0.3272578659522172,0.33,0.33,normalised
45.53333333333333,,,0.334496182848688,0.3337793175265961,1,,,,,,,,,SYNTHETIC_GP3,0.334496182848688,0.3337793175265961,0.33,0.33,normalised
45.55,,,0.3307812713512154,0.3255124986510821,1,,,,,,,,,SYNTHETIC_GP3,0.3307812713512154,0.3255124986510821,0.33,0.33,normalised
45.56666666666666,,,0.3311041544679087,0.3304752167411038,1,,,,,,,,,SYNTHETIC_GP3,0.3311041544679087,0.3304752167411038,0.33,0.33,normalised
45.583333333333336,,,0.3351669947290759,0.3259163982889465,1,,,,,,,,,SYNTHETIC_GP3,0.3351669947290759,0.3259163982889465,0.33,0.33,normalised
45.6,,,0.3385468755657974,0.3287279065900606,1,,,,,,,,,SYNTHETIC_GP3,0.3385468755657974,0.3287279065900606,0.33,0.33,normalised
45.61666666666667,,,0.3268932970781987,0.3359044031949848,1,,,,,,,,,SYNTHETIC_GP3,0.3268932970781987,0.3359044031949848,0.33,0.33,normalised
45.63333333333333,,,0.3369056229453417,0.3326037579452672,1,,,,,,,,,SYNTHETIC_GP3,0.3369056229453417,0.3326037579452672,0.33,0.33,normalised
45.65,,,0.3357618569326401,0.3303775428507884,1,,,,,,,,,SYNTHETIC_GP3,0.3357618569326401,0.3303775428507884,0.33,0.33,normalised
45.66666666666666,,,0.334554389267727,0.328116458175915,1,,,,,,,,,SYNTHETIC_GP3,0.334554389267727,0.328116458175915,0.33,0.33,normalised
45.68333333333333,,,0.329131990971869,0.3356921415643856,1,,,,,,,,,SYNTHETIC_GP3,0.329131990971869,0.3356921415643856,0.33,0.33,normalised
45.7,,,0.3323277549710391,0.332097778004881,1,,,,,,,,,SYNTHETIC_GP3,0.3323277549710391,0.332097778004881,0.33,0.33,normalised
45.71666666666667,,,0.3334966252038291,0.3293081172154052,1,,,,,,,,,SYNTHETIC_GP3,0.3334966252038291,0.3293081172154052,0.33,0.33,normalised
45.73333333333333,,,0.3293861778696947,0.3254452628543713,1,,,,,,,,,SYNTHETIC_GP3,0.3293861778696947,0.3254452628543713,0.33,0.33,normalised
45.75,,,0.3366790537621049,0.3248194985083687,1,,,,,,,,,SYNTHETIC_GP3,0.3366790537621049,0.3248194985083687,0.33,0.33,normalised
45.766666666666666,,,0.3300835263003843,0.330444693303095,1,,,,,,,,,SYNTHETIC_GP3,0.3300835263003843,0.330444693303095,0.33,0.33,normalised
45.78333333333333,,,0.338126466137395,0.3279347594863257,1,,,,,,,,,SYNTHETIC_GP3,0.338126466137395,0.3279347594863257,0.33,0.33,normalised
45.8,,,0.3259889277642783,0.330727572084933,1,,,,,,,,,SYNTHETIC_GP3,0.3259889277642783,0.330727572084933,0.33,0.33,normalised
45.81666666666666,,,0.3264883303397459,0.3262941988713994,1,,,,,,,,,SYNTHETIC_GP3,0.3264883303397459,0.3262941988713994,0.33,0.33,normalised
45.833333333333336,,,0.3244014404852774,0.3269310190436112,1,,,,,,,,,SYNTHETIC_GP3,0.3244014404852774,0.3269310190436112,0.33,0.33,normalised
45.85,,,0.3348355999240091,0.3299330565941914,1,,,,,,,,,SYNTHETIC_GP3,0.3348355999240091,0.3299330565941914,0.33,0.33,normalised
45.86666666666667,,,0.3283619086444368,0.3319268928246409,1,,,,,,,,,SYNTHETIC_GP3,0.3283619086444368,0.3319268928246409,0.33,0.33,normalised
45.88333333333333,,,0.3286936591837467,0.3264475618848837,1,,,,,,,,,SYNTHETIC_GP3,0.3286936591837467,0.3264475618848837,0.33,0.33,normalised
45.9,,,0.3356286882212234,0.3289675805988267,1,,,,,,,,,SYNTHETIC_GP3,0.3356286882212234,0.3289675805988267,0.33,0.33,normalised
45.91666666666666,,,0.3389281890425788,0.3295501557400226,1,,,,,,,,,SYNTHETIC_GP3,0.3389281890425788,0.3295501557400226,0.33,0.33,normalised
45.93333333333333,,,0.3289607483341395,0.326982569966025,1,,,,,,,,,SYNTHETIC_GP3,0.3289607483341395,0.326982569966025,0.33,0.33,normalised
45.95,,,0.3374371617475733,0.3296347648475268,1,,,,,,,,,SYNTHETIC_GP3,0.3374371617475733,0.3296347648475268,0.33,0.33,normalised
45.96666666666667,,,0.3341360461522317,0.3369801726413223,1,,,,,,,,,SYNTHETIC_GP3,0.3341360461522317,0.3369801726413223,0.33,0.33,normalised
45.98333333333333,,,0.3319168406079663,0.3382512447862597,1,,,,,,,,,SYNTHETIC_GP3,0.3319168406079663,0.3382512447862597,0.33,0.33,normalised
46.0,,,0.3271764505296229,0.3209925149369666,1,,,,,,,,,SYNTHETIC_GP3,0.3271764505296229,0.3209925149369666,0.33,0.33,normalised
46.016666666666666,,,0.3263178328611179,0.3295764860664383,1,,,,,,,,,SYNTHETIC_GP3,0.3263178328611179,0.3295764860664383,0.33,0.33,normalised
46.03333333333333,,,0.3322138394067551,0.3284518629666256,1,,,,,,,,,SYNTHETIC_GP3,0.3322138394067551,0.3284518629666256,0.33,0.33,normalised
46.05,,,0.3324926878542368,0.3341125976592648,1,,,,,,,,,SYNTHETIC_GP3,0.3324926878542368,0.3341125976592648,0.33,0.33,normalised
46.06666666666666,,,0.3291907683976638,0.3294253048830447,1,,,,,,,,,SYNTHETIC_GP3,0.3291907683976638,0.3294253048830447,0.33,0.33,normalised
46.083333333333336,,,0.327988478761323,0.3264847497607044,1,,,,,,,,,SYNTHETIC_GP3,0.327988478761323,0.3264847497607044,0.33,0.33,normalised
46.1,,,0.3266854504415971,0.3341556394457738,1,,,,,,,,,SYNTHETIC_GP3,0.3266854504415971,0.3341556394457738,0.33,0.33,normalised
46.11666666666667,,,0.3333794600009485,0.3317968762357409,1,,,,,,,,,SYNTHETIC_GP3,0.3333794600009485,0.3317968762357409,0.33,0.33,normalised
46.13333333333333,,,0.3346600359954318,0.3228467551587925,1,,,,,,,,,SYNTHETIC_GP3,0.3346600359954318,0.3228467551587925,0.33,0.33,normalised
46.15,,,0.3348393732471934,0.3246550561048713,1,,,,,,,,,SYNTHETIC_GP3,0.3348393732471934,0.3246550561048713,0.33,0.33,normalised
46.16666666666666,,,0.3344167820196171,0.3323699557898366,1,,,,,,,,,SYNTHETIC_GP3,0.3344167820196171,0.3323699557898366,0.33,0.33,normalised
46.18333333333333,,,0.3297824512395471,0.3288713104737994,1,,,,,,,,,SYNTHETIC_GP3,0.3297824512395471,0.3288713104737994,0.33,0.33,normalised
46.2,,,0.3383636533422291,0.3247306306887368,1,,,,,,,,,SYNTHETIC_GP3,0.3383636533422291,0.3247306306887368,0.33,0.33,normalised
46.21666666666667,,,0.3279230369799172,0.3298815547269886,1,,,,,,,,,SYNTHETIC_GP3,0.3279230369799172,0.3298815547269886,0.33,0.33,normalised
46.23333333333333,,,0.3342384487335005,0.3358882245028536,1,,,,,,,,,SYNTHETIC_GP3,0.3342384487335005,0.3358882245028536,0.33,0.33,normalised
46.25,,,0.3303505600292567,0.3294134584509995,1,,,,,,,,,SYNTHETIC_GP3,0.3303505600292567,0.3294134584509995,0.33,0.33,normalised
46.266666666666666,,,0.3274877838926048,0.3290958463178834,1,,,,,,,,,SYNTHETIC_GP3,0.3274877838926048,0.3290958463178834,0.33,0.33,normalised
46.28333333333333,,,0.3293700470290447,0.3361000799251229,1,,,,,,,,,SYNTHETIC_GP3,0.3293700470290447,0.3361000799251229,0.33,0.33,normalised
46.3,,,0.3341451265169119,0.329015537420138,1,,,,,,,,,SYNTHETIC_GP3,0.3341451265169119,0.329015537420138,0.33,0.33,normalised
46.31666666666666,,,0.3363150241757933,0.335107083751996,1,,,,,,,,,SYNTHETIC_GP3,0.3363150241757933,0.335107083751996,0.33,0.33,normalised
46.333333333333336,,,0.3332558774935448,0.3292920531480997,1,,,,,,,,,SYNTHETIC_GP3,0.3332558774935448,0.3292920531480997,0.33,0.33,normalised
46.35,,,0.3202229795260758,0.3286924397458119,1,,,,,,,,,SYNTHETIC_GP3,0.3202229795260758,0.3286924397458119,0.33,0.33,normalised
46.36666666666667,,,0.3349063165143379,0.3259217096703163,1,,,,,,,,,SYNTHETIC_GP3,0.3349063165143379,0.3259217096703163,0.33,0.33,normalised
46.38333333333333,,,0.3234571834965504,0.3230241829251832,1,,,,,,,,,SYNTHETIC_GP3,0.3234571834965504,0.3230241829251832,0.33,0.33,normalised
46.4,,,0.3396792130927383,0.3291691790829446,1,,,,,,,,,SYNTHETIC_GP3,0.3396792130927383,0.3291691790829446,0.33,0.33,normalised
46.41666666666666,,,0.3328349337855182,0.3302848652890073,1,,,,,,,,,SYNTHETIC_GP3,0.3328349337855182,0.3302848652890073,0.33,0.33,normalised
46.43333333333333,,,0.3325562087772278,0.3249484878034823,1,,,,,,,,,SYNTHETIC_GP3,0.3325562087772278,0.3249484878034823,0.33,0.33,normalised
46.45,,,0.3359886273265933,0.3269297310130789,1,,,,,,,,,SYNTHETIC_GP3,0.3359886273265933,0.3269297310130789,0.33,0.33,normalised
46.46666666666667,,,0.3308354710129368,0.3281636687981344,1,,,,,,,,,SYNTHETIC_GP3,0.3308354710129368,0.3281636687981344,0.33,0.33,normalised
46.48333333333333,,,0.3309383853497187,0.3223791639502168,1,,,,,,,,,SYNTHETIC_GP3,0.3309383853497187,0.3223791639502168,0.33,0.33,normalised
46.5,,,0.3304412392269569,0.3267692749520954,1,,,,,,,,,SYNTHETIC_GP3,0.3304412392269569,0.3267692749520954,0.33,0.33,normalised
46.516666666666666,,,0.332485133573505,0.3212846924369973,1,,,,,,,,,SYNTHETIC_GP3,0.332485133573505,0.3212846924369973,0.33,0.33,normalised
46.53333333333333,,,0.3323030128575751,0.3272201831784825,1,,,,,,,,,SYNTHETIC_GP3,0.3323030128575751,0.3272201831784825,0.33,0.33,normalised
46.55,,,0.332883924930435,0.3289696290712205,1,,,,,,,,,SYNTHETIC_GP3,0.332883924930435,0.3289696290712205,0.33,0.33,normalised
46.56666666666666,,,0.3186501460854166,0.3335449814732884,1,,,,,,,,,SYNTHETIC_GP3,0.3186501460854166,0.3335449814732884,0.33,0.33,normalised
46.583333333333336,,,0.3315911220688017,0.3215069977031312,1,,,,,,,,,SYNTHETIC_GP3,0.3315911220688017,0.3215069977031312,0.33,0.33,normalised
46.6,,,0.3255771781199998,0.3250904725473874,1,,,,,,,,,SYNTHETIC_GP3,0.3255771781199998,0.3250904725473874,0.33,0.33,normalised
46.61666666666667,,,0.3428914435342718,0.3318055696245396,1,,,,,,,,,SYNTHETIC_GP3,0.3428914435342718,0.3318055696245396,0.33,0.33,normalised
46.63333333333333,,,0.3351588970908872,0.3311880669745267,1,,,,,,,,,SYNTHETIC_GP3,0.3351588970908872,0.3311880669745267,0.33,0.33,normalised
46.65,,,0.3357022986239939,0.3276654009770259,1,,,,,,,,,SYNTHETIC_GP3,0.3357022986239939,0.3276654009770259,0.33,0.33,normalised
46.66666666666666,,,0.3338711043179005,0.3364725689327961,1,,,,,,,,,SYNTHETIC_GP3,0.3338711043179005,0.3364725689327961,0.33,0.33,normalised
46.68333333333333,,,0.3346580022409633,0.3268541090859952,1,,,,,,,,,SYNTHETIC_GP3,0.3346580022409633,0.3268541090859952,0.33,0.33,normalised
46.7,,,0.3283727737512629,0.3325098602519652,1,,,,,,,,,SYNTHETIC_GP3,0.3283727737512629,0.3325098602519652,0.33,0.33,normalised
46.71666666666667,,,0.3351280586614082,0.3326108840779148,1,,,,,,,,,SYNTHETIC_GP3,0.3351280586614082,0.3326108840779148,0.33,0.33,normalised
46.73333333333333,,,0.335406755886414,0.3221511093014704,1,,,,,,,,,SYNTHETIC_GP3,0.335406755886414,0.3221511093014704,0.33,0.33,normalised
46.75,,,0.3326963759060447,0.3309901053538721,1,,,,,,,,,SYNTHETIC_GP3,0.3326963759060447,0.3309901053538721,0.33,0.33,normalised
46.766666666666666,,,0.3350755371729599,0.3305484298634798,1,,,,,,,,,SYNTHETIC_GP3,0.3350755371729599,0.3305484298634798,0.33,0.33,normalised
46.78333333333333,,,0.3362349213624857,0.3240803062575865,1,,,,,,,,,SYNTHETIC_GP3,0.3362349213624857,0.3240803062575865,0.33,0.33,normalised
46.8,,,0.3320405403167152,0.3357238328087875,1,,,,,,,,,SYNTHETIC_GP3,0.3320405403167152,0.3357238328087875,0.33,0.33,normalised
46.81666666666666,,,0.3275011944126222,0.32819989168651,1,,,,,,,,,SYNTHETIC_GP3,0.3275011944126222,0.32819989168651,0.33,0.33,normalised
46.833333333333336,,,0.3352785257083988,0.3359540133094357,1,,,,,,,,,SYNTHETIC_GP3,0.3352785257083988,0.3359540133094357,0.33,0.33,normalised
46.85,,,0.338111879233001,0.3232773330033944,1,,,,,,,,,SYNTHETIC_GP3,0.338111879233001,0.3232773330033944,0.33,0.33,normalised
46.86666666666667,,,0.3272077501028984,0.3261242660669992,1,,,,,,,,,SYNTHETIC_GP3,0.3272077501028984,0.3261242660669992,0.33,0.33,normalised
46.88333333333333,,,0.3366653598830693,0.3314079257198845,1,,,,,,,,,SYNTHETIC_GP3,0.3366653598830693,0.3314079257198845,0.33,0.33,normalised
46.9,,,0.3330418835100459,0.3274249853441777,1,,,,,,,,,SYNTHETIC_GP3,0.3330418835100459,0.3274249853441777,0.33,0.33,normalised
46.91666666666666,,,0.3344676768154824,0.3338832044043723,1,,,,,,,,,SYNTHETIC_GP3,0.3344676768154824,0.3338832044043723,0.33,0.33,normalised
46.93333333333333,,,0.3353925438878098,0.3271356234819324,1,,,,,,,,,SYNTHETIC_GP3,0.3353925438878098,0.3271356234819324,0.33,0.33,normalised
46.95,,,0.3277501195427129,0.3205446029201454,1,,,,,,,,,SYNTHETIC_GP3,0.3277501195427129,0.3205446029201454,0.33,0.33,normalised
46.96666666666667,,,0.3331742360968538,0.3335895572801132,1,,,,,,,,,SYNTHETIC_GP3,0.3331742360968538,0.3335895572801132,0.33,0.33,normalised
46.98333333333333,,,0.3360981347511935,0.327948536999986,1,,,,,,,,,SYNTHETIC_GP3,0.3360981347511935,0.327948536999986,0.33,0.33,normalised
47.0,,,0.3377138551342863,0.3290652390877831,1,,,,,,,,,SYNTHETIC_GP3,0.3377138551342863,0.3290652390877831,0.33,0.33,normalised
47.016666666666666,,,0.3355048344473232,0.3278561550299707,1,,,,,,,,,SYNTHETIC_GP3,0.3355048344473232,0.3278561550299707,0.33,0.33,normalised
47.03333333333333,,,0.3282705453509451,0.3320070311013104,1,,,,,,,,,SYNTHETIC_GP3,0.3282705453509451,0.3320070311013104,0.33,0.33,normalised
47.05,,,0.3328273340607893,0.3318645487163477,1,,,,,,,,,SYNTHETIC_GP3,0.3328273340607893,0.3318645487163477,0.33,0.33,normalised
47.06666666666666,,,0.3310147473631178,0.3174063637712268,1,,,,,,,,,SYNTHETIC_GP3,0.3310147473631178,0.3174063637712268,0.33,0.33,normalised
47.083333333333336,,,0.332263702726192,0.33059646793883,1,,,,,,,,,SYNTHETIC_GP3,0.332263702726192,0.33059646793883,0.33,0.33,normalised
47.1,,,0.3364655916504543,0.3218154307203111,1,,,,,,,,,SYNTHETIC_GP3,0.3364655916504543,0.3218154307203111,0.33,0.33,normalised
47.11666666666667,,,0.3264191007177064,0.3295293127664176,1,,,,,,,,,SYNTHETIC_GP3,0.3264191007177064,0.3295293127664176,0.33,0.33,normalised
47.13333333333333,,,,,0,,,,,,,,,SYNTHETIC_GP3,,,0.33,0.33,normalised
47.15,,,0.333799728466304,0.3313459887668264,1,,,,,,,,,SYNTHETIC_GP3,0.333799728466304,0.3313459887668264,0.33,0.33,normalised
47.16666666666666,,,0.3281163186815399,0.321309925535899,1,,,,,,,,,SYNTHETIC_GP3,0.3281163186815399,0.321309925535899,0.33,0.33,normalised
47.18333333333333,,,0.3365296489716735,0.3280106627737456,1,,,,,,,,,SYNTHETIC_GP3,0.3365296489716735,0.3280106627737456,0.33,0.33,normalised
47.2,,,0.3296599242083847,0.3366256977505391,1,,,,,,,,,SYNTHETIC_GP3,0.3296599242083847,0.3366256977505391,0.33,0.33,normalised
47.21666666666667,,,0.3321891357081195,0.3377850052023897,1,,,,,,,,,SYNTHETIC_GP3,0.3321891357081195,0.3377850052023897,0.33,0.33,normalised
47.23333333333333,,,0.3216095321202799,0.323216477137431,1,,,,,,,,,SYNTHETIC_GP3,0.3216095321202799,0.323216477137431,0.33,0.33,normalised
47.25,,,0.3365030880996376,0.3264595356256114,1,,,,,,,,,SYNTHETIC_GP3,0.3365030880996376,0.3264595356256114,0.33,0.33,normalised
47.266666666666666,,,0.3308771478669274,0.3234801984810979,1,,,,,,,,,SYNTHETIC_GP3,0.3308771478669274,0.3234801984810979,0.33,0.33,normalised
47.28333333333333,,,0.3307429384420557,0.3276543040350622,1,,,,,,,,,SYNTHETIC_GP3,0.3307429384420557,0.3276543040350622,0.33,0.33,normalised
47.3,,,0.3378741474421286,0.3332648404683818,1,,,,,,,,,SYNTHETIC_GP3,0.3378741474421286,0.3332648404683818,0.33,0.33,normalised
47.31666666666666,,,0.3242430742168498,0.3328128919704655,1,,,,,,,,,SYNTHETIC_GP3,0.3242430742168498,0.3328128919704655,0.33,0.33,normalised
47.333333333333336,,,0.3355010959031838,0.3256995418575344,1,,,,,,,,,SYNTHETIC_GP3,0.3355010959031838,0.3256995418575344,0.33,0.33,normalised
47.35,,,0.5062508773221853,0.4957428839032711,1,,,,,,,,,SYNTHETIC_GP3,0.5062508773221853,0.4957428839032711,0.5,0.5,normalised
47.36666666666667,,,0.4940026359500147,0.4925269067099262,1,,,,,,,,,SYNTHETIC_GP3,0.4940026359500147,0.4925269067099262,0.5,0.5,normalised
47.38333333333333,,,0.5030670481646807,0.4958773987103381,1,,,,,,,,,SYNTHETIC_GP3,0.5030670481646807,0.4958773987103381,0.5,0.5,normalised
47.4,,,0.5004738258939259,0.501421351857371,1,,,,,,,,,SYNTHETIC_GP3,0.5004738258939259,0.501421351857371,0.5,0.5,normalised
47.41666666666666,,,0.4977790075393958,0.499690099639258,1,,,,,,,,,SYNTHETIC_GP3,0.4977790075393958,0.499690099639258,0.5,0.5,normalised
47.43333333333333,,,0.4968121475272734,0.5027484105315126,1,,,,,,,,,SYNTHETIC_GP3,0.4968121475272734,0.5027484105315126,0.5,0.5,normalised
47.45,,,0.5049235924886066,0.5022601727051471,1,,,,,,,,,SYNTHETIC_GP3,0.5049235924886066,0.5022601727051471,0.5,0.5,normalised
47.46666666666667,,,0.5067206085426476,0.5029497771818774,1,,,,,,,,,SYNTHETIC_GP3,0.5067206085426476,0.5029497771818774,0.5,0.5,normalised
47.48333333333333,,,0.4974887251233469,0.5021280325693528,1,,,,,,,,,SYNTHETIC_GP3,0.4974887251233469,0.5021280325693528,0.5,0.5,normalised
47.5,,,0.4981957995096178,0.4953053118380682,1,,,,,,,,,SYNTHETIC_GP3,0.4981957995096178,0.4953053118380682,0.5,0.5,normalised
47.516666666666666,,,0.5053270245141663,0.5015155826863259,1,,,,,,,,,SYNTHETIC_GP3,0.5053270245141663,0.5015155826863259,0.5,0.5,normalised
47.53333333333333,,,0.5117709805198551,0.4942826612143302,1,,,,,,,,,SYNTHETIC_GP3,0.5117709805198551,0.4942826612143302,0.5,0.5,normalised
47.55,,,0.495732583941163,0.4900159529801058,1,,,,,,,,,SYNTHETIC_GP3,0.495732583941163,0.4900159529801058,0.5,0.5,normalised
47.56666666666666,,,0.4961145974025405,0.4916801174529457,1,,,,,,,,,SYNTHETIC_GP3,0.4961145974025405,0.4916801174529457,0.5,0.5,normalised
47.583333333333336,,,0.4976081900518221,0.4980720576861801,1,,,,,,,,,SYNTHETIC_GP3,0.4976081900518221,0.4980720576861801,0.5,0.5,normalised
47.6,,,0.4976706504095405,0.5020224078987668,1,,,,,,,,,SYNTHETIC_GP3,0.4976706504095405,0.5020224078987668,0.5,0.5,normalised
47.61666666666667,,,0.5067301549937085,0.5011637530617294,1,,,,,,,,,SYNTHETIC_GP3,0.5067301549937085,0.5011637530617294,0.5,0.5,normalised
47.63333333333333,,,0.497844506727716,0.4920155775093729,1,,,,,,,,,SYNTHETIC_GP3,0.497844506727716,0.4920155775093729,0.5,0.5,normalised
47.65,,,0.5111206143161344,0.4975693725844003,1,,,,,,,,,SYNTHETIC_GP3,0.5111206143161344,0.4975693725844003,0.5,0.5,normalised
47.66666666666666,,,0.5039059458698413,0.5018967362628013,1,,,,,,,,,SYNTHETIC_GP3,0.5039059458698413,0.5018967362628013,0.5,0.5,normalised
47.68333333333333,,,0.5061844190923189,0.4998341212505645,1,,,,,,,,,SYNTHETIC_GP3,0.5061844190923189,0.4998341212505645,0.5,0.5,normalised
47.7,,,0.5045923020065339,0.4976420207680603,1,,,,,,,,,SYNTHETIC_GP3,0.5045923020065339,0.4976420207680603,0.5,0.5,normalised
47.71666666666667,,,0.4977965003549531,0.4958882664689103,1,,,,,,,,,SYNTHETIC_GP3,0.4977965003549531,0.4958882664689103,0.5,0.5,normalised
47.73333333333333,,,0.4963105120902153,0.4951755213905268,1,,,,,,,,,SYNTHETIC_GP3,0.4963105120902153,0.4951755213905268,0.5,0.5,normalised
47.75,,,0.5058997848415608,0.4994092489688557,1,,,,,,,,,SYNTHETIC_GP3,0.5058997848415608,0.4994092489688557,0.5,0.5,normalised
47.766666666666666,,,0.5070277550267331,0.504648245090331,1,,,,,,,,,SYNTHETIC_GP3,0.5070277550267331,0.504648245090331,0.5,0.5,normalised
47.78333333333333,,,0.5038078144143562,0.5062537047822394,1,,,,,,,,,SYNTHETIC_GP3,0.5038078144143562,0.5062537047822394,0.5,0.5,normalised
47.8,,,0.5020592519515344,0.4918206384057477,1,,,,,,,,,SYNTHETIC_GP3,0.5020592519515344,0.4918206384057477,0.5,0.5,normalised
47.81666666666666,,,0.50245881688647,0.5000498454188026,1,,,,,,,,,SYNTHETIC_GP3,0.50245881688647,0.5000498454188026,0.5,0.5,normalised
47.833333333333336,,,0.5029665365774563,0.5067040172538403,1,,,,,,,,,SYNTHETIC_GP3,0.5029665365774563,0.5067040172538403,0.5,0.5,normalised
47.85,,,0.4964960317452774,0.4916677065781096,1,,,,,,,,,SYNTHETIC_GP3,0.4964960317452774,0.4916677065781096,0.5,0.5,normalised
47.86666666666667,,,0.5023073755563346,0.4994205292003021,1,,,,,,,,,SYNTHETIC_GP3,0.5023073755563346,0.4994205292003021,0.5,0.5,normalised
47.88333333333333,,,0.5020659854490086,0.5056043746227881,1,,,,,,,,,SYNTHETIC_GP3,0.5020659854490086,0.5056043746227881,0.5,0.5,normalised
47.9,,,0.4947377303991984,0.5038273866926787,1,,,,,,,,,SYNTHETIC_GP3,0.4947377303991984,0.5038273866926787,0.5,0.5,normalised
47.91666666666666,,,0.4909555760441061,0.5049193000975704,1,,,,,,,,,SYNTHETIC_GP3,0.4909555760441061,0.5049193000975704,0.5,0.5,normalised
47.93333333333333,,,0.5009898066923671,0.4995522428928233,1,,,,,,,,,SYNTHETIC_GP3,0.5009898066923671,0.4995522428928233,0.5,0.5,normalised
47.95,,,0.4936219665400254,0.4998359564545498,1,,,,,,,,,SYNTHETIC_GP3,0.4936219665400254,0.4998359564545498,0.5,0.5,normalised
47.96666666666667,,,0.4923614821238004,0.5061784583266187,1,,,,,,,,,SYNTHETIC_GP3,0.4923614821238004,0.5061784583266187,0.5,0.5,normalised
47.98333333333333,,,0.4948998536276097,0.5002441587949035,1,,,,,,,,,SYNTHETIC_GP3,0.4948998536276097,0.5002441587949035,0.5,0.5,normalised
48.0,,,0.3328148482743982,0.6632388027948756,1,,,,,,,,,SYNTHETIC_GP3,0.3328148482743982,0.6632388027948756,0.33,0.66,normalised
48.016666666666666,,,0.3318340601947121,0.6642852558169915,1,,,,,,,,,SYNTHETIC_GP3,0.3318340601947121,0.6642852558169915,0.33,0.66,normalised
48.03333333333333,,,0.3323435044999841,0.6573213054774295,1,,,,,,,,,SYNTHETIC_GP3,0.3323435044999841,0.6573213054774295,0.33,0.66,normalised
48.05,,,0.3390196007666887,0.6616451976453204,1,,,,,,,,,SYNTHETIC_GP3,0.3390196007666887,0.6616451976453204,0.33,0.66,normalised
48.06666666666666,,,0.3341709904448768,0.6641531902624672,1,,,,,,,,,SYNTHETIC_GP3,0.3341709904448768,0.6641531902624672,0.33,0.66,normalised
48.083333333333336,,,0.3383917799718473,0.6621969837394339,1,,,,,,,,,SYNTHETIC_GP3,0.3383917799718473,0.6621969837394339,0.33,0.66,normalised
48.1,,,0.3328064898508627,0.6610811936702748,1,,,,,,,,,SYNTHETIC_GP3,0.3328064898508627,0.6610811936702748,0.33,0.66,normalised
48.11666666666667,,,0.3364340471425027,0.6633888145287546,1,,,,,,,,,SYNTHETIC_GP3,0.3364340471425027,0.6633888145287546,0.33,0.66,normalised
48.13333333333333,,,0.3385016280996564,0.6649908726125193,1,,,,,,,,,SYNTHETIC_GP3,0.3385016280996564,0.6649908726125193,0.33,0.66,normalised
48.15,,,0.3402315193279625,0.6624523515396321,1,,,,,,,,,SYNTHETIC_GP3,0.3402315193279625,0.6624523515396321,0.33,0.66,normalised
48.16666666666666,,,0.3311124135286636,0.6610450793274283,1,,,,,,,,,SYNTHETIC_GP3,0.3311124135286636,0.6610450793274283,0.33,0.66,normalised
48.18333333333333,,,0.3270415886916082,0.657071535278368,1,,,,,,,,,SYNTHETIC_GP3,0.3270415886916082,0.657071535278368,0.33,0.66,normalised
48.2,,,0.3322526388934858,0.6597800452703377,1,,,,,,,,,SYNTHETIC_GP3,0.3322526388934858,0.6597800452703377,0.33,0.66,normalised
48.21666666666667,,,0.337621408267554,0.6636178674596059,1,,,,,,,,,SYNTHETIC_GP3,0.337621408267554,0.6636178674596059,0.33,0.66,normalised
48.23333333333333,,,0.3385392792065087,0.6590423101917813,1,,,,,,,,,SYNTHETIC_GP3,0.3385392792065087,0.6590423101917813,0.33,0.66,normalised
48.25,,,0.3325388256823447,0.6596974188716622,1,,,,,,,,,SYNTHETIC_GP3,0.3325388256823447,0.6596974188716622,0.33,0.66,normalised
48.266666666666666,,,0.3335524959556544,0.6616060708894138,1,,,,,,,,,SYNTHETIC_GP3,0.3335524959556544,0.6616060708894138,0.33,0.66,normalised
48.28333333333333,,,0.3386002766821935,0.6533247142623609,1,,,,,,,,,SYNTHETIC_GP3,0.3386002766821935,0.6533247142623609,0.33,0.66,normalised
48.3,,,0.3327389564365222,0.6559918665699446,1,,,,,,,,,SYNTHETIC_GP3,0.3327389564365222,0.6559918665699446,0.33,0.66,normalised
48.31666666666666,,,0.3348036223353816,0.6599646023346755,1,,,,,,,,,SYNTHETIC_GP3,0.3348036223353816,0.6599646023346755,0.33,0.66,normalised
48.333333333333336,,,0.3358473190305106,0.6658201741516915,1,,,,,,,,,SYNTHETIC_GP3,0.3358473190305106,0.6658201741516915,0.33,0.66,normalised
48.35,,,0.3310881548723976,0.6589231813704793,1,,,,,,,,,SYNTHETIC_GP3,0.3310881548723976,0.6589231813704793,0.33,0.66,normalised
48.36666666666667,,,0.3284777819368168,0.6648955733033252,1,,,,,,,,,SYNTHETIC_GP3,0.3284777819368168,0.6648955733033252,0.33,0.66,normalised
48.38333333333333,,,0.3422366398205375,0.6611421571600374,1,,,,,,,,,SYNTHETIC_GP3,0.3422366398205375,0.6611421571600374,0.33,0.66,normalised
48.4,,,0.3295822959314657,0.6595775548901518,1,,,,,,,,,SYNTHETIC_GP3,0.3295822959314657,0.6595775548901518,0.33,0.66,normalised
48.41666666666666,,,0.3275913892579543,0.6607471242054644,1,,,,,,,,,SYNTHETIC_GP3,0.3275913892579543,0.6607471242054644,0.33,0.66,normalised
48.43333333333333,,,0.3309361499365835,0.6597134639312437,1,,,,,,,,,SYNTHETIC_GP3,0.3309361499365835,0.6597134639312437,0.33,0.66,normalised
48.45,,,0.3326585623367949,0.6593047605750803,1,,,,,,,,,SYNTHETIC_GP3,0.3326585623367949,0.6593047605750803,0.33,0.66,normalised
48.46666666666667,,,0.333216182390689,0.6588153738090619,1,,,,,,,,,SYNTHETIC_GP3,0.333216182390689,0.6588153738090619,0.33,0.66,normalised
48.48333333333333,,,0.3306521603583994,0.6561395741846946,1,,,,,,,,,SYNTHETIC_GP3,0.3306521603583994,0.6561395741846946,0.33,0.66,normalised
48.5,,,0.3340772582615305,0.6643633591642077,1,,,,,,,,,SYNTHETIC_GP3,0.3340772582615305,0.6643633591642077,0.33,0.66,normalised
48.516666666666666,,,0.339116797701828,0.6582683446656711,1,,,,,,,,,SYNTHETIC_GP3,0.339116797701828,0.6582683446656711,0.33,0.66,normalised
48.53333333333333,,,0.3306319376250903,0.655950495246198,1,,,,,,,,,SYNTHETIC_GP3,0.3306319376250903,0.655950495246198,0.33,0.66,normalised
48.55,,,0.332180006887058,0.6559165904148087,1,,,,,,,,,SYNTHETIC_GP3,0.332180006887058,0.6559165904148087,0.33,0.66,normalised
48.56666666666666,,,0.3377920903789601,0.660568738747286,1,,,,,,,,,SYNTHETIC_GP3,0.3377920903789601,0.660568738747286,0.33,0.66,normalised
48.583333333333336,,,0.3278263037247113,0.6603905108687199,1,,,,,,,,,SYNTHETIC_GP3,0.3278263037247113,0.6603905108687199,0.33,0.66,normalised
48.6,,,0.3270460570007711,0.6583685031072655,1,,,,,,,,,SYNTHETIC_GP3,0.3270460570007711,0.6583685031072655,0.33,0.66,normalised
48.61666666666667,,,0.3291152866906592,0.6541748991520359,1,,,,,,,,,SYNTHETIC_GP3,0.3291152866906592,0.6541748991520359,0.33,0.66,normalised
48.63333333333333,,,0.3315358805527821,0.660944760753834,1,,,,,,,,,SYNTHETIC_GP3,0.3315358805527821,0.660944760753834,0.33,0.66,normalised
48.65,,,0.3357267662938074,0.6553066044411479,1,,,,,,,,,SYNTHETIC_GP3,0.3357267662938074,0.6553066044411479,0.33,0.66,normalised
48.66666666666666,,,0.3251975743575116,0.6610298460446304,1,,,,,,,,,SYNTHETIC_GP3,0.3251975743575116,0.6610298460446304,0.33,0.66,normalised
48.68333333333333,,,0.3292029296409671,0.6511316681657547,1,,,,,,,,,SYNTHETIC_GP3,0.3292029296409671,0.6511316681657547,0.33,0.66,normalised
48.7,,,0.3273633272634754,0.6634097060745769,1,,,,,,,,,SYNTHETIC_GP3,0.3273633272634754,0.6634097060745769,0.33,0.66,normalised
48.71666666666667,,,0.3253907258493686,0.6610809701070034,1,,,,,,,,,SYNTHETIC_GP3,0.3253907258493686,0.6610809701070034,0.33,0.66,normalised
48.73333333333333,,,0.3266409430483207,0.6577597981441569,1,,,,,,,,,SYNTHETIC_GP3,0.3266409430483207,0.6577597981441569,0.33,0.66,normalised
48.75,,,0.3351098373217069,0.6572658663465943,1,,,,,,,,,SYNTHETIC_GP3,0.3351098373217069,0.6572658663465943,0.33,0.66,normalised
48.766666666666666,,,0.3324183197313632,0.6571785816876923,1,,,,,,,,,SYNTHETIC_GP3,0.3324183197313632,0.6571785816876923,0.33,0.66,normalised
48.78333333333333,,,0.3326525605616177,0.6616944666204577,1,,,,,,,,,SYNTHETIC_GP3,0.3326525605616177,0.6616944666204577,0.33,0.66,normalised
48.8,,,0.3345651504526509,0.6585429597567034,1,,,,,,,,,SYNTHETIC_GP3,0.3345651504526509,0.6585429597567034,0.33,0.66,normalised
48.81666666666666,,,,,0,,,,,,,,,SYNTHETIC_GP3,,,0.33,0.66,normalised
48.833333333333336,,,0.3337837709662216,0.657498516639072,1,,,,,,,,,SYNTHETIC_GP3,0.3337837709662216,0.657498516639072,0.33,0.66,normalised
48.85,,,0.3399431306655843,0.6625180881940038,1,,,,,,,,,SYNTHETIC_GP3,0.3399431306655843,0.6625180881940038,0.33,0.66,normalised
48.86666666666667,,,0.3347931162457475,0.6649585003423842,1,,,,,,,,,SYNTHETIC_GP3,0.3347931162457475,0.6649585003423842,0.33,0.66,normalised
48.88333333333333,,,0.3206415027230734,0.6573481432706935,1,,,,,,,,,SYNTHETIC_GP3,0.3206415027230734,0.6573481432706935,0.33,0.66,normalised
48.9,,,0.3343736391614211,0.6614305707845882,1,,,,,,,,,SYNTHETIC_GP3,0.3343736391614211,0.6614305707845882,0.33,0.66,normalised
48.91666666666666,,,0.3360390659860491,0.6552393711764314,1,,,,,,,,,SYNTHETIC_GP3,0.3360390659860491,0.6552393711764314,0.33,0.66,normalised
48.93333333333333,,,0.3340725168366863,0.6508313653064961,1,,,,,,,,,SYNTHETIC_GP3,0.3340725168366863,0.6508313653064961,0.33,0.66,normalised
48.95,,,0.3294936147812421,0.6602498553651559,1,,,,,,,,,SYNTHETIC_GP3,0.3294936147812421,0.6602498553651559,0.33,0.66,normalised
48.96666666666667,,,0.3276984069112035,0.6599001835660008,1,,,,,,,,,SYNTHETIC_GP3,0.3276984069112035,0.6599001835660008,0.33,0.66,normalised
48.98333333333333,,,0.3321883645216237,0.6611238257526075,1,,,,,,,,,SYNTHETIC_GP3,0.3321883645216237,0.6611238257526075,0.33,0.66,normalised
49.0,,,0.3348339056792222,0.6547303058765046,1,,,,,,,,,SYNTHETIC_GP3,0.3348339056792222,0.6547303058765046,0.33,0.66,normalised
49.016666666666666,,,0.3356326192784533,0.659919235980282,1,,,,,,,,,SYNTHETIC_GP3,0.3356326192784533,0.659919235980282,0.33,0.66,normalised
49.03333333333333,,,0.3243024624066445,0.6532730607816035,1,,,,,,,,,SYNTHETIC_GP3,0.3243024624066445,0.6532730607816035,0.33,0.66,normalised
49.05,,,0.333400685732872,0.6569552525914022,1,,,,,,,,,SYNTHETIC_GP3,0.333400685732872,0.6569552525914022,0.33,0.66,normalised
49.06666666666666,,,0.3373463860659248,0.6639778883432782,1,,,,,,,,,SYNTHETIC_GP3,0.3373463860659248,0.6639778883432782,0.33,0.66,normalised
49.083333333333336,,,0.3352150439137191,0.6534593427807208,1,,,,,,,,,SYNTHETIC_GP3,0.3352150439137191,0.6534593427807208,0.33,0.66,normalised
49.1,,,0.3426455140140571,0.6619653250215152,1,,,,,,,,,SYNTHETIC_GP3,0.3426455140140571,0.6619653250215152,0.33,0.66,normalised
49.11666666666667,,,0.3290848236696251,0.6539632717092919,1,,,,,,,,,SYNTHETIC_GP3,0.3290848236696251,0.6539632717092919,0.33,0.66,normalised
49.13333333333333,,,0.3269346842076902,0.6605052396525705,1,,,,,,,,,SYNTHETIC_GP3,0.3269346842076902,0.6605052396525705,0.33,0.66,normalised
49.15,,,0.3356921935138386,0.6551182692450189,1,,,,,,,,,SYNTHETIC_GP3,0.3356921935138386,0.6551182692450189,0.33,0.66,normalised
49.16666666666666,,,0.3382906347232329,0.654366361311708,1,,,,,,,,,SYNTHETIC_GP3,0.3382906347232329,0.654366361311708,0.33,0.66,normalised
49.18333333333333,,,0.3277791011737321,0.652037058003176,1,,,,,,,,,SYNTHETIC_GP3,0.3277791011737321,0.652037058003176,0.33,0.66,normalised
49.2,,,0.3321976584781987,0.6604200183028729,1,,,,,,,,,SYNTHETIC_GP3,0.3321976584781987,0.6604200183028729,0.33,0.66,normalised
49.21666666666667,,,0.3329963021417186,0.652310065443705,1,,,,,,,,,SYNTHETIC_GP3,0.3329963021417186,0.652310065443705,0.33,0.66,normalised
49.23333333333333,,,0.3337550344352596,0.6596713900363378,1,,,,,,,,,SYNTHETIC_GP3,0.3337550344352596,0.6596713900363378,0.33,0.66,normalised
49.25,,,0.3372536291386941,0.6582083280333618,1,,,,,,,,,SYNTHETIC_GP3,0.3372536291386941,0.6582083280333618,0.33,0.66,normalised
49.266666666666666,,,0.3418026957606659,0.6511080286369322,1,,,,,,,,,SYNTHETIC_GP3,0.3418026957606659,0.6511080286369322,0.33,0.66,normalised
49.28333333333333,,,0.3296143974364955,0.65749828519682,1,,,,,,,,,SYNTHETIC_GP3,0.3296143974364955,0.65749828519682,0.33,0.66,normalised
49.3,,,0.3307046181608992,0.6548683041906772,1,,,,,,,,,SYNTHETIC_GP3,0.3307046181608992,0.6548683041906772,0.33,0.66,normalised
49.31666666666666,,,0.3257405054662996,0.6604997919373996,1,,,,,,,,,SYNTHETIC_GP3,0.3257405054662996,0.6604997919373996,0.33,0.66,normalised
49.333333333333336,,,0.3352440058872484,0.6595912901367803,1,,,,,,,,,SYNTHETIC_GP3,0.3352440058872484,0.6595912901367803,0.33,0.66,normalised
49.35,,,0.3273017405235874,0.6646370258068075,1,,,,,,,,,SYNTHETIC_GP3,0.3273017405235874,0.6646370258068075,0.33,0.66,normalised
49.36666666666667,,,0.3325269833149781,0.6602249483843231,1,,,,,,,,,SYNTHETIC_GP3,0.3325269833149781,0.6602249483843231,0.33,0.66,normalised
49.38333333333333,,,0.3339294941994772,0.6593857982584971,1,,,,,,,,,SYNTHETIC_GP3,0.3339294941994772,0.6593857982584971,0.33,0.66,normalised
49.4,,,0.3375458204163709,0.6607638332676948,1,,,,,,,,,SYNTHETIC_GP3,0.3375458204163709,0.6607638332676948,0.33,0.66,normalised
49.41666666666666,,,0.3317841616744158,0.6601733514612215,1,,,,,,,,,SYNTHETIC_GP3,0.3317841616744158,0.6601733514612215,0.33,0.66,normalised
49.43333333333333,,,0.3299726470569001,0.6581740406583891,1,,,,,,,,,SYNTHETIC_GP3,0.3299726470569001,0.6581740406583891,0.33,0.66,normalised
49.45,,,0.3293372464164586,0.6612224737097282,1,,,,,,,,,SYNTHETIC_GP3,0.3293372464164586,0.6612224737097282,0.33,0.66,normalised
49.46666666666667,,,0.3360880921405804,0.6599604331586065,1,,,,,,,,,SYNTHETIC_GP3,0.3360880921405804,0.6599604331586065,0.33,0.66,normalised
49.48333333333333,,,0.330564089238766,0.6609607690154268,1,,,,,,,,,SYNTHETIC_GP3,0.330564089238766,0.6609607690154268,0.33,0.66,normalised
49.5,,,0.3322331009419871,0.6541870960207061,1,,,,,,,,,SYNTHETIC_GP3,0.3322331009419871,0.6541870960207061,0.33,0.66,normalised
49.516666666666666,,,0.3351635342667289,0.6587086836783344,1,,,,,,,,,SYNTHETIC_GP3,0.3351635342667289,0.6587086836783344,0.33,0.66,normalised
49.53333333333333,,,0.3373934843724136,0.66243435990517,1,,,,,,,,,SYNTHETIC_GP3,0.3373934843724136,0.66243435990517,0.33,0.66,normalised
49.55,,,0.3368041479591406,0.6614092612379273,1,,,,,,,,,SYNTHETIC_GP3,0.3368041479591406,0.6614092612379273,0.33,0.66,normalised
49.56666666666666,,,0.3261450879369684,0.6617334795525162,1,,,,,,,,,SYNTHETIC_GP3,0.3261450879369684,0.6617334795525162,0.33,0.66,normalised
49.583333333333336,,,0.3274664606462656,0.6617295053061756,1,,,,,,,,,SYNTHETIC_GP3,0.3274664606462656,0.6617295053061756,0.33,0.66,normalised
49.6,,,0.3334861317464934,0.6604493609143722,1,,,,,,,,,SYNTHETIC_GP3,0.3334861317464934,0.6604493609143722,0.33,0.66,normalised
49.61666666666667,,,0.3343889685614113,0.6630149786669467,1,,,,,,,,,SYNTHETIC_GP3,0.3343889685614113,0.6630149786669467,0.33,0.66,normalised
49.63333333333333,,,0.3331403802159676,0.65564635653776,1,,,,,,,,,SYNTHETIC_GP3,0.3331403802159676,0.65564635653776,0.33,0.66,normalised
49.65,,,0.3374254296765742,0.661925653879503,1,,,,,,,,,SYNTHETIC_GP3,0.3374254296765742,0.661925653879503,0.33,0.66,normalised
49.66666666666666,,,0.3383986073667975,0.6598624561859514,1,,,,,,,,,SYNTHETIC_GP3,0.3383986073667975,0.6598624561859514,0.33,0.66,normalised
49.68333333333333,,,0.3316855840362828,0.6579548971339487,1,,,,,,,,,SYNTHETIC_GP3,0.3316855840362828,0.6579548971339487,0.33,0.66,normalised
49.7,,,0.3327476355172447,0.6598214896129716,1,,,,,,,,,SYNTHETIC_GP3,0.3327476355172447,0.6598214896129716,0.33,0.66,normalised
49.71666666666667,,,0.3365214690085741,0.6600060747819854,1,,,,,,,,,SYNTHETIC_GP3,0.3365214690085741,0.6600060747819854,0.33,0.66,normalised
49.73333333333333,,,0.3356106605179032,0.6541826599282177,1,,,,,,,,,SYNTHETIC_GP3,0.3356106605179032,0.6541826599282177,0.33,0.66,normalised
49.75,,,0.3278291962235893,0.6554707418007222,1,,,,,,,,,SYNTHETIC_GP3,0.3278291962235893,0.6554707418007222,0.33,0.66,normalised
49.766666666666666,,,0.3266191312435212,0.6626924346667663,1,,,,,,,,,SYNTHETIC_GP3,0.3266191312435212,0.6626924346667663,0.33,0.66,normalised
49.78333333333333,,,0.3246672290375105,0.6558371823397737,1,,,,,,,,,SYNTHETIC_GP3,0.3246672290375105,0.6558371823397737,0.33,0.66,normalised
49.8,,,0.3319341555721448,0.6625244540657935,1,,,,,,,,,SYNTHETIC_GP3,0.3319341555721448,0.6625244540657935,0.33,0.66,normalised
49.81666666666666,,,0.3295302626618188,0.6619150888119798,1,,,,,,,,,SYNTHETIC_GP3,0.3295302626618188,0.6619150888119798,0.33,0.66,normalised
49.833333333333336,,,0.3291564848360559,0.6610367279484666,1,,,,,,,,,SYNTHETIC_GP3,0.3291564848360559,0.6610367279484666,0.33,0.66,normalised
49.85,,,0.3255980463232788,0.6596736538291428,1,,,,,,,,,SYNTHETIC_GP3,0.3255980463232788,0.6596736538291428,0.33,0.66,normalised
49.86666666666667,,,0.3317431006349747,0.6646670314352449,1,,,,,,,,,SYNTHETIC_GP3,0.3317431006349747,0.6646670314352449,0.33,0.66,normalised
49.88333333333333,,,0.3257042601054138,0.66102802870425,1,,,,,,,,,SYNTHETIC_GP3,0.3257042601054138,0.66102802870425,0.33,0.66,normalised
49.9,,,0.3271119786630748,0.6638948633264832,1,,,,,,,,,SYNTHETIC_GP3,0.3271119786630748,0.6638948633264832,0.33,0.66,normalised
49.91666666666666,,,0.3304729266134681,0.6628726162680979,1,,,,,,,,,SYNTHETIC_GP3,0.3304729266134681,0.6628726162680979,0.33,0.66,normalised
49.93333333333333,,,0.3338642917717312,0.6585763621297227,1,,,,,,,,,SYNTHETIC_GP3,0.3338642917717312,0.6585763621297227,0.33,0.66,normalised
49.95,,,0.3320781965144281,0.6581797903202551,1,,,,,,,,,SYNTHETIC_GP3,0.3320781965144281,0.6581797903202551,0.33,0.66,normalised
49.96666666666667,,,0.3347746215020885,0.6588773967831383,1,,,,,,,,,SYNTHETIC_GP3,0.3347746215020885,0.6588773967831383,0.33,0.66,normalised
49.98333333333333,,,0.3316623153915201,0.6612335746085062,1,,,,,,,,,SYNTHETIC_GP3,0.3316623153915201,0.6612335746085062,0.33,0.66,normalised
50.0,,,0.3301919817365931,0.6551348915364311,1,,,,,,,,,SYNTHETIC_GP3,0.3301919817365931,0.6551348915364311,0.33,0.66,normalised
50.016666666666666,,,0.3305876192429541,0.6527710057310178,1,,,,,,,,,SYNTHETIC_GP3,0.3305876192429541,0.6527710057310178,0.33,0.66,normalised
50.03333333333333,,,0.3282306588540672,0.6586719131731696,1,,,,,,,,,SYNTHETIC_GP3,0.3282306588540672,0.6586719131731696,0.33,0.66,normalised
50.05,,,0.332044087454483,0.6534818830546152,1,,,,,,,,,SYNTHETIC_GP3,0.332044087454483,0.6534818830546152,0.33,0.66,normalised
50.06666666666666,,,0.3367617830026007,0.656287496669186,1,,,,,,,,,SYNTHETIC_GP3,0.3367617830026007,0.656287496669186,0.33,0.66,normalised
50.083333333333336,,,0.3349424534424836,0.6602064050769789,1,,,,,,,,,SYNTHETIC_GP3,0.3349424534424836,0.6602064050769789,0.33,0.66,normalised
50.1,,,0.3348676469875758,0.6604930300777246,1,,,,,,,,,SYNTHETIC_GP3,0.3348676469875758,0.6604930300777246,0.33,0.66,normalised
50.11666666666667,,,0.3334556019166588,0.6649078944962706,1,,,,,,,,,SYNTHETIC_GP3,0.3334556019166588,0.6649078944962706,0.33,0.66,normalised
50.13333333333333,,,0.3328520576034984,0.6545884338028896,1,,,,,,,,,SYNTHETIC_GP3,0.3328520576034984,0.6545884338028896,0.33,0.66,normalised
50.15,,,0.3323238782297606,0.6524862464088017,1,,,,,,,,,SYNTHETIC_GP3,0.3323238782297606,0.6524862464088017,0.33,0.66,normalised
50.16666666666666,,,0.3275261776367978,0.6618521935030455,1,,,,,,,,,SYNTHETIC_GP3,0.3275261776367978,0.6618521935030455,0.33,0.66,normalised
50.18333333333333,,,0.327341985373671,0.6536326241327289,1,,,,,,,,,SYNTHETIC_GP3,0.327341985373671,0.6536326241327289,0.33,0.66,normalised
50.2,,,0.328049703345109,0.6610684646729662,1,,,,,,,,,SYNTHETIC_GP3,0.328049703345109,0.6610684646729662,0.33,0.66,normalised
50.21666666666667,,,0.3357095953027529,0.6522133141485522,1,,,,,,,,,SYNTHETIC_GP3,0.3357095953027529,0.6522133141485522,0.33,0.66,normalised
50.23333333333333,,,0.3293424564868887,0.6550864482998194,1,,,,,,,,,SYNTHETIC_GP3,0.3293424564868887,0.6550864482998194,0.33,0.66,normalised
50.25,,,0.3344739721271711,0.6617418660743037,1,,,,,,,,,SYNTHETIC_GP3,0.3344739721271711,0.6617418660743037,0.33,0.66,normalised
50.266666666666666,,,0.3272649158134205,0.6530601460979459,1,,,,,,,,,SYNTHETIC_GP3,0.3272649158134205,0.6530601460979459,0.33,0.66,normalised
50.28333333333333,,,0.33078895561201,0.6585444919717189,1,,,,,,,,,SYNTHETIC_GP3,0.33078895561201,0.6585444919717189,0.33,0.66,normalised
50.3,,,0.3279415542684317,0.6604067265357534,1,,,,,,,,,SYNTHETIC_GP3,0.3279415542684317,0.6604067265357534,0.33,0.66,normalised
50.31666666666666,,,0.3347024434117236,0.6538416254027402,1,,,,,,,,,SYNTHETIC_GP3,0.3347024434117236,0.6538416254027402,0.33,0.66,normalised
50.333333333333336,,,0.3398902886299189,0.660392997614374,1,,,,,,,,,SYNTHETIC_GP3,0.3398902886299189,0.660392997614374,0.33,0.66,normalised
50.35,,,0.496887418403665,0.5030833736117315,1,,,,,,,,,SYNTHETIC_GP3,0.496887418403665,0.5030833736117315,0.5,0.5,normalised
50.36666666666667,,,0.5030946628786754,0.4983572736841966,1,,,,,,,,,SYNTHETIC_GP3,0.5030946628786754,0.4983572736841966,0.5,0.5,normalised
50.38333333333333,,,0.4985628662869696,0.4982032293260507,1,,,,,,,,,SYNTHETIC_GP3,0.4985628662869696,0.4982032293260507,0.5,0.5,normalised
50.4,,,0.504800056373438,0.5035300295454066,1,,,,,,,,,SYNTHETIC_GP3,0.504800056373438,0.5035300295454066,0.5,0.5,normalised
50.41666666666666,,,0.5087184830385467,0.4936504049011785,1,,,,,,,,,SYNTHETIC_GP3,0.5087184830385467,0.4936504049011785,0.5,0.5,normalised
50.43333333333333,,,0.4998058600694008,0.5016558203863516,1,,,,,,,,,SYNTHETIC_GP3,0.4998058600694008,0.5016558203863516,0.5,0.5,normalised
50.45,,,0.506002855508191,0.4988555173084579,1,,,,,,,,,SYNTHETIC_GP3,0.506002855508191,0.4988555173084579,0.5,0.5,normalised
50.46666666666667,,,0.5014789631968234,0.5011466937801368,1,,,,,,,,,SYNTHETIC_GP3,0.5014789631968234,0.5011466937801368,0.5,0.5,normalised
50.48333333333333,,,0.4990100195937731,0.4986710614716756,1,,,,,,,,,SYNTHETIC_GP3,0.4990100195937731,0.4986710614716756,0.5,0.5,normalised
50.5,,,,,0,,,,,,,,,SYNTHETIC_GP3,,,0.5,0.5,normalised
50.516666666666666,,,0.5067008146216657,0.5007656266586006,1,,,,,,,,,SYNTHETIC_GP3,0.5067008146216657,0.5007656266586006,0.5,0.5,normalised
50.53333333333333,,,0.5037114338045239,0.500533628923786,1,,,,,,,,,SYNTHETIC_GP3,0.5037114338045239,0.500533628923786,0.5,0.5,normalised
50.55,,,0.5016807028828693,0.4967324037860087,1,,,,,,,,,SYNTHETIC_GP3,0.5016807028828693,0.4967324037860087,0.5,0.5,normalised
50.56666666666666,,,0.5013139906144716,0.4926966187309656,1,,,,,,,,,SYNTHETIC_GP3,0.5013139906144716,0.4926966187309656,0.5,0.5,normalised
50.583333333333336,,,0.4994875145985831,0.4998936901383684,1,,,,,,,,,SYNTHETIC_GP3,0.4994875145985831,0.4998936901383684,0.5,0.5,normalised
50.6,,,0.5046628406496928,0.5002029245473304,1,,,,,,,,,SYNTHETIC_GP3,0.5046628406496928,0.5002029245473304,0.5,0.5,normalised
50.61666666666667,,,0.5107805543363914,0.4923872829826553,1,,,,,,,,,SYNTHETIC_GP3,0.5107805543363914,0.4923872829826553,0.5,0.5,normalised
50.63333333333333,,,0.501342010508762,0.494405920051872,1,,,,,,,,,SYNTHETIC_GP3,0.501342010508762,0.494405920051872,0.5,0.5,normalised
50.65,,,0.4977968584434099,0.4897844086232977,1,,,,,,,,,SYNTHETIC_GP3,0.4977968584434099,0.4897844086232977,0.5,0.5,normalised
50.66666666666666,,,0.5035827838941663,0.5001267580513225,1,,,,,,,,,SYNTHETIC_GP3,0.5035827838941663,0.5001267580513225,0.5,0.5,normalised
50.68333333333333,,,0.5042088879580175,0.4997029172040944,1,,,,,,,,,SYNTHETIC_GP3,0.5042088879580175,0.4997029172040944,0.5,0.5,normalised
50.7,,,0.5064316852161436,0.496812401789897,1,,,,,,,,,SYNTHETIC_GP3,0.5064316852161436,0.496812401789897,0.5,0.5,normalised
50.71666666666667,,,0.4970934620232067,0.5015485326579376,1,,,,,,,,,SYNTHETIC_GP3,0.4970934620232067,0.5015485326579376,0.5,0.5,normalised
50.73333333333333,,,0.503230671350091,0.5071762958634617,1,,,,,,,,,SYNTHETIC_GP3,0.503230671350091,0.5071762958634617,0.5,0.5,normalised
50.75,,,0.4985614837016723,0.4966268850463921,1,,,,,,,,,SYNTHETIC_GP3,0.4985614837016723,0.4966268850463921,0.5,0.5,normalised
50.766666666666666,,,0.5076542836047115,0.4950264381381138,1,,,,,,,,,SYNTHETIC_GP3,0.5076542836047115,0.4950264381381138,0.5,0.5,normalised
50.78333333333333,,,0.5051202282304593,0.5036926885253294,1,,,,,,,,,SYNTHETIC_GP3,0.5051202282304593,0.5036926885253294,0.5,0.5,normalised
50.8,,,0.5012550656618356,0.4913172370675757,1,,,,,,,,,SYNTHETIC_GP3,0.5012550656618356,0.4913172370675757,0.5,0.5,normalised
50.81666666666666,,,0.4970604720663756,0.4900150426161422,1,,,,,,,,,SYNTHETIC_GP3,0.4970604720663756,0.4900150426161422,0.5,0.5,normalised
50.833333333333336,,,0.5098196983683095,0.5024296525944608,1,,,,,,,,,SYNTHETIC_GP3,0.5098196983683095,0.5024296525944608,0.5,0.5,normalised
50.85,,,0.5014263812245938,0.4983536047772934,1,,,,,,,,,SYNTHETIC_GP3,0.5014263812245938,0.4983536047772934,0.5,0.5,normalised
50.86666666666667,,,0.5057352611420729,0.4937972113669081,1,,,,,,,,,SYNTHETIC_GP3,0.5057352611420729,0.4937972113669081,0.5,0.5,normalised
50.88333333333333,,,0.494190732428706,0.4968543492614818,1,,,,,,,,,SYNTHETIC_GP3,0.494190732428706,0.4968543492614818,0.5,0.5,normalised
50.9,,,0.5025752606744964,0.4986754470105215,1,,,,,,,,,SYNTHETIC_GP3,0.5025752606744964,0.4986754470105215,0.5,0.5,normalised
50.91666666666666,,,0.5052069115426154,0.4980329392148759,1,,,,,,,,,SYNTHETIC_GP3,0.5052069115426154,0.4980329392148759,0.5,0.5,normalised
50.93333333333333,,,0.4931864977387285,0.5005993486668037,1,,,,,,,,,SYNTHETIC_GP3,0.4931864977387285,0.5005993486668037,0.5,0.5,normalised
50.95,,,0.5031512398331128,0.4968542373881283,1,,,,,,,,,SYNTHETIC_GP3,0.5031512398331128,0.4968542373881283,0.5,0.5,normalised
50.96666666666667,,,0.507228114149263,0.4918056215998025,1,,,,,,,,,SYNTHETIC_GP3,0.507228114149263,0.4918056215998025,0.5,0.5,normalised
50.98333333333333,,,0.4960107600953681,0.4926442629284649,1,,,,,,,,,SYNTHETIC_GP3,0.4960107600953681,0.4926442629284649,0.5,0.5,normalised
51.0,,,0.8514977834302236,0.8531651550136108,1,,,,,,,,,SYNTHETIC_GP3,0.8514977834302236,0.8531651550136108,0.85,0.85,normalised
51.016666666666666,,,0.8506027516449395,0.8463003160740578,1,,,,,,,,,SYNTHETIC_GP3,0.8506027516449395,0.8463003160740578,0.85,0.85,normalised
51.03333333333333,,,0.8494541221426697,0.8465542197226751,1,,,,,,,,,SYNTHETIC_GP3,0.8494541221426697,0.8465542197226751,0.85,0.85,normalised
51.05,,,0.8494657240948784,0.8386076559047704,1,,,,,,,,,SYNTHETIC_GP3,0.8494657240948784,0.8386076559047704,0.85,0.85,normalised
51.06666666666666,,,0.8483546078959856,0.8432341987418894,1,,,,,,,,,SYNTHETIC_GP3,0.8483546078959856,0.8432341987418894,0.85,0.85,normalised
51.083333333333336,,,0.8488762168246529,0.8491791124794675,1,,,,,,,,,SYNTHETIC_GP3,0.8488762168246529,0.8491791124794675,0.85,0.85,normalised
51.1,,,0.8517486351227115,0.8464348879371799,1,,,,,,,,,SYNTHETIC_GP3,0.8517486351227115,0.8464348879371799,0.85,0.85,normalised
51.11666666666667,,,0.8523188623882,0.8492594320527485,1,,,,,,,,,SYNTHETIC_GP3,0.8523188623882,0.8492594320527485,0.85,0.85,normalised
51.13333333333333,,,0.8465643511037384,0.8505721071987803,1,,,,,,,,,SYNTHETIC_GP3,0.8465643511037384,0.8505721071987803,0.85,0.85,normalised
51.15,,,0.8495518306543063,0.8469326615689223,1,,,,,,,,,SYNTHETIC_GP3,0.8495518306543063,0.8469326615689223,0.85,0.85,normalised
51.16666666666666,,,0.8524056162542186,0.8589794211716479,1,,,,,,,,,SYNTHETIC_GP3,0.8524056162542186,0.8589794211716479,0.85,0.85,normalised
51.18333333333333,,,0.8568602108722304,0.847120564375406,1,,,,,,,,,SYNTHETIC_GP3,0.8568602108722304,0.847120564375406,0.85,0.85,normalised
51.2,,,0.8569066194777303,0.8516566690279447,1,,,,,,,,,SYNTHETIC_GP3,0.8569066194777303,0.8516566690279447,0.85,0.85,normalised
51.21666666666667,,,0.8518867873261468,0.8503428820635347,1,,,,,,,,,SYNTHETIC_GP3,0.8518867873261468,0.8503428820635347,0.85,0.85,normalised
51.23333333333333,,,0.8524648990713167,0.8561151664379841,1,,,,,,,,,SYNTHETIC_GP3,0.8524648990713167,0.8561151664379841,0.85,0.85,normalised
51.25,,,0.8462527462922175,0.8476098112466965,1,,,,,,,,,SYNTHETIC_GP3,0.8462527462922175,0.8476098112466965,0.85,0.85,normalised
51.266666666666666,,,0.8523051112940596,0.8465375867820212,1,,,,,,,,,SYNTHETIC_GP3,0.8523051112940596,0.8465375867820212,0.85,0.85,normalised
51.28333333333333,,,0.8443406362830127,0.8466281848467049,1,,,,,,,,,SYNTHETIC_GP3,0.8443406362830127,0.8466281848467049,0.85,0.85,normalised
51.3,,,0.8504338617557461,0.8505633496236308,1,,,,,,,,,SYNTHETIC_GP3,0.8504338617557461,0.8505633496236308,0.85,0.85,normalised
51.31666666666666,,,0.8466907325828925,0.8513312359660954,1,,,,,,,,,SYNTHETIC_GP3,0.8466907325828925,0.8513312359660954,0.85,0.85,normalised
51.333333333333336,,,0.8489087221771542,0.8459361399867749,1,,,,,,,,,SYNTHETIC_GP3,0.8489087221771542,0.8459361399867749,0.85,0.85,normalised
51.35,,,0.8525473884724524,0.8498746395734457,1,,,,,,,,,SYNTHETIC_GP3,0.8525473884724524,0.8498746395734457,0.85,0.85,normalised
51.36666666666667,,,0.8528255577078848,0.8425154194119954,1,,,,,,,,,SYNTHETIC_GP3,0.8528255577078848,0.8425154194119954,0.85,0.85,normalised
51.38333333333333,,,0.8570720052466192,0.8551371898584041,1,,,,,,,,,SYNTHETIC_GP3,0.8570720052466192,0.8551371898584041,0.85,0.85,normalised
51.4,,,0.8528749221048,0.8535240523556538,1,,,,,,,,,SYNTHETIC_GP3,0.8528749221048,0.8535240523556538,0.85,0.85,normalised
51.41666666666666,,,0.8499118297352984,0.8521668420223588,1,,,,,,,,,SYNTHETIC_GP3,0.8499118297352984,0.8521668420223588,0.85,0.85,normalised
51.43333333333333,,,0.8545573561630042,0.8485043396457749,1,,,,,,,,,SYNTHETIC_GP3,0.8545573561630042,0.8485043396457749,0.85,0.85,normalised
51.45,,,0.8452238895050925,0.8464523094460533,1,,,,,,,,,SYNTHETIC_GP3,0.8452238895050925,0.8464523094460533,0.85,0.85,normalised
51.46666666666667,,,0.8587484696821412,0.8510105551430126,1,,,,,,,,,SYNTHETIC_GP3,0.8587484696821412,0.8510105551430126,0.85,0.85,normalised
51.48333333333333,,,0.8433247811010062,0.846073202989245,1,,,,,,,,,SYNTHETIC_GP3,0.8433247811010062,0.846073202989245,0.85,0.85,normalised
51.5,,,0.8546317419209636,0.843045521153615,1,,,,,,,,,SYNTHETIC_GP3,0.8546317419209636,0.843045521153615,0.85,0.85,normalised
51.516666666666666,,,0.8541523572520608,0.8509729201285783,1,,,,,,,,,SYNTHETIC_GP3,0.8541523572520608,0.8509729201285783,0.85,0.85,normalised
51.53333333333333,,,0.8496084269367853,0.8496537926525715,1,,,,,,,,,SYNTHETIC_GP3,0.8496084269367853,0.8496537926525715,0.85,0.85,normalised
51.55,,,0.8501558806286356,0.8546282610747858,1,,,,,,,,,SYNTHETIC_GP3,0.8501558806286356,0.8546282610747858,0.85,0.85,normalised
51.56666666666666,,,0.8459441630145093,0.8457851346366105,1,,,,,,,,,SYNTHETIC_GP3,0.8459441630145093,0.8457851346366105,0.85,0.85,normalised
51.583333333333336,,,0.852386703344442,0.852663536246004,1,,,,,,,,,SYNTHETIC_GP3,0.852386703344442,0.852663536246004,0.85,0.85,normalised
51.6,,,0.854123731990414,0.8464894385054524,1,,,,,,,,,SYNTHETIC_GP3,0.854123731990414,0.8464894385054524,0.85,0.85,normalised
51.61666666666667,,,0.8497658700287728,0.8490950954197941,1,,,,,,,,,SYNTHETIC_GP3,0.8497658700287728,0.8490950954197941,0.85,0.85,normalised
51.63333333333333,,,0.8536626599619795,0.8507529803242617,1,,,,,,,,,SYNTHETIC_GP3,0.8536626599619795,0.8507529803242617,0.85,0.85,normalised
51.65,,,0.8546994748106702,0.8495027767297362,1,,,,,,,,,SYNTHETIC_GP3,0.8546994748106702,0.8495027767297362,0.85,0.85,normalised
51.66666666666666,,,0.8488583020973173,0.8458663122681125,1,,,,,,,,,SYNTHETIC_GP3,0.8488583020973173,0.8458663122681125,0.85,0.85,normalised
51.68333333333333,,,0.855369673391851,0.8523090634712196,1,,,,,,,,,SYNTHETIC_GP3,0.855369673391851,0.8523090634712196,0.85,0.85,normalised
51.7,,,0.8537866567881341,0.8445785849591946,1,,,,,,,,,SYNTHETIC_GP3,0.8537866567881341,0.8445785849591946,0.85,0.85,normalised
51.71666666666667,,,0.8522407171771309,0.8543079279724173,1,,,,,,,,,SYNTHETIC_GP3,0.8522407171771309,0.8543079279724173,0.85,0.85,normalised
51.73333333333333,,,0.8550348586595707,0.8410879041140888,1,,,,,,,,,SYNTHETIC_GP3,0.8550348586595707,0.8410879041140888,0.85,0.85,normalised
51.75,,,0.8532014721991039,0.8529937616831349,1,,,,,,,,,SYNTHETIC_GP3,0.8532014721991039,0.8529937616831349,0.85,0.85,normalised
51.766666666666666,,,0.8490393241946459,0.8461865320533433,1,,,,,,,,,SYNTHETIC_GP3,0.8490393241946459,0.8461865320533433,0.85,0.85,normalised
51.78333333333333,,,0.8493642639045287,0.8470832131517494,1,,,,,,,,,SYNTHETIC_GP3,0.8493642639045287,0.8470832131517494,0.85,0.85,normalised
51.8,,,0.8528481145030473,0.8419586092134601,1,,,,,,,,,SYNTHETIC_GP3,0.8528481145030473,0.8419586092134601,0.85,0.85,normalised
51.81666666666666,,,0.8563793834946833,0.8483043085219284,1,,,,,,,,,SYNTHETIC_GP3,0.8563793834946833,0.8483043085219284,0.85,0.85,normalised
51.833333333333336,,,0.8526672562974492,0.8497967478534826,1,,,,,,,,,SYNTHETIC_GP3,0.8526672562974492,0.8497967478534826,0.85,0.85,normalised
51.85,,,0.8503720191570072,0.8518190835294336,1,,,,,,,,,SYNTHETIC_GP3,0.8503720191570072,0.8518190835294336,0.85,0.85,normalised
51.86666666666667,,,0.8521139883659576,0.8532710161428668,1,,,,,,,,,SYNTHETIC_GP3,0.8521139883659576,0.8532710161428668,0.85,0.85,normalised
51.88333333333333,,,0.8472389193253741,0.848376781466402,1,,,,,,,,,SYNTHETIC_GP3,0.8472389193253741,0.848376781466402,0.85,0.85,normalised
51.9,,,0.856526748791303,0.8491847456509194,1,,,,,,,,,SYNTHETIC_GP3,0.856526748791303,0.8491847456509194,0.85,0.85,normalised
51.91666666666666,,,0.8575986681576099,0.8505321986653503,1,,,,,,,,,SYNTHETIC_GP3,0.8575986681576099,0.8505321986653503,0.85,0.85,normalised
51.93333333333333,,,0.8586104203734088,0.8502384395902276,1,,,,,,,,,SYNTHETIC_GP3,0.8586104203734088,0.8502384395902276,0.85,0.85,normalised
51.95,,,0.8554841501425041,0.8545057077605496,1,,,,,,,,,SYNTHETIC_GP3,0.8554841501425041,0.8545057077605496,0.85,0.85,normalised
51.96666666666667,,,0.8492258769710364,0.849898636924246,1,,,,,,,,,SYNTHETIC_GP3,0.8492258769710364,0.849898636924246,0.85,0.85,normalised
51.98333333333333,,,0.8514017942767934,0.8458546581042041,1,,,,,,,,,SYNTHETIC_GP3,0.8514017942767934,0.8458546581042041,0.85,0.85,normalised
52.0,,,0.8503326823196765,0.8513744176597391,1,,,,,,,,,SYNTHETIC_GP3,0.8503326823196765,0.8513744176597391,0.85,0.85,normalised
52.016666666666666,,,0.8536333706672175,0.841885839784806,1,,,,,,,,,SYNTHETIC_GP3,0.8536333706672175,0.841885839784806,0.85,0.85,normalised
52.03333333333333,,,0.8572899046208231,0.8440892906348765,1,,,,,,,,,SYNTHETIC_GP3,0.8572899046208231,0.8440892906348765,0.85,0.85,normalised
52.05,,,0.8421223861546423,0.8480204543952015,1,,,,,,,,,SYNTHETIC_GP3,0.8421223861546423,0.8480204543952015,0.85,0.85,normalised
52.06666666666666,,,0.8535421829511444,0.8486706082779395,1,,,,,,,,,SYNTHETIC_GP3,0.8535421829511444,0.8486706082779395,0.85,0.85,normalised
52.083333333333336,,,0.8529018182071384,0.8541842158455397,1,,,,,,,,,SYNTHETIC_GP3,0.8529018182071384,0.8541842158455397,0.85,0.85,normalised
52.1,,,0.8530229951263826,0.8494026657684595,1,,,,,,,,,SYNTHETIC_GP3,0.8530229951263826,0.8494026657684595,0.85,0.85,normalised
52.11666666666667,,,0.8545560683232056,0.8481742851602422,1,,,,,,,,,SYNTHETIC_GP3,0.8545560683232056,0.8481742851602422,0.85,0.85,normalised
52.13333333333333,,,0.8484328414720543,0.8520404484375856,1,,,,,,,,,SYNTHETIC_GP3,0.8484328414720543,0.8520404484375856,0.85,0.85,normalised
52.15,,,0.855649836979683,0.8514148571768786,1,,,,,,,,,SYNTHETIC_GP3,0.855649836979683,0.8514148571768786,0.85,0.85,normalised
52.16666666666666,,,0.8531834922252327,0.8515358915024345,1,,,,,,,,,SYNTHETIC_GP3,0.8531834922252327,0.8515358915024345,0.85,0.85,normalised
52.18333333333333,,,,,0,,,,,,,,,SYNTHETIC_GP3,,,0.85,0.85,normalised
52.2,,,0.8519831649048006,0.8520918748620449,1,,,,,,,,,SYNTHETIC_GP3,0.8519831649048006,0.8520918748620449,0.85,0.85,normalised
52.21666666666667,,,0.8501827886504112,0.8490387773847333,1,,,,,,,,,SYNTHETIC_GP3,0.8501827886504112,0.8490387773847333,0.85,0.85,normalised
52.23333333333333,,,0.8522625223328963,0.8469284392672377,1,,,,,,,,,SYNTHETIC_GP3,0.8522625223328963,0.8469284392672377,0.85,0.85,normalised
52.25,,,0.8542258870039997,0.8438158313883445,1,,,,,,,,,SYNTHETIC_GP3,0.8542258870039997,0.8438158313883445,0.85,0.85,normalised
52.266666666666666,,,0.8467993463675416,0.8519682571273068,1,,,,,,,,,SYNTHETIC_GP3,0.8467993463675416,0.8519682571273068,0.85,0.85,normalised
52.28333333333333,,,0.8505278344178272,0.8495713138836075,1,,,,,,,,,SYNTHETIC_GP3,0.8505278344178272,0.8495713138836075,0.85,0.85,normalised
52.3,,,0.8500418496212824,0.8525410684446687,1,,,,,,,,,SYNTHETIC_GP3,0.8500418496212824,0.8525410684446687,0.85,0.85,normalised
52.31666666666666,,,0.8517620438341047,0.848522021472945,1,,,,,,,,,SYNTHETIC_GP3,0.8517620438341047,0.848522021472945,0.85,0.85,normalised
52.333333333333336,,,0.8507724954671665,0.8507777250012498,1,,,,,,,,,SYNTHETIC_GP3,0.8507724954671665,0.8507777250012498,0.85,0.85,normalised
52.35,,,0.844888008402944,0.8495888844599171,1,,,,,,,,,SYNTHETIC_GP3,0.844888008402944,0.8495888844599171,0.85,0.85,normalised
52.36666666666667,,,0.8537449787674026,0.84314300630339,1,,,,,,,,,SYNTHETIC_GP3,0.8537449787674026,0.84314300630339,0.85,0.85,normalised
52.38333333333333,,,0.85663952516473,0.8477401291620125,1,,,,,,,,,SYNTHETIC_GP3,0.85663952516473,0.8477401291620125,0.85,0.85,normalised
52.4,,,0.8491177010959673,0.8407490333803248,1,,,,,,,,,SYNTHETIC_GP3,0.8491177010959673,0.8407490333803248,0.85,0.85,normalised
52.41666666666666,,,0.8525485487387848,0.8492587317281054,1,,,,,,,,,SYNTHETIC_GP3,0.8525485487387848,0.8492587317281054,0.85,0.85,normalised
52.43333333333333,,,0.8491543389057142,0.8611182734105437,1,,,,,,,,,SYNTHETIC_GP3,0.8491543389057142,0.8611182734105437,0.85,0.85,normalised
52.45,,,0.8526885880210109,0.8534958334041213,1,,,,,,,,,SYNTHETIC_GP3,0.8526885880210109,0.8534958334041213,0.85,0.85,normalised
52.46666666666667,,,0.8510511078092667,0.854577954944617,1,,,,,,,,,SYNTHETIC_GP3,0.8510511078092667,0.854577954944617,0.85,0.85,normalised
52.48333333333333,,,0.8562553472252384,0.8480574420275656,1,,,,,,,,,SYNTHETIC_GP3,0.8562553472252384,0.8480574420275656,0.85,0.85,normalised
52.5,,,0.8496893122112883,0.8458316718487167,1,,,,,,,,,SYNTHETIC_GP3,0.8496893122112883,0.8458316718487167,0.85,0.85,normalised
52.516666666666666,,,0.8544529140126745,0.8474370010340367,1,,,,,,,,,SYNTHETIC_GP3,0.8544529140126745,0.8474370010340367,0.85,0.85,normalised
52.53333333333333,,,0.849044950776144,0.851973670799066,1,,,,,,,,,SYNTHETIC_GP3,0.849044950776144,0.851973670799066,0.85,0.85,normalised
52.55,,,0.8497630861306774,0.8447695740421419,1,,,,,,,,,SYNTHETIC_GP3,0.8497630861306774,0.8447695740421419,0.85,0.85,normalised
52.56666666666666,,,0.852336992575483,0.8585783236967566,1,,,,,,,,,SYNTHETIC_GP3,0.852336992575483,0.8585783236967566,0.85,0.85,normalised
52.583333333333336,,,0.8454166441066353,0.8469878878606795,1,,,,,,,,,SYNTHETIC_GP3,0.8454166441066353,0.8469878878606795,0.85,0.85,normalised
52.6,,,0.8483840697041563,0.8479403472408665,1,,,,,,,,,SYNTHETIC_GP3,0.8483840697041563,0.8479403472408665,0.85,0.85,normalised
52.61666666666667,,,0.8551934427811688,0.8539224827955106,1,,,,,,,,,SYNTHETIC_GP3,0.8551934427811688,0.8539224827955106,0.85,0.85,normalised
52.63333333333333,,,0.8491752644294243,0.8507904924020931,1,,,,,,,,,SYNTHETIC_GP3,0.8491752644294243,0.8507904924020931,0.85,0.85,normalised
52.65,,,0.8465491300267226,0.8525454444687679,1,,,,,,,,,SYNTHETIC_GP3,0.8465491300267226,0.8525454444687679,0.85,0.85,normalised
52.66666666666666,,,0.8461918214829152,0.8402408457930632,1,,,,,,,,,SYNTHETIC_GP3,0.8461918214829152,0.8402408457930632,0.85,0.85,normalised
52.68333333333333,,,0.8522141280923579,0.8477575204235396,1,,,,,,,,,SYNTHETIC_GP3,0.8522141280923579,0.8477575204235396,0.85,0.85,normalised
52.7,,,0.8496676813072618,0.8486310371641883,1,,,,,,,,,SYNTHETIC_GP3,0.8496676813072618,0.8486310371641883,0.85,0.85,normalised
52.71666666666667,,,0.8520838231997211,0.8491296695651027,1,,,,,,,,,SYNTHETIC_GP3,0.8520838231997211,0.8491296695651027,0.85,0.85,normalised
52.73333333333333,,,0.8407535902275856,0.8559784891165538,1,,,,,,,,,SYNTHETIC_GP3,0.8407535902275856,0.8559784891165538,0.85,0.85,normalised
52.75,,,0.8486820062788447,0.8464832908094463,1,,,,,,,,,SYNTHETIC_GP3,0.8486820062788447,0.8464832908094463,0.85,0.85,normalised
52.766666666666666,,,0.8487511469387867,0.8501357780486779,1,,,,,,,,,SYNTHETIC_GP3,0.8487511469387867,0.8501357780486779,0.85,0.85,normalised
52.78333333333333,,,0.8548426017056043,0.8559403535578405,1,,,,,,,,,SYNTHETIC_GP3,0.8548426017056043,0.8559403535578405,0.85,0.85,normalised
52.8,,,0.8553388974040586,0.8404780999202485,1,,,,,,,,,SYNTHETIC_GP3,0.8553388974040586,0.8404780999202485,0.85,0.85,normalised
52.81666666666666,,,0.8544517539074147,0.8434227021346173,1,,,,,,,,,SYNTHETIC_GP3,0.8544517539074147,0.8434227021346173,0.85,0.85,normalised
52.833333333333336,,,0.8438318992529908,0.8475116871436199,1,,,,,,,,,SYNTHETIC_GP3,0.8438318992529908,0.8475116871436199,0.85,0.85,normalised
52.85,,,0.8551797620803195,0.8453934683801174,1,,,,,,,,,SYNTHETIC_GP3,0.8551797620803195,0.8453934683801174,0.85,0.85,normalised
52.86666666666667,,,0.8565876038762827,0.8442540478136256,1,,,,,,,,,SYNTHETIC_GP3,0.8565876038762827,0.8442540478136256,0.85,0.85,normalised
52.88333333333333,,,0.8486261226282418,0.8499823465811738,1,,,,,,,,,SYNTHETIC_GP3,0.8486261226282418,0.8499823465811738,0.85,0.85,normalised
52.9,,,0.8529030278609744,0.8548415378712761,1,,,,,,,,,SYNTHETIC_GP3,0.8529030278609744,0.8548415378712761,0.85,0.85,normalised
52.91666666666666,,,0.8534835139098881,0.8439492143672942,1,,,,,,,,,SYNTHETIC_GP3,0.8534835139098881,0.8439492143672942,0.85,0.85,normalised
52.93333333333333,,,0.8501410412522591,0.8536176324665008,1,,,,,,,,,SYNTHETIC_GP3,0.8501410412522591,0.8536176324665008,0.85,0.85,normalised
52.95,,,0.8523057356553012,0.8450458856246524,1,,,,,,,,,SYNTHETIC_GP3,0.8523057356553012,0.8450458856246524,0.85,0.85,normalised
52.96666666666667,,,0.8485743046252555,0.8468038344410196,1,,,,,,,,,SYNTHETIC_GP3,0.8485743046252555,0.8468038344410196,0.85,0.85,normalised
52.98333333333333,,,0.8524161966022973,0.8531407319063231,1,,,,,,,,,SYNTHETIC_GP3,0.8524161966022973,0.8531407319063231,0.85,0.85,normalised
53.0,,,0.851274370369763,0.8517236463987126,1,,,,,,,,,SYNTHETIC_GP3,0.851274370369763,0.8517236463987126,0.85,0.85,normalised
53.016666666666666,,,0.852855997507822,0.8491264597705583,1,,,,,,,,,SYNTHETIC_GP3,0.852855997507822,0.8491264597705583,0.85,0.85,normalised
53.03333333333333,,,0.8593459378901002,0.8489092364458747,1,,,,,,,,,SYNTHETIC_GP3,0.8593459378901002,0.8489092364458747,0.85,0.85,normalised
53.05,,,0.8475931056767192,0.8486986245876219,1,,,,,,,,,SYNTHETIC_GP3,0.8475931056767192,0.8486986245876219,0.85,0.85,normalised
53.06666666666666,,,0.8565358415511551,0.8440559416165947,1,,,,,,,,,SYNTHETIC_GP3,0.8565358415511551,0.8440559416165947,0.85,0.85,normalised
53.083333333333336,,,0.8521960054603673,0.8539170539447711,1,,,,,,,,,SYNTHETIC_GP3,0.8521960054603673,0.8539170539447711,0.85,0.85,normalised
53.1,,,0.8518827681442313,0.8512855246266213,1,,,,,,,,,SYNTHETIC_GP3,0.8518827681442313,0.8512855246266213,0.85,0.85,normalised
53.11666666666667,,,0.843390639034045,0.8416446962757536,1,,,,,,,,,SYNTHETIC_GP3,0.843390639034045,0.8416446962757536,0.85,0.85,normalised
53.13333333333333,,,0.8557164065886878,0.8531328953981211,1,,,,,,,,,SYNTHETIC_GP3,0.8557164065886878,0.8531328953981211,0.85,0.85,normalised
53.15,,,0.847210293379034,0.8436062273125615,1,,,,,,,,,SYNTHETIC_GP3,0.847210293379034,0.8436062273125615,0.85,0.85,normalised
53.16666666666666,,,0.8480689934784879,0.8516766989912701,1,,,,,,,,,SYNTHETIC_GP3,0.8480689934784879,0.8516766989912701,0.85,0.85,normalised
53.18333333333333,,,0.8507562804415022,0.8436049830549202,1,,,,,,,,,SYNTHETIC_GP3,0.8507562804415022,0.8436049830549202,0.85,0.85,normalised
53.2,,,0.8505418275933336,0.857101607344365,1,,,,,,,,,SYNTHETIC_GP3,0.8505418275933336,0.857101607344365,0.85,0.85,normalised
53.21666666666667,,,0.8483852257573103,0.8539482265932963,1,,,,,,,,,SYNTHETIC_GP3,0.8483852257573103,0.8539482265932963,0.85,0.85,normalised
53.23333333333333,,,0.8576490090261004,0.853018143489376,1,,,,,,,,,SYNTHETIC_GP3,0.8576490090261004,0.853018143489376,0.85,0.85,normalised
53.25,,,0.8545321340334191,0.851693121286054,1,,,,,,,,,SYNTHETIC_GP3,0.8545321340334191,0.851693121286054,0.85,0.85,normalised
53.266666666666666,,,0.8614961341152432,0.8439459589826962,1,,,,,,,,,SYNTHETIC_GP3,0.8614961341152432,0.8439459589826962,0.85,0.85,normalised
53.28333333333333,,,0.8489033582398192,0.8446657666784926,1,,,,,,,,,SYNTHETIC_GP3,0.8489033582398192,0.8446657666784926,0.85,0.85,normalised
53.3,,,0.8487320052539001,0.8544360918015357,1,,,,,,,,,SYNTHETIC_GP3,0.8487320052539001,0.8544360918015357,0.85,0.85,normalised
53.31666666666666,,,0.8597511526430739,0.8510470962454311,1,,,,,,,,,SYNTHETIC_GP3,0.8597511526430739,0.8510470962454311,0.85,0.85,normalised
53.333333333333336,,,0.8468396494578435,0.8508847542879139,1,,,,,,,,,SYNTHETIC_GP3,0.8468396494578435,0.8508847542879139,0.85,0.85,normalised
53.35,,,0.5030394339513277,0.4956981297909401,1,,,,,,,,,SYNTHETIC_GP3,0.5030394339513277,0.4956981297909401,0.5,0.5,normalised
53.36666666666667,,,0.5007210641962789,0.4969641039586212,1,,,,,,,,,SYNTHETIC_GP3,0.5007210641962789,0.4969641039586212,0.5,0.5,normalised
53.38333333333333,,,0.5009084061602342,0.4975713643495067,1,,,,,,,,,SYNTHETIC_GP3,0.5009084061602342,0.4975713643495067,0.5,0.5,normalised
53.4,,,0.4962949569639361,0.5011108130023347,1,,,,,,,,,SYNTHETIC_GP3,0.4962949569639361,0.5011108130023347,0.5,0.5,normalised
53.41666666666666,,,0.499243495895722,0.5038652527846337,1,,,,,,,,,SYNTHETIC_GP3,0.499243495895722,0.5038652527846337,0.5,0.5,normalised
53.43333333333333,,,0.5098023540444367,0.5071954693120342,1,,,,,,,,,SYNTHETIC_GP3,0.5098023540444367,0.5071954693120342,0.5,0.5,normalised
53.45,,,0.5026199585003767,0.4990449815791044,1,,,,,,,,,SYNTHETIC_GP3,0.5026199585003767,0.4990449815791044,0.5,0.5,normalised
53.46666666666667,,,0.5080311806951925,0.5002072872278683,1,,,,,,,,,SYNTHETIC_GP3,0.5080311806951925,0.5002072872278683,0.5,0.5,normalised
53.48333333333333,,,0.4994727379316194,0.4960955269307187,1,,,,,,,,,SYNTHETIC_GP3,0.4994727379316194,0.4960955269307187,0.5,0.5,normalised
53.5,,,0.5025533278244928,0.4906836660702673,1,,,,,,,,,SYNTHETIC_GP3,0.5025533278244928,0.4906836660702673,0.5,0.5,normalised
53.516666666666666,,,0.5046063915118759,0.5016239841268947,1,,,,,,,,,SYNTHETIC_GP3,0.5046063915118759,0.5016239841268947,0.5,0.5,normalised
53.53333333333333,,,0.504548986129316,0.4923589783898172,1,,,,,,,,,SYNTHETIC_GP3,0.504548986129316,0.4923589783898172,0.5,0.5,normalised
53.55,,,0.5012607654291144,0.4970260112978905,1,,,,,,,,,SYNTHETIC_GP3,0.5012607654291144,0.4970260112978905,0.5,0.5,normalised
53.56666666666666,,,0.5022915491439376,0.4993390923575671,1,,,,,,,,,SYNTHETIC_GP3,0.5022915491439376,0.4993390923575671,0.5,0.5,normalised
53.583333333333336,,,0.5063970121124477,0.5011451527873634,1,,,,,,,,,SYNTHETIC_GP3,0.5063970121124477,0.5011451527873634,0.5,0.5,normalised
53.6,,,0.5033085682126258,0.4986091821769874,1,,,,,,,,,SYNTHETIC_GP3,0.5033085682126258,0.4986091821769874,0.5,0.5,normalised
53.61666666666667,,,0.4949385829827639,0.5027061622853776,1,,,,,,,,,SYNTHETIC_GP3,0.4949385829827639,0.5027061622853776,0.5,0.5,normalised
53.63333333333333,,,0.4995896572761268,0.5031879886383932,1,,,,,,,,,SYNTHETIC_GP3,0.4995896572761268,0.5031879886383932,0.5,0.5,normalised
53.65,,,0.497604763772305,0.4967019043218181,1,,,,,,,,,SYNTHETIC_GP3,0.497604763772305,0.4967019043218181,0.5,0.5,normalised
53.66666666666666,,,0.495251508697726,0.4946140126684284,1,,,,,,,,,SYNTHETIC_GP3,0.495251508697726,0.4946140126684284,0.5,0.5,normalised
53.68333333333333,,,0.5052591194699165,0.5006936740172149,1,,,,,,,,,SYNTHETIC_GP3,0.5052591194699165,0.5006936740172149,0.5,0.5,normalised
53.7,,,0.5063140931929361,0.4998837420622515,1,,,,,,,,,SYNTHETIC_GP3,0.5063140931929361,0.4998837420622515,0.5,0.5,normalised
53.71666666666667,,,0.4989438137563952,0.4998688192820016,1,,,,,,,,,SYNTHETIC_GP3,0.4989438137563952,0.4998688192820016,0.5,0.5,normalised
53.73333333333333,,,0.5007599748749442,0.5012106695384752,1,,,,,,,,,SYNTHETIC_GP3,0.5007599748749442,0.5012106695384752,0.5,0.5,normalised
53.75,,,0.5099515979833296,0.4924597196778941,1,,,,,,,,,SYNTHETIC_GP3,0.5099515979833296,0.4924597196778941,0.5,0.5,normalised
53.766666666666666,,,0.5014006657514302,0.4976722738831722,1,,,,,,,,,SYNTHETIC_GP3,0.5014006657514302,0.4976722738831722,0.5,0.5,normalised
53.78333333333333,,,0.5016864675761785,0.505616734764855,1,,,,,,,,,SYNTHETIC_GP3,0.5016864675761785,0.505616734764855,0.5,0.5,normalised
53.8,,,0.5032826048350635,0.4970291508639549,1,,,,,,,,,SYNTHETIC_GP3,0.5032826048350635,0.4970291508639549,0.5,0.5,normalised
53.81666666666666,,,0.5072468108846094,0.5009671556181087,1,,,,,,,,,SYNTHETIC_GP3,0.5072468108846094,0.5009671556181087,0.5,0.5,normalised
53.833333333333336,,,0.5040477922331398,0.4961991650071301,1,,,,,,,,,SYNTHETIC_GP3,0.5040477922331398,0.4961991650071301,0.5,0.5,normalised
53.85,,,0.5063300529005426,0.5033003960929293,1,,,,,,,,,SYNTHETIC_GP3,0.5063300529005426,0.5033003960929293,0.5,0.5,normalised
53.86666666666667,,,,,0,,,,,,,,,SYNTHETIC_GP3,,,0.5,0.5,normalised
53.88333333333333,,,0.5054957767601613,0.4952967270185717,1,,,,,,,,,SYNTHETIC_GP3,0.5054957767601613,0.4952967270185717,0.5,0.5,normalised
53.9,,,0.5017097637684986,0.5056368263442232,1,,,,,,,,,SYNTHETIC_GP3,0.5017097637684986,0.5056368263442232,0.5,0.5,normalised
53.91666666666666,,,0.4988391343488007,0.4886607807431817,1,,,,,,,,,SYNTHETIC_GP3,0.4988391343488007,0.4886607807431817,0.5,0.5,normalised
53.93333333333333,,,0.5042674350913876,0.4952049279132745,1,,,,,,,,,SYNTHETIC_GP3,0.5042674350913876,0.4952049279132745,0.5,0.5,normalised
53.95,,,0.5122158556174298,0.5025855019846637,1,,,,,,,,,SYNTHETIC_GP3,0.5122158556174298,0.5025855019846637,0.5,0.5,normalised
53.96666666666667,,,0.5029329984056993,0.4946356656157188,1,,,,,,,,,SYNTHETIC_GP3,0.5029329984056993,0.4946356656157188,0.5,0.5,normalised
53.98333333333333,,,0.5061964360572672,0.4938402733414814,1,,,,,,,,,SYNTHETIC_GP3,0.5061964360572672,0.4938402733414814,0.5,0.5,normalised
54.0,,,0.6610159967356241,0.6532353202363997,1,,,,,,,,,SYNTHETIC_GP3,0.6610159967356241,0.6532353202363997,0.66,0.66,normalised
54.016666666666666,,,0.655870524909796,0.6568677384731038,1,,,,,,,,,SYNTHETIC_GP3,0.655870524909796,0.6568677384731038,0.66,0.66,normalised
54.03333333333333,,,0.6642594091153017,0.6592686716713497,1,,,,,,,,,SYNTHETIC_GP3,0.6642594091153017,0.6592686716713497,0.66,0.66,normalised
54.05,,,0.6580436899227557,0.6535274507532216,1,,,,,,,,,SYNTHETIC_GP3,0.6580436899227557,0.6535274507532216,0.66,0.66,normalised
54.06666666666666,,,0.6611790458316945,0.6605848214011355,1,,,,,,,,,SYNTHETIC_GP3,0.6611790458316945,0.6605848214011355,0.66,0.66,normalised
54.083333333333336,,,0.6699246917540038,0.660921349997994,1,,,,,,,,,SYNTHETIC_GP3,0.6699246917540038,0.660921349997994,0.66,0.66,normalised
54.1,,,0.6548741961375028,0.6615365185639919,1,,,,,,,,,SYNTHETIC_GP3,0.6548741961375028,0.6615365185639919,0.66,0.66,normalised
54.11666666666667,,,0.6635158085850931,0.6545083946392862,1,,,,,,,,,SYNTHETIC_GP3,0.6635158085850931,0.6545083946392862,0.66,0.66,normalised
54.13333333333333,,,0.6641357582666594,0.6605629143648907,1,,,,,,,,,SYNTHETIC_GP3,0.6641357582666594,0.6605629143648907,0.66,0.66,normalised
54.15,,,0.66336647577378,0.6551199056609145,1,,,,,,,,,SYNTHETIC_GP3,0.66336647577378,0.6551199056609145,0.66,0.66,normalised
54.16666666666666,,,0.6597376492286483,0.6585463909767268,1,,,,,,,,,SYNTHETIC_GP3,0.6597376492286483,0.6585463909767268,0.66,0.66,normalised
54.18333333333333,,,0.6628315715791805,0.659773275593937,1,,,,,,,,,SYNTHETIC_GP3,0.6628315715791805,0.659773275593937,0.66,0.66,normalised
54.2,,,0.6582741498304816,0.6659905847867902,1,,,,,,,,,SYNTHETIC_GP3,0.6582741498304816,0.6659905847867902,0.66,0.66,normalised
54.21666666666667,,,0.6682820139261217,0.6635268864740986,1,,,,,,,,,SYNTHETIC_GP3,0.6682820139261217,0.6635268864740986,0.66,0.66,normalised
54.23333333333333,,,0.6627323351870789,0.6619540104465966,1,,,,,,,,,SYNTHETIC_GP3,0.6627323351870789,0.6619540104465966,0.66,0.66,normalised
54.25,,,0.6673520180710427,0.6650145516913509,1,,,,,,,,,SYNTHETIC_GP3,0.6673520180710427,0.6650145516913509,0.66,0.66,normalised
54.266666666666666,,,0.660927792890707,0.6553378430287268,1,,,,,,,,,SYNTHETIC_GP3,0.660927792890707,0.6553378430287268,0.66,0.66,normalised
54.28333333333333,,,0.665564158902929,0.6560510075213634,1,,,,,,,,,SYNTHETIC_GP3,0.665564158902929,0.6560510075213634,0.66,0.66,normalised
54.3,,,0.6648534664419303,0.6592464980721213,1,,,,,,,,,SYNTHETIC_GP3,0.6648534664419303,0.6592464980721213,0.66,0.66,normalised
54.31666666666666,,,0.6575197734640353,0.6632931230141056,1,,,,,,,,,SYNTHETIC_GP3,0.6575197734640353,0.6632931230141056,0.66,0.66,normalised
54.333333333333336,,,0.6684342952624649,0.661538322711623,1,,,,,,,,,SYNTHETIC_GP3,0.6684342952624649,0.661538322711623,0.66,0.66,normalised
54.35,,,0.6729100770570264,0.6600745634438753,1,,,,,,,,,SYNTHETIC_GP3,0.6729100770570264,0.6600745634438753,0.66,0.66,normalised
54.36666666666667,,,0.666361261055346,0.6652485965606387,1,,,,,,,,,SYNTHETIC_GP3,0.666361261055346,0.6652485965606387,0.66,0.66,normalised
54.38333333333333,,,0.6567260572255402,0.6610743058623679,1,,,,,,,,,SYNTHETIC_GP3,0.6567260572255402,0.6610743058623679,0.66,0.66,normalised
54.4,,,0.6587376409602866,0.6596107036451803,1,,,,,,,,,SYNTHETIC_GP3,0.6587376409602866,0.6596107036451803,0.66,0.66,normalised
54.41666666666666,,,0.6531964791689294,0.6575924176327121,1,,,,,,,,,SYNTHETIC_GP3,0.6531964791689294,0.6575924176327121,0.66,0.66,normalised
54.43333333333333,,,0.6588605686331586,0.6627230106610902,1,,,,,,,,,SYNTHETIC_GP3,0.6588605686331586,0.6627230106610902,0.66,0.66,normalised
54.45,,,0.6691931860411664,0.6552028460731539,1,,,,,,,,,SYNTHETIC_GP3,0.6691931860411664,0.6552028460731539,0.66,0.66,normalised
54.46666666666667,,,0.6662420554850433,0.6616577046369423,1,,,,,,,,,SYNTHETIC_GP3,0.6662420554850433,0.6616577046369423,0.66,0.66,normalised
54.48333333333333,,,0.6582489304687305,0.661969476553586,1,,,,,,,,,SYNTHETIC_GP3,0.6582489304687305,0.661969476553586,0.66,0.66,normalised
54.5,,,0.6570443092876116,0.6601831724516293,1,,,,,,,,,SYNTHETIC_GP3,0.6570443092876116,0.6601831724516293,0.66,0.66,normalised
54.516666666666666,,,0.6595054624659737,0.6639704531754593,1,,,,,,,,,SYNTHETIC_GP3,0.6595054624659737,0.6639704531754593,0.66,0.66,normalised
54.53333333333333,,,0.6664375894690511,0.666292707062161,1,,,,,,,,,SYNTHETIC_GP3,0.6664375894690511,0.666292707062161,0.66,0.66,normalised
54.55,,,0.6640742328235477,0.655463799182158,1,,,,,,,,,SYNTHETIC_GP3,0.6640742328235477,0.655463799182158,0.66,0.66,normalised
54.56666666666666,,,0.6680818344537475,0.6616880122454402,1,,,,,,,,,SYNTHETIC_GP3,0.6680818344537475,0.6616880122454402,0.66,0.66,normalised
54.583333333333336,,,0.65953143099358,0.6561671984957874,1,,,,,,,,,SYNTHETIC_GP3,0.65953143099358,0.6561671984957874,0.66,0.66,normalised
54.6,,,0.6625984574312849,0.6606670207623493,1,,,,,,,,,SYNTHETIC_GP3,0.6625984574312849,0.6606670207623493,0.66,0.66,normalised
54.61666666666667,,,0.659253971520803,0.657696557190668,1,,,,,,,,,SYNTHETIC_GP3,0.659253971520803,0.657696557190668,0.66,0.66,normalised
54.63333333333333,,,0.6613161334809111,0.6569751951357611,1,,,,,,,,,SYNTHETIC_GP3,0.6613161334809111,0.6569751951357611,0.66,0.66,normalised
54.65,,,0.6608633451142866,0.6580367122084907,1,,,,,,,,,SYNTHETIC_GP3,0.6608633451142866,0.6580367122084907,0.66,0.66,normalised
54.66666666666666,,,0.6609207923414592,0.6615302263071245,1,,,,,,,,,SYNTHETIC_GP3,0.6609207923414592,0.6615302263071245,0.66,0.66,normalised
54.68333333333333,,,0.6644636536480525,0.6597937266183735,1,,,,,,,,,SYNTHETIC_GP3,0.6644636536480525,0.6597937266183735,0.66,0.66,normalised
54.7,,,0.6602155883013635,0.6585864780176804,1,,,,,,,,,SYNTHETIC_GP3,0.6602155883013635,0.6585864780176804,0.66,0.66,normalised
54.71666666666667,,,0.6615372541568458,0.6640254530251936,1,,,,,,,,,SYNTHETIC_GP3,0.6615372541568458,0.6640254530251936,0.66,0.66,normalised
54.73333333333333,,,0.6585511934411564,0.663810587393708,1,,,,,,,,,SYNTHETIC_GP3,0.6585511934411564,0.663810587393708,0.66,0.66,normalised
54.75,,,0.6669368107580901,0.6598281356112553,1,,,,,,,,,SYNTHETIC_GP3,0.6669368107580901,0.6598281356112553,0.66,0.66,normalised
54.766666666666666,,,0.6690114955254896,0.6531851112399754,1,,,,,,,,,SYNTHETIC_GP3,0.6690114955254896,0.6531851112399754,0.66,0.66,normalised
54.78333333333333,,,0.6699485010308308,0.6494745987686404,1,,,,,,,,,SYNTHETIC_GP3,0.6699485010308308,0.6494745987686404,0.66,0.66,normalised
54.8,,,0.6653862181722916,0.6578395579356247,1,,,,,,,,,SYNTHETIC_GP3,0.6653862181722916,0.6578395579356247,0.66,0.66,normalised
54.81666666666666,,,0.6619878765974332,0.6617310065812364,1,,,,,,,,,SYNTHETIC_GP3,0.6619878765974332,0.6617310065812364,0.66,0.66,normalised
54.833333333333336,,,0.6584107048368073,0.6547623900279032,1,,,,,,,,,SYNTHETIC_GP3,0.6584107048368073,0.6547623900279032,0.66,0.66,normalised
54.85,,,0.6579228167590119,0.6640696925667446,1,,,,,,,,,SYNTHETIC_GP3,0.6579228167590119,0.6640696925667446,0.66,0.66,normalised
54.86666666666667,,,0.661827941481298,0.6555232097897301,1,,,,,,,,,SYNTHETIC_GP3,0.661827941481298,0.6555232097897301,0.66,0.66,normalised
54.88333333333333,,,0.6571770082829016,0.6646658860309397,1,,,,,,,,,SYNTHETIC_GP3,0.6571770082829016,0.6646658860309397,0.66,0.66,normalised
54.9,,,0.6651893731613979,0.6643104688068501,1,,,,,,,,,SYNTHETIC_GP3,0.6651893731613979,0.6643104688068501,0.66,0.66,normalised
54.91666666666666,,,0.663149831433139,0.6624614496634776,1,,,,,,,,,SYNTHETIC_GP3,0.663149831433139,0.6624614496634776,0.66,0.66,normalised
54.93333333333333,,,0.6567767830457765,0.6560377799047099,1,,,,,,,,,SYNTHETIC_GP3,0.6567767830457765,0.6560377799047099,0.66,0.66,normalised
54.95,,,0.6612806475016313,0.6655921538101144,1,,,,,,,,,SYNTHETIC_GP3,0.6612806475016313,0.6655921538101144,0.66,0.66,normalised
54.96666666666667,,,0.6655477201075604,0.6585392023050997,1,,,,,,,,,SYNTHETIC_GP3,0.6655477201075604,0.6585392023050997,0.66,0.66,normalised
54.98333333333333,,,0.666775225032741,0.6585514376493798,1,,,,,,,,,SYNTHETIC_GP3,0.666775225032741,0.6585514376493798,0.66,0.66,normalised
55.0,,,0.6630356844504189,0.6592550097346938,1,,,,,,,,,SYNTHETIC_GP3,0.6630356844504189,0.6592550097346938,0.66,0.66,normalised
55.016666666666666,,,0.664721990157457,0.6535262447124723,1,,,,,,,,,SYNTHETIC_GP3,0.664721990157457,0.6535262447124723,0.66,0.66,normalised
55.03333333333333,,,0.6634823898302697,0.662102742805483,1,,,,,,,,,SYNTHETIC_GP3,0.6634823898302697,0.662102742805483,0.66,0.66,normalised
55.05,,,0.6603934786482607,0.6640772670329863,1,,,,,,,,,SYNTHETIC_GP3,0.6603934786482607,0.6640772670329863,0.66,0.66,normalised
55.06666666666666,,,0.6628072096185769,0.6628271870909006,1,,,,,,,,,SYNTHETIC_GP3,0.6628072096185769,0.6628271870909006,0.66,0.66,normalised
55.083333333333336,,,0.6627164686859903,0.6579921097110045,1,,,,,,,,,SYNTHETIC_GP3,0.6627164686859903,0.6579921097110045,0.66,0.66,normalised
55.1,,,0.6598990684733822,0.6564892597837813,1,,,,,,,,,SYNTHETIC_GP3,0.6598990684733822,0.6564892597837813,0.66,0.66,normalised
55.11666666666667,,,0.6632117892827871,0.6569880481949145,1,,,,,,,,,SYNTHETIC_GP3,0.6632117892827871,0.6569880481949145,0.66,0.66,normalised
55.13333333333333,,,0.6621438670490493,0.6652179343690129,1,,,,,,,,,SYNTHETIC_GP3,0.6621438670490493,0.6652179343690129,0.66,0.66,normalised
55.15,,,0.6637529334025176,0.6634776343740377,1,,,,,,,,,SYNTHETIC_GP3,0.6637529334025176,0.6634776343740377,0.66,0.66,normalised
55.16666666666666,,,0.6622826257888678,0.6584221820017482,1,,,,,,,,,SYNTHETIC_GP3,0.6622826257888678,0.6584221820017482,0.66,0.66,normalised
55.18333333333333,,,0.6621959182646338,0.6569964234395569,1,,,,,,,,,SYNTHETIC_GP3,0.6621959182646338,0.6569964234395569,0.66,0.66,normalised
55.2,,,0.6550336987552973,0.6541157442838751,1,,,,,,,,,SYNTHETIC_GP3,0.6550336987552973,0.6541157442838751,0.66,0.66,normalised
55.21666666666667,,,0.6716036875303718,0.6578750334044452,1,,,,,,,,,SYNTHETIC_GP3,0.6716036875303718,0.6578750334044452,0.66,0.66,normalised
55.23333333333333,,,0.665108417164361,0.6569428142276528,1,,,,,,,,,SYNTHETIC_GP3,0.665108417164361,0.6569428142276528,0.66,0.66,normalised
55.25,,,0.6639779267602902,0.6645351650265575,1,,,,,,,,,SYNTHETIC_GP3,0.6639779267602902,0.6645351650265575,0.66,0.66,normalised
55.266666666666666,,,0.6692594482781821,0.6525618491753424,1,,,,,,,,,SYNTHETIC_GP3,0.6692594482781821,0.6525618491753424,0.66,0.66,normalised
55.28333333333333,,,0.6662122609214397,0.659048137197152,1,,,,,,,,,SYNTHETIC_GP3,0.6662122609214397,0.659048137197152,0.66,0.66,normalised
55.3,,,0.664151991523399,0.6654967436212486,1,,,,,,,,,SYNTHETIC_GP3,0.664151991523399,0.6654967436212486,0.66,0.66,normalised
55.31666666666666,,,0.6648674871630186,0.6592568714635577,1,,,,,,,,,SYNTHETIC_GP3,0.6648674871630186,0.6592568714635577,0.66,0.66,normalised
55.333333333333336,,,0.6688909977537387,0.6578149006799421,1,,,,,,,,,SYNTHETIC_GP3,0.6688909977537387,0.6578149006799421,0.66,0.66,normalised
55.35,,,0.6633013680986566,0.6521561714882489,1,,,,,,,,,SYNTHETIC_GP3,0.6633013680986566,0.6521561714882489,0.66,0.66,normalised
55.36666666666667,,,0.656888726541937,0.6629762487004838,1,,,,,,,,,SYNTHETIC_GP3,0.656888726541937,0.6629762487004838,0.66,0.66,normalised
55.38333333333333,,,0.6562498770580284,0.6585277577088997,1,,,,,,,,,SYNTHETIC_GP3,0.6562498770580284,0.6585277577088997,0.66,0.66,normalised
55.4,,,0.6677640707157313,0.6561516739197154,1,,,,,,,,,SYNTHETIC_GP3,0.6677640707157313,0.6561516739197154,0.66,0.66,normalised
55.41666666666666,,,0.6614690485966169,0.6625996426911456,1,,,,,,,,,SYNTHETIC_GP3,0.6614690485966169,0.6625996426911456,0.66,0.66,normalised
55.43333333333333,,,0.6644016187860962,0.658802551497183,1,,,,,,,,,SYNTHETIC_GP3,0.6644016187860962,0.658802551497183,0.66,0.66,normalised
55.45,,,0.6619155820297217,0.6533146912294683,1,,,,,,,,,SYNTHETIC_GP3,0.6619155820297217,0.6533146912294683,0.66,0.66,normalised
55.46666666666667,,,0.6640395776158322,0.6608191305301332,1,,,,,,,,,SYNTHETIC_GP3,0.6640395776158322,0.6608191305301332,0.66,0.66,normalised
55.48333333333333,,,0.6588885708771326,0.6629574616871862,1,,,,,,,,,SYNTHETIC_GP3,0.6588885708771326,0.6629574616871862,0.66,0.66,normalised
55.5,,,0.6641251149787211,0.6564945906737215,1,,,,,,,,,SYNTHETIC_GP3,0.6641251149787211,0.6564945906737215,0.66,0.66,normalised
55.516666666666666,,,0.6532045529988849,0.6664453198446157,1,,,,,,,,,SYNTHETIC_GP3,0.6532045529988849,0.6664453198446157,0.66,0.66,normalised
55.53333333333333,,,0.6611534782566337,0.6546943691675751,1,,,,,,,,,SYNTHETIC_GP3,0.6611534782566337,0.6546943691675751,0.66,0.66,normalised
55.55,,,,,0,,,,,,,,,SYNTHETIC_GP3,,,0.66,0.66,normalised
55.56666666666666,,,0.6622538568930918,0.6576238941870101,1,,,,,,,,,SYNTHETIC_GP3,0.6622538568930918,0.6576238941870101,0.66,0.66,normalised
55.583333333333336,,,0.6626078873646593,0.6676473166119354,1,,,,,,,,,SYNTHETIC_GP3,0.6626078873646593,0.6676473166119354,0.66,0.66,normalised
55.6,,,0.6616147170436556,0.659880254725858,1,,,,,,,,,SYNTHETIC_GP3,0.6616147170436556,0.659880254725858,0.66,0.66,normalised
55.61666666666667,,,0.6628159381220236,0.6584435472605601,1,,,,,,,,,SYNTHETIC_GP3,0.6628159381220236,0.6584435472605601,0.66,0.66,normalised
55.63333333333333,,,0.6551968210969198,0.6554045619271448,1,,,,,,,,,SYNTHETIC_GP3,0.6551968210969198,0.6554045619271448,0.66,0.66,normalised
55.65,,,0.6579142923298403,0.6572879457004209,1,,,,,,,,,SYNTHETIC_GP3,0.6579142923298403,0.6572879457004209,0.66,0.66,normalised
55.66666666666666,,,0.6613431898621134,0.6533126539736361,1,,,,,,,,,SYNTHETIC_GP3,0.6613431898621134,0.6533126539736361,0.66,0.66,normalised
55.68333333333333,,,0.6637196966538528,0.656402475914137,1,,,,,,,,,SYNTHETIC_GP3,0.6637196966538528,0.656402475914137,0.66,0.66,normalised
55.7,,,0.6632150099080113,0.6641384835595034,1,,,,,,,,,SYNTHETIC_GP3,0.6632150099080113,0.6641384835595034,0.66,0.66,normalised
55.71666666666667,,,0.6553589511054331,0.6560233936285743,1,,,,,,,,,SYNTHETIC_GP3,0.6553589511054331,0.6560233936285743,0.66,0.66,normalised
55.73333333333333,,,0.667348383497518,0.6642715240278382,1,,,,,,,,,SYNTHETIC_GP3,0.667348383497518,0.6642715240278382,0.66,0.66,normalised
55.75,,,0.6617100164597153,0.6584844283236142,1,,,,,,,,,SYNTHETIC_GP3,0.6617100164597153,0.6584844283236142,0.66,0.66,normalised
55.766666666666666,,,0.668596441107259,0.6596475260829419,1,,,,,,,,,SYNTHETIC_GP3,0.668596441107259,0.6596475260829419,0.66,0.66,normalised
55.78333333333333,,,0.6648534389536268,0.6595812830532637,1,,,,,,,,,SYNTHETIC_GP3,0.6648534389536268,0.6595812830532637,0.66,0.66,normalised
55.8,,,0.6667534608719065,0.656093794515668,1,,,,,,,,,SYNTHETIC_GP3,0.6667534608719065,0.656093794515668,0.66,0.66,normalised
55.81666666666666,,,0.6642509751089608,0.6632324555739343,1,,,,,,,,,SYNTHETIC_GP3,0.6642509751089608,0.6632324555739343,0.66,0.66,normalised
55.833333333333336,,,0.6602895270160257,0.6573526603875047,1,,,,,,,,,SYNTHETIC_GP3,0.6602895270160257,0.6573526603875047,0.66,0.66,normalised
55.85,,,0.6610843453568458,0.6563419305276103,1,,,,,,,,,SYNTHETIC_GP3,0.6610843453568458,0.6563419305276103,0.66,0.66,normalised
55.86666666666667,,,0.6655969573270115,0.6645422893636744,1,,,,,,,,,SYNTHETIC_GP3,0.6655969573270115,0.6645422893636744,0.66,0.66,normalised
55.88333333333333,,,0.6606940113637689,0.6571127842052812,1,,,,,,,,,SYNTHETIC_GP3,0.6606940113637689,0.6571127842052812,0.66,0.66,normalised
55.9,,,0.6545355152988525,0.654446598937272,1,,,,,,,,,SYNTHETIC_GP3,0.6545355152988525,0.654446598937272,0.66,0.66,normalised
55.91666666666666,,,0.6621025094373486,0.6570347767259537,1,,,,,,,,,SYNTHETIC_GP3,0.6621025094373486,0.6570347767259537,0.66,0.66,normalised
55.93333333333333,,,0.6630665279918897,0.6617975981932528,1,,,,,,,,,SYNTHETIC_GP3,0.6630665279918897,0.6617975981932528,0.66,0.66,normalised
55.95,,,0.6638980703315991,0.6574468505843397,1,,,,,,,,,SYNTHETIC_GP3,0.6638980703315991,0.6574468505843397,0.66,0.66,normalised
55.96666666666667,,,0.6648878613508743,0.6602037530219583,1,,,,,,,,,SYNTHETIC_GP3,0.6648878613508743,0.6602037530219583,0.66,0.66,normalised
55.98333333333333,,,0.6700829572239578,0.6617978371975834,1,,,,,,,,,SYNTHETIC_GP3,0.6700829572239578,0.6617978371975834,0.66,0.66,normalised
56.0,,,0.6561188883788938,0.6629992552719474,1,,,,,,,,,SYNTHETIC_GP3,0.6561188883788938,0.6629992552719474,0.66,0.66,normalised
56.016666666666666,,,0.6691522774691947,0.6653546730794011,1,,,,,,,,,SYNTHETIC_GP3,0.6691522774691947,0.6653546730794011,0.66,0.66,normalised
56.03333333333333,,,0.6649546011224557,0.663935977773137,1,,,,,,,,,SYNTHETIC_GP3,0.6649546011224557,0.663935977773137,0.66,0.66,normalised
56.05,,,0.6620463713735417,0.6604360719065064,1,,,,,,,,,SYNTHETIC_GP3,0.6620463713735417,0.6604360719065064,0.66,0.66,normalised
56.06666666666666,,,0.6566842719973536,0.6562621339113609,1,,,,,,,,,SYNTHETIC_GP3,0.6566842719973536,0.6562621339113609,0.66,0.66,normalised
56.083333333333336,,,0.6623691875085151,0.6587121953484505,1,,,,,,,,,SYNTHETIC_GP3,0.6623691875085151,0.6587121953484505,0.66,0.66,normalised
56.1,,,0.6644727230601838,0.6544707002513201,1,,,,,,,,,SYNTHETIC_GP3,0.6644727230601838,0.6544707002513201,0.66,0.66,normalised
56.11666666666667,,,0.6619064680924822,0.6569208654491809,1,,,,,,,,,SYNTHETIC_GP3,0.6619064680924822,0.6569208654491809,0.66,0.66,normalised
56.13333333333333,,,0.6602096880583105,0.6624371604303618,1,,,,,,,,,SYNTHETIC_GP3,0.6602096880583105,0.6624371604303618,0.66,0.66,normalised
56.15,,,0.6596670356824188,0.6599024524438188,1,,,,,,,,,SYNTHETIC_GP3,0.6596670356824188,0.6599024524438188,0.66,0.66,normalised
56.16666666666666,,,0.6588857416534148,0.6569906730146732,1,,,,,,,,,SYNTHETIC_GP3,0.6588857416534148,0.6569906730146732,0.66,0.66,normalised
56.18333333333333,,,0.6646200448769496,0.6599468523775291,1,,,,,,,,,SYNTHETIC_GP3,0.6646200448769496,0.6599468523775291,0.66,0.66,normalised
56.2,,,0.664339839729195,0.655353443977628,1,,,,,,,,,SYNTHETIC_GP3,0.664339839729195,0.655353443977628,0.66,0.66,normalised
56.21666666666667,,,0.6658803583565949,0.6630139324040213,1,,,,,,,,,SYNTHETIC_GP3,0.6658803583565949,0.6630139324040213,0.66,0.66,normalised
56.23333333333333,,,0.6589471093553112,0.658837721979581,1,,,,,,,,,SYNTHETIC_GP3,0.6589471093553112,0.658837721979581,0.66,0.66,normalised
56.25,,,0.667388252480374,0.6665009981682177,1,,,,,,,,,SYNTHETIC_GP3,0.667388252480374,0.6665009981682177,0.66,0.66,normalised
56.266666666666666,,,0.6719695689227366,0.654672700690168,1,,,,,,,,,SYNTHETIC_GP3,0.6719695689227366,0.654672700690168,0.66,0.66,normalised
56.28333333333333,,,0.6624403686146974,0.6556182011365155,1,,,,,,,,,SYNTHETIC_GP3,0.6624403686146974,0.6556182011365155,0.66,0.66,normalised
56.3,,,0.6666232655104608,0.6571263552286832,1,,,,,,,,,SYNTHETIC_GP3,0.6666232655104608,0.6571263552286832,0.66,0.66,normalised
56.31666666666666,,,0.6567527542264772,0.6598301284548785,1,,,,,,,,,SYNTHETIC_GP3,0.6567527542264772,0.6598301284548785,0.66,0.66,normalised
56.333333333333336,,,0.6715545693537737,0.659161987856215,1,,,,,,,,,SYNTHETIC_GP3,0.6715545693537737,0.659161987856215,0.66,0.66,normalised
56.35,,,0.5045504593079987,0.4987078152524882,1,,,,,,,,,SYNTHETIC_GP3,0.5045504593079987,0.4987078152524882,0.5,0.5,normalised
56.36666666666667,,,0.5069675983969646,0.5035806706868173,1,,,,,,,,,SYNTHETIC_GP3,0.5069675983969646,0.5035806706868173,0.5,0.5,normalised
56.38333333333333,,,0.5032112328509666,0.5014869494034433,1,,,,,,,,,SYNTHETIC_GP3,0.5032112328509666,0.5014869494034433,0.5,0.5,normalised
56.4,,,0.4957071787344692,0.4937330726765885,1,,,,,,,,,SYNTHETIC_GP3,0.4957071787344692,0.4937330726765885,0.5,0.5,normalised
56.41666666666666,,,0.5040109866134898,0.4990264865076136,1,,,,,,,,,SYNTHETIC_GP3,0.5040109866134898,0.4990264865076136,0.5,0.5,normalised
56.43333333333333,,,0.5020088493974748,0.4929386291898198,1,,,,,,,,,SYNTHETIC_GP3,0.5020088493974748,0.4929386291898198,0.5,0.5,normalised
56.45,,,0.5057256235653901,0.5059785065722079,1,,,,,,,,,SYNTHETIC_GP3,0.5057256235653901,0.5059785065722079,0.5,0.5,normalised
56.46666666666667,,,0.4986865618877378,0.496204000667662,1,,,,,,,,,SYNTHETIC_GP3,0.4986865618877378,0.496204000667662,0.5,0.5,normalised
56.48333333333333,,,0.4899191698054038,0.5010278653644703,1,,,,,,,,,SYNTHETIC_GP3,0.4899191698054038,0.5010278653644703,0.5,0.5,normalised
56.5,,,0.5017417706413156,0.4975217676582935,1,,,,,,,,,SYNTHETIC_GP3,0.5017417706413156,0.4975217676582935,0.5,0.5,normalised
56.516666666666666,,,0.5006868906736653,0.4972920066512019,1,,,,,,,,,SYNTHETIC_GP3,0.5006868906736653,0.4972920066512019,0.5,0.5,normalised
56.53333333333333,,,0.5049500265974303,0.4923186922938301,1,,,,,,,,,SYNTHETIC_GP3,0.5049500265974303,0.4923186922938301,0.5,0.5,normalised
56.55,,,0.4985886486372987,0.4978441237286291,1,,,,,,,,,SYNTHETIC_GP3,0.4985886486372987,0.4978441237286291,0.5,0.5,normalised
56.56666666666666,,,0.5005040784259813,0.4982708834628641,1,,,,,,,,,SYNTHETIC_GP3,0.5005040784259813,0.4982708834628641,0.5,0.5,normalised
56.583333333333336,,,0.5005433655903634,0.500483525718196,1,,,,,,,,,SYNTHETIC_GP3,0.5005433655903634,0.500483525718196,0.5,0.5,normalised
56.6,,,0.4990826234497187,0.5039881130919563,1,,,,,,,,,SYNTHETIC_GP3,0.4990826234497187,0.5039881130919563,0.5,0.5,normalised
56.61666666666667,,,0.5042700997010378,0.505051815554022,1,,,,,,,,,SYNTHETIC_GP3,0.5042700997010378,0.505051815554022,0.5,0.5,normalised
56.63333333333333,,,0.5009042197860775,0.5093838971580693,1,,,,,,,,,SYNTHETIC_GP3,0.5009042197860775,0.5093838971580693,0.5,0.5,normalised
56.65,,,0.5000540356951494,0.4916821884351265,1,,,,,,,,,SYNTHETIC_GP3,0.5000540356951494,0.4916821884351265,0.5,0.5,normalised
56.66666666666666,,,0.4992866279659494,0.5076823453540318,1,,,,,,,,,SYNTHETIC_GP3,0.4992866279659494,0.5076823453540318,0.5,0.5,normalised
56.68333333333333,,,0.5008060440695532,0.501098088144528,1,,,,,,,,,SYNTHETIC_GP3,0.5008060440695532,0.501098088144528,0.5,0.5,normalised
56.7,,,0.5081713401580453,0.5015673336595091,1,,,,,,,,,SYNTHETIC_GP3,0.5081713401580453,0.5015673336595091,0.5,0.5,normalised
56.71666666666667,,,0.5010746101523896,0.4982468062419661,1,,,,,,,,,SYNTHETIC_GP3,0.5010746101523896,0.4982468062419661,0.5,0.5,normalised
56.73333333333333,,,0.4993949359909942,0.499225971841371,1,,,,,,,,,SYNTHETIC_GP3,0.4993949359909942,0.499225971841371,0.5,0.5,normalised
56.75,,,0.5024512325298368,0.5017736613900825,1,,,,,,,,,SYNTHETIC_GP3,0.5024512325298368,0.5017736613900825,0.5,0.5,normalised
56.766666666666666,,,0.5052255200352098,0.5009957588417351,1,,,,,,,,,SYNTHETIC_GP3,0.5052255200352098,0.5009957588417351,0.5,0.5,normalised
56.78333333333333,,,0.502066549234901,0.4956073635464672,1,,,,,,,,,SYNTHETIC_GP3,0.502066549234901,0.4956073635464672,0.5,0.5,normalised
56.8,,,0.5036923220764008,0.4960927096052117,1,,,,,,,,,SYNTHETIC_GP3,0.5036923220764008,0.4960927096052117,0.5,0.5,normalised
56.81666666666666,,,0.5045655905496648,0.4956121095088935,1,,,,,,,,,SYNTHETIC_GP3,0.5045655905496648,0.4956121095088935,0.5,0.5,normalised
56.833333333333336,,,0.5050576756282806,0.4968417915937139,1,,,,,,,,,SYNTHETIC_GP3,0.5050576756282806,0.4968417915937139,0.5,0.5,normalised
56.85,,,0.5029380911506224,0.4942466999651473,1,,,,,,,,,SYNTHETIC_GP3,0.5029380911506224,0.4942466999651473,0.5,0.5,normalised
56.86666666666667,,,0.4965019822883301,0.4955564193255182,1,,,,,,,,,SYNTHETIC_GP3,0.4965019822883301,0.4955564193255182,0.5,0.5,normalised
56.88333333333333,,,0.5015655843575287,0.5036281840894361,1,,,,,,,,,SYNTHETIC_GP3,0.5015655843575287,0.5036281840894361,0.5,0.5,normalised
56.9,,,0.4994358345222782,0.5021525823893568,1,,,,,,,,,SYNTHETIC_GP3,0.4994358345222782,0.5021525823893568,0.5,0.5,normalised
56.91666666666666,,,0.504951101619606,0.4975778539726063,1,,,,,,,,,SYNTHETIC_GP3,0.504951101619606,0.4975778539726063,0.5,0.5,normalised
56.93333333333333,,,0.5071623296124068,0.4959511014866112,1,,,,,,,,,SYNTHETIC_GP3,0.5071623296124068,0.4959511014866112,0.5,0.5,normalised
56.95,,,0.5005371104359871,0.493133965103759,1,,,,,,,,,SYNTHETIC_GP3,0.5005371104359871,0.493133965103759,0.5,0.5,normalised
56.96666666666667,,,0.5049888669469466,0.4985329406471027,1,,,,,,,,,SYNTHETIC_GP3,0.5049888669469466,0.4985329406471027,0.5,0.5,normalised
56.98333333333333,,,0.5035268261660726,0.4914194479895699,1,,,,,,,,,SYNTHETIC_GP3,0.5035268261660726,0.4914194479895699,0.5,0.5,normalised
57.0,,,0.151116400824662,0.8514818782145532,1,,,,,,,,,SYNTHETIC_GP3,0.151116400824662,0.8514818782145532,0.15,0.85,normalised
57.016666666666666,,,0.1576077909382422,0.8491784922367108,1,,,,,,,,,SYNTHETIC_GP3,0.1576077909382422,0.8491784922367108,0.15,0.85,normalised
57.03333333333333,,,0.1501962296024069,0.8455883132540255,1,,,,,,,,,SYNTHETIC_GP3,0.1501962296024069,0.8455883132540255,0.15,0.85,normalised
57.05,,,0.1492951983712448,0.8430997822377516,1,,,,,,,,,SYNTHETIC_GP3,0.1492951983712448,0.8430997822377516,0.15,0.85,normalised
57.06666666666666,,,0.1485533423660343,0.845708596097249,1,,,,,,,,,SYNTHETIC_GP3,0.1485533423660343,0.845708596097249,0.15,0.85,normalised
57.083333333333336,,,0.1562302043393186,0.8530691491302309,1,,,,,,,,,SYNTHETIC_GP3,0.1562302043393186,0.8530691491302309,0.15,0.85,normalised
57.1,,,0.14905168622093,0.8519277719583563,1,,,,,,,,,SYNTHETIC_GP3,0.14905168622093,0.8519277719583563,0.15,0.85,normalised
57.11666666666667,,,0.1490008285521843,0.8495697441059442,1,,,,,,,,,SYNTHETIC_GP3,0.1490008285521843,0.8495697441059442,0.15,0.85,normalised
57.13333333333333,,,0.156294909267777,0.8503851217738522,1,,,,,,,,,SYNTHETIC_GP3,0.156294909267777,0.8503851217738522,0.15,0.85,normalised
57.15,,,0.1534181456162064,0.8501936093066303,1,,,,,,,,,SYNTHETIC_GP3,0.1534181456162064,0.8501936093066303,0.15,0.85,normalised
57.16666666666666,,,0.1513867293120608,0.8517686287568275,1,,,,,,,,,SYNTHETIC_GP3,0.1513867293120608,0.8517686287568275,0.15,0.85,normalised
57.18333333333333,,,0.1486078606063778,0.8436305098425017,1,,,,,,,,,SYNTHETIC_GP3,0.1486078606063778,0.8436305098425017,0.15,0.85,normalised
57.2,,,0.1529410387213414,0.8495740374246401,1,,,,,,,,,SYNTHETIC_GP3,0.1529410387213414,0.8495740374246401,0.15,0.85,normalised
57.21666666666667,,,0.1477690136769178,0.8480328477891047,1,,,,,,,,,SYNTHETIC_GP3,0.1477690136769178,0.8480328477891047,0.15,0.85,normalised
57.23333333333333,,,,,0,,,,,,,,,SYNTHETIC_GP3,,,0.15,0.85,normalised
57.25,,,0.1525856047533743,0.8469070892341066,1,,,,,,,,,SYNTHETIC_GP3,0.1525856047533743,0.8469070892341066,0.15,0.85,normalised
57.266666666666666,,,0.1517172769175648,0.8480150256746879,1,,,,,,,,,SYNTHETIC_GP3,0.1517172769175648,0.8480150256746879,0.15,0.85,normalised
57.28333333333333,,,0.1527586822505292,0.8499730258408902,1,,,,,,,,,SYNTHETIC_GP3,0.1527586822505292,0.8499730258408902,0.15,0.85,normalised
57.3,,,0.1544425076292116,0.851915175709844,1,,,,,,,,,SYNTHETIC_GP3,0.1544425076292116,0.851915175709844,0.15,0.85,normalised
57.31666666666666,,,0.1448183619818923,0.8459936719052429,1,,,,,,,,,SYNTHETIC_GP3,0.1448183619818923,0.8459936719052429,0.15,0.85,normalised
57.333333333333336,,,0.1478314984457055,0.8510540607224929,1,,,,,,,,,SYNTHETIC_GP3,0.1478314984457055,0.8510540607224929,0.15,0.85,normalised
57.35,,,0.1548876494281397,0.8483514082900429,1,,,,,,,,,SYNTHETIC_GP3,0.1548876494281397,0.8483514082900429,0.15,0.85,normalised
57.36666666666667,,,0.1513941454090982,0.8455869583306592,1,,,,,,,,,SYNTHETIC_GP3,0.1513941454090982,0.8455869583306592,0.15,0.85,normalised
57.38333333333333,,,0.1553814084396316,0.8499164960726977,1,,,,,,,,,SYNTHETIC_GP3,0.1553814084396316,0.8499164960726977,0.15,0.85,normalised
57.4,,,0.1587608091947754,0.846433356570069,1,,,,,,,,,SYNTHETIC_GP3,0.1587608091947754,0.846433356570069,0.15,0.85,normalised
57.41666666666666,,,0.1581877781189614,0.8448750783074022,1,,,,,,,,,SYNTHETIC_GP3,0.1581877781189614,0.8448750783074022,0.15,0.85,normalised
57.43333333333333,,,0.1559450887991559,0.8556182009559089,1,,,,,,,,,SYNTHETIC_GP3,0.1559450887991559,0.8556182009559089,0.15,0.85,normalised
57.45,,,0.1524185538407639,0.8506350618338443,1,,,,,,,,,SYNTHETIC_GP3,0.1524185538407639,0.8506350618338443,0.15,0.85,normalised
57.46666666666667,,,0.156737021017844,0.8452639528413979,1,,,,,,,,,SYNTHETIC_GP3,0.156737021017844,0.8452639528413979,0.15,0.85,normalised
57.48333333333333,,,0.149644069547537,0.852375450060276,1,,,,,,,,,SYNTHETIC_GP3,0.149644069547537,0.852375450060276,0.15,0.85,normalised
57.5,,,0.152815019978984,0.8502321064101267,1,,,,,,,,,SYNTHETIC_GP3,0.152815019978984,0.8502321064101267,0.15,0.85,normalised
57.516666666666666,,,0.1510141834982655,0.8507399028230798,1,,,,,,,,,SYNTHETIC_GP3,0.1510141834982655,0.8507399028230798,0.15,0.85,normalised
57.53333333333333,,,0.150175219767166,0.8496887678152611,1,,,,,,,,,SYNTHETIC_GP3,0.150175219767166,0.8496887678152611,0.15,0.85,normalised
57.55,,,0.1491045023466022,0.844255369075861,1,,,,,,,,,SYNTHETIC_GP3,0.1491045023466022,0.844255369075861,0.15,0.85,normalised
57.56666666666666,,,0.1537284819809566,0.8433057181960999,1,,,,,,,,,SYNTHETIC_GP3,0.1537284819809566,0.8433057181960999,0.15,0.85,normalised
57.583333333333336,,,0.1459445666153765,0.8489926778319212,1,,,,,,,,,SYNTHETIC_GP3,0.1459445666153765,0.8489926778319212,0.15,0.85,normalised
57.6,,,0.1443288852916551,0.8433596367729844,1,,,,,,,,,SYNTHETIC_GP3,0.1443288852916551,0.8433596367729844,0.15,0.85,normalised
57.61666666666667,,,0.1560069234352419,0.8471886336348284,1,,,,,,,,,SYNTHETIC_GP3,0.1560069234352419,0.8471886336348284,0.15,0.85,normalised
57.63333333333333,,,0.1536496698752997,0.8420200130195518,1,,,,,,,,,SYNTHETIC_GP3,0.1536496698752997,0.8420200130195518,0.15,0.85,normalised
57.65,,,0.155306484490752,0.8470505972607129,1,,,,,,,,,SYNTHETIC_GP3,0.155306484490752,0.8470505972607129,0.15,0.85,normalised
57.66666666666666,,,0.1515568061497256,0.849253716435195,1,,,,,,,,,SYNTHETIC_GP3,0.1515568061497256,0.849253716435195,0.15,0.85,normalised
57.68333333333333,,,0.153907223925468,0.8479675360212638,1,,,,,,,,,SYNTHETIC_GP3,0.153907223925468,0.8479675360212638,0.15,0.85,normalised
57.7,,,0.1500759100724495,0.8509456990841854,1,,,,,,,,,SYNTHETIC_GP3,0.1500759100724495,0.8509456990841854,0.15,0.85,normalised
57.71666666666667,,,0.1499594753771685,0.84928370989176,1,,,,,,,,,SYNTHETIC_GP3,0.1499594753771685,0.84928370989176,0.15,0.85,normalised
57.73333333333333,,,0.1475827039784345,0.8510407924859921,1,,,,,,,,,SYNTHETIC_GP3,0.1475827039784345,0.8510407924859921,0.15,0.85,normalised
57.75,,,0.1591400589082363,0.8502625291540757,1,,,,,,,,,SYNTHETIC_GP3,0.1591400589082363,0.8502625291540757,0.15,0.85,normalised
57.766666666666666,,,0.148216304720341,0.8514562883965071,1,,,,,,,,,SYNTHETIC_GP3,0.148216304720341,0.8514562883965071,0.15,0.85,normalised
57.78333333333333,,,0.1582640172442506,0.8473698161101896,1,,,,,,,,,SYNTHETIC_GP3,0.1582640172442506,0.8473698161101896,0.15,0.85,normalised
57.8,,,0.147219491219942,0.8520288422025499,1,,,,,,,,,SYNTHETIC_GP3,0.147219491219942,0.8520288422025499,0.15,0.85,normalised
57.81666666666666,,,0.1484324467035983,0.8490354037878307,1,,,,,,,,,SYNTHETIC_GP3,0.1484324467035983,0.8490354037878307,0.15,0.85,normalised
57.833333333333336,,,0.1568639086109798,0.8499139186575253,1,,,,,,,,,SYNTHETIC_GP3,0.1568639086109798,0.8499139186575253,0.15,0.85,normalised
57.85,,,0.1543240179737044,0.8490398353574354,1,,,,,,,,,SYNTHETIC_GP3,0.1543240179737044,0.8490398353574354,0.15,0.85,normalised
57.86666666666667,,,0.1536569409286923,0.8476763707155845,1,,,,,,,,,SYNTHETIC_GP3,0.1536569409286923,0.8476763707155845,0.15,0.85,normalised
57.88333333333333,,,0.148335349051027,0.8509481787268047,1,,,,,,,,,SYNTHETIC_GP3,0.148335349051027,0.8509481787268047,0.15,0.85,normalised
57.9,,,0.1558533199051279,0.8427716800582734,1,,,,,,,,,SYNTHETIC_GP3,0.1558533199051279,0.8427716800582734,0.15,0.85,normalised
57.91666666666666,,,0.1486023135601933,0.8446733522912031,1,,,,,,,,,SYNTHETIC_GP3,0.1486023135601933,0.8446733522912031,0.15,0.85,normalised
57.93333333333333,,,0.1532203281275157,0.8423437877213656,1,,,,,,,,,SYNTHETIC_GP3,0.1532203281275157,0.8423437877213656,0.15,0.85,normalised
57.95,,,0.1491557309315122,0.8515177442111499,1,,,,,,,,,SYNTHETIC_GP3,0.1491557309315122,0.8515177442111499,0.15,0.85,normalised
57.96666666666667,,,0.1581611908330155,0.847290804449516,1,,,,,,,,,SYNTHETIC_GP3,0.1581611908330155,0.847290804449516,0.15,0.85,normalised
57.98333333333333,,,0.1536021327782185,0.8507574412391435,1,,,,,,,,,SYNTHETIC_GP3,0.1536021327782185,0.8507574412391435,0.15,0.85,normalised
58.0,,,0.1573518264127887,0.856249736241956,1,,,,,,,,,SYNTHETIC_GP3,0.1573518264127887,0.856249736241956,0.15,0.85,normalised
58.016666666666666,,,0.1514023930944002,0.8518468778488238,1,,,,,,,,,SYNTHETIC_GP3,0.1514023930944002,0.8518468778488238,0.15,0.85,normalised
58.03333333333333,,,0.1491873851800654,0.8404654445811656,1,,,,,,,,,SYNTHETIC_GP3,0.1491873851800654,0.8404654445811656,0.15,0.85,normalised
58.05,,,0.1465856483876881,0.8448160587568825,1,,,,,,,,,SYNTHETIC_GP3,0.1465856483876881,0.8448160587568825,0.15,0.85,normalised
58.06666666666666,,,0.1530203406474415,0.8530900494045596,1,,,,,,,,,SYNTHETIC_GP3,0.1530203406474415,0.8530900494045596,0.15,0.85,normalised
58.083333333333336,,,0.1567480613528033,0.8487020242369879,1,,,,,,,,,SYNTHETIC_GP3,0.1567480613528033,0.8487020242369879,0.15,0.85,normalised
58.1,,,0.1541362466479953,0.8531058177766568,1,,,,,,,,,SYNTHETIC_GP3,0.1541362466479953,0.8531058177766568,0.15,0.85,normalised
58.11666666666667,,,0.1491908550577819,0.8566688406171914,1,,,,,,,,,SYNTHETIC_GP3,0.1491908550577819,0.8566688406171914,0.15,0.85,normalised
58.13333333333333,,,0.1502295678207562,0.8459675857022428,1,,,,,,,,,SYNTHETIC_GP3,0.1502295678207562,0.8459675857022428,0.15,0.85,normalised
58.15,,,0.1502320152782207,0.8584614071424588,1,,,,,,,,,SYNTHETIC_GP3,0.1502320152782207,0.8584614071424588,0.15,0.85,normalised
58.16666666666666,,,0.1518972111636015,0.8485144897483091,1,,,,,,,,,SYNTHETIC_GP3,0.1518972111636015,0.8485144897483091,0.15,0.85,normalised
58.18333333333333,,,0.1547766960665077,0.8488133101688368,1,,,,,,,,,SYNTHETIC_GP3,0.1547766960665077,0.8488133101688368,0.15,0.85,normalised
58.2,,,0.1525638569660899,0.8522674238159841,1,,,,,,,,,SYNTHETIC_GP3,0.1525638569660899,0.8522674238159841,0.15,0.85,normalised
58.21666666666667,,,0.1548442171131085,0.8634013473668688,1,,,,,,,,,SYNTHETIC_GP3,0.1548442171131085,0.8634013473668688,0.15,0.85,normalised
58.23333333333333,,,0.1537700303375525,0.8491158801100148,1,,,,,,,,,SYNTHETIC_GP3,0.1537700303375525,0.8491158801100148,0.15,0.85,normalised
58.25,,,0.1479743823010723,0.8559321451536405,1,,,,,,,,,SYNTHETIC_GP3,0.1479743823010723,0.8559321451536405,0.15,0.85,normalised
58.266666666666666,,,0.1523840070427719,0.8532488769786035,1,,,,,,,,,SYNTHETIC_GP3,0.1523840070427719,0.8532488769786035,0.15,0.85,normalised
58.28333333333333,,,0.1480337196283925,0.8496286993996394,1,,,,,,,,,SYNTHETIC_GP3,0.1480337196283925,0.8496286993996394,0.15,0.85,normalised
58.3,,,0.1523927384035139,0.8509998820760769,1,,,,,,,,,SYNTHETIC_GP3,0.1523927384035139,0.8509998820760769,0.15,0.85,normalised
58.31666666666666,,,0.1537460548674779,0.8456466969415339,1,,,,,,,,,SYNTHETIC_GP3,0.1537460548674779,0.8456466969415339,0.15,0.85,normalised
58.333333333333336,,,0.1489201470795453,0.8478996646343924,1,,,,,,,,,SYNTHETIC_GP3,0.1489201470795453,0.8478996646343924,0.15,0.85,normalised
58.35,,,0.1467691213000553,0.8437005231344061,1,,,,,,,,,SYNTHETIC_GP3,0.1467691213000553,0.8437005231344061,0.15,0.85,normalised
58.36666666666667,,,0.1528578298950348,0.852384288285277,1,,,,,,,,,SYNTHETIC_GP3,0.1528578298950348,0.852384288285277,0.15,0.85,normalised
58.38333333333333,,,0.1515456222589278,0.8447833966633757,1,,,,,,,,,SYNTHETIC_GP3,0.1515456222589278,0.8447833966633757,0.15,0.85,normalised
58.4,,,0.1566435263954445,0.8488756252643759,1,,,,,,,,,SYNTHETIC_GP3,0.1566435263954445,0.8488756252643759,0.15,0.85,normalised
58.41666666666666,,,0.1494166895908527,0.8427483433262868,1,,,,,,,,,SYNTHETIC_GP3,0.1494166895908527,0.8427483433262868,0.15,0.85,normalised
58.43333333333333,,,0.1585222905414159,0.845495726219439,1,,,,,,,,,SYNTHETIC_GP3,0.1585222905414159,0.845495726219439,0.15,0.85,normalised
58.45,,,0.1546316452578771,0.8423019408643717,1,,,,,,,,,SYNTHETIC_GP3,0.1546316452578771,0.8423019408643717,0.15,0.85,normalised
58.46666666666667,,,0.1460243372911262,0.8489210993164122,1,,,,,,,,,SYNTHETIC_GP3,0.1460243372911262,0.8489210993164122,0.15,0.85,normalised
58.48333333333333,,,0.1493444006617895,0.845815933761504,1,,,,,,,,,SYNTHETIC_GP3,0.1493444006617895,0.845815933761504,0.15,0.85,normalised
58.5,,,0.1521389549298203,0.8482501342570953,1,,,,,,,,,SYNTHETIC_GP3,0.1521389549298203,0.8482501342570953,0.15,0.85,normalised
58.516666666666666,,,0.1515475382674698,0.8538543181747368,1,,,,,,,,,SYNTHETIC_GP3,0.1515475382674698,0.8538543181747368,0.15,0.85,normalised
58.53333333333333,,,0.1484902204061303,0.8544968765886469,1,,,,,,,,,SYNTHETIC_GP3,0.1484902204061303,0.8544968765886469,0.15,0.85,normalised
58.55,,,0.1447985035861024,0.8422771446661178,1,,,,,,,,,SYNTHETIC_GP3,0.1447985035861024,0.8422771446661178,0.15,0.85,normalised
58.56666666666666,,,0.1507899241111998,0.843027157215092,1,,,,,,,,,SYNTHETIC_GP3,0.1507899241111998,0.843027157215092,0.15,0.85,normalised
58.583333333333336,,,0.1511253059961404,0.8513557913872533,1,,,,,,,,,SYNTHETIC_GP3,0.1511253059961404,0.8513557913872533,0.15,0.85,normalised
58.6,,,0.154302672009133,0.8501334123292066,1,,,,,,,,,SYNTHETIC_GP3,0.154302672009133,0.8501334123292066,0.15,0.85,normalised
58.61666666666667,,,0.152777314041355,0.850920953145532,1,,,,,,,,,SYNTHETIC_GP3,0.152777314041355,0.850920953145532,0.15,0.85,normalised
58.63333333333333,,,0.1477428281801727,0.8513729461915568,1,,,,,,,,,SYNTHETIC_GP3,0.1477428281801727,0.8513729461915568,0.15,0.85,normalised
58.65,,,0.1551023773006017,0.8534424428026564,1,,,,,,,,,SYNTHETIC_GP3,0.1551023773006017,0.8534424428026564,0.15,0.85,normalised
58.66666666666666,,,0.1496586345391184,0.8506982091458265,1,,,,,,,,,SYNTHETIC_GP3,0.1496586345391184,0.8506982091458265,0.15,0.85,normalised
58.68333333333333,,,0.1558189360998659,0.8508830828992642,1,,,,,,,,,SYNTHETIC_GP3,0.1558189360998659,0.8508830828992642,0.15,0.85,normalised
58.7,,,0.1501537211424298,0.8489293440937189,1,,,,,,,,,SYNTHETIC_GP3,0.1501537211424298,0.8489293440937189,0.15,0.85,normalised
58.71666666666667,,,0.1498340978777426,0.844801406214386,1,,,,,,,,,SYNTHETIC_GP3,0.1498340978777426,0.844801406214386,0.15,0.85,normalised
58.73333333333333,,,0.1519857289768086,0.8498253214357683,1,,,,,,,,,SYNTHETIC_GP3,0.1519857289768086,0.8498253214357683,0.15,0.85,normalised
58.75,,,0.1550742297769037,0.8513814612329239,1,,,,,,,,,SYNTHETIC_GP3,0.1550742297769037,0.8513814612329239,0.15,0.85,normalised
58.766666666666666,,,0.1530520172439155,0.8442891885408301,1,,,,,,,,,SYNTHETIC_GP3,0.1530520172439155,0.8442891885408301,0.15,0.85,normalised
58.78333333333333,,,0.1468522571659558,0.8564458594015214,1,,,,,,,,,SYNTHETIC_GP3,0.1468522571659558,0.8564458594015214,0.15,0.85,normalised
58.8,,,0.155875419068945,0.8531795235295387,1,,,,,,,,,SYNTHETIC_GP3,0.155875419068945,0.8531795235295387,0.15,0.85,normalised
58.81666666666666,,,0.1493536574730457,0.8418272378708115,1,,,,,,,,,SYNTHETIC_GP3,0.1493536574730457,0.8418272378708115,0.15,0.85,normalised
58.833333333333336,,,0.1462749915867521,0.8502960533934396,1,,,,,,,,,SYNTHETIC_GP3,0.1462749915867521,0.8502960533934396,0.15,0.85,normalised
58.85,,,0.1452539461049791,0.8473446854376991,1,,,,,,,,,SYNTHETIC_GP3,0.1452539461049791,0.8473446854376991,0.15,0.85,normalised
58.86666666666667,,,0.1571912435262998,0.8553786981218432,1,,,,,,,,,SYNTHETIC_GP3,0.1571912435262998,0.8553786981218432,0.15,0.85,normalised
58.88333333333333,,,0.1580683891695239,0.8532322696118776,1,,,,,,,,,SYNTHETIC_GP3,0.1580683891695239,0.8532322696118776,0.15,0.85,normalised
58.9,,,0.1498466094650218,0.852984983468614,1,,,,,,,,,SYNTHETIC_GP3,0.1498466094650218,0.852984983468614,0.15,0.85,normalised
58.91666666666666,,,,,0,,,,,,,,,SYNTHETIC_GP3,,,0.15,0.85,normalised
58.93333333333333,,,0.1517946107671209,0.8518252147506356,1,,,,,,,,,SYNTHETIC_GP3,0.1517946107671209,0.8518252147506356,0.15,0.85,normalised
58.95,,,0.1470004645174378,0.8531775614864807,1,,,,,,,,,SYNTHETIC_GP3,0.1470004645174378,0.8531775614864807,0.15,0.85,normalised
58.96666666666667,,,0.1525373725576006,0.8436446081152155,1,,,,,,,,,SYNTHETIC_GP3,0.1525373725576006,0.8436446081152155,0.15,0.85,normalised
58.98333333333333,,,0.1542021651413301,0.8495286234087038,1,,,,,,,,,SYNTHETIC_GP3,0.1542021651413301,0.8495286234087038,0.15,0.85,normalised
59.0,,,0.1503201702627731,0.8486332232087012,1,,,,,,,,,SYNTHETIC_GP3,0.1503201702627731,0.8486332232087012,0.15,0.85,normalised
59.016666666666666,,,0.1529580463256542,0.8492373260403188,1,,,,,,,,,SYNTHETIC_GP3,0.1529580463256542,0.8492373260403188,0.15,0.85,normalised
59.03333333333333,,,0.1503533876645136,0.852813223677439,1,,,,,,,,,SYNTHETIC_GP3,0.1503533876645136,0.852813223677439,0.15,0.85,normalised
59.05,,,0.156065261781789,0.8472262814114131,1,,,,,,,,,SYNTHETIC_GP3,0.156065261781789,0.8472262814114131,0.15,0.85,normalised
59.06666666666666,,,0.1483469033032738,0.8437612435065033,1,,,,,,,,,SYNTHETIC_GP3,0.1483469033032738,0.8437612435065033,0.15,0.85,normalised
59.083333333333336,,,0.1501380982369128,0.8439431090903621,1,,,,,,,,,SYNTHETIC_GP3,0.1501380982369128,0.8439431090903621,0.15,0.85,normalised
59.1,,,0.1577001771872286,0.8519982783698098,1,,,,,,,,,SYNTHETIC_GP3,0.1577001771872286,0.8519982783698098,0.15,0.85,normalised
59.11666666666667,,,0.1527323574503661,0.8440200741078259,1,,,,,,,,,SYNTHETIC_GP3,0.1527323574503661,0.8440200741078259,0.15,0.85,normalised
59.13333333333333,,,0.1616090286482092,0.8469935044669027,1,,,,,,,,,SYNTHETIC_GP3,0.1616090286482092,0.8469935044669027,0.15,0.85,normalised
59.15,,,0.1549573653257315,0.8508261021087451,1,,,,,,,,,SYNTHETIC_GP3,0.1549573653257315,0.8508261021087451,0.15,0.85,normalised
59.16666666666666,,,0.1566463537544273,0.8454674136613456,1,,,,,,,,,SYNTHETIC_GP3,0.1566463537544273,0.8454674136613456,0.15,0.85,normalised
59.18333333333333,,,0.1545946533627088,0.8412766940845648,1,,,,,,,,,SYNTHETIC_GP3,0.1545946533627088,0.8412766940845648,0.15,0.85,normalised
59.2,,,0.1489875220972709,0.8485177091199436,1,,,,,,,,,SYNTHETIC_GP3,0.1489875220972709,0.8485177091199436,0.15,0.85,normalised
59.21666666666667,,,0.1557430946845177,0.8496591590044776,1,,,,,,,,,SYNTHETIC_GP3,0.1557430946845177,0.8496591590044776,0.15,0.85,normalised
59.23333333333333,,,0.1480455287942559,0.8436125152630229,1,,,,,,,,,SYNTHETIC_GP3,0.1480455287942559,0.8436125152630229,0.15,0.85,normalised
59.25,,,0.1454584278161153,0.8511440951548727,1,,,,,,,,,SYNTHETIC_GP3,0.1454584278161153,0.8511440951548727,0.15,0.85,normalised
59.266666666666666,,,0.1535612809922489,0.8442337856276214,1,,,,,,,,,SYNTHETIC_GP3,0.1535612809922489,0.8442337856276214,0.15,0.85,normalised
59.28333333333333,,,0.1559891040586994,0.841584754062429,1,,,,,,,,,SYNTHETIC_GP3,0.1559891040586994,0.841584754062429,0.15,0.85,normalised
59.3,,,0.1569505974977228,0.8516079812823705,1,,,,,,,,,SYNTHETIC_GP3,0.1569505974977228,0.8516079812823705,0.15,0.85,normalised
59.31666666666666,,,0.1536559851591296,0.8497652160242796,1,,,,,,,,,SYNTHETIC_GP3,0.1536559851591296,0.8497652160242796,0.15,0.85,normalised
59.333333333333336,,,0.1517240346455502,0.8494617853496452,1,,,,,,,,,SYNTHETIC_GP3,0.1517240346455502,0.8494617853496452,0.15,0.85,normalised
59.35,,,0.501458282287662,0.4929426542730574,1,,,,,,,,,SYNTHETIC_GP3,0.501458282287662,0.4929426542730574,0.5,0.5,normalised
59.36666666666667,,,0.5041229549805244,0.4907558410771502,1,,,,,,,,,SYNTHETIC_GP3,0.5041229549805244,0.4907558410771502,0.5,0.5,normalised
59.38333333333333,,,0.5060099680159167,0.4978054718241518,1,,,,,,,,,SYNTHETIC_GP3,0.5060099680159167,0.4978054718241518,0.5,0.5,normalised
59.4,,,0.5021088243779294,0.496570234116462,1,,,,,,,,,SYNTHETIC_GP3,0.5021088243779294,0.496570234116462,0.5,0.5,normalised
59.41666666666666,,,0.5045432993935444,0.4953215888401338,1,,,,,,,,,SYNTHETIC_GP3,0.5045432993935444,0.4953215888401338,0.5,0.5,normalised
59.43333333333333,,,0.5066302106760027,0.4986242811058139,1,,,,,,,,,SYNTHETIC_GP3,0.5066302106760027,0.4986242811058139,0.5,0.5,normalised
59.45,,,0.5068045075079324,0.5019105421732435,1,,,,,,,,,SYNTHETIC_GP3,0.5068045075079324,0.5019105421732435,0.5,0.5,normalised
59.46666666666667,,,0.5066659696431212,0.4944994082069134,1,,,,,,,,,SYNTHETIC_GP3,0.5066659696431212,0.4944994082069134,0.5,0.5,normalised
59.48333333333333,,,0.5053459967382359,0.498981579339791,1,,,,,,,,,SYNTHETIC_GP3,0.5053459967382359,0.498981579339791,0.5,0.5,normalised
59.5,,,0.5089284059438548,0.4980542625133424,1,,,,,,,,,SYNTHETIC_GP3,0.5089284059438548,0.4980542625133424,0.5,0.5,normalised
59.516666666666666,,,0.4984908242957674,0.5075278996008784,1,,,,,,,,,SYNTHETIC_GP3,0.4984908242957674,0.5075278996008784,0.5,0.5,normalised
59.53333333333333,,,0.5087182059454599,0.4969005795025112,1,,,,,,,,,SYNTHETIC_GP3,0.5087182059454599,0.4969005795025112,0.5,0.5,normalised
59.55,,,0.5023102083991635,0.4948865435101895,1,,,,,,,,,SYNTHETIC_GP3,0.5023102083991635,0.4948865435101895,0.5,0.5,normalised
59.56666666666666,,,0.495838061920661,0.4993336901440914,1,,,,,,,,,SYNTHETIC_GP3,0.495838061920661,0.4993336901440914,0.5,0.5,normalised
59.583333333333336,,,0.5025036846491417,0.5098329266690966,1,,,,,,,,,SYNTHETIC_GP3,0.5025036846491417,0.5098329266690966,0.5,0.5,normalised
59.6,,,0.5032896587465964,0.4947097491348432,1,,,,,,,,,SYNTHETIC_GP3,0.5032896587465964,0.4947097491348432,0.5,0.5,normalised
59.61666666666667,,,0.4967299138486057,0.4956787964784443,1,,,,,,,,,SYNTHETIC_GP3,0.4967299138486057,0.4956787964784443,0.5,0.5,normalised
59.63333333333333,,,0.502119076155372,0.4982042004077753,1,,,,,,,,,SYNTHETIC_GP3,0.502119076155372,0.4982042004077753,0.5,0.5,normalised
59.65,,,0.4932588738899342,0.4942929654066069,1,,,,,,,,,SYNTHETIC_GP3,0.4932588738899342,0.4942929654066069,0.5,0.5,normalised
59.66666666666666,,,0.5088003244959687,0.5019668210607604,1,,,,,,,,,SYNTHETIC_GP3,0.5088003244959687,0.5019668210607604,0.5,0.5,normalised
59.68333333333333,,,0.5009638086569738,0.4951219236414746,1,,,,,,,,,SYNTHETIC_GP3,0.5009638086569738,0.4951219236414746,0.5,0.5,normalised
59.7,,,0.501981163121428,0.4995372625548795,1,,,,,,,,,SYNTHETIC_GP3,0.501981163121428,0.4995372625548795,0.5,0.5,normalised
59.71666666666667,,,0.5058286833946932,0.4980400344066171,1,,,,,,,,,SYNTHETIC_GP3,0.5058286833946932,0.4980400344066171,0.5,0.5,normalised
59.73333333333333,,,0.5020445774304115,0.5027250778329497,1,,,,,,,,,SYNTHETIC_GP3,0.5020445774304115,0.5027250778329497,0.5,0.5,normalised
59.75,,,0.4969708675269775,0.5040655741506073,1,,,,,,,,,SYNTHETIC_GP3,0.4969708675269775,0.5040655741506073,0.5,0.5,normalised
59.766666666666666,,,0.4942785558686033,0.5004363167615399,1,,,,,,,,,SYNTHETIC_GP3,0.4942785558686033,0.5004363167615399,0.5,0.5,normalised
59.78333333333333,,,0.5046470078692492,0.4957978915170173,1,,,,,,,,,SYNTHETIC_GP3,0.5046470078692492,0.4957978915170173,0.5,0.5,normalised
59.8,,,0.5051955916560311,0.4998567464278776,1,,,,,,,,,SYNTHETIC_GP3,0.5051955916560311,0.4998567464278776,0.5,0.5,normalised
59.81666666666666,,,0.5002666963380703,0.4970676256165933,1,,,,,,,,,SYNTHETIC_GP3,0.5002666963380703,0.4970676256165933,0.5,0.5,normalised
59.833333333333336,,,0.4939877778589241,0.4999031300336046,1,,,,,,,,,SYNTHETIC_GP3,0.4939877778589241,0.4999031300336046,0.5,0.5,normalised
59.85,,,0.5033042435072114,0.4973932801962758,1,,,,,,,,,SYNTHETIC_GP3,0.5033042435072114,0.4973932801962758,0.5,0.5,normalised
59.86666666666667,,,0.5019312630907214,0.4985851747855566,1,,,,,,,,,SYNTHETIC_GP3,0.5019312630907214,0.4985851747855566,0.5,0.5,normalised
59.88333333333333,,,0.5044652368221904,0.4967807799083454,1,,,,,,,,,SYNTHETIC_GP3,0.5044652368221904,0.4967807799083454,0.5,0.5,normalised
59.9,,,0.4988259960647958,0.4997077969255131,1,,,,,,,,,SYNTHETIC_GP3,0.4988259960647958,0.4997077969255131,0.5,0.5,normalised
59.91666666666666,,,0.4936315069017267,0.5070135106774843,1,,,,,,,,,SYNTHETIC_GP3,0.4936315069017267,0.5070135106774843,0.5,0.5,normalised
59.93333333333333,,,0.4998042770443326,0.5054058948300754,1,,,,,,,,,SYNTHETIC_GP3,0.4998042770443326,0.5054058948300754,0.5,0.5,normalised
59.95,,,0.5050893157207749,0.4981146081052358,1,,,,,,,,,SYNTHETIC_GP3,0.5050893157207749,0.4981146081052358,0.5,0.5,normalised
59.96666666666667,,,0.5061602009903096,0.5001788163171589,1,,,,,,,,,SYNTHETIC_GP3,0.5061602009903096,0.5001788163171589,0.5,0.5,normalised
59.98333333333333,,,0.5006092204568293,0.4925276377815935,1,,,,,,,,,SYNTHETIC_GP3,0.5006092204568293,0.4925276377815935,0.5,0.5,normalised
60.0,,,0.6597493558957068,0.332032366379037,1,,,,,,,,,SYNTHETIC_GP3,0.6597493558957068,0.332032366379037,0.66,0.33,normalised
60.016666666666666,,,0.6547721359937166,0.3329093773699159,1,,,,,,,,,SYNTHETIC_GP3,0.6547721359937166,0.3329093773699159,0.66,0.33,normalised
60.03333333333333,,,0.6667563157115509,0.3228866767680011,1,,,,,,,,,SYNTHETIC_GP3,0.6667563157115509,0.3228866767680011,0.66,0.33,normalised
60.05,,,0.6601838173986028,0.3239406286355662,1,,,,,,,,,SYNTHETIC_GP3,0.6601838173986028,0.3239406286355662,0.66,0.33,normalised
60.06666666666666,,,0.6591308855514941,0.3234135528726149,1,,,,,,,,,SYNTHETIC_GP3,0.6591308855514941,0.3234135528726149,0.66,0.33,normalised
60.083333333333336,,,0.6584206584022053,0.3283842520001078,1,,,,,,,,,SYNTHETIC_GP3,0.6584206584022053,0.3283842520001078,0.66,0.33,normalised
60.1,,,0.6604004118789008,0.3253811604112248,1,,,,,,,,,SYNTHETIC_GP3,0.6604004118789008,0.3253811604112248,0.66,0.33,normalised
60.11666666666667,,,0.6636529273856203,0.3313899306386769,1,,,,,,,,,SYNTHETIC_GP3,0.6636529273856203,0.3313899306386769,0.66,0.33,normalised
60.13333333333333,,,0.6604665565639274,0.3305004138081223,1,,,,,,,,,SYNTHETIC_GP3,0.6604665565639274,0.3305004138081223,0.66,0.33,normalised
60.15,,,0.6673870169588438,0.3232642243279705,1,,,,,,,,,SYNTHETIC_GP3,0.6673870169588438,0.3232642243279705,0.66,0.33,normalised
60.16666666666666,,,0.6645800720254186,0.3252420728613044,1,,,,,,,,,SYNTHETIC_GP3,0.6645800720254186,0.3252420728613044,0.66,0.33,normalised
60.18333333333333,,,0.6634611237403114,0.3275880285692273,1,,,,,,,,,SYNTHETIC_GP3,0.6634611237403114,0.3275880285692273,0.66,0.33,normalised
60.2,,,0.667167784591605,0.32773096330737,1,,,,,,,,,SYNTHETIC_GP3,0.667167784591605,0.32773096330737,0.66,0.33,normalised
60.21666666666667,,,0.6571716857010588,0.3326008228194147,1,,,,,,,,,SYNTHETIC_GP3,0.6571716857010588,0.3326008228194147,0.66,0.33,normalised
60.23333333333333,,,0.6625520700217554,0.3313234099303053,1,,,,,,,,,SYNTHETIC_GP3,0.6625520700217554,0.3313234099303053,0.66,0.33,normalised
60.25,,,0.6651551743988745,0.3360611067911036,1,,,,,,,,,SYNTHETIC_GP3,0.6651551743988745,0.3360611067911036,0.66,0.33,normalised
60.266666666666666,,,0.6652639930750796,0.3202451337171146,1,,,,,,,,,SYNTHETIC_GP3,0.6652639930750796,0.3202451337171146,0.66,0.33,normalised
60.28333333333333,,,0.660295889456614,0.3397688919676821,1,,,,,,,,,SYNTHETIC_GP3,0.660295889456614,0.3397688919676821,0.66,0.33,normalised
60.3,,,0.6571971748611022,0.3316139890968352,1,,,,,,,,,SYNTHETIC_GP3,0.6571971748611022,0.3316139890968352,0.66,0.33,normalised
60.31666666666666,,,0.6545715082334932,0.3281712998003738,1,,,,,,,,,SYNTHETIC_GP3,0.6545715082334932,0.3281712998003738,0.66,0.33,normalised
60.333333333333336,,,0.6639721920404076,0.3251221787468913,1,,,,,,,,,SYNTHETIC_GP3,0.6639721920404076,0.3251221787468913,0.66,0.33,normalised
60.35,,,0.6616572837018424,0.3320286431236698,1,,,,,,,,,SYNTHETIC_GP3,0.6616572837018424,0.3320286431236698,0.66,0.33,normalised
60.36666666666667,,,0.6613005978295667,0.3348693212308439,1,,,,,,,,,SYNTHETIC_GP3,0.6613005978295667,0.3348693212308439,0.66,0.33,normalised
60.38333333333333,,,0.6627056668811715,0.3319747749646164,1,,,,,,,,,SYNTHETIC_GP3,0.6627056668811715,0.3319747749646164,0.66,0.33,normalised
60.4,,,0.6617995029408272,0.3332233934628509,1,,,,,,,,,SYNTHETIC_GP3,0.6617995029408272,0.3332233934628509,0.66,0.33,normalised
60.41666666666666,,,0.659974425710147,0.3291529363302068,1,,,,,,,,,SYNTHETIC_GP3,0.659974425710147,0.3291529363302068,0.66,0.33,normalised
60.43333333333333,,,0.6649971505628359,0.3274941380568995,1,,,,,,,,,SYNTHETIC_GP3,0.6649971505628359,0.3274941380568995,0.66,0.33,normalised
60.45,,,0.656623745054521,0.3258414671970879,1,,,,,,,,,SYNTHETIC_GP3,0.656623745054521,0.3258414671970879,0.66,0.33,normalised
60.46666666666667,,,0.6575162650265927,0.3216488949405482,1,,,,,,,,,SYNTHETIC_GP3,0.6575162650265927,0.3216488949405482,0.66,0.33,normalised
60.48333333333333,,,0.6567889320311644,0.3283387447818231,1,,,,,,,,,SYNTHETIC_GP3,0.6567889320311644,0.3283387447818231,0.66,0.33,normalised
60.5,,,0.6606306305876304,0.3335150031334604,1,,,,,,,,,SYNTHETIC_GP3,0.6606306305876304,0.3335150031334604,0.66,0.33,normalised
60.516666666666666,,,0.6644919105758523,0.3370925679680926,1,,,,,,,,,SYNTHETIC_GP3,0.6644919105758523,0.3370925679680926,0.66,0.33,normalised
60.53333333333333,,,0.6589483802172932,0.329187837626275,1,,,,,,,,,SYNTHETIC_GP3,0.6589483802172932,0.329187837626275,0.66,0.33,normalised
60.55,,,0.6625830266944643,0.3227900040091795,1,,,,,,,,,SYNTHETIC_GP3,0.6625830266944643,0.3227900040091795,0.66,0.33,normalised
60.56666666666666,,,0.6657477016654559,0.3278455842578243,1,,,,,,,,,SYNTHETIC_GP3,0.6657477016654559,0.3278455842578243,0.66,0.33,normalised
60.583333333333336,,,0.6690665984381948,0.3308351150329408,1,,,,,,,,,SYNTHETIC_GP3,0.6690665984381948,0.3308351150329408,0.66,0.33,normalised
60.6,,,,,0,,,,,,,,,SYNTHETIC_GP3,,,0.66,0.33,normalised
60.61666666666667,,,0.6600162307630715,0.329913471827481,1,,,,,,,,,SYNTHETIC_GP3,0.6600162307630715,0.329913471827481,0.66,0.33,normalised
60.63333333333333,,,0.6560613161150661,0.3342626212432794,1,,,,,,,,,SYNTHETIC_GP3,0.6560613161150661,0.3342626212432794,0.66,0.33,normalised
60.65,,,0.6520446158102053,0.3318823507759332,1,,,,,,,,,SYNTHETIC_GP3,0.6520446158102053,0.3318823507759332,0.66,0.33,normalised
60.66666666666666,,,0.6596998278990105,0.3309924591045841,1,,,,,,,,,SYNTHETIC_GP3,0.6596998278990105,0.3309924591045841,0.66,0.33,normalised
60.68333333333333,,,0.6624771488736797,0.3305915087987069,1,,,,,,,,,SYNTHETIC_GP3,0.6624771488736797,0.3305915087987069,0.66,0.33,normalised
60.7,,,0.660303668681094,0.3303857732085283,1,,,,,,,,,SYNTHETIC_GP3,0.660303668681094,0.3303857732085283,0.66,0.33,normalised
60.71666666666667,,,0.6698103321269291,0.3281553011979344,1,,,,,,,,,SYNTHETIC_GP3,0.6698103321269291,0.3281553011979344,0.66,0.33,normalised
60.73333333333333,,,0.6569077481442673,0.3291001465880641,1,,,,,,,,,SYNTHETIC_GP3,0.6569077481442673,0.3291001465880641,0.66,0.33,normalised
60.75,,,0.6596113073014267,0.3271619518014374,1,,,,,,,,,SYNTHETIC_GP3,0.6596113073014267,0.3271619518014374,0.66,0.33,normalised
60.766666666666666,,,0.6529134307914234,0.3321957364614897,1,,,,,,,,,SYNTHETIC_GP3,0.6529134307914234,0.3321957364614897,0.66,0.33,normalised
60.78333333333333,,,0.6666345503299667,0.3233578038027117,1,,,,,,,,,SYNTHETIC_GP3,0.6666345503299667,0.3233578038027117,0.66,0.33,normalised
60.8,,,0.6596184492320304,0.3257655428091715,1,,,,,,,,,SYNTHETIC_GP3,0.6596184492320304,0.3257655428091715,0.66,0.33,normalised
60.81666666666666,,,0.6548041690810754,0.3327009456226472,1,,,,,,,,,SYNTHETIC_GP3,0.6548041690810754,0.3327009456226472,0.66,0.33,normalised
60.833333333333336,,,0.6613424267982979,0.3254216232203801,1,,,,,,,,,SYNTHETIC_GP3,0.6613424267982979,0.3254216232203801,0.66,0.33,normalised
60.85,,,0.6678159211719369,0.3307982006349159,1,,,,,,,,,SYNTHETIC_GP3,0.6678159211719369,0.3307982006349159,0.66,0.33,normalised
60.86666666666667,,,0.6698603814651979,0.3275476303187921,1,,,,,,,,,SYNTHETIC_GP3,0.6698603814651979,0.3275476303187921,0.66,0.33,normalised
60.88333333333333,,,0.6610014657688535,0.3236783432466887,1,,,,,,,,,SYNTHETIC_GP3,0.6610014657688535,0.3236783432466887,0.66,0.33,normalised
60.9,,,0.6644923566365237,0.3291841234771773,1,,,,,,,,,SYNTHETIC_GP3,0.6644923566365237,0.3291841234771773,0.66,0.33,normalised
60.91666666666666,,,0.6602995063624315,0.3343921603760149,1,,,,,,,,,SYNTHETIC_GP3,0.6602995063624315,0.3343921603760149,0.66,0.33,normalised
60.93333333333333,,,0.6611040973119895,0.3280675988944851,1,,,,,,,,,SYNTHETIC_GP3,0.6611040973119895,0.3280675988944851,0.66,0.33,normalised
60.95,,,0.65991297957497,0.3322224433578203,1,,,,,,,,,SYNTHETIC_GP3,0.65991297957497,0.3322224433578203,0.66,0.33,normalised
60.96666666666667,,,0.6682463415562497,0.3325900254831657,1,,,,,,,,,SYNTHETIC_GP3,0.6682463415562497,0.3325900254831657,0.66,0.33,normalised
60.98333333333333,,,0.6591904358112156,0.3235704638974236,1,,,,,,,,,SYNTHETIC_GP3,0.6591904358112156,0.3235704638974236,0.66,0.33,normalised
61.0,,,0.6539131093239199,0.332425102552048,1,,,,,,,,,SYNTHETIC_GP3,0.6539131093239199,0.332425102552048,0.66,0.33,normalised
61.016666666666666,,,0.6574897687511099,0.3269143321044956,1,,,,,,,,,SYNTHETIC_GP3,0.6574897687511099,0.3269143321044956,0.66,0.33,normalised
61.03333333333333,,,0.6595327957196819,0.3331095814443802,1,,,,,,,,,SYNTHETIC_GP3,0.6595327957196819,0.3331095814443802,0.66,0.33,normalised
61.05,,,0.6626724439234987,0.3278468070672296,1,,,,,,,,,SYNTHETIC_GP3,0.6626724439234987,0.3278468070672296,0.66,0.33,normalised
61.06666666666666,,,0.6597278555882369,0.3318517917693428,1,,,,,,,,,SYNTHETIC_GP3,0.6597278555882369,0.3318517917693428,0.66,0.33,normalised
61.083333333333336,,,0.6627389785493238,0.3416523441711233,1,,,,,,,,,SYNTHETIC_GP3,0.6627389785493238,0.3416523441711233,0.66,0.33,normalised
61.1,,,0.6628088065908742,0.3270446468570774,1,,,,,,,,,SYNTHETIC_GP3,0.6628088065908742,0.3270446468570774,0.66,0.33,normalised
61.11666666666667,,,0.6604942231590399,0.3245572466584989,1,,,,,,,,,SYNTHETIC_GP3,0.6604942231590399,0.3245572466584989,0.66,0.33,normalised
61.13333333333333,,,0.6646529479857086,0.3296549471257776,1,,,,,,,,,SYNTHETIC_GP3,0.6646529479857086,0.3296549471257776,0.66,0.33,normalised
61.15,,,0.6582874179330719,0.3321491497648477,1,,,,,,,,,SYNTHETIC_GP3,0.6582874179330719,0.3321491497648477,0.66,0.33,normalised
61.16666666666666,,,0.6579139299553804,0.3355464012486888,1,,,,,,,,,SYNTHETIC_GP3,0.6579139299553804,0.3355464012486888,0.66,0.33,normalised
61.18333333333333,,,0.6657039739650321,0.335053501402369,1,,,,,,,,,SYNTHETIC_GP3,0.6657039739650321,0.335053501402369,0.66,0.33,normalised
61.2,,,0.6622221300135324,0.3281624555959632,1,,,,,,,,,SYNTHETIC_GP3,0.6622221300135324,0.3281624555959632,0.66,0.33,normalised
61.21666666666667,,,0.6504578516839624,0.3275561255834764,1,,,,,,,,,SYNTHETIC_GP3,0.6504578516839624,0.3275561255834764,0.66,0.33,normalised
61.23333333333333,,,0.6601895050214428,0.32400546766557,1,,,,,,,,,SYNTHETIC_GP3,0.6601895050214428,0.32400546766557,0.66,0.33,normalised
61.25,,,0.664180102087687,0.3258576064657156,1,,,,,,,,,SYNTHETIC_GP3,0.664180102087687,0.3258576064657156,0.66,0.33,normalised
61.266666666666666,,,0.6678221559944295,0.3289971575675783,1,,,,,,,,,SYNTHETIC_GP3,0.6678221559944295,0.3289971575675783,0.66,0.33,normalised
61.28333333333333,,,0.6646747227454438,0.3335304424860107,1,,,,,,,,,SYNTHETIC_GP3,0.6646747227454438,0.3335304424860107,0.66,0.33,normalised
61.3,,,0.6632633140782654,0.3351361664255184,1,,,,,,,,,SYNTHETIC_GP3,0.6632633140782654,0.3351361664255184,0.66,0.33,normalised
61.31666666666666,,,0.6660757529666352,0.3254485030416222,1,,,,,,,,,SYNTHETIC_GP3,0.6660757529666352,0.3254485030416222,0.66,0.33,normalised
61.333333333333336,,,0.665999480730642,0.3265620711608467,1,,,,,,,,,SYNTHETIC_GP3,0.665999480730642,0.3265620711608467,0.66,0.33,normalised
61.35,,,0.6665475788549114,0.3296764438858276,1,,,,,,,,,SYNTHETIC_GP3,0.6665475788549114,0.3296764438858276,0.66,0.33,normalised
61.36666666666667,,,0.6574595078305087,0.3307108183017898,1,,,,,,,,,SYNTHETIC_GP3,0.6574595078305087,0.3307108183017898,0.66,0.33,normalised
61.38333333333333,,,0.6616244093117577,0.3312869067273397,1,,,,,,,,,SYNTHETIC_GP3,0.6616244093117577,0.3312869067273397,0.66,0.33,normalised
61.4,,,0.6559744428661514,0.3233428760740421,1,,,,,,,,,SYNTHETIC_GP3,0.6559744428661514,0.3233428760740421,0.66,0.33,normalised
61.41666666666666,,,0.6661959897149253,0.3243658020337532,1,,,,,,,,,SYNTHETIC_GP3,0.6661959897149253,0.3243658020337532,0.66,0.33,normalised
61.43333333333333,,,0.6592972579309903,0.332689896788508,1,,,,,,,,,SYNTHETIC_GP3,0.6592972579309903,0.332689896788508,0.66,0.33,normalised
61.45,,,0.6579274771153558,0.333816802362946,1,,,,,,,,,SYNTHETIC_GP3,0.6579274771153558,0.333816802362946,0.66,0.33,normalised
61.46666666666667,,,0.6691526978891028,0.3265028869265283,1,,,,,,,,,SYNTHETIC_GP3,0.6691526978891028,0.3265028869265283,0.66,0.33,normalised
61.48333333333333,,,0.6576584920501848,0.3294158215515257,1,,,,,,,,,SYNTHETIC_GP3,0.6576584920501848,0.3294158215515257,0.66,0.33,normalised
61.5,,,0.6603518327134744,0.3323490096990873,1,,,,,,,,,SYNTHETIC_GP3,0.6603518327134744,0.3323490096990873,0.66,0.33,normalised
61.516666666666666,,,0.6619279865283619,0.3304068721023525,1,,,,,,,,,SYNTHETIC_GP3,0.6619279865283619,0.3304068721023525,0.66,0.33,normalised
61.53333333333333,,,0.6611957603467543,0.3251810752515213,1,,,,,,,,,SYNTHETIC_GP3,0.6611957603467543,0.3251810752515213,0.66,0.33,normalised
61.55,,,0.6664318452690681,0.3300659997184952,1,,,,,,,,,SYNTHETIC_GP3,0.6664318452690681,0.3300659997184952,0.66,0.33,normalised
61.56666666666666,,,0.6643260130114212,0.3246210494044588,1,,,,,,,,,SYNTHETIC_GP3,0.6643260130114212,0.3246210494044588,0.66,0.33,normalised
61.583333333333336,,,0.6579586324128225,0.3310017446147485,1,,,,,,,,,SYNTHETIC_GP3,0.6579586324128225,0.3310017446147485,0.66,0.33,normalised
61.6,,,0.665068035361117,0.3278051609639741,1,,,,,,,,,SYNTHETIC_GP3,0.665068035361117,0.3278051609639741,0.66,0.33,normalised
61.61666666666667,,,0.6607810299387469,0.3260872945838891,1,,,,,,,,,SYNTHETIC_GP3,0.6607810299387469,0.3260872945838891,0.66,0.33,normalised
61.63333333333333,,,0.6596456639373283,0.3292341753654867,1,,,,,,,,,SYNTHETIC_GP3,0.6596456639373283,0.3292341753654867,0.66,0.33,normalised
61.65,,,0.6642277331220986,0.3262273873435446,1,,,,,,,,,SYNTHETIC_GP3,0.6642277331220986,0.3262273873435446,0.66,0.33,normalised
61.66666666666666,,,0.6635998158227432,0.3244564933985439,1,,,,,,,,,SYNTHETIC_GP3,0.6635998158227432,0.3244564933985439,0.66,0.33,normalised
61.68333333333333,,,0.6624225225563327,0.3313878361125945,1,,,,,,,,,SYNTHETIC_GP3,0.6624225225563327,0.3313878361125945,0.66,0.33,normalised
61.7,,,0.6585046941547709,0.3262667456356159,1,,,,,,,,,SYNTHETIC_GP3,0.6585046941547709,0.3262667456356159,0.66,0.33,normalised
61.71666666666667,,,0.6622067305379972,0.3342255708603591,1,,,,,,,,,SYNTHETIC_GP3,0.6622067305379972,0.3342255708603591,0.66,0.33,normalised
61.73333333333333,,,0.6570651128863909,0.333475690453931,1,,,,,,,,,SYNTHETIC_GP3,0.6570651128863909,0.333475690453931,0.66,0.33,normalised
61.75,,,0.6648689900465751,0.3323687362411984,1,,,,,,,,,SYNTHETIC_GP3,0.6648689900465751,0.3323687362411984,0.66,0.33,normalised
61.766666666666666,,,0.6607073817106027,0.3235511006098148,1,,,,,,,,,SYNTHETIC_GP3,0.6607073817106027,0.3235511006098148,0.66,0.33,normalised
61.78333333333333,,,0.6614880195542626,0.3314123711905119,1,,,,,,,,,SYNTHETIC_GP3,0.6614880195542626,0.3314123711905119,0.66,0.33,normalised
61.8,,,0.6645912944343128,0.3254688347805563,1,,,,,,,,,SYNTHETIC_GP3,0.6645912944343128,0.3254688347805563,0.66,0.33,normalised
61.81666666666666,,,0.6610554840139581,0.3330605412550205,1,,,,,,,,,SYNTHETIC_GP3,0.6610554840139581,0.3330605412550205,0.66,0.33,normalised
61.833333333333336,,,0.6637264349251935,0.3249159338410523,1,,,,,,,,,SYNTHETIC_GP3,0.6637264349251935,0.3249159338410523,0.66,0.33,normalised
61.85,,,0.6589996547623608,0.3279439019587048,1,,,,,,,,,SYNTHETIC_GP3,0.6589996547623608,0.3279439019587048,0.66,0.33,normalised
61.86666666666667,,,0.6629436073614385,0.3317444795674917,1,,,,,,,,,SYNTHETIC_GP3,0.6629436073614385,0.3317444795674917,0.66,0.33,normalised
61.88333333333333,,,0.6655048238558133,0.3269571591747421,1,,,,,,,,,SYNTHETIC_GP3,0.6655048238558133,0.3269571591747421,0.66,0.33,normalised
61.9,,,0.6545283496502814,0.3274118117262415,1,,,,,,,,,SYNTHETIC_GP3,0.6545283496502814,0.3274118117262415,0.66,0.33,normalised
61.91666666666666,,,0.6600345816599347,0.3295283027149368,1,,,,,,,,,SYNTHETIC_GP3,0.6600345816599347,0.3295283027149368,0.66,0.33,normalised
61.93333333333333,,,0.6622098247302869,0.3283459229419373,1,,,,,,,,,SYNTHETIC_GP3,0.6622098247302869,0.3283459229419373,0.66,0.33,normalised
61.95,,,0.6611435407516173,0.3299944004880379,1,,,,,,,,,SYNTHETIC_GP3,0.6611435407516173,0.3299944004880379,0.66,0.33,normalised
61.96666666666667,,,0.663657279543121,0.3298836119844863,1,,,,,,,,,SYNTHETIC_GP3,0.663657279543121,0.3298836119844863,0.66,0.33,normalised
61.98333333333333,,,0.6663621772938537,0.3239312215074701,1,,,,,,,,,SYNTHETIC_GP3,0.6663621772938537,0.3239312215074701,0.66,0.33,normalised
62.0,,,0.6621719279950512,0.33855506678018,1,,,,,,,,,SYNTHETIC_GP3,0.6621719279950512,0.33855506678018,0.66,0.33,normalised
62.016666666666666,,,0.6636312275355936,0.3336235264190235,1,,,,,,,,,SYNTHETIC_GP3,0.6636312275355936,0.3336235264190235,0.66,0.33,normalised
62.03333333333333,,,0.663437974922042,0.3310722917759794,1,,,,,,,,,SYNTHETIC_GP3,0.663437974922042,0.3310722917759794,0.66,0.33,normalised
62.05,,,0.6657712864378474,0.3262429464771027,1,,,,,,,,,SYNTHETIC_GP3,0.6657712864378474,0.3262429464771027,0.66,0.33,normalised
62.06666666666666,,,0.6648143621746058,0.3329470400793588,1,,,,,,,,,SYNTHETIC_GP3,0.6648143621746058,0.3329470400793588,0.66,0.33,normalised
62.083333333333336,,,0.6678055643857264,0.3272008049643927,1,,,,,,,,,SYNTHETIC_GP3,0.6678055643857264,0.3272008049643927,0.66,0.33,normalised
62.1,,,0.6661946989798972,0.3293477706292979,1,,,,,,,,,SYNTHETIC_GP3,0.6661946989798972,0.3293477706292979,0.66,0.33,normalised
62.11666666666667,,,0.6594594042305949,0.3282189122578577,1,,,,,,,,,SYNTHETIC_GP3,0.6594594042305949,0.3282189122578577,0.66,0.33,normalised
62.13333333333333,,,0.6629115652801125,0.3298814412812046,1,,,,,,,,,SYNTHETIC_GP3,0.6629115652801125,0.3298814412812046,0.66,0.33,normalised
62.15,,,0.6657112526943668,0.3359082948074941,1,,,,,,,,,SYNTHETIC_GP3,0.6657112526943668,0.3359082948074941,0.66,0.33,normalised
62.16666666666666,,,0.6624113798150113,0.3274641722031584,1,,,,,,,,,SYNTHETIC_GP3,0.6624113798150113,0.3274641722031584,0.66,0.33,normalised
62.18333333333333,,,0.6508738167377267,0.3344114374731725,1,,,,,,,,,SYNTHETIC_GP3,0.6508738167377267,0.3344114374731725,0.66,0.33,normalised
62.2,,,0.6689995063079459,0.3310049455580013,1,,,,,,,,,SYNTHETIC_GP3,0.6689995063079459,0.3310049455580013,0.66,0.33,normalised
62.21666666666667,,,0.663625962802672,0.3256909790840362,1,,,,,,,,,SYNTHETIC_GP3,0.663625962802672,0.3256909790840362,0.66,0.33,normalised
62.23333333333333,,,0.6630425140725131,0.3382805928594689,1,,,,,,,,,SYNTHETIC_GP3,0.6630425140725131,0.3382805928594689,0.66,0.33,normalised
62.25,,,0.6631815566618974,0.3320880214446854,1,,,,,,,,,SYNTHETIC_GP3,0.6631815566618974,0.3320880214446854,0.66,0.33,normalised
62.266666666666666,,,0.6586602481683336,0.323271709992412,1,,,,,,,,,SYNTHETIC_GP3,0.6586602481683336,0.323271709992412,0.66,0.33,normalised
62.28333333333333,,,,,0,,,,,,,,,SYNTHETIC_GP3,,,0.66,0.33,normalised
62.3,,,0.6604977685185675,0.3256224946029566,1,,,,,,,,,SYNTHETIC_GP3,0.6604977685185675,0.3256224946029566,0.66,0.33,normalised
62.31666666666666,,,0.6586261819536605,0.3257575120912268,1,,,,,,,,,SYNTHETIC_GP3,0.6586261819536605,0.3257575120912268,0.66,0.33,normalised
62.333333333333336,,,0.6624738748395906,0.3258417515622557,1,,,,,,,,,SYNTHETIC_GP3,0.6624738748395906,0.3258417515622557,0.66,0.33,normalised
62.35,,,0.5035164694460251,0.4992768288293885,1,,,,,,,,,SYNTHETIC_GP3,0.5035164694460251,0.4992768288293885,0.5,0.5,normalised
62.36666666666667,,,0.5062881762201239,0.4997420602829416,1,,,,,,,,,SYNTHETIC_GP3,0.5062881762201239,0.4997420602829416,0.5,0.5,normalised
62.38333333333333,,,0.5030536483468107,0.5019735840486305,1,,,,,,,,,SYNTHETIC_GP3,0.5030536483468107,0.5019735840486305,0.5,0.5,normalised
62.4,,,0.5013868979402153,0.4992944507849954,1,,,,,,,,,SYNTHETIC_GP3,0.5013868979402153,0.4992944507849954,0.5,0.5,normalised
62.41666666666666,,,0.504259552252109,0.4992790445553421,1,,,,,,,,,SYNTHETIC_GP3,0.504259552252109,0.4992790445553421,0.5,0.5,normalised
62.43333333333333,,,0.5062096783338699,0.5049339831084994,1,,,,,,,,,SYNTHETIC_GP3,0.5062096783338699,0.5049339831084994,0.5,0.5,normalised
62.45,,,0.5058815838462339,0.4964512339080613,1,,,,,,,,,SYNTHETIC_GP3,0.5058815838462339,0.4964512339080613,0.5,0.5,normalised
62.46666666666667,,,0.5010845530066743,0.5010565328142909,1,,,,,,,,,SYNTHETIC_GP3,0.5010845530066743,0.5010565328142909,0.5,0.5,normalised
62.48333333333333,,,0.502359138334265,0.5031946096002565,1,,,,,,,,,SYNTHETIC_GP3,0.502359138334265,0.5031946096002565,0.5,0.5,normalised
62.5,,,0.500863700563886,0.5032587574389507,1,,,,,,,,,SYNTHETIC_GP3,0.500863700563886,0.5032587574389507,0.5,0.5,normalised
62.516666666666666,,,0.5105244409635827,0.4960915377298902,1,,,,,,,,,SYNTHETIC_GP3,0.5105244409635827,0.4960915377298902,0.5,0.5,normalised
62.53333333333333,,,0.5059479708331921,0.4974389476153662,1,,,,,,,,,SYNTHETIC_GP3,0.5059479708331921,0.4974389476153662,0.5,0.5,normalised
62.55,,,0.5068869232603938,0.498790387101816,1,,,,,,,,,SYNTHETIC_GP3,0.5068869232603938,0.498790387101816,0.5,0.5,normalised
62.56666666666666,,,0.4981048815965784,0.5018430584773231,1,,,,,,,,,SYNTHETIC_GP3,0.4981048815965784,0.5018430584773231,0.5,0.5,normalised
62.583333333333336,,,0.5035040811482072,0.5034048630515837,1,,,,,,,,,SYNTHETIC_GP3,0.5035040811482072,0.5034048630515837,0.5,0.5,normalised
62.6,,,0.507618395750572,0.4985725177029656,1,,,,,,,,,SYNTHETIC_GP3,0.507618395750572,0.4985725177029656,0.5,0.5,normalised
62.61666666666667,,,0.4970349010072621,0.504915863866887,1,,,,,,,,,SYNTHETIC_GP3,0.4970349010072621,0.504915863866887,0.5,0.5,normalised
62.63333333333333,,,0.5016537177411039,0.5015304607571772,1,,,,,,,,,SYNTHETIC_GP3,0.5016537177411039,0.5015304607571772,0.5,0.5,normalised
62.65,,,0.4943995242092664,0.49629002304908,1,,,,,,,,,SYNTHETIC_GP3,0.4943995242092664,0.49629002304908,0.5,0.5,normalised
62.66666666666666,,,0.5140405344435308,0.5027389768587512,1,,,,,,,,,SYNTHETIC_GP3,0.5140405344435308,0.5027389768587512,0.5,0.5,normalised
62.68333333333333,,,0.5029873685446952,0.4922020862154862,1,,,,,,,,,SYNTHETIC_GP3,0.5029873685446952,0.4922020862154862,0.5,0.5,normalised
62.7,,,0.5000374080224671,0.4985743606480545,1,,,,,,,,,SYNTHETIC_GP3,0.5000374080224671,0.4985743606480545,0.5,0.5,normalised
62.71666666666667,,,0.5056363222058852,0.491336180060976,1,,,,,,,,,SYNTHETIC_GP3,0.5056363222058852,0.491336180060976,0.5,0.5,normalised
62.73333333333333,,,0.5005014199422079,0.4995922024590739,1,,,,,,,,,SYNTHETIC_GP3,0.5005014199422079,0.4995922024590739,0.5,0.5,normalised
62.75,,,0.5046733806385403,0.5032973502148356,1,,,,,,,,,SYNTHETIC_GP3,0.5046733806385403,0.5032973502148356,0.5,0.5,normalised
62.766666666666666,,,0.5002396670716036,0.5019259544279903,1,,,,,,,,,SYNTHETIC_GP3,0.5002396670716036,0.5019259544279903,0.5,0.5,normalised
62.78333333333333,,,0.5066564373915927,0.4899784595045436,1,,,,,,,,,SYNTHETIC_GP3,0.5066564373915927,0.4899784595045436,0.5,0.5,normalised
62.8,,,0.499478950302119,0.5003067083235538,1,,,,,,,,,SYNTHETIC_GP3,0.499478950302119,0.5003067083235538,0.5,0.5,normalised
62.81666666666666,,,0.5026939615777931,0.5016579467970581,1,,,,,,,,,SYNTHETIC_GP3,0.5026939615777931,0.5016579467970581,0.5,0.5,normalised
62.833333333333336,,,0.4980550799205022,0.5023265206313536,1,,,,,,,,,SYNTHETIC_GP3,0.4980550799205022,0.5023265206313536,0.5,0.5,normalised
62.85,,,0.5027609258463025,0.5017187592703263,1,,,,,,,,,SYNTHETIC_GP3,0.5027609258463025,0.5017187592703263,0.5,0.5,normalised
62.86666666666667,,,0.50164444765808,0.5023024391613223,1,,,,,,,,,SYNTHETIC_GP3,0.50164444765808,0.5023024391613223,0.5,0.5,normalised
62.88333333333333,,,0.4970890055859162,0.4935699050117539,1,,,,,,,,,SYNTHETIC_GP3,0.4970890055859162,0.4935699050117539,0.5,0.5,normalised
62.9,,,0.5093005552707227,0.4988683299845752,1,,,,,,,,,SYNTHETIC_GP3,0.5093005552707227,0.4988683299845752,0.5,0.5,normalised
62.91666666666666,,,0.5013122796944897,0.496603407608289,1,,,,,,,,,SYNTHETIC_GP3,0.5013122796944897,0.496603407608289,0.5,0.5,normalised
62.93333333333333,,,0.5020703031901425,0.4988357275237887,1,,,,,,,,,SYNTHETIC_GP3,0.5020703031901425,0.4988357275237887,0.5,0.5,normalised
62.95,,,0.5058324271833929,0.5000889275352102,1,,,,,,,,,SYNTHETIC_GP3,0.5058324271833929,0.5000889275352102,0.5,0.5,normalised
62.96666666666667,,,0.4982973618005761,0.4957477176560332,1,,,,,,,,,SYNTHETIC_GP3,0.4982973618005761,0.4957477176560332,0.5,0.5,normalised
62.98333333333333,,,0.4977784751141892,0.4971354077168213,1,,,,,,,,,SYNTHETIC_GP3,0.4977784751141892,0.4971354077168213,0.5,0.5,normalised
63.0,,,0.6594746741415282,0.6613582607432307,1,,,,,,,,,SYNTHETIC_GP3,0.6594746741415282,0.6613582607432307,0.66,0.66,normalised
63.016666666666666,,,0.666363593496477,0.6569061903641112,1,,,,,,,,,SYNTHETIC_GP3,0.666363593496477,0.6569061903641112,0.66,0.66,normalised
63.03333333333333,,,0.658198036848765,0.657391229179371,1,,,,,,,,,SYNTHETIC_GP3,0.658198036848765,0.657391229179371,0.66,0.66,normalised
63.05,,,0.672480185522508,0.6593782165449797,1,,,,,,,,,SYNTHETIC_GP3,0.672480185522508,0.6593782165449797,0.66,0.66,normalised
63.06666666666666,,,0.6630793084389318,0.6642271864404911,1,,,,,,,,,SYNTHETIC_GP3,0.6630793084389318,0.6642271864404911,0.66,0.66,normalised
63.083333333333336,,,0.6636445296642051,0.6577661997216026,1,,,,,,,,,SYNTHETIC_GP3,0.6636445296642051,0.6577661997216026,0.66,0.66,normalised
63.1,,,0.6640542420106761,0.6529031317436121,1,,,,,,,,,SYNTHETIC_GP3,0.6640542420106761,0.6529031317436121,0.66,0.66,normalised
63.11666666666667,,,0.6596420823223321,0.6553723420318157,1,,,,,,,,,SYNTHETIC_GP3,0.6596420823223321,0.6553723420318157,0.66,0.66,normalised
63.13333333333333,,,0.6620257166050212,0.6596290408104432,1,,,,,,,,,SYNTHETIC_GP3,0.6620257166050212,0.6596290408104432,0.66,0.66,normalised
63.15,,,0.6597489076846896,0.6523676882296148,1,,,,,,,,,SYNTHETIC_GP3,0.6597489076846896,0.6523676882296148,0.66,0.66,normalised
63.16666666666666,,,0.6617908976593778,0.6557410145200765,1,,,,,,,,,SYNTHETIC_GP3,0.6617908976593778,0.6557410145200765,0.66,0.66,normalised
63.18333333333333,,,0.6612264749375008,0.6556686333945703,1,,,,,,,,,SYNTHETIC_GP3,0.6612264749375008,0.6556686333945703,0.66,0.66,normalised
63.2,,,0.6678507630215699,0.666760011996685,1,,,,,,,,,SYNTHETIC_GP3,0.6678507630215699,0.666760011996685,0.66,0.66,normalised
63.21666666666667,,,0.662970694834863,0.6621752775362542,1,,,,,,,,,SYNTHETIC_GP3,0.662970694834863,0.6621752775362542,0.66,0.66,normalised
63.23333333333333,,,0.6622673644340438,0.6558855719829685,1,,,,,,,,,SYNTHETIC_GP3,0.6622673644340438,0.6558855719829685,0.66,0.66,normalised
63.25,,,0.6615335194181893,0.6553974516977336,1,,,,,,,,,SYNTHETIC_GP3,0.6615335194181893,0.6553974516977336,0.66,0.66,normalised
63.266666666666666,,,0.6592191378172422,0.6541328459205711,1,,,,,,,,,SYNTHETIC_GP3,0.6592191378172422,0.6541328459205711,0.66,0.66,normalised
63.28333333333333,,,0.6584838984276503,0.6593747544101333,1,,,,,,,,,SYNTHETIC_GP3,0.6584838984276503,0.6593747544101333,0.66,0.66,normalised
63.3,,,0.6613068812322002,0.6587973145675704,1,,,,,,,,,SYNTHETIC_GP3,0.6613068812322002,0.6587973145675704,0.66,0.66,normalised
63.31666666666666,,,0.6671001102341738,0.653355305309063,1,,,,,,,,,SYNTHETIC_GP3,0.6671001102341738,0.653355305309063,0.66,0.66,normalised
63.333333333333336,,,0.6641146272630295,0.6603853182695657,1,,,,,,,,,SYNTHETIC_GP3,0.6641146272630295,0.6603853182695657,0.66,0.66,normalised
63.35,,,0.6596987032608391,0.6633240243784434,1,,,,,,,,,SYNTHETIC_GP3,0.6596987032608391,0.6633240243784434,0.66,0.66,normalised
63.36666666666667,,,0.6590505275390396,0.6610782229505465,1,,,,,,,,,SYNTHETIC_GP3,0.6590505275390396,0.6610782229505465,0.66,0.66,normalised
63.38333333333333,,,0.6609387715532973,0.6591159415318925,1,,,,,,,,,SYNTHETIC_GP3,0.6609387715532973,0.6591159415318925,0.66,0.66,normalised
63.4,,,0.6662297248012274,0.6645230226524308,1,,,,,,,,,SYNTHETIC_GP3,0.6662297248012274,0.6645230226524308,0.66,0.66,normalised
63.41666666666666,,,0.6661380590968623,0.6603247430851433,1,,,,,,,,,SYNTHETIC_GP3,0.6661380590968623,0.6603247430851433,0.66,0.66,normalised
63.43333333333333,,,0.660571043137552,0.6600949610867456,1,,,,,,,,,SYNTHETIC_GP3,0.660571043137552,0.6600949610867456,0.66,0.66,normalised
63.45,,,0.6597005314091716,0.6620040981129182,1,,,,,,,,,SYNTHETIC_GP3,0.6597005314091716,0.6620040981129182,0.66,0.66,normalised
63.46666666666667,,,0.6640547502947001,0.6534578745285475,1,,,,,,,,,SYNTHETIC_GP3,0.6640547502947001,0.6534578745285475,0.66,0.66,normalised
63.48333333333333,,,0.6590816427645891,0.6650675007305495,1,,,,,,,,,SYNTHETIC_GP3,0.6590816427645891,0.6650675007305495,0.66,0.66,normalised
63.5,,,0.6611243903646938,0.6597125170635821,1,,,,,,,,,SYNTHETIC_GP3,0.6611243903646938,0.6597125170635821,0.66,0.66,normalised
63.516666666666666,,,0.6684743650962628,0.6587613649099657,1,,,,,,,,,SYNTHETIC_GP3,0.6684743650962628,0.6587613649099657,0.66,0.66,normalised
63.53333333333333,,,0.6595837877712184,0.6618385532278565,1,,,,,,,,,SYNTHETIC_GP3,0.6595837877712184,0.6618385532278565,0.66,0.66,normalised
63.55,,,0.6625683704109699,0.6548259455412618,1,,,,,,,,,SYNTHETIC_GP3,0.6625683704109699,0.6548259455412618,0.66,0.66,normalised
63.56666666666666,,,0.6620381877530098,0.6556903676591181,1,,,,,,,,,SYNTHETIC_GP3,0.6620381877530098,0.6556903676591181,0.66,0.66,normalised
63.583333333333336,,,0.6657151334328235,0.6606916875996297,1,,,,,,,,,SYNTHETIC_GP3,0.6657151334328235,0.6606916875996297,0.66,0.66,normalised
63.6,,,0.663078194631879,0.6610816016840042,1,,,,,,,,,SYNTHETIC_GP3,0.663078194631879,0.6610816016840042,0.66,0.66,normalised
63.61666666666667,,,0.6565003732544608,0.6537690986223404,1,,,,,,,,,SYNTHETIC_GP3,0.6565003732544608,0.6537690986223404,0.66,0.66,normalised
63.63333333333333,,,0.6579385135336245,0.658372857388588,1,,,,,,,,,SYNTHETIC_GP3,0.6579385135336245,0.658372857388588,0.66,0.66,normalised
63.65,,,0.6643058352803,0.6554541300285767,1,,,,,,,,,SYNTHETIC_GP3,0.6643058352803,0.6554541300285767,0.66,0.66,normalised
63.66666666666666,,,0.661856839248631,0.65741272967217,1,,,,,,,,,SYNTHETIC_GP3,0.661856839248631,0.65741272967217,0.66,0.66,normalised
63.68333333333333,,,0.6601617517650831,0.6549491955397088,1,,,,,,,,,SYNTHETIC_GP3,0.6601617517650831,0.6549491955397088,0.66,0.66,normalised
63.7,,,0.6567279087022015,0.662055453443341,1,,,,,,,,,SYNTHETIC_GP3,0.6567279087022015,0.662055453443341,0.66,0.66,normalised
63.71666666666667,,,0.6631157400459264,0.6598313221364785,1,,,,,,,,,SYNTHETIC_GP3,0.6631157400459264,0.6598313221364785,0.66,0.66,normalised
63.73333333333333,,,0.6602588654405377,0.6549572932558102,1,,,,,,,,,SYNTHETIC_GP3,0.6602588654405377,0.6549572932558102,0.66,0.66,normalised
63.75,,,0.6648302187102434,0.6606526109183528,1,,,,,,,,,SYNTHETIC_GP3,0.6648302187102434,0.6606526109183528,0.66,0.66,normalised
63.766666666666666,,,0.6633324482428746,0.658973375060225,1,,,,,,,,,SYNTHETIC_GP3,0.6633324482428746,0.658973375060225,0.66,0.66,normalised
63.78333333333333,,,0.6584828211313444,0.6587967553504667,1,,,,,,,,,SYNTHETIC_GP3,0.6584828211313444,0.6587967553504667,0.66,0.66,normalised
63.8,,,0.6570650825327268,0.6533217791865734,1,,,,,,,,,SYNTHETIC_GP3,0.6570650825327268,0.6533217791865734,0.66,0.66,normalised
63.81666666666666,,,0.6598438502044148,0.6545119876877927,1,,,,,,,,,SYNTHETIC_GP3,0.6598438502044148,0.6545119876877927,0.66,0.66,normalised
63.833333333333336,,,0.6634907120617064,0.6579305334878703,1,,,,,,,,,SYNTHETIC_GP3,0.6634907120617064,0.6579305334878703,0.66,0.66,normalised
63.85,,,0.664806443112421,0.6553192204851199,1,,,,,,,,,SYNTHETIC_GP3,0.664806443112421,0.6553192204851199,0.66,0.66,normalised
63.86666666666667,,,0.6543978569688971,0.6571428692713517,1,,,,,,,,,SYNTHETIC_GP3,0.6543978569688971,0.6571428692713517,0.66,0.66,normalised
63.88333333333333,,,0.6674347690958445,0.661085184460193,1,,,,,,,,,SYNTHETIC_GP3,0.6674347690958445,0.661085184460193,0.66,0.66,normalised
63.9,,,0.6630677461937843,0.6617717361507534,1,,,,,,,,,SYNTHETIC_GP3,0.6630677461937843,0.6617717361507534,0.66,0.66,normalised
63.91666666666666,,,0.6607454461481748,0.6583878309373412,1,,,,,,,,,SYNTHETIC_GP3,0.6607454461481748,0.6583878309373412,0.66,0.66,normalised
63.93333333333333,,,0.6542575185780437,0.6574765002573607,1,,,,,,,,,SYNTHETIC_GP3,0.6542575185780437,0.6574765002573607,0.66,0.66,normalised
63.95,,,0.6579270000494594,0.6517317029829932,1,,,,,,,,,SYNTHETIC_GP3,0.6579270000494594,0.6517317029829932,0.66,0.66,normalised
63.96666666666667,,,,,0,,,,,,,,,SYNTHETIC_GP3,,,0.66,0.66,normalised
63.98333333333333,,,0.6622701393565451,0.6570355102966621,1,,,,,,,,,SYNTHETIC_GP3,0.6622701393565451,0.6570355102966621,0.66,0.66,normalised
64.0,,,0.6623896895505028,0.657319519399642,1,,,,,,,,,SYNTHETIC_GP3,0.6623896895505028,0.657319519399642,0.66,0.66,normalised
64.01666666666667,,,0.6606584501626526,0.6612931607617659,1,,,,,,,,,SYNTHETIC_GP3,0.6606584501626526,0.6612931607617659,0.66,0.66,normalised
64.03333333333333,,,0.6600409747261868,0.6537053428500759,1,,,,,,,,,SYNTHETIC_GP3,0.6600409747261868,0.6537053428500759,0.66,0.66,normalised
64.05,,,0.6606858210953627,0.661615540453429,1,,,,,,,,,SYNTHETIC_GP3,0.6606858210953627,0.661615540453429,0.66,0.66,normalised
64.06666666666666,,,0.6655263270681486,0.6548555993967664,1,,,,,,,,,SYNTHETIC_GP3,0.6655263270681486,0.6548555993967664,0.66,0.66,normalised
64.08333333333333,,,0.6654027031642943,0.6531728631011373,1,,,,,,,,,SYNTHETIC_GP3,0.6654027031642943,0.6531728631011373,0.66,0.66,normalised
64.1,,,0.6645331327182514,0.6552766760417312,1,,,,,,,,,SYNTHETIC_GP3,0.6645331327182514,0.6552766760417312,0.66,0.66,normalised
64.11666666666666,,,0.6610784569349574,0.6545263164337279,1,,,,,,,,,SYNTHETIC_GP3,0.6610784569349574,0.6545263164337279,0.66,0.66,normalised
64.13333333333333,,,0.6636076062016967,0.6584583705366219,1,,,,,,,,,SYNTHETIC_GP3,0.6636076062016967,0.6584583705366219,0.66,0.66,normalised
64.15,,,0.6682034757597236,0.6660267193323413,1,,,,,,,,,SYNTHETIC_GP3,0.6682034757597236,0.6660267193323413,0.66,0.66,normalised
64.16666666666667,,,0.6655066305465654,0.6654778758405434,1,,,,,,,,,SYNTHETIC_GP3,0.6655066305465654,0.6654778758405434,0.66,0.66,normalised
64.18333333333334,,,0.6674423582417204,0.6576638065967677,1,,,,,,,,,SYNTHETIC_GP3,0.6674423582417204,0.6576638065967677,0.66,0.66,normalised
64.2,,,0.6565724193949127,0.6581024081271534,1,,,,,,,,,SYNTHETIC_GP3,0.6565724193949127,0.6581024081271534,0.66,0.66,normalised
64.21666666666667,,,0.6542769176088444,0.6639829631035253,1,,,,,,,,,SYNTHETIC_GP3,0.6542769176088444,0.6639829631035253,0.66,0.66,normalised
64.23333333333333,,,0.6652801173503227,0.6627864933571469,1,,,,,,,,,SYNTHETIC_GP3,0.6652801173503227,0.6627864933571469,0.66,0.66,normalised
64.25,,,0.6615288396724737,0.6555949719676868,1,,,,,,,,,SYNTHETIC_GP3,0.6615288396724737,0.6555949719676868,0.66,0.66,normalised
64.26666666666667,,,0.647753453521499,0.6610201056733874,1,,,,,,,,,SYNTHETIC_GP3,0.647753453521499,0.6610201056733874,0.66,0.66,normalised
64.28333333333333,,,0.6651256896835706,0.6601548476518715,1,,,,,,,,,SYNTHETIC_GP3,0.6651256896835706,0.6601548476518715,0.66,0.66,normalised
64.3,,,0.6665176184063445,0.6633466480152289,1,,,,,,,,,SYNTHETIC_GP3,0.6665176184063445,0.6633466480152289,0.66,0.66,normalised
64.31666666666666,,,0.6634150700289165,0.6691719100866604,1,,,,,,,,,SYNTHETIC_GP3,0.6634150700289165,0.6691719100866604,0.66,0.66,normalised
64.33333333333333,,,0.6626783328944575,0.6584163154156331,1,,,,,,,,,SYNTHETIC_GP3,0.6626783328944575,0.6584163154156331,0.66,0.66,normalised
64.35,,,0.6560276774421266,0.6618556479808212,1,,,,,,,,,SYNTHETIC_GP3,0.6560276774421266,0.6618556479808212,0.66,0.66,normalised
64.36666666666666,,,0.6664373168279577,0.6592460812150231,1,,,,,,,,,SYNTHETIC_GP3,0.6664373168279577,0.6592460812150231,0.66,0.66,normalised
64.38333333333333,,,0.6721968443922515,0.6597438786690002,1,,,,,,,,,SYNTHETIC_GP3,0.6721968443922515,0.6597438786690002,0.66,0.66,normalised
64.4,,,0.6724827637540971,0.655718971868034,1,,,,,,,,,SYNTHETIC_GP3,0.6724827637540971,0.655718971868034,0.66,0.66,normalised
64.41666666666667,,,0.6623017705810531,0.6577275898785802,1,,,,,,,,,SYNTHETIC_GP3,0.6623017705810531,0.6577275898785802,0.66,0.66,normalised
64.43333333333334,,,0.6627375698563605,0.6609799947575619,1,,,,,,,,,SYNTHETIC_GP3,0.6627375698563605,0.6609799947575619,0.66,0.66,normalised
64.45,,,0.665276135381929,0.6556400001356267,1,,,,,,,,,SYNTHETIC_GP3,0.665276135381929,0.6556400001356267,0.66,0.66,normalised
64.46666666666667,,,0.6575314028150279,0.6604830080036198,1,,,,,,,,,SYNTHETIC_GP3,0.6575314028150279,0.6604830080036198,0.66,0.66,normalised
64.48333333333333,,,0.6599756185886901,0.6601156281913265,1,,,,,,,,,SYNTHETIC_GP3,0.6599756185886901,0.6601156281913265,0.66,0.66,normalised
64.5,,,0.6649587885796572,0.6581951384639537,1,,,,,,,,,SYNTHETIC_GP3,0.6649587885796572,0.6581951384639537,0.66,0.66,normalised
64.51666666666667,,,0.6632784901705607,0.6671002760507856,1,,,,,,,,,SYNTHETIC_GP3,0.6632784901705607,0.6671002760507856,0.66,0.66,normalised
64.53333333333333,,,0.660010606352808,0.6628537422806918,1,,,,,,,,,SYNTHETIC_GP3,0.660010606352808,0.6628537422806918,0.66,0.66,normalised
64.55,,,0.66177945866199,0.6621226487084604,1,,,,,,,,,SYNTHETIC_GP3,0.66177945866199,0.6621226487084604,0.66,0.66,normalised
64.56666666666666,,,0.6572941090075985,0.663300520876499,1,,,,,,,,,SYNTHETIC_GP3,0.6572941090075985,0.663300520876499,0.66,0.66,normalised
64.58333333333333,,,0.6605850513213034,0.65950648643767,1,,,,,,,,,SYNTHETIC_GP3,0.6605850513213034,0.65950648643767,0.66,0.66,normalised
64.6,,,0.6666551458952349,0.65751813249519,1,,,,,,,,,SYNTHETIC_GP3,0.6666551458952349,0.65751813249519,0.66,0.66,normalised
64.61666666666666,,,0.6596297748382938,0.6613311796785254,1,,,,,,,,,SYNTHETIC_GP3,0.6596297748382938,0.6613311796785254,0.66,0.66,normalised
64.63333333333333,,,0.6592332176087691,0.6602904207982464,1,,,,,,,,,SYNTHETIC_GP3,0.6592332176087691,0.6602904207982464,0.66,0.66,normalised
64.65,,,0.6604371613598092,0.6620460970547905,1,,,,,,,,,SYNTHETIC_GP3,0.6604371613598092,0.6620460970547905,0.66,0.66,normalised
64.66666666666667,,,0.6573618611316564,0.6597709523163935,1,,,,,,,,,SYNTHETIC_GP3,0.6573618611316564,0.6597709523163935,0.66,0.66,normalised
64.68333333333334,,,0.6648305473199384,0.6581638868637567,1,,,,,,,,,SYNTHETIC_GP3,0.6648305473199384,0.6581638868637567,0.66,0.66,normalised
64.7,,,0.6559686133107228,0.6572021628789054,1,,,,,,,,,SYNTHETIC_GP3,0.6559686133107228,0.6572021628789054,0.66,0.66,normalised
64.71666666666667,,,0.6583809264129252,0.6543858931495665,1,,,,,,,,,SYNTHETIC_GP3,0.6583809264129252,0.6543858931495665,0.66,0.66,normalised
64.73333333333333,,,0.6631418858446451,0.6543881267413251,1,,,,,,,,,SYNTHETIC_GP3,0.6631418858446451,0.6543881267413251,0.66,0.66,normalised
64.75,,,0.6540929549895654,0.6639080832424843,1,,,,,,,,,SYNTHETIC_GP3,0.6540929549895654,0.6639080832424843,0.66,0.66,normalised
64.76666666666667,,,0.6682369096111153,0.65918678898229,1,,,,,,,,,SYNTHETIC_GP3,0.6682369096111153,0.65918678898229,0.66,0.66,normalised
64.78333333333333,,,0.6674839709480168,0.6600763838841609,1,,,,,,,,,SYNTHETIC_GP3,0.6674839709480168,0.6600763838841609,0.66,0.66,normalised
64.8,,,0.6623356369062082,0.6562052571075954,1,,,,,,,,,SYNTHETIC_GP3,0.6623356369062082,0.6562052571075954,0.66,0.66,normalised
64.81666666666666,,,0.6671508965949756,0.6566377602602422,1,,,,,,,,,SYNTHETIC_GP3,0.6671508965949756,0.6566377602602422,0.66,0.66,normalised
64.83333333333333,,,0.6633750429512666,0.6609125316277259,1,,,,,,,,,SYNTHETIC_GP3,0.6633750429512666,0.6609125316277259,0.66,0.66,normalised
64.85,,,0.6647304029280657,0.6596852617978344,1,,,,,,,,,SYNTHETIC_GP3,0.6647304029280657,0.6596852617978344,0.66,0.66,normalised
64.86666666666666,,,0.6668244878524962,0.6647731647344115,1,,,,,,,,,SYNTHETIC_GP3,0.6668244878524962,0.6647731647344115,0.66,0.66,normalised
64.88333333333333,,,0.6711198770583886,0.6500332254108628,1,,,,,,,,,SYNTHETIC_GP3,0.6711198770583886,0.6500332254108628,0.66,0.66,normalised
64.9,,,0.663234075388137,0.6594893102922877,1,,,,,,,,,SYNTHETIC_GP3,0.663234075388137,0.6594893102922877,0.66,0.66,normalised
64.91666666666667,,,0.6718431257555446,0.6602497324576322,1,,,,,,,,,SYNTHETIC_GP3,0.6718431257555446,0.6602497324576322,0.66,0.66,normalised
64.93333333333334,,,0.6668048127712749,0.6568874806762537,1,,,,,,,,,SYNTHETIC_GP3,0.6668048127712749,0.6568874806762537,0.66,0.66,normalised
64.95,,,0.6688251675022037,0.6614214568872587,1,,,,,,,,,SYNTHETIC_GP3,0.6688251675022037,0.6614214568872587,0.66,0.66,normalised
64.96666666666667,,,0.6625351226009636,0.6574473636800799,1,,,,,,,,,SYNTHETIC_GP3,0.6625351226009636,0.6574473636800799,0.66,0.66,normalised
64.98333333333333,,,0.663934376017342,0.6590316053318565,1,,,,,,,,,SYNTHETIC_GP3,0.663934376017342,0.6590316053318565,0.66,0.66,normalised
65.0,,,0.6714284944491569,0.665963537980876,1,,,,,,,,,SYNTHETIC_GP3,0.6714284944491569,0.665963537980876,0.66,0.66,normalised
65.01666666666667,,,0.6599126541879689,0.6545571361913867,1,,,,,,,,,SYNTHETIC_GP3,0.6599126541879689,0.6545571361913867,0.66,0.66,normalised
65.03333333333333,,,0.6575349672054667,0.6607873086767306,1,,,,,,,,,SYNTHETIC_GP3,0.6575349672054667,0.6607873086767306,0.66,0.66,normalised
65.05,,,0.6716387386795648,0.6567875722749196,1,,,,,,,,,SYNTHETIC_GP3,0.6716387386795648,0.6567875722749196,0.66,0.66,normalised
65.06666666666666,,,0.6541328911223091,0.6539900277470766,1,,,,,,,,,SYNTHETIC_GP3,0.6541328911223091,0.6539900277470766,0.66,0.66,normalised
65.08333333333333,,,0.6662035968028338,0.6605971972275915,1,,,,,,,,,SYNTHETIC_GP3,0.6662035968028338,0.6605971972275915,0.66,0.66,normalised
65.1,,,0.6595506797930863,0.6495926691348275,1,,,,,,,,,SYNTHETIC_GP3,0.6595506797930863,0.6495926691348275,0.66,0.66,normalised
65.11666666666666,,,0.6614995077535751,0.660349527413713,1,,,,,,,,,SYNTHETIC_GP3,0.6614995077535751,0.660349527413713,0.66,0.66,normalised
65.13333333333333,,,0.6549513530435641,0.6527869779925394,1,,,,,,,,,SYNTHETIC_GP3,0.6549513530435641,0.6527869779925394,0.66,0.66,normalised
65.15,,,0.6614003736419908,0.6583478178753298,1,,,,,,,,,SYNTHETIC_GP3,0.6614003736419908,0.6583478178753298,0.66,0.66,normalised
65.16666666666667,,,0.6566829931853697,0.6557409691601849,1,,,,,,,,,SYNTHETIC_GP3,0.6566829931853697,0.6557409691601849,0.66,0.66,normalised
65.18333333333334,,,0.661888603291654,0.6622225707678299,1,,,,,,,,,SYNTHETIC_GP3,0.661888603291654,0.6622225707678299,0.66,0.66,normalised
65.2,,,0.6639122455794595,0.6592270996594364,1,,,,,,,,,SYNTHETIC_GP3,0.6639122455794595,0.6592270996594364,0.66,0.66,normalised
65.21666666666667,,,0.6562714647064385,0.6602226972005385,1,,,,,,,,,SYNTHETIC_GP3,0.6562714647064385,0.6602226972005385,0.66,0.66,normalised
65.23333333333333,,,0.6660655623949581,0.6530403014658585,1,,,,,,,,,SYNTHETIC_GP3,0.6660655623949581,0.6530403014658585,0.66,0.66,normalised
65.25,,,0.6658088920035705,0.6634306895295663,1,,,,,,,,,SYNTHETIC_GP3,0.6658088920035705,0.6634306895295663,0.66,0.66,normalised
65.26666666666667,,,0.6535150621931367,0.655866515419742,1,,,,,,,,,SYNTHETIC_GP3,0.6535150621931367,0.655866515419742,0.66,0.66,normalised
65.28333333333333,,,0.6600692952508052,0.6639387867700275,1,,,,,,,,,SYNTHETIC_GP3,0.6600692952508052,0.6639387867700275,0.66,0.66,normalised
65.3,,,0.6589315365383434,0.6547629390220627,1,,,,,,,,,SYNTHETIC_GP3,0.6589315365383434,0.6547629390220627,0.66,0.66,normalised
65.31666666666666,,,0.676483803989065,0.6631966339999145,1,,,,,,,,,SYNTHETIC_GP3,0.676483803989065,0.6631966339999145,0.66,0.66,normalised
65.33333333333333,,,0.6621291756508841,0.6622147772725354,1,,,,,,,,,SYNTHETIC_GP3,0.6621291756508841,0.6622147772725354,0.66,0.66,normalised
65.35,,,0.4963920709930431,0.5032486520606853,1,,,,,,,,,SYNTHETIC_GP3,0.4963920709930431,0.5032486520606853,0.5,0.5,normalised
65.36666666666666,,,0.5028099370148129,0.494770097492231,1,,,,,,,,,SYNTHETIC_GP3,0.5028099370148129,0.494770097492231,0.5,0.5,normalised
65.38333333333333,,,0.4967793051321492,0.4972098767713341,1,,,,,,,,,SYNTHETIC_GP3,0.4967793051321492,0.4972098767713341,0.5,0.5,normalised
65.4,,,0.4990013309008723,0.4989201900290739,1,,,,,,,,,SYNTHETIC_GP3,0.4990013309008723,0.4989201900290739,0.5,0.5,normalised
65.41666666666667,,,0.5074411911945488,0.5014624410256803,1,,,,,,,,,SYNTHETIC_GP3,0.5074411911945488,0.5014624410256803,0.5,0.5,normalised
65.43333333333334,,,0.5020643587602103,0.506472022392883,1,,,,,,,,,SYNTHETIC_GP3,0.5020643587602103,0.506472022392883,0.5,0.5,normalised
65.45,,,0.5025582765019094,0.4980740915621101,1,,,,,,,,,SYNTHETIC_GP3,0.5025582765019094,0.4980740915621101,0.5,0.5,normalised
65.46666666666667,,,0.5065960330553436,0.4987136255147423,1,,,,,,,,,SYNTHETIC_GP3,0.5065960330553436,0.4987136255147423,0.5,0.5,normalised
65.48333333333333,,,0.5102022396999504,0.4973839502952717,1,,,,,,,,,SYNTHETIC_GP3,0.5102022396999504,0.4973839502952717,0.5,0.5,normalised
65.5,,,0.503488920045433,0.5035173096208125,1,,,,,,,,,SYNTHETIC_GP3,0.503488920045433,0.5035173096208125,0.5,0.5,normalised
65.51666666666667,,,0.4976412143131954,0.4962605593935735,1,,,,,,,,,SYNTHETIC_GP3,0.4976412143131954,0.4962605593935735,0.5,0.5,normalised
65.53333333333333,,,0.5018736877168936,0.4959002675504701,1,,,,,,,,,SYNTHETIC_GP3,0.5018736877168936,0.4959002675504701,0.5,0.5,normalised
65.55,,,0.503395989682439,0.5016454369710157,1,,,,,,,,,SYNTHETIC_GP3,0.503395989682439,0.5016454369710157,0.5,0.5,normalised
65.56666666666666,,,0.5015226072913369,0.4976610577122218,1,,,,,,,,,SYNTHETIC_GP3,0.5015226072913369,0.4976610577122218,0.5,0.5,normalised
65.58333333333333,,,0.5048486548166914,0.5062271777506622,1,,,,,,,,,SYNTHETIC_GP3,0.5048486548166914,0.5062271777506622,0.5,0.5,normalised
65.6,,,0.4991191153311641,0.4991438186124811,1,,,,,,,,,SYNTHETIC_GP3,0.4991191153311641,0.4991438186124811,0.5,0.5,normalised
65.61666666666666,,,0.5096858309565523,0.4905355805209141,1,,,,,,,,,SYNTHETIC_GP3,0.5096858309565523,0.4905355805209141,0.5,0.5,normalised
65.63333333333333,,,0.5041982721963025,0.4971027079154692,1,,,,,,,,,SYNTHETIC_GP3,0.5041982721963025,0.4971027079154692,0.5,0.5,normalised
65.65,,,,,0,,,,,,,,,SYNTHETIC_GP3,,,0.5,0.5,normalised
65.66666666666667,,,0.5021968534388629,0.4981114789527557,1,,,,,,,,,SYNTHETIC_GP3,0.5021968534388629,0.4981114789527557,0.5,0.5,normalised
65.68333333333334,,,0.5051213738486948,0.4973662016095466,1,,,,,,,,,SYNTHETIC_GP3,0.5051213738486948,0.4973662016095466,0.5,0.5,normalised
65.7,,,0.5039122789867642,0.4977361659582658,1,,,,,,,,,SYNTHETIC_GP3,0.5039122789867642,0.4977361659582658,0.5,0.5,normalised
65.71666666666667,,,0.5085433755270998,0.4924962614640518,1,,,,,,,,,SYNTHETIC_GP3,0.5085433755270998,0.4924962614640518,0.5,0.5,normalised
65.73333333333333,,,0.4979177176504681,0.5006019881099947,1,,,,,,,,,SYNTHETIC_GP3,0.4979177176504681,0.5006019881099947,0.5,0.5,normalised
65.75,,,0.4957506762058333,0.4942816366273042,1,,,,,,,,,SYNTHETIC_GP3,0.4957506762058333,0.4942816366273042,0.5,0.5,normalised
65.76666666666667,,,0.5056544148158575,0.5067688079457264,1,,,,,,,,,SYNTHETIC_GP3,0.5056544148158575,0.5067688079457264,0.5,0.5,normalised
65.78333333333333,,,0.5003732244990804,0.5043946974559145,1,,,,,,,,,SYNTHETIC_GP3,0.5003732244990804,0.5043946974559145,0.5,0.5,normalised
65.8,,,0.5006098951665465,0.4930295793203526,1,,,,,,,,,SYNTHETIC_GP3,0.5006098951665465,0.4930295793203526,0.5,0.5,normalised
65.81666666666666,,,0.505609755557484,0.4997796591677673,1,,,,,,,,,SYNTHETIC_GP3,0.505609755557484,0.4997796591677673,0.5,0.5,normalised
65.83333333333333,,,0.4981129347650613,0.4978930111688539,1,,,,,,,,,SYNTHETIC_GP3,0.4981129347650613,0.4978930111688539,0.5,0.5,normalised
65.85,,,0.4965964849968494,0.5018655636123626,1,,,,,,,,,SYNTHETIC_GP3,0.4965964849968494,0.5018655636123626,0.5,0.5,normalised
65.86666666666666,,,0.4974013659027411,0.4988547410834909,1,,,,,,,,,SYNTHETIC_GP3,0.4974013659027411,0.4988547410834909,0.5,0.5,normalised
65.88333333333333,,,0.5049995740350812,0.4999126830977969,1,,,,,,,,,SYNTHETIC_GP3,0.5049995740350812,0.4999126830977969,0.5,0.5,normalised
65.9,,,0.5014508321189369,0.4945370390382029,1,,,,,,,,,SYNTHETIC_GP3,0.5014508321189369,0.4945370390382029,0.5,0.5,normalised
65.91666666666667,,,0.499019052859069,0.4931756351691398,1,,,,,,,,,SYNTHETIC_GP3,0.499019052859069,0.4931756351691398,0.5,0.5,normalised
65.93333333333334,,,0.4935290941664865,0.4915735736559968,1,,,,,,,,,SYNTHETIC_GP3,0.4935290941664865,0.4915735736559968,0.5,0.5,normalised
65.95,,,0.5048714490156778,0.5022843439626813,1,,,,,,,,,SYNTHETIC_GP3,0.5048714490156778,0.5022843439626813,0.5,0.5,normalised
65.96666666666667,,,0.4976512866311064,0.5003348676502246,1,,,,,,,,,SYNTHETIC_GP3,0.4976512866311064,0.5003348676502246,0.5,0.5,normalised
65.98333333333333,,,0.5047247038777247,0.5007765005042709,1,,,,,,,,,SYNTHETIC_GP3,0.5047247038777247,0.5007765005042709,0.5,0.5,normalised
66.0,,,0.5003073822857518,0.4981735579346429,1,,,,,,,,,SYNTHETIC_GP3,0.5003073822857518,0.4981735579346429,0.5,0.5,normalised
66.01666666666667,,,0.5032316732761607,0.4993757967124773,1,,,,,,,,,SYNTHETIC_GP3,0.5032316732761607,0.4993757967124773,0.5,0.5,normalised
66.03333333333333,,,0.4991127773575086,0.4954151116675997,1,,,,,,,,,SYNTHETIC_GP3,0.4991127773575086,0.4954151116675997,0.5,0.5,normalised
66.05,,,0.5034167349755221,0.5007112708285498,1,,,,,,,,,SYNTHETIC_GP3,0.5034167349755221,0.5007112708285498,0.5,0.5,normalised
66.06666666666666,,,0.493442279043655,0.4946575686185025,1,,,,,,,,,SYNTHETIC_GP3,0.493442279043655,0.4946575686185025,0.5,0.5,normalised
66.08333333333333,,,0.4988386576029647,0.4973254681680694,1,,,,,,,,,SYNTHETIC_GP3,0.4988386576029647,0.4973254681680694,0.5,0.5,normalised
66.1,,,0.5041933753214636,0.4979310108436811,1,,,,,,,,,SYNTHETIC_GP3,0.5041933753214636,0.4979310108436811,0.5,0.5,normalised
66.11666666666666,,,0.5081400116462998,0.4967537411780247,1,,,,,,,,,SYNTHETIC_GP3,0.5081400116462998,0.4967537411780247,0.5,0.5,normalised
66.13333333333333,,,0.5039760067421908,0.4952736144085796,1,,,,,,,,,SYNTHETIC_GP3,0.5039760067421908,0.4952736144085796,0.5,0.5,normalised
66.15,,,0.4991778810111236,0.4998538823761235,1,,,,,,,,,SYNTHETIC_GP3,0.4991778810111236,0.4998538823761235,0.5,0.5,normalised
66.16666666666667,,,0.4994276482666959,0.4990570738446048,1,,,,,,,,,SYNTHETIC_GP3,0.4994276482666959,0.4990570738446048,0.5,0.5,normalised
66.18333333333334,,,0.5024038882343546,0.4986077524960426,1,,,,,,,,,SYNTHETIC_GP3,0.5024038882343546,0.4986077524960426,0.5,0.5,normalised
66.2,,,0.4970981205384668,0.498995116743881,1,,,,,,,,,SYNTHETIC_GP3,0.4970981205384668,0.498995116743881,0.5,0.5,normalised
66.21666666666667,,,0.5062736166362376,0.49944949878071,1,,,,,,,,,SYNTHETIC_GP3,0.5062736166362376,0.49944949878071,0.5,0.5,normalised
66.23333333333333,,,0.5102896461605183,0.4972828117064148,1,,,,,,,,,SYNTHETIC_GP3,0.5102896461605183,0.4972828117064148,0.5,0.5,normalised
66.25,,,0.4999161571240177,0.4912172367357278,1,,,,,,,,,SYNTHETIC_GP3,0.4999161571240177,0.4912172367357278,0.5,0.5,normalised
66.26666666666667,,,0.4928870768275458,0.4998792673610877,1,,,,,,,,,SYNTHETIC_GP3,0.4928870768275458,0.4998792673610877,0.5,0.5,normalised
66.28333333333333,,,0.4987987820741322,0.4913326714909936,1,,,,,,,,,SYNTHETIC_GP3,0.4987987820741322,0.4913326714909936,0.5,0.5,normalised
66.3,,,0.5011932328417731,0.5013470549390603,1,,,,,,,,,SYNTHETIC_GP3,0.5011932328417731,0.5013470549390603,0.5,0.5,normalised
66.31666666666666,,,0.499708202962023,0.4996310357903652,1,,,,,,,,,SYNTHETIC_GP3,0.499708202962023,0.4996310357903652,0.5,0.5,normalised
66.33333333333333,,,0.5070804049622403,0.494820307992841,1,,,,,,,,,SYNTHETIC_GP3,0.5070804049622403,0.494820307992841,0.5,0.5,normalised
66.35,,,0.5061639908086543,0.4955701718950667,1,,,,,,,,,SYNTHETIC_GP3,0.5061639908086543,0.4955701718950667,0.5,0.5,normalised
66.36666666666666,,,0.4986487152996126,0.4973542891340423,1,,,,,,,,,SYNTHETIC_GP3,0.4986487152996126,0.4973542891340423,0.5,0.5,normalised
66.38333333333333,,,0.506922079768292,0.5021340530242753,1,,,,,,,,,SYNTHETIC_GP3,0.506922079768292,0.5021340530242753,0.5,0.5,normalised
66.4,,,0.5089146695682707,0.5026490568100898,1,,,,,,,,,SYNTHETIC_GP3,0.5089146695682707,0.5026490568100898,0.5,0.5,normalised
66.41666666666667,,,0.4951797303998296,0.5056795125442473,1,,,,,,,,,SYNTHETIC_GP3,0.4951797303998296,0.5056795125442473,0.5,0.5,normalised
66.43333333333334,,,0.5010537156878186,0.5016987252359469,1,,,,,,,,,SYNTHETIC_GP3,0.5010537156878186,0.5016987252359469,0.5,0.5,normalised
66.45,,,0.5025383469875037,0.4951591147522536,1,,,,,,,,,SYNTHETIC_GP3,0.5025383469875037,0.4951591147522536,0.5,0.5,normalised
66.46666666666667,,,0.5078842115511278,0.4951572465938042,1,,,,,,,,,SYNTHETIC_GP3,0.5078842115511278,0.4951572465938042,0.5,0.5,normalised
66.48333333333333,,,0.4956486985853628,0.50649472583453,1,,,,,,,,,SYNTHETIC_GP3,0.4956486985853628,0.50649472583453,0.5,0.5,normalised
66.5,,,0.5007104778677323,0.5044170293390656,1,,,,,,,,,SYNTHETIC_GP3,0.5007104778677323,0.5044170293390656,0.5,0.5,normalised
66.51666666666667,,,0.4991752180426408,0.4998415460614782,1,,,,,,,,,SYNTHETIC_GP3,0.4991752180426408,0.4998415460614782,0.5,0.5,normalised
66.53333333333333,,,0.4984261029884718,0.505000428718846,1,,,,,,,,,SYNTHETIC_GP3,0.4984261029884718,0.505000428718846,0.5,0.5,normalised
66.55,,,0.5011927893989009,0.4941982749596946,1,,,,,,,,,SYNTHETIC_GP3,0.5011927893989009,0.4941982749596946,0.5,0.5,normalised
66.56666666666666,,,0.50509094986107,0.506018747820739,1,,,,,,,,,SYNTHETIC_GP3,0.50509094986107,0.506018747820739,0.5,0.5,normalised
66.58333333333333,,,0.5046080762259891,0.5009344669783056,1,,,,,,,,,SYNTHETIC_GP3,0.5046080762259891,0.5009344669783056,0.5,0.5,normalised
66.6,,,0.5074685125492613,0.5007033103613968,1,,,,,,,,,SYNTHETIC_GP3,0.5074685125492613,0.5007033103613968,0.5,0.5,normalised
66.61666666666666,,,0.4999719198235406,0.4976089192410362,1,,,,,,,,,SYNTHETIC_GP3,0.4999719198235406,0.4976089192410362,0.5,0.5,normalised
66.63333333333333,,,0.5026163218629679,0.4927087810886986,1,,,,,,,,,SYNTHETIC_GP3,0.5026163218629679,0.4927087810886986,0.5,0.5,normalised
66.65,,,0.5041795522866357,0.5003360776964725,1,,,,,,,,,SYNTHETIC_GP3,0.5041795522866357,0.5003360776964725,0.5,0.5,normalised
66.66666666666667,,,0.5079841680119974,0.5072347508580138,1,,,,,,,,,SYNTHETIC_GP3,0.5079841680119974,0.5072347508580138,0.5,0.5,normalised
66.68333333333334,,,0.4983314488841772,0.4978836098621215,1,,,,,,,,,SYNTHETIC_GP3,0.4983314488841772,0.4978836098621215,0.5,0.5,normalised
66.7,,,0.5020951080668163,0.4963797905111916,1,,,,,,,,,SYNTHETIC_GP3,0.5020951080668163,0.4963797905111916,0.5,0.5,normalised
66.71666666666667,,,0.4980274989492628,0.4977285455654157,1,,,,,,,,,SYNTHETIC_GP3,0.4980274989492628,0.4977285455654157,0.5,0.5,normalised
66.73333333333333,,,0.5036128319727545,0.4992445066149336,1,,,,,,,,,SYNTHETIC_GP3,0.5036128319727545,0.4992445066149336,0.5,0.5,normalised
66.75,,,0.4956888095543764,0.4948886163806808,1,,,,,,,,,SYNTHETIC_GP3,0.4956888095543764,0.4948886163806808,0.5,0.5,normalised
66.76666666666667,,,0.4971731115112962,0.5014258169703922,1,,,,,,,,,SYNTHETIC_GP3,0.4971731115112962,0.5014258169703922,0.5,0.5,normalised
66.78333333333333,,,0.5021185024530885,0.4959565002953937,1,,,,,,,,,SYNTHETIC_GP3,0.5021185024530885,0.4959565002953937,0.5,0.5,normalised
66.8,,,0.4974722634780292,0.5039450298438619,1,,,,,,,,,SYNTHETIC_GP3,0.4974722634780292,0.5039450298438619,0.5,0.5,normalised
66.81666666666666,,,0.5032963588184721,0.493104024021602,1,,,,,,,,,SYNTHETIC_GP3,0.5032963588184721,0.493104024021602,0.5,0.5,normalised
66.83333333333333,,,0.4985852628161056,0.5026052349519793,1,,,,,,,,,SYNTHETIC_GP3,0.4985852628161056,0.5026052349519793,0.5,0.5,normalised
66.85,,,0.4925769012469622,0.4961419823331224,1,,,,,,,,,SYNTHETIC_GP3,0.4925769012469622,0.4961419823331224,0.5,0.5,normalised
66.86666666666666,,,0.4990588592231796,0.4996338400808376,1,,,,,,,,,SYNTHETIC_GP3,0.4990588592231796,0.4996338400808376,0.5,0.5,normalised
66.88333333333333,,,0.5063780659714157,0.500138597520411,1,,,,,,,,,SYNTHETIC_GP3,0.5063780659714157,0.500138597520411,0.5,0.5,normalised
66.9,,,0.5035995289687091,0.4987355110330858,1,,,,,,,,,SYNTHETIC_GP3,0.5035995289687091,0.4987355110330858,0.5,0.5,normalised
66.91666666666667,,,0.5042729847256736,0.4974388448793102,1,,,,,,,,,SYNTHETIC_GP3,0.5042729847256736,0.4974388448793102,0.5,0.5,normalised
66.93333333333334,,,0.4907485434836437,0.503649131146884,1,,,,,,,,,SYNTHETIC_GP3,0.4907485434836437,0.503649131146884,0.5,0.5,normalised
66.95,,,0.4998725368389018,0.4955077742950471,1,,,,,,,,,SYNTHETIC_GP3,0.4998725368389018,0.4955077742950471,0.5,0.5,normalised
66.96666666666667,,,0.5044014760224967,0.5037351742213023,1,,,,,,,,,SYNTHETIC_GP3,0.5044014760224967,0.5037351742213023,0.5,0.5,normalised
66.98333333333333,,,0.500926256622873,0.4897526143381647,1,,,,,,,,,SYNTHETIC_GP3,0.500926256622873,0.4897526143381647,0.5,0.5,normalised
67.0,,,0.5052925484331052,0.4998896734878363,1,,,,,,,,,SYNTHETIC_GP3,0.5052925484331052,0.4998896734878363,0.5,0.5,normalised
67.01666666666667,,,0.5040183951782532,0.4932737860297836,1,,,,,,,,,SYNTHETIC_GP3,0.5040183951782532,0.4932737860297836,0.5,0.5,normalised
67.03333333333333,,,0.4997488347499987,0.4987404584841785,1,,,,,,,,,SYNTHETIC_GP3,0.4997488347499987,0.4987404584841785,0.5,0.5,normalised
67.05,,,0.5059138099563745,0.4933467362158527,1,,,,,,,,,SYNTHETIC_GP3,0.5059138099563745,0.4933467362158527,0.5,0.5,normalised
67.06666666666666,,,0.5081029362031818,0.4946881348665862,1,,,,,,,,,SYNTHETIC_GP3,0.5081029362031818,0.4946881348665862,0.5,0.5,normalised
67.08333333333333,,,0.505101334356257,0.4950307991964781,1,,,,,,,,,SYNTHETIC_GP3,0.505101334356257,0.4950307991964781,0.5,0.5,normalised
67.1,,,0.5046431043864467,0.4965592234255383,1,,,,,,,,,SYNTHETIC_GP3,0.5046431043864467,0.4965592234255383,0.5,0.5,normalised
67.11666666666666,,,0.497140590733124,0.4907192870044876,1,,,,,,,,,SYNTHETIC_GP3,0.497140590733124,0.4907192870044876,0.5,0.5,normalised
67.13333333333333,,,0.5026374217582308,0.4997807565882374,1,,,,,,,,,SYNTHETIC_GP3,0.5026374217582308,0.4997807565882374,0.5,0.5,normalised
67.15,,,0.5031190949712722,0.4974311819063468,1,,,,,,,,,SYNTHETIC_GP3,0.5031190949712722,0.4974311819063468,0.5,0.5,normalised
67.16666666666667,,,0.4980140051933903,0.4973104485854934,1,,,,,,,,,SYNTHETIC_GP3,0.4980140051933903,0.4973104485854934,0.5,0.5,normalised
67.18333333333334,,,0.5006484574207261,0.4999470950440829,1,,,,,,,,,SYNTHETIC_GP3,0.5006484574207261,0.4999470950440829,0.5,0.5,normalised
67.2,,,0.4993479014710443,0.4946118829840079,1,,,,,,,,,SYNTHETIC_GP3,0.4993479014710443,0.4946118829840079,0.5,0.5,normalised
67.21666666666667,,,0.5069215983376552,0.4993574440153335,1,,,,,,,,,SYNTHETIC_GP3,0.5069215983376552,0.4993574440153335,0.5,0.5,normalised
67.23333333333333,,,0.4978940268859511,0.4998443821747017,1,,,,,,,,,SYNTHETIC_GP3,0.4978940268859511,0.4998443821747017,0.5,0.5,normalised
67.25,,,0.5028444512881884,0.5030544348344789,1,,,,,,,,,SYNTHETIC_GP3,0.5028444512881884,0.5030544348344789,0.5,0.5,normalised
67.26666666666667,,,0.5018138366811412,0.5023808630003124,1,,,,,,,,,SYNTHETIC_GP3,0.5018138366811412,0.5023808630003124,0.5,0.5,normalised
67.28333333333333,,,0.5041569868826351,0.4978069852045976,1,,,,,,,,,SYNTHETIC_GP3,0.5041569868826351,0.4978069852045976,0.5,0.5,normalised
67.3,,,0.5017941448272472,0.5004538908317145,1,,,,,,,,,SYNTHETIC_GP3,0.5017941448272472,0.5004538908317145,0.5,0.5,normalised
67.31666666666666,,,0.4983928933011512,0.5000423317037875,1,,,,,,,,,SYNTHETIC_GP3,0.4983928933011512,0.5000423317037875,0.5,0.5,normalised
67.33333333333333,,,,,0,,,,,,,,,SYNTHETIC_GP3,,,0.5,0.5,normalised
67.35,,,0.5098466729184622,0.4911001558459482,1,,,,,,,,,SYNTHETIC_GP3,0.5098466729184622,0.4911001558459482,0.5,0.5,normalised
67.36666666666666,,,0.5038815562934883,0.4950322521308784,1,,,,,,,,,SYNTHETIC_GP3,0.5038815562934883,0.4950322521308784,0.5,0.5,normalised
67.38333333333333,,,0.5062130098947879,0.4997626670806793,1,,,,,,,,,SYNTHETIC_GP3,0.5062130098947879,0.4997626670806793,0.5,0.5,normalised
67.4,,,0.4955321322381762,0.4962893810340761,1,,,,,,,,,SYNTHETIC_GP3,0.4955321322381762,0.4962893810340761,0.5,0.5,normalised
67.41666666666667,,,0.5092823574085104,0.4965099891448259,1,,,,,,,,,SYNTHETIC_GP3,0.5092823574085104,0.4965099891448259,0.5,0.5,normalised
67.43333333333334,,,0.5068583143316339,0.4960684128367496,1,,,,,,,,,SYNTHETIC_GP3,0.5068583143316339,0.4960684128367496,0.5,0.5,normalised
67.45,,,0.5015557771602889,0.4958415119395045,1,,,,,,,,,SYNTHETIC_GP3,0.5015557771602889,0.4958415119395045,0.5,0.5,normalised
67.46666666666667,,,0.5048480980309372,0.4993593321393574,1,,,,,,,,,SYNTHETIC_GP3,0.5048480980309372,0.4993593321393574,0.5,0.5,normalised
67.48333333333333,,,0.5089811421441419,0.5046837915494884,1,,,,,,,,,SYNTHETIC_GP3,0.5089811421441419,0.5046837915494884,0.5,0.5,normalised
67.5,,,0.5017555915385921,0.5012623273686555,1,,,,,,,,,SYNTHETIC_GP3,0.5017555915385921,0.5012623273686555,0.5,0.5,normalised
67.51666666666667,,,0.4975756299746031,0.5032886347983315,1,,,,,,,,,SYNTHETIC_GP3,0.4975756299746031,0.5032886347983315,0.5,0.5,normalised
67.53333333333333,,,0.5053229855047003,0.4942625968946512,1,,,,,,,,,SYNTHETIC_GP3,0.5053229855047003,0.4942625968946512,0.5,0.5,normalised
67.55,,,0.5010314296206243,0.5065604388269156,1,,,,,,,,,SYNTHETIC_GP3,0.5010314296206243,0.5065604388269156,0.5,0.5,normalised
67.56666666666666,,,0.5040689012026313,0.5014689120184228,1,,,,,,,,,SYNTHETIC_GP3,0.5040689012026313,0.5014689120184228,0.5,0.5,normalised
67.58333333333333,,,0.500705677211805,0.4945268190953278,1,,,,,,,,,SYNTHETIC_GP3,0.500705677211805,0.4945268190953278,0.5,0.5,normalised
67.6,,,0.4958125318227088,0.4975802125987282,1,,,,,,,,,SYNTHETIC_GP3,0.4958125318227088,0.4975802125987282,0.5,0.5,normalised
67.61666666666666,,,0.500077547471645,0.502708436523208,1,,,,,,,,,SYNTHETIC_GP3,0.500077547471645,0.502708436523208,0.5,0.5,normalised
67.63333333333333,,,0.5041385531410926,0.4968013805387085,1,,,,,,,,,SYNTHETIC_GP3,0.5041385531410926,0.4968013805387085,0.5,0.5,normalised
67.65,,,0.4975012385407019,0.4951060431588855,1,,,,,,,,,SYNTHETIC_GP3,0.4975012385407019,0.4951060431588855,0.5,0.5,normalised
67.66666666666667,,,0.5085931727345373,0.4940666857725433,1,,,,,,,,,SYNTHETIC_GP3,0.5085931727345373,0.4940666857725433,0.5,0.5,normalised
67.68333333333334,,,0.493800459560099,0.4984033142127174,1,,,,,,,,,SYNTHETIC_GP3,0.493800459560099,0.4984033142127174,0.5,0.5,normalised
67.7,,,0.4983997835910816,0.5033248035294147,1,,,,,,,,,SYNTHETIC_GP3,0.4983997835910816,0.5033248035294147,0.5,0.5,normalised
67.71666666666667,,,0.5030597830321873,0.4982310475973885,1,,,,,,,,,SYNTHETIC_GP3,0.5030597830321873,0.4982310475973885,0.5,0.5,normalised
67.73333333333333,,,0.5027480120080949,0.4974773841257295,1,,,,,,,,,SYNTHETIC_GP3,0.5027480120080949,0.4974773841257295,0.5,0.5,normalised
67.75,,,0.5052043981074068,0.5035168580322655,1,,,,,,,,,SYNTHETIC_GP3,0.5052043981074068,0.5035168580322655,0.5,0.5,normalised
67.76666666666667,,,0.5026468062026891,0.4985722139454631,1,,,,,,,,,SYNTHETIC_GP3,0.5026468062026891,0.4985722139454631,0.5,0.5,normalised
67.78333333333333,,,0.5085256922142211,0.4999882294778741,1,,,,,,,,,SYNTHETIC_GP3,0.5085256922142211,0.4999882294778741,0.5,0.5,normalised
67.8,,,0.5000679092050447,0.4970635821780673,1,,,,,,,,,SYNTHETIC_GP3,0.5000679092050447,0.4970635821780673,0.5,0.5,normalised
67.81666666666666,,,0.5044112344454719,0.49156607158248,1,,,,,,,,,SYNTHETIC_GP3,0.5044112344454719,0.49156607158248,0.5,0.5,normalised
67.83333333333333,,,0.4993217413974519,0.5006272644335814,1,,,,,,,,,SYNTHETIC_GP3,0.4993217413974519,0.5006272644335814,0.5,0.5,normalised
67.85,,,0.5066721627378249,0.4960863004709724,1,,,,,,,,,SYNTHETIC_GP3,0.5066721627378249,0.4960863004709724,0.5,0.5,normalised
67.86666666666666,,,0.5011953608847752,0.5041183478594206,1,,,,,,,,,SYNTHETIC_GP3,0.5011953608847752,0.5041183478594206,0.5,0.5,normalised
67.88333333333333,,,0.5007866184290779,0.4942210917802399,1,,,,,,,,,SYNTHETIC_GP3,0.5007866184290779,0.4942210917802399,0.5,0.5,normalised
67.9,,,0.5019741466994501,0.4937594452561524,1,,,,,,,,,SYNTHETIC_GP3,0.5019741466994501,0.4937594452561524,0.5,0.5,normalised
67.91666666666667,,,0.498337326780707,0.5030112121293441,1,,,,,,,,,SYNTHETIC_GP3,0.498337326780707,0.5030112121293441,0.5,0.5,normalised
67.93333333333334,,,0.5004883408378773,0.501410641260127,1,,,,,,,,,SYNTHETIC_GP3,0.5004883408378773,0.501410641260127,0.5,0.5,normalised
67.95,,,0.4955716193676196,0.4967267464217613,1,,,,,,,,,SYNTHETIC_GP3,0.4955716193676196,0.4967267464217613,0.5,0.5,normalised
67.96666666666667,,,0.5007791319129229,0.4962041503669218,1,,,,,,,,,SYNTHETIC_GP3,0.5007791319129229,0.4962041503669218,0.5,0.5,normalised
67.98333333333333,,,0.5017154750507125,0.4959527645197987,1,,,,,,,,,SYNTHETIC_GP3,0.5017154750507125,0.4959527645197987,0.5,0.5,normalised
68.0,,,0.5046013516242148,0.5016490443816465,1,,,,,,,,,SYNTHETIC_GP3,0.5046013516242148,0.5016490443816465,0.5,0.5,normalised
68.01666666666667,,,0.5003042039823349,0.500581133681536,1,,,,,,,,,SYNTHETIC_GP3,0.5003042039823349,0.500581133681536,0.5,0.5,normalised
68.03333333333333,,,0.4968085179181896,0.5036033489051939,1,,,,,,,,,SYNTHETIC_GP3,0.4968085179181896,0.5036033489051939,0.5,0.5,normalised
68.05,,,0.5018270564298483,0.4985645586098207,1,,,,,,,,,SYNTHETIC_GP3,0.5018270564298483,0.4985645586098207,0.5,0.5,normalised
68.06666666666666,,,0.4995849538055147,0.4978164251496705,1,,,,,,,,,SYNTHETIC_GP3,0.4995849538055147,0.4978164251496705,0.5,0.5,normalised
68.08333333333333,,,0.4983039240969723,0.4956027563647639,1,,,,,,,,,SYNTHETIC_GP3,0.4983039240969723,0.4956027563647639,0.5,0.5,normalised
68.1,,,0.5089685150265328,0.4964503543619722,1,,,,,,,,,SYNTHETIC_GP3,0.5089685150265328,0.4964503543619722,0.5,0.5,normalised
68.11666666666666,,,0.5010384332528866,0.5000687169344709,1,,,,,,,,,SYNTHETIC_GP3,0.5010384332528866,0.5000687169344709,0.5,0.5,normalised
68.13333333333333,,,0.5136325892987856,0.4948062559151689,1,,,,,,,,,SYNTHETIC_GP3,0.5136325892987856,0.4948062559151689,0.5,0.5,normalised
68.15,,,0.5005493817904371,0.494648065273636,1,,,,,,,,,SYNTHETIC_GP3,0.5005493817904371,0.494648065273636,0.5,0.5,normalised
68.16666666666667,,,0.4977378764682716,0.4999716819956554,1,,,,,,,,,SYNTHETIC_GP3,0.4977378764682716,0.4999716819956554,0.5,0.5,normalised
68.18333333333334,,,0.5010071438994104,0.498065813713507,1,,,,,,,,,SYNTHETIC_GP3,0.5010071438994104,0.498065813713507,0.5,0.5,normalised
68.2,,,0.4986841873734488,0.497476886098974,1,,,,,,,,,SYNTHETIC_GP3,0.4986841873734488,0.497476886098974,0.5,0.5,normalised
68.21666666666667,,,0.5050366458056156,0.4967492265589751,1,,,,,,,,,SYNTHETIC_GP3,0.5050366458056156,0.4967492265589751,0.5,0.5,normalised
68.23333333333333,,,0.4999696304461509,0.4952964075291651,1,,,,,,,,,SYNTHETIC_GP3,0.4999696304461509,0.4952964075291651,0.5,0.5,normalised
68.25,,,0.5021401834054564,0.4973894699042752,1,,,,,,,,,SYNTHETIC_GP3,0.5021401834054564,0.4973894699042752,0.5,0.5,normalised
68.26666666666667,,,0.5052658235441763,0.4973583759535847,1,,,,,,,,,SYNTHETIC_GP3,0.5052658235441763,0.4973583759535847,0.5,0.5,normalised
68.28333333333333,,,0.5016403394192909,0.5030942735357787,1,,,,,,,,,SYNTHETIC_GP3,0.5016403394192909,0.5030942735357787,0.5,0.5,normalised
68.3,,,0.5028444592246802,0.5015424417385873,1,,,,,,,,,SYNTHETIC_GP3,0.5028444592246802,0.5015424417385873,0.5,0.5,normalised
68.31666666666666,,,0.4996859962553491,0.4958872062449304,1,,,,,,,,,SYNTHETIC_GP3,0.4996859962553491,0.4958872062449304,0.5,0.5,normalised
68.33333333333333,,,0.5058198666214025,0.4956187721373737,1,,,,,,,,,SYNTHETIC_GP3,0.5058198666214025,0.4956187721373737,0.5,0.5,normalised
68.35,,,0.5088254304824287,0.4999481657771729,1,,,,,,,,,SYNTHETIC_GP3,0.5088254304824287,0.4999481657771729,0.5,0.5,normalised
68.36666666666666,,,0.5012483384107327,0.498612800501606,1,,,,,,,,,SYNTHETIC_GP3,0.5012483384107327,0.498612800501606,0.5,0.5,normalised
68.38333333333333,,,0.4981802087756501,0.5040106105982433,1,,,,,,,,,SYNTHETIC_GP3,0.4981802087756501,0.5040106105982433,0.5,0.5,normalised
68.4,,,0.5025974666668711,0.4947287603524623,1,,,,,,,,,SYNTHETIC_GP3,0.5025974666668711,0.4947287603524623,0.5,0.5,normalised
68.41666666666667,,,0.5090879802395883,0.5003779554174822,1,,,,,,,,,SYNTHETIC_GP3,0.5090879802395883,0.5003779554174822,0.5,0.5,normalised
68.43333333333334,,,0.5013254499040579,0.4939449295967744,1,,,,,,,,,SYNTHETIC_GP3,0.5013254499040579,0.4939449295967744,0.5,0.5,normalised
68.45,,,0.5080056858108153,0.5015535866278836,1,,,,,,,,,SYNTHETIC_GP3,0.5080056858108153,0.5015535866278836,0.5,0.5,normalised
68.46666666666667,,,0.498650026901735,0.4998637616038677,1,,,,,,,,,SYNTHETIC_GP3,0.498650026901735,0.4998637616038677,0.5,0.5,normalised
68.48333333333333,,,0.5014528901502974,0.502193237162391,1,,,,,,,,,SYNTHETIC_GP3,0.5014528901502974,0.502193237162391,0.5,0.5,normalised
68.5,,,0.5062974392500713,0.4988642304173761,1,,,,,,,,,SYNTHETIC_GP3,0.5062974392500713,0.4988642304173761,0.5,0.5,normalised
68.51666666666667,,,0.5032574219862413,0.5014146206806843,1,,,,,,,,,SYNTHETIC_GP3,0.5032574219862413,0.5014146206806843,0.5,0.5,normalised
68.53333333333333,,,0.5003658662090721,0.4997235998473012,1,,,,,,,,,SYNTHETIC_GP3,0.5003658662090721,0.4997235998473012,0.5,0.5,normalised
68.55,,,0.5091709762114747,0.4990927184617921,1,,,,,,,,,SYNTHETIC_GP3,0.5091709762114747,0.4990927184617921,0.5,0.5,normalised
68.56666666666666,,,0.5020118859141216,0.5042430182331221,1,,,,,,,,,SYNTHETIC_GP3,0.5020118859141216,0.5042430182331221,0.5,0.5,normalised
68.58333333333333,,,0.5026564560388981,0.5037797478832184,1,,,,,,,,,SYNTHETIC_GP3,0.5026564560388981,0.5037797478832184,0.5,0.5,normalised
68.6,,,0.5011517555924421,0.5043611946385682,1,,,,,,,,,SYNTHETIC_GP3,0.5011517555924421,0.5043611946385682,0.5,0.5,normalised
68.61666666666666,,,0.4987636320456916,0.5015312345618822,1,,,,,,,,,SYNTHETIC_GP3,0.4987636320456916,0.5015312345618822,0.5,0.5,normalised
68.63333333333333,,,0.502907820938121,0.4981560846854421,1,,,,,,,,,SYNTHETIC_GP3,0.502907820938121,0.4981560846854421,0.5,0.5,normalised
68.65,,,0.5073037806730696,0.4958430936800901,1,,,,,,,,,SYNTHETIC_GP3,0.5073037806730696,0.4958430936800901,0.5,0.5,normalised
68.66666666666667,,,0.5016550415364874,0.4980372503773284,1,,,,,,,,,SYNTHETIC_GP3,0.5016550415364874,0.4980372503773284,0.5,0.5,normalised
68.68333333333334,,,0.5071363108323784,0.4949075873123609,1,,,,,,,,,SYNTHETIC_GP3,0.5071363108323784,0.4949075873123609,0.5,0.5,normalised
68.7,,,0.4986925832802524,0.4963679089185119,1,,,,,,,,,SYNTHETIC_GP3,0.4986925832802524,0.4963679089185119,0.5,0.5,normalised
68.71666666666667,,,0.5029821100816162,0.4994356501914584,1,,,,,,,,,SYNTHETIC_GP3,0.5029821100816162,0.4994356501914584,0.5,0.5,normalised
68.73333333333333,,,0.5047794824834108,0.4987038623758272,1,,,,,,,,,SYNTHETIC_GP3,0.5047794824834108,0.4987038623758272,0.5,0.5,normalised
68.75,,,0.5042012657282978,0.4993285588634525,1,,,,,,,,,SYNTHETIC_GP3,0.5042012657282978,0.4993285588634525,0.5,0.5,normalised
68.76666666666667,,,0.5014131005922784,0.5000004368848086,1,,,,,,,,,SYNTHETIC_GP3,0.5014131005922784,0.5000004368848086,0.5,0.5,normalised
68.78333333333333,,,0.4943926525533027,0.5046490007393918,1,,,,,,,,,SYNTHETIC_GP3,0.4943926525533027,0.5046490007393918,0.5,0.5,normalised
68.8,,,0.50153420407922,0.4982414416037413,1,,,,,,,,,SYNTHETIC_GP3,0.50153420407922,0.4982414416037413,0.5,0.5,normalised
68.81666666666666,,,0.5057330277556723,0.4927177910644956,1,,,,,,,,,SYNTHETIC_GP3,0.5057330277556723,0.4927177910644956,0.5,0.5,normalised
68.83333333333333,,,0.5046790936728865,0.5002622205176667,1,,,,,,,,,SYNTHETIC_GP3,0.5046790936728865,0.5002622205176667,0.5,0.5,normalised
68.85,,,0.5017018411271056,0.5011334487113012,1,,,,,,,,,SYNTHETIC_GP3,0.5017018411271056,0.5011334487113012,0.5,0.5,normalised
68.86666666666666,,,0.5075907212330978,0.5015495873545642,1,,,,,,,,,SYNTHETIC_GP3,0.5075907212330978,0.5015495873545642,0.5,0.5,normalised
68.88333333333333,,,0.4978354476410092,0.5086992411422856,1,,,,,,,,,SYNTHETIC_GP3,0.4978354476410092,0.5086992411422856,0.5,0.5,normalised
68.9,,,0.5038153809500051,0.4935509496314501,1,,,,,,,,,SYNTHETIC_GP3,0.5038153809500051,0.4935509496314501,0.5,0.5,normalised
68.91666666666667,,,0.5087962318517721,0.4958575042854397,1,,,,,,,,,SYNTHETIC_GP3,0.5087962318517721,0.4958575042854397,0.5,0.5,normalised
68.93333333333334,,,0.5084676797217018,0.5000482572835893,1,,,,,,,,,SYNTHETIC_GP3,0.5084676797217018,0.5000482572835893,0.5,0.5,normalised
68.95,,,0.5100476627034173,0.5012483366408045,1,,,,,,,,,SYNTHETIC_GP3,0.5100476627034173,0.5012483366408045,0.5,0.5,normalised
68.96666666666667,,,0.4971726760370617,0.501736106889579,1,,,,,,,,,SYNTHETIC_GP3,0.4971726760370617,0.501736106889579,0.5,0.5,normalised
68.98333333333333,,,0.5005107522488962,0.5050685456046498,1,,,,,,,,,SYNTHETIC_GP3,0.5005107522488962,0.5050685456046498,0.5,0.5,normalised
69.0,,,0.3327681019326679,0.6563156122679774,1,,,,,,,,,SYNTHETIC_GP3,0.3327681019326679,0.6563156122679774,0.33,0.66,normalised
69.01666666666667,,,,,0,,,,,,,,,SYNTHETIC_GP3,,,0.33,0.66,normalised
69.03333333333333,,,0.3273552616346121,0.6595458352610213,1,,,,,,,,,SYNTHETIC_GP3,0.3273552616346121,0.6595458352610213,0.33,0.66,normalised
69.05,,,0.3333158298431111,0.6651822282663132,1,,,,,,,,,SYNTHETIC_GP3,0.3333158298431111,0.6651822282663132,0.33,0.66,normalised
69.06666666666666,,,0.3287915774712019,0.6568667302711431,1,,,,,,,,,SYNTHETIC_GP3,0.3287915774712019,0.6568667302711431,0.33,0.66,normalised
69.08333333333333,,,0.3317056984491059,0.6588449803838062,1,,,,,,,,,SYNTHETIC_GP3,0.3317056984491059,0.6588449803838062,0.33,0.66,normalised
69.1,,,0.3256713900177497,0.6577651725440975,1,,,,,,,,,SYNTHETIC_GP3,0.3256713900177497,0.6577651725440975,0.33,0.66,normalised
69.11666666666666,,,0.3346558251390576,0.6567424678126963,1,,,,,,,,,SYNTHETIC_GP3,0.3346558251390576,0.6567424678126963,0.33,0.66,normalised
69.13333333333333,,,0.3244267849919753,0.6643891928913173,1,,,,,,,,,SYNTHETIC_GP3,0.3244267849919753,0.6643891928913173,0.33,0.66,normalised
69.15,,,0.3336921327946605,0.6611085443949806,1,,,,,,,,,SYNTHETIC_GP3,0.3336921327946605,0.6611085443949806,0.33,0.66,normalised
69.16666666666667,,,0.3270908627932339,0.6639344424421944,1,,,,,,,,,SYNTHETIC_GP3,0.3270908627932339,0.6639344424421944,0.33,0.66,normalised
69.18333333333334,,,0.3288878676565874,0.6647627021976801,1,,,,,,,,,SYNTHETIC_GP3,0.3288878676565874,0.6647627021976801,0.33,0.66,normalised
69.2,,,0.3344939129305717,0.6586445360995041,1,,,,,,,,,SYNTHETIC_GP3,0.3344939129305717,0.6586445360995041,0.33,0.66,normalised
69.21666666666667,,,0.3333269268834503,0.6623763474975676,1,,,,,,,,,SYNTHETIC_GP3,0.3333269268834503,0.6623763474975676,0.33,0.66,normalised
69.23333333333333,,,0.3270688875408095,0.6635742314306774,1,,,,,,,,,SYNTHETIC_GP3,0.3270688875408095,0.6635742314306774,0.33,0.66,normalised
69.25,,,0.3224431876440847,0.6625335181942331,1,,,,,,,,,SYNTHETIC_GP3,0.3224431876440847,0.6625335181942331,0.33,0.66,normalised
69.26666666666667,,,0.3328437719942265,0.6650974507643923,1,,,,,,,,,SYNTHETIC_GP3,0.3328437719942265,0.6650974507643923,0.33,0.66,normalised
69.28333333333333,,,0.3328931424674747,0.6615759969471106,1,,,,,,,,,SYNTHETIC_GP3,0.3328931424674747,0.6615759969471106,0.33,0.66,normalised
69.3,,,0.325994021716238,0.6521057367155868,1,,,,,,,,,SYNTHETIC_GP3,0.325994021716238,0.6521057367155868,0.33,0.66,normalised
69.31666666666666,,,0.3392358169626501,0.6643950794997241,1,,,,,,,,,SYNTHETIC_GP3,0.3392358169626501,0.6643950794997241,0.33,0.66,normalised
69.33333333333333,,,0.3355651842465104,0.6504223356816777,1,,,,,,,,,SYNTHETIC_GP3,0.3355651842465104,0.6504223356816777,0.33,0.66,normalised
69.35,,,0.3260824170931963,0.6625320715325049,1,,,,,,,,,SYNTHETIC_GP3,0.3260824170931963,0.6625320715325049,0.33,0.66,normalised
69.36666666666666,,,0.3356218190040886,0.6645782415177384,1,,,,,,,,,SYNTHETIC_GP3,0.3356218190040886,0.6645782415177384,0.33,0.66,normalised
69.38333333333333,,,0.3266003915882821,0.6544112969783141,1,,,,,,,,,SYNTHETIC_GP3,0.3266003915882821,0.6544112969783141,0.33,0.66,normalised
69.4,,,0.3383318951192346,0.6540175279628572,1,,,,,,,,,SYNTHETIC_GP3,0.3383318951192346,0.6540175279628572,0.33,0.66,normalised
69.41666666666667,,,0.3388273693197757,0.6610551628641732,1,,,,,,,,,SYNTHETIC_GP3,0.3388273693197757,0.6610551628641732,0.33,0.66,normalised
69.43333333333334,,,0.3391663327573577,0.6625806103206467,1,,,,,,,,,SYNTHETIC_GP3,0.3391663327573577,0.6625806103206467,0.33,0.66,normalised
69.45,,,0.3269732168825365,0.6602125207894061,1,,,,,,,,,SYNTHETIC_GP3,0.3269732168825365,0.6602125207894061,0.33,0.66,normalised
69.46666666666667,,,0.3306428116667599,0.6543114496298478,1,,,,,,,,,SYNTHETIC_GP3,0.3306428116667599,0.6543114496298478,0.33,0.66,normalised
69.48333333333333,,,0.326891808554055,0.6660240634731758,1,,,,,,,,,SYNTHETIC_GP3,0.326891808554055,0.6660240634731758,0.33,0.66,normalised
69.5,,,0.3281377486872136,0.6618484298546872,1,,,,,,,,,SYNTHETIC_GP3,0.3281377486872136,0.6618484298546872,0.33,0.66,normalised
69.51666666666667,,,0.3403107336829021,0.65378156572628,1,,,,,,,,,SYNTHETIC_GP3,0.3403107336829021,0.65378156572628,0.33,0.66,normalised
69.53333333333333,,,0.3326032561785724,0.6629614765848707,1,,,,,,,,,SYNTHETIC_GP3,0.3326032561785724,0.6629614765848707,0.33,0.66,normalised
69.55,,,0.3310770567881746,0.6490791203604337,1,,,,,,,,,SYNTHETIC_GP3,0.3310770567881746,0.6490791203604337,0.33,0.66,normalised
69.56666666666666,,,0.3313033779127837,0.6616484572022996,1,,,,,,,,,SYNTHETIC_GP3,0.3313033779127837,0.6616484572022996,0.33,0.66,normalised
69.58333333333333,,,0.3286765508812954,0.6519228877914021,1,,,,,,,,,SYNTHETIC_GP3,0.3286765508812954,0.6519228877914021,0.33,0.66,normalised
69.6,,,0.3298373350970013,0.6616046189944756,1,,,,,,,,,SYNTHETIC_GP3,0.3298373350970013,0.6616046189944756,0.33,0.66,normalised
69.61666666666666,,,0.3341448690962617,0.6608490509303221,1,,,,,,,,,SYNTHETIC_GP3,0.3341448690962617,0.6608490509303221,0.33,0.66,normalised
69.63333333333333,,,0.3308160903898124,0.6644119770032847,1,,,,,,,,,SYNTHETIC_GP3,0.3308160903898124,0.6644119770032847,0.33,0.66,normalised
69.65,,,0.3305023413495875,0.6604357665978431,1,,,,,,,,,SYNTHETIC_GP3,0.3305023413495875,0.6604357665978431,0.33,0.66,normalised
69.66666666666667,,,0.3312872838330142,0.6577349786730734,1,,,,,,,,,SYNTHETIC_GP3,0.3312872838330142,0.6577349786730734,0.33,0.66,normalised
69.68333333333334,,,0.3324456652387523,0.6543996914564124,1,,,,,,,,,SYNTHETIC_GP3,0.3324456652387523,0.6543996914564124,0.33,0.66,normalised
69.7,,,0.3313497263728721,0.6554892746548295,1,,,,,,,,,SYNTHETIC_GP3,0.3313497263728721,0.6554892746548295,0.33,0.66,normalised
69.71666666666667,,,0.3300329341267816,0.663374618326402,1,,,,,,,,,SYNTHETIC_GP3,0.3300329341267816,0.663374618326402,0.33,0.66,normalised
69.73333333333333,,,0.330304306058242,0.66009665062117,1,,,,,,,,,SYNTHETIC_GP3,0.330304306058242,0.66009665062117,0.33,0.66,normalised
69.75,,,0.3338651089710639,0.6617480272437568,1,,,,,,,,,SYNTHETIC_GP3,0.3338651089710639,0.6617480272437568,0.33,0.66,normalised
69.76666666666667,,,0.330655040449429,0.6605711824940409,1,,,,,,,,,SYNTHETIC_GP3,0.330655040449429,0.6605711824940409,0.33,0.66,normalised
69.78333333333333,,,0.3311882192479928,0.6550167081128256,1,,,,,,,,,SYNTHETIC_GP3,0.3311882192479928,0.6550167081128256,0.33,0.66,normalised
69.8,,,0.3293138545285619,0.6601028124140629,1,,,,,,,,,SYNTHETIC_GP3,0.3293138545285619,0.6601028124140629,0.33,0.66,normalised
69.81666666666666,,,0.3316627842093895,0.6575425490594174,1,,,,,,,,,SYNTHETIC_GP3,0.3316627842093895,0.6575425490594174,0.33,0.66,normalised
69.83333333333333,,,0.3341439225800535,0.6516453112101034,1,,,,,,,,,SYNTHETIC_GP3,0.3341439225800535,0.6516453112101034,0.33,0.66,normalised
69.85,,,0.3247245657301,0.6626904753731377,1,,,,,,,,,SYNTHETIC_GP3,0.3247245657301,0.6626904753731377,0.33,0.66,normalised
69.86666666666666,,,0.3327999715227072,0.6572241908795642,1,,,,,,,,,SYNTHETIC_GP3,0.3327999715227072,0.6572241908795642,0.33,0.66,normalised
69.88333333333333,,,0.3345843974097991,0.6580268429155827,1,,,,,,,,,SYNTHETIC_GP3,0.3345843974097991,0.6580268429155827,0.33,0.66,normalised
69.9,,,0.3321240042306723,0.6618752747847932,1,,,,,,,,,SYNTHETIC_GP3,0.3321240042306723,0.6618752747847932,0.33,0.66,normalised
69.91666666666667,,,0.3295279713689678,0.6584493223526819,1,,,,,,,,,SYNTHETIC_GP3,0.3295279713689678,0.6584493223526819,0.33,0.66,normalised
69.93333333333334,,,0.3358671572600679,0.6587988916683601,1,,,,,,,,,SYNTHETIC_GP3,0.3358671572600679,0.6587988916683601,0.33,0.66,normalised
69.95,,,0.3359371912437966,0.666133517011264,1,,,,,,,,,SYNTHETIC_GP3,0.3359371912437966,0.666133517011264,0.33,0.66,normalised
69.96666666666667,,,0.3283980998711654,0.6606079484871374,1,,,,,,,,,SYNTHETIC_GP3,0.3283980998711654,0.6606079484871374,0.33,0.66,normalised
69.98333333333333,,,0.3338579171943497,0.6632665393254281,1,,,,,,,,,SYNTHETIC_GP3,0.3338579171943497,0.6632665393254281,0.33,0.66,normalised
70.0,,,0.3329393581087748,0.6484655413797668,1,,,,,,,,,SYNTHETIC_GP3,0.3329393581087748,0.6484655413797668,0.33,0.66,normalised
70.01666666666667,,,0.3237857811686042,0.6595558343422141,1,,,,,,,,,SYNTHETIC_GP3,0.3237857811686042,0.6595558343422141,0.33,0.66,normalised
70.03333333333333,,,0.3333604288303927,0.6613491821512494,1,,,,,,,,,SYNTHETIC_GP3,0.3333604288303927,0.6613491821512494,0.33,0.66,normalised
70.05,,,0.3263762472060771,0.6580133636892356,1,,,,,,,,,SYNTHETIC_GP3,0.3263762472060771,0.6580133636892356,0.33,0.66,normalised
70.06666666666666,,,0.3321226823367367,0.6648124587436439,1,,,,,,,,,SYNTHETIC_GP3,0.3321226823367367,0.6648124587436439,0.33,0.66,normalised
70.08333333333333,,,0.3260504364969261,0.6551745091793184,1,,,,,,,,,SYNTHETIC_GP3,0.3260504364969261,0.6551745091793184,0.33,0.66,normalised
70.1,,,0.3340965652139726,0.6615693132521844,1,,,,,,,,,SYNTHETIC_GP3,0.3340965652139726,0.6615693132521844,0.33,0.66,normalised
70.11666666666666,,,0.3414937008748669,0.6583327190418455,1,,,,,,,,,SYNTHETIC_GP3,0.3414937008748669,0.6583327190418455,0.33,0.66,normalised
70.13333333333333,,,0.3294636219129394,0.65374733802753,1,,,,,,,,,SYNTHETIC_GP3,0.3294636219129394,0.65374733802753,0.33,0.66,normalised
70.15,,,0.3281967795907721,0.6592313977707497,1,,,,,,,,,SYNTHETIC_GP3,0.3281967795907721,0.6592313977707497,0.33,0.66,normalised
70.16666666666667,,,0.325529391882496,0.6578789335597107,1,,,,,,,,,SYNTHETIC_GP3,0.325529391882496,0.6578789335597107,0.33,0.66,normalised
70.18333333333334,,,0.3278493205672828,0.6624588268640558,1,,,,,,,,,SYNTHETIC_GP3,0.3278493205672828,0.6624588268640558,0.33,0.66,normalised
70.2,,,0.336175401286675,0.6587904454271297,1,,,,,,,,,SYNTHETIC_GP3,0.336175401286675,0.6587904454271297,0.33,0.66,normalised
70.21666666666667,,,0.3321764965629568,0.6636086672046805,1,,,,,,,,,SYNTHETIC_GP3,0.3321764965629568,0.6636086672046805,0.33,0.66,normalised
70.23333333333333,,,0.3250598552869389,0.6555905350613144,1,,,,,,,,,SYNTHETIC_GP3,0.3250598552869389,0.6555905350613144,0.33,0.66,normalised
70.25,,,0.3310111191610386,0.6581159906233193,1,,,,,,,,,SYNTHETIC_GP3,0.3310111191610386,0.6581159906233193,0.33,0.66,normalised
70.26666666666667,,,0.3304353538437883,0.6509589258256956,1,,,,,,,,,SYNTHETIC_GP3,0.3304353538437883,0.6509589258256956,0.33,0.66,normalised
70.28333333333333,,,0.3344128292544965,0.6622683506485263,1,,,,,,,,,SYNTHETIC_GP3,0.3344128292544965,0.6622683506485263,0.33,0.66,normalised
70.3,,,0.3299906791196327,0.6515864032215675,1,,,,,,,,,SYNTHETIC_GP3,0.3299906791196327,0.6515864032215675,0.33,0.66,normalised
70.31666666666666,,,0.3335801065654495,0.6647625645364459,1,,,,,,,,,SYNTHETIC_GP3,0.3335801065654495,0.6647625645364459,0.33,0.66,normalised
70.33333333333333,,,0.3315635342756098,0.6592364995761004,1,,,,,,,,,SYNTHETIC_GP3,0.3315635342756098,0.6592364995761004,0.33,0.66,normalised
70.35,,,0.3251771928152019,0.656076349293941,1,,,,,,,,,SYNTHETIC_GP3,0.3251771928152019,0.656076349293941,0.33,0.66,normalised
70.36666666666666,,,0.3277876635220442,0.6616400640862312,1,,,,,,,,,SYNTHETIC_GP3,0.3277876635220442,0.6616400640862312,0.33,0.66,normalised
70.38333333333333,,,0.3372459967158174,0.6602037316842871,1,,,,,,,,,SYNTHETIC_GP3,0.3372459967158174,0.6602037316842871,0.33,0.66,normalised
70.4,,,0.333429600493807,0.651723769160208,1,,,,,,,,,SYNTHETIC_GP3,0.333429600493807,0.651723769160208,0.33,0.66,normalised
70.41666666666667,,,0.3327449519777182,0.6622784703450183,1,,,,,,,,,SYNTHETIC_GP3,0.3327449519777182,0.6622784703450183,0.33,0.66,normalised
70.43333333333334,,,0.3319121449867153,0.6672348363987871,1,,,,,,,,,SYNTHETIC_GP3,0.3319121449867153,0.6672348363987871,0.33,0.66,normalised
70.45,,,0.3254163589729702,0.6519979521486724,1,,,,,,,,,SYNTHETIC_GP3,0.3254163589729702,0.6519979521486724,0.33,0.66,normalised
70.46666666666667,,,0.3308906242904121,0.6600489563155062,1,,,,,,,,,SYNTHETIC_GP3,0.3308906242904121,0.6600489563155062,0.33,0.66,normalised
70.48333333333333,,,0.3337164286615638,0.664692668651343,1,,,,,,,,,SYNTHETIC_GP3,0.3337164286615638,0.664692668651343,0.33,0.66,normalised
70.5,,,0.3349512268661552,0.6579291780540785,1,,,,,,,,,SYNTHETIC_GP3,0.3349512268661552,0.6579291780540785,0.33,0.66,normalised
70.51666666666667,,,0.336207869926603,0.6514320224632636,1,,,,,,,,,SYNTHETIC_GP3,0.336207869926603,0.6514320224632636,0.33,0.66,normalised
70.53333333333333,,,0.3335706978139117,0.6595535829019318,1,,,,,,,,,SYNTHETIC_GP3,0.3335706978139117,0.6595535829019318,0.33,0.66,normalised
70.55,,,0.3344084318222899,0.6626226416260739,1,,,,,,,,,SYNTHETIC_GP3,0.3344084318222899,0.6626226416260739,0.33,0.66,normalised
70.56666666666666,,,0.3297935741134177,0.6556934245720141,1,,,,,,,,,SYNTHETIC_GP3,0.3297935741134177,0.6556934245720141,0.33,0.66,normalised
70.58333333333333,,,0.3377438055493411,0.6494257878182266,1,,,,,,,,,SYNTHETIC_GP3,0.3377438055493411,0.6494257878182266,0.33,0.66,normalised
70.6,,,0.3281803050908471,0.6514584348747111,1,,,,,,,,,SYNTHETIC_GP3,0.3281803050908471,0.6514584348747111,0.33,0.66,normalised
70.61666666666666,,,0.3334221878942227,0.6535639224691,1,,,,,,,,,SYNTHETIC_GP3,0.3334221878942227,0.6535639224691,0.33,0.66,normalised
70.63333333333333,,,0.3310450357410963,0.6628495591885359,1,,,,,,,,,SYNTHETIC_GP3,0.3310450357410963,0.6628495591885359,0.33,0.66,normalised
70.65,,,0.3371557047465927,0.6562071220971384,1,,,,,,,,,SYNTHETIC_GP3,0.3371557047465927,0.6562071220971384,0.33,0.66,normalised
70.66666666666667,,,0.331547946313164,0.6579285249444616,1,,,,,,,,,SYNTHETIC_GP3,0.331547946313164,0.6579285249444616,0.33,0.66,normalised
70.68333333333334,,,0.3350639490586856,0.660836117034239,1,,,,,,,,,SYNTHETIC_GP3,0.3350639490586856,0.660836117034239,0.33,0.66,normalised
70.7,,,,,0,,,,,,,,,SYNTHETIC_GP3,,,0.33,0.66,normalised
70.71666666666667,,,0.3369100102025724,0.6579788475858084,1,,,,,,,,,SYNTHETIC_GP3,0.3369100102025724,0.6579788475858084,0.33,0.66,normalised
70.73333333333333,,,0.3359908210611466,0.6573673328117274,1,,,,,,,,,SYNTHETIC_GP3,0.3359908210611466,0.6573673328117274,0.33,0.66,normalised
70.75,,,0.3384209529768616,0.6591912653809218,1,,,,,,,,,SYNTHETIC_GP3,0.3384209529768616,0.6591912653809218,0.33,0.66,normalised
70.76666666666667,,,0.3310062160759077,0.658583837014231,1,,,,,,,,,SYNTHETIC_GP3,0.3310062160759077,0.658583837014231,0.33,0.66,normalised
70.78333333333333,,,0.3358294389687588,0.6566355498951278,1,,,,,,,,,SYNTHETIC_GP3,0.3358294389687588,0.6566355498951278,0.33,0.66,normalised
70.8,,,0.3350507722290058,0.6568377266914811,1,,,,,,,,,SYNTHETIC_GP3,0.3350507722290058,0.6568377266914811,0.33,0.66,normalised
70.81666666666666,,,0.3368461672332854,0.6590057033896727,1,,,,,,,,,SYNTHETIC_GP3,0.3368461672332854,0.6590057033896727,0.33,0.66,normalised
70.83333333333333,,,0.3351806644946803,0.6560576357404903,1,,,,,,,,,SYNTHETIC_GP3,0.3351806644946803,0.6560576357404903,0.33,0.66,normalised
70.85,,,0.3329884600170961,0.6650744558728204,1,,,,,,,,,SYNTHETIC_GP3,0.3329884600170961,0.6650744558728204,0.33,0.66,normalised
70.86666666666666,,,0.3369272819230831,0.6640036268749308,1,,,,,,,,,SYNTHETIC_GP3,0.3369272819230831,0.6640036268749308,0.33,0.66,normalised
70.88333333333333,,,0.3214935866280654,0.6612785103971515,1,,,,,,,,,SYNTHETIC_GP3,0.3214935866280654,0.6612785103971515,0.33,0.66,normalised
70.9,,,0.3309685582409498,0.6581151517789425,1,,,,,,,,,SYNTHETIC_GP3,0.3309685582409498,0.6581151517789425,0.33,0.66,normalised
70.91666666666667,,,0.3288350538862133,0.658201587574917,1,,,,,,,,,SYNTHETIC_GP3,0.3288350538862133,0.658201587574917,0.33,0.66,normalised
70.93333333333334,,,0.3368898456818562,0.6626740010925357,1,,,,,,,,,SYNTHETIC_GP3,0.3368898456818562,0.6626740010925357,0.33,0.66,normalised
70.95,,,0.3315373291727481,0.659548137579776,1,,,,,,,,,SYNTHETIC_GP3,0.3315373291727481,0.659548137579776,0.33,0.66,normalised
70.96666666666667,,,0.3352852117990574,0.6557212236400843,1,,,,,,,,,SYNTHETIC_GP3,0.3352852117990574,0.6557212236400843,0.33,0.66,normalised
70.98333333333333,,,0.3328878007014442,0.660447935848303,1,,,,,,,,,SYNTHETIC_GP3,0.3328878007014442,0.660447935848303,0.33,0.66,normalised
71.0,,,0.3366947216974018,0.6607003584057873,1,,,,,,,,,SYNTHETIC_GP3,0.3366947216974018,0.6607003584057873,0.33,0.66,normalised
71.01666666666667,,,0.335626041685698,0.6605884800834498,1,,,,,,,,,SYNTHETIC_GP3,0.335626041685698,0.6605884800834498,0.33,0.66,normalised
71.03333333333333,,,0.3323362407323856,0.6551235412920454,1,,,,,,,,,SYNTHETIC_GP3,0.3323362407323856,0.6551235412920454,0.33,0.66,normalised
71.05,,,0.3343672597345295,0.6546835032945918,1,,,,,,,,,SYNTHETIC_GP3,0.3343672597345295,0.6546835032945918,0.33,0.66,normalised
71.06666666666666,,,0.3323634834123117,0.6565154760849027,1,,,,,,,,,SYNTHETIC_GP3,0.3323634834123117,0.6565154760849027,0.33,0.66,normalised
71.08333333333333,,,0.3305443936855413,0.6550616214832359,1,,,,,,,,,SYNTHETIC_GP3,0.3305443936855413,0.6550616214832359,0.33,0.66,normalised
71.1,,,0.3343544125759536,0.6538318205781173,1,,,,,,,,,SYNTHETIC_GP3,0.3343544125759536,0.6538318205781173,0.33,0.66,normalised
71.11666666666666,,,0.3385899306123715,0.6623257611505546,1,,,,,,,,,SYNTHETIC_GP3,0.3385899306123715,0.6623257611505546,0.33,0.66,normalised
71.13333333333333,,,0.3358068367710221,0.6576343516725741,1,,,,,,,,,SYNTHETIC_GP3,0.3358068367710221,0.6576343516725741,0.33,0.66,normalised
71.15,,,0.329182157496538,0.6579025666895197,1,,,,,,,,,SYNTHETIC_GP3,0.329182157496538,0.6579025666895197,0.33,0.66,normalised
71.16666666666667,,,0.3357556552175498,0.6586599107397136,1,,,,,,,,,SYNTHETIC_GP3,0.3357556552175498,0.6586599107397136,0.33,0.66,normalised
71.18333333333334,,,0.3291158701550224,0.6506945404292042,1,,,,,,,,,SYNTHETIC_GP3,0.3291158701550224,0.6506945404292042,0.33,0.66,normalised
71.2,,,0.3203014912361417,0.6612845771883114,1,,,,,,,,,SYNTHETIC_GP3,0.3203014912361417,0.6612845771883114,0.33,0.66,normalised
71.21666666666667,,,0.3284682060735586,0.658028619616973,1,,,,,,,,,SYNTHETIC_GP3,0.3284682060735586,0.658028619616973,0.33,0.66,normalised
71.23333333333333,,,0.3329385401831085,0.6547355666363055,1,,,,,,,,,SYNTHETIC_GP3,0.3329385401831085,0.6547355666363055,0.33,0.66,normalised
71.25,,,0.3264594810807215,0.6574339833418363,1,,,,,,,,,SYNTHETIC_GP3,0.3264594810807215,0.6574339833418363,0.33,0.66,normalised
71.26666666666667,,,0.333021284152507,0.6623889242065968,1,,,,,,,,,SYNTHETIC_GP3,0.333021284152507,0.6623889242065968,0.33,0.66,normalised
71.28333333333333,,,0.3369474860231604,0.6582302432227894,1,,,,,,,,,SYNTHETIC_GP3,0.3369474860231604,0.6582302432227894,0.33,0.66,normalised
71.3,,,0.3319431399080107,0.6645796666610803,1,,,,,,,,,SYNTHETIC_GP3,0.3319431399080107,0.6645796666610803,0.33,0.66,normalised
71.31666666666666,,,0.33401281747391,0.6643396643116211,1,,,,,,,,,SYNTHETIC_GP3,0.33401281747391,0.6643396643116211,0.33,0.66,normalised
71.33333333333333,,,0.3311190790298173,0.6652722630118172,1,,,,,,,,,SYNTHETIC_GP3,0.3311190790298173,0.6652722630118172,0.33,0.66,normalised
71.35,,,0.4927789710331174,0.5010319376247977,1,,,,,,,,,SYNTHETIC_GP3,0.4927789710331174,0.5010319376247977,0.5,0.5,normalised
71.36666666666666,,,0.5032247686817398,0.5018218872235111,1,,,,,,,,,SYNTHETIC_GP3,0.5032247686817398,0.5018218872235111,0.5,0.5,normalised
71.38333333333333,,,0.4992275255155017,0.4919328418106559,1,,,,,,,,,SYNTHETIC_GP3,0.4992275255155017,0.4919328418106559,0.5,0.5,normalised
71.4,,,0.5033876422489695,0.4972505239263676,1,,,,,,,,,SYNTHETIC_GP3,0.5033876422489695,0.4972505239263676,0.5,0.5,normalised
71.41666666666667,,,0.4943771118816291,0.5029495606449509,1,,,,,,,,,SYNTHETIC_GP3,0.4943771118816291,0.5029495606449509,0.5,0.5,normalised
71.43333333333334,,,0.5029406320607012,0.5009398840165711,1,,,,,,,,,SYNTHETIC_GP3,0.5029406320607012,0.5009398840165711,0.5,0.5,normalised
71.45,,,0.5043755312107492,0.4902297266676503,1,,,,,,,,,SYNTHETIC_GP3,0.5043755312107492,0.4902297266676503,0.5,0.5,normalised
71.46666666666667,,,0.507810407082696,0.4979465130955111,1,,,,,,,,,SYNTHETIC_GP3,0.507810407082696,0.4979465130955111,0.5,0.5,normalised
71.48333333333333,,,0.5031396162505131,0.4968025446832249,1,,,,,,,,,SYNTHETIC_GP3,0.5031396162505131,0.4968025446832249,0.5,0.5,normalised
71.5,,,0.4969689166941596,0.5002391619636594,1,,,,,,,,,SYNTHETIC_GP3,0.4969689166941596,0.5002391619636594,0.5,0.5,normalised
71.51666666666667,,,0.5023832864285824,0.496904687782688,1,,,,,,,,,SYNTHETIC_GP3,0.5023832864285824,0.496904687782688,0.5,0.5,normalised
71.53333333333333,,,0.4944625531649851,0.4975328340419231,1,,,,,,,,,SYNTHETIC_GP3,0.4944625531649851,0.4975328340419231,0.5,0.5,normalised
71.55,,,0.4946572762747133,0.4990661228923083,1,,,,,,,,,SYNTHETIC_GP3,0.4946572762747133,0.4990661228923083,0.5,0.5,normalised
71.56666666666666,,,0.50326066157315,0.4983657117973711,1,,,,,,,,,SYNTHETIC_GP3,0.50326066157315,0.4983657117973711,0.5,0.5,normalised
71.58333333333333,,,0.5045238304962689,0.5003919024710788,1,,,,,,,,,SYNTHETIC_GP3,0.5045238304962689,0.5003919024710788,0.5,0.5,normalised
71.6,,,0.5031618722471634,0.4942861987848262,1,,,,,,,,,SYNTHETIC_GP3,0.5031618722471634,0.4942861987848262,0.5,0.5,normalised
71.61666666666666,,,0.507081940119873,0.4994624437190307,1,,,,,,,,,SYNTHETIC_GP3,0.507081940119873,0.4994624437190307,0.5,0.5,normalised
71.63333333333333,,,0.5055255546207236,0.5002756818637037,1,,,,,,,,,SYNTHETIC_GP3,0.5055255546207236,0.5002756818637037,0.5,0.5,normalised
71.65,,,0.5045889583027461,0.4945075778477843,1,,,,,,,,,SYNTHETIC_GP3,0.5045889583027461,0.4945075778477843,0.5,0.5,normalised
71.66666666666667,,,0.4957002049642925,0.4985772727279927,1,,,,,,,,,SYNTHETIC_GP3,0.4957002049642925,0.4985772727279927,0.5,0.5,normalised
71.68333333333334,,,0.4994679602452315,0.5035130178680866,1,,,,,,,,,SYNTHETIC_GP3,0.4994679602452315,0.5035130178680866,0.5,0.5,normalised
71.7,,,0.502950570161567,0.5003218628623857,1,,,,,,,,,SYNTHETIC_GP3,0.502950570161567,0.5003218628623857,0.5,0.5,normalised
71.71666666666667,,,0.4964694201068093,0.5003367089131099,1,,,,,,,,,SYNTHETIC_GP3,0.4964694201068093,0.5003367089131099,0.5,0.5,normalised
71.73333333333333,,,0.4973657565459449,0.4944795250448079,1,,,,,,,,,SYNTHETIC_GP3,0.4973657565459449,0.4944795250448079,0.5,0.5,normalised
71.75,,,0.4961267061561593,0.5047149481605674,1,,,,,,,,,SYNTHETIC_GP3,0.4961267061561593,0.5047149481605674,0.5,0.5,normalised
71.76666666666667,,,0.4995426337270672,0.4948633767533936,1,,,,,,,,,SYNTHETIC_GP3,0.4995426337270672,0.4948633767533936,0.5,0.5,normalised
71.78333333333333,,,0.5029418414719324,0.4989897184829131,1,,,,,,,,,SYNTHETIC_GP3,0.5029418414719324,0.4989897184829131,0.5,0.5,normalised
71.8,,,0.507012982193848,0.496503546282656,1,,,,,,,,,SYNTHETIC_GP3,0.507012982193848,0.496503546282656,0.5,0.5,normalised
71.81666666666666,,,0.5024051427562256,0.4980464957803788,1,,,,,,,,,SYNTHETIC_GP3,0.5024051427562256,0.4980464957803788,0.5,0.5,normalised
71.83333333333333,,,0.5008282376223708,0.5041351157192469,1,,,,,,,,,SYNTHETIC_GP3,0.5008282376223708,0.5041351157192469,0.5,0.5,normalised
71.85,,,0.4980582629180252,0.5020285446450949,1,,,,,,,,,SYNTHETIC_GP3,0.4980582629180252,0.5020285446450949,0.5,0.5,normalised
71.86666666666666,,,0.5074963206211008,0.5010991440918321,1,,,,,,,,,SYNTHETIC_GP3,0.5074963206211008,0.5010991440918321,0.5,0.5,normalised
71.88333333333333,,,0.5032561692955055,0.5017770753112296,1,,,,,,,,,SYNTHETIC_GP3,0.5032561692955055,0.5017770753112296,0.5,0.5,normalised
71.9,,,0.5051378316108597,0.5051603607656885,1,,,,,,,,,SYNTHETIC_GP3,0.5051378316108597,0.5051603607656885,0.5,0.5,normalised
71.91666666666667,,,0.498068757222082,0.4893108980386894,1,,,,,,,,,SYNTHETIC_GP3,0.498068757222082,0.4893108980386894,0.5,0.5,normalised
71.93333333333334,,,0.4972223461772554,0.4928281469791606,1,,,,,,,,,SYNTHETIC_GP3,0.4972223461772554,0.4928281469791606,0.5,0.5,normalised
71.95,,,0.5032407836651485,0.4986106724187532,1,,,,,,,,,SYNTHETIC_GP3,0.5032407836651485,0.4986106724187532,0.5,0.5,normalised
71.96666666666667,,,0.5026774019806307,0.4922041655726699,1,,,,,,,,,SYNTHETIC_GP3,0.5026774019806307,0.4922041655726699,0.5,0.5,normalised
71.98333333333333,,,0.5071273783032142,0.5023809490281073,1,,,,,,,,,SYNTHETIC_GP3,0.5071273783032142,0.5023809490281073,0.5,0.5,normalised
72.0,,,0.6595817845788691,0.3275829913415178,1,,,,,,,,,SYNTHETIC_GP3,0.6595817845788691,0.3275829913415178,0.66,0.33,normalised
72.01666666666667,,,0.6612518388379406,0.3298393348955116,1,,,,,,,,,SYNTHETIC_GP3,0.6612518388379406,0.3298393348955116,0.66,0.33,normalised
72.03333333333333,,,0.6601336814102308,0.3300403715941455,1,,,,,,,,,SYNTHETIC_GP3,0.6601336814102308,0.3300403715941455,0.66,0.33,normalised
72.05,,,0.6663915684793456,0.3309710703200353,1,,,,,,,,,SYNTHETIC_GP3,0.6663915684793456,0.3309710703200353,0.66,0.33,normalised
72.06666666666666,,,0.6589911706205145,0.3316967575741489,1,,,,,,,,,SYNTHETIC_GP3,0.6589911706205145,0.3316967575741489,0.66,0.33,normalised
72.08333333333333,,,0.6653364463891767,0.3250842788139832,1,,,,,,,,,SYNTHETIC_GP3,0.6653364463891767,0.3250842788139832,0.66,0.33,normalised
72.1,,,0.6620079489568573,0.3253336755313066,1,,,,,,,,,SYNTHETIC_GP3,0.6620079489568573,0.3253336755313066,0.66,0.33,normalised
72.11666666666666,,,0.6644467174566265,0.328363505016297,1,,,,,,,,,SYNTHETIC_GP3,0.6644467174566265,0.328363505016297,0.66,0.33,normalised
72.13333333333333,,,0.6676379425992738,0.328896741772636,1,,,,,,,,,SYNTHETIC_GP3,0.6676379425992738,0.328896741772636,0.66,0.33,normalised
72.15,,,0.6642616888787891,0.3267648192402078,1,,,,,,,,,SYNTHETIC_GP3,0.6642616888787891,0.3267648192402078,0.66,0.33,normalised
72.16666666666667,,,0.6699365281075629,0.32374416107089,1,,,,,,,,,SYNTHETIC_GP3,0.6699365281075629,0.32374416107089,0.66,0.33,normalised
72.18333333333334,,,0.6636153743019475,0.3225516045657932,1,,,,,,,,,SYNTHETIC_GP3,0.6636153743019475,0.3225516045657932,0.66,0.33,normalised
72.2,,,0.6548977240428077,0.3293002885226824,1,,,,,,,,,SYNTHETIC_GP3,0.6548977240428077,0.3293002885226824,0.66,0.33,normalised
72.21666666666667,,,0.6637003328330758,0.3386524629404509,1,,,,,,,,,SYNTHETIC_GP3,0.6637003328330758,0.3386524629404509,0.66,0.33,normalised
72.23333333333333,,,0.6613531068024466,0.3340954841603284,1,,,,,,,,,SYNTHETIC_GP3,0.6613531068024466,0.3340954841603284,0.66,0.33,normalised
72.25,,,0.6587134755525833,0.3288464288643576,1,,,,,,,,,SYNTHETIC_GP3,0.6587134755525833,0.3288464288643576,0.66,0.33,normalised
72.26666666666667,,,0.6613763479847591,0.342530124064649,1,,,,,,,,,SYNTHETIC_GP3,0.6613763479847591,0.342530124064649,0.66,0.33,normalised
72.28333333333333,,,0.6586412449113422,0.3246228335259528,1,,,,,,,,,SYNTHETIC_GP3,0.6586412449113422,0.3246228335259528,0.66,0.33,normalised
72.3,,,0.6638846420692847,0.32597514510816,1,,,,,,,,,SYNTHETIC_GP3,0.6638846420692847,0.32597514510816,0.66,0.33,normalised
72.31666666666666,,,0.6632971356599962,0.3267747721271203,1,,,,,,,,,SYNTHETIC_GP3,0.6632971356599962,0.3267747721271203,0.66,0.33,normalised
72.33333333333333,,,0.6657335390705204,0.330177160078991,1,,,,,,,,,SYNTHETIC_GP3,0.6657335390705204,0.330177160078991,0.66,0.33,normalised
72.35,,,0.6646752875433793,0.3358851104241019,1,,,,,,,,,SYNTHETIC_GP3,0.6646752875433793,0.3358851104241019,0.66,0.33,normalised
72.36666666666666,,,0.6647404496538917,0.3251434945709087,1,,,,,,,,,SYNTHETIC_GP3,0.6647404496538917,0.3251434945709087,0.66,0.33,normalised
72.38333333333333,,,,,0,,,,,,,,,SYNTHETIC_GP3,,,0.66,0.33,normalised
72.4,,,0.6610241211469378,0.3373192437676327,1,,,,,,,,,SYNTHETIC_GP3,0.6610241211469378,0.3373192437676327,0.66,0.33,normalised
72.41666666666667,,,0.6543238150649586,0.3207416200750802,1,,,,,,,,,SYNTHETIC_GP3,0.6543238150649586,0.3207416200750802,0.66,0.33,normalised
72.43333333333334,,,0.6645315101557931,0.3309672703151213,1,,,,,,,,,SYNTHETIC_GP3,0.6645315101557931,0.3309672703151213,0.66,0.33,normalised
72.45,,,0.6621138210718968,0.3282319712899096,1,,,,,,,,,SYNTHETIC_GP3,0.6621138210718968,0.3282319712899096,0.66,0.33,normalised
72.46666666666667,,,0.6632165088821727,0.3314965291064206,1,,,,,,,,,SYNTHETIC_GP3,0.6632165088821727,0.3314965291064206,0.66,0.33,normalised
72.48333333333333,,,0.6617259683248116,0.3220232524831274,1,,,,,,,,,SYNTHETIC_GP3,0.6617259683248116,0.3220232524831274,0.66,0.33,normalised
72.5,,,0.663325012893634,0.3345735608621205,1,,,,,,,,,SYNTHETIC_GP3,0.663325012893634,0.3345735608621205,0.66,0.33,normalised
72.51666666666667,,,0.6539342928139338,0.3265067035691102,1,,,,,,,,,SYNTHETIC_GP3,0.6539342928139338,0.3265067035691102,0.66,0.33,normalised
72.53333333333333,,,0.6634017508004167,0.3313361860099579,1,,,,,,,,,SYNTHETIC_GP3,0.6634017508004167,0.3313361860099579,0.66,0.33,normalised
72.55,,,0.669109286625098,0.3298164951025358,1,,,,,,,,,SYNTHETIC_GP3,0.669109286625098,0.3298164951025358,0.66,0.33,normalised
72.56666666666666,,,0.663598319735511,0.3267738474215645,1,,,,,,,,,SYNTHETIC_GP3,0.663598319735511,0.3267738474215645,0.66,0.33,normalised
72.58333333333333,,,0.6602814569458156,0.3331144651226662,1,,,,,,,,,SYNTHETIC_GP3,0.6602814569458156,0.3331144651226662,0.66,0.33,normalised
72.6,,,0.6673988760434995,0.3225535241555581,1,,,,,,,,,SYNTHETIC_GP3,0.6673988760434995,0.3225535241555581,0.66,0.33,normalised
72.61666666666666,,,0.6633968697348233,0.320540771684013,1,,,,,,,,,SYNTHETIC_GP3,0.6633968697348233,0.320540771684013,0.66,0.33,normalised
72.63333333333333,,,0.6635813687970306,0.3258377892209521,1,,,,,,,,,SYNTHETIC_GP3,0.6635813687970306,0.3258377892209521,0.66,0.33,normalised
72.65,,,0.6700225977264073,0.3241854574676904,1,,,,,,,,,SYNTHETIC_GP3,0.6700225977264073,0.3241854574676904,0.66,0.33,normalised
72.66666666666667,,,0.6639450995205989,0.3255451939348564,1,,,,,,,,,SYNTHETIC_GP3,0.6639450995205989,0.3255451939348564,0.66,0.33,normalised
72.68333333333334,,,0.6594846225998644,0.3314110407066132,1,,,,,,,,,SYNTHETIC_GP3,0.6594846225998644,0.3314110407066132,0.66,0.33,normalised
72.7,,,0.6586881101371002,0.32789618141439,1,,,,,,,,,SYNTHETIC_GP3,0.6586881101371002,0.32789618141439,0.66,0.33,normalised
72.71666666666667,,,0.6665355044192512,0.3297738582374585,1,,,,,,,,,SYNTHETIC_GP3,0.6665355044192512,0.3297738582374585,0.66,0.33,normalised
72.73333333333333,,,0.6555439298557092,0.3299365143652669,1,,,,,,,,,SYNTHETIC_GP3,0.6555439298557092,0.3299365143652669,0.66,0.33,normalised
72.75,,,0.6600293207590514,0.3325913278172037,1,,,,,,,,,SYNTHETIC_GP3,0.6600293207590514,0.3325913278172037,0.66,0.33,normalised
72.76666666666667,,,0.6593400060387965,0.3302354452444556,1,,,,,,,,,SYNTHETIC_GP3,0.6593400060387965,0.3302354452444556,0.66,0.33,normalised
72.78333333333333,,,0.6660234220735664,0.3273957630131656,1,,,,,,,,,SYNTHETIC_GP3,0.6660234220735664,0.3273957630131656,0.66,0.33,normalised
72.8,,,0.6612066250542232,0.3254891047151271,1,,,,,,,,,SYNTHETIC_GP3,0.6612066250542232,0.3254891047151271,0.66,0.33,normalised
72.81666666666666,,,0.6627612218849854,0.3238645989892424,1,,,,,,,,,SYNTHETIC_GP3,0.6627612218849854,0.3238645989892424,0.66,0.33,normalised
72.83333333333333,,,0.6545315649224882,0.3302518524363571,1,,,,,,,,,SYNTHETIC_GP3,0.6545315649224882,0.3302518524363571,0.66,0.33,normalised
72.85,,,0.6599881187476422,0.330428411246069,1,,,,,,,,,SYNTHETIC_GP3,0.6599881187476422,0.330428411246069,0.66,0.33,normalised
72.86666666666666,,,0.6618982803914897,0.3232571145711602,1,,,,,,,,,SYNTHETIC_GP3,0.6618982803914897,0.3232571145711602,0.66,0.33,normalised
72.88333333333333,,,0.6618316425619656,0.3242463831585065,1,,,,,,,,,SYNTHETIC_GP3,0.6618316425619656,0.3242463831585065,0.66,0.33,normalised
72.9,,,0.6620065733906071,0.3332078981059334,1,,,,,,,,,SYNTHETIC_GP3,0.6620065733906071,0.3332078981059334,0.66,0.33,normalised
72.91666666666667,,,0.6643749843412821,0.326861676392739,1,,,,,,,,,SYNTHETIC_GP3,0.6643749843412821,0.326861676392739,0.66,0.33,normalised
72.93333333333334,,,0.6630036622082717,0.3298898688090977,1,,,,,,,,,SYNTHETIC_GP3,0.6630036622082717,0.3298898688090977,0.66,0.33,normalised
72.95,,,0.6673502710822924,0.3255463406750694,1,,,,,,,,,SYNTHETIC_GP3,0.6673502710822924,0.3255463406750694,0.66,0.33,normalised
72.96666666666667,,,0.6599047315229771,0.3277936220440419,1,,,,,,,,,SYNTHETIC_GP3,0.6599047315229771,0.3277936220440419,0.66,0.33,normalised
72.98333333333333,,,0.661520080831646,0.3219034343333548,1,,,,,,,,,SYNTHETIC_GP3,0.661520080831646,0.3219034343333548,0.66,0.33,normalised
73.0,,,0.6602278937254653,0.3351568583961791,1,,,,,,,,,SYNTHETIC_GP3,0.6602278937254653,0.3351568583961791,0.66,0.33,normalised
73.01666666666667,,,0.6682572101239109,0.3182875699548256,1,,,,,,,,,SYNTHETIC_GP3,0.6682572101239109,0.3182875699548256,0.66,0.33,normalised
73.03333333333333,,,0.6670897086059542,0.3327705172215247,1,,,,,,,,,SYNTHETIC_GP3,0.6670897086059542,0.3327705172215247,0.66,0.33,normalised
73.05,,,0.6566617312969785,0.3222408256027121,1,,,,,,,,,SYNTHETIC_GP3,0.6566617312969785,0.3222408256027121,0.66,0.33,normalised
73.06666666666666,,,0.6568815330706244,0.3285528027583714,1,,,,,,,,,SYNTHETIC_GP3,0.6568815330706244,0.3285528027583714,0.66,0.33,normalised
73.08333333333333,,,0.6656382722968794,0.3309299799679033,1,,,,,,,,,SYNTHETIC_GP3,0.6656382722968794,0.3309299799679033,0.66,0.33,normalised
73.1,,,0.6661249044002752,0.3237329465620184,1,,,,,,,,,SYNTHETIC_GP3,0.6661249044002752,0.3237329465620184,0.66,0.33,normalised
73.11666666666666,,,0.6641532722012434,0.3276259049860375,1,,,,,,,,,SYNTHETIC_GP3,0.6641532722012434,0.3276259049860375,0.66,0.33,normalised
73.13333333333333,,,0.6561409215361905,0.3259195525303285,1,,,,,,,,,SYNTHETIC_GP3,0.6561409215361905,0.3259195525303285,0.66,0.33,normalised
73.15,,,0.659721015842643,0.3294509703903346,1,,,,,,,,,SYNTHETIC_GP3,0.659721015842643,0.3294509703903346,0.66,0.33,normalised
73.16666666666667,,,0.6593987523562098,0.3264552618181592,1,,,,,,,,,SYNTHETIC_GP3,0.6593987523562098,0.3264552618181592,0.66,0.33,normalised
73.18333333333334,,,0.6609565483491644,0.3205192688263472,1,,,,,,,,,SYNTHETIC_GP3,0.6609565483491644,0.3205192688263472,0.66,0.33,normalised
73.2,,,0.6612685912707422,0.33111557270247,1,,,,,,,,,SYNTHETIC_GP3,0.6612685912707422,0.33111557270247,0.66,0.33,normalised
73.21666666666667,,,0.6554800248726114,0.3347699537388726,1,,,,,,,,,SYNTHETIC_GP3,0.6554800248726114,0.3347699537388726,0.66,0.33,normalised
73.23333333333333,,,0.6592849101637535,0.3359965870992327,1,,,,,,,,,SYNTHETIC_GP3,0.6592849101637535,0.3359965870992327,0.66,0.33,normalised
73.25,,,0.6598275085170833,0.3351061202490402,1,,,,,,,,,SYNTHETIC_GP3,0.6598275085170833,0.3351061202490402,0.66,0.33,normalised
73.26666666666667,,,0.6536063856010326,0.3294641403346338,1,,,,,,,,,SYNTHETIC_GP3,0.6536063856010326,0.3294641403346338,0.66,0.33,normalised
73.28333333333333,,,0.6687272803041792,0.3281949099128171,1,,,,,,,,,SYNTHETIC_GP3,0.6687272803041792,0.3281949099128171,0.66,0.33,normalised
73.3,,,0.6687111973154894,0.3278992880973054,1,,,,,,,,,SYNTHETIC_GP3,0.6687111973154894,0.3278992880973054,0.66,0.33,normalised
73.31666666666666,,,0.6586281538386334,0.3332337909607065,1,,,,,,,,,SYNTHETIC_GP3,0.6586281538386334,0.3332337909607065,0.66,0.33,normalised
73.33333333333333,,,0.6598552157559342,0.3262894067861866,1,,,,,,,,,SYNTHETIC_GP3,0.6598552157559342,0.3262894067861866,0.66,0.33,normalised
73.35,,,0.6599573567624356,0.3228494113209526,1,,,,,,,,,SYNTHETIC_GP3,0.6599573567624356,0.3228494113209526,0.66,0.33,normalised
73.36666666666666,,,0.658934832075967,0.3249603505426904,1,,,,,,,,,SYNTHETIC_GP3,0.658934832075967,0.3249603505426904,0.66,0.33,normalised
73.38333333333333,,,0.6642035035070323,0.3297271834749335,1,,,,,,,,,SYNTHETIC_GP3,0.6642035035070323,0.3297271834749335,0.66,0.33,normalised
73.4,,,0.6576432292154041,0.3301873611263258,1,,,,,,,,,SYNTHETIC_GP3,0.6576432292154041,0.3301873611263258,0.66,0.33,normalised
73.41666666666667,,,0.6657362959698064,0.3328342891285795,1,,,,,,,,,SYNTHETIC_GP3,0.6657362959698064,0.3328342891285795,0.66,0.33,normalised
73.43333333333334,,,0.6645104295612091,0.3266693256315812,1,,,,,,,,,SYNTHETIC_GP3,0.6645104295612091,0.3266693256315812,0.66,0.33,normalised
73.45,,,0.6619481992866326,0.3282500524223003,1,,,,,,,,,SYNTHETIC_GP3,0.6619481992866326,0.3282500524223003,0.66,0.33,normalised
73.46666666666667,,,0.6698355751167168,0.3318439830670785,1,,,,,,,,,SYNTHETIC_GP3,0.6698355751167168,0.3318439830670785,0.66,0.33,normalised
73.48333333333333,,,0.6653830377260416,0.329740531305616,1,,,,,,,,,SYNTHETIC_GP3,0.6653830377260416,0.329740531305616,0.66,0.33,normalised
73.5,,,0.6605286453475113,0.3287586703612896,1,,,,,,,,,SYNTHETIC_GP3,0.6605286453475113,0.3287586703612896,0.66,0.33,normalised
73.51666666666667,,,0.6612135272001115,0.327224512291447,1,,,,,,,,,SYNTHETIC_GP3,0.6612135272001115,0.327224512291447,0.66,0.33,normalised
73.53333333333333,,,0.6666654720304985,0.3318749671522938,1,,,,,,,,,SYNTHETIC_GP3,0.6666654720304985,0.3318749671522938,0.66,0.33,normalised
73.55,,,0.6588947197118743,0.3197046429263518,1,,,,,,,,,SYNTHETIC_GP3,0.6588947197118743,0.3197046429263518,0.66,0.33,normalised
73.56666666666666,,,0.6577860732757331,0.3300558266237567,1,,,,,,,,,SYNTHETIC_GP3,0.6577860732757331,0.3300558266237567,0.66,0.33,normalised
73.58333333333333,,,0.6652930824803781,0.3340756897216386,1,,,,,,,,,SYNTHETIC_GP3,0.6652930824803781,0.3340756897216386,0.66,0.33,normalised
73.6,,,0.6649746655463779,0.3277207836313174,1,,,,,,,,,SYNTHETIC_GP3,0.6649746655463779,0.3277207836313174,0.66,0.33,normalised
73.61666666666666,,,0.6590811632726972,0.330920667733608,1,,,,,,,,,SYNTHETIC_GP3,0.6590811632726972,0.330920667733608,0.66,0.33,normalised
73.63333333333333,,,0.669716486502903,0.3270791022889131,1,,,,,,,,,SYNTHETIC_GP3,0.669716486502903,0.3270791022889131,0.66,0.33,normalised
73.65,,,0.6604277284534004,0.3319389697828981,1,,,,,,,,,SYNTHETIC_GP3,0.6604277284534004,0.3319389697828981,0.66,0.33,normalised
73.66666666666667,,,0.6662093222104101,0.3283790402932623,1,,,,,,,,,SYNTHETIC_GP3,0.6662093222104101,0.3283790402932623,0.66,0.33,normalised
73.68333333333334,,,0.6639899027402507,0.3306588664164232,1,,,,,,,,,SYNTHETIC_GP3,0.6639899027402507,0.3306588664164232,0.66,0.33,normalised
73.7,,,0.6588470019773301,0.3286033061310723,1,,,,,,,,,SYNTHETIC_GP3,0.6588470019773301,0.3286033061310723,0.66,0.33,normalised
73.71666666666667,,,0.6616385542995834,0.3318983875406008,1,,,,,,,,,SYNTHETIC_GP3,0.6616385542995834,0.3318983875406008,0.66,0.33,normalised
73.73333333333333,,,0.6522357316687232,0.3323132872592053,1,,,,,,,,,SYNTHETIC_GP3,0.6522357316687232,0.3323132872592053,0.66,0.33,normalised
73.75,,,0.6660627732108718,0.3279046663344894,1,,,,,,,,,SYNTHETIC_GP3,0.6660627732108718,0.3279046663344894,0.66,0.33,normalised
73.76666666666667,,,0.6623969027322425,0.3249200524910821,1,,,,,,,,,SYNTHETIC_GP3,0.6623969027322425,0.3249200524910821,0.66,0.33,normalised
73.78333333333333,,,0.6659636610013856,0.325203991734711,1,,,,,,,,,SYNTHETIC_GP3,0.6659636610013856,0.325203991734711,0.66,0.33,normalised
73.8,,,0.6587739624572975,0.3220084651361194,1,,,,,,,,,SYNTHETIC_GP3,0.6587739624572975,0.3220084651361194,0.66,0.33,normalised
73.81666666666666,,,0.6613689831917289,0.3263067471276739,1,,,,,,,,,SYNTHETIC_GP3,0.6613689831917289,0.3263067471276739,0.66,0.33,normalised
73.83333333333333,,,0.6565890253981116,0.3289559038290834,1,,,,,,,,,SYNTHETIC_GP3,0.6565890253981116,0.3289559038290834,0.66,0.33,normalised
73.85,,,0.6591597760735108,0.3264647178471165,1,,,,,,,,,SYNTHETIC_GP3,0.6591597760735108,0.3264647178471165,0.66,0.33,normalised
73.86666666666666,,,0.665211535022137,0.3343107613699995,1,,,,,,,,,SYNTHETIC_GP3,0.665211535022137,0.3343107613699995,0.66,0.33,normalised
73.88333333333333,,,0.6642154329297845,0.326750899805012,1,,,,,,,,,SYNTHETIC_GP3,0.6642154329297845,0.326750899805012,0.66,0.33,normalised
73.9,,,0.6674801125084089,0.3287944633567117,1,,,,,,,,,SYNTHETIC_GP3,0.6674801125084089,0.3287944633567117,0.66,0.33,normalised
73.91666666666667,,,0.6663563112576157,0.3318114230860252,1,,,,,,,,,SYNTHETIC_GP3,0.6663563112576157,0.3318114230860252,0.66,0.33,normalised
73.93333333333334,,,0.6627726424148159,0.3282217583448381,1,,,,,,,,,SYNTHETIC_GP3,0.6627726424148159,0.3282217583448381,0.66,0.33,normalised
73.95,,,0.6520077591874766,0.3320056995824968,1,,,,,,,,,SYNTHETIC_GP3,0.6520077591874766,0.3320056995824968,0.66,0.33,normalised
73.96666666666667,,,0.6679090371907394,0.3352890161103452,1,,,,,,,,,SYNTHETIC_GP3,0.6679090371907394,0.3352890161103452,0.66,0.33,normalised
73.98333333333333,,,0.6629930434291316,0.3309719340333505,1,,,,,,,,,SYNTHETIC_GP3,0.6629930434291316,0.3309719340333505,0.66,0.33,normalised
74.0,,,0.674829363053699,0.3246856389461321,1,,,,,,,,,SYNTHETIC_GP3,0.674829363053699,0.3246856389461321,0.66,0.33,normalised
74.01666666666667,,,0.669662925604975,0.3315763546136694,1,,,,,,,,,SYNTHETIC_GP3,0.669662925604975,0.3315763546136694,0.66,0.33,normalised
74.03333333333333,,,0.6647313469513583,0.3271572954204679,1,,,,,,,,,SYNTHETIC_GP3,0.6647313469513583,0.3271572954204679,0.66,0.33,normalised
74.05,,,0.6631257400259156,0.323954700463898,1,,,,,,,,,SYNTHETIC_GP3,0.6631257400259156,0.323954700463898,0.66,0.33,normalised
74.06666666666666,,,,,0,,,,,,,,,SYNTHETIC_GP3,,,0.66,0.33,normalised
74.08333333333333,,,0.6578242627593033,0.3295583003824753,1,,,,,,,,,SYNTHETIC_GP3,0.6578242627593033,0.3295583003824753,0.66,0.33,normalised
74.1,,,0.6596641290021547,0.3255297438051422,1,,,,,,,,,SYNTHETIC_GP3,0.6596641290021547,0.3255297438051422,0.66,0.33,normalised
74.11666666666666,,,0.661950929622428,0.3314592296090569,1,,,,,,,,,SYNTHETIC_GP3,0.661950929622428,0.3314592296090569,0.66,0.33,normalised
74.13333333333333,,,0.6578573875002363,0.3289934520544826,1,,,,,,,,,SYNTHETIC_GP3,0.6578573875002363,0.3289934520544826,0.66,0.33,normalised
74.15,,,0.6609433812438638,0.3253334302897416,1,,,,,,,,,SYNTHETIC_GP3,0.6609433812438638,0.3253334302897416,0.66,0.33,normalised
74.16666666666667,,,0.6664488087643509,0.3309469029596378,1,,,,,,,,,SYNTHETIC_GP3,0.6664488087643509,0.3309469029596378,0.66,0.33,normalised
74.18333333333334,,,0.6581222301197152,0.3277351189062835,1,,,,,,,,,SYNTHETIC_GP3,0.6581222301197152,0.3277351189062835,0.66,0.33,normalised
74.2,,,0.6612536171838154,0.328467709593978,1,,,,,,,,,SYNTHETIC_GP3,0.6612536171838154,0.328467709593978,0.66,0.33,normalised
74.21666666666667,,,0.6609216241075563,0.336742271467005,1,,,,,,,,,SYNTHETIC_GP3,0.6609216241075563,0.336742271467005,0.66,0.33,normalised
74.23333333333333,,,0.6626645084570715,0.3299293525976341,1,,,,,,,,,SYNTHETIC_GP3,0.6626645084570715,0.3299293525976341,0.66,0.33,normalised
74.25,,,0.658336034172659,0.3291982745462699,1,,,,,,,,,SYNTHETIC_GP3,0.658336034172659,0.3291982745462699,0.66,0.33,normalised
74.26666666666667,,,0.6603495535001438,0.329516139220174,1,,,,,,,,,SYNTHETIC_GP3,0.6603495535001438,0.329516139220174,0.66,0.33,normalised
74.28333333333333,,,0.6528397938022675,0.3287258397373295,1,,,,,,,,,SYNTHETIC_GP3,0.6528397938022675,0.3287258397373295,0.66,0.33,normalised
74.3,,,0.6613536138646198,0.3301340099065438,1,,,,,,,,,SYNTHETIC_GP3,0.6613536138646198,0.3301340099065438,0.66,0.33,normalised
74.31666666666666,,,0.6647828429855668,0.3283960290159219,1,,,,,,,,,SYNTHETIC_GP3,0.6647828429855668,0.3283960290159219,0.66,0.33,normalised
74.33333333333333,,,0.6647975798363169,0.3322860221478116,1,,,,,,,,,SYNTHETIC_GP3,0.6647975798363169,0.3322860221478116,0.66,0.33,normalised
74.35,,,0.5065104741853775,0.5042075898749976,1,,,,,,,,,SYNTHETIC_GP3,0.5065104741853775,0.5042075898749976,0.5,0.5,normalised
74.36666666666666,,,0.4979634534544893,0.49802856567729,1,,,,,,,,,SYNTHETIC_GP3,0.4979634534544893,0.49802856567729,0.5,0.5,normalised
74.38333333333333,,,0.5032364377440508,0.4922874730820448,1,,,,,,,,,SYNTHETIC_GP3,0.5032364377440508,0.4922874730820448,0.5,0.5,normalised
74.4,,,0.5025219142461146,0.4946817246620351,1,,,,,,,,,SYNTHETIC_GP3,0.5025219142461146,0.4946817246620351,0.5,0.5,normalised
74.41666666666667,,,0.5010778972730777,0.4991085549376796,1,,,,,,,,,SYNTHETIC_GP3,0.5010778972730777,0.4991085549376796,0.5,0.5,normalised
74.43333333333334,,,0.5033935550716863,0.5006164495240125,1,,,,,,,,,SYNTHETIC_GP3,0.5033935550716863,0.5006164495240125,0.5,0.5,normalised
74.45,,,0.5023923340182446,0.4942109982905573,1,,,,,,,,,SYNTHETIC_GP3,0.5023923340182446,0.4942109982905573,0.5,0.5,normalised
74.46666666666667,,,0.4984246836639409,0.5023801335326695,1,,,,,,,,,SYNTHETIC_GP3,0.4984246836639409,0.5023801335326695,0.5,0.5,normalised
74.48333333333333,,,0.5086712817843582,0.4952976133538193,1,,,,,,,,,SYNTHETIC_GP3,0.5086712817843582,0.4952976133538193,0.5,0.5,normalised
74.5,,,0.508573281798388,0.4893561359081932,1,,,,,,,,,SYNTHETIC_GP3,0.508573281798388,0.4893561359081932,0.5,0.5,normalised
74.51666666666667,,,0.4972408013215297,0.4978548915973369,1,,,,,,,,,SYNTHETIC_GP3,0.4972408013215297,0.4978548915973369,0.5,0.5,normalised
74.53333333333333,,,0.5044059882172116,0.5002132184925802,1,,,,,,,,,SYNTHETIC_GP3,0.5044059882172116,0.5002132184925802,0.5,0.5,normalised
74.55,,,0.4995651466919234,0.4942017826798664,1,,,,,,,,,SYNTHETIC_GP3,0.4995651466919234,0.4942017826798664,0.5,0.5,normalised
74.56666666666666,,,0.5053966469155501,0.4930376209308105,1,,,,,,,,,SYNTHETIC_GP3,0.5053966469155501,0.4930376209308105,0.5,0.5,normalised
74.58333333333333,,,0.4990453672705444,0.4973649652928657,1,,,,,,,,,SYNTHETIC_GP3,0.4990453672705444,0.4973649652928657,0.5,0.5,normalised
74.6,,,0.4974879523585119,0.4955452039261789,1,,,,,,,,,SYNTHETIC_GP3,0.4974879523585119,0.4955452039261789,0.5,0.5,normalised
74.61666666666666,,,0.5041369314148221,0.5022076073772156,1,,,,,,,,,SYNTHETIC_GP3,0.5041369314148221,0.5022076073772156,0.5,0.5,normalised
74.63333333333333,,,0.5000277664490536,0.501002877038394,1,,,,,,,,,SYNTHETIC_GP3,0.5000277664490536,0.501002877038394,0.5,0.5,normalised
74.65,,,0.5031336795670094,0.5005916797822331,1,,,,,,,,,SYNTHETIC_GP3,0.5031336795670094,0.5005916797822331,0.5,0.5,normalised
74.66666666666667,,,0.5004023844294223,0.4933928689107931,1,,,,,,,,,SYNTHETIC_GP3,0.5004023844294223,0.4933928689107931,0.5,0.5,normalised
74.68333333333334,,,0.4977674289628812,0.4939178920547423,1,,,,,,,,,SYNTHETIC_GP3,0.4977674289628812,0.4939178920547423,0.5,0.5,normalised
74.7,,,0.4918607788264661,0.4946800503950344,1,,,,,,,,,SYNTHETIC_GP3,0.4918607788264661,0.4946800503950344,0.5,0.5,normalised
74.71666666666667,,,0.50611528886487,0.505609925148266,1,,,,,,,,,SYNTHETIC_GP3,0.50611528886487,0.505609925148266,0.5,0.5,normalised
74.73333333333333,,,0.5034317898894063,0.5006745928359227,1,,,,,,,,,SYNTHETIC_GP3,0.5034317898894063,0.5006745928359227,0.5,0.5,normalised
74.75,,,0.4935335686183906,0.4975112737918629,1,,,,,,,,,SYNTHETIC_GP3,0.4935335686183906,0.4975112737918629,0.5,0.5,normalised
74.76666666666667,,,0.4977495553598579,0.4985135831861447,1,,,,,,,,,SYNTHETIC_GP3,0.4977495553598579,0.4985135831861447,0.5,0.5,normalised
74.78333333333333,,,0.501090395057378,0.4945715046938981,1,,,,,,,,,SYNTHETIC_GP3,0.501090395057378,0.4945715046938981,0.5,0.5,normalised
74.8,,,0.5073084594458158,0.4980810272718776,1,,,,,,,,,SYNTHETIC_GP3,0.5073084594458158,0.4980810272718776,0.5,0.5,normalised
74.81666666666666,,,0.5048913989248517,0.5018449033260598,1,,,,,,,,,SYNTHETIC_GP3,0.5048913989248517,0.5018449033260598,0.5,0.5,normalised
74.83333333333333,,,0.5052746017590349,0.4990263877515957,1,,,,,,,,,SYNTHETIC_GP3,0.5052746017590349,0.4990263877515957,0.5,0.5,normalised
74.85,,,0.5036518112630203,0.4966640306954137,1,,,,,,,,,SYNTHETIC_GP3,0.5036518112630203,0.4966640306954137,0.5,0.5,normalised
74.86666666666666,,,0.5020290372539324,0.5045327355314281,1,,,,,,,,,SYNTHETIC_GP3,0.5020290372539324,0.5045327355314281,0.5,0.5,normalised
74.88333333333333,,,0.5025755577695513,0.4954400342890257,1,,,,,,,,,SYNTHETIC_GP3,0.5025755577695513,0.4954400342890257,0.5,0.5,normalised
74.9,,,0.5037531218187467,0.4957910502013674,1,,,,,,,,,SYNTHETIC_GP3,0.5037531218187467,0.4957910502013674,0.5,0.5,normalised
74.91666666666667,,,0.4996709510511238,0.4946576441303985,1,,,,,,,,,SYNTHETIC_GP3,0.4996709510511238,0.4946576441303985,0.5,0.5,normalised
74.93333333333334,,,0.4938297073974257,0.5064145701133619,1,,,,,,,,,SYNTHETIC_GP3,0.4938297073974257,0.5064145701133619,0.5,0.5,normalised
74.95,,,0.5035374910611972,0.4989618302648206,1,,,,,,,,,SYNTHETIC_GP3,0.5035374910611972,0.4989618302648206,0.5,0.5,normalised
74.96666666666667,,,0.5012837904152678,0.4943063688054296,1,,,,,,,,,SYNTHETIC_GP3,0.5012837904152678,0.4943063688054296,0.5,0.5,normalised
74.98333333333333,,,0.4960239723840391,0.4988663897526629,1,,,,,,,,,SYNTHETIC_GP3,0.4960239723840391,0.4988663897526629,0.5,0.5,normalised
75.0,,,0.1510874722356252,0.8489993915857381,1,,,,,,,,,SYNTHETIC_GP3,0.1510874722356252,0.8489993915857381,0.15,0.85,normalised
75.01666666666667,,,0.1566031357592461,0.8505553762120814,1,,,,,,,,,SYNTHETIC_GP3,0.1566031357592461,0.8505553762120814,0.15,0.85,normalised
75.03333333333333,,,0.1484332484352048,0.8558930398618273,1,,,,,,,,,SYNTHETIC_GP3,0.1484332484352048,0.8558930398618273,0.15,0.85,normalised
75.05,,,0.1507178671192458,0.854288054107519,1,,,,,,,,,SYNTHETIC_GP3,0.1507178671192458,0.854288054107519,0.15,0.85,normalised
75.06666666666666,,,0.1501659314190531,0.842530421642116,1,,,,,,,,,SYNTHETIC_GP3,0.1501659314190531,0.842530421642116,0.15,0.85,normalised
75.08333333333333,,,0.1485537907667944,0.8554522554927503,1,,,,,,,,,SYNTHETIC_GP3,0.1485537907667944,0.8554522554927503,0.15,0.85,normalised
75.1,,,0.149212188155376,0.8504888514525243,1,,,,,,,,,SYNTHETIC_GP3,0.149212188155376,0.8504888514525243,0.15,0.85,normalised
75.11666666666666,,,0.1511489944308066,0.8549696183739701,1,,,,,,,,,SYNTHETIC_GP3,0.1511489944308066,0.8549696183739701,0.15,0.85,normalised
75.13333333333333,,,0.1555295832045204,0.8534329901196479,1,,,,,,,,,SYNTHETIC_GP3,0.1555295832045204,0.8534329901196479,0.15,0.85,normalised
75.15,,,0.1524552320261834,0.8468570562327591,1,,,,,,,,,SYNTHETIC_GP3,0.1524552320261834,0.8468570562327591,0.15,0.85,normalised
75.16666666666667,,,0.155421486628004,0.849519163212633,1,,,,,,,,,SYNTHETIC_GP3,0.155421486628004,0.849519163212633,0.15,0.85,normalised
75.18333333333334,,,0.1511745102920051,0.8540748326116235,1,,,,,,,,,SYNTHETIC_GP3,0.1511745102920051,0.8540748326116235,0.15,0.85,normalised
75.2,,,0.1523578904496648,0.8479648220498219,1,,,,,,,,,SYNTHETIC_GP3,0.1523578904496648,0.8479648220498219,0.15,0.85,normalised
75.21666666666667,,,0.1457139065832273,0.8461743751648612,1,,,,,,,,,SYNTHETIC_GP3,0.1457139065832273,0.8461743751648612,0.15,0.85,normalised
75.23333333333333,,,0.1537091859655656,0.8534346338158457,1,,,,,,,,,SYNTHETIC_GP3,0.1537091859655656,0.8534346338158457,0.15,0.85,normalised
75.25,,,0.1555455600262791,0.8469992828938505,1,,,,,,,,,SYNTHETIC_GP3,0.1555455600262791,0.8469992828938505,0.15,0.85,normalised
75.26666666666667,,,0.1523083501644157,0.8493102463821929,1,,,,,,,,,SYNTHETIC_GP3,0.1523083501644157,0.8493102463821929,0.15,0.85,normalised
75.28333333333333,,,0.1561123462932592,0.8521747138880487,1,,,,,,,,,SYNTHETIC_GP3,0.1561123462932592,0.8521747138880487,0.15,0.85,normalised
75.3,,,0.1567105502363049,0.8523908810310726,1,,,,,,,,,SYNTHETIC_GP3,0.1567105502363049,0.8523908810310726,0.15,0.85,normalised
75.31666666666666,,,0.1526334615154408,0.8476345395639888,1,,,,,,,,,SYNTHETIC_GP3,0.1526334615154408,0.8476345395639888,0.15,0.85,normalised
75.33333333333333,,,0.1538870477737841,0.8474729939457027,1,,,,,,,,,SYNTHETIC_GP3,0.1538870477737841,0.8474729939457027,0.15,0.85,normalised
75.35,,,0.1597686293706988,0.8489358665271873,1,,,,,,,,,SYNTHETIC_GP3,0.1597686293706988,0.8489358665271873,0.15,0.85,normalised
75.36666666666666,,,0.1489896130002509,0.8496067336520318,1,,,,,,,,,SYNTHETIC_GP3,0.1489896130002509,0.8496067336520318,0.15,0.85,normalised
75.38333333333333,,,0.1536103987451444,0.8463860897257997,1,,,,,,,,,SYNTHETIC_GP3,0.1536103987451444,0.8463860897257997,0.15,0.85,normalised
75.4,,,0.1593227644306553,0.8450306440180617,1,,,,,,,,,SYNTHETIC_GP3,0.1593227644306553,0.8450306440180617,0.15,0.85,normalised
75.41666666666667,,,0.1496189450983223,0.8482206173819905,1,,,,,,,,,SYNTHETIC_GP3,0.1496189450983223,0.8482206173819905,0.15,0.85,normalised
75.43333333333334,,,0.1595726130779514,0.8436263269463883,1,,,,,,,,,SYNTHETIC_GP3,0.1595726130779514,0.8436263269463883,0.15,0.85,normalised
75.45,,,0.1526601927077834,0.8483487416113821,1,,,,,,,,,SYNTHETIC_GP3,0.1526601927077834,0.8483487416113821,0.15,0.85,normalised
75.46666666666667,,,0.1495388920602287,0.843215006267889,1,,,,,,,,,SYNTHETIC_GP3,0.1495388920602287,0.843215006267889,0.15,0.85,normalised
75.48333333333333,,,0.1545303882091034,0.8507157053865595,1,,,,,,,,,SYNTHETIC_GP3,0.1545303882091034,0.8507157053865595,0.15,0.85,normalised
75.5,,,0.1553638896108614,0.8438552444961895,1,,,,,,,,,SYNTHETIC_GP3,0.1553638896108614,0.8438552444961895,0.15,0.85,normalised
75.51666666666667,,,0.1503917094710452,0.8543943979672638,1,,,,,,,,,SYNTHETIC_GP3,0.1503917094710452,0.8543943979672638,0.15,0.85,normalised
75.53333333333333,,,0.1530960327229951,0.8496088419241407,1,,,,,,,,,SYNTHETIC_GP3,0.1530960327229951,0.8496088419241407,0.15,0.85,normalised
75.55,,,0.1508228578825767,0.8535711984759932,1,,,,,,,,,SYNTHETIC_GP3,0.1508228578825767,0.8535711984759932,0.15,0.85,normalised
75.56666666666666,,,0.1500331029132774,0.8494126616594728,1,,,,,,,,,SYNTHETIC_GP3,0.1500331029132774,0.8494126616594728,0.15,0.85,normalised
75.58333333333333,,,0.1538001549634034,0.8468851679888723,1,,,,,,,,,SYNTHETIC_GP3,0.1538001549634034,0.8468851679888723,0.15,0.85,normalised
75.6,,,0.1561282268669228,0.8520177814388058,1,,,,,,,,,SYNTHETIC_GP3,0.1561282268669228,0.8520177814388058,0.15,0.85,normalised
75.61666666666666,,,0.14907042853599,0.8489327384127592,1,,,,,,,,,SYNTHETIC_GP3,0.14907042853599,0.8489327384127592,0.15,0.85,normalised
75.63333333333333,,,0.1516307432286612,0.8551607342576374,1,,,,,,,,,SYNTHETIC_GP3,0.1516307432286612,0.8551607342576374,0.15,0.85,normalised
75.65,,,0.16027189465941,0.8424711458700167,1,,,,,,,,,SYNTHETIC_GP3,0.16027189465941,0.8424711458700167,0.15,0.85,normalised
75.66666666666667,,,0.1545596209383553,0.8504283473312413,1,,,,,,,,,SYNTHETIC_GP3,0.1545596209383553,0.8504283473312413,0.15,0.85,normalised
75.68333333333334,,,0.1464541711524974,0.8498795828220312,1,,,,,,,,,SYNTHETIC_GP3,0.1464541711524974,0.8498795828220312,0.15,0.85,normalised
75.7,,,0.1552921971375057,0.8569068323275244,1,,,,,,,,,SYNTHETIC_GP3,0.1552921971375057,0.8569068323275244,0.15,0.85,normalised
75.71666666666667,,,0.1476382154230811,0.8468146146631534,1,,,,,,,,,SYNTHETIC_GP3,0.1476382154230811,0.8468146146631534,0.15,0.85,normalised
75.73333333333333,,,0.1462420866420924,0.846884334824716,1,,,,,,,,,SYNTHETIC_GP3,0.1462420866420924,0.846884334824716,0.15,0.85,normalised
75.75,,,,,0,,,,,,,,,SYNTHETIC_GP3,,,0.15,0.85,normalised
75.76666666666667,,,0.1576965160288332,0.8542774127436706,1,,,,,,,,,SYNTHETIC_GP3,0.1576965160288332,0.8542774127436706,0.15,0.85,normalised
75.78333333333333,,,0.1559650814912909,0.8521571403865411,1,,,,,,,,,SYNTHETIC_GP3,0.1559650814912909,0.8521571403865411,0.15,0.85,normalised
75.8,,,0.157895241070318,0.8519969969849345,1,,,,,,,,,SYNTHETIC_GP3,0.157895241070318,0.8519969969849345,0.15,0.85,normalised
75.81666666666666,,,0.15551104481638,0.8429692598515708,1,,,,,,,,,SYNTHETIC_GP3,0.15551104481638,0.8429692598515708,0.15,0.85,normalised
75.83333333333333,,,0.1509199028793841,0.8489556472082251,1,,,,,,,,,SYNTHETIC_GP3,0.1509199028793841,0.8489556472082251,0.15,0.85,normalised
75.85,,,0.1543020591112688,0.8457178472064141,1,,,,,,,,,SYNTHETIC_GP3,0.1543020591112688,0.8457178472064141,0.15,0.85,normalised
75.86666666666666,,,0.1592464294320054,0.8434217299820044,1,,,,,,,,,SYNTHETIC_GP3,0.1592464294320054,0.8434217299820044,0.15,0.85,normalised
75.88333333333333,,,0.1602640605037263,0.8525288871729587,1,,,,,,,,,SYNTHETIC_GP3,0.1602640605037263,0.8525288871729587,0.15,0.85,normalised
75.9,,,0.1460109812361676,0.8463585264888465,1,,,,,,,,,SYNTHETIC_GP3,0.1460109812361676,0.8463585264888465,0.15,0.85,normalised
75.91666666666667,,,0.1535085611320399,0.8474990995652779,1,,,,,,,,,SYNTHETIC_GP3,0.1535085611320399,0.8474990995652779,0.15,0.85,normalised
75.93333333333334,,,0.1496350213682272,0.8465015695001343,1,,,,,,,,,SYNTHETIC_GP3,0.1496350213682272,0.8465015695001343,0.15,0.85,normalised
75.95,,,0.1560179819090371,0.8544086061224366,1,,,,,,,,,SYNTHETIC_GP3,0.1560179819090371,0.8544086061224366,0.15,0.85,normalised
75.96666666666667,,,0.1549961164142493,0.8539945115477197,1,,,,,,,,,SYNTHETIC_GP3,0.1549961164142493,0.8539945115477197,0.15,0.85,normalised
75.98333333333333,,,0.1523026432028788,0.852517523894612,1,,,,,,,,,SYNTHETIC_GP3,0.1523026432028788,0.852517523894612,0.15,0.85,normalised
76.0,,,0.1494835243050963,0.8573890921368006,1,,,,,,,,,SYNTHETIC_GP3,0.1494835243050963,0.8573890921368006,0.15,0.85,normalised
76.01666666666667,,,0.1539780646108245,0.8550144598974205,1,,,,,,,,,SYNTHETIC_GP3,0.1539780646108245,0.8550144598974205,0.15,0.85,normalised
76.03333333333333,,,0.1519550164277119,0.8562420650642112,1,,,,,,,,,SYNTHETIC_GP3,0.1519550164277119,0.8562420650642112,0.15,0.85,normalised
76.05,,,0.1528586211198593,0.8412789081769373,1,,,,,,,,,SYNTHETIC_GP3,0.1528586211198593,0.8412789081769373,0.15,0.85,normalised
76.06666666666666,,,0.1516895561642809,0.8506357778034044,1,,,,,,,,,SYNTHETIC_GP3,0.1516895561642809,0.8506357778034044,0.15,0.85,normalised
76.08333333333333,,,0.1535817301761858,0.8394271781637855,1,,,,,,,,,SYNTHETIC_GP3,0.1535817301761858,0.8394271781637855,0.15,0.85,normalised
76.1,,,0.1523435557771317,0.8504298626537791,1,,,,,,,,,SYNTHETIC_GP3,0.1523435557771317,0.8504298626537791,0.15,0.85,normalised
76.11666666666666,,,0.1555313615808066,0.845977136340724,1,,,,,,,,,SYNTHETIC_GP3,0.1555313615808066,0.845977136340724,0.15,0.85,normalised
76.13333333333333,,,0.1412579207266078,0.84810998904675,1,,,,,,,,,SYNTHETIC_GP3,0.1412579207266078,0.84810998904675,0.15,0.85,normalised
76.15,,,0.1513079517966759,0.8509934696883793,1,,,,,,,,,SYNTHETIC_GP3,0.1513079517966759,0.8509934696883793,0.15,0.85,normalised
76.16666666666667,,,0.15034305719363,0.8393930302538289,1,,,,,,,,,SYNTHETIC_GP3,0.15034305719363,0.8393930302538289,0.15,0.85,normalised
76.18333333333334,,,0.1535569970560843,0.8493841028814446,1,,,,,,,,,SYNTHETIC_GP3,0.1535569970560843,0.8493841028814446,0.15,0.85,normalised
76.2,,,0.1556528007045806,0.8504415907490999,1,,,,,,,,,SYNTHETIC_GP3,0.1556528007045806,0.8504415907490999,0.15,0.85,normalised
76.21666666666667,,,0.1531275651425457,0.8515544284626098,1,,,,,,,,,SYNTHETIC_GP3,0.1531275651425457,0.8515544284626098,0.15,0.85,normalised
76.23333333333333,,,0.1525378123035284,0.849349595958292,1,,,,,,,,,SYNTHETIC_GP3,0.1525378123035284,0.849349595958292,0.15,0.85,normalised
76.25,,,0.150315542276537,0.8446858481492505,1,,,,,,,,,SYNTHETIC_GP3,0.150315542276537,0.8446858481492505,0.15,0.85,normalised
76.26666666666667,,,0.155180451714455,0.8557902765388157,1,,,,,,,,,SYNTHETIC_GP3,0.155180451714455,0.8557902765388157,0.15,0.85,normalised
76.28333333333333,,,0.1595611850548099,0.8488258890505187,1,,,,,,,,,SYNTHETIC_GP3,0.1595611850548099,0.8488258890505187,0.15,0.85,normalised
76.3,,,0.1539600936893973,0.850321551153448,1,,,,,,,,,SYNTHETIC_GP3,0.1539600936893973,0.850321551153448,0.15,0.85,normalised
76.31666666666666,,,0.1531803094863254,0.8574646048423489,1,,,,,,,,,SYNTHETIC_GP3,0.1531803094863254,0.8574646048423489,0.15,0.85,normalised
76.33333333333333,,,0.1539777136471083,0.8426796033072914,1,,,,,,,,,SYNTHETIC_GP3,0.1539777136471083,0.8426796033072914,0.15,0.85,normalised
76.35,,,0.1501110491423823,0.8464952264843414,1,,,,,,,,,SYNTHETIC_GP3,0.1501110491423823,0.8464952264843414,0.15,0.85,normalised
76.36666666666666,,,0.1491467664181222,0.8524343183538816,1,,,,,,,,,SYNTHETIC_GP3,0.1491467664181222,0.8524343183538816,0.15,0.85,normalised
76.38333333333333,,,0.148943901260821,0.8495457547834263,1,,,,,,,,,SYNTHETIC_GP3,0.148943901260821,0.8495457547834263,0.15,0.85,normalised
76.4,,,0.152936502807293,0.8481449253700201,1,,,,,,,,,SYNTHETIC_GP3,0.152936502807293,0.8481449253700201,0.15,0.85,normalised
76.41666666666667,,,0.1551156274360028,0.8524900751596994,1,,,,,,,,,SYNTHETIC_GP3,0.1551156274360028,0.8524900751596994,0.15,0.85,normalised
76.43333333333334,,,0.1533757762349038,0.8447499186893098,1,,,,,,,,,SYNTHETIC_GP3,0.1533757762349038,0.8447499186893098,0.15,0.85,normalised
76.45,,,0.1509505214272977,0.8478947798107292,1,,,,,,,,,SYNTHETIC_GP3,0.1509505214272977,0.8478947798107292,0.15,0.85,normalised
76.46666666666667,,,0.1546795998302169,0.8487943384260332,1,,,,,,,,,SYNTHETIC_GP3,0.1546795998302169,0.8487943384260332,0.15,0.85,normalised
76.48333333333333,,,0.1508820693689429,0.844372702582109,1,,,,,,,,,SYNTHETIC_GP3,0.1508820693689429,0.844372702582109,0.15,0.85,normalised
76.5,,,0.1535352827963053,0.8499990474197937,1,,,,,,,,,SYNTHETIC_GP3,0.1535352827963053,0.8499990474197937,0.15,0.85,normalised
76.51666666666667,,,0.1500369295179488,0.8491565848434829,1,,,,,,,,,SYNTHETIC_GP3,0.1500369295179488,0.8491565848434829,0.15,0.85,normalised
76.53333333333333,,,0.1536065465766668,0.8401391758691871,1,,,,,,,,,SYNTHETIC_GP3,0.1536065465766668,0.8401391758691871,0.15,0.85,normalised
76.55,,,0.1484983088742824,0.8514202582523217,1,,,,,,,,,SYNTHETIC_GP3,0.1484983088742824,0.8514202582523217,0.15,0.85,normalised
76.56666666666666,,,0.1458351499363069,0.843885342912865,1,,,,,,,,,SYNTHETIC_GP3,0.1458351499363069,0.843885342912865,0.15,0.85,normalised
76.58333333333333,,,0.1542363774003433,0.849994449255716,1,,,,,,,,,SYNTHETIC_GP3,0.1542363774003433,0.849994449255716,0.15,0.85,normalised
76.6,,,0.1577847063920174,0.8487633321847657,1,,,,,,,,,SYNTHETIC_GP3,0.1577847063920174,0.8487633321847657,0.15,0.85,normalised
76.61666666666666,,,0.1503927391409865,0.8448612262196339,1,,,,,,,,,SYNTHETIC_GP3,0.1503927391409865,0.8448612262196339,0.15,0.85,normalised
76.63333333333333,,,0.1420945674215329,0.8465022438115046,1,,,,,,,,,SYNTHETIC_GP3,0.1420945674215329,0.8465022438115046,0.15,0.85,normalised
76.65,,,0.1566210085944666,0.8432604263918978,1,,,,,,,,,SYNTHETIC_GP3,0.1566210085944666,0.8432604263918978,0.15,0.85,normalised
76.66666666666667,,,0.1527428627297909,0.8508237250326319,1,,,,,,,,,SYNTHETIC_GP3,0.1527428627297909,0.8508237250326319,0.15,0.85,normalised
76.68333333333334,,,0.1614154665244135,0.8522909727471636,1,,,,,,,,,SYNTHETIC_GP3,0.1614154665244135,0.8522909727471636,0.15,0.85,normalised
76.7,,,0.1579725228222561,0.8518312598226259,1,,,,,,,,,SYNTHETIC_GP3,0.1579725228222561,0.8518312598226259,0.15,0.85,normalised
76.71666666666667,,,0.1500967678708023,0.8470621026313935,1,,,,,,,,,SYNTHETIC_GP3,0.1500967678708023,0.8470621026313935,0.15,0.85,normalised
76.73333333333333,,,0.1520362217755984,0.8424441379715223,1,,,,,,,,,SYNTHETIC_GP3,0.1520362217755984,0.8424441379715223,0.15,0.85,normalised
76.75,,,0.1541667960892515,0.8469538699877038,1,,,,,,,,,SYNTHETIC_GP3,0.1541667960892515,0.8469538699877038,0.15,0.85,normalised
76.76666666666667,,,0.1497763933125888,0.8448957525880515,1,,,,,,,,,SYNTHETIC_GP3,0.1497763933125888,0.8448957525880515,0.15,0.85,normalised
76.78333333333333,,,0.1584424796074453,0.8528244453532541,1,,,,,,,,,SYNTHETIC_GP3,0.1584424796074453,0.8528244453532541,0.15,0.85,normalised
76.8,,,0.1548214686491007,0.847293719708495,1,,,,,,,,,SYNTHETIC_GP3,0.1548214686491007,0.847293719708495,0.15,0.85,normalised
76.81666666666666,,,0.1491163581899293,0.8426162968987092,1,,,,,,,,,SYNTHETIC_GP3,0.1491163581899293,0.8426162968987092,0.15,0.85,normalised
76.83333333333333,,,0.1576900683309262,0.8503756258666519,1,,,,,,,,,SYNTHETIC_GP3,0.1576900683309262,0.8503756258666519,0.15,0.85,normalised
76.85,,,0.147130321575209,0.8438904395713768,1,,,,,,,,,SYNTHETIC_GP3,0.147130321575209,0.8438904395713768,0.15,0.85,normalised
76.86666666666666,,,0.1546029784148577,0.8476171949119536,1,,,,,,,,,SYNTHETIC_GP3,0.1546029784148577,0.8476171949119536,0.15,0.85,normalised
76.88333333333333,,,0.1471826928592868,0.8541700742435735,1,,,,,,,,,SYNTHETIC_GP3,0.1471826928592868,0.8541700742435735,0.15,0.85,normalised
76.9,,,0.1562239487338564,0.8546198671798684,1,,,,,,,,,SYNTHETIC_GP3,0.1562239487338564,0.8546198671798684,0.15,0.85,normalised
76.91666666666667,,,0.14900695320961,0.8483084069912252,1,,,,,,,,,SYNTHETIC_GP3,0.14900695320961,0.8483084069912252,0.15,0.85,normalised
76.93333333333334,,,0.1500678359479365,0.8440637395167268,1,,,,,,,,,SYNTHETIC_GP3,0.1500678359479365,0.8440637395167268,0.15,0.85,normalised
76.95,,,0.1534609518017067,0.8473510546165556,1,,,,,,,,,SYNTHETIC_GP3,0.1534609518017067,0.8473510546165556,0.15,0.85,normalised
76.96666666666667,,,0.1536000984969229,0.849452188437734,1,,,,,,,,,SYNTHETIC_GP3,0.1536000984969229,0.849452188437734,0.15,0.85,normalised
76.98333333333333,,,0.1536681914263901,0.8518900061926125,1,,,,,,,,,SYNTHETIC_GP3,0.1536681914263901,0.8518900061926125,0.15,0.85,normalised
77.0,,,0.1526858332316722,0.8453736458116511,1,,,,,,,,,SYNTHETIC_GP3,0.1526858332316722,0.8453736458116511,0.15,0.85,normalised
77.01666666666667,,,0.1482452836017211,0.8536780046612202,1,,,,,,,,,SYNTHETIC_GP3,0.1482452836017211,0.8536780046612202,0.15,0.85,normalised
77.03333333333333,,,0.1512770575872017,0.8464878167107192,1,,,,,,,,,SYNTHETIC_GP3,0.1512770575872017,0.8464878167107192,0.15,0.85,normalised
77.05,,,0.1521603166575242,0.8472258236780116,1,,,,,,,,,SYNTHETIC_GP3,0.1521603166575242,0.8472258236780116,0.15,0.85,normalised
77.06666666666666,,,0.1534209127683554,0.846200872835744,1,,,,,,,,,SYNTHETIC_GP3,0.1534209127683554,0.846200872835744,0.15,0.85,normalised
77.08333333333333,,,0.1498031030961759,0.8466594474239708,1,,,,,,,,,SYNTHETIC_GP3,0.1498031030961759,0.8466594474239708,0.15,0.85,normalised
77.1,,,0.1551341056190073,0.8566089919792886,1,,,,,,,,,SYNTHETIC_GP3,0.1551341056190073,0.8566089919792886,0.15,0.85,normalised
77.11666666666666,,,0.150386652005913,0.8532131672258277,1,,,,,,,,,SYNTHETIC_GP3,0.150386652005913,0.8532131672258277,0.15,0.85,normalised
77.13333333333333,,,0.1495205011597861,0.8473757424007466,1,,,,,,,,,SYNTHETIC_GP3,0.1495205011597861,0.8473757424007466,0.15,0.85,normalised
77.15,,,0.1482974278420069,0.8518869424365927,1,,,,,,,,,SYNTHETIC_GP3,0.1482974278420069,0.8518869424365927,0.15,0.85,normalised
77.16666666666667,,,0.1482015541778024,0.8456526313594722,1,,,,,,,,,SYNTHETIC_GP3,0.1482015541778024,0.8456526313594722,0.15,0.85,normalised
77.18333333333334,,,0.1479981111852887,0.8417790401909226,1,,,,,,,,,SYNTHETIC_GP3,0.1479981111852887,0.8417790401909226,0.15,0.85,normalised
77.2,,,0.1494493097631657,0.8505600191192247,1,,,,,,,,,SYNTHETIC_GP3,0.1494493097631657,0.8505600191192247,0.15,0.85,normalised
77.21666666666667,,,0.1578780509702839,0.8597605637756847,1,,,,,,,,,SYNTHETIC_GP3,0.1578780509702839,0.8597605637756847,0.15,0.85,normalised
77.23333333333333,,,0.1521467466493275,0.8480718724368072,1,,,,,,,,,SYNTHETIC_GP3,0.1521467466493275,0.8480718724368072,0.15,0.85,normalised
77.25,,,0.1592006558427564,0.8479671083254046,1,,,,,,,,,SYNTHETIC_GP3,0.1592006558427564,0.8479671083254046,0.15,0.85,normalised
77.26666666666667,,,0.1449446048322479,0.8429676717837492,1,,,,,,,,,SYNTHETIC_GP3,0.1449446048322479,0.8429676717837492,0.15,0.85,normalised
77.28333333333333,,,0.1552584359353184,0.843554456086695,1,,,,,,,,,SYNTHETIC_GP3,0.1552584359353184,0.843554456086695,0.15,0.85,normalised
77.3,,,0.1547544390828548,0.8488301307463716,1,,,,,,,,,SYNTHETIC_GP3,0.1547544390828548,0.8488301307463716,0.15,0.85,normalised
77.31666666666666,,,0.1453166987051509,0.8483415086454539,1,,,,,,,,,SYNTHETIC_GP3,0.1453166987051509,0.8483415086454539,0.15,0.85,normalised
77.33333333333333,,,0.1527470495366858,0.8473360342365893,1,,,,,,,,,SYNTHETIC_GP3,0.1527470495366858,0.8473360342365893,0.15,0.85,normalised
77.35,,,0.5027702207827047,0.4975203454961101,1,,,,,,,,,SYNTHETIC_GP3,0.5027702207827047,0.4975203454961101,0.5,0.5,normalised
77.36666666666666,,,0.5036229599060291,0.4983862212989111,1,,,,,,,,,SYNTHETIC_GP3,0.5036229599060291,0.4983862212989111,0.5,0.5,normalised
77.38333333333333,,,0.4995486519250889,0.4996684265761494,1,,,,,,,,,SYNTHETIC_GP3,0.4995486519250889,0.4996684265761494,0.5,0.5,normalised
77.4,,,0.503829506875444,0.5021102461549989,1,,,,,,,,,SYNTHETIC_GP3,0.503829506875444,0.5021102461549989,0.5,0.5,normalised
77.41666666666667,,,0.5061364609403723,0.5025614639554006,1,,,,,,,,,SYNTHETIC_GP3,0.5061364609403723,0.5025614639554006,0.5,0.5,normalised
77.43333333333334,,,,,0,,,,,,,,,SYNTHETIC_GP3,,,0.5,0.5,normalised
77.45,,,0.500473690804821,0.494499309023979,1,,,,,,,,,SYNTHETIC_GP3,0.500473690804821,0.494499309023979,0.5,0.5,normalised
77.46666666666667,,,0.5044491353692582,0.4914691730275414,1,,,,,,,,,SYNTHETIC_GP3,0.5044491353692582,0.4914691730275414,0.5,0.5,normalised
77.48333333333333,,,0.4983955594407196,0.503925525515297,1,,,,,,,,,SYNTHETIC_GP3,0.4983955594407196,0.503925525515297,0.5,0.5,normalised
77.5,,,0.5055117356217657,0.5012625897776797,1,,,,,,,,,SYNTHETIC_GP3,0.5055117356217657,0.5012625897776797,0.5,0.5,normalised
77.51666666666667,,,0.5020728988636847,0.5006411466761664,1,,,,,,,,,SYNTHETIC_GP3,0.5020728988636847,0.5006411466761664,0.5,0.5,normalised
77.53333333333333,,,0.50568539348015,0.4946221419246621,1,,,,,,,,,SYNTHETIC_GP3,0.50568539348015,0.4946221419246621,0.5,0.5,normalised
77.55,,,0.4899457277010984,0.5022928594541836,1,,,,,,,,,SYNTHETIC_GP3,0.4899457277010984,0.5022928594541836,0.5,0.5,normalised
77.56666666666666,,,0.5058734995566971,0.4994835074116401,1,,,,,,,,,SYNTHETIC_GP3,0.5058734995566971,0.4994835074116401,0.5,0.5,normalised
77.58333333333333,,,0.5040089734963817,0.5006047574826816,1,,,,,,,,,SYNTHETIC_GP3,0.5040089734963817,0.5006047574826816,0.5,0.5,normalised
77.6,,,0.5047282632763933,0.4958140975390652,1,,,,,,,,,SYNTHETIC_GP3,0.5047282632763933,0.4958140975390652,0.5,0.5,normalised
77.61666666666666,,,0.4992359380017616,0.4964657445570717,1,,,,,,,,,SYNTHETIC_GP3,0.4992359380017616,0.4964657445570717,0.5,0.5,normalised
77.63333333333333,,,0.5087287338348243,0.4980637500193813,1,,,,,,,,,SYNTHETIC_GP3,0.5087287338348243,0.4980637500193813,0.5,0.5,normalised
77.65,,,0.4990248851051972,0.502029193983544,1,,,,,,,,,SYNTHETIC_GP3,0.4990248851051972,0.502029193983544,0.5,0.5,normalised
77.66666666666667,,,0.5057959100456788,0.5050792114680355,1,,,,,,,,,SYNTHETIC_GP3,0.5057959100456788,0.5050792114680355,0.5,0.5,normalised
77.68333333333334,,,0.501728235505985,0.4967761088681177,1,,,,,,,,,SYNTHETIC_GP3,0.501728235505985,0.4967761088681177,0.5,0.5,normalised
77.7,,,0.4944504080272939,0.5012106445154193,1,,,,,,,,,SYNTHETIC_GP3,0.4944504080272939,0.5012106445154193,0.5,0.5,normalised
77.71666666666667,,,0.5046601776192503,0.5007046222416542,1,,,,,,,,,SYNTHETIC_GP3,0.5046601776192503,0.5007046222416542,0.5,0.5,normalised
77.73333333333333,,,0.5022516040653351,0.505839869787634,1,,,,,,,,,SYNTHETIC_GP3,0.5022516040653351,0.505839869787634,0.5,0.5,normalised
77.75,,,0.4990387080106011,0.4970464060920506,1,,,,,,,,,SYNTHETIC_GP3,0.4990387080106011,0.4970464060920506,0.5,0.5,normalised
77.76666666666667,,,0.5014196170358408,0.5039440088685642,1,,,,,,,,,SYNTHETIC_GP3,0.5014196170358408,0.5039440088685642,0.5,0.5,normalised
77.78333333333333,,,0.5130618166785318,0.498663338655319,1,,,,,,,,,SYNTHETIC_GP3,0.5130618166785318,0.498663338655319,0.5,0.5,normalised
77.8,,,0.4993488443920523,0.5028021995711288,1,,,,,,,,,SYNTHETIC_GP3,0.4993488443920523,0.5028021995711288,0.5,0.5,normalised
77.81666666666666,,,0.5060535433146885,0.4991939305004385,1,,,,,,,,,SYNTHETIC_GP3,0.5060535433146885,0.4991939305004385,0.5,0.5,normalised
77.83333333333333,,,0.5014076721660553,0.5040491689363339,1,,,,,,,,,SYNTHETIC_GP3,0.5014076721660553,0.5040491689363339,0.5,0.5,normalised
77.85,,,0.5028058331974297,0.4971580176363344,1,,,,,,,,,SYNTHETIC_GP3,0.5028058331974297,0.4971580176363344,0.5,0.5,normalised
77.86666666666666,,,0.5058580250765217,0.504661272206291,1,,,,,,,,,SYNTHETIC_GP3,0.5058580250765217,0.504661272206291,0.5,0.5,normalised
77.88333333333333,,,0.5058052577908819,0.4958665346715908,1,,,,,,,,,SYNTHETIC_GP3,0.5058052577908819,0.4958665346715908,0.5,0.5,normalised
77.9,,,0.5036983792095764,0.5036129232671117,1,,,,,,,,,SYNTHETIC_GP3,0.5036983792095764,0.5036129232671117,0.5,0.5,normalised
77.91666666666667,,,0.4980387158748152,0.4941986621434998,1,,,,,,,,,SYNTHETIC_GP3,0.4980387158748152,0.4941986621434998,0.5,0.5,normalised
77.93333333333334,,,0.50315555861897,0.5027253274989603,1,,,,,,,,,SYNTHETIC_GP3,0.50315555861897,0.5027253274989603,0.5,0.5,normalised
77.95,,,0.5029294856839854,0.4935732658248415,1,,,,,,,,,SYNTHETIC_GP3,0.5029294856839854,0.4935732658248415,0.5,0.5,normalised
77.96666666666667,,,0.4996269174169351,0.4977691469104583,1,,,,,,,,,SYNTHETIC_GP3,0.4996269174169351,0.4977691469104583,0.5,0.5,normalised
77.98333333333333,,,0.4977531599544926,0.5036353511107521,1,,,,,,,,,SYNTHETIC_GP3,0.4977531599544926,0.5036353511107521,0.5,0.5,normalised
78.0,,,0.8569123396619645,0.150005330213698,1,,,,,,,,,SYNTHETIC_GP3,0.8569123396619645,0.150005330213698,0.85,0.15,normalised
78.01666666666667,,,0.8473913450108743,0.1419506936421216,1,,,,,,,,,SYNTHETIC_GP3,0.8473913450108743,0.1419506936421216,0.85,0.15,normalised
78.03333333333333,,,0.8547687077397371,0.1507471004691858,1,,,,,,,,,SYNTHETIC_GP3,0.8547687077397371,0.1507471004691858,0.85,0.15,normalised
78.05,,,0.8490414314025164,0.1551186016397188,1,,,,,,,,,SYNTHETIC_GP3,0.8490414314025164,0.1551186016397188,0.85,0.15,normalised
78.06666666666666,,,0.8546926448037334,0.1526440630384814,1,,,,,,,,,SYNTHETIC_GP3,0.8546926448037334,0.1526440630384814,0.85,0.15,normalised
78.08333333333333,,,0.8442015086627448,0.1464654961084077,1,,,,,,,,,SYNTHETIC_GP3,0.8442015086627448,0.1464654961084077,0.85,0.15,normalised
78.1,,,0.8555388513605791,0.1495338464686243,1,,,,,,,,,SYNTHETIC_GP3,0.8555388513605791,0.1495338464686243,0.85,0.15,normalised
78.11666666666666,,,0.8507791851424877,0.155120677656203,1,,,,,,,,,SYNTHETIC_GP3,0.8507791851424877,0.155120677656203,0.85,0.15,normalised
78.13333333333333,,,0.8482114797301141,0.1544039732611976,1,,,,,,,,,SYNTHETIC_GP3,0.8482114797301141,0.1544039732611976,0.85,0.15,normalised
78.15,,,0.8599619852983204,0.1419042485565903,1,,,,,,,,,SYNTHETIC_GP3,0.8599619852983204,0.1419042485565903,0.85,0.15,normalised
78.16666666666667,,,0.851907353895209,0.1533187194037467,1,,,,,,,,,SYNTHETIC_GP3,0.851907353895209,0.1533187194037467,0.85,0.15,normalised
78.18333333333334,,,0.8528868140834969,0.1410967816931113,1,,,,,,,,,SYNTHETIC_GP3,0.8528868140834969,0.1410967816931113,0.85,0.15,normalised
78.2,,,0.8526723811517438,0.1423802241922166,1,,,,,,,,,SYNTHETIC_GP3,0.8526723811517438,0.1423802241922166,0.85,0.15,normalised
78.21666666666667,,,0.8550902559555517,0.1489082734934451,1,,,,,,,,,SYNTHETIC_GP3,0.8550902559555517,0.1489082734934451,0.85,0.15,normalised
78.23333333333333,,,0.8498966400460698,0.1449302569684151,1,,,,,,,,,SYNTHETIC_GP3,0.8498966400460698,0.1449302569684151,0.85,0.15,normalised
78.25,,,0.8584618427287223,0.1535785846841424,1,,,,,,,,,SYNTHETIC_GP3,0.8584618427287223,0.1535785846841424,0.85,0.15,normalised
78.26666666666667,,,0.848825744725352,0.1491769938620397,1,,,,,,,,,SYNTHETIC_GP3,0.848825744725352,0.1491769938620397,0.85,0.15,normalised
78.28333333333333,,,0.8498573750428319,0.1437069249786522,1,,,,,,,,,SYNTHETIC_GP3,0.8498573750428319,0.1437069249786522,0.85,0.15,normalised
78.3,,,0.8528484109255006,0.1522685614439594,1,,,,,,,,,SYNTHETIC_GP3,0.8528484109255006,0.1522685614439594,0.85,0.15,normalised
78.31666666666666,,,0.860560426213671,0.1415668409778439,1,,,,,,,,,SYNTHETIC_GP3,0.860560426213671,0.1415668409778439,0.85,0.15,normalised
78.33333333333333,,,0.8501574230278585,0.1512720689849299,1,,,,,,,,,SYNTHETIC_GP3,0.8501574230278585,0.1512720689849299,0.85,0.15,normalised
78.35,,,0.8536429887360472,0.1514076964438597,1,,,,,,,,,SYNTHETIC_GP3,0.8536429887360472,0.1514076964438597,0.85,0.15,normalised
78.36666666666666,,,0.8502944581256695,0.1504217932417749,1,,,,,,,,,SYNTHETIC_GP3,0.8502944581256695,0.1504217932417749,0.85,0.15,normalised
78.38333333333333,,,0.8490414600146144,0.1614247751367513,1,,,,,,,,,SYNTHETIC_GP3,0.8490414600146144,0.1614247751367513,0.85,0.15,normalised
78.4,,,0.8532018965155077,0.1468297946372629,1,,,,,,,,,SYNTHETIC_GP3,0.8532018965155077,0.1468297946372629,0.85,0.15,normalised
78.41666666666667,,,0.8579979497187735,0.1434506460004386,1,,,,,,,,,SYNTHETIC_GP3,0.8579979497187735,0.1434506460004386,0.85,0.15,normalised
78.43333333333334,,,0.8468045080386504,0.1517675012512762,1,,,,,,,,,SYNTHETIC_GP3,0.8468045080386504,0.1517675012512762,0.85,0.15,normalised
78.45,,,0.8530200189889234,0.1465589258991866,1,,,,,,,,,SYNTHETIC_GP3,0.8530200189889234,0.1465589258991866,0.85,0.15,normalised
78.46666666666667,,,0.8541727509847303,0.1474058539111799,1,,,,,,,,,SYNTHETIC_GP3,0.8541727509847303,0.1474058539111799,0.85,0.15,normalised
78.48333333333333,,,0.8511805387929632,0.1424898767082948,1,,,,,,,,,SYNTHETIC_GP3,0.8511805387929632,0.1424898767082948,0.85,0.15,normalised
78.5,,,0.8508219503694527,0.1467525859178864,1,,,,,,,,,SYNTHETIC_GP3,0.8508219503694527,0.1467525859178864,0.85,0.15,normalised
78.51666666666667,,,0.8488928553457454,0.1480573257620218,1,,,,,,,,,SYNTHETIC_GP3,0.8488928553457454,0.1480573257620218,0.85,0.15,normalised
78.53333333333333,,,0.8503774413147066,0.1416962520404803,1,,,,,,,,,SYNTHETIC_GP3,0.8503774413147066,0.1416962520404803,0.85,0.15,normalised
78.55,,,0.8497230144116409,0.1528962230190897,1,,,,,,,,,SYNTHETIC_GP3,0.8497230144116409,0.1528962230190897,0.85,0.15,normalised
78.56666666666666,,,0.855812493458375,0.1441404288115825,1,,,,,,,,,SYNTHETIC_GP3,0.855812493458375,0.1441404288115825,0.85,0.15,normalised
78.58333333333333,,,0.8496323110544226,0.147964600727284,1,,,,,,,,,SYNTHETIC_GP3,0.8496323110544226,0.147964600727284,0.85,0.15,normalised
78.6,,,0.85328682837265,0.1499599242628316,1,,,,,,,,,SYNTHETIC_GP3,0.85328682837265,0.1499599242628316,0.85,0.15,normalised
78.61666666666666,,,0.8570801980105966,0.1507726664929133,1,,,,,,,,,SYNTHETIC_GP3,0.8570801980105966,0.1507726664929133,0.85,0.15,normalised
78.63333333333333,,,0.8480845712293797,0.1574655401883915,1,,,,,,,,,SYNTHETIC_GP3,0.8480845712293797,0.1574655401883915,0.85,0.15,normalised
78.65,,,0.8484039859022527,0.1469657448409884,1,,,,,,,,,SYNTHETIC_GP3,0.8484039859022527,0.1469657448409884,0.85,0.15,normalised
78.66666666666667,,,0.8522151371042471,0.1503725271335557,1,,,,,,,,,SYNTHETIC_GP3,0.8522151371042471,0.1503725271335557,0.85,0.15,normalised
78.68333333333334,,,0.8498553330751696,0.1507588063431,1,,,,,,,,,SYNTHETIC_GP3,0.8498553330751696,0.1507588063431,0.85,0.15,normalised
78.7,,,0.8559550442217991,0.1507103922583073,1,,,,,,,,,SYNTHETIC_GP3,0.8559550442217991,0.1507103922583073,0.85,0.15,normalised
78.71666666666667,,,0.8551936256047071,0.1385631201561562,1,,,,,,,,,SYNTHETIC_GP3,0.8551936256047071,0.1385631201561562,0.85,0.15,normalised
78.73333333333333,,,0.8533114622239726,0.1488890233986266,1,,,,,,,,,SYNTHETIC_GP3,0.8533114622239726,0.1488890233986266,0.85,0.15,normalised
78.75,,,0.8568342477170422,0.1481979180608471,1,,,,,,,,,SYNTHETIC_GP3,0.8568342477170422,0.1481979180608471,0.85,0.15,normalised
78.76666666666667,,,0.8508987710971194,0.1455815551947861,1,,,,,,,,,SYNTHETIC_GP3,0.8508987710971194,0.1455815551947861,0.85,0.15,normalised
78.78333333333333,,,0.852493020855867,0.1499026529874942,1,,,,,,,,,SYNTHETIC_GP3,0.852493020855867,0.1499026529874942,0.85,0.15,normalised
78.8,,,0.8568086288407822,0.1514467524964027,1,,,,,,,,,SYNTHETIC_GP3,0.8568086288407822,0.1514467524964027,0.85,0.15,normalised
78.81666666666666,,,0.8617532089214192,0.1496733000462516,1,,,,,,,,,SYNTHETIC_GP3,0.8617532089214192,0.1496733000462516,0.85,0.15,normalised
78.83333333333333,,,0.8504714695295374,0.1509185528635551,1,,,,,,,,,SYNTHETIC_GP3,0.8504714695295374,0.1509185528635551,0.85,0.15,normalised
78.85,,,0.8508421597226379,0.1480560850757441,1,,,,,,,,,SYNTHETIC_GP3,0.8508421597226379,0.1480560850757441,0.85,0.15,normalised
78.86666666666666,,,0.8583768447835415,0.1440530319569726,1,,,,,,,,,SYNTHETIC_GP3,0.8583768447835415,0.1440530319569726,0.85,0.15,normalised
78.88333333333333,,,0.8524173988142548,0.1569467761315019,1,,,,,,,,,SYNTHETIC_GP3,0.8524173988142548,0.1569467761315019,0.85,0.15,normalised
78.9,,,0.8463981534192478,0.1453693343922945,1,,,,,,,,,SYNTHETIC_GP3,0.8463981534192478,0.1453693343922945,0.85,0.15,normalised
78.91666666666667,,,0.8538970612061944,0.1491519742751405,1,,,,,,,,,SYNTHETIC_GP3,0.8538970612061944,0.1491519742751405,0.85,0.15,normalised
78.93333333333334,,,0.8521663326652954,0.1501055524323454,1,,,,,,,,,SYNTHETIC_GP3,0.8521663326652954,0.1501055524323454,0.85,0.15,normalised
78.95,,,0.8527945651030134,0.1441380289629572,1,,,,,,,,,SYNTHETIC_GP3,0.8527945651030134,0.1441380289629572,0.85,0.15,normalised
78.96666666666667,,,0.8559257802323318,0.1488376098603817,1,,,,,,,,,SYNTHETIC_GP3,0.8559257802323318,0.1488376098603817,0.85,0.15,normalised
78.98333333333333,,,0.8501954365085551,0.1505177190954719,1,,,,,,,,,SYNTHETIC_GP3,0.8501954365085551,0.1505177190954719,0.85,0.15,normalised
79.0,,,0.8499726135357308,0.1499177605820923,1,,,,,,,,,SYNTHETIC_GP3,0.8499726135357308,0.1499177605820923,0.85,0.15,normalised
79.01666666666667,,,0.8493250591453267,0.148624194160291,1,,,,,,,,,SYNTHETIC_GP3,0.8493250591453267,0.148624194160291,0.85,0.15,normalised
79.03333333333333,,,0.8570889424578022,0.1513015126484303,1,,,,,,,,,SYNTHETIC_GP3,0.8570889424578022,0.1513015126484303,0.85,0.15,normalised
79.05,,,0.8534598382650657,0.1429418740085919,1,,,,,,,,,SYNTHETIC_GP3,0.8534598382650657,0.1429418740085919,0.85,0.15,normalised
79.06666666666666,,,0.8417418477422618,0.1514964911326674,1,,,,,,,,,SYNTHETIC_GP3,0.8417418477422618,0.1514964911326674,0.85,0.15,normalised
79.08333333333333,,,0.8560099557617954,0.1526894112538251,1,,,,,,,,,SYNTHETIC_GP3,0.8560099557617954,0.1526894112538251,0.85,0.15,normalised
79.1,,,0.8538941959878171,0.1481118674754556,1,,,,,,,,,SYNTHETIC_GP3,0.8538941959878171,0.1481118674754556,0.85,0.15,normalised
79.11666666666666,,,,,0,,,,,,,,,SYNTHETIC_GP3,,,0.85,0.15,normalised
79.13333333333333,,,0.8587351596472477,0.1441762777124361,1,,,,,,,,,SYNTHETIC_GP3,0.8587351596472477,0.1441762777124361,0.85,0.15,normalised
79.15,,,0.8596153443383493,0.1485471594815919,1,,,,,,,,,SYNTHETIC_GP3,0.8596153443383493,0.1485471594815919,0.85,0.15,normalised
79.16666666666667,,,0.8526267667712972,0.145757540267356,1,,,,,,,,,SYNTHETIC_GP3,0.8526267667712972,0.145757540267356,0.85,0.15,normalised
79.18333333333334,,,0.8547878584948534,0.1536353381431721,1,,,,,,,,,SYNTHETIC_GP3,0.8547878584948534,0.1536353381431721,0.85,0.15,normalised
79.2,,,0.8505980996211008,0.1431905298136841,1,,,,,,,,,SYNTHETIC_GP3,0.8505980996211008,0.1431905298136841,0.85,0.15,normalised
79.21666666666667,,,0.8502382312463641,0.1476814814713629,1,,,,,,,,,SYNTHETIC_GP3,0.8502382312463641,0.1476814814713629,0.85,0.15,normalised
79.23333333333333,,,0.8568333695592225,0.1433953337346555,1,,,,,,,,,SYNTHETIC_GP3,0.8568333695592225,0.1433953337346555,0.85,0.15,normalised
79.25,,,0.8504196076975811,0.1516817709401579,1,,,,,,,,,SYNTHETIC_GP3,0.8504196076975811,0.1516817709401579,0.85,0.15,normalised
79.26666666666667,,,0.8503031238990584,0.1530964460278443,1,,,,,,,,,SYNTHETIC_GP3,0.8503031238990584,0.1530964460278443,0.85,0.15,normalised
79.28333333333333,,,0.854021078701277,0.1510923970073514,1,,,,,,,,,SYNTHETIC_GP3,0.854021078701277,0.1510923970073514,0.85,0.15,normalised
79.3,,,0.8464688359485967,0.1517768691601518,1,,,,,,,,,SYNTHETIC_GP3,0.8464688359485967,0.1517768691601518,0.85,0.15,normalised
79.31666666666666,,,0.8503419027151664,0.1511765230227207,1,,,,,,,,,SYNTHETIC_GP3,0.8503419027151664,0.1511765230227207,0.85,0.15,normalised
79.33333333333333,,,0.8553104184561258,0.1487816562674989,1,,,,,,,,,SYNTHETIC_GP3,0.8553104184561258,0.1487816562674989,0.85,0.15,normalised
79.35,,,0.8448915924547746,0.1504990002583628,1,,,,,,,,,SYNTHETIC_GP3,0.8448915924547746,0.1504990002583628,0.85,0.15,normalised
79.36666666666666,,,0.8514708288870723,0.1497305362648232,1,,,,,,,,,SYNTHETIC_GP3,0.8514708288870723,0.1497305362648232,0.85,0.15,normalised
79.38333333333333,,,0.8503236152011827,0.1493274879305187,1,,,,,,,,,SYNTHETIC_GP3,0.8503236152011827,0.1493274879305187,0.85,0.15,normalised
79.4,,,0.8488812976766102,0.1477966820485394,1,,,,,,,,,SYNTHETIC_GP3,0.8488812976766102,0.1477966820485394,0.85,0.15,normalised
79.41666666666667,,,0.8469948253997294,0.1537547884456008,1,,,,,,,,,SYNTHETIC_GP3,0.8469948253997294,0.1537547884456008,0.85,0.15,normalised
79.43333333333334,,,0.8481759118264008,0.14591603130321,1,,,,,,,,,SYNTHETIC_GP3,0.8481759118264008,0.14591603130321,0.85,0.15,normalised
79.45,,,0.8491346372170383,0.1508464753937414,1,,,,,,,,,SYNTHETIC_GP3,0.8491346372170383,0.1508464753937414,0.85,0.15,normalised
79.46666666666667,,,0.8486174939992059,0.158504386221604,1,,,,,,,,,SYNTHETIC_GP3,0.8486174939992059,0.158504386221604,0.85,0.15,normalised
79.48333333333333,,,0.8508756982836234,0.1402947737745018,1,,,,,,,,,SYNTHETIC_GP3,0.8508756982836234,0.1402947737745018,0.85,0.15,normalised
79.5,,,0.8502756684525966,0.1532684072508947,1,,,,,,,,,SYNTHETIC_GP3,0.8502756684525966,0.1532684072508947,0.85,0.15,normalised
79.51666666666667,,,0.847781234219262,0.1449205255073612,1,,,,,,,,,SYNTHETIC_GP3,0.847781234219262,0.1449205255073612,0.85,0.15,normalised
79.53333333333333,,,0.8532269729389164,0.1533082628581502,1,,,,,,,,,SYNTHETIC_GP3,0.8532269729389164,0.1533082628581502,0.85,0.15,normalised
79.55,,,0.8529623782675294,0.1395512747036373,1,,,,,,,,,SYNTHETIC_GP3,0.8529623782675294,0.1395512747036373,0.85,0.15,normalised
79.56666666666666,,,0.8463187147137134,0.1513269961554174,1,,,,,,,,,SYNTHETIC_GP3,0.8463187147137134,0.1513269961554174,0.85,0.15,normalised
79.58333333333333,,,0.8560297965981378,0.1442019421069341,1,,,,,,,,,SYNTHETIC_GP3,0.8560297965981378,0.1442019421069341,0.85,0.15,normalised
79.6,,,0.8511487949619978,0.1475013717310374,1,,,,,,,,,SYNTHETIC_GP3,0.8511487949619978,0.1475013717310374,0.85,0.15,normalised
79.61666666666666,,,0.854223748000493,0.15234262525187,1,,,,,,,,,SYNTHETIC_GP3,0.854223748000493,0.15234262525187,0.85,0.15,normalised
79.63333333333333,,,0.8490748159738032,0.1518900373183245,1,,,,,,,,,SYNTHETIC_GP3,0.8490748159738032,0.1518900373183245,0.85,0.15,normalised
79.65,,,0.8477145483018458,0.1527138224810048,1,,,,,,,,,SYNTHETIC_GP3,0.8477145483018458,0.1527138224810048,0.85,0.15,normalised
79.66666666666667,,,0.8520675596818448,0.1499906665656334,1,,,,,,,,,SYNTHETIC_GP3,0.8520675596818448,0.1499906665656334,0.85,0.15,normalised
79.68333333333334,,,0.8479822931582369,0.1458331245886568,1,,,,,,,,,SYNTHETIC_GP3,0.8479822931582369,0.1458331245886568,0.85,0.15,normalised
79.7,,,0.8559192090965316,0.1496890256372381,1,,,,,,,,,SYNTHETIC_GP3,0.8559192090965316,0.1496890256372381,0.85,0.15,normalised
79.71666666666667,,,0.8604300940711894,0.1479435305598997,1,,,,,,,,,SYNTHETIC_GP3,0.8604300940711894,0.1479435305598997,0.85,0.15,normalised
79.73333333333333,,,0.8549579720535344,0.1536246410149347,1,,,,,,,,,SYNTHETIC_GP3,0.8549579720535344,0.1536246410149347,0.85,0.15,normalised
79.75,,,0.8520072840517599,0.154675752142849,1,,,,,,,,,SYNTHETIC_GP3,0.8520072840517599,0.154675752142849,0.85,0.15,normalised
79.76666666666667,,,0.8503371122401697,0.1458911121219157,1,,,,,,,,,SYNTHETIC_GP3,0.8503371122401697,0.1458911121219157,0.85,0.15,normalised
79.78333333333333,,,0.8486519424250302,0.1523614028951432,1,,,,,,,,,SYNTHETIC_GP3,0.8486519424250302,0.1523614028951432,0.85,0.15,normalised
79.8,,,0.8511337377200057,0.1489484538758629,1,,,,,,,,,SYNTHETIC_GP3,0.8511337377200057,0.1489484538758629,0.85,0.15,normalised
79.81666666666666,,,0.8486675214195214,0.1507431778268498,1,,,,,,,,,SYNTHETIC_GP3,0.8486675214195214,0.1507431778268498,0.85,0.15,normalised
79.83333333333333,,,0.8495341963876674,0.154042475486862,1,,,,,,,,,SYNTHETIC_GP3,0.8495341963876674,0.154042475486862,0.85,0.15,normalised
79.85,,,0.857193338109675,0.1539792636038206,1,,,,,,,,,SYNTHETIC_GP3,0.857193338109675,0.1539792636038206,0.85,0.15,normalised
79.86666666666666,,,0.8505353686532201,0.145736521308878,1,,,,,,,,,SYNTHETIC_GP3,0.8505353686532201,0.145736521308878,0.85,0.15,normalised
79.88333333333333,,,0.85498299282306,0.1521927151325669,1,,,,,,,,,SYNTHETIC_GP3,0.85498299282306,0.1521927151325669,0.85,0.15,normalised
79.9,,,0.8561253757290298,0.152634288576362,1,,,,,,,,,SYNTHETIC_GP3,0.8561253757290298,0.152634288576362,0.85,0.15,normalised
79.91666666666667,,,0.8525768881003889,0.1503523995261418,1,,,,,,,,,SYNTHETIC_GP3,0.8525768881003889,0.1503523995261418,0.85,0.15,normalised
79.93333333333334,,,0.8535094565563968,0.1506892003038955,1,,,,,,,,,SYNTHETIC_GP3,0.8535094565563968,0.1506892003038955,0.85,0.15,normalised
79.95,,,0.8526822510158609,0.1531512022698365,1,,,,,,,,,SYNTHETIC_GP3,0.8526822510158609,0.1531512022698365,0.85,0.15,normalised
79.96666666666667,,,0.8487601757969568,0.1460889031603143,1,,,,,,,,,SYNTHETIC_GP3,0.8487601757969568,0.1460889031603143,0.85,0.15,normalised
79.98333333333333,,,0.8510620300970274,0.1546611956716605,1,,,,,,,,,SYNTHETIC_GP3,0.8510620300970274,0.1546611956716605,0.85,0.15,normalised
80.0,,,0.8546824085439463,0.1486464821534079,1,,,,,,,,,SYNTHETIC_GP3,0.8546824085439463,0.1486464821534079,0.85,0.15,normalised
80.01666666666667,,,0.8467546372520999,0.1501759416444641,1,,,,,,,,,SYNTHETIC_GP3,0.8467546372520999,0.1501759416444641,0.85,0.15,normalised
80.03333333333333,,,0.8500167934928338,0.1458384875591516,1,,,,,,,,,SYNTHETIC_GP3,0.8500167934928338,0.1458384875591516,0.85,0.15,normalised
80.05,,,0.8536453401977235,0.1499535011159273,1,,,,,,,,,SYNTHETIC_GP3,0.8536453401977235,0.1499535011159273,0.85,0.15,normalised
80.06666666666666,,,0.8542457011015878,0.1493835915911852,1,,,,,,,,,SYNTHETIC_GP3,0.8542457011015878,0.1493835915911852,0.85,0.15,normalised
80.08333333333333,,,0.8521812853088303,0.1485527834682862,1,,,,,,,,,SYNTHETIC_GP3,0.8521812853088303,0.1485527834682862,0.85,0.15,normalised
80.1,,,0.8506678415148924,0.1421228936739183,1,,,,,,,,,SYNTHETIC_GP3,0.8506678415148924,0.1421228936739183,0.85,0.15,normalised
80.11666666666666,,,0.8536634832942993,0.1521008694010923,1,,,,,,,,,SYNTHETIC_GP3,0.8536634832942993,0.1521008694010923,0.85,0.15,normalised
80.13333333333333,,,0.853144770771654,0.1448493451234331,1,,,,,,,,,SYNTHETIC_GP3,0.853144770771654,0.1448493451234331,0.85,0.15,normalised
80.15,,,0.8522127943266811,0.1479601225205611,1,,,,,,,,,SYNTHETIC_GP3,0.8522127943266811,0.1479601225205611,0.85,0.15,normalised
80.16666666666667,,,0.8521843007574296,0.1505182729913174,1,,,,,,,,,SYNTHETIC_GP3,0.8521843007574296,0.1505182729913174,0.85,0.15,normalised
80.18333333333334,,,0.853366125133939,0.1471577686217001,1,,,,,,,,,SYNTHETIC_GP3,0.853366125133939,0.1471577686217001,0.85,0.15,normalised
80.2,,,0.8496579698380324,0.1458337754755395,1,,,,,,,,,SYNTHETIC_GP3,0.8496579698380324,0.1458337754755395,0.85,0.15,normalised
80.21666666666667,,,0.8560190276466981,0.1518727602028189,1,,,,,,,,,SYNTHETIC_GP3,0.8560190276466981,0.1518727602028189,0.85,0.15,normalised
80.23333333333333,,,0.8571267016711575,0.1433467989969559,1,,,,,,,,,SYNTHETIC_GP3,0.8571267016711575,0.1433467989969559,0.85,0.15,normalised
80.25,,,0.851158882696615,0.149208666290936,1,,,,,,,,,SYNTHETIC_GP3,0.851158882696615,0.149208666290936,0.85,0.15,normalised
80.26666666666667,,,0.8427752636475673,0.1481647063595933,1,,,,,,,,,SYNTHETIC_GP3,0.8427752636475673,0.1481647063595933,0.85,0.15,normalised
80.28333333333333,,,0.847276457786597,0.1498583723501622,1,,,,,,,,,SYNTHETIC_GP3,0.847276457786597,0.1498583723501622,0.85,0.15,normalised
80.3,,,0.8548678097961756,0.1464832063014228,1,,,,,,,,,SYNTHETIC_GP3,0.8548678097961756,0.1464832063014228,0.85,0.15,normalised
80.31666666666666,,,0.8481410421581705,0.1466207081912425,1,,,,,,,,,SYNTHETIC_GP3,0.8481410421581705,0.1466207081912425,0.85,0.15,normalised
80.33333333333333,,,0.8538826034571103,0.1524689169888586,1,,,,,,,,,SYNTHETIC_GP3,0.8538826034571103,0.1524689169888586,0.85,0.15,normalised
80.35,,,0.497028168474561,0.5043905430787959,1,,,,,,,,,SYNTHETIC_GP3,0.497028168474561,0.5043905430787959,0.5,0.5,normalised
80.36666666666666,,,0.5042630104753316,0.4959968758976268,1,,,,,,,,,SYNTHETIC_GP3,0.5042630104753316,0.4959968758976268,0.5,0.5,normalised
80.38333333333333,,,0.5024701793588241,0.5014477118796806,1,,,,,,,,,SYNTHETIC_GP3,0.5024701793588241,0.5014477118796806,0.5,0.5,normalised
80.4,,,0.5020957795083562,0.5011736582471784,1,,,,,,,,,SYNTHETIC_GP3,0.5020957795083562,0.5011736582471784,0.5,0.5,normalised
80.41666666666667,,,0.5004158080403487,0.5039704587467526,1,,,,,,,,,SYNTHETIC_GP3,0.5004158080403487,0.5039704587467526,0.5,0.5,normalised
80.43333333333334,,,0.5035942097531313,0.5062448647919078,1,,,,,,,,,SYNTHETIC_GP3,0.5035942097531313,0.5062448647919078,0.5,0.5,normalised
80.45,,,0.4974218748039232,0.4996338239772315,1,,,,,,,,,SYNTHETIC_GP3,0.4974218748039232,0.4996338239772315,0.5,0.5,normalised
80.46666666666667,,,0.5032549238845906,0.4995965251242247,1,,,,,,,,,SYNTHETIC_GP3,0.5032549238845906,0.4995965251242247,0.5,0.5,normalised
80.48333333333333,,,0.5010298093839775,0.4971712502017507,1,,,,,,,,,SYNTHETIC_GP3,0.5010298093839775,0.4971712502017507,0.5,0.5,normalised
80.5,,,0.5084964018896894,0.5023043811041612,1,,,,,,,,,SYNTHETIC_GP3,0.5084964018896894,0.5023043811041612,0.5,0.5,normalised
80.51666666666667,,,0.4939358678967333,0.5010281945577454,1,,,,,,,,,SYNTHETIC_GP3,0.4939358678967333,0.5010281945577454,0.5,0.5,normalised
80.53333333333333,,,0.5027567653738815,0.4985991225429113,1,,,,,,,,,SYNTHETIC_GP3,0.5027567653738815,0.4985991225429113,0.5,0.5,normalised
80.55,,,0.4992145616763713,0.4963857983665626,1,,,,,,,,,SYNTHETIC_GP3,0.4992145616763713,0.4963857983665626,0.5,0.5,normalised
80.56666666666666,,,0.5039771742723261,0.4973049554059996,1,,,,,,,,,SYNTHETIC_GP3,0.5039771742723261,0.4973049554059996,0.5,0.5,normalised
80.58333333333333,,,0.5057336389056121,0.491444863633097,1,,,,,,,,,SYNTHETIC_GP3,0.5057336389056121,0.491444863633097,0.5,0.5,normalised
80.6,,,0.496433432049066,0.4889428609913956,1,,,,,,,,,SYNTHETIC_GP3,0.496433432049066,0.4889428609913956,0.5,0.5,normalised
80.61666666666666,,,0.5075777762987502,0.4974383637484353,1,,,,,,,,,SYNTHETIC_GP3,0.5075777762987502,0.4974383637484353,0.5,0.5,normalised
80.63333333333333,,,0.5002011963633326,0.4962826519492066,1,,,,,,,,,SYNTHETIC_GP3,0.5002011963633326,0.4962826519492066,0.5,0.5,normalised
80.65,,,0.5010076814054996,0.5007830164163942,1,,,,,,,,,SYNTHETIC_GP3,0.5010076814054996,0.5007830164163942,0.5,0.5,normalised
80.66666666666667,,,0.4991332429906463,0.4999496189367119,1,,,,,,,,,SYNTHETIC_GP3,0.4991332429906463,0.4999496189367119,0.5,0.5,normalised
80.68333333333334,,,0.4928737043724388,0.4965585232467751,1,,,,,,,,,SYNTHETIC_GP3,0.4928737043724388,0.4965585232467751,0.5,0.5,normalised
80.7,,,0.4999256338440992,0.4982191232828132,1,,,,,,,,,SYNTHETIC_GP3,0.4999256338440992,0.4982191232828132,0.5,0.5,normalised
80.71666666666667,,,0.4968662973715864,0.4969019425123166,1,,,,,,,,,SYNTHETIC_GP3,0.4968662973715864,0.4969019425123166,0.5,0.5,normalised
80.73333333333333,,,0.4952945310485276,0.50354757891454,1,,,,,,,,,SYNTHETIC_GP3,0.4952945310485276,0.50354757891454,0.5,0.5,normalised
80.75,,,0.5064851002794523,0.5007458424035601,1,,,,,,,,,SYNTHETIC_GP3,0.5064851002794523,0.5007458424035601,0.5,0.5,normalised
80.76666666666667,,,0.5063215547739824,0.4992552006605174,1,,,,,,,,,SYNTHETIC_GP3,0.5063215547739824,0.4992552006605174,0.5,0.5,normalised
80.78333333333333,,,0.5031404867687571,0.5031876682607461,1,,,,,,,,,SYNTHETIC_GP3,0.5031404867687571,0.5031876682607461,0.5,0.5,normalised
80.8,,,,,0,,,,,,,,,SYNTHETIC_GP3,,,0.5,0.5,normalised
80.81666666666666,,,0.5064518670486164,0.5029245979689319,1,,,,,,,,,SYNTHETIC_GP3,0.5064518670486164,0.5029245979689319,0.5,0.5,normalised
80.83333333333333,,,0.5023181213682892,0.5001635917047673,1,,,,,,,,,SYNTHETIC_GP3,0.5023181213682892,0.5001635917047673,0.5,0.5,normalised
80.85,,,0.5009087750089508,0.500106496617907,1,,,,,,,,,SYNTHETIC_GP3,0.5009087750089508,0.500106496617907,0.5,0.5,normalised
80.86666666666666,,,0.4986338372265781,0.4974757271812928,1,,,,,,,,,SYNTHETIC_GP3,0.4986338372265781,0.4974757271812928,0.5,0.5,normalised
80.88333333333333,,,0.5023940697505894,0.4992702749922172,1,,,,,,,,,SYNTHETIC_GP3,0.5023940697505894,0.4992702749922172,0.5,0.5,normalised
80.9,,,0.5010151799436897,0.4992337169405841,1,,,,,,,,,SYNTHETIC_GP3,0.5010151799436897,0.4992337169405841,0.5,0.5,normalised
80.91666666666667,,,0.5005282152053104,0.4974820620723147,1,,,,,,,,,SYNTHETIC_GP3,0.5005282152053104,0.4974820620723147,0.5,0.5,normalised
80.93333333333334,,,0.50053862482689,0.4994806663793564,1,,,,,,,,,SYNTHETIC_GP3,0.50053862482689,0.4994806663793564,0.5,0.5,normalised
80.95,,,0.504500365681071,0.4998225161819304,1,,,,,,,,,SYNTHETIC_GP3,0.504500365681071,0.4998225161819304,0.5,0.5,normalised
80.96666666666667,,,0.5041290391750021,0.502751887187411,1,,,,,,,,,SYNTHETIC_GP3,0.5041290391750021,0.502751887187411,0.5,0.5,normalised
80.98333333333333,,,0.5072870203544846,0.4990237774556263,1,,,,,,,,,SYNTHETIC_GP3,0.5072870203544846,0.4990237774556263,0.5,0.5,normalised
81.0,,,0.5007551569216817,0.5028695382072268,1,,,,,,,,,SYNTHETIC_GP3,0.5007551569216817,0.5028695382072268,0.5,0.5,normalised
