time_s,device_time_s,system_time_s,gaze_x,gaze_y,valid,left_gaze_x,left_gaze_y,right_gaze_x,right_gaze_y,left_valid,right_valid,pupil_left,pupil_right,source_device,raw_gaze_x,raw_gaze_y,raw_cx,raw_cy,coordinate_space
48.899558305740356,,,0.0,0.0,0,,,,,,,,,GP3,0.0,0.0,0.0,0.0,normalised
48.91011047363281,,,0.0,0.0,0,,,,,,,,,GP3,0.0,0.0,0.0,0.0,normalised
48.920729875564575,,,0.64721,0.67442,1,,,,,,,,,GP3,0.64721,0.67442,0.67917,0.9713,normalised
48.93126845359802,,,0.64778,0.67427,1,,,,,,,,,GP3,0.64778,0.67427,0.67917,0.9713,normalised
48.94727563858032,,,0.64834,0.67408,1,,,,,,,,,GP3,0.64834,0.67408,0.67917,0.9713,normalised
48.96203255653381,,,0.6483,0.6738,1,,,,,,,,,GP3,0.6483,0.6738,0.67917,0.9713,normalised
48.97840404510498,,,0.64866,0.67359,1,,,,,,,,,GP3,0.64866,0.67359,0.67917,0.9713,normalised
48.99593257904053,,,0.64894,0.6737,1,,,,,,,,,GP3,0.64894,0.6737,0.67917,0.9713,normalised
49.010889530181885,,,0.64872,0.67455,1,,,,,,,,,GP3,0.64872,0.67455,0.67917,0.9713,normalised
49.02830481529236,,,0.64857,0.67481,1,,,,,,,,,GP3,0.64857,0.67481,0.67917,0.9713,normalised
49.04402446746826,,,0.64846,0.67494,1,,,,,,,,,GP3,0.64846,0.67494,0.67917,0.9713,normalised
49.060462474823,,,0.6486,0.67531,1,,,,,,,,,GP3,0.6486,0.67531,0.67917,0.9713,normalised
49.076480865478516,,,0.64871,0.67512,1,,,,,,,,,GP3,0.64871,0.67512,0.67917,0.9713,normalised
49.09385585784912,,,0.64879,0.67503,1,,,,,,,,,GP3,0.64879,0.67503,0.67917,0.9713,normalised
49.10730767250061,,,0.64927,0.6753,1,,,,,,,,,GP3,0.64927,0.6753,0.67917,0.9713,normalised
49.123833656311035,,,0.64916,0.67574,1,,,,,,,,,GP3,0.64916,0.67574,0.67917,0.9713,normalised
49.139867305755615,,,0.64905,0.67616,1,,,,,,,,,GP3,0.64905,0.67616,0.67917,0.9713,normalised
49.15758419036865,,,0.64911,0.67572,1,,,,,,,,,GP3,0.64911,0.67572,0.67917,0.9713,normalised
49.174261808395386,,,0.64877,0.67582,1,,,,,,,,,GP3,0.64877,0.67582,0.67917,0.9713,normalised
49.18870306015015,,,0.64848,0.67573,1,,,,,,,,,GP3,0.64848,0.67573,0.67917,0.9713,normalised
49.205464363098145,,,0.64843,0.67481,1,,,,,,,,,GP3,0.64843,0.67481,0.67917,0.9713,normalised
49.22299647331238,,,0.64858,0.67492,1,,,,,,,,,GP3,0.64858,0.67492,0.67917,0.9713,normalised
49.238914251327515,,,0.64871,0.67513,1,,,,,,,,,GP3,0.64871,0.67513,0.67917,0.9713,normalised
49.252450704574585,,,0.64855,0.67378,1,,,,,,,,,GP3,0.64855,0.67378,0.67917,0.9713,normalised
49.27016067504883,,,0.64797,0.67399,1,,,,,,,,,GP3,0.64797,0.67399,0.67917,0.9713,normalised
49.28766345977783,,,0.64739,0.67427,1,,,,,,,,,GP3,0.64739,0.67427,0.67917,0.9713,normalised
49.30126094818115,,,0.64711,0.67412,1,,,,,,,,,GP3,0.64711,0.67412,0.67917,0.9713,normalised
49.3193199634552,,,0.64692,0.67422,1,,,,,,,,,GP3,0.64692,0.67422,0.67917,0.9713,normalised
49.33391499519348,,,0.64674,0.67426,1,,,,,,,,,GP3,0.64674,0.67426,0.67917,0.9713,normalised
49.35051131248474,,,0.64703,0.67423,1,,,,,,,,,GP3,0.64703,0.67423,0.67917,0.9713,normalised
49.3661744594574,,,0.64737,0.67528,1,,,,,,,,,GP3,0.64737,0.67528,0.67917,0.9713,normalised
49.38282227516174,,,0.64772,0.67634,1,,,,,,,,,GP3,0.64772,0.67634,0.67917,0.9713,normalised
49.39905619621277,,,0.64771,0.67674,1,,,,,,,,,GP3,0.64771,0.67674,0.67917,0.9713,normalised
49.416969776153564,,,0.64777,0.67719,1,,,,,,,,,GP3,0.64777,0.67719,0.67917,0.9713,normalised
49.43095827102661,,,0.64788,0.67747,1,,,,,,,,,GP3,0.64788,0.67747,0.67917,0.9713,normalised
49.4485878944397,,,0.64753,0.67752,1,,,,,,,,,GP3,0.64753,0.67752,0.67917,0.9713,normalised
49.46510910987854,,,0.64721,0.67746,1,,,,,,,,,GP3,0.64721,0.67746,0.67917,0.9713,normalised
49.47891926765442,,,0.64688,0.67747,1,,,,,,,,,GP3,0.64688,0.67747,0.67917,0.9713,normalised
49.49553346633911,,,0.64661,0.67844,1,,,,,,,,,GP3,0.64661,0.67844,0.67917,0.9713,normalised
49.513819217681885,,,0.64632,0.67878,1,,,,,,,,,GP3,0.64632,0.67878,0.67917,0.9713,normalised
49.52985167503357,,,0.64599,0.67924,1,,,,,,,,,GP3,0.64599,0.67924,0.67917,0.9713,normalised
49.54420495033264,,,0.64598,0.67928,1,,,,,,,,,GP3,0.64598,0.67928,0.67917,0.9713,normalised
49.561195850372314,,,0.64582,0.67942,1,,,,,,,,,GP3,0.64582,0.67942,0.67917,0.9713,normalised
49.57885146141052,,,0.64565,0.67961,1,,,,,,,,,GP3,0.64565,0.67961,0.67917,0.9713,normalised
49.5956072807312,,,0.64522,0.67941,1,,,,,,,,,GP3,0.64522,0.67941,0.67917,0.9713,normalised
49.60944724082947,,,0.64509,0.67978,1,,,,,,,,,GP3,0.64509,0.67978,0.67917,0.9713,normalised
49.62614130973816,,,0.64495,0.68021,1,,,,,,,,,GP3,0.64495,0.68021,0.67917,0.9713,normalised
49.641655683517456,,,0.64473,0.68137,1,,,,,,,,,GP3,0.64473,0.68137,0.67917,0.9713,normalised
49.65779519081116,,,0.6446,0.68207,1,,,,,,,,,GP3,0.6446,0.68207,0.67917,0.9713,normalised
49.675315856933594,,,0.64446,0.68281,1,,,,,,,,,GP3,0.64446,0.68281,0.67917,0.9713,normalised
49.6900532245636,,,0.64407,0.68392,1,,,,,,,,,GP3,0.64407,0.68392,0.67917,0.9713,normalised
49.708109617233276,,,0.64403,0.68413,1,,,,,,,,,GP3,0.64403,0.68413,0.67917,0.9713,normalised
49.72260618209839,,,0.64403,0.68419,1,,,,,,,,,GP3,0.64403,0.68419,0.67917,0.9713,normalised
49.738075733184814,,,0.64482,0.68588,1,,,,,,,,,GP3,0.64482,0.68588,0.67917,0.9713,normalised
49.75696802139282,,,0.6456,0.6858,1,,,,,,,,,GP3,0.6456,0.6858,0.67917,0.9713,normalised
49.77067708969116,,,0.64644,0.68554,1,,,,,,,,,GP3,0.64644,0.68554,0.67917,0.9713,normalised
49.78720736503601,,,0.64644,0.68554,1,,,,,,,,,GP3,0.64644,0.68554,0.67917,0.9713,normalised
49.80667996406555,,,0.64644,0.68554,1,,,,,,,,,GP3,0.64644,0.68554,0.67917,0.9713,normalised
49.82655143737793,,,0.64644,0.68554,1,,,,,,,,,GP3,0.64644,0.68554,0.67917,0.9713,normalised
49.838064193725586,,,0.65756,0.68886,0,,,,,,,,,GP3,0.65756,0.68886,0.67917,0.9713,normalised
49.852577209472656,,,0.65756,0.68886,0,,,,,,,,,GP3,0.65756,0.68886,0.67917,0.9713,normalised
49.87110352516174,,,0.65756,0.68886,0,,,,,,,,,GP3,0.65756,0.68886,0.67917,0.9713,normalised
49.88864588737488,,,0.0,0.0,0,,,,,,,,,GP3,0.0,0.0,0.67917,0.9713,normalised
49.90423130989075,,,0.0,0.0,0,,,,,,,,,GP3,0.0,0.0,0.67917,0.9713,normalised
49.92076778411865,,,0.0,0.0,0,,,,,,,,,GP3,0.0,0.0,0.67917,0.9713,normalised
49.937485456466675,,,0.0,0.0,0,,,,,,,,,GP3,0.0,0.0,0.67917,0.9713,normalised
49.95245933532715,,,0.0,0.0,0,,,,,,,,,GP3,0.0,0.0,0.67917,0.9713,normalised
49.967002391815186,,,0.0,0.0,0,,,,,,,,,GP3,0.0,0.0,0.67917,0.9713,normalised
49.984511375427246,,,0.0,0.0,0,,,,,,,,,GP3,0.0,0.0,0.67917,0.9713,normalised
49.99981760978699,,,0.0,0.0,0,,,,,,,,,GP3,0.0,0.0,0.67917,0.9713,normalised
50.01743245124817,,,0.34979,0.326,0,,,,,,,,,GP3,0.34979,0.326,0.67917,0.9713,normalised
50.030312061309814,,,0.71492,0.48977,0,,,,,,,,,GP3,0.71492,0.48977,0.67917,0.9713,normalised
50.04763150215149,,,0.7226,0.43766,0,,,,,,,,,GP3,0.7226,0.43766,0.67917,0.9713,normalised
50.06119918823242,,,0.72403,0.42483,0,,,,,,,,,GP3,0.72403,0.42483,0.67917,0.9713,normalised
50.08078694343567,,,0.72825,0.3862,0,,,,,,,,,GP3,0.72825,0.3862,0.67917,0.9713,normalised
50.09460997581482,,,0.72587,0.38409,0,,,,,,,,,GP3,0.72587,0.38409,0.67917,0.9713,normalised
50.11198425292969,,,0.72424,0.38682,0,,,,,,,,,GP3,0.72424,0.38682,0.67917,0.9713,normalised
50.12785625457764,,,0.72779,0.38458,1,,,,,,,,,GP3,0.72779,0.38458,0.67917,0.9713,normalised
50.14328074455261,,,0.72992,0.37774,1,,,,,,,,,GP3,0.72992,0.37774,0.67917,0.9713,normalised
50.15916323661804,,,0.73051,0.37654,1,,,,,,,,,GP3,0.73051,0.37654,0.67917,0.9713,normalised
50.176735401153564,,,0.73931,0.36894,1,,,,,,,,,GP3,0.73931,0.36894,0.67917,0.9713,normalised
50.194573640823364,,,0.74564,0.36099,1,,,,,,,,,GP3,0.74564,0.36099,0.67917,0.9713,normalised
50.208632707595825,,,0.75038,0.3554,1,,,,,,,,,GP3,0.75038,0.3554,0.67917,0.9713,normalised
50.2263617515564,,,0.75363,0.35221,1,,,,,,,,,GP3,0.75363,0.35221,0.67917,0.9713,normalised
50.24110984802246,,,0.75804,0.34503,1,,,,,,,,,GP3,0.75804,0.34503,0.67917,0.9713,normalised
50.25762319564819,,,0.76223,0.33726,1,,,,,,,,,GP3,0.76223,0.33726,0.67917,0.9713,normalised
50.27403235435486,,,0.76466,0.33035,1,,,,,,,,,GP3,0.76466,0.33035,0.67917,0.9713,normalised
50.28901267051697,,,0.76798,0.32427,1,,,,,,,,,GP3,0.76798,0.32427,0.67917,0.9713,normalised
50.30583477020264,,,0.77086,0.319,1,,,,,,,,,GP3,0.77086,0.319,0.67917,0.9713,normalised
50.323559045791626,,,0.79137,0.28423,0,,,,,,,,,GP3,0.79137,0.28423,0.67917,0.9713,normalised
50.337066650390625,,,0.81268,0.22137,0,,,,,,,,,GP3,0.81268,0.22137,0.67917,0.9713,normalised
50.35288715362549,,,0.81978,0.20042,0,,,,,,,,,GP3,0.81978,0.20042,0.67917,0.9713,normalised
50.36890530586243,,,0.82016,0.22783,1,,,,,,,,,GP3,0.82016,0.22783,0.67917,0.9713,normalised
50.38559365272522,,,0.81924,0.24263,1,,,,,,,,,GP3,0.81924,0.24263,0.67917,0.9713,normalised
50.40363311767578,,,0.81863,0.25249,1,,,,,,,,,GP3,0.81863,0.25249,0.67917,0.9713,normalised
50.418402671813965,,,0.81791,0.26229,1,,,,,,,,,GP3,0.81791,0.26229,0.67917,0.9713,normalised
50.433881521224976,,,0.8175,0.26826,1,,,,,,,,,GP3,0.8175,0.26826,0.67917,0.9713,normalised
50.450483560562134,,,0.81739,0.27228,1,,,,,,,,,GP3,0.81739,0.27228,0.67917,0.9713,normalised
50.467573404312134,,,0.81663,0.27111,1,,,,,,,,,GP3,0.81663,0.27111,0.67917,0.9713,normalised
50.48248362541199,,,0.81637,0.27051,1,,,,,,,,,GP3,0.81637,0.27051,0.67917,0.9713,normalised
50.49899935722351,,,0.81645,0.26899,1,,,,,,,,,GP3,0.81645,0.26899,0.67917,0.9713,normalised
50.515706062316895,,,0.81725,0.26686,1,,,,,,,,,GP3,0.81725,0.26686,0.67917,0.9713,normalised
50.53223443031311,,,0.81757,0.26501,1,,,,,,,,,GP3,0.81757,0.26501,0.67917,0.9713,normalised
50.548828125,,,0.8179,0.26321,1,,,,,,,,,GP3,0.8179,0.26321,0.67917,0.9713,normalised
50.563316822052,,,0.81836,0.26123,1,,,,,,,,,GP3,0.81836,0.26123,0.67917,0.9713,normalised
50.57986664772034,,,0.81914,0.25991,1,,,,,,,,,GP3,0.81914,0.25991,0.67917,0.9713,normalised
50.59752869606018,,,0.81981,0.25876,1,,,,,,,,,GP3,0.81981,0.25876,0.67917,0.9713,normalised
50.61244082450867,,,0.82062,0.25801,1,,,,,,,,,GP3,0.82062,0.25801,0.67917,0.9713,normalised
50.62886333465576,,,0.82045,0.25775,1,,,,,,,,,GP3,0.82045,0.25775,0.67917,0.9713,normalised
50.646100997924805,,,0.82006,0.25829,1,,,,,,,,,GP3,0.82006,0.25829,0.67917,0.9713,normalised
50.660680294036865,,,0.81961,0.25925,1,,,,,,,,,GP3,0.81961,0.25925,0.67917,0.9713,normalised
50.67688012123108,,,0.81882,0.26165,1,,,,,,,,,GP3,0.81882,0.26165,0.67917,0.9713,normalised
50.69419980049133,,,0.81803,0.2641,1,,,,,,,,,GP3,0.81803,0.2641,0.67917,0.9713,normalised
50.7109055519104,,,0.8178,0.26498,1,,,,,,,,,GP3,0.8178,0.26498,0.67917,0.9713,normalised
50.72746419906616,,,0.81791,0.26487,1,,,,,,,,,GP3,0.81791,0.26487,0.67917,0.9713,normalised
50.74236845970154,,,0.81816,0.26424,1,,,,,,,,,GP3,0.81816,0.26424,0.67917,0.9713,normalised
50.758142709732056,,,0.81834,0.26339,1,,,,,,,,,GP3,0.81834,0.26339,0.67917,0.9713,normalised
50.775222063064575,,,0.81834,0.26299,1,,,,,,,,,GP3,0.81834,0.26299,0.67917,0.9713,normalised
50.79111456871033,,,0.81831,0.26272,1,,,,,,,,,GP3,0.81831,0.26272,0.67917,0.9713,normalised
50.80535125732422,,,0.81848,0.26292,1,,,,,,,,,GP3,0.81848,0.26292,0.67917,0.9713,normalised
50.82406282424927,,,0.81858,0.26254,1,,,,,,,,,GP3,0.81858,0.26254,0.67917,0.9713,normalised
50.84021043777466,,,0.81878,0.26183,1,,,,,,,,,GP3,0.81878,0.26183,0.67917,0.9713,normalised
50.85793876647949,,,0.81912,0.261,1,,,,,,,,,GP3,0.81912,0.261,0.67917,0.9713,normalised
50.87148857116699,,,0.81938,0.2602,1,,,,,,,,,GP3,0.81938,0.2602,0.67917,0.9713,normalised
50.88697576522827,,,0.81971,0.25917,1,,,,,,,,,GP3,0.81971,0.25917,0.67917,0.9713,normalised
50.90333652496338,,,0.82045,0.25795,1,,,,,,,,,GP3,0.82045,0.25795,0.67917,0.9713,normalised
50.92074942588806,,,0.82111,0.25621,1,,,,,,,,,GP3,0.82111,0.25621,0.67917,0.9713,normalised
50.93562316894531,,,0.82168,0.2547,1,,,,,,,,,GP3,0.82168,0.2547,0.67917,0.9713,normalised
50.953019857406616,,,0.82178,0.25423,1,,,,,,,,,GP3,0.82178,0.25423,0.67917,0.9713,normalised
50.96680545806885,,,0.82183,0.25431,1,,,,,,,,,GP3,0.82183,0.25431,0.67917,0.9713,normalised
50.98434495925903,,,0.8217,0.25499,1,,,,,,,,,GP3,0.8217,0.25499,0.67917,0.9713,normalised
51.000744581222534,,,0.82158,0.2557,1,,,,,,,,,GP3,0.82158,0.2557,0.67917,0.9713,normalised
51.017396688461304,,,0.82224,0.25399,1,,,,,,,,,GP3,0.82224,0.25399,0.67917,0.9713,normalised
51.0348265171051,,,0.83429,0.22574,0,,,,,,,,,GP3,0.83429,0.22574,0.67917,0.9713,normalised
51.0504355430603,,,0.84576,0.19495,0,,,,,,,,,GP3,0.84576,0.19495,0.67917,0.9713,normalised
51.06496858596802,,,0.85142,0.18069,0,,,,,,,,,GP3,0.85142,0.18069,0.67917,0.9713,normalised
51.08250093460083,,,0.85576,0.16843,1,,,,,,,,,GP3,0.85576,0.16843,0.67917,0.9713,normalised
51.09713625907898,,,0.8577,0.15672,1,,,,,,,,,GP3,0.8577,0.15672,0.67917,0.9713,normalised
51.11417531967163,,,0.85747,0.14605,1,,,,,,,,,GP3,0.85747,0.14605,0.67917,0.9713,normalised
51.13165807723999,,,0.85759,0.1374,1,,,,,,,,,GP3,0.85759,0.1374,0.67917,0.9713,normalised
51.146302938461304,,,0.85773,0.13071,1,,,,,,,,,GP3,0.85773,0.13071,0.67917,0.9713,normalised
51.16384959220886,,,0.85761,0.12756,1,,,,,,,,,GP3,0.85761,0.12756,0.67917,0.9713,normalised
51.17836666107178,,,0.85711,0.1265,1,,,,,,,,,GP3,0.85711,0.1265,0.67917,0.9713,normalised
51.195448875427246,,,0.8566,0.127,1,,,,,,,,,GP3,0.8566,0.127,0.67917,0.9713,normalised
51.211997509002686,,,0.8564,0.12944,1,,,,,,,,,GP3,0.8564,0.12944,0.67917,0.9713,normalised
51.2265305519104,,,0.85623,0.13151,1,,,,,,,,,GP3,0.85623,0.13151,0.67917,0.9713,normalised
51.244219064712524,,,0.85625,0.13257,1,,,,,,,,,GP3,0.85625,0.13257,0.67917,0.9713,normalised
51.261833906173706,,,0.85608,0.13385,1,,,,,,,,,GP3,0.85608,0.13385,0.67917,0.9713,normalised
51.27847743034363,,,0.85582,0.13539,1,,,,,,,,,GP3,0.85582,0.13539,0.67917,0.9713,normalised
51.29290056228638,,,0.85548,0.13758,1,,,,,,,,,GP3,0.85548,0.13758,0.67917,0.9713,normalised
51.30985236167908,,,0.85498,0.13861,1,,,,,,,,,GP3,0.85498,0.13861,0.67917,0.9713,normalised
51.32665181159973,,,0.85443,0.13988,1,,,,,,,,,GP3,0.85443,0.13988,0.67917,0.9713,normalised
51.34111785888672,,,0.85432,0.13983,1,,,,,,,,,GP3,0.85432,0.13983,0.67917,0.9713,normalised
51.358420610427856,,,0.85458,0.1392,1,,,,,,,,,GP3,0.85458,0.1392,0.67917,0.9713,normalised
51.37343883514404,,,0.8551,0.13768,1,,,,,,,,,GP3,0.8551,0.13768,0.67917,0.9713,normalised
51.389293909072876,,,0.85613,0.13551,1,,,,,,,,,GP3,0.85613,0.13551,0.67917,0.9713,normalised
51.404645681381226,,,0.85652,0.13283,1,,,,,,,,,GP3,0.85652,0.13283,0.67917,0.9713,normalised
51.421178579330444,,,0.85695,0.13006,1,,,,,,,,,GP3,0.85695,0.13006,0.67917,0.9713,normalised
51.43763709068298,,,0.85698,0.12869,1,,,,,,,,,GP3,0.85698,0.12869,0.67917,0.9713,normalised
51.45242404937744,,,0.8569,0.12794,1,,,,,,,,,GP3,0.8569,0.12794,0.67917,0.9713,normalised
51.470125675201416,,,0.85667,0.12776,1,,,,,,,,,GP3,0.85667,0.12776,0.67917,0.9713,normalised
51.485710859298706,,,0.85643,0.12881,1,,,,,,,,,GP3,0.85643,0.12881,0.67917,0.9713,normalised
51.501827001571655,,,0.85651,0.12966,1,,,,,,,,,GP3,0.85651,0.12966,0.67917,0.9713,normalised
51.51789355278015,,,0.85659,0.13046,1,,,,,,,,,GP3,0.85659,0.13046,0.67917,0.9713,normalised
51.53376007080078,,,0.85644,0.13083,1,,,,,,,,,GP3,0.85644,0.13083,0.67917,0.9713,normalised
51.55068922042847,,,0.85609,0.131,1,,,,,,,,,GP3,0.85609,0.131,0.67917,0.9713,normalised
51.56707286834717,,,0.85571,0.13136,1,,,,,,,,,GP3,0.85571,0.13136,0.67917,0.9713,normalised
51.581822872161865,,,0.85551,0.13199,1,,,,,,,,,GP3,0.85551,0.13199,0.67917,0.9713,normalised
51.59872245788574,,,0.85526,0.13283,1,,,,,,,,,GP3,0.85526,0.13283,0.67917,0.9713,normalised
51.617563009262085,,,0.85493,0.13399,1,,,,,,,,,GP3,0.85493,0.13399,0.67917,0.9713,normalised
51.631646156311035,,,0.85472,0.13536,1,,,,,,,,,GP3,0.85472,0.13536,0.67917,0.9713,normalised
51.64813017845154,,,0.8546,0.1369,1,,,,,,,,,GP3,0.8546,0.1369,0.67917,0.9713,normalised
51.665008544921875,,,0.85454,0.13819,1,,,,,,,,,GP3,0.85454,0.13819,0.67917,0.9713,normalised
51.6796178817749,,,0.84978,0.16403,0,,,,,,,,,GP3,0.84978,0.16403,0.67917,0.9713,normalised
51.696091651916504,,,0.85257,0.16103,0,,,,,,,,,GP3,0.85257,0.16103,0.67917,0.9713,normalised
51.71381711959839,,,0.85548,0.15322,0,,,,,,,,,GP3,0.85548,0.15322,0.67917,0.9713,normalised
51.72952175140381,,,0.85961,0.14358,1,,,,,,,,,GP3,0.85961,0.14358,0.67917,0.9713,normalised
51.74334239959717,,,0.86077,0.13455,1,,,,,,,,,GP3,0.86077,0.13455,0.67917,0.9713,normalised
51.7608060836792,,,0.86222,0.1261,1,,,,,,,,,GP3,0.86222,0.1261,0.67917,0.9713,normalised
51.77658247947693,,,0.86318,0.11742,1,,,,,,,,,GP3,0.86318,0.11742,0.67917,0.9713,normalised
51.7932345867157,,,0.86432,0.1116,1,,,,,,,,,GP3,0.86432,0.1116,0.67917,0.9713,normalised
51.81116604804993,,,0.86521,0.10707,1,,,,,,,,,GP3,0.86521,0.10707,0.67917,0.9713,normalised
51.827998876571655,,,0.86659,0.10187,1,,,,,,,,,GP3,0.86659,0.10187,0.67917,0.9713,normalised
51.84542226791382,,,0.86843,0.09759,1,,,,,,,,,GP3,0.86843,0.09759,0.67917,0.9713,normalised
51.859936475753784,,,0.86997,0.09403,1,,,,,,,,,GP3,0.86997,0.09403,0.67917,0.9713,normalised
51.87454867362976,,,0.87047,0.09209,1,,,,,,,,,GP3,0.87047,0.09209,0.67917,0.9713,normalised
51.88966345787048,,,0.87006,0.09047,1,,,,,,,,,GP3,0.87006,0.09047,0.67917,0.9713,normalised
51.90636229515076,,,0.8697,0.08907,1,,,,,,,,,GP3,0.8697,0.08907,0.67917,0.9713,normalised
51.922112703323364,,,0.86954,0.0886,1,,,,,,,,,GP3,0.86954,0.0886,0.67917,0.9713,normalised
51.93744897842407,,,0.86974,0.08831,1,,,,,,,,,GP3,0.86974,0.08831,0.67917,0.9713,normalised
51.955225467681885,,,0.86991,0.08805,1,,,,,,,,,GP3,0.86991,0.08805,0.67917,0.9713,normalised
51.97208762168884,,,0.87022,0.08721,1,,,,,,,,,GP3,0.87022,0.08721,0.67917,0.9713,normalised
51.987786531448364,,,0.87078,0.08642,1,,,,,,,,,GP3,0.87078,0.08642,0.67917,0.9713,normalised
52.00420379638672,,,0.87128,0.08571,1,,,,,,,,,GP3,0.87128,0.08571,0.67917,0.9713,normalised
52.018545627593994,,,0.87166,0.08476,1,,,,,,,,,GP3,0.87166,0.08476,0.67917,0.9713,normalised
52.035078287124634,,,0.87206,0.08366,1,,,,,,,,,GP3,0.87206,0.08366,0.67917,0.9713,normalised
52.05311393737793,,,0.87242,0.08265,1,,,,,,,,,GP3,0.87242,0.08265,0.67917,0.9713,normalised
52.06983041763306,,,0.87246,0.08146,1,,,,,,,,,GP3,0.87246,0.08146,0.67917,0.9713,normalised
52.08453321456909,,,0.87251,0.08039,1,,,,,,,,,GP3,0.87251,0.08039,0.67917,0.9713,normalised
52.0992214679718,,,0.87249,0.07967,1,,,,,,,,,GP3,0.87249,0.07967,0.67917,0.9713,normalised
52.11630392074585,,,0.87184,0.07944,1,,,,,,,,,GP3,0.87184,0.07944,0.67917,0.9713,normalised
52.13387322425842,,,0.87018,0.08142,1,,,,,,,,,GP3,0.87018,0.08142,0.67917,0.9713,normalised
52.148473501205444,,,0.8685,0.08374,1,,,,,,,,,GP3,0.8685,0.08374,0.67917,0.9713,normalised
52.16518044471741,,,0.86806,0.08536,1,,,,,,,,,GP3,0.86806,0.08536,0.67917,0.9713,normalised
52.18470287322998,,,0.86612,0.08764,1,,,,,,,,,GP3,0.86612,0.08764,0.67917,0.9713,normalised
52.199074268341064,,,0.86429,0.08979,1,,,,,,,,,GP3,0.86429,0.08979,0.67917,0.9713,normalised
52.21544075012207,,,0.82382,0.12788,0,,,,,,,,,GP3,0.82382,0.12788,0.67917,0.9713,normalised
52.233067989349365,,,0.62293,0.32612,0,,,,,,,,,GP3,0.62293,0.32612,0.67917,0.9713,normalised
52.24759006500244,,,0.55613,0.39361,0,,,,,,,,,GP3,0.55613,0.39361,0.67917,0.9713,normalised
52.264321088790894,,,0.34171,0.60836,0,,,,,,,,,GP3,0.34171,0.60836,0.67917,0.9713,normalised
52.28175091743469,,,0.23482,0.7131,0,,,,,,,,,GP3,0.23482,0.7131,0.67917,0.9713,normalised
52.295291900634766,,,0.20035,0.74923,0,,,,,,,,,GP3,0.20035,0.74923,0.67917,0.9713,normalised
52.31162452697754,,,0.12833,0.82938,0,,,,,,,,,GP3,0.12833,0.82938,0.67917,0.9713,normalised
52.3292293548584,,,0.12916,0.84205,0,,,,,,,,,GP3,0.12916,0.84205,0.67917,0.9713,normalised
52.345773458480835,,,0.13021,0.84701,0,,,,,,,,,GP3,0.13021,0.84701,0.67917,0.9713,normalised
52.36046648025513,,,0.13005,0.84763,1,,,,,,,,,GP3,0.13005,0.84763,0.67917,0.9713,normalised
52.37619185447693,,,0.13133,0.84953,1,,,,,,,,,GP3,0.13133,0.84953,0.67917,0.9713,normalised
52.39371848106384,,,0.13235,0.85096,1,,,,,,,,,GP3,0.13235,0.85096,0.67917,0.9713,normalised
52.40840744972229,,,0.13348,0.85223,1,,,,,,,,,GP3,0.13348,0.85223,0.67917,0.9713,normalised
52.4250168800354,,,0.13467,0.85239,1,,,,,,,,,GP3,0.13467,0.85239,0.67917,0.9713,normalised
52.44239854812622,,,0.13582,0.85274,1,,,,,,,,,GP3,0.13582,0.85274,0.67917,0.9713,normalised
52.45690989494324,,,0.13584,0.8521,1,,,,,,,,,GP3,0.13584,0.8521,0.67917,0.9713,normalised
52.47427725791931,,,0.13626,0.85079,1,,,,,,,,,GP3,0.13626,0.85079,0.67917,0.9713,normalised
52.48820877075195,,,0.13624,0.84932,1,,,,,,,,,GP3,0.13624,0.84932,0.67917,0.9713,normalised
52.50569248199463,,,0.13552,0.84862,1,,,,,,,,,GP3,0.13552,0.84862,0.67917,0.9713,normalised
52.52240467071533,,,0.13701,0.84544,1,,,,,,,,,GP3,0.13701,0.84544,0.67917,0.9713,normalised
52.5370078086853,,,0.1381,0.84244,1,,,,,,,,,GP3,0.1381,0.84244,0.67917,0.9713,normalised
52.55361294746399,,,0.14659,0.82851,1,,,,,,,,,GP3,0.14659,0.82851,0.67917,0.9713,normalised
52.56833362579346,,,0.156,0.81251,1,,,,,,,,,GP3,0.156,0.81251,0.67917,0.9713,normalised
52.58541512489319,,,0.18033,0.77179,0,,,,,,,,,GP3,0.18033,0.77179,0.67917,0.9713,normalised
52.60331177711487,,,0.24587,0.66619,0,,,,,,,,,GP3,0.24587,0.66619,0.67917,0.9713,normalised
52.61734414100647,,,0.26994,0.62652,0,,,,,,,,,GP3,0.26994,0.62652,0.67917,0.9713,normalised
52.63538956642151,,,0.31549,0.5503,0,,,,,,,,,GP3,0.31549,0.5503,0.67917,0.9713,normalised
52.649861574172974,,,0.31303,0.5451,0,,,,,,,,,GP3,0.31303,0.5451,0.67917,0.9713,normalised
52.668721437454224,,,0.31496,0.54139,0,,,,,,,,,GP3,0.31496,0.54139,0.67917,0.9713,normalised
52.68221998214722,,,0.31532,0.53719,1,,,,,,,,,GP3,0.31532,0.53719,0.67917,0.9713,normalised
52.69969606399536,,,0.31599,0.53248,1,,,,,,,,,GP3,0.31599,0.53248,0.67917,0.9713,normalised
52.71520400047302,,,0.31602,0.52862,1,,,,,,,,,GP3,0.31602,0.52862,0.67917,0.9713,normalised
52.73182415962219,,,0.3157,0.52452,1,,,,,,,,,GP3,0.3157,0.52452,0.67917,0.9713,normalised
52.74935793876648,,,0.31775,0.52091,1,,,,,,,,,GP3,0.31775,0.52091,0.67917,0.9713,normalised
52.76374268531799,,,0.31733,0.5238,1,,,,,,,,,GP3,0.31733,0.5238,0.67917,0.9713,normalised
52.78255248069763,,,0.31735,0.52744,1,,,,,,,,,GP3,0.31735,0.52744,0.67917,0.9713,normalised
52.79744529724121,,,0.31776,0.52722,1,,,,,,,,,GP3,0.31776,0.52722,0.67917,0.9713,normalised
52.81467652320862,,,0.31843,0.52719,1,,,,,,,,,GP3,0.31843,0.52719,0.67917,0.9713,normalised
52.82928729057312,,,0.31903,0.52732,1,,,,,,,,,GP3,0.31903,0.52732,0.67917,0.9713,normalised
52.84591746330261,,,0.32108,0.52711,1,,,,,,,,,GP3,0.32108,0.52711,0.67917,0.9713,normalised
52.862701177597046,,,0.33349,0.51743,1,,,,,,,,,GP3,0.33349,0.51743,0.67917,0.9713,normalised
52.878063678741455,,,0.34438,0.51,1,,,,,,,,,GP3,0.34438,0.51,0.67917,0.9713,normalised
52.895275592803955,,,0.36383,0.49708,1,,,,,,,,,GP3,0.36383,0.49708,0.67917,0.9713,normalised
52.90982389450073,,,0.41255,0.46532,0,,,,,,,,,GP3,0.41255,0.46532,0.67917,0.9713,normalised
52.92548394203186,,,0.53521,0.39704,0,,,,,,,,,GP3,0.53521,0.39704,0.67917,0.9713,normalised
52.94267964363098,,,0.57901,0.37047,0,,,,,,,,,GP3,0.57901,0.37047,0.67917,0.9713,normalised
52.957802057266235,,,0.66447,0.31925,0,,,,,,,,,GP3,0.66447,0.31925,0.67917,0.9713,normalised
52.97548818588257,,,0.6667,0.31545,0,,,,,,,,,GP3,0.6667,0.31545,0.67917,0.9713,normalised
52.99015974998474,,,0.67007,0.31056,0,,,,,,,,,GP3,0.67007,0.31056,0.67917,0.9713,normalised
53.00639247894287,,,0.679,0.29406,1,,,,,,,,,GP3,0.679,0.29406,0.67917,0.9713,normalised
53.02297568321228,,,0.68471,0.28237,1,,,,,,,,,GP3,0.68471,0.28237,0.67917,0.9713,normalised
53.039313077926636,,,0.66446,0.2684,1,,,,,,,,,GP3,0.66446,0.2684,0.67917,0.9713,normalised
53.05679774284363,,,0.6515,0.2558,1,,,,,,,,,GP3,0.6515,0.2558,0.67917,0.9713,normalised
53.07279872894287,,,0.64179,0.24597,1,,,,,,,,,GP3,0.64179,0.24597,0.67917,0.9713,normalised
53.08881616592407,,,0.63398,0.23784,1,,,,,,,,,GP3,0.63398,0.23784,0.67917,0.9713,normalised
53.10416030883789,,,0.62563,0.23163,1,,,,,,,,,GP3,0.62563,0.23163,0.67917,0.9713,normalised
53.121070861816406,,,0.61884,0.22586,1,,,,,,,,,GP3,0.61884,0.22586,0.67917,0.9713,normalised
53.13481664657593,,,0.60935,0.22342,1,,,,,,,,,GP3,0.60935,0.22342,0.67917,0.9713,normalised
53.153714656829834,,,0.60663,0.22039,1,,,,,,,,,GP3,0.60663,0.22039,0.67917,0.9713,normalised
53.169116258621216,,,0.60454,0.21437,1,,,,,,,,,GP3,0.60454,0.21437,0.67917,0.9713,normalised
53.18283772468567,,,0.56575,0.17757,0,,,,,,,,,GP3,0.56575,0.17757,0.67917,0.9713,normalised
53.200918674468994,,,0.45105,0.10136,0,,,,,,,,,GP3,0.45105,0.10136,0.67917,0.9713,normalised
53.214982986450195,,,0.41151,0.06529,0,,,,,,,,,GP3,0.41151,0.06529,0.67917,0.9713,normalised
53.23249363899231,,,0.32767,0.00572,0,,,,,,,,,GP3,0.32767,0.00572,0.67917,0.9713,normalised
53.24853205680847,,,0.31873,0.0023,0,,,,,,,,,GP3,0.31873,0.0023,0.67917,0.9713,normalised
53.2660551071167,,,0.31575,0.00116,0,,,,,,,,,GP3,0.31575,0.00116,0.67917,0.9713,normalised
53.28086614608765,,,0.31292,0.00213,1,,,,,,,,,GP3,0.31292,0.00213,0.67917,0.9713,normalised
53.29888200759888,,,0.3098,-0.00235,1,,,,,,,,,GP3,0.3098,-0.00235,0.67917,0.9713,normalised
53.312076568603516,,,0.30844,0.00044,1,,,,,,,,,GP3,0.30844,0.00044,0.67917,0.9713,normalised
53.33171796798706,,,0.28286,0.01688,1,,,,,,,,,GP3,0.28286,0.01688,0.67917,0.9713,normalised
53.345205783843994,,,0.26571,0.03391,1,,,,,,,,,GP3,0.26571,0.03391,0.67917,0.9713,normalised
53.362138748168945,,,0.25384,0.05204,1,,,,,,,,,GP3,0.25384,0.05204,0.67917,0.9713,normalised
53.37693977355957,,,0.2439,0.06885,1,,,,,,,,,GP3,0.2439,0.06885,0.67917,0.9713,normalised
53.39606285095215,,,0.23589,0.08348,1,,,,,,,,,GP3,0.23589,0.08348,0.67917,0.9713,normalised
53.410993814468384,,,0.2287,0.09397,1,,,,,,,,,GP3,0.2287,0.09397,0.67917,0.9713,normalised
53.427579402923584,,,0.22188,0.09955,1,,,,,,,,,GP3,0.22188,0.09955,0.67917,0.9713,normalised
53.44427847862244,,,0.2153,0.10199,1,,,,,,,,,GP3,0.2153,0.10199,0.67917,0.9713,normalised
53.45995283126831,,,0.18262,0.12844,0,,,,,,,,,GP3,0.18262,0.12844,0.67917,0.9713,normalised
53.477580547332764,,,0.15601,0.12686,0,,,,,,,,,GP3,0.15601,0.12686,0.67917,0.9713,normalised
53.49123954772949,,,0.15029,0.12782,0,,,,,,,,,GP3,0.15029,0.12782,0.67917,0.9713,normalised
53.50677251815796,,,0.14853,0.13197,1,,,,,,,,,GP3,0.14853,0.13197,0.67917,0.9713,normalised
53.522767543792725,,,0.14696,0.13437,1,,,,,,,,,GP3,0.14696,0.13437,0.67917,0.9713,normalised
53.539297580718994,,,0.14509,0.13477,1,,,,,,,,,GP3,0.14509,0.13477,0.67917,0.9713,normalised
53.557297468185425,,,0.14376,0.13506,1,,,,,,,,,GP3,0.14376,0.13506,0.67917,0.9713,normalised
53.57175612449646,,,0.14281,0.13592,1,,,,,,,,,GP3,0.14281,0.13592,0.67917,0.9713,normalised
53.58835434913635,,,0.14229,0.13742,1,,,,,,,,,GP3,0.14229,0.13742,0.67917,0.9713,normalised
53.60415744781494,,,0.14188,0.13861,1,,,,,,,,,GP3,0.14188,0.13861,0.67917,0.9713,normalised
53.620601654052734,,,0.14237,0.13914,1,,,,,,,,,GP3,0.14237,0.13914,0.67917,0.9713,normalised
53.638065338134766,,,0.1414,0.13982,1,,,,,,,,,GP3,0.1414,0.13982,0.67917,0.9713,normalised
53.65247082710266,,,0.14057,0.1404,1,,,,,,,,,GP3,0.14057,0.1404,0.67917,0.9713,normalised
53.67285871505737,,,0.14041,0.14112,1,,,,,,,,,GP3,0.14041,0.14112,0.67917,0.9713,normalised
53.68604373931885,,,0.14022,0.1414,1,,,,,,,,,GP3,0.14022,0.1414,0.67917,0.9713,normalised
53.70259237289429,,,0.14005,0.14164,1,,,,,,,,,GP3,0.14005,0.14164,0.67917,0.9713,normalised
53.719414949417114,,,0.1396,0.1424,1,,,,,,,,,GP3,0.1396,0.1424,0.67917,0.9713,normalised
53.735297441482544,,,0.13955,0.14319,1,,,,,,,,,GP3,0.13955,0.14319,0.67917,0.9713,normalised
53.75182366371155,,,0.1395,0.1439,1,,,,,,,,,GP3,0.1395,0.1439,0.67917,0.9713,normalised
53.7664749622345,,,0.13902,0.14445,1,,,,,,,,,GP3,0.13902,0.14445,0.67917,0.9713,normalised
53.78417086601257,,,0.13865,0.14531,1,,,,,,,,,GP3,0.13865,0.14531,0.67917,0.9713,normalised
53.80000877380371,,,0.13831,0.1461,1,,,,,,,,,GP3,0.13831,0.1461,0.67917,0.9713,normalised
53.814950704574585,,,0.13808,0.14689,1,,,,,,,,,GP3,0.13808,0.14689,0.67917,0.9713,normalised
53.83035469055176,,,0.13792,0.14774,1,,,,,,,,,GP3,0.13792,0.14774,0.67917,0.9713,normalised
53.84837794303894,,,0.13777,0.14853,1,,,,,,,,,GP3,0.13777,0.14853,0.67917,0.9713,normalised
53.86444616317749,,,0.13754,0.14839,1,,,,,,,,,GP3,0.13754,0.14839,0.67917,0.9713,normalised
53.880300760269165,,,0.13743,0.1484,1,,,,,,,,,GP3,0.13743,0.1484,0.67917,0.9713,normalised
53.896984338760376,,,0.13733,0.1484,1,,,,,,,,,GP3,0.13733,0.1484,0.67917,0.9713,normalised
53.9117169380188,,,0.13742,0.14869,1,,,,,,,,,GP3,0.13742,0.14869,0.67917,0.9713,normalised
53.92741775512695,,,0.13751,0.14892,1,,,,,,,,,GP3,0.13751,0.14892,0.67917,0.9713,normalised
53.944443464279175,,,0.1376,0.14913,1,,,,,,,,,GP3,0.1376,0.14913,0.67917,0.9713,normalised
53.96094989776611,,,0.13749,0.14938,1,,,,,,,,,GP3,0.13749,0.14938,0.67917,0.9713,normalised
53.97574973106384,,,0.13741,0.14965,1,,,,,,,,,GP3,0.13741,0.14965,0.67917,0.9713,normalised
53.99259567260742,,,0.13733,0.14991,1,,,,,,,,,GP3,0.13733,0.14991,0.67917,0.9713,normalised
54.00875639915466,,,0.13741,0.14986,1,,,,,,,,,GP3,0.13741,0.14986,0.67917,0.9713,normalised
54.02513146400452,,,0.1377,0.14988,1,,,,,,,,,GP3,0.1377,0.14988,0.67917,0.9713,normalised
54.04089856147766,,,0.13798,0.1499,1,,,,,,,,,GP3,0.13798,0.1499,0.67917,0.9713,normalised
54.05707097053528,,,0.13828,0.15026,1,,,,,,,,,GP3,0.13828,0.15026,0.67917,0.9713,normalised
54.07476305961609,,,0.13826,0.15058,1,,,,,,,,,GP3,0.13826,0.15058,0.67917,0.9713,normalised
54.08931565284729,,,0.13825,0.15089,1,,,,,,,,,GP3,0.13825,0.15089,0.67917,0.9713,normalised
54.10621619224548,,,0.13818,0.15102,1,,,,,,,,,GP3,0.13818,0.15102,0.67917,0.9713,normalised
54.12224078178406,,,0.13816,0.15116,1,,,,,,,,,GP3,0.13816,0.15116,0.67917,0.9713,normalised
54.139418840408325,,,0.13814,0.15129,1,,,,,,,,,GP3,0.13814,0.15129,0.67917,0.9713,normalised
54.15340447425842,,,0.1383,0.15145,1,,,,,,,,,GP3,0.1383,0.15145,0.67917,0.9713,normalised
54.17009377479553,,,0.13835,0.15154,1,,,,,,,,,GP3,0.13835,0.15154,0.67917,0.9713,normalised
54.18744945526123,,,0.1384,0.15162,1,,,,,,,,,GP3,0.1384,0.15162,0.67917,0.9713,normalised
54.20458388328552,,,0.13862,0.15201,1,,,,,,,,,GP3,0.13862,0.15201,0.67917,0.9713,normalised
54.218074560165405,,,0.13872,0.15239,1,,,,,,,,,GP3,0.13872,0.15239,0.67917,0.9713,normalised
54.23625946044922,,,0.13789,0.15325,1,,,,,,,,,GP3,0.13789,0.15325,0.67917,0.9713,normalised
54.252866983413696,,,0.13823,0.15394,1,,,,,,,,,GP3,0.13823,0.15394,0.67917,0.9713,normalised
54.26660466194153,,,0.13842,0.15462,1,,,,,,,,,GP3,0.13842,0.15462,0.67917,0.9713,normalised
54.28418278694153,,,0.13852,0.15499,1,,,,,,,,,GP3,0.13852,0.15499,0.67917,0.9713,normalised
54.30182886123657,,,0.13854,0.15517,1,,,,,,,,,GP3,0.13854,0.15517,0.67917,0.9713,normalised
54.31554055213928,,,0.13877,0.15574,1,,,,,,,,,GP3,0.13877,0.15574,0.67917,0.9713,normalised
54.33292627334595,,,0.13901,0.15631,1,,,,,,,,,GP3,0.13901,0.15631,0.67917,0.9713,normalised
54.34886312484741,,,0.13912,0.15651,1,,,,,,,,,GP3,0.13912,0.15651,0.67917,0.9713,normalised
54.366456747055054,,,0.13927,0.15639,1,,,,,,,,,GP3,0.13927,0.15639,0.67917,0.9713,normalised
54.38085079193115,,,0.13943,0.15627,1,,,,,,,,,GP3,0.13943,0.15627,0.67917,0.9713,normalised
54.39608645439148,,,0.13922,0.15648,1,,,,,,,,,GP3,0.13922,0.15648,0.67917,0.9713,normalised
54.41457509994507,,,0.13935,0.15672,1,,,,,,,,,GP3,0.13935,0.15672,0.67917,0.9713,normalised
54.429336071014404,,,0.13948,0.15696,1,,,,,,,,,GP3,0.13948,0.15696,0.67917,0.9713,normalised
54.44605231285095,,,0.13947,0.1574,1,,,,,,,,,GP3,0.13947,0.1574,0.67917,0.9713,normalised
54.462239265441895,,,0.1396,0.15798,1,,,,,,,,,GP3,0.1396,0.15798,0.67917,0.9713,normalised
54.479785680770874,,,0.13973,0.15856,1,,,,,,,,,GP3,0.13973,0.15856,0.67917,0.9713,normalised
54.49431586265564,,,0.13985,0.15876,1,,,,,,,,,GP3,0.13985,0.15876,0.67917,0.9713,normalised
54.50955843925476,,,0.13997,0.15892,1,,,,,,,,,GP3,0.13997,0.15892,0.67917,0.9713,normalised
54.52806854248047,,,0.14009,0.15908,1,,,,,,,,,GP3,0.14009,0.15908,0.67917,0.9713,normalised
54.54274368286133,,,0.14051,0.15922,1,,,,,,,,,GP3,0.14051,0.15922,0.67917,0.9713,normalised
54.56025242805481,,,0.14075,0.15922,1,,,,,,,,,GP3,0.14075,0.15922,0.67917,0.9713,normalised
54.57703685760498,,,0.14099,0.15922,1,,,,,,,,,GP3,0.14099,0.15922,0.67917,0.9713,normalised
54.59275555610657,,,0.14112,0.15936,1,,,,,,,,,GP3,0.14112,0.15936,0.67917,0.9713,normalised
54.609894037246704,,,0.14115,0.15928,1,,,,,,,,,GP3,0.14115,0.15928,0.67917,0.9713,normalised
54.62433576583862,,,0.14118,0.1592,1,,,,,,,,,GP3,0.14118,0.1592,0.67917,0.9713,normalised
54.63886737823486,,,0.1413,0.15964,1,,,,,,,,,GP3,0.1413,0.15964,0.67917,0.9713,normalised
54.656304121017456,,,0.14136,0.15993,1,,,,,,,,,GP3,0.14136,0.15993,0.67917,0.9713,normalised
54.671404123306274,,,0.14143,0.16021,1,,,,,,,,,GP3,0.14143,0.16021,0.67917,0.9713,normalised
54.68780016899109,,,0.14149,0.16036,1,,,,,,,,,GP3,0.14149,0.16036,0.67917,0.9713,normalised
54.70591974258423,,,0.14141,0.16038,1,,,,,,,,,GP3,0.14141,0.16038,0.67917,0.9713,normalised
54.72211813926697,,,0.14133,0.16041,1,,,,,,,,,GP3,0.14133,0.16041,0.67917,0.9713,normalised
54.73623847961426,,,0.14157,0.16044,1,,,,,,,,,GP3,0.14157,0.16044,0.67917,0.9713,normalised
54.751933574676514,,,0.14172,0.16043,1,,,,,,,,,GP3,0.14172,0.16043,0.67917,0.9713,normalised
54.76881957054138,,,0.14186,0.16041,1,,,,,,,,,GP3,0.14186,0.16041,0.67917,0.9713,normalised
54.784966468811035,,,0.14208,0.16063,1,,,,,,,,,GP3,0.14208,0.16063,0.67917,0.9713,normalised
54.80159330368042,,,0.14203,0.16085,1,,,,,,,,,GP3,0.14203,0.16085,0.67917,0.9713,normalised
54.818652868270874,,,0.14198,0.16106,1,,,,,,,,,GP3,0.14198,0.16106,0.67917,0.9713,normalised
54.83360552787781,,,0.14177,0.16113,1,,,,,,,,,GP3,0.14177,0.16113,0.67917,0.9713,normalised
54.85012865066528,,,0.1418,0.16113,1,,,,,,,,,GP3,0.1418,0.16113,0.67917,0.9713,normalised
54.86608648300171,,,0.14176,0.1609,1,,,,,,,,,GP3,0.14176,0.1609,0.67917,0.9713,normalised
54.88363790512085,,,0.14173,0.16057,1,,,,,,,,,GP3,0.14173,0.16057,0.67917,0.9713,normalised
54.89817786216736,,,0.1416,0.15979,1,,,,,,,,,GP3,0.1416,0.15979,0.67917,0.9713,normalised
54.91521692276001,,,0.14139,0.15871,1,,,,,,,,,GP3,0.14139,0.15871,0.67917,0.9713,normalised
54.93254780769348,,,0.14116,0.15756,1,,,,,,,,,GP3,0.14116,0.15756,0.67917,0.9713,normalised
54.94670104980469,,,0.14079,0.15645,1,,,,,,,,,GP3,0.14079,0.15645,0.67917,0.9713,normalised
54.96326994895935,,,0.14041,0.15534,1,,,,,,,,,GP3,0.14041,0.15534,0.67917,0.9713,normalised
54.98010206222534,,,0.14012,0.15336,1,,,,,,,,,GP3,0.14012,0.15336,0.67917,0.9713,normalised
54.99466276168823,,,0.13295,0.12294,0,,,,,,,,,GP3,0.13295,0.12294,0.67917,0.9713,normalised
55.01062893867493,,,0.13093,0.1045,0,,,,,,,,,GP3,0.13093,0.1045,0.67917,0.9713,normalised
55.02738070487976,,,0.13093,0.10002,0,,,,,,,,,GP3,0.13093,0.10002,0.67917,0.9713,normalised
55.04509234428406,,,0.12885,0.09802,1,,,,,,,,,GP3,0.12885,0.09802,0.67917,0.9713,normalised
55.06163954734802,,,0.1276,0.09682,1,,,,,,,,,GP3,0.1276,0.09682,0.67917,0.9713,normalised
55.076542377471924,,,0.12755,0.0968,1,,,,,,,,,GP3,0.12755,0.0968,0.67917,0.9713,normalised
55.09400486946106,,,0.12688,0.09913,1,,,,,,,,,GP3,0.12688,0.09913,0.67917,0.9713,normalised
55.10893797874451,,,0.12638,0.10088,1,,,,,,,,,GP3,0.12638,0.10088,0.67917,0.9713,normalised
55.12547469139099,,,0.1264,0.10016,1,,,,,,,,,GP3,0.1264,0.10016,0.67917,0.9713,normalised
55.1414053440094,,,0.12693,0.09862,1,,,,,,,,,GP3,0.12693,0.09862,0.67917,0.9713,normalised
55.15837240219116,,,0.12736,0.09736,1,,,,,,,,,GP3,0.12736,0.09736,0.67917,0.9713,normalised
55.172428607940674,,,0.12792,0.09639,1,,,,,,,,,GP3,0.12792,0.09639,0.67917,0.9713,normalised
55.19076871871948,,,0.1279,0.0962,1,,,,,,,,,GP3,0.1279,0.0962,0.67917,0.9713,normalised
55.20538115501404,,,0.12788,0.09603,1,,,,,,,,,GP3,0.12788,0.09603,0.67917,0.9713,normalised
55.223581075668335,,,0.13351,0.09957,1,,,,,,,,,GP3,0.13351,0.09957,0.67917,0.9713,normalised
55.23829364776611,,,0.13628,0.10247,1,,,,,,,,,GP3,0.13628,0.10247,0.67917,0.9713,normalised
55.25533723831177,,,0.13889,0.10566,1,,,,,,,,,GP3,0.13889,0.10566,0.67917,0.9713,normalised
55.27039384841919,,,0.14751,0.11806,1,,,,,,,,,GP3,0.14751,0.11806,0.67917,0.9713,normalised
55.288429737091064,,,0.15527,0.12981,1,,,,,,,,,GP3,0.15527,0.12981,0.67917,0.9713,normalised
55.304688453674316,,,0.18648,0.16814,0,,,,,,,,,GP3,0.18648,0.16814,0.67917,0.9713,normalised
55.31910037994385,,,0.24079,0.27964,0,,,,,,,,,GP3,0.24079,0.27964,0.67917,0.9713,normalised
55.33584547042847,,,0.26412,0.31364,0,,,,,,,,,GP3,0.26412,0.31364,0.67917,0.9713,normalised
55.35141921043396,,,0.30554,0.38481,0,,,,,,,,,GP3,0.30554,0.38481,0.67917,0.9713,normalised
55.368388652801514,,,0.30924,0.38477,0,,,,,,,,,GP3,0.30924,0.38477,0.67917,0.9713,normalised
55.38284468650818,,,0.30379,0.38191,0,,,,,,,,,GP3,0.30379,0.38191,0.67917,0.9713,normalised
55.400312185287476,,,0.30042,0.37771,1,,,,,,,,,GP3,0.30042,0.37771,0.67917,0.9713,normalised
55.41657733917236,,,0.29872,0.37473,1,,,,,,,,,GP3,0.29872,0.37473,0.67917,0.9713,normalised
55.431100368499756,,,0.29828,0.37025,1,,,,,,,,,GP3,0.29828,0.37025,0.67917,0.9713,normalised
55.447635650634766,,,0.2978,0.36619,1,,,,,,,,,GP3,0.2978,0.36619,0.67917,0.9713,normalised
55.46514844894409,,,0.29819,0.36398,1,,,,,,,,,GP3,0.29819,0.36398,0.67917,0.9713,normalised
55.48024916648865,,,0.29821,0.36149,1,,,,,,,,,GP3,0.29821,0.36149,0.67917,0.9713,normalised
55.49699521064758,,,0.29815,0.35919,1,,,,,,,,,GP3,0.29815,0.35919,0.67917,0.9713,normalised
55.51472353935242,,,0.29861,0.35669,1,,,,,,,,,GP3,0.29861,0.35669,0.67917,0.9713,normalised
55.52881407737732,,,0.29881,0.35561,1,,,,,,,,,GP3,0.29881,0.35561,0.67917,0.9713,normalised
55.54646587371826,,,0.29908,0.35518,1,,,,,,,,,GP3,0.29908,0.35518,0.67917,0.9713,normalised
55.5624623298645,,,0.29968,0.35516,1,,,,,,,,,GP3,0.29968,0.35516,0.67917,0.9713,normalised
55.57697153091431,,,0.3,0.35506,1,,,,,,,,,GP3,0.3,0.35506,0.67917,0.9713,normalised
55.59358239173889,,,0.30035,0.35531,1,,,,,,,,,GP3,0.30035,0.35531,0.67917,0.9713,normalised
55.61122465133667,,,0.30135,0.3563,1,,,,,,,,,GP3,0.30135,0.3563,0.67917,0.9713,normalised
55.62611627578735,,,0.30619,0.35591,1,,,,,,,,,GP3,0.30619,0.35591,0.67917,0.9713,normalised
55.64310932159424,,,0.31051,0.35541,1,,,,,,,,,GP3,0.31051,0.35541,0.67917,0.9713,normalised
55.66007137298584,,,0.31642,0.35525,1,,,,,,,,,GP3,0.31642,0.35525,0.67917,0.9713,normalised
55.67473125457764,,,0.32211,0.35486,1,,,,,,,,,GP3,0.32211,0.35486,0.67917,0.9713,normalised
55.69274592399597,,,0.32728,0.35453,1,,,,,,,,,GP3,0.32728,0.35453,0.67917,0.9713,normalised
55.70902442932129,,,0.36253,0.3537,0,,,,,,,,,GP3,0.36253,0.3537,0.67917,0.9713,normalised
55.72413206100464,,,0.40261,0.36532,0,,,,,,,,,GP3,0.40261,0.36532,0.67917,0.9713,normalised
55.74065566062927,,,0.41605,0.37016,0,,,,,,,,,GP3,0.41605,0.37016,0.67917,0.9713,normalised
55.75653266906738,,,0.42067,0.37279,1,,,,,,,,,GP3,0.42067,0.37279,0.67917,0.9713,normalised
55.7725784778595,,,0.42407,0.37303,1,,,,,,,,,GP3,0.42407,0.37303,0.67917,0.9713,normalised
55.78919291496277,,,0.42627,0.37227,1,,,,,,,,,GP3,0.42627,0.37227,0.67917,0.9713,normalised
55.80603265762329,,,0.42817,0.37143,1,,,,,,,,,GP3,0.42817,0.37143,0.67917,0.9713,normalised
55.81984066963196,,,0.42998,0.37055,1,,,,,,,,,GP3,0.42998,0.37055,0.67917,0.9713,normalised
55.835840702056885,,,0.43139,0.36987,1,,,,,,,,,GP3,0.43139,0.36987,0.67917,0.9713,normalised
55.85231685638428,,,0.432,0.37078,1,,,,,,,,,GP3,0.432,0.37078,0.67917,0.9713,normalised
55.869588136672974,,,0.43272,0.37142,1,,,,,,,,,GP3,0.43272,0.37142,0.67917,0.9713,normalised
55.88420081138611,,,0.43332,0.37219,1,,,,,,,,,GP3,0.43332,0.37219,0.67917,0.9713,normalised
55.900960206985474,,,0.43389,0.37234,1,,,,,,,,,GP3,0.43389,0.37234,0.67917,0.9713,normalised
55.91706037521362,,,0.43443,0.37346,1,,,,,,,,,GP3,0.43443,0.37346,0.67917,0.9713,normalised
55.93269872665405,,,0.43492,0.37479,1,,,,,,,,,GP3,0.43492,0.37479,0.67917,0.9713,normalised
55.95012593269348,,,0.43568,0.37583,1,,,,,,,,,GP3,0.43568,0.37583,0.67917,0.9713,normalised
55.96765112876892,,,0.43705,0.37781,1,,,,,,,,,GP3,0.43705,0.37781,0.67917,0.9713,normalised
55.982171297073364,,,0.43826,0.37941,1,,,,,,,,,GP3,0.43826,0.37941,0.67917,0.9713,normalised
55.997074365615845,,,0.43886,0.38001,1,,,,,,,,,GP3,0.43886,0.38001,0.67917,0.9713,normalised
56.01633834838867,,,0.43976,0.38138,1,,,,,,,,,GP3,0.43976,0.38138,0.67917,0.9713,normalised
56.03003644943237,,,0.44056,0.3825,1,,,,,,,,,GP3,0.44056,0.3825,0.67917,0.9713,normalised
56.04771375656128,,,0.44152,0.3838,1,,,,,,,,,GP3,0.44152,0.3838,0.67917,0.9713,normalised
56.064624309539795,,,0.44203,0.39039,1,,,,,,,,,GP3,0.44203,0.39039,0.67917,0.9713,normalised
56.07821798324585,,,0.45165,0.42047,0,,,,,,,,,GP3,0.45165,0.42047,0.67917,0.9713,normalised
56.09435701370239,,,0.45272,0.44202,0,,,,,,,,,GP3,0.45272,0.44202,0.67917,0.9713,normalised
56.111592054367065,,,0.45579,0.44354,0,,,,,,,,,GP3,0.45579,0.44354,0.67917,0.9713,normalised
56.12662315368652,,,0.45726,0.44307,1,,,,,,,,,GP3,0.45726,0.44307,0.67917,0.9713,normalised
56.14375829696655,,,0.46038,0.45847,1,,,,,,,,,GP3,0.46038,0.45847,0.67917,0.9713,normalised
56.161590814590454,,,0.45864,0.46079,1,,,,,,,,,GP3,0.45864,0.46079,0.67917,0.9713,normalised
56.17584776878357,,,0.45742,0.4628,1,,,,,,,,,GP3,0.45742,0.4628,0.67917,0.9713,normalised
56.19444465637207,,,0.45611,0.46901,1,,,,,,,,,GP3,0.45611,0.46901,0.67917,0.9713,normalised
56.20908832550049,,,0.45567,0.48074,1,,,,,,,,,GP3,0.45567,0.48074,0.67917,0.9713,normalised
56.22406625747681,,,0.45533,0.49032,1,,,,,,,,,GP3,0.45533,0.49032,0.67917,0.9713,normalised
56.241790771484375,,,0.45511,0.49692,1,,,,,,,,,GP3,0.45511,0.49692,0.67917,0.9713,normalised
56.257460832595825,,,0.45429,0.49963,1,,,,,,,,,GP3,0.45429,0.49963,0.67917,0.9713,normalised
56.27499461174011,,,0.45358,0.50174,1,,,,,,,,,GP3,0.45358,0.50174,0.67917,0.9713,normalised
56.29090666770935,,,0.45383,0.50468,1,,,,,,,,,GP3,0.45383,0.50468,0.67917,0.9713,normalised
56.305521726608276,,,0.45463,0.50753,1,,,,,,,,,GP3,0.45463,0.50753,0.67917,0.9713,normalised
56.32341551780701,,,0.45533,0.50988,1,,,,,,,,,GP3,0.45533,0.50988,0.67917,0.9713,normalised
56.33702230453491,,,0.4559,0.51175,1,,,,,,,,,GP3,0.4559,0.51175,0.67917,0.9713,normalised
56.35462260246277,,,0.45473,0.5399,0,,,,,,,,,GP3,0.45473,0.5399,0.67917,0.9713,normalised
56.37130284309387,,,0.45635,0.53976,0,,,,,,,,,GP3,0.45635,0.53976,0.67917,0.9713,normalised
56.38650345802307,,,0.46369,0.52922,0,,,,,,,,,GP3,0.46369,0.52922,0.67917,0.9713,normalised
56.402589321136475,,,0.46655,0.52757,1,,,,,,,,,GP3,0.46655,0.52757,0.67917,0.9713,normalised
56.41894340515137,,,0.46827,0.52701,1,,,,,,,,,GP3,0.46827,0.52701,0.67917,0.9713,normalised
56.434717655181885,,,0.47029,0.52686,1,,,,,,,,,GP3,0.47029,0.52686,0.67917,0.9713,normalised
56.45131874084473,,,0.47231,0.52021,1,,,,,,,,,GP3,0.47231,0.52021,0.67917,0.9713,normalised
56.466896772384644,,,0.47385,0.51582,1,,,,,,,,,GP3,0.47385,0.51582,0.67917,0.9713,normalised
56.482890367507935,,,0.47415,0.52048,1,,,,,,,,,GP3,0.47415,0.52048,0.67917,0.9713,normalised
56.49901819229126,,,0.47553,0.52399,1,,,,,,,,,GP3,0.47553,0.52399,0.67917,0.9713,normalised
56.51640486717224,,,0.47666,0.52704,1,,,,,,,,,GP3,0.47666,0.52704,0.67917,0.9713,normalised
56.53301405906677,,,0.47771,0.52996,1,,,,,,,,,GP3,0.47771,0.52996,0.67917,0.9713,normalised
56.54962944984436,,,0.48007,0.53426,1,,,,,,,,,GP3,0.48007,0.53426,0.67917,0.9713,normalised
56.56546425819397,,,0.4821,0.53837,1,,,,,,,,,GP3,0.4821,0.53837,0.67917,0.9713,normalised
56.581610679626465,,,0.48302,0.54488,1,,,,,,,,,GP3,0.48302,0.54488,0.67917,0.9713,normalised
56.59636974334717,,,0.48408,0.54738,1,,,,,,,,,GP3,0.48408,0.54738,0.67917,0.9713,normalised
56.613449811935425,,,0.48501,0.54948,1,,,,,,,,,GP3,0.48501,0.54948,0.67917,0.9713,normalised
56.62905979156494,,,0.48544,0.55208,1,,,,,,,,,GP3,0.48544,0.55208,0.67917,0.9713,normalised
56.645586252212524,,,0.48575,0.5536,1,,,,,,,,,GP3,0.48575,0.5536,0.67917,0.9713,normalised
56.662291288375854,,,0.49415,0.58122,0,,,,,,,,,GP3,0.49415,0.58122,0.67917,0.9713,normalised
56.679155588150024,,,0.48711,0.57228,0,,,,,,,,,GP3,0.48711,0.57228,0.67917,0.9713,normalised
56.694384813308716,,,0.49015,0.57214,0,,,,,,,,,GP3,0.49015,0.57214,0.67917,0.9713,normalised
56.70989942550659,,,0.49165,0.57161,1,,,,,,,,,GP3,0.49165,0.57161,0.67917,0.9713,normalised
56.725595474243164,,,0.49106,0.57074,1,,,,,,,,,GP3,0.49106,0.57074,0.67917,0.9713,normalised
56.7425754070282,,,0.48973,0.57382,1,,,,,,,,,GP3,0.48973,0.57382,0.67917,0.9713,normalised
56.75855112075806,,,0.48878,0.57568,1,,,,,,,,,GP3,0.48878,0.57568,0.67917,0.9713,normalised
56.77704739570618,,,0.48844,0.57359,1,,,,,,,,,GP3,0.48844,0.57359,0.67917,0.9713,normalised
56.79188799858093,,,0.48954,0.57172,1,,,,,,,,,GP3,0.48954,0.57172,0.67917,0.9713,normalised
56.80940318107605,,,0.49042,0.57028,1,,,,,,,,,GP3,0.49042,0.57028,0.67917,0.9713,normalised
56.824230432510376,,,0.48997,0.57155,1,,,,,,,,,GP3,0.48997,0.57155,0.67917,0.9713,normalised
56.840413331985474,,,0.48988,0.57122,1,,,,,,,,,GP3,0.48988,0.57122,0.67917,0.9713,normalised
56.85699152946472,,,0.48981,0.57094,1,,,,,,,,,GP3,0.48981,0.57094,0.67917,0.9713,normalised
56.873018980026245,,,0.4906,0.56955,1,,,,,,,,,GP3,0.4906,0.56955,0.67917,0.9713,normalised
56.88843750953674,,,0.49094,0.569,1,,,,,,,,,GP3,0.49094,0.569,0.67917,0.9713,normalised
56.905861139297485,,,0.49124,0.56825,1,,,,,,,,,GP3,0.49124,0.56825,0.67917,0.9713,normalised
56.92316937446594,,,0.49119,0.56828,1,,,,,,,,,GP3,0.49119,0.56828,0.67917,0.9713,normalised
56.938071727752686,,,0.4912,0.56913,1,,,,,,,,,GP3,0.4912,0.56913,0.67917,0.9713,normalised
56.95253777503967,,,0.49122,0.57029,1,,,,,,,,,GP3,0.49122,0.57029,0.67917,0.9713,normalised
56.97242259979248,,,0.4906,0.57045,1,,,,,,,,,GP3,0.4906,0.57045,0.67917,0.9713,normalised
56.98731446266174,,,0.49049,0.57119,1,,,,,,,,,GP3,0.49049,0.57119,0.67917,0.9713,normalised
57.00380897521973,,,0.49041,0.57232,1,,,,,,,,,GP3,0.49041,0.57232,0.67917,0.9713,normalised
57.01793718338013,,,0.49076,0.57384,1,,,,,,,,,GP3,0.49076,0.57384,0.67917,0.9713,normalised
57.03570318222046,,,0.49051,0.57478,1,,,,,,,,,GP3,0.49051,0.57478,0.67917,0.9713,normalised
57.05313324928284,,,0.49028,0.57551,1,,,,,,,,,GP3,0.49028,0.57551,0.67917,0.9713,normalised
57.067055225372314,,,0.48996,0.57606,1,,,,,,,,,GP3,0.48996,0.57606,0.67917,0.9713,normalised
57.08275008201599,,,0.49015,0.57648,1,,,,,,,,,GP3,0.49015,0.57648,0.67917,0.9713,normalised
57.100756883621216,,,0.49033,0.57664,1,,,,,,,,,GP3,0.49033,0.57664,0.67917,0.9713,normalised
57.11546206474304,,,0.49022,0.57671,1,,,,,,,,,GP3,0.49022,0.57671,0.67917,0.9713,normalised
57.13224267959595,,,0.49,0.5764,1,,,,,,,,,GP3,0.49,0.5764,0.67917,0.9713,normalised
57.1459424495697,,,0.48979,0.57585,1,,,,,,,,,GP3,0.48979,0.57585,0.67917,0.9713,normalised
57.16413736343384,,,0.48968,0.57521,1,,,,,,,,,GP3,0.48968,0.57521,0.67917,0.9713,normalised
57.18153715133667,,,0.4894,0.57411,1,,,,,,,,,GP3,0.4894,0.57411,0.67917,0.9713,normalised
57.19539523124695,,,0.48913,0.57313,1,,,,,,,,,GP3,0.48913,0.57313,0.67917,0.9713,normalised
57.21262860298157,,,0.48868,0.57236,1,,,,,,,,,GP3,0.48868,0.57236,0.67917,0.9713,normalised
57.22859454154968,,,0.48833,0.57199,1,,,,,,,,,GP3,0.48833,0.57199,0.67917,0.9713,normalised
57.24389839172363,,,0.488,0.57173,1,,,,,,,,,GP3,0.488,0.57173,0.67917,0.9713,normalised
57.261202335357666,,,0.48838,0.57162,1,,,,,,,,,GP3,0.48838,0.57162,0.67917,0.9713,normalised
57.27880358695984,,,0.48862,0.57159,1,,,,,,,,,GP3,0.48862,0.57159,0.67917,0.9713,normalised
57.29446482658386,,,0.48884,0.57157,1,,,,,,,,,GP3,0.48884,0.57157,0.67917,0.9713,normalised
57.30922079086304,,,0.48873,0.57166,1,,,,,,,,,GP3,0.48873,0.57166,0.67917,0.9713,normalised
57.32555651664734,,,0.48848,0.57176,1,,,,,,,,,GP3,0.48848,0.57176,0.67917,0.9713,normalised
57.339831590652466,,,0.48823,0.57181,1,,,,,,,,,GP3,0.48823,0.57181,0.67917,0.9713,normalised
57.35941028594971,,,0.48812,0.57158,1,,,,,,,,,GP3,0.48812,0.57158,0.67917,0.9713,normalised
57.37392997741699,,,0.48799,0.57141,1,,,,,,,,,GP3,0.48799,0.57141,0.67917,0.9713,normalised
57.39263963699341,,,0.48786,0.57116,1,,,,,,,,,GP3,0.48786,0.57116,0.67917,0.9713,normalised
57.407111167907715,,,0.48796,0.57062,1,,,,,,,,,GP3,0.48796,0.57062,0.67917,0.9713,normalised
57.4233717918396,,,0.4882,0.57009,1,,,,,,,,,GP3,0.4882,0.57009,0.67917,0.9713,normalised
57.44136905670166,,,0.48831,0.56933,1,,,,,,,,,GP3,0.48831,0.56933,0.67917,0.9713,normalised
57.454936265945435,,,0.48857,0.569,1,,,,,,,,,GP3,0.48857,0.569,0.67917,0.9713,normalised
57.47170066833496,,,0.48849,0.56828,1,,,,,,,,,GP3,0.48849,0.56828,0.67917,0.9713,normalised
57.48750329017639,,,0.48841,0.5676,1,,,,,,,,,GP3,0.48841,0.5676,0.67917,0.9713,normalised
57.50441265106201,,,0.4884,0.56747,1,,,,,,,,,GP3,0.4884,0.56747,0.67917,0.9713,normalised
57.520713806152344,,,0.48835,0.56647,1,,,,,,,,,GP3,0.48835,0.56647,0.67917,0.9713,normalised
57.53672528266907,,,0.48831,0.56551,1,,,,,,,,,GP3,0.48831,0.56551,0.67917,0.9713,normalised
57.55370378494263,,,0.48847,0.56525,1,,,,,,,,,GP3,0.48847,0.56525,0.67917,0.9713,normalised
57.57029151916504,,,0.48816,0.56527,1,,,,,,,,,GP3,0.48816,0.56527,0.67917,0.9713,normalised
57.585369348526,,,0.48785,0.56524,1,,,,,,,,,GP3,0.48785,0.56524,0.67917,0.9713,normalised
57.60096883773804,,,0.48779,0.56423,1,,,,,,,,,GP3,0.48779,0.56423,0.67917,0.9713,normalised
57.61701464653015,,,0.48805,0.56343,1,,,,,,,,,GP3,0.48805,0.56343,0.67917,0.9713,normalised
57.63351106643677,,,0.48831,0.56248,1,,,,,,,,,GP3,0.48831,0.56248,0.67917,0.9713,normalised
57.649415731430054,,,0.48832,0.56222,1,,,,,,,,,GP3,0.48832,0.56222,0.67917,0.9713,normalised
57.665862798690796,,,0.48815,0.56163,1,,,,,,,,,GP3,0.48815,0.56163,0.67917,0.9713,normalised
57.68349051475525,,,0.48798,0.56127,1,,,,,,,,,GP3,0.48798,0.56127,0.67917,0.9713,normalised
57.69800019264221,,,0.48782,0.56062,1,,,,,,,,,GP3,0.48782,0.56062,0.67917,0.9713,normalised
57.715121269226074,,,0.48756,0.55969,1,,,,,,,,,GP3,0.48756,0.55969,0.67917,0.9713,normalised
57.72983717918396,,,0.4873,0.55874,1,,,,,,,,,GP3,0.4873,0.55874,0.67917,0.9713,normalised
57.74640464782715,,,0.48783,0.55841,1,,,,,,,,,GP3,0.48783,0.55841,0.67917,0.9713,normalised
57.763004302978516,,,0.48791,0.55743,1,,,,,,,,,GP3,0.48791,0.55743,0.67917,0.9713,normalised
57.778703451156616,,,0.488,0.55628,1,,,,,,,,,GP3,0.488,0.55628,0.67917,0.9713,normalised
57.79340314865112,,,0.48766,0.55483,1,,,,,,,,,GP3,0.48766,0.55483,0.67917,0.9713,normalised
57.8108913898468,,,0.48732,0.55439,1,,,,,,,,,GP3,0.48732,0.55439,0.67917,0.9713,normalised
57.82554221153259,,,0.48698,0.55405,1,,,,,,,,,GP3,0.48698,0.55405,0.67917,0.9713,normalised
57.8441698551178,,,0.48691,0.55344,1,,,,,,,,,GP3,0.48691,0.55344,0.67917,0.9713,normalised
57.86085844039917,,,0.48671,0.55336,1,,,,,,,,,GP3,0.48671,0.55336,0.67917,0.9713,normalised
57.8804714679718,,,0.48651,0.55342,1,,,,,,,,,GP3,0.48651,0.55342,0.67917,0.9713,normalised
57.89122486114502,,,0.48643,0.55258,1,,,,,,,,,GP3,0.48643,0.55258,0.67917,0.9713,normalised
57.90875244140625,,,0.48639,0.55207,1,,,,,,,,,GP3,0.48639,0.55207,0.67917,0.9713,normalised
57.92436933517456,,,0.48635,0.55173,1,,,,,,,,,GP3,0.48635,0.55173,0.67917,0.9713,normalised
57.938883543014526,,,0.4866,0.55165,1,,,,,,,,,GP3,0.4866,0.55165,0.67917,0.9713,normalised
57.95668363571167,,,0.48679,0.55195,1,,,,,,,,,GP3,0.48679,0.55195,0.67917,0.9713,normalised
57.97157835960388,,,0.48697,0.552,1,,,,,,,,,GP3,0.48697,0.552,0.67917,0.9713,normalised
57.98792052268982,,,0.48667,0.55191,1,,,,,,,,,GP3,0.48667,0.55191,0.67917,0.9713,normalised
58.005656480789185,,,0.48648,0.55135,1,,,,,,,,,GP3,0.48648,0.55135,0.67917,0.9713,normalised
58.019643783569336,,,0.48628,0.55071,1,,,,,,,,,GP3,0.48628,0.55071,0.67917,0.9713,normalised
58.03714966773987,,,0.48575,0.55107,1,,,,,,,,,GP3,0.48575,0.55107,0.67917,0.9713,normalised
58.051636934280396,,,0.48517,0.55025,1,,,,,,,,,GP3,0.48517,0.55025,0.67917,0.9713,normalised
58.06964826583862,,,0.4846,0.54955,1,,,,,,,,,GP3,0.4846,0.54955,0.67917,0.9713,normalised
58.08491826057434,,,0.48466,0.54971,1,,,,,,,,,GP3,0.48466,0.54971,0.67917,0.9713,normalised
58.10230827331543,,,0.48522,0.54863,1,,,,,,,,,GP3,0.48522,0.54863,0.67917,0.9713,normalised
58.117624282836914,,,0.48578,0.5475,1,,,,,,,,,GP3,0.48578,0.5475,0.67917,0.9713,normalised
58.134132385253906,,,0.48617,0.54603,1,,,,,,,,,GP3,0.48617,0.54603,0.67917,0.9713,normalised
58.14890146255493,,,0.48639,0.54458,1,,,,,,,,,GP3,0.48639,0.54458,0.67917,0.9713,normalised
58.166454553604126,,,0.48661,0.54331,1,,,,,,,,,GP3,0.48661,0.54331,0.67917,0.9713,normalised
58.18277025222778,,,0.48654,0.54339,1,,,,,,,,,GP3,0.48654,0.54339,0.67917,0.9713,normalised
58.19950294494629,,,0.48636,0.54206,1,,,,,,,,,GP3,0.48636,0.54206,0.67917,0.9713,normalised
58.213428258895874,,,0.48619,0.54089,1,,,,,,,,,GP3,0.48619,0.54089,0.67917,0.9713,normalised
58.23025035858154,,,0.4858,0.54061,1,,,,,,,,,GP3,0.4858,0.54061,0.67917,0.9713,normalised
58.2460196018219,,,0.4856,0.54131,1,,,,,,,,,GP3,0.4856,0.54131,0.67917,0.9713,normalised
58.26276087760925,,,0.48541,0.54195,1,,,,,,,,,GP3,0.48541,0.54195,0.67917,0.9713,normalised
58.278257846832275,,,0.48501,0.54141,1,,,,,,,,,GP3,0.48501,0.54141,0.67917,0.9713,normalised
58.294225215911865,,,0.48489,0.54056,1,,,,,,,,,GP3,0.48489,0.54056,0.67917,0.9713,normalised
58.3119158744812,,,0.48476,0.53946,1,,,,,,,,,GP3,0.48476,0.53946,0.67917,0.9713,normalised
58.32904386520386,,,0.48442,0.53796,1,,,,,,,,,GP3,0.48442,0.53796,0.67917,0.9713,normalised
58.345431327819824,,,0.48433,0.53615,1,,,,,,,,,GP3,0.48433,0.53615,0.67917,0.9713,normalised
58.35995817184448,,,0.48423,0.53429,1,,,,,,,,,GP3,0.48423,0.53429,0.67917,0.9713,normalised
58.376744747161865,,,0.47912,0.50266,0,,,,,,,,,GP3,0.47912,0.50266,0.67917,0.9713,normalised
58.39154267311096,,,0.481,0.50321,0,,,,,,,,,GP3,0.481,0.50321,0.67917,0.9713,normalised
58.40907001495361,,,0.48165,0.50421,0,,,,,,,,,GP3,0.48165,0.50421,0.67917,0.9713,normalised
58.42450189590454,,,0.48105,0.49781,1,,,,,,,,,GP3,0.48105,0.49781,0.67917,0.9713,normalised
58.441131353378296,,,0.47963,0.49913,1,,,,,,,,,GP3,0.47963,0.49913,0.67917,0.9713,normalised
58.45794486999512,,,0.4787,0.50039,1,,,,,,,,,GP3,0.4787,0.50039,0.67917,0.9713,normalised
58.47274732589722,,,0.47875,0.49857,1,,,,,,,,,GP3,0.47875,0.49857,0.67917,0.9713,normalised
58.48845934867859,,,0.47818,0.49677,1,,,,,,,,,GP3,0.47818,0.49677,0.67917,0.9713,normalised
58.50499749183655,,,0.47772,0.49485,1,,,,,,,,,GP3,0.47772,0.49485,0.67917,0.9713,normalised
58.520737648010254,,,0.47744,0.49451,1,,,,,,,,,GP3,0.47744,0.49451,0.67917,0.9713,normalised
58.53757405281067,,,0.47723,0.49251,1,,,,,,,,,GP3,0.47723,0.49251,0.67917,0.9713,normalised
58.55305004119873,,,0.47706,0.49104,1,,,,,,,,,GP3,0.47706,0.49104,0.67917,0.9713,normalised
58.569223165512085,,,0.47831,0.48975,1,,,,,,,,,GP3,0.47831,0.48975,0.67917,0.9713,normalised
58.58980345726013,,,0.47821,0.48966,1,,,,,,,,,GP3,0.47821,0.48966,0.67917,0.9713,normalised
58.602219581604004,,,0.47814,0.49022,1,,,,,,,,,GP3,0.47814,0.49022,0.67917,0.9713,normalised
58.62029242515564,,,0.47877,0.49194,1,,,,,,,,,GP3,0.47877,0.49194,0.67917,0.9713,normalised
58.635507345199585,,,0.47859,0.49286,1,,,,,,,,,GP3,0.47859,0.49286,0.67917,0.9713,normalised
58.653335094451904,,,0.47843,0.49381,1,,,,,,,,,GP3,0.47843,0.49381,0.67917,0.9713,normalised
58.66706085205078,,,0.47866,0.49524,1,,,,,,,,,GP3,0.47866,0.49524,0.67917,0.9713,normalised
58.68362236022949,,,0.47996,0.49659,1,,,,,,,,,GP3,0.47996,0.49659,0.67917,0.9713,normalised
58.69991898536682,,,0.48113,0.4978,1,,,,,,,,,GP3,0.48113,0.4978,0.67917,0.9713,normalised
58.71696448326111,,,0.48078,0.50163,1,,,,,,,,,GP3,0.48078,0.50163,0.67917,0.9713,normalised
58.73174071311951,,,0.48104,0.50673,1,,,,,,,,,GP3,0.48104,0.50673,0.67917,0.9713,normalised
58.74835753440857,,,0.48128,0.51157,1,,,,,,,,,GP3,0.48128,0.51157,0.67917,0.9713,normalised
58.76310873031616,,,0.48816,0.54099,0,,,,,,,,,GP3,0.48816,0.54099,0.67917,0.9713,normalised
58.78108787536621,,,0.50847,0.5742,0,,,,,,,,,GP3,0.50847,0.5742,0.67917,0.9713,normalised
58.798049449920654,,,0.51533,0.58198,0,,,,,,,,,GP3,0.51533,0.58198,0.67917,0.9713,normalised
58.81250357627869,,,0.51358,0.58714,1,,,,,,,,,GP3,0.51358,0.58714,0.67917,0.9713,normalised
58.830252170562744,,,0.51566,0.59166,1,,,,,,,,,GP3,0.51566,0.59166,0.67917,0.9713,normalised
58.84397006034851,,,0.51706,0.59466,1,,,,,,,,,GP3,0.51706,0.59466,0.67917,0.9713,normalised
58.86227750778198,,,0.51602,0.59061,1,,,,,,,,,GP3,0.51602,0.59061,0.67917,0.9713,normalised
58.87966752052307,,,0.51148,0.57122,1,,,,,,,,,GP3,0.51148,0.57122,0.67917,0.9713,normalised
58.89429998397827,,,0.50798,0.55644,1,,,,,,,,,GP3,0.50798,0.55644,0.67917,0.9713,normalised
58.90887475013733,,,0.52168,0.57474,1,,,,,,,,,GP3,0.52168,0.57474,0.67917,0.9713,normalised
58.925917863845825,,,0.53235,0.5879,1,,,,,,,,,GP3,0.53235,0.5879,0.67917,0.9713,normalised
58.94187808036804,,,0.54127,0.59873,1,,,,,,,,,GP3,0.54127,0.59873,0.67917,0.9713,normalised
58.958409786224365,,,0.55018,0.60817,1,,,,,,,,,GP3,0.55018,0.60817,0.67917,0.9713,normalised
58.9762327671051,,,0.55717,0.61563,1,,,,,,,,,GP3,0.55717,0.61563,0.67917,0.9713,normalised
58.990647077560425,,,0.56321,0.6222,1,,,,,,,,,GP3,0.56321,0.6222,0.67917,0.9713,normalised
59.00650644302368,,,0.57021,0.62996,1,,,,,,,,,GP3,0.57021,0.62996,0.67917,0.9713,normalised
59.02341675758362,,,0.60289,0.658,0,,,,,,,,,GP3,0.60289,0.658,0.67917,0.9713,normalised
59.03812026977539,,,0.64629,0.71653,0,,,,,,,,,GP3,0.64629,0.71653,0.67917,0.9713,normalised
59.055546283721924,,,0.6947,0.74602,0,,,,,,,,,GP3,0.6947,0.74602,0.67917,0.9713,normalised
59.072850465774536,,,0.74484,0.79145,0,,,,,,,,,GP3,0.74484,0.79145,0.67917,0.9713,normalised
59.08695125579834,,,0.74868,0.79354,0,,,,,,,,,GP3,0.74868,0.79354,0.67917,0.9713,normalised
59.10371398925781,,,0.75346,0.8111,0,,,,,,,,,GP3,0.75346,0.8111,0.67917,0.9713,normalised
59.120563983917236,,,0.75497,0.82115,1,,,,,,,,,GP3,0.75497,0.82115,0.67917,0.9713,normalised
59.135338306427,,,0.75571,0.82739,1,,,,,,,,,GP3,0.75571,0.82739,0.67917,0.9713,normalised
59.15455389022827,,,0.75495,0.82877,1,,,,,,,,,GP3,0.75495,0.82877,0.67917,0.9713,normalised
59.1682653427124,,,0.75713,0.8338,1,,,,,,,,,GP3,0.75713,0.8338,0.67917,0.9713,normalised
59.18531346321106,,,0.75908,0.83716,1,,,,,,,,,GP3,0.75908,0.83716,0.67917,0.9713,normalised
59.200523853302,,,0.7659,0.84519,1,,,,,,,,,GP3,0.7659,0.84519,0.67917,0.9713,normalised
59.21618986129761,,,0.77068,0.85098,1,,,,,,,,,GP3,0.77068,0.85098,0.67917,0.9713,normalised
59.23203778266907,,,0.7748,0.85548,1,,,,,,,,,GP3,0.7748,0.85548,0.67917,0.9713,normalised
59.24849605560303,,,0.77976,0.85768,1,,,,,,,,,GP3,0.77976,0.85768,0.67917,0.9713,normalised
59.268027782440186,,,0.78349,0.86126,1,,,,,,,,,GP3,0.78349,0.86126,0.67917,0.9713,normalised
59.28254294395447,,,0.78676,0.86427,1,,,,,,,,,GP3,0.78676,0.86427,0.67917,0.9713,normalised
59.300052881240845,,,0.78944,0.86551,1,,,,,,,,,GP3,0.78944,0.86551,0.67917,0.9713,normalised
59.315088748931885,,,0.79244,0.86583,1,,,,,,,,,GP3,0.79244,0.86583,0.67917,0.9713,normalised
59.329607248306274,,,0.79482,0.86637,1,,,,,,,,,GP3,0.79482,0.86637,0.67917,0.9713,normalised
59.34535813331604,,,0.81809,0.88558,0,,,,,,,,,GP3,0.81809,0.88558,0.67917,0.9713,normalised
59.36277794837952,,,0.81651,0.87827,0,,,,,,,,,GP3,0.81651,0.87827,0.67917,0.9713,normalised
59.37948560714722,,,0.81564,0.87622,0,,,,,,,,,GP3,0.81564,0.87622,0.67917,0.9713,normalised
59.39430546760559,,,0.82414,0.88126,1,,,,,,,,,GP3,0.82414,0.88126,0.67917,0.9713,normalised
59.41188335418701,,,0.78495,1.02868,0,,,,,,,,,GP3,0.78495,1.02868,0.67917,0.9713,normalised
59.42910122871399,,,0.63609,1.49205,0,,,,,,,,,GP3,0.63609,1.49205,0.67917,0.9713,normalised
59.44353914260864,,,0.63609,1.49205,0,,,,,,,,,GP3,0.63609,1.49205,0.67917,0.9713,normalised
59.46020984649658,,,0.48723,1.95542,0,,,,,,,,,GP3,0.48723,1.95542,0.67917,0.9713,normalised
59.476951599121094,,,0.48723,1.95542,0,,,,,,,,,GP3,0.48723,1.95542,0.67917,0.9713,normalised
59.4965500831604,,,0.48723,1.95542,0,,,,,,,,,GP3,0.48723,1.95542,0.67917,0.9713,normalised
59.51236271858215,,,0.0,0.0,0,,,,,,,,,GP3,0.0,0.0,0.67917,0.9713,normalised
59.529476165771484,,,0.0,0.0,0,,,,,,,,,GP3,0.0,0.0,0.67917,0.9713,normalised
59.54401922225952,,,0.0,0.0,0,,,,,,,,,GP3,0.0,0.0,0.67917,0.9713,normalised
59.557669162750244,,,0.0,0.0,0,,,,,,,,,GP3,0.0,0.0,0.67917,0.9713,normalised
59.57819128036499,,,0.0,0.0,0,,,,,,,,,GP3,0.0,0.0,0.67917,0.9713,normalised
59.59229516983032,,,0.0,0.0,0,,,,,,,,,GP3,0.0,0.0,0.67917,0.9713,normalised
59.61135697364807,,,0.0,0.0,0,,,,,,,,,GP3,0.0,0.0,0.67917,0.9713,normalised
59.62633538246155,,,0.0,0.0,0,,,,,,,,,GP3,0.0,0.0,0.67917,0.9713,normalised
59.644893646240234,,,0.0,0.0,0,,,,,,,,,GP3,0.0,0.0,0.67917,0.9713,normalised
59.656445264816284,,,0.0,0.0,0,,,,,,,,,GP3,0.0,0.0,0.67917,0.9713,normalised
59.673760175704956,,,0.0,0.0,0,,,,,,,,,GP3,0.0,0.0,0.67917,0.9713,normalised
59.68730092048645,,,0.0,0.0,0,,,,,,,,,GP3,0.0,0.0,0.67917,0.9713,normalised
59.70671486854553,,,0.0,0.0,0,,,,,,,,,GP3,0.0,0.0,0.67917,0.9713,normalised
59.721245527267456,,,0.41671,0.49563,0,,,,,,,,,GP3,0.41671,0.49563,0.67917,0.9713,normalised
59.73582625389099,,,0.5592,0.61793,0,,,,,,,,,GP3,0.5592,0.61793,0.67917,0.9713,normalised
59.75029373168945,,,0.84556,0.90743,0,,,,,,,,,GP3,0.84556,0.90743,0.67917,0.9713,normalised
59.76783275604248,,,0.85652,0.88391,0,,,,,,,,,GP3,0.85652,0.88391,0.67917,0.9713,normalised
59.78490447998047,,,0.85632,0.86703,0,,,,,,,,,GP3,0.85632,0.86703,0.67917,0.9713,normalised
59.79961585998535,,,0.85773,0.86503,1,,,,,,,,,GP3,0.85773,0.86503,0.67917,0.9713,normalised
59.816571950912476,,,0.85882,0.86358,1,,,,,,,,,GP3,0.85882,0.86358,0.67917,0.9713,normalised
59.83056879043579,,,0.8593,0.85632,1,,,,,,,,,GP3,0.8593,0.85632,0.67917,0.9713,normalised
59.84680128097534,,,0.85592,0.8529,1,,,,,,,,,GP3,0.85592,0.8529,0.67917,0.9713,normalised
59.86430215835571,,,0.85336,0.85036,1,,,,,,,,,GP3,0.85336,0.85036,0.67917,0.9713,normalised
59.88182806968689,,,0.85157,0.84671,1,,,,,,,,,GP3,0.85157,0.84671,0.67917,0.9713,normalised
59.89561414718628,,,0.85185,0.84536,1,,,,,,,,,GP3,0.85185,0.84536,0.67917,0.9713,normalised
59.913148164749146,,,0.85197,0.84439,1,,,,,,,,,GP3,0.85197,0.84439,0.67917,0.9713,normalised
59.92818641662598,,,0.85118,0.84404,1,,,,,,,,,GP3,0.85118,0.84404,0.67917,0.9713,normalised
59.945616483688354,,,0.84967,0.84443,1,,,,,,,,,GP3,0.84967,0.84443,0.67917,0.9713,normalised
59.96013522148132,,,0.84814,0.84503,1,,,,,,,,,GP3,0.84814,0.84503,0.67917,0.9713,normalised
59.977656841278076,,,0.8482,0.84678,1,,,,,,,,,GP3,0.8482,0.84678,0.67917,0.9713,normalised
59.9951708316803,,,0.84746,0.84849,1,,,,,,,,,GP3,0.84746,0.84849,0.67917,0.9713,normalised
60.00968670845032,,,0.84683,0.84999,1,,,,,,,,,GP3,0.84683,0.84999,0.67917,0.9713,normalised
60.02711534500122,,,0.84657,0.85006,1,,,,,,,,,GP3,0.84657,0.85006,0.67917,0.9713,normalised
60.043591260910034,,,0.8448,0.85095,1,,,,,,,,,GP3,0.8448,0.85095,0.67917,0.9713,normalised
60.05732321739197,,,0.84331,0.85163,1,,,,,,,,,GP3,0.84331,0.85163,0.67917,0.9713,normalised
60.07493257522583,,,0.84353,0.85233,1,,,,,,,,,GP3,0.84353,0.85233,0.67917,0.9713,normalised
60.089494466781616,,,0.84387,0.85301,1,,,,,,,,,GP3,0.84387,0.85301,0.67917,0.9713,normalised
60.10906171798706,,,0.84427,0.85354,1,,,,,,,,,GP3,0.84427,0.85354,0.67917,0.9713,normalised
60.12390208244324,,,0.84542,0.8529,1,,,,,,,,,GP3,0.84542,0.8529,0.67917,0.9713,normalised
60.14150381088257,,,0.84635,0.8516,1,,,,,,,,,GP3,0.84635,0.8516,0.67917,0.9713,normalised
60.154237270355225,,,0.84712,0.85051,1,,,,,,,,,GP3,0.84712,0.85051,0.67917,0.9713,normalised
60.171648263931274,,,0.84695,0.84986,1,,,,,,,,,GP3,0.84695,0.84986,0.67917,0.9713,normalised
60.18828058242798,,,0.84592,0.84973,1,,,,,,,,,GP3,0.84592,0.84973,0.67917,0.9713,normalised
60.20569586753845,,,0.84496,0.84961,1,,,,,,,,,GP3,0.84496,0.84961,0.67917,0.9713,normalised
60.2194504737854,,,0.84455,0.84937,1,,,,,,,,,GP3,0.84455,0.84937,0.67917,0.9713,normalised
60.23595356941223,,,0.84422,0.84889,1,,,,,,,,,GP3,0.84422,0.84889,0.67917,0.9713,normalised
60.25231575965881,,,0.84398,0.84835,1,,,,,,,,,GP3,0.84398,0.84835,0.67917,0.9713,normalised
60.26982402801514,,,0.84399,0.84838,1,,,,,,,,,GP3,0.84399,0.84838,0.67917,0.9713,normalised
60.284526348114014,,,0.84403,0.8483,1,,,,,,,,,GP3,0.84403,0.8483,0.67917,0.9713,normalised
60.30231952667236,,,0.84413,0.84815,1,,,,,,,,,GP3,0.84413,0.84815,0.67917,0.9713,normalised
60.317694425582886,,,0.84437,0.84797,1,,,,,,,,,GP3,0.84437,0.84797,0.67917,0.9713,normalised
60.33225202560425,,,0.84475,0.84772,1,,,,,,,,,GP3,0.84475,0.84772,0.67917,0.9713,normalised
60.34945487976074,,,0.84506,0.84755,1,,,,,,,,,GP3,0.84506,0.84755,0.67917,0.9713,normalised
60.367069244384766,,,0.8448,0.84775,1,,,,,,,,,GP3,0.8448,0.84775,0.67917,0.9713,normalised
60.381749868392944,,,0.84514,0.84795,1,,,,,,,,,GP3,0.84514,0.84795,0.67917,0.9713,normalised
60.3990044593811,,,0.8454,0.8482,1,,,,,,,,,GP3,0.8454,0.8482,0.67917,0.9713,normalised
60.4135320186615,,,0.84537,0.84828,1,,,,,,,,,GP3,0.84537,0.84828,0.67917,0.9713,normalised
60.433589458465576,,,0.84531,0.84845,1,,,,,,,,,GP3,0.84531,0.84845,0.67917,0.9713,normalised
60.44511151313782,,,0.84525,0.84861,1,,,,,,,,,GP3,0.84525,0.84861,0.67917,0.9713,normalised
60.462642431259155,,,0.84539,0.84824,1,,,,,,,,,GP3,0.84539,0.84824,0.67917,0.9713,normalised
60.48015737533569,,,0.84591,0.84777,1,,,,,,,,,GP3,0.84591,0.84777,0.67917,0.9713,normalised
60.49493980407715,,,0.8464,0.84732,1,,,,,,,,,GP3,0.8464,0.84732,0.67917,0.9713,normalised
60.512726068496704,,,0.84644,0.84724,1,,,,,,,,,GP3,0.84644,0.84724,0.67917,0.9713,normalised
60.52685785293579,,,0.84631,0.84617,1,,,,,,,,,GP3,0.84631,0.84617,0.67917,0.9713,normalised
60.544684648513794,,,0.84576,0.84605,1,,,,,,,,,GP3,0.84576,0.84605,0.67917,0.9713,normalised
60.559118032455444,,,0.84549,0.84615,1,,,,,,,,,GP3,0.84549,0.84615,0.67917,0.9713,normalised
60.575973987579346,,,0.84532,0.84574,1,,,,,,,,,GP3,0.84532,0.84574,0.67917,0.9713,normalised
60.5914192199707,,,0.84507,0.84541,1,,,,,,,,,GP3,0.84507,0.84541,0.67917,0.9713,normalised
60.60756826400757,,,0.84465,0.8461,1,,,,,,,,,GP3,0.84465,0.8461,0.67917,0.9713,normalised
60.625280141830444,,,0.84467,0.84647,1,,,,,,,,,GP3,0.84467,0.84647,0.67917,0.9713,normalised
60.63905453681946,,,0.84461,0.84692,1,,,,,,,,,GP3,0.84461,0.84692,0.67917,0.9713,normalised
60.65656614303589,,,0.84488,0.84732,1,,,,,,,,,GP3,0.84488,0.84732,0.67917,0.9713,normalised
60.67412447929382,,,0.84473,0.84725,1,,,,,,,,,GP3,0.84473,0.84725,0.67917,0.9713,normalised
60.68882131576538,,,0.84473,0.84702,1,,,,,,,,,GP3,0.84473,0.84702,0.67917,0.9713,normalised
60.70657277107239,,,0.84514,0.84683,1,,,,,,,,,GP3,0.84514,0.84683,0.67917,0.9713,normalised
60.7219500541687,,,0.84564,0.84603,1,,,,,,,,,GP3,0.84564,0.84603,0.67917,0.9713,normalised
60.73787832260132,,,0.84623,0.84512,1,,,,,,,,,GP3,0.84623,0.84512,0.67917,0.9713,normalised
60.755255937576294,,,0.84631,0.84462,1,,,,,,,,,GP3,0.84631,0.84462,0.67917,0.9713,normalised
60.76836133003235,,,0.84647,0.84346,1,,,,,,,,,GP3,0.84647,0.84346,0.67917,0.9713,normalised
60.78697991371155,,,0.84657,0.84237,1,,,,,,,,,GP3,0.84657,0.84237,0.67917,0.9713,normalised
60.80185413360596,,,0.84675,0.84211,1,,,,,,,,,GP3,0.84675,0.84211,0.67917,0.9713,normalised
60.81889247894287,,,0.84749,0.84186,1,,,,,,,,,GP3,0.84749,0.84186,0.67917,0.9713,normalised
60.83459258079529,,,0.84817,0.84165,1,,,,,,,,,GP3,0.84817,0.84165,0.67917,0.9713,normalised
60.85214805603027,,,0.8482,0.84111,1,,,,,,,,,GP3,0.8482,0.84111,0.67917,0.9713,normalised
60.869662284851074,,,0.8486,0.84083,1,,,,,,,,,GP3,0.8486,0.84083,0.67917,0.9713,normalised
60.88346195220947,,,0.84889,0.84067,1,,,,,,,,,GP3,0.84889,0.84067,0.67917,0.9713,normalised
60.90096712112427,,,0.84819,0.84087,1,,,,,,,,,GP3,0.84819,0.84087,0.67917,0.9713,normalised
60.91693115234375,,,0.85233,0.84139,1,,,,,,,,,GP3,0.85233,0.84139,0.67917,0.9713,normalised
60.934502601623535,,,0.88675,0.84408,0,,,,,,,,,GP3,0.88675,0.84408,0.67917,0.9713,normalised
60.94912242889404,,,0.70476,0.76961,0,,,,,,,,,GP3,0.70476,0.76961,0.67917,0.9713,normalised
60.9635374546051,,,0.65504,0.75625,0,,,,,,,,,GP3,0.65504,0.75625,0.67917,0.9713,normalised
60.98126006126404,,,0.54476,0.71702,0,,,,,,,,,GP3,0.54476,0.71702,0.67917,0.9713,normalised
60.997791051864624,,,0.44139,0.70953,0,,,,,,,,,GP3,0.44139,0.70953,0.67917,0.9713,normalised
61.012250661849976,,,0.40849,0.70692,0,,,,,,,,,GP3,0.40849,0.70692,0.67917,0.9713,normalised
61.02948880195618,,,0.34164,0.70346,0,,,,,,,,,GP3,0.34164,0.70346,0.67917,0.9713,normalised
61.044305086135864,,,0.33964,0.69593,0,,,,,,,,,GP3,0.33964,0.69593,0.67917,0.9713,normalised
61.06192994117737,,,0.34035,0.70049,0,,,,,,,,,GP3,0.34035,0.70049,0.67917,0.9713,normalised
61.07645320892334,,,0.34133,0.7048,1,,,,,,,,,GP3,0.34133,0.7048,0.67917,0.9713,normalised
61.0942485332489,,,0.34407,0.70639,1,,,,,,,,,GP3,0.34407,0.70639,0.67917,0.9713,normalised
61.11097526550293,,,0.3466,0.70601,1,,,,,,,,,GP3,0.3466,0.70601,0.67917,0.9713,normalised
61.12546992301941,,,0.34833,0.70546,1,,,,,,,,,GP3,0.34833,0.70546,0.67917,0.9713,normalised
61.14290261268616,,,0.34775,0.70684,1,,,,,,,,,GP3,0.34775,0.70684,0.67917,0.9713,normalised
61.15941047668457,,,0.34881,0.70752,1,,,,,,,,,GP3,0.34881,0.70752,0.67917,0.9713,normalised
61.173927783966064,,,0.34948,0.70743,1,,,,,,,,,GP3,0.34948,0.70743,0.67917,0.9713,normalised
61.191466331481934,,,0.34795,0.70606,1,,,,,,,,,GP3,0.34795,0.70606,0.67917,0.9713,normalised
61.20898151397705,,,0.34767,0.7052,1,,,,,,,,,GP3,0.34767,0.7052,0.67917,0.9713,normalised
61.223445415496826,,,0.34752,0.70473,1,,,,,,,,,GP3,0.34752,0.70473,0.67917,0.9713,normalised
61.240960359573364,,,0.34635,0.70588,1,,,,,,,,,GP3,0.34635,0.70588,0.67917,0.9713,normalised
61.25569772720337,,,0.34569,0.70678,1,,,,,,,,,GP3,0.34569,0.70678,0.67917,0.9713,normalised
61.273088693618774,,,0.34518,0.70778,1,,,,,,,,,GP3,0.34518,0.70778,0.67917,0.9713,normalised
61.287798166275024,,,0.34488,0.70835,1,,,,,,,,,GP3,0.34488,0.70835,0.67917,0.9713,normalised
61.30435800552368,,,0.34483,0.70752,1,,,,,,,,,GP3,0.34483,0.70752,0.67917,0.9713,normalised
61.32029581069946,,,0.34475,0.70669,1,,,,,,,,,GP3,0.34475,0.70669,0.67917,0.9713,normalised
61.33799958229065,,,0.34366,0.70856,1,,,,,,,,,GP3,0.34366,0.70856,0.67917,0.9713,normalised
61.3532350063324,,,0.34239,0.71109,1,,,,,,,,,GP3,0.34239,0.71109,0.67917,0.9713,normalised
61.370763063430786,,,0.34117,0.71326,1,,,,,,,,,GP3,0.34117,0.71326,0.67917,0.9713,normalised
61.38679075241089,,,0.34427,0.70957,1,,,,,,,,,GP3,0.34427,0.70957,0.67917,0.9713,normalised
61.400471448898315,,,0.34712,0.7058,1,,,,,,,,,GP3,0.34712,0.7058,0.67917,0.9713,normalised
61.41700100898743,,,0.34973,0.70224,1,,,,,,,,,GP3,0.34973,0.70224,0.67917,0.9713,normalised
61.434722661972046,,,0.35337,0.69364,1,,,,,,,,,GP3,0.35337,0.69364,0.67917,0.9713,normalised
61.44848847389221,,,0.3714,0.66034,0,,,,,,,,,GP3,0.3714,0.66034,0.67917,0.9713,normalised
61.46473526954651,,,0.41307,0.57815,0,,,,,,,,,GP3,0.41307,0.57815,0.67917,0.9713,normalised
61.48240780830383,,,0.42273,0.55433,0,,,,,,,,,GP3,0.42273,0.55433,0.67917,0.9713,normalised
61.498388051986694,,,0.44922,0.50931,0,,,,,,,,,GP3,0.44922,0.50931,0.67917,0.9713,normalised
61.51468467712402,,,0.45005,0.5173,0,,,,,,,,,GP3,0.45005,0.5173,0.67917,0.9713,normalised
61.530975580215454,,,0.45753,0.51815,0,,,,,,,,,GP3,0.45753,0.51815,0.67917,0.9713,normalised
61.54897141456604,,,0.46151,0.51632,1,,,,,,,,,GP3,0.46151,0.51632,0.67917,0.9713,normalised
61.563395977020264,,,0.46392,0.51563,1,,,,,,,,,GP3,0.46392,0.51563,0.67917,0.9713,normalised
61.580129861831665,,,0.46228,0.52036,1,,,,,,,,,GP3,0.46228,0.52036,0.67917,0.9713,normalised
61.59662485122681,,,0.46268,0.51998,1,,,,,,,,,GP3,0.46268,0.51998,0.67917,0.9713,normalised
61.613139629364014,,,0.46303,0.52055,1,,,,,,,,,GP3,0.46303,0.52055,0.67917,0.9713,normalised
61.63015604019165,,,0.46195,0.52291,1,,,,,,,,,GP3,0.46195,0.52291,0.67917,0.9713,normalised
61.64458131790161,,,0.46147,0.52371,1,,,,,,,,,GP3,0.46147,0.52371,0.67917,0.9713,normalised
61.66148138046265,,,0.46105,0.52399,1,,,,,,,,,GP3,0.46105,0.52399,0.67917,0.9713,normalised
61.67904806137085,,,0.46067,0.52048,1,,,,,,,,,GP3,0.46067,0.52048,0.67917,0.9713,normalised
61.69359111785889,,,0.46007,0.51815,1,,,,,,,,,GP3,0.46007,0.51815,0.67917,0.9713,normalised
61.711323261260986,,,0.45956,0.51633,1,,,,,,,,,GP3,0.45956,0.51633,0.67917,0.9713,normalised
61.72779154777527,,,0.45957,0.5184,1,,,,,,,,,GP3,0.45957,0.5184,0.67917,0.9713,normalised
61.74242162704468,,,0.4597,0.52037,1,,,,,,,,,GP3,0.4597,0.52037,0.67917,0.9713,normalised
61.75762867927551,,,0.45982,0.52224,1,,,,,,,,,GP3,0.45982,0.52224,0.67917,0.9713,normalised
61.77528929710388,,,0.45911,0.51974,1,,,,,,,,,GP3,0.45911,0.51974,0.67917,0.9713,normalised
61.78768825531006,,,0.45924,0.51757,1,,,,,,,,,GP3,0.45924,0.51757,0.67917,0.9713,normalised
61.80511736869812,,,0.45933,0.515,1,,,,,,,,,GP3,0.45933,0.515,0.67917,0.9713,normalised
61.821309089660645,,,0.45885,0.51348,1,,,,,,,,,GP3,0.45885,0.51348,0.67917,0.9713,normalised
61.838746786117554,,,0.45854,0.51131,1,,,,,,,,,GP3,0.45854,0.51131,0.67917,0.9713,normalised
61.85340404510498,,,0.45822,0.50888,1,,,,,,,,,GP3,0.45822,0.50888,0.67917,0.9713,normalised
61.87092328071594,,,0.45776,0.50567,1,,,,,,,,,GP3,0.45776,0.50567,0.67917,0.9713,normalised
61.885430335998535,,,0.45684,0.50349,1,,,,,,,,,GP3,0.45684,0.50349,0.67917,0.9713,normalised
61.901057720184326,,,0.45603,0.50194,1,,,,,,,,,GP3,0.45603,0.50194,0.67917,0.9713,normalised
61.91932392120361,,,0.45523,0.50061,1,,,,,,,,,GP3,0.45523,0.50061,0.67917,0.9713,normalised
61.933578968048096,,,0.44815,0.47453,0,,,,,,,,,GP3,0.44815,0.47453,0.67917,0.9713,normalised
61.951335191726685,,,0.44504,0.48975,0,,,,,,,,,GP3,0.44504,0.48975,0.67917,0.9713,normalised
61.96657037734985,,,0.4361,0.46843,0,,,,,,,,,GP3,0.4361,0.46843,0.67917,0.9713,normalised
61.985228061676025,,,0.43447,0.44689,1,,,,,,,,,GP3,0.43447,0.44689,0.67917,0.9713,normalised
61.9986515045166,,,0.43354,0.43442,1,,,,,,,,,GP3,0.43354,0.43442,0.67917,0.9713,normalised
62.01531767845154,,,0.42323,0.41453,1,,,,,,,,,GP3,0.42323,0.41453,0.67917,0.9713,normalised
62.030951261520386,,,0.41548,0.40074,1,,,,,,,,,GP3,0.41548,0.40074,0.67917,0.9713,normalised
62.04835605621338,,,0.40971,0.3908,1,,,,,,,,,GP3,0.40971,0.3908,0.67917,0.9713,normalised
62.065184354782104,,,0.40547,0.3812,1,,,,,,,,,GP3,0.40547,0.3812,0.67917,0.9713,normalised
62.078782081604004,,,0.40119,0.37415,1,,,,,,,,,GP3,0.40119,0.37415,0.67917,0.9713,normalised
62.09478139877319,,,0.39783,0.3694,1,,,,,,,,,GP3,0.39783,0.3694,0.67917,0.9713,normalised
62.11129426956177,,,0.39107,0.36451,1,,,,,,,,,GP3,0.39107,0.36451,0.67917,0.9713,normalised
62.12932825088501,,,0.38579,0.36155,1,,,,,,,,,GP3,0.38579,0.36155,0.67917,0.9713,normalised
62.14617395401001,,,0.38119,0.35855,1,,,,,,,,,GP3,0.38119,0.35855,0.67917,0.9713,normalised
62.16067337989807,,,0.36128,0.32594,0,,,,,,,,,GP3,0.36128,0.32594,0.67917,0.9713,normalised
62.177379846572876,,,0.32138,0.29,0,,,,,,,,,GP3,0.32138,0.29,0.67917,0.9713,normalised
62.194007873535156,,,0.30683,0.27206,0,,,,,,,,,GP3,0.30683,0.27206,0.67917,0.9713,normalised
62.210535287857056,,,0.28433,0.23778,0,,,,,,,,,GP3,0.28433,0.23778,0.67917,0.9713,normalised
62.227147579193115,,,0.2849,0.22881,0,,,,,,,,,GP3,0.2849,0.22881,0.67917,0.9713,normalised
62.24134826660156,,,0.28509,0.22581,0,,,,,,,,,GP3,0.28509,0.22581,0.67917,0.9713,normalised
62.258915424346924,,,0.28578,0.23045,1,,,,,,,,,GP3,0.28578,0.23045,0.67917,0.9713,normalised
62.2731454372406,,,0.28802,0.23163,1,,,,,,,,,GP3,0.28802,0.23163,0.67917,0.9713,normalised
62.2919397354126,,,0.2896,0.2329,1,,,,,,,,,GP3,0.2896,0.2329,0.67917,0.9713,normalised
62.30771040916443,,,0.28915,0.23199,1,,,,,,,,,GP3,0.28915,0.23199,0.67917,0.9713,normalised
62.32290053367615,,,0.29028,0.23735,1,,,,,,,,,GP3,0.29028,0.23735,0.67917,0.9713,normalised
62.33967065811157,,,0.29149,0.24318,1,,,,,,,,,GP3,0.29149,0.24318,0.67917,0.9713,normalised
62.35634112358093,,,0.29492,0.24924,1,,,,,,,,,GP3,0.29492,0.24924,0.67917,0.9713,normalised
62.370898962020874,,,0.29588,0.25207,1,,,,,,,,,GP3,0.29588,0.25207,0.67917,0.9713,normalised
62.38677787780762,,,0.29674,0.25472,1,,,,,,,,,GP3,0.29674,0.25472,0.67917,0.9713,normalised
62.40332865715027,,,0.29807,0.2586,1,,,,,,,,,GP3,0.29807,0.2586,0.67917,0.9713,normalised
62.42110753059387,,,0.29937,0.26304,1,,,,,,,,,GP3,0.29937,0.26304,0.67917,0.9713,normalised
62.43562459945679,,,0.30039,0.26632,1,,,,,,,,,GP3,0.30039,0.26632,0.67917,0.9713,normalised
62.45314884185791,,,0.30153,0.2685,1,,,,,,,,,GP3,0.30153,0.2685,0.67917,0.9713,normalised
62.46797585487366,,,0.30263,0.26984,1,,,,,,,,,GP3,0.30263,0.26984,0.67917,0.9713,normalised
62.485509157180786,,,0.30355,0.27071,1,,,,,,,,,GP3,0.30355,0.27071,0.67917,0.9713,normalised
62.499226570129395,,,0.30412,0.2712,1,,,,,,,,,GP3,0.30412,0.2712,0.67917,0.9713,normalised
62.51684832572937,,,0.30413,0.27151,1,,,,,,,,,GP3,0.30413,0.27151,0.67917,0.9713,normalised
62.53274202346802,,,0.30414,0.27178,1,,,,,,,,,GP3,0.30414,0.27178,0.67917,0.9713,normalised
62.55037593841553,,,0.30455,0.27219,1,,,,,,,,,GP3,0.30455,0.27219,0.67917,0.9713,normalised
62.56455898284912,,,0.30504,0.27355,1,,,,,,,,,GP3,0.30504,0.27355,0.67917,0.9713,normalised
62.58205246925354,,,0.30554,0.27507,1,,,,,,,,,GP3,0.30554,0.27507,0.67917,0.9713,normalised
62.5968816280365,,,0.30604,0.27656,1,,,,,,,,,GP3,0.30604,0.27656,0.67917,0.9713,normalised
62.61431837081909,,,0.30611,0.27765,1,,,,,,,,,GP3,0.30611,0.27765,0.67917,0.9713,normalised
62.62916874885559,,,0.30615,0.27856,1,,,,,,,,,GP3,0.30615,0.27856,0.67917,0.9713,normalised
62.645925521850586,,,0.30691,0.2785,1,,,,,,,,,GP3,0.30691,0.2785,0.67917,0.9713,normalised
62.66297626495361,,,0.30724,0.27916,1,,,,,,,,,GP3,0.30724,0.27916,0.67917,0.9713,normalised
62.67739200592041,,,0.30755,0.27976,1,,,,,,,,,GP3,0.30755,0.27976,0.67917,0.9713,normalised
62.6940176486969,,,0.30794,0.27915,1,,,,,,,,,GP3,0.30794,0.27915,0.67917,0.9713,normalised
62.710097312927246,,,0.30819,0.27888,1,,,,,,,,,GP3,0.30819,0.27888,0.67917,0.9713,normalised
62.72706389427185,,,0.30848,0.2789,1,,,,,,,,,GP3,0.30848,0.2789,0.67917,0.9713,normalised
62.74457859992981,,,0.309,0.27902,1,,,,,,,,,GP3,0.309,0.27902,0.67917,0.9713,normalised
62.75985884666443,,,0.30941,0.27939,1,,,,,,,,,GP3,0.30941,0.27939,0.67917,0.9713,normalised
62.77633833885193,,,0.30978,0.27967,1,,,,,,,,,GP3,0.30978,0.27967,0.67917,0.9713,normalised
62.79122877120972,,,0.31,0.27986,1,,,,,,,,,GP3,0.31,0.27986,0.67917,0.9713,normalised
62.80776786804199,,,0.31005,0.27956,1,,,,,,,,,GP3,0.31005,0.27956,0.67917,0.9713,normalised
62.824310541152954,,,0.31001,0.2788,1,,,,,,,,,GP3,0.31001,0.2788,0.67917,0.9713,normalised
62.841792345047,,,0.31003,0.27844,1,,,,,,,,,GP3,0.31003,0.27844,0.67917,0.9713,normalised
62.85762858390808,,,0.31012,0.27799,1,,,,,,,,,GP3,0.31012,0.27799,0.67917,0.9713,normalised
62.872095584869385,,,0.31018,0.2774,1,,,,,,,,,GP3,0.31018,0.2774,0.67917,0.9713,normalised
62.889517068862915,,,0.31014,0.27681,1,,,,,,,,,GP3,0.31014,0.27681,0.67917,0.9713,normalised
62.90462613105774,,,0.31004,0.27646,1,,,,,,,,,GP3,0.31004,0.27646,0.67917,0.9713,normalised
62.92179727554321,,,0.30998,0.27628,1,,,,,,,,,GP3,0.30998,0.27628,0.67917,0.9713,normalised
62.936466455459595,,,0.30992,0.27626,1,,,,,,,,,GP3,0.30992,0.27626,0.67917,0.9713,normalised
62.952359437942505,,,0.30989,0.27615,1,,,,,,,,,GP3,0.30989,0.27615,0.67917,0.9713,normalised
62.969422340393066,,,0.30992,0.27636,1,,,,,,,,,GP3,0.30992,0.27636,0.67917,0.9713,normalised
62.98510813713074,,,0.31057,0.27793,1,,,,,,,,,GP3,0.31057,0.27793,0.67917,0.9713,normalised
63.00388240814209,,,0.31124,0.27993,1,,,,,,,,,GP3,0.31124,0.27993,0.67917,0.9713,normalised
63.01741647720337,,,0.31192,0.28199,1,,,,,,,,,GP3,0.31192,0.28199,0.67917,0.9713,normalised
63.03409433364868,,,0.31268,0.28317,1,,,,,,,,,GP3,0.31268,0.28317,0.67917,0.9713,normalised
63.05157017707825,,,0.31309,0.28423,1,,,,,,,,,GP3,0.31309,0.28423,0.67917,0.9713,normalised
63.065815448760986,,,0.31345,0.28499,1,,,,,,,,,GP3,0.31345,0.28499,0.67917,0.9713,normalised
63.08243799209595,,,0.31405,0.28595,1,,,,,,,,,GP3,0.31405,0.28595,0.67917,0.9713,normalised
63.09868144989014,,,0.31422,0.28578,1,,,,,,,,,GP3,0.31422,0.28578,0.67917,0.9713,normalised
63.11677265167236,,,0.31437,0.28555,1,,,,,,,,,GP3,0.31437,0.28555,0.67917,0.9713,normalised
63.13103747367859,,,0.31421,0.28555,1,,,,,,,,,GP3,0.31421,0.28555,0.67917,0.9713,normalised
63.151164293289185,,,0.31439,0.28598,1,,,,,,,,,GP3,0.31439,0.28598,0.67917,0.9713,normalised
63.16375017166138,,,0.31459,0.28652,1,,,,,,,,,GP3,0.31459,0.28652,0.67917,0.9713,normalised
63.179715394973755,,,0.31458,0.28705,1,,,,,,,,,GP3,0.31458,0.28705,0.67917,0.9713,normalised
63.195639848709106,,,0.31474,0.28689,1,,,,,,,,,GP3,0.31474,0.28689,0.67917,0.9713,normalised
63.2131667137146,,,0.31487,0.28661,1,,,,,,,,,GP3,0.31487,0.28661,0.67917,0.9713,normalised
63.22892928123474,,,0.31479,0.28623,1,,,,,,,,,GP3,0.31479,0.28623,0.67917,0.9713,normalised
63.244986057281494,,,0.31471,0.28582,1,,,,,,,,,GP3,0.31471,0.28582,0.67917,0.9713,normalised
63.25987529754639,,,0.31461,0.28533,1,,,,,,,,,GP3,0.31461,0.28533,0.67917,0.9713,normalised
63.27648639678955,,,0.31453,0.28538,1,,,,,,,,,GP3,0.31453,0.28538,0.67917,0.9713,normalised
63.29337167739868,,,0.31451,0.2853,1,,,,,,,,,GP3,0.31451,0.2853,0.67917,0.9713,normalised
63.30998873710632,,,0.3145,0.28536,1,,,,,,,,,GP3,0.3145,0.28536,0.67917,0.9713,normalised
63.32615542411804,,,0.31464,0.28547,1,,,,,,,,,GP3,0.31464,0.28547,0.67917,0.9713,normalised
63.34289312362671,,,0.31465,0.28545,1,,,,,,,,,GP3,0.31465,0.28545,0.67917,0.9713,normalised
63.360304832458496,,,0.31468,0.28549,1,,,,,,,,,GP3,0.31468,0.28549,0.67917,0.9713,normalised
63.37404227256775,,,0.31475,0.28521,1,,,,,,,,,GP3,0.31475,0.28521,0.67917,0.9713,normalised
63.39172959327698,,,0.31503,0.28506,1,,,,,,,,,GP3,0.31503,0.28506,0.67917,0.9713,normalised
63.40527820587158,,,0.31529,0.28485,1,,,,,,,,,GP3,0.31529,0.28485,0.67917,0.9713,normalised
63.42171001434326,,,0.31509,0.28499,1,,,,,,,,,GP3,0.31509,0.28499,0.67917,0.9713,normalised
63.439661502838135,,,0.31509,0.2846,1,,,,,,,,,GP3,0.31509,0.2846,0.67917,0.9713,normalised
63.454153537750244,,,0.3151,0.28423,1,,,,,,,,,GP3,0.3151,0.28423,0.67917,0.9713,normalised
63.47212553024292,,,0.31527,0.28475,1,,,,,,,,,GP3,0.31527,0.28475,0.67917,0.9713,normalised
63.487239360809326,,,0.31538,0.28493,1,,,,,,,,,GP3,0.31538,0.28493,0.67917,0.9713,normalised
63.503762006759644,,,0.31548,0.28504,1,,,,,,,,,GP3,0.31548,0.28504,0.67917,0.9713,normalised
63.5186824798584,,,0.31526,0.28524,1,,,,,,,,,GP3,0.31526,0.28524,0.67917,0.9713,normalised
63.537006855010986,,,0.31532,0.28536,1,,,,,,,,,GP3,0.31532,0.28536,0.67917,0.9713,normalised
63.55161952972412,,,0.31537,0.28547,1,,,,,,,,,GP3,0.31537,0.28547,0.67917,0.9713,normalised
63.56871247291565,,,0.31526,0.28537,1,,,,,,,,,GP3,0.31526,0.28537,0.67917,0.9713,normalised
63.585885763168335,,,0.31539,0.28599,1,,,,,,,,,GP3,0.31539,0.28599,0.67917,0.9713,normalised
63.60155653953552,,,0.3156,0.28707,1,,,,,,,,,GP3,0.3156,0.28707,0.67917,0.9713,normalised
63.61577320098877,,,0.31608,0.28797,1,,,,,,,,,GP3,0.31608,0.28797,0.67917,0.9713,normalised
63.63336396217346,,,0.3162,0.28908,1,,,,,,,,,GP3,0.3162,0.28908,0.67917,0.9713,normalised
63.64980125427246,,,0.31634,0.29032,1,,,,,,,,,GP3,0.31634,0.29032,0.67917,0.9713,normalised
63.66440200805664,,,0.31657,0.29098,1,,,,,,,,,GP3,0.31657,0.29098,0.67917,0.9713,normalised
63.68072724342346,,,0.31691,0.29147,1,,,,,,,,,GP3,0.31691,0.29147,0.67917,0.9713,normalised
63.696897745132446,,,0.3172,0.29171,1,,,,,,,,,GP3,0.3172,0.29171,0.67917,0.9713,normalised
63.716049671173096,,,0.31735,0.29127,1,,,,,,,,,GP3,0.31735,0.29127,0.67917,0.9713,normalised
63.728455781936646,,,0.3174,0.29095,1,,,,,,,,,GP3,0.3174,0.29095,0.67917,0.9713,normalised
63.74615931510925,,,0.31734,0.29007,1,,,,,,,,,GP3,0.31734,0.29007,0.67917,0.9713,normalised
63.76113438606262,,,0.31735,0.2886,1,,,,,,,,,GP3,0.31735,0.2886,0.67917,0.9713,normalised
63.77885842323303,,,0.3172,0.28675,1,,,,,,,,,GP3,0.3172,0.28675,0.67917,0.9713,normalised
63.79494571685791,,,0.31707,0.28503,1,,,,,,,,,GP3,0.31707,0.28503,0.67917,0.9713,normalised
63.81151986122131,,,0.31691,0.28453,1,,,,,,,,,GP3,0.31691,0.28453,0.67917,0.9713,normalised
63.82716608047485,,,0.31697,0.28514,1,,,,,,,,,GP3,0.31697,0.28514,0.67917,0.9713,normalised
63.84168553352356,,,0.31709,0.28607,1,,,,,,,,,GP3,0.31709,0.28607,0.67917,0.9713,normalised
63.860612869262695,,,0.31714,0.28686,1,,,,,,,,,GP3,0.31714,0.28686,0.67917,0.9713,normalised
63.87657117843628,,,0.31729,0.28726,1,,,,,,,,,GP3,0.31729,0.28726,0.67917,0.9713,normalised
63.89082145690918,,,0.31738,0.28736,1,,,,,,,,,GP3,0.31738,0.28736,0.67917,0.9713,normalised
63.90966749191284,,,0.31731,0.28674,1,,,,,,,,,GP3,0.31731,0.28674,0.67917,0.9713,normalised
63.92422080039978,,,0.31734,0.287,1,,,,,,,,,GP3,0.31734,0.287,0.67917,0.9713,normalised
63.94052720069885,,,0.31738,0.28732,1,,,,,,,,,GP3,0.31738,0.28732,0.67917,0.9713,normalised
63.95915961265564,,,0.31738,0.28732,1,,,,,,,,,GP3,0.31738,0.28732,0.67917,0.9713,normalised
63.9736008644104,,,0.34161,0.33519,0,,,,,,,,,GP3,0.34161,0.33519,0.67917,0.9713,normalised
63.988115549087524,,,0.34161,0.33519,0,,,,,,,,,GP3,0.34161,0.33519,0.67917,0.9713,normalised
64.00772333145142,,,0.34161,0.33519,0,,,,,,,,,GP3,0.34161,0.33519,0.67917,0.9713,normalised
64.02408123016357,,,0.0,0.0,0,,,,,,,,,GP3,0.0,0.0,0.67917,0.9713,normalised
64.03864407539368,,,0.0,0.0,0,,,,,,,,,GP3,0.0,0.0,0.67917,0.9713,normalised
64.05435848236084,,,0.0,0.0,0,,,,,,,,,GP3,0.0,0.0,0.67917,0.9713,normalised
64.072030544281,,,0.0,0.0,0,,,,,,,,,GP3,0.0,0.0,0.67917,0.9713,normalised
64.0896508693695,,,0.0,0.0,0,,,,,,,,,GP3,0.0,0.0,0.67917,0.9713,normalised
64.10331749916077,,,0.0,0.0,0,,,,,,,,,GP3,0.0,0.0,0.67917,0.9713,normalised
64.1199963092804,,,0.0,0.0,0,,,,,,,,,GP3,0.0,0.0,0.67917,0.9713,normalised
64.13690066337585,,,0.0,0.0,0,,,,,,,,,GP3,0.0,0.0,0.67917,0.9713,normalised
64.15351963043213,,,0.0,0.0,0,,,,,,,,,GP3,0.0,0.0,0.67917,0.9713,normalised
64.1683361530304,,,0.0,0.0,0,,,,,,,,,GP3,0.0,0.0,0.67917,0.9713,normalised
64.18478655815125,,,0.0,0.0,0,,,,,,,,,GP3,0.0,0.0,0.67917,0.9713,normalised
64.2024986743927,,,0.0,0.0,0,,,,,,,,,GP3,0.0,0.0,0.67917,0.9713,normalised
64.2203323841095,,,0.0,0.0,0,,,,,,,,,GP3,0.0,0.0,0.67917,0.9713,normalised
64.2344913482666,,,0.31514,0.42379,0,,,,,,,,,GP3,0.31514,0.42379,0.67917,0.9713,normalised
64.24616718292236,,,0.31832,0.39068,0,,,,,,,,,GP3,0.31832,0.39068,0.67917,0.9713,normalised
64.26285600662231,,,0.42338,0.48871,0,,,,,,,,,GP3,0.42338,0.48871,0.67917,0.9713,normalised
64.28156328201294,,,0.36805,0.38479,0,,,,,,,,,GP3,0.36805,0.38479,0.67917,0.9713,normalised
64.29480576515198,,,0.35176,0.35524,0,,,,,,,,,GP3,0.35176,0.35524,0.67917,0.9713,normalised
64.31169843673706,,,0.31772,0.28647,0,,,,,,,,,GP3,0.31772,0.28647,0.67917,0.9713,normalised
64.32865500450134,,,0.31929,0.28292,0,,,,,,,,,GP3,0.31929,0.28292,0.67917,0.9713,normalised
64.34659433364868,,,0.31617,0.28088,0,,,,,,,,,GP3,0.31617,0.28088,0.67917,0.9713,normalised
64.36053466796875,,,0.31524,0.28121,1,,,,,,,,,GP3,0.31524,0.28121,0.67917,0.9713,normalised
64.37712216377258,,,0.31471,0.28158,1,,,,,,,,,GP3,0.31471,0.28158,0.67917,0.9713,normalised
64.39392066001892,,,0.32514,0.27923,1,,,,,,,,,GP3,0.32514,0.27923,0.67917,0.9713,normalised
64.40985894203186,,,0.33224,0.27093,1,,,,,,,,,GP3,0.33224,0.27093,0.67917,0.9713,normalised
64.42706561088562,,,0.33762,0.26505,1,,,,,,,,,GP3,0.33762,0.26505,0.67917,0.9713,normalised
64.4437096118927,,,0.34599,0.26577,1,,,,,,,,,GP3,0.34599,0.26577,0.67917,0.9713,normalised
64.459463596344,,,0.35297,0.2658,1,,,,,,,,,GP3,0.35297,0.2658,0.67917,0.9713,normalised
64.47308087348938,,,0.35875,0.2666,1,,,,,,,,,GP3,0.35875,0.2666,0.67917,0.9713,normalised
64.49051189422607,,,0.36494,0.26766,1,,,,,,,,,GP3,0.36494,0.26766,0.67917,0.9713,normalised
64.50524282455444,,,0.36997,0.26957,1,,,,,,,,,GP3,0.36997,0.26957,0.67917,0.9713,normalised
64.52275276184082,,,0.37429,0.27144,1,,,,,,,,,GP3,0.37429,0.27144,0.67917,0.9713,normalised
64.53943347930908,,,0.37816,0.27096,1,,,,,,,,,GP3,0.37816,0.27096,0.67917,0.9713,normalised
64.55506229400635,,,0.38109,0.2697,1,,,,,,,,,GP3,0.38109,0.2697,0.67917,0.9713,normalised
64.56950521469116,,,0.41232,0.2619,0,,,,,,,,,GP3,0.41232,0.2619,0.67917,0.9713,normalised
64.58712434768677,,,0.42413,0.249,0,,,,,,,,,GP3,0.42413,0.249,0.67917,0.9713,normalised
64.60489511489868,,,0.39655,0.2409,0,,,,,,,,,GP3,0.39655,0.2409,0.67917,0.9713,normalised
64.62232327461243,,,0.38269,0.23609,1,,,,,,,,,GP3,0.38269,0.23609,0.67917,0.9713,normalised
64.63547086715698,,,0.41332,0.24274,1,,,,,,,,,GP3,0.41332,0.24274,0.67917,0.9713,normalised
64.6528856754303,,,0.43394,0.24354,1,,,,,,,,,GP3,0.43394,0.24354,0.67917,0.9713,normalised
64.66749048233032,,,0.4487,0.24315,1,,,,,,,,,GP3,0.4487,0.24315,0.67917,0.9713,normalised
64.68493628501892,,,0.46244,0.24443,1,,,,,,,,,GP3,0.46244,0.24443,0.67917,0.9713,normalised
64.69963574409485,,,0.4735,0.24485,1,,,,,,,,,GP3,0.4735,0.24485,0.67917,0.9713,normalised
64.71716666221619,,,0.4823,0.24614,1,,,,,,,,,GP3,0.4823,0.24614,0.67917,0.9713,normalised
64.73408007621765,,,0.49081,0.24902,1,,,,,,,,,GP3,0.49081,0.24902,0.67917,0.9713,normalised
64.74879574775696,,,0.49894,0.25466,1,,,,,,,,,GP3,0.49894,0.25466,0.67917,0.9713,normalised
64.7663140296936,,,0.50575,0.26015,1,,,,,,,,,GP3,0.50575,0.26015,0.67917,0.9713,normalised
64.78146028518677,,,0.51138,0.26214,1,,,,,,,,,GP3,0.51138,0.26214,0.67917,0.9713,normalised
64.79898738861084,,,0.54719,0.26989,0,,,,,,,,,GP3,0.54719,0.26989,0.67917,0.9713,normalised
64.8138313293457,,,0.57168,0.28363,0,,,,,,,,,GP3,0.57168,0.28363,0.67917,0.9713,normalised
64.8314790725708,,,0.60735,0.30045,0,,,,,,,,,GP3,0.60735,0.30045,0.67917,0.9713,normalised
64.84519267082214,,,0.64942,0.31949,0,,,,,,,,,GP3,0.64942,0.31949,0.67917,0.9713,normalised
64.86326336860657,,,0.66015,0.33035,0,,,,,,,,,GP3,0.66015,0.33035,0.67917,0.9713,normalised
64.87784385681152,,,0.66461,0.34109,0,,,,,,,,,GP3,0.66461,0.34109,0.67917,0.9713,normalised
64.8954541683197,,,0.66896,0.34807,1,,,,,,,,,GP3,0.66896,0.34807,0.67917,0.9713,normalised
64.91070413589478,,,0.67148,0.3528,1,,,,,,,,,GP3,0.67148,0.3528,0.67917,0.9713,normalised
64.92727208137512,,,0.67285,0.3553,1,,,,,,,,,GP3,0.67285,0.3553,0.67917,0.9713,normalised
64.94361877441406,,,0.67387,0.35494,1,,,,,,,,,GP3,0.67387,0.35494,0.67917,0.9713,normalised
64.96045923233032,,,0.67488,0.35333,1,,,,,,,,,GP3,0.67488,0.35333,0.67917,0.9713,normalised
64.97463965415955,,,0.6719,0.35052,1,,,,,,,,,GP3,0.6719,0.35052,0.67917,0.9713,normalised
64.9921567440033,,,0.66884,0.34819,1,,,,,,,,,GP3,0.66884,0.34819,0.67917,0.9713,normalised
65.00685787200928,,,0.66633,0.34628,1,,,,,,,,,GP3,0.66633,0.34628,0.67917,0.9713,normalised
65.02360129356384,,,0.66542,0.34339,1,,,,,,,,,GP3,0.66542,0.34339,0.67917,0.9713,normalised
65.03907585144043,,,0.66334,0.3427,1,,,,,,,,,GP3,0.66334,0.3427,0.67917,0.9713,normalised
65.05659461021423,,,0.66157,0.3421,1,,,,,,,,,GP3,0.66157,0.3421,0.67917,0.9713,normalised
65.0718023777008,,,0.66018,0.3401,1,,,,,,,,,GP3,0.66018,0.3401,0.67917,0.9713,normalised
65.08830118179321,,,0.65901,0.33876,1,,,,,,,,,GP3,0.65901,0.33876,0.67917,0.9713,normalised
65.1059935092926,,,0.65797,0.33758,1,,,,,,,,,GP3,0.65797,0.33758,0.67917,0.9713,normalised
65.12040185928345,,,0.65731,0.33829,1,,,,,,,,,GP3,0.65731,0.33829,0.67917,0.9713,normalised
65.1374020576477,,,0.65642,0.33755,1,,,,,,,,,GP3,0.65642,0.33755,0.67917,0.9713,normalised
65.15300989151001,,,0.65562,0.33689,1,,,,,,,,,GP3,0.65562,0.33689,0.67917,0.9713,normalised
65.17057204246521,,,0.65494,0.33731,1,,,,,,,,,GP3,0.65494,0.33731,0.67917,0.9713,normalised
65.18429327011108,,,0.65414,0.33666,1,,,,,,,,,GP3,0.65414,0.33666,0.67917,0.9713,normalised
65.20087313652039,,,0.65341,0.33608,1,,,,,,,,,GP3,0.65341,0.33608,0.67917,0.9713,normalised
65.2203459739685,,,0.65275,0.33552,1,,,,,,,,,GP3,0.65275,0.33552,0.67917,0.9713,normalised
65.23646259307861,,,0.6523,0.33492,1,,,,,,,,,GP3,0.6523,0.33492,0.67917,0.9713,normalised
65.25166916847229,,,0.65194,0.334,1,,,,,,,,,GP3,0.65194,0.334,0.67917,0.9713,normalised
65.26570653915405,,,0.65098,0.33285,1,,,,,,,,,GP3,0.65098,0.33285,0.67917,0.9713,normalised
65.28278636932373,,,0.65099,0.3306,1,,,,,,,,,GP3,0.65099,0.3306,0.67917,0.9713,normalised
65.3001160621643,,,0.651,0.3284,1,,,,,,,,,GP3,0.651,0.3284,0.67917,0.9713,normalised
65.31590437889099,,,0.65052,0.3276,1,,,,,,,,,GP3,0.65052,0.3276,0.67917,0.9713,normalised
65.33283591270447,,,0.65,0.32736,1,,,,,,,,,GP3,0.65,0.32736,0.67917,0.9713,normalised
65.34660053253174,,,0.64942,0.32776,1,,,,,,,,,GP3,0.64942,0.32776,0.67917,0.9713,normalised
65.36399507522583,,,0.64889,0.32845,1,,,,,,,,,GP3,0.64889,0.32845,0.67917,0.9713,normalised
65.37898254394531,,,0.64848,0.32932,1,,,,,,,,,GP3,0.64848,0.32932,0.67917,0.9713,normalised
65.39739394187927,,,0.64804,0.33045,1,,,,,,,,,GP3,0.64804,0.33045,0.67917,0.9713,normalised
65.41109418869019,,,0.6476,0.33201,1,,,,,,,,,GP3,0.6476,0.33201,0.67917,0.9713,normalised
65.4276294708252,,,0.64696,0.33365,1,,,,,,,,,GP3,0.64696,0.33365,0.67917,0.9713,normalised
65.44334721565247,,,0.64641,0.33475,1,,,,,,,,,GP3,0.64641,0.33475,0.67917,0.9713,normalised
65.4614143371582,,,0.64617,0.33451,1,,,,,,,,,GP3,0.64617,0.33451,0.67917,0.9713,normalised
65.47805619239807,,,0.64608,0.33335,1,,,,,,,,,GP3,0.64608,0.33335,0.67917,0.9713,normalised
65.4919364452362,,,0.64607,0.33167,1,,,,,,,,,GP3,0.64607,0.33167,0.67917,0.9713,normalised
65.50953125953674,,,0.64586,0.33016,1,,,,,,,,,GP3,0.64586,0.33016,0.67917,0.9713,normalised
65.52584528923035,,,0.64563,0.32905,1,,,,,,,,,GP3,0.64563,0.32905,0.67917,0.9713,normalised
65.5415096282959,,,0.64541,0.32799,1,,,,,,,,,GP3,0.64541,0.32799,0.67917,0.9713,normalised
65.55670380592346,,,0.64528,0.32645,1,,,,,,,,,GP3,0.64528,0.32645,0.67917,0.9713,normalised
65.57437992095947,,,0.64532,0.32504,1,,,,,,,,,GP3,0.64532,0.32504,0.67917,0.9713,normalised
65.58907675743103,,,0.64536,0.32368,1,,,,,,,,,GP3,0.64536,0.32368,0.67917,0.9713,normalised
65.60653448104858,,,0.63877,0.29331,0,,,,,,,,,GP3,0.63877,0.29331,0.67917,0.9713,normalised
65.62239098548889,,,0.64033,0.28607,0,,,,,,,,,GP3,0.64033,0.28607,0.67917,0.9713,normalised
65.63948154449463,,,0.64045,0.28672,0,,,,,,,,,GP3,0.64045,0.28672,0.67917,0.9713,normalised
65.65646624565125,,,0.63948,0.29255,1,,,,,,,,,GP3,0.63948,0.29255,0.67917,0.9713,normalised
65.67098951339722,,,0.64,0.28817,1,,,,,,,,,GP3,0.64,0.28817,0.67917,0.9713,normalised
65.69113826751709,,,0.64008,0.28735,1,,,,,,,,,GP3,0.64008,0.28735,0.67917,0.9713,normalised
65.70267844200134,,,0.64009,0.28644,1,,,,,,,,,GP3,0.64009,0.28644,0.67917,0.9713,normalised
65.71847248077393,,,0.63918,0.28638,1,,,,,,,,,GP3,0.63918,0.28638,0.67917,0.9713,normalised
65.73614478111267,,,0.63835,0.28731,1,,,,,,,,,GP3,0.63835,0.28731,0.67917,0.9713,normalised
65.75377082824707,,,0.63827,0.28955,1,,,,,,,,,GP3,0.63827,0.28955,0.67917,0.9713,normalised
65.76754665374756,,,0.6383,0.2947,1,,,,,,,,,GP3,0.6383,0.2947,0.67917,0.9713,normalised
65.78335475921631,,,0.6384,0.29842,1,,,,,,,,,GP3,0.6384,0.29842,0.67917,0.9713,normalised
65.79991745948792,,,0.63899,0.29905,1,,,,,,,,,GP3,0.63899,0.29905,0.67917,0.9713,normalised
65.81752181053162,,,0.63871,0.29761,1,,,,,,,,,GP3,0.63871,0.29761,0.67917,0.9713,normalised
65.83113813400269,,,0.63867,0.29479,1,,,,,,,,,GP3,0.63867,0.29479,0.67917,0.9713,normalised
65.84756445884705,,,0.6388,0.29186,1,,,,,,,,,GP3,0.6388,0.29186,0.67917,0.9713,normalised
65.86349129676819,,,0.63876,0.29031,1,,,,,,,,,GP3,0.63876,0.29031,0.67917,0.9713,normalised
65.88113236427307,,,0.6386,0.28992,1,,,,,,,,,GP3,0.6386,0.28992,0.67917,0.9713,normalised
65.89586997032166,,,0.63858,0.28999,1,,,,,,,,,GP3,0.63858,0.28999,0.67917,0.9713,normalised
65.91251826286316,,,0.63835,0.29086,1,,,,,,,,,GP3,0.63835,0.29086,0.67917,0.9713,normalised
65.92974066734314,,,0.6381,0.29192,1,,,,,,,,,GP3,0.6381,0.29192,0.67917,0.9713,normalised
65.9442663192749,,,0.63852,0.29176,1,,,,,,,,,GP3,0.63852,0.29176,0.67917,0.9713,normalised
65.96120762825012,,,0.63918,0.29063,1,,,,,,,,,GP3,0.63918,0.29063,0.67917,0.9713,normalised
65.9777045249939,,,0.63993,0.2886,1,,,,,,,,,GP3,0.63993,0.2886,0.67917,0.9713,normalised
65.99530529975891,,,0.64027,0.28697,1,,,,,,,,,GP3,0.64027,0.28697,0.67917,0.9713,normalised
66.01285433769226,,,0.6408,0.28547,1,,,,,,,,,GP3,0.6408,0.28547,0.67917,0.9713,normalised
66.0268566608429,,,0.64121,0.28475,1,,,,,,,,,GP3,0.64121,0.28475,0.67917,0.9713,normalised
66.04330205917358,,,0.64125,0.2845,1,,,,,,,,,GP3,0.64125,0.2845,0.67917,0.9713,normalised
66.05986547470093,,,0.64108,0.28635,1,,,,,,,,,GP3,0.64108,0.28635,0.67917,0.9713,normalised
66.0762300491333,,,0.6409,0.28827,1,,,,,,,,,GP3,0.6409,0.28827,0.67917,0.9713,normalised
66.09081625938416,,,0.64091,0.28904,1,,,,,,,,,GP3,0.64091,0.28904,0.67917,0.9713,normalised
66.10850143432617,,,0.64125,0.28862,1,,,,,,,,,GP3,0.64125,0.28862,0.67917,0.9713,normalised
66.12321448326111,,,0.6416,0.28805,1,,,,,,,,,GP3,0.6416,0.28805,0.67917,0.9713,normalised
66.14101147651672,,,0.64205,0.28829,1,,,,,,,,,GP3,0.64205,0.28829,0.67917,0.9713,normalised
66.15552139282227,,,0.64221,0.28939,1,,,,,,,,,GP3,0.64221,0.28939,0.67917,0.9713,normalised
66.17347145080566,,,0.64234,0.29058,1,,,,,,,,,GP3,0.64234,0.29058,0.67917,0.9713,normalised
66.1877236366272,,,0.64238,0.29068,1,,,,,,,,,GP3,0.64238,0.29068,0.67917,0.9713,normalised
66.20590806007385,,,0.64261,0.29016,1,,,,,,,,,GP3,0.64261,0.29016,0.67917,0.9713,normalised
66.22034621238708,,,0.64287,0.28931,1,,,,,,,,,GP3,0.64287,0.28931,0.67917,0.9713,normalised
66.23661947250366,,,0.6429,0.28862,1,,,,,,,,,GP3,0.6429,0.28862,0.67917,0.9713,normalised
66.25431084632874,,,0.64312,0.2887,1,,,,,,,,,GP3,0.64312,0.2887,0.67917,0.9713,normalised
66.26793909072876,,,0.64329,0.28907,1,,,,,,,,,GP3,0.64329,0.28907,0.67917,0.9713,normalised
66.28400135040283,,,0.64353,0.28958,1,,,,,,,,,GP3,0.64353,0.28958,0.67917,0.9713,normalised
66.30348324775696,,,0.64379,0.28995,1,,,,,,,,,GP3,0.64379,0.28995,0.67917,0.9713,normalised
66.31622648239136,,,0.64404,0.2903,1,,,,,,,,,GP3,0.64404,0.2903,0.67917,0.9713,normalised
66.33438301086426,,,0.64419,0.29067,1,,,,,,,,,GP3,0.64419,0.29067,0.67917,0.9713,normalised
66.3508563041687,,,0.6443,0.29088,1,,,,,,,,,GP3,0.6443,0.29088,0.67917,0.9713,normalised
66.3675799369812,,,0.64437,0.29125,1,,,,,,,,,GP3,0.64437,0.29125,0.67917,0.9713,normalised
66.38259434700012,,,0.64468,0.29189,1,,,,,,,,,GP3,0.64468,0.29189,0.67917,0.9713,normalised
66.40114998817444,,,0.645,0.29324,1,,,,,,,,,GP3,0.645,0.29324,0.67917,0.9713,normalised
66.41467833518982,,,0.64534,0.29445,1,,,,,,,,,GP3,0.64534,0.29445,0.67917,0.9713,normalised
66.43003940582275,,,0.64549,0.29461,1,,,,,,,,,GP3,0.64549,0.29461,0.67917,0.9713,normalised
66.4486026763916,,,0.64536,0.29528,1,,,,,,,,,GP3,0.64536,0.29528,0.67917,0.9713,normalised
66.4632215499878,,,0.64528,0.29563,1,,,,,,,,,GP3,0.64528,0.29563,0.67917,0.9713,normalised
66.47817897796631,,,0.64565,0.29648,1,,,,,,,,,GP3,0.64565,0.29648,0.67917,0.9713,normalised
66.49582648277283,,,0.64597,0.2975,1,,,,,,,,,GP3,0.64597,0.2975,0.67917,0.9713,normalised
66.51325416564941,,,0.64631,0.2984,1,,,,,,,,,GP3,0.64631,0.2984,0.67917,0.9713,normalised
66.52771806716919,,,0.64648,0.29867,1,,,,,,,,,GP3,0.64648,0.29867,0.67917,0.9713,normalised
66.54577827453613,,,0.64657,0.29765,1,,,,,,,,,GP3,0.64657,0.29765,0.67917,0.9713,normalised
66.55979204177856,,,0.64669,0.29633,1,,,,,,,,,GP3,0.64669,0.29633,0.67917,0.9713,normalised
66.57567095756531,,,0.64659,0.29612,1,,,,,,,,,GP3,0.64659,0.29612,0.67917,0.9713,normalised
66.59266185760498,,,0.64681,0.29573,1,,,,,,,,,GP3,0.64681,0.29573,0.67917,0.9713,normalised
66.61007738113403,,,0.64694,0.29596,1,,,,,,,,,GP3,0.64694,0.29596,0.67917,0.9713,normalised
66.6246988773346,,,0.64678,0.29717,1,,,,,,,,,GP3,0.64678,0.29717,0.67917,0.9713,normalised
66.64053106307983,,,0.64677,0.29786,1,,,,,,,,,GP3,0.64677,0.29786,0.67917,0.9713,normalised
66.6571352481842,,,0.64675,0.29868,1,,,,,,,,,GP3,0.64675,0.29868,0.67917,0.9713,normalised
66.67309069633484,,,0.64677,0.30033,1,,,,,,,,,GP3,0.64677,0.30033,0.67917,0.9713,normalised
66.68978142738342,,,0.64703,0.30128,1,,,,,,,,,GP3,0.64703,0.30128,0.67917,0.9713,normalised
66.70723390579224,,,0.64734,0.30194,1,,,,,,,,,GP3,0.64734,0.30194,0.67917,0.9713,normalised
66.72329545021057,,,0.6472,0.30285,1,,,,,,,,,GP3,0.6472,0.30285,0.67917,0.9713,normalised
66.73741292953491,,,0.6472,0.30359,1,,,,,,,,,GP3,0.6472,0.30359,0.67917,0.9713,normalised
66.75436687469482,,,0.64716,0.30459,1,,,,,,,,,GP3,0.64716,0.30459,0.67917,0.9713,normalised
66.77187156677246,,,0.64692,0.30564,1,,,,,,,,,GP3,0.64692,0.30564,0.67917,0.9713,normalised
66.78674578666687,,,0.64677,0.30682,1,,,,,,,,,GP3,0.64677,0.30682,0.67917,0.9713,normalised
66.80256772041321,,,0.64667,0.30762,1,,,,,,,,,GP3,0.64667,0.30762,0.67917,0.9713,normalised
66.8185498714447,,,0.64694,0.3084,1,,,,,,,,,GP3,0.64694,0.3084,0.67917,0.9713,normalised
66.83471918106079,,,0.64708,0.30828,1,,,,,,,,,GP3,0.64708,0.30828,0.67917,0.9713,normalised
66.85024523735046,,,0.64723,0.30804,1,,,,,,,,,GP3,0.64723,0.30804,0.67917,0.9713,normalised
66.86977505683899,,,0.64727,0.30775,1,,,,,,,,,GP3,0.64727,0.30775,0.67917,0.9713,normalised
66.88431406021118,,,0.64716,0.30864,1,,,,,,,,,GP3,0.64716,0.30864,0.67917,0.9713,normalised
66.8991322517395,,,0.64703,0.30965,1,,,,,,,,,GP3,0.64703,0.30965,0.67917,0.9713,normalised
66.91634440422058,,,0.64683,0.30969,1,,,,,,,,,GP3,0.64683,0.30969,0.67917,0.9713,normalised
66.93129205703735,,,0.64677,0.30939,1,,,,,,,,,GP3,0.64677,0.30939,0.67917,0.9713,normalised
66.94780254364014,,,0.64671,0.30915,1,,,,,,,,,GP3,0.64671,0.30915,0.67917,0.9713,normalised
66.96386384963989,,,0.64676,0.3096,1,,,,,,,,,GP3,0.64676,0.3096,0.67917,0.9713,normalised
66.98227953910828,,,0.64666,0.31086,1,,,,,,,,,GP3,0.64666,0.31086,0.67917,0.9713,normalised
66.99639868736267,,,0.64648,0.31264,1,,,,,,,,,GP3,0.64648,0.31264,0.67917,0.9713,normalised
67.01396942138672,,,0.64634,0.31422,1,,,,,,,,,GP3,0.64634,0.31422,0.67917,0.9713,normalised
67.02891206741333,,,0.64608,0.31526,1,,,,,,,,,GP3,0.64608,0.31526,0.67917,0.9713,normalised
67.04649186134338,,,0.64586,0.31604,1,,,,,,,,,GP3,0.64586,0.31604,0.67917,0.9713,normalised
67.0614562034607,,,0.64528,0.31745,1,,,,,,,,,GP3,0.64528,0.31745,0.67917,0.9713,normalised
67.07883763313293,,,0.64489,0.31894,1,,,,,,,,,GP3,0.64489,0.31894,0.67917,0.9713,normalised
67.09296226501465,,,0.6445,0.32042,1,,,,,,,,,GP3,0.6445,0.32042,0.67917,0.9713,normalised
67.11212825775146,,,0.64436,0.32099,1,,,,,,,,,GP3,0.64436,0.32099,0.67917,0.9713,normalised
67.12662672996521,,,0.64411,0.32189,1,,,,,,,,,GP3,0.64411,0.32189,0.67917,0.9713,normalised
67.14114785194397,,,0.64389,0.32261,1,,,,,,,,,GP3,0.64389,0.32261,0.67917,0.9713,normalised
67.1607575416565,,,0.63877,0.35113,0,,,,,,,,,GP3,0.63877,0.35113,0.67917,0.9713,normalised
67.17477321624756,,,0.63415,0.34337,0,,,,,,,,,GP3,0.63415,0.34337,0.67917,0.9713,normalised
67.18990111351013,,,0.63261,0.34079,0,,,,,,,,,GP3,0.63261,0.34079,0.67917,0.9713,normalised
67.20741987228394,,,0.63456,0.3421,1,,,,,,,,,GP3,0.63456,0.3421,0.67917,0.9713,normalised
67.22355818748474,,,0.63125,0.35075,1,,,,,,,,,GP3,0.63125,0.35075,0.67917,0.9713,normalised
67.23957443237305,,,0.62954,0.35249,1,,,,,,,,,GP3,0.62954,0.35249,0.67917,0.9713,normalised
67.25722551345825,,,0.61682,0.36267,1,,,,,,,,,GP3,0.61682,0.36267,0.67917,0.9713,normalised
67.27028894424438,,,0.60994,0.36081,1,,,,,,,,,GP3,0.60994,0.36081,0.67917,0.9713,normalised
67.28772473335266,,,0.60467,0.35726,1,,,,,,,,,GP3,0.60467,0.35726,0.67917,0.9713,normalised
67.30467700958252,,,0.58705,0.37642,1,,,,,,,,,GP3,0.58705,0.37642,0.67917,0.9713,normalised
67.32227087020874,,,0.57359,0.39015,1,,,,,,,,,GP3,0.57359,0.39015,0.67917,0.9713,normalised
67.33610153198242,,,0.56248,0.40284,1,,,,,,,,,GP3,0.56248,0.40284,0.67917,0.9713,normalised
67.35280585289001,,,0.55257,0.41449,1,,,,,,,,,GP3,0.55257,0.41449,0.67917,0.9713,normalised
67.36884880065918,,,0.54401,0.42496,1,,,,,,,,,GP3,0.54401,0.42496,0.67917,0.9713,normalised
67.38646388053894,,,0.51254,0.45698,0,,,,,,,,,GP3,0.51254,0.45698,0.67917,0.9713,normalised
67.40120887756348,,,0.46213,0.50624,0,,,,,,,,,GP3,0.46213,0.50624,0.67917,0.9713,normalised
67.41862607002258,,,0.4419,0.53074,0,,,,,,,,,GP3,0.4419,0.53074,0.67917,0.9713,normalised
67.43273401260376,,,0.40509,0.57308,0,,,,,,,,,GP3,0.40509,0.57308,0.67917,0.9713,normalised
67.45018291473389,,,0.41215,0.58811,0,,,,,,,,,GP3,0.41215,0.58811,0.67917,0.9713,normalised
67.46512866020203,,,0.42446,0.57511,0,,,,,,,,,GP3,0.42446,0.57511,0.67917,0.9713,normalised
67.48091387748718,,,0.43071,0.56916,1,,,,,,,,,GP3,0.43071,0.56916,0.67917,0.9713,normalised
67.4989881515503,,,0.40106,0.58794,1,,,,,,,,,GP3,0.40106,0.58794,0.67917,0.9713,normalised
67.51692199707031,,,0.38823,0.60562,1,,,,,,,,,GP3,0.38823,0.60562,0.67917,0.9713,normalised
67.5305757522583,,,0.37898,0.61802,1,,,,,,,,,GP3,0.37898,0.61802,0.67917,0.9713,normalised
67.54814124107361,,,0.37013,0.62787,1,,,,,,,,,GP3,0.37013,0.62787,0.67917,0.9713,normalised
67.56291723251343,,,0.36459,0.63447,1,,,,,,,,,GP3,0.36459,0.63447,0.67917,0.9713,normalised
67.57948327064514,,,0.36027,0.64009,1,,,,,,,,,GP3,0.36027,0.64009,0.67917,0.9713,normalised
67.59559965133667,,,0.35623,0.64607,1,,,,,,,,,GP3,0.35623,0.64607,0.67917,0.9713,normalised
67.61308431625366,,,0.35424,0.65065,1,,,,,,,,,GP3,0.35424,0.65065,0.67917,0.9713,normalised
67.62765979766846,,,0.35256,0.65452,1,,,,,,,,,GP3,0.35256,0.65452,0.67917,0.9713,normalised
67.64365673065186,,,0.34835,0.65535,1,,,,,,,,,GP3,0.34835,0.65535,0.67917,0.9713,normalised
67.66118097305298,,,0.32478,0.6812,0,,,,,,,,,GP3,0.32478,0.6812,0.67917,0.9713,normalised
67.6758918762207,,,0.30934,0.70306,0,,,,,,,,,GP3,0.30934,0.70306,0.67917,0.9713,normalised
67.69476914405823,,,0.30684,0.70558,0,,,,,,,,,GP3,0.30684,0.70558,0.67917,0.9713,normalised
67.70940470695496,,,0.30951,0.70623,1,,,,,,,,,GP3,0.30951,0.70623,0.67917,0.9713,normalised
67.72516083717346,,,0.31047,0.7048,1,,,,,,,,,GP3,0.31047,0.7048,0.67917,0.9713,normalised
67.74298214912415,,,0.3133,0.69891,1,,,,,,,,,GP3,0.3133,0.69891,0.67917,0.9713,normalised
67.75884199142456,,,0.31358,0.69489,1,,,,,,,,,GP3,0.31358,0.69489,0.67917,0.9713,normalised
67.77226233482361,,,0.3135,0.69101,1,,,,,,,,,GP3,0.3135,0.69101,0.67917,0.9713,normalised
67.7928569316864,,,0.31438,0.68474,1,,,,,,,,,GP3,0.31438,0.68474,0.67917,0.9713,normalised
67.80729985237122,,,0.31623,0.67975,1,,,,,,,,,GP3,0.31623,0.67975,0.67917,0.9713,normalised
67.82096600532532,,,0.31785,0.67604,1,,,,,,,,,GP3,0.31785,0.67604,0.67917,0.9713,normalised
67.83904910087585,,,0.31623,0.6744,1,,,,,,,,,GP3,0.31623,0.6744,0.67917,0.9713,normalised
67.85644602775574,,,0.31566,0.67281,1,,,,,,,,,GP3,0.31566,0.67281,0.67917,0.9713,normalised
67.87215852737427,,,0.31526,0.6717,1,,,,,,,,,GP3,0.31526,0.6717,0.67917,0.9713,normalised
67.88781976699829,,,0.31578,0.67142,1,,,,,,,,,GP3,0.31578,0.67142,0.67917,0.9713,normalised
67.90482234954834,,,0.31503,0.67027,1,,,,,,,,,GP3,0.31503,0.67027,0.67917,0.9713,normalised
67.92233347892761,,,0.31432,0.66913,1,,,,,,,,,GP3,0.31432,0.66913,0.67917,0.9713,normalised
67.93634247779846,,,0.31425,0.66909,1,,,,,,,,,GP3,0.31425,0.66909,0.67917,0.9713,normalised
67.95371508598328,,,0.31393,0.66798,1,,,,,,,,,GP3,0.31393,0.66798,0.67917,0.9713,normalised
67.96743488311768,,,0.31361,0.66687,1,,,,,,,,,GP3,0.31361,0.66687,0.67917,0.9713,normalised
67.98553133010864,,,0.31337,0.66776,1,,,,,,,,,GP3,0.31337,0.66776,0.67917,0.9713,normalised
68.00291585922241,,,0.31352,0.66786,1,,,,,,,,,GP3,0.31352,0.66786,0.67917,0.9713,normalised
68.01663708686829,,,0.31377,0.66828,1,,,,,,,,,GP3,0.31377,0.66828,0.67917,0.9713,normalised
68.03464865684509,,,0.31434,0.66938,1,,,,,,,,,GP3,0.31434,0.66938,0.67917,0.9713,normalised
68.05053687095642,,,0.315,0.67046,1,,,,,,,,,GP3,0.315,0.67046,0.67917,0.9713,normalised
68.06709575653076,,,0.31558,0.67139,1,,,,,,,,,GP3,0.31558,0.67139,0.67917,0.9713,normalised
68.08244204521179,,,0.31584,0.67208,1,,,,,,,,,GP3,0.31584,0.67208,0.67917,0.9713,normalised
68.09897804260254,,,0.31599,0.67278,1,,,,,,,,,GP3,0.31599,0.67278,0.67917,0.9713,normalised
68.1151180267334,,,0.31615,0.67348,1,,,,,,,,,GP3,0.31615,0.67348,0.67917,0.9713,normalised
68.13152384757996,,,0.31628,0.67439,1,,,,,,,,,GP3,0.31628,0.67439,0.67917,0.9713,normalised
68.14605116844177,,,0.3158,0.67524,1,,,,,,,,,GP3,0.3158,0.67524,0.67917,0.9713,normalised
68.16252779960632,,,0.31534,0.67599,1,,,,,,,,,GP3,0.31534,0.67599,0.67917,0.9713,normalised
68.17917132377625,,,0.31563,0.67652,1,,,,,,,,,GP3,0.31563,0.67652,0.67917,0.9713,normalised
68.19520735740662,,,0.31572,0.67697,1,,,,,,,,,GP3,0.31572,0.67697,0.67917,0.9713,normalised
68.2117350101471,,,0.31576,0.67729,1,,,,,,,,,GP3,0.31576,0.67729,0.67917,0.9713,normalised
68.22636008262634,,,0.31602,0.67711,1,,,,,,,,,GP3,0.31602,0.67711,0.67917,0.9713,normalised
68.245361328125,,,0.31604,0.67697,1,,,,,,,,,GP3,0.31604,0.67697,0.67917,0.9713,normalised
68.25898551940918,,,0.31608,0.67688,1,,,,,,,,,GP3,0.31608,0.67688,0.67917,0.9713,normalised
68.27651000022888,,,0.31612,0.67747,1,,,,,,,,,GP3,0.31612,0.67747,0.67917,0.9713,normalised
68.29102325439453,,,0.31594,0.67788,1,,,,,,,,,GP3,0.31594,0.67788,0.67917,0.9713,normalised
68.30862736701965,,,0.31582,0.67841,1,,,,,,,,,GP3,0.31582,0.67841,0.67917,0.9713,normalised
68.32614541053772,,,0.31582,0.67901,1,,,,,,,,,GP3,0.31582,0.67901,0.67917,0.9713,normalised
68.34198927879333,,,0.31591,0.67951,1,,,,,,,,,GP3,0.31591,0.67951,0.67917,0.9713,normalised
68.35641765594482,,,0.316,0.68002,1,,,,,,,,,GP3,0.316,0.68002,0.67917,0.9713,normalised
68.37283706665039,,,0.31619,0.68049,1,,,,,,,,,GP3,0.31619,0.68049,0.67917,0.9713,normalised
68.3897442817688,,,0.31633,0.68128,1,,,,,,,,,GP3,0.31633,0.68128,0.67917,0.9713,normalised
68.40595722198486,,,0.31644,0.68197,1,,,,,,,,,GP3,0.31644,0.68197,0.67917,0.9713,normalised
68.4225058555603,,,0.31667,0.68227,1,,,,,,,,,GP3,0.31667,0.68227,0.67917,0.9713,normalised
68.43865513801575,,,0.31673,0.68265,1,,,,,,,,,GP3,0.31673,0.68265,0.67917,0.9713,normalised
68.45516705513,,,0.31743,0.68213,1,,,,,,,,,GP3,0.31743,0.68213,0.67917,0.9713,normalised
68.47183060646057,,,0.3178,0.68208,1,,,,,,,,,GP3,0.3178,0.68208,0.67917,0.9713,normalised
68.48625493049622,,,0.31798,0.68187,1,,,,,,,,,GP3,0.31798,0.68187,0.67917,0.9713,normalised
68.50297331809998,,,0.31823,0.68184,1,,,,,,,,,GP3,0.31823,0.68184,0.67917,0.9713,normalised
68.52076268196106,,,0.3181,0.68211,1,,,,,,,,,GP3,0.3181,0.68211,0.67917,0.9713,normalised
68.53594017028809,,,0.31814,0.68237,1,,,,,,,,,GP3,0.31814,0.68237,0.67917,0.9713,normalised
68.55246233940125,,,0.31821,0.6827,1,,,,,,,,,GP3,0.31821,0.6827,0.67917,0.9713,normalised
68.56635332107544,,,0.31811,0.68327,1,,,,,,,,,GP3,0.31811,0.68327,0.67917,0.9713,normalised
68.58320546150208,,,0.3178,0.68379,1,,,,,,,,,GP3,0.3178,0.68379,0.67917,0.9713,normalised
68.60000419616699,,,0.31748,0.68428,1,,,,,,,,,GP3,0.31748,0.68428,0.67917,0.9713,normalised
68.61581802368164,,,0.31798,0.68457,1,,,,,,,,,GP3,0.31798,0.68457,0.67917,0.9713,normalised
68.63093638420105,,,0.31843,0.6851,1,,,,,,,,,GP3,0.31843,0.6851,0.67917,0.9713,normalised
68.64847326278687,,,0.31883,0.6855,1,,,,,,,,,GP3,0.31883,0.6855,0.67917,0.9713,normalised
68.66519069671631,,,0.31884,0.68538,1,,,,,,,,,GP3,0.31884,0.68538,0.67917,0.9713,normalised
68.68058848381042,,,0.31922,0.68521,1,,,,,,,,,GP3,0.31922,0.68521,0.67917,0.9713,normalised
68.69731879234314,,,0.31957,0.6849,1,,,,,,,,,GP3,0.31957,0.6849,0.67917,0.9713,normalised
68.71442556381226,,,0.31952,0.68497,1,,,,,,,,,GP3,0.31952,0.68497,0.67917,0.9713,normalised
68.72683453559875,,,0.31979,0.68554,1,,,,,,,,,GP3,0.31979,0.68554,0.67917,0.9713,normalised
68.74386143684387,,,0.32011,0.68623,1,,,,,,,,,GP3,0.32011,0.68623,0.67917,0.9713,normalised
68.76293683052063,,,0.32074,0.68554,1,,,,,,,,,GP3,0.32074,0.68554,0.67917,0.9713,normalised
68.77679944038391,,,0.32084,0.68516,1,,,,,,,,,GP3,0.32084,0.68516,0.67917,0.9713,normalised
68.7943103313446,,,0.32088,0.68463,1,,,,,,,,,GP3,0.32088,0.68463,0.67917,0.9713,normalised
68.8119375705719,,,0.3208,0.68352,1,,,,,,,,,GP3,0.3208,0.68352,0.67917,0.9713,normalised
68.82559013366699,,,0.32088,0.68257,1,,,,,,,,,GP3,0.32088,0.68257,0.67917,0.9713,normalised
68.84210109710693,,,0.32451,0.65567,0,,,,,,,,,GP3,0.32451,0.65567,0.67917,0.9713,normalised
68.85842323303223,,,0.3288,0.65868,0,,,,,,,,,GP3,0.3288,0.65868,0.67917,0.9713,normalised
68.87494707107544,,,0.32651,0.66403,0,,,,,,,,,GP3,0.32651,0.66403,0.67917,0.9713,normalised
68.89217495918274,,,0.32566,0.66757,1,,,,,,,,,GP3,0.32566,0.66757,0.67917,0.9713,normalised
68.90629267692566,,,0.32494,0.6683,1,,,,,,,,,GP3,0.32494,0.6683,0.67917,0.9713,normalised
68.92299509048462,,,0.32501,0.66881,1,,,,,,,,,GP3,0.32501,0.66881,0.67917,0.9713,normalised
68.93807697296143,,,0.32506,0.66917,1,,,,,,,,,GP3,0.32506,0.66917,0.67917,0.9713,normalised
68.95603108406067,,,0.32375,0.6707,1,,,,,,,,,GP3,0.32375,0.6707,0.67917,0.9713,normalised
68.97474145889282,,,0.32514,0.6706,1,,,,,,,,,GP3,0.32514,0.6706,0.67917,0.9713,normalised
68.98736596107483,,,0.32625,0.67051,1,,,,,,,,,GP3,0.32625,0.67051,0.67917,0.9713,normalised
69.00498127937317,,,0.32608,0.6702,1,,,,,,,,,GP3,0.32608,0.6702,0.67917,0.9713,normalised
69.02216386795044,,,0.32604,0.67077,1,,,,,,,,,GP3,0.32604,0.67077,0.67917,0.9713,normalised
69.0365571975708,,,0.3261,0.67153,1,,,,,,,,,GP3,0.3261,0.67153,0.67917,0.9713,normalised
69.05419564247131,,,0.32666,0.67077,1,,,,,,,,,GP3,0.32666,0.67077,0.67917,0.9713,normalised
69.06780338287354,,,0.32678,0.67185,1,,,,,,,,,GP3,0.32678,0.67185,0.67917,0.9713,normalised
69.0838098526001,,,0.32688,0.67279,1,,,,,,,,,GP3,0.32688,0.67279,0.67917,0.9713,normalised
69.10153293609619,,,0.32593,0.67351,1,,,,,,,,,GP3,0.32593,0.67351,0.67917,0.9713,normalised
69.11607837677002,,,0.32489,0.67276,1,,,,,,,,,GP3,0.32489,0.67276,0.67917,0.9713,normalised
69.13304543495178,,,0.3239,0.6719,1,,,,,,,,,GP3,0.3239,0.6719,0.67917,0.9713,normalised
69.15000820159912,,,0.32374,0.6724,1,,,,,,,,,GP3,0.32374,0.6724,0.67917,0.9713,normalised
69.16789054870605,,,0.32342,0.67142,1,,,,,,,,,GP3,0.32342,0.67142,0.67917,0.9713,normalised
69.18135046958923,,,0.32315,0.67062,1,,,,,,,,,GP3,0.32315,0.67062,0.67917,0.9713,normalised
69.19882130622864,,,0.32292,0.67057,1,,,,,,,,,GP3,0.32292,0.67057,0.67917,0.9713,normalised
69.2146737575531,,,0.32288,0.67001,1,,,,,,,,,GP3,0.32288,0.67001,0.67917,0.9713,normalised
69.22909927368164,,,0.32286,0.66957,1,,,,,,,,,GP3,0.32286,0.66957,0.67917,0.9713,normalised
69.24701118469238,,,0.32302,0.67,1,,,,,,,,,GP3,0.32302,0.67,0.67917,0.9713,normalised
69.26143789291382,,,0.32312,0.67034,1,,,,,,,,,GP3,0.32312,0.67034,0.67917,0.9713,normalised
69.27899026870728,,,0.32313,0.6704,1,,,,,,,,,GP3,0.32313,0.6704,0.67917,0.9713,normalised
69.29661202430725,,,0.32328,0.67043,1,,,,,,,,,GP3,0.32328,0.67043,0.67917,0.9713,normalised
69.31042075157166,,,0.32308,0.67012,1,,,,,,,,,GP3,0.32308,0.67012,0.67917,0.9713,normalised
69.32907915115356,,,0.3229,0.66988,1,,,,,,,,,GP3,0.3229,0.66988,0.67917,0.9713,normalised
69.34468674659729,,,0.3226,0.67048,1,,,,,,,,,GP3,0.3226,0.67048,0.67917,0.9713,normalised
69.36122274398804,,,0.32287,0.67105,1,,,,,,,,,GP3,0.32287,0.67105,0.67917,0.9713,normalised
69.3759217262268,,,0.32318,0.67174,1,,,,,,,,,GP3,0.32318,0.67174,0.67917,0.9713,normalised
69.39245676994324,,,0.32344,0.67189,1,,,,,,,,,GP3,0.32344,0.67189,0.67917,0.9713,normalised
69.41027665138245,,,0.32398,0.67246,1,,,,,,,,,GP3,0.32398,0.67246,0.67917,0.9713,normalised
69.42427825927734,,,0.32446,0.67291,1,,,,,,,,,GP3,0.32446,0.67291,0.67917,0.9713,normalised
69.44137763977051,,,0.32432,0.67252,1,,,,,,,,,GP3,0.32432,0.67252,0.67917,0.9713,normalised
69.45687675476074,,,0.32449,0.67214,1,,,,,,,,,GP3,0.32449,0.67214,0.67917,0.9713,normalised
69.4736053943634,,,0.32466,0.67182,1,,,,,,,,,GP3,0.32466,0.67182,0.67917,0.9713,normalised
69.49017405509949,,,0.3248,0.6721,1,,,,,,,,,GP3,0.3248,0.6721,0.67917,0.9713,normalised
69.50669193267822,,,0.32517,0.67239,1,,,,,,,,,GP3,0.32517,0.67239,0.67917,0.9713,normalised
69.52135920524597,,,0.32553,0.67271,1,,,,,,,,,GP3,0.32553,0.67271,0.67917,0.9713,normalised
69.53847312927246,,,0.32564,0.67321,1,,,,,,,,,GP3,0.32564,0.67321,0.67917,0.9713,normalised
69.55599856376648,,,0.32568,0.67363,1,,,,,,,,,GP3,0.32568,0.67363,0.67917,0.9713,normalised
69.57051110267639,,,0.32566,0.67388,1,,,,,,,,,GP3,0.32566,0.67388,0.67917,0.9713,normalised
69.58797001838684,,,0.32556,0.6737,1,,,,,,,,,GP3,0.32556,0.6737,0.67917,0.9713,normalised
69.60149693489075,,,0.32558,0.67343,1,,,,,,,,,GP3,0.32558,0.67343,0.67917,0.9713,normalised
69.6188976764679,,,0.32563,0.67352,1,,,,,,,,,GP3,0.32563,0.67352,0.67917,0.9713,normalised
69.63342189788818,,,0.32541,0.67344,1,,,,,,,,,GP3,0.32541,0.67344,0.67917,0.9713,normalised
69.65210199356079,,,0.32541,0.67336,1,,,,,,,,,GP3,0.32541,0.67336,0.67917,0.9713,normalised
69.66675758361816,,,0.32539,0.67324,1,,,,,,,,,GP3,0.32539,0.67324,0.67917,0.9713,normalised
69.68368172645569,,,0.32568,0.67296,1,,,,,,,,,GP3,0.32568,0.67296,0.67917,0.9713,normalised
69.69965696334839,,,0.32566,0.67245,1,,,,,,,,,GP3,0.32566,0.67245,0.67917,0.9713,normalised
69.71568298339844,,,0.32568,0.67206,1,,,,,,,,,GP3,0.32568,0.67206,0.67917,0.9713,normalised
69.73176145553589,,,0.32602,0.67191,1,,,,,,,,,GP3,0.32602,0.67191,0.67917,0.9713,normalised
69.74559378623962,,,0.32575,0.67205,1,,,,,,,,,GP3,0.32575,0.67205,0.67917,0.9713,normalised
69.7621078491211,,,0.32546,0.67211,1,,,,,,,,,GP3,0.32546,0.67211,0.67917,0.9713,normalised
69.77997064590454,,,0.32561,0.67219,1,,,,,,,,,GP3,0.32561,0.67219,0.67917,0.9713,normalised
69.79505467414856,,,0.32572,0.67195,1,,,,,,,,,GP3,0.32572,0.67195,0.67917,0.9713,normalised
69.81170630455017,,,0.32578,0.67156,1,,,,,,,,,GP3,0.32578,0.67156,0.67917,0.9713,normalised
69.82953095436096,,,0.32566,0.67163,1,,,,,,,,,GP3,0.32566,0.67163,0.67917,0.9713,normalised
69.84302711486816,,,0.32528,0.67125,1,,,,,,,,,GP3,0.32528,0.67125,0.67917,0.9713,normalised
69.86070585250854,,,0.32492,0.67094,1,,,,,,,,,GP3,0.32492,0.67094,0.67917,0.9713,normalised
69.87811326980591,,,0.32528,0.67024,1,,,,,,,,,GP3,0.32528,0.67024,0.67917,0.9713,normalised
69.89195775985718,,,0.32563,0.67025,1,,,,,,,,,GP3,0.32563,0.67025,0.67917,0.9713,normalised
69.90938067436218,,,0.32602,0.67035,1,,,,,,,,,GP3,0.32602,0.67035,0.67917,0.9713,normalised
69.9241361618042,,,0.32626,0.66938,1,,,,,,,,,GP3,0.32626,0.66938,0.67917,0.9713,normalised
69.94117426872253,,,0.32633,0.66892,1,,,,,,,,,GP3,0.32633,0.66892,0.67917,0.9713,normalised
69.95800447463989,,,0.32638,0.66837,1,,,,,,,,,GP3,0.32638,0.66837,0.67917,0.9713,normalised
69.97541213035583,,,0.32643,0.66823,1,,,,,,,,,GP3,0.32643,0.66823,0.67917,0.9713,normalised
69.99113917350769,,,0.3266,0.66813,1,,,,,,,,,GP3,0.3266,0.66813,0.67917,0.9713,normalised
70.00566673278809,,,0.32678,0.66807,1,,,,,,,,,GP3,0.32678,0.66807,0.67917,0.9713,normalised
70.02054905891418,,,0.3271,0.66677,1,,,,,,,,,GP3,0.3271,0.66677,0.67917,0.9713,normalised
70.03798365592957,,,0.32668,0.6666,1,,,,,,,,,GP3,0.32668,0.6666,0.67917,0.9713,normalised
70.05274415016174,,,0.32632,0.66661,1,,,,,,,,,GP3,0.32632,0.66661,0.67917,0.9713,normalised
70.0715126991272,,,0.32579,0.66677,1,,,,,,,,,GP3,0.32579,0.66677,0.67917,0.9713,normalised
70.08745813369751,,,0.32547,0.66704,1,,,,,,,,,GP3,0.32547,0.66704,0.67917,0.9713,normalised
70.10203099250793,,,0.32514,0.66731,1,,,,,,,,,GP3,0.32514,0.66731,0.67917,0.9713,normalised
70.12053632736206,,,0.32549,0.66728,1,,,,,,,,,GP3,0.32549,0.66728,0.67917,0.9713,normalised
70.13471913337708,,,0.32588,0.6676,1,,,,,,,,,GP3,0.32588,0.6676,0.67917,0.9713,normalised
70.15055727958679,,,0.32621,0.66778,1,,,,,,,,,GP3,0.32621,0.66778,0.67917,0.9713,normalised
70.16624426841736,,,0.32538,0.66846,1,,,,,,,,,GP3,0.32538,0.66846,0.67917,0.9713,normalised
70.18263387680054,,,0.32477,0.66794,1,,,,,,,,,GP3,0.32477,0.66794,0.67917,0.9713,normalised
70.1993887424469,,,0.32413,0.66735,1,,,,,,,,,GP3,0.32413,0.66735,0.67917,0.9713,normalised
70.21701288223267,,,0.30487,0.68824,0,,,,,,,,,GP3,0.30487,0.68824,0.67917,0.9713,normalised
70.2313551902771,,,0.25694,0.73075,0,,,,,,,,,GP3,0.25694,0.73075,0.67917,0.9713,normalised
70.24773836135864,,,0.24126,0.74542,0,,,,,,,,,GP3,0.24126,0.74542,0.67917,0.9713,normalised
70.26434326171875,,,0.21214,0.7721,0,,,,,,,,,GP3,0.21214,0.7721,0.67917,0.9713,normalised
70.28095436096191,,,0.21348,0.77678,0,,,,,,,,,GP3,0.21348,0.77678,0.67917,0.9713,normalised
70.29752039909363,,,0.21517,0.7802,0,,,,,,,,,GP3,0.21517,0.7802,0.67917,0.9713,normalised
70.3123824596405,,,0.2131,0.77817,1,,,,,,,,,GP3,0.2131,0.77817,0.67917,0.9713,normalised
70.32963347434998,,,0.21021,0.77585,1,,,,,,,,,GP3,0.21021,0.77585,0.67917,0.9713,normalised
70.34411764144897,,,0.20845,0.77456,1,,,,,,,,,GP3,0.20845,0.77456,0.67917,0.9713,normalised
70.3632378578186,,,0.20825,0.7746,1,,,,,,,,,GP3,0.20825,0.7746,0.67917,0.9713,normalised
70.37664031982422,,,0.20793,0.77424,1,,,,,,,,,GP3,0.20793,0.77424,0.67917,0.9713,normalised
70.3957290649414,,,0.20757,0.7738,1,,,,,,,,,GP3,0.20757,0.7738,0.67917,0.9713,normalised
70.40963006019592,,,0.20401,0.77953,1,,,,,,,,,GP3,0.20401,0.77953,0.67917,0.9713,normalised
70.42532634735107,,,0.20071,0.78431,1,,,,,,,,,GP3,0.20071,0.78431,0.67917,0.9713,normalised
70.44367909431458,,,0.19822,0.7886,1,,,,,,,,,GP3,0.19822,0.7886,0.67917,0.9713,normalised
70.45761513710022,,,0.19549,0.79228,1,,,,,,,,,GP3,0.19549,0.79228,0.67917,0.9713,normalised
70.47527146339417,,,0.19188,0.79463,1,,,,,,,,,GP3,0.19188,0.79463,0.67917,0.9713,normalised
70.4919502735138,,,0.18883,0.79674,1,,,,,,,,,GP3,0.18883,0.79674,0.67917,0.9713,normalised
70.50847887992859,,,0.18635,0.79947,1,,,,,,,,,GP3,0.18635,0.79947,0.67917,0.9713,normalised
70.52242684364319,,,0.18497,0.80277,1,,,,,,,,,GP3,0.18497,0.80277,0.67917,0.9713,normalised
70.53869390487671,,,0.18362,0.80559,1,,,,,,,,,GP3,0.18362,0.80559,0.67917,0.9713,normalised
70.55492353439331,,,0.18219,0.8066,1,,,,,,,,,GP3,0.18219,0.8066,0.67917,0.9713,normalised
70.57255458831787,,,0.16243,0.83024,0,,,,,,,,,GP3,0.16243,0.83024,0.67917,0.9713,normalised
70.58666372299194,,,0.15783,0.83197,0,,,,,,,,,GP3,0.15783,0.83197,0.67917,0.9713,normalised
70.60418844223022,,,0.15471,0.83556,0,,,,,,,,,GP3,0.15471,0.83556,0.67917,0.9713,normalised
70.6217393875122,,,0.15008,0.84219,1,,,,,,,,,GP3,0.15008,0.84219,0.67917,0.9713,normalised
70.6379747390747,,,0.14776,0.8466,1,,,,,,,,,GP3,0.14776,0.8466,0.67917,0.9713,normalised
70.6516432762146,,,0.14635,0.84797,1,,,,,,,,,GP3,0.14635,0.84797,0.67917,0.9713,normalised
70.66828966140747,,,0.14568,0.85042,1,,,,,,,,,GP3,0.14568,0.85042,0.67917,0.9713,normalised
70.68326258659363,,,0.14503,0.8521,1,,,,,,,,,GP3,0.14503,0.8521,0.67917,0.9713,normalised
70.70096206665039,,,0.1428,0.85366,1,,,,,,,,,GP3,0.1428,0.85366,0.67917,0.9713,normalised
70.71681046485901,,,0.14155,0.85513,1,,,,,,,,,GP3,0.14155,0.85513,0.67917,0.9713,normalised
70.73478746414185,,,0.14021,0.85604,1,,,,,,,,,GP3,0.14021,0.85604,0.67917,0.9713,normalised
70.74946546554565,,,0.13889,0.85731,1,,,,,,,,,GP3,0.13889,0.85731,0.67917,0.9713,normalised
70.76448035240173,,,0.13767,0.85851,1,,,,,,,,,GP3,0.13767,0.85851,0.67917,0.9713,normalised
70.78120708465576,,,0.13654,0.85946,1,,,,,,,,,GP3,0.13654,0.85946,0.67917,0.9713,normalised
70.79858803749084,,,0.13531,0.85854,1,,,,,,,,,GP3,0.13531,0.85854,0.67917,0.9713,normalised
70.81385588645935,,,0.13394,0.85822,1,,,,,,,,,GP3,0.13394,0.85822,0.67917,0.9713,normalised
70.83057141304016,,,0.13271,0.85792,1,,,,,,,,,GP3,0.13271,0.85792,0.67917,0.9713,normalised
70.8464732170105,,,0.13257,0.85793,1,,,,,,,,,GP3,0.13257,0.85793,0.67917,0.9713,normalised
70.86390447616577,,,0.13174,0.85815,1,,,,,,,,,GP3,0.13174,0.85815,0.67917,0.9713,normalised
70.87865972518921,,,0.13098,0.85836,1,,,,,,,,,GP3,0.13098,0.85836,0.67917,0.9713,normalised
70.89674472808838,,,0.13084,0.85823,1,,,,,,,,,GP3,0.13084,0.85823,0.67917,0.9713,normalised
70.91324305534363,,,0.13085,0.85786,1,,,,,,,,,GP3,0.13085,0.85786,0.67917,0.9713,normalised
70.92858362197876,,,0.13095,0.85761,1,,,,,,,,,GP3,0.13095,0.85761,0.67917,0.9713,normalised
70.94337916374207,,,0.13077,0.85697,1,,,,,,,,,GP3,0.13077,0.85697,0.67917,0.9713,normalised
70.9586033821106,,,0.13072,0.85778,1,,,,,,,,,GP3,0.13072,0.85778,0.67917,0.9713,normalised
70.97547149658203,,,0.13077,0.85861,1,,,,,,,,,GP3,0.13077,0.85861,0.67917,0.9713,normalised
70.99147343635559,,,0.13073,0.85882,1,,,,,,,,,GP3,0.13073,0.85882,0.67917,0.9713,normalised
71.00817680358887,,,0.13032,0.85875,1,,,,,,,,,GP3,0.13032,0.85875,0.67917,0.9713,normalised
71.02563047409058,,,0.12969,0.85846,1,,,,,,,,,GP3,0.12969,0.85846,0.67917,0.9713,normalised
71.04165053367615,,,0.1291,0.85845,1,,,,,,,,,GP3,0.1291,0.85845,0.67917,0.9713,normalised
71.05853962898254,,,0.12837,0.85852,1,,,,,,,,,GP3,0.12837,0.85852,0.67917,0.9713,normalised
71.07391476631165,,,0.12769,0.8586,1,,,,,,,,,GP3,0.12769,0.8586,0.67917,0.9713,normalised
71.08873867988586,,,0.12714,0.85864,1,,,,,,,,,GP3,0.12714,0.85864,0.67917,0.9713,normalised
71.10489559173584,,,0.1267,0.85854,1,,,,,,,,,GP3,0.1267,0.85854,0.67917,0.9713,normalised
71.12080025672913,,,0.12629,0.85844,1,,,,,,,,,GP3,0.12629,0.85844,0.67917,0.9713,normalised
71.13830947875977,,,0.12608,0.85784,1,,,,,,,,,GP3,0.12608,0.85784,0.67917,0.9713,normalised
71.15447425842285,,,0.12567,0.85772,1,,,,,,,,,GP3,0.12567,0.85772,0.67917,0.9713,normalised
71.16969633102417,,,0.12527,0.85761,1,,,,,,,,,GP3,0.12527,0.85761,0.67917,0.9713,normalised
71.18511390686035,,,0.12497,0.85744,1,,,,,,,,,GP3,0.12497,0.85744,0.67917,0.9713,normalised
71.20212459564209,,,0.12471,0.8576,1,,,,,,,,,GP3,0.12471,0.8576,0.67917,0.9713,normalised
71.22011828422546,,,0.12439,0.8577,1,,,,,,,,,GP3,0.12439,0.8577,0.67917,0.9713,normalised
71.23585367202759,,,0.12393,0.85773,1,,,,,,,,,GP3,0.12393,0.85773,0.67917,0.9713,normalised
71.24968361854553,,,0.12358,0.8576,1,,,,,,,,,GP3,0.12358,0.8576,0.67917,0.9713,normalised
71.2667589187622,,,0.12318,0.85743,1,,,,,,,,,GP3,0.12318,0.85743,0.67917,0.9713,normalised
71.28428792953491,,,0.12275,0.85717,1,,,,,,,,,GP3,0.12275,0.85717,0.67917,0.9713,normalised
71.29913592338562,,,0.12243,0.85693,1,,,,,,,,,GP3,0.12243,0.85693,0.67917,0.9713,normalised
71.3171820640564,,,0.12219,0.85679,1,,,,,,,,,GP3,0.12219,0.85679,0.67917,0.9713,normalised
71.33283162117004,,,0.12209,0.85631,1,,,,,,,,,GP3,0.12209,0.85631,0.67917,0.9713,normalised
71.34687447547913,,,0.12129,0.8567,1,,,,,,,,,GP3,0.12129,0.8567,0.67917,0.9713,normalised
71.36386728286743,,,0.12076,0.8571,1,,,,,,,,,GP3,0.12076,0.8571,0.67917,0.9713,normalised
71.37945508956909,,,0.12029,0.85708,1,,,,,,,,,GP3,0.12029,0.85708,0.67917,0.9713,normalised
71.39580082893372,,,0.12009,0.85675,1,,,,,,,,,GP3,0.12009,0.85675,0.67917,0.9713,normalised
71.4126091003418,,,0.11974,0.85627,1,,,,,,,,,GP3,0.11974,0.85627,0.67917,0.9713,normalised
71.428875207901,,,0.11927,0.85589,1,,,,,,,,,GP3,0.11927,0.85589,0.67917,0.9713,normalised
71.44557905197144,,,0.11868,0.8553,1,,,,,,,,,GP3,0.11868,0.8553,0.67917,0.9713,normalised
71.46118140220642,,,0.11806,0.85468,1,,,,,,,,,GP3,0.11806,0.85468,0.67917,0.9713,normalised
71.47687578201294,,,0.11772,0.85394,1,,,,,,,,,GP3,0.11772,0.85394,0.67917,0.9713,normalised
71.49451613426208,,,0.11735,0.8532,1,,,,,,,,,GP3,0.11735,0.8532,0.67917,0.9713,normalised
71.51122498512268,,,0.11708,0.85255,1,,,,,,,,,GP3,0.11708,0.85255,0.67917,0.9713,normalised
71.52621173858643,,,0.11677,0.8516,1,,,,,,,,,GP3,0.11677,0.8516,0.67917,0.9713,normalised
71.54456925392151,,,0.11638,0.85083,1,,,,,,,,,GP3,0.11638,0.85083,0.67917,0.9713,normalised
71.55826187133789,,,0.11612,0.85019,1,,,,,,,,,GP3,0.11612,0.85019,0.67917,0.9713,normalised
71.57582688331604,,,0.11632,0.85047,1,,,,,,,,,GP3,0.11632,0.85047,0.67917,0.9713,normalised
71.5904278755188,,,0.11647,0.85059,1,,,,,,,,,GP3,0.11647,0.85059,0.67917,0.9713,normalised
71.60713362693787,,,0.11659,0.85069,1,,,,,,,,,GP3,0.11659,0.85069,0.67917,0.9713,normalised
71.6229555606842,,,0.11637,0.85054,1,,,,,,,,,GP3,0.11637,0.85054,0.67917,0.9713,normalised
71.63872647285461,,,0.11628,0.85017,1,,,,,,,,,GP3,0.11628,0.85017,0.67917,0.9713,normalised
71.65626406669617,,,0.11607,0.8497,1,,,,,,,,,GP3,0.11607,0.8497,0.67917,0.9713,normalised
71.67014789581299,,,0.1157,0.84951,1,,,,,,,,,GP3,0.1157,0.84951,0.67917,0.9713,normalised
71.68769216537476,,,0.11514,0.84959,1,,,,,,,,,GP3,0.11514,0.84959,0.67917,0.9713,normalised
71.70346069335938,,,0.11454,0.84961,1,,,,,,,,,GP3,0.11454,0.84961,0.67917,0.9713,normalised
71.72023105621338,,,0.1141,0.8496,1,,,,,,,,,GP3,0.1141,0.8496,0.67917,0.9713,normalised
71.73556637763977,,,0.11351,0.84867,1,,,,,,,,,GP3,0.11351,0.84867,0.67917,0.9713,normalised
71.75315141677856,,,0.11296,0.84777,1,,,,,,,,,GP3,0.11296,0.84777,0.67917,0.9713,normalised
71.7675712108612,,,0.11298,0.84747,1,,,,,,,,,GP3,0.11298,0.84747,0.67917,0.9713,normalised
71.78508758544922,,,0.11297,0.84761,1,,,,,,,,,GP3,0.11297,0.84761,0.67917,0.9713,normalised
71.79960465431213,,,0.11319,0.84796,1,,,,,,,,,GP3,0.11319,0.84796,0.67917,0.9713,normalised
71.81752109527588,,,0.11331,0.84832,1,,,,,,,,,GP3,0.11331,0.84832,0.67917,0.9713,normalised
71.83412837982178,,,0.11366,0.8486,1,,,,,,,,,GP3,0.11366,0.8486,0.67917,0.9713,normalised
71.84921002388,,,0.11397,0.84884,1,,,,,,,,,GP3,0.11397,0.84884,0.67917,0.9713,normalised
71.86525774002075,,,0.11389,0.84868,1,,,,,,,,,GP3,0.11389,0.84868,0.67917,0.9713,normalised
71.88105964660645,,,0.11404,0.84882,1,,,,,,,,,GP3,0.11404,0.84882,0.67917,0.9713,normalised
71.89989066123962,,,0.11421,0.84898,1,,,,,,,,,GP3,0.11421,0.84898,0.67917,0.9713,normalised
71.91377067565918,,,0.11467,0.8496,1,,,,,,,,,GP3,0.11467,0.8496,0.67917,0.9713,normalised
71.93028378486633,,,0.11518,0.84971,1,,,,,,,,,GP3,0.11518,0.84971,0.67917,0.9713,normalised
71.9457528591156,,,0.11574,0.84986,1,,,,,,,,,GP3,0.11574,0.84986,0.67917,0.9713,normalised
71.96270036697388,,,0.11601,0.85027,1,,,,,,,,,GP3,0.11601,0.85027,0.67917,0.9713,normalised
71.97947692871094,,,0.11628,0.84999,1,,,,,,,,,GP3,0.11628,0.84999,0.67917,0.9713,normalised
71.99608325958252,,,0.11659,0.84972,1,,,,,,,,,GP3,0.11659,0.84972,0.67917,0.9713,normalised
72.01068544387817,,,0.11688,0.84928,1,,,,,,,,,GP3,0.11688,0.84928,0.67917,0.9713,normalised
72.02762579917908,,,0.11719,0.84923,1,,,,,,,,,GP3,0.11719,0.84923,0.67917,0.9713,normalised
72.04402494430542,,,0.11753,0.8492,1,,,,,,,,,GP3,0.11753,0.8492,0.67917,0.9713,normalised
72.06153321266174,,,0.11814,0.84926,1,,,,,,,,,GP3,0.11814,0.84926,0.67917,0.9713,normalised
72.07538962364197,,,0.11853,0.84948,1,,,,,,,,,GP3,0.11853,0.84948,0.67917,0.9713,normalised
72.09223914146423,,,0.11884,0.84962,1,,,,,,,,,GP3,0.11884,0.84962,0.67917,0.9713,normalised
72.10898447036743,,,0.11907,0.84962,1,,,,,,,,,GP3,0.11907,0.84962,0.67917,0.9713,normalised
72.12352252006531,,,0.1189,0.84955,1,,,,,,,,,GP3,0.1189,0.84955,0.67917,0.9713,normalised
72.14136123657227,,,0.11862,0.84939,1,,,,,,,,,GP3,0.11862,0.84939,0.67917,0.9713,normalised
72.15808606147766,,,0.11851,0.84958,1,,,,,,,,,GP3,0.11851,0.84958,0.67917,0.9713,normalised
72.17217659950256,,,0.11863,0.84946,1,,,,,,,,,GP3,0.11863,0.84946,0.67917,0.9713,normalised
72.18883013725281,,,0.11886,0.84945,1,,,,,,,,,GP3,0.11886,0.84945,0.67917,0.9713,normalised
72.20661926269531,,,0.11905,0.84944,1,,,,,,,,,GP3,0.11905,0.84944,0.67917,0.9713,normalised
72.22064137458801,,,0.11915,0.85005,1,,,,,,,,,GP3,0.11915,0.85005,0.67917,0.9713,normalised
72.23798990249634,,,0.11924,0.85066,1,,,,,,,,,GP3,0.11924,0.85066,0.67917,0.9713,normalised
72.25407147407532,,,0.11917,0.85123,1,,,,,,,,,GP3,0.11917,0.85123,0.67917,0.9713,normalised
72.27059364318848,,,0.11899,0.85178,1,,,,,,,,,GP3,0.11899,0.85178,0.67917,0.9713,normalised
72.28532338142395,,,0.11882,0.85234,1,,,,,,,,,GP3,0.11882,0.85234,0.67917,0.9713,normalised
72.30203127861023,,,0.11955,0.85144,1,,,,,,,,,GP3,0.11955,0.85144,0.67917,0.9713,normalised
72.31947565078735,,,0.1207,0.852,1,,,,,,,,,GP3,0.1207,0.852,0.67917,0.9713,normalised
72.334401845932,,,0.12178,0.8525,1,,,,,,,,,GP3,0.12178,0.8525,0.67917,0.9713,normalised
72.35101270675659,,,0.12339,0.84963,1,,,,,,,,,GP3,0.12339,0.84963,0.67917,0.9713,normalised
72.36795425415039,,,0.12557,0.84679,1,,,,,,,,,GP3,0.12557,0.84679,0.67917,0.9713,normalised
72.38254642486572,,,0.14947,0.81836,0,,,,,,,,,GP3,0.14947,0.81836,0.67917,0.9713,normalised
72.39951682090759,,,0.16872,0.77235,0,,,,,,,,,GP3,0.16872,0.77235,0.67917,0.9713,normalised
72.41637206077576,,,0.17933,0.7493,0,,,,,,,,,GP3,0.17933,0.7493,0.67917,0.9713,normalised
72.43204879760742,,,0.19637,0.71094,0,,,,,,,,,GP3,0.19637,0.71094,0.67917,0.9713,normalised
72.44791555404663,,,0.19846,0.71022,0,,,,,,,,,GP3,0.19846,0.71022,0.67917,0.9713,normalised
72.46552181243896,,,0.19799,0.7058,0,,,,,,,,,GP3,0.19799,0.7058,0.67917,0.9713,normalised
72.47951912879944,,,0.19726,0.70273,1,,,,,,,,,GP3,0.19726,0.70273,0.67917,0.9713,normalised
72.49621248245239,,,0.19582,0.69968,1,,,,,,,,,GP3,0.19582,0.69968,0.67917,0.9713,normalised
72.51167726516724,,,0.19645,0.69959,1,,,,,,,,,GP3,0.19645,0.69959,0.67917,0.9713,normalised
72.52834177017212,,,0.19649,0.69879,1,,,,,,,,,GP3,0.19649,0.69879,0.67917,0.9713,normalised
72.54469347000122,,,0.21005,0.69619,1,,,,,,,,,GP3,0.21005,0.69619,0.67917,0.9713,normalised
72.56222414970398,,,0.22167,0.69236,1,,,,,,,,,GP3,0.22167,0.69236,0.67917,0.9713,normalised
72.57673358917236,,,0.23101,0.68947,1,,,,,,,,,GP3,0.23101,0.68947,0.67917,0.9713,normalised
72.59424686431885,,,0.24041,0.68334,1,,,,,,,,,GP3,0.24041,0.68334,0.67917,0.9713,normalised
72.60877299308777,,,0.24845,0.6795,1,,,,,,,,,GP3,0.24845,0.6795,0.67917,0.9713,normalised
72.62632465362549,,,0.25543,0.67686,1,,,,,,,,,GP3,0.25543,0.67686,0.67917,0.9713,normalised
72.6420738697052,,,0.26046,0.67547,1,,,,,,,,,GP3,0.26046,0.67547,0.67917,0.9713,normalised
72.6594979763031,,,0.26628,0.67185,1,,,,,,,,,GP3,0.26628,0.67185,0.67917,0.9713,normalised
72.67436981201172,,,0.29613,0.65766,0,,,,,,,,,GP3,0.29613,0.65766,0.67917,0.9713,normalised
72.69187498092651,,,0.32092,0.64501,0,,,,,,,,,GP3,0.32092,0.64501,0.67917,0.9713,normalised
72.70582437515259,,,0.33166,0.6604,0,,,,,,,,,GP3,0.33166,0.6604,0.67917,0.9713,normalised
72.72232961654663,,,0.33703,0.66799,1,,,,,,,,,GP3,0.33703,0.66799,0.67917,0.9713,normalised
72.73800230026245,,,0.3425,0.6592,1,,,,,,,,,GP3,0.3425,0.6592,0.67917,0.9713,normalised
72.75454330444336,,,0.34416,0.65619,1,,,,,,,,,GP3,0.34416,0.65619,0.67917,0.9713,normalised
72.76991724967957,,,0.34514,0.6533,1,,,,,,,,,GP3,0.34514,0.6533,0.67917,0.9713,normalised
72.78661847114563,,,0.34611,0.65121,1,,,,,,,,,GP3,0.34611,0.65121,0.67917,0.9713,normalised
72.8026852607727,,,0.34699,0.64944,1,,,,,,,,,GP3,0.34699,0.64944,0.67917,0.9713,normalised
72.82040596008301,,,0.34774,0.64821,1,,,,,,,,,GP3,0.34774,0.64821,0.67917,0.9713,normalised
72.8377468585968,,,0.34764,0.6495,1,,,,,,,,,GP3,0.34764,0.6495,0.67917,0.9713,normalised
72.85374426841736,,,0.34794,0.64803,1,,,,,,,,,GP3,0.34794,0.64803,0.67917,0.9713,normalised
72.86762118339539,,,0.34819,0.64678,1,,,,,,,,,GP3,0.34819,0.64678,0.67917,0.9713,normalised
72.88614225387573,,,0.34905,0.64626,1,,,,,,,,,GP3,0.34905,0.64626,0.67917,0.9713,normalised
72.89982962608337,,,0.35001,0.6477,1,,,,,,,,,GP3,0.35001,0.6477,0.67917,0.9713,normalised
72.91552376747131,,,0.35097,0.64941,1,,,,,,,,,GP3,0.35097,0.64941,0.67917,0.9713,normalised
72.93167519569397,,,0.35163,0.64986,1,,,,,,,,,GP3,0.35163,0.64986,0.67917,0.9713,normalised
72.94882655143738,,,0.35302,0.64943,1,,,,,,,,,GP3,0.35302,0.64943,0.67917,0.9713,normalised
72.96578574180603,,,0.35418,0.64866,1,,,,,,,,,GP3,0.35418,0.64866,0.67917,0.9713,normalised
72.98200726509094,,,0.35376,0.64913,1,,,,,,,,,GP3,0.35376,0.64913,0.67917,0.9713,normalised
72.99671173095703,,,0.3547,0.64937,1,,,,,,,,,GP3,0.3547,0.64937,0.67917,0.9713,normalised
73.0142273902893,,,0.35554,0.6495,1,,,,,,,,,GP3,0.35554,0.6495,0.67917,0.9713,normalised
73.03219699859619,,,0.35503,0.64945,1,,,,,,,,,GP3,0.35503,0.64945,0.67917,0.9713,normalised
73.04720282554626,,,0.35399,0.64769,1,,,,,,,,,GP3,0.35399,0.64769,0.67917,0.9713,normalised
73.06761455535889,,,0.35308,0.64623,1,,,,,,,,,GP3,0.35308,0.64623,0.67917,0.9713,normalised
73.0792486667633,,,0.35496,0.6507,1,,,,,,,,,GP3,0.35496,0.6507,0.67917,0.9713,normalised
73.0938515663147,,,0.35753,0.65493,1,,,,,,,,,GP3,0.35753,0.65493,0.67917,0.9713,normalised
73.11037683486938,,,0.35991,0.6588,1,,,,,,,,,GP3,0.35991,0.6588,0.67917,0.9713,normalised
73.12749767303467,,,0.36178,0.66193,1,,,,,,,,,GP3,0.36178,0.66193,0.67917,0.9713,normalised
73.14280605316162,,,0.37963,0.68954,0,,,,,,,,,GP3,0.37963,0.68954,0.67917,0.9713,normalised
73.15959453582764,,,0.39847,0.7267,0,,,,,,,,,GP3,0.39847,0.7267,0.67917,0.9713,normalised
73.17650485038757,,,0.41597,0.73968,0,,,,,,,,,GP3,0.41597,0.73968,0.67917,0.9713,normalised
73.19293355941772,,,0.41361,0.73544,1,,,,,,,,,GP3,0.41361,0.73544,0.67917,0.9713,normalised
73.20871758460999,,,0.41227,0.7332,1,,,,,,,,,GP3,0.41227,0.7332,0.67917,0.9713,normalised
73.22330141067505,,,0.42851,0.72998,1,,,,,,,,,GP3,0.42851,0.72998,0.67917,0.9713,normalised
73.23966073989868,,,0.43989,0.72912,1,,,,,,,,,GP3,0.43989,0.72912,0.67917,0.9713,normalised
73.2573459148407,,,0.44844,0.72848,1,,,,,,,,,GP3,0.44844,0.72848,0.67917,0.9713,normalised
73.27206325531006,,,0.45548,0.72965,1,,,,,,,,,GP3,0.45548,0.72965,0.67917,0.9713,normalised
73.29039764404297,,,0.46075,0.73074,1,,,,,,,,,GP3,0.46075,0.73074,0.67917,0.9713,normalised
73.30572271347046,,,0.46506,0.73205,1,,,,,,,,,GP3,0.46506,0.73205,0.67917,0.9713,normalised
73.32032585144043,,,0.47021,0.73453,1,,,,,,,,,GP3,0.47021,0.73453,0.67917,0.9713,normalised
73.33928680419922,,,0.47122,0.73342,1,,,,,,,,,GP3,0.47122,0.73342,0.67917,0.9713,normalised
73.35263085365295,,,0.4721,0.73259,1,,,,,,,,,GP3,0.4721,0.73259,0.67917,0.9713,normalised
73.36934852600098,,,0.48358,0.73094,1,,,,,,,,,GP3,0.48358,0.73094,0.67917,0.9713,normalised
73.38620352745056,,,0.52006,0.72391,0,,,,,,,,,GP3,0.52006,0.72391,0.67917,0.9713,normalised
73.40325951576233,,,0.58122,0.69246,0,,,,,,,,,GP3,0.58122,0.69246,0.67917,0.9713,normalised
73.42023587226868,,,0.60759,0.68722,0,,,,,,,,,GP3,0.60759,0.68722,0.67917,0.9713,normalised
73.43387460708618,,,0.64967,0.68494,0,,,,,,,,,GP3,0.64967,0.68494,0.67917,0.9713,normalised
73.44981575012207,,,0.64824,0.70013,0,,,,,,,,,GP3,0.64824,0.70013,0.67917,0.9713,normalised
73.46668100357056,,,0.64887,0.69423,0,,,,,,,,,GP3,0.64887,0.69423,0.67917,0.9713,normalised
73.48220300674438,,,0.64686,0.69533,1,,,,,,,,,GP3,0.64686,0.69533,0.67917,0.9713,normalised
73.49845504760742,,,0.64568,0.69592,1,,,,,,,,,GP3,0.64568,0.69592,0.67917,0.9713,normalised
73.51445126533508,,,0.64725,0.69639,1,,,,,,,,,GP3,0.64725,0.69639,0.67917,0.9713,normalised
73.53185057640076,,,0.64885,0.70034,1,,,,,,,,,GP3,0.64885,0.70034,0.67917,0.9713,normalised
73.54794883728027,,,0.64986,0.70396,1,,,,,,,,,GP3,0.64986,0.70396,0.67917,0.9713,normalised
73.56269025802612,,,0.65084,0.70838,1,,,,,,,,,GP3,0.65084,0.70838,0.67917,0.9713,normalised
73.58017778396606,,,0.64928,0.70921,1,,,,,,,,,GP3,0.64928,0.70921,0.67917,0.9713,normalised
73.59763693809509,,,0.64808,0.70959,1,,,,,,,,,GP3,0.64808,0.70959,0.67917,0.9713,normalised
73.61567378044128,,,0.64821,0.70848,1,,,,,,,,,GP3,0.64821,0.70848,0.67917,0.9713,normalised
73.6292929649353,,,0.64806,0.70854,1,,,,,,,,,GP3,0.64806,0.70854,0.67917,0.9713,normalised
73.64518332481384,,,0.64799,0.70835,1,,,,,,,,,GP3,0.64799,0.70835,0.67917,0.9713,normalised
73.6626660823822,,,0.647,0.70715,1,,,,,,,,,GP3,0.647,0.70715,0.67917,0.9713,normalised
73.67830276489258,,,0.64666,0.70652,1,,,,,,,,,GP3,0.64666,0.70652,0.67917,0.9713,normalised
73.69533443450928,,,0.64634,0.70607,1,,,,,,,,,GP3,0.64634,0.70607,0.67917,0.9713,normalised
73.71291899681091,,,0.64615,0.70523,1,,,,,,,,,GP3,0.64615,0.70523,0.67917,0.9713,normalised
73.72651839256287,,,0.6461,0.7044,1,,,,,,,,,GP3,0.6461,0.7044,0.67917,0.9713,normalised
73.74354529380798,,,0.64596,0.704,1,,,,,,,,,GP3,0.64596,0.704,0.67917,0.9713,normalised
73.76013135910034,,,0.64553,0.70399,1,,,,,,,,,GP3,0.64553,0.70399,0.67917,0.9713,normalised
73.77611064910889,,,0.64514,0.70408,1,,,,,,,,,GP3,0.64514,0.70408,0.67917,0.9713,normalised
73.79297614097595,,,0.64485,0.70386,1,,,,,,,,,GP3,0.64485,0.70386,0.67917,0.9713,normalised
73.80891633033752,,,0.64463,0.70361,1,,,,,,,,,GP3,0.64463,0.70361,0.67917,0.9713,normalised
73.82334637641907,,,0.64414,0.70314,1,,,,,,,,,GP3,0.64414,0.70314,0.67917,0.9713,normalised
73.83976244926453,,,0.64373,0.70258,1,,,,,,,,,GP3,0.64373,0.70258,0.67917,0.9713,normalised
73.85516381263733,,,0.64382,0.7024,1,,,,,,,,,GP3,0.64382,0.7024,0.67917,0.9713,normalised
73.8727433681488,,,0.64355,0.702,1,,,,,,,,,GP3,0.64355,0.702,0.67917,0.9713,normalised
73.88865113258362,,,0.64321,0.702,1,,,,,,,,,GP3,0.64321,0.702,0.67917,0.9713,normalised
73.90625643730164,,,0.64277,0.70223,1,,,,,,,,,GP3,0.64277,0.70223,0.67917,0.9713,normalised
73.92076706886292,,,0.64252,0.70241,1,,,,,,,,,GP3,0.64252,0.70241,0.67917,0.9713,normalised
73.93881607055664,,,0.64229,0.70259,1,,,,,,,,,GP3,0.64229,0.70259,0.67917,0.9713,normalised
73.95339846611023,,,0.6417,0.7032,1,,,,,,,,,GP3,0.6417,0.7032,0.67917,0.9713,normalised
73.96882247924805,,,0.64129,0.70379,1,,,,,,,,,GP3,0.64129,0.70379,0.67917,0.9713,normalised
73.98671197891235,,,0.64091,0.70434,1,,,,,,,,,GP3,0.64091,0.70434,0.67917,0.9713,normalised
74.00130414962769,,,0.64113,0.70453,1,,,,,,,,,GP3,0.64113,0.70453,0.67917,0.9713,normalised
74.01856923103333,,,0.64156,0.7043,1,,,,,,,,,GP3,0.64156,0.7043,0.67917,0.9713,normalised
74.03422665596008,,,0.642,0.70398,1,,,,,,,,,GP3,0.642,0.70398,0.67917,0.9713,normalised
74.05040001869202,,,0.6422,0.70426,1,,,,,,,,,GP3,0.6422,0.70426,0.67917,0.9713,normalised
74.06557941436768,,,0.6422,0.70426,1,,,,,,,,,GP3,0.6422,0.70426,0.67917,0.9713,normalised
74.08260655403137,,,0.6422,0.70422,1,,,,,,,,,GP3,0.6422,0.70422,0.67917,0.9713,normalised
74.0985586643219,,,0.64209,0.70406,1,,,,,,,,,GP3,0.64209,0.70406,0.67917,0.9713,normalised
74.11614298820496,,,0.64193,0.70395,1,,,,,,,,,GP3,0.64193,0.70395,0.67917,0.9713,normalised
74.13104605674744,,,0.64179,0.7038,1,,,,,,,,,GP3,0.64179,0.7038,0.67917,0.9713,normalised
74.14597487449646,,,0.64183,0.70348,1,,,,,,,,,GP3,0.64183,0.70348,0.67917,0.9713,normalised
74.16207575798035,,,0.64172,0.70299,1,,,,,,,,,GP3,0.64172,0.70299,0.67917,0.9713,normalised
74.17808723449707,,,0.6416,0.70259,1,,,,,,,,,GP3,0.6416,0.70259,0.67917,0.9713,normalised
74.19546508789062,,,0.64148,0.70242,1,,,,,,,,,GP3,0.64148,0.70242,0.67917,0.9713,normalised
74.20998978614807,,,0.64125,0.70328,1,,,,,,,,,GP3,0.64125,0.70328,0.67917,0.9713,normalised
74.22696924209595,,,0.64111,0.70343,1,,,,,,,,,GP3,0.64111,0.70343,0.67917,0.9713,normalised
74.24337220191956,,,0.6412,0.70381,1,,,,,,,,,GP3,0.6412,0.70381,0.67917,0.9713,normalised
74.25968980789185,,,0.64153,0.70312,1,,,,,,,,,GP3,0.64153,0.70312,0.67917,0.9713,normalised
74.27709484100342,,,0.64191,0.70228,1,,,,,,,,,GP3,0.64191,0.70228,0.67917,0.9713,normalised
74.29187750816345,,,0.64173,0.70191,1,,,,,,,,,GP3,0.64173,0.70191,0.67917,0.9713,normalised
74.30932545661926,,,0.64158,0.70071,1,,,,,,,,,GP3,0.64158,0.70071,0.67917,0.9713,normalised
74.32410717010498,,,0.64142,0.6996,1,,,,,,,,,GP3,0.64142,0.6996,0.67917,0.9713,normalised
74.34225487709045,,,0.64133,0.69845,1,,,,,,,,,GP3,0.64133,0.69845,0.67917,0.9713,normalised
74.3568274974823,,,0.64154,0.69762,1,,,,,,,,,GP3,0.64154,0.69762,0.67917,0.9713,normalised
74.3736641407013,,,0.64173,0.69683,1,,,,,,,,,GP3,0.64173,0.69683,0.67917,0.9713,normalised
74.38946771621704,,,0.64157,0.69635,1,,,,,,,,,GP3,0.64157,0.69635,0.67917,0.9713,normalised
74.40362286567688,,,0.64142,0.69592,1,,,,,,,,,GP3,0.64142,0.69592,0.67917,0.9713,normalised
74.42055034637451,,,0.64125,0.6956,1,,,,,,,,,GP3,0.64125,0.6956,0.67917,0.9713,normalised
74.4369604587555,,,0.64144,0.69531,1,,,,,,,,,GP3,0.64144,0.69531,0.67917,0.9713,normalised
74.45445656776428,,,0.64137,0.69479,1,,,,,,,,,GP3,0.64137,0.69479,0.67917,0.9713,normalised
74.47014546394348,,,0.64132,0.6942,1,,,,,,,,,GP3,0.64132,0.6942,0.67917,0.9713,normalised
74.48770928382874,,,0.64137,0.69379,1,,,,,,,,,GP3,0.64137,0.69379,0.67917,0.9713,normalised
74.50164556503296,,,0.64171,0.69306,1,,,,,,,,,GP3,0.64171,0.69306,0.67917,0.9713,normalised
74.5194935798645,,,0.64208,0.69219,1,,,,,,,,,GP3,0.64208,0.69219,0.67917,0.9713,normalised
74.53319573402405,,,0.64216,0.69108,1,,,,,,,,,GP3,0.64216,0.69108,0.67917,0.9713,normalised
74.55180406570435,,,0.64235,0.69021,1,,,,,,,,,GP3,0.64235,0.69021,0.67917,0.9713,normalised
74.56665825843811,,,0.64251,0.68948,1,,,,,,,,,GP3,0.64251,0.68948,0.67917,0.9713,normalised
74.58431100845337,,,0.64274,0.68765,1,,,,,,,,,GP3,0.64274,0.68765,0.67917,0.9713,normalised
74.59900736808777,,,0.64543,0.65696,0,,,,,,,,,GP3,0.64543,0.65696,0.67917,0.9713,normalised
74.61447215080261,,,0.64007,0.63289,0,,,,,,,,,GP3,0.64007,0.63289,0.67917,0.9713,normalised
74.63096356391907,,,0.64186,0.6378,0,,,,,,,,,GP3,0.64186,0.6378,0.67917,0.9713,normalised
74.64807605743408,,,0.64314,0.63699,1,,,,,,,,,GP3,0.64314,0.63699,0.67917,0.9713,normalised
74.66467237472534,,,0.64373,0.63729,1,,,,,,,,,GP3,0.64373,0.63729,0.67917,0.9713,normalised
74.67920470237732,,,0.64163,0.63353,1,,,,,,,,,GP3,0.64163,0.63353,0.67917,0.9713,normalised
74.69580245018005,,,0.64074,0.63234,1,,,,,,,,,GP3,0.64074,0.63234,0.67917,0.9713,normalised
74.71325325965881,,,0.64014,0.63122,1,,,,,,,,,GP3,0.64014,0.63122,0.67917,0.9713,normalised
74.72697257995605,,,0.63965,0.63214,1,,,,,,,,,GP3,0.63965,0.63214,0.67917,0.9713,normalised
74.74414086341858,,,0.64032,0.63218,1,,,,,,,,,GP3,0.64032,0.63218,0.67917,0.9713,normalised
74.7616982460022,,,0.6409,0.63202,1,,,,,,,,,GP3,0.6409,0.63202,0.67917,0.9713,normalised
74.77775073051453,,,0.64128,0.63401,1,,,,,,,,,GP3,0.64128,0.63401,0.67917,0.9713,normalised
74.79428696632385,,,0.64191,0.63505,1,,,,,,,,,GP3,0.64191,0.63505,0.67917,0.9713,normalised
74.81097602844238,,,0.64238,0.6362,1,,,,,,,,,GP3,0.64238,0.6362,0.67917,0.9713,normalised
74.8259162902832,,,0.64148,0.63884,1,,,,,,,,,GP3,0.64148,0.63884,0.67917,0.9713,normalised
74.8471827507019,,,0.64158,0.6411,1,,,,,,,,,GP3,0.64158,0.6411,0.67917,0.9713,normalised
74.8578941822052,,,0.6417,0.643,1,,,,,,,,,GP3,0.6417,0.643,0.67917,0.9713,normalised
74.87380695343018,,,0.64182,0.6437,1,,,,,,,,,GP3,0.64182,0.6437,0.67917,0.9713,normalised
74.89039134979248,,,0.64228,0.64384,1,,,,,,,,,GP3,0.64228,0.64384,0.67917,0.9713,normalised
74.90787768363953,,,0.64274,0.64378,1,,,,,,,,,GP3,0.64274,0.64378,0.67917,0.9713,normalised
74.92164993286133,,,0.6428,0.64438,1,,,,,,,,,GP3,0.6428,0.64438,0.67917,0.9713,normalised
74.94005274772644,,,0.64303,0.64451,1,,,,,,,,,GP3,0.64303,0.64451,0.67917,0.9713,normalised
74.9560718536377,,,0.64326,0.64455,1,,,,,,,,,GP3,0.64326,0.64455,0.67917,0.9713,normalised
74.97190046310425,,,0.64285,0.64465,1,,,,,,,,,GP3,0.64285,0.64465,0.67917,0.9713,normalised
74.98634099960327,,,0.64261,0.64424,1,,,,,,,,,GP3,0.64261,0.64424,0.67917,0.9713,normalised
75.00432538986206,,,0.64236,0.644,1,,,,,,,,,GP3,0.64236,0.644,0.67917,0.9713,normalised
75.01883578300476,,,0.64216,0.6455,1,,,,,,,,,GP3,0.64216,0.6455,0.67917,0.9713,normalised
75.03634428977966,,,0.64237,0.64613,1,,,,,,,,,GP3,0.64237,0.64613,0.67917,0.9713,normalised
75.05264925956726,,,0.64253,0.64685,1,,,,,,,,,GP3,0.64253,0.64685,0.67917,0.9713,normalised
75.06818747520447,,,0.64294,0.64788,1,,,,,,,,,GP3,0.64294,0.64788,0.67917,0.9713,normalised
75.08584451675415,,,0.64319,0.64839,1,,,,,,,,,GP3,0.64319,0.64839,0.67917,0.9713,normalised
75.10075545310974,,,0.64346,0.64875,1,,,,,,,,,GP3,0.64346,0.64875,0.67917,0.9713,normalised
75.11851835250854,,,0.64381,0.64904,1,,,,,,,,,GP3,0.64381,0.64904,0.67917,0.9713,normalised
75.13226056098938,,,0.64402,0.64886,1,,,,,,,,,GP3,0.64402,0.64886,0.67917,0.9713,normalised
75.14930319786072,,,0.64427,0.64852,1,,,,,,,,,GP3,0.64427,0.64852,0.67917,0.9713,normalised
75.16487002372742,,,0.64439,0.64777,1,,,,,,,,,GP3,0.64439,0.64777,0.67917,0.9713,normalised
75.18246674537659,,,0.64452,0.64738,1,,,,,,,,,GP3,0.64452,0.64738,0.67917,0.9713,normalised
75.19634985923767,,,0.64462,0.64707,1,,,,,,,,,GP3,0.64462,0.64707,0.67917,0.9713,normalised
75.21311497688293,,,0.64442,0.64762,1,,,,,,,,,GP3,0.64442,0.64762,0.67917,0.9713,normalised
75.23119115829468,,,0.6445,0.6482,1,,,,,,,,,GP3,0.6445,0.6482,0.67917,0.9713,normalised
75.24678254127502,,,0.64457,0.64879,1,,,,,,,,,GP3,0.64457,0.64879,0.67917,0.9713,normalised
75.26365327835083,,,0.6447,0.64984,1,,,,,,,,,GP3,0.6447,0.64984,0.67917,0.9713,normalised
75.27833986282349,,,0.64428,0.65127,1,,,,,,,,,GP3,0.64428,0.65127,0.67917,0.9713,normalised
75.29624128341675,,,0.64389,0.65263,1,,,,,,,,,GP3,0.64389,0.65263,0.67917,0.9713,normalised
75.31071186065674,,,0.64348,0.65358,1,,,,,,,,,GP3,0.64348,0.65358,0.67917,0.9713,normalised
75.32854413986206,,,0.64328,0.65437,1,,,,,,,,,GP3,0.64328,0.65437,0.67917,0.9713,normalised
75.34477615356445,,,0.6431,0.65504,1,,,,,,,,,GP3,0.6431,0.65504,0.67917,0.9713,normalised
75.36092019081116,,,0.64311,0.6557,1,,,,,,,,,GP3,0.64311,0.6557,0.67917,0.9713,normalised
75.3774733543396,,,0.63763,0.68488,0,,,,,,,,,GP3,0.63763,0.68488,0.67917,0.9713,normalised
75.39116024971008,,,0.634,0.68893,0,,,,,,,,,GP3,0.634,0.68893,0.67917,0.9713,normalised
75.40880990028381,,,0.64117,0.68538,0,,,,,,,,,GP3,0.64117,0.68538,0.67917,0.9713,normalised
75.42359447479248,,,0.64974,0.67845,1,,,,,,,,,GP3,0.64974,0.67845,0.67917,0.9713,normalised
75.4406967163086,,,0.65489,0.67422,1,,,,,,,,,GP3,0.65489,0.67422,0.67917,0.9713,normalised
75.45680737495422,,,0.65165,0.67642,1,,,,,,,,,GP3,0.65165,0.67642,0.67917,0.9713,normalised
75.47353935241699,,,0.6509,0.67999,1,,,,,,,,,GP3,0.6509,0.67999,0.67917,0.9713,normalised
75.48843932151794,,,0.65012,0.6835,1,,,,,,,,,GP3,0.65012,0.6835,0.67917,0.9713,normalised
75.50596976280212,,,0.64906,0.68772,1,,,,,,,,,GP3,0.64906,0.68772,0.67917,0.9713,normalised
75.52084875106812,,,0.6476,0.68835,1,,,,,,,,,GP3,0.6476,0.68835,0.67917,0.9713,normalised
75.53721070289612,,,0.64641,0.68889,1,,,,,,,,,GP3,0.64641,0.68889,0.67917,0.9713,normalised
75.55313730239868,,,0.64718,0.68912,1,,,,,,,,,GP3,0.64718,0.68912,0.67917,0.9713,normalised
75.57087254524231,,,0.64761,0.6888,1,,,,,,,,,GP3,0.64761,0.6888,0.67917,0.9713,normalised
75.5857343673706,,,0.64819,0.68778,1,,,,,,,,,GP3,0.64819,0.68778,0.67917,0.9713,normalised
75.6021499633789,,,0.64743,0.6882,1,,,,,,,,,GP3,0.64743,0.6882,0.67917,0.9713,normalised
75.61758947372437,,,0.64699,0.68701,1,,,,,,,,,GP3,0.64699,0.68701,0.67917,0.9713,normalised
75.63303709030151,,,0.64652,0.68626,1,,,,,,,,,GP3,0.64652,0.68626,0.67917,0.9713,normalised
75.64905714988708,,,0.6472,0.68607,1,,,,,,,,,GP3,0.6472,0.68607,0.67917,0.9713,normalised
75.66859436035156,,,0.64733,0.68588,1,,,,,,,,,GP3,0.64733,0.68588,0.67917,0.9713,normalised
75.68412637710571,,,0.64739,0.6859,1,,,,,,,,,GP3,0.64739,0.6859,0.67917,0.9713,normalised
75.69985699653625,,,0.64722,0.68691,1,,,,,,,,,GP3,0.64722,0.68691,0.67917,0.9713,normalised
75.71557188034058,,,0.64728,0.68526,1,,,,,,,,,GP3,0.64728,0.68526,0.67917,0.9713,normalised
75.73022747039795,,,0.64741,0.68351,1,,,,,,,,,GP3,0.64741,0.68351,0.67917,0.9713,normalised
75.74732661247253,,,0.64729,0.68366,1,,,,,,,,,GP3,0.64729,0.68366,0.67917,0.9713,normalised
75.76293277740479,,,0.64712,0.68329,1,,,,,,,,,GP3,0.64712,0.68329,0.67917,0.9713,normalised
75.78080654144287,,,0.64694,0.68302,1,,,,,,,,,GP3,0.64694,0.68302,0.67917,0.9713,normalised
75.79729843139648,,,0.64702,0.68235,1,,,,,,,,,GP3,0.64702,0.68235,0.67917,0.9713,normalised
75.81196427345276,,,0.64692,0.68249,1,,,,,,,,,GP3,0.64692,0.68249,0.67917,0.9713,normalised
75.82883405685425,,,0.64682,0.68269,1,,,,,,,,,GP3,0.64682,0.68269,0.67917,0.9713,normalised
75.84536647796631,,,0.64666,0.68255,1,,,,,,,,,GP3,0.64666,0.68255,0.67917,0.9713,normalised
75.86123752593994,,,0.64655,0.68285,1,,,,,,,,,GP3,0.64655,0.68285,0.67917,0.9713,normalised
75.87567853927612,,,0.6465,0.68291,1,,,,,,,,,GP3,0.6465,0.68291,0.67917,0.9713,normalised
75.89385938644409,,,0.64673,0.68229,1,,,,,,,,,GP3,0.64673,0.68229,0.67917,0.9713,normalised
75.90884637832642,,,0.64659,0.68197,1,,,,,,,,,GP3,0.64659,0.68197,0.67917,0.9713,normalised
75.92603254318237,,,0.64644,0.68172,1,,,,,,,,,GP3,0.64644,0.68172,0.67917,0.9713,normalised
75.94276237487793,,,0.64553,0.68182,1,,,,,,,,,GP3,0.64553,0.68182,0.67917,0.9713,normalised
75.95706057548523,,,0.64446,0.68202,1,,,,,,,,,GP3,0.64446,0.68202,0.67917,0.9713,normalised
75.97359108924866,,,0.64343,0.68235,1,,,,,,,,,GP3,0.64343,0.68235,0.67917,0.9713,normalised
75.99029493331909,,,0.64162,0.6824,1,,,,,,,,,GP3,0.64162,0.6824,0.67917,0.9713,normalised
76.00510668754578,,,0.64026,0.68237,1,,,,,,,,,GP3,0.64026,0.68237,0.67917,0.9713,normalised
76.02274107933044,,,0.63896,0.68234,1,,,,,,,,,GP3,0.63896,0.68234,0.67917,0.9713,normalised
76.03787875175476,,,0.63825,0.68204,1,,,,,,,,,GP3,0.63825,0.68204,0.67917,0.9713,normalised
76.05426573753357,,,0.63832,0.68074,1,,,,,,,,,GP3,0.63832,0.68074,0.67917,0.9713,normalised
76.07086873054504,,,0.63839,0.67942,1,,,,,,,,,GP3,0.63839,0.67942,0.67917,0.9713,normalised
76.08838534355164,,,0.59409,0.67506,0,,,,,,,,,GP3,0.59409,0.67506,0.67917,0.9713,normalised
76.10294556617737,,,0.48582,0.70379,0,,,,,,,,,GP3,0.48582,0.70379,0.67917,0.9713,normalised
76.11945414543152,,,0.45056,0.71655,0,,,,,,,,,GP3,0.45056,0.71655,0.67917,0.9713,normalised
76.13574647903442,,,0.37396,0.73127,0,,,,,,,,,GP3,0.37396,0.73127,0.67917,0.9713,normalised
76.15286827087402,,,0.37678,0.75089,0,,,,,,,,,GP3,0.37678,0.75089,0.67917,0.9713,normalised
76.16737151145935,,,0.378,0.75843,0,,,,,,,,,GP3,0.378,0.75843,0.67917,0.9713,normalised
76.18488144874573,,,0.35686,0.76235,1,,,,,,,,,GP3,0.35686,0.76235,0.67917,0.9713,normalised
76.20140099525452,,,0.34457,0.77392,1,,,,,,,,,GP3,0.34457,0.77392,0.67917,0.9713,normalised
76.2159264087677,,,0.3366,0.78195,1,,,,,,,,,GP3,0.3366,0.78195,0.67917,0.9713,normalised
76.23135185241699,,,0.32166,0.79126,1,,,,,,,,,GP3,0.32166,0.79126,0.67917,0.9713,normalised
76.249178647995,,,0.31185,0.79752,1,,,,,,,,,GP3,0.31185,0.79752,0.67917,0.9713,normalised
76.26495671272278,,,0.30442,0.80269,1,,,,,,,,,GP3,0.30442,0.80269,0.67917,0.9713,normalised
76.2810754776001,,,0.29931,0.80688,1,,,,,,,,,GP3,0.29931,0.80688,0.67917,0.9713,normalised
76.29807543754578,,,0.29241,0.80914,1,,,,,,,,,GP3,0.29241,0.80914,0.67917,0.9713,normalised
76.3126711845398,,,0.28613,0.81031,1,,,,,,,,,GP3,0.28613,0.81031,0.67917,0.9713,normalised
76.3296217918396,,,0.27613,0.81192,1,,,,,,,,,GP3,0.27613,0.81192,0.67917,0.9713,normalised
76.3470356464386,,,0.26577,0.81226,1,,,,,,,,,GP3,0.26577,0.81226,0.67917,0.9713,normalised
76.36382913589478,,,0.22537,0.82489,0,,,,,,,,,GP3,0.22537,0.82489,0.67917,0.9713,normalised
76.37739562988281,,,0.16814,0.8081,0,,,,,,,,,GP3,0.16814,0.8081,0.67917,0.9713,normalised
76.3959321975708,,,0.13299,0.81075,0,,,,,,,,,GP3,0.13299,0.81075,0.67917,0.9713,normalised
76.41355419158936,,,0.07883,0.80787,0,,,,,,,,,GP3,0.07883,0.80787,0.67917,0.9713,normalised
76.42628693580627,,,0.04815,0.82346,0,,,,,,,,,GP3,0.04815,0.82346,0.67917,0.9713,normalised
76.44253206253052,,,0.04001,0.82654,0,,,,,,,,,GP3,0.04001,0.82654,0.67917,0.9713,normalised
76.4599883556366,,,0.03719,0.82906,1,,,,,,,,,GP3,0.03719,0.82906,0.67917,0.9713,normalised
76.4757809638977,,,0.03629,0.83164,1,,,,,,,,,GP3,0.03629,0.83164,0.67917,0.9713,normalised
76.49417400360107,,,0.03649,0.83128,1,,,,,,,,,GP3,0.03649,0.83128,0.67917,0.9713,normalised
76.50713348388672,,,0.03752,0.83175,1,,,,,,,,,GP3,0.03752,0.83175,0.67917,0.9713,normalised
76.52490973472595,,,0.03916,0.83525,1,,,,,,,,,GP3,0.03916,0.83525,0.67917,0.9713,normalised
76.53963327407837,,,0.03984,0.83627,1,,,,,,,,,GP3,0.03984,0.83627,0.67917,0.9713,normalised
76.55596399307251,,,0.04038,0.83708,1,,,,,,,,,GP3,0.04038,0.83708,0.67917,0.9713,normalised
76.57381892204285,,,0.04173,0.83785,1,,,,,,,,,GP3,0.04173,0.83785,0.67917,0.9713,normalised
76.58981037139893,,,0.041,0.84068,1,,,,,,,,,GP3,0.041,0.84068,0.67917,0.9713,normalised
76.60439682006836,,,0.04013,0.84288,1,,,,,,,,,GP3,0.04013,0.84288,0.67917,0.9713,normalised
76.62208127975464,,,0.03531,0.84913,1,,,,,,,,,GP3,0.03531,0.84913,0.67917,0.9713,normalised
76.63772058486938,,,0.03069,0.85293,1,,,,,,,,,GP3,0.03069,0.85293,0.67917,0.9713,normalised
76.65192532539368,,,0.02664,0.85624,1,,,,,,,,,GP3,0.02664,0.85624,0.67917,0.9713,normalised
76.66967272758484,,,0.0236,0.86046,1,,,,,,,,,GP3,0.0236,0.86046,0.67917,0.9713,normalised
76.6843466758728,,,0.02105,0.8642,1,,,,,,,,,GP3,0.02105,0.8642,0.67917,0.9713,normalised
76.70294976234436,,,0.01877,0.86755,1,,,,,,,,,GP3,0.01877,0.86755,0.67917,0.9713,normalised
76.71852326393127,,,0.00263,0.89353,0,,,,,,,,,GP3,0.00263,0.89353,0.67917,0.9713,normalised
76.73335886001587,,,0.02391,0.87844,0,,,,,,,,,GP3,0.02391,0.87844,0.67917,0.9713,normalised
76.74879240989685,,,0.03211,0.87423,0,,,,,,,,,GP3,0.03211,0.87423,0.67917,0.9713,normalised
76.7667396068573,,,0.04843,0.86186,1,,,,,,,,,GP3,0.04843,0.86186,0.67917,0.9713,normalised
76.78200316429138,,,0.05819,0.85518,1,,,,,,,,,GP3,0.05819,0.85518,0.67917,0.9713,normalised
76.79957270622253,,,0.06564,0.85161,1,,,,,,,,,GP3,0.06564,0.85161,0.67917,0.9713,normalised
76.81448793411255,,,0.07149,0.84987,1,,,,,,,,,GP3,0.07149,0.84987,0.67917,0.9713,normalised
76.83189368247986,,,0.07684,0.84719,1,,,,,,,,,GP3,0.07684,0.84719,0.67917,0.9713,normalised
76.84676814079285,,,0.08129,0.84539,1,,,,,,,,,GP3,0.08129,0.84539,0.67917,0.9713,normalised
76.86261916160583,,,0.08555,0.84522,1,,,,,,,,,GP3,0.08555,0.84522,0.67917,0.9713,normalised
76.87953042984009,,,0.08747,0.84539,1,,,,,,,,,GP3,0.08747,0.84539,0.67917,0.9713,normalised
76.89547824859619,,,0.08907,0.84553,1,,,,,,,,,GP3,0.08907,0.84553,0.67917,0.9713,normalised
76.91305804252625,,,0.0904,0.84687,1,,,,,,,,,GP3,0.0904,0.84687,0.67917,0.9713,normalised
76.92976784706116,,,0.09179,0.84791,1,,,,,,,,,GP3,0.09179,0.84791,0.67917,0.9713,normalised
76.94468212127686,,,0.09306,0.84887,1,,,,,,,,,GP3,0.09306,0.84887,0.67917,0.9713,normalised
76.96118521690369,,,0.09461,0.84989,1,,,,,,,,,GP3,0.09461,0.84989,0.67917,0.9713,normalised
76.97792625427246,,,0.09568,0.85091,1,,,,,,,,,GP3,0.09568,0.85091,0.67917,0.9713,normalised
76.99261665344238,,,0.09657,0.85175,1,,,,,,,,,GP3,0.09657,0.85175,0.67917,0.9713,normalised
77.00924396514893,,,0.09749,0.85246,1,,,,,,,,,GP3,0.09749,0.85246,0.67917,0.9713,normalised
77.02606344223022,,,0.09834,0.85243,1,,,,,,,,,GP3,0.09834,0.85243,0.67917,0.9713,normalised
77.04051685333252,,,0.09912,0.85241,1,,,,,,,,,GP3,0.09912,0.85241,0.67917,0.9713,normalised
77.05814456939697,,,0.10008,0.85216,1,,,,,,,,,GP3,0.10008,0.85216,0.67917,0.9713,normalised
77.07511067390442,,,0.10095,0.85245,1,,,,,,,,,GP3,0.10095,0.85245,0.67917,0.9713,normalised
77.08887434005737,,,0.10163,0.85262,1,,,,,,,,,GP3,0.10163,0.85262,0.67917,0.9713,normalised
77.10638403892517,,,0.10366,0.85331,1,,,,,,,,,GP3,0.10366,0.85331,0.67917,0.9713,normalised
77.12390494346619,,,0.15804,0.88839,0,,,,,,,,,GP3,0.15804,0.88839,0.67917,0.9713,normalised
77.13748693466187,,,0.59758,1.35564,0,,,,,,,,,GP3,0.59758,1.35564,0.67917,0.9713,normalised
77.15371942520142,,,0.59758,1.35564,0,,,,,,,,,GP3,0.59758,1.35564,0.67917,0.9713,normalised
77.17455005645752,,,1.03711,1.8229,0,,,,,,,,,GP3,1.03711,1.8229,0.67917,0.9713,normalised
77.18824505805969,,,1.03711,1.8229,0,,,,,,,,,GP3,1.03711,1.8229,0.67917,0.9713,normalised
77.2044243812561,,,1.03711,1.8229,0,,,,,,,,,GP3,1.03711,1.8229,0.67917,0.9713,normalised
77.22046732902527,,,0.0,0.0,0,,,,,,,,,GP3,0.0,0.0,0.67917,0.9713,normalised
77.2378420829773,,,0.0,0.0,0,,,,,,,,,GP3,0.0,0.0,0.67917,0.9713,normalised
77.25148391723633,,,0.0,0.0,0,,,,,,,,,GP3,0.0,0.0,0.67917,0.9713,normalised
77.26825737953186,,,0.0,0.0,0,,,,,,,,,GP3,0.0,0.0,0.67917,0.9713,normalised
77.2886381149292,,,0.0,0.0,0,,,,,,,,,GP3,0.0,0.0,0.67917,0.9713,normalised
77.30257368087769,,,0.0,0.0,0,,,,,,,,,GP3,0.0,0.0,0.67917,0.9713,normalised
77.31924843788147,,,0.0,0.0,0,,,,,,,,,GP3,0.0,0.0,0.67917,0.9713,normalised
77.33570837974548,,,0.0,0.0,0,,,,,,,,,GP3,0.0,0.0,0.67917,0.9713,normalised
77.35069441795349,,,0.0,0.0,0,,,,,,,,,GP3,0.0,0.0,0.67917,0.9713,normalised
77.36753535270691,,,0.0,0.0,0,,,,,,,,,GP3,0.0,0.0,0.67917,0.9713,normalised
77.38362336158752,,,0.0,0.0,0,,,,,,,,,GP3,0.0,0.0,0.67917,0.9713,normalised
77.40038585662842,,,0.0,0.0,0,,,,,,,,,GP3,0.0,0.0,0.67917,0.9713,normalised
77.41607737541199,,,0.0,0.0,0,,,,,,,,,GP3,0.0,0.0,0.67917,0.9713,normalised
77.43072295188904,,,0.0,0.0,0,,,,,,,,,GP3,0.0,0.0,0.67917,0.9713,normalised
77.44886088371277,,,0.06358,0.41733,0,,,,,,,,,GP3,0.06358,0.41733,0.67917,0.9713,normalised
77.46336627006531,,,0.12686,0.84475,0,,,,,,,,,GP3,0.12686,0.84475,0.67917,0.9713,normalised
77.47736883163452,,,0.12398,0.84723,0,,,,,,,,,GP3,0.12398,0.84723,0.67917,0.9713,normalised
77.49407005310059,,,0.12592,0.84638,0,,,,,,,,,GP3,0.12592,0.84638,0.67917,0.9713,normalised
77.51187586784363,,,0.12386,0.84243,1,,,,,,,,,GP3,0.12386,0.84243,0.67917,0.9713,normalised
77.52644467353821,,,0.12234,0.83978,1,,,,,,,,,GP3,0.12234,0.83978,0.67917,0.9713,normalised
77.54284572601318,,,0.12562,0.84107,1,,,,,,,,,GP3,0.12562,0.84107,0.67917,0.9713,normalised
77.55844736099243,,,0.12979,0.84035,1,,,,,,,,,GP3,0.12979,0.84035,0.67917,0.9713,normalised
77.57679033279419,,,0.13338,0.84031,1,,,,,,,,,GP3,0.13338,0.84031,0.67917,0.9713,normalised
77.59323835372925,,,0.13625,0.84055,1,,,,,,,,,GP3,0.13625,0.84055,0.67917,0.9713,normalised
77.60797762870789,,,0.13807,0.84072,1,,,,,,,,,GP3,0.13807,0.84072,0.67917,0.9713,normalised
77.62276077270508,,,0.13947,0.84077,1,,,,,,,,,GP3,0.13947,0.84077,0.67917,0.9713,normalised
77.640451669693,,,0.14036,0.84013,1,,,,,,,,,GP3,0.14036,0.84013,0.67917,0.9713,normalised
77.6574182510376,,,0.1406,0.83965,1,,,,,,,,,GP3,0.1406,0.83965,0.67917,0.9713,normalised
77.67307925224304,,,0.14089,0.83931,1,,,,,,,,,GP3,0.14089,0.83931,0.67917,0.9713,normalised
77.68764805793762,,,0.13982,0.84058,1,,,,,,,,,GP3,0.13982,0.84058,0.67917,0.9713,normalised
77.70444512367249,,,0.13861,0.84098,1,,,,,,,,,GP3,0.13861,0.84098,0.67917,0.9713,normalised
77.72087025642395,,,0.13755,0.84136,1,,,,,,,,,GP3,0.13755,0.84136,0.67917,0.9713,normalised
77.73546123504639,,,0.13651,0.84153,1,,,,,,,,,GP3,0.13651,0.84153,0.67917,0.9713,normalised
77.7526433467865,,,0.13596,0.84107,1,,,,,,,,,GP3,0.13596,0.84107,0.67917,0.9713,normalised
77.76748776435852,,,0.1356,0.84078,1,,,,,,,,,GP3,0.1356,0.84078,0.67917,0.9713,normalised
77.78502893447876,,,0.13541,0.84061,1,,,,,,,,,GP3,0.13541,0.84061,0.67917,0.9713,normalised
77.8019368648529,,,0.13523,0.84076,1,,,,,,,,,GP3,0.13523,0.84076,0.67917,0.9713,normalised
77.81946659088135,,,0.13495,0.84078,1,,,,,,,,,GP3,0.13495,0.84078,0.67917,0.9713,normalised
77.83411645889282,,,0.1345,0.8404,1,,,,,,,,,GP3,0.1345,0.8404,0.67917,0.9713,normalised
77.85122203826904,,,0.13382,0.84084,1,,,,,,,,,GP3,0.13382,0.84084,0.67917,0.9713,normalised
77.86775326728821,,,0.13299,0.84105,1,,,,,,,,,GP3,0.13299,0.84105,0.67917,0.9713,normalised
77.88363456726074,,,0.13208,0.84061,1,,,,,,,,,GP3,0.13208,0.84061,0.67917,0.9713,normalised
77.8984580039978,,,0.13117,0.83992,1,,,,,,,,,GP3,0.13117,0.83992,0.67917,0.9713,normalised
77.91476559638977,,,0.13022,0.83918,1,,,,,,,,,GP3,0.13022,0.83918,0.67917,0.9713,normalised
77.9315710067749,,,0.12955,0.83837,1,,,,,,,,,GP3,0.12955,0.83837,0.67917,0.9713,normalised
77.94581413269043,,,0.12906,0.83761,1,,,,,,,,,GP3,0.12906,0.83761,0.67917,0.9713,normalised
77.9647524356842,,,0.12868,0.83699,1,,,,,,,,,GP3,0.12868,0.83699,0.67917,0.9713,normalised
77.97994256019592,,,0.12824,0.83653,1,,,,,,,,,GP3,0.12824,0.83653,0.67917,0.9713,normalised
77.99553513526917,,,0.12811,0.83646,1,,,,,,,,,GP3,0.12811,0.83646,0.67917,0.9713,normalised
78.01137256622314,,,0.12811,0.83651,1,,,,,,,,,GP3,0.12811,0.83651,0.67917,0.9713,normalised
78.02843260765076,,,0.12783,0.83664,1,,,,,,,,,GP3,0.12783,0.83664,0.67917,0.9713,normalised
78.04526019096375,,,0.12745,0.83695,1,,,,,,,,,GP3,0.12745,0.83695,0.67917,0.9713,normalised
78.06028962135315,,,0.12704,0.83722,1,,,,,,,,,GP3,0.12704,0.83722,0.67917,0.9713,normalised
78.07602500915527,,,0.12657,0.83718,1,,,,,,,,,GP3,0.12657,0.83718,0.67917,0.9713,normalised
78.0920021533966,,,0.1263,0.83712,1,,,,,,,,,GP3,0.1263,0.83712,0.67917,0.9713,normalised
78.10862016677856,,,0.12605,0.83706,1,,,,,,,,,GP3,0.12605,0.83706,0.67917,0.9713,normalised
78.12645125389099,,,0.12574,0.83704,1,,,,,,,,,GP3,0.12574,0.83704,0.67917,0.9713,normalised
78.14098501205444,,,0.12551,0.83721,1,,,,,,,,,GP3,0.12551,0.83721,0.67917,0.9713,normalised
78.15800452232361,,,0.12528,0.83737,1,,,,,,,,,GP3,0.12528,0.83737,0.67917,0.9713,normalised
78.17251777648926,,,0.12535,0.83766,1,,,,,,,,,GP3,0.12535,0.83766,0.67917,0.9713,normalised
78.1891553401947,,,0.12525,0.83799,1,,,,,,,,,GP3,0.12525,0.83799,0.67917,0.9713,normalised
78.2071442604065,,,0.12509,0.83826,1,,,,,,,,,GP3,0.12509,0.83826,0.67917,0.9713,normalised
78.2216546535492,,,0.12503,0.83818,1,,,,,,,,,GP3,0.12503,0.83818,0.67917,0.9713,normalised
78.2376914024353,,,0.12471,0.83802,1,,,,,,,,,GP3,0.12471,0.83802,0.67917,0.9713,normalised
78.25411033630371,,,0.12445,0.83769,1,,,,,,,,,GP3,0.12445,0.83769,0.67917,0.9713,normalised
78.27090287208557,,,0.12399,0.83752,1,,,,,,,,,GP3,0.12399,0.83752,0.67917,0.9713,normalised
78.28490614891052,,,0.12405,0.83761,1,,,,,,,,,GP3,0.12405,0.83761,0.67917,0.9713,normalised
78.30240797996521,,,0.12411,0.83771,1,,,,,,,,,GP3,0.12411,0.83771,0.67917,0.9713,normalised
78.3188955783844,,,0.12343,0.8374,1,,,,,,,,,GP3,0.12343,0.8374,0.67917,0.9713,normalised
78.3359625339508,,,0.12243,0.83743,1,,,,,,,,,GP3,0.12243,0.83743,0.67917,0.9713,normalised
78.35195565223694,,,0.12132,0.83735,1,,,,,,,,,GP3,0.12132,0.83735,0.67917,0.9713,normalised
78.36673665046692,,,0.12032,0.83733,1,,,,,,,,,GP3,0.12032,0.83733,0.67917,0.9713,normalised
78.38246750831604,,,0.11941,0.8371,1,,,,,,,,,GP3,0.11941,0.8371,0.67917,0.9713,normalised
78.40004420280457,,,0.11864,0.83699,1,,,,,,,,,GP3,0.11864,0.83699,0.67917,0.9713,normalised
78.41477465629578,,,0.11804,0.83697,1,,,,,,,,,GP3,0.11804,0.83697,0.67917,0.9713,normalised
78.43103814125061,,,0.11763,0.83701,1,,,,,,,,,GP3,0.11763,0.83701,0.67917,0.9713,normalised
78.44852495193481,,,0.11723,0.83705,1,,,,,,,,,GP3,0.11723,0.83705,0.67917,0.9713,normalised
78.46631956100464,,,0.11703,0.83671,1,,,,,,,,,GP3,0.11703,0.83671,0.67917,0.9713,normalised
78.47994112968445,,,0.11704,0.83655,1,,,,,,,,,GP3,0.11704,0.83655,0.67917,0.9713,normalised
78.49746346473694,,,0.11703,0.83636,1,,,,,,,,,GP3,0.11703,0.83636,0.67917,0.9713,normalised
78.51255178451538,,,0.11686,0.83589,1,,,,,,,,,GP3,0.11686,0.83589,0.67917,0.9713,normalised
78.5299608707428,,,0.11676,0.83597,1,,,,,,,,,GP3,0.11676,0.83597,0.67917,0.9713,normalised
78.54634094238281,,,0.11666,0.83604,1,,,,,,,,,GP3,0.11666,0.83604,0.67917,0.9713,normalised
78.56099438667297,,,0.11738,0.83538,1,,,,,,,,,GP3,0.11738,0.83538,0.67917,0.9713,normalised
78.58197331428528,,,0.1153,0.83676,1,,,,,,,,,GP3,0.1153,0.83676,0.67917,0.9713,normalised
78.59539365768433,,,0.11334,0.83823,1,,,,,,,,,GP3,0.11334,0.83823,0.67917,0.9713,normalised
78.61201167106628,,,0.11759,0.83362,1,,,,,,,,,GP3,0.11759,0.83362,0.67917,0.9713,normalised
78.62677335739136,,,0.14275,0.80702,0,,,,,,,,,GP3,0.14275,0.80702,0.67917,0.9713,normalised
78.64447331428528,,,0.22935,0.70187,0,,,,,,,,,GP3,0.22935,0.70187,0.67917,0.9713,normalised
78.65959763526917,,,0.26892,0.66361,0,,,,,,,,,GP3,0.26892,0.66361,0.67917,0.9713,normalised
78.67451786994934,,,0.33764,0.59718,0,,,,,,,,,GP3,0.33764,0.59718,0.67917,0.9713,normalised
78.69231867790222,,,0.34255,0.59936,0,,,,,,,,,GP3,0.34255,0.59936,0.67917,0.9713,normalised
78.70685696601868,,,0.34425,0.58169,0,,,,,,,,,GP3,0.34425,0.58169,0.67917,0.9713,normalised
78.72378897666931,,,0.34578,0.58245,1,,,,,,,,,GP3,0.34578,0.58245,0.67917,0.9713,normalised
78.74070477485657,,,0.34659,0.58252,1,,,,,,,,,GP3,0.34659,0.58252,0.67917,0.9713,normalised
78.7557110786438,,,0.34755,0.58301,1,,,,,,,,,GP3,0.34755,0.58301,0.67917,0.9713,normalised
78.77301335334778,,,0.35065,0.58267,1,,,,,,,,,GP3,0.35065,0.58267,0.67917,0.9713,normalised
78.78907561302185,,,0.35319,0.58347,1,,,,,,,,,GP3,0.35319,0.58347,0.67917,0.9713,normalised
78.8065254688263,,,0.35282,0.58595,1,,,,,,,,,GP3,0.35282,0.58595,0.67917,0.9713,normalised
78.82115602493286,,,0.35075,0.58848,1,,,,,,,,,GP3,0.35075,0.58848,0.67917,0.9713,normalised
78.8359022140503,,,0.34892,0.58998,1,,,,,,,,,GP3,0.34892,0.58998,0.67917,0.9713,normalised
78.85150098800659,,,0.35119,0.58942,1,,,,,,,,,GP3,0.35119,0.58942,0.67917,0.9713,normalised
78.86907124519348,,,0.35109,0.58475,1,,,,,,,,,GP3,0.35109,0.58475,0.67917,0.9713,normalised
78.88423752784729,,,0.35097,0.58059,1,,,,,,,,,GP3,0.35097,0.58059,0.67917,0.9713,normalised
78.90177607536316,,,0.35226,0.57755,1,,,,,,,,,GP3,0.35226,0.57755,0.67917,0.9713,normalised
78.91637444496155,,,0.35167,0.57807,1,,,,,,,,,GP3,0.35167,0.57807,0.67917,0.9713,normalised
78.93316411972046,,,0.35127,0.57902,1,,,,,,,,,GP3,0.35127,0.57902,0.67917,0.9713,normalised
78.95104956626892,,,0.35169,0.57837,1,,,,,,,,,GP3,0.35169,0.57837,0.67917,0.9713,normalised
78.96498847007751,,,0.35205,0.57816,1,,,,,,,,,GP3,0.35205,0.57816,0.67917,0.9713,normalised
78.98137140274048,,,0.35232,0.57776,1,,,,,,,,,GP3,0.35232,0.57776,0.67917,0.9713,normalised
78.99772357940674,,,0.35351,0.57942,1,,,,,,,,,GP3,0.35351,0.57942,0.67917,0.9713,normalised
79.01563000679016,,,0.35464,0.57896,1,,,,,,,,,GP3,0.35464,0.57896,0.67917,0.9713,normalised
79.03035545349121,,,0.35566,0.57855,1,,,,,,,,,GP3,0.35566,0.57855,0.67917,0.9713,normalised
79.04766654968262,,,0.35572,0.57968,1,,,,,,,,,GP3,0.35572,0.57968,0.67917,0.9713,normalised
79.0647804737091,,,0.35598,0.58193,1,,,,,,,,,GP3,0.35598,0.58193,0.67917,0.9713,normalised
79.07924151420593,,,0.35624,0.58408,1,,,,,,,,,GP3,0.35624,0.58408,0.67917,0.9713,normalised
79.0957715511322,,,0.35679,0.58503,1,,,,,,,,,GP3,0.35679,0.58503,0.67917,0.9713,normalised
79.11165761947632,,,0.35595,0.58739,1,,,,,,,,,GP3,0.35595,0.58739,0.67917,0.9713,normalised
79.12658643722534,,,0.35515,0.58958,1,,,,,,,,,GP3,0.35515,0.58958,0.67917,0.9713,normalised
79.14468026161194,,,0.35896,0.58811,1,,,,,,,,,GP3,0.35896,0.58811,0.67917,0.9713,normalised
79.16130542755127,,,0.36234,0.58709,1,,,,,,,,,GP3,0.36234,0.58709,0.67917,0.9713,normalised
79.17534518241882,,,0.3875,0.60044,0,,,,,,,,,GP3,0.3875,0.60044,0.67917,0.9713,normalised
79.19455766677856,,,0.43364,0.57058,0,,,,,,,,,GP3,0.43364,0.57058,0.67917,0.9713,normalised
79.20950865745544,,,0.44916,0.5634,0,,,,,,,,,GP3,0.44916,0.5634,0.67917,0.9713,normalised
79.22624444961548,,,0.47996,0.54347,0,,,,,,,,,GP3,0.47996,0.54347,0.67917,0.9713,normalised
79.24276971817017,,,0.48449,0.51965,0,,,,,,,,,GP3,0.48449,0.51965,0.67917,0.9713,normalised
79.25780630111694,,,0.48319,0.4923,0,,,,,,,,,GP3,0.48319,0.4923,0.67917,0.9713,normalised
79.27431511878967,,,0.48255,0.4811,1,,,,,,,,,GP3,0.48255,0.4811,0.67917,0.9713,normalised
79.28886699676514,,,0.50939,0.46435,1,,,,,,,,,GP3,0.50939,0.46435,0.67917,0.9713,normalised
79.30559349060059,,,0.52598,0.45612,1,,,,,,,,,GP3,0.52598,0.45612,0.67917,0.9713,normalised
79.32257127761841,,,0.53756,0.45246,1,,,,,,,,,GP3,0.53756,0.45246,0.67917,0.9713,normalised
79.33895564079285,,,0.55443,0.43415,1,,,,,,,,,GP3,0.55443,0.43415,0.67917,0.9713,normalised
79.35522985458374,,,0.56587,0.42202,1,,,,,,,,,GP3,0.56587,0.42202,0.67917,0.9713,normalised
79.36985230445862,,,0.57502,0.41232,1,,,,,,,,,GP3,0.57502,0.41232,0.67917,0.9713,normalised
79.38657975196838,,,0.59345,0.39674,1,,,,,,,,,GP3,0.59345,0.39674,0.67917,0.9713,normalised
79.40429019927979,,,0.60849,0.38194,1,,,,,,,,,GP3,0.60849,0.38194,0.67917,0.9713,normalised
79.41944646835327,,,0.62121,0.36941,1,,,,,,,,,GP3,0.62121,0.36941,0.67917,0.9713,normalised
79.43701457977295,,,0.65735,0.33186,0,,,,,,,,,GP3,0.65735,0.33186,0.67917,0.9713,normalised
79.45038151741028,,,0.71961,0.30904,0,,,,,,,,,GP3,0.71961,0.30904,0.67917,0.9713,normalised
79.46652793884277,,,0.74036,0.30143,0,,,,,,,,,GP3,0.74036,0.30143,0.67917,0.9713,normalised
79.48415493965149,,,0.79265,0.23832,0,,,,,,,,,GP3,0.79265,0.23832,0.67917,0.9713,normalised
79.50132513046265,,,0.80266,0.25589,0,,,,,,,,,GP3,0.80266,0.25589,0.67917,0.9713,normalised
79.51482629776001,,,0.806,0.26175,0,,,,,,,,,GP3,0.806,0.26175,0.67917,0.9713,normalised
79.53301429748535,,,0.81013,0.26542,1,,,,,,,,,GP3,0.81013,0.26542,0.67917,0.9713,normalised
79.54818725585938,,,0.81421,0.24105,1,,,,,,,,,GP3,0.81421,0.24105,0.67917,0.9713,normalised
79.56286835670471,,,0.81791,0.22112,1,,,,,,,,,GP3,0.81791,0.22112,0.67917,0.9713,normalised
79.57939767837524,,,0.82177,0.20324,1,,,,,,,,,GP3,0.82177,0.20324,0.67917,0.9713,normalised
79.59567523002625,,,0.82599,0.18647,1,,,,,,,,,GP3,0.82599,0.18647,0.67917,0.9713,normalised
79.6118061542511,,,0.83014,0.17023,1,,,,,,,,,GP3,0.83014,0.17023,0.67917,0.9713,normalised
79.62842607498169,,,0.83285,0.15679,1,,,,,,,,,GP3,0.83285,0.15679,0.67917,0.9713,normalised
79.64536237716675,,,0.83478,0.14591,1,,,,,,,,,GP3,0.83478,0.14591,0.67917,0.9713,normalised
79.66013073921204,,,0.83639,0.13684,1,,,,,,,,,GP3,0.83639,0.13684,0.67917,0.9713,normalised
79.67654037475586,,,0.83948,0.12873,1,,,,,,,,,GP3,0.83948,0.12873,0.67917,0.9713,normalised
79.69425511360168,,,0.8419,0.12202,1,,,,,,,,,GP3,0.8419,0.12202,0.67917,0.9713,normalised
79.71054339408875,,,0.85349,0.07981,0,,,,,,,,,GP3,0.85349,0.07981,0.67917,0.9713,normalised
79.7270781993866,,,0.8564,0.05802,0,,,,,,,,,GP3,0.8564,0.05802,0.67917,0.9713,normalised
79.74161028862,,,0.86286,0.05082,0,,,,,,,,,GP3,0.86286,0.05082,0.67917,0.9713,normalised
79.75858688354492,,,0.86533,0.05012,1,,,,,,,,,GP3,0.86533,0.05012,0.67917,0.9713,normalised
79.77424788475037,,,0.86398,0.05582,1,,,,,,,,,GP3,0.86398,0.05582,0.67917,0.9713,normalised
79.79208660125732,,,0.86346,0.0577,1,,,,,,,,,GP3,0.86346,0.0577,0.67917,0.9713,normalised
79.80815625190735,,,0.86937,0.03437,1,,,,,,,,,GP3,0.86937,0.03437,0.67917,0.9713,normalised
79.82268476486206,,,0.87912,0.00552,1,,,,,,,,,GP3,0.87912,0.00552,0.67917,0.9713,normalised
79.83927607536316,,,0.89348,-0.0624,1,,,,,,,,,GP3,0.89348,-0.0624,0.67917,0.9713,normalised
79.85714077949524,,,0.91643,-0.16604,0,,,,,,,,,GP3,0.91643,-0.16604,0.67917,0.9713,normalised
79.87091493606567,,,1.00319,-0.42239,0,,,,,,,,,GP3,1.00319,-0.42239,0.67917,0.9713,normalised
79.88745045661926,,,1.02839,-0.57265,0,,,,,,,,,GP3,1.02839,-0.57265,0.67917,0.9713,normalised
79.9036192893982,,,1.0697,-0.74409,0,,,,,,,,,GP3,1.0697,-0.74409,0.67917,0.9713,normalised
79.9212281703949,,,1.0697,-0.74409,0,,,,,,,,,GP3,1.0697,-0.74409,0.67917,0.9713,normalised
79.93838286399841,,,1.0697,-0.74409,0,,,,,,,,,GP3,1.0697,-0.74409,0.67917,0.9713,normalised
79.95235419273376,,,0.0,0.0,0,,,,,,,,,GP3,0.0,0.0,0.67917,0.9713,normalised
79.97073602676392,,,0.0,0.0,0,,,,,,,,,GP3,0.0,0.0,0.67917,0.9713,normalised
79.98750066757202,,,0.0,0.0,0,,,,,,,,,GP3,0.0,0.0,0.67917,0.9713,normalised
80.00721025466919,,,0.0,0.0,0,,,,,,,,,GP3,0.0,0.0,0.67917,0.9713,normalised
80.02063918113708,,,0.0,0.0,0,,,,,,,,,GP3,0.0,0.0,0.67917,0.9713,normalised
80.03531455993652,,,0.0,0.0,0,,,,,,,,,GP3,0.0,0.0,0.67917,0.9713,normalised
80.05294632911682,,,0.0,0.0,0,,,,,,,,,GP3,0.0,0.0,0.67917,0.9713,normalised
80.06744718551636,,,0.0,0.0,0,,,,,,,,,GP3,0.0,0.0,0.67917,0.9713,normalised
80.08537817001343,,,0.0,0.0,0,,,,,,,,,GP3,0.0,0.0,0.67917,0.9713,normalised
80.10114073753357,,,0.0,0.0,0,,,,,,,,,GP3,0.0,0.0,0.67917,0.9713,normalised
80.11785626411438,,,0.0,0.0,0,,,,,,,,,GP3,0.0,0.0,0.67917,0.9713,normalised
80.13327217102051,,,0.0,0.0,0,,,,,,,,,GP3,0.0,0.0,0.67917,0.9713,normalised
80.14940047264099,,,0.0,0.0,0,,,,,,,,,GP3,0.0,0.0,0.67917,0.9713,normalised
80.16213059425354,,,0.41234,0.08603,0,,,,,,,,,GP3,0.41234,0.08603,0.67917,0.9713,normalised
80.17972254753113,,,0.55044,0.11351,0,,,,,,,,,GP3,0.55044,0.11351,0.67917,0.9713,normalised
80.19517350196838,,,0.82815,0.16168,0,,,,,,,,,GP3,0.82815,0.16168,0.67917,0.9713,normalised
80.21256136894226,,,0.84006,0.14268,0,,,,,,,,,GP3,0.84006,0.14268,0.67917,0.9713,normalised
80.22800946235657,,,0.84549,0.134,0,,,,,,,,,GP3,0.84549,0.134,0.67917,0.9713,normalised
80.244619846344,,,0.84778,0.13124,1,,,,,,,,,GP3,0.84778,0.13124,0.67917,0.9713,normalised
80.25985097885132,,,0.84708,0.13153,1,,,,,,,,,GP3,0.84708,0.13153,0.67917,0.9713,normalised
80.27749443054199,,,0.8445,0.13434,1,,,,,,,,,GP3,0.8445,0.13434,0.67917,0.9713,normalised
80.29215693473816,,,0.84238,0.13729,1,,,,,,,,,GP3,0.84238,0.13729,0.67917,0.9713,normalised
80.30983543395996,,,0.84176,0.13484,1,,,,,,,,,GP3,0.84176,0.13484,0.67917,0.9713,normalised
80.32373666763306,,,0.84218,0.13055,1,,,,,,,,,GP3,0.84218,0.13055,0.67917,0.9713,normalised
80.34128928184509,,,0.84299,0.12543,1,,,,,,,,,GP3,0.84299,0.12543,0.67917,0.9713,normalised
80.3582980632782,,,0.84359,0.12284,1,,,,,,,,,GP3,0.84359,0.12284,0.67917,0.9713,normalised
80.37292265892029,,,0.84366,0.1229,1,,,,,,,,,GP3,0.84366,0.1229,0.67917,0.9713,normalised
80.38861179351807,,,0.84365,0.12321,1,,,,,,,,,GP3,0.84365,0.12321,0.67917,0.9713,normalised
80.40819692611694,,,0.8441,0.12179,1,,,,,,,,,GP3,0.8441,0.12179,0.67917,0.9713,normalised
80.42199420928955,,,0.84431,0.11983,1,,,,,,,,,GP3,0.84431,0.11983,0.67917,0.9713,normalised
80.43951416015625,,,0.84457,0.1179,1,,,,,,,,,GP3,0.84457,0.1179,0.67917,0.9713,normalised
80.45348525047302,,,0.84403,0.11666,1,,,,,,,,,GP3,0.84403,0.11666,0.67917,0.9713,normalised
80.47045397758484,,,0.84353,0.11685,1,,,,,,,,,GP3,0.84353,0.11685,0.67917,0.9713,normalised
80.48545360565186,,,0.84274,0.11832,1,,,,,,,,,GP3,0.84274,0.11832,0.67917,0.9713,normalised
80.50207567214966,,,0.8423,0.1203,1,,,,,,,,,GP3,0.8423,0.1203,0.67917,0.9713,normalised
80.5189642906189,,,0.84129,0.12264,1,,,,,,,,,GP3,0.84129,0.12264,0.67917,0.9713,normalised
80.53456473350525,,,0.84033,0.12491,1,,,,,,,,,GP3,0.84033,0.12491,0.67917,0.9713,normalised
80.55041313171387,,,0.84015,0.12608,1,,,,,,,,,GP3,0.84015,0.12608,0.67917,0.9713,normalised
80.5670964717865,,,0.84006,0.12709,1,,,,,,,,,GP3,0.84006,0.12709,0.67917,0.9713,normalised
80.58453345298767,,,0.84012,0.12749,1,,,,,,,,,GP3,0.84012,0.12749,0.67917,0.9713,normalised
80.59820127487183,,,0.84004,0.12778,1,,,,,,,,,GP3,0.84004,0.12778,0.67917,0.9713,normalised
80.615638256073,,,0.84006,0.1274,1,,,,,,,,,GP3,0.84006,0.1274,0.67917,0.9713,normalised
80.63151288032532,,,0.84008,0.12705,1,,,,,,,,,GP3,0.84008,0.12705,0.67917,0.9713,normalised
80.64789152145386,,,0.83974,0.12735,1,,,,,,,,,GP3,0.83974,0.12735,0.67917,0.9713,normalised
80.66550135612488,,,0.83989,0.12736,1,,,,,,,,,GP3,0.83989,0.12736,0.67917,0.9713,normalised
80.679842710495,,,0.84003,0.12737,1,,,,,,,,,GP3,0.84003,0.12737,0.67917,0.9713,normalised
80.69655299186707,,,0.83965,0.12691,1,,,,,,,,,GP3,0.83965,0.12691,0.67917,0.9713,normalised
80.71115565299988,,,0.83903,0.12708,1,,,,,,,,,GP3,0.83903,0.12708,0.67917,0.9713,normalised
80.72990274429321,,,0.83845,0.12724,1,,,,,,,,,GP3,0.83845,0.12724,0.67917,0.9713,normalised
80.74561142921448,,,0.8387,0.12701,1,,,,,,,,,GP3,0.8387,0.12701,0.67917,0.9713,normalised
80.76287984848022,,,0.8388,0.12697,1,,,,,,,,,GP3,0.8388,0.12697,0.67917,0.9713,normalised
80.77766466140747,,,0.83889,0.12693,1,,,,,,,,,GP3,0.83889,0.12693,0.67917,0.9713,normalised
80.79429817199707,,,0.8389,0.12691,1,,,,,,,,,GP3,0.8389,0.12691,0.67917,0.9713,normalised
80.81094074249268,,,0.83889,0.12691,1,,,,,,,,,GP3,0.83889,0.12691,0.67917,0.9713,normalised
80.8272180557251,,,0.83887,0.12691,1,,,,,,,,,GP3,0.83887,0.12691,0.67917,0.9713,normalised
80.84303426742554,,,0.83859,0.12708,1,,,,,,,,,GP3,0.83859,0.12708,0.67917,0.9713,normalised
80.86076807975769,,,0.83829,0.12717,1,,,,,,,,,GP3,0.83829,0.12717,0.67917,0.9713,normalised
80.87535619735718,,,0.83799,0.12727,1,,,,,,,,,GP3,0.83799,0.12727,0.67917,0.9713,normalised
80.8921549320221,,,0.83817,0.1275,1,,,,,,,,,GP3,0.83817,0.1275,0.67917,0.9713,normalised
80.90686345100403,,,0.83835,0.12758,1,,,,,,,,,GP3,0.83835,0.12758,0.67917,0.9713,normalised
80.92148327827454,,,0.83852,0.12766,1,,,,,,,,,GP3,0.83852,0.12766,0.67917,0.9713,normalised
80.93900418281555,,,0.83849,0.12773,1,,,,,,,,,GP3,0.83849,0.12773,0.67917,0.9713,normalised
80.95605826377869,,,0.83852,0.12789,1,,,,,,,,,GP3,0.83852,0.12789,0.67917,0.9713,normalised
80.97061419487,,,0.83882,0.1271,1,,,,,,,,,GP3,0.83882,0.1271,0.67917,0.9713,normalised
80.98702645301819,,,0.83875,0.12688,1,,,,,,,,,GP3,0.83875,0.12688,0.67917,0.9713,normalised
81.0035490989685,,,0.83874,0.12664,1,,,,,,,,,GP3,0.83874,0.12664,0.67917,0.9713,normalised
81.02015328407288,,,0.83878,0.12619,1,,,,,,,,,GP3,0.83878,0.12619,0.67917,0.9713,normalised
81.03568387031555,,,0.83879,0.12561,1,,,,,,,,,GP3,0.83879,0.12561,0.67917,0.9713,normalised
81.05293941497803,,,0.839,0.12499,1,,,,,,,,,GP3,0.839,0.12499,0.67917,0.9713,normalised
81.067378282547,,,0.83915,0.12453,1,,,,,,,,,GP3,0.83915,0.12453,0.67917,0.9713,normalised
81.08490014076233,,,0.83912,0.12476,1,,,,,,,,,GP3,0.83912,0.12476,0.67917,0.9713,normalised
81.09942150115967,,,0.83893,0.12534,1,,,,,,,,,GP3,0.83893,0.12534,0.67917,0.9713,normalised
81.11613631248474,,,0.83871,0.12605,1,,,,,,,,,GP3,0.83871,0.12605,0.67917,0.9713,normalised
81.13264346122742,,,0.83858,0.12605,1,,,,,,,,,GP3,0.83858,0.12605,0.67917,0.9713,normalised
81.14870953559875,,,0.83865,0.12524,1,,,,,,,,,GP3,0.83865,0.12524,0.67917,0.9713,normalised
81.16542935371399,,,0.83877,0.12428,1,,,,,,,,,GP3,0.83877,0.12428,0.67917,0.9713,normalised
81.18307828903198,,,0.83838,0.12666,1,,,,,,,,,GP3,0.83838,0.12666,0.67917,0.9713,normalised
81.19790005683899,,,0.83799,0.12968,1,,,,,,,,,GP3,0.83799,0.12968,0.67917,0.9713,normalised
81.21532964706421,,,0.83749,0.13305,1,,,,,,,,,GP3,0.83749,0.13305,0.67917,0.9713,normalised
81.23135113716125,,,0.83697,0.13621,1,,,,,,,,,GP3,0.83697,0.13621,0.67917,0.9713,normalised
81.24901556968689,,,0.83511,0.13823,1,,,,,,,,,GP3,0.83511,0.13823,0.67917,0.9713,normalised
81.26334595680237,,,0.81969,0.16883,0,,,,,,,,,GP3,0.81969,0.16883,0.67917,0.9713,normalised
81.2781834602356,,,0.76312,0.24023,0,,,,,,,,,GP3,0.76312,0.24023,0.67917,0.9713,normalised
81.29386234283447,,,0.74489,0.26843,0,,,,,,,,,GP3,0.74489,0.26843,0.67917,0.9713,normalised
81.3103187084198,,,0.70701,0.32417,0,,,,,,,,,GP3,0.70701,0.32417,0.67917,0.9713,normalised
81.32712817192078,,,0.70338,0.32532,0,,,,,,,,,GP3,0.70338,0.32532,0.67917,0.9713,normalised
81.3436450958252,,,0.70094,0.32937,0,,,,,,,,,GP3,0.70094,0.32937,0.67917,0.9713,normalised
81.3596875667572,,,0.69972,0.3314,1,,,,,,,,,GP3,0.69972,0.3314,0.67917,0.9713,normalised
81.37642765045166,,,0.69902,0.33302,1,,,,,,,,,GP3,0.69902,0.33302,0.67917,0.9713,normalised
81.39280557632446,,,0.69977,0.33429,1,,,,,,,,,GP3,0.69977,0.33429,0.67917,0.9713,normalised
81.40893292427063,,,0.70056,0.33398,1,,,,,,,,,GP3,0.70056,0.33398,0.67917,0.9713,normalised
81.42662048339844,,,0.70152,0.32778,1,,,,,,,,,GP3,0.70152,0.32778,0.67917,0.9713,normalised
81.4410891532898,,,0.70305,0.32061,1,,,,,,,,,GP3,0.70305,0.32061,0.67917,0.9713,normalised
81.45716047286987,,,0.70451,0.31369,1,,,,,,,,,GP3,0.70451,0.31369,0.67917,0.9713,normalised
81.47377419471741,,,0.70547,0.3095,1,,,,,,,,,GP3,0.70547,0.3095,0.67917,0.9713,normalised
81.48904585838318,,,0.70627,0.30565,1,,,,,,,,,GP3,0.70627,0.30565,0.67917,0.9713,normalised
81.50671935081482,,,0.7068,0.30306,1,,,,,,,,,GP3,0.7068,0.30306,0.67917,0.9713,normalised
81.5202567577362,,,0.70637,0.3026,1,,,,,,,,,GP3,0.70637,0.3026,0.67917,0.9713,normalised
81.53782176971436,,,0.7058,0.30264,1,,,,,,,,,GP3,0.7058,0.30264,0.67917,0.9713,normalised
81.55318713188171,,,0.70516,0.30338,1,,,,,,,,,GP3,0.70516,0.30338,0.67917,0.9713,normalised
81.56978344917297,,,0.70477,0.30382,1,,,,,,,,,GP3,0.70477,0.30382,0.67917,0.9713,normalised
81.58576321601868,,,0.7044,0.3044,1,,,,,,,,,GP3,0.7044,0.3044,0.67917,0.9713,normalised
81.60227560997009,,,0.70407,0.30492,1,,,,,,,,,GP3,0.70407,0.30492,0.67917,0.9713,normalised
81.61940217018127,,,0.70353,0.30566,1,,,,,,,,,GP3,0.70353,0.30566,0.67917,0.9713,normalised
81.63724708557129,,,0.70327,0.30593,1,,,,,,,,,GP3,0.70327,0.30593,0.67917,0.9713,normalised
81.65019416809082,,,0.70296,0.30654,1,,,,,,,,,GP3,0.70296,0.30654,0.67917,0.9713,normalised
81.6671576499939,,,0.70304,0.30725,1,,,,,,,,,GP3,0.70304,0.30725,0.67917,0.9713,normalised
81.68522095680237,,,0.70273,0.30926,1,,,,,,,,,GP3,0.70273,0.30926,0.67917,0.9713,normalised
81.69893479347229,,,0.70242,0.31121,1,,,,,,,,,GP3,0.70242,0.31121,0.67917,0.9713,normalised
81.71557307243347,,,0.70288,0.31151,1,,,,,,,,,GP3,0.70288,0.31151,0.67917,0.9713,normalised
81.7304413318634,,,0.70265,0.31218,1,,,,,,,,,GP3,0.70265,0.31218,0.67917,0.9713,normalised
81.74781584739685,,,0.70247,0.31271,1,,,,,,,,,GP3,0.70247,0.31271,0.67917,0.9713,normalised
81.76293635368347,,,0.70329,0.3123,1,,,,,,,,,GP3,0.70329,0.3123,0.67917,0.9713,normalised
81.78081727027893,,,0.70382,0.31237,1,,,,,,,,,GP3,0.70382,0.31237,0.67917,0.9713,normalised
81.79585266113281,,,0.7043,0.31252,1,,,,,,,,,GP3,0.7043,0.31252,0.67917,0.9713,normalised
81.81250095367432,,,0.7044,0.31346,1,,,,,,,,,GP3,0.7044,0.31346,0.67917,0.9713,normalised
81.82858943939209,,,0.70465,0.3137,1,,,,,,,,,GP3,0.70465,0.3137,0.67917,0.9713,normalised
81.84529995918274,,,0.7049,0.31385,1,,,,,,,,,GP3,0.7049,0.31385,0.67917,0.9713,normalised
81.86299180984497,,,0.70533,0.31431,1,,,,,,,,,GP3,0.70533,0.31431,0.67917,0.9713,normalised
81.87744665145874,,,0.70568,0.31485,1,,,,,,,,,GP3,0.70568,0.31485,0.67917,0.9713,normalised
81.89473152160645,,,0.70594,0.31564,1,,,,,,,,,GP3,0.70594,0.31564,0.67917,0.9713,normalised
81.90938401222229,,,0.70586,0.31685,1,,,,,,,,,GP3,0.70586,0.31685,0.67917,0.9713,normalised
81.92618298530579,,,0.70558,0.31782,1,,,,,,,,,GP3,0.70558,0.31782,0.67917,0.9713,normalised
81.94357538223267,,,0.70532,0.31874,1,,,,,,,,,GP3,0.70532,0.31874,0.67917,0.9713,normalised
81.95750379562378,,,0.7041,0.32109,1,,,,,,,,,GP3,0.7041,0.32109,0.67917,0.9713,normalised
81.97502446174622,,,0.698,0.35309,0,,,,,,,,,GP3,0.698,0.35309,0.67917,0.9713,normalised
81.99155831336975,,,0.6614,0.39079,0,,,,,,,,,GP3,0.6614,0.39079,0.67917,0.9713,normalised
82.00623607635498,,,0.61773,0.44663,0,,,,,,,,,GP3,0.61773,0.44663,0.67917,0.9713,normalised
82.0237500667572,,,0.56338,0.51164,0,,,,,,,,,GP3,0.56338,0.51164,0.67917,0.9713,normalised
82.03999638557434,,,0.5496,0.51957,0,,,,,,,,,GP3,0.5496,0.51957,0.67917,0.9713,normalised
82.05499053001404,,,0.54047,0.51533,0,,,,,,,,,GP3,0.54047,0.51533,0.67917,0.9713,normalised
82.0706000328064,,,0.53465,0.51563,1,,,,,,,,,GP3,0.53465,0.51563,0.67917,0.9713,normalised
82.08631801605225,,,0.53115,0.51622,1,,,,,,,,,GP3,0.53115,0.51622,0.67917,0.9713,normalised
82.10407447814941,,,0.52601,0.51809,1,,,,,,,,,GP3,0.52601,0.51809,0.67917,0.9713,normalised
82.1217212677002,,,0.52118,0.52095,1,,,,,,,,,GP3,0.52118,0.52095,0.67917,0.9713,normalised
82.1386308670044,,,0.51755,0.52365,1,,,,,,,,,GP3,0.51755,0.52365,0.67917,0.9713,normalised
82.15192556381226,,,0.51493,0.52578,1,,,,,,,,,GP3,0.51493,0.52578,0.67917,0.9713,normalised
82.16864013671875,,,0.51238,0.52667,1,,,,,,,,,GP3,0.51238,0.52667,0.67917,0.9713,normalised
82.18479013442993,,,0.51029,0.52683,1,,,,,,,,,GP3,0.51029,0.52683,0.67917,0.9713,normalised
82.20053267478943,,,0.50854,0.5278,1,,,,,,,,,GP3,0.50854,0.5278,0.67917,0.9713,normalised
82.21586775779724,,,0.50638,0.52975,1,,,,,,,,,GP3,0.50638,0.52975,0.67917,0.9713,normalised
82.23232746124268,,,0.50453,0.53141,1,,,,,,,,,GP3,0.50453,0.53141,0.67917,0.9713,normalised
82.24936246871948,,,0.50276,0.53148,1,,,,,,,,,GP3,0.50276,0.53148,0.67917,0.9713,normalised
82.26688647270203,,,0.50092,0.53235,1,,,,,,,,,GP3,0.50092,0.53235,0.67917,0.9713,normalised
82.28140425682068,,,0.49929,0.53312,1,,,,,,,,,GP3,0.49929,0.53312,0.67917,0.9713,normalised
82.29894161224365,,,0.49764,0.53463,1,,,,,,,,,GP3,0.49764,0.53463,0.67917,0.9713,normalised
82.31365466117859,,,0.49624,0.5351,1,,,,,,,,,GP3,0.49624,0.5351,0.67917,0.9713,normalised
82.33004665374756,,,0.49498,0.53563,1,,,,,,,,,GP3,0.49498,0.53563,0.67917,0.9713,normalised
82.34757924079895,,,0.49427,0.53801,1,,,,,,,,,GP3,0.49427,0.53801,0.67917,0.9713,normalised
82.36387276649475,,,0.49276,0.53988,1,,,,,,,,,GP3,0.49276,0.53988,0.67917,0.9713,normalised
82.38031220436096,,,0.49137,0.54151,1,,,,,,,,,GP3,0.49137,0.54151,0.67917,0.9713,normalised
82.39782762527466,,,0.49062,0.54177,1,,,,,,,,,GP3,0.49062,0.54177,0.67917,0.9713,normalised
82.41234493255615,,,0.48933,0.54252,1,,,,,,,,,GP3,0.48933,0.54252,0.67917,0.9713,normalised
82.42687606811523,,,0.48813,0.54314,1,,,,,,,,,GP3,0.48813,0.54314,0.67917,0.9713,normalised
82.44639945030212,,,0.48844,0.54169,1,,,,,,,,,GP3,0.48844,0.54169,0.67917,0.9713,normalised
82.45951342582703,,,0.48857,0.54149,1,,,,,,,,,GP3,0.48857,0.54149,0.67917,0.9713,normalised
82.47602272033691,,,0.48868,0.54099,1,,,,,,,,,GP3,0.48868,0.54099,0.67917,0.9713,normalised
82.49263286590576,,,0.48903,0.54074,1,,,,,,,,,GP3,0.48903,0.54074,0.67917,0.9713,normalised
82.50939154624939,,,0.48898,0.53902,1,,,,,,,,,GP3,0.48898,0.53902,0.67917,0.9713,normalised
82.52420353889465,,,0.48892,0.53742,1,,,,,,,,,GP3,0.48892,0.53742,0.67917,0.9713,normalised
82.54296898841858,,,0.48941,0.5378,1,,,,,,,,,GP3,0.48941,0.5378,0.67917,0.9713,normalised
82.55776238441467,,,0.48925,0.53792,1,,,,,,,,,GP3,0.48925,0.53792,0.67917,0.9713,normalised
82.57524037361145,,,0.48911,0.53815,1,,,,,,,,,GP3,0.48911,0.53815,0.67917,0.9713,normalised
82.5897228717804,,,0.48929,0.53869,1,,,,,,,,,GP3,0.48929,0.53869,0.67917,0.9713,normalised
82.60445523262024,,,0.48938,0.53875,1,,,,,,,,,GP3,0.48938,0.53875,0.67917,0.9713,normalised
82.61975836753845,,,0.48946,0.53893,1,,,,,,,,,GP3,0.48946,0.53893,0.67917,0.9713,normalised
82.64031052589417,,,0.48956,0.53967,1,,,,,,,,,GP3,0.48956,0.53967,0.67917,0.9713,normalised
82.65550017356873,,,0.48971,0.54028,1,,,,,,,,,GP3,0.48971,0.54028,0.67917,0.9713,normalised
82.6699628829956,,,0.48985,0.54081,1,,,,,,,,,GP3,0.48985,0.54081,0.67917,0.9713,normalised
82.68748378753662,,,0.49006,0.5419,1,,,,,,,,,GP3,0.49006,0.5419,0.67917,0.9713,normalised
82.70536756515503,,,0.49008,0.54268,1,,,,,,,,,GP3,0.49008,0.54268,0.67917,0.9713,normalised
82.71980714797974,,,0.4901,0.54337,1,,,,,,,,,GP3,0.4901,0.54337,0.67917,0.9713,normalised
82.73553323745728,,,0.49011,0.54385,1,,,,,,,,,GP3,0.49011,0.54385,0.67917,0.9713,normalised
82.7524631023407,,,0.4903,0.54374,1,,,,,,,,,GP3,0.4903,0.54374,0.67917,0.9713,normalised
82.76752972602844,,,0.49048,0.54354,1,,,,,,,,,GP3,0.49048,0.54354,0.67917,0.9713,normalised
82.78399395942688,,,0.49063,0.54291,1,,,,,,,,,GP3,0.49063,0.54291,0.67917,0.9713,normalised
82.80163097381592,,,0.48919,0.54341,1,,,,,,,,,GP3,0.48919,0.54341,0.67917,0.9713,normalised
82.81622886657715,,,0.48831,0.54368,1,,,,,,,,,GP3,0.48831,0.54368,0.67917,0.9713,normalised
82.83313131332397,,,0.48755,0.54461,1,,,,,,,,,GP3,0.48755,0.54461,0.67917,0.9713,normalised
82.84972786903381,,,0.48697,0.54492,1,,,,,,,,,GP3,0.48697,0.54492,0.67917,0.9713,normalised
82.86705756187439,,,0.48638,0.54519,1,,,,,,,,,GP3,0.48638,0.54519,0.67917,0.9713,normalised
82.88144445419312,,,0.4864,0.5461,1,,,,,,,,,GP3,0.4864,0.5461,0.67917,0.9713,normalised
82.89826321601868,,,0.48646,0.54668,1,,,,,,,,,GP3,0.48646,0.54668,0.67917,0.9713,normalised
82.91274666786194,,,0.48652,0.54717,1,,,,,,,,,GP3,0.48652,0.54717,0.67917,0.9713,normalised
82.93128848075867,,,0.48638,0.54776,1,,,,,,,,,GP3,0.48638,0.54776,0.67917,0.9713,normalised
82.94615125656128,,,0.48632,0.54836,1,,,,,,,,,GP3,0.48632,0.54836,0.67917,0.9713,normalised
82.96228551864624,,,0.48626,0.54913,1,,,,,,,,,GP3,0.48626,0.54913,0.67917,0.9713,normalised
82.97949075698853,,,0.48645,0.54975,1,,,,,,,,,GP3,0.48645,0.54975,0.67917,0.9713,normalised
82.99454188346863,,,0.48662,0.55004,1,,,,,,,,,GP3,0.48662,0.55004,0.67917,0.9713,normalised
83.01136445999146,,,0.48679,0.55029,1,,,,,,,,,GP3,0.48679,0.55029,0.67917,0.9713,normalised
83.02891635894775,,,0.48722,0.55158,1,,,,,,,,,GP3,0.48722,0.55158,0.67917,0.9713,normalised
83.04367113113403,,,0.48764,0.55217,1,,,,,,,,,GP3,0.48764,0.55217,0.67917,0.9713,normalised
83.06102275848389,,,0.48807,0.55271,1,,,,,,,,,GP3,0.48807,0.55271,0.67917,0.9713,normalised
83.07664513587952,,,0.48849,0.55298,1,,,,,,,,,GP3,0.48849,0.55298,0.67917,0.9713,normalised
83.09253287315369,,,0.48875,0.55352,1,,,,,,,,,GP3,0.48875,0.55352,0.67917,0.9713,normalised
83.10694456100464,,,0.48902,0.55419,1,,,,,,,,,GP3,0.48902,0.55419,0.67917,0.9713,normalised
83.1249372959137,,,0.48946,0.55407,1,,,,,,,,,GP3,0.48946,0.55407,0.67917,0.9713,normalised
83.14165925979614,,,0.49044,0.5544,1,,,,,,,,,GP3,0.49044,0.5544,0.67917,0.9713,normalised
83.15636897087097,,,0.49142,0.55486,1,,,,,,,,,GP3,0.49142,0.55486,0.67917,0.9713,normalised
83.17224836349487,,,0.49199,0.55562,1,,,,,,,,,GP3,0.49199,0.55562,0.67917,0.9713,normalised
83.18929362297058,,,0.49281,0.55615,1,,,,,,,,,GP3,0.49281,0.55615,0.67917,0.9713,normalised
83.20645070075989,,,0.49634,0.58179,0,,,,,,,,,GP3,0.49634,0.58179,0.67917,0.9713,normalised
83.22103953361511,,,0.50048,0.58066,0,,,,,,,,,GP3,0.50048,0.58066,0.67917,0.9713,normalised
83.23855566978455,,,0.50014,0.57378,0,,,,,,,,,GP3,0.50014,0.57378,0.67917,0.9713,normalised
83.25572347640991,,,0.49995,0.56807,1,,,,,,,,,GP3,0.49995,0.56807,0.67917,0.9713,normalised
83.2697422504425,,,0.50089,0.56849,1,,,,,,,,,GP3,0.50089,0.56849,0.67917,0.9713,normalised
83.28722786903381,,,0.50326,0.56502,1,,,,,,,,,GP3,0.50326,0.56502,0.67917,0.9713,normalised
83.30234432220459,,,0.50495,0.56322,1,,,,,,,,,GP3,0.50495,0.56322,0.67917,0.9713,normalised
83.31908798217773,,,0.50486,0.56149,1,,,,,,,,,GP3,0.50486,0.56149,0.67917,0.9713,normalised
83.33682513237,,,0.50497,0.5579,1,,,,,,,,,GP3,0.50497,0.5579,0.67917,0.9713,normalised
83.3503646850586,,,0.50506,0.556,1,,,,,,,,,GP3,0.50506,0.556,0.67917,0.9713,normalised
83.36762142181396,,,0.504,0.55785,1,,,,,,,,,GP3,0.504,0.55785,0.67917,0.9713,normalised
83.38224005699158,,,0.50388,0.56001,1,,,,,,,,,GP3,0.50388,0.56001,0.67917,0.9713,normalised
83.39877367019653,,,0.50378,0.56217,1,,,,,,,,,GP3,0.50378,0.56217,0.67917,0.9713,normalised
83.4157166481018,,,0.50339,0.56397,1,,,,,,,,,GP3,0.50339,0.56397,0.67917,0.9713,normalised
83.43013787269592,,,0.50374,0.56483,1,,,,,,,,,GP3,0.50374,0.56483,0.67917,0.9713,normalised
83.44856142997742,,,0.50405,0.56558,1,,,,,,,,,GP3,0.50405,0.56558,0.67917,0.9713,normalised
83.46269726753235,,,0.50393,0.56826,1,,,,,,,,,GP3,0.50393,0.56826,0.67917,0.9713,normalised
83.47982859611511,,,0.50373,0.56939,1,,,,,,,,,GP3,0.50373,0.56939,0.67917,0.9713,normalised
83.49723672866821,,,0.50356,0.57029,1,,,,,,,,,GP3,0.50356,0.57029,0.67917,0.9713,normalised
83.51175045967102,,,0.50324,0.57125,1,,,,,,,,,GP3,0.50324,0.57125,0.67917,0.9713,normalised
83.52936887741089,,,0.5033,0.57236,1,,,,,,,,,GP3,0.5033,0.57236,0.67917,0.9713,normalised
83.54378628730774,,,0.50336,0.573,1,,,,,,,,,GP3,0.50336,0.573,0.67917,0.9713,normalised
83.56315207481384,,,0.50303,0.57268,1,,,,,,,,,GP3,0.50303,0.57268,0.67917,0.9713,normalised
83.57685256004333,,,0.50249,0.57223,1,,,,,,,,,GP3,0.50249,0.57223,0.67917,0.9713,normalised
83.59358882904053,,,0.502,0.5719,1,,,,,,,,,GP3,0.502,0.5719,0.67917,0.9713,normalised
83.6130440235138,,,0.50164,0.57214,1,,,,,,,,,GP3,0.50164,0.57214,0.67917,0.9713,normalised
83.62607312202454,,,0.50156,0.57279,1,,,,,,,,,GP3,0.50156,0.57279,0.67917,0.9713,normalised
83.64243721961975,,,0.5015,0.57348,1,,,,,,,,,GP3,0.5015,0.57348,0.67917,0.9713,normalised
83.65709447860718,,,0.50159,0.57432,1,,,,,,,,,GP3,0.50159,0.57432,0.67917,0.9713,normalised
83.67413926124573,,,0.50156,0.57476,1,,,,,,,,,GP3,0.50156,0.57476,0.67917,0.9713,normalised
83.69019913673401,,,0.50153,0.57482,1,,,,,,,,,GP3,0.50153,0.57482,0.67917,0.9713,normalised
83.70583724975586,,,0.50127,0.57453,1,,,,,,,,,GP3,0.50127,0.57453,0.67917,0.9713,normalised
83.72259259223938,,,0.50111,0.57418,1,,,,,,,,,GP3,0.50111,0.57418,0.67917,0.9713,normalised
83.73915505409241,,,0.50096,0.57409,1,,,,,,,,,GP3,0.50096,0.57409,0.67917,0.9713,normalised
83.75447130203247,,,0.50035,0.57388,1,,,,,,,,,GP3,0.50035,0.57388,0.67917,0.9713,normalised
83.77060317993164,,,0.5,0.57476,1,,,,,,,,,GP3,0.5,0.57476,0.67917,0.9713,normalised
83.78917527198792,,,0.49968,0.57582,1,,,,,,,,,GP3,0.49968,0.57582,0.67917,0.9713,normalised
83.80378198623657,,,0.49901,0.57588,1,,,,,,,,,GP3,0.49901,0.57588,0.67917,0.9713,normalised
83.81829166412354,,,0.49856,0.57567,1,,,,,,,,,GP3,0.49856,0.57567,0.67917,0.9713,normalised
83.83536267280579,,,0.49814,0.57542,1,,,,,,,,,GP3,0.49814,0.57542,0.67917,0.9713,normalised
83.85184025764465,,,0.49785,0.57578,1,,,,,,,,,GP3,0.49785,0.57578,0.67917,0.9713,normalised
83.867440700531,,,0.49781,0.57595,1,,,,,,,,,GP3,0.49781,0.57595,0.67917,0.9713,normalised
83.88368320465088,,,0.49778,0.57606,1,,,,,,,,,GP3,0.49778,0.57606,0.67917,0.9713,normalised
83.90006804466248,,,0.49758,0.57612,1,,,,,,,,,GP3,0.49758,0.57612,0.67917,0.9713,normalised
83.91787886619568,,,0.4974,0.57618,1,,,,,,,,,GP3,0.4974,0.57618,0.67917,0.9713,normalised
83.93226790428162,,,0.49723,0.57623,1,,,,,,,,,GP3,0.49723,0.57623,0.67917,0.9713,normalised
83.94887900352478,,,0.49692,0.5764,1,,,,,,,,,GP3,0.49692,0.5764,0.67917,0.9713,normalised
83.96492838859558,,,0.49677,0.57689,1,,,,,,,,,GP3,0.49677,0.57689,0.67917,0.9713,normalised
83.98274254798889,,,0.49664,0.57726,1,,,,,,,,,GP3,0.49664,0.57726,0.67917,0.9713,normalised
83.99700856208801,,,0.49614,0.57811,1,,,,,,,,,GP3,0.49614,0.57811,0.67917,0.9713,normalised
84.01292657852173,,,0.49581,0.57941,1,,,,,,,,,GP3,0.49581,0.57941,0.67917,0.9713,normalised
84.02945017814636,,,0.49548,0.58098,1,,,,,,,,,GP3,0.49548,0.58098,0.67917,0.9713,normalised
84.04650545120239,,,0.49528,0.58197,1,,,,,,,,,GP3,0.49528,0.58197,0.67917,0.9713,normalised
84.06362986564636,,,0.49476,0.58339,1,,,,,,,,,GP3,0.49476,0.58339,0.67917,0.9713,normalised
84.07854700088501,,,0.49423,0.58452,1,,,,,,,,,GP3,0.49423,0.58452,0.67917,0.9713,normalised
84.09423470497131,,,0.49413,0.5854,1,,,,,,,,,GP3,0.49413,0.5854,0.67917,0.9713,normalised
84.11051654815674,,,0.49386,0.58585,1,,,,,,,,,GP3,0.49386,0.58585,0.67917,0.9713,normalised
84.12810921669006,,,0.4936,0.58611,1,,,,,,,,,GP3,0.4936,0.58611,0.67917,0.9713,normalised
84.14336514472961,,,0.49361,0.58595,1,,,,,,,,,GP3,0.49361,0.58595,0.67917,0.9713,normalised
84.16126847267151,,,0.49338,0.58632,1,,,,,,,,,GP3,0.49338,0.58632,0.67917,0.9713,normalised
84.17642092704773,,,0.49316,0.58674,1,,,,,,,,,GP3,0.49316,0.58674,0.67917,0.9713,normalised
84.19273447990417,,,0.49304,0.58666,1,,,,,,,,,GP3,0.49304,0.58666,0.67917,0.9713,normalised
84.20716404914856,,,0.49276,0.58707,1,,,,,,,,,GP3,0.49276,0.58707,0.67917,0.9713,normalised
84.22470760345459,,,0.49249,0.58725,1,,,,,,,,,GP3,0.49249,0.58725,0.67917,0.9713,normalised
84.24040007591248,,,0.49227,0.58674,1,,,,,,,,,GP3,0.49227,0.58674,0.67917,0.9713,normalised
84.25845384597778,,,0.49228,0.58655,1,,,,,,,,,GP3,0.49228,0.58655,0.67917,0.9713,normalised
84.2725133895874,,,0.4923,0.58648,1,,,,,,,,,GP3,0.4923,0.58648,0.67917,0.9713,normalised
84.29004836082458,,,0.49219,0.58673,1,,,,,,,,,GP3,0.49219,0.58673,0.67917,0.9713,normalised
84.30459189414978,,,0.49196,0.58728,1,,,,,,,,,GP3,0.49196,0.58728,0.67917,0.9713,normalised
84.32034134864807,,,0.49174,0.58804,1,,,,,,,,,GP3,0.49174,0.58804,0.67917,0.9713,normalised
84.33746314048767,,,0.4914,0.58907,1,,,,,,,,,GP3,0.4914,0.58907,0.67917,0.9713,normalised
84.35381007194519,,,0.4912,0.59016,1,,,,,,,,,GP3,0.4912,0.59016,0.67917,0.9713,normalised
84.37074613571167,,,0.49099,0.59112,1,,,,,,,,,GP3,0.49099,0.59112,0.67917,0.9713,normalised
84.38558340072632,,,0.49079,0.5915,1,,,,,,,,,GP3,0.49079,0.5915,0.67917,0.9713,normalised
84.40315246582031,,,0.49051,0.5915,1,,,,,,,,,GP3,0.49051,0.5915,0.67917,0.9713,normalised
84.41966605186462,,,0.49024,0.59152,1,,,,,,,,,GP3,0.49024,0.59152,0.67917,0.9713,normalised
84.43355202674866,,,0.49019,0.591,1,,,,,,,,,GP3,0.49019,0.591,0.67917,0.9713,normalised
84.451087474823,,,0.49038,0.59117,1,,,,,,,,,GP3,0.49038,0.59117,0.67917,0.9713,normalised
84.46483325958252,,,0.49057,0.59154,1,,,,,,,,,GP3,0.49057,0.59154,0.67917,0.9713,normalised
84.48165273666382,,,0.49082,0.59209,1,,,,,,,,,GP3,0.49082,0.59209,0.67917,0.9713,normalised
84.49927711486816,,,0.49081,0.59248,1,,,,,,,,,GP3,0.49081,0.59248,0.67917,0.9713,normalised
84.51390266418457,,,0.4908,0.59251,1,,,,,,,,,GP3,0.4908,0.59251,0.67917,0.9713,normalised
84.53154492378235,,,0.49111,0.59265,1,,,,,,,,,GP3,0.49111,0.59265,0.67917,0.9713,normalised
84.5482451915741,,,0.49102,0.592,1,,,,,,,,,GP3,0.49102,0.592,0.67917,0.9713,normalised
84.56285953521729,,,0.49092,0.59122,1,,,,,,,,,GP3,0.49092,0.59122,0.67917,0.9713,normalised
84.58054900169373,,,0.49126,0.5911,1,,,,,,,,,GP3,0.49126,0.5911,0.67917,0.9713,normalised
84.59516716003418,,,0.49133,0.59137,1,,,,,,,,,GP3,0.49133,0.59137,0.67917,0.9713,normalised
84.61263966560364,,,0.49141,0.59181,1,,,,,,,,,GP3,0.49141,0.59181,0.67917,0.9713,normalised
84.630206823349,,,0.49134,0.59183,1,,,,,,,,,GP3,0.49134,0.59183,0.67917,0.9713,normalised
84.64377164840698,,,0.49132,0.59172,1,,,,,,,,,GP3,0.49132,0.59172,0.67917,0.9713,normalised
84.66145205497742,,,0.4913,0.59182,1,,,,,,,,,GP3,0.4913,0.59182,0.67917,0.9713,normalised
84.67887163162231,,,0.49138,0.59222,1,,,,,,,,,GP3,0.49138,0.59222,0.67917,0.9713,normalised
84.69359636306763,,,0.49153,0.5925,1,,,,,,,,,GP3,0.49153,0.5925,0.67917,0.9713,normalised
84.70935654640198,,,0.49168,0.59274,1,,,,,,,,,GP3,0.49168,0.59274,0.67917,0.9713,normalised
84.72686266899109,,,0.49173,0.59347,1,,,,,,,,,GP3,0.49173,0.59347,0.67917,0.9713,normalised
84.74048852920532,,,0.49164,0.5938,1,,,,,,,,,GP3,0.49164,0.5938,0.67917,0.9713,normalised
84.75815176963806,,,0.49153,0.59391,1,,,,,,,,,GP3,0.49153,0.59391,0.67917,0.9713,normalised
84.77470326423645,,,0.49171,0.59323,1,,,,,,,,,GP3,0.49171,0.59323,0.67917,0.9713,normalised
84.79067015647888,,,0.49192,0.59227,1,,,,,,,,,GP3,0.49192,0.59227,0.67917,0.9713,normalised
84.80521941184998,,,0.49213,0.59122,1,,,,,,,,,GP3,0.49213,0.59122,0.67917,0.9713,normalised
84.82274651527405,,,0.49104,0.59074,1,,,,,,,,,GP3,0.49104,0.59074,0.67917,0.9713,normalised
84.83851456642151,,,0.49013,0.59027,1,,,,,,,,,GP3,0.49013,0.59027,0.67917,0.9713,normalised
84.85468053817749,,,0.48925,0.59017,1,,,,,,,,,GP3,0.48925,0.59017,0.67917,0.9713,normalised
84.87037301063538,,,0.48759,0.5907,1,,,,,,,,,GP3,0.48759,0.5907,0.67917,0.9713,normalised
84.88692164421082,,,0.48772,0.59181,1,,,,,,,,,GP3,0.48772,0.59181,0.67917,0.9713,normalised
84.90275406837463,,,0.48785,0.59292,1,,,,,,,,,GP3,0.48785,0.59292,0.67917,0.9713,normalised
84.9202013015747,,,0.4602,0.60758,0,,,,,,,,,GP3,0.4602,0.60758,0.67917,0.9713,normalised
84.93684458732605,,,0.39461,0.64676,0,,,,,,,,,GP3,0.39461,0.64676,0.67917,0.9713,normalised
84.95126032829285,,,0.37236,0.65865,0,,,,,,,,,GP3,0.37236,0.65865,0.67917,0.9713,normalised
84.96775579452515,,,0.3208,0.70057,0,,,,,,,,,GP3,0.3208,0.70057,0.67917,0.9713,normalised
84.98529601097107,,,0.3105,0.71615,0,,,,,,,,,GP3,0.3105,0.71615,0.67917,0.9713,normalised
85.00034260749817,,,0.30707,0.72134,0,,,,,,,,,GP3,0.30707,0.72134,0.67917,0.9713,normalised
85.01777052879333,,,0.29796,0.7245,1,,,,,,,,,GP3,0.29796,0.7245,0.67917,0.9713,normalised
85.03259325027466,,,0.29446,0.72217,1,,,,,,,,,GP3,0.29446,0.72217,0.67917,0.9713,normalised
85.05000162124634,,,0.29238,0.72117,1,,,,,,,,,GP3,0.29238,0.72117,0.67917,0.9713,normalised
85.06512761116028,,,0.28765,0.72454,1,,,,,,,,,GP3,0.28765,0.72454,0.67917,0.9713,normalised
85.0826461315155,,,0.282,0.72929,1,,,,,,,,,GP3,0.282,0.72929,0.67917,0.9713,normalised
85.09828805923462,,,0.27771,0.73315,1,,,,,,,,,GP3,0.27771,0.73315,0.67917,0.9713,normalised
85.11393308639526,,,0.283,0.73025,1,,,,,,,,,GP3,0.283,0.73025,0.67917,0.9713,normalised
85.12739968299866,,,0.28685,0.7254,1,,,,,,,,,GP3,0.28685,0.7254,0.67917,0.9713,normalised
85.14485573768616,,,0.28992,0.7209,1,,,,,,,,,GP3,0.28992,0.7209,0.67917,0.9713,normalised
85.16026401519775,,,0.29269,0.71779,1,,,,,,,,,GP3,0.29269,0.71779,0.67917,0.9713,normalised
85.1778016090393,,,0.29518,0.71608,1,,,,,,,,,GP3,0.29518,0.71608,0.67917,0.9713,normalised
85.1923155784607,,,0.29739,0.71471,1,,,,,,,,,GP3,0.29739,0.71471,0.67917,0.9713,normalised
85.2117486000061,,,0.29835,0.71263,1,,,,,,,,,GP3,0.29835,0.71263,0.67917,0.9713,normalised
85.22625517845154,,,0.29881,0.7115,1,,,,,,,,,GP3,0.29881,0.7115,0.67917,0.9713,normalised
85.2436933517456,,,0.29922,0.71048,1,,,,,,,,,GP3,0.29922,0.71048,0.67917,0.9713,normalised
85.25820636749268,,,0.29927,0.70991,1,,,,,,,,,GP3,0.29927,0.70991,0.67917,0.9713,normalised
85.27486753463745,,,0.29944,0.70974,1,,,,,,,,,GP3,0.29944,0.70974,0.67917,0.9713,normalised
85.29261922836304,,,0.29968,0.70982,1,,,,,,,,,GP3,0.29968,0.70982,0.67917,0.9713,normalised
85.30716347694397,,,0.29978,0.7106,1,,,,,,,,,GP3,0.29978,0.7106,0.67917,0.9713,normalised
85.32468605041504,,,0.30019,0.71171,1,,,,,,,,,GP3,0.30019,0.71171,0.67917,0.9713,normalised
85.33922004699707,,,0.30059,0.71281,1,,,,,,,,,GP3,0.30059,0.71281,0.67917,0.9713,normalised
85.35548615455627,,,0.30092,0.71248,1,,,,,,,,,GP3,0.30092,0.71248,0.67917,0.9713,normalised
85.37319087982178,,,0.30124,0.71272,1,,,,,,,,,GP3,0.30124,0.71272,0.67917,0.9713,normalised
85.38798427581787,,,0.30151,0.7129,1,,,,,,,,,GP3,0.30151,0.7129,0.67917,0.9713,normalised
85.40466380119324,,,0.3018,0.71252,1,,,,,,,,,GP3,0.3018,0.71252,0.67917,0.9713,normalised
85.42228698730469,,,0.30209,0.71284,1,,,,,,,,,GP3,0.30209,0.71284,0.67917,0.9713,normalised
85.43681311607361,,,0.30235,0.7131,1,,,,,,,,,GP3,0.30235,0.7131,0.67917,0.9713,normalised
85.45344924926758,,,0.30278,0.7131,1,,,,,,,,,GP3,0.30278,0.7131,0.67917,0.9713,normalised
85.46975374221802,,,0.3032,0.71263,1,,,,,,,,,GP3,0.3032,0.71263,0.67917,0.9713,normalised
85.48636674880981,,,0.30356,0.71209,1,,,,,,,,,GP3,0.30356,0.71209,0.67917,0.9713,normalised
85.5021140575409,,,0.30397,0.71165,1,,,,,,,,,GP3,0.30397,0.71165,0.67917,0.9713,normalised
85.51952147483826,,,0.30416,0.71182,1,,,,,,,,,GP3,0.30416,0.71182,0.67917,0.9713,normalised
85.53311252593994,,,0.30433,0.71196,1,,,,,,,,,GP3,0.30433,0.71196,0.67917,0.9713,normalised
85.55061030387878,,,0.30462,0.71157,1,,,,,,,,,GP3,0.30462,0.71157,0.67917,0.9713,normalised
85.56699872016907,,,0.30496,0.71099,1,,,,,,,,,GP3,0.30496,0.71099,0.67917,0.9713,normalised
85.58454942703247,,,0.30534,0.7106,1,,,,,,,,,GP3,0.30534,0.7106,0.67917,0.9713,normalised
85.59923148155212,,,0.30584,0.71033,1,,,,,,,,,GP3,0.30584,0.71033,0.67917,0.9713,normalised
85.6137330532074,,,0.30645,0.70994,1,,,,,,,,,GP3,0.30645,0.70994,0.67917,0.9713,normalised
85.63056325912476,,,0.307,0.7095,1,,,,,,,,,GP3,0.307,0.7095,0.67917,0.9713,normalised
85.64800572395325,,,0.30747,0.70948,1,,,,,,,,,GP3,0.30747,0.70948,0.67917,0.9713,normalised
85.66323757171631,,,0.30765,0.70923,1,,,,,,,,,GP3,0.30765,0.70923,0.67917,0.9713,normalised
85.68084287643433,,,0.30781,0.70893,1,,,,,,,,,GP3,0.30781,0.70893,0.67917,0.9713,normalised
85.69652700424194,,,0.30825,0.70898,1,,,,,,,,,GP3,0.30825,0.70898,0.67917,0.9713,normalised
85.7140805721283,,,0.3088,0.70852,1,,,,,,,,,GP3,0.3088,0.70852,0.67917,0.9713,normalised
85.72804427146912,,,0.30933,0.70807,1,,,,,,,,,GP3,0.30933,0.70807,0.67917,0.9713,normalised
85.74544930458069,,,0.30944,0.70802,1,,,,,,,,,GP3,0.30944,0.70802,0.67917,0.9713,normalised
85.7608494758606,,,0.31023,0.70773,1,,,,,,,,,GP3,0.31023,0.70773,0.67917,0.9713,normalised
85.77597665786743,,,0.31103,0.7075,1,,,,,,,,,GP3,0.31103,0.7075,0.67917,0.9713,normalised
85.7956850528717,,,0.31244,0.70697,1,,,,,,,,,GP3,0.31244,0.70697,0.67917,0.9713,normalised
85.80926537513733,,,0.31339,0.70708,1,,,,,,,,,GP3,0.31339,0.70708,0.67917,0.9713,normalised
85.8271632194519,,,0.31432,0.70711,1,,,,,,,,,GP3,0.31432,0.70711,0.67917,0.9713,normalised
85.84220218658447,,,0.31583,0.70638,1,,,,,,,,,GP3,0.31583,0.70638,0.67917,0.9713,normalised
85.85940480232239,,,0.31774,0.70512,1,,,,,,,,,GP3,0.31774,0.70512,0.67917,0.9713,normalised
85.87434387207031,,,0.31964,0.70389,1,,,,,,,,,GP3,0.31964,0.70389,0.67917,0.9713,normalised
85.89021015167236,,,0.31974,0.7035,1,,,,,,,,,GP3,0.31974,0.7035,0.67917,0.9713,normalised
85.9071135520935,,,0.32002,0.70368,1,,,,,,,,,GP3,0.32002,0.70368,0.67917,0.9713,normalised
85.92159914970398,,,0.32033,0.70398,1,,,,,,,,,GP3,0.32033,0.70398,0.67917,0.9713,normalised
85.93825125694275,,,0.32033,0.70425,1,,,,,,,,,GP3,0.32033,0.70425,0.67917,0.9713,normalised
85.95571899414062,,,0.32094,0.70467,1,,,,,,,,,GP3,0.32094,0.70467,0.67917,0.9713,normalised
85.97160124778748,,,0.32155,0.70513,1,,,,,,,,,GP3,0.32155,0.70513,0.67917,0.9713,normalised
85.98640727996826,,,0.32206,0.70556,1,,,,,,,,,GP3,0.32206,0.70556,0.67917,0.9713,normalised
86.00385427474976,,,0.32268,0.70598,1,,,,,,,,,GP3,0.32268,0.70598,0.67917,0.9713,normalised
86.01759004592896,,,0.32325,0.70627,1,,,,,,,,,GP3,0.32325,0.70627,0.67917,0.9713,normalised
86.03407621383667,,,0.32392,0.70654,1,,,,,,,,,GP3,0.32392,0.70654,0.67917,0.9713,normalised
86.05182123184204,,,0.32446,0.70614,1,,,,,,,,,GP3,0.32446,0.70614,0.67917,0.9713,normalised
86.06502985954285,,,0.32496,0.70568,1,,,,,,,,,GP3,0.32496,0.70568,0.67917,0.9713,normalised
86.08383464813232,,,0.32565,0.70477,1,,,,,,,,,GP3,0.32565,0.70477,0.67917,0.9713,normalised
86.10048532485962,,,0.32585,0.70384,1,,,,,,,,,GP3,0.32585,0.70384,0.67917,0.9713,normalised
86.11453986167908,,,0.32602,0.70284,1,,,,,,,,,GP3,0.32602,0.70284,0.67917,0.9713,normalised
86.1320583820343,,,0.32671,0.70257,1,,,,,,,,,GP3,0.32671,0.70257,0.67917,0.9713,normalised
86.14604377746582,,,0.3272,0.70202,1,,,,,,,,,GP3,0.3272,0.70202,0.67917,0.9713,normalised
86.16346788406372,,,0.32772,0.7015,1,,,,,,,,,GP3,0.32772,0.7015,0.67917,0.9713,normalised
86.18017220497131,,,0.32899,0.70162,1,,,,,,,,,GP3,0.32899,0.70162,0.67917,0.9713,normalised
86.19707655906677,,,0.32919,0.70146,1,,,,,,,,,GP3,0.32919,0.70146,0.67917,0.9713,normalised
86.21430921554565,,,0.32941,0.70136,1,,,,,,,,,GP3,0.32941,0.70136,0.67917,0.9713,normalised
86.22781753540039,,,0.32981,0.70065,1,,,,,,,,,GP3,0.32981,0.70065,0.67917,0.9713,normalised
86.24467444419861,,,0.33008,0.70015,1,,,,,,,,,GP3,0.33008,0.70015,0.67917,0.9713,normalised
86.26102447509766,,,0.3304,0.69981,1,,,,,,,,,GP3,0.3304,0.69981,0.67917,0.9713,normalised
86.27697420120239,,,0.33046,0.69973,1,,,,,,,,,GP3,0.33046,0.69973,0.67917,0.9713,normalised
86.29400086402893,,,0.33091,0.69878,1,,,,,,,,,GP3,0.33091,0.69878,0.67917,0.9713,normalised
86.31010341644287,,,0.33131,0.69766,1,,,,,,,,,GP3,0.33131,0.69766,0.67917,0.9713,normalised
86.32544922828674,,,0.33187,0.69717,1,,,,,,,,,GP3,0.33187,0.69717,0.67917,0.9713,normalised
86.34285926818848,,,0.33189,0.69735,1,,,,,,,,,GP3,0.33189,0.69735,0.67917,0.9713,normalised
86.35753107070923,,,0.33183,0.69729,1,,,,,,,,,GP3,0.33183,0.69729,0.67917,0.9713,normalised
86.37540078163147,,,0.33207,0.6975,1,,,,,,,,,GP3,0.33207,0.6975,0.67917,0.9713,normalised
86.38944625854492,,,0.33174,0.69804,1,,,,,,,,,GP3,0.33174,0.69804,0.67917,0.9713,normalised
86.40505123138428,,,0.33148,0.69878,1,,,,,,,,,GP3,0.33148,0.69878,0.67917,0.9713,normalised
86.42215752601624,,,0.33139,0.69833,1,,,,,,,,,GP3,0.33139,0.69833,0.67917,0.9713,normalised
86.43806672096252,,,0.33157,0.69821,1,,,,,,,,,GP3,0.33157,0.69821,0.67917,0.9713,normalised
86.45367074012756,,,0.3318,0.69822,1,,,,,,,,,GP3,0.3318,0.69822,0.67917,0.9713,normalised
86.46998953819275,,,0.33189,0.69819,1,,,,,,,,,GP3,0.33189,0.69819,0.67917,0.9713,normalised
86.4879846572876,,,0.33151,0.69873,1,,,,,,,,,GP3,0.33151,0.69873,0.67917,0.9713,normalised
86.50248670578003,,,0.33112,0.69928,1,,,,,,,,,GP3,0.33112,0.69928,0.67917,0.9713,normalised
86.51950740814209,,,0.33108,0.69964,1,,,,,,,,,GP3,0.33108,0.69964,0.67917,0.9713,normalised
86.5351390838623,,,0.33074,0.69915,1,,,,,,,,,GP3,0.33074,0.69915,0.67917,0.9713,normalised
86.55283999443054,,,0.33034,0.69849,1,,,,,,,,,GP3,0.33034,0.69849,0.67917,0.9713,normalised
86.56972646713257,,,0.33049,0.69845,1,,,,,,,,,GP3,0.33049,0.69845,0.67917,0.9713,normalised
86.58555817604065,,,0.33114,0.69789,1,,,,,,,,,GP3,0.33114,0.69789,0.67917,0.9713,normalised
86.60025453567505,,,0.33178,0.69727,1,,,,,,,,,GP3,0.33178,0.69727,0.67917,0.9713,normalised
86.61682367324829,,,0.33229,0.69689,1,,,,,,,,,GP3,0.33229,0.69689,0.67917,0.9713,normalised
86.63238835334778,,,0.33276,0.69651,1,,,,,,,,,GP3,0.33276,0.69651,0.67917,0.9713,normalised
86.6498510837555,,,0.33325,0.69617,1,,,,,,,,,GP3,0.33325,0.69617,0.67917,0.9713,normalised
86.66536045074463,,,0.33296,0.6963,1,,,,,,,,,GP3,0.33296,0.6963,0.67917,0.9713,normalised
86.68093013763428,,,0.3329,0.69569,1,,,,,,,,,GP3,0.3329,0.69569,0.67917,0.9713,normalised
86.69554257392883,,,0.33286,0.69516,1,,,,,,,,,GP3,0.33286,0.69516,0.67917,0.9713,normalised
86.71263885498047,,,0.33311,0.6956,1,,,,,,,,,GP3,0.33311,0.6956,0.67917,0.9713,normalised
86.73121523857117,,,0.33216,0.6957,1,,,,,,,,,GP3,0.33216,0.6957,0.67917,0.9713,normalised
86.74487543106079,,,0.33122,0.6958,1,,,,,,,,,GP3,0.33122,0.6958,0.67917,0.9713,normalised
86.76087045669556,,,0.33093,0.69634,1,,,,,,,,,GP3,0.33093,0.69634,0.67917,0.9713,normalised
86.7768497467041,,,0.33093,0.69699,1,,,,,,,,,GP3,0.33093,0.69699,0.67917,0.9713,normalised
86.79448986053467,,,0.33095,0.69773,1,,,,,,,,,GP3,0.33095,0.69773,0.67917,0.9713,normalised
86.81213927268982,,,0.33085,0.697,1,,,,,,,,,GP3,0.33085,0.697,0.67917,0.9713,normalised
86.82694959640503,,,0.33104,0.69784,1,,,,,,,,,GP3,0.33104,0.69784,0.67917,0.9713,normalised
86.84409046173096,,,0.3312,0.69859,1,,,,,,,,,GP3,0.3312,0.69859,0.67917,0.9713,normalised
86.85840892791748,,,0.33111,0.69892,1,,,,,,,,,GP3,0.33111,0.69892,0.67917,0.9713,normalised
86.87513041496277,,,0.33128,0.69891,1,,,,,,,,,GP3,0.33128,0.69891,0.67917,0.9713,normalised
86.8922963142395,,,0.33147,0.69897,1,,,,,,,,,GP3,0.33147,0.69897,0.67917,0.9713,normalised
86.9089195728302,,,0.33161,0.69921,1,,,,,,,,,GP3,0.33161,0.69921,0.67917,0.9713,normalised
86.92301774024963,,,0.33204,0.69986,1,,,,,,,,,GP3,0.33204,0.69986,0.67917,0.9713,normalised
86.94062113761902,,,0.33248,0.70059,1,,,,,,,,,GP3,0.33248,0.70059,0.67917,0.9713,normalised
86.95521426200867,,,0.33168,0.70071,1,,,,,,,,,GP3,0.33168,0.70071,0.67917,0.9713,normalised
86.9734456539154,,,0.332,0.70022,1,,,,,,,,,GP3,0.332,0.70022,0.67917,0.9713,normalised
86.98740673065186,,,0.33228,0.69959,1,,,,,,,,,GP3,0.33228,0.69959,0.67917,0.9713,normalised
87.00725603103638,,,0.33218,0.70012,1,,,,,,,,,GP3,0.33218,0.70012,0.67917,0.9713,normalised
87.02186608314514,,,0.33183,0.70091,1,,,,,,,,,GP3,0.33183,0.70091,0.67917,0.9713,normalised
87.03740882873535,,,0.33147,0.70165,1,,,,,,,,,GP3,0.33147,0.70165,0.67917,0.9713,normalised
87.05415487289429,,,0.33273,0.70102,1,,,,,,,,,GP3,0.33273,0.70102,0.67917,0.9713,normalised
87.06980752944946,,,0.33377,0.70082,1,,,,,,,,,GP3,0.33377,0.70082,0.67917,0.9713,normalised
87.0867919921875,,,0.33486,0.70072,1,,,,,,,,,GP3,0.33486,0.70072,0.67917,0.9713,normalised
87.1030604839325,,,0.33594,0.70012,1,,,,,,,,,GP3,0.33594,0.70012,0.67917,0.9713,normalised
87.11789441108704,,,0.33725,0.69867,1,,,,,,,,,GP3,0.33725,0.69867,0.67917,0.9713,normalised
87.13438153266907,,,0.35485,0.67566,0,,,,,,,,,GP3,0.35485,0.67566,0.67917,0.9713,normalised
87.15155482292175,,,0.3685,0.66394,0,,,,,,,,,GP3,0.3685,0.66394,0.67917,0.9713,normalised
87.16599774360657,,,0.37491,0.65956,0,,,,,,,,,GP3,0.37491,0.65956,0.67917,0.9713,normalised
87.18351173400879,,,0.37819,0.65781,1,,,,,,,,,GP3,0.37819,0.65781,0.67917,0.9713,normalised
87.20042276382446,,,0.37942,0.66205,1,,,,,,,,,GP3,0.37942,0.66205,0.67917,0.9713,normalised
87.21495532989502,,,0.38037,0.65958,1,,,,,,,,,GP3,0.38037,0.65958,0.67917,0.9713,normalised
87.2324788570404,,,0.38095,0.65734,1,,,,,,,,,GP3,0.38095,0.65734,0.67917,0.9713,normalised
87.24639344215393,,,0.37965,0.6569,1,,,,,,,,,GP3,0.37965,0.6569,0.67917,0.9713,normalised
87.26251125335693,,,0.37961,0.65633,1,,,,,,,,,GP3,0.37961,0.65633,0.67917,0.9713,normalised
87.27898716926575,,,0.37967,0.65625,1,,,,,,,,,GP3,0.37967,0.65625,0.67917,0.9713,normalised
87.29668164253235,,,0.37922,0.65506,1,,,,,,,,,GP3,0.37922,0.65506,0.67917,0.9713,normalised
87.31120705604553,,,0.37829,0.65457,1,,,,,,,,,GP3,0.37829,0.65457,0.67917,0.9713,normalised
87.329256772995,,,0.37743,0.65386,1,,,,,,,,,GP3,0.37743,0.65386,0.67917,0.9713,normalised
87.34380578994751,,,0.37833,0.65059,1,,,,,,,,,GP3,0.37833,0.65059,0.67917,0.9713,normalised
87.35994338989258,,,0.3786,0.64718,1,,,,,,,,,GP3,0.3786,0.64718,0.67917,0.9713,normalised
87.37746119499207,,,0.37873,0.64369,1,,,,,,,,,GP3,0.37873,0.64369,0.67917,0.9713,normalised
87.39313411712646,,,0.37851,0.64128,1,,,,,,,,,GP3,0.37851,0.64128,0.67917,0.9713,normalised
87.40965485572815,,,0.37812,0.63872,1,,,,,,,,,GP3,0.37812,0.63872,0.67917,0.9713,normalised
87.42418265342712,,,0.37782,0.63665,1,,,,,,,,,GP3,0.37782,0.63665,0.67917,0.9713,normalised
87.44317865371704,,,0.37766,0.63487,1,,,,,,,,,GP3,0.37766,0.63487,0.67917,0.9713,normalised
87.45769453048706,,,0.37744,0.63256,1,,,,,,,,,GP3,0.37744,0.63256,0.67917,0.9713,normalised
87.47256922721863,,,0.37725,0.63047,1,,,,,,,,,GP3,0.37725,0.63047,0.67917,0.9713,normalised
87.49008440971375,,,0.37711,0.63034,1,,,,,,,,,GP3,0.37711,0.63034,0.67917,0.9713,normalised
87.50499892234802,,,0.37732,0.63099,1,,,,,,,,,GP3,0.37732,0.63099,0.67917,0.9713,normalised
87.52256083488464,,,0.37748,0.63142,1,,,,,,,,,GP3,0.37748,0.63142,0.67917,0.9713,normalised
87.53939509391785,,,0.37834,0.60338,0,,,,,,,,,GP3,0.37834,0.60338,0.67917,0.9713,normalised
87.55600905418396,,,0.38269,0.59133,0,,,,,,,,,GP3,0.38269,0.59133,0.67917,0.9713,normalised
87.5718891620636,,,0.38429,0.58802,0,,,,,,,,,GP3,0.38429,0.58802,0.67917,0.9713,normalised
87.5865957736969,,,0.38751,0.59697,1,,,,,,,,,GP3,0.38751,0.59697,0.67917,0.9713,normalised
87.60367608070374,,,0.38751,0.58778,1,,,,,,,,,GP3,0.38751,0.58778,0.67917,0.9713,normalised
87.62092328071594,,,0.38771,0.58283,1,,,,,,,,,GP3,0.38771,0.58283,0.67917,0.9713,normalised
87.63485765457153,,,0.38954,0.58294,1,,,,,,,,,GP3,0.38954,0.58294,0.67917,0.9713,normalised
87.65133953094482,,,0.39002,0.58212,1,,,,,,,,,GP3,0.39002,0.58212,0.67917,0.9713,normalised
87.6686623096466,,,0.39046,0.58195,1,,,,,,,,,GP3,0.39046,0.58195,0.67917,0.9713,normalised
87.68454694747925,,,0.38887,0.58517,1,,,,,,,,,GP3,0.38887,0.58517,0.67917,0.9713,normalised
87.69917273521423,,,0.3902,0.5892,1,,,,,,,,,GP3,0.3902,0.5892,0.67917,0.9713,normalised
87.71566367149353,,,0.39123,0.59207,1,,,,,,,,,GP3,0.39123,0.59207,0.67917,0.9713,normalised
87.73158431053162,,,0.39169,0.59069,1,,,,,,,,,GP3,0.39169,0.59069,0.67917,0.9713,normalised
87.74907350540161,,,0.39185,0.5881,1,,,,,,,,,GP3,0.39185,0.5881,0.67917,0.9713,normalised
87.76387286186218,,,0.39196,0.5857,1,,,,,,,,,GP3,0.39196,0.5857,0.67917,0.9713,normalised
87.78052282333374,,,0.39195,0.5869,1,,,,,,,,,GP3,0.39195,0.5869,0.67917,0.9713,normalised
87.79665112495422,,,0.39186,0.58571,1,,,,,,,,,GP3,0.39186,0.58571,0.67917,0.9713,normalised
87.81417036056519,,,0.39182,0.58489,1,,,,,,,,,GP3,0.39182,0.58489,0.67917,0.9713,normalised
87.82900667190552,,,0.39131,0.5859,1,,,,,,,,,GP3,0.39131,0.5859,0.67917,0.9713,normalised
87.84666466712952,,,0.39127,0.58573,1,,,,,,,,,GP3,0.39127,0.58573,0.67917,0.9713,normalised
87.86314678192139,,,0.39119,0.58528,1,,,,,,,,,GP3,0.39119,0.58528,0.67917,0.9713,normalised
87.87973856925964,,,0.39186,0.58443,1,,,,,,,,,GP3,0.39186,0.58443,0.67917,0.9713,normalised
87.8928496837616,,,0.39177,0.5825,1,,,,,,,,,GP3,0.39177,0.5825,0.67917,0.9713,normalised
87.91136527061462,,,0.39169,0.58073,1,,,,,,,,,GP3,0.39169,0.58073,0.67917,0.9713,normalised
87.92632055282593,,,0.39616,0.57732,1,,,,,,,,,GP3,0.39616,0.57732,0.67917,0.9713,normalised
87.94587826728821,,,0.4005,0.57509,1,,,,,,,,,GP3,0.4005,0.57509,0.67917,0.9713,normalised
87.9599096775055,,,0.40453,0.57318,1,,,,,,,,,GP3,0.40453,0.57318,0.67917,0.9713,normalised
87.9766013622284,,,0.42846,0.54326,0,,,,,,,,,GP3,0.42846,0.54326,0.67917,0.9713,normalised
87.99182391166687,,,0.47437,0.47911,0,,,,,,,,,GP3,0.47437,0.47911,0.67917,0.9713,normalised
88.00840282440186,,,0.48968,0.45936,0,,,,,,,,,GP3,0.48968,0.45936,0.67917,0.9713,normalised
88.02329087257385,,,0.516,0.42771,0,,,,,,,,,GP3,0.516,0.42771,0.67917,0.9713,normalised
88.04080724716187,,,0.5162,0.41454,0,,,,,,,,,GP3,0.5162,0.41454,0.67917,0.9713,normalised
88.05562710762024,,,0.51628,0.40754,0,,,,,,,,,GP3,0.51628,0.40754,0.67917,0.9713,normalised
88.07488131523132,,,0.51119,0.39914,1,,,,,,,,,GP3,0.51119,0.39914,0.67917,0.9713,normalised
88.0893874168396,,,0.51146,0.39636,1,,,,,,,,,GP3,0.51146,0.39636,0.67917,0.9713,normalised
88.1041624546051,,,0.51164,0.39406,1,,,,,,,,,GP3,0.51164,0.39406,0.67917,0.9713,normalised
88.1211941242218,,,0.52206,0.38801,1,,,,,,,,,GP3,0.52206,0.38801,0.67917,0.9713,normalised
88.13590025901794,,,0.53217,0.38515,1,,,,,,,,,GP3,0.53217,0.38515,0.67917,0.9713,normalised
88.15419220924377,,,0.53985,0.38477,1,,,,,,,,,GP3,0.53985,0.38477,0.67917,0.9713,normalised
88.16758227348328,,,0.54372,0.38379,1,,,,,,,,,GP3,0.54372,0.38379,0.67917,0.9713,normalised
88.18529939651489,,,0.54875,0.38258,1,,,,,,,,,GP3,0.54875,0.38258,0.67917,0.9713,normalised
88.20292019844055,,,0.55281,0.38293,1,,,,,,,,,GP3,0.55281,0.38293,0.67917,0.9713,normalised
88.21739625930786,,,0.55606,0.38332,1,,,,,,,,,GP3,0.55606,0.38332,0.67917,0.9713,normalised
88.2349123954773,,,0.55908,0.38496,1,,,,,,,,,GP3,0.55908,0.38496,0.67917,0.9713,normalised
88.24987506866455,,,0.56175,0.38585,1,,,,,,,,,GP3,0.56175,0.38585,0.67917,0.9713,normalised
88.26579594612122,,,0.56504,0.38491,1,,,,,,,,,GP3,0.56504,0.38491,0.67917,0.9713,normalised
88.28236246109009,,,0.56797,0.38303,1,,,,,,,,,GP3,0.56797,0.38303,0.67917,0.9713,normalised
88.29947066307068,,,0.60016,0.37412,0,,,,,,,,,GP3,0.60016,0.37412,0.67917,0.9713,normalised
88.31388473510742,,,0.6147,0.36568,0,,,,,,,,,GP3,0.6147,0.36568,0.67917,0.9713,normalised
88.33126974105835,,,0.61774,0.3604,0,,,,,,,,,GP3,0.61774,0.3604,0.67917,0.9713,normalised
88.34858059883118,,,0.61926,0.35776,1,,,,,,,,,GP3,0.61926,0.35776,0.67917,0.9713,normalised
88.36245107650757,,,0.62118,0.35161,1,,,,,,,,,GP3,0.62118,0.35161,0.67917,0.9713,normalised
88.3789393901825,,,0.62455,0.34777,1,,,,,,,,,GP3,0.62455,0.34777,0.67917,0.9713,normalised
88.39645648002625,,,0.62696,0.34503,1,,,,,,,,,GP3,0.62696,0.34503,0.67917,0.9713,normalised
88.41117835044861,,,0.62891,0.34273,1,,,,,,,,,GP3,0.62891,0.34273,0.67917,0.9713,normalised
88.428875207901,,,0.6308,0.33947,1,,,,,,,,,GP3,0.6308,0.33947,0.67917,0.9713,normalised
88.44345998764038,,,0.6323,0.33687,1,,,,,,,,,GP3,0.6323,0.33687,0.67917,0.9713,normalised
88.4612774848938,,,0.63302,0.33645,1,,,,,,,,,GP3,0.63302,0.33645,0.67917,0.9713,normalised
88.47578525543213,,,0.6327,0.33392,1,,,,,,,,,GP3,0.6327,0.33392,0.67917,0.9713,normalised
88.49347805976868,,,0.63244,0.33178,1,,,,,,,,,GP3,0.63244,0.33178,0.67917,0.9713,normalised
88.5090720653534,,,0.63337,0.33181,1,,,,,,,,,GP3,0.63337,0.33181,0.67917,0.9713,normalised
88.52587366104126,,,0.63455,0.33281,1,,,,,,,,,GP3,0.63455,0.33281,0.67917,0.9713,normalised
88.54208326339722,,,0.63558,0.33369,1,,,,,,,,,GP3,0.63558,0.33369,0.67917,0.9713,normalised
88.55707430839539,,,0.63708,0.33255,1,,,,,,,,,GP3,0.63708,0.33255,0.67917,0.9713,normalised
88.5733072757721,,,0.63811,0.3315,1,,,,,,,,,GP3,0.63811,0.3315,0.67917,0.9713,normalised
88.59139323234558,,,0.63903,0.33056,1,,,,,,,,,GP3,0.63903,0.33056,0.67917,0.9713,normalised
88.60900044441223,,,0.64001,0.33004,1,,,,,,,,,GP3,0.64001,0.33004,0.67917,0.9713,normalised
88.62350606918335,,,0.64017,0.32947,1,,,,,,,,,GP3,0.64017,0.32947,0.67917,0.9713,normalised
88.63731026649475,,,0.64032,0.32895,1,,,,,,,,,GP3,0.64032,0.32895,0.67917,0.9713,normalised
88.65495657920837,,,0.64085,0.32856,1,,,,,,,,,GP3,0.64085,0.32856,0.67917,0.9713,normalised
88.67152428627014,,,0.64099,0.32826,1,,,,,,,,,GP3,0.64099,0.32826,0.67917,0.9713,normalised
88.68817377090454,,,0.64112,0.32798,1,,,,,,,,,GP3,0.64112,0.32798,0.67917,0.9713,normalised
88.7044141292572,,,0.64125,0.32688,1,,,,,,,,,GP3,0.64125,0.32688,0.67917,0.9713,normalised
88.72089552879333,,,0.64189,0.32567,1,,,,,,,,,GP3,0.64189,0.32567,0.67917,0.9713,normalised
88.73851013183594,,,0.64249,0.32454,1,,,,,,,,,GP3,0.64249,0.32454,0.67917,0.9713,normalised
88.75314354896545,,,0.64282,0.32287,1,,,,,,,,,GP3,0.64282,0.32287,0.67917,0.9713,normalised
88.76814985275269,,,0.64319,0.32162,1,,,,,,,,,GP3,0.64319,0.32162,0.67917,0.9713,normalised
88.78513646125793,,,0.64353,0.32045,1,,,,,,,,,GP3,0.64353,0.32045,0.67917,0.9713,normalised
88.80287432670593,,,0.64351,0.31915,1,,,,,,,,,GP3,0.64351,0.31915,0.67917,0.9713,normalised
88.81640625,,,0.64386,0.31817,1,,,,,,,,,GP3,0.64386,0.31817,0.67917,0.9713,normalised
88.83610725402832,,,0.64419,0.31724,1,,,,,,,,,GP3,0.64419,0.31724,0.67917,0.9713,normalised
88.8489818572998,,,0.64442,0.31639,1,,,,,,,,,GP3,0.64442,0.31639,0.67917,0.9713,normalised
88.86617755889893,,,0.64452,0.31646,1,,,,,,,,,GP3,0.64452,0.31646,0.67917,0.9713,normalised
88.88314580917358,,,0.64457,0.31675,1,,,,,,,,,GP3,0.64457,0.31675,0.67917,0.9713,normalised
88.89992475509644,,,0.64477,0.31643,1,,,,,,,,,GP3,0.64477,0.31643,0.67917,0.9713,normalised
88.91438937187195,,,0.6448,0.31641,1,,,,,,,,,GP3,0.6448,0.31641,0.67917,0.9713,normalised
88.93200659751892,,,0.64479,0.31668,1,,,,,,,,,GP3,0.64479,0.31668,0.67917,0.9713,normalised
88.94707727432251,,,0.64506,0.31766,1,,,,,,,,,GP3,0.64506,0.31766,0.67917,0.9713,normalised
88.9637553691864,,,0.64535,0.31848,1,,,,,,,,,GP3,0.64535,0.31848,0.67917,0.9713,normalised
88.97865152359009,,,0.64563,0.31927,1,,,,,,,,,GP3,0.64563,0.31927,0.67917,0.9713,normalised
88.99527788162231,,,0.64563,0.31983,1,,,,,,,,,GP3,0.64563,0.31983,0.67917,0.9713,normalised
89.00967288017273,,,0.64523,0.32034,1,,,,,,,,,GP3,0.64523,0.32034,0.67917,0.9713,normalised
89.02670121192932,,,0.64485,0.32082,1,,,,,,,,,GP3,0.64485,0.32082,0.67917,0.9713,normalised
89.0466935634613,,,0.64476,0.32194,1,,,,,,,,,GP3,0.64476,0.32194,0.67917,0.9713,normalised
89.05825066566467,,,0.64468,0.32224,1,,,,,,,,,GP3,0.64468,0.32224,0.67917,0.9713,normalised
89.07440543174744,,,0.64552,0.32146,1,,,,,,,,,GP3,0.64552,0.32146,0.67917,0.9713,normalised
89.0929822921753,,,0.64578,0.32125,1,,,,,,,,,GP3,0.64578,0.32125,0.67917,0.9713,normalised
89.10732531547546,,,0.64359,0.34759,0,,,,,,,,,GP3,0.64359,0.34759,0.67917,0.9713,normalised
89.1242938041687,,,0.64302,0.35741,0,,,,,,,,,GP3,0.64302,0.35741,0.67917,0.9713,normalised
89.14091086387634,,,0.64255,0.3599,0,,,,,,,,,GP3,0.64255,0.3599,0.67917,0.9713,normalised
89.1568341255188,,,0.6398,0.36698,1,,,,,,,,,GP3,0.6398,0.36698,0.67917,0.9713,normalised
89.17085337638855,,,0.63787,0.37321,1,,,,,,,,,GP3,0.63787,0.37321,0.67917,0.9713,normalised
89.18794536590576,,,0.63841,0.37362,1,,,,,,,,,GP3,0.63841,0.37362,0.67917,0.9713,normalised
89.20580625534058,,,0.6388,0.37491,1,,,,,,,,,GP3,0.6388,0.37491,0.67917,0.9713,normalised
89.21998000144958,,,0.63909,0.37588,1,,,,,,,,,GP3,0.63909,0.37588,0.67917,0.9713,normalised
89.23751068115234,,,0.63876,0.37495,1,,,,,,,,,GP3,0.63876,0.37495,0.67917,0.9713,normalised
89.25403046607971,,,0.63876,0.376,1,,,,,,,,,GP3,0.63876,0.376,0.67917,0.9713,normalised
89.27004647254944,,,0.63876,0.37686,1,,,,,,,,,GP3,0.63876,0.37686,0.67917,0.9713,normalised
89.28490233421326,,,0.63784,0.37687,1,,,,,,,,,GP3,0.63784,0.37687,0.67917,0.9713,normalised
89.30087614059448,,,0.63749,0.37701,1,,,,,,,,,GP3,0.63749,0.37701,0.67917,0.9713,normalised
89.31898236274719,,,0.63719,0.37713,1,,,,,,,,,GP3,0.63719,0.37713,0.67917,0.9713,normalised
89.33366894721985,,,0.63686,0.37688,1,,,,,,,,,GP3,0.63686,0.37688,0.67917,0.9713,normalised
89.3507468700409,,,0.63653,0.37687,1,,,,,,,,,GP3,0.63653,0.37687,0.67917,0.9713,normalised
89.36721014976501,,,0.63629,0.37642,1,,,,,,,,,GP3,0.63629,0.37642,0.67917,0.9713,normalised
89.38297200202942,,,0.63634,0.37666,1,,,,,,,,,GP3,0.63634,0.37666,0.67917,0.9713,normalised
89.39747905731201,,,0.63713,0.37687,1,,,,,,,,,GP3,0.63713,0.37687,0.67917,0.9713,normalised
89.41400384902954,,,0.63788,0.37694,1,,,,,,,,,GP3,0.63788,0.37694,0.67917,0.9713,normalised
89.43090987205505,,,0.63743,0.37631,1,,,,,,,,,GP3,0.63743,0.37631,0.67917,0.9713,normalised
89.44887399673462,,,0.63703,0.37607,1,,,,,,,,,GP3,0.63703,0.37607,0.67917,0.9713,normalised
89.4623773097992,,,0.63665,0.37596,1,,,,,,,,,GP3,0.63665,0.37596,0.67917,0.9713,normalised
89.48002552986145,,,0.63616,0.3761,1,,,,,,,,,GP3,0.63616,0.3761,0.67917,0.9713,normalised
89.4965250492096,,,0.6359,0.37589,1,,,,,,,,,GP3,0.6359,0.37589,0.67917,0.9713,normalised
89.51023244857788,,,0.63572,0.37532,1,,,,,,,,,GP3,0.63572,0.37532,0.67917,0.9713,normalised
89.52943444252014,,,0.63512,0.37433,1,,,,,,,,,GP3,0.63512,0.37433,0.67917,0.9713,normalised
89.5434718132019,,,0.63476,0.37379,1,,,,,,,,,GP3,0.63476,0.37379,0.67917,0.9713,normalised
89.56096076965332,,,0.63443,0.37328,1,,,,,,,,,GP3,0.63443,0.37328,0.67917,0.9713,normalised
89.57637786865234,,,0.63432,0.37319,1,,,,,,,,,GP3,0.63432,0.37319,0.67917,0.9713,normalised
89.59308123588562,,,0.63417,0.37316,1,,,,,,,,,GP3,0.63417,0.37316,0.67917,0.9713,normalised
89.60965251922607,,,0.63403,0.37314,1,,,,,,,,,GP3,0.63403,0.37314,0.67917,0.9713,normalised
89.62705993652344,,,0.63391,0.3727,1,,,,,,,,,GP3,0.63391,0.3727,0.67917,0.9713,normalised
89.64303231239319,,,0.63341,0.37199,1,,,,,,,,,GP3,0.63341,0.37199,0.67917,0.9713,normalised
89.65765976905823,,,0.63294,0.37133,1,,,,,,,,,GP3,0.63294,0.37133,0.67917,0.9713,normalised
89.67294478416443,,,0.63293,0.37109,1,,,,,,,,,GP3,0.63293,0.37109,0.67917,0.9713,normalised
89.69061064720154,,,0.63273,0.37103,1,,,,,,,,,GP3,0.63273,0.37103,0.67917,0.9713,normalised
89.70531034469604,,,0.63254,0.37097,1,,,,,,,,,GP3,0.63254,0.37097,0.67917,0.9713,normalised
89.72301125526428,,,0.63264,0.37067,1,,,,,,,,,GP3,0.63264,0.37067,0.67917,0.9713,normalised
89.73953485488892,,,0.63258,0.37019,1,,,,,,,,,GP3,0.63258,0.37019,0.67917,0.9713,normalised
89.75359654426575,,,0.63254,0.36952,1,,,,,,,,,GP3,0.63254,0.36952,0.67917,0.9713,normalised
89.76983833312988,,,0.63263,0.36939,1,,,,,,,,,GP3,0.63263,0.36939,0.67917,0.9713,normalised
89.78589534759521,,,0.63287,0.36835,1,,,,,,,,,GP3,0.63287,0.36835,0.67917,0.9713,normalised
89.80268788337708,,,0.63311,0.36729,1,,,,,,,,,GP3,0.63311,0.36729,0.67917,0.9713,normalised
89.82020115852356,,,0.63333,0.36697,1,,,,,,,,,GP3,0.63333,0.36697,0.67917,0.9713,normalised
89.83470940589905,,,0.63337,0.36684,1,,,,,,,,,GP3,0.63337,0.36684,0.67917,0.9713,normalised
89.85270166397095,,,0.63339,0.36676,1,,,,,,,,,GP3,0.63339,0.36676,0.67917,0.9713,normalised
89.86896538734436,,,0.63337,0.36603,1,,,,,,,,,GP3,0.63337,0.36603,0.67917,0.9713,normalised
89.88252925872803,,,0.63319,0.36585,1,,,,,,,,,GP3,0.63319,0.36585,0.67917,0.9713,normalised
89.89992666244507,,,0.63304,0.36519,1,,,,,,,,,GP3,0.63304,0.36519,0.67917,0.9713,normalised
89.9155604839325,,,0.63312,0.36472,1,,,,,,,,,GP3,0.63312,0.36472,0.67917,0.9713,normalised
89.93186926841736,,,0.63312,0.36406,1,,,,,,,,,GP3,0.63312,0.36406,0.67917,0.9713,normalised
89.94938826560974,,,0.63314,0.36325,1,,,,,,,,,GP3,0.63314,0.36325,0.67917,0.9713,normalised
89.96583914756775,,,0.63279,0.36296,1,,,,,,,,,GP3,0.63279,0.36296,0.67917,0.9713,normalised
89.97943139076233,,,0.63278,0.36226,1,,,,,,,,,GP3,0.63278,0.36226,0.67917,0.9713,normalised
89.99850106239319,,,0.63276,0.36167,1,,,,,,,,,GP3,0.63276,0.36167,0.67917,0.9713,normalised
90.0141773223877,,,0.63263,0.36177,1,,,,,,,,,GP3,0.63263,0.36177,0.67917,0.9713,normalised
90.02820348739624,,,0.63232,0.36189,1,,,,,,,,,GP3,0.63232,0.36189,0.67917,0.9713,normalised
90.04524445533752,,,0.63195,0.36243,1,,,,,,,,,GP3,0.63195,0.36243,0.67917,0.9713,normalised
90.06040811538696,,,0.63202,0.3625,1,,,,,,,,,GP3,0.63202,0.3625,0.67917,0.9713,normalised
90.07724380493164,,,0.63186,0.3629,1,,,,,,,,,GP3,0.63186,0.3629,0.67917,0.9713,normalised
90.09435963630676,,,0.63169,0.3633,1,,,,,,,,,GP3,0.63169,0.3633,0.67917,0.9713,normalised
90.11088585853577,,,0.63151,0.36378,1,,,,,,,,,GP3,0.63151,0.36378,0.67917,0.9713,normalised
90.12498164176941,,,0.6314,0.3645,1,,,,,,,,,GP3,0.6314,0.3645,0.67917,0.9713,normalised
90.14164113998413,,,0.63128,0.36522,1,,,,,,,,,GP3,0.63128,0.36522,0.67917,0.9713,normalised
90.15865135192871,,,0.63109,0.36536,1,,,,,,,,,GP3,0.63109,0.36536,0.67917,0.9713,normalised
90.1749541759491,,,0.6308,0.36506,1,,,,,,,,,GP3,0.6308,0.36506,0.67917,0.9713,normalised
90.19275116920471,,,0.63055,0.36442,1,,,,,,,,,GP3,0.63055,0.36442,0.67917,0.9713,normalised
90.20734739303589,,,0.63059,0.36411,1,,,,,,,,,GP3,0.63059,0.36411,0.67917,0.9713,normalised
90.22497153282166,,,0.63083,0.36334,1,,,,,,,,,GP3,0.63083,0.36334,0.67917,0.9713,normalised
90.23902797698975,,,0.63109,0.36246,1,,,,,,,,,GP3,0.63109,0.36246,0.67917,0.9713,normalised
90.25562787055969,,,0.6312,0.36141,1,,,,,,,,,GP3,0.6312,0.36141,0.67917,0.9713,normalised
90.27368998527527,,,0.63123,0.36073,1,,,,,,,,,GP3,0.63123,0.36073,0.67917,0.9713,normalised
90.28766083717346,,,0.63119,0.36049,1,,,,,,,,,GP3,0.63119,0.36049,0.67917,0.9713,normalised
90.30515933036804,,,0.63163,0.36058,1,,,,,,,,,GP3,0.63163,0.36058,0.67917,0.9713,normalised
90.3189754486084,,,0.6318,0.3608,1,,,,,,,,,GP3,0.6318,0.3608,0.67917,0.9713,normalised
90.33570432662964,,,0.63196,0.36101,1,,,,,,,,,GP3,0.63196,0.36101,0.67917,0.9713,normalised
90.3528208732605,,,0.63182,0.36056,1,,,,,,,,,GP3,0.63182,0.36056,0.67917,0.9713,normalised
90.36792588233948,,,0.63185,0.36017,1,,,,,,,,,GP3,0.63185,0.36017,0.67917,0.9713,normalised
90.38425946235657,,,0.63189,0.35977,1,,,,,,,,,GP3,0.63189,0.35977,0.67917,0.9713,normalised
90.40175986289978,,,0.63178,0.35988,1,,,,,,,,,GP3,0.63178,0.35988,0.67917,0.9713,normalised
90.41624236106873,,,0.63216,0.36,1,,,,,,,,,GP3,0.63216,0.36,0.67917,0.9713,normalised
90.43325448036194,,,0.63255,0.36012,1,,,,,,,,,GP3,0.63255,0.36012,0.67917,0.9713,normalised
90.44909119606018,,,0.63248,0.36008,1,,,,,,,,,GP3,0.63248,0.36008,0.67917,0.9713,normalised
90.46539187431335,,,0.63281,0.36016,1,,,,,,,,,GP3,0.63281,0.36016,0.67917,0.9713,normalised
90.4808976650238,,,0.63313,0.36039,1,,,,,,,,,GP3,0.63313,0.36039,0.67917,0.9713,normalised
90.49838352203369,,,0.63298,0.36094,1,,,,,,,,,GP3,0.63298,0.36094,0.67917,0.9713,normalised
90.51322817802429,,,0.63295,0.36165,1,,,,,,,,,GP3,0.63295,0.36165,0.67917,0.9713,normalised
90.53015565872192,,,0.63291,0.36242,1,,,,,,,,,GP3,0.63291,0.36242,0.67917,0.9713,normalised
90.54629826545715,,,0.63263,0.36246,1,,,,,,,,,GP3,0.63263,0.36246,0.67917,0.9713,normalised
90.56315994262695,,,0.63271,0.36316,1,,,,,,,,,GP3,0.63271,0.36316,0.67917,0.9713,normalised
90.57776212692261,,,0.63282,0.36365,1,,,,,,,,,GP3,0.63282,0.36365,0.67917,0.9713,normalised
90.59495949745178,,,0.63023,0.36301,1,,,,,,,,,GP3,0.63023,0.36301,0.67917,0.9713,normalised
90.61451935768127,,,0.6274,0.36235,1,,,,,,,,,GP3,0.6274,0.36235,0.67917,0.9713,normalised
90.62767958641052,,,0.62458,0.36186,1,,,,,,,,,GP3,0.62458,0.36186,0.67917,0.9713,normalised
90.64379715919495,,,0.59099,0.35859,0,,,,,,,,,GP3,0.59099,0.35859,0.67917,0.9713,normalised
90.65968132019043,,,0.5369,0.34501,0,,,,,,,,,GP3,0.5369,0.34501,0.67917,0.9713,normalised
90.6781873703003,,,0.5188,0.3376,0,,,,,,,,,GP3,0.5188,0.3376,0.67917,0.9713,normalised
90.69297957420349,,,0.48007,0.32771,0,,,,,,,,,GP3,0.48007,0.32771,0.67917,0.9713,normalised
90.71036338806152,,,0.47171,0.31064,0,,,,,,,,,GP3,0.47171,0.31064,0.67917,0.9713,normalised
90.7243971824646,,,0.46882,0.30198,0,,,,,,,,,GP3,0.46882,0.30198,0.67917,0.9713,normalised
90.74147176742554,,,0.46416,0.29323,1,,,,,,,,,GP3,0.46416,0.29323,0.67917,0.9713,normalised
90.75732922554016,,,0.46229,0.28644,1,,,,,,,,,GP3,0.46229,0.28644,0.67917,0.9713,normalised
90.77204918861389,,,0.46108,0.28288,1,,,,,,,,,GP3,0.46108,0.28288,0.67917,0.9713,normalised
90.78857016563416,,,0.45909,0.28109,1,,,,,,,,,GP3,0.45909,0.28109,0.67917,0.9713,normalised
90.8060884475708,,,0.45581,0.2799,1,,,,,,,,,GP3,0.45581,0.2799,0.67917,0.9713,normalised
90.82056069374084,,,0.45321,0.27822,1,,,,,,,,,GP3,0.45321,0.27822,0.67917,0.9713,normalised
90.83821487426758,,,0.44146,0.27856,1,,,,,,,,,GP3,0.44146,0.27856,0.67917,0.9713,normalised
90.85359692573547,,,0.43162,0.27956,1,,,,,,,,,GP3,0.43162,0.27956,0.67917,0.9713,normalised
90.86909699440002,,,0.42319,0.27896,1,,,,,,,,,GP3,0.42319,0.27896,0.67917,0.9713,normalised
90.8858654499054,,,0.41609,0.27878,1,,,,,,,,,GP3,0.41609,0.27878,0.67917,0.9713,normalised
90.90338659286499,,,0.40906,0.27959,1,,,,,,,,,GP3,0.40906,0.27959,0.67917,0.9713,normalised
90.918630361557,,,0.40308,0.28091,1,,,,,,,,,GP3,0.40308,0.28091,0.67917,0.9713,normalised
90.9357647895813,,,0.39779,0.28097,1,,,,,,,,,GP3,0.39779,0.28097,0.67917,0.9713,normalised
90.95102906227112,,,0.36407,0.28042,0,,,,,,,,,GP3,0.36407,0.28042,0.67917,0.9713,normalised
90.96933078765869,,,0.34046,0.29408,0,,,,,,,,,GP3,0.34046,0.29408,0.67917,0.9713,normalised
90.98215818405151,,,0.32271,0.28934,0,,,,,,,,,GP3,0.32271,0.28934,0.67917,0.9713,normalised
91.0001220703125,,,0.31728,0.29588,1,,,,,,,,,GP3,0.31728,0.29588,0.67917,0.9713,normalised
91.0147795677185,,,0.31403,0.29981,1,,,,,,,,,GP3,0.31403,0.29981,0.67917,0.9713,normalised
91.03354811668396,,,0.31063,0.29628,1,,,,,,,,,GP3,0.31063,0.29628,0.67917,0.9713,normalised
91.04691052436829,,,0.30966,0.297,1,,,,,,,,,GP3,0.30966,0.297,0.67917,0.9713,normalised
91.0661072731018,,,0.30877,0.29675,1,,,,,,,,,GP3,0.30877,0.29675,0.67917,0.9713,normalised
91.07991361618042,,,0.30824,0.29557,1,,,,,,,,,GP3,0.30824,0.29557,0.67917,0.9713,normalised
91.09660243988037,,,0.30739,0.28986,1,,,,,,,,,GP3,0.30739,0.28986,0.67917,0.9713,normalised
91.11140727996826,,,0.30654,0.2843,1,,,,,,,,,GP3,0.30654,0.2843,0.67917,0.9713,normalised
91.13084292411804,,,0.30717,0.28231,1,,,,,,,,,GP3,0.30717,0.28231,0.67917,0.9713,normalised
91.14501285552979,,,0.3077,0.27946,1,,,,,,,,,GP3,0.3077,0.27946,0.67917,0.9713,normalised
91.16053581237793,,,0.30816,0.27703,1,,,,,,,,,GP3,0.30816,0.27703,0.67917,0.9713,normalised
91.17737054824829,,,0.30837,0.27567,1,,,,,,,,,GP3,0.30837,0.27567,0.67917,0.9713,normalised
91.19332456588745,,,0.30938,0.27604,1,,,,,,,,,GP3,0.30938,0.27604,0.67917,0.9713,normalised
91.21033716201782,,,0.31029,0.27655,1,,,,,,,,,GP3,0.31029,0.27655,0.67917,0.9713,normalised
91.22878098487854,,,0.3107,0.27706,1,,,,,,,,,GP3,0.3107,0.27706,0.67917,0.9713,normalised
91.24251508712769,,,0.31124,0.27671,1,,,,,,,,,GP3,0.31124,0.27671,0.67917,0.9713,normalised
91.2593686580658,,,0.31169,0.27624,1,,,,,,,,,GP3,0.31169,0.27624,0.67917,0.9713,normalised
91.27658486366272,,,0.31184,0.27632,1,,,,,,,,,GP3,0.31184,0.27632,0.67917,0.9713,normalised
91.29032039642334,,,0.31172,0.27566,1,,,,,,,,,GP3,0.31172,0.27566,0.67917,0.9713,normalised
91.30694532394409,,,0.3116,0.27506,1,,,,,,,,,GP3,0.3116,0.27506,0.67917,0.9713,normalised
91.32483673095703,,,0.3125,0.27255,1,,,,,,,,,GP3,0.3125,0.27255,0.67917,0.9713,normalised
91.33966279029846,,,0.31377,0.27179,1,,,,,,,,,GP3,0.31377,0.27179,0.67917,0.9713,normalised
91.35587477684021,,,0.31499,0.27133,1,,,,,,,,,GP3,0.31499,0.27133,0.67917,0.9713,normalised
91.37200951576233,,,0.31582,0.27076,1,,,,,,,,,GP3,0.31582,0.27076,0.67917,0.9713,normalised
91.38709163665771,,,0.31634,0.2705,1,,,,,,,,,GP3,0.31634,0.2705,0.67917,0.9713,normalised
91.40358710289001,,,0.3168,0.27014,1,,,,,,,,,GP3,0.3168,0.27014,0.67917,0.9713,normalised
91.41982936859131,,,0.3167,0.2706,1,,,,,,,,,GP3,0.3167,0.2706,0.67917,0.9713,normalised
91.43620800971985,,,0.31684,0.27052,1,,,,,,,,,GP3,0.31684,0.27052,0.67917,0.9713,normalised
91.45261120796204,,,0.31694,0.27023,1,,,,,,,,,GP3,0.31694,0.27023,0.67917,0.9713,normalised
91.46895909309387,,,0.31716,0.26986,1,,,,,,,,,GP3,0.31716,0.26986,0.67917,0.9713,normalised
91.48656964302063,,,0.31739,0.26858,1,,,,,,,,,GP3,0.31739,0.26858,0.67917,0.9713,normalised
91.50123834609985,,,0.31751,0.26678,1,,,,,,,,,GP3,0.31751,0.26678,0.67917,0.9713,normalised
91.51832008361816,,,0.31744,0.26462,1,,,,,,,,,GP3,0.31744,0.26462,0.67917,0.9713,normalised
91.53503465652466,,,0.31757,0.26323,1,,,,,,,,,GP3,0.31757,0.26323,0.67917,0.9713,normalised
91.54893589019775,,,0.31766,0.26174,1,,,,,,,,,GP3,0.31766,0.26174,0.67917,0.9713,normalised
91.56702518463135,,,0.31749,0.2599,1,,,,,,,,,GP3,0.31749,0.2599,0.67917,0.9713,normalised
91.58203196525574,,,0.31912,0.22872,0,,,,,,,,,GP3,0.31912,0.22872,0.67917,0.9713,normalised
91.5985860824585,,,0.31283,0.2109,0,,,,,,,,,GP3,0.31283,0.2109,0.67917,0.9713,normalised
91.61517429351807,,,0.3209,0.20448,0,,,,,,,,,GP3,0.3209,0.20448,0.67917,0.9713,normalised
91.62961673736572,,,0.324,0.20756,1,,,,,,,,,GP3,0.324,0.20756,0.67917,0.9713,normalised
91.64626598358154,,,0.3259,0.20982,1,,,,,,,,,GP3,0.3259,0.20982,0.67917,0.9713,normalised
91.66208934783936,,,0.32515,0.21333,1,,,,,,,,,GP3,0.32515,0.21333,0.67917,0.9713,normalised
91.67982745170593,,,0.32363,0.21748,1,,,,,,,,,GP3,0.32363,0.21748,0.67917,0.9713,normalised
91.6965343952179,,,0.3223,0.2195,1,,,,,,,,,GP3,0.3223,0.2195,0.67917,0.9713,normalised
91.71111607551575,,,0.32275,0.21865,1,,,,,,,,,GP3,0.32275,0.21865,0.67917,0.9713,normalised
91.72904300689697,,,0.32228,0.21831,1,,,,,,,,,GP3,0.32228,0.21831,0.67917,0.9713,normalised
91.74265480041504,,,0.32173,0.21693,1,,,,,,,,,GP3,0.32173,0.21693,0.67917,0.9713,normalised
91.75864362716675,,,0.32073,0.21342,1,,,,,,,,,GP3,0.32073,0.21342,0.67917,0.9713,normalised
91.77486085891724,,,0.32181,0.20962,1,,,,,,,,,GP3,0.32181,0.20962,0.67917,0.9713,normalised
91.79139995574951,,,0.32268,0.20592,1,,,,,,,,,GP3,0.32268,0.20592,0.67917,0.9713,normalised
91.80808997154236,,,0.32053,0.2022,1,,,,,,,,,GP3,0.32053,0.2022,0.67917,0.9713,normalised
91.82412147521973,,,0.32002,0.19844,1,,,,,,,,,GP3,0.32002,0.19844,0.67917,0.9713,normalised
91.84163188934326,,,0.31967,0.19587,1,,,,,,,,,GP3,0.31967,0.19587,0.67917,0.9713,normalised
91.85653567314148,,,0.31875,0.19448,1,,,,,,,,,GP3,0.31875,0.19448,0.67917,0.9713,normalised
91.87354397773743,,,0.31883,0.19461,1,,,,,,,,,GP3,0.31883,0.19461,0.67917,0.9713,normalised
91.88870191574097,,,0.31894,0.19504,1,,,,,,,,,GP3,0.31894,0.19504,0.67917,0.9713,normalised
91.90460133552551,,,0.31956,0.19524,1,,,,,,,,,GP3,0.31956,0.19524,0.67917,0.9713,normalised
91.92031764984131,,,0.31958,0.19402,1,,,,,,,,,GP3,0.31958,0.19402,0.67917,0.9713,normalised
91.93718886375427,,,0.31968,0.19345,1,,,,,,,,,GP3,0.31968,0.19345,0.67917,0.9713,normalised
91.95383763313293,,,0.32024,0.19453,1,,,,,,,,,GP3,0.32024,0.19453,0.67917,0.9713,normalised
91.97187685966492,,,0.32051,0.19556,1,,,,,,,,,GP3,0.32051,0.19556,0.67917,0.9713,normalised
91.98702788352966,,,0.32061,0.19551,1,,,,,,,,,GP3,0.32061,0.19551,0.67917,0.9713,normalised
92.0037407875061,,,0.32076,0.19485,1,,,,,,,,,GP3,0.32076,0.19485,0.67917,0.9713,normalised
92.01858234405518,,,0.32047,0.1928,1,,,,,,,,,GP3,0.32047,0.1928,0.67917,0.9713,normalised
92.03508496284485,,,0.32012,0.19049,1,,,,,,,,,GP3,0.32012,0.19049,0.67917,0.9713,normalised
92.04992294311523,,,0.32004,0.18898,1,,,,,,,,,GP3,0.32004,0.18898,0.67917,0.9713,normalised
92.06894087791443,,,0.31987,0.18837,1,,,,,,,,,GP3,0.31987,0.18837,0.67917,0.9713,normalised
92.08316564559937,,,0.31988,0.18887,1,,,,,,,,,GP3,0.31988,0.18887,0.67917,0.9713,normalised
92.10056948661804,,,0.32039,0.18954,1,,,,,,,,,GP3,0.32039,0.18954,0.67917,0.9713,normalised
92.11415958404541,,,0.32114,0.18949,1,,,,,,,,,GP3,0.32114,0.18949,0.67917,0.9713,normalised
92.13130927085876,,,0.32179,0.18896,1,,,,,,,,,GP3,0.32179,0.18896,0.67917,0.9713,normalised
92.14884757995605,,,0.32162,0.18867,1,,,,,,,,,GP3,0.32162,0.18867,0.67917,0.9713,normalised
92.16345238685608,,,0.32148,0.18744,1,,,,,,,,,GP3,0.32148,0.18744,0.67917,0.9713,normalised
92.18127799034119,,,0.32128,0.1859,1,,,,,,,,,GP3,0.32128,0.1859,0.67917,0.9713,normalised
92.1979124546051,,,0.32099,0.18477,1,,,,,,,,,GP3,0.32099,0.18477,0.67917,0.9713,normalised
92.21235585212708,,,0.32073,0.18477,1,,,,,,,,,GP3,0.32073,0.18477,0.67917,0.9713,normalised
92.22808003425598,,,0.32056,0.18531,1,,,,,,,,,GP3,0.32056,0.18531,0.67917,0.9713,normalised
92.24488186836243,,,0.32055,0.18586,1,,,,,,,,,GP3,0.32055,0.18586,0.67917,0.9713,normalised
92.26191115379333,,,0.32056,0.18623,1,,,,,,,,,GP3,0.32056,0.18623,0.67917,0.9713,normalised
92.27662134170532,,,0.32058,0.18658,1,,,,,,,,,GP3,0.32058,0.18658,0.67917,0.9713,normalised
92.29439806938171,,,0.32041,0.18631,1,,,,,,,,,GP3,0.32041,0.18631,0.67917,0.9713,normalised
92.31011652946472,,,0.32081,0.18713,1,,,,,,,,,GP3,0.32081,0.18713,0.67917,0.9713,normalised
92.3261034488678,,,0.32124,0.18817,1,,,,,,,,,GP3,0.32124,0.18817,0.67917,0.9713,normalised
92.34309005737305,,,0.32154,0.1891,1,,,,,,,,,GP3,0.32154,0.1891,0.67917,0.9713,normalised
92.36012434959412,,,0.3218,0.18951,1,,,,,,,,,GP3,0.3218,0.18951,0.67917,0.9713,normalised
92.37402510643005,,,0.32238,0.19104,1,,,,,,,,,GP3,0.32238,0.19104,0.67917,0.9713,normalised
92.39018559455872,,,0.322,0.19131,1,,,,,,,,,GP3,0.322,0.19131,0.67917,0.9713,normalised
92.40773487091064,,,0.32695,0.22169,0,,,,,,,,,GP3,0.32695,0.22169,0.67917,0.9713,normalised
92.42409348487854,,,0.32878,0.22742,0,,,,,,,,,GP3,0.32878,0.22742,0.67917,0.9713,normalised
92.43784594535828,,,0.32584,0.21277,0,,,,,,,,,GP3,0.32584,0.21277,0.67917,0.9713,normalised
92.45490550994873,,,0.32598,0.20376,1,,,,,,,,,GP3,0.32598,0.20376,0.67917,0.9713,normalised
92.47010374069214,,,0.325,0.19156,1,,,,,,,,,GP3,0.325,0.19156,0.67917,0.9713,normalised
92.48774695396423,,,0.32209,0.18141,1,,,,,,,,,GP3,0.32209,0.18141,0.67917,0.9713,normalised
92.50490427017212,,,0.31947,0.17562,1,,,,,,,,,GP3,0.31947,0.17562,0.67917,0.9713,normalised
92.52163219451904,,,0.31759,0.17167,1,,,,,,,,,GP3,0.31759,0.17167,0.67917,0.9713,normalised
92.5365092754364,,,0.31667,0.1673,1,,,,,,,,,GP3,0.31667,0.1673,0.67917,0.9713,normalised
92.5540337562561,,,0.31492,0.16052,1,,,,,,,,,GP3,0.31492,0.16052,0.67917,0.9713,normalised
92.56713366508484,,,0.31335,0.15405,1,,,,,,,,,GP3,0.31335,0.15405,0.67917,0.9713,normalised
92.58385634422302,,,0.31162,0.14871,1,,,,,,,,,GP3,0.31162,0.14871,0.67917,0.9713,normalised
92.60160636901855,,,0.31036,0.14407,1,,,,,,,,,GP3,0.31036,0.14407,0.67917,0.9713,normalised
92.61621856689453,,,0.30926,0.14007,1,,,,,,,,,GP3,0.30926,0.14007,0.67917,0.9713,normalised
92.63204455375671,,,0.30813,0.13678,1,,,,,,,,,GP3,0.30813,0.13678,0.67917,0.9713,normalised
92.65067958831787,,,0.30755,0.13633,1,,,,,,,,,GP3,0.30755,0.13633,0.67917,0.9713,normalised
92.66545963287354,,,0.30718,0.13673,1,,,,,,,,,GP3,0.30718,0.13673,0.67917,0.9713,normalised
92.68198323249817,,,0.30704,0.13908,1,,,,,,,,,GP3,0.30704,0.13908,0.67917,0.9713,normalised
92.69782304763794,,,0.30677,0.13836,1,,,,,,,,,GP3,0.30677,0.13836,0.67917,0.9713,normalised
92.71452832221985,,,0.30652,0.13771,1,,,,,,,,,GP3,0.30652,0.13771,0.67917,0.9713,normalised
92.73030853271484,,,0.30635,0.1403,1,,,,,,,,,GP3,0.30635,0.1403,0.67917,0.9713,normalised
92.74719619750977,,,0.30661,0.14121,1,,,,,,,,,GP3,0.30661,0.14121,0.67917,0.9713,normalised
92.76123428344727,,,0.307,0.14297,1,,,,,,,,,GP3,0.307,0.14297,0.67917,0.9713,normalised
92.77793645858765,,,0.30798,0.14602,1,,,,,,,,,GP3,0.30798,0.14602,0.67917,0.9713,normalised
92.79386353492737,,,0.30875,0.14869,1,,,,,,,,,GP3,0.30875,0.14869,0.67917,0.9713,normalised
92.8113226890564,,,0.30957,0.15186,1,,,,,,,,,GP3,0.30957,0.15186,0.67917,0.9713,normalised
92.82605147361755,,,0.31062,0.15546,1,,,,,,,,,GP3,0.31062,0.15546,0.67917,0.9713,normalised
92.84422826766968,,,0.31578,0.18647,0,,,,,,,,,GP3,0.31578,0.18647,0.67917,0.9713,normalised
92.85902404785156,,,0.31676,0.18627,0,,,,,,,,,GP3,0.31676,0.18627,0.67917,0.9713,normalised
92.87664794921875,,,0.3131,0.18091,0,,,,,,,,,GP3,0.3131,0.18091,0.67917,0.9713,normalised
92.89131307601929,,,0.30786,0.17681,1,,,,,,,,,GP3,0.30786,0.17681,0.67917,0.9713,normalised
92.90796113014221,,,0.30386,0.16962,1,,,,,,,,,GP3,0.30386,0.16962,0.67917,0.9713,normalised
92.92549324035645,,,0.30116,0.16236,1,,,,,,,,,GP3,0.30116,0.16236,0.67917,0.9713,normalised
92.93935227394104,,,0.30008,0.15926,1,,,,,,,,,GP3,0.30008,0.15926,0.67917,0.9713,normalised
92.95711326599121,,,0.29975,0.15974,1,,,,,,,,,GP3,0.29975,0.15974,0.67917,0.9713,normalised
92.97131776809692,,,0.30102,0.15985,1,,,,,,,,,GP3,0.30102,0.15985,0.67917,0.9713,normalised
92.98993992805481,,,0.30368,0.16557,1,,,,,,,,,GP3,0.30368,0.16557,0.67917,0.9713,normalised
93.0069625377655,,,0.3056,0.16803,1,,,,,,,,,GP3,0.3056,0.16803,0.67917,0.9713,normalised
93.0215060710907,,,0.30996,0.16228,1,,,,,,,,,GP3,0.30996,0.16228,0.67917,0.9713,normalised
93.03813099861145,,,0.31326,0.14868,1,,,,,,,,,GP3,0.31326,0.14868,0.67917,0.9713,normalised
93.0547935962677,,,0.31568,0.13356,1,,,,,,,,,GP3,0.31568,0.13356,0.67917,0.9713,normalised
93.0708875656128,,,0.31947,0.12371,1,,,,,,,,,GP3,0.31947,0.12371,0.67917,0.9713,normalised
93.08680415153503,,,0.32316,0.12272,1,,,,,,,,,GP3,0.32316,0.12272,0.67917,0.9713,normalised
93.10252094268799,,,0.32694,0.12703,1,,,,,,,,,GP3,0.32694,0.12703,0.67917,0.9713,normalised
93.11698007583618,,,0.33127,0.13086,1,,,,,,,,,GP3,0.33127,0.13086,0.67917,0.9713,normalised
93.13450694084167,,,0.35552,0.11993,0,,,,,,,,,GP3,0.35552,0.11993,0.67917,0.9713,normalised
93.15128993988037,,,0.37937,0.15494,0,,,,,,,,,GP3,0.37937,0.15494,0.67917,0.9713,normalised
93.16708207130432,,,0.38842,0.1756,0,,,,,,,,,GP3,0.38842,0.1756,0.67917,0.9713,normalised
93.1837968826294,,,0.39193,0.1791,1,,,,,,,,,GP3,0.39193,0.1791,0.67917,0.9713,normalised
93.1998860836029,,,0.3942,0.18336,1,,,,,,,,,GP3,0.3942,0.18336,0.67917,0.9713,normalised
93.21442079544067,,,0.39624,0.19509,1,,,,,,,,,GP3,0.39624,0.19509,0.67917,0.9713,normalised
93.2310700416565,,,0.39458,0.1966,1,,,,,,,,,GP3,0.39458,0.1966,0.67917,0.9713,normalised
93.24854493141174,,,0.39336,0.19804,1,,,,,,,,,GP3,0.39336,0.19804,0.67917,0.9713,normalised
93.26507925987244,,,0.3925,0.20212,1,,,,,,,,,GP3,0.3925,0.20212,0.67917,0.9713,normalised
93.28025007247925,,,0.39364,0.20441,1,,,,,,,,,GP3,0.39364,0.20441,0.67917,0.9713,normalised
93.2957091331482,,,0.39457,0.20627,1,,,,,,,,,GP3,0.39457,0.20627,0.67917,0.9713,normalised
93.3131959438324,,,0.39637,0.20739,1,,,,,,,,,GP3,0.39637,0.20739,0.67917,0.9713,normalised
93.32980132102966,,,0.39668,0.20779,1,,,,,,,,,GP3,0.39668,0.20779,0.67917,0.9713,normalised
93.3435890674591,,,0.39699,0.20858,1,,,,,,,,,GP3,0.39699,0.20858,0.67917,0.9713,normalised
93.360111951828,,,0.39818,0.2098,1,,,,,,,,,GP3,0.39818,0.2098,0.67917,0.9713,normalised
93.37715077400208,,,0.39859,0.21155,1,,,,,,,,,GP3,0.39859,0.21155,0.67917,0.9713,normalised
93.39361786842346,,,0.3989,0.21253,1,,,,,,,,,GP3,0.3989,0.21253,0.67917,0.9713,normalised
93.40976357460022,,,0.39936,0.21342,1,,,,,,,,,GP3,0.39936,0.21342,0.67917,0.9713,normalised
93.42738747596741,,,0.4001,0.21131,1,,,,,,,,,GP3,0.4001,0.21131,0.67917,0.9713,normalised
93.44248580932617,,,0.40071,0.20874,1,,,,,,,,,GP3,0.40071,0.20874,0.67917,0.9713,normalised
93.46002340316772,,,0.4009,0.20768,1,,,,,,,,,GP3,0.4009,0.20768,0.67917,0.9713,normalised
93.47668671607971,,,0.40088,0.20557,1,,,,,,,,,GP3,0.40088,0.20557,0.67917,0.9713,normalised
93.491281747818,,,0.40089,0.20408,1,,,,,,,,,GP3,0.40089,0.20408,0.67917,0.9713,normalised
93.50782418251038,,,0.40118,0.20525,1,,,,,,,,,GP3,0.40118,0.20525,0.67917,0.9713,normalised
93.52245855331421,,,0.40161,0.20577,1,,,,,,,,,GP3,0.40161,0.20577,0.67917,0.9713,normalised
93.53843474388123,,,0.402,0.20624,1,,,,,,,,,GP3,0.402,0.20624,0.67917,0.9713,normalised
93.55419945716858,,,0.40174,0.20821,1,,,,,,,,,GP3,0.40174,0.20821,0.67917,0.9713,normalised
93.57121396064758,,,0.40116,0.20914,1,,,,,,,,,GP3,0.40116,0.20914,0.67917,0.9713,normalised
93.58838534355164,,,0.4006,0.20979,1,,,,,,,,,GP3,0.4006,0.20979,0.67917,0.9713,normalised
93.60289454460144,,,0.39999,0.21181,1,,,,,,,,,GP3,0.39999,0.21181,0.67917,0.9713,normalised
93.6194097995758,,,0.40026,0.21339,1,,,,,,,,,GP3,0.40026,0.21339,0.67917,0.9713,normalised
93.63624334335327,,,0.40055,0.21535,1,,,,,,,,,GP3,0.40055,0.21535,0.67917,0.9713,normalised
93.65205764770508,,,0.40054,0.21713,1,,,,,,,,,GP3,0.40054,0.21713,0.67917,0.9713,normalised
93.66811776161194,,,0.40128,0.2474,0,,,,,,,,,GP3,0.40128,0.2474,0.67917,0.9713,normalised
93.68463158607483,,,0.41057,0.30324,0,,,,,,,,,GP3,0.41057,0.30324,0.67917,0.9713,normalised
93.7006254196167,,,0.41182,0.32946,0,,,,,,,,,GP3,0.41182,0.32946,0.67917,0.9713,normalised
93.71721744537354,,,0.4123,0.37266,0,,,,,,,,,GP3,0.4123,0.37266,0.67917,0.9713,normalised
93.73210573196411,,,0.40751,0.37484,0,,,,,,,,,GP3,0.40751,0.37484,0.67917,0.9713,normalised
93.74900197982788,,,0.41502,0.36994,0,,,,,,,,,GP3,0.41502,0.36994,0.67917,0.9713,normalised
93.76560688018799,,,0.41455,0.36533,1,,,,,,,,,GP3,0.41455,0.36533,0.67917,0.9713,normalised
93.78136587142944,,,0.41421,0.36067,1,,,,,,,,,GP3,0.41421,0.36067,0.67917,0.9713,normalised
93.79875874519348,,,0.41308,0.34805,1,,,,,,,,,GP3,0.41308,0.34805,0.67917,0.9713,normalised
93.81342387199402,,,0.41537,0.33901,1,,,,,,,,,GP3,0.41537,0.33901,0.67917,0.9713,normalised
93.83015275001526,,,0.4169,0.33055,1,,,,,,,,,GP3,0.4169,0.33055,0.67917,0.9713,normalised
93.84811425209045,,,0.42766,0.34394,1,,,,,,,,,GP3,0.42766,0.34394,0.67917,0.9713,normalised
93.86484003067017,,,0.43504,0.34345,1,,,,,,,,,GP3,0.43504,0.34345,0.67917,0.9713,normalised
93.88078880310059,,,0.44109,0.34479,1,,,,,,,,,GP3,0.44109,0.34479,0.67917,0.9713,normalised
93.8943030834198,,,0.45588,0.37134,1,,,,,,,,,GP3,0.45588,0.37134,0.67917,0.9713,normalised
93.91208076477051,,,0.46947,0.39421,1,,,,,,,,,GP3,0.46947,0.39421,0.67917,0.9713,normalised
93.92794346809387,,,0.48114,0.41369,1,,,,,,,,,GP3,0.48114,0.41369,0.67917,0.9713,normalised
93.94485592842102,,,0.49046,0.42816,1,,,,,,,,,GP3,0.49046,0.42816,0.67917,0.9713,normalised
93.9617567062378,,,0.52498,0.46678,0,,,,,,,,,GP3,0.52498,0.46678,0.67917,0.9713,normalised
93.97503399848938,,,0.56261,0.5562,0,,,,,,,,,GP3,0.56261,0.5562,0.67917,0.9713,normalised
93.9909975528717,,,0.58446,0.59997,0,,,,,,,,,GP3,0.58446,0.59997,0.67917,0.9713,normalised
94.0077292919159,,,0.61646,0.67438,0,,,,,,,,,GP3,0.61646,0.67438,0.67917,0.9713,normalised
94.02389454841614,,,0.61888,0.6813,0,,,,,,,,,GP3,0.61888,0.6813,0.67917,0.9713,normalised
94.0418598651886,,,0.63736,0.69729,0,,,,,,,,,GP3,0.63736,0.69729,0.67917,0.9713,normalised
94.05844473838806,,,0.7362,0.97568,0,,,,,,,,,GP3,0.7362,0.97568,0.67917,0.9713,normalised
94.0714545249939,,,0.92161,1.61137,0,,,,,,,,,GP3,0.92161,1.61137,0.67917,0.9713,normalised
94.08890962600708,,,0.86559,1.37162,0,,,,,,,,,GP3,0.86559,1.37162,0.67917,0.9713,normalised
94.10371708869934,,,0.86777,1.32863,0,,,,,,,,,GP3,0.86777,1.32863,0.67917,0.9713,normalised
94.12165713310242,,,0.80609,1.08647,0,,,,,,,,,GP3,0.80609,1.08647,0.67917,0.9713,normalised
94.1367027759552,,,0.78405,1.00097,0,,,,,,,,,GP3,0.78405,1.00097,0.67917,0.9713,normalised
94.15321826934814,,,0.74673,0.8447,0,,,,,,,,,GP3,0.74673,0.8447,0.67917,0.9713,normalised
94.16952085494995,,,0.75127,0.85227,0,,,,,,,,,GP3,0.75127,0.85227,0.67917,0.9713,normalised
94.18694591522217,,,0.74457,0.85097,0,,,,,,,,,GP3,0.74457,0.85097,0.67917,0.9713,normalised
94.2018051147461,,,0.7478,0.86354,1,,,,,,,,,GP3,0.7478,0.86354,0.67917,0.9713,normalised
94.21932077407837,,,0.75014,0.87063,1,,,,,,,,,GP3,0.75014,0.87063,0.67917,0.9713,normalised
94.23422956466675,,,0.76173,0.87006,1,,,,,,,,,GP3,0.76173,0.87006,0.67917,0.9713,normalised
94.25323915481567,,,0.7676,0.86374,1,,,,,,,,,GP3,0.7676,0.86374,0.67917,0.9713,normalised
94.26576566696167,,,0.77235,0.85854,1,,,,,,,,,GP3,0.77235,0.85854,0.67917,0.9713,normalised
94.28292608261108,,,0.77821,0.85612,1,,,,,,,,,GP3,0.77821,0.85612,0.67917,0.9713,normalised
94.30002951622009,,,0.78324,0.85641,1,,,,,,,,,GP3,0.78324,0.85641,0.67917,0.9713,normalised
94.3176257610321,,,0.78714,0.85687,1,,,,,,,,,GP3,0.78714,0.85687,0.67917,0.9713,normalised
94.33208155632019,,,0.79023,0.8558,1,,,,,,,,,GP3,0.79023,0.8558,0.67917,0.9713,normalised
94.34787917137146,,,0.7931,0.85569,1,,,,,,,,,GP3,0.7931,0.85569,0.67917,0.9713,normalised
94.36543440818787,,,0.7958,0.85532,1,,,,,,,,,GP3,0.7958,0.85532,0.67917,0.9713,normalised
94.37902855873108,,,0.79831,0.85481,1,,,,,,,,,GP3,0.79831,0.85481,0.67917,0.9713,normalised
94.39671683311462,,,0.80096,0.85426,1,,,,,,,,,GP3,0.80096,0.85426,0.67917,0.9713,normalised
94.41350841522217,,,0.80334,0.85371,1,,,,,,,,,GP3,0.80334,0.85371,0.67917,0.9713,normalised
94.42781519889832,,,0.80624,0.85347,1,,,,,,,,,GP3,0.80624,0.85347,0.67917,0.9713,normalised
94.4457790851593,,,0.80873,0.85363,1,,,,,,,,,GP3,0.80873,0.85363,0.67917,0.9713,normalised
94.46269798278809,,,0.83623,0.85112,0,,,,,,,,,GP3,0.83623,0.85112,0.67917,0.9713,normalised
94.47652697563171,,,0.83952,0.86154,0,,,,,,,,,GP3,0.83952,0.86154,0.67917,0.9713,normalised
94.49276971817017,,,0.84914,0.85853,0,,,,,,,,,GP3,0.84914,0.85853,0.67917,0.9713,normalised
94.50959420204163,,,0.85397,0.85701,1,,,,,,,,,GP3,0.85397,0.85701,0.67917,0.9713,normalised
94.52608728408813,,,0.85625,0.85797,1,,,,,,,,,GP3,0.85625,0.85797,0.67917,0.9713,normalised
94.54213237762451,,,0.85655,0.85922,1,,,,,,,,,GP3,0.85655,0.85922,0.67917,0.9713,normalised
94.55984807014465,,,0.85747,0.85942,1,,,,,,,,,GP3,0.85747,0.85942,0.67917,0.9713,normalised
94.5747332572937,,,0.8567,0.85912,1,,,,,,,,,GP3,0.8567,0.85912,0.67917,0.9713,normalised
94.59040784835815,,,0.85512,0.85896,1,,,,,,,,,GP3,0.85512,0.85896,0.67917,0.9713,normalised
94.60497117042542,,,0.85375,0.85894,1,,,,,,,,,GP3,0.85375,0.85894,0.67917,0.9713,normalised
94.6215751171112,,,0.85354,0.85838,1,,,,,,,,,GP3,0.85354,0.85838,0.67917,0.9713,normalised
94.64006543159485,,,0.85179,0.85938,1,,,,,,,,,GP3,0.85179,0.85938,0.67917,0.9713,normalised
94.65435266494751,,,0.85006,0.86049,1,,,,,,,,,GP3,0.85006,0.86049,0.67917,0.9713,normalised
94.67252159118652,,,0.85136,0.85975,1,,,,,,,,,GP3,0.85136,0.85975,0.67917,0.9713,normalised
94.69018054008484,,,0.85418,0.85821,1,,,,,,,,,GP3,0.85418,0.85821,0.67917,0.9713,normalised
94.70491528511047,,,0.85671,0.8568,1,,,,,,,,,GP3,0.85671,0.8568,0.67917,0.9713,normalised
94.72043657302856,,,0.85965,0.85501,1,,,,,,,,,GP3,0.85965,0.85501,0.67917,0.9713,normalised
94.73712158203125,,,0.86197,0.85309,1,,,,,,,,,GP3,0.86197,0.85309,0.67917,0.9713,normalised
94.75396800041199,,,0.86399,0.85144,1,,,,,,,,,GP3,0.86399,0.85144,0.67917,0.9713,normalised
94.76833486557007,,,0.86276,0.85388,1,,,,,,,,,GP3,0.86276,0.85388,0.67917,0.9713,normalised
94.78329944610596,,,0.86148,0.8553,1,,,,,,,,,GP3,0.86148,0.8553,0.67917,0.9713,normalised
94.79990267753601,,,0.8604,0.85651,1,,,,,,,,,GP3,0.8604,0.85651,0.67917,0.9713,normalised
94.81670546531677,,,0.8596,0.85777,1,,,,,,,,,GP3,0.8596,0.85777,0.67917,0.9713,normalised
94.83352637290955,,,0.85887,0.85805,1,,,,,,,,,GP3,0.85887,0.85805,0.67917,0.9713,normalised
94.85050225257874,,,0.85825,0.85825,1,,,,,,,,,GP3,0.85825,0.85825,0.67917,0.9713,normalised
94.86691522598267,,,0.85786,0.8584,1,,,,,,,,,GP3,0.85786,0.8584,0.67917,0.9713,normalised
94.88259291648865,,,0.85762,0.85876,1,,,,,,,,,GP3,0.85762,0.85876,0.67917,0.9713,normalised
94.89641761779785,,,0.85743,0.85906,1,,,,,,,,,GP3,0.85743,0.85906,0.67917,0.9713,normalised
94.91467356681824,,,0.85888,0.85753,1,,,,,,,,,GP3,0.85888,0.85753,0.67917,0.9713,normalised
94.93031167984009,,,0.86017,0.85593,1,,,,,,,,,GP3,0.86017,0.85593,0.67917,0.9713,normalised
94.94718432426453,,,0.86142,0.85438,1,,,,,,,,,GP3,0.86142,0.85438,0.67917,0.9713,normalised
94.96440124511719,,,0.86139,0.85381,1,,,,,,,,,GP3,0.86139,0.85381,0.67917,0.9713,normalised
94.97888255119324,,,0.8613,0.85382,1,,,,,,,,,GP3,0.8613,0.85382,0.67917,0.9713,normalised
94.99463200569153,,,0.86139,0.85365,1,,,,,,,,,GP3,0.86139,0.85365,0.67917,0.9713,normalised
95.01200819015503,,,0.86139,0.8532,1,,,,,,,,,GP3,0.86139,0.8532,0.67917,0.9713,normalised
95.02967667579651,,,0.86088,0.85184,1,,,,,,,,,GP3,0.86088,0.85184,0.67917,0.9713,normalised
95.04385256767273,,,0.8604,0.85056,1,,,,,,,,,GP3,0.8604,0.85056,0.67917,0.9713,normalised
95.06041932106018,,,0.86068,0.85055,1,,,,,,,,,GP3,0.86068,0.85055,0.67917,0.9713,normalised
95.0748028755188,,,0.86044,0.85079,1,,,,,,,,,GP3,0.86044,0.85079,0.67917,0.9713,normalised
95.09161806106567,,,0.86004,0.85118,1,,,,,,,,,GP3,0.86004,0.85118,0.67917,0.9713,normalised
95.10949993133545,,,0.8603,0.8511,1,,,,,,,,,GP3,0.8603,0.8511,0.67917,0.9713,normalised
95.1272542476654,,,0.86141,0.85046,1,,,,,,,,,GP3,0.86141,0.85046,0.67917,0.9713,normalised
95.14138603210449,,,0.86234,0.84997,1,,,,,,,,,GP3,0.86234,0.84997,0.67917,0.9713,normalised
95.1600091457367,,,0.8635,0.84921,1,,,,,,,,,GP3,0.8635,0.84921,0.67917,0.9713,normalised
95.17316627502441,,,0.86466,0.84836,1,,,,,,,,,GP3,0.86466,0.84836,0.67917,0.9713,normalised
95.18969178199768,,,0.86583,0.84748,1,,,,,,,,,GP3,0.86583,0.84748,0.67917,0.9713,normalised
95.20734715461731,,,0.86521,0.84782,1,,,,,,,,,GP3,0.86521,0.84782,0.67917,0.9713,normalised
95.2209894657135,,,0.86453,0.848,1,,,,,,,,,GP3,0.86453,0.848,0.67917,0.9713,normalised
95.23711085319519,,,0.86444,0.84814,1,,,,,,,,,GP3,0.86444,0.84814,0.67917,0.9713,normalised
95.2545337677002,,,0.86448,0.84808,1,,,,,,,,,GP3,0.86448,0.84808,0.67917,0.9713,normalised
95.26955509185791,,,0.86356,0.84889,1,,,,,,,,,GP3,0.86356,0.84889,0.67917,0.9713,normalised
95.28740096092224,,,0.86263,0.84971,1,,,,,,,,,GP3,0.86263,0.84971,0.67917,0.9713,normalised
95.30128645896912,,,0.86225,0.85002,1,,,,,,,,,GP3,0.86225,0.85002,0.67917,0.9713,normalised
95.32041144371033,,,0.8624,0.84982,1,,,,,,,,,GP3,0.8624,0.84982,0.67917,0.9713,normalised
95.33541893959045,,,0.86247,0.84971,1,,,,,,,,,GP3,0.86247,0.84971,0.67917,0.9713,normalised
95.3512077331543,,,0.86276,0.84947,1,,,,,,,,,GP3,0.86276,0.84947,0.67917,0.9713,normalised
95.36841106414795,,,0.86393,0.84861,1,,,,,,,,,GP3,0.86393,0.84861,0.67917,0.9713,normalised
95.385498046875,,,0.86509,0.84775,1,,,,,,,,,GP3,0.86509,0.84775,0.67917,0.9713,normalised
95.4002423286438,,,0.8651,0.84825,1,,,,,,,,,GP3,0.8651,0.84825,0.67917,0.9713,normalised
95.41495847702026,,,0.86519,0.84802,1,,,,,,,,,GP3,0.86519,0.84802,0.67917,0.9713,normalised
95.43171834945679,,,0.8654,0.84769,1,,,,,,,,,GP3,0.8654,0.84769,0.67917,0.9713,normalised
95.45124745368958,,,0.86489,0.84779,1,,,,,,,,,GP3,0.86489,0.84779,0.67917,0.9713,normalised
95.4641478061676,,,0.86382,0.84855,1,,,,,,,,,GP3,0.86382,0.84855,0.67917,0.9713,normalised
95.47925305366516,,,0.86275,0.8493,1,,,,,,,,,GP3,0.86275,0.8493,0.67917,0.9713,normalised
95.49885725975037,,,0.86198,0.84993,1,,,,,,,,,GP3,0.86198,0.84993,0.67917,0.9713,normalised
95.51365804672241,,,0.86115,0.85013,1,,,,,,,,,GP3,0.86115,0.85013,0.67917,0.9713,normalised
95.52836394309998,,,0.86037,0.85028,1,,,,,,,,,GP3,0.86037,0.85028,0.67917,0.9713,normalised
95.5443229675293,,,0.86076,0.84896,1,,,,,,,,,GP3,0.86076,0.84896,0.67917,0.9713,normalised
95.56203579902649,,,0.86136,0.84804,1,,,,,,,,,GP3,0.86136,0.84804,0.67917,0.9713,normalised
95.57612562179565,,,0.86191,0.84717,1,,,,,,,,,GP3,0.86191,0.84717,0.67917,0.9713,normalised
95.59249496459961,,,0.86219,0.8464,1,,,,,,,,,GP3,0.86219,0.8464,0.67917,0.9713,normalised
95.60830664634705,,,0.86245,0.84595,1,,,,,,,,,GP3,0.86245,0.84595,0.67917,0.9713,normalised
95.62502241134644,,,0.86268,0.84552,1,,,,,,,,,GP3,0.86268,0.84552,0.67917,0.9713,normalised
95.64298439025879,,,0.8626,0.84557,1,,,,,,,,,GP3,0.8626,0.84557,0.67917,0.9713,normalised
95.65719151496887,,,0.86235,0.8455,1,,,,,,,,,GP3,0.86235,0.8455,0.67917,0.9713,normalised
95.67510390281677,,,0.86206,0.84547,1,,,,,,,,,GP3,0.86206,0.84547,0.67917,0.9713,normalised
95.69080877304077,,,0.86067,0.84686,1,,,,,,,,,GP3,0.86067,0.84686,0.67917,0.9713,normalised
95.70741391181946,,,0.85932,0.84826,1,,,,,,,,,GP3,0.85932,0.84826,0.67917,0.9713,normalised
95.72162818908691,,,0.85795,0.8497,1,,,,,,,,,GP3,0.85795,0.8497,0.67917,0.9713,normalised
95.73812174797058,,,0.85766,0.85028,1,,,,,,,,,GP3,0.85766,0.85028,0.67917,0.9713,normalised
95.75385165214539,,,0.85741,0.85066,1,,,,,,,,,GP3,0.85741,0.85066,0.67917,0.9713,normalised
95.77082467079163,,,0.85702,0.85119,1,,,,,,,,,GP3,0.85702,0.85119,0.67917,0.9713,normalised
95.78698587417603,,,0.8569,0.85207,1,,,,,,,,,GP3,0.8569,0.85207,0.67917,0.9713,normalised
95.80259418487549,,,0.85685,0.85329,1,,,,,,,,,GP3,0.85685,0.85329,0.67917,0.9713,normalised
95.81955480575562,,,0.85675,0.85457,1,,,,,,,,,GP3,0.85675,0.85457,0.67917,0.9713,normalised
95.83606839179993,,,0.85584,0.8552,1,,,,,,,,,GP3,0.85584,0.8552,0.67917,0.9713,normalised
95.85086679458618,,,0.8553,0.85582,1,,,,,,,,,GP3,0.8553,0.85582,0.67917,0.9713,normalised
95.86745190620422,,,0.83762,0.876,0,,,,,,,,,GP3,0.83762,0.876,0.67917,0.9713,normalised
95.88506627082825,,,0.83626,0.87576,0,,,,,,,,,GP3,0.83626,0.87576,0.67917,0.9713,normalised
95.8996434211731,,,0.83493,0.87788,0,,,,,,,,,GP3,0.83493,0.87788,0.67917,0.9713,normalised
95.91642427444458,,,0.83428,0.87892,1,,,,,,,,,GP3,0.83428,0.87892,0.67917,0.9713,normalised
95.93213057518005,,,0.83568,0.87854,1,,,,,,,,,GP3,0.83568,0.87854,0.67917,0.9713,normalised
95.94966506958008,,,0.83571,0.87756,1,,,,,,,,,GP3,0.83571,0.87756,0.67917,0.9713,normalised
95.96466827392578,,,0.83573,0.87686,1,,,,,,,,,GP3,0.83573,0.87686,0.67917,0.9713,normalised
95.98106026649475,,,0.83785,0.87441,1,,,,,,,,,GP3,0.83785,0.87441,0.67917,0.9713,normalised
95.99870419502258,,,0.83966,0.87336,1,,,,,,,,,GP3,0.83966,0.87336,0.67917,0.9713,normalised
96.01333236694336,,,0.8411,0.87252,1,,,,,,,,,GP3,0.8411,0.87252,0.67917,0.9713,normalised
96.02947998046875,,,0.84091,0.87311,1,,,,,,,,,GP3,0.84091,0.87311,0.67917,0.9713,normalised
96.04520392417908,,,0.84038,0.87459,1,,,,,,,,,GP3,0.84038,0.87459,0.67917,0.9713,normalised
96.06210398674011,,,0.84002,0.87576,1,,,,,,,,,GP3,0.84002,0.87576,0.67917,0.9713,normalised
96.07823085784912,,,0.84092,0.87461,1,,,,,,,,,GP3,0.84092,0.87461,0.67917,0.9713,normalised
96.09459829330444,,,0.84104,0.87384,1,,,,,,,,,GP3,0.84104,0.87384,0.67917,0.9713,normalised
96.11168551445007,,,0.8412,0.8731,1,,,,,,,,,GP3,0.8412,0.8731,0.67917,0.9713,normalised
96.12800097465515,,,0.84213,0.87158,1,,,,,,,,,GP3,0.84213,0.87158,0.67917,0.9713,normalised
96.14243292808533,,,0.84293,0.87216,1,,,,,,,,,GP3,0.84293,0.87216,0.67917,0.9713,normalised
96.15981936454773,,,0.84358,0.87274,1,,,,,,,,,GP3,0.84358,0.87274,0.67917,0.9713,normalised
96.17504167556763,,,0.84407,0.87321,1,,,,,,,,,GP3,0.84407,0.87321,0.67917,0.9713,normalised
96.19246625900269,,,0.84602,0.87129,1,,,,,,,,,GP3,0.84602,0.87129,0.67917,0.9713,normalised
96.20922684669495,,,0.8479,0.86945,1,,,,,,,,,GP3,0.8479,0.86945,0.67917,0.9713,normalised
96.22385478019714,,,0.84815,0.87008,1,,,,,,,,,GP3,0.84815,0.87008,0.67917,0.9713,normalised
96.24126768112183,,,0.84856,0.87061,1,,,,,,,,,GP3,0.84856,0.87061,0.67917,0.9713,normalised
96.25574731826782,,,0.84894,0.87109,1,,,,,,,,,GP3,0.84894,0.87109,0.67917,0.9713,normalised
96.2731704711914,,,0.84914,0.87104,1,,,,,,,,,GP3,0.84914,0.87104,0.67917,0.9713,normalised
96.28758001327515,,,0.8486,0.87176,1,,,,,,,,,GP3,0.8486,0.87176,0.67917,0.9713,normalised
96.30510091781616,,,0.84803,0.8725,1,,,,,,,,,GP3,0.84803,0.8725,0.67917,0.9713,normalised
96.3199634552002,,,0.84706,0.87227,1,,,,,,,,,GP3,0.84706,0.87227,0.67917,0.9713,normalised
96.33909749984741,,,0.84587,0.87154,1,,,,,,,,,GP3,0.84587,0.87154,0.67917,0.9713,normalised
96.35261535644531,,,0.84465,0.87097,1,,,,,,,,,GP3,0.84465,0.87097,0.67917,0.9713,normalised
96.36995553970337,,,0.84397,0.87026,1,,,,,,,,,GP3,0.84397,0.87026,0.67917,0.9713,normalised
96.3861231803894,,,0.84313,0.86984,1,,,,,,,,,GP3,0.84313,0.86984,0.67917,0.9713,normalised
96.40072679519653,,,0.84238,0.8694,1,,,,,,,,,GP3,0.84238,0.8694,0.67917,0.9713,normalised
96.41726994514465,,,0.84173,0.86885,1,,,,,,,,,GP3,0.84173,0.86885,0.67917,0.9713,normalised
96.43390011787415,,,0.84115,0.8676,1,,,,,,,,,GP3,0.84115,0.8676,0.67917,0.9713,normalised
96.44968557357788,,,0.84064,0.86636,1,,,,,,,,,GP3,0.84064,0.86636,0.67917,0.9713,normalised
96.46617698669434,,,0.83967,0.86535,1,,,,,,,,,GP3,0.83967,0.86535,0.67917,0.9713,normalised
96.48181748390198,,,0.817,0.84898,0,,,,,,,,,GP3,0.817,0.84898,0.67917,0.9713,normalised
96.49872040748596,,,0.81281,0.84549,0,,,,,,,,,GP3,0.81281,0.84549,0.67917,0.9713,normalised
96.51415657997131,,,0.81062,0.83811,0,,,,,,,,,GP3,0.81062,0.83811,0.67917,0.9713,normalised
96.53077149391174,,,0.80769,0.8378,1,,,,,,,,,GP3,0.80769,0.8378,0.67917,0.9713,normalised
96.54863834381104,,,0.80631,0.83714,1,,,,,,,,,GP3,0.80631,0.83714,0.67917,0.9713,normalised
96.56356000900269,,,0.8075,0.83013,1,,,,,,,,,GP3,0.8075,0.83013,0.67917,0.9713,normalised
96.5800313949585,,,0.80865,0.83102,1,,,,,,,,,GP3,0.80865,0.83102,0.67917,0.9713,normalised
96.59605360031128,,,0.80967,0.83149,1,,,,,,,,,GP3,0.80967,0.83149,0.67917,0.9713,normalised
96.61188459396362,,,0.80865,0.83467,1,,,,,,,,,GP3,0.80865,0.83467,0.67917,0.9713,normalised
96.62804865837097,,,0.81051,0.8368,1,,,,,,,,,GP3,0.81051,0.8368,0.67917,0.9713,normalised
96.6438238620758,,,0.81166,0.83894,1,,,,,,,,,GP3,0.81166,0.83894,0.67917,0.9713,normalised
96.65940046310425,,,0.80956,0.83819,1,,,,,,,,,GP3,0.80956,0.83819,0.67917,0.9713,normalised
96.67705798149109,,,0.8073,0.83915,1,,,,,,,,,GP3,0.8073,0.83915,0.67917,0.9713,normalised
96.69339084625244,,,0.80528,0.84007,1,,,,,,,,,GP3,0.80528,0.84007,0.67917,0.9713,normalised
96.70883870124817,,,0.8039,0.84081,1,,,,,,,,,GP3,0.8039,0.84081,0.67917,0.9713,normalised
96.72634482383728,,,0.80337,0.84039,1,,,,,,,,,GP3,0.80337,0.84039,0.67917,0.9713,normalised
96.74151682853699,,,0.80307,0.8398,1,,,,,,,,,GP3,0.80307,0.8398,0.67917,0.9713,normalised
96.75824046134949,,,0.80231,0.83943,1,,,,,,,,,GP3,0.80231,0.83943,0.67917,0.9713,normalised
96.77421474456787,,,0.80207,0.83806,1,,,,,,,,,GP3,0.80207,0.83806,0.67917,0.9713,normalised
96.7891492843628,,,0.80167,0.83709,1,,,,,,,,,GP3,0.80167,0.83709,0.67917,0.9713,normalised
96.80692744255066,,,0.80103,0.8365,1,,,,,,,,,GP3,0.80103,0.8365,0.67917,0.9713,normalised
96.82194519042969,,,0.80044,0.8358,1,,,,,,,,,GP3,0.80044,0.8358,0.67917,0.9713,normalised
96.83999466896057,,,0.79993,0.83511,1,,,,,,,,,GP3,0.79993,0.83511,0.67917,0.9713,normalised
96.85723352432251,,,0.79993,0.83563,1,,,,,,,,,GP3,0.79993,0.83563,0.67917,0.9713,normalised
96.87078595161438,,,0.80129,0.83697,1,,,,,,,,,GP3,0.80129,0.83697,0.67917,0.9713,normalised
96.88646531105042,,,0.80259,0.83817,1,,,,,,,,,GP3,0.80259,0.83817,0.67917,0.9713,normalised
96.90467739105225,,,0.79687,0.83224,1,,,,,,,,,GP3,0.79687,0.83224,0.67917,0.9713,normalised
96.91828465461731,,,0.79134,0.82771,1,,,,,,,,,GP3,0.79134,0.82771,0.67917,0.9713,normalised
96.93553376197815,,,0.76224,0.80054,0,,,,,,,,,GP3,0.76224,0.80054,0.67917,0.9713,normalised
96.95340394973755,,,0.70062,0.71713,0,,,,,,,,,GP3,0.70062,0.71713,0.67917,0.9713,normalised
96.96691393852234,,,0.68951,0.69365,0,,,,,,,,,GP3,0.68951,0.69365,0.67917,0.9713,normalised
96.98406720161438,,,0.65802,0.64175,0,,,,,,,,,GP3,0.65802,0.64175,0.67917,0.9713,normalised
97.0014877319336,,,0.5963,0.55615,0,,,,,,,,,GP3,0.5963,0.55615,0.67917,0.9713,normalised
97.01730227470398,,,0.5732,0.53264,0,,,,,,,,,GP3,0.5732,0.53264,0.67917,0.9713,normalised
97.03169345855713,,,0.52949,0.48219,0,,,,,,,,,GP3,0.52949,0.48219,0.67917,0.9713,normalised
97.04864072799683,,,0.4919,0.47259,0,,,,,,,,,GP3,0.4919,0.47259,0.67917,0.9713,normalised
97.06495356559753,,,0.48432,0.46734,0,,,,,,,,,GP3,0.48432,0.46734,0.67917,0.9713,normalised
97.08077955245972,,,0.48053,0.46472,1,,,,,,,,,GP3,0.48053,0.46472,0.67917,0.9713,normalised
97.09722995758057,,,0.46264,0.46668,1,,,,,,,,,GP3,0.46264,0.46668,0.67917,0.9713,normalised
97.11279273033142,,,0.4496,0.47089,1,,,,,,,,,GP3,0.4496,0.47089,0.67917,0.9713,normalised
97.12838816642761,,,0.44036,0.47423,1,,,,,,,,,GP3,0.44036,0.47423,0.67917,0.9713,normalised
97.14792442321777,,,0.43534,0.46892,1,,,,,,,,,GP3,0.43534,0.46892,0.67917,0.9713,normalised
97.16169786453247,,,0.43127,0.45854,1,,,,,,,,,GP3,0.43127,0.45854,0.67917,0.9713,normalised
97.17682719230652,,,0.42761,0.4448,1,,,,,,,,,GP3,0.42761,0.4448,0.67917,0.9713,normalised
97.19600749015808,,,0.41324,0.41327,1,,,,,,,,,GP3,0.41324,0.41327,0.67917,0.9713,normalised
97.20976161956787,,,0.39991,0.3741,1,,,,,,,,,GP3,0.39991,0.3741,0.67917,0.9713,normalised
97.2264564037323,,,0.38765,0.3359,1,,,,,,,,,GP3,0.38765,0.3359,0.67917,0.9713,normalised
97.24386048316956,,,0.34918,0.26886,0,,,,,,,,,GP3,0.34918,0.26886,0.67917,0.9713,normalised
97.25877666473389,,,0.57089,0.45806,0,,,,,,,,,GP3,0.57089,0.45806,0.67917,0.9713,normalised
97.2760100364685,,,0.63753,0.54124,0,,,,,,,,,GP3,0.63753,0.54124,0.67917,0.9713,normalised
97.29069876670837,,,0.58076,0.50428,0,,,,,,,,,GP3,0.58076,0.50428,0.67917,0.9713,normalised
97.30954122543335,,,0.38248,0.34085,0,,,,,,,,,GP3,0.38248,0.34085,0.67917,0.9713,normalised
97.32413005828857,,,0.32004,0.29962,0,,,,,,,,,GP3,0.32004,0.29962,0.67917,0.9713,normalised
97.34071350097656,,,0.19112,0.21048,0,,,,,,,,,GP3,0.19112,0.21048,0.67917,0.9713,normalised
97.35582447052002,,,0.18791,0.21606,0,,,,,,,,,GP3,0.18791,0.21606,0.67917,0.9713,normalised
97.37163019180298,,,0.18714,0.21888,0,,,,,,,,,GP3,0.18714,0.21888,0.67917,0.9713,normalised
97.3892035484314,,,0.17922,0.22184,1,,,,,,,,,GP3,0.17922,0.22184,0.67917,0.9713,normalised
97.40545105934143,,,0.17433,0.21998,1,,,,,,,,,GP3,0.17433,0.21998,0.67917,0.9713,normalised
97.42136645317078,,,0.17062,0.21725,1,,,,,,,,,GP3,0.17062,0.21725,0.67917,0.9713,normalised
97.43715000152588,,,0.16668,0.21359,1,,,,,,,,,GP3,0.16668,0.21359,0.67917,0.9713,normalised
97.4517912864685,,,0.16295,0.20922,1,,,,,,,,,GP3,0.16295,0.20922,0.67917,0.9713,normalised
97.46900367736816,,,0.15959,0.20438,1,,,,,,,,,GP3,0.15959,0.20438,0.67917,0.9713,normalised
97.48570418357849,,,0.15633,0.19868,1,,,,,,,,,GP3,0.15633,0.19868,0.67917,0.9713,normalised
97.50144028663635,,,0.15373,0.19367,1,,,,,,,,,GP3,0.15373,0.19367,0.67917,0.9713,normalised
97.51947712898254,,,0.15128,0.18859,1,,,,,,,,,GP3,0.15128,0.18859,0.67917,0.9713,normalised
97.53940510749817,,,0.14977,0.18389,1,,,,,,,,,GP3,0.14977,0.18389,0.67917,0.9713,normalised
97.54964637756348,,,0.14763,0.17992,1,,,,,,,,,GP3,0.14763,0.17992,0.67917,0.9713,normalised
97.56630659103394,,,0.1457,0.17624,1,,,,,,,,,GP3,0.1457,0.17624,0.67917,0.9713,normalised
97.58328604698181,,,0.14394,0.17315,1,,,,,,,,,GP3,0.14394,0.17315,0.67917,0.9713,normalised
97.59981870651245,,,0.1429,0.17145,1,,,,,,,,,GP3,0.1429,0.17145,0.67917,0.9713,normalised
97.61375546455383,,,0.12803,0.1475,0,,,,,,,,,GP3,0.12803,0.1475,0.67917,0.9713,normalised
97.63124513626099,,,0.12929,0.15254,0,,,,,,,,,GP3,0.12929,0.15254,0.67917,0.9713,normalised
97.64805364608765,,,0.13023,0.15754,0,,,,,,,,,GP3,0.13023,0.15754,0.67917,0.9713,normalised
97.66468572616577,,,0.1307,0.16003,1,,,,,,,,,GP3,0.1307,0.16003,0.67917,0.9713,normalised
97.68141341209412,,,0.13665,0.16052,1,,,,,,,,,GP3,0.13665,0.16052,0.67917,0.9713,normalised
97.69462943077087,,,0.13975,0.15983,1,,,,,,,,,GP3,0.13975,0.15983,0.67917,0.9713,normalised
97.71138048171997,,,0.14197,0.15934,1,,,,,,,,,GP3,0.14197,0.15934,0.67917,0.9713,normalised
97.728999376297,,,0.14285,0.15905,1,,,,,,,,,GP3,0.14285,0.15905,0.67917,0.9713,normalised
97.74509692192078,,,0.14394,0.15942,1,,,,,,,,,GP3,0.14394,0.15942,0.67917,0.9713,normalised
97.7590389251709,,,0.14482,0.15972,1,,,,,,,,,GP3,0.14482,0.15972,0.67917,0.9713,normalised
97.77737593650818,,,0.1445,0.16011,1,,,,,,,,,GP3,0.1445,0.16011,0.67917,0.9713,normalised
97.79184532165527,,,0.14473,0.16041,1,,,,,,,,,GP3,0.14473,0.16041,0.67917,0.9713,normalised
97.80990934371948,,,0.14492,0.16066,1,,,,,,,,,GP3,0.14492,0.16066,0.67917,0.9713,normalised
97.82493185997009,,,0.14483,0.16049,1,,,,,,,,,GP3,0.14483,0.16049,0.67917,0.9713,normalised
97.8423204421997,,,0.14505,0.16066,1,,,,,,,,,GP3,0.14505,0.16066,0.67917,0.9713,normalised
97.85916018486023,,,0.14457,0.15855,1,,,,,,,,,GP3,0.14457,0.15855,0.67917,0.9713,normalised
97.8737244606018,,,0.14339,0.15413,1,,,,,,,,,GP3,0.14339,0.15413,0.67917,0.9713,normalised
97.88898873329163,,,0.1413,0.14713,1,,,,,,,,,GP3,0.1413,0.14713,0.67917,0.9713,normalised
97.90695571899414,,,0.13889,0.139,1,,,,,,,,,GP3,0.13889,0.139,0.67917,0.9713,normalised
97.92301797866821,,,0.13702,0.13185,1,,,,,,,,,GP3,0.13702,0.13185,0.67917,0.9713,normalised
97.93728375434875,,,0.1297,0.10209,0,,,,,,,,,GP3,0.1297,0.10209,0.67917,0.9713,normalised
97.95339322090149,,,0.12319,0.07153,0,,,,,,,,,GP3,0.12319,0.07153,0.67917,0.9713,normalised
97.97091388702393,,,0.11914,0.06511,0,,,,,,,,,GP3,0.11914,0.06511,0.67917,0.9713,normalised
97.98975491523743,,,0.11549,0.0636,1,,,,,,,,,GP3,0.11549,0.0636,0.67917,0.9713,normalised
98.00460076332092,,,0.1133,0.06269,1,,,,,,,,,GP3,0.1133,0.06269,0.67917,0.9713,normalised
98.02050948143005,,,0.11266,0.06342,1,,,,,,,,,GP3,0.11266,0.06342,0.67917,0.9713,normalised
98.03743100166321,,,0.1128,0.06253,1,,,,,,,,,GP3,0.1128,0.06253,0.67917,0.9713,normalised
98.05309772491455,,,0.11334,0.06335,1,,,,,,,,,GP3,0.11334,0.06335,0.67917,0.9713,normalised
98.07044887542725,,,0.11346,0.06335,1,,,,,,,,,GP3,0.11346,0.06335,0.67917,0.9713,normalised
98.08649682998657,,,0.11445,0.06555,1,,,,,,,,,GP3,0.11445,0.06555,0.67917,0.9713,normalised
98.10203385353088,,,0.11503,0.0665,1,,,,,,,,,GP3,0.11503,0.0665,0.67917,0.9713,normalised
98.11791825294495,,,0.11534,0.06437,1,,,,,,,,,GP3,0.11534,0.06437,0.67917,0.9713,normalised
98.1353759765625,,,0.11475,0.06067,1,,,,,,,,,GP3,0.11475,0.06067,0.67917,0.9713,normalised
98.14909076690674,,,0.11356,0.05505,1,,,,,,,,,GP3,0.11356,0.05505,0.67917,0.9713,normalised
98.16557240486145,,,0.11214,0.04924,1,,,,,,,,,GP3,0.11214,0.04924,0.67917,0.9713,normalised
98.18298554420471,,,0.11069,0.04415,1,,,,,,,,,GP3,0.11069,0.04415,0.67917,0.9713,normalised
98.19753742218018,,,0.10963,0.04045,1,,,,,,,,,GP3,0.10963,0.04045,0.67917,0.9713,normalised
98.21439552307129,,,0.10875,0.03939,1,,,,,,,,,GP3,0.10875,0.03939,0.67917,0.9713,normalised
98.23046612739563,,,0.1086,0.03922,1,,,,,,,,,GP3,0.1086,0.03922,0.67917,0.9713,normalised
98.2464964389801,,,0.10891,0.04056,1,,,,,,,,,GP3,0.10891,0.04056,0.67917,0.9713,normalised
98.2629189491272,,,0.10928,0.04269,1,,,,,,,,,GP3,0.10928,0.04269,0.67917,0.9713,normalised
98.2791039943695,,,0.10981,0.04488,1,,,,,,,,,GP3,0.10981,0.04488,0.67917,0.9713,normalised
98.2965898513794,,,0.1105,0.04759,1,,,,,,,,,GP3,0.1105,0.04759,0.67917,0.9713,normalised
98.31097269058228,,,0.11096,0.05023,1,,,,,,,,,GP3,0.11096,0.05023,0.67917,0.9713,normalised
98.32792806625366,,,0.11127,0.05295,1,,,,,,,,,GP3,0.11127,0.05295,0.67917,0.9713,normalised
98.34490728378296,,,0.11142,0.055,1,,,,,,,,,GP3,0.11142,0.055,0.67917,0.9713,normalised
98.35917615890503,,,0.11179,0.05583,1,,,,,,,,,GP3,0.11179,0.05583,0.67917,0.9713,normalised
98.3761236667633,,,0.11207,0.05619,1,,,,,,,,,GP3,0.11207,0.05619,0.67917,0.9713,normalised
98.39065384864807,,,0.11228,0.05638,1,,,,,,,,,GP3,0.11228,0.05638,0.67917,0.9713,normalised
98.40828323364258,,,0.11949,0.08258,0,,,,,,,,,GP3,0.11949,0.08258,0.67917,0.9713,normalised
98.42473149299622,,,0.12955,0.07885,0,,,,,,,,,GP3,0.12955,0.07885,0.67917,0.9713,normalised
98.43899178504944,,,0.13442,0.08304,0,,,,,,,,,GP3,0.13442,0.08304,0.67917,0.9713,normalised
98.45651006698608,,,0.13506,0.09006,1,,,,,,,,,GP3,0.13506,0.09006,0.67917,0.9713,normalised
98.47285437583923,,,0.1347,0.09403,1,,,,,,,,,GP3,0.1347,0.09403,0.67917,0.9713,normalised
98.489342212677,,,0.13445,0.09668,1,,,,,,,,,GP3,0.13445,0.09668,0.67917,0.9713,normalised
98.50425267219543,,,0.13327,0.09883,1,,,,,,,,,GP3,0.13327,0.09883,0.67917,0.9713,normalised
98.51955699920654,,,0.13193,0.10135,1,,,,,,,,,GP3,0.13193,0.10135,0.67917,0.9713,normalised
98.53604531288147,,,0.13049,0.102,1,,,,,,,,,GP3,0.13049,0.102,0.67917,0.9713,normalised
98.55351543426514,,,0.13092,0.10045,1,,,,,,,,,GP3,0.13092,0.10045,0.67917,0.9713,normalised
98.56936407089233,,,0.13098,0.0971,1,,,,,,,,,GP3,0.13098,0.0971,0.67917,0.9713,normalised
98.58437466621399,,,0.13093,0.09397,1,,,,,,,,,GP3,0.13093,0.09397,0.67917,0.9713,normalised
98.60091710090637,,,0.13095,0.09221,1,,,,,,,,,GP3,0.13095,0.09221,0.67917,0.9713,normalised
98.61888122558594,,,0.12958,0.09145,1,,,,,,,,,GP3,0.12958,0.09145,0.67917,0.9713,normalised
98.63629841804504,,,0.12872,0.09187,1,,,,,,,,,GP3,0.12872,0.09187,0.67917,0.9713,normalised
98.64909172058105,,,0.12959,0.09217,1,,,,,,,,,GP3,0.12959,0.09217,0.67917,0.9713,normalised
98.66565799713135,,,0.13034,0.09237,1,,,,,,,,,GP3,0.13034,0.09237,0.67917,0.9713,normalised
98.6818323135376,,,0.13101,0.09256,1,,,,,,,,,GP3,0.13101,0.09256,0.67917,0.9713,normalised
98.69820713996887,,,0.13154,0.09345,1,,,,,,,,,GP3,0.13154,0.09345,0.67917,0.9713,normalised
98.71714949607849,,,0.13197,0.09361,1,,,,,,,,,GP3,0.13197,0.09361,0.67917,0.9713,normalised
98.73164749145508,,,0.13235,0.09375,1,,,,,,,,,GP3,0.13235,0.09375,0.67917,0.9713,normalised
98.74715971946716,,,0.13276,0.09454,1,,,,,,,,,GP3,0.13276,0.09454,0.67917,0.9713,normalised
98.76237320899963,,,0.13304,0.09512,1,,,,,,,,,GP3,0.13304,0.09512,0.67917,0.9713,normalised
98.7795660495758,,,0.13329,0.09565,1,,,,,,,,,GP3,0.13329,0.09565,0.67917,0.9713,normalised
98.79625821113586,,,0.1336,0.09598,1,,,,,,,,,GP3,0.1336,0.09598,0.67917,0.9713,normalised
98.8129391670227,,,0.13365,0.09642,1,,,,,,,,,GP3,0.13365,0.09642,0.67917,0.9713,normalised
98.82968473434448,,,0.13369,0.09683,1,,,,,,,,,GP3,0.13369,0.09683,0.67917,0.9713,normalised
98.84554100036621,,,0.13337,0.0972,1,,,,,,,,,GP3,0.13337,0.0972,0.67917,0.9713,normalised
98.86185216903687,,,0.13303,0.09765,1,,,,,,,,,GP3,0.13303,0.09765,0.67917,0.9713,normalised
98.87807059288025,,,0.1327,0.09806,1,,,,,,,,,GP3,0.1327,0.09806,0.67917,0.9713,normalised
98.89386916160583,,,0.13292,0.0986,1,,,,,,,,,GP3,0.13292,0.0986,0.67917,0.9713,normalised
98.91076111793518,,,0.13295,0.09892,1,,,,,,,,,GP3,0.13295,0.09892,0.67917,0.9713,normalised
98.92452955245972,,,0.13297,0.09923,1,,,,,,,,,GP3,0.13297,0.09923,0.67917,0.9713,normalised
98.94151329994202,,,0.13255,0.09937,1,,,,,,,,,GP3,0.13255,0.09937,0.67917,0.9713,normalised
98.9575743675232,,,0.13244,0.09954,1,,,,,,,,,GP3,0.13244,0.09954,0.67917,0.9713,normalised
98.9740195274353,,,0.13234,0.0997,1,,,,,,,,,GP3,0.13234,0.0997,0.67917,0.9713,normalised
98.9905219078064,,,0.13254,0.09984,1,,,,,,,,,GP3,0.13254,0.09984,0.67917,0.9713,normalised
99.00727963447571,,,0.13264,0.09977,1,,,,,,,,,GP3,0.13264,0.09977,0.67917,0.9713,normalised
99.02142000198364,,,0.13273,0.0997,1,,,,,,,,,GP3,0.13273,0.0997,0.67917,0.9713,normalised
99.03740096092224,,,0.13264,0.09946,1,,,,,,,,,GP3,0.13264,0.09946,0.67917,0.9713,normalised
99.05404043197632,,,0.13246,0.09921,1,,,,,,,,,GP3,0.13246,0.09921,0.67917,0.9713,normalised
99.0720202922821,,,0.13229,0.09897,1,,,,,,,,,GP3,0.13229,0.09897,0.67917,0.9713,normalised
99.08705258369446,,,0.13201,0.09937,1,,,,,,,,,GP3,0.13201,0.09937,0.67917,0.9713,normalised
99.10172367095947,,,0.13167,0.10003,1,,,,,,,,,GP3,0.13167,0.10003,0.67917,0.9713,normalised
99.11930966377258,,,0.13127,0.1004,1,,,,,,,,,GP3,0.13127,0.1004,0.67917,0.9713,normalised
99.13527846336365,,,0.13088,0.09989,1,,,,,,,,,GP3,0.13088,0.09989,0.67917,0.9713,normalised
99.15284442901611,,,0.13058,0.0989,1,,,,,,,,,GP3,0.13058,0.0989,0.67917,0.9713,normalised
99.16900277137756,,,0.13026,0.09787,1,,,,,,,,,GP3,0.13026,0.09787,0.67917,0.9713,normalised
99.18504047393799,,,0.13049,0.09724,1,,,,,,,,,GP3,0.13049,0.09724,0.67917,0.9713,normalised
99.19959688186646,,,0.13037,0.09716,1,,,,,,,,,GP3,0.13037,0.09716,0.67917,0.9713,normalised
99.21647906303406,,,0.13019,0.09682,1,,,,,,,,,GP3,0.13019,0.09682,0.67917,0.9713,normalised
99.23158025741577,,,0.1299,0.09618,1,,,,,,,,,GP3,0.1299,0.09618,0.67917,0.9713,normalised
99.24813914299011,,,0.12977,0.09512,1,,,,,,,,,GP3,0.12977,0.09512,0.67917,0.9713,normalised
99.26586127281189,,,0.12962,0.09398,1,,,,,,,,,GP3,0.12962,0.09398,0.67917,0.9713,normalised
99.28000807762146,,,0.13013,0.0934,1,,,,,,,,,GP3,0.13013,0.0934,0.67917,0.9713,normalised
99.2970118522644,,,0.1322,0.09333,1,,,,,,,,,GP3,0.1322,0.09333,0.67917,0.9713,normalised
99.31287407875061,,,0.13437,0.09359,1,,,,,,,,,GP3,0.13437,0.09359,0.67917,0.9713,normalised
99.3296480178833,,,0.15946,0.08049,0,,,,,,,,,GP3,0.15946,0.08049,0.67917,0.9713,normalised
99.34752774238586,,,0.23451,0.11355,0,,,,,,,,,GP3,0.23451,0.11355,0.67917,0.9713,normalised
99.36352157592773,,,0.25811,0.11542,0,,,,,,,,,GP3,0.25811,0.11542,0.67917,0.9713,normalised
99.37796425819397,,,0.30264,0.11513,0,,,,,,,,,GP3,0.30264,0.11513,0.67917,0.9713,normalised
99.39286160469055,,,0.29875,0.09734,0,,,,,,,,,GP3,0.29875,0.09734,0.67917,0.9713,normalised
99.41053342819214,,,0.29523,0.07195,0,,,,,,,,,GP3,0.29523,0.07195,0.67917,0.9713,normalised
99.42740654945374,,,0.28433,0.00643,0,,,,,,,,,GP3,0.28433,0.00643,0.67917,0.9713,normalised
99.44425106048584,,,0.27705,-0.08274,0,,,,,,,,,GP3,0.27705,-0.08274,0.67917,0.9713,normalised
99.4597761631012,,,0.27063,-0.14242,0,,,,,,,,,GP3,0.27063,-0.14242,0.67917,0.9713,normalised
99.47833800315857,,,0.25517,-0.25847,0,,,,,,,,,GP3,0.25517,-0.25847,0.67917,0.9713,normalised
99.49307346343994,,,0.24503,-0.3066,0,,,,,,,,,GP3,0.24503,-0.3066,0.67917,0.9713,normalised
99.50670647621155,,,0.24085,-0.32833,0,,,,,,,,,GP3,0.24085,-0.32833,0.67917,0.9713,normalised
99.5242965221405,,,0.23451,-0.37165,0,,,,,,,,,GP3,0.23451,-0.37165,0.67917,0.9713,normalised
99.53884243965149,,,0.23795,-0.38543,0,,,,,,,,,GP3,0.23795,-0.38543,0.67917,0.9713,normalised
99.55613875389099,,,0.23899,-0.38871,0,,,,,,,,,GP3,0.23899,-0.38871,0.67917,0.9713,normalised
99.5734932422638,,,0.2368,-0.37945,1,,,,,,,,,GP3,0.2368,-0.37945,0.67917,0.9713,normalised
99.58881163597107,,,0.23838,-0.37084,1,,,,,,,,,GP3,0.23838,-0.37084,0.67917,0.9713,normalised
99.60417580604553,,,0.23981,-0.36228,1,,,,,,,,,GP3,0.23981,-0.36228,0.67917,0.9713,normalised
99.62101459503174,,,0.24134,-0.34962,1,,,,,,,,,GP3,0.24134,-0.34962,0.67917,0.9713,normalised
99.6358642578125,,,0.24176,-0.34097,1,,,,,,,,,GP3,0.24176,-0.34097,0.67917,0.9713,normalised
99.65242743492126,,,0.24209,-0.33425,1,,,,,,,,,GP3,0.24209,-0.33425,0.67917,0.9713,normalised
99.66883206367493,,,0.23884,-0.33069,1,,,,,,,,,GP3,0.23884,-0.33069,0.67917,0.9713,normalised
99.68545746803284,,,0.23623,-0.32695,1,,,,,,,,,GP3,0.23623,-0.32695,0.67917,0.9713,normalised
99.701984167099,,,0.23405,-0.32382,1,,,,,,,,,GP3,0.23405,-0.32382,0.67917,0.9713,normalised
99.71710586547852,,,0.23192,-0.32087,1,,,,,,,,,GP3,0.23192,-0.32087,0.67917,0.9713,normalised
99.73277139663696,,,0.23282,-0.31801,1,,,,,,,,,GP3,0.23282,-0.31801,0.67917,0.9713,normalised
99.75045394897461,,,0.23376,-0.31446,1,,,,,,,,,GP3,0.23376,-0.31446,0.67917,0.9713,normalised
99.76514172554016,,,0.23403,-0.31148,1,,,,,,,,,GP3,0.23403,-0.31148,0.67917,0.9713,normalised
99.78254318237305,,,0.23431,-0.281,0,,,,,,,,,GP3,0.23431,-0.281,0.67917,0.9713,normalised
99.8000705242157,,,0.24667,-0.26174,0,,,,,,,,,GP3,0.24667,-0.26174,0.67917,0.9713,normalised
99.81479692459106,,,0.24869,-0.26338,0,,,,,,,,,GP3,0.24869,-0.26338,0.67917,0.9713,normalised
99.8304169178009,,,0.23909,-0.27128,1,,,,,,,,,GP3,0.23909,-0.27128,0.67917,0.9713,normalised
99.84524035453796,,,0.2328,-0.28007,1,,,,,,,,,GP3,0.2328,-0.28007,0.67917,0.9713,normalised
99.86282587051392,,,0.22718,-0.28748,1,,,,,,,,,GP3,0.22718,-0.28748,0.67917,0.9713,normalised
99.88032531738281,,,0.22278,-0.29307,1,,,,,,,,,GP3,0.22278,-0.29307,0.67917,0.9713,normalised
99.89471292495728,,,0.21962,-0.296,1,,,,,,,,,GP3,0.21962,-0.296,0.67917,0.9713,normalised
99.91031527519226,,,0.21797,-0.29633,1,,,,,,,,,GP3,0.21797,-0.29633,0.67917,0.9713,normalised
99.92721486091614,,,0.21861,-0.29106,1,,,,,,,,,GP3,0.21861,-0.29106,0.67917,0.9713,normalised
99.94312715530396,,,0.2203,-0.27839,1,,,,,,,,,GP3,0.2203,-0.27839,0.67917,0.9713,normalised
99.96076965332031,,,0.22399,-0.22069,1,,,,,,,,,GP3,0.22399,-0.22069,0.67917,0.9713,normalised
99.9778687953949,,,0.22631,-0.17865,1,,,,,,,,,GP3,0.22631,-0.17865,0.67917,0.9713,normalised
99.99281287193298,,,0.22975,-0.13727,1,,,,,,,,,GP3,0.22975,-0.13727,0.67917,0.9713,normalised
100.00881505012512,,,0.23184,-0.03995,0,,,,,,,,,GP3,0.23184,-0.03995,0.67917,0.9713,normalised
100.02468204498291,,,0.28231,0.34109,0,,,,,,,,,GP3,0.28231,0.34109,0.67917,0.9713,normalised
100.04161882400513,,,0.2992,0.46828,0,,,,,,,,,GP3,0.2992,0.46828,0.67917,0.9713,normalised
100.05827355384827,,,0.3294,0.71564,0,,,,,,,,,GP3,0.3294,0.71564,0.67917,0.9713,normalised
100.07297205924988,,,0.32386,0.70199,0,,,,,,,,,GP3,0.32386,0.70199,0.67917,0.9713,normalised
100.08907961845398,,,0.3222,0.69792,0,,,,,,,,,GP3,0.3222,0.69792,0.67917,0.9713,normalised
100.1055200099945,,,0.32418,0.69586,1,,,,,,,,,GP3,0.32418,0.69586,0.67917,0.9713,normalised
100.12292337417603,,,0.32789,0.69664,1,,,,,,,,,GP3,0.32789,0.69664,0.67917,0.9713,normalised
100.1377682685852,,,0.33045,0.69743,1,,,,,,,,,GP3,0.33045,0.69743,0.67917,0.9713,normalised
100.15379667282104,,,0.33134,0.69649,1,,,,,,,,,GP3,0.33134,0.69649,0.67917,0.9713,normalised
100.17135334014893,,,0.33074,0.69459,1,,,,,,,,,GP3,0.33074,0.69459,0.67917,0.9713,normalised
100.18630981445312,,,0.33009,0.69257,1,,,,,,,,,GP3,0.33009,0.69257,0.67917,0.9713,normalised
100.20453786849976,,,0.32904,0.69122,1,,,,,,,,,GP3,0.32904,0.69122,0.67917,0.9713,normalised
100.22012305259705,,,0.3282,0.68996,1,,,,,,,,,GP3,0.3282,0.68996,0.67917,0.9713,normalised
100.23684287071228,,,0.3275,0.68888,1,,,,,,,,,GP3,0.3275,0.68888,0.67917,0.9713,normalised
100.25266599655151,,,0.32692,0.6891,1,,,,,,,,,GP3,0.32692,0.6891,0.67917,0.9713,normalised
100.26934146881104,,,0.3268,0.6897,1,,,,,,,,,GP3,0.3268,0.6897,0.67917,0.9713,normalised
100.28371214866638,,,0.32676,0.69043,1,,,,,,,,,GP3,0.32676,0.69043,0.67917,0.9713,normalised
100.30074834823608,,,0.32728,0.6913,1,,,,,,,,,GP3,0.32728,0.6913,0.67917,0.9713,normalised
100.3174078464508,,,0.32698,0.69142,1,,,,,,,,,GP3,0.32698,0.69142,0.67917,0.9713,normalised
100.33193898200989,,,0.32669,0.69146,1,,,,,,,,,GP3,0.32669,0.69146,0.67917,0.9713,normalised
100.34979772567749,,,0.32603,0.69172,1,,,,,,,,,GP3,0.32603,0.69172,0.67917,0.9713,normalised
100.36598944664001,,,0.32643,0.69276,1,,,,,,,,,GP3,0.32643,0.69276,0.67917,0.9713,normalised
100.37994027137756,,,0.32679,0.69369,1,,,,,,,,,GP3,0.32679,0.69369,0.67917,0.9713,normalised
100.39593315124512,,,0.32604,0.6928,1,,,,,,,,,GP3,0.32604,0.6928,0.67917,0.9713,normalised
100.41355967521667,,,0.32581,0.69237,1,,,,,,,,,GP3,0.32581,0.69237,0.67917,0.9713,normalised
100.43042135238647,,,0.3256,0.69199,1,,,,,,,,,GP3,0.3256,0.69199,0.67917,0.9713,normalised
100.44456505775452,,,0.32507,0.69226,1,,,,,,,,,GP3,0.32507,0.69226,0.67917,0.9713,normalised
100.46200180053711,,,0.32494,0.69275,1,,,,,,,,,GP3,0.32494,0.69275,0.67917,0.9713,normalised
100.47781443595886,,,0.32482,0.69321,1,,,,,,,,,GP3,0.32482,0.69321,0.67917,0.9713,normalised
100.49452686309814,,,0.32462,0.69297,1,,,,,,,,,GP3,0.32462,0.69297,0.67917,0.9713,normalised
100.51024866104126,,,0.32435,0.6925,1,,,,,,,,,GP3,0.32435,0.6925,0.67917,0.9713,normalised
100.52614855766296,,,0.32406,0.69195,1,,,,,,,,,GP3,0.32406,0.69195,0.67917,0.9713,normalised
100.54266953468323,,,0.32399,0.69116,1,,,,,,,,,GP3,0.32399,0.69116,0.67917,0.9713,normalised
100.55953645706177,,,0.32401,0.69043,1,,,,,,,,,GP3,0.32401,0.69043,0.67917,0.9713,normalised
100.57648277282715,,,0.32406,0.68985,1,,,,,,,,,GP3,0.32406,0.68985,0.67917,0.9713,normalised
100.59114241600037,,,0.3245,0.68993,1,,,,,,,,,GP3,0.3245,0.68993,0.67917,0.9713,normalised
100.60765933990479,,,0.32449,0.68971,1,,,,,,,,,GP3,0.32449,0.68971,0.67917,0.9713,normalised
100.62535381317139,,,0.32452,0.6896,1,,,,,,,,,GP3,0.32452,0.6896,0.67917,0.9713,normalised
100.63808679580688,,,0.32451,0.68927,1,,,,,,,,,GP3,0.32451,0.68927,0.67917,0.9713,normalised
100.65454626083374,,,0.32443,0.68862,1,,,,,,,,,GP3,0.32443,0.68862,0.67917,0.9713,normalised
100.67134952545166,,,0.32436,0.688,1,,,,,,,,,GP3,0.32436,0.688,0.67917,0.9713,normalised
100.6899938583374,,,0.3245,0.68806,1,,,,,,,,,GP3,0.3245,0.68806,0.67917,0.9713,normalised
100.70379137992859,,,0.3243,0.6881,1,,,,,,,,,GP3,0.3243,0.6881,0.67917,0.9713,normalised
100.71957516670227,,,0.32405,0.68802,1,,,,,,,,,GP3,0.32405,0.68802,0.67917,0.9713,normalised
100.73795175552368,,,0.32416,0.68755,1,,,,,,,,,GP3,0.32416,0.68755,0.67917,0.9713,normalised
100.75397777557373,,,0.32415,0.68693,1,,,,,,,,,GP3,0.32415,0.68693,0.67917,0.9713,normalised
100.7680275440216,,,0.32412,0.68631,1,,,,,,,,,GP3,0.32412,0.68631,0.67917,0.9713,normalised
100.78650665283203,,,0.32438,0.68577,1,,,,,,,,,GP3,0.32438,0.68577,0.67917,0.9713,normalised
100.80020260810852,,,0.3247,0.68543,1,,,,,,,,,GP3,0.3247,0.68543,0.67917,0.9713,normalised
100.816965341568,,,0.32505,0.68526,1,,,,,,,,,GP3,0.32505,0.68526,0.67917,0.9713,normalised
100.83285665512085,,,0.32503,0.684,1,,,,,,,,,GP3,0.32503,0.684,0.67917,0.9713,normalised
100.84947657585144,,,0.32502,0.68367,1,,,,,,,,,GP3,0.32502,0.68367,0.67917,0.9713,normalised
100.86538624763489,,,0.32501,0.68335,1,,,,,,,,,GP3,0.32501,0.68335,0.67917,0.9713,normalised
100.88140630722046,,,0.32493,0.68354,1,,,,,,,,,GP3,0.32493,0.68354,0.67917,0.9713,normalised
100.897225856781,,,0.32444,0.68349,1,,,,,,,,,GP3,0.32444,0.68349,0.67917,0.9713,normalised
100.915278673172,,,0.32392,0.68337,1,,,,,,,,,GP3,0.32392,0.68337,0.67917,0.9713,normalised
100.93010544776917,,,0.3236,0.68313,1,,,,,,,,,GP3,0.3236,0.68313,0.67917,0.9713,normalised
100.94572067260742,,,0.3236,0.68302,1,,,,,,,,,GP3,0.3236,0.68302,0.67917,0.9713,normalised
100.9627616405487,,,0.32361,0.68291,1,,,,,,,,,GP3,0.32361,0.68291,0.67917,0.9713,normalised
100.97849321365356,,,0.32403,0.68268,1,,,,,,,,,GP3,0.32403,0.68268,0.67917,0.9713,normalised
100.99470376968384,,,0.3244,0.68279,1,,,,,,,,,GP3,0.3244,0.68279,0.67917,0.9713,normalised
101.01112866401672,,,0.32479,0.68295,1,,,,,,,,,GP3,0.32479,0.68295,0.67917,0.9713,normalised
101.02879524230957,,,0.3249,0.68235,1,,,,,,,,,GP3,0.3249,0.68235,0.67917,0.9713,normalised
101.04269766807556,,,0.32505,0.68158,1,,,,,,,,,GP3,0.32505,0.68158,0.67917,0.9713,normalised
101.060462474823,,,0.3252,0.68082,1,,,,,,,,,GP3,0.3252,0.68082,0.67917,0.9713,normalised
101.07628893852234,,,0.32515,0.6804,1,,,,,,,,,GP3,0.32515,0.6804,0.67917,0.9713,normalised
101.09159135818481,,,0.32531,0.67997,1,,,,,,,,,GP3,0.32531,0.67997,0.67917,0.9713,normalised
101.10920310020447,,,0.32547,0.67952,1,,,,,,,,,GP3,0.32547,0.67952,0.67917,0.9713,normalised
101.12590861320496,,,0.32576,0.67932,1,,,,,,,,,GP3,0.32576,0.67932,0.67917,0.9713,normalised
101.1430311203003,,,0.32554,0.67855,1,,,,,,,,,GP3,0.32554,0.67855,0.67917,0.9713,normalised
101.15753173828125,,,0.32532,0.67774,1,,,,,,,,,GP3,0.32532,0.67774,0.67917,0.9713,normalised
101.17222666740417,,,0.32547,0.67769,1,,,,,,,,,GP3,0.32547,0.67769,0.67917,0.9713,normalised
101.19096899032593,,,0.32581,0.67779,1,,,,,,,,,GP3,0.32581,0.67779,0.67917,0.9713,normalised
101.20558667182922,,,0.32617,0.67796,1,,,,,,,,,GP3,0.32617,0.67796,0.67917,0.9713,normalised
101.22331213951111,,,0.32635,0.67759,1,,,,,,,,,GP3,0.32635,0.67759,0.67917,0.9713,normalised
101.23697066307068,,,0.32639,0.67707,1,,,,,,,,,GP3,0.32639,0.67707,0.67917,0.9713,normalised
101.25382113456726,,,0.32643,0.67655,1,,,,,,,,,GP3,0.32643,0.67655,0.67917,0.9713,normalised
101.27065825462341,,,0.32678,0.67704,1,,,,,,,,,GP3,0.32678,0.67704,0.67917,0.9713,normalised
101.28876185417175,,,0.32701,0.67717,1,,,,,,,,,GP3,0.32701,0.67717,0.67917,0.9713,normalised
101.30257081985474,,,0.32726,0.67737,1,,,,,,,,,GP3,0.32726,0.67737,0.67917,0.9713,normalised
101.31910824775696,,,0.32721,0.67798,1,,,,,,,,,GP3,0.32721,0.67798,0.67917,0.9713,normalised
101.3349404335022,,,0.32743,0.67847,1,,,,,,,,,GP3,0.32743,0.67847,0.67917,0.9713,normalised
101.35244297981262,,,0.32764,0.67889,1,,,,,,,,,GP3,0.32764,0.67889,0.67917,0.9713,normalised
101.36907839775085,,,0.32754,0.67882,1,,,,,,,,,GP3,0.32754,0.67882,0.67917,0.9713,normalised
101.383962392807,,,0.32762,0.67882,1,,,,,,,,,GP3,0.32762,0.67882,0.67917,0.9713,normalised
101.40170764923096,,,0.32768,0.67875,1,,,,,,,,,GP3,0.32768,0.67875,0.67917,0.9713,normalised
101.41496562957764,,,0.32768,0.6789,1,,,,,,,,,GP3,0.32768,0.6789,0.67917,0.9713,normalised
101.43148136138916,,,0.32802,0.67934,1,,,,,,,,,GP3,0.32802,0.67934,0.67917,0.9713,normalised
101.44916248321533,,,0.32835,0.67978,1,,,,,,,,,GP3,0.32835,0.67978,0.67917,0.9713,normalised
101.46526789665222,,,0.32822,0.67956,1,,,,,,,,,GP3,0.32822,0.67956,0.67917,0.9713,normalised
101.48007392883301,,,0.32843,0.67955,1,,,,,,,,,GP3,0.32843,0.67955,0.67917,0.9713,normalised
101.49751281738281,,,0.32867,0.67966,1,,,,,,,,,GP3,0.32867,0.67966,0.67917,0.9713,normalised
101.5131721496582,,,0.32864,0.68019,1,,,,,,,,,GP3,0.32864,0.68019,0.67917,0.9713,normalised
101.53092098236084,,,0.32878,0.68074,1,,,,,,,,,GP3,0.32878,0.68074,0.67917,0.9713,normalised
101.54406213760376,,,0.32894,0.68133,1,,,,,,,,,GP3,0.32894,0.68133,0.67917,0.9713,normalised
101.56214952468872,,,0.32884,0.68174,1,,,,,,,,,GP3,0.32884,0.68174,0.67917,0.9713,normalised
101.57831025123596,,,0.32867,0.68194,1,,,,,,,,,GP3,0.32867,0.68194,0.67917,0.9713,normalised
101.59453964233398,,,0.32843,0.68192,1,,,,,,,,,GP3,0.32843,0.68192,0.67917,0.9713,normalised
101.61183428764343,,,0.32864,0.6825,1,,,,,,,,,GP3,0.32864,0.6825,0.67917,0.9713,normalised
101.62599205970764,,,0.32882,0.68235,1,,,,,,,,,GP3,0.32882,0.68235,0.67917,0.9713,normalised
101.64142966270447,,,0.32896,0.6821,1,,,,,,,,,GP3,0.32896,0.6821,0.67917,0.9713,normalised
101.65812230110168,,,0.32891,0.68142,1,,,,,,,,,GP3,0.32891,0.68142,0.67917,0.9713,normalised
101.67397332191467,,,0.32881,0.68098,1,,,,,,,,,GP3,0.32881,0.68098,0.67917,0.9713,normalised
101.69102311134338,,,0.32873,0.68059,1,,,,,,,,,GP3,0.32873,0.68059,0.67917,0.9713,normalised
101.70854544639587,,,0.32871,0.68053,1,,,,,,,,,GP3,0.32871,0.68053,0.67917,0.9713,normalised
101.72439551353455,,,0.32866,0.68048,1,,,,,,,,,GP3,0.32866,0.68048,0.67917,0.9713,normalised
101.73885154724121,,,0.32864,0.68049,1,,,,,,,,,GP3,0.32864,0.68049,0.67917,0.9713,normalised
101.75586819648743,,,0.32812,0.68044,1,,,,,,,,,GP3,0.32812,0.68044,0.67917,0.9713,normalised
101.77269387245178,,,0.3277,0.67984,1,,,,,,,,,GP3,0.3277,0.67984,0.67917,0.9713,normalised
101.78670287132263,,,0.32728,0.67924,1,,,,,,,,,GP3,0.32728,0.67924,0.67917,0.9713,normalised
101.80424475669861,,,0.3273,0.67936,1,,,,,,,,,GP3,0.3273,0.67936,0.67917,0.9713,normalised
101.81894612312317,,,0.32728,0.67983,1,,,,,,,,,GP3,0.32728,0.67983,0.67917,0.9713,normalised
101.83649778366089,,,0.32726,0.6803,1,,,,,,,,,GP3,0.32726,0.6803,0.67917,0.9713,normalised
101.85270953178406,,,0.32744,0.67982,1,,,,,,,,,GP3,0.32744,0.67982,0.67917,0.9713,normalised
101.8685736656189,,,0.32748,0.67929,1,,,,,,,,,GP3,0.32748,0.67929,0.67917,0.9713,normalised
101.88550400733948,,,0.32749,0.67869,1,,,,,,,,,GP3,0.32749,0.67869,0.67917,0.9713,normalised
101.9003975391388,,,0.32726,0.67802,1,,,,,,,,,GP3,0.32726,0.67802,0.67917,0.9713,normalised
101.91734337806702,,,0.32711,0.67765,1,,,,,,,,,GP3,0.32711,0.67765,0.67917,0.9713,normalised
101.93183040618896,,,0.32699,0.67735,1,,,,,,,,,GP3,0.32699,0.67735,0.67917,0.9713,normalised
101.94967341423035,,,0.32719,0.67734,1,,,,,,,,,GP3,0.32719,0.67734,0.67917,0.9713,normalised
101.96538734436035,,,0.32656,0.67708,1,,,,,,,,,GP3,0.32656,0.67708,0.67917,0.9713,normalised
101.98144030570984,,,0.32594,0.67685,1,,,,,,,,,GP3,0.32594,0.67685,0.67917,0.9713,normalised
101.99984073638916,,,0.32612,0.67664,1,,,,,,,,,GP3,0.32612,0.67664,0.67917,0.9713,normalised
102.01554751396179,,,0.32618,0.67634,1,,,,,,,,,GP3,0.32618,0.67634,0.67917,0.9713,normalised
102.02887773513794,,,0.32623,0.676,1,,,,,,,,,GP3,0.32623,0.676,0.67917,0.9713,normalised
102.04553747177124,,,0.32599,0.67474,1,,,,,,,,,GP3,0.32599,0.67474,0.67917,0.9713,normalised
102.0654079914093,,,0.32592,0.67442,1,,,,,,,,,GP3,0.32592,0.67442,0.67917,0.9713,normalised
102.0801031589508,,,0.32588,0.67417,1,,,,,,,,,GP3,0.32588,0.67417,0.67917,0.9713,normalised
102.09680604934692,,,0.32613,0.67391,1,,,,,,,,,GP3,0.32613,0.67391,0.67917,0.9713,normalised
102.10997486114502,,,0.32608,0.67376,1,,,,,,,,,GP3,0.32608,0.67376,0.67917,0.9713,normalised
102.1264922618866,,,0.32598,0.67346,1,,,,,,,,,GP3,0.32598,0.67346,0.67917,0.9713,normalised
102.1439802646637,,,0.32567,0.67315,1,,,,,,,,,GP3,0.32567,0.67315,0.67917,0.9713,normalised
102.15988516807556,,,0.32544,0.67275,1,,,,,,,,,GP3,0.32544,0.67275,0.67917,0.9713,normalised
102.1758861541748,,,0.32514,0.67216,1,,,,,,,,,GP3,0.32514,0.67216,0.67917,0.9713,normalised
102.19280743598938,,,0.32479,0.67133,1,,,,,,,,,GP3,0.32479,0.67133,0.67917,0.9713,normalised
102.20774936676025,,,0.32418,0.67042,1,,,,,,,,,GP3,0.32418,0.67042,0.67917,0.9713,normalised
102.2242043018341,,,0.32361,0.66963,1,,,,,,,,,GP3,0.32361,0.66963,0.67917,0.9713,normalised
102.2405800819397,,,0.32335,0.66932,1,,,,,,,,,GP3,0.32335,0.66932,0.67917,0.9713,normalised
102.25630402565002,,,0.32348,0.66906,1,,,,,,,,,GP3,0.32348,0.66906,0.67917,0.9713,normalised
102.27295207977295,,,0.32365,0.66894,1,,,,,,,,,GP3,0.32365,0.66894,0.67917,0.9713,normalised
102.28893518447876,,,0.32367,0.66846,1,,,,,,,,,GP3,0.32367,0.66846,0.67917,0.9713,normalised
102.30553245544434,,,0.32352,0.66815,1,,,,,,,,,GP3,0.32352,0.66815,0.67917,0.9713,normalised
102.32150793075562,,,0.3234,0.66791,1,,,,,,,,,GP3,0.3234,0.66791,0.67917,0.9713,normalised
102.33718991279602,,,0.32331,0.66788,1,,,,,,,,,GP3,0.32331,0.66788,0.67917,0.9713,normalised
102.35498881340027,,,0.32308,0.66824,1,,,,,,,,,GP3,0.32308,0.66824,0.67917,0.9713,normalised
102.36883544921875,,,0.32283,0.66855,1,,,,,,,,,GP3,0.32283,0.66855,0.67917,0.9713,normalised
102.38635420799255,,,0.32231,0.66853,1,,,,,,,,,GP3,0.32231,0.66853,0.67917,0.9713,normalised
102.40278148651123,,,0.32189,0.66833,1,,,,,,,,,GP3,0.32189,0.66833,0.67917,0.9713,normalised
102.41964936256409,,,0.32146,0.6681,1,,,,,,,,,GP3,0.32146,0.6681,0.67917,0.9713,normalised
102.43440079689026,,,0.32116,0.66814,1,,,,,,,,,GP3,0.32116,0.66814,0.67917,0.9713,normalised
102.45193362236023,,,0.32107,0.66804,1,,,,,,,,,GP3,0.32107,0.66804,0.67917,0.9713,normalised
102.4665777683258,,,0.32102,0.66809,1,,,,,,,,,GP3,0.32102,0.66809,0.67917,0.9713,normalised
102.48315834999084,,,0.32108,0.66764,1,,,,,,,,,GP3,0.32108,0.66764,0.67917,0.9713,normalised
102.49931406974792,,,0.32122,0.66807,1,,,,,,,,,GP3,0.32122,0.66807,0.67917,0.9713,normalised
102.51510238647461,,,0.32137,0.66849,1,,,,,,,,,GP3,0.32137,0.66849,0.67917,0.9713,normalised
102.53106188774109,,,0.32165,0.66874,1,,,,,,,,,GP3,0.32165,0.66874,0.67917,0.9713,normalised
102.5497932434082,,,0.32203,0.66902,1,,,,,,,,,GP3,0.32203,0.66902,0.67917,0.9713,normalised
102.5636670589447,,,0.32236,0.66915,1,,,,,,,,,GP3,0.32236,0.66915,0.67917,0.9713,normalised
102.57955431938171,,,0.32222,0.66872,1,,,,,,,,,GP3,0.32222,0.66872,0.67917,0.9713,normalised
102.59604978561401,,,0.3222,0.66831,1,,,,,,,,,GP3,0.3222,0.66831,0.67917,0.9713,normalised
102.61290073394775,,,0.3222,0.66797,1,,,,,,,,,GP3,0.3222,0.66797,0.67917,0.9713,normalised
102.62753939628601,,,0.32188,0.66837,1,,,,,,,,,GP3,0.32188,0.66837,0.67917,0.9713,normalised
102.64483833312988,,,0.32178,0.66917,1,,,,,,,,,GP3,0.32178,0.66917,0.67917,0.9713,normalised
102.66269874572754,,,0.32171,0.67008,1,,,,,,,,,GP3,0.32171,0.67008,0.67917,0.9713,normalised
102.67704319953918,,,0.32223,0.67035,1,,,,,,,,,GP3,0.32223,0.67035,0.67917,0.9713,normalised
102.69493198394775,,,0.32265,0.6711,1,,,,,,,,,GP3,0.32265,0.6711,0.67917,0.9713,normalised
102.70944547653198,,,0.32302,0.67169,1,,,,,,,,,GP3,0.32302,0.67169,0.67917,0.9713,normalised
102.7269082069397,,,0.3231,0.67084,1,,,,,,,,,GP3,0.3231,0.67084,0.67917,0.9713,normalised
102.74168181419373,,,0.32401,0.66943,1,,,,,,,,,GP3,0.32401,0.66943,0.67917,0.9713,normalised
102.75831007957458,,,0.32488,0.66785,1,,,,,,,,,GP3,0.32488,0.66785,0.67917,0.9713,normalised
102.77607798576355,,,0.32546,0.66679,1,,,,,,,,,GP3,0.32546,0.66679,0.67917,0.9713,normalised
102.79141545295715,,,0.32592,0.66553,1,,,,,,,,,GP3,0.32592,0.66553,0.67917,0.9713,normalised
102.80896258354187,,,0.32642,0.6644,1,,,,,,,,,GP3,0.32642,0.6644,0.67917,0.9713,normalised
102.82266926765442,,,0.34315,0.64484,0,,,,,,,,,GP3,0.34315,0.64484,0.67917,0.9713,normalised
102.84069800376892,,,0.37871,0.61046,0,,,,,,,,,GP3,0.37871,0.61046,0.67917,0.9713,normalised
102.85600733757019,,,0.3905,0.59828,0,,,,,,,,,GP3,0.3905,0.59828,0.67917,0.9713,normalised
102.8712112903595,,,0.43881,0.52719,0,,,,,,,,,GP3,0.43881,0.52719,0.67917,0.9713,normalised
102.88912844657898,,,0.50186,0.5113,0,,,,,,,,,GP3,0.50186,0.5113,0.67917,0.9713,normalised
102.90299224853516,,,0.52326,0.50276,0,,,,,,,,,GP3,0.52326,0.50276,0.67917,0.9713,normalised
102.92152404785156,,,0.56048,0.46357,0,,,,,,,,,GP3,0.56048,0.46357,0.67917,0.9713,normalised
102.93738460540771,,,0.53811,0.40221,0,,,,,,,,,GP3,0.53811,0.40221,0.67917,0.9713,normalised
102.95506501197815,,,0.53068,0.37869,0,,,,,,,,,GP3,0.53068,0.37869,0.67917,0.9713,normalised
102.96906280517578,,,0.5113,0.3279,0,,,,,,,,,GP3,0.5113,0.3279,0.67917,0.9713,normalised
102.98552417755127,,,0.53067,0.34788,0,,,,,,,,,GP3,0.53067,0.34788,0.67917,0.9713,normalised
103.00011658668518,,,0.53783,0.34037,0,,,,,,,,,GP3,0.53783,0.34037,0.67917,0.9713,normalised
103.01798152923584,,,0.6213,0.21655,0,,,,,,,,,GP3,0.6213,0.21655,0.67917,0.9713,normalised
103.03558778762817,,,0.48459,0.2035,0,,,,,,,,,GP3,0.48459,0.2035,0.67917,0.9713,normalised
103.0499792098999,,,0.4439,0.18056,0,,,,,,,,,GP3,0.4439,0.18056,0.67917,0.9713,normalised
103.06536531448364,,,0.51073,0.05126,0,,,,,,,,,GP3,0.51073,0.05126,0.67917,0.9713,normalised
103.0813307762146,,,0.65068,0.02587,0,,,,,,,,,GP3,0.65068,0.02587,0.67917,0.9713,normalised
103.09764885902405,,,0.68464,0.07713,0,,,,,,,,,GP3,0.68464,0.07713,0.67917,0.9713,normalised
103.11359405517578,,,0.75749,0.15113,0,,,,,,,,,GP3,0.75749,0.15113,0.67917,0.9713,normalised
103.12925624847412,,,0.74871,0.20527,0,,,,,,,,,GP3,0.74871,0.20527,0.67917,0.9713,normalised
103.148108959198,,,0.746,0.22238,0,,,,,,,,,GP3,0.746,0.22238,0.67917,0.9713,normalised
103.1621150970459,,,0.74918,0.26388,0,,,,,,,,,GP3,0.74918,0.26388,0.67917,0.9713,normalised
103.17850279808044,,,0.7524,0.28628,0,,,,,,,,,GP3,0.7524,0.28628,0.67917,0.9713,normalised
103.19720315933228,,,0.75256,0.29738,0,,,,,,,,,GP3,0.75256,0.29738,0.67917,0.9713,normalised
103.21175265312195,,,0.77048,0.27209,1,,,,,,,,,GP3,0.77048,0.27209,0.67917,0.9713,normalised
103.22861528396606,,,0.78173,0.25887,1,,,,,,,,,GP3,0.78173,0.25887,0.67917,0.9713,normalised
103.24520516395569,,,0.78922,0.25005,1,,,,,,,,,GP3,0.78922,0.25005,0.67917,0.9713,normalised
103.25932955741882,,,0.79552,0.24392,1,,,,,,,,,GP3,0.79552,0.24392,0.67917,0.9713,normalised
103.2772011756897,,,0.80113,0.23856,1,,,,,,,,,GP3,0.80113,0.23856,0.67917,0.9713,normalised
103.29225564002991,,,0.8058,0.23334,1,,,,,,,,,GP3,0.8058,0.23334,0.67917,0.9713,normalised
103.30821132659912,,,0.80973,0.22966,1,,,,,,,,,GP3,0.80973,0.22966,0.67917,0.9713,normalised
103.32490134239197,,,0.81298,0.22347,1,,,,,,,,,GP3,0.81298,0.22347,0.67917,0.9713,normalised
103.34261441230774,,,0.81598,0.21728,1,,,,,,,,,GP3,0.81598,0.21728,0.67917,0.9713,normalised
103.35820245742798,,,0.81837,0.21217,1,,,,,,,,,GP3,0.81837,0.21217,0.67917,0.9713,normalised
103.37495708465576,,,0.82037,0.20776,1,,,,,,,,,GP3,0.82037,0.20776,0.67917,0.9713,normalised
103.39042687416077,,,0.83948,0.18059,0,,,,,,,,,GP3,0.83948,0.18059,0.67917,0.9713,normalised
103.4049961566925,,,0.83936,0.16031,0,,,,,,,,,GP3,0.83936,0.16031,0.67917,0.9713,normalised
103.42039895057678,,,0.84124,0.15225,0,,,,,,,,,GP3,0.84124,0.15225,0.67917,0.9713,normalised
103.4389591217041,,,0.84291,0.14559,1,,,,,,,,,GP3,0.84291,0.14559,0.67917,0.9713,normalised
103.4525580406189,,,0.84214,0.14215,1,,,,,,,,,GP3,0.84214,0.14215,0.67917,0.9713,normalised
103.46951794624329,,,0.84272,0.1393,1,,,,,,,,,GP3,0.84272,0.1393,0.67917,0.9713,normalised
103.48624515533447,,,0.84327,0.13681,1,,,,,,,,,GP3,0.84327,0.13681,0.67917,0.9713,normalised
103.50095510482788,,,0.84238,0.13527,1,,,,,,,,,GP3,0.84238,0.13527,0.67917,0.9713,normalised
103.52048659324646,,,0.84186,0.13495,1,,,,,,,,,GP3,0.84186,0.13495,0.67917,0.9713,normalised
103.53432083129883,,,0.84166,0.13386,1,,,,,,,,,GP3,0.84166,0.13386,0.67917,0.9713,normalised
103.5504252910614,,,0.84219,0.12986,1,,,,,,,,,GP3,0.84219,0.12986,0.67917,0.9713,normalised
103.5662670135498,,,0.84427,0.12476,1,,,,,,,,,GP3,0.84427,0.12476,0.67917,0.9713,normalised
103.58347153663635,,,0.84665,0.11822,1,,,,,,,,,GP3,0.84665,0.11822,0.67917,0.9713,normalised
103.59999656677246,,,0.84851,0.11205,1,,,,,,,,,GP3,0.84851,0.11205,0.67917,0.9713,normalised
103.61669754981995,,,0.84991,0.10649,1,,,,,,,,,GP3,0.84991,0.10649,0.67917,0.9713,normalised
103.6319637298584,,,0.85113,0.10163,1,,,,,,,,,GP3,0.85113,0.10163,0.67917,0.9713,normalised
103.64962887763977,,,0.85191,0.09759,1,,,,,,,,,GP3,0.85191,0.09759,0.67917,0.9713,normalised
103.6627209186554,,,0.85314,0.0942,1,,,,,,,,,GP3,0.85314,0.0942,0.67917,0.9713,normalised
103.68066573143005,,,0.86063,0.06453,0,,,,,,,,,GP3,0.86063,0.06453,0.67917,0.9713,normalised
103.69638919830322,,,0.86224,0.04327,0,,,,,,,,,GP3,0.86224,0.04327,0.67917,0.9713,normalised
103.71239733695984,,,0.86108,0.03801,0,,,,,,,,,GP3,0.86108,0.03801,0.67917,0.9713,normalised
103.72838425636292,,,0.86133,0.03212,1,,,,,,,,,GP3,0.86133,0.03212,0.67917,0.9713,normalised
103.74692916870117,,,0.8598,0.02278,1,,,,,,,,,GP3,0.8598,0.02278,0.67917,0.9713,normalised
103.75986647605896,,,0.86075,0.01353,1,,,,,,,,,GP3,0.86075,0.01353,0.67917,0.9713,normalised
103.77856659889221,,,0.86118,0.00802,1,,,,,,,,,GP3,0.86118,0.00802,0.67917,0.9713,normalised
103.79253101348877,,,0.86094,0.0089,1,,,,,,,,,GP3,0.86094,0.0089,0.67917,0.9713,normalised
103.80931973457336,,,0.85981,0.01363,1,,,,,,,,,GP3,0.85981,0.01363,0.67917,0.9713,normalised
103.82719039916992,,,0.85805,0.02064,1,,,,,,,,,GP3,0.85805,0.02064,0.67917,0.9713,normalised
103.84097719192505,,,0.85621,0.02705,1,,,,,,,,,GP3,0.85621,0.02705,0.67917,0.9713,normalised
103.85756015777588,,,0.85483,0.0319,1,,,,,,,,,GP3,0.85483,0.0319,0.67917,0.9713,normalised
103.87374639511108,,,0.85366,0.036,1,,,,,,,,,GP3,0.85366,0.036,0.67917,0.9713,normalised
103.8912615776062,,,0.85294,0.03751,1,,,,,,,,,GP3,0.85294,0.03751,0.67917,0.9713,normalised
103.90591430664062,,,0.85211,0.04103,1,,,,,,,,,GP3,0.85211,0.04103,0.67917,0.9713,normalised
103.9227659702301,,,0.85139,0.04411,1,,,,,,,,,GP3,0.85139,0.04411,0.67917,0.9713,normalised
103.93857789039612,,,0.85025,0.04774,1,,,,,,,,,GP3,0.85025,0.04774,0.67917,0.9713,normalised
103.95534324645996,,,0.84971,0.05051,1,,,,,,,,,GP3,0.84971,0.05051,0.67917,0.9713,normalised
103.97223615646362,,,0.84224,0.07923,0,,,,,,,,,GP3,0.84224,0.07923,0.67917,0.9713,normalised
103.98631477355957,,,0.84333,0.08794,0,,,,,,,,,GP3,0.84333,0.08794,0.67917,0.9713,normalised
104.0038902759552,,,0.84297,0.08904,0,,,,,,,,,GP3,0.84297,0.08904,0.67917,0.9713,normalised
104.01934885978699,,,0.84279,0.08959,1,,,,,,,,,GP3,0.84279,0.08959,0.67917,0.9713,normalised
104.03680396080017,,,0.84235,0.0893,1,,,,,,,,,GP3,0.84235,0.0893,0.67917,0.9713,normalised
104.05346751213074,,,0.84117,0.09038,1,,,,,,,,,GP3,0.84117,0.09038,0.67917,0.9713,normalised
104.06789112091064,,,0.84033,0.09115,1,,,,,,,,,GP3,0.84033,0.09115,0.67917,0.9713,normalised
104.08533930778503,,,0.84161,0.09099,1,,,,,,,,,GP3,0.84161,0.09099,0.67917,0.9713,normalised
104.09955358505249,,,0.84316,0.09213,1,,,,,,,,,GP3,0.84316,0.09213,0.67917,0.9713,normalised
104.1171452999115,,,0.84471,0.09188,1,,,,,,,,,GP3,0.84471,0.09188,0.67917,0.9713,normalised
104.13381743431091,,,0.84502,0.08991,1,,,,,,,,,GP3,0.84502,0.08991,0.67917,0.9713,normalised
104.15083980560303,,,0.84613,0.08574,1,,,,,,,,,GP3,0.84613,0.08574,0.67917,0.9713,normalised
104.16475796699524,,,0.84716,0.08192,1,,,,,,,,,GP3,0.84716,0.08192,0.67917,0.9713,normalised
104.18145060539246,,,0.84825,0.08086,1,,,,,,,,,GP3,0.84825,0.08086,0.67917,0.9713,normalised
104.19940233230591,,,0.84885,0.08047,1,,,,,,,,,GP3,0.84885,0.08047,0.67917,0.9713,normalised
104.2130057811737,,,0.84911,0.08107,1,,,,,,,,,GP3,0.84911,0.08107,0.67917,0.9713,normalised
104.23116326332092,,,0.84928,0.08165,1,,,,,,,,,GP3,0.84928,0.08165,0.67917,0.9713,normalised
104.24830460548401,,,0.84878,0.08302,1,,,,,,,,,GP3,0.84878,0.08302,0.67917,0.9713,normalised
104.26231956481934,,,0.84834,0.08426,1,,,,,,,,,GP3,0.84834,0.08426,0.67917,0.9713,normalised
104.2797839641571,,,0.84796,0.08468,1,,,,,,,,,GP3,0.84796,0.08468,0.67917,0.9713,normalised
104.29362940788269,,,0.8484,0.08558,1,,,,,,,,,GP3,0.8484,0.08558,0.67917,0.9713,normalised
104.31078553199768,,,0.84879,0.08639,1,,,,,,,,,GP3,0.84879,0.08639,0.67917,0.9713,normalised
104.32770991325378,,,0.84864,0.08677,1,,,,,,,,,GP3,0.84864,0.08677,0.67917,0.9713,normalised
104.34354186058044,,,0.84826,0.08726,1,,,,,,,,,GP3,0.84826,0.08726,0.67917,0.9713,normalised
104.36040234565735,,,0.8479,0.08772,1,,,,,,,,,GP3,0.8479,0.08772,0.67917,0.9713,normalised
104.37545466423035,,,0.8474,0.08764,1,,,,,,,,,GP3,0.8474,0.08764,0.67917,0.9713,normalised
104.3918149471283,,,0.8471,0.08768,1,,,,,,,,,GP3,0.8471,0.08768,0.67917,0.9713,normalised
104.40837025642395,,,0.84683,0.08772,1,,,,,,,,,GP3,0.84683,0.08772,0.67917,0.9713,normalised
104.4251537322998,,,0.84699,0.08796,1,,,,,,,,,GP3,0.84699,0.08796,0.67917,0.9713,normalised
104.4396743774414,,,0.84699,0.08823,1,,,,,,,,,GP3,0.84699,0.08823,0.67917,0.9713,normalised
104.45718717575073,,,0.84699,0.08848,1,,,,,,,,,GP3,0.84699,0.08848,0.67917,0.9713,normalised
104.47262287139893,,,0.84722,0.08831,1,,,,,,,,,GP3,0.84722,0.08831,0.67917,0.9713,normalised
104.48847532272339,,,0.84728,0.08848,1,,,,,,,,,GP3,0.84728,0.08848,0.67917,0.9713,normalised
104.5080029964447,,,0.84743,0.08829,1,,,,,,,,,GP3,0.84743,0.08829,0.67917,0.9713,normalised
104.52146601676941,,,0.8477,0.08771,1,,,,,,,,,GP3,0.8477,0.08771,0.67917,0.9713,normalised
104.5379867553711,,,0.84796,0.08651,1,,,,,,,,,GP3,0.84796,0.08651,0.67917,0.9713,normalised
104.55180406570435,,,0.84831,0.08496,1,,,,,,,,,GP3,0.84831,0.08496,0.67917,0.9713,normalised
104.56902265548706,,,0.84857,0.08342,1,,,,,,,,,GP3,0.84857,0.08342,0.67917,0.9713,normalised
104.5871946811676,,,0.84892,0.08197,1,,,,,,,,,GP3,0.84892,0.08197,0.67917,0.9713,normalised
104.60356497764587,,,0.84924,0.08059,1,,,,,,,,,GP3,0.84924,0.08059,0.67917,0.9713,normalised
104.61780571937561,,,0.84959,0.07935,1,,,,,,,,,GP3,0.84959,0.07935,0.67917,0.9713,normalised
104.6360399723053,,,0.8569,0.05312,0,,,,,,,,,GP3,0.8569,0.05312,0.67917,0.9713,normalised
104.65197658538818,,,0.85817,0.04201,0,,,,,,,,,GP3,0.85817,0.04201,0.67917,0.9713,normalised
104.66828751564026,,,0.85726,0.04249,0,,,,,,,,,GP3,0.85726,0.04249,0.67917,0.9713,normalised
104.6842622756958,,,0.85876,0.03958,1,,,,,,,,,GP3,0.85876,0.03958,0.67917,0.9713,normalised
104.69924139976501,,,0.85966,0.03783,1,,,,,,,,,GP3,0.85966,0.03783,0.67917,0.9713,normalised
104.71548819541931,,,0.86034,0.04023,1,,,,,,,,,GP3,0.86034,0.04023,0.68646,0.96481,normalised
104.73208785057068,,,0.86055,0.03979,1,,,,,,,,,GP3,0.86055,0.03979,0.68646,0.96481,normalised
104.74708127975464,,,0.86072,0.03945,1,,,,,,,,,GP3,0.86072,0.03945,0.69531,0.99907,normalised
104.76362657546997,,,0.86108,0.03743,1,,,,,,,,,GP3,0.86108,0.03743,0.69531,0.99907,normalised
104.78170561790466,,,0.86045,0.03603,1,,,,,,,,,GP3,0.86045,0.03603,0.70573,0.99907,normalised
104.79560899734497,,,0.85994,0.03489,1,,,,,,,,,GP3,0.85994,0.03489,0.70573,0.99907,normalised
104.81322145462036,,,0.86006,0.0349,1,,,,,,,,,GP3,0.86006,0.0349,0.72031,0.99907,normalised
104.82832527160645,,,0.85997,0.04369,1,,,,,,,,,GP3,0.85997,0.04369,0.72031,0.99907,normalised
104.84577894210815,,,0.85947,0.05259,1,,,,,,,,,GP3,0.85947,0.05259,0.72448,0.99907,normalised
104.8603732585907,,,0.85212,0.06809,1,,,,,,,,,GP3,0.85212,0.06809,0.72448,0.99907,normalised
104.87780785560608,,,0.84295,0.09061,1,,,,,,,,,GP3,0.84295,0.09061,0.72448,0.99907,normalised
104.89256238937378,,,0.824,0.14301,0,,,,,,,,,GP3,0.824,0.14301,0.72448,0.99907,normalised
104.90880680084229,,,0.74396,0.32353,0,,,,,,,,,GP3,0.74396,0.32353,0.72448,0.99907,normalised
104.92771482467651,,,0.72024,0.38275,0,,,,,,,,,GP3,0.72024,0.38275,0.72448,0.99907,normalised
104.9415647983551,,,0.66988,0.50195,0,,,,,,,,,GP3,0.66988,0.50195,0.72448,0.99907,normalised
104.9576518535614,,,0.67831,0.5033,0,,,,,,,,,GP3,0.67831,0.5033,0.72448,0.99907,normalised
104.97442078590393,,,0.67963,0.5033,0,,,,,,,,,GP3,0.67963,0.5033,0.72448,0.99907,normalised
104.99123930931091,,,0.68029,0.5033,1,,,,,,,,,GP3,0.68029,0.5033,0.72448,0.99907,normalised
105.00585532188416,,,0.67828,0.50529,1,,,,,,,,,GP3,0.67828,0.50529,0.72448,0.99907,normalised
105.02283668518066,,,0.67649,0.51092,1,,,,,,,,,GP3,0.67649,0.51092,0.72448,0.99907,normalised
105.03749752044678,,,0.67521,0.51495,1,,,,,,,,,GP3,0.67521,0.51495,0.72448,0.99907,normalised
105.05654287338257,,,0.67653,0.51719,1,,,,,,,,,GP3,0.67653,0.51719,0.72448,0.99907,normalised
105.07097506523132,,,0.67736,0.51636,1,,,,,,,,,GP3,0.67736,0.51636,0.72448,0.99907,normalised
105.0866129398346,,,0.67803,0.5157,1,,,,,,,,,GP3,0.67803,0.5157,0.72448,0.99907,normalised
105.10260796546936,,,0.67854,0.51552,1,,,,,,,,,GP3,0.67854,0.51552,0.72448,0.99907,normalised
105.1220703125,,,0.67765,0.51507,1,,,,,,,,,GP3,0.67765,0.51507,0.72448,0.99907,normalised
105.13599991798401,,,0.67686,0.51489,1,,,,,,,,,GP3,0.67686,0.51489,0.72448,0.99907,normalised
105.15173745155334,,,0.67684,0.5147,1,,,,,,,,,GP3,0.67684,0.5147,0.72448,0.99907,normalised
105.16768598556519,,,0.67532,0.51344,1,,,,,,,,,GP3,0.67532,0.51344,0.72448,0.99907,normalised
105.1834363937378,,,0.67405,0.51206,1,,,,,,,,,GP3,0.67405,0.51206,0.72448,0.99907,normalised
105.2022979259491,,,0.67281,0.50953,1,,,,,,,,,GP3,0.67281,0.50953,0.72448,0.99907,normalised
105.21636295318604,,,0.67182,0.50845,1,,,,,,,,,GP3,0.67182,0.50845,0.72448,0.99907,normalised
105.23274517059326,,,0.67101,0.50712,1,,,,,,,,,GP3,0.67101,0.50712,0.72448,0.99907,normalised
105.25021624565125,,,0.6706,0.50487,1,,,,,,,,,GP3,0.6706,0.50487,0.72448,0.99907,normalised
105.26468300819397,,,0.67036,0.50474,1,,,,,,,,,GP3,0.67036,0.50474,0.72448,0.99907,normalised
105.28141760826111,,,0.67026,0.50405,1,,,,,,,,,GP3,0.67026,0.50405,0.72448,0.99907,normalised
105.29840683937073,,,0.66996,0.5024,1,,,,,,,,,GP3,0.66996,0.5024,0.72448,0.99907,normalised
105.31299686431885,,,0.67066,0.49995,1,,,,,,,,,GP3,0.67066,0.49995,0.72448,0.99907,normalised
105.33016681671143,,,0.6713,0.49769,1,,,,,,,,,GP3,0.6713,0.49769,0.72448,0.99907,normalised
105.34590816497803,,,0.67149,0.49433,1,,,,,,,,,GP3,0.67149,0.49433,0.72448,0.99907,normalised
105.36381244659424,,,0.66736,0.46458,0,,,,,,,,,GP3,0.66736,0.46458,0.72448,0.99907,normalised
105.37967157363892,,,0.67245,0.44897,0,,,,,,,,,GP3,0.67245,0.44897,0.72448,0.99907,normalised
105.39631581306458,,,0.67151,0.45188,0,,,,,,,,,GP3,0.67151,0.45188,0.72448,0.99907,normalised
105.40969514846802,,,0.67167,0.45479,1,,,,,,,,,GP3,0.67167,0.45479,0.72448,0.99907,normalised
105.42652559280396,,,0.67148,0.45784,1,,,,,,,,,GP3,0.67148,0.45784,0.72448,0.99907,normalised
105.44454216957092,,,0.67108,0.45702,1,,,,,,,,,GP3,0.67108,0.45702,0.72448,0.99907,normalised
105.45922112464905,,,0.67185,0.45586,1,,,,,,,,,GP3,0.67185,0.45586,0.72448,0.99907,normalised
105.47671246528625,,,0.67274,0.45351,1,,,,,,,,,GP3,0.67274,0.45351,0.72448,0.99907,normalised
105.49311137199402,,,0.67384,0.45069,1,,,,,,,,,GP3,0.67384,0.45069,0.72448,0.99907,normalised
105.5076174736023,,,0.67585,0.4477,1,,,,,,,,,GP3,0.67585,0.4477,0.72448,0.99907,normalised
105.52579665184021,,,0.67757,0.44488,1,,,,,,,,,GP3,0.67757,0.44488,0.72448,0.99907,normalised
105.54147386550903,,,0.67811,0.44438,1,,,,,,,,,GP3,0.67811,0.44438,0.72448,0.99907,normalised
105.55567073822021,,,0.67476,0.44034,1,,,,,,,,,GP3,0.67476,0.44034,0.72448,0.99907,normalised
105.57222986221313,,,0.67173,0.43794,1,,,,,,,,,GP3,0.67173,0.43794,0.72448,0.99907,normalised
105.58772563934326,,,0.66433,0.42787,1,,,,,,,,,GP3,0.66433,0.42787,0.72448,0.99907,normalised
105.60485506057739,,,0.65857,0.42048,1,,,,,,,,,GP3,0.65857,0.42048,0.72448,0.99907,normalised
105.62064671516418,,,0.65347,0.4143,1,,,,,,,,,GP3,0.65347,0.4143,0.72448,0.99907,normalised
105.638254404068,,,0.6386,0.383,0,,,,,,,,,GP3,0.6386,0.383,0.72448,0.99907,normalised
105.6530225276947,,,0.58649,0.30055,0,,,,,,,,,GP3,0.58649,0.30055,0.72448,0.99907,normalised
105.66851282119751,,,0.56931,0.2682,0,,,,,,,,,GP3,0.56931,0.2682,0.72448,0.99907,normalised
105.6855092048645,,,0.49844,0.19392,0,,,,,,,,,GP3,0.49844,0.19392,0.72448,0.99907,normalised
105.7020046710968,,,0.45427,0.17625,0,,,,,,,,,GP3,0.45427,0.17625,0.72448,0.99907,normalised
105.7173318862915,,,0.4394,0.16792,0,,,,,,,,,GP3,0.4394,0.16792,0.72448,0.99907,normalised
105.73323321342468,,,0.43546,0.1547,1,,,,,,,,,GP3,0.43546,0.1547,0.72448,0.99907,normalised
105.75101804733276,,,0.42545,0.1409,1,,,,,,,,,GP3,0.42545,0.1409,0.72448,0.99907,normalised
105.76746726036072,,,0.41815,0.12484,1,,,,,,,,,GP3,0.41815,0.12484,0.72448,0.99907,normalised
105.78322005271912,,,0.4066,0.1078,1,,,,,,,,,GP3,0.4066,0.1078,0.72448,0.99907,normalised
105.79879927635193,,,0.38871,0.09624,1,,,,,,,,,GP3,0.38871,0.09624,0.72448,0.99907,normalised
105.81468725204468,,,0.37155,0.06795,1,,,,,,,,,GP3,0.37155,0.06795,0.72448,0.99907,normalised
105.8314299583435,,,0.35394,0.02496,1,,,,,,,,,GP3,0.35394,0.02496,0.72448,0.99907,normalised
105.8474063873291,,,0.32011,-0.05164,0,,,,,,,,,GP3,0.32011,-0.05164,0.72448,0.99907,normalised
105.86416625976562,,,0.23736,-0.3274,0,,,,,,,,,GP3,0.23736,-0.3274,0.72448,0.99907,normalised
105.88054895401001,,,0.21504,-0.35733,0,,,,,,,,,GP3,0.21504,-0.35733,0.72448,0.99907,normalised
105.89546394348145,,,0.17746,-0.3999,0,,,,,,,,,GP3,0.17746,-0.3999,0.72448,0.99907,normalised
105.91284799575806,,,0.21381,-0.174,0,,,,,,,,,GP3,0.21381,-0.174,0.72448,0.99907,normalised
105.92752885818481,,,0.2121,-0.07153,0,,,,,,,,,GP3,0.2121,-0.07153,0.72448,0.99907,normalised
105.94424366950989,,,0.21494,0.08133,0,,,,,,,,,GP3,0.21494,0.08133,0.72448,0.99907,normalised
105.96175599098206,,,0.19709,0.05602,0,,,,,,,,,GP3,0.19709,0.05602,0.72448,0.99907,normalised
105.97772979736328,,,0.16707,0.06317,0,,,,,,,,,GP3,0.16707,0.06317,0.72448,0.99907,normalised
105.99405264854431,,,0.14634,0.06686,1,,,,,,,,,GP3,0.14634,0.06686,0.72448,0.99907,normalised
106.00858092308044,,,0.13288,0.06589,1,,,,,,,,,GP3,0.13288,0.06589,0.72448,0.99907,normalised
106.0274384021759,,,0.12421,0.06636,1,,,,,,,,,GP3,0.12421,0.06636,0.72448,0.99907,normalised
106.043954372406,,,0.11784,0.06784,1,,,,,,,,,GP3,0.11784,0.06784,0.72448,0.99907,normalised
106.05907392501831,,,0.11306,0.06895,1,,,,,,,,,GP3,0.11306,0.06895,0.72448,0.99907,normalised
106.07460045814514,,,0.10964,0.06969,1,,,,,,,,,GP3,0.10964,0.06969,0.72448,0.99907,normalised
106.09077596664429,,,0.10676,0.07025,1,,,,,,,,,GP3,0.10676,0.07025,0.72448,0.99907,normalised
106.10839796066284,,,0.1044,0.07071,1,,,,,,,,,GP3,0.1044,0.07071,0.72448,0.99907,normalised
106.12125277519226,,,0.10265,0.07217,1,,,,,,,,,GP3,0.10265,0.07217,0.72448,0.99907,normalised
106.13783359527588,,,0.10168,0.07028,1,,,,,,,,,GP3,0.10168,0.07028,0.72448,0.99907,normalised
106.15593576431274,,,0.10085,0.06866,1,,,,,,,,,GP3,0.10085,0.06866,0.72448,0.99907,normalised
106.17088437080383,,,0.10051,0.06765,1,,,,,,,,,GP3,0.10051,0.06765,0.72448,0.99907,normalised
106.18731951713562,,,0.10052,0.06315,1,,,,,,,,,GP3,0.10052,0.06315,0.72448,0.99907,normalised
106.2021234035492,,,0.10053,0.05917,1,,,,,,,,,GP3,0.10053,0.05917,0.72448,0.99907,normalised
106.21949100494385,,,0.10123,0.05653,1,,,,,,,,,GP3,0.10123,0.05653,0.72448,0.99907,normalised
106.23651003837585,,,0.10141,0.05534,1,,,,,,,,,GP3,0.10141,0.05534,0.72448,0.99907,normalised
106.25316977500916,,,0.10157,0.05427,1,,,,,,,,,GP3,0.10157,0.05427,0.72448,0.99907,normalised
106.26741242408752,,,0.10209,0.05219,1,,,,,,,,,GP3,0.10209,0.05219,0.72448,0.99907,normalised
106.285085439682,,,0.10222,0.05027,1,,,,,,,,,GP3,0.10222,0.05027,0.72448,0.99907,normalised
106.30044031143188,,,0.10217,0.04791,1,,,,,,,,,GP3,0.10217,0.04791,0.72448,0.99907,normalised
106.31717085838318,,,0.10133,0.01827,0,,,,,,,,,GP3,0.10133,0.01827,0.72448,0.99907,normalised
106.33408164978027,,,0.10019,-0.01598,0,,,,,,,,,GP3,0.10019,-0.01598,0.72448,0.99907,normalised
106.35016202926636,,,0.0981,-0.03367,0,,,,,,,,,GP3,0.0981,-0.03367,0.72448,0.99907,normalised
106.36613416671753,,,0.09518,-0.04152,1,,,,,,,,,GP3,0.09518,-0.04152,0.72448,0.99907,normalised
106.38181853294373,,,0.09194,-0.04605,1,,,,,,,,,GP3,0.09194,-0.04605,0.72448,0.99907,normalised
106.39912271499634,,,0.08978,-0.04907,1,,,,,,,,,GP3,0.08978,-0.04907,0.72448,0.99907,normalised
106.41413521766663,,,0.08971,-0.05242,1,,,,,,,,,GP3,0.08971,-0.05242,0.72448,0.99907,normalised
106.43170237541199,,,0.08877,-0.05364,1,,,,,,,,,GP3,0.08877,-0.05364,0.72448,0.99907,normalised
106.44901514053345,,,0.08804,-0.05459,1,,,,,,,,,GP3,0.08804,-0.05459,0.72448,0.99907,normalised
106.46164798736572,,,0.08821,-0.05559,1,,,,,,,,,GP3,0.08821,-0.05559,0.72448,0.99907,normalised
106.47907042503357,,,0.08853,-0.05626,1,,,,,,,,,GP3,0.08853,-0.05626,0.72448,0.99907,normalised
106.4937641620636,,,0.0888,-0.05682,1,,,,,,,,,GP3,0.0888,-0.05682,0.72448,0.99907,normalised
106.5112292766571,,,0.08854,-0.05824,1,,,,,,,,,GP3,0.08854,-0.05824,0.72448,0.99907,normalised
106.52783918380737,,,0.08799,-0.05882,1,,,,,,,,,GP3,0.08799,-0.05882,0.72448,0.99907,normalised
106.54534077644348,,,0.08751,-0.05932,1,,,,,,,,,GP3,0.08751,-0.05932,0.72448,0.99907,normalised
106.5590569972992,,,0.08718,-0.05811,1,,,,,,,,,GP3,0.08718,-0.05811,0.72448,0.99907,normalised
106.57650065422058,,,0.08732,-0.05793,1,,,,,,,,,GP3,0.08732,-0.05793,0.72448,0.99907,normalised
106.59373307228088,,,0.08745,-0.05778,1,,,,,,,,,GP3,0.08745,-0.05778,0.72448,0.99907,normalised
106.60855555534363,,,0.0878,-0.05831,1,,,,,,,,,GP3,0.0878,-0.05831,0.72448,0.99907,normalised
106.62519145011902,,,0.08765,-0.0584,1,,,,,,,,,GP3,0.08765,-0.0584,0.72448,0.99907,normalised
106.63882517814636,,,0.08752,-0.05847,1,,,,,,,,,GP3,0.08752,-0.05847,0.72448,0.99907,normalised
106.65643644332886,,,0.08738,-0.058,1,,,,,,,,,GP3,0.08738,-0.058,0.72448,0.99907,normalised
106.67204546928406,,,0.08754,-0.05729,1,,,,,,,,,GP3,0.08754,-0.05729,0.72448,0.99907,normalised
106.68882274627686,,,0.08768,-0.05663,1,,,,,,,,,GP3,0.08768,-0.05663,0.72448,0.99907,normalised
106.70340514183044,,,0.08741,-0.05702,1,,,,,,,,,GP3,0.08741,-0.05702,0.72448,0.99907,normalised
106.72121477127075,,,0.08751,-0.05735,1,,,,,,,,,GP3,0.08751,-0.05735,0.72448,0.99907,normalised
106.73849320411682,,,0.08786,-0.05669,1,,,,,,,,,GP3,0.08786,-0.05669,0.72448,0.99907,normalised
106.75296473503113,,,0.08835,-0.05459,1,,,,,,,,,GP3,0.08835,-0.05459,0.72448,0.99907,normalised
106.76829242706299,,,0.08917,-0.0519,1,,,,,,,,,GP3,0.08917,-0.0519,0.72448,0.99907,normalised
106.78674960136414,,,0.09003,-0.04909,1,,,,,,,,,GP3,0.09003,-0.04909,0.72448,0.99907,normalised
106.80396175384521,,,0.09076,-0.04613,1,,,,,,,,,GP3,0.09076,-0.04613,0.72448,0.99907,normalised
106.81721377372742,,,0.09082,-0.04449,1,,,,,,,,,GP3,0.09082,-0.04449,0.72448,0.99907,normalised
106.83396339416504,,,0.09623,-0.01753,0,,,,,,,,,GP3,0.09623,-0.01753,0.72448,0.99907,normalised
106.85046529769897,,,0.09837,-0.02553,0,,,,,,,,,GP3,0.09837,-0.02553,0.72448,0.99907,normalised
106.86592316627502,,,0.09881,-0.02323,0,,,,,,,,,GP3,0.09881,-0.02323,0.72448,0.99907,normalised
106.8833384513855,,,0.0983,-0.0248,1,,,,,,,,,GP3,0.0983,-0.0248,0.72448,0.99907,normalised
106.89825177192688,,,0.09621,-0.03042,1,,,,,,,,,GP3,0.09621,-0.03042,0.72448,0.99907,normalised
106.91624927520752,,,0.09416,-0.0411,1,,,,,,,,,GP3,0.09416,-0.0411,0.72448,0.99907,normalised
106.93018865585327,,,0.09226,-0.0502,1,,,,,,,,,GP3,0.09226,-0.0502,0.72448,0.99907,normalised
106.94918155670166,,,0.09175,-0.05417,1,,,,,,,,,GP3,0.09175,-0.05417,0.72448,0.99907,normalised
106.9648928642273,,,0.09237,-0.05286,1,,,,,,,,,GP3,0.09237,-0.05286,0.72448,0.99907,normalised
106.97975826263428,,,0.09359,-0.04921,1,,,,,,,,,GP3,0.09359,-0.04921,0.72448,0.99907,normalised
106.99730086326599,,,0.0944,-0.04678,1,,,,,,,,,GP3,0.0944,-0.04678,0.72448,0.99907,normalised
107.01199626922607,,,0.09439,-0.04648,1,,,,,,,,,GP3,0.09439,-0.04648,0.72448,0.99907,normalised
107.02939653396606,,,0.09398,-0.04766,1,,,,,,,,,GP3,0.09398,-0.04766,0.72448,0.99907,normalised
107.04592037200928,,,0.09378,-0.04865,1,,,,,,,,,GP3,0.09378,-0.04865,0.72448,0.99907,normalised
107.06120896339417,,,0.09364,-0.05006,1,,,,,,,,,GP3,0.09364,-0.05006,0.72448,0.99907,normalised
107.07561945915222,,,0.09351,-0.0513,1,,,,,,,,,GP3,0.09351,-0.0513,0.72448,0.99907,normalised
107.09439396858215,,,0.09323,-0.05212,1,,,,,,,,,GP3,0.09323,-0.05212,0.72448,0.99907,normalised
107.1104154586792,,,0.09308,-0.05286,1,,,,,,,,,GP3,0.09308,-0.05286,0.72448,0.99907,normalised
107.1252772808075,,,0.09294,-0.05352,1,,,,,,,,,GP3,0.09294,-0.05352,0.72448,0.99907,normalised
107.14200258255005,,,0.09312,-0.05406,1,,,,,,,,,GP3,0.09312,-0.05406,0.72448,0.99907,normalised
107.15991187095642,,,0.09276,-0.05408,1,,,,,,,,,GP3,0.09276,-0.05408,0.72448,0.99907,normalised
107.1746518611908,,,0.09244,-0.0541,1,,,,,,,,,GP3,0.09244,-0.0541,0.72448,0.99907,normalised
107.18992352485657,,,0.09208,-0.05409,1,,,,,,,,,GP3,0.09208,-0.05409,0.72448,0.99907,normalised
107.20503258705139,,,0.09188,-0.05392,1,,,,,,,,,GP3,0.09188,-0.05392,0.72448,0.99907,normalised
107.22175979614258,,,0.09169,-0.05375,1,,,,,,,,,GP3,0.09169,-0.05375,0.72448,0.99907,normalised
107.23851227760315,,,0.09157,-0.05392,1,,,,,,,,,GP3,0.09157,-0.05392,0.72448,0.99907,normalised
107.25462937355042,,,0.09159,-0.05404,1,,,,,,,,,GP3,0.09159,-0.05404,0.72448,0.99907,normalised
107.2708797454834,,,0.09145,-0.05471,1,,,,,,,,,GP3,0.09145,-0.05471,0.72448,0.99907,normalised
107.28798460960388,,,0.09091,-0.05624,1,,,,,,,,,GP3,0.09091,-0.05624,0.72448,0.99907,normalised
107.30441355705261,,,0.09018,-0.05818,1,,,,,,,,,GP3,0.09018,-0.05818,0.72448,0.99907,normalised
107.32097268104553,,,0.08931,-0.06067,1,,,,,,,,,GP3,0.08931,-0.06067,0.72448,0.99907,normalised
107.3341133594513,,,0.08865,-0.06322,1,,,,,,,,,GP3,0.08865,-0.06322,0.72448,0.99907,normalised
107.35265445709229,,,0.08791,-0.06579,1,,,,,,,,,GP3,0.08791,-0.06579,0.72448,0.99907,normalised
107.36815977096558,,,0.07763,-0.09403,0,,,,,,,,,GP3,0.07763,-0.09403,0.72448,0.99907,normalised
107.3837571144104,,,0.07023,-0.11222,0,,,,,,,,,GP3,0.07023,-0.11222,0.72448,0.99907,normalised
107.40178871154785,,,0.06848,-0.12574,0,,,,,,,,,GP3,0.06848,-0.12574,0.72448,0.99907,normalised
107.4156141281128,,,0.0676,-0.13249,1,,,,,,,,,GP3,0.0676,-0.13249,0.72448,0.99907,normalised
107.43282747268677,,,0.06728,-0.13743,1,,,,,,,,,GP3,0.06728,-0.13743,0.72448,0.99907,normalised
107.45014786720276,,,0.06758,-0.13817,1,,,,,,,,,GP3,0.06758,-0.13817,0.72448,0.99907,normalised
107.46473526954651,,,0.06891,-0.13451,1,,,,,,,,,GP3,0.06891,-0.13451,0.72448,0.99907,normalised
107.4817156791687,,,0.07034,-0.1268,1,,,,,,,,,GP3,0.07034,-0.1268,0.72448,0.99907,normalised
107.49696350097656,,,0.07242,-0.117,1,,,,,,,,,GP3,0.07242,-0.117,0.72448,0.99907,normalised
107.51331496238708,,,0.07522,-0.10518,1,,,,,,,,,GP3,0.07522,-0.10518,0.72448,0.99907,normalised
107.53101587295532,,,0.07847,-0.09558,1,,,,,,,,,GP3,0.07847,-0.09558,0.72448,0.99907,normalised
107.5461094379425,,,0.0815,-0.08656,1,,,,,,,,,GP3,0.0815,-0.08656,0.72448,0.99907,normalised
107.56383752822876,,,0.08405,-0.07893,1,,,,,,,,,GP3,0.08405,-0.07893,0.72448,0.99907,normalised
107.57859206199646,,,0.08605,-0.07078,1,,,,,,,,,GP3,0.08605,-0.07078,0.72448,0.99907,normalised
107.59548425674438,,,0.08759,-0.0641,1,,,,,,,,,GP3,0.08759,-0.0641,0.72448,0.99907,normalised
107.6116111278534,,,0.09572,-0.03465,0,,,,,,,,,GP3,0.09572,-0.03465,0.72448,0.99907,normalised
107.6260073184967,,,0.10036,-0.01615,0,,,,,,,,,GP3,0.10036,-0.01615,0.72448,0.99907,normalised
107.64355564117432,,,0.09893,-0.02459,0,,,,,,,,,GP3,0.09893,-0.02459,0.72448,0.99907,normalised
107.66236162185669,,,0.09692,-0.03348,1,,,,,,,,,GP3,0.09692,-0.03348,0.72448,0.99907,normalised
107.67507433891296,,,0.09549,-0.03972,1,,,,,,,,,GP3,0.09549,-0.03972,0.72448,0.99907,normalised
107.69247007369995,,,0.09342,-0.04225,1,,,,,,,,,GP3,0.09342,-0.04225,0.72448,0.99907,normalised
107.7070164680481,,,0.09195,-0.04405,1,,,,,,,,,GP3,0.09195,-0.04405,0.72448,0.99907,normalised
107.72559070587158,,,0.09155,-0.0438,1,,,,,,,,,GP3,0.09155,-0.0438,0.72448,0.99907,normalised
107.74255681037903,,,0.09092,-0.04412,1,,,,,,,,,GP3,0.09092,-0.04412,0.72448,0.99907,normalised
107.75773572921753,,,0.09041,-0.04437,1,,,,,,,,,GP3,0.09041,-0.04437,0.72448,0.99907,normalised
107.77320194244385,,,0.09933,-0.03838,1,,,,,,,,,GP3,0.09933,-0.03838,0.72448,0.99907,normalised
107.79032897949219,,,0.11776,-0.0304,1,,,,,,,,,GP3,0.11776,-0.0304,0.72448,0.99907,normalised
107.8043794631958,,,0.13325,-0.02715,1,,,,,,,,,GP3,0.13325,-0.02715,0.72448,0.99907,normalised
107.82000064849854,,,0.14755,-0.02265,1,,,,,,,,,GP3,0.14755,-0.02265,0.72448,0.99907,normalised
107.83701419830322,,,0.15983,-0.02866,1,,,,,,,,,GP3,0.15983,-0.02866,0.72448,0.99907,normalised
107.85228681564331,,,0.17035,-0.0356,1,,,,,,,,,GP3,0.17035,-0.0356,0.72448,0.99907,normalised
107.87012767791748,,,0.21568,-0.03404,0,,,,,,,,,GP3,0.21568,-0.03404,0.72448,0.99907,normalised
107.88497519493103,,,0.28827,0.0607,0,,,,,,,,,GP3,0.28827,0.0607,0.72448,0.99907,normalised
107.90128540992737,,,0.31858,0.14149,0,,,,,,,,,GP3,0.31858,0.14149,0.72448,0.99907,normalised
107.91726756095886,,,0.37249,0.26252,0,,,,,,,,,GP3,0.37249,0.26252,0.72448,0.99907,normalised
107.93472146987915,,,0.37321,0.29203,0,,,,,,,,,GP3,0.37321,0.29203,0.72448,0.99907,normalised
107.94985461235046,,,0.37333,0.30095,0,,,,,,,,,GP3,0.37333,0.30095,0.72448,0.99907,normalised
107.96636509895325,,,0.37309,0.31013,1,,,,,,,,,GP3,0.37309,0.31013,0.72448,0.99907,normalised
107.98250269889832,,,0.3718,0.31458,1,,,,,,,,,GP3,0.3718,0.31458,0.72448,0.99907,normalised
107.99920654296875,,,0.37078,0.31643,1,,,,,,,,,GP3,0.37078,0.31643,0.72448,0.99907,normalised
108.01503038406372,,,0.37792,0.31718,1,,,,,,,,,GP3,0.37792,0.31718,0.72448,0.99907,normalised
108.03276777267456,,,0.38307,0.31483,1,,,,,,,,,GP3,0.38307,0.31483,0.72448,0.99907,normalised
108.04719924926758,,,0.38693,0.31144,1,,,,,,,,,GP3,0.38693,0.31144,0.72448,0.99907,normalised
108.0647394657135,,,0.3908,0.30872,1,,,,,,,,,GP3,0.3908,0.30872,0.72448,0.99907,normalised
108.07926344871521,,,0.39444,0.30788,1,,,,,,,,,GP3,0.39444,0.30788,0.72448,0.99907,normalised
108.09542107582092,,,0.39756,0.30821,1,,,,,,,,,GP3,0.39756,0.30821,0.72448,0.99907,normalised
108.11297130584717,,,0.39647,0.30845,1,,,,,,,,,GP3,0.39647,0.30845,0.72448,0.99907,normalised
108.12748646736145,,,0.39537,0.3084,1,,,,,,,,,GP3,0.39537,0.3084,0.72448,0.99907,normalised
108.14455437660217,,,0.39448,0.30892,1,,,,,,,,,GP3,0.39448,0.30892,0.72448,0.99907,normalised
108.16033744812012,,,0.39343,0.30931,1,,,,,,,,,GP3,0.39343,0.30931,0.72448,0.99907,normalised
108.1771948337555,,,0.39256,0.31145,1,,,,,,,,,GP3,0.39256,0.31145,0.72448,0.99907,normalised
108.19335436820984,,,0.39181,0.3135,1,,,,,,,,,GP3,0.39181,0.3135,0.72448,0.99907,normalised
108.21089553833008,,,0.39192,0.31505,1,,,,,,,,,GP3,0.39192,0.31505,0.72448,0.99907,normalised
108.22471761703491,,,0.39203,0.31618,1,,,,,,,,,GP3,0.39203,0.31618,0.72448,0.99907,normalised
108.2422468662262,,,0.39206,0.31668,1,,,,,,,,,GP3,0.39206,0.31668,0.72448,0.99907,normalised
108.25898337364197,,,0.39208,0.3166,1,,,,,,,,,GP3,0.39208,0.3166,0.72448,0.99907,normalised
108.27289962768555,,,0.39408,0.31609,1,,,,,,,,,GP3,0.39408,0.31609,0.72448,0.99907,normalised
108.28942680358887,,,0.39588,0.31523,1,,,,,,,,,GP3,0.39588,0.31523,0.72448,0.99907,normalised
108.30550456047058,,,0.39744,0.31388,1,,,,,,,,,GP3,0.39744,0.31388,0.72448,0.99907,normalised
108.32205986976624,,,0.39884,0.31218,1,,,,,,,,,GP3,0.39884,0.31218,0.72448,0.99907,normalised
108.33814978599548,,,0.40011,0.31015,1,,,,,,,,,GP3,0.40011,0.31015,0.72448,0.99907,normalised
108.3556170463562,,,0.40145,0.30826,1,,,,,,,,,GP3,0.40145,0.30826,0.72448,0.99907,normalised
108.37062692642212,,,0.40096,0.30677,1,,,,,,,,,GP3,0.40096,0.30677,0.72448,0.99907,normalised
108.38730597496033,,,0.40056,0.30596,1,,,,,,,,,GP3,0.40056,0.30596,0.72448,0.99907,normalised
108.40384435653687,,,0.40179,0.30595,1,,,,,,,,,GP3,0.40179,0.30595,0.72448,0.99907,normalised
108.41861987113953,,,0.40283,0.30691,1,,,,,,,,,GP3,0.40283,0.30691,0.72448,0.99907,normalised
108.43502306938171,,,0.4245,0.2942,0,,,,,,,,,GP3,0.4245,0.2942,0.72448,0.99907,normalised
108.45329427719116,,,0.4155,0.36402,0,,,,,,,,,GP3,0.4155,0.36402,0.72448,0.99907,normalised
108.46926069259644,,,0.44956,0.37406,0,,,,,,,,,GP3,0.44956,0.37406,0.72448,0.99907,normalised
108.48403334617615,,,0.48071,0.40472,0,,,,,,,,,GP3,0.48071,0.40472,0.72448,0.99907,normalised
108.50113558769226,,,0.51507,0.39254,0,,,,,,,,,GP3,0.51507,0.39254,0.72448,0.99907,normalised
108.51698017120361,,,0.52187,0.38836,0,,,,,,,,,GP3,0.52187,0.38836,0.72448,0.99907,normalised
108.53225636482239,,,0.52536,0.38367,1,,,,,,,,,GP3,0.52536,0.38367,0.72448,0.99907,normalised
108.5490460395813,,,0.52993,0.38132,1,,,,,,,,,GP3,0.52993,0.38132,0.72448,0.99907,normalised
108.56483173370361,,,0.53518,0.37926,1,,,,,,,,,GP3,0.53518,0.37926,0.72448,0.99907,normalised
108.58231353759766,,,0.53885,0.3789,1,,,,,,,,,GP3,0.53885,0.3789,0.72448,0.99907,normalised
108.59740352630615,,,0.53931,0.37853,1,,,,,,,,,GP3,0.53931,0.37853,0.72448,0.99907,normalised
108.61318945884705,,,0.53951,0.37691,1,,,,,,,,,GP3,0.53951,0.37691,0.72448,0.99907,normalised
108.62921094894409,,,0.53963,0.3767,1,,,,,,,,,GP3,0.53963,0.3767,0.72448,0.99907,normalised
108.64433884620667,,,0.54038,0.37704,1,,,,,,,,,GP3,0.54038,0.37704,0.72448,0.99907,normalised
108.66177296638489,,,0.54277,0.37574,1,,,,,,,,,GP3,0.54277,0.37574,0.72448,0.99907,normalised
108.67675399780273,,,0.54479,0.37465,1,,,,,,,,,GP3,0.54479,0.37465,0.72448,0.99907,normalised
108.69374132156372,,,0.55115,0.37667,1,,,,,,,,,GP3,0.55115,0.37667,0.72448,0.99907,normalised
108.70946764945984,,,0.55761,0.37813,1,,,,,,,,,GP3,0.55761,0.37813,0.72448,0.99907,normalised
108.72720742225647,,,0.56331,0.37918,1,,,,,,,,,GP3,0.56331,0.37918,0.72448,0.99907,normalised
108.74284243583679,,,0.57015,0.37953,1,,,,,,,,,GP3,0.57015,0.37953,0.72448,0.99907,normalised
108.75799107551575,,,0.57627,0.37887,1,,,,,,,,,GP3,0.57627,0.37887,0.72448,0.99907,normalised
108.77513527870178,,,0.60769,0.37303,0,,,,,,,,,GP3,0.60769,0.37303,0.72448,0.99907,normalised
108.79232096672058,,,0.65536,0.312,0,,,,,,,,,GP3,0.65536,0.312,0.72448,0.99907,normalised
108.80906248092651,,,0.67564,0.2753,0,,,,,,,,,GP3,0.67564,0.2753,0.72448,0.99907,normalised
108.82321786880493,,,0.71434,0.20457,0,,,,,,,,,GP3,0.71434,0.20457,0.72448,0.99907,normalised
108.84056425094604,,,0.72283,0.19003,0,,,,,,,,,GP3,0.72283,0.19003,0.72448,0.99907,normalised
108.85515141487122,,,0.72402,0.19159,0,,,,,,,,,GP3,0.72402,0.19159,0.72448,0.99907,normalised
108.87196683883667,,,0.72512,0.18997,1,,,,,,,,,GP3,0.72512,0.18997,0.72448,0.99907,normalised
108.88754296302795,,,0.7264,0.18314,1,,,,,,,,,GP3,0.7264,0.18314,0.72448,0.99907,normalised
108.90833854675293,,,0.72308,0.16027,1,,,,,,,,,GP3,0.72308,0.16027,0.72448,0.99907,normalised
108.92166066169739,,,0.72152,0.13862,1,,,,,,,,,GP3,0.72152,0.13862,0.72448,0.99907,normalised
108.93766760826111,,,0.71933,0.12457,1,,,,,,,,,GP3,0.71933,0.12457,0.72448,0.99907,normalised
108.95443201065063,,,0.71312,0.11001,1,,,,,,,,,GP3,0.71312,0.11001,0.72448,0.99907,normalised
108.97110867500305,,,0.70816,0.09837,1,,,,,,,,,GP3,0.70816,0.09837,0.72448,0.99907,normalised
108.98527693748474,,,0.7075,0.09069,1,,,,,,,,,GP3,0.7075,0.09069,0.72448,0.99907,normalised
109.00132274627686,,,0.70718,0.08424,1,,,,,,,,,GP3,0.70718,0.08424,0.72448,0.99907,normalised
109.01725721359253,,,0.70692,0.07877,1,,,,,,,,,GP3,0.70692,0.07877,0.72448,0.99907,normalised
109.03401017189026,,,0.70428,0.07166,1,,,,,,,,,GP3,0.70428,0.07166,0.72448,0.99907,normalised
109.04945206642151,,,0.69648,0.03312,0,,,,,,,,,GP3,0.69648,0.03312,0.72448,0.99907,normalised
109.0659110546112,,,0.68322,0.00101,0,,,,,,,,,GP3,0.68322,0.00101,0.72448,0.99907,normalised
109.08360314369202,,,0.67552,-0.0087,0,,,,,,,,,GP3,0.67552,-0.0087,0.72448,0.99907,normalised
109.09756994247437,,,0.67891,0.0001,1,,,,,,,,,GP3,0.67891,0.0001,0.72448,0.99907,normalised
109.11651945114136,,,0.68095,0.00538,1,,,,,,,,,GP3,0.68095,0.00538,0.72448,0.99907,normalised
109.13315773010254,,,0.68095,0.00538,1,,,,,,,,,GP3,0.68095,0.00538,0.72448,0.99907,normalised
109.14636945724487,,,0.68095,0.00538,1,,,,,,,,,GP3,0.68095,0.00538,0.72448,0.99907,normalised
109.16371297836304,,,0.68095,0.00538,1,,,,,,,,,GP3,0.68095,0.00538,0.72448,0.99907,normalised
109.18055295944214,,,0.67706,-0.00155,0,,,,,,,,,GP3,0.67706,-0.00155,0.72448,0.99907,normalised
109.19839692115784,,,0.67706,-0.00155,0,,,,,,,,,GP3,0.67706,-0.00155,0.72448,0.99907,normalised
109.2132670879364,,,0.67706,-0.00155,0,,,,,,,,,GP3,0.67706,-0.00155,0.72448,0.99907,normalised
109.22941327095032,,,0.0,0.0,0,,,,,,,,,GP3,0.0,0.0,0.72448,0.99907,normalised
109.24817895889282,,,0.0,0.0,0,,,,,,,,,GP3,0.0,0.0,0.72448,0.99907,normalised
109.26185154914856,,,0.0,0.0,0,,,,,,,,,GP3,0.0,0.0,0.72448,0.99907,normalised
109.27935528755188,,,0.0,0.0,0,,,,,,,,,GP3,0.0,0.0,0.72448,0.99907,normalised
109.29648780822754,,,0.0,0.0,0,,,,,,,,,GP3,0.0,0.0,0.72448,0.99907,normalised
109.31189799308777,,,0.0,0.0,0,,,,,,,,,GP3,0.0,0.0,0.72448,0.99907,normalised
109.32937240600586,,,0.0,0.0,0,,,,,,,,,GP3,0.0,0.0,0.72448,0.99907,normalised
109.3444094657898,,,0.0,0.0,0,,,,,,,,,GP3,0.0,0.0,0.72448,0.99907,normalised
109.36203789710999,,,0.0,0.0,0,,,,,,,,,GP3,0.0,0.0,0.72448,0.99907,normalised
109.37668013572693,,,0.0,0.0,0,,,,,,,,,GP3,0.0,0.0,0.72448,0.99907,normalised
109.39545202255249,,,0.37605,0.01844,0,,,,,,,,,GP3,0.37605,0.01844,0.72448,0.99907,normalised
109.4071524143219,,,0.49574,0.05355,0,,,,,,,,,GP3,0.49574,0.05355,0.72448,0.99907,normalised
109.42483568191528,,,0.6889,0.1102,0,,,,,,,,,GP3,0.6889,0.1102,0.72448,0.99907,normalised
109.44073104858398,,,0.63237,0.17518,0,,,,,,,,,GP3,0.63237,0.17518,0.72448,0.99907,normalised
109.45741534233093,,,0.6115,0.22679,0,,,,,,,,,GP3,0.6115,0.22679,0.72448,0.99907,normalised
109.4738335609436,,,0.57034,0.31288,0,,,,,,,,,GP3,0.57034,0.31288,0.72448,0.99907,normalised
109.48963522911072,,,0.56475,0.3418,0,,,,,,,,,GP3,0.56475,0.3418,0.72448,0.99907,normalised
109.50303530693054,,,0.56289,0.35144,0,,,,,,,,,GP3,0.56289,0.35144,0.72448,0.99907,normalised
109.52078080177307,,,0.5645,0.34904,1,,,,,,,,,GP3,0.5645,0.34904,0.72448,0.99907,normalised
109.53658676147461,,,0.58137,0.35,1,,,,,,,,,GP3,0.58137,0.35,0.72448,0.99907,normalised
109.5536367893219,,,0.59243,0.35188,1,,,,,,,,,GP3,0.59243,0.35188,0.72448,0.99907,normalised
109.56644749641418,,,0.58688,0.35306,1,,,,,,,,,GP3,0.58688,0.35306,0.72448,0.99907,normalised
109.58335757255554,,,0.5945,0.35323,1,,,,,,,,,GP3,0.5945,0.35323,0.72448,0.99907,normalised
109.60201334953308,,,0.60039,0.35364,1,,,,,,,,,GP3,0.60039,0.35364,0.72448,0.99907,normalised
109.61695528030396,,,0.60436,0.35626,1,,,,,,,,,GP3,0.60436,0.35626,0.72448,0.99907,normalised
109.63251066207886,,,0.60818,0.35521,1,,,,,,,,,GP3,0.60818,0.35521,0.72448,0.99907,normalised
109.64717125892639,,,0.6115,0.35349,1,,,,,,,,,GP3,0.6115,0.35349,0.72448,0.99907,normalised
109.66471481323242,,,0.61794,0.35561,1,,,,,,,,,GP3,0.61794,0.35561,0.72448,0.99907,normalised
109.6808533668518,,,0.6231,0.35759,1,,,,,,,,,GP3,0.6231,0.35759,0.72448,0.99907,normalised
109.6990156173706,,,0.62757,0.3593,1,,,,,,,,,GP3,0.62757,0.3593,0.72448,0.99907,normalised
109.71480464935303,,,0.63176,0.3602,1,,,,,,,,,GP3,0.63176,0.3602,0.72448,0.99907,normalised
109.73175954818726,,,0.63609,0.36108,1,,,,,,,,,GP3,0.63609,0.36108,0.72448,0.99907,normalised
109.74709606170654,,,0.63994,0.36187,1,,,,,,,,,GP3,0.63994,0.36187,0.72448,0.99907,normalised
109.7647020816803,,,0.67618,0.36747,0,,,,,,,,,GP3,0.67618,0.36747,0.72448,0.99907,normalised
109.7786054611206,,,0.68922,0.3763,0,,,,,,,,,GP3,0.68922,0.3763,0.72448,0.99907,normalised
109.795663356781,,,0.69299,0.3816,0,,,,,,,,,GP3,0.69299,0.3816,0.72448,0.99907,normalised
109.81058526039124,,,0.69372,0.38254,1,,,,,,,,,GP3,0.69372,0.38254,0.72448,0.99907,normalised
109.82529377937317,,,0.69455,0.38345,1,,,,,,,,,GP3,0.69455,0.38345,0.72448,0.99907,normalised
109.84426403045654,,,0.69504,0.3845,1,,,,,,,,,GP3,0.69504,0.3845,0.72448,0.99907,normalised
109.85934829711914,,,0.68838,0.37848,1,,,,,,,,,GP3,0.68838,0.37848,0.72448,0.99907,normalised
109.87497115135193,,,0.68236,0.37234,1,,,,,,,,,GP3,0.68236,0.37234,0.72448,0.99907,normalised
109.89154100418091,,,0.67784,0.3664,1,,,,,,,,,GP3,0.67784,0.3664,0.72448,0.99907,normalised
109.91036605834961,,,0.67465,0.36098,1,,,,,,,,,GP3,0.67465,0.36098,0.72448,0.99907,normalised
109.92422199249268,,,0.67201,0.35712,1,,,,,,,,,GP3,0.67201,0.35712,0.72448,0.99907,normalised
109.9403600692749,,,0.6698,0.3539,1,,,,,,,,,GP3,0.6698,0.3539,0.72448,0.99907,normalised
109.9569742679596,,,0.6679,0.35135,1,,,,,,,,,GP3,0.6679,0.35135,0.72448,0.99907,normalised
109.97191548347473,,,0.66642,0.34955,1,,,,,,,,,GP3,0.66642,0.34955,0.72448,0.99907,normalised
109.98857998847961,,,0.66513,0.34798,1,,,,,,,,,GP3,0.66513,0.34798,0.72448,0.99907,normalised
110.00760054588318,,,0.66425,0.34602,1,,,,,,,,,GP3,0.66425,0.34602,0.72448,0.99907,normalised
110.02148747444153,,,0.66342,0.34451,1,,,,,,,,,GP3,0.66342,0.34451,0.72448,0.99907,normalised
110.03891587257385,,,0.64642,0.32317,0,,,,,,,,,GP3,0.64642,0.32317,0.72448,0.99907,normalised
110.05265188217163,,,0.6496,0.32518,0,,,,,,,,,GP3,0.6496,0.32518,0.72448,0.99907,normalised
110.07056879997253,,,0.6493,0.3282,0,,,,,,,,,GP3,0.6493,0.3282,0.72448,0.99907,normalised
110.08535957336426,,,0.64905,0.33035,1,,,,,,,,,GP3,0.64905,0.33035,0.72448,0.99907,normalised
110.10258793830872,,,0.64295,0.32719,1,,,,,,,,,GP3,0.64295,0.32719,0.72448,0.99907,normalised
110.1168360710144,,,0.64571,0.32688,1,,,,,,,,,GP3,0.64571,0.32688,0.72448,0.99907,normalised
110.13444232940674,,,0.64792,0.32516,1,,,,,,,,,GP3,0.64792,0.32516,0.72448,0.99907,normalised
110.15022253990173,,,0.64931,0.32621,1,,,,,,,,,GP3,0.64931,0.32621,0.72448,0.99907,normalised
110.16705465316772,,,0.65142,0.32712,1,,,,,,,,,GP3,0.65142,0.32712,0.72448,0.99907,normalised
110.18194937705994,,,0.65311,0.32784,1,,,,,,,,,GP3,0.65311,0.32784,0.72448,0.99907,normalised
110.19687986373901,,,0.65365,0.32816,1,,,,,,,,,GP3,0.65365,0.32816,0.72448,0.99907,normalised
110.2135534286499,,,0.6537,0.32762,1,,,,,,,,,GP3,0.6537,0.32762,0.72448,0.99907,normalised
110.2311658859253,,,0.65366,0.32776,1,,,,,,,,,GP3,0.65366,0.32776,0.72448,0.99907,normalised
110.24569487571716,,,0.65351,0.32771,1,,,,,,,,,GP3,0.65351,0.32771,0.72448,0.99907,normalised
110.26219534873962,,,0.65299,0.33047,1,,,,,,,,,GP3,0.65299,0.33047,0.72448,0.99907,normalised
110.28094553947449,,,0.65244,0.33352,1,,,,,,,,,GP3,0.65244,0.33352,0.72448,0.99907,normalised
110.29429030418396,,,0.65158,0.3349,1,,,,,,,,,GP3,0.65158,0.3349,0.72448,0.99907,normalised
110.31306147575378,,,0.65122,0.33645,1,,,,,,,,,GP3,0.65122,0.33645,0.72448,0.99907,normalised
110.32668685913086,,,0.6509,0.33784,1,,,,,,,,,GP3,0.6509,0.33784,0.72448,0.99907,normalised
110.34400367736816,,,0.65015,0.33961,1,,,,,,,,,GP3,0.65015,0.33961,0.72448,0.99907,normalised
110.3598210811615,,,0.64931,0.34117,1,,,,,,,,,GP3,0.64931,0.34117,0.72448,0.99907,normalised
110.37566351890564,,,0.64864,0.34184,1,,,,,,,,,GP3,0.64864,0.34184,0.72448,0.99907,normalised
110.39236497879028,,,0.64825,0.34207,1,,,,,,,,,GP3,0.64825,0.34207,0.72448,0.99907,normalised
110.41016745567322,,,0.64506,0.34027,1,,,,,,,,,GP3,0.64506,0.34027,0.72448,0.99907,normalised
110.42472219467163,,,0.64216,0.3384,1,,,,,,,,,GP3,0.64216,0.3384,0.72448,0.99907,normalised
110.44327044487,,,0.64014,0.33768,1,,,,,,,,,GP3,0.64014,0.33768,0.72448,0.99907,normalised
110.4584424495697,,,0.63767,0.33814,1,,,,,,,,,GP3,0.63767,0.33814,0.72448,0.99907,normalised
110.47482395172119,,,0.63535,0.33874,1,,,,,,,,,GP3,0.63535,0.33874,0.72448,0.99907,normalised
110.48848962783813,,,0.6358,0.33845,1,,,,,,,,,GP3,0.6358,0.33845,0.72448,0.99907,normalised
110.50526642799377,,,0.63588,0.33812,1,,,,,,,,,GP3,0.63588,0.33812,0.72448,0.99907,normalised
110.52132415771484,,,0.63599,0.33763,1,,,,,,,,,GP3,0.63599,0.33763,0.72448,0.99907,normalised
110.53700685501099,,,0.63659,0.33736,1,,,,,,,,,GP3,0.63659,0.33736,0.72448,0.99907,normalised
110.55369758605957,,,0.63698,0.33798,1,,,,,,,,,GP3,0.63698,0.33798,0.72448,0.99907,normalised
110.56936144828796,,,0.63728,0.33897,1,,,,,,,,,GP3,0.63728,0.33897,0.72448,0.99907,normalised
110.58588576316833,,,0.63734,0.33948,1,,,,,,,,,GP3,0.63734,0.33948,0.72448,0.99907,normalised
110.60331916809082,,,0.63755,0.34,1,,,,,,,,,GP3,0.63755,0.34,0.72448,0.99907,normalised
110.62061667442322,,,0.63778,0.34021,1,,,,,,,,,GP3,0.63778,0.34021,0.72448,0.99907,normalised
110.63669204711914,,,0.63803,0.34028,1,,,,,,,,,GP3,0.63803,0.34028,0.72448,0.99907,normalised
110.65025496482849,,,0.63809,0.34088,1,,,,,,,,,GP3,0.63809,0.34088,0.72448,0.99907,normalised
110.66641926765442,,,0.63815,0.34146,1,,,,,,,,,GP3,0.63815,0.34146,0.72448,0.99907,normalised
110.68331789970398,,,0.63821,0.34119,1,,,,,,,,,GP3,0.63821,0.34119,0.72448,0.99907,normalised
110.70000386238098,,,0.63843,0.34107,1,,,,,,,,,GP3,0.63843,0.34107,0.72448,0.99907,normalised
110.7175395488739,,,0.63863,0.34095,1,,,,,,,,,GP3,0.63863,0.34095,0.72448,0.99907,normalised
110.73121571540833,,,0.63743,0.34111,1,,,,,,,,,GP3,0.63743,0.34111,0.72448,0.99907,normalised
110.74757933616638,,,0.63609,0.34085,1,,,,,,,,,GP3,0.63609,0.34085,0.72448,0.99907,normalised
110.76567912101746,,,0.63481,0.3406,1,,,,,,,,,GP3,0.63481,0.3406,0.72448,0.99907,normalised
110.78040480613708,,,0.63355,0.3404,1,,,,,,,,,GP3,0.63355,0.3404,0.72448,0.99907,normalised
110.796790599823,,,0.63381,0.34049,1,,,,,,,,,GP3,0.63381,0.34049,0.72448,0.99907,normalised
110.81429433822632,,,0.63381,0.34093,1,,,,,,,,,GP3,0.63381,0.34093,0.72448,0.99907,normalised
110.82894515991211,,,0.63355,0.34155,1,,,,,,,,,GP3,0.63355,0.34155,0.72448,0.99907,normalised
110.84691405296326,,,0.633,0.34195,1,,,,,,,,,GP3,0.633,0.34195,0.72448,0.99907,normalised
110.86356329917908,,,0.63246,0.3423,1,,,,,,,,,GP3,0.63246,0.3423,0.72448,0.99907,normalised
110.87716698646545,,,0.63309,0.3431,1,,,,,,,,,GP3,0.63309,0.3431,0.72448,0.99907,normalised
110.89411234855652,,,0.6328,0.34387,1,,,,,,,,,GP3,0.6328,0.34387,0.72448,0.99907,normalised
110.90867042541504,,,0.63247,0.34485,1,,,,,,,,,GP3,0.63247,0.34485,0.72448,0.99907,normalised
110.92636346817017,,,0.63074,0.34509,1,,,,,,,,,GP3,0.63074,0.34509,0.72448,0.99907,normalised
110.94347667694092,,,0.62913,0.34491,1,,,,,,,,,GP3,0.62913,0.34491,0.72448,0.99907,normalised
110.96020793914795,,,0.62752,0.34468,1,,,,,,,,,GP3,0.62752,0.34468,0.72448,0.99907,normalised
110.97473955154419,,,0.62691,0.3445,1,,,,,,,,,GP3,0.62691,0.3445,0.72448,0.99907,normalised
110.99139547348022,,,0.62634,0.34437,1,,,,,,,,,GP3,0.62634,0.34437,0.72448,0.99907,normalised
111.00620007514954,,,0.62582,0.34397,1,,,,,,,,,GP3,0.62582,0.34397,0.72448,0.99907,normalised
111.02280330657959,,,0.62426,0.34313,1,,,,,,,,,GP3,0.62426,0.34313,0.72448,0.99907,normalised
111.04053974151611,,,0.62416,0.34187,1,,,,,,,,,GP3,0.62416,0.34187,0.72448,0.99907,normalised
111.05705070495605,,,0.62408,0.34046,1,,,,,,,,,GP3,0.62408,0.34046,0.72448,0.99907,normalised
111.07179737091064,,,0.62433,0.3403,1,,,,,,,,,GP3,0.62433,0.3403,0.72448,0.99907,normalised
111.08920454978943,,,0.62428,0.34002,1,,,,,,,,,GP3,0.62428,0.34002,0.72448,0.99907,normalised
111.10567355155945,,,0.62421,0.33987,1,,,,,,,,,GP3,0.62421,0.33987,0.72448,0.99907,normalised
111.11927247047424,,,0.62431,0.33963,1,,,,,,,,,GP3,0.62431,0.33963,0.72448,0.99907,normalised
111.13683366775513,,,0.6247,0.3393,1,,,,,,,,,GP3,0.6247,0.3393,0.72448,0.99907,normalised
111.1514503955841,,,0.62504,0.3393,1,,,,,,,,,GP3,0.62504,0.3393,0.72448,0.99907,normalised
111.16796922683716,,,0.62527,0.3394,1,,,,,,,,,GP3,0.62527,0.3394,0.72448,0.99907,normalised
111.18539619445801,,,0.62552,0.34038,1,,,,,,,,,GP3,0.62552,0.34038,0.72448,0.99907,normalised
111.20191097259521,,,0.62576,0.34129,1,,,,,,,,,GP3,0.62576,0.34129,0.72448,0.99907,normalised
111.21948313713074,,,0.62667,0.34132,1,,,,,,,,,GP3,0.62667,0.34132,0.72448,0.99907,normalised
111.23241543769836,,,0.62719,0.34021,1,,,,,,,,,GP3,0.62719,0.34021,0.72448,0.99907,normalised
111.24993896484375,,,0.62775,0.33875,1,,,,,,,,,GP3,0.62775,0.33875,0.72448,0.99907,normalised
111.26771855354309,,,0.62677,0.3378,1,,,,,,,,,GP3,0.62677,0.3378,0.72448,0.99907,normalised
111.28071427345276,,,0.62581,0.33793,1,,,,,,,,,GP3,0.62581,0.33793,0.72448,0.99907,normalised
111.29799938201904,,,0.62484,0.33817,1,,,,,,,,,GP3,0.62484,0.33817,0.72448,0.99907,normalised
111.31595659255981,,,0.62275,0.33976,1,,,,,,,,,GP3,0.62275,0.33976,0.72448,0.99907,normalised
111.33250856399536,,,0.62068,0.34117,1,,,,,,,,,GP3,0.62068,0.34117,0.72448,0.99907,normalised
111.34757804870605,,,0.59093,0.34634,0,,,,,,,,,GP3,0.59093,0.34634,0.72448,0.99907,normalised
111.3617296218872,,,0.57146,0.383,0,,,,,,,,,GP3,0.57146,0.383,0.72448,0.99907,normalised
111.37875199317932,,,0.56589,0.4111,0,,,,,,,,,GP3,0.56589,0.4111,0.72448,0.99907,normalised
111.39580607414246,,,0.55351,0.45674,0,,,,,,,,,GP3,0.55351,0.45674,0.72448,0.99907,normalised
111.41140937805176,,,0.54194,0.49002,0,,,,,,,,,GP3,0.54194,0.49002,0.72448,0.99907,normalised
111.42822098731995,,,0.54342,0.50001,0,,,,,,,,,GP3,0.54342,0.50001,0.72448,0.99907,normalised
111.44486379623413,,,0.54431,0.50186,1,,,,,,,,,GP3,0.54431,0.50186,0.72448,0.99907,normalised
111.45933485031128,,,0.54337,0.49598,1,,,,,,,,,GP3,0.54337,0.49598,0.72448,0.99907,normalised
111.47499418258667,,,0.54331,0.48882,1,,,,,,,,,GP3,0.54331,0.48882,0.72448,0.99907,normalised
111.49428153038025,,,0.5434,0.48086,1,,,,,,,,,GP3,0.5434,0.48086,0.72448,0.99907,normalised
111.50856757164001,,,0.53983,0.48979,1,,,,,,,,,GP3,0.53983,0.48979,0.72448,0.99907,normalised
111.52448034286499,,,0.53569,0.497,1,,,,,,,,,GP3,0.53569,0.497,0.72448,0.99907,normalised
111.54251599311829,,,0.53238,0.50275,1,,,,,,,,,GP3,0.53238,0.50275,0.72448,0.99907,normalised
111.558509349823,,,0.52953,0.50888,1,,,,,,,,,GP3,0.52953,0.50888,0.72448,0.99907,normalised
111.57306909561157,,,0.52649,0.50897,1,,,,,,,,,GP3,0.52649,0.50897,0.72448,0.99907,normalised
111.58995246887207,,,0.5239,0.50797,1,,,,,,,,,GP3,0.5239,0.50797,0.72448,0.99907,normalised
111.60707688331604,,,0.52044,0.50973,1,,,,,,,,,GP3,0.52044,0.50973,0.72448,0.99907,normalised
111.62074136734009,,,0.51881,0.50847,1,,,,,,,,,GP3,0.51881,0.50847,0.72448,0.99907,normalised
111.63749980926514,,,0.51738,0.50704,1,,,,,,,,,GP3,0.51738,0.50704,0.72448,0.99907,normalised
111.65546727180481,,,0.51626,0.50573,1,,,,,,,,,GP3,0.51626,0.50573,0.72448,0.99907,normalised
111.67039918899536,,,0.51498,0.50352,1,,,,,,,,,GP3,0.51498,0.50352,0.72448,0.99907,normalised
111.68576455116272,,,0.51385,0.50167,1,,,,,,,,,GP3,0.51385,0.50167,0.72448,0.99907,normalised
111.70317506790161,,,0.51227,0.50116,1,,,,,,,,,GP3,0.51227,0.50116,0.72448,0.99907,normalised
111.71777939796448,,,0.51122,0.49841,1,,,,,,,,,GP3,0.51122,0.49841,0.72448,0.99907,normalised
111.73525071144104,,,0.51026,0.49627,1,,,,,,,,,GP3,0.51026,0.49627,0.72448,0.99907,normalised
111.75103855133057,,,0.50892,0.49456,1,,,,,,,,,GP3,0.50892,0.49456,0.72448,0.99907,normalised
111.76833486557007,,,0.50858,0.49299,1,,,,,,,,,GP3,0.50858,0.49299,0.72448,0.99907,normalised
111.78235125541687,,,0.50827,0.49122,1,,,,,,,,,GP3,0.50827,0.49122,0.72448,0.99907,normalised
111.79967617988586,,,0.49232,0.46666,0,,,,,,,,,GP3,0.49232,0.46666,0.72448,0.99907,normalised
111.81573987007141,,,0.49471,0.46845,0,,,,,,,,,GP3,0.49471,0.46845,0.72448,0.99907,normalised
111.83342146873474,,,0.49545,0.46909,0,,,,,,,,,GP3,0.49545,0.46909,0.72448,0.99907,normalised
111.84837055206299,,,0.49114,0.47232,1,,,,,,,,,GP3,0.49114,0.47232,0.72448,0.99907,normalised
111.86510992050171,,,0.4908,0.47897,1,,,,,,,,,GP3,0.4908,0.47897,0.72448,0.99907,normalised
111.8804304599762,,,0.49062,0.48514,1,,,,,,,,,GP3,0.49062,0.48514,0.72448,0.99907,normalised
111.8974404335022,,,0.48949,0.49033,1,,,,,,,,,GP3,0.48949,0.49033,0.72448,0.99907,normalised
111.9119303226471,,,0.48923,0.49435,1,,,,,,,,,GP3,0.48923,0.49435,0.72448,0.99907,normalised
111.93059206008911,,,0.48903,0.49747,1,,,,,,,,,GP3,0.48903,0.49747,0.72448,0.99907,normalised
111.94555997848511,,,0.49027,0.49721,1,,,,,,,,,GP3,0.49027,0.49721,0.72448,0.99907,normalised
111.96323561668396,,,0.49046,0.49999,1,,,,,,,,,GP3,0.49046,0.49999,0.72448,0.99907,normalised
111.97878122329712,,,0.49062,0.50231,1,,,,,,,,,GP3,0.49062,0.50231,0.72448,0.99907,normalised
111.99383687973022,,,0.49147,0.50172,1,,,,,,,,,GP3,0.49147,0.50172,0.72448,0.99907,normalised
112.01079511642456,,,0.49216,0.50159,1,,,,,,,,,GP3,0.49216,0.50159,0.72448,0.99907,normalised
112.0285005569458,,,0.49277,0.50148,1,,,,,,,,,GP3,0.49277,0.50148,0.72448,0.99907,normalised
112.04324626922607,,,0.49338,0.50021,1,,,,,,,,,GP3,0.49338,0.50021,0.72448,0.99907,normalised
112.06014251708984,,,0.49418,0.49991,1,,,,,,,,,GP3,0.49418,0.49991,0.72448,0.99907,normalised
112.07387709617615,,,0.49489,0.50003,1,,,,,,,,,GP3,0.49489,0.50003,0.72448,0.99907,normalised
112.09075975418091,,,0.49582,0.5033,1,,,,,,,,,GP3,0.49582,0.5033,0.72448,0.99907,normalised
112.10938882827759,,,0.4962,0.50472,1,,,,,,,,,GP3,0.4962,0.50472,0.72448,0.99907,normalised
112.12482786178589,,,0.49655,0.50621,1,,,,,,,,,GP3,0.49655,0.50621,0.72448,0.99907,normalised
112.14052987098694,,,0.49776,0.50776,1,,,,,,,,,GP3,0.49776,0.50776,0.72448,0.99907,normalised
112.15741419792175,,,0.49888,0.50867,1,,,,,,,,,GP3,0.49888,0.50867,0.72448,0.99907,normalised
112.17195677757263,,,0.49992,0.50911,1,,,,,,,,,GP3,0.49992,0.50911,0.72448,0.99907,normalised
112.18867421150208,,,0.50019,0.50771,1,,,,,,,,,GP3,0.50019,0.50771,0.72448,0.99907,normalised
112.20339107513428,,,0.49994,0.50887,1,,,,,,,,,GP3,0.49994,0.50887,0.72448,0.99907,normalised
112.22002577781677,,,0.49971,0.50726,1,,,,,,,,,GP3,0.49971,0.50726,0.72448,0.99907,normalised
112.23756384849548,,,0.50036,0.49918,1,,,,,,,,,GP3,0.50036,0.49918,0.72448,0.99907,normalised
112.25514793395996,,,0.5097,0.45719,0,,,,,,,,,GP3,0.5097,0.45719,0.72448,0.99907,normalised
112.26997137069702,,,0.50857,0.19837,0,,,,,,,,,GP3,0.50857,0.19837,0.72448,0.99907,normalised
112.28738236427307,,,0.51012,0.1477,0,,,,,,,,,GP3,0.51012,0.1477,0.72448,0.99907,normalised
112.30383658409119,,,0.51561,0.05123,0,,,,,,,,,GP3,0.51561,0.05123,0.72448,0.99907,normalised
112.31846499443054,,,0.51933,0.1901,0,,,,,,,,,GP3,0.51933,0.1901,0.72448,0.99907,normalised
112.33307456970215,,,0.51972,0.26725,0,,,,,,,,,GP3,0.51972,0.26725,0.72448,0.99907,normalised
112.34961318969727,,,0.61685,0.70899,0,,,,,,,,,GP3,0.61685,0.70899,0.72448,0.99907,normalised
112.3672227859497,,,0.70965,1.04011,0,,,,,,,,,GP3,0.70965,1.04011,0.72448,0.99907,normalised
112.38184976577759,,,0.64655,0.88254,0,,,,,,,,,GP3,0.64655,0.88254,0.72448,0.99907,normalised
112.39873266220093,,,0.61397,0.86035,0,,,,,,,,,GP3,0.61397,0.86035,0.72448,0.99907,normalised
112.41324734687805,,,0.56646,0.75518,0,,,,,,,,,GP3,0.56646,0.75518,0.72448,0.99907,normalised
112.43099927902222,,,0.54604,0.7218,0,,,,,,,,,GP3,0.54604,0.7218,0.72448,0.99907,normalised
112.44767665863037,,,0.51043,0.70914,0,,,,,,,,,GP3,0.51043,0.70914,0.72448,0.99907,normalised
112.46153855323792,,,0.50883,0.7638,0,,,,,,,,,GP3,0.50883,0.7638,0.72448,0.99907,normalised
112.47954750061035,,,0.51157,0.71821,0,,,,,,,,,GP3,0.51157,0.71821,0.72448,0.99907,normalised
112.49593114852905,,,0.51152,0.71698,1,,,,,,,,,GP3,0.51152,0.71698,0.72448,0.99907,normalised
112.51205730438232,,,0.51151,0.71486,1,,,,,,,,,GP3,0.51151,0.71486,0.72448,0.99907,normalised
112.52680206298828,,,0.50657,0.68724,1,,,,,,,,,GP3,0.50657,0.68724,0.72448,0.99907,normalised
112.54674315452576,,,0.47527,0.89191,0,,,,,,,,,GP3,0.47527,0.89191,0.72448,0.99907,normalised
112.55963778495789,,,0.47527,0.89191,0,,,,,,,,,GP3,0.47527,0.89191,0.72448,0.99907,normalised
112.58001446723938,,,0.47527,0.89191,0,,,,,,,,,GP3,0.47527,0.89191,0.72448,0.99907,normalised
112.59604287147522,,,0.0,0.0,0,,,,,,,,,GP3,0.0,0.0,0.72448,0.99907,normalised
112.61067867279053,,,0.0,0.0,0,,,,,,,,,GP3,0.0,0.0,0.72448,0.99907,normalised
112.62511086463928,,,0.0,0.0,0,,,,,,,,,GP3,0.0,0.0,0.72448,0.99907,normalised
112.64262294769287,,,0.0,0.0,0,,,,,,,,,GP3,0.0,0.0,0.72448,0.99907,normalised
112.65938925743103,,,0.0,0.0,0,,,,,,,,,GP3,0.0,0.0,0.72448,0.99907,normalised
112.6750180721283,,,0.0,0.0,0,,,,,,,,,GP3,0.0,0.0,0.72448,0.99907,normalised
112.69160652160645,,,0.0,0.0,0,,,,,,,,,GP3,0.0,0.0,0.72448,0.99907,normalised
112.70648884773254,,,0.0,0.0,0,,,,,,,,,GP3,0.0,0.0,0.72448,0.99907,normalised
112.72744536399841,,,0.0,0.0,0,,,,,,,,,GP3,0.0,0.0,0.72448,0.99907,normalised
112.7421350479126,,,0.0,0.0,0,,,,,,,,,GP3,0.0,0.0,0.72448,0.99907,normalised
112.75674605369568,,,0.0,0.0,0,,,,,,,,,GP3,0.0,0.0,0.72448,0.99907,normalised
112.7741768360138,,,0.0,0.0,0,,,,,,,,,GP3,0.0,0.0,0.72448,0.99907,normalised
112.79054236412048,,,0.0,0.0,0,,,,,,,,,GP3,0.0,0.0,0.72448,0.99907,normalised
112.80656385421753,,,0.0,0.0,0,,,,,,,,,GP3,0.0,0.0,0.72448,0.99907,normalised
112.82064414024353,,,0.0,0.0,0,,,,,,,,,GP3,0.0,0.0,0.72448,0.99907,normalised
112.84052276611328,,,0.0,0.0,0,,,,,,,,,GP3,0.0,0.0,0.72448,0.99907,normalised
112.8544716835022,,,0.0,0.0,0,,,,,,,,,GP3,0.0,0.0,0.72448,0.99907,normalised
112.87106943130493,,,0.25399,0.18172,0,,,,,,,,,GP3,0.25399,0.18172,0.72448,0.99907,normalised
112.88307666778564,,,0.50215,0.35293,0,,,,,,,,,GP3,0.50215,0.35293,0.72448,0.99907,normalised
112.89864039421082,,,0.49913,0.34665,0,,,,,,,,,GP3,0.49913,0.34665,0.72448,0.99907,normalised
112.91690349578857,,,0.49662,0.36237,0,,,,,,,,,GP3,0.49662,0.36237,0.72448,0.99907,normalised
112.93356513977051,,,0.49749,0.3679,1,,,,,,,,,GP3,0.49749,0.3679,0.72448,0.99907,normalised
112.94921541213989,,,0.498,0.37201,1,,,,,,,,,GP3,0.498,0.37201,0.72448,0.99907,normalised
112.96581315994263,,,0.49496,0.3946,1,,,,,,,,,GP3,0.49496,0.3946,0.72448,0.99907,normalised
112.98185110092163,,,0.49196,0.40516,1,,,,,,,,,GP3,0.49196,0.40516,0.72448,0.99907,normalised
112.99887704849243,,,0.48973,0.41373,1,,,,,,,,,GP3,0.48973,0.41373,0.72448,0.99907,normalised
113.01345634460449,,,0.48859,0.42291,1,,,,,,,,,GP3,0.48859,0.42291,0.72448,0.99907,normalised
113.02938175201416,,,0.48973,0.42941,1,,,,,,,,,GP3,0.48973,0.42941,0.72448,0.99907,normalised
113.04592704772949,,,0.49066,0.43474,1,,,,,,,,,GP3,0.49066,0.43474,0.72448,0.99907,normalised
113.06021332740784,,,0.49017,0.43538,1,,,,,,,,,GP3,0.49017,0.43538,0.72448,0.99907,normalised
113.07719254493713,,,0.49021,0.43813,1,,,,,,,,,GP3,0.49021,0.43813,0.72448,0.99907,normalised
113.09458374977112,,,0.49025,0.44102,1,,,,,,,,,GP3,0.49025,0.44102,0.72448,0.99907,normalised
113.10893487930298,,,0.48942,0.44255,1,,,,,,,,,GP3,0.48942,0.44255,0.72448,0.99907,normalised
113.12821388244629,,,0.48632,0.46967,0,,,,,,,,,GP3,0.48632,0.46967,0.72448,0.99907,normalised
113.14399147033691,,,0.4855,0.47203,0,,,,,,,,,GP3,0.4855,0.47203,0.72448,0.99907,normalised
113.15852856636047,,,0.4816,0.49432,0,,,,,,,,,GP3,0.4816,0.49432,0.72448,0.99907,normalised
113.17521095275879,,,0.48169,0.49047,1,,,,,,,,,GP3,0.48169,0.49047,0.72448,0.99907,normalised
113.191490650177,,,0.48171,0.48668,1,,,,,,,,,GP3,0.48171,0.48668,0.72448,0.99907,normalised
113.20841240882874,,,0.48324,0.49329,1,,,,,,,,,GP3,0.48324,0.49329,0.72448,0.99907,normalised
113.22527599334717,,,0.48401,0.49646,1,,,,,,,,,GP3,0.48401,0.49646,0.72448,0.99907,normalised
113.24063682556152,,,0.48458,0.49828,1,,,,,,,,,GP3,0.48458,0.49828,0.72448,0.99907,normalised
113.25824975967407,,,0.48574,0.49871,1,,,,,,,,,GP3,0.48574,0.49871,0.72448,0.99907,normalised
113.27149891853333,,,0.48675,0.50123,1,,,,,,,,,GP3,0.48675,0.50123,0.72448,0.99907,normalised
113.28802704811096,,,0.48757,0.50349,1,,,,,,,,,GP3,0.48757,0.50349,0.72448,0.99907,normalised
113.30600762367249,,,0.4876,0.5059,1,,,,,,,,,GP3,0.4876,0.5059,0.72448,0.99907,normalised
113.32055878639221,,,0.48669,0.50889,1,,,,,,,,,GP3,0.48669,0.50889,0.72448,0.99907,normalised
113.3372437953949,,,0.48595,0.51222,1,,,,,,,,,GP3,0.48595,0.51222,0.72448,0.99907,normalised
113.35468244552612,,,0.4853,0.51168,1,,,,,,,,,GP3,0.4853,0.51168,0.72448,0.99907,normalised
113.36958193778992,,,0.48519,0.5126,1,,,,,,,,,GP3,0.48519,0.5126,0.72448,0.99907,normalised
113.38331460952759,,,0.4851,0.51393,1,,,,,,,,,GP3,0.4851,0.51393,0.72448,0.99907,normalised
113.40250372886658,,,0.48535,0.51636,1,,,,,,,,,GP3,0.48535,0.51636,0.72448,0.99907,normalised
113.41703701019287,,,0.4857,0.51828,1,,,,,,,,,GP3,0.4857,0.51828,0.72448,0.99907,normalised
113.43378496170044,,,0.48602,0.52,1,,,,,,,,,GP3,0.48602,0.52,0.72448,0.99907,normalised
113.45265245437622,,,0.48596,0.52155,1,,,,,,,,,GP3,0.48596,0.52155,0.72448,0.99907,normalised
113.46608901023865,,,0.48604,0.52344,1,,,,,,,,,GP3,0.48604,0.52344,0.72448,0.99907,normalised
113.48300743103027,,,0.4861,0.52508,1,,,,,,,,,GP3,0.4861,0.52508,0.72448,0.99907,normalised
113.49846911430359,,,0.48612,0.52703,1,,,,,,,,,GP3,0.48612,0.52703,0.72448,0.99907,normalised
113.51601648330688,,,0.48627,0.52867,1,,,,,,,,,GP3,0.48627,0.52867,0.72448,0.99907,normalised
113.53261232376099,,,0.4864,0.53002,1,,,,,,,,,GP3,0.4864,0.53002,0.72448,0.99907,normalised
113.54934430122375,,,0.48606,0.53161,1,,,,,,,,,GP3,0.48606,0.53161,0.72448,0.99907,normalised
113.56272101402283,,,0.48619,0.56011,0,,,,,,,,,GP3,0.48619,0.56011,0.72448,0.99907,normalised
113.57930326461792,,,0.47989,0.56483,0,,,,,,,,,GP3,0.47989,0.56483,0.72448,0.99907,normalised
113.59582853317261,,,0.48091,0.5668,0,,,,,,,,,GP3,0.48091,0.5668,0.72448,0.99907,normalised
113.61203098297119,,,0.48251,0.55923,1,,,,,,,,,GP3,0.48251,0.55923,0.72448,0.99907,normalised
113.62655591964722,,,0.48348,0.55468,1,,,,,,,,,GP3,0.48348,0.55468,0.72448,0.99907,normalised
113.64454174041748,,,0.48129,0.55195,1,,,,,,,,,GP3,0.48129,0.55195,0.72448,0.99907,normalised
113.66204833984375,,,0.47946,0.54757,1,,,,,,,,,GP3,0.47946,0.54757,0.72448,0.99907,normalised
113.67686653137207,,,0.47808,0.54429,1,,,,,,,,,GP3,0.47808,0.54429,0.72448,0.99907,normalised
113.692631483078,,,0.47734,0.54654,1,,,,,,,,,GP3,0.47734,0.54654,0.72448,0.99907,normalised
113.71069884300232,,,0.47681,0.54755,1,,,,,,,,,GP3,0.47681,0.54755,0.72448,0.99907,normalised
113.72553730010986,,,0.47638,0.54837,1,,,,,,,,,GP3,0.47638,0.54837,0.72448,0.99907,normalised
113.74359726905823,,,0.47799,0.55037,1,,,,,,,,,GP3,0.47799,0.55037,0.72448,0.99907,normalised
113.76025438308716,,,0.47851,0.54925,1,,,,,,,,,GP3,0.47851,0.54925,0.72448,0.99907,normalised
113.77314805984497,,,0.47895,0.54828,1,,,,,,,,,GP3,0.47895,0.54828,0.72448,0.99907,normalised
113.79068684577942,,,0.47875,0.54449,1,,,,,,,,,GP3,0.47875,0.54449,0.72448,0.99907,normalised
113.80628895759583,,,0.47896,0.54432,1,,,,,,,,,GP3,0.47896,0.54432,0.72448,0.99907,normalised
113.82306337356567,,,0.47914,0.54417,1,,,,,,,,,GP3,0.47914,0.54417,0.72448,0.99907,normalised
113.83720135688782,,,0.47877,0.54488,1,,,,,,,,,GP3,0.47877,0.54488,0.72448,0.99907,normalised
113.8526828289032,,,0.47931,0.54415,1,,,,,,,,,GP3,0.47931,0.54415,0.72448,0.99907,normalised
113.86915826797485,,,0.47979,0.5435,1,,,,,,,,,GP3,0.47979,0.5435,0.72448,0.99907,normalised
113.88841652870178,,,0.48035,0.54486,1,,,,,,,,,GP3,0.48035,0.54486,0.72448,0.99907,normalised
113.90422368049622,,,0.48101,0.54593,1,,,,,,,,,GP3,0.48101,0.54593,0.72448,0.99907,normalised
113.91797494888306,,,0.48162,0.54715,1,,,,,,,,,GP3,0.48162,0.54715,0.72448,0.99907,normalised
113.93536686897278,,,0.48225,0.54675,1,,,,,,,,,GP3,0.48225,0.54675,0.72448,0.99907,normalised
113.95222496986389,,,0.48255,0.54744,1,,,,,,,,,GP3,0.48255,0.54744,0.72448,0.99907,normalised
113.96935892105103,,,0.48284,0.54833,1,,,,,,,,,GP3,0.48284,0.54833,0.72448,0.99907,normalised
113.98594832420349,,,0.4831,0.54795,1,,,,,,,,,GP3,0.4831,0.54795,0.72448,0.99907,normalised
114.00065803527832,,,0.48332,0.54786,1,,,,,,,,,GP3,0.48332,0.54786,0.72448,0.99907,normalised
114.01852083206177,,,0.48351,0.54725,1,,,,,,,,,GP3,0.48351,0.54725,0.72448,0.99907,normalised
114.03480911254883,,,0.48366,0.54738,1,,,,,,,,,GP3,0.48366,0.54738,0.72448,0.99907,normalised
114.05057573318481,,,0.48408,0.54682,1,,,,,,,,,GP3,0.48408,0.54682,0.72448,0.99907,normalised
114.06504225730896,,,0.48447,0.5459,1,,,,,,,,,GP3,0.48447,0.5459,0.72448,0.99907,normalised
114.08101606369019,,,0.48432,0.54302,1,,,,,,,,,GP3,0.48432,0.54302,0.72448,0.99907,normalised
114.09634399414062,,,0.48392,0.54071,1,,,,,,,,,GP3,0.48392,0.54071,0.72448,0.99907,normalised
114.11266565322876,,,0.48355,0.53853,1,,,,,,,,,GP3,0.48355,0.53853,0.72448,0.99907,normalised
114.1303780078888,,,0.48392,0.53787,1,,,,,,,,,GP3,0.48392,0.53787,0.72448,0.99907,normalised
114.14814186096191,,,0.49259,0.50643,0,,,,,,,,,GP3,0.49259,0.50643,0.72448,0.99907,normalised
114.16260766983032,,,0.52317,0.4532,0,,,,,,,,,GP3,0.52317,0.4532,0.72448,0.99907,normalised
114.18014478683472,,,0.46136,0.51697,0,,,,,,,,,GP3,0.46136,0.51697,0.72448,0.99907,normalised
114.19465732574463,,,0.40768,0.55993,0,,,,,,,,,GP3,0.40768,0.55993,0.72448,0.99907,normalised
114.21252036094666,,,0.37045,0.60037,0,,,,,,,,,GP3,0.37045,0.60037,0.72448,0.99907,normalised
114.22718167304993,,,0.35315,0.62966,0,,,,,,,,,GP3,0.35315,0.62966,0.72448,0.99907,normalised
114.24390840530396,,,0.32697,0.68068,0,,,,,,,,,GP3,0.32697,0.68068,0.72448,0.99907,normalised
114.25889229774475,,,0.32862,0.69846,0,,,,,,,,,GP3,0.32862,0.69846,0.72448,0.99907,normalised
114.27558159828186,,,0.32547,0.69813,0,,,,,,,,,GP3,0.32547,0.69813,0.72448,0.99907,normalised
114.29299640655518,,,0.32552,0.69327,1,,,,,,,,,GP3,0.32552,0.69327,0.72448,0.99907,normalised
114.3079788684845,,,0.32532,0.68963,1,,,,,,,,,GP3,0.32532,0.68963,0.72448,0.99907,normalised
114.3237931728363,,,0.3219,0.69083,1,,,,,,,,,GP3,0.3219,0.69083,0.72448,0.99907,normalised
114.34153461456299,,,0.32054,0.68941,1,,,,,,,,,GP3,0.32054,0.68941,0.72448,0.99907,normalised
114.35896825790405,,,0.31974,0.68897,1,,,,,,,,,GP3,0.31974,0.68897,0.72448,0.99907,normalised
114.37361240386963,,,0.3177,0.69301,1,,,,,,,,,GP3,0.3177,0.69301,0.72448,0.99907,normalised
114.3874204158783,,,0.31879,0.6929,1,,,,,,,,,GP3,0.31879,0.6929,0.72448,0.99907,normalised
114.40389347076416,,,0.31985,0.69328,1,,,,,,,,,GP3,0.31985,0.69328,0.72448,0.99907,normalised
114.41879749298096,,,0.31261,0.70268,1,,,,,,,,,GP3,0.31261,0.70268,0.72448,0.99907,normalised
114.43565940856934,,,0.30628,0.71282,1,,,,,,,,,GP3,0.30628,0.71282,0.72448,0.99907,normalised
114.45228481292725,,,0.30061,0.72118,1,,,,,,,,,GP3,0.30061,0.72118,0.72448,0.99907,normalised
114.46979784965515,,,0.29508,0.72763,1,,,,,,,,,GP3,0.29508,0.72763,0.72448,0.99907,normalised
114.48442053794861,,,0.29017,0.73258,1,,,,,,,,,GP3,0.29017,0.73258,0.72448,0.99907,normalised
114.50040602684021,,,0.26923,0.75642,0,,,,,,,,,GP3,0.26923,0.75642,0.72448,0.99907,normalised
114.51640939712524,,,0.22948,0.78087,0,,,,,,,,,GP3,0.22948,0.78087,0.72448,0.99907,normalised
114.53391671180725,,,0.21607,0.79634,0,,,,,,,,,GP3,0.21607,0.79634,0.72448,0.99907,normalised
114.54846858978271,,,0.18904,0.81956,0,,,,,,,,,GP3,0.18904,0.81956,0.72448,0.99907,normalised
114.56658625602722,,,0.19114,0.82156,0,,,,,,,,,GP3,0.19114,0.82156,0.72448,0.99907,normalised
114.58146548271179,,,0.19187,0.82753,0,,,,,,,,,GP3,0.19187,0.82753,0.72448,0.99907,normalised
114.59957647323608,,,0.19248,0.83088,1,,,,,,,,,GP3,0.19248,0.83088,0.72448,0.99907,normalised
114.61312627792358,,,0.17189,0.83445,1,,,,,,,,,GP3,0.17189,0.83445,0.72448,0.99907,normalised
114.63018012046814,,,0.15948,0.84093,1,,,,,,,,,GP3,0.15948,0.84093,0.72448,0.99907,normalised
114.64645743370056,,,0.1506,0.84554,1,,,,,,,,,GP3,0.1506,0.84554,0.72448,0.99907,normalised
114.66162586212158,,,0.14518,0.84737,1,,,,,,,,,GP3,0.14518,0.84737,0.72448,0.99907,normalised
114.67750406265259,,,0.13932,0.84919,1,,,,,,,,,GP3,0.13932,0.84919,0.72448,0.99907,normalised
114.69424557685852,,,0.13449,0.85052,1,,,,,,,,,GP3,0.13449,0.85052,0.72448,0.99907,normalised
114.71131205558777,,,0.13208,0.85192,1,,,,,,,,,GP3,0.13208,0.85192,0.72448,0.99907,normalised
114.72795104980469,,,0.12912,0.85048,1,,,,,,,,,GP3,0.12912,0.85048,0.72448,0.99907,normalised
114.74288964271545,,,0.12652,0.84917,1,,,,,,,,,GP3,0.12652,0.84917,0.72448,0.99907,normalised
114.76001644134521,,,0.12469,0.84631,1,,,,,,,,,GP3,0.12469,0.84631,0.72448,0.99907,normalised
114.77556991577148,,,0.12315,0.84388,1,,,,,,,,,GP3,0.12315,0.84388,0.72448,0.99907,normalised
114.79312467575073,,,0.12197,0.84192,1,,,,,,,,,GP3,0.12197,0.84192,0.72448,0.99907,normalised
114.80908226966858,,,0.12143,0.84067,1,,,,,,,,,GP3,0.12143,0.84067,0.72448,0.99907,normalised
114.8258445262909,,,0.12089,0.83936,1,,,,,,,,,GP3,0.12089,0.83936,0.72448,0.99907,normalised
114.84256839752197,,,0.12055,0.83833,1,,,,,,,,,GP3,0.12055,0.83833,0.72448,0.99907,normalised
114.85712456703186,,,0.12024,0.83925,1,,,,,,,,,GP3,0.12024,0.83925,0.72448,0.99907,normalised
114.8719961643219,,,0.12053,0.83851,1,,,,,,,,,GP3,0.12053,0.83851,0.72448,0.99907,normalised
114.88952660560608,,,0.12073,0.83778,1,,,,,,,,,GP3,0.12073,0.83778,0.72448,0.99907,normalised
114.9068295955658,,,0.12058,0.8381,1,,,,,,,,,GP3,0.12058,0.8381,0.72448,0.99907,normalised
114.92277455329895,,,0.1199,0.83843,1,,,,,,,,,GP3,0.1199,0.83843,0.72448,0.99907,normalised
114.93712735176086,,,0.11912,0.83859,1,,,,,,,,,GP3,0.11912,0.83859,0.72448,0.99907,normalised
114.9543788433075,,,0.11855,0.83826,1,,,,,,,,,GP3,0.11855,0.83826,0.72448,0.99907,normalised
114.96881628036499,,,0.11828,0.83828,1,,,,,,,,,GP3,0.11828,0.83828,0.72448,0.99907,normalised
114.98539900779724,,,0.11821,0.83847,1,,,,,,,,,GP3,0.11821,0.83847,0.72448,0.99907,normalised
115.00206136703491,,,0.11817,0.83825,1,,,,,,,,,GP3,0.11817,0.83825,0.72448,0.99907,normalised
115.01965403556824,,,0.11834,0.83769,1,,,,,,,,,GP3,0.11834,0.83769,0.72448,0.99907,normalised
115.03342843055725,,,0.11859,0.83724,1,,,,,,,,,GP3,0.11859,0.83724,0.72448,0.99907,normalised
115.05100083351135,,,0.11822,0.83709,1,,,,,,,,,GP3,0.11822,0.83709,0.72448,0.99907,normalised
115.06586933135986,,,0.11851,0.83747,1,,,,,,,,,GP3,0.11851,0.83747,0.72448,0.99907,normalised
115.08296656608582,,,0.11878,0.83782,1,,,,,,,,,GP3,0.11878,0.83782,0.72448,0.99907,normalised
115.10020232200623,,,0.11899,0.83774,1,,,,,,,,,GP3,0.11899,0.83774,0.72448,0.99907,normalised
115.11516284942627,,,0.11905,0.83724,1,,,,,,,,,GP3,0.11905,0.83724,0.72448,0.99907,normalised
115.1310887336731,,,0.11899,0.83665,1,,,,,,,,,GP3,0.11899,0.83665,0.72448,0.99907,normalised
115.14683508872986,,,0.11878,0.83665,1,,,,,,,,,GP3,0.11878,0.83665,0.72448,0.99907,normalised
115.16263842582703,,,0.11822,0.83622,1,,,,,,,,,GP3,0.11822,0.83622,0.72448,0.99907,normalised
115.18011403083801,,,0.11756,0.83569,1,,,,,,,,,GP3,0.11756,0.83569,0.72448,0.99907,normalised
115.19879245758057,,,0.11706,0.8346,1,,,,,,,,,GP3,0.11706,0.8346,0.72448,0.99907,normalised
115.21345496177673,,,0.1169,0.83375,1,,,,,,,,,GP3,0.1169,0.83375,0.72448,0.99907,normalised
115.22835874557495,,,0.11683,0.83303,1,,,,,,,,,GP3,0.11683,0.83303,0.72448,0.99907,normalised
115.24448680877686,,,0.11698,0.83279,1,,,,,,,,,GP3,0.11698,0.83279,0.72448,0.99907,normalised
115.26049017906189,,,0.11714,0.83259,1,,,,,,,,,GP3,0.11714,0.83259,0.72448,0.99907,normalised
115.27766847610474,,,0.11731,0.83244,1,,,,,,,,,GP3,0.11731,0.83244,0.72448,0.99907,normalised
115.29514527320862,,,0.11697,0.83225,1,,,,,,,,,GP3,0.11697,0.83225,0.72448,0.99907,normalised
115.30997943878174,,,0.11705,0.83242,1,,,,,,,,,GP3,0.11705,0.83242,0.72448,0.99907,normalised
115.3257064819336,,,0.11559,0.83284,1,,,,,,,,,GP3,0.11559,0.83284,0.72448,0.99907,normalised
115.3423900604248,,,0.11402,0.83282,1,,,,,,,,,GP3,0.11402,0.83282,0.72448,0.99907,normalised
115.35977077484131,,,0.1126,0.83299,1,,,,,,,,,GP3,0.1126,0.83299,0.72448,0.99907,normalised
115.3738214969635,,,0.11126,0.83322,1,,,,,,,,,GP3,0.11126,0.83322,0.72448,0.99907,normalised
115.39120578765869,,,0.11198,0.83316,1,,,,,,,,,GP3,0.11198,0.83316,0.72448,0.99907,normalised
115.4056806564331,,,0.11254,0.83268,1,,,,,,,,,GP3,0.11254,0.83268,0.72448,0.99907,normalised
115.42492246627808,,,0.11307,0.83218,1,,,,,,,,,GP3,0.11307,0.83218,0.72448,0.99907,normalised
115.43933606147766,,,0.11335,0.8318,1,,,,,,,,,GP3,0.11335,0.8318,0.72448,0.99907,normalised
115.45450806617737,,,0.11415,0.83119,1,,,,,,,,,GP3,0.11415,0.83119,0.72448,0.99907,normalised
115.47145938873291,,,0.11489,0.83053,1,,,,,,,,,GP3,0.11489,0.83053,0.72448,0.99907,normalised
115.48913717269897,,,0.11509,0.82952,1,,,,,,,,,GP3,0.11509,0.82952,0.72448,0.99907,normalised
115.50247573852539,,,0.11559,0.82959,1,,,,,,,,,GP3,0.11559,0.82959,0.72448,0.99907,normalised
115.51872992515564,,,0.11617,0.82973,1,,,,,,,,,GP3,0.11617,0.82973,0.72448,0.99907,normalised
115.5354676246643,,,0.1165,0.83021,1,,,,,,,,,GP3,0.1165,0.83021,0.72448,0.99907,normalised
115.55159258842468,,,0.11688,0.83084,1,,,,,,,,,GP3,0.11688,0.83084,0.72448,0.99907,normalised
115.56897139549255,,,0.11719,0.83142,1,,,,,,,,,GP3,0.11719,0.83142,0.72448,0.99907,normalised
115.5848343372345,,,0.11705,0.83168,1,,,,,,,,,GP3,0.11705,0.83168,0.72448,0.99907,normalised
115.60217356681824,,,0.11718,0.83229,1,,,,,,,,,GP3,0.11718,0.83229,0.72448,0.99907,normalised
115.61651992797852,,,0.11715,0.83273,1,,,,,,,,,GP3,0.11715,0.83273,0.72448,0.99907,normalised
115.63325595855713,,,0.1173,0.83173,1,,,,,,,,,GP3,0.1173,0.83173,0.72448,0.99907,normalised
115.64936685562134,,,0.11691,0.83162,1,,,,,,,,,GP3,0.11691,0.83162,0.72448,0.99907,normalised
115.66674447059631,,,0.1166,0.83159,1,,,,,,,,,GP3,0.1166,0.83159,0.72448,0.99907,normalised
115.6809606552124,,,0.11662,0.83155,1,,,,,,,,,GP3,0.11662,0.83155,0.72448,0.99907,normalised
115.69752097129822,,,0.11702,0.83148,1,,,,,,,,,GP3,0.11702,0.83148,0.72448,0.99907,normalised
115.71345925331116,,,0.11759,0.83157,1,,,,,,,,,GP3,0.11759,0.83157,0.72448,0.99907,normalised
115.73097729682922,,,0.11793,0.83186,1,,,,,,,,,GP3,0.11793,0.83186,0.72448,0.99907,normalised
115.7457664012909,,,0.11791,0.8317,1,,,,,,,,,GP3,0.11791,0.8317,0.72448,0.99907,normalised
115.76473045349121,,,0.1177,0.83136,1,,,,,,,,,GP3,0.1177,0.83136,0.72448,0.99907,normalised
115.77954125404358,,,0.11748,0.8312,1,,,,,,,,,GP3,0.11748,0.8312,0.72448,0.99907,normalised
115.79545998573303,,,0.1173,0.8313,1,,,,,,,,,GP3,0.1173,0.8313,0.72448,0.99907,normalised
115.80987071990967,,,0.11712,0.83139,1,,,,,,,,,GP3,0.11712,0.83139,0.72448,0.99907,normalised
115.82748508453369,,,0.1178,0.83199,1,,,,,,,,,GP3,0.1178,0.83199,0.72448,0.99907,normalised
115.84204578399658,,,0.11815,0.83206,1,,,,,,,,,GP3,0.11815,0.83206,0.72448,0.99907,normalised
115.86168122291565,,,0.11853,0.83215,1,,,,,,,,,GP3,0.11853,0.83215,0.72448,0.99907,normalised
115.8771824836731,,,0.11891,0.83279,1,,,,,,,,,GP3,0.11891,0.83279,0.72448,0.99907,normalised
115.89196395874023,,,0.11956,0.83341,1,,,,,,,,,GP3,0.11956,0.83341,0.72448,0.99907,normalised
115.9083354473114,,,0.12023,0.83406,1,,,,,,,,,GP3,0.12023,0.83406,0.72448,0.99907,normalised
115.9247317314148,,,0.12115,0.83416,1,,,,,,,,,GP3,0.12115,0.83416,0.72448,0.99907,normalised
115.94217443466187,,,0.12206,0.83481,1,,,,,,,,,GP3,0.12206,0.83481,0.72448,0.99907,normalised
115.95613598823547,,,0.12312,0.83561,1,,,,,,,,,GP3,0.12312,0.83561,0.72448,0.99907,normalised
115.97425198554993,,,0.12444,0.8369,1,,,,,,,,,GP3,0.12444,0.8369,0.72448,0.99907,normalised
115.98789048194885,,,0.12507,0.83805,1,,,,,,,,,GP3,0.12507,0.83805,0.72448,0.99907,normalised
116.00613927841187,,,0.12559,0.83909,1,,,,,,,,,GP3,0.12559,0.83909,0.72448,0.99907,normalised
116.02119469642639,,,0.12609,0.83966,1,,,,,,,,,GP3,0.12609,0.83966,0.72448,0.99907,normalised
116.03868818283081,,,0.12601,0.83956,1,,,,,,,,,GP3,0.12601,0.83956,0.72448,0.99907,normalised
116.05329418182373,,,0.12594,0.83946,1,,,,,,,,,GP3,0.12594,0.83946,0.72448,0.99907,normalised
116.06968879699707,,,0.12714,0.83985,1,,,,,,,,,GP3,0.12714,0.83985,0.72448,0.99907,normalised
116.08548831939697,,,0.12694,0.83959,1,,,,,,,,,GP3,0.12694,0.83959,0.72448,0.99907,normalised
116.1014449596405,,,0.12676,0.83936,1,,,,,,,,,GP3,0.12676,0.83936,0.72448,0.99907,normalised
116.11928296089172,,,0.12742,0.83986,1,,,,,,,,,GP3,0.12742,0.83986,0.72448,0.99907,normalised
116.13407564163208,,,0.12811,0.84032,1,,,,,,,,,GP3,0.12811,0.84032,0.72448,0.99907,normalised
116.1555004119873,,,0.12876,0.84075,1,,,,,,,,,GP3,0.12876,0.84075,0.72448,0.99907,normalised
116.16585993766785,,,0.12997,0.84079,1,,,,,,,,,GP3,0.12997,0.84079,0.72448,0.99907,normalised
116.18347430229187,,,0.13046,0.84083,1,,,,,,,,,GP3,0.13046,0.84083,0.72448,0.99907,normalised
116.19912219047546,,,0.13089,0.8408,1,,,,,,,,,GP3,0.13089,0.8408,0.72448,0.99907,normalised
116.21523404121399,,,0.13146,0.84104,1,,,,,,,,,GP3,0.13146,0.84104,0.72448,0.99907,normalised
116.23284959793091,,,0.13199,0.84103,1,,,,,,,,,GP3,0.13199,0.84103,0.72448,0.99907,normalised
116.24744987487793,,,0.1326,0.8411,1,,,,,,,,,GP3,0.1326,0.8411,0.72448,0.99907,normalised
116.26363825798035,,,0.13323,0.84201,1,,,,,,,,,GP3,0.13323,0.84201,0.72448,0.99907,normalised
116.2805004119873,,,0.13398,0.84227,1,,,,,,,,,GP3,0.13398,0.84227,0.72448,0.99907,normalised
116.297039270401,,,0.13473,0.84253,1,,,,,,,,,GP3,0.13473,0.84253,0.72448,0.99907,normalised
116.31291079521179,,,0.13536,0.84337,1,,,,,,,,,GP3,0.13536,0.84337,0.72448,0.99907,normalised
116.3289544582367,,,0.1361,0.84338,1,,,,,,,,,GP3,0.1361,0.84338,0.72448,0.99907,normalised
116.34469938278198,,,0.13683,0.84339,1,,,,,,,,,GP3,0.13683,0.84339,0.72448,0.99907,normalised
116.36038541793823,,,0.138,0.84334,1,,,,,,,,,GP3,0.138,0.84334,0.72448,0.99907,normalised
116.37626147270203,,,0.13874,0.84307,1,,,,,,,,,GP3,0.13874,0.84307,0.72448,0.99907,normalised
116.3928792476654,,,0.13959,0.8429,1,,,,,,,,,GP3,0.13959,0.8429,0.72448,0.99907,normalised
116.40911746025085,,,0.14016,0.84347,1,,,,,,,,,GP3,0.14016,0.84347,0.72448,0.99907,normalised
116.42564558982849,,,0.14109,0.84359,1,,,,,,,,,GP3,0.14109,0.84359,0.72448,0.99907,normalised
116.4404091835022,,,0.14193,0.8436,1,,,,,,,,,GP3,0.14193,0.8436,0.72448,0.99907,normalised
116.45711541175842,,,0.14261,0.84349,1,,,,,,,,,GP3,0.14261,0.84349,0.72448,0.99907,normalised
116.4728274345398,,,0.14291,0.84344,1,,,,,,,,,GP3,0.14291,0.84344,0.72448,0.99907,normalised
116.49036979675293,,,0.1431,0.84329,1,,,,,,,,,GP3,0.1431,0.84329,0.72448,0.99907,normalised
116.50586986541748,,,0.14429,0.84323,1,,,,,,,,,GP3,0.14429,0.84323,0.72448,0.99907,normalised
116.52281737327576,,,0.1456,0.84345,1,,,,,,,,,GP3,0.1456,0.84345,0.72448,0.99907,normalised
116.5393271446228,,,0.14706,0.84382,1,,,,,,,,,GP3,0.14706,0.84382,0.72448,0.99907,normalised
116.55608606338501,,,0.14897,0.84428,1,,,,,,,,,GP3,0.14897,0.84428,0.72448,0.99907,normalised
116.5735833644867,,,0.15058,0.84456,1,,,,,,,,,GP3,0.15058,0.84456,0.72448,0.99907,normalised
116.5882215499878,,,0.15221,0.84486,1,,,,,,,,,GP3,0.15221,0.84486,0.72448,0.99907,normalised
116.60532331466675,,,0.15311,0.84425,1,,,,,,,,,GP3,0.15311,0.84425,0.72448,0.99907,normalised
116.62088441848755,,,0.15435,0.84394,1,,,,,,,,,GP3,0.15435,0.84394,0.72448,0.99907,normalised
116.6354832649231,,,0.15549,0.8435,1,,,,,,,,,GP3,0.15549,0.8435,0.72448,0.99907,normalised
116.65323114395142,,,0.15588,0.84317,1,,,,,,,,,GP3,0.15588,0.84317,0.72448,0.99907,normalised
116.66761660575867,,,0.18198,0.83996,0,,,,,,,,,GP3,0.18198,0.83996,0.72448,0.99907,normalised
116.68464040756226,,,0.18199,0.83489,0,,,,,,,,,GP3,0.18199,0.83489,0.72448,0.99907,normalised
116.70081543922424,,,0.18044,0.82599,0,,,,,,,,,GP3,0.18044,0.82599,0.72448,0.99907,normalised
116.71751260757446,,,0.18097,0.82282,1,,,,,,,,,GP3,0.18097,0.82282,0.72448,0.99907,normalised
116.7321252822876,,,0.18104,0.82062,1,,,,,,,,,GP3,0.18104,0.82062,0.72448,0.99907,normalised
116.74795818328857,,,0.17886,0.81867,1,,,,,,,,,GP3,0.17886,0.81867,0.72448,0.99907,normalised
116.76579666137695,,,0.17815,0.82021,1,,,,,,,,,GP3,0.17815,0.82021,0.72448,0.99907,normalised
116.78049206733704,,,0.17779,0.82159,1,,,,,,,,,GP3,0.17779,0.82159,0.72448,0.99907,normalised
116.79748106002808,,,0.17524,0.82482,1,,,,,,,,,GP3,0.17524,0.82482,0.72448,0.99907,normalised
116.81355905532837,,,0.17446,0.82537,1,,,,,,,,,GP3,0.17446,0.82537,0.72448,0.99907,normalised
116.82912349700928,,,0.17393,0.82594,1,,,,,,,,,GP3,0.17393,0.82594,0.72448,0.99907,normalised
116.84487676620483,,,0.17324,0.82888,1,,,,,,,,,GP3,0.17324,0.82888,0.72448,0.99907,normalised
116.86248803138733,,,0.17332,0.83242,1,,,,,,,,,GP3,0.17332,0.83242,0.72448,0.99907,normalised
116.87850427627563,,,0.17345,0.83552,1,,,,,,,,,GP3,0.17345,0.83552,0.72448,0.99907,normalised
116.89336705207825,,,0.17396,0.83835,1,,,,,,,,,GP3,0.17396,0.83835,0.72448,0.99907,normalised
116.91127300262451,,,0.17179,0.84182,1,,,,,,,,,GP3,0.17179,0.84182,0.72448,0.99907,normalised
116.92805576324463,,,0.17003,0.84502,1,,,,,,,,,GP3,0.17003,0.84502,0.72448,0.99907,normalised
116.94301629066467,,,0.17688,0.83509,1,,,,,,,,,GP3,0.17688,0.83509,0.72448,0.99907,normalised
116.9604389667511,,,0.18328,0.82549,1,,,,,,,,,GP3,0.18328,0.82549,0.72448,0.99907,normalised
116.97443413734436,,,0.18898,0.81667,1,,,,,,,,,GP3,0.18898,0.81667,0.72448,0.99907,normalised
116.99376630783081,,,0.19455,0.80727,1,,,,,,,,,GP3,0.19455,0.80727,0.72448,0.99907,normalised
117.0087537765503,,,0.22037,0.77728,0,,,,,,,,,GP3,0.22037,0.77728,0.72448,0.99907,normalised
117.02634525299072,,,0.26227,0.70371,0,,,,,,,,,GP3,0.26227,0.70371,0.72448,0.99907,normalised
117.04378771781921,,,0.2751,0.69251,0,,,,,,,,,GP3,0.2751,0.69251,0.72448,0.99907,normalised
117.0597095489502,,,0.30379,0.65682,0,,,,,,,,,GP3,0.30379,0.65682,0.72448,0.99907,normalised
117.07338094711304,,,0.30541,0.66433,0,,,,,,,,,GP3,0.30541,0.66433,0.72448,0.99907,normalised
117.0927529335022,,,0.30931,0.66357,0,,,,,,,,,GP3,0.30931,0.66357,0.72448,0.99907,normalised
117.10622787475586,,,0.31106,0.66363,1,,,,,,,,,GP3,0.31106,0.66363,0.72448,0.99907,normalised
117.12171220779419,,,0.31188,0.663,1,,,,,,,,,GP3,0.31188,0.663,0.72448,0.99907,normalised
117.13867926597595,,,0.31371,0.66,1,,,,,,,,,GP3,0.31371,0.66,0.72448,0.99907,normalised
117.15474772453308,,,0.31478,0.65612,1,,,,,,,,,GP3,0.31478,0.65612,0.72448,0.99907,normalised
117.17235517501831,,,0.31566,0.65344,1,,,,,,,,,GP3,0.31566,0.65344,0.72448,0.99907,normalised
117.18858361244202,,,0.31221,0.64471,1,,,,,,,,,GP3,0.31221,0.64471,0.72448,0.99907,normalised
117.2026264667511,,,0.30294,0.62341,1,,,,,,,,,GP3,0.30294,0.62341,0.72448,0.99907,normalised
117.21973896026611,,,0.29527,0.60572,1,,,,,,,,,GP3,0.29527,0.60572,0.72448,0.99907,normalised
117.23417615890503,,,0.3096,0.61754,1,,,,,,,,,GP3,0.3096,0.61754,0.72448,0.99907,normalised
117.25043368339539,,,0.3203,0.62927,1,,,,,,,,,GP3,0.3203,0.62927,0.72448,0.99907,normalised
117.26616954803467,,,0.32945,0.63913,1,,,,,,,,,GP3,0.32945,0.63913,0.72448,0.99907,normalised
117.28220701217651,,,0.34048,0.64809,1,,,,,,,,,GP3,0.34048,0.64809,0.72448,0.99907,normalised
117.29885935783386,,,0.34902,0.65581,1,,,,,,,,,GP3,0.34902,0.65581,0.72448,0.99907,normalised
117.31538534164429,,,0.35656,0.66263,1,,,,,,,,,GP3,0.35656,0.66263,0.72448,0.99907,normalised
117.33202266693115,,,0.36239,0.66609,1,,,,,,,,,GP3,0.36239,0.66609,0.72448,0.99907,normalised
117.34648418426514,,,0.39588,0.6777,0,,,,,,,,,GP3,0.39588,0.6777,0.72448,0.99907,normalised
117.36513066291809,,,0.41344,0.70665,0,,,,,,,,,GP3,0.41344,0.70665,0.72448,0.99907,normalised
117.37935137748718,,,0.48681,0.75111,0,,,,,,,,,GP3,0.48681,0.75111,0.72448,0.99907,normalised
117.39582586288452,,,0.56355,0.81015,0,,,,,,,,,GP3,0.56355,0.81015,0.72448,0.99907,normalised
117.4121515750885,,,0.59442,0.83367,0,,,,,,,,,GP3,0.59442,0.83367,0.72448,0.99907,normalised
117.42976093292236,,,0.61134,0.83477,0,,,,,,,,,GP3,0.61134,0.83477,0.72448,0.99907,normalised
117.44353008270264,,,0.62044,0.83873,1,,,,,,,,,GP3,0.62044,0.83873,0.72448,0.99907,normalised
117.46014618873596,,,0.62597,0.84086,1,,,,,,,,,GP3,0.62597,0.84086,0.72448,0.99907,normalised
117.47639465332031,,,0.63206,0.84034,1,,,,,,,,,GP3,0.63206,0.84034,0.72448,0.99907,normalised
117.49297094345093,,,0.63319,0.8393,1,,,,,,,,,GP3,0.63319,0.8393,0.72448,0.99907,normalised
117.51079440116882,,,0.63425,0.83789,1,,,,,,,,,GP3,0.63425,0.83789,0.72448,0.99907,normalised
117.52623987197876,,,0.65607,0.84402,1,,,,,,,,,GP3,0.65607,0.84402,0.72448,0.99907,normalised
117.5424108505249,,,0.6732,0.84747,1,,,,,,,,,GP3,0.6732,0.84747,0.72448,0.99907,normalised
117.55864930152893,,,0.68703,0.85045,1,,,,,,,,,GP3,0.68703,0.85045,0.72448,0.99907,normalised
117.57507133483887,,,0.6986,0.85345,1,,,,,,,,,GP3,0.6986,0.85345,0.72448,0.99907,normalised
117.58963656425476,,,0.70883,0.85729,1,,,,,,,,,GP3,0.70883,0.85729,0.72448,0.99907,normalised
117.60734915733337,,,0.71737,0.86079,1,,,,,,,,,GP3,0.71737,0.86079,0.72448,0.99907,normalised
117.62491297721863,,,0.75214,0.87215,0,,,,,,,,,GP3,0.75214,0.87215,0.72448,0.99907,normalised
117.63772940635681,,,0.78745,0.88173,0,,,,,,,,,GP3,0.78745,0.88173,0.72448,0.99907,normalised
117.65414619445801,,,0.80024,0.88392,0,,,,,,,,,GP3,0.80024,0.88392,0.72448,0.99907,normalised
117.6705253124237,,,0.81224,0.87175,1,,,,,,,,,GP3,0.81224,0.87175,0.72448,0.99907,normalised
117.68621683120728,,,0.81042,0.87644,1,,,,,,,,,GP3,0.81042,0.87644,0.72448,0.99907,normalised
117.70302534103394,,,0.80858,0.88022,1,,,,,,,,,GP3,0.80858,0.88022,0.72448,0.99907,normalised
117.718745470047,,,0.81709,0.87786,1,,,,,,,,,GP3,0.81709,0.87786,0.72448,0.99907,normalised
117.73460507392883,,,0.82224,0.87254,1,,,,,,,,,GP3,0.82224,0.87254,0.72448,0.99907,normalised
117.75322961807251,,,0.82609,0.86859,1,,,,,,,,,GP3,0.82609,0.86859,0.72448,0.99907,normalised
117.76820611953735,,,0.82917,0.86979,1,,,,,,,,,GP3,0.82917,0.86979,0.72448,0.99907,normalised
117.78396129608154,,,0.83191,0.86741,1,,,,,,,,,GP3,0.83191,0.86741,0.72448,0.99907,normalised
117.79975414276123,,,0.8348,0.86481,1,,,,,,,,,GP3,0.8348,0.86481,0.72448,0.99907,normalised
117.81574869155884,,,0.83777,0.8604,1,,,,,,,,,GP3,0.83777,0.8604,0.72448,0.99907,normalised
117.83217096328735,,,0.84119,0.86011,1,,,,,,,,,GP3,0.84119,0.86011,0.72448,0.99907,normalised
117.84810400009155,,,0.84432,0.8597,1,,,,,,,,,GP3,0.84432,0.8597,0.72448,0.99907,normalised
117.86513447761536,,,0.84664,0.8602,1,,,,,,,,,GP3,0.84664,0.8602,0.72448,0.99907,normalised
117.88069295883179,,,0.84852,0.86079,1,,,,,,,,,GP3,0.84852,0.86079,0.72448,0.99907,normalised
117.900155544281,,,0.85005,0.86145,1,,,,,,,,,GP3,0.85005,0.86145,0.72448,0.99907,normalised
117.91535067558289,,,0.85097,0.86057,1,,,,,,,,,GP3,0.85097,0.86057,0.72448,0.99907,normalised
117.92975425720215,,,0.85197,0.86006,1,,,,,,,,,GP3,0.85197,0.86006,0.72448,0.99907,normalised
117.94739937782288,,,0.85282,0.85964,1,,,,,,,,,GP3,0.85282,0.85964,0.72448,0.99907,normalised
117.96206212043762,,,0.85469,0.86011,1,,,,,,,,,GP3,0.85469,0.86011,0.72448,0.99907,normalised
117.97876977920532,,,0.85633,0.85918,1,,,,,,,,,GP3,0.85633,0.85918,0.72448,0.99907,normalised
117.99618268013,,,0.85773,0.85841,1,,,,,,,,,GP3,0.85773,0.85841,0.72448,0.99907,normalised
118.0134687423706,,,0.85888,0.85832,1,,,,,,,,,GP3,0.85888,0.85832,0.72448,0.99907,normalised
118.02706265449524,,,0.86006,0.85862,1,,,,,,,,,GP3,0.86006,0.85862,0.72448,0.99907,normalised
118.04406118392944,,,0.8612,0.85887,1,,,,,,,,,GP3,0.8612,0.85887,0.72448,0.99907,normalised
118.05905604362488,,,0.86168,0.85901,1,,,,,,,,,GP3,0.86168,0.85901,0.72448,0.99907,normalised
118.07806444168091,,,0.86238,0.85926,1,,,,,,,,,GP3,0.86238,0.85926,0.72448,0.99907,normalised
118.0906023979187,,,0.86315,0.8594,1,,,,,,,,,GP3,0.86315,0.8594,0.72448,0.99907,normalised
118.10763144493103,,,0.8638,0.85856,1,,,,,,,,,GP3,0.8638,0.85856,0.72448,0.99907,normalised
118.12488675117493,,,0.86449,0.85742,1,,,,,,,,,GP3,0.86449,0.85742,0.72448,0.99907,normalised
118.1392662525177,,,0.86514,0.85635,1,,,,,,,,,GP3,0.86514,0.85635,0.72448,0.99907,normalised
118.15612816810608,,,0.86536,0.85582,1,,,,,,,,,GP3,0.86536,0.85582,0.72448,0.99907,normalised
118.17185592651367,,,0.86579,0.85581,1,,,,,,,,,GP3,0.86579,0.85581,0.72448,0.99907,normalised
118.18782567977905,,,0.86608,0.85593,1,,,,,,,,,GP3,0.86608,0.85593,0.72448,0.99907,normalised
118.20475029945374,,,0.86589,0.85558,1,,,,,,,,,GP3,0.86589,0.85558,0.72448,0.99907,normalised
118.22061276435852,,,0.86566,0.85594,1,,,,,,,,,GP3,0.86566,0.85594,0.72448,0.99907,normalised
118.23827385902405,,,0.86543,0.85629,1,,,,,,,,,GP3,0.86543,0.85629,0.72448,0.99907,normalised
118.25327038764954,,,0.8651,0.85594,1,,,,,,,,,GP3,0.8651,0.85594,0.72448,0.99907,normalised
118.26902365684509,,,0.86495,0.85571,1,,,,,,,,,GP3,0.86495,0.85571,0.72448,0.99907,normalised
118.28571248054504,,,0.86486,0.85544,1,,,,,,,,,GP3,0.86486,0.85544,0.72448,0.99907,normalised
118.30179977416992,,,0.8645,0.85526,1,,,,,,,,,GP3,0.8645,0.85526,0.72448,0.99907,normalised
118.31819152832031,,,0.86415,0.85514,1,,,,,,,,,GP3,0.86415,0.85514,0.72448,0.99907,normalised
118.33316397666931,,,0.86373,0.85513,1,,,,,,,,,GP3,0.86373,0.85513,0.72448,0.99907,normalised
118.3521454334259,,,0.86328,0.85535,1,,,,,,,,,GP3,0.86328,0.85535,0.72448,0.99907,normalised
118.36552953720093,,,0.86267,0.85599,1,,,,,,,,,GP3,0.86267,0.85599,0.72448,0.99907,normalised
118.38325548171997,,,0.86218,0.85651,1,,,,,,,,,GP3,0.86218,0.85651,0.72448,0.99907,normalised
118.40093469619751,,,0.86379,0.85626,1,,,,,,,,,GP3,0.86379,0.85626,0.72448,0.99907,normalised
118.41478967666626,,,0.8642,0.85537,1,,,,,,,,,GP3,0.8642,0.85537,0.72448,0.99907,normalised
118.43275189399719,,,0.86465,0.85443,1,,,,,,,,,GP3,0.86465,0.85443,0.72448,0.99907,normalised
118.44820666313171,,,0.86518,0.85481,1,,,,,,,,,GP3,0.86518,0.85481,0.72448,0.99907,normalised
118.46567845344543,,,0.86588,0.8544,1,,,,,,,,,GP3,0.86588,0.8544,0.72448,0.99907,normalised
118.4792046546936,,,0.86651,0.85407,1,,,,,,,,,GP3,0.86651,0.85407,0.72448,0.99907,normalised
118.49632954597473,,,0.84057,0.86355,0,,,,,,,,,GP3,0.84057,0.86355,0.72448,0.99907,normalised
118.51236152648926,,,0.83709,0.85779,0,,,,,,,,,GP3,0.83709,0.85779,0.72448,0.99907,normalised
118.527188539505,,,0.836,0.85581,0,,,,,,,,,GP3,0.836,0.85581,0.72448,0.99907,normalised
118.54387664794922,,,0.83689,0.8579,1,,,,,,,,,GP3,0.83689,0.8579,0.72448,0.99907,normalised
118.56166529655457,,,0.84145,0.8579,1,,,,,,,,,GP3,0.84145,0.8579,0.72448,0.99907,normalised
118.57827425003052,,,0.84521,0.85721,1,,,,,,,,,GP3,0.84521,0.85721,0.72448,0.99907,normalised
118.59208655357361,,,0.84372,0.85923,1,,,,,,,,,GP3,0.84372,0.85923,0.72448,0.99907,normalised
118.60911965370178,,,0.84195,0.86188,1,,,,,,,,,GP3,0.84195,0.86188,0.72448,0.99907,normalised
118.62552285194397,,,0.84,0.8645,1,,,,,,,,,GP3,0.84,0.8645,0.72448,0.99907,normalised
118.64338946342468,,,0.83937,0.86334,1,,,,,,,,,GP3,0.83937,0.86334,0.72448,0.99907,normalised
118.65809202194214,,,0.8385,0.86414,1,,,,,,,,,GP3,0.8385,0.86414,0.72448,0.99907,normalised
118.67381000518799,,,0.83823,0.86432,1,,,,,,,,,GP3,0.83823,0.86432,0.72448,0.99907,normalised
118.6910195350647,,,0.8393,0.86365,1,,,,,,,,,GP3,0.8393,0.86365,0.72448,0.99907,normalised
118.70797538757324,,,0.83971,0.86238,1,,,,,,,,,GP3,0.83971,0.86238,0.72448,0.99907,normalised
118.7235598564148,,,0.84013,0.86122,1,,,,,,,,,GP3,0.84013,0.86122,0.72448,0.99907,normalised
118.73825979232788,,,0.84127,0.86069,1,,,,,,,,,GP3,0.84127,0.86069,0.72448,0.99907,normalised
118.75515151023865,,,0.8414,0.86016,1,,,,,,,,,GP3,0.8414,0.86016,0.72448,0.99907,normalised
118.77389931678772,,,0.84121,0.86001,1,,,,,,,,,GP3,0.84121,0.86001,0.72448,0.99907,normalised
118.78737807273865,,,0.84128,0.85993,1,,,,,,,,,GP3,0.84128,0.85993,0.72448,0.99907,normalised
118.80422687530518,,,0.84197,0.86007,1,,,,,,,,,GP3,0.84197,0.86007,0.72448,0.99907,normalised
118.82111883163452,,,0.84264,0.86015,1,,,,,,,,,GP3,0.84264,0.86015,0.72448,0.99907,normalised
118.83564686775208,,,0.84289,0.85894,1,,,,,,,,,GP3,0.84289,0.85894,0.72448,0.99907,normalised
118.8523359298706,,,0.84293,0.85861,1,,,,,,,,,GP3,0.84293,0.85861,0.72448,0.99907,normalised
118.86895847320557,,,0.84293,0.85835,1,,,,,,,,,GP3,0.84293,0.85835,0.72448,0.99907,normalised
118.88564968109131,,,0.84254,0.85898,1,,,,,,,,,GP3,0.84254,0.85898,0.72448,0.99907,normalised
118.90008473396301,,,0.84223,0.85943,1,,,,,,,,,GP3,0.84223,0.85943,0.72448,0.99907,normalised
118.91515874862671,,,0.84199,0.8598,1,,,,,,,,,GP3,0.84199,0.8598,0.72448,0.99907,normalised
118.93285346031189,,,0.84205,0.85977,1,,,,,,,,,GP3,0.84205,0.85977,0.72448,0.99907,normalised
118.94738864898682,,,0.84166,0.86016,1,,,,,,,,,GP3,0.84166,0.86016,0.72448,0.99907,normalised
118.96500444412231,,,0.84132,0.86049,1,,,,,,,,,GP3,0.84132,0.86049,0.72448,0.99907,normalised
118.98080921173096,,,0.84078,0.86069,1,,,,,,,,,GP3,0.84078,0.86069,0.72448,0.99907,normalised
118.99849271774292,,,0.84064,0.86076,1,,,,,,,,,GP3,0.84064,0.86076,0.72448,0.99907,normalised
119.01453518867493,,,0.84047,0.86086,1,,,,,,,,,GP3,0.84047,0.86086,0.72448,0.99907,normalised
119.02914595603943,,,0.84055,0.86103,1,,,,,,,,,GP3,0.84055,0.86103,0.72448,0.99907,normalised
119.04524612426758,,,0.8404,0.86121,1,,,,,,,,,GP3,0.8404,0.86121,0.72448,0.99907,normalised
119.06302189826965,,,0.84038,0.86125,1,,,,,,,,,GP3,0.84038,0.86125,0.72448,0.99907,normalised
119.07862687110901,,,0.8408,0.86141,1,,,,,,,,,GP3,0.8408,0.86141,0.72448,0.99907,normalised
119.09454298019409,,,0.84124,0.86138,1,,,,,,,,,GP3,0.84124,0.86138,0.72448,0.99907,normalised
119.111900806427,,,0.84172,0.86128,1,,,,,,,,,GP3,0.84172,0.86128,0.72448,0.99907,normalised
119.12685632705688,,,0.84233,0.86138,1,,,,,,,,,GP3,0.84233,0.86138,0.72448,0.99907,normalised
119.1438820362091,,,0.84287,0.86109,1,,,,,,,,,GP3,0.84287,0.86109,0.72448,0.99907,normalised
119.16015839576721,,,0.84339,0.86081,1,,,,,,,,,GP3,0.84339,0.86081,0.72448,0.99907,normalised
119.17668557167053,,,0.84362,0.86062,1,,,,,,,,,GP3,0.84362,0.86062,0.72448,0.99907,normalised
119.19122004508972,,,0.84357,0.86062,1,,,,,,,,,GP3,0.84357,0.86062,0.72448,0.99907,normalised
119.20837664604187,,,0.84346,0.86067,1,,,,,,,,,GP3,0.84346,0.86067,0.72448,0.99907,normalised
119.22462391853333,,,0.84335,0.86042,1,,,,,,,,,GP3,0.84335,0.86042,0.72448,0.99907,normalised
119.24123930931091,,,0.84307,0.86011,1,,,,,,,,,GP3,0.84307,0.86011,0.72448,0.99907,normalised
119.25615286827087,,,0.84281,0.85981,1,,,,,,,,,GP3,0.84281,0.85981,0.72448,0.99907,normalised
119.27298140525818,,,0.84308,0.85988,1,,,,,,,,,GP3,0.84308,0.85988,0.72448,0.99907,normalised
119.28795742988586,,,0.84348,0.86063,1,,,,,,,,,GP3,0.84348,0.86063,0.72448,0.99907,normalised
119.30556559562683,,,0.84388,0.8614,1,,,,,,,,,GP3,0.84388,0.8614,0.72448,0.99907,normalised
119.32177686691284,,,0.8436,0.86164,1,,,,,,,,,GP3,0.8436,0.86164,0.72448,0.99907,normalised
119.33930683135986,,,0.84293,0.862,1,,,,,,,,,GP3,0.84293,0.862,0.72448,0.99907,normalised
119.35394310951233,,,0.84216,0.86245,1,,,,,,,,,GP3,0.84216,0.86245,0.72448,0.99907,normalised
119.36849737167358,,,0.84217,0.86239,1,,,,,,,,,GP3,0.84217,0.86239,0.72448,0.99907,normalised
119.38627314567566,,,0.84188,0.86138,1,,,,,,,,,GP3,0.84188,0.86138,0.72448,0.99907,normalised
119.40297961235046,,,0.84168,0.8603,1,,,,,,,,,GP3,0.84168,0.8603,0.72448,0.99907,normalised
119.41701054573059,,,0.83983,0.85818,1,,,,,,,,,GP3,0.83983,0.85818,0.72448,0.99907,normalised
119.43453407287598,,,0.83832,0.85514,1,,,,,,,,,GP3,0.83832,0.85514,0.72448,0.99907,normalised
119.44905233383179,,,0.81352,0.83448,0,,,,,,,,,GP3,0.81352,0.83448,0.72448,0.99907,normalised
119.46657276153564,,,0.7792,0.78617,0,,,,,,,,,GP3,0.7792,0.78617,0.72448,0.99907,normalised
119.48408818244934,,,0.76484,0.77896,0,,,,,,,,,GP3,0.76484,0.77896,0.72448,0.99907,normalised
119.49860668182373,,,0.73927,0.75517,0,,,,,,,,,GP3,0.73927,0.75517,0.72448,0.99907,normalised
119.51504945755005,,,0.7476,0.76168,0,,,,,,,,,GP3,0.7476,0.76168,0.72448,0.99907,normalised
119.53249740600586,,,0.75153,0.75006,0,,,,,,,,,GP3,0.75153,0.75006,0.72448,0.99907,normalised
119.54722929000854,,,0.75368,0.74392,1,,,,,,,,,GP3,0.75368,0.74392,0.72448,0.99907,normalised
119.56483054161072,,,0.7498,0.74512,1,,,,,,,,,GP3,0.7498,0.74512,0.72448,0.99907,normalised
119.5822823047638,,,0.74777,0.74512,1,,,,,,,,,GP3,0.74777,0.74512,0.72448,0.99907,normalised
119.5958788394928,,,0.74614,0.74551,1,,,,,,,,,GP3,0.74614,0.74551,0.72448,0.99907,normalised
119.61432528495789,,,0.74609,0.74439,1,,,,,,,,,GP3,0.74609,0.74439,0.72448,0.99907,normalised
119.62876963615417,,,0.74605,0.74073,1,,,,,,,,,GP3,0.74605,0.74073,0.72448,0.99907,normalised
119.64531540870667,,,0.74602,0.7378,1,,,,,,,,,GP3,0.74602,0.7378,0.72448,0.99907,normalised
119.65997576713562,,,0.74503,0.73796,1,,,,,,,,,GP3,0.74503,0.73796,0.72448,0.99907,normalised
119.67685866355896,,,0.7445,0.73777,1,,,,,,,,,GP3,0.7445,0.73777,0.72448,0.99907,normalised
119.69439339637756,,,0.74399,0.73774,1,,,,,,,,,GP3,0.74399,0.73774,0.72448,0.99907,normalised
119.71008038520813,,,0.74394,0.73754,1,,,,,,,,,GP3,0.74394,0.73754,0.72448,0.99907,normalised
119.72438645362854,,,0.74433,0.73836,1,,,,,,,,,GP3,0.74433,0.73836,0.72448,0.99907,normalised
119.74190068244934,,,0.74477,0.73891,1,,,,,,,,,GP3,0.74477,0.73891,0.72448,0.99907,normalised
119.75657439231873,,,0.74467,0.738,1,,,,,,,,,GP3,0.74467,0.738,0.72448,0.99907,normalised
119.77406311035156,,,0.74395,0.73761,1,,,,,,,,,GP3,0.74395,0.73761,0.72448,0.99907,normalised
119.78907227516174,,,0.74343,0.73701,1,,,,,,,,,GP3,0.74343,0.73701,0.72448,0.99907,normalised
119.80609846115112,,,0.74323,0.73593,1,,,,,,,,,GP3,0.74323,0.73593,0.72448,0.99907,normalised
119.8238582611084,,,0.74369,0.73529,1,,,,,,,,,GP3,0.74369,0.73529,0.72448,0.99907,normalised
119.83745336532593,,,0.74417,0.73456,1,,,,,,,,,GP3,0.74417,0.73456,0.72448,0.99907,normalised
119.85491871833801,,,0.74409,0.73288,1,,,,,,,,,GP3,0.74409,0.73288,0.72448,0.99907,normalised
119.86950159072876,,,0.74457,0.7321,1,,,,,,,,,GP3,0.74457,0.7321,0.72448,0.99907,normalised
119.88692855834961,,,0.74496,0.73151,1,,,,,,,,,GP3,0.74496,0.73151,0.72448,0.99907,normalised
119.90444374084473,,,0.74496,0.7297,1,,,,,,,,,GP3,0.74496,0.7297,0.72448,0.99907,normalised
119.91851305961609,,,0.74466,0.72927,1,,,,,,,,,GP3,0.74466,0.72927,0.72448,0.99907,normalised
119.9360339641571,,,0.74434,0.72895,1,,,,,,,,,GP3,0.74434,0.72895,0.72448,0.99907,normalised
119.95357060432434,,,0.74427,0.72829,1,,,,,,,,,GP3,0.74427,0.72829,0.72448,0.99907,normalised
119.96807765960693,,,0.74439,0.72718,1,,,,,,,,,GP3,0.74439,0.72718,0.72448,0.99907,normalised
119.98559284210205,,,0.74449,0.72614,1,,,,,,,,,GP3,0.74449,0.72614,0.72448,0.99907,normalised
119.99930953979492,,,0.7445,0.72653,1,,,,,,,,,GP3,0.7445,0.72653,0.72448,0.99907,normalised
120.0162422657013,,,0.7445,0.72691,1,,,,,,,,,GP3,0.7445,0.72691,0.72448,0.99907,normalised
120.03198146820068,,,0.74445,0.72736,1,,,,,,,,,GP3,0.74445,0.72736,0.72448,0.99907,normalised
120.04950785636902,,,0.74412,0.72716,1,,,,,,,,,GP3,0.74412,0.72716,0.72448,0.99907,normalised
120.06405019760132,,,0.74389,0.72694,1,,,,,,,,,GP3,0.74389,0.72694,0.72448,0.99907,normalised
120.08076357841492,,,0.74369,0.72669,1,,,,,,,,,GP3,0.74369,0.72669,0.72448,0.99907,normalised
120.09820127487183,,,0.74371,0.72528,1,,,,,,,,,GP3,0.74371,0.72528,0.72448,0.99907,normalised
120.11475563049316,,,0.74612,0.72587,1,,,,,,,,,GP3,0.74612,0.72587,0.72448,0.99907,normalised
120.1321952342987,,,0.7485,0.72633,1,,,,,,,,,GP3,0.7485,0.72633,0.72448,0.99907,normalised
120.14674854278564,,,0.73472,0.68829,0,,,,,,,,,GP3,0.73472,0.68829,0.72448,0.99907,normalised
120.1638674736023,,,0.59454,0.51325,0,,,,,,,,,GP3,0.59454,0.51325,0.72448,0.99907,normalised
120.17760586738586,,,0.54786,0.45596,0,,,,,,,,,GP3,0.54786,0.45596,0.72448,0.99907,normalised
120.20102572441101,,,0.44216,0.32399,0,,,,,,,,,GP3,0.44216,0.32399,0.72448,0.99907,normalised
120.21164131164551,,,0.41842,0.29108,0,,,,,,,,,GP3,0.41842,0.29108,0.72448,0.99907,normalised
120.22768545150757,,,0.4108,0.28224,0,,,,,,,,,GP3,0.4108,0.28224,0.72448,0.99907,normalised
120.24129247665405,,,0.3984,0.26635,1,,,,,,,,,GP3,0.3984,0.26635,0.72448,0.99907,normalised
120.25881361961365,,,0.39256,0.25536,1,,,,,,,,,GP3,0.39256,0.25536,0.72448,0.99907,normalised
120.27634930610657,,,0.38839,0.24583,1,,,,,,,,,GP3,0.38839,0.24583,0.72448,0.99907,normalised
120.29095435142517,,,0.38286,0.23744,1,,,,,,,,,GP3,0.38286,0.23744,0.72448,0.99907,normalised
120.30803298950195,,,0.37808,0.23209,1,,,,,,,,,GP3,0.37808,0.23209,0.72448,0.99907,normalised
120.32474327087402,,,0.37436,0.22792,1,,,,,,,,,GP3,0.37436,0.22792,0.72448,0.99907,normalised
120.33918714523315,,,0.37186,0.22376,1,,,,,,,,,GP3,0.37186,0.22376,0.72448,0.99907,normalised
120.35492396354675,,,0.36951,0.22076,1,,,,,,,,,GP3,0.36951,0.22076,0.72448,0.99907,normalised
120.37242269515991,,,0.36745,0.21736,1,,,,,,,,,GP3,0.36745,0.21736,0.72448,0.99907,normalised
120.38759803771973,,,0.36535,0.21245,1,,,,,,,,,GP3,0.36535,0.21245,0.72448,0.99907,normalised
120.40468645095825,,,0.36334,0.2067,1,,,,,,,,,GP3,0.36334,0.2067,0.72448,0.99907,normalised
120.41945886611938,,,0.36145,0.2007,1,,,,,,,,,GP3,0.36145,0.2007,0.72448,0.99907,normalised
120.43585753440857,,,0.34612,0.17342,0,,,,,,,,,GP3,0.34612,0.17342,0.72448,0.99907,normalised
120.45458149909973,,,0.31963,0.1385,0,,,,,,,,,GP3,0.31963,0.1385,0.72448,0.99907,normalised
120.47031354904175,,,0.31132,0.12946,0,,,,,,,,,GP3,0.31132,0.12946,0.72448,0.99907,normalised
120.48685669898987,,,0.30419,0.12835,1,,,,,,,,,GP3,0.30419,0.12835,0.72448,0.99907,normalised
120.50270628929138,,,0.3014,0.13801,1,,,,,,,,,GP3,0.3014,0.13801,0.72448,0.99907,normalised
120.51979327201843,,,0.30009,0.14694,1,,,,,,,,,GP3,0.30009,0.14694,0.72448,0.99907,normalised
120.5335328578949,,,0.30074,0.15938,1,,,,,,,,,GP3,0.30074,0.15938,0.72448,0.99907,normalised
120.55036926269531,,,0.29989,0.16862,1,,,,,,,,,GP3,0.29989,0.16862,0.72448,0.99907,normalised
120.56708931922913,,,0.29924,0.17581,1,,,,,,,,,GP3,0.29924,0.17581,0.72448,0.99907,normalised
120.581533908844,,,0.30013,0.18156,1,,,,,,,,,GP3,0.30013,0.18156,0.72448,0.99907,normalised
120.5990161895752,,,0.30128,0.18469,1,,,,,,,,,GP3,0.30128,0.18469,0.72448,0.99907,normalised
120.61507868766785,,,0.30235,0.18785,1,,,,,,,,,GP3,0.30235,0.18785,0.72448,0.99907,normalised
120.63073563575745,,,0.3039,0.19344,1,,,,,,,,,GP3,0.3039,0.19344,0.72448,0.99907,normalised
120.64670133590698,,,0.30469,0.19548,1,,,,,,,,,GP3,0.30469,0.19548,0.72448,0.99907,normalised
120.66412806510925,,,0.30546,0.19768,1,,,,,,,,,GP3,0.30546,0.19768,0.72448,0.99907,normalised
120.68072628974915,,,0.30647,0.19935,1,,,,,,,,,GP3,0.30647,0.19935,0.72448,0.99907,normalised
120.69633674621582,,,0.31059,0.22903,0,,,,,,,,,GP3,0.31059,0.22903,0.72448,0.99907,normalised
120.71091651916504,,,0.31934,0.2325,0,,,,,,,,,GP3,0.31934,0.2325,0.72448,0.99907,normalised
120.72833275794983,,,0.31068,0.19853,0,,,,,,,,,GP3,0.31068,0.19853,0.72448,0.99907,normalised
120.74285531044006,,,0.3099,0.17983,1,,,,,,,,,GP3,0.3099,0.17983,0.72448,0.99907,normalised
120.76036405563354,,,0.30688,0.1552,1,,,,,,,,,GP3,0.30688,0.1552,0.72448,0.99907,normalised
120.77621293067932,,,0.30335,0.12171,1,,,,,,,,,GP3,0.30335,0.12171,0.72448,0.99907,normalised
120.79362773895264,,,0.29621,0.0857,1,,,,,,,,,GP3,0.29621,0.0857,0.72448,0.99907,normalised
120.8098418712616,,,0.29061,0.05738,1,,,,,,,,,GP3,0.29061,0.05738,0.72448,0.99907,normalised
120.8273651599884,,,0.28307,0.0444,1,,,,,,,,,GP3,0.28307,0.0444,0.72448,0.99907,normalised
120.84396147727966,,,0.22403,0.30006,1,,,,,,,,,GP3,0.22403,0.30006,0.72448,0.99907,normalised
120.85850405693054,,,0.22403,0.30006,1,,,,,,,,,GP3,0.22403,0.30006,0.72448,0.99907,normalised
120.8782057762146,,,0.22403,0.30006,1,,,,,,,,,GP3,0.22403,0.30006,0.72448,0.99907,normalised
120.89558815956116,,,0.22403,0.30006,1,,,,,,,,,GP3,0.22403,0.30006,0.72448,0.99907,normalised
120.90710806846619,,,0.21441,0.30795,0,,,,,,,,,GP3,0.21441,0.30795,0.72448,0.99907,normalised
120.92383480072021,,,0.21441,0.30795,0,,,,,,,,,GP3,0.21441,0.30795,0.72448,0.99907,normalised
120.94179105758667,,,0.21441,0.30795,0,,,,,,,,,GP3,0.21441,0.30795,0.72448,0.99907,normalised
120.95847797393799,,,0.0,0.0,0,,,,,,,,,GP3,0.0,0.0,0.72448,0.99907,normalised
120.97196626663208,,,0.0,0.0,0,,,,,,,,,GP3,0.0,0.0,0.72448,0.99907,normalised
120.99152445793152,,,0.0,0.0,0,,,,,,,,,GP3,0.0,0.0,0.72448,0.99907,normalised
121.00510025024414,,,0.0,0.0,0,,,,,,,,,GP3,0.0,0.0,0.72448,0.99907,normalised
121.02125453948975,,,0.0,0.0,0,,,,,,,,,GP3,0.0,0.0,0.72448,0.99907,normalised
121.03783845901489,,,0.0,0.0,0,,,,,,,,,GP3,0.0,0.0,0.72448,0.99907,normalised
121.05435848236084,,,0.0,0.0,0,,,,,,,,,GP3,0.0,0.0,0.72448,0.99907,normalised
121.07088780403137,,,0.0,0.0,0,,,,,,,,,GP3,0.0,0.0,0.72448,0.99907,normalised
121.08839654922485,,,0.0,0.0,0,,,,,,,,,GP3,0.0,0.0,0.72448,0.99907,normalised
121.10194826126099,,,0.0,0.0,0,,,,,,,,,GP3,0.0,0.0,0.72448,0.99907,normalised
121.11980843544006,,,0.0,0.0,0,,,,,,,,,GP3,0.0,0.0,0.72448,0.99907,normalised
121.13657355308533,,,0.0,0.0,0,,,,,,,,,GP3,0.0,0.0,0.72448,0.99907,normalised
121.15510535240173,,,-0.30211,2.59273,0,,,,,,,,,GP3,-0.30211,2.59273,0.72448,0.99907,normalised
121.16562080383301,,,0.01231,1.3919,0,,,,,,,,,GP3,0.01231,1.3919,0.72448,0.99907,normalised
121.18123745918274,,,0.12491,1.02016,0,,,,,,,,,GP3,0.12491,1.02016,0.72448,0.99907,normalised
121.19680976867676,,,0.34664,0.27412,0,,,,,,,,,GP3,0.34664,0.27412,0.72448,0.99907,normalised
121.21476364135742,,,0.36265,0.32868,0,,,,,,,,,GP3,0.36265,0.32868,0.72448,0.99907,normalised
121.22949385643005,,,0.37011,0.34418,0,,,,,,,,,GP3,0.37011,0.34418,0.72448,0.99907,normalised
121.24417853355408,,,0.38169,0.36897,0,,,,,,,,,GP3,0.38169,0.36897,0.72448,0.99907,normalised
121.26462388038635,,,0.37896,0.33411,0,,,,,,,,,GP3,0.37896,0.33411,0.72448,0.99907,normalised
121.27733540534973,,,0.36451,0.31308,0,,,,,,,,,GP3,0.36451,0.31308,0.72448,0.99907,normalised
121.29487252235413,,,0.35732,0.30346,1,,,,,,,,,GP3,0.35732,0.30346,0.72448,0.99907,normalised
121.31225514411926,,,0.35259,0.30075,1,,,,,,,,,GP3,0.35259,0.30075,0.72448,0.99907,normalised
121.32630586624146,,,0.35101,0.30322,1,,,,,,,,,GP3,0.35101,0.30322,0.72448,0.99907,normalised
121.34382939338684,,,0.35024,0.30722,1,,,,,,,,,GP3,0.35024,0.30722,0.72448,0.99907,normalised
121.35836386680603,,,0.34905,0.31213,1,,,,,,,,,GP3,0.34905,0.31213,0.72448,0.99907,normalised
121.37461471557617,,,0.34918,0.31566,1,,,,,,,,,GP3,0.34918,0.31566,0.72448,0.99907,normalised
121.39203906059265,,,0.34922,0.31812,1,,,,,,,,,GP3,0.34922,0.31812,0.72448,0.99907,normalised
121.4065682888031,,,0.34836,0.31878,1,,,,,,,,,GP3,0.34836,0.31878,0.72448,0.99907,normalised
121.42359709739685,,,0.3476,0.3192,1,,,,,,,,,GP3,0.3476,0.3192,0.72448,0.99907,normalised
121.43828296661377,,,0.34696,0.31955,1,,,,,,,,,GP3,0.34696,0.31955,0.72448,0.99907,normalised
121.45591592788696,,,0.34691,0.32089,1,,,,,,,,,GP3,0.34691,0.32089,0.72448,0.99907,normalised
121.47344756126404,,,0.34717,0.32243,1,,,,,,,,,GP3,0.34717,0.32243,0.72448,0.99907,normalised
121.48797941207886,,,0.34754,0.32469,1,,,,,,,,,GP3,0.34754,0.32469,0.72448,0.99907,normalised
121.50504922866821,,,0.34703,0.32696,1,,,,,,,,,GP3,0.34703,0.32696,0.72448,0.99907,normalised
121.52010321617126,,,0.34638,0.32918,1,,,,,,,,,GP3,0.34638,0.32918,0.72448,0.99907,normalised
121.53761839866638,,,0.3458,0.33117,1,,,,,,,,,GP3,0.3458,0.33117,0.72448,0.99907,normalised
121.55359268188477,,,0.34541,0.33196,1,,,,,,,,,GP3,0.34541,0.33196,0.72448,0.99907,normalised
121.5693826675415,,,0.34467,0.33258,1,,,,,,,,,GP3,0.34467,0.33258,0.72448,0.99907,normalised
121.58597612380981,,,0.34391,0.33256,1,,,,,,,,,GP3,0.34391,0.33256,0.72448,0.99907,normalised
121.60285425186157,,,0.34362,0.33197,1,,,,,,,,,GP3,0.34362,0.33197,0.72448,0.99907,normalised
121.61708927154541,,,0.34314,0.33074,1,,,,,,,,,GP3,0.34314,0.33074,0.72448,0.99907,normalised
121.63277816772461,,,0.34258,0.32913,1,,,,,,,,,GP3,0.34258,0.32913,0.72448,0.99907,normalised
121.64919996261597,,,0.34233,0.32735,1,,,,,,,,,GP3,0.34233,0.32735,0.72448,0.99907,normalised
121.66689991950989,,,0.34179,0.32616,1,,,,,,,,,GP3,0.34179,0.32616,0.72448,0.99907,normalised
121.68359208106995,,,0.34145,0.32597,1,,,,,,,,,GP3,0.34145,0.32597,0.72448,0.99907,normalised
121.69732737541199,,,0.34152,0.32696,1,,,,,,,,,GP3,0.34152,0.32696,0.72448,0.99907,normalised
121.71478748321533,,,0.34157,0.32805,1,,,,,,,,,GP3,0.34157,0.32805,0.72448,0.99907,normalised
121.73130202293396,,,0.34166,0.32929,1,,,,,,,,,GP3,0.34166,0.32929,0.72448,0.99907,normalised
121.74784135818481,,,0.34173,0.33007,1,,,,,,,,,GP3,0.34173,0.33007,0.72448,0.99907,normalised
121.76247048377991,,,0.34163,0.33133,1,,,,,,,,,GP3,0.34163,0.33133,0.72448,0.99907,normalised
121.7799961566925,,,0.34149,0.33214,1,,,,,,,,,GP3,0.34149,0.33214,0.72448,0.99907,normalised
121.79454350471497,,,0.34161,0.33222,1,,,,,,,,,GP3,0.34161,0.33222,0.72448,0.99907,normalised
121.8139591217041,,,0.34102,0.33196,1,,,,,,,,,GP3,0.34102,0.33196,0.72448,0.99907,normalised
121.82667660713196,,,0.34033,0.33106,1,,,,,,,,,GP3,0.34033,0.33106,0.72448,0.99907,normalised
121.84366273880005,,,0.33952,0.32965,1,,,,,,,,,GP3,0.33952,0.32965,0.72448,0.99907,normalised
121.86149287223816,,,0.33866,0.32791,1,,,,,,,,,GP3,0.33866,0.32791,0.72448,0.99907,normalised
121.8759138584137,,,0.3379,0.32658,1,,,,,,,,,GP3,0.3379,0.32658,0.72448,0.99907,normalised
121.89272665977478,,,0.33765,0.32567,1,,,,,,,,,GP3,0.33765,0.32567,0.72448,0.99907,normalised
121.90976929664612,,,0.33764,0.32529,1,,,,,,,,,GP3,0.33764,0.32529,0.72448,0.99907,normalised
121.9253797531128,,,0.33774,0.32551,1,,,,,,,,,GP3,0.33774,0.32551,0.72448,0.99907,normalised
121.94133734703064,,,0.33752,0.32632,1,,,,,,,,,GP3,0.33752,0.32632,0.72448,0.99907,normalised
121.9587755203247,,,0.33746,0.32692,1,,,,,,,,,GP3,0.33746,0.32692,0.72448,0.99907,normalised
121.97530245780945,,,0.33741,0.3275,1,,,,,,,,,GP3,0.33741,0.3275,0.72448,0.99907,normalised
121.98993825912476,,,0.33734,0.32818,1,,,,,,,,,GP3,0.33734,0.32818,0.72448,0.99907,normalised
122.0045268535614,,,0.33759,0.32968,1,,,,,,,,,GP3,0.33759,0.32968,0.72448,0.99907,normalised
122.02391910552979,,,0.33695,0.33046,1,,,,,,,,,GP3,0.33695,0.33046,0.72448,0.99907,normalised
122.03766083717346,,,0.33632,0.33281,1,,,,,,,,,GP3,0.33632,0.33281,0.72448,0.99907,normalised
122.05541157722473,,,0.3363,0.33516,1,,,,,,,,,GP3,0.3363,0.33516,0.72448,0.99907,normalised
122.07045555114746,,,0.33798,0.36285,0,,,,,,,,,GP3,0.33798,0.36285,0.72448,0.99907,normalised
122.08600735664368,,,0.34181,0.37513,0,,,,,,,,,GP3,0.34181,0.37513,0.72448,0.99907,normalised
122.10255908966064,,,0.34353,0.38352,0,,,,,,,,,GP3,0.34353,0.38352,0.72448,0.99907,normalised
122.12021231651306,,,0.34431,0.3872,1,,,,,,,,,GP3,0.34431,0.3872,0.72448,0.99907,normalised
122.1367576122284,,,0.34143,0.39014,1,,,,,,,,,GP3,0.34143,0.39014,0.72448,0.99907,normalised
122.1525285243988,,,0.34038,0.39137,1,,,,,,,,,GP3,0.34038,0.39137,0.72448,0.99907,normalised
122.16931700706482,,,0.33935,0.39061,1,,,,,,,,,GP3,0.33935,0.39061,0.72448,0.99907,normalised
122.18509197235107,,,0.33975,0.38937,1,,,,,,,,,GP3,0.33975,0.38937,0.72448,0.99907,normalised
122.20154047012329,,,0.33959,0.38412,1,,,,,,,,,GP3,0.33959,0.38412,0.72448,0.99907,normalised
122.21496057510376,,,0.33914,0.37841,1,,,,,,,,,GP3,0.33914,0.37841,0.72448,0.99907,normalised
122.23199343681335,,,0.33921,0.37333,1,,,,,,,,,GP3,0.33921,0.37333,0.72448,0.99907,normalised
122.24779605865479,,,0.3389,0.36981,1,,,,,,,,,GP3,0.3389,0.36981,0.72448,0.99907,normalised
122.26587104797363,,,0.33864,0.36683,1,,,,,,,,,GP3,0.33864,0.36683,0.72448,0.99907,normalised
122.28175187110901,,,0.3392,0.36462,1,,,,,,,,,GP3,0.3392,0.36462,0.72448,0.99907,normalised
122.29953026771545,,,0.33901,0.36127,1,,,,,,,,,GP3,0.33901,0.36127,0.72448,0.99907,normalised
122.31181025505066,,,0.33868,0.3575,1,,,,,,,,,GP3,0.33868,0.3575,0.72448,0.99907,normalised
122.32928276062012,,,0.33799,0.35363,1,,,,,,,,,GP3,0.33799,0.35363,0.72448,0.99907,normalised
122.34529709815979,,,0.33706,0.34827,1,,,,,,,,,GP3,0.33706,0.34827,0.72448,0.99907,normalised
122.36296796798706,,,0.33397,0.3138,0,,,,,,,,,GP3,0.33397,0.3138,0.72448,0.99907,normalised
122.37743830680847,,,0.32604,0.26903,0,,,,,,,,,GP3,0.32604,0.26903,0.72448,0.99907,normalised
122.3942322731018,,,0.3239,0.24698,0,,,,,,,,,GP3,0.3239,0.24698,0.72448,0.99907,normalised
122.41139221191406,,,0.32447,0.24428,1,,,,,,,,,GP3,0.32447,0.24428,0.72448,0.99907,normalised
122.42591667175293,,,0.32757,0.25879,1,,,,,,,,,GP3,0.32757,0.25879,0.72448,0.99907,normalised
122.44357633590698,,,0.33058,0.2784,1,,,,,,,,,GP3,0.33058,0.2784,0.72448,0.99907,normalised
122.4579906463623,,,0.3347,0.30166,1,,,,,,,,,GP3,0.3347,0.30166,0.72448,0.99907,normalised
122.47582721710205,,,0.33738,0.32494,1,,,,,,,,,GP3,0.33738,0.32494,0.72448,0.99907,normalised
122.49270391464233,,,0.34061,0.34316,1,,,,,,,,,GP3,0.34061,0.34316,0.72448,0.99907,normalised
122.50838828086853,,,0.34278,0.35582,1,,,,,,,,,GP3,0.34278,0.35582,0.72448,0.99907,normalised
122.52395963668823,,,0.34526,0.3643,1,,,,,,,,,GP3,0.34526,0.3643,0.72448,0.99907,normalised
122.5415403842926,,,0.34693,0.36938,1,,,,,,,,,GP3,0.34693,0.36938,0.72448,0.99907,normalised
122.55541157722473,,,0.34803,0.37219,1,,,,,,,,,GP3,0.34803,0.37219,0.72448,0.99907,normalised
122.57239127159119,,,0.34741,0.37375,1,,,,,,,,,GP3,0.34741,0.37375,0.72448,0.99907,normalised
122.58835196495056,,,0.35301,0.40581,0,,,,,,,,,GP3,0.35301,0.40581,0.72448,0.99907,normalised
122.60527324676514,,,0.34707,0.3852,0,,,,,,,,,GP3,0.34707,0.3852,0.72448,0.99907,normalised
122.6207013130188,,,0.34671,0.38199,0,,,,,,,,,GP3,0.34671,0.38199,0.72448,0.99907,normalised
122.63752841949463,,,0.34645,0.37675,1,,,,,,,,,GP3,0.34645,0.37675,0.72448,0.99907,normalised
122.6518976688385,,,0.34558,0.37019,1,,,,,,,,,GP3,0.34558,0.37019,0.72448,0.99907,normalised
122.66889882087708,,,0.33756,0.32876,1,,,,,,,,,GP3,0.33756,0.32876,0.72448,0.99907,normalised
122.68563532829285,,,0.32309,0.27014,1,,,,,,,,,GP3,0.32309,0.27014,0.72448,0.99907,normalised
122.70006465911865,,,0.30061,0.1722,0,,,,,,,,,GP3,0.30061,0.1722,0.72448,0.99907,normalised
122.71744465827942,,,0.23473,-0.15289,0,,,,,,,,,GP3,0.23473,-0.15289,0.72448,0.99907,normalised
122.73500037193298,,,0.21665,-0.26107,0,,,,,,,,,GP3,0.21665,-0.26107,0.72448,0.99907,normalised
122.74951887130737,,,0.17704,-0.47523,0,,,,,,,,,GP3,0.17704,-0.47523,0.72448,0.99907,normalised
122.76555347442627,,,0.19334,-0.45831,0,,,,,,,,,GP3,0.19334,-0.45831,0.72448,0.99907,normalised
122.78239464759827,,,0.17952,-0.46403,0,,,,,,,,,GP3,0.17952,-0.46403,0.72448,0.99907,normalised
122.79921555519104,,,0.17261,-0.46689,1,,,,,,,,,GP3,0.17261,-0.46689,0.72448,0.99907,normalised
122.81547951698303,,,0.17169,-0.46868,1,,,,,,,,,GP3,0.17169,-0.46868,0.72448,0.99907,normalised
122.82917618751526,,,0.17387,-0.47086,1,,,,,,,,,GP3,0.17387,-0.47086,0.72448,0.99907,normalised
122.84780406951904,,,0.17543,-0.47241,1,,,,,,,,,GP3,0.17543,-0.47241,0.72448,0.99907,normalised
122.86163187026978,,,0.17511,-0.47519,1,,,,,,,,,GP3,0.17511,-0.47519,0.72448,0.99907,normalised
122.87830972671509,,,0.17601,-0.47357,1,,,,,,,,,GP3,0.17601,-0.47357,0.72448,0.99907,normalised
122.8950834274292,,,0.17684,-0.47164,1,,,,,,,,,GP3,0.17684,-0.47164,0.72448,0.99907,normalised
122.9107358455658,,,0.17587,-0.47055,1,,,,,,,,,GP3,0.17587,-0.47055,0.72448,0.99907,normalised
122.92748737335205,,,0.17924,-0.46275,1,,,,,,,,,GP3,0.17924,-0.46275,0.72448,0.99907,normalised
122.9451174736023,,,0.18284,-0.44963,1,,,,,,,,,GP3,0.18284,-0.44963,0.72448,0.99907,normalised
122.95968127250671,,,0.20238,-0.41494,1,,,,,,,,,GP3,0.20238,-0.41494,0.72448,0.99907,normalised
122.97594165802002,,,0.21526,-0.38278,1,,,,,,,,,GP3,0.21526,-0.38278,0.72448,0.99907,normalised
122.99334692955017,,,0.24571,-0.30276,0,,,,,,,,,GP3,0.24571,-0.30276,0.72448,0.99907,normalised
123.00744581222534,,,0.37678,0.14054,0,,,,,,,,,GP3,0.37678,0.14054,0.72448,0.99907,normalised
123.02461242675781,,,0.41997,0.2798,0,,,,,,,,,GP3,0.41997,0.2798,0.72448,0.99907,normalised
123.04208087921143,,,0.50685,0.57037,0,,,,,,,,,GP3,0.50685,0.57037,0.72448,0.99907,normalised
123.05689477920532,,,0.51089,0.5624,0,,,,,,,,,GP3,0.51089,0.5624,0.72448,0.99907,normalised
123.07432198524475,,,0.51165,0.56681,0,,,,,,,,,GP3,0.51165,0.56681,0.72448,0.99907,normalised
123.09096670150757,,,0.51204,0.56795,1,,,,,,,,,GP3,0.51204,0.56795,0.72448,0.99907,normalised
123.10667157173157,,,0.51251,0.57014,1,,,,,,,,,GP3,0.51251,0.57014,0.72448,0.99907,normalised
123.1231837272644,,,0.51269,0.57259,1,,,,,,,,,GP3,0.51269,0.57259,0.72448,0.99907,normalised
123.13770413398743,,,0.51283,0.57381,1,,,,,,,,,GP3,0.51283,0.57381,0.72448,0.99907,normalised
123.15366053581238,,,0.51296,0.57099,1,,,,,,,,,GP3,0.51296,0.57099,0.72448,0.99907,normalised
123.1689944267273,,,0.51438,0.56785,1,,,,,,,,,GP3,0.51438,0.56785,0.72448,0.99907,normalised
123.18660974502563,,,0.51551,0.56534,1,,,,,,,,,GP3,0.51551,0.56534,0.72448,0.99907,normalised
123.20333218574524,,,0.52319,0.5682,1,,,,,,,,,GP3,0.52319,0.5682,0.72448,0.99907,normalised
123.22120213508606,,,0.53067,0.57228,1,,,,,,,,,GP3,0.53067,0.57228,0.72448,0.99907,normalised
123.23558235168457,,,0.53694,0.576,1,,,,,,,,,GP3,0.53694,0.576,0.72448,0.99907,normalised
123.2523717880249,,,0.54279,0.58112,1,,,,,,,,,GP3,0.54279,0.58112,0.72448,0.99907,normalised
123.26684880256653,,,0.5478,0.58502,1,,,,,,,,,GP3,0.5478,0.58502,0.72448,0.99907,normalised
123.28452467918396,,,0.55222,0.5883,1,,,,,,,,,GP3,0.55222,0.5883,0.72448,0.99907,normalised
123.29914164543152,,,0.55545,0.59185,1,,,,,,,,,GP3,0.55545,0.59185,0.72448,0.99907,normalised
123.31553936004639,,,0.58274,0.60568,0,,,,,,,,,GP3,0.58274,0.60568,0.72448,0.99907,normalised
123.33198857307434,,,0.60419,0.62587,0,,,,,,,,,GP3,0.60419,0.62587,0.72448,0.99907,normalised
123.34850549697876,,,0.60901,0.64076,0,,,,,,,,,GP3,0.60901,0.64076,0.72448,0.99907,normalised
123.36491656303406,,,0.61103,0.64588,1,,,,,,,,,GP3,0.61103,0.64588,0.72448,0.99907,normalised
123.37969541549683,,,0.61216,0.64938,1,,,,,,,,,GP3,0.61216,0.64938,0.72448,0.99907,normalised
123.39648127555847,,,0.61185,0.65501,1,,,,,,,,,GP3,0.61185,0.65501,0.72448,0.99907,normalised
123.41384053230286,,,0.61203,0.65433,1,,,,,,,,,GP3,0.61203,0.65433,0.72448,0.99907,normalised
123.42824745178223,,,0.61217,0.65379,1,,,,,,,,,GP3,0.61217,0.65379,0.72448,0.99907,normalised
123.44610977172852,,,0.6157,0.66066,1,,,,,,,,,GP3,0.6157,0.66066,0.72448,0.99907,normalised
123.460782289505,,,0.6167,0.66684,1,,,,,,,,,GP3,0.6167,0.66684,0.72448,0.99907,normalised
123.47846746444702,,,0.61742,0.67234,1,,,,,,,,,GP3,0.61742,0.67234,0.72448,0.99907,normalised
123.49304866790771,,,0.61894,0.67428,1,,,,,,,,,GP3,0.61894,0.67428,0.72448,0.99907,normalised
123.51085996627808,,,0.62086,0.67747,1,,,,,,,,,GP3,0.62086,0.67747,0.72448,0.99907,normalised
123.52674412727356,,,0.62269,0.67953,1,,,,,,,,,GP3,0.62269,0.67953,0.72448,0.99907,normalised
123.54357075691223,,,0.62424,0.67966,1,,,,,,,,,GP3,0.62424,0.67966,0.72448,0.99907,normalised
123.55735778808594,,,0.62522,0.67881,1,,,,,,,,,GP3,0.62522,0.67881,0.72448,0.99907,normalised
123.57517385482788,,,0.62612,0.67784,1,,,,,,,,,GP3,0.62612,0.67784,0.72448,0.99907,normalised
123.59271669387817,,,0.62638,0.6781,1,,,,,,,,,GP3,0.62638,0.6781,0.72448,0.99907,normalised
123.60733366012573,,,0.62664,0.67863,1,,,,,,,,,GP3,0.62664,0.67863,0.72448,0.99907,normalised
123.62237095832825,,,0.62687,0.67911,1,,,,,,,,,GP3,0.62687,0.67911,0.72448,0.99907,normalised
123.63995909690857,,,0.62732,0.67978,1,,,,,,,,,GP3,0.62732,0.67978,0.72448,0.99907,normalised
123.65685296058655,,,0.62749,0.68013,1,,,,,,,,,GP3,0.62749,0.68013,0.72448,0.99907,normalised
123.6713593006134,,,0.62761,0.6806,1,,,,,,,,,GP3,0.62761,0.6806,0.72448,0.99907,normalised
123.68933725357056,,,0.6283,0.68163,1,,,,,,,,,GP3,0.6283,0.68163,0.72448,0.99907,normalised
123.70597887039185,,,0.62881,0.68245,1,,,,,,,,,GP3,0.62881,0.68245,0.72448,0.99907,normalised
123.71883606910706,,,0.62923,0.68346,1,,,,,,,,,GP3,0.62923,0.68346,0.72448,0.99907,normalised
123.73542523384094,,,0.62959,0.68437,1,,,,,,,,,GP3,0.62959,0.68437,0.72448,0.99907,normalised
123.75272607803345,,,0.62996,0.68534,1,,,,,,,,,GP3,0.62996,0.68534,0.72448,0.99907,normalised
123.77039432525635,,,0.6303,0.68625,1,,,,,,,,,GP3,0.6303,0.68625,0.72448,0.99907,normalised
123.78731679916382,,,0.63058,0.68746,1,,,,,,,,,GP3,0.63058,0.68746,0.72448,0.99907,normalised
123.80476713180542,,,0.63108,0.68858,1,,,,,,,,,GP3,0.63108,0.68858,0.72448,0.99907,normalised
123.81918668746948,,,0.63157,0.68954,1,,,,,,,,,GP3,0.63157,0.68954,0.72448,0.99907,normalised
123.8347532749176,,,0.6317,0.6898,1,,,,,,,,,GP3,0.6317,0.6898,0.72448,0.99907,normalised
123.8493800163269,,,0.63208,0.68981,1,,,,,,,,,GP3,0.63208,0.68981,0.72448,0.99907,normalised
123.8643593788147,,,0.63244,0.68983,1,,,,,,,,,GP3,0.63244,0.68983,0.72448,0.99907,normalised
123.88334941864014,,,0.63253,0.69032,1,,,,,,,,,GP3,0.63253,0.69032,0.72448,0.99907,normalised
123.89994525909424,,,0.63265,0.69078,1,,,,,,,,,GP3,0.63265,0.69078,0.72448,0.99907,normalised
123.91436433792114,,,0.63277,0.69121,1,,,,,,,,,GP3,0.63277,0.69121,0.72448,0.99907,normalised
123.93215918540955,,,0.63261,0.69152,1,,,,,,,,,GP3,0.63261,0.69152,0.72448,0.99907,normalised
123.94658589363098,,,0.63266,0.69234,1,,,,,,,,,GP3,0.63266,0.69234,0.72448,0.99907,normalised
123.96409225463867,,,0.63271,0.69313,1,,,,,,,,,GP3,0.63271,0.69313,0.72448,0.99907,normalised
123.98165106773376,,,0.63297,0.69383,1,,,,,,,,,GP3,0.63297,0.69383,0.72448,0.99907,normalised
123.99719405174255,,,0.63316,0.69444,1,,,,,,,,,GP3,0.63316,0.69444,0.72448,0.99907,normalised
124.01013946533203,,,0.63336,0.69499,1,,,,,,,,,GP3,0.63336,0.69499,0.72448,0.99907,normalised
124.0292546749115,,,0.63349,0.69618,1,,,,,,,,,GP3,0.63349,0.69618,0.72448,0.99907,normalised
124.04364347457886,,,0.63362,0.69671,1,,,,,,,,,GP3,0.63362,0.69671,0.72448,0.99907,normalised
124.05982828140259,,,0.63375,0.69718,1,,,,,,,,,GP3,0.63375,0.69718,0.72448,0.99907,normalised
124.07657217979431,,,0.63372,0.69762,1,,,,,,,,,GP3,0.63372,0.69762,0.72448,0.99907,normalised
124.09438371658325,,,0.63479,0.69973,1,,,,,,,,,GP3,0.63479,0.69973,0.72448,0.99907,normalised
124.1089289188385,,,0.63496,0.70098,1,,,,,,,,,GP3,0.63496,0.70098,0.72448,0.99907,normalised
124.12635684013367,,,0.63517,0.70205,1,,,,,,,,,GP3,0.63517,0.70205,0.72448,0.99907,normalised
124.14213585853577,,,0.63547,0.703,1,,,,,,,,,GP3,0.63547,0.703,0.72448,0.99907,normalised
124.15873551368713,,,0.63578,0.7039,1,,,,,,,,,GP3,0.63578,0.7039,0.72448,0.99907,normalised
124.17536926269531,,,0.63621,0.7044,1,,,,,,,,,GP3,0.63621,0.7044,0.72448,0.99907,normalised
124.18982076644897,,,0.63668,0.70578,1,,,,,,,,,GP3,0.63668,0.70578,0.72448,0.99907,normalised
124.20637202262878,,,0.63712,0.7073,1,,,,,,,,,GP3,0.63712,0.7073,0.72448,0.99907,normalised
124.22413396835327,,,0.63685,0.70737,1,,,,,,,,,GP3,0.63685,0.70737,0.72448,0.99907,normalised
124.24083876609802,,,0.63699,0.7078,1,,,,,,,,,GP3,0.63699,0.7078,0.72448,0.99907,normalised
124.25524187088013,,,0.63718,0.70803,1,,,,,,,,,GP3,0.63718,0.70803,0.72448,0.99907,normalised
124.2703149318695,,,0.63682,0.7087,1,,,,,,,,,GP3,0.63682,0.7087,0.72448,0.99907,normalised
124.28693532943726,,,0.63637,0.7087,1,,,,,,,,,GP3,0.63637,0.7087,0.72448,0.99907,normalised
124.30392861366272,,,0.63588,0.70884,1,,,,,,,,,GP3,0.63588,0.70884,0.72448,0.99907,normalised
124.32103109359741,,,0.63569,0.70943,1,,,,,,,,,GP3,0.63569,0.70943,0.72448,0.99907,normalised
124.3357846736908,,,0.6354,0.71045,1,,,,,,,,,GP3,0.6354,0.71045,0.72448,0.99907,normalised
124.35318946838379,,,0.63509,0.71158,1,,,,,,,,,GP3,0.63509,0.71158,0.72448,0.99907,normalised
124.36678838729858,,,0.6349,0.71266,1,,,,,,,,,GP3,0.6349,0.71266,0.72448,0.99907,normalised
124.38733887672424,,,0.63473,0.71337,1,,,,,,,,,GP3,0.63473,0.71337,0.72448,0.99907,normalised
124.40194773674011,,,0.63456,0.71409,1,,,,,,,,,GP3,0.63456,0.71409,0.72448,0.99907,normalised
124.4180097579956,,,0.63427,0.71444,1,,,,,,,,,GP3,0.63427,0.71444,0.72448,0.99907,normalised
124.43372941017151,,,0.63399,0.71482,1,,,,,,,,,GP3,0.63399,0.71482,0.72448,0.99907,normalised
124.44826412200928,,,0.63374,0.7151,1,,,,,,,,,GP3,0.63374,0.7151,0.72448,0.99907,normalised
124.46535778045654,,,0.63383,0.71538,1,,,,,,,,,GP3,0.63383,0.71538,0.72448,0.99907,normalised
124.48207473754883,,,0.63402,0.71554,1,,,,,,,,,GP3,0.63402,0.71554,0.72448,0.99907,normalised
124.4979772567749,,,0.63426,0.71549,1,,,,,,,,,GP3,0.63426,0.71549,0.72448,0.99907,normalised
124.51472425460815,,,0.63418,0.71575,1,,,,,,,,,GP3,0.63418,0.71575,0.72448,0.99907,normalised
124.53066158294678,,,0.63446,0.71639,1,,,,,,,,,GP3,0.63446,0.71639,0.72448,0.99907,normalised
124.54590892791748,,,0.63472,0.7171,1,,,,,,,,,GP3,0.63472,0.7171,0.72448,0.99907,normalised
124.56245994567871,,,0.63466,0.71752,1,,,,,,,,,GP3,0.63466,0.71752,0.72448,0.99907,normalised
124.57745671272278,,,0.63436,0.71764,1,,,,,,,,,GP3,0.63436,0.71764,0.72448,0.99907,normalised
124.5941059589386,,,0.63404,0.71782,1,,,,,,,,,GP3,0.63404,0.71782,0.72448,0.99907,normalised
124.61173439025879,,,0.6341,0.71806,1,,,,,,,,,GP3,0.6341,0.71806,0.72448,0.99907,normalised
124.6281909942627,,,0.63373,0.71847,1,,,,,,,,,GP3,0.63373,0.71847,0.72448,0.99907,normalised
124.64469599723816,,,0.63336,0.71885,1,,,,,,,,,GP3,0.63336,0.71885,0.72448,0.99907,normalised
124.65958547592163,,,0.63353,0.71879,1,,,,,,,,,GP3,0.63353,0.71879,0.72448,0.99907,normalised
124.67554068565369,,,0.63364,0.71858,1,,,,,,,,,GP3,0.63364,0.71858,0.72448,0.99907,normalised
124.69218254089355,,,0.63375,0.71837,1,,,,,,,,,GP3,0.63375,0.71837,0.72448,0.99907,normalised
124.70795750617981,,,0.634,0.71888,1,,,,,,,,,GP3,0.634,0.71888,0.72448,0.99907,normalised
124.72439885139465,,,0.63409,0.71899,1,,,,,,,,,GP3,0.63409,0.71899,0.72448,0.99907,normalised
124.74094557762146,,,0.63415,0.71921,1,,,,,,,,,GP3,0.63415,0.71921,0.72448,0.99907,normalised
124.758380651474,,,0.63382,0.71941,1,,,,,,,,,GP3,0.63382,0.71941,0.72448,0.99907,normalised
124.77290487289429,,,0.63377,0.7201,1,,,,,,,,,GP3,0.63377,0.7201,0.72448,0.99907,normalised
124.7894377708435,,,0.63369,0.72092,1,,,,,,,,,GP3,0.63369,0.72092,0.72448,0.99907,normalised
124.80697274208069,,,0.6336,0.7216,1,,,,,,,,,GP3,0.6336,0.7216,0.72448,0.99907,normalised
124.82117986679077,,,0.63343,0.72273,1,,,,,,,,,GP3,0.63343,0.72273,0.72448,0.99907,normalised
124.83820843696594,,,0.63326,0.72386,1,,,,,,,,,GP3,0.63326,0.72386,0.72448,0.99907,normalised
124.85580563545227,,,0.63329,0.72479,1,,,,,,,,,GP3,0.63329,0.72479,0.72448,0.99907,normalised
124.86941432952881,,,0.63331,0.7259,1,,,,,,,,,GP3,0.63331,0.7259,0.72448,0.99907,normalised
124.88621115684509,,,0.63518,0.75351,0,,,,,,,,,GP3,0.63518,0.75351,0.72448,0.99907,normalised
124.90227675437927,,,0.63439,0.75357,0,,,,,,,,,GP3,0.63439,0.75357,0.72448,0.99907,normalised
124.9178957939148,,,0.63387,0.74037,0,,,,,,,,,GP3,0.63387,0.74037,0.72448,0.99907,normalised
124.9339759349823,,,0.63382,0.73295,1,,,,,,,,,GP3,0.63382,0.73295,0.72448,0.99907,normalised
124.9507429599762,,,0.63604,0.72771,1,,,,,,,,,GP3,0.63604,0.72771,0.72448,0.99907,normalised
124.96826958656311,,,0.6378,0.72875,1,,,,,,,,,GP3,0.6378,0.72875,0.72448,0.99907,normalised
124.98286294937134,,,0.63893,0.72994,1,,,,,,,,,GP3,0.63893,0.72994,0.72448,0.99907,normalised
124.99945282936096,,,0.63836,0.72932,1,,,,,,,,,GP3,0.63836,0.72932,0.72448,0.99907,normalised
125.01646137237549,,,0.63806,0.72944,1,,,,,,,,,GP3,0.63806,0.72944,0.72448,0.99907,normalised
125.03110194206238,,,0.63766,0.73014,1,,,,,,,,,GP3,0.63766,0.73014,0.72448,0.99907,normalised
125.0473804473877,,,0.63638,0.73315,1,,,,,,,,,GP3,0.63638,0.73315,0.72448,0.99907,normalised
125.06480097770691,,,0.63569,0.73564,1,,,,,,,,,GP3,0.63569,0.73564,0.72448,0.99907,normalised
125.08065342903137,,,0.63504,0.73795,1,,,,,,,,,GP3,0.63504,0.73795,0.72448,0.99907,normalised
125.09805679321289,,,0.63425,0.73878,1,,,,,,,,,GP3,0.63425,0.73878,0.72448,0.99907,normalised
125.11162257194519,,,0.63276,0.73944,1,,,,,,,,,GP3,0.63276,0.73944,0.72448,0.99907,normalised
125.12876677513123,,,0.63149,0.73986,1,,,,,,,,,GP3,0.63149,0.73986,0.72448,0.99907,normalised
125.1450605392456,,,0.63173,0.74046,1,,,,,,,,,GP3,0.63173,0.74046,0.72448,0.99907,normalised
125.16257619857788,,,0.63198,0.73964,1,,,,,,,,,GP3,0.63198,0.73964,0.72448,0.99907,normalised
125.17679762840271,,,0.63219,0.73891,1,,,,,,,,,GP3,0.63219,0.73891,0.72448,0.99907,normalised
125.19418978691101,,,0.6324,0.73952,1,,,,,,,,,GP3,0.6324,0.73952,0.72448,0.99907,normalised
125.20888686180115,,,0.63237,0.74052,1,,,,,,,,,GP3,0.63237,0.74052,0.72448,0.99907,normalised
125.22501826286316,,,0.63238,0.7413,1,,,,,,,,,GP3,0.63238,0.7413,0.72448,0.99907,normalised
125.24297666549683,,,0.63218,0.74175,1,,,,,,,,,GP3,0.63218,0.74175,0.72448,0.99907,normalised
125.25850749015808,,,0.63198,0.74116,1,,,,,,,,,GP3,0.63198,0.74116,0.72448,0.99907,normalised
125.27627205848694,,,0.63181,0.74054,1,,,,,,,,,GP3,0.63181,0.74054,0.72448,0.99907,normalised
125.2906584739685,,,0.63193,0.74043,1,,,,,,,,,GP3,0.63193,0.74043,0.72448,0.99907,normalised
125.30618453025818,,,0.63252,0.74064,1,,,,,,,,,GP3,0.63252,0.74064,0.72448,0.99907,normalised
125.32327175140381,,,0.63306,0.74086,1,,,,,,,,,GP3,0.63306,0.74086,0.72448,0.99907,normalised
125.34101247787476,,,0.6332,0.74059,1,,,,,,,,,GP3,0.6332,0.74059,0.72448,0.99907,normalised
125.35566639900208,,,0.63342,0.73967,1,,,,,,,,,GP3,0.63342,0.73967,0.72448,0.99907,normalised
125.37045097351074,,,0.63358,0.73901,1,,,,,,,,,GP3,0.63358,0.73901,0.72448,0.99907,normalised
125.38925266265869,,,0.63366,0.73826,1,,,,,,,,,GP3,0.63366,0.73826,0.72448,0.99907,normalised
125.40303826332092,,,0.63398,0.73814,1,,,,,,,,,GP3,0.63398,0.73814,0.72448,0.99907,normalised
125.4196891784668,,,0.6343,0.73796,1,,,,,,,,,GP3,0.6343,0.73796,0.72448,0.99907,normalised
125.43480229377747,,,0.6343,0.73808,1,,,,,,,,,GP3,0.6343,0.73808,0.72448,0.99907,normalised
125.45437550544739,,,0.63454,0.73836,1,,,,,,,,,GP3,0.63454,0.73836,0.72448,0.99907,normalised
125.46976566314697,,,0.6348,0.73853,1,,,,,,,,,GP3,0.6348,0.73853,0.72448,0.99907,normalised
125.48643779754639,,,0.63453,0.73803,1,,,,,,,,,GP3,0.63453,0.73803,0.72448,0.99907,normalised
125.50051879882812,,,0.63424,0.73777,1,,,,,,,,,GP3,0.63424,0.73777,0.72448,0.99907,normalised
125.51771664619446,,,0.63395,0.73758,1,,,,,,,,,GP3,0.63395,0.73758,0.72448,0.99907,normalised
125.5334403514862,,,0.63378,0.73721,1,,,,,,,,,GP3,0.63378,0.73721,0.72448,0.99907,normalised
125.5491054058075,,,0.63354,0.73705,1,,,,,,,,,GP3,0.63354,0.73705,0.72448,0.99907,normalised
125.56720757484436,,,0.63328,0.73701,1,,,,,,,,,GP3,0.63328,0.73701,0.72448,0.99907,normalised
125.58115005493164,,,0.63348,0.73729,1,,,,,,,,,GP3,0.63348,0.73729,0.72448,0.99907,normalised
125.59729313850403,,,0.63354,0.73773,1,,,,,,,,,GP3,0.63354,0.73773,0.72448,0.99907,normalised
125.61392736434937,,,0.6336,0.73814,1,,,,,,,,,GP3,0.6336,0.73814,0.72448,0.99907,normalised
125.63061237335205,,,0.63348,0.73815,1,,,,,,,,,GP3,0.63348,0.73815,0.72448,0.99907,normalised
125.64642357826233,,,0.63346,0.738,1,,,,,,,,,GP3,0.63346,0.738,0.72448,0.99907,normalised
125.6634590625763,,,0.63342,0.73746,1,,,,,,,,,GP3,0.63342,0.73746,0.72448,0.99907,normalised
125.67799425125122,,,0.6329,0.73662,1,,,,,,,,,GP3,0.6329,0.73662,0.72448,0.99907,normalised
125.69444274902344,,,0.63251,0.73698,1,,,,,,,,,GP3,0.63251,0.73698,0.72448,0.99907,normalised
125.7113561630249,,,0.63208,0.73747,1,,,,,,,,,GP3,0.63208,0.73747,0.72448,0.99907,normalised
125.72678112983704,,,0.63183,0.73817,1,,,,,,,,,GP3,0.63183,0.73817,0.72448,0.99907,normalised
125.74447727203369,,,0.63162,0.73846,1,,,,,,,,,GP3,0.63162,0.73846,0.72448,0.99907,normalised
125.76091599464417,,,0.63146,0.73857,1,,,,,,,,,GP3,0.63146,0.73857,0.72448,0.99907,normalised
125.77842307090759,,,0.63161,0.73844,1,,,,,,,,,GP3,0.63161,0.73844,0.72448,0.99907,normalised
125.79196786880493,,,0.63174,0.73797,1,,,,,,,,,GP3,0.63174,0.73797,0.72448,0.99907,normalised
125.80893039703369,,,0.6319,0.73738,1,,,,,,,,,GP3,0.6319,0.73738,0.72448,0.99907,normalised
125.82433032989502,,,0.63206,0.73644,1,,,,,,,,,GP3,0.63206,0.73644,0.72448,0.99907,normalised
125.84015679359436,,,0.63187,0.73534,1,,,,,,,,,GP3,0.63187,0.73534,0.72448,0.99907,normalised
125.85789847373962,,,0.63171,0.7341,1,,,,,,,,,GP3,0.63171,0.7341,0.72448,0.99907,normalised
125.87402963638306,,,0.63169,0.73326,1,,,,,,,,,GP3,0.63169,0.73326,0.72448,0.99907,normalised
125.88875126838684,,,0.63177,0.73266,1,,,,,,,,,GP3,0.63177,0.73266,0.72448,0.99907,normalised
125.9062876701355,,,0.63185,0.73208,1,,,,,,,,,GP3,0.63185,0.73208,0.72448,0.99907,normalised
125.92264556884766,,,0.63149,0.73113,1,,,,,,,,,GP3,0.63149,0.73113,0.72448,0.99907,normalised
125.93740177154541,,,0.63112,0.73078,1,,,,,,,,,GP3,0.63112,0.73078,0.72448,0.99907,normalised
125.95314002037048,,,0.63074,0.73047,1,,,,,,,,,GP3,0.63074,0.73047,0.72448,0.99907,normalised
125.96896386146545,,,0.63079,0.72963,1,,,,,,,,,GP3,0.63079,0.72963,0.72448,0.99907,normalised
125.98597955703735,,,0.63095,0.7283,1,,,,,,,,,GP3,0.63095,0.7283,0.72448,0.99907,normalised
126.00160264968872,,,0.63108,0.72706,1,,,,,,,,,GP3,0.63108,0.72706,0.72448,0.99907,normalised
126.0194776058197,,,0.63104,0.7258,1,,,,,,,,,GP3,0.63104,0.7258,0.72448,0.99907,normalised
126.03534126281738,,,0.63088,0.72526,1,,,,,,,,,GP3,0.63088,0.72526,0.72448,0.99907,normalised
126.04975295066833,,,0.63072,0.72473,1,,,,,,,,,GP3,0.63072,0.72473,0.72448,0.99907,normalised
126.06685400009155,,,0.63084,0.72454,1,,,,,,,,,GP3,0.63084,0.72454,0.72448,0.99907,normalised
126.0826518535614,,,0.63138,0.72371,1,,,,,,,,,GP3,0.63138,0.72371,0.72448,0.99907,normalised
126.09634923934937,,,0.63193,0.72287,1,,,,,,,,,GP3,0.63193,0.72287,0.72448,0.99907,normalised
126.11387205123901,,,0.62566,0.68723,0,,,,,,,,,GP3,0.62566,0.68723,0.72448,0.99907,normalised
126.13148069381714,,,0.56273,0.57696,0,,,,,,,,,GP3,0.56273,0.57696,0.72448,0.99907,normalised
126.14815092086792,,,0.54176,0.53993,0,,,,,,,,,GP3,0.54176,0.53993,0.72448,0.99907,normalised
126.16494059562683,,,0.50166,0.48246,0,,,,,,,,,GP3,0.50166,0.48246,0.72448,0.99907,normalised
126.18059396743774,,,0.51133,0.48241,0,,,,,,,,,GP3,0.51133,0.48241,0.72448,0.99907,normalised
126.19527125358582,,,0.51462,0.47987,0,,,,,,,,,GP3,0.51462,0.47987,0.72448,0.99907,normalised
126.21290802955627,,,0.51522,0.47456,1,,,,,,,,,GP3,0.51522,0.47456,0.72448,0.99907,normalised
126.22881007194519,,,0.51401,0.46969,1,,,,,,,,,GP3,0.51401,0.46969,0.72448,0.99907,normalised
126.24350237846375,,,0.51321,0.46471,1,,,,,,,,,GP3,0.51321,0.46471,0.72448,0.99907,normalised
126.2601387500763,,,0.51272,0.45504,1,,,,,,,,,GP3,0.51272,0.45504,0.72448,0.99907,normalised
126.27661943435669,,,0.51387,0.44725,1,,,,,,,,,GP3,0.51387,0.44725,0.72448,0.99907,normalised
126.29713439941406,,,0.51476,0.44098,1,,,,,,,,,GP3,0.51476,0.44098,0.72448,0.99907,normalised
126.31072926521301,,,0.51577,0.43989,1,,,,,,,,,GP3,0.51577,0.43989,0.72448,0.99907,normalised
126.326176404953,,,0.51603,0.43815,1,,,,,,,,,GP3,0.51603,0.43815,0.72448,0.99907,normalised
126.34302711486816,,,0.51624,0.4372,1,,,,,,,,,GP3,0.51624,0.4372,0.72448,0.99907,normalised
126.35772061347961,,,0.51696,0.43963,1,,,,,,,,,GP3,0.51696,0.43963,0.72448,0.99907,normalised
126.372323513031,,,0.51694,0.44405,1,,,,,,,,,GP3,0.51694,0.44405,0.72448,0.99907,normalised
126.38927292823792,,,0.51692,0.448,1,,,,,,,,,GP3,0.51692,0.448,0.72448,0.99907,normalised
126.40684485435486,,,0.51683,0.44694,1,,,,,,,,,GP3,0.51683,0.44694,0.72448,0.99907,normalised
126.42047381401062,,,0.51712,0.45005,1,,,,,,,,,GP3,0.51712,0.45005,0.72448,0.99907,normalised
126.4362120628357,,,0.51739,0.45228,1,,,,,,,,,GP3,0.51739,0.45228,0.72448,0.99907,normalised
126.45648097991943,,,0.5177,0.45114,1,,,,,,,,,GP3,0.5177,0.45114,0.72448,0.99907,normalised
126.47114992141724,,,0.51794,0.44903,1,,,,,,,,,GP3,0.51794,0.44903,0.72448,0.99907,normalised
126.4888482093811,,,0.51815,0.44738,1,,,,,,,,,GP3,0.51815,0.44738,0.72448,0.99907,normalised
126.50262093544006,,,0.51801,0.44696,1,,,,,,,,,GP3,0.51801,0.44696,0.72448,0.99907,normalised
126.51984167098999,,,0.51773,0.44623,1,,,,,,,,,GP3,0.51773,0.44623,0.72448,0.99907,normalised
126.53437328338623,,,0.51747,0.44579,1,,,,,,,,,GP3,0.51747,0.44579,0.72448,0.99907,normalised
126.55174040794373,,,0.51747,0.44509,1,,,,,,,,,GP3,0.51747,0.44509,0.72448,0.99907,normalised
126.56741046905518,,,0.51732,0.44455,1,,,,,,,,,GP3,0.51732,0.44455,0.72448,0.99907,normalised
126.58445143699646,,,0.51717,0.44425,1,,,,,,,,,GP3,0.51717,0.44425,0.72448,0.99907,normalised
126.60025763511658,,,0.51662,0.44509,1,,,,,,,,,GP3,0.51662,0.44509,0.72448,0.99907,normalised
126.61730980873108,,,0.51646,0.44484,1,,,,,,,,,GP3,0.51646,0.44484,0.72448,0.99907,normalised
126.63685607910156,,,0.51631,0.44428,1,,,,,,,,,GP3,0.51631,0.44428,0.72448,0.99907,normalised
126.65066885948181,,,0.51633,0.44473,1,,,,,,,,,GP3,0.51633,0.44473,0.72448,0.99907,normalised
126.66557240486145,,,0.51682,0.44496,1,,,,,,,,,GP3,0.51682,0.44496,0.72448,0.99907,normalised
126.68319725990295,,,0.51729,0.44501,1,,,,,,,,,GP3,0.51729,0.44501,0.72448,0.99907,normalised
126.69862508773804,,,0.51728,0.4436,1,,,,,,,,,GP3,0.51728,0.4436,0.72448,0.99907,normalised
126.7132818698883,,,0.517,0.44223,1,,,,,,,,,GP3,0.517,0.44223,0.72448,0.99907,normalised
126.73022627830505,,,0.51674,0.44085,1,,,,,,,,,GP3,0.51674,0.44085,0.72448,0.99907,normalised
126.74588894844055,,,0.51625,0.44048,1,,,,,,,,,GP3,0.51625,0.44048,0.72448,0.99907,normalised
126.76270937919617,,,0.51584,0.44121,1,,,,,,,,,GP3,0.51584,0.44121,0.72448,0.99907,normalised
126.77711987495422,,,0.51545,0.44217,1,,,,,,,,,GP3,0.51545,0.44217,0.72448,0.99907,normalised
126.79410219192505,,,0.51571,0.44219,1,,,,,,,,,GP3,0.51571,0.44219,0.72448,0.99907,normalised
126.80867743492126,,,0.51569,0.44239,1,,,,,,,,,GP3,0.51569,0.44239,0.72448,0.99907,normalised
126.82564806938171,,,0.51567,0.4423,1,,,,,,,,,GP3,0.51567,0.4423,0.72448,0.99907,normalised
126.84523725509644,,,0.51578,0.44257,1,,,,,,,,,GP3,0.51578,0.44257,0.72448,0.99907,normalised
126.85716080665588,,,0.51571,0.44191,1,,,,,,,,,GP3,0.51571,0.44191,0.72448,0.99907,normalised
126.8737370967865,,,0.51565,0.44115,1,,,,,,,,,GP3,0.51565,0.44115,0.72448,0.99907,normalised
126.89105486869812,,,0.51553,0.44205,1,,,,,,,,,GP3,0.51553,0.44205,0.72448,0.99907,normalised
126.91057467460632,,,0.52841,0.56744,0,,,,,,,,,GP3,0.52841,0.56744,0.72448,0.99907,normalised
126.92241549491882,,,0.52841,0.56744,0,,,,,,,,,GP3,0.52841,0.56744,0.72448,0.99907,normalised
126.94188237190247,,,0.52841,0.56744,0,,,,,,,,,GP3,0.52841,0.56744,0.72448,0.99907,normalised
126.95655846595764,,,0.0,0.0,0,,,,,,,,,GP3,0.0,0.0,0.72448,0.99907,normalised
126.97341847419739,,,0.0,0.0,0,,,,,,,,,GP3,0.0,0.0,0.72448,0.99907,normalised
126.98863220214844,,,0.0,0.0,0,,,,,,,,,GP3,0.0,0.0,0.72448,0.99907,normalised
127.00618171691895,,,0.0,0.0,0,,,,,,,,,GP3,0.0,0.0,0.72448,0.99907,normalised
127.02226638793945,,,0.0,0.0,0,,,,,,,,,GP3,0.0,0.0,0.72448,0.99907,normalised
127.03683066368103,,,0.0,0.0,0,,,,,,,,,GP3,0.0,0.0,0.72448,0.99907,normalised
127.05372428894043,,,0.0,0.0,0,,,,,,,,,GP3,0.0,0.0,0.72448,0.99907,normalised
127.07358002662659,,,0.0,0.0,0,,,,,,,,,GP3,0.0,0.0,0.72448,0.99907,normalised
127.0870110988617,,,0.0,0.0,0,,,,,,,,,GP3,0.0,0.0,0.72448,0.99907,normalised
127.10458517074585,,,0.0,0.0,0,,,,,,,,,GP3,0.0,0.0,0.72448,0.99907,normalised
127.12023067474365,,,0.0,0.0,0,,,,,,,,,GP3,0.0,0.0,0.72448,0.99907,normalised
127.13485765457153,,,0.0,0.0,0,,,,,,,,,GP3,0.0,0.0,0.72448,0.99907,normalised
127.15252637863159,,,0.0,0.0,0,,,,,,,,,GP3,0.0,0.0,0.72448,0.99907,normalised
127.16999554634094,,,0.0,0.0,0,,,,,,,,,GP3,0.0,0.0,0.72448,0.99907,normalised
127.18390035629272,,,0.0,0.0,0,,,,,,,,,GP3,0.0,0.0,0.72448,0.99907,normalised
127.20494556427002,,,0.46365,0.32588,0,,,,,,,,,GP3,0.46365,0.32588,0.72448,0.99907,normalised
127.21522831916809,,,0.46388,0.33124,0,,,,,,,,,GP3,0.46388,0.33124,0.72448,0.99907,normalised
127.23039388656616,,,0.46502,0.35728,0,,,,,,,,,GP3,0.46502,0.35728,0.72448,0.99907,normalised
127.24608278274536,,,0.46601,0.36932,1,,,,,,,,,GP3,0.46601,0.36932,0.72448,0.99907,normalised
127.26398992538452,,,0.46665,0.37761,1,,,,,,,,,GP3,0.46665,0.37761,0.72448,0.99907,normalised
127.2798924446106,,,0.46975,0.38566,1,,,,,,,,,GP3,0.46975,0.38566,0.72448,0.99907,normalised
127.29426145553589,,,0.46937,0.40016,1,,,,,,,,,GP3,0.46937,0.40016,0.72448,0.99907,normalised
127.31079936027527,,,0.46905,0.41116,1,,,,,,,,,GP3,0.46905,0.41116,0.72448,0.99907,normalised
127.32778787612915,,,0.45769,0.42731,1,,,,,,,,,GP3,0.45769,0.42731,0.72448,0.99907,normalised
127.34463715553284,,,0.44848,0.44085,1,,,,,,,,,GP3,0.44848,0.44085,0.72448,0.99907,normalised
127.36045455932617,,,0.44099,0.45216,1,,,,,,,,,GP3,0.44099,0.45216,0.72448,0.99907,normalised
127.3746497631073,,,0.43442,0.46164,1,,,,,,,,,GP3,0.43442,0.46164,0.72448,0.99907,normalised
127.39218091964722,,,0.42907,0.46977,1,,,,,,,,,GP3,0.42907,0.46977,0.72448,0.99907,normalised
127.40902709960938,,,0.41784,0.50063,0,,,,,,,,,GP3,0.41784,0.50063,0.72448,0.99907,normalised
127.42416286468506,,,0.39498,0.508,0,,,,,,,,,GP3,0.39498,0.508,0.72448,0.99907,normalised
127.44169545173645,,,0.40485,0.86084,0,,,,,,,,,GP3,0.40485,0.86084,0.72448,0.99907,normalised
127.45570707321167,,,0.39836,1.04095,0,,,,,,,,,GP3,0.39836,1.04095,0.72448,0.99907,normalised
127.47842979431152,,,0.39836,1.04095,0,,,,,,,,,GP3,0.39836,1.04095,0.72448,0.99907,normalised
127.49268817901611,,,0.39836,1.04095,0,,,,,,,,,GP3,0.39836,1.04095,0.72448,0.99907,normalised
127.50678873062134,,,0.0,0.0,0,,,,,,,,,GP3,0.0,0.0,0.72448,0.99907,normalised
127.52308344841003,,,0.0,0.0,0,,,,,,,,,GP3,0.0,0.0,0.72448,0.99907,normalised
127.53762578964233,,,0.0,0.0,0,,,,,,,,,GP3,0.0,0.0,0.72448,0.99907,normalised
127.5552327632904,,,0.0,0.0,0,,,,,,,,,GP3,0.0,0.0,0.72448,0.99907,normalised
127.57267355918884,,,0.0,0.0,0,,,,,,,,,GP3,0.0,0.0,0.72448,0.99907,normalised
127.58743214607239,,,0.0,0.0,0,,,,,,,,,GP3,0.0,0.0,0.72448,0.99907,normalised
127.60485029220581,,,0.0,0.0,0,,,,,,,,,GP3,0.0,0.0,0.72448,0.99907,normalised
127.61930465698242,,,0.0,0.0,0,,,,,,,,,GP3,0.0,0.0,0.72448,0.99907,normalised
127.63511180877686,,,0.0,0.0,0,,,,,,,,,GP3,0.0,0.0,0.72448,0.99907,normalised
127.65206956863403,,,0.0,0.0,0,,,,,,,,,GP3,0.0,0.0,0.72448,0.99907,normalised
127.66947674751282,,,0.0,0.0,0,,,,,,,,,GP3,0.0,0.0,0.72448,0.99907,normalised
127.6851418018341,,,0.0,0.0,0,,,,,,,,,GP3,0.0,0.0,0.72448,0.99907,normalised
127.69976711273193,,,0.0,0.0,0,,,,,,,,,GP3,0.0,0.0,0.72448,0.99907,normalised
127.71755504608154,,,0.0,0.0,0,,,,,,,,,GP3,0.0,0.0,0.72448,0.99907,normalised
127.73322868347168,,,0.0,0.0,0,,,,,,,,,GP3,0.0,0.0,0.72448,0.99907,normalised
127.75072240829468,,,0.0,0.0,0,,,,,,,,,GP3,0.0,0.0,0.72448,0.99907,normalised
127.76657032966614,,,0.0,0.0,0,,,,,,,,,GP3,0.0,0.0,0.72448,0.99907,normalised
127.78895473480225,,,0.0,0.0,0,,,,,,,,,GP3,0.0,0.0,0.72448,0.99907,normalised
