time_s,device_time_s,system_time_s,gaze_x,gaze_y,valid,left_gaze_x,left_gaze_y,right_gaze_x,right_gaze_y,left_valid,right_valid,pupil_left,pupil_right,source_device,raw_gaze_x,raw_gaze_y,raw_cx,raw_cy,coordinate_space
1.1101245880126953,,,0.0,0.0,0,,,,,,,,,GP3,0.0,0.0,0.0,0.0,normalised
1.1208772659301758,,,0.0,0.0,0,,,,,,,,,GP3,0.0,0.0,0.0,0.0,normalised
1.9569203853607178,,,0.0,0.0,0,,,,,,,,,GP3,0.0,0.0,0.0,0.0,normalised
1.9674527645111084,,,0.0,0.0,0,,,,,,,,,GP3,0.0,0.0,0.0,0.0,normalised
1.9816970825195312,,,0.0,0.0,0,,,,,,,,,GP3,0.0,0.0,0.37187,0.41019,normalised
1.9962313175201416,,,0.0,0.0,0,,,,,,,,,GP3,0.0,0.0,0.37187,0.41019,normalised
2.011911392211914,,,0.0,0.0,0,,,,,,,,,GP3,0.0,0.0,0.37187,0.41019,normalised
2.027851104736328,,,0.0,0.0,0,,,,,,,,,GP3,0.0,0.0,0.37187,0.41019,normalised
2.044215440750122,,,0.0,0.0,0,,,,,,,,,GP3,0.0,0.0,0.37187,0.41019,normalised
2.0611040592193604,,,0.0,0.0,0,,,,,,,,,GP3,0.0,0.0,0.37187,0.41019,normalised
2.076143980026245,,,0.0,0.0,0,,,,,,,,,GP3,0.0,0.0,0.37187,0.41019,normalised
2.0913760662078857,,,0.0,0.0,0,,,,,,,,,GP3,0.0,0.0,0.37187,0.41019,normalised
2.1077940464019775,,,0.0,0.0,0,,,,,,,,,GP3,0.0,0.0,0.37187,0.41019,normalised
2.125836133956909,,,0.0,0.0,0,,,,,,,,,GP3,0.0,0.0,0.37187,0.41019,normalised
2.140625476837158,,,0.58934,0.81967,1,,,,,,,,,GP3,0.58934,0.81967,0.37187,0.41019,normalised
2.155055046081543,,,0.58697,0.86875,1,,,,,,,,,GP3,0.58697,0.86875,0.37187,0.41019,normalised
2.1721081733703613,,,0.58657,0.88441,1,,,,,,,,,GP3,0.58657,0.88441,0.37187,0.41019,normalised
2.1875596046447754,,,0.58558,0.87931,1,,,,,,,,,GP3,0.58558,0.87931,0.37187,0.41019,normalised
2.204396963119507,,,0.5847,0.86891,1,,,,,,,,,GP3,0.5847,0.86891,0.37187,0.41019,normalised
2.2181997299194336,,,0.5847,0.86891,1,,,,,,,,,GP3,0.5847,0.86891,0.37187,0.41019,normalised
2.235898971557617,,,0.5847,0.86891,1,,,,,,,,,GP3,0.5847,0.86891,0.37187,0.41019,normalised
2.251054525375366,,,0.5847,0.86891,1,,,,,,,,,GP3,0.5847,0.86891,0.37187,0.41019,normalised
2.268662452697754,,,0.5847,0.86891,0,,,,,,,,,GP3,0.5847,0.86891,0.37187,0.41019,normalised
2.2851669788360596,,,0.5847,0.86891,0,,,,,,,,,GP3,0.5847,0.86891,0.37187,0.41019,normalised
2.3008790016174316,,,0.5847,0.86891,0,,,,,,,,,GP3,0.5847,0.86891,0.37187,0.41019,normalised
2.315744400024414,,,0.0,0.0,0,,,,,,,,,GP3,0.0,0.0,0.37187,0.41019,normalised
2.333163022994995,,,0.0,0.0,0,,,,,,,,,GP3,0.0,0.0,0.37187,0.41019,normalised
2.3488309383392334,,,0.0,0.0,0,,,,,,,,,GP3,0.0,0.0,0.37187,0.41019,normalised
2.365424633026123,,,0.0,0.0,0,,,,,,,,,GP3,0.0,0.0,0.37187,0.41019,normalised
2.3816235065460205,,,0.0,0.0,0,,,,,,,,,GP3,0.0,0.0,0.37187,0.41019,normalised
2.397857189178467,,,0.0,0.0,0,,,,,,,,,GP3,0.0,0.0,0.37187,0.41019,normalised
2.415588617324829,,,0.0,0.0,0,,,,,,,,,GP3,0.0,0.0,0.37187,0.41019,normalised
2.430424928665161,,,0.0,0.0,0,,,,,,,,,GP3,0.0,0.0,0.37187,0.41019,normalised
2.4467613697052,,,0.0,0.0,0,,,,,,,,,GP3,0.0,0.0,0.37187,0.41019,normalised
2.4643545150756836,,,0.0,0.0,0,,,,,,,,,GP3,0.0,0.0,0.37187,0.41019,normalised
2.4797019958496094,,,0.0,0.0,0,,,,,,,,,GP3,0.0,0.0,0.37187,0.41019,normalised
2.497215509414673,,,0.0,0.0,0,,,,,,,,,GP3,0.0,0.0,0.37187,0.41019,normalised
2.5117990970611572,,,0.0,0.0,0,,,,,,,,,GP3,0.0,0.0,0.37187,0.41019,normalised
2.530857801437378,,,0.28242,0.11248,0,,,,,,,,,GP3,0.28242,0.11248,0.37187,0.41019,normalised
2.5445098876953125,,,0.37945,0.20245,0,,,,,,,,,GP3,0.37945,0.20245,0.37187,0.41019,normalised
2.559274196624756,,,0.56993,0.33561,0,,,,,,,,,GP3,0.56993,0.33561,0.37187,0.41019,normalised
2.5768303871154785,,,0.58427,0.50342,0,,,,,,,,,GP3,0.58427,0.50342,0.37187,0.41019,normalised
2.5933849811553955,,,0.59268,0.57343,0,,,,,,,,,GP3,0.59268,0.57343,0.37187,0.41019,normalised
2.6081326007843018,,,0.60535,0.70304,0,,,,,,,,,GP3,0.60535,0.70304,0.37187,0.41019,normalised
2.6257483959198,,,0.60554,0.72524,0,,,,,,,,,GP3,0.60554,0.72524,0.37187,0.41019,normalised
2.641946315765381,,,0.60367,0.73234,0,,,,,,,,,GP3,0.60367,0.73234,0.37187,0.41019,normalised
2.6566262245178223,,,0.60272,0.73507,1,,,,,,,,,GP3,0.60272,0.73507,0.37187,0.41019,normalised
2.674395799636841,,,0.60171,0.73975,1,,,,,,,,,GP3,0.60171,0.73975,0.37187,0.41019,normalised
2.6911888122558594,,,0.60209,0.7482,1,,,,,,,,,GP3,0.60209,0.7482,0.37187,0.41019,normalised
2.705540180206299,,,0.60236,0.75463,1,,,,,,,,,GP3,0.60236,0.75463,0.37187,0.41019,normalised
2.7209041118621826,,,0.6032,0.76059,1,,,,,,,,,GP3,0.6032,0.76059,0.37187,0.41019,normalised
2.737750768661499,,,0.60308,0.75487,1,,,,,,,,,GP3,0.60308,0.75487,0.37187,0.41019,normalised
2.7530357837677,,,0.60298,0.74995,1,,,,,,,,,GP3,0.60298,0.74995,0.37187,0.41019,normalised
2.76835298538208,,,0.60391,0.74641,1,,,,,,,,,GP3,0.60391,0.74641,0.37187,0.41019,normalised
2.784759998321533,,,0.60344,0.74654,1,,,,,,,,,GP3,0.60344,0.74654,0.37187,0.41019,normalised
2.803623676300049,,,0.60303,0.74691,1,,,,,,,,,GP3,0.60303,0.74691,0.37187,0.41019,normalised
2.817121982574463,,,0.6038,0.75164,1,,,,,,,,,GP3,0.6038,0.75164,0.37187,0.41019,normalised
2.834627389907837,,,0.60536,0.75429,1,,,,,,,,,GP3,0.60536,0.75429,0.37187,0.41019,normalised
2.8513729572296143,,,0.60672,0.75644,1,,,,,,,,,GP3,0.60672,0.75644,0.37187,0.41019,normalised
2.8667211532592773,,,0.60649,0.75465,1,,,,,,,,,GP3,0.60649,0.75465,0.37187,0.41019,normalised
2.882981777191162,,,0.60654,0.75359,1,,,,,,,,,GP3,0.60654,0.75359,0.37187,0.41019,normalised
2.900695562362671,,,0.60659,0.75264,1,,,,,,,,,GP3,0.60659,0.75264,0.37187,0.41019,normalised
2.916518211364746,,,0.6056,0.7561,1,,,,,,,,,GP3,0.6056,0.7561,0.37187,0.41019,normalised
2.931180953979492,,,0.60526,0.7565,1,,,,,,,,,GP3,0.60526,0.7565,0.37187,0.41019,normalised
2.947185516357422,,,0.60501,0.75668,1,,,,,,,,,GP3,0.60501,0.75668,0.37187,0.41019,normalised
2.961557149887085,,,0.60495,0.76197,1,,,,,,,,,GP3,0.60495,0.76197,0.37187,0.41019,normalised
2.978515386581421,,,0.6052,0.76672,1,,,,,,,,,GP3,0.6052,0.76672,0.37187,0.41019,normalised
2.995166778564453,,,0.60803,0.7973,0,,,,,,,,,GP3,0.60803,0.7973,0.37187,0.41019,normalised
3.0128414630889893,,,0.59845,0.86197,0,,,,,,,,,GP3,0.59845,0.86197,0.37187,0.41019,normalised
3.0275728702545166,,,0.59608,0.87102,0,,,,,,,,,GP3,0.59608,0.87102,0.37187,0.41019,normalised
3.0438168048858643,,,0.59008,0.90259,0,,,,,,,,,GP3,0.59008,0.90259,0.37187,0.41019,normalised
3.0598604679107666,,,0.59342,0.92338,0,,,,,,,,,GP3,0.59342,0.92338,0.37187,0.41019,normalised
3.0775327682495117,,,0.59604,0.9217,0,,,,,,,,,GP3,0.59604,0.9217,0.37187,0.41019,normalised
3.092583179473877,,,0.59735,0.92084,1,,,,,,,,,GP3,0.59735,0.92084,0.37187,0.41019,normalised
3.1101255416870117,,,0.59745,0.92522,1,,,,,,,,,GP3,0.59745,0.92522,0.37187,0.41019,normalised
3.124797821044922,,,0.5949,0.88606,1,,,,,,,,,GP3,0.5949,0.88606,0.37187,0.41019,normalised
3.1420440673828125,,,0.59228,0.84107,1,,,,,,,,,GP3,0.59228,0.84107,0.37187,0.41019,normalised
3.156785488128662,,,0.59228,0.84107,1,,,,,,,,,GP3,0.59228,0.84107,0.37187,0.41019,normalised
3.1748886108398438,,,0.59228,0.84107,1,,,,,,,,,GP3,0.59228,0.84107,0.37187,0.41019,normalised
3.190654993057251,,,0.59228,0.84107,1,,,,,,,,,GP3,0.59228,0.84107,0.37187,0.41019,normalised
3.206475019454956,,,0.59265,0.83082,0,,,,,,,,,GP3,0.59265,0.83082,0.37187,0.41019,normalised
3.223254919052124,,,0.59265,0.83082,0,,,,,,,,,GP3,0.59265,0.83082,0.37187,0.41019,normalised
3.239149332046509,,,0.59265,0.83082,0,,,,,,,,,GP3,0.59265,0.83082,0.37187,0.41019,normalised
3.253774404525757,,,0.0,0.0,0,,,,,,,,,GP3,0.0,0.0,0.37187,0.41019,normalised
3.271547317504883,,,0.0,0.0,0,,,,,,,,,GP3,0.0,0.0,0.37187,0.41019,normalised
3.288569688796997,,,0.0,0.0,0,,,,,,,,,GP3,0.0,0.0,0.37187,0.41019,normalised
3.305185079574585,,,0.0,0.0,0,,,,,,,,,GP3,0.0,0.0,0.37187,0.41019,normalised
3.322701930999756,,,0.0,0.0,0,,,,,,,,,GP3,0.0,0.0,0.37187,0.41019,normalised
3.337319850921631,,,0.0,0.0,0,,,,,,,,,GP3,0.0,0.0,0.37187,0.41019,normalised
3.3549959659576416,,,0.0,0.0,0,,,,,,,,,GP3,0.0,0.0,0.37187,0.41019,normalised
3.3686203956604004,,,0.0,0.0,0,,,,,,,,,GP3,0.0,0.0,0.37187,0.41019,normalised
3.3867290019989014,,,0.0,0.0,0,,,,,,,,,GP3,0.0,0.0,0.37187,0.41019,normalised
3.4023807048797607,,,0.0,0.0,0,,,,,,,,,GP3,0.0,0.0,0.37187,0.41019,normalised
3.419978618621826,,,0.0,0.0,0,,,,,,,,,GP3,0.0,0.0,0.37187,0.41019,normalised
3.4335622787475586,,,0.29324,0.32972,0,,,,,,,,,GP3,0.29324,0.32972,0.37187,0.41019,normalised
3.450319290161133,,,0.56193,0.34968,0,,,,,,,,,GP3,0.56193,0.34968,0.37187,0.41019,normalised
3.465054988861084,,,0.54671,0.22089,0,,,,,,,,,GP3,0.54671,0.22089,0.37187,0.41019,normalised
3.481448173522949,,,0.54137,0.18728,0,,,,,,,,,GP3,0.54137,0.18728,0.37187,0.41019,normalised
3.499157190322876,,,0.52903,0.11176,0,,,,,,,,,GP3,0.52903,0.11176,0.37187,0.41019,normalised
3.5133821964263916,,,0.53373,0.13407,0,,,,,,,,,GP3,0.53373,0.13407,0.37187,0.41019,normalised
3.5290215015411377,,,0.53547,0.13641,0,,,,,,,,,GP3,0.53547,0.13641,0.37187,0.41019,normalised
3.5465521812438965,,,0.53225,0.1198,1,,,,,,,,,GP3,0.53225,0.1198,0.37187,0.41019,normalised
3.5635180473327637,,,0.53349,0.09311,1,,,,,,,,,GP3,0.53349,0.09311,0.37187,0.41019,normalised
3.5796689987182617,,,0.5343,0.0717,1,,,,,,,,,GP3,0.5343,0.0717,0.37187,0.41019,normalised
3.5941083431243896,,,0.53567,0.01703,1,,,,,,,,,GP3,0.53567,0.01703,0.37187,0.41019,normalised
3.609788656234741,,,0.5358,-0.0147,1,,,,,,,,,GP3,0.5358,-0.0147,0.37187,0.41019,normalised
3.6247854232788086,,,0.53578,-0.03507,1,,,,,,,,,GP3,0.53578,-0.03507,0.37187,0.41019,normalised
3.644439935684204,,,0.53578,-0.04734,1,,,,,,,,,GP3,0.53578,-0.04734,0.37187,0.41019,normalised
3.6594133377075195,,,0.53349,-0.05638,1,,,,,,,,,GP3,0.53349,-0.05638,0.37187,0.41019,normalised
3.67596697807312,,,0.53157,-0.0623,1,,,,,,,,,GP3,0.53157,-0.0623,0.37187,0.41019,normalised
3.692589521408081,,,0.52853,-0.07035,1,,,,,,,,,GP3,0.52853,-0.07035,0.37187,0.41019,normalised
3.7057931423187256,,,0.52518,-0.11323,0,,,,,,,,,GP3,0.52518,-0.11323,0.37187,0.41019,normalised
3.7234315872192383,,,0.51201,-0.15472,0,,,,,,,,,GP3,0.51201,-0.15472,0.37187,0.41019,normalised
3.7406163215637207,,,0.50133,-0.16016,0,,,,,,,,,GP3,0.50133,-0.16016,0.37187,0.41019,normalised
3.7554726600646973,,,0.49342,-0.17148,1,,,,,,,,,GP3,0.49342,-0.17148,0.37187,0.41019,normalised
3.7729201316833496,,,0.48867,-0.17827,1,,,,,,,,,GP3,0.48867,-0.17827,0.37187,0.41019,normalised
3.789419651031494,,,0.48095,-0.18027,1,,,,,,,,,GP3,0.48095,-0.18027,0.37187,0.41019,normalised
3.8024327754974365,,,0.47415,-0.18068,1,,,,,,,,,GP3,0.47415,-0.18068,0.37187,0.41019,normalised
3.8222243785858154,,,0.46925,-0.17978,1,,,,,,,,,GP3,0.46925,-0.17978,0.37187,0.41019,normalised
3.8372323513031006,,,0.45673,-0.17296,1,,,,,,,,,GP3,0.45673,-0.17296,0.37187,0.41019,normalised
3.8532392978668213,,,0.44668,-0.17167,1,,,,,,,,,GP3,0.44668,-0.17167,0.37187,0.41019,normalised
3.869481325149536,,,0.43831,-0.17229,1,,,,,,,,,GP3,0.43831,-0.17229,0.37187,0.41019,normalised
3.8858518600463867,,,0.42969,-0.17122,1,,,,,,,,,GP3,0.42969,-0.17122,0.37187,0.41019,normalised
3.901930809020996,,,0.42119,-0.16953,1,,,,,,,,,GP3,0.42119,-0.16953,0.37187,0.41019,normalised
3.9209916591644287,,,0.41403,-0.16782,1,,,,,,,,,GP3,0.41403,-0.16782,0.37187,0.41019,normalised
3.9328196048736572,,,0.40571,-0.16671,1,,,,,,,,,GP3,0.40571,-0.16671,0.37187,0.41019,normalised
3.9505012035369873,,,0.36683,-0.16469,0,,,,,,,,,GP3,0.36683,-0.16469,0.37187,0.41019,normalised
3.9644455909729004,,,0.32685,-0.17426,0,,,,,,,,,GP3,0.32685,-0.17426,0.37187,0.41019,normalised
3.9839015007019043,,,0.35909,-0.09829,0,,,,,,,,,GP3,0.35909,-0.09829,0.37187,0.41019,normalised
3.997901201248169,,,0.42371,0.0891,0,,,,,,,,,GP3,0.42371,0.0891,0.37187,0.41019,normalised
4.015261888504028,,,0.49161,0.23968,0,,,,,,,,,GP3,0.49161,0.23968,0.37187,0.41019,normalised
4.029593467712402,,,0.52584,0.41747,0,,,,,,,,,GP3,0.52584,0.41747,0.37187,0.41019,normalised
4.046419143676758,,,0.59389,0.63732,0,,,,,,,,,GP3,0.59389,0.63732,0.37187,0.41019,normalised
4.063522815704346,,,0.6098,0.69857,0,,,,,,,,,GP3,0.6098,0.69857,0.37187,0.41019,normalised
4.0793023109436035,,,0.61593,0.71421,0,,,,,,,,,GP3,0.61593,0.71421,0.37187,0.41019,normalised
4.09470796585083,,,0.63128,0.76025,0,,,,,,,,,GP3,0.63128,0.76025,0.37187,0.41019,normalised
4.1122658252716064,,,0.63576,0.76658,0,,,,,,,,,GP3,0.63576,0.76658,0.37187,0.41019,normalised
4.12699818611145,,,0.62613,0.76422,0,,,,,,,,,GP3,0.62613,0.76422,0.37187,0.41019,normalised
4.142951726913452,,,0.61795,0.75929,1,,,,,,,,,GP3,0.61795,0.75929,0.37187,0.41019,normalised
4.15966796875,,,0.61305,0.75698,1,,,,,,,,,GP3,0.61305,0.75698,0.37187,0.41019,normalised
4.177375793457031,,,0.6113,0.76419,1,,,,,,,,,GP3,0.6113,0.76419,0.37187,0.41019,normalised
4.191418170928955,,,0.61293,0.77013,1,,,,,,,,,GP3,0.61293,0.77013,0.37187,0.41019,normalised
4.20805811882019,,,0.61414,0.77459,1,,,,,,,,,GP3,0.61414,0.77459,0.37187,0.41019,normalised
4.2261130809783936,,,0.61292,0.78814,1,,,,,,,,,GP3,0.61292,0.78814,0.37187,0.41019,normalised
4.240170478820801,,,0.61226,0.79371,1,,,,,,,,,GP3,0.61226,0.79371,0.37187,0.41019,normalised
4.256674289703369,,,0.61161,0.79869,1,,,,,,,,,GP3,0.61161,0.79869,0.37187,0.41019,normalised
4.272177457809448,,,0.60957,0.80869,1,,,,,,,,,GP3,0.60957,0.80869,0.37187,0.41019,normalised
4.288828134536743,,,0.60742,0.81615,1,,,,,,,,,GP3,0.60742,0.81615,0.37187,0.41019,normalised
4.306345462799072,,,0.60558,0.82237,1,,,,,,,,,GP3,0.60558,0.82237,0.37187,0.41019,normalised
4.320570230484009,,,0.60565,0.82651,1,,,,,,,,,GP3,0.60565,0.82651,0.37187,0.41019,normalised
4.338730096817017,,,0.60519,0.83231,1,,,,,,,,,GP3,0.60519,0.83231,0.37187,0.41019,normalised
4.353658676147461,,,0.60135,0.87108,0,,,,,,,,,GP3,0.60135,0.87108,0.37187,0.41019,normalised
4.370635986328125,,,0.59609,0.89812,0,,,,,,,,,GP3,0.59609,0.89812,0.37187,0.41019,normalised
4.387520790100098,,,0.58755,0.90686,0,,,,,,,,,GP3,0.58755,0.90686,0.37187,0.41019,normalised
4.401585578918457,,,0.58307,0.91222,1,,,,,,,,,GP3,0.58307,0.91222,0.37187,0.41019,normalised
4.417142629623413,,,0.59164,0.91302,1,,,,,,,,,GP3,0.59164,0.91302,0.37187,0.41019,normalised
4.434027194976807,,,0.594,0.91549,1,,,,,,,,,GP3,0.594,0.91549,0.37187,0.41019,normalised
4.452329158782959,,,0.59606,0.91602,1,,,,,,,,,GP3,0.59606,0.91602,0.37187,0.41019,normalised
4.4675281047821045,,,0.59226,0.91387,1,,,,,,,,,GP3,0.59226,0.91387,0.37187,0.41019,normalised
4.485635042190552,,,0.59267,0.91227,1,,,,,,,,,GP3,0.59267,0.91227,0.37187,0.41019,normalised
4.498073577880859,,,0.59309,0.9106,1,,,,,,,,,GP3,0.59309,0.9106,0.37187,0.41019,normalised
4.515160799026489,,,0.59281,0.90547,1,,,,,,,,,GP3,0.59281,0.90547,0.37187,0.41019,normalised
4.5325353145599365,,,0.59556,0.90153,1,,,,,,,,,GP3,0.59556,0.90153,0.37187,0.41019,normalised
4.547368049621582,,,0.59766,0.89883,1,,,,,,,,,GP3,0.59766,0.89883,0.37187,0.41019,normalised
4.564987897872925,,,0.60114,0.90002,1,,,,,,,,,GP3,0.60114,0.90002,0.37187,0.41019,normalised
4.580904960632324,,,0.59666,0.90496,1,,,,,,,,,GP3,0.59666,0.90496,0.37187,0.41019,normalised
4.597599506378174,,,0.59272,0.90953,1,,,,,,,,,GP3,0.59272,0.90953,0.37187,0.41019,normalised
4.612259387969971,,,0.59272,0.90953,1,,,,,,,,,GP3,0.59272,0.90953,0.37187,0.41019,normalised
4.631876230239868,,,0.59272,0.90953,1,,,,,,,,,GP3,0.59272,0.90953,0.37187,0.41019,normalised
4.64939284324646,,,0.59272,0.90953,1,,,,,,,,,GP3,0.59272,0.90953,0.37187,0.41019,normalised
4.66393780708313,,,0.59593,0.90864,0,,,,,,,,,GP3,0.59593,0.90864,0.37187,0.41019,normalised
4.680840492248535,,,0.59593,0.90864,0,,,,,,,,,GP3,0.59593,0.90864,0.37187,0.41019,normalised
4.695359706878662,,,0.59593,0.90864,0,,,,,,,,,GP3,0.59593,0.90864,0.37187,0.41019,normalised
4.709874629974365,,,0.0,0.0,0,,,,,,,,,GP3,0.0,0.0,0.37187,0.41019,normalised
4.729923486709595,,,0.0,0.0,0,,,,,,,,,GP3,0.0,0.0,0.37187,0.41019,normalised
4.746453523635864,,,0.0,0.0,0,,,,,,,,,GP3,0.0,0.0,0.37187,0.41019,normalised
4.760983467102051,,,0.0,0.0,0,,,,,,,,,GP3,0.0,0.0,0.37187,0.41019,normalised
4.779581546783447,,,0.0,0.0,0,,,,,,,,,GP3,0.0,0.0,0.37187,0.41019,normalised
4.793566942214966,,,0.0,0.0,0,,,,,,,,,GP3,0.0,0.0,0.37187,0.41019,normalised
4.811070919036865,,,0.0,0.0,0,,,,,,,,,GP3,0.0,0.0,0.37187,0.41019,normalised
4.826114654541016,,,0.0,0.0,0,,,,,,,,,GP3,0.0,0.0,0.37187,0.41019,normalised
4.840677499771118,,,0.0,0.0,0,,,,,,,,,GP3,0.0,0.0,0.37187,0.41019,normalised
4.859181642532349,,,-0.26442,1.73749,0,,,,,,,,,GP3,-0.26442,1.73749,0.37187,0.41019,normalised
4.87086820602417,,,-0.26442,1.73749,0,,,,,,,,,GP3,-0.26442,1.73749,0.37187,0.41019,normalised
4.889503717422485,,,-0.26442,1.73749,0,,,,,,,,,GP3,-0.26442,1.73749,0.37187,0.41019,normalised
4.90616512298584,,,-0.73707,1.79287,0,,,,,,,,,GP3,-0.73707,1.79287,0.37187,0.41019,normalised
4.91990065574646,,,-0.73709,1.78547,0,,,,,,,,,GP3,-0.73709,1.78547,0.37187,0.41019,normalised
4.936020851135254,,,-0.73709,1.78301,0,,,,,,,,,GP3,-0.73709,1.78301,0.37187,0.41019,normalised
4.953334093093872,,,-0.72653,1.78278,1,,,,,,,,,GP3,-0.72653,1.78278,0.37187,0.41019,normalised
4.968066215515137,,,-0.71783,1.78947,1,,,,,,,,,GP3,-0.71783,1.78947,0.37187,0.41019,normalised
4.983725070953369,,,-0.71202,1.79393,1,,,,,,,,,GP3,-0.71202,1.79393,0.37187,0.41019,normalised
5.004565477371216,,,-0.71202,1.79393,1,,,,,,,,,GP3,-0.71202,1.79393,0.37187,0.41019,normalised
5.017575025558472,,,-0.71202,1.79393,1,,,,,,,,,GP3,-0.71202,1.79393,0.37187,0.41019,normalised
5.03423285484314,,,-0.71202,1.79393,1,,,,,,,,,GP3,-0.71202,1.79393,0.37187,0.41019,normalised
5.052023410797119,,,-0.70701,1.79414,0,,,,,,,,,GP3,-0.70701,1.79414,0.37187,0.41019,normalised
5.067694664001465,,,-0.70701,1.79414,0,,,,,,,,,GP3,-0.70701,1.79414,0.37187,0.41019,normalised
5.083681583404541,,,-0.70701,1.79414,0,,,,,,,,,GP3,-0.70701,1.79414,0.37187,0.41019,normalised
5.099190711975098,,,0.0,0.0,0,,,,,,,,,GP3,0.0,0.0,0.37187,0.41019,normalised
5.1168413162231445,,,0.0,0.0,0,,,,,,,,,GP3,0.0,0.0,0.37187,0.41019,normalised
5.13173246383667,,,0.0,0.0,0,,,,,,,,,GP3,0.0,0.0,0.37187,0.41019,normalised
5.146502256393433,,,0.0,0.0,0,,,,,,,,,GP3,0.0,0.0,0.37187,0.41019,normalised
5.162446737289429,,,0.0,0.0,0,,,,,,,,,GP3,0.0,0.0,0.37187,0.41019,normalised
5.179642677307129,,,0.0,0.0,0,,,,,,,,,GP3,0.0,0.0,0.37187,0.41019,normalised
5.199477672576904,,,0.0,0.0,0,,,,,,,,,GP3,0.0,0.0,0.37187,0.41019,normalised
5.213862895965576,,,0.0,0.0,0,,,,,,,,,GP3,0.0,0.0,0.37187,0.41019,normalised
5.229023694992065,,,0.0,0.0,0,,,,,,,,,GP3,0.0,0.0,0.37187,0.41019,normalised
5.245647430419922,,,0.0,0.0,0,,,,,,,,,GP3,0.0,0.0,0.37187,0.41019,normalised
5.263606071472168,,,0.0,0.0,0,,,,,,,,,GP3,0.0,0.0,0.37187,0.41019,normalised
5.281569004058838,,,0.0,0.0,0,,,,,,,,,GP3,0.0,0.0,0.37187,0.41019,normalised
5.295230865478516,,,0.0,0.0,0,,,,,,,,,GP3,0.0,0.0,0.37187,0.41019,normalised
5.313018321990967,,,0.0,0.0,0,,,,,,,,,GP3,0.0,0.0,0.37187,0.41019,normalised
5.328488111495972,,,0.0,0.0,0,,,,,,,,,GP3,0.0,0.0,0.37187,0.41019,normalised
5.344221591949463,,,0.59967,0.6206,0,,,,,,,,,GP3,0.59967,0.6206,0.37187,0.41019,normalised
5.357583522796631,,,0.6051,0.6508,0,,,,,,,,,GP3,0.6051,0.6508,0.37187,0.41019,normalised
5.372313976287842,,,0.60733,0.65946,0,,,,,,,,,GP3,0.60733,0.65946,0.37187,0.41019,normalised
5.389747858047485,,,0.60855,0.66158,1,,,,,,,,,GP3,0.60855,0.66158,0.37187,0.41019,normalised
5.405728578567505,,,0.6147,0.66581,1,,,,,,,,,GP3,0.6147,0.66581,0.37187,0.41019,normalised
5.42232608795166,,,0.6191,0.66732,1,,,,,,,,,GP3,0.6191,0.66732,0.37187,0.41019,normalised
5.436906337738037,,,0.61897,0.69023,1,,,,,,,,,GP3,0.61897,0.69023,0.37187,0.41019,normalised
5.4544150829315186,,,0.61855,0.71344,1,,,,,,,,,GP3,0.61855,0.71344,0.37187,0.41019,normalised
5.47174072265625,,,0.61823,0.73148,1,,,,,,,,,GP3,0.61823,0.73148,0.37187,0.41019,normalised
5.486458778381348,,,0.61843,0.74589,1,,,,,,,,,GP3,0.61843,0.74589,0.37187,0.41019,normalised
5.502038240432739,,,0.6198,0.75674,1,,,,,,,,,GP3,0.6198,0.75674,0.37187,0.41019,normalised
5.51884388923645,,,0.62073,0.76642,1,,,,,,,,,GP3,0.62073,0.76642,0.37187,0.41019,normalised
5.533356189727783,,,0.61968,0.77626,1,,,,,,,,,GP3,0.61968,0.77626,0.37187,0.41019,normalised
5.552414655685425,,,0.62015,0.78232,1,,,,,,,,,GP3,0.62015,0.78232,0.37187,0.41019,normalised
5.567194700241089,,,0.62373,0.82019,0,,,,,,,,,GP3,0.62373,0.82019,0.37187,0.41019,normalised
5.582672119140625,,,0.60522,0.8712,0,,,,,,,,,GP3,0.60522,0.8712,0.37187,0.41019,normalised
5.601238965988159,,,0.60091,0.88299,0,,,,,,,,,GP3,0.60091,0.88299,0.37187,0.41019,normalised
5.615647077560425,,,0.59878,0.88825,1,,,,,,,,,GP3,0.59878,0.88825,0.37187,0.41019,normalised
5.631425380706787,,,0.60344,0.88073,1,,,,,,,,,GP3,0.60344,0.88073,0.37187,0.41019,normalised
5.647572040557861,,,0.60453,0.89898,1,,,,,,,,,GP3,0.60453,0.89898,0.37187,0.41019,normalised
5.663571119308472,,,0.60529,0.91223,1,,,,,,,,,GP3,0.60529,0.91223,0.37187,0.41019,normalised
5.679836988449097,,,0.60684,0.90715,1,,,,,,,,,GP3,0.60684,0.90715,0.37187,0.41019,normalised
5.6982598304748535,,,0.60891,0.91434,1,,,,,,,,,GP3,0.60891,0.91434,0.37187,0.41019,normalised
5.71208119392395,,,0.61106,0.9189,1,,,,,,,,,GP3,0.61106,0.9189,0.37187,0.41019,normalised
5.729389429092407,,,0.61496,0.92054,1,,,,,,,,,GP3,0.61496,0.92054,0.37187,0.41019,normalised
5.746751070022583,,,0.62022,0.93659,1,,,,,,,,,GP3,0.62022,0.93659,0.37187,0.41019,normalised
5.760611534118652,,,0.62468,0.95017,1,,,,,,,,,GP3,0.62468,0.95017,0.37187,0.41019,normalised
5.778475999832153,,,0.62623,0.97698,1,,,,,,,,,GP3,0.62623,0.97698,0.37187,0.41019,normalised
5.795044660568237,,,0.63033,1.0375,0,,,,,,,,,GP3,0.63033,1.0375,0.37187,0.41019,normalised
5.809198379516602,,,0.61494,1.22939,0,,,,,,,,,GP3,0.61494,1.22939,0.37187,0.41019,normalised
5.825994253158569,,,0.62302,1.18493,0,,,,,,,,,GP3,0.62302,1.18493,0.37187,0.41019,normalised
5.840917110443115,,,0.63262,1.20685,0,,,,,,,,,GP3,0.63262,1.20685,0.37187,0.41019,normalised
5.857836961746216,,,0.64588,1.15505,0,,,,,,,,,GP3,0.64588,1.15505,0.37187,0.41019,normalised
5.87361478805542,,,0.6429,1.20605,0,,,,,,,,,GP3,0.6429,1.20605,0.37187,0.41019,normalised
5.890398263931274,,,0.65954,1.10974,0,,,,,,,,,GP3,0.65954,1.10974,0.37187,0.41019,normalised
5.90595269203186,,,0.62711,0.97615,0,,,,,,,,,GP3,0.62711,0.97615,0.37187,0.41019,normalised
5.922239065170288,,,0.62711,0.97615,0,,,,,,,,,GP3,0.62711,0.97615,0.37187,0.41019,normalised
5.939629793167114,,,0.59468,0.84255,0,,,,,,,,,GP3,0.59468,0.84255,0.37187,0.41019,normalised
5.95719838142395,,,0.59468,0.84255,0,,,,,,,,,GP3,0.59468,0.84255,0.37187,0.41019,normalised
5.972516059875488,,,0.59468,0.84255,0,,,,,,,,,GP3,0.59468,0.84255,0.37187,0.41019,normalised
5.988003969192505,,,0.0,0.0,0,,,,,,,,,GP3,0.0,0.0,0.37187,0.41019,normalised
6.00399112701416,,,0.0,0.0,0,,,,,,,,,GP3,0.0,0.0,0.37187,0.41019,normalised
6.020641326904297,,,0.0,0.0,0,,,,,,,,,GP3,0.0,0.0,0.37187,0.41019,normalised
6.037439584732056,,,0.0,0.0,0,,,,,,,,,GP3,0.0,0.0,0.37187,0.41019,normalised
6.053152799606323,,,0.0,0.0,0,,,,,,,,,GP3,0.0,0.0,0.37187,0.41019,normalised
6.069106578826904,,,0.0,0.0,0,,,,,,,,,GP3,0.0,0.0,0.37187,0.41019,normalised
6.086229085922241,,,0.0,0.0,0,,,,,,,,,GP3,0.0,0.0,0.37187,0.41019,normalised
6.1040825843811035,,,0.0,0.0,0,,,,,,,,,GP3,0.0,0.0,0.37187,0.41019,normalised
6.117995262145996,,,0.0,0.0,0,,,,,,,,,GP3,0.0,0.0,0.37187,0.41019,normalised
6.134711027145386,,,0.0,0.0,0,,,,,,,,,GP3,0.0,0.0,0.37187,0.41019,normalised
6.15221905708313,,,0.0,0.0,0,,,,,,,,,GP3,0.0,0.0,0.37187,0.41019,normalised
6.169751882553101,,,0.0,0.0,0,,,,,,,,,GP3,0.0,0.0,0.37187,0.41019,normalised
6.1849493980407715,,,0.0,0.0,0,,,,,,,,,GP3,0.0,0.0,0.37187,0.41019,normalised
6.200031995773315,,,0.0,0.0,0,,,,,,,,,GP3,0.0,0.0,0.37187,0.41019,normalised
6.216530799865723,,,0.0,0.0,0,,,,,,,,,GP3,0.0,0.0,0.37187,0.41019,normalised
6.233458757400513,,,0.69924,0.31605,0,,,,,,,,,GP3,0.69924,0.31605,0.37187,0.41019,normalised
6.245493173599243,,,0.6731,0.44768,0,,,,,,,,,GP3,0.6731,0.44768,0.37187,0.41019,normalised
6.261678218841553,,,0.64914,0.45103,0,,,,,,,,,GP3,0.64914,0.45103,0.37187,0.41019,normalised
6.277679443359375,,,0.60349,0.4953,0,,,,,,,,,GP3,0.60349,0.4953,0.37187,0.41019,normalised
6.295742988586426,,,0.58368,0.46169,0,,,,,,,,,GP3,0.58368,0.46169,0.37187,0.41019,normalised
6.311346769332886,,,0.58432,0.44927,0,,,,,,,,,GP3,0.58432,0.44927,0.37187,0.41019,normalised
6.325936794281006,,,0.58724,0.42883,1,,,,,,,,,GP3,0.58724,0.42883,0.37187,0.41019,normalised
6.343529462814331,,,0.58895,0.41591,1,,,,,,,,,GP3,0.58895,0.41591,0.37187,0.41019,normalised
6.360320091247559,,,0.58471,0.41193,1,,,,,,,,,GP3,0.58471,0.41193,0.37187,0.41019,normalised
6.3756325244903564,,,0.5837,0.41074,1,,,,,,,,,GP3,0.5837,0.41074,0.37187,0.41019,normalised
6.391149044036865,,,0.58295,0.41054,1,,,,,,,,,GP3,0.58295,0.41054,0.37187,0.41019,normalised
6.408616065979004,,,0.58205,0.41245,1,,,,,,,,,GP3,0.58205,0.41245,0.37187,0.41019,normalised
6.424657583236694,,,0.58019,0.40872,1,,,,,,,,,GP3,0.58019,0.40872,0.37187,0.41019,normalised
6.441368818283081,,,0.57875,0.40462,1,,,,,,,,,GP3,0.57875,0.40462,0.37187,0.41019,normalised
6.455415487289429,,,0.58116,0.43405,1,,,,,,,,,GP3,0.58116,0.43405,0.37187,0.41019,normalised
6.473280906677246,,,0.58509,0.45974,1,,,,,,,,,GP3,0.58509,0.45974,0.37187,0.41019,normalised
6.489447832107544,,,0.58823,0.48244,1,,,,,,,,,GP3,0.58823,0.48244,0.37187,0.41019,normalised
6.5052549839019775,,,0.58897,0.50641,1,,,,,,,,,GP3,0.58897,0.50641,0.37187,0.41019,normalised
6.521036863327026,,,0.59169,0.56272,0,,,,,,,,,GP3,0.59169,0.56272,0.37187,0.41019,normalised
6.53780198097229,,,0.6031,0.71853,0,,,,,,,,,GP3,0.6031,0.71853,0.37187,0.41019,normalised
6.552406072616577,,,0.60537,0.75593,0,,,,,,,,,GP3,0.60537,0.75593,0.37187,0.41019,normalised
6.571655511856079,,,0.61478,0.84339,0,,,,,,,,,GP3,0.61478,0.84339,0.37187,0.41019,normalised
6.5860207080841064,,,0.61754,0.83277,0,,,,,,,,,GP3,0.61754,0.83277,0.37187,0.41019,normalised
6.6006019115448,,,0.6078,0.84779,0,,,,,,,,,GP3,0.6078,0.84779,0.37187,0.41019,normalised
6.618319511413574,,,0.61277,0.87839,1,,,,,,,,,GP3,0.61277,0.87839,0.37187,0.41019,normalised
6.635749578475952,,,0.61577,0.89674,1,,,,,,,,,GP3,0.61577,0.89674,0.37187,0.41019,normalised
6.650572776794434,,,0.61779,0.90548,1,,,,,,,,,GP3,0.61779,0.90548,0.37187,0.41019,normalised
6.66830039024353,,,0.62022,0.90832,1,,,,,,,,,GP3,0.62022,0.90832,0.37187,0.41019,normalised
6.6817145347595215,,,0.62227,0.90987,1,,,,,,,,,GP3,0.62227,0.90987,0.37187,0.41019,normalised
6.699148178100586,,,0.62546,0.90754,1,,,,,,,,,GP3,0.62546,0.90754,0.37187,0.41019,normalised
6.713655471801758,,,0.62885,0.90464,1,,,,,,,,,GP3,0.62885,0.90464,0.37187,0.41019,normalised
6.730230093002319,,,0.63157,0.90247,1,,,,,,,,,GP3,0.63157,0.90247,0.37187,0.41019,normalised
6.7464210987091064,,,0.63261,0.89845,1,,,,,,,,,GP3,0.63261,0.89845,0.37187,0.41019,normalised
6.764034748077393,,,0.63261,0.89654,1,,,,,,,,,GP3,0.63261,0.89654,0.37187,0.41019,normalised
6.779178857803345,,,0.6324,0.89544,1,,,,,,,,,GP3,0.6324,0.89544,0.37187,0.41019,normalised
6.794935703277588,,,0.632,0.89774,1,,,,,,,,,GP3,0.632,0.89774,0.37187,0.41019,normalised
6.812607288360596,,,0.63053,0.89707,1,,,,,,,,,GP3,0.63053,0.89707,0.37187,0.41019,normalised
6.827423095703125,,,0.62923,0.89648,1,,,,,,,,,GP3,0.62923,0.89648,0.37187,0.41019,normalised
6.844287157058716,,,0.62976,0.89746,1,,,,,,,,,GP3,0.62976,0.89746,0.37187,0.41019,normalised
6.862234115600586,,,0.63003,0.89856,1,,,,,,,,,GP3,0.63003,0.89856,0.37187,0.41019,normalised
6.875969171524048,,,0.63034,0.89935,1,,,,,,,,,GP3,0.63034,0.89935,0.37187,0.41019,normalised
6.894903898239136,,,0.6309,0.8984,1,,,,,,,,,GP3,0.6309,0.8984,0.37187,0.41019,normalised
6.909341096878052,,,0.63023,0.90192,1,,,,,,,,,GP3,0.63023,0.90192,0.37187,0.41019,normalised
6.925078392028809,,,0.62956,0.90531,1,,,,,,,,,GP3,0.62956,0.90531,0.37187,0.41019,normalised
6.94168496131897,,,0.62962,0.90657,1,,,,,,,,,GP3,0.62962,0.90657,0.37187,0.41019,normalised
6.959128379821777,,,0.62697,0.9029,1,,,,,,,,,GP3,0.62697,0.9029,0.37187,0.41019,normalised
6.972889423370361,,,0.62458,0.8994,1,,,,,,,,,GP3,0.62458,0.8994,0.37187,0.41019,normalised
6.990227699279785,,,0.62237,0.90018,1,,,,,,,,,GP3,0.62237,0.90018,0.37187,0.41019,normalised
7.007321834564209,,,0.62044,0.90016,1,,,,,,,,,GP3,0.62044,0.90016,0.37187,0.41019,normalised
7.023876190185547,,,0.61863,0.90006,1,,,,,,,,,GP3,0.61863,0.90006,0.37187,0.41019,normalised
7.037536382675171,,,0.61658,0.89721,1,,,,,,,,,GP3,0.61658,0.89721,0.37187,0.41019,normalised
7.055110216140747,,,0.61447,0.89684,1,,,,,,,,,GP3,0.61447,0.89684,0.37187,0.41019,normalised
7.07102370262146,,,0.58272,0.89216,0,,,,,,,,,GP3,0.58272,0.89216,0.37187,0.41019,normalised
7.087855100631714,,,0.57114,0.8558,0,,,,,,,,,GP3,0.57114,0.8558,0.37187,0.41019,normalised
7.105427980422974,,,0.56877,0.86777,0,,,,,,,,,GP3,0.56877,0.86777,0.37187,0.41019,normalised
7.11948299407959,,,0.56758,0.87376,1,,,,,,,,,GP3,0.56758,0.87376,0.37187,0.41019,normalised
7.135986804962158,,,0.56661,0.86031,1,,,,,,,,,GP3,0.56661,0.86031,0.37187,0.41019,normalised
7.151495933532715,,,0.56372,0.86415,1,,,,,,,,,GP3,0.56372,0.86415,0.37187,0.41019,normalised
7.1684911251068115,,,0.56166,0.86688,1,,,,,,,,,GP3,0.56166,0.86688,0.37187,0.41019,normalised
7.185616731643677,,,0.56355,0.86626,1,,,,,,,,,GP3,0.56355,0.86626,0.37187,0.41019,normalised
7.202378988265991,,,0.56466,0.86396,1,,,,,,,,,GP3,0.56466,0.86396,0.37187,0.41019,normalised
7.2156147956848145,,,0.56566,0.86186,1,,,,,,,,,GP3,0.56566,0.86186,0.37187,0.41019,normalised
7.234506368637085,,,0.56658,0.86173,1,,,,,,,,,GP3,0.56658,0.86173,0.37187,0.41019,normalised
7.2481467723846436,,,0.57243,0.85658,1,,,,,,,,,GP3,0.57243,0.85658,0.37187,0.41019,normalised
7.265255689620972,,,0.5774,0.852,1,,,,,,,,,GP3,0.5774,0.852,0.37187,0.41019,normalised
7.281520843505859,,,0.57907,0.84862,1,,,,,,,,,GP3,0.57907,0.84862,0.37187,0.41019,normalised
7.2962188720703125,,,0.58303,0.84518,1,,,,,,,,,GP3,0.58303,0.84518,0.37187,0.41019,normalised
7.31364631652832,,,0.58631,0.84274,1,,,,,,,,,GP3,0.58631,0.84274,0.37187,0.41019,normalised
7.331285238265991,,,0.58748,0.84355,1,,,,,,,,,GP3,0.58748,0.84355,0.37187,0.41019,normalised
7.345133066177368,,,0.58767,0.84292,1,,,,,,,,,GP3,0.58767,0.84292,0.37187,0.41019,normalised
7.3608644008636475,,,0.58788,0.84233,1,,,,,,,,,GP3,0.58788,0.84233,0.37187,0.41019,normalised
7.377384662628174,,,0.58926,0.84097,1,,,,,,,,,GP3,0.58926,0.84097,0.37187,0.41019,normalised
7.393604755401611,,,0.58967,0.84339,1,,,,,,,,,GP3,0.58967,0.84339,0.37187,0.41019,normalised
7.409352779388428,,,0.59021,0.84493,1,,,,,,,,,GP3,0.59021,0.84493,0.37187,0.41019,normalised
7.426057577133179,,,0.61472,0.82706,0,,,,,,,,,GP3,0.61472,0.82706,0.37187,0.41019,normalised
7.442692756652832,,,0.62667,0.77274,0,,,,,,,,,GP3,0.62667,0.77274,0.37187,0.41019,normalised
7.458343267440796,,,0.63124,0.75226,0,,,,,,,,,GP3,0.63124,0.75226,0.37187,0.41019,normalised
7.475128173828125,,,0.64191,0.70687,0,,,,,,,,,GP3,0.64191,0.70687,0.37187,0.41019,normalised
7.491379976272583,,,0.62623,0.70067,0,,,,,,,,,GP3,0.62623,0.70067,0.37187,0.41019,normalised
7.508086919784546,,,0.62016,0.70303,0,,,,,,,,,GP3,0.62016,0.70303,0.37187,0.41019,normalised
7.525596380233765,,,0.61665,0.72022,1,,,,,,,,,GP3,0.61665,0.72022,0.37187,0.41019,normalised
7.540311574935913,,,0.62156,0.72268,1,,,,,,,,,GP3,0.62156,0.72268,0.37187,0.41019,normalised
7.554831266403198,,,0.62426,0.72615,1,,,,,,,,,GP3,0.62426,0.72615,0.37187,0.41019,normalised
7.572374105453491,,,0.62436,0.73116,1,,,,,,,,,GP3,0.62436,0.73116,0.37187,0.41019,normalised
7.589411497116089,,,0.62423,0.73256,1,,,,,,,,,GP3,0.62423,0.73256,0.37187,0.41019,normalised
7.603924989700317,,,0.62443,0.73256,1,,,,,,,,,GP3,0.62443,0.73256,0.37187,0.41019,normalised
7.621516227722168,,,0.62282,0.73891,1,,,,,,,,,GP3,0.62282,0.73891,0.37187,0.41019,normalised
7.6391379833221436,,,0.61467,0.74947,1,,,,,,,,,GP3,0.61467,0.74947,0.37187,0.41019,normalised
7.653748989105225,,,0.61467,0.74947,1,,,,,,,,,GP3,0.61467,0.74947,0.37187,0.41019,normalised
7.671352386474609,,,0.61467,0.74947,1,,,,,,,,,GP3,0.61467,0.74947,0.37187,0.41019,normalised
7.687580108642578,,,0.61467,0.74947,1,,,,,,,,,GP3,0.61467,0.74947,0.37187,0.41019,normalised
7.702193260192871,,,0.61195,0.75373,0,,,,,,,,,GP3,0.61195,0.75373,0.37187,0.41019,normalised
7.721778631210327,,,0.61195,0.75373,0,,,,,,,,,GP3,0.61195,0.75373,0.37187,0.41019,normalised
7.737415790557861,,,0.61195,0.75373,0,,,,,,,,,GP3,0.61195,0.75373,0.37187,0.41019,normalised
7.751059532165527,,,0.0,0.0,0,,,,,,,,,GP3,0.0,0.0,0.37187,0.41019,normalised
7.767601728439331,,,0.0,0.0,0,,,,,,,,,GP3,0.0,0.0,0.37187,0.41019,normalised
7.784284591674805,,,0.0,0.0,0,,,,,,,,,GP3,0.0,0.0,0.37187,0.41019,normalised
7.801688194274902,,,0.0,0.0,0,,,,,,,,,GP3,0.0,0.0,0.37187,0.41019,normalised
7.817511320114136,,,0.0,0.0,0,,,,,,,,,GP3,0.0,0.0,0.37187,0.41019,normalised
7.833113193511963,,,0.0,0.0,0,,,,,,,,,GP3,0.0,0.0,0.37187,0.41019,normalised
7.849309206008911,,,0.0,0.0,0,,,,,,,,,GP3,0.0,0.0,0.37187,0.41019,normalised
7.866001605987549,,,0.0,0.0,0,,,,,,,,,GP3,0.0,0.0,0.37187,0.41019,normalised
7.882525444030762,,,0.0,0.0,0,,,,,,,,,GP3,0.0,0.0,0.37187,0.41019,normalised
7.899546384811401,,,0.0,0.0,0,,,,,,,,,GP3,0.0,0.0,0.37187,0.41019,normalised
7.913147926330566,,,0.0,0.0,0,,,,,,,,,GP3,0.0,0.0,0.37187,0.41019,normalised
7.929877996444702,,,0.0,0.0,0,,,,,,,,,GP3,0.0,0.0,0.37187,0.41019,normalised
7.946412086486816,,,0.0,0.0,0,,,,,,,,,GP3,0.0,0.0,0.37187,0.41019,normalised
7.963017702102661,,,0.0,0.0,0,,,,,,,,,GP3,0.0,0.0,0.37187,0.41019,normalised
7.978795051574707,,,0.3035,0.33645,0,,,,,,,,,GP3,0.3035,0.33645,0.37187,0.41019,normalised
7.992013931274414,,,0.60634,0.67669,0,,,,,,,,,GP3,0.60634,0.67669,0.37187,0.41019,normalised
8.00919246673584,,,0.59149,0.63682,0,,,,,,,,,GP3,0.59149,0.63682,0.37187,0.41019,normalised
8.024880647659302,,,0.56588,0.52511,0,,,,,,,,,GP3,0.56588,0.52511,0.37187,0.41019,normalised
8.041365385055542,,,0.53486,0.40992,0,,,,,,,,,GP3,0.53486,0.40992,0.37187,0.41019,normalised
8.058966398239136,,,0.51964,0.40673,0,,,,,,,,,GP3,0.51964,0.40673,0.37187,0.41019,normalised
8.074670791625977,,,0.52293,0.4186,0,,,,,,,,,GP3,0.52293,0.4186,0.37187,0.41019,normalised
8.09060788154602,,,0.52457,0.42449,1,,,,,,,,,GP3,0.52457,0.42449,0.37187,0.41019,normalised
8.105413436889648,,,0.51972,0.42332,1,,,,,,,,,GP3,0.51972,0.42332,0.37187,0.41019,normalised
8.122036218643188,,,0.5159,0.41924,1,,,,,,,,,GP3,0.5159,0.41924,0.37187,0.41019,normalised
8.137551069259644,,,0.51327,0.41544,1,,,,,,,,,GP3,0.51327,0.41544,0.37187,0.41019,normalised
8.154968500137329,,,0.5163,0.40923,1,,,,,,,,,GP3,0.5163,0.40923,0.37187,0.41019,normalised
8.169499158859253,,,0.51686,0.41077,1,,,,,,,,,GP3,0.51686,0.41077,0.37187,0.41019,normalised
8.186140775680542,,,0.51726,0.41147,1,,,,,,,,,GP3,0.51726,0.41147,0.37187,0.41019,normalised
8.202612400054932,,,0.51861,0.40961,1,,,,,,,,,GP3,0.51861,0.40961,0.37187,0.41019,normalised
8.22023320198059,,,0.51903,0.40625,1,,,,,,,,,GP3,0.51903,0.40625,0.37187,0.41019,normalised
8.234949827194214,,,0.51938,0.40357,1,,,,,,,,,GP3,0.51938,0.40357,0.37187,0.41019,normalised
8.250673055648804,,,0.51819,0.40254,1,,,,,,,,,GP3,0.51819,0.40254,0.37187,0.41019,normalised
8.26741337776184,,,0.51694,0.4025,1,,,,,,,,,GP3,0.51694,0.4025,0.37187,0.41019,normalised
8.284127473831177,,,0.51588,0.4028,1,,,,,,,,,GP3,0.51588,0.4028,0.37187,0.41019,normalised
8.301445007324219,,,0.5167,0.4022,1,,,,,,,,,GP3,0.5167,0.4022,0.37187,0.41019,normalised
8.3162260055542,,,0.51653,0.40111,1,,,,,,,,,GP3,0.51653,0.40111,0.37187,0.41019,normalised
8.33390760421753,,,0.51635,0.39983,1,,,,,,,,,GP3,0.51635,0.39983,0.37187,0.41019,normalised
8.350623369216919,,,0.51634,0.40003,1,,,,,,,,,GP3,0.51634,0.40003,0.37187,0.41019,normalised
8.36728310585022,,,0.516,0.39768,1,,,,,,,,,GP3,0.516,0.39768,0.37187,0.41019,normalised
8.383063554763794,,,0.5157,0.39554,1,,,,,,,,,GP3,0.5157,0.39554,0.37187,0.41019,normalised
8.398272514343262,,,0.51447,0.3948,1,,,,,,,,,GP3,0.51447,0.3948,0.37187,0.41019,normalised
8.412896394729614,,,0.51349,0.39328,1,,,,,,,,,GP3,0.51349,0.39328,0.37187,0.41019,normalised
8.430089473724365,,,0.51259,0.39188,1,,,,,,,,,GP3,0.51259,0.39188,0.37187,0.41019,normalised
8.446673393249512,,,0.51164,0.39049,1,,,,,,,,,GP3,0.51164,0.39049,0.37187,0.41019,normalised
8.46331238746643,,,0.51186,0.39015,1,,,,,,,,,GP3,0.51186,0.39015,0.37187,0.41019,normalised
8.479948043823242,,,0.51207,0.38984,1,,,,,,,,,GP3,0.51207,0.38984,0.37187,0.41019,normalised
8.494124174118042,,,0.51116,0.38948,1,,,,,,,,,GP3,0.51116,0.38948,0.37187,0.41019,normalised
8.511639595031738,,,0.51057,0.3885,1,,,,,,,,,GP3,0.51057,0.3885,0.37187,0.41019,normalised
8.525251150131226,,,0.51005,0.38713,1,,,,,,,,,GP3,0.51005,0.38713,0.37187,0.41019,normalised
8.542135000228882,,,0.49959,0.36083,0,,,,,,,,,GP3,0.49959,0.36083,0.37187,0.41019,normalised
8.55883502960205,,,0.46053,0.36415,0,,,,,,,,,GP3,0.46053,0.36415,0.37187,0.41019,normalised
8.574566125869751,,,0.46053,0.36415,0,,,,,,,,,GP3,0.46053,0.36415,0.37187,0.41019,normalised
8.593074083328247,,,0.42146,0.36747,0,,,,,,,,,GP3,0.42146,0.36747,0.37187,0.41019,normalised
8.609133005142212,,,0.42146,0.36747,0,,,,,,,,,GP3,0.42146,0.36747,0.37187,0.41019,normalised
8.625834703445435,,,0.42146,0.36747,0,,,,,,,,,GP3,0.42146,0.36747,0.37187,0.41019,normalised
8.640684366226196,,,0.0,0.0,0,,,,,,,,,GP3,0.0,0.0,0.37187,0.41019,normalised
8.65796446800232,,,0.0,0.0,0,,,,,,,,,GP3,0.0,0.0,0.37187,0.41019,normalised
8.673380613327026,,,0.0,0.0,0,,,,,,,,,GP3,0.0,0.0,0.37187,0.41019,normalised
8.690542459487915,,,0.0,0.0,0,,,,,,,,,GP3,0.0,0.0,0.37187,0.41019,normalised
8.705207586288452,,,0.0,0.0,0,,,,,,,,,GP3,0.0,0.0,0.37187,0.41019,normalised
8.72210955619812,,,0.0,0.0,0,,,,,,,,,GP3,0.0,0.0,0.37187,0.41019,normalised
8.739803791046143,,,0.0,0.0,0,,,,,,,,,GP3,0.0,0.0,0.37187,0.41019,normalised
8.754741907119751,,,0.0,0.0,0,,,,,,,,,GP3,0.0,0.0,0.37187,0.41019,normalised
8.771113395690918,,,0.0,0.0,0,,,,,,,,,GP3,0.0,0.0,0.37187,0.41019,normalised
8.789389371871948,,,0.0,0.0,0,,,,,,,,,GP3,0.0,0.0,0.37187,0.41019,normalised
8.803048610687256,,,0.0,0.0,0,,,,,,,,,GP3,0.0,0.0,0.37187,0.41019,normalised
8.819852590560913,,,0.0,0.0,0,,,,,,,,,GP3,0.0,0.0,0.37187,0.41019,normalised
8.836187601089478,,,0.0,0.0,0,,,,,,,,,GP3,0.0,0.0,0.37187,0.41019,normalised
8.851802110671997,,,0.0,0.0,0,,,,,,,,,GP3,0.0,0.0,0.37187,0.41019,normalised
8.867562294006348,,,0.0,0.0,0,,,,,,,,,GP3,0.0,0.0,0.37187,0.41019,normalised
8.885164260864258,,,0.0,0.0,0,,,,,,,,,GP3,0.0,0.0,0.37187,0.41019,normalised
8.899672269821167,,,0.0,0.0,0,,,,,,,,,GP3,0.0,0.0,0.37187,0.41019,normalised
8.916469097137451,,,0.0,0.0,0,,,,,,,,,GP3,0.0,0.0,0.37187,0.41019,normalised
8.932456493377686,,,0.49717,0.35097,0,,,,,,,,,GP3,0.49717,0.35097,0.37187,0.41019,normalised
8.946382522583008,,,0.49855,0.36045,0,,,,,,,,,GP3,0.49855,0.36045,0.37187,0.41019,normalised
8.965784311294556,,,0.49901,0.36362,0,,,,,,,,,GP3,0.49901,0.36362,0.37187,0.41019,normalised
8.979443073272705,,,0.49496,0.36143,1,,,,,,,,,GP3,0.49496,0.36143,0.37187,0.41019,normalised
8.994744062423706,,,0.49478,0.35874,1,,,,,,,,,GP3,0.49478,0.35874,0.37187,0.41019,normalised
9.012081384658813,,,0.49454,0.3582,1,,,,,,,,,GP3,0.49454,0.3582,0.37187,0.41019,normalised
9.029607772827148,,,0.4942,0.3595,1,,,,,,,,,GP3,0.4942,0.3595,0.37187,0.41019,normalised
9.044288396835327,,,0.49376,0.3616,1,,,,,,,,,GP3,0.49376,0.3616,0.37187,0.41019,normalised
9.06039810180664,,,0.4935,0.36397,1,,,,,,,,,GP3,0.4935,0.36397,0.37187,0.41019,normalised
9.076857566833496,,,0.49383,0.36518,1,,,,,,,,,GP3,0.49383,0.36518,0.37187,0.41019,normalised
9.093896627426147,,,0.49513,0.36423,1,,,,,,,,,GP3,0.49513,0.36423,0.37187,0.41019,normalised
9.111913919448853,,,0.49607,0.3634,1,,,,,,,,,GP3,0.49607,0.3634,0.37187,0.41019,normalised
9.124602317810059,,,0.49581,0.36405,1,,,,,,,,,GP3,0.49581,0.36405,0.37187,0.41019,normalised
9.141422986984253,,,0.49546,0.37024,1,,,,,,,,,GP3,0.49546,0.37024,0.37187,0.41019,normalised
9.159109115600586,,,0.49521,0.37743,1,,,,,,,,,GP3,0.49521,0.37743,0.37187,0.41019,normalised
9.172872066497803,,,0.49563,0.3821,1,,,,,,,,,GP3,0.49563,0.3821,0.37187,0.41019,normalised
9.192178964614868,,,0.4954,0.38572,1,,,,,,,,,GP3,0.4954,0.38572,0.37187,0.41019,normalised
9.209781408309937,,,0.49517,0.38915,1,,,,,,,,,GP3,0.49517,0.38915,0.37187,0.41019,normalised
9.221553087234497,,,0.49513,0.39365,1,,,,,,,,,GP3,0.49513,0.39365,0.37187,0.41019,normalised
9.238576650619507,,,0.49489,0.39878,1,,,,,,,,,GP3,0.49489,0.39878,0.37187,0.41019,normalised
9.255315780639648,,,0.49555,0.43315,0,,,,,,,,,GP3,0.49555,0.43315,0.37187,0.41019,normalised
9.270193099975586,,,0.4947,0.44988,0,,,,,,,,,GP3,0.4947,0.44988,0.37187,0.41019,normalised
9.287071466445923,,,0.49688,0.4629,0,,,,,,,,,GP3,0.49688,0.4629,0.37187,0.41019,normalised
9.304745435714722,,,0.49836,0.46625,1,,,,,,,,,GP3,0.49836,0.46625,0.37187,0.41019,normalised
9.319508790969849,,,0.498,0.45827,1,,,,,,,,,GP3,0.498,0.45827,0.37187,0.41019,normalised
9.334567546844482,,,0.49939,0.44481,1,,,,,,,,,GP3,0.49939,0.44481,0.37187,0.41019,normalised
9.35097861289978,,,0.50022,0.43334,1,,,,,,,,,GP3,0.50022,0.43334,0.37187,0.41019,normalised
9.3680739402771,,,0.50089,0.42942,1,,,,,,,,,GP3,0.50089,0.42942,0.37187,0.41019,normalised
9.384659051895142,,,0.50242,0.42477,1,,,,,,,,,GP3,0.50242,0.42477,0.37187,0.41019,normalised
9.40179181098938,,,0.50361,0.42272,1,,,,,,,,,GP3,0.50361,0.42272,0.37187,0.41019,normalised
9.416298389434814,,,0.50216,0.42498,1,,,,,,,,,GP3,0.50216,0.42498,0.37187,0.41019,normalised
9.432262182235718,,,0.50063,0.42892,1,,,,,,,,,GP3,0.50063,0.42892,0.37187,0.41019,normalised
9.448997735977173,,,0.49939,0.43182,1,,,,,,,,,GP3,0.49939,0.43182,0.37187,0.41019,normalised
9.46463418006897,,,0.4985,0.4339,1,,,,,,,,,GP3,0.4985,0.4339,0.37187,0.41019,normalised
9.480538129806519,,,0.49734,0.4331,1,,,,,,,,,GP3,0.49734,0.4331,0.37187,0.41019,normalised
9.497443914413452,,,0.49628,0.43207,1,,,,,,,,,GP3,0.49628,0.43207,0.37187,0.41019,normalised
9.512905597686768,,,0.49706,0.43067,1,,,,,,,,,GP3,0.49706,0.43067,0.37187,0.41019,normalised
9.53086543083191,,,0.4974,0.43094,1,,,,,,,,,GP3,0.4974,0.43094,0.37187,0.41019,normalised
9.547488689422607,,,0.49773,0.43148,1,,,,,,,,,GP3,0.49773,0.43148,0.37187,0.41019,normalised
9.561679601669312,,,0.49843,0.43298,1,,,,,,,,,GP3,0.49843,0.43298,0.37187,0.41019,normalised
9.577937602996826,,,0.49786,0.43436,1,,,,,,,,,GP3,0.49786,0.43436,0.37187,0.41019,normalised
9.59705400466919,,,0.4973,0.43489,1,,,,,,,,,GP3,0.4973,0.43489,0.37187,0.41019,normalised
9.611605405807495,,,0.4973,0.43321,1,,,,,,,,,GP3,0.4973,0.43321,0.37187,0.41019,normalised
9.626701593399048,,,0.49787,0.43002,1,,,,,,,,,GP3,0.49787,0.43002,0.37187,0.41019,normalised
9.644463539123535,,,0.49841,0.42733,1,,,,,,,,,GP3,0.49841,0.42733,0.37187,0.41019,normalised
9.659218072891235,,,0.49889,0.42724,1,,,,,,,,,GP3,0.49889,0.42724,0.37187,0.41019,normalised
9.676009178161621,,,0.4991,0.42785,1,,,,,,,,,GP3,0.4991,0.42785,0.37187,0.41019,normalised
9.69059419631958,,,0.4993,0.42843,1,,,,,,,,,GP3,0.4993,0.42843,0.37187,0.41019,normalised
9.708418130874634,,,0.49962,0.42874,1,,,,,,,,,GP3,0.49962,0.42874,0.37187,0.41019,normalised
9.723403930664062,,,0.49987,0.42825,1,,,,,,,,,GP3,0.49987,0.42825,0.37187,0.41019,normalised
9.740491390228271,,,0.50008,0.42798,1,,,,,,,,,GP3,0.50008,0.42798,0.37187,0.41019,normalised
9.75516128540039,,,0.50076,0.43052,1,,,,,,,,,GP3,0.50076,0.43052,0.37187,0.41019,normalised
9.772791862487793,,,0.50062,0.43117,1,,,,,,,,,GP3,0.50062,0.43117,0.37187,0.41019,normalised
9.787384510040283,,,0.50048,0.4321,1,,,,,,,,,GP3,0.50048,0.4321,0.37187,0.41019,normalised
9.80604863166809,,,0.50079,0.43258,1,,,,,,,,,GP3,0.50079,0.43258,0.37187,0.41019,normalised
9.820823192596436,,,0.50017,0.43415,1,,,,,,,,,GP3,0.50017,0.43415,0.37187,0.41019,normalised
9.836818218231201,,,0.4996,0.43587,1,,,,,,,,,GP3,0.4996,0.43587,0.37187,0.41019,normalised
9.854187965393066,,,0.49953,0.43696,1,,,,,,,,,GP3,0.49953,0.43696,0.37187,0.41019,normalised
9.868862390518188,,,0.4996,0.43741,1,,,,,,,,,GP3,0.4996,0.43741,0.37187,0.41019,normalised
9.886018753051758,,,0.49966,0.43784,1,,,,,,,,,GP3,0.49966,0.43784,0.37187,0.41019,normalised
9.901251792907715,,,0.49989,0.4385,1,,,,,,,,,GP3,0.49989,0.4385,0.37187,0.41019,normalised
9.919289588928223,,,0.49739,0.46524,0,,,,,,,,,GP3,0.49739,0.46524,0.37187,0.41019,normalised
9.935011148452759,,,0.48348,0.4585,0,,,,,,,,,GP3,0.48348,0.4585,0.37187,0.41019,normalised
9.951645135879517,,,0.47967,0.45122,0,,,,,,,,,GP3,0.47967,0.45122,0.37187,0.41019,normalised
9.96870493888855,,,0.48087,0.46243,1,,,,,,,,,GP3,0.48087,0.46243,0.37187,0.41019,normalised
9.98276138305664,,,0.48162,0.47098,1,,,,,,,,,GP3,0.48162,0.47098,0.37187,0.41019,normalised
9.998311996459961,,,0.48257,0.47066,1,,,,,,,,,GP3,0.48257,0.47066,0.37187,0.41019,normalised
10.01427173614502,,,0.48237,0.46771,1,,,,,,,,,GP3,0.48237,0.46771,0.37187,0.41019,normalised
10.030399322509766,,,0.48219,0.46428,1,,,,,,,,,GP3,0.48219,0.46428,0.37187,0.41019,normalised
10.046584367752075,,,0.48427,0.46756,1,,,,,,,,,GP3,0.48427,0.46756,0.37187,0.41019,normalised
10.065382719039917,,,0.4841,0.46421,1,,,,,,,,,GP3,0.4841,0.46421,0.37187,0.41019,normalised
10.0800039768219,,,0.48394,0.46059,1,,,,,,,,,GP3,0.48394,0.46059,0.37187,0.41019,normalised
10.096293687820435,,,0.48603,0.45759,1,,,,,,,,,GP3,0.48603,0.45759,0.37187,0.41019,normalised
10.113024473190308,,,0.48729,0.45503,1,,,,,,,,,GP3,0.48729,0.45503,0.37187,0.41019,normalised
10.126525640487671,,,0.48849,0.45259,1,,,,,,,,,GP3,0.48849,0.45259,0.37187,0.41019,normalised
10.144560813903809,,,0.49059,0.4492,1,,,,,,,,,GP3,0.49059,0.4492,0.37187,0.41019,normalised
10.159212589263916,,,0.49157,0.44659,1,,,,,,,,,GP3,0.49157,0.44659,0.37187,0.41019,normalised
10.176520109176636,,,0.49235,0.44354,1,,,,,,,,,GP3,0.49235,0.44354,0.37187,0.41019,normalised
10.19374966621399,,,0.49263,0.44247,1,,,,,,,,,GP3,0.49263,0.44247,0.37187,0.41019,normalised
10.208713293075562,,,0.49194,0.44114,1,,,,,,,,,GP3,0.49194,0.44114,0.37187,0.41019,normalised
10.224028587341309,,,0.49133,0.44073,1,,,,,,,,,GP3,0.49133,0.44073,0.37187,0.41019,normalised
10.240535259246826,,,0.49127,0.44222,1,,,,,,,,,GP3,0.49127,0.44222,0.37187,0.41019,normalised
10.257771968841553,,,0.49189,0.44165,1,,,,,,,,,GP3,0.49189,0.44165,0.37187,0.41019,normalised
10.273344993591309,,,0.49247,0.44113,1,,,,,,,,,GP3,0.49247,0.44113,0.37187,0.41019,normalised
10.289565563201904,,,0.49332,0.44142,1,,,,,,,,,GP3,0.49332,0.44142,0.37187,0.41019,normalised
10.308194398880005,,,0.49349,0.44118,1,,,,,,,,,GP3,0.49349,0.44118,0.37187,0.41019,normalised
10.321338891983032,,,0.49366,0.44097,1,,,,,,,,,GP3,0.49366,0.44097,0.37187,0.41019,normalised
10.338367700576782,,,0.49352,0.44113,1,,,,,,,,,GP3,0.49352,0.44113,0.37187,0.41019,normalised
10.354952096939087,,,0.49336,0.44292,1,,,,,,,,,GP3,0.49336,0.44292,0.37187,0.41019,normalised
10.37148141860962,,,0.49322,0.44458,1,,,,,,,,,GP3,0.49322,0.44458,0.37187,0.41019,normalised
10.386266231536865,,,0.49315,0.4445,1,,,,,,,,,GP3,0.49315,0.4445,0.37187,0.41019,normalised
10.402346849441528,,,0.49298,0.44469,1,,,,,,,,,GP3,0.49298,0.44469,0.37187,0.41019,normalised
10.418860673904419,,,0.49285,0.44412,1,,,,,,,,,GP3,0.49285,0.44412,0.37187,0.41019,normalised
10.436365127563477,,,0.49285,0.44278,1,,,,,,,,,GP3,0.49285,0.44278,0.37187,0.41019,normalised
10.450874328613281,,,0.49309,0.44043,1,,,,,,,,,GP3,0.49309,0.44043,0.37187,0.41019,normalised
10.468392610549927,,,0.4933,0.4377,1,,,,,,,,,GP3,0.4933,0.4377,0.37187,0.41019,normalised
10.482909679412842,,,0.49333,0.43575,1,,,,,,,,,GP3,0.49333,0.43575,0.37187,0.41019,normalised
10.499926090240479,,,0.49311,0.43396,1,,,,,,,,,GP3,0.49311,0.43396,0.37187,0.41019,normalised
10.516436576843262,,,0.49289,0.43307,1,,,,,,,,,GP3,0.49289,0.43307,0.37187,0.41019,normalised
10.530952453613281,,,0.49334,0.43292,1,,,,,,,,,GP3,0.49334,0.43292,0.37187,0.41019,normalised
10.550467252731323,,,0.49279,0.4335,1,,,,,,,,,GP3,0.49279,0.4335,0.37187,0.41019,normalised
10.564986944198608,,,0.49279,0.4335,1,,,,,,,,,GP3,0.49279,0.4335,0.37187,0.41019,normalised
10.582519292831421,,,0.49279,0.4335,1,,,,,,,,,GP3,0.49279,0.4335,0.37187,0.41019,normalised
10.60008430480957,,,0.49279,0.4335,1,,,,,,,,,GP3,0.49279,0.4335,0.37187,0.41019,normalised
10.614191770553589,,,0.49145,0.41154,0,,,,,,,,,GP3,0.49145,0.41154,0.37187,0.41019,normalised
10.631734609603882,,,0.49145,0.41154,0,,,,,,,,,GP3,0.49145,0.41154,0.37187,0.41019,normalised
10.648362636566162,,,0.49145,0.41154,0,,,,,,,,,GP3,0.49145,0.41154,0.37187,0.41019,normalised
10.665606260299683,,,0.0,0.0,0,,,,,,,,,GP3,0.0,0.0,0.37187,0.41019,normalised
10.680143117904663,,,0.0,0.0,0,,,,,,,,,GP3,0.0,0.0,0.37187,0.41019,normalised
10.696593284606934,,,0.0,0.0,0,,,,,,,,,GP3,0.0,0.0,0.37187,0.41019,normalised
10.713280439376831,,,0.0,0.0,0,,,,,,,,,GP3,0.0,0.0,0.37187,0.41019,normalised
10.728883504867554,,,0.0,0.0,0,,,,,,,,,GP3,0.0,0.0,0.37187,0.41019,normalised
10.745463132858276,,,0.0,0.0,0,,,,,,,,,GP3,0.0,0.0,0.37187,0.41019,normalised
10.76081919670105,,,0.0,0.0,0,,,,,,,,,GP3,0.0,0.0,0.37187,0.41019,normalised
10.778286695480347,,,0.0,0.0,0,,,,,,,,,GP3,0.0,0.0,0.37187,0.41019,normalised
10.793015956878662,,,0.0,0.0,0,,,,,,,,,GP3,0.0,0.0,0.37187,0.41019,normalised
10.80773138999939,,,0.0,0.0,0,,,,,,,,,GP3,0.0,0.0,0.37187,0.41019,normalised
10.82515549659729,,,0.0,0.0,0,,,,,,,,,GP3,0.0,0.0,0.37187,0.41019,normalised
10.842284440994263,,,0.0,0.0,0,,,,,,,,,GP3,0.0,0.0,0.37187,0.41019,normalised
10.855738878250122,,,0.0,0.0,0,,,,,,,,,GP3,0.0,0.0,0.37187,0.41019,normalised
10.876285552978516,,,0.0,0.0,0,,,,,,,,,GP3,0.0,0.0,0.37187,0.41019,normalised
10.891411066055298,,,0.0,0.0,0,,,,,,,,,GP3,0.0,0.0,0.37187,0.41019,normalised
10.907974243164062,,,0.0,0.0,0,,,,,,,,,GP3,0.0,0.0,0.37187,0.41019,normalised
10.925817012786865,,,0.0,0.0,0,,,,,,,,,GP3,0.0,0.0,0.37187,0.41019,normalised
10.938722133636475,,,0.0,0.0,0,,,,,,,,,GP3,0.0,0.0,0.37187,0.41019,normalised
10.955334901809692,,,0.0,0.0,0,,,,,,,,,GP3,0.0,0.0,0.37187,0.41019,normalised
10.972336530685425,,,0.0,0.0,0,,,,,,,,,GP3,0.0,0.0,0.37187,0.41019,normalised
10.988871097564697,,,0.0,0.0,0,,,,,,,,,GP3,0.0,0.0,0.37187,0.41019,normalised
11.00362777709961,,,0.0,0.0,0,,,,,,,,,GP3,0.0,0.0,0.37187,0.41019,normalised
11.020352363586426,,,0.0,0.0,0,,,,,,,,,GP3,0.0,0.0,0.37187,0.41019,normalised
11.03787899017334,,,0.25902,0.21561,0,,,,,,,,,GP3,0.25902,0.21561,0.37187,0.41019,normalised
11.048516988754272,,,0.48988,0.45558,0,,,,,,,,,GP3,0.48988,0.45558,0.37187,0.41019,normalised
11.066081285476685,,,0.50437,0.44082,0,,,,,,,,,GP3,0.50437,0.44082,0.37187,0.41019,normalised
11.083291292190552,,,0.50984,0.44115,0,,,,,,,,,GP3,0.50984,0.44115,0.37187,0.41019,normalised
11.099082946777344,,,0.51282,0.43973,1,,,,,,,,,GP3,0.51282,0.43973,0.37187,0.41019,normalised
11.1162588596344,,,0.51483,0.43632,1,,,,,,,,,GP3,0.51483,0.43632,0.37187,0.41019,normalised
11.130827903747559,,,0.51646,0.43518,1,,,,,,,,,GP3,0.51646,0.43518,0.37187,0.41019,normalised
11.147125720977783,,,0.51771,0.4314,1,,,,,,,,,GP3,0.51771,0.4314,0.37187,0.41019,normalised
11.161633968353271,,,0.51422,0.42367,1,,,,,,,,,GP3,0.51422,0.42367,0.37187,0.41019,normalised
11.179242610931396,,,0.51376,0.42017,1,,,,,,,,,GP3,0.51376,0.42017,0.37187,0.41019,normalised
11.195265769958496,,,0.51329,0.41892,1,,,,,,,,,GP3,0.51329,0.41892,0.37187,0.41019,normalised
11.210890769958496,,,0.51263,0.41933,1,,,,,,,,,GP3,0.51263,0.41933,0.37187,0.41019,normalised
11.228543281555176,,,0.51173,0.4208,1,,,,,,,,,GP3,0.51173,0.4208,0.37187,0.41019,normalised
11.244114398956299,,,0.51102,0.42246,1,,,,,,,,,GP3,0.51102,0.42246,0.37187,0.41019,normalised
11.258901834487915,,,0.51068,0.42521,1,,,,,,,,,GP3,0.51068,0.42521,0.37187,0.41019,normalised
11.276758193969727,,,0.51078,0.42335,1,,,,,,,,,GP3,0.51078,0.42335,0.37187,0.41019,normalised
11.293854713439941,,,0.51089,0.42039,1,,,,,,,,,GP3,0.51089,0.42039,0.37187,0.41019,normalised
11.309794902801514,,,0.51029,0.41707,1,,,,,,,,,GP3,0.51029,0.41707,0.37187,0.41019,normalised
11.324599027633667,,,0.50988,0.41712,1,,,,,,,,,GP3,0.50988,0.41712,0.37187,0.41019,normalised
11.340493440628052,,,0.50951,0.41766,1,,,,,,,,,GP3,0.50951,0.41766,0.37187,0.41019,normalised
11.35606050491333,,,0.50946,0.41731,1,,,,,,,,,GP3,0.50946,0.41731,0.37187,0.41019,normalised
11.372854232788086,,,0.50896,0.41705,1,,,,,,,,,GP3,0.50896,0.41705,0.37187,0.41019,normalised
11.388657093048096,,,0.50855,0.41691,1,,,,,,,,,GP3,0.50855,0.41691,0.37187,0.41019,normalised
11.404338121414185,,,0.50874,0.41835,1,,,,,,,,,GP3,0.50874,0.41835,0.37187,0.41019,normalised
11.422838687896729,,,0.50955,0.41853,1,,,,,,,,,GP3,0.50955,0.41853,0.37187,0.41019,normalised
11.439343452453613,,,0.51028,0.41806,1,,,,,,,,,GP3,0.51028,0.41806,0.37187,0.41019,normalised
11.454113006591797,,,0.51074,0.41729,1,,,,,,,,,GP3,0.51074,0.41729,0.37187,0.41019,normalised
11.471880197525024,,,0.51092,0.41508,1,,,,,,,,,GP3,0.51092,0.41508,0.37187,0.41019,normalised
11.486452102661133,,,0.51107,0.41299,1,,,,,,,,,GP3,0.51107,0.41299,0.37187,0.41019,normalised
11.503421783447266,,,0.51109,0.41319,1,,,,,,,,,GP3,0.51109,0.41319,0.37187,0.41019,normalised
11.518247604370117,,,0.51073,0.41366,1,,,,,,,,,GP3,0.51073,0.41366,0.37187,0.41019,normalised
11.534884929656982,,,0.51039,0.41445,1,,,,,,,,,GP3,0.51039,0.41445,0.37187,0.41019,normalised
11.551982402801514,,,0.51022,0.41447,1,,,,,,,,,GP3,0.51022,0.41447,0.37187,0.41019,normalised
11.566123008728027,,,0.51012,0.41517,1,,,,,,,,,GP3,0.51012,0.41517,0.37187,0.41019,normalised
11.583636999130249,,,0.51002,0.41583,1,,,,,,,,,GP3,0.51002,0.41583,0.37187,0.41019,normalised
11.599242687225342,,,0.50981,0.41583,1,,,,,,,,,GP3,0.50981,0.41583,0.37187,0.41019,normalised
11.616743564605713,,,0.50936,0.41527,1,,,,,,,,,GP3,0.50936,0.41527,0.37187,0.41019,normalised
11.631464004516602,,,0.50894,0.41485,1,,,,,,,,,GP3,0.50894,0.41485,0.37187,0.41019,normalised
11.648073196411133,,,0.50933,0.41477,1,,,,,,,,,GP3,0.50933,0.41477,0.37187,0.41019,normalised
11.666048765182495,,,0.50941,0.41541,1,,,,,,,,,GP3,0.50941,0.41541,0.37187,0.41019,normalised
11.679876804351807,,,0.50947,0.41587,1,,,,,,,,,GP3,0.50947,0.41587,0.37187,0.41019,normalised
11.697908639907837,,,0.5099,0.41551,1,,,,,,,,,GP3,0.5099,0.41551,0.37187,0.41019,normalised
11.712488651275635,,,0.50996,0.4142,1,,,,,,,,,GP3,0.50996,0.4142,0.37187,0.41019,normalised
11.730211973190308,,,0.51006,0.41241,1,,,,,,,,,GP3,0.51006,0.41241,0.37187,0.41019,normalised
11.744802951812744,,,0.51046,0.41182,1,,,,,,,,,GP3,0.51046,0.41182,0.37187,0.41019,normalised
11.761406183242798,,,0.51026,0.41093,1,,,,,,,,,GP3,0.51026,0.41093,0.37187,0.41019,normalised
11.778283834457397,,,0.51008,0.40979,1,,,,,,,,,GP3,0.51008,0.40979,0.37187,0.41019,normalised
11.795145034790039,,,0.50972,0.40809,1,,,,,,,,,GP3,0.50972,0.40809,0.37187,0.41019,normalised
11.809668779373169,,,0.51089,0.37784,0,,,,,,,,,GP3,0.51089,0.37784,0.37187,0.41019,normalised
11.827208757400513,,,0.51073,0.3466,0,,,,,,,,,GP3,0.51073,0.3466,0.37187,0.41019,normalised
11.841743469238281,,,0.52165,0.33818,0,,,,,,,,,GP3,0.52165,0.33818,0.37187,0.41019,normalised
11.858030796051025,,,0.51973,0.337,1,,,,,,,,,GP3,0.51973,0.337,0.37187,0.41019,normalised
11.87560749053955,,,0.51817,0.33891,1,,,,,,,,,GP3,0.51817,0.33891,0.37187,0.41019,normalised
11.890405178070068,,,0.52068,0.34676,1,,,,,,,,,GP3,0.52068,0.34676,0.37187,0.41019,normalised
11.90735912322998,,,0.52043,0.36029,1,,,,,,,,,GP3,0.52043,0.36029,0.37187,0.41019,normalised
11.92436408996582,,,0.52016,0.3735,1,,,,,,,,,GP3,0.52016,0.3735,0.37187,0.41019,normalised
11.938781261444092,,,0.52041,0.3798,1,,,,,,,,,GP3,0.52041,0.3798,0.37187,0.41019,normalised
11.95632553100586,,,0.52076,0.38554,1,,,,,,,,,GP3,0.52076,0.38554,0.37187,0.41019,normalised
11.97281527519226,,,0.52125,0.389,1,,,,,,,,,GP3,0.52125,0.389,0.37187,0.41019,normalised
11.99035096168518,,,0.52018,0.38718,1,,,,,,,,,GP3,0.52018,0.38718,0.37187,0.41019,normalised
12.005351305007935,,,0.52213,0.38397,1,,,,,,,,,GP3,0.52213,0.38397,0.37187,0.41019,normalised
12.018960237503052,,,0.52381,0.37985,1,,,,,,,,,GP3,0.52381,0.37985,0.37187,0.41019,normalised
12.035633087158203,,,0.52406,0.38025,1,,,,,,,,,GP3,0.52406,0.38025,0.37187,0.41019,normalised
12.052152633666992,,,0.52326,0.38164,1,,,,,,,,,GP3,0.52326,0.38164,0.37187,0.41019,normalised
12.069910287857056,,,0.5225,0.38335,1,,,,,,,,,GP3,0.5225,0.38335,0.37187,0.41019,normalised
12.084650993347168,,,0.52176,0.38223,1,,,,,,,,,GP3,0.52176,0.38223,0.37187,0.41019,normalised
12.100972175598145,,,0.5209,0.38138,1,,,,,,,,,GP3,0.5209,0.38138,0.37187,0.41019,normalised
12.118438005447388,,,0.52013,0.38061,1,,,,,,,,,GP3,0.52013,0.38061,0.37187,0.41019,normalised
12.133223056793213,,,0.52014,0.38033,1,,,,,,,,,GP3,0.52014,0.38033,0.37187,0.41019,normalised
12.149814128875732,,,0.52053,0.3826,1,,,,,,,,,GP3,0.52053,0.3826,0.37187,0.41019,normalised
12.166423797607422,,,0.52091,0.38492,1,,,,,,,,,GP3,0.52091,0.38492,0.37187,0.41019,normalised
12.183842897415161,,,0.52108,0.38442,1,,,,,,,,,GP3,0.52108,0.38442,0.37187,0.41019,normalised
12.198444128036499,,,0.5188,0.38371,1,,,,,,,,,GP3,0.5188,0.38371,0.37187,0.41019,normalised
12.212976694107056,,,0.5167,0.38306,1,,,,,,,,,GP3,0.5167,0.38306,0.37187,0.41019,normalised
12.230874061584473,,,0.5155,0.38437,1,,,,,,,,,GP3,0.5155,0.38437,0.37187,0.41019,normalised
12.247467994689941,,,0.51443,0.38495,1,,,,,,,,,GP3,0.51443,0.38495,0.37187,0.41019,normalised
12.264091491699219,,,0.51341,0.3853,1,,,,,,,,,GP3,0.51341,0.3853,0.37187,0.41019,normalised
12.278632640838623,,,0.51211,0.38556,1,,,,,,,,,GP3,0.51211,0.38556,0.37187,0.41019,normalised
12.294510841369629,,,0.51077,0.38582,1,,,,,,,,,GP3,0.51077,0.38582,0.37187,0.41019,normalised
12.312023639678955,,,0.50956,0.38623,1,,,,,,,,,GP3,0.50956,0.38623,0.37187,0.41019,normalised
12.328641176223755,,,0.50899,0.38666,1,,,,,,,,,GP3,0.50899,0.38666,0.37187,0.41019,normalised
12.343316078186035,,,0.50806,0.38711,1,,,,,,,,,GP3,0.50806,0.38711,0.37187,0.41019,normalised
12.359894752502441,,,0.48081,0.39307,0,,,,,,,,,GP3,0.48081,0.39307,0.37187,0.41019,normalised
12.376136779785156,,,0.46959,0.40391,0,,,,,,,,,GP3,0.46959,0.40391,0.37187,0.41019,normalised
12.39327883720398,,,0.45968,0.40354,0,,,,,,,,,GP3,0.45968,0.40354,0.37187,0.41019,normalised
12.4077889919281,,,0.45501,0.4048,1,,,,,,,,,GP3,0.45501,0.4048,0.37187,0.41019,normalised
12.425343036651611,,,0.45842,0.40847,1,,,,,,,,,GP3,0.45842,0.40847,0.37187,0.41019,normalised
12.4410982131958,,,0.46395,0.40991,1,,,,,,,,,GP3,0.46395,0.40991,0.37187,0.41019,normalised
12.45589017868042,,,0.46778,0.40853,1,,,,,,,,,GP3,0.46778,0.40853,0.37187,0.41019,normalised
12.472423553466797,,,0.4696,0.40446,1,,,,,,,,,GP3,0.4696,0.40446,0.37187,0.41019,normalised
12.490106105804443,,,0.47185,0.40049,1,,,,,,,,,GP3,0.47185,0.40049,0.37187,0.41019,normalised
12.506237506866455,,,0.47367,0.39847,1,,,,,,,,,GP3,0.47367,0.39847,0.37187,0.41019,normalised
12.520769119262695,,,0.47178,0.40007,1,,,,,,,,,GP3,0.47178,0.40007,0.37187,0.41019,normalised
12.538310527801514,,,0.47079,0.40052,1,,,,,,,,,GP3,0.47079,0.40052,0.37187,0.41019,normalised
12.5528404712677,,,0.47002,0.40254,1,,,,,,,,,GP3,0.47002,0.40254,0.37187,0.41019,normalised
12.569571495056152,,,0.47192,0.40755,1,,,,,,,,,GP3,0.47192,0.40755,0.37187,0.41019,normalised
12.586236715316772,,,0.47055,0.41317,1,,,,,,,,,GP3,0.47055,0.41317,0.37187,0.41019,normalised
12.604232788085938,,,0.46936,0.41774,1,,,,,,,,,GP3,0.46936,0.41774,0.37187,0.41019,normalised
12.618754625320435,,,0.46947,0.4181,1,,,,,,,,,GP3,0.46947,0.4181,0.37187,0.41019,normalised
12.636129379272461,,,0.47039,0.41711,1,,,,,,,,,GP3,0.47039,0.41711,0.37187,0.41019,normalised
12.650837659835815,,,0.47115,0.41482,1,,,,,,,,,GP3,0.47115,0.41482,0.37187,0.41019,normalised
12.668699502944946,,,0.47148,0.41357,1,,,,,,,,,GP3,0.47148,0.41357,0.37187,0.41019,normalised
12.683360576629639,,,0.47068,0.4109,1,,,,,,,,,GP3,0.47068,0.4109,0.37187,0.41019,normalised
12.699362993240356,,,0.47,0.40874,1,,,,,,,,,GP3,0.47,0.40874,0.37187,0.41019,normalised
12.716968536376953,,,0.47009,0.41114,1,,,,,,,,,GP3,0.47009,0.41114,0.37187,0.41019,normalised
12.731684923171997,,,0.47007,0.4092,1,,,,,,,,,GP3,0.47007,0.4092,0.37187,0.41019,normalised
12.748490333557129,,,0.47005,0.40742,1,,,,,,,,,GP3,0.47005,0.40742,0.37187,0.41019,normalised
12.762935638427734,,,0.47016,0.40749,1,,,,,,,,,GP3,0.47016,0.40749,0.37187,0.41019,normalised
12.780470848083496,,,0.46988,0.40702,1,,,,,,,,,GP3,0.46988,0.40702,0.37187,0.41019,normalised
12.797740459442139,,,0.46963,0.40659,1,,,,,,,,,GP3,0.46963,0.40659,0.37187,0.41019,normalised
12.812257528305054,,,0.4698,0.40515,1,,,,,,,,,GP3,0.4698,0.40515,0.37187,0.41019,normalised
12.829626321792603,,,0.47029,0.40515,1,,,,,,,,,GP3,0.47029,0.40515,0.37187,0.41019,normalised
12.844285011291504,,,0.47073,0.40535,1,,,,,,,,,GP3,0.47073,0.40535,0.37187,0.41019,normalised
12.861929655075073,,,0.46589,0.40336,1,,,,,,,,,GP3,0.46589,0.40336,0.37187,0.41019,normalised
12.877158403396606,,,0.46334,0.40109,1,,,,,,,,,GP3,0.46334,0.40109,0.37187,0.41019,normalised
12.894335985183716,,,0.46094,0.39876,1,,,,,,,,,GP3,0.46094,0.39876,0.37187,0.41019,normalised
12.910470485687256,,,0.43584,0.37305,0,,,,,,,,,GP3,0.43584,0.37305,0.37187,0.41019,normalised
12.924917697906494,,,0.38957,0.34202,0,,,,,,,,,GP3,0.38957,0.34202,0.37187,0.41019,normalised
12.94112253189087,,,0.37297,0.32568,0,,,,,,,,,GP3,0.37297,0.32568,0.37187,0.41019,normalised
12.958311319351196,,,0.38222,0.32832,1,,,,,,,,,GP3,0.38222,0.32832,0.37187,0.41019,normalised
12.976212501525879,,,0.40899,0.33104,1,,,,,,,,,GP3,0.40899,0.33104,0.37187,0.41019,normalised
12.98971939086914,,,0.42715,0.33249,1,,,,,,,,,GP3,0.42715,0.33249,0.37187,0.41019,normalised
13.006354331970215,,,0.43722,0.33514,1,,,,,,,,,GP3,0.43722,0.33514,0.37187,0.41019,normalised
13.024371147155762,,,0.44863,0.33516,1,,,,,,,,,GP3,0.44863,0.33516,0.37187,0.41019,normalised
13.040192127227783,,,0.45748,0.33318,1,,,,,,,,,GP3,0.45748,0.33318,0.37187,0.41019,normalised
13.057234048843384,,,0.46361,0.3313,1,,,,,,,,,GP3,0.46361,0.3313,0.37187,0.41019,normalised
13.07467770576477,,,0.47004,0.33216,1,,,,,,,,,GP3,0.47004,0.33216,0.37187,0.41019,normalised
13.086918354034424,,,0.47536,0.33515,1,,,,,,,,,GP3,0.47536,0.33515,0.37187,0.41019,normalised
13.105688333511353,,,0.48559,0.3414,1,,,,,,,,,GP3,0.48559,0.3414,0.37187,0.41019,normalised
13.119523525238037,,,0.4951,0.34733,1,,,,,,,,,GP3,0.4951,0.34733,0.37187,0.41019,normalised
13.135268449783325,,,0.53569,0.36004,0,,,,,,,,,GP3,0.53569,0.36004,0.37187,0.41019,normalised
13.151120662689209,,,0.56802,0.42119,0,,,,,,,,,GP3,0.56802,0.42119,0.37187,0.41019,normalised
13.168916463851929,,,0.59263,0.46347,0,,,,,,,,,GP3,0.59263,0.46347,0.37187,0.41019,normalised
13.185144901275635,,,0.62713,0.53074,0,,,,,,,,,GP3,0.62713,0.53074,0.37187,0.41019,normalised
13.201891422271729,,,0.67969,0.57678,0,,,,,,,,,GP3,0.67969,0.57678,0.37187,0.41019,normalised
13.218448877334595,,,0.69762,0.59988,0,,,,,,,,,GP3,0.69762,0.59988,0.37187,0.41019,normalised
13.233447551727295,,,0.73219,0.64077,0,,,,,,,,,GP3,0.73219,0.64077,0.37187,0.41019,normalised
13.251088380813599,,,0.72739,0.65938,0,,,,,,,,,GP3,0.72739,0.65938,0.37187,0.41019,normalised
13.267460823059082,,,0.72124,0.67132,0,,,,,,,,,GP3,0.72124,0.67132,0.37187,0.41019,normalised
13.280424118041992,,,0.71817,0.67728,1,,,,,,,,,GP3,0.71817,0.67728,0.37187,0.41019,normalised
13.29990839958191,,,0.71484,0.68286,1,,,,,,,,,GP3,0.71484,0.68286,0.37187,0.41019,normalised
13.31430983543396,,,0.71356,0.67725,1,,,,,,,,,GP3,0.71356,0.67725,0.37187,0.41019,normalised
13.33044958114624,,,0.7133,0.67153,1,,,,,,,,,GP3,0.7133,0.67153,0.37187,0.41019,normalised
13.348215818405151,,,0.70825,0.6567,1,,,,,,,,,GP3,0.70825,0.6567,0.37187,0.41019,normalised
13.361961603164673,,,0.70434,0.6496,1,,,,,,,,,GP3,0.70434,0.6496,0.37187,0.41019,normalised
13.379033088684082,,,0.70124,0.64351,1,,,,,,,,,GP3,0.70124,0.64351,0.37187,0.41019,normalised
13.396351337432861,,,0.69859,0.63549,1,,,,,,,,,GP3,0.69859,0.63549,0.37187,0.41019,normalised
13.411149978637695,,,0.69554,0.63027,1,,,,,,,,,GP3,0.69554,0.63027,0.37187,0.41019,normalised
13.427423238754272,,,0.69295,0.6262,1,,,,,,,,,GP3,0.69295,0.6262,0.37187,0.41019,normalised
13.444002628326416,,,0.69094,0.62187,1,,,,,,,,,GP3,0.69094,0.62187,0.37187,0.41019,normalised
13.458718299865723,,,0.69062,0.6202,1,,,,,,,,,GP3,0.69062,0.6202,0.37187,0.41019,normalised
13.476048231124878,,,0.69063,0.61757,1,,,,,,,,,GP3,0.69063,0.61757,0.37187,0.41019,normalised
13.493255376815796,,,0.68164,0.58605,0,,,,,,,,,GP3,0.68164,0.58605,0.37187,0.41019,normalised
13.510267496109009,,,0.67844,0.55271,0,,,,,,,,,GP3,0.67844,0.55271,0.37187,0.41019,normalised
13.525959730148315,,,0.67675,0.54333,0,,,,,,,,,GP3,0.67675,0.54333,0.37187,0.41019,normalised
13.540653467178345,,,0.67656,0.54941,1,,,,,,,,,GP3,0.67656,0.54941,0.37187,0.41019,normalised
13.556472301483154,,,0.67525,0.56075,1,,,,,,,,,GP3,0.67525,0.56075,0.37187,0.41019,normalised
13.573442220687866,,,0.67361,0.57176,1,,,,,,,,,GP3,0.67361,0.57176,0.37187,0.41019,normalised
13.592276573181152,,,0.67482,0.57967,1,,,,,,,,,GP3,0.67482,0.57967,0.37187,0.41019,normalised
13.604378700256348,,,0.67474,0.58406,1,,,,,,,,,GP3,0.67474,0.58406,0.37187,0.41019,normalised
13.621570825576782,,,0.67521,0.58542,1,,,,,,,,,GP3,0.67521,0.58542,0.37187,0.41019,normalised
13.639639377593994,,,0.67498,0.58721,1,,,,,,,,,GP3,0.67498,0.58721,0.37187,0.41019,normalised
13.653653860092163,,,0.67699,0.58895,1,,,,,,,,,GP3,0.67699,0.58895,0.37187,0.41019,normalised
13.670781373977661,,,0.67851,0.59081,1,,,,,,,,,GP3,0.67851,0.59081,0.37187,0.41019,normalised
13.68737268447876,,,0.67848,0.59148,1,,,,,,,,,GP3,0.67848,0.59148,0.37187,0.41019,normalised
13.704036235809326,,,0.67709,0.6044,1,,,,,,,,,GP3,0.67709,0.6044,0.37187,0.41019,normalised
13.72029447555542,,,0.67586,0.61576,1,,,,,,,,,GP3,0.67586,0.61576,0.37187,0.41019,normalised
13.735058784484863,,,0.67658,0.62002,1,,,,,,,,,GP3,0.67658,0.62002,0.37187,0.41019,normalised
13.751062393188477,,,0.67784,0.62052,1,,,,,,,,,GP3,0.67784,0.62052,0.37187,0.41019,normalised
13.765820980072021,,,0.67912,0.62037,1,,,,,,,,,GP3,0.67912,0.62037,0.37187,0.41019,normalised
13.783469200134277,,,0.6805,0.62197,1,,,,,,,,,GP3,0.6805,0.62197,0.37187,0.41019,normalised
13.800073385238647,,,0.6856,0.6511,0,,,,,,,,,GP3,0.6856,0.6511,0.37187,0.41019,normalised
13.816832304000854,,,0.68696,0.67133,0,,,,,,,,,GP3,0.68696,0.67133,0.37187,0.41019,normalised
13.830672979354858,,,0.6869,0.6791,0,,,,,,,,,GP3,0.6869,0.6791,0.37187,0.41019,normalised
13.847808361053467,,,0.68514,0.69969,1,,,,,,,,,GP3,0.68514,0.69969,0.37187,0.41019,normalised
13.864734172821045,,,0.68366,0.71327,1,,,,,,,,,GP3,0.68366,0.71327,0.37187,0.41019,normalised
13.880926609039307,,,0.68732,0.71415,1,,,,,,,,,GP3,0.68732,0.71415,0.37187,0.41019,normalised
13.897229194641113,,,0.68692,0.71178,1,,,,,,,,,GP3,0.68692,0.71178,0.37187,0.41019,normalised
13.913442134857178,,,0.6869,0.70913,1,,,,,,,,,GP3,0.6869,0.70913,0.37187,0.41019,normalised
13.929041862487793,,,0.6871,0.70164,1,,,,,,,,,GP3,0.6871,0.70164,0.37187,0.41019,normalised
13.945390462875366,,,0.68719,0.69892,1,,,,,,,,,GP3,0.68719,0.69892,0.37187,0.41019,normalised
13.962913036346436,,,0.68746,0.69606,1,,,,,,,,,GP3,0.68746,0.69606,0.37187,0.41019,normalised
13.977425336837769,,,0.6858,0.69511,1,,,,,,,,,GP3,0.6858,0.69511,0.37187,0.41019,normalised
13.995080709457397,,,0.68614,0.69457,1,,,,,,,,,GP3,0.68614,0.69457,0.37187,0.41019,normalised
14.00954008102417,,,0.68642,0.69411,1,,,,,,,,,GP3,0.68642,0.69411,0.37187,0.41019,normalised
14.026514053344727,,,0.68621,0.69149,1,,,,,,,,,GP3,0.68621,0.69149,0.37187,0.41019,normalised
14.041619777679443,,,0.68708,0.68877,1,,,,,,,,,GP3,0.68708,0.68877,0.37187,0.41019,normalised
14.059218406677246,,,0.68809,0.68572,1,,,,,,,,,GP3,0.68809,0.68572,0.37187,0.41019,normalised
14.075839281082153,,,0.69026,0.684,1,,,,,,,,,GP3,0.69026,0.684,0.37187,0.41019,normalised
14.089591979980469,,,0.69139,0.68223,1,,,,,,,,,GP3,0.69139,0.68223,0.37187,0.41019,normalised
14.10610556602478,,,0.69258,0.68003,1,,,,,,,,,GP3,0.69258,0.68003,0.37187,0.41019,normalised
14.121885299682617,,,0.69452,0.67604,1,,,,,,,,,GP3,0.69452,0.67604,0.37187,0.41019,normalised
14.14087200164795,,,0.69631,0.67187,1,,,,,,,,,GP3,0.69631,0.67187,0.37187,0.41019,normalised
14.154788970947266,,,0.70735,0.64299,0,,,,,,,,,GP3,0.70735,0.64299,0.37187,0.41019,normalised
14.17147183418274,,,0.71373,0.62126,0,,,,,,,,,GP3,0.71373,0.62126,0.37187,0.41019,normalised
14.187344789505005,,,0.7104,0.6101,0,,,,,,,,,GP3,0.7104,0.6101,0.37187,0.41019,normalised
14.203335523605347,,,0.70853,0.60549,1,,,,,,,,,GP3,0.70853,0.60549,0.37187,0.41019,normalised
14.219829559326172,,,0.70561,0.6203,1,,,,,,,,,GP3,0.70561,0.6203,0.37187,0.41019,normalised
14.234981060028076,,,0.71117,0.61986,1,,,,,,,,,GP3,0.71117,0.61986,0.37187,0.41019,normalised
14.251765727996826,,,0.71449,0.62134,1,,,,,,,,,GP3,0.71449,0.62134,0.37187,0.41019,normalised
14.269694805145264,,,0.71287,0.62184,1,,,,,,,,,GP3,0.71287,0.62184,0.37187,0.41019,normalised
14.284852266311646,,,0.70902,0.62773,1,,,,,,,,,GP3,0.70902,0.62773,0.37187,0.41019,normalised
14.300432443618774,,,0.70586,0.63282,1,,,,,,,,,GP3,0.70586,0.63282,0.37187,0.41019,normalised
14.31629204750061,,,0.7054,0.63615,1,,,,,,,,,GP3,0.7054,0.63615,0.37187,0.41019,normalised
14.33530879020691,,,0.70502,0.63856,1,,,,,,,,,GP3,0.70502,0.63856,0.37187,0.41019,normalised
14.349201679229736,,,0.70508,0.63943,1,,,,,,,,,GP3,0.70508,0.63943,0.37187,0.41019,normalised
14.365123987197876,,,0.70555,0.6422,1,,,,,,,,,GP3,0.70555,0.6422,0.37187,0.41019,normalised
14.38131594657898,,,0.70682,0.63871,1,,,,,,,,,GP3,0.70682,0.63871,0.37187,0.41019,normalised
14.398873805999756,,,0.70782,0.63596,1,,,,,,,,,GP3,0.70782,0.63596,0.37187,0.41019,normalised
14.41363787651062,,,0.70842,0.63496,1,,,,,,,,,GP3,0.70842,0.63496,0.37187,0.41019,normalised
14.430549383163452,,,0.70906,0.63566,1,,,,,,,,,GP3,0.70906,0.63566,0.37187,0.41019,normalised
14.446173191070557,,,0.70947,0.63674,1,,,,,,,,,GP3,0.70947,0.63674,0.37187,0.41019,normalised
14.461588382720947,,,0.709,0.63638,1,,,,,,,,,GP3,0.709,0.63638,0.37187,0.41019,normalised
14.479331016540527,,,0.70921,0.63641,1,,,,,,,,,GP3,0.70921,0.63641,0.37187,0.41019,normalised
14.494921684265137,,,0.70961,0.63579,1,,,,,,,,,GP3,0.70961,0.63579,0.37187,0.41019,normalised
14.51027226448059,,,0.70975,0.6361,1,,,,,,,,,GP3,0.70975,0.6361,0.37187,0.41019,normalised
14.526126384735107,,,0.71019,0.63405,1,,,,,,,,,GP3,0.71019,0.63405,0.37187,0.41019,normalised
14.542187690734863,,,0.71062,0.632,1,,,,,,,,,GP3,0.71062,0.632,0.37187,0.41019,normalised
14.559807777404785,,,0.71066,0.63044,1,,,,,,,,,GP3,0.71066,0.63044,0.37187,0.41019,normalised
14.576477289199829,,,0.7107,0.62761,1,,,,,,,,,GP3,0.7107,0.62761,0.37187,0.41019,normalised
14.593015193939209,,,0.71059,0.6255,1,,,,,,,,,GP3,0.71059,0.6255,0.37187,0.41019,normalised
14.60735559463501,,,0.70986,0.62571,1,,,,,,,,,GP3,0.70986,0.62571,0.37187,0.41019,normalised
14.624911546707153,,,0.70911,0.62479,1,,,,,,,,,GP3,0.70911,0.62479,0.37187,0.41019,normalised
14.639418125152588,,,0.70843,0.62379,1,,,,,,,,,GP3,0.70843,0.62379,0.37187,0.41019,normalised
14.656574726104736,,,0.70867,0.62303,1,,,,,,,,,GP3,0.70867,0.62303,0.37187,0.41019,normalised
14.674086809158325,,,0.70853,0.62335,1,,,,,,,,,GP3,0.70853,0.62335,0.37187,0.41019,normalised
14.6888427734375,,,0.70831,0.62391,1,,,,,,,,,GP3,0.70831,0.62391,0.37187,0.41019,normalised
14.704294204711914,,,0.70848,0.6244,1,,,,,,,,,GP3,0.70848,0.6244,0.37187,0.41019,normalised
14.721563577651978,,,0.70834,0.62436,1,,,,,,,,,GP3,0.70834,0.62436,0.37187,0.41019,normalised
14.737578392028809,,,0.7082,0.62432,1,,,,,,,,,GP3,0.7082,0.62432,0.37187,0.41019,normalised
14.753581523895264,,,0.70787,0.62352,1,,,,,,,,,GP3,0.70787,0.62352,0.37187,0.41019,normalised
14.771382570266724,,,0.70816,0.62267,1,,,,,,,,,GP3,0.70816,0.62267,0.37187,0.41019,normalised
14.786067724227905,,,0.70843,0.62186,1,,,,,,,,,GP3,0.70843,0.62186,0.37187,0.41019,normalised
14.803642272949219,,,0.70817,0.62162,1,,,,,,,,,GP3,0.70817,0.62162,0.37187,0.41019,normalised
14.819644689559937,,,0.70831,0.62083,1,,,,,,,,,GP3,0.70831,0.62083,0.37187,0.41019,normalised
14.833903312683105,,,0.70845,0.62007,1,,,,,,,,,GP3,0.70845,0.62007,0.37187,0.41019,normalised
14.852261781692505,,,0.7082,0.61908,1,,,,,,,,,GP3,0.7082,0.61908,0.37187,0.41019,normalised
14.866143941879272,,,0.70813,0.61821,1,,,,,,,,,GP3,0.70813,0.61821,0.37187,0.41019,normalised
14.884330987930298,,,0.70807,0.61738,1,,,,,,,,,GP3,0.70807,0.61738,0.37187,0.41019,normalised
14.899941682815552,,,0.70793,0.61623,1,,,,,,,,,GP3,0.70793,0.61623,0.37187,0.41019,normalised
14.916312456130981,,,0.70522,0.58691,0,,,,,,,,,GP3,0.70522,0.58691,0.37187,0.41019,normalised
14.933156728744507,,,0.69851,0.5693,0,,,,,,,,,GP3,0.69851,0.5693,0.37187,0.41019,normalised
14.947669982910156,,,0.6902,0.58983,0,,,,,,,,,GP3,0.6902,0.58983,0.37187,0.41019,normalised
14.962531566619873,,,0.69056,0.58505,1,,,,,,,,,GP3,0.69056,0.58505,0.37187,0.41019,normalised
14.981544256210327,,,0.69093,0.58129,1,,,,,,,,,GP3,0.69093,0.58129,0.37187,0.41019,normalised
14.997592449188232,,,0.69445,0.58287,1,,,,,,,,,GP3,0.69445,0.58287,0.37187,0.41019,normalised
15.01254916191101,,,0.69065,0.5744,1,,,,,,,,,GP3,0.69065,0.5744,0.37187,0.41019,normalised
15.028123378753662,,,0.68728,0.57039,1,,,,,,,,,GP3,0.68728,0.57039,0.37187,0.41019,normalised
15.04494309425354,,,0.67189,0.55282,1,,,,,,,,,GP3,0.67189,0.55282,0.37187,0.41019,normalised
15.060758590698242,,,0.66,0.54071,1,,,,,,,,,GP3,0.66,0.54071,0.37187,0.41019,normalised
15.07706618309021,,,0.65027,0.53081,1,,,,,,,,,GP3,0.65027,0.53081,0.37187,0.41019,normalised
15.09391474723816,,,0.64112,0.52118,1,,,,,,,,,GP3,0.64112,0.52118,0.37187,0.41019,normalised
15.10960578918457,,,0.63375,0.51319,1,,,,,,,,,GP3,0.63375,0.51319,0.37187,0.41019,normalised
15.125032663345337,,,0.62744,0.50634,1,,,,,,,,,GP3,0.62744,0.50634,0.37187,0.41019,normalised
15.1415433883667,,,0.60647,0.47636,0,,,,,,,,,GP3,0.60647,0.47636,0.37187,0.41019,normalised
15.158055067062378,,,0.58159,0.44885,0,,,,,,,,,GP3,0.58159,0.44885,0.37187,0.41019,normalised
15.176548480987549,,,0.57357,0.43558,0,,,,,,,,,GP3,0.57357,0.43558,0.37187,0.41019,normalised
15.18990969657898,,,0.56839,0.42387,1,,,,,,,,,GP3,0.56839,0.42387,0.37187,0.41019,normalised
15.205880403518677,,,0.56649,0.40812,1,,,,,,,,,GP3,0.56649,0.40812,0.37187,0.41019,normalised
15.22251582145691,,,0.56547,0.39381,1,,,,,,,,,GP3,0.56547,0.39381,0.37187,0.41019,normalised
15.23847484588623,,,0.56732,0.38538,1,,,,,,,,,GP3,0.56732,0.38538,0.37187,0.41019,normalised
15.256461381912231,,,0.56797,0.37404,1,,,,,,,,,GP3,0.56797,0.37404,0.37187,0.41019,normalised
15.271225452423096,,,0.56838,0.36665,1,,,,,,,,,GP3,0.56838,0.36665,0.37187,0.41019,normalised
15.288846969604492,,,0.56558,0.36444,1,,,,,,,,,GP3,0.56558,0.36444,0.37187,0.41019,normalised
15.30464768409729,,,0.56146,0.36384,1,,,,,,,,,GP3,0.56146,0.36384,0.37187,0.41019,normalised
15.320352792739868,,,0.55809,0.36385,1,,,,,,,,,GP3,0.55809,0.36385,0.37187,0.41019,normalised
15.337490320205688,,,0.55652,0.36504,1,,,,,,,,,GP3,0.55652,0.36504,0.37187,0.41019,normalised
15.35209584236145,,,0.55598,0.36224,1,,,,,,,,,GP3,0.55598,0.36224,0.37187,0.41019,normalised
15.368570327758789,,,0.55556,0.35897,1,,,,,,,,,GP3,0.55556,0.35897,0.37187,0.41019,normalised
15.383506774902344,,,0.55221,0.35529,1,,,,,,,,,GP3,0.55221,0.35529,0.37187,0.41019,normalised
15.401675462722778,,,0.5387,0.32738,0,,,,,,,,,GP3,0.5387,0.32738,0.37187,0.41019,normalised
15.416264772415161,,,0.49987,0.30933,0,,,,,,,,,GP3,0.49987,0.30933,0.37187,0.41019,normalised
15.434157133102417,,,0.48191,0.31531,0,,,,,,,,,GP3,0.48191,0.31531,0.37187,0.41019,normalised
15.447989463806152,,,0.47432,0.31034,1,,,,,,,,,GP3,0.47432,0.31034,0.37187,0.41019,normalised
15.464531183242798,,,0.46996,0.30858,1,,,,,,,,,GP3,0.46996,0.30858,0.37187,0.41019,normalised
15.480919599533081,,,0.46805,0.30882,1,,,,,,,,,GP3,0.46805,0.30882,0.37187,0.41019,normalised
15.498571395874023,,,0.46728,0.30985,1,,,,,,,,,GP3,0.46728,0.30985,0.37187,0.41019,normalised
15.513194799423218,,,0.46665,0.30906,1,,,,,,,,,GP3,0.46665,0.30906,0.37187,0.41019,normalised
15.529810190200806,,,0.46295,0.30701,1,,,,,,,,,GP3,0.46295,0.30701,0.37187,0.41019,normalised
15.546193599700928,,,0.46144,0.30285,1,,,,,,,,,GP3,0.46144,0.30285,0.37187,0.41019,normalised
15.563154935836792,,,0.46021,0.29945,1,,,,,,,,,GP3,0.46021,0.29945,0.37187,0.41019,normalised
15.578507900238037,,,0.45896,0.29965,1,,,,,,,,,GP3,0.45896,0.29965,0.37187,0.41019,normalised
15.596828937530518,,,0.45532,0.29965,1,,,,,,,,,GP3,0.45532,0.29965,0.37187,0.41019,normalised
15.609835147857666,,,0.45218,0.3001,1,,,,,,,,,GP3,0.45218,0.3001,0.37187,0.41019,normalised
15.626059770584106,,,0.45129,0.30091,1,,,,,,,,,GP3,0.45129,0.30091,0.37187,0.41019,normalised
15.643417596817017,,,0.45058,0.30106,1,,,,,,,,,GP3,0.45058,0.30106,0.37187,0.41019,normalised
15.65930461883545,,,0.45003,0.30257,1,,,,,,,,,GP3,0.45003,0.30257,0.37187,0.41019,normalised
15.67668890953064,,,0.45374,0.30677,1,,,,,,,,,GP3,0.45374,0.30677,0.37187,0.41019,normalised
15.690405130386353,,,0.46304,0.31162,1,,,,,,,,,GP3,0.46304,0.31162,0.37187,0.41019,normalised
15.707145929336548,,,0.47141,0.31598,1,,,,,,,,,GP3,0.47141,0.31598,0.37187,0.41019,normalised
15.723695039749146,,,0.48297,0.32119,1,,,,,,,,,GP3,0.48297,0.32119,0.37187,0.41019,normalised
15.741307258605957,,,0.5218,0.34226,0,,,,,,,,,GP3,0.5218,0.34226,0.37187,0.41019,normalised
15.755838394165039,,,0.6291,0.36119,0,,,,,,,,,GP3,0.6291,0.36119,0.37187,0.41019,normalised
15.77335000038147,,,0.67073,0.36895,0,,,,,,,,,GP3,0.67073,0.36895,0.37187,0.41019,normalised
15.790385007858276,,,0.77313,0.37159,0,,,,,,,,,GP3,0.77313,0.37159,0.37187,0.41019,normalised
15.803717374801636,,,0.80329,0.35414,0,,,,,,,,,GP3,0.80329,0.35414,0.37187,0.41019,normalised
15.822892665863037,,,0.82093,0.29589,0,,,,,,,,,GP3,0.82093,0.29589,0.37187,0.41019,normalised
15.837090969085693,,,0.84393,0.23474,0,,,,,,,,,GP3,0.84393,0.23474,0.37187,0.41019,normalised
15.853901147842407,,,0.84302,0.21145,0,,,,,,,,,GP3,0.84302,0.21145,0.37187,0.41019,normalised
15.869704723358154,,,0.84897,0.21091,0,,,,,,,,,GP3,0.84897,0.21091,0.37187,0.41019,normalised
15.885036945343018,,,0.84409,0.21682,1,,,,,,,,,GP3,0.84409,0.21682,0.37187,0.41019,normalised
15.902204990386963,,,0.83957,0.22579,1,,,,,,,,,GP3,0.83957,0.22579,0.37187,0.41019,normalised
15.91891074180603,,,0.83903,0.22976,1,,,,,,,,,GP3,0.83903,0.22976,0.37187,0.41019,normalised
15.934585571289062,,,0.83877,0.23596,1,,,,,,,,,GP3,0.83877,0.23596,0.37187,0.41019,normalised
15.949133396148682,,,0.83917,0.23872,1,,,,,,,,,GP3,0.83917,0.23872,0.37187,0.41019,normalised
15.966651916503906,,,0.84146,0.23941,1,,,,,,,,,GP3,0.84146,0.23941,0.37187,0.41019,normalised
15.982994794845581,,,0.84307,0.23368,1,,,,,,,,,GP3,0.84307,0.23368,0.37187,0.41019,normalised
16.000500917434692,,,0.84438,0.22898,1,,,,,,,,,GP3,0.84438,0.22898,0.37187,0.41019,normalised
16.014418601989746,,,0.84383,0.22311,1,,,,,,,,,GP3,0.84383,0.22311,0.37187,0.41019,normalised
16.03103470802307,,,0.84307,0.22107,1,,,,,,,,,GP3,0.84307,0.22107,0.37187,0.41019,normalised
16.048588275909424,,,0.84209,0.22047,1,,,,,,,,,GP3,0.84209,0.22047,0.37187,0.41019,normalised
16.063233137130737,,,0.8409,0.21532,1,,,,,,,,,GP3,0.8409,0.21532,0.37187,0.41019,normalised
16.080354928970337,,,0.83991,0.21223,1,,,,,,,,,GP3,0.83991,0.21223,0.37187,0.41019,normalised
16.09489345550537,,,0.83925,0.20871,1,,,,,,,,,GP3,0.83925,0.20871,0.37187,0.41019,normalised
16.11293911933899,,,0.83891,0.20541,1,,,,,,,,,GP3,0.83891,0.20541,0.37187,0.41019,normalised
16.127471923828125,,,0.8387,0.20188,1,,,,,,,,,GP3,0.8387,0.20188,0.37187,0.41019,normalised
16.14530849456787,,,0.83807,0.17202,0,,,,,,,,,GP3,0.83807,0.17202,0.37187,0.41019,normalised
16.15984272956848,,,0.84845,0.13496,0,,,,,,,,,GP3,0.84845,0.13496,0.37187,0.41019,normalised
16.17795729637146,,,0.85399,0.12699,0,,,,,,,,,GP3,0.85399,0.12699,0.37187,0.41019,normalised
16.194820880889893,,,0.85576,0.1265,1,,,,,,,,,GP3,0.85576,0.1265,0.37187,0.41019,normalised
16.208438873291016,,,0.85575,0.12843,1,,,,,,,,,GP3,0.85575,0.12843,0.37187,0.41019,normalised
16.22596502304077,,,0.85473,0.12956,1,,,,,,,,,GP3,0.85473,0.12956,0.37187,0.41019,normalised
16.24329948425293,,,0.85344,0.13238,1,,,,,,,,,GP3,0.85344,0.13238,0.37187,0.41019,normalised
16.257821798324585,,,0.85139,0.13479,1,,,,,,,,,GP3,0.85139,0.13479,0.37187,0.41019,normalised
16.275662660598755,,,0.84979,0.13704,1,,,,,,,,,GP3,0.84979,0.13704,0.37187,0.41019,normalised
16.290318727493286,,,0.84889,0.13743,1,,,,,,,,,GP3,0.84889,0.13743,0.37187,0.41019,normalised
16.307777881622314,,,0.84873,0.13597,1,,,,,,,,,GP3,0.84873,0.13597,0.37187,0.41019,normalised
16.322532653808594,,,0.84971,0.13457,1,,,,,,,,,GP3,0.84971,0.13457,0.37187,0.41019,normalised
16.34007501602173,,,0.85079,0.13271,1,,,,,,,,,GP3,0.85079,0.13271,0.37187,0.41019,normalised
16.354043006896973,,,0.85189,0.12869,1,,,,,,,,,GP3,0.85189,0.12869,0.37187,0.41019,normalised
16.370837926864624,,,0.85164,0.12742,1,,,,,,,,,GP3,0.85164,0.12742,0.37187,0.41019,normalised
16.38839077949524,,,0.8515,0.12584,1,,,,,,,,,GP3,0.8515,0.12584,0.37187,0.41019,normalised
16.402347564697266,,,0.8525,0.12335,1,,,,,,,,,GP3,0.8525,0.12335,0.37187,0.41019,normalised
16.421478271484375,,,0.85294,0.1226,1,,,,,,,,,GP3,0.85294,0.1226,0.37187,0.41019,normalised
16.43603491783142,,,0.85308,0.12281,1,,,,,,,,,GP3,0.85308,0.12281,0.37187,0.41019,normalised
16.453663110733032,,,0.85189,0.1232,1,,,,,,,,,GP3,0.85189,0.1232,0.37187,0.41019,normalised
16.46812081336975,,,0.8513,0.12362,1,,,,,,,,,GP3,0.8513,0.12362,0.37187,0.41019,normalised
16.485667943954468,,,0.85076,0.12401,1,,,,,,,,,GP3,0.85076,0.12401,0.37187,0.41019,normalised
16.49935007095337,,,0.85125,0.12279,1,,,,,,,,,GP3,0.85125,0.12279,0.37187,0.41019,normalised
16.51664113998413,,,0.85184,0.12113,1,,,,,,,,,GP3,0.85184,0.12113,0.37187,0.41019,normalised
16.53320074081421,,,0.85267,0.11866,1,,,,,,,,,GP3,0.85267,0.11866,0.37187,0.41019,normalised
16.549896001815796,,,0.85346,0.11633,1,,,,,,,,,GP3,0.85346,0.11633,0.37187,0.41019,normalised
16.56671142578125,,,0.8544,0.11286,1,,,,,,,,,GP3,0.8544,0.11286,0.37187,0.41019,normalised
16.581307888031006,,,0.85533,0.10936,1,,,,,,,,,GP3,0.85533,0.10936,0.37187,0.41019,normalised
16.599111080169678,,,0.856,0.1064,1,,,,,,,,,GP3,0.856,0.1064,0.37187,0.41019,normalised
16.61343479156494,,,0.86178,0.07965,0,,,,,,,,,GP3,0.86178,0.07965,0.37187,0.41019,normalised
16.630996227264404,,,0.86362,0.08682,0,,,,,,,,,GP3,0.86362,0.08682,0.37187,0.41019,normalised
16.645670652389526,,,0.86268,0.08529,0,,,,,,,,,GP3,0.86268,0.08529,0.37187,0.41019,normalised
16.662388801574707,,,0.86268,0.08987,1,,,,,,,,,GP3,0.86268,0.08987,0.37187,0.41019,normalised
16.67999839782715,,,0.86267,0.09263,1,,,,,,,,,GP3,0.86267,0.09263,0.37187,0.41019,normalised
16.69465470314026,,,0.86187,0.09261,1,,,,,,,,,GP3,0.86187,0.09261,0.37187,0.41019,normalised
16.710810899734497,,,0.86304,0.09111,1,,,,,,,,,GP3,0.86304,0.09111,0.37187,0.41019,normalised
16.728493452072144,,,0.86393,0.08998,1,,,,,,,,,GP3,0.86393,0.08998,0.37187,0.41019,normalised
16.745171308517456,,,0.8629,0.09256,1,,,,,,,,,GP3,0.8629,0.09256,0.37187,0.41019,normalised
16.75959348678589,,,0.86131,0.09371,1,,,,,,,,,GP3,0.86131,0.09371,0.37187,0.41019,normalised
16.77635908126831,,,0.85966,0.09592,1,,,,,,,,,GP3,0.85966,0.09592,0.37187,0.41019,normalised
16.790870189666748,,,0.85943,0.1,1,,,,,,,,,GP3,0.85943,0.1,0.37187,0.41019,normalised
16.80894637107849,,,0.85834,0.10343,1,,,,,,,,,GP3,0.85834,0.10343,0.37187,0.41019,normalised
16.822695016860962,,,0.8574,0.10636,1,,,,,,,,,GP3,0.8574,0.10636,0.37187,0.41019,normalised
16.84034490585327,,,0.8566,0.10816,1,,,,,,,,,GP3,0.8566,0.10816,0.37187,0.41019,normalised
16.856125593185425,,,0.85611,0.11066,1,,,,,,,,,GP3,0.85611,0.11066,0.37187,0.41019,normalised
16.874170303344727,,,0.85591,0.11206,1,,,,,,,,,GP3,0.85591,0.11206,0.37187,0.41019,normalised
16.888668298721313,,,0.85747,0.1118,1,,,,,,,,,GP3,0.85747,0.1118,0.37187,0.41019,normalised
16.90464758872986,,,0.85632,0.11004,1,,,,,,,,,GP3,0.85632,0.11004,0.37187,0.41019,normalised
16.92229151725769,,,0.85529,0.10846,1,,,,,,,,,GP3,0.85529,0.10846,0.37187,0.41019,normalised
16.93648600578308,,,0.85529,0.10846,1,,,,,,,,,GP3,0.85529,0.10846,0.37187,0.41019,normalised
16.95537567138672,,,0.85529,0.10846,1,,,,,,,,,GP3,0.85529,0.10846,0.37187,0.41019,normalised
16.97140407562256,,,0.85529,0.10846,1,,,,,,,,,GP3,0.85529,0.10846,0.37187,0.41019,normalised
16.987971782684326,,,0.84953,0.12079,0,,,,,,,,,GP3,0.84953,0.12079,0.37187,0.41019,normalised
17.003931999206543,,,0.84953,0.12079,0,,,,,,,,,GP3,0.84953,0.12079,0.37187,0.41019,normalised
17.024442195892334,,,0.84953,0.12079,0,,,,,,,,,GP3,0.84953,0.12079,0.37187,0.41019,normalised
17.036476612091064,,,0.0,0.0,0,,,,,,,,,GP3,0.0,0.0,0.37187,0.41019,normalised
17.053125381469727,,,0.0,0.0,0,,,,,,,,,GP3,0.0,0.0,0.37187,0.41019,normalised
17.069656372070312,,,0.0,0.0,0,,,,,,,,,GP3,0.0,0.0,0.37187,0.41019,normalised
17.08725619316101,,,0.0,0.0,0,,,,,,,,,GP3,0.0,0.0,0.37187,0.41019,normalised
17.101783990859985,,,0.0,0.0,0,,,,,,,,,GP3,0.0,0.0,0.37187,0.41019,normalised
17.118014097213745,,,0.0,0.0,0,,,,,,,,,GP3,0.0,0.0,0.37187,0.41019,normalised
17.133617639541626,,,0.0,0.0,0,,,,,,,,,GP3,0.0,0.0,0.37187,0.41019,normalised
17.150437116622925,,,0.0,0.0,0,,,,,,,,,GP3,0.0,0.0,0.37187,0.41019,normalised
17.166975498199463,,,0.0,0.0,0,,,,,,,,,GP3,0.0,0.0,0.37187,0.41019,normalised
17.186001539230347,,,0.87606,0.07334,0,,,,,,,,,GP3,0.87606,0.07334,0.37187,0.41019,normalised
17.197535276412964,,,0.86729,0.08008,0,,,,,,,,,GP3,0.86729,0.08008,0.37187,0.41019,normalised
17.21759295463562,,,0.86305,0.08707,0,,,,,,,,,GP3,0.86305,0.08707,0.37187,0.41019,normalised
17.2288076877594,,,0.85917,0.09421,1,,,,,,,,,GP3,0.85917,0.09421,0.37187,0.41019,normalised
17.246336460113525,,,0.85297,0.09991,1,,,,,,,,,GP3,0.85297,0.09991,0.37187,0.41019,normalised
17.259947776794434,,,0.84884,0.10371,1,,,,,,,,,GP3,0.84884,0.10371,0.37187,0.41019,normalised
17.276598691940308,,,0.85119,0.10095,1,,,,,,,,,GP3,0.85119,0.10095,0.37187,0.41019,normalised
17.293258905410767,,,0.85371,0.09961,1,,,,,,,,,GP3,0.85371,0.09961,0.37187,0.41019,normalised
17.310102701187134,,,0.85612,0.09697,1,,,,,,,,,GP3,0.85612,0.09697,0.37187,0.41019,normalised
17.32599139213562,,,0.85582,0.09429,1,,,,,,,,,GP3,0.85582,0.09429,0.37187,0.41019,normalised
17.341620445251465,,,0.85565,0.09092,1,,,,,,,,,GP3,0.85565,0.09092,0.37187,0.41019,normalised
17.359270334243774,,,0.85552,0.08811,1,,,,,,,,,GP3,0.85552,0.08811,0.37187,0.41019,normalised
17.373876094818115,,,0.85569,0.08867,1,,,,,,,,,GP3,0.85569,0.08867,0.37187,0.41019,normalised
17.39169979095459,,,0.85653,0.09018,1,,,,,,,,,GP3,0.85653,0.09018,0.37187,0.41019,normalised
17.40569305419922,,,0.85725,0.09149,1,,,,,,,,,GP3,0.85725,0.09149,0.37187,0.41019,normalised
17.42231297492981,,,0.85739,0.08898,1,,,,,,,,,GP3,0.85739,0.08898,0.37187,0.41019,normalised
17.438308000564575,,,0.85739,0.08743,1,,,,,,,,,GP3,0.85739,0.08743,0.37187,0.41019,normalised
17.455068826675415,,,0.85718,0.08686,1,,,,,,,,,GP3,0.85718,0.08686,0.37187,0.41019,normalised
17.469668865203857,,,0.85686,0.08792,1,,,,,,,,,GP3,0.85686,0.08792,0.37187,0.41019,normalised
17.486246824264526,,,0.85598,0.08885,1,,,,,,,,,GP3,0.85598,0.08885,0.37187,0.41019,normalised
17.502976655960083,,,0.855,0.09038,1,,,,,,,,,GP3,0.855,0.09038,0.37187,0.41019,normalised
17.52010989189148,,,0.85462,0.09188,1,,,,,,,,,GP3,0.85462,0.09188,0.37187,0.41019,normalised
17.535009145736694,,,0.85389,0.09422,1,,,,,,,,,GP3,0.85389,0.09422,0.37187,0.41019,normalised
17.551628589630127,,,0.85321,0.09636,1,,,,,,,,,GP3,0.85321,0.09636,0.37187,0.41019,normalised
17.568346738815308,,,0.85244,0.09789,1,,,,,,,,,GP3,0.85244,0.09789,0.37187,0.41019,normalised
17.58292269706726,,,0.8518,0.09925,1,,,,,,,,,GP3,0.8518,0.09925,0.37187,0.41019,normalised
17.60046911239624,,,0.8512,0.10051,1,,,,,,,,,GP3,0.8512,0.10051,0.37187,0.41019,normalised
17.616352796554565,,,0.85089,0.10055,1,,,,,,,,,GP3,0.85089,0.10055,0.37187,0.41019,normalised
17.63254952430725,,,0.85104,0.10142,1,,,,,,,,,GP3,0.85104,0.10142,0.37187,0.41019,normalised
17.650091648101807,,,0.85131,0.10174,1,,,,,,,,,GP3,0.85131,0.10174,0.37187,0.41019,normalised
17.66673231124878,,,0.85171,0.10122,1,,,,,,,,,GP3,0.85171,0.10122,0.37187,0.41019,normalised
17.681167602539062,,,0.85199,0.10073,1,,,,,,,,,GP3,0.85199,0.10073,0.37187,0.41019,normalised
17.69868779182434,,,0.85252,0.09929,1,,,,,,,,,GP3,0.85252,0.09929,0.37187,0.41019,normalised
17.712722778320312,,,0.85279,0.0989,1,,,,,,,,,GP3,0.85279,0.0989,0.37187,0.41019,normalised
17.729875326156616,,,0.85323,0.09732,1,,,,,,,,,GP3,0.85323,0.09732,0.37187,0.41019,normalised
17.744784116744995,,,0.85353,0.09623,1,,,,,,,,,GP3,0.85353,0.09623,0.37187,0.41019,normalised
17.761631727218628,,,0.85402,0.09596,1,,,,,,,,,GP3,0.85402,0.09596,0.37187,0.41019,normalised
17.77834939956665,,,0.85398,0.0961,1,,,,,,,,,GP3,0.85398,0.0961,0.37187,0.41019,normalised
17.79586958885193,,,0.85391,0.09645,1,,,,,,,,,GP3,0.85391,0.09645,0.37187,0.41019,normalised
17.810177326202393,,,0.85348,0.09634,1,,,,,,,,,GP3,0.85348,0.09634,0.37187,0.41019,normalised
17.826584815979004,,,0.85375,0.09586,1,,,,,,,,,GP3,0.85375,0.09586,0.37187,0.41019,normalised
17.844116687774658,,,0.85404,0.09523,1,,,,,,,,,GP3,0.85404,0.09523,0.37187,0.41019,normalised
17.85868787765503,,,0.85406,0.09536,1,,,,,,,,,GP3,0.85406,0.09536,0.37187,0.41019,normalised
17.87622356414795,,,0.85398,0.0965,1,,,,,,,,,GP3,0.85398,0.0965,0.37187,0.41019,normalised
17.890945196151733,,,0.85371,0.09827,1,,,,,,,,,GP3,0.85371,0.09827,0.37187,0.41019,normalised
17.909043550491333,,,0.8535,0.10022,1,,,,,,,,,GP3,0.8535,0.10022,0.37187,0.41019,normalised
17.923686981201172,,,0.8533,0.10169,1,,,,,,,,,GP3,0.8533,0.10169,0.37187,0.41019,normalised
17.941094636917114,,,0.8531,0.10309,1,,,,,,,,,GP3,0.8531,0.10309,0.37187,0.41019,normalised
17.95611071586609,,,0.85284,0.10473,1,,,,,,,,,GP3,0.85284,0.10473,0.37187,0.41019,normalised
17.97326350212097,,,0.84936,0.13045,0,,,,,,,,,GP3,0.84936,0.13045,0.37187,0.41019,normalised
17.98979139328003,,,0.84039,0.12358,0,,,,,,,,,GP3,0.84039,0.12358,0.37187,0.41019,normalised
18.004945993423462,,,0.84521,0.12433,0,,,,,,,,,GP3,0.84521,0.12433,0.37187,0.41019,normalised
18.021697282791138,,,0.82691,0.13724,1,,,,,,,,,GP3,0.82691,0.13724,0.37187,0.41019,normalised
18.03761386871338,,,0.81711,0.14054,1,,,,,,,,,GP3,0.81711,0.14054,0.37187,0.41019,normalised
18.05455708503723,,,0.7909,0.14893,1,,,,,,,,,GP3,0.7909,0.14893,0.37187,0.41019,normalised
18.069369792938232,,,0.76792,0.15412,1,,,,,,,,,GP3,0.76792,0.15412,0.37187,0.41019,normalised
18.084922790527344,,,0.75108,0.15462,1,,,,,,,,,GP3,0.75108,0.15462,0.37187,0.41019,normalised
18.102617263793945,,,0.73994,0.15933,1,,,,,,,,,GP3,0.73994,0.15933,0.37187,0.41019,normalised
18.117647171020508,,,0.7317,0.16274,1,,,,,,,,,GP3,0.7317,0.16274,0.37187,0.41019,normalised
18.1343777179718,,,0.72498,0.1649,1,,,,,,,,,GP3,0.72498,0.1649,0.37187,0.41019,normalised
18.14999485015869,,,0.72047,0.16469,1,,,,,,,,,GP3,0.72047,0.16469,0.37187,0.41019,normalised
18.16771101951599,,,0.71552,0.16413,1,,,,,,,,,GP3,0.71552,0.16413,0.37187,0.41019,normalised
18.182223796844482,,,0.71103,0.16557,1,,,,,,,,,GP3,0.71103,0.16557,0.37187,0.41019,normalised
18.19983196258545,,,0.67347,0.18317,0,,,,,,,,,GP3,0.67347,0.18317,0.37187,0.41019,normalised
18.216052293777466,,,0.66001,0.24687,0,,,,,,,,,GP3,0.66001,0.24687,0.37187,0.41019,normalised
18.23137068748474,,,0.65552,0.2681,0,,,,,,,,,GP3,0.65552,0.2681,0.37187,0.41019,normalised
18.24697780609131,,,0.64862,0.29221,0,,,,,,,,,GP3,0.64862,0.29221,0.37187,0.41019,normalised
18.26425290107727,,,0.64641,0.22554,0,,,,,,,,,GP3,0.64641,0.22554,0.37187,0.41019,normalised
18.281209468841553,,,0.64752,0.19315,0,,,,,,,,,GP3,0.64752,0.19315,0.37187,0.41019,normalised
18.29568910598755,,,0.64818,0.13859,0,,,,,,,,,GP3,0.64818,0.13859,0.37187,0.41019,normalised
18.31320023536682,,,0.64888,0.13313,0,,,,,,,,,GP3,0.64888,0.13313,0.37187,0.41019,normalised
18.32777166366577,,,0.6491,0.12856,0,,,,,,,,,GP3,0.6491,0.12856,0.37187,0.41019,normalised
18.344356060028076,,,0.6503,0.13295,1,,,,,,,,,GP3,0.6503,0.13295,0.37187,0.41019,normalised
18.3619544506073,,,0.6525,0.1493,1,,,,,,,,,GP3,0.6525,0.1493,0.37187,0.41019,normalised
18.376389980316162,,,0.65362,0.162,1,,,,,,,,,GP3,0.65362,0.162,0.37187,0.41019,normalised
18.39303159713745,,,0.6535,0.16534,1,,,,,,,,,GP3,0.6535,0.16534,0.37187,0.41019,normalised
18.41009759902954,,,0.64885,0.16707,1,,,,,,,,,GP3,0.64885,0.16707,0.37187,0.41019,normalised
18.42496347427368,,,0.64522,0.16919,1,,,,,,,,,GP3,0.64522,0.16919,0.37187,0.41019,normalised
18.44277834892273,,,0.64535,0.17528,1,,,,,,,,,GP3,0.64535,0.17528,0.37187,0.41019,normalised
18.45930528640747,,,0.64729,0.18089,1,,,,,,,,,GP3,0.64729,0.18089,0.37187,0.41019,normalised
18.47282314300537,,,0.64893,0.18504,1,,,,,,,,,GP3,0.64893,0.18504,0.37187,0.41019,normalised
18.48949432373047,,,0.64792,0.18461,1,,,,,,,,,GP3,0.64792,0.18461,0.37187,0.41019,normalised
18.506465196609497,,,0.64897,0.1886,1,,,,,,,,,GP3,0.64897,0.1886,0.37187,0.41019,normalised
18.522781372070312,,,0.64988,0.19205,1,,,,,,,,,GP3,0.64988,0.19205,0.37187,0.41019,normalised
18.539581298828125,,,0.65047,0.19209,1,,,,,,,,,GP3,0.65047,0.19209,0.37187,0.41019,normalised
18.55425000190735,,,0.65021,0.1907,1,,,,,,,,,GP3,0.65021,0.1907,0.37187,0.41019,normalised
18.570857286453247,,,0.65008,0.18904,1,,,,,,,,,GP3,0.65008,0.18904,0.37187,0.41019,normalised
18.586922883987427,,,0.65021,0.1903,1,,,,,,,,,GP3,0.65021,0.1903,0.37187,0.41019,normalised
18.60327672958374,,,0.65003,0.19154,1,,,,,,,,,GP3,0.65003,0.19154,0.37187,0.41019,normalised
18.619788885116577,,,0.64986,0.19266,1,,,,,,,,,GP3,0.64986,0.19266,0.37187,0.41019,normalised
18.636666297912598,,,0.6506,0.19239,1,,,,,,,,,GP3,0.6506,0.19239,0.37187,0.41019,normalised
18.651264190673828,,,0.65075,0.19225,1,,,,,,,,,GP3,0.65075,0.19225,0.37187,0.41019,normalised
18.667837381362915,,,0.65074,0.19305,1,,,,,,,,,GP3,0.65074,0.19305,0.37187,0.41019,normalised
18.685546875,,,0.64952,0.19333,1,,,,,,,,,GP3,0.64952,0.19333,0.37187,0.41019,normalised
18.699404001235962,,,0.64841,0.19389,1,,,,,,,,,GP3,0.64841,0.19389,0.37187,0.41019,normalised
18.716337203979492,,,0.64733,0.19494,1,,,,,,,,,GP3,0.64733,0.19494,0.37187,0.41019,normalised
18.73163866996765,,,0.64724,0.19284,1,,,,,,,,,GP3,0.64724,0.19284,0.37187,0.41019,normalised
18.748213291168213,,,0.64722,0.18786,1,,,,,,,,,GP3,0.64722,0.18786,0.37187,0.41019,normalised
18.766541481018066,,,0.6472,0.18322,1,,,,,,,,,GP3,0.6472,0.18322,0.37187,0.41019,normalised
18.78012490272522,,,0.64681,0.17933,1,,,,,,,,,GP3,0.64681,0.17933,0.37187,0.41019,normalised
18.7968692779541,,,0.64011,0.14871,0,,,,,,,,,GP3,0.64011,0.14871,0.37187,0.41019,normalised
18.814818382263184,,,0.63552,0.10237,0,,,,,,,,,GP3,0.63552,0.10237,0.37187,0.41019,normalised
18.82934045791626,,,0.56356,0.07554,0,,,,,,,,,GP3,0.56356,0.07554,0.37187,0.41019,normalised
18.846381425857544,,,0.49685,0.02582,0,,,,,,,,,GP3,0.49685,0.02582,0.37187,0.41019,normalised
18.86298942565918,,,0.46893,0.01553,0,,,,,,,,,GP3,0.46893,0.01553,0.37187,0.41019,normalised
18.877614736557007,,,0.45165,0.01381,0,,,,,,,,,GP3,0.45165,0.01381,0.37187,0.41019,normalised
18.895461559295654,,,0.44195,0.01675,1,,,,,,,,,GP3,0.44195,0.01675,0.37187,0.41019,normalised
18.90952754020691,,,0.43592,0.01516,1,,,,,,,,,GP3,0.43592,0.01516,0.37187,0.41019,normalised
18.928155660629272,,,0.42785,0.01351,1,,,,,,,,,GP3,0.42785,0.01351,0.37187,0.41019,normalised
18.942146062850952,,,0.4193,0.00539,1,,,,,,,,,GP3,0.4193,0.00539,0.37187,0.41019,normalised
18.959895372390747,,,0.41289,-0.00069,1,,,,,,,,,GP3,0.41289,-0.00069,0.37187,0.41019,normalised
18.976507663726807,,,0.39527,0.00111,1,,,,,,,,,GP3,0.39527,0.00111,0.37187,0.41019,normalised
18.991081714630127,,,0.37948,0.00528,1,,,,,,,,,GP3,0.37948,0.00528,0.37187,0.41019,normalised
19.00779628753662,,,0.36664,0.00941,1,,,,,,,,,GP3,0.36664,0.00941,0.37187,0.41019,normalised
19.024487257003784,,,0.35592,0.01416,1,,,,,,,,,GP3,0.35592,0.01416,0.37187,0.41019,normalised
19.03899598121643,,,0.34775,0.01925,1,,,,,,,,,GP3,0.34775,0.01925,0.37187,0.41019,normalised
19.05563259124756,,,0.3405,0.02213,1,,,,,,,,,GP3,0.3405,0.02213,0.37187,0.41019,normalised
19.073227643966675,,,0.30395,0.024,0,,,,,,,,,GP3,0.30395,0.024,0.37187,0.41019,normalised
19.088254928588867,,,0.27487,-3e-05,0,,,,,,,,,GP3,0.27487,-3e-05,0.37187,0.41019,normalised
19.104179859161377,,,0.26442,-0.01065,0,,,,,,,,,GP3,0.26442,-0.01065,0.37187,0.41019,normalised
19.121906280517578,,,0.19608,0.00393,0,,,,,,,,,GP3,0.19608,0.00393,0.37187,0.41019,normalised
19.13654088973999,,,0.14984,0.05276,0,,,,,,,,,GP3,0.14984,0.05276,0.37187,0.41019,normalised
19.154239177703857,,,0.13911,0.08277,0,,,,,,,,,GP3,0.13911,0.08277,0.37187,0.41019,normalised
19.16799259185791,,,0.1237,0.13385,0,,,,,,,,,GP3,0.1237,0.13385,0.37187,0.41019,normalised
19.184646368026733,,,0.13747,0.14176,0,,,,,,,,,GP3,0.13747,0.14176,0.37187,0.41019,normalised
19.20312738418579,,,0.14206,0.1444,0,,,,,,,,,GP3,0.14206,0.1444,0.37187,0.41019,normalised
19.217464208602905,,,0.14175,0.14876,1,,,,,,,,,GP3,0.14175,0.14876,0.37187,0.41019,normalised
19.23357653617859,,,0.13663,0.15132,1,,,,,,,,,GP3,0.13663,0.15132,0.37187,0.41019,normalised
19.24982261657715,,,0.13139,0.14745,1,,,,,,,,,GP3,0.13139,0.14745,0.37187,0.41019,normalised
19.265311241149902,,,0.12571,0.13966,1,,,,,,,,,GP3,0.12571,0.13966,0.37187,0.41019,normalised
19.28197956085205,,,0.12348,0.1295,1,,,,,,,,,GP3,0.12348,0.1295,0.37187,0.41019,normalised
19.29869556427002,,,0.12184,0.12214,1,,,,,,,,,GP3,0.12184,0.12214,0.37187,0.41019,normalised
19.314408779144287,,,0.12251,0.11883,1,,,,,,,,,GP3,0.12251,0.11883,0.37187,0.41019,normalised
19.332051515579224,,,0.12131,0.11993,1,,,,,,,,,GP3,0.12131,0.11993,0.37187,0.41019,normalised
19.346381425857544,,,0.12059,0.12144,1,,,,,,,,,GP3,0.12059,0.12144,0.37187,0.41019,normalised
19.363919973373413,,,0.1211,0.12132,1,,,,,,,,,GP3,0.1211,0.12132,0.37187,0.41019,normalised
19.378533840179443,,,0.11999,0.11772,1,,,,,,,,,GP3,0.11999,0.11772,0.37187,0.41019,normalised
19.395256996154785,,,0.11891,0.11452,1,,,,,,,,,GP3,0.11891,0.11452,0.37187,0.41019,normalised
19.413389921188354,,,0.11981,0.11323,1,,,,,,,,,GP3,0.11981,0.11323,0.37187,0.41019,normalised
19.426896810531616,,,0.12273,0.11562,1,,,,,,,,,GP3,0.12273,0.11562,0.37187,0.41019,normalised
19.444416522979736,,,0.12588,0.11934,1,,,,,,,,,GP3,0.12588,0.11934,0.37187,0.41019,normalised
19.459477424621582,,,0.12626,0.12268,1,,,,,,,,,GP3,0.12626,0.12268,0.37187,0.41019,normalised
19.477166891098022,,,0.12666,0.12436,1,,,,,,,,,GP3,0.12666,0.12436,0.37187,0.41019,normalised
19.494423866271973,,,0.12621,0.12339,1,,,,,,,,,GP3,0.12621,0.12339,0.37187,0.41019,normalised
19.5084707736969,,,0.12576,0.12076,1,,,,,,,,,GP3,0.12576,0.12076,0.37187,0.41019,normalised
19.525988340377808,,,0.12439,0.11662,1,,,,,,,,,GP3,0.12439,0.11662,0.37187,0.41019,normalised
19.54062533378601,,,0.1233,0.11332,1,,,,,,,,,GP3,0.1233,0.11332,0.37187,0.41019,normalised
19.55972957611084,,,0.12263,0.11202,1,,,,,,,,,GP3,0.12263,0.11202,0.37187,0.41019,normalised
19.5742666721344,,,0.12255,0.11211,1,,,,,,,,,GP3,0.12255,0.11211,0.37187,0.41019,normalised
19.58876895904541,,,0.12266,0.11274,1,,,,,,,,,GP3,0.12266,0.11274,0.37187,0.41019,normalised
19.60549569129944,,,0.12274,0.11241,1,,,,,,,,,GP3,0.12274,0.11241,0.37187,0.41019,normalised
19.62163472175598,,,0.12221,0.11259,1,,,,,,,,,GP3,0.12221,0.11259,0.37187,0.41019,normalised
19.638141870498657,,,0.12159,0.11237,1,,,,,,,,,GP3,0.12159,0.11237,0.37187,0.41019,normalised
19.653709173202515,,,0.12129,0.11109,1,,,,,,,,,GP3,0.12129,0.11109,0.37187,0.41019,normalised
19.67234492301941,,,0.10995,0.08692,0,,,,,,,,,GP3,0.10995,0.08692,0.37187,0.41019,normalised
19.688371419906616,,,0.10217,0.09031,0,,,,,,,,,GP3,0.10217,0.09031,0.37187,0.41019,normalised
19.703192949295044,,,0.10344,0.09735,0,,,,,,,,,GP3,0.10344,0.09735,0.37187,0.41019,normalised
19.718178272247314,,,0.11069,0.09644,1,,,,,,,,,GP3,0.11069,0.09644,0.37187,0.41019,normalised
19.7349054813385,,,0.11473,0.09437,1,,,,,,,,,GP3,0.11473,0.09437,0.37187,0.41019,normalised
19.751429557800293,,,0.11545,0.09474,1,,,,,,,,,GP3,0.11545,0.09474,0.37187,0.41019,normalised
19.767091274261475,,,0.11328,0.09255,1,,,,,,,,,GP3,0.11328,0.09255,0.37187,0.41019,normalised
19.78274631500244,,,0.11126,0.09001,1,,,,,,,,,GP3,0.11126,0.09001,0.37187,0.41019,normalised
19.800023794174194,,,0.11056,0.08833,1,,,,,,,,,GP3,0.11056,0.08833,0.37187,0.41019,normalised
19.817052841186523,,,0.11218,0.08951,1,,,,,,,,,GP3,0.11218,0.08951,0.37187,0.41019,normalised
19.83156418800354,,,0.11481,0.09479,1,,,,,,,,,GP3,0.11481,0.09479,0.37187,0.41019,normalised
19.84926438331604,,,0.11827,0.10184,1,,,,,,,,,GP3,0.11827,0.10184,0.37187,0.41019,normalised
19.865782976150513,,,0.12032,0.10954,1,,,,,,,,,GP3,0.12032,0.10954,0.37187,0.41019,normalised
19.88030505180359,,,0.12265,0.11788,1,,,,,,,,,GP3,0.12265,0.11788,0.37187,0.41019,normalised
19.897252798080444,,,0.1256,0.12361,1,,,,,,,,,GP3,0.1256,0.12361,0.37187,0.41019,normalised
19.912296533584595,,,0.1279,0.12969,1,,,,,,,,,GP3,0.1279,0.12969,0.37187,0.41019,normalised
19.929282188415527,,,0.12993,0.13506,1,,,,,,,,,GP3,0.12993,0.13506,0.37187,0.41019,normalised
19.946699380874634,,,0.13227,0.14057,1,,,,,,,,,GP3,0.13227,0.14057,0.37187,0.41019,normalised
19.961305379867554,,,0.14723,0.17907,0,,,,,,,,,GP3,0.14723,0.17907,0.37187,0.41019,normalised
19.978862047195435,,,0.16043,0.21387,0,,,,,,,,,GP3,0.16043,0.21387,0.37187,0.41019,normalised
19.995644092559814,,,0.15752,0.2048,0,,,,,,,,,GP3,0.15752,0.2048,0.37187,0.41019,normalised
20.01139760017395,,,0.15047,0.1943,1,,,,,,,,,GP3,0.15047,0.1943,0.37187,0.41019,normalised
20.02590036392212,,,0.14462,0.18318,1,,,,,,,,,GP3,0.14462,0.18318,0.37187,0.41019,normalised
20.042927980422974,,,0.14326,0.17865,1,,,,,,,,,GP3,0.14326,0.17865,0.37187,0.41019,normalised
20.059771060943604,,,0.14397,0.17326,1,,,,,,,,,GP3,0.14397,0.17326,0.37187,0.41019,normalised
20.07431674003601,,,0.14513,0.17147,1,,,,,,,,,GP3,0.14513,0.17147,0.37187,0.41019,normalised
20.091851711273193,,,0.14651,0.17417,1,,,,,,,,,GP3,0.14651,0.17417,0.37187,0.41019,normalised
20.106373071670532,,,0.14841,0.17511,1,,,,,,,,,GP3,0.14841,0.17511,0.37187,0.41019,normalised
20.12408208847046,,,0.15019,0.17644,1,,,,,,,,,GP3,0.15019,0.17644,0.37187,0.41019,normalised
20.138646364212036,,,0.15005,0.17705,1,,,,,,,,,GP3,0.15005,0.17705,0.37187,0.41019,normalised
20.156134843826294,,,0.1499,0.17545,1,,,,,,,,,GP3,0.1499,0.17545,0.37187,0.41019,normalised
20.1709406375885,,,0.1496,0.17364,1,,,,,,,,,GP3,0.1496,0.17364,0.37187,0.41019,normalised
20.188577890396118,,,0.14847,0.1735,1,,,,,,,,,GP3,0.14847,0.1735,0.37187,0.41019,normalised
20.2060809135437,,,0.14793,0.17615,1,,,,,,,,,GP3,0.14793,0.17615,0.37187,0.41019,normalised
20.22020697593689,,,0.14793,0.1799,1,,,,,,,,,GP3,0.14793,0.1799,0.37187,0.41019,normalised
20.237818002700806,,,0.15011,0.18281,1,,,,,,,,,GP3,0.15011,0.18281,0.37187,0.41019,normalised
20.254575729370117,,,0.15197,0.18565,1,,,,,,,,,GP3,0.15197,0.18565,0.37187,0.41019,normalised
20.2683846950531,,,0.1534,0.1873,1,,,,,,,,,GP3,0.1534,0.1873,0.37187,0.41019,normalised
20.28591299057007,,,0.15338,0.18655,1,,,,,,,,,GP3,0.15338,0.18655,0.37187,0.41019,normalised
20.302337169647217,,,0.1534,0.18523,1,,,,,,,,,GP3,0.1534,0.18523,0.37187,0.41019,normalised
20.31705331802368,,,0.15309,0.18295,1,,,,,,,,,GP3,0.15309,0.18295,0.37187,0.41019,normalised
20.334657669067383,,,0.15209,0.1809,1,,,,,,,,,GP3,0.15209,0.1809,0.37187,0.41019,normalised
20.34917378425598,,,0.15132,0.17875,1,,,,,,,,,GP3,0.15132,0.17875,0.37187,0.41019,normalised
20.365749835968018,,,0.1506,0.17677,1,,,,,,,,,GP3,0.1506,0.17677,0.37187,0.41019,normalised
20.381295204162598,,,0.15004,0.17612,1,,,,,,,,,GP3,0.15004,0.17612,0.37187,0.41019,normalised
20.398008823394775,,,0.14927,0.17497,1,,,,,,,,,GP3,0.14927,0.17497,0.37187,0.41019,normalised
20.41432023048401,,,0.14833,0.17316,1,,,,,,,,,GP3,0.14833,0.17316,0.37187,0.41019,normalised
20.430723428726196,,,0.14809,0.16972,1,,,,,,,,,GP3,0.14809,0.16972,0.37187,0.41019,normalised
20.447436332702637,,,0.13979,0.13479,0,,,,,,,,,GP3,0.13979,0.13479,0.37187,0.41019,normalised
20.463745594024658,,,0.13201,0.09943,0,,,,,,,,,GP3,0.13201,0.09943,0.37187,0.41019,normalised
20.47817063331604,,,0.13649,0.10552,0,,,,,,,,,GP3,0.13649,0.10552,0.37187,0.41019,normalised
20.496056079864502,,,0.14058,0.12025,1,,,,,,,,,GP3,0.14058,0.12025,0.37187,0.41019,normalised
20.512147188186646,,,0.14541,0.13619,1,,,,,,,,,GP3,0.14541,0.13619,0.37187,0.41019,normalised
20.52981996536255,,,0.14813,0.14494,1,,,,,,,,,GP3,0.14813,0.14494,0.37187,0.41019,normalised
20.54436159133911,,,0.14898,0.14647,1,,,,,,,,,GP3,0.14898,0.14647,0.37187,0.41019,normalised
20.561048984527588,,,0.14931,0.14687,1,,,,,,,,,GP3,0.14931,0.14687,0.37187,0.41019,normalised
20.577709674835205,,,0.15074,0.14975,1,,,,,,,,,GP3,0.15074,0.14975,0.37187,0.41019,normalised
20.59225606918335,,,0.15264,0.15492,1,,,,,,,,,GP3,0.15264,0.15492,0.37187,0.41019,normalised
20.609797477722168,,,0.15488,0.16136,1,,,,,,,,,GP3,0.15488,0.16136,0.37187,0.41019,normalised
20.62674570083618,,,0.15659,0.1695,1,,,,,,,,,GP3,0.15659,0.1695,0.37187,0.41019,normalised
20.641460180282593,,,0.15808,0.17534,1,,,,,,,,,GP3,0.15808,0.17534,0.37187,0.41019,normalised
20.656076192855835,,,0.15899,0.17907,1,,,,,,,,,GP3,0.15899,0.17907,0.37187,0.41019,normalised
20.673795700073242,,,0.15955,0.18171,1,,,,,,,,,GP3,0.15955,0.18171,0.37187,0.41019,normalised
20.69130039215088,,,0.15869,0.18131,1,,,,,,,,,GP3,0.15869,0.18131,0.37187,0.41019,normalised
20.70581579208374,,,0.15778,0.18061,1,,,,,,,,,GP3,0.15778,0.18061,0.37187,0.41019,normalised
20.722871780395508,,,0.15731,0.18189,1,,,,,,,,,GP3,0.15731,0.18189,0.37187,0.41019,normalised
20.73738956451416,,,0.1587,0.18392,1,,,,,,,,,GP3,0.1587,0.18392,0.37187,0.41019,normalised
20.755184173583984,,,0.16725,0.21215,0,,,,,,,,,GP3,0.16725,0.21215,0.37187,0.41019,normalised
20.770689964294434,,,0.16034,0.209,0,,,,,,,,,GP3,0.16034,0.209,0.37187,0.41019,normalised
20.786447286605835,,,0.16231,0.19578,0,,,,,,,,,GP3,0.16231,0.19578,0.37187,0.41019,normalised
20.803333044052124,,,0.16146,0.18315,1,,,,,,,,,GP3,0.16146,0.18315,0.37187,0.41019,normalised
20.81947660446167,,,0.15875,0.17709,1,,,,,,,,,GP3,0.15875,0.17709,0.37187,0.41019,normalised
20.834030866622925,,,0.15405,0.17663,1,,,,,,,,,GP3,0.15405,0.17663,0.37187,0.41019,normalised
20.851821422576904,,,0.1507,0.17631,1,,,,,,,,,GP3,0.1507,0.17631,0.37187,0.41019,normalised
20.86666512489319,,,0.14738,0.17266,1,,,,,,,,,GP3,0.14738,0.17266,0.37187,0.41019,normalised
20.884364366531372,,,0.14429,0.17066,1,,,,,,,,,GP3,0.14429,0.17066,0.37187,0.41019,normalised
20.898882389068604,,,0.14182,0.16907,1,,,,,,,,,GP3,0.14182,0.16907,0.37187,0.41019,normalised
20.915987730026245,,,0.13997,0.16843,1,,,,,,,,,GP3,0.13997,0.16843,0.37187,0.41019,normalised
20.933520793914795,,,0.13933,0.16645,1,,,,,,,,,GP3,0.13933,0.16645,0.37187,0.41019,normalised
20.94803476333618,,,0.13879,0.16477,1,,,,,,,,,GP3,0.13879,0.16477,0.37187,0.41019,normalised
20.96427583694458,,,0.13726,0.16327,1,,,,,,,,,GP3,0.13726,0.16327,0.37187,0.41019,normalised
20.979894638061523,,,0.13812,0.16261,1,,,,,,,,,GP3,0.13812,0.16261,0.37187,0.41019,normalised
20.99750804901123,,,0.1385,0.16067,1,,,,,,,,,GP3,0.1385,0.16067,0.37187,0.41019,normalised
21.014598608016968,,,0.13859,0.15718,1,,,,,,,,,GP3,0.13859,0.15718,0.37187,0.41019,normalised
21.029109954833984,,,0.13834,0.15229,1,,,,,,,,,GP3,0.13834,0.15229,0.37187,0.41019,normalised
21.04575538635254,,,0.1382,0.14849,1,,,,,,,,,GP3,0.1382,0.14849,0.37187,0.41019,normalised
21.062288999557495,,,0.13727,0.14828,1,,,,,,,,,GP3,0.13727,0.14828,0.37187,0.41019,normalised
21.076899528503418,,,0.13652,0.14951,1,,,,,,,,,GP3,0.13652,0.14951,0.37187,0.41019,normalised
21.09359359741211,,,0.13668,0.15304,1,,,,,,,,,GP3,0.13668,0.15304,0.37187,0.41019,normalised
21.11097550392151,,,0.13836,0.1566,1,,,,,,,,,GP3,0.13836,0.1566,0.37187,0.41019,normalised
21.12784433364868,,,0.14038,0.15943,1,,,,,,,,,GP3,0.14038,0.15943,0.37187,0.41019,normalised
21.141457080841064,,,0.14204,0.16131,1,,,,,,,,,GP3,0.14204,0.16131,0.37187,0.41019,normalised
21.158089876174927,,,0.14248,0.1625,1,,,,,,,,,GP3,0.14248,0.1625,0.37187,0.41019,normalised
21.17491102218628,,,0.14354,0.16288,1,,,,,,,,,GP3,0.14354,0.16288,0.37187,0.41019,normalised
21.191730976104736,,,0.14426,0.16238,1,,,,,,,,,GP3,0.14426,0.16238,0.37187,0.41019,normalised
21.209006786346436,,,0.14428,0.16202,1,,,,,,,,,GP3,0.14428,0.16202,0.37187,0.41019,normalised
21.223800897598267,,,0.14422,0.16213,1,,,,,,,,,GP3,0.14422,0.16213,0.37187,0.41019,normalised
21.23848795890808,,,0.14416,0.16223,1,,,,,,,,,GP3,0.14416,0.16223,0.37187,0.41019,normalised
21.255109548568726,,,0.15708,0.18421,0,,,,,,,,,GP3,0.15708,0.18421,0.37187,0.41019,normalised
21.272550582885742,,,0.15876,0.15876,0,,,,,,,,,GP3,0.15876,0.15876,0.37187,0.41019,normalised
21.288238286972046,,,0.16091,0.15637,0,,,,,,,,,GP3,0.16091,0.15637,0.37187,0.41019,normalised
21.302869081497192,,,0.15724,0.16474,1,,,,,,,,,GP3,0.15724,0.16474,0.37187,0.41019,normalised
21.319726943969727,,,0.15555,0.17296,1,,,,,,,,,GP3,0.15555,0.17296,0.37187,0.41019,normalised
21.336373567581177,,,0.15485,0.17944,1,,,,,,,,,GP3,0.15485,0.17944,0.37187,0.41019,normalised
21.352357387542725,,,0.15709,0.18331,1,,,,,,,,,GP3,0.15709,0.18331,0.37187,0.41019,normalised
21.36792826652527,,,0.15597,0.1814,1,,,,,,,,,GP3,0.15597,0.1814,0.37187,0.41019,normalised
21.38526964187622,,,0.15482,0.17924,1,,,,,,,,,GP3,0.15482,0.17924,0.37187,0.41019,normalised
21.39991807937622,,,0.15566,0.17999,1,,,,,,,,,GP3,0.15566,0.17999,0.37187,0.41019,normalised
21.417060613632202,,,0.15654,0.18178,1,,,,,,,,,GP3,0.15654,0.18178,0.37187,0.41019,normalised
21.433577060699463,,,0.15748,0.18378,1,,,,,,,,,GP3,0.15748,0.18378,0.37187,0.41019,normalised
21.451364040374756,,,0.15806,0.18492,1,,,,,,,,,GP3,0.15806,0.18492,0.37187,0.41019,normalised
21.46483850479126,,,0.15798,0.1861,1,,,,,,,,,GP3,0.15798,0.1861,0.37187,0.41019,normalised
21.48151159286499,,,0.15742,0.18556,1,,,,,,,,,GP3,0.15742,0.18556,0.37187,0.41019,normalised
21.498583793640137,,,0.15583,0.18316,1,,,,,,,,,GP3,0.15583,0.18316,0.37187,0.41019,normalised
21.51435899734497,,,0.15533,0.18166,1,,,,,,,,,GP3,0.15533,0.18166,0.37187,0.41019,normalised
21.530691385269165,,,0.1549,0.18033,1,,,,,,,,,GP3,0.1549,0.18033,0.37187,0.41019,normalised
21.546475410461426,,,0.15479,0.17824,1,,,,,,,,,GP3,0.15479,0.17824,0.37187,0.41019,normalised
21.56298327445984,,,0.15477,0.17597,1,,,,,,,,,GP3,0.15477,0.17597,0.37187,0.41019,normalised
21.580618381500244,,,0.15499,0.17479,1,,,,,,,,,GP3,0.15499,0.17479,0.37187,0.41019,normalised
21.5973162651062,,,0.15449,0.17596,1,,,,,,,,,GP3,0.15449,0.17596,0.37187,0.41019,normalised
21.611380338668823,,,0.15509,0.17734,1,,,,,,,,,GP3,0.15509,0.17734,0.37187,0.41019,normalised
21.627129793167114,,,0.15569,0.17854,1,,,,,,,,,GP3,0.15569,0.17854,0.37187,0.41019,normalised
21.64293885231018,,,0.15689,0.17914,1,,,,,,,,,GP3,0.15689,0.17914,0.37187,0.41019,normalised
21.658922910690308,,,0.16265,0.18021,1,,,,,,,,,GP3,0.16265,0.18021,0.37187,0.41019,normalised
21.676449298858643,,,0.16776,0.18009,1,,,,,,,,,GP3,0.16776,0.18009,0.37187,0.41019,normalised
21.69310998916626,,,0.20741,0.18972,0,,,,,,,,,GP3,0.20741,0.18972,0.37187,0.41019,normalised
21.7078595161438,,,0.34959,0.31505,0,,,,,,,,,GP3,0.34959,0.31505,0.37187,0.41019,normalised
21.72352910041809,,,0.39725,0.35858,0,,,,,,,,,GP3,0.39725,0.35858,0.37187,0.41019,normalised
21.74107527732849,,,0.50894,0.4645,0,,,,,,,,,GP3,0.50894,0.4645,0.37187,0.41019,normalised
21.75939106941223,,,0.52829,0.48987,0,,,,,,,,,GP3,0.52829,0.48987,0.37187,0.41019,normalised
21.77385425567627,,,0.5346,0.4967,0,,,,,,,,,GP3,0.5346,0.4967,0.37187,0.41019,normalised
21.790539264678955,,,0.55243,0.51205,1,,,,,,,,,GP3,0.55243,0.51205,0.37187,0.41019,normalised
21.8050434589386,,,0.56255,0.52342,1,,,,,,,,,GP3,0.56255,0.52342,0.37187,0.41019,normalised
21.823089599609375,,,0.56931,0.53098,1,,,,,,,,,GP3,0.56931,0.53098,0.37187,0.41019,normalised
21.838012218475342,,,0.58116,0.54059,1,,,,,,,,,GP3,0.58116,0.54059,0.37187,0.41019,normalised
21.855544805526733,,,0.58663,0.54917,1,,,,,,,,,GP3,0.58663,0.54917,0.37187,0.41019,normalised
21.871191024780273,,,0.59104,0.55532,1,,,,,,,,,GP3,0.59104,0.55532,0.37187,0.41019,normalised
21.886135816574097,,,0.59757,0.56293,1,,,,,,,,,GP3,0.59757,0.56293,0.37187,0.41019,normalised
21.903724193572998,,,0.599,0.56121,1,,,,,,,,,GP3,0.599,0.56121,0.37187,0.41019,normalised
21.919790267944336,,,0.59996,0.56085,1,,,,,,,,,GP3,0.59996,0.56085,0.37187,0.41019,normalised
21.934500694274902,,,0.59083,0.55346,1,,,,,,,,,GP3,0.59083,0.55346,0.37187,0.41019,normalised
21.951220989227295,,,0.58345,0.55155,1,,,,,,,,,GP3,0.58345,0.55155,0.37187,0.41019,normalised
21.968653678894043,,,0.57707,0.55115,1,,,,,,,,,GP3,0.57707,0.55115,0.37187,0.41019,normalised
21.983166217803955,,,0.57145,0.54891,1,,,,,,,,,GP3,0.57145,0.54891,0.37187,0.41019,normalised
22.00014019012451,,,0.56731,0.54633,1,,,,,,,,,GP3,0.56731,0.54633,0.37187,0.41019,normalised
22.01510524749756,,,0.56368,0.54257,1,,,,,,,,,GP3,0.56368,0.54257,0.37187,0.41019,normalised
22.032012462615967,,,0.55915,0.53814,1,,,,,,,,,GP3,0.55915,0.53814,0.37187,0.41019,normalised
22.049760580062866,,,0.55551,0.5309,1,,,,,,,,,GP3,0.55551,0.5309,0.37187,0.41019,normalised
22.06335186958313,,,0.52304,0.4999,0,,,,,,,,,GP3,0.52304,0.4999,0.37187,0.41019,normalised
22.07995891571045,,,0.51098,0.44052,0,,,,,,,,,GP3,0.51098,0.44052,0.37187,0.41019,normalised
22.097670316696167,,,0.50297,0.43953,0,,,,,,,,,GP3,0.50297,0.43953,0.37187,0.41019,normalised
22.112304210662842,,,0.49918,0.44311,1,,,,,,,,,GP3,0.49918,0.44311,0.37187,0.41019,normalised
22.128438711166382,,,0.49907,0.44421,1,,,,,,,,,GP3,0.49907,0.44421,0.37187,0.41019,normalised
22.14505410194397,,,0.49931,0.44593,1,,,,,,,,,GP3,0.49931,0.44593,0.37187,0.41019,normalised
22.161576509475708,,,0.49949,0.44562,1,,,,,,,,,GP3,0.49949,0.44562,0.37187,0.41019,normalised
22.179386615753174,,,0.49918,0.43988,1,,,,,,,,,GP3,0.49918,0.43988,0.37187,0.41019,normalised
22.19390845298767,,,0.49825,0.43734,1,,,,,,,,,GP3,0.49825,0.43734,0.37187,0.41019,normalised
22.21232557296753,,,0.4975,0.4353,1,,,,,,,,,GP3,0.4975,0.4353,0.37187,0.41019,normalised
22.226844787597656,,,0.4967,0.43519,1,,,,,,,,,GP3,0.4967,0.43519,0.37187,0.41019,normalised
22.243749141693115,,,0.49628,0.43328,1,,,,,,,,,GP3,0.49628,0.43328,0.37187,0.41019,normalised
22.258418798446655,,,0.49587,0.43125,1,,,,,,,,,GP3,0.49587,0.43125,0.37187,0.41019,normalised
22.275837421417236,,,0.49574,0.43597,1,,,,,,,,,GP3,0.49574,0.43597,0.37187,0.41019,normalised
22.292375564575195,,,0.49574,0.43597,1,,,,,,,,,GP3,0.49574,0.43597,0.37187,0.41019,normalised
22.30689239501953,,,0.49574,0.43597,1,,,,,,,,,GP3,0.49574,0.43597,0.37187,0.41019,normalised
22.32652759552002,,,0.49574,0.43597,1,,,,,,,,,GP3,0.49574,0.43597,0.37187,0.41019,normalised
22.34140658378601,,,0.4932,0.43521,0,,,,,,,,,GP3,0.4932,0.43521,0.37187,0.41019,normalised
22.35906744003296,,,0.4932,0.43521,0,,,,,,,,,GP3,0.4932,0.43521,0.37187,0.41019,normalised
22.37376832962036,,,0.4932,0.43521,0,,,,,,,,,GP3,0.4932,0.43521,0.37187,0.41019,normalised
22.391421794891357,,,0.0,0.0,0,,,,,,,,,GP3,0.0,0.0,0.37187,0.41019,normalised
22.407540798187256,,,0.0,0.0,0,,,,,,,,,GP3,0.0,0.0,0.37187,0.41019,normalised
22.42467427253723,,,0.0,0.0,0,,,,,,,,,GP3,0.0,0.0,0.37187,0.41019,normalised
22.44187355041504,,,0.0,0.0,0,,,,,,,,,GP3,0.0,0.0,0.37187,0.41019,normalised
22.455458402633667,,,0.0,0.0,0,,,,,,,,,GP3,0.0,0.0,0.37187,0.41019,normalised
22.474355459213257,,,0.0,0.0,0,,,,,,,,,GP3,0.0,0.0,0.37187,0.41019,normalised
22.48895025253296,,,0.0,0.0,0,,,,,,,,,GP3,0.0,0.0,0.37187,0.41019,normalised
22.504285097122192,,,0.0,0.0,0,,,,,,,,,GP3,0.0,0.0,0.37187,0.41019,normalised
22.522704124450684,,,0.0,0.0,0,,,,,,,,,GP3,0.0,0.0,0.37187,0.41019,normalised
22.539480924606323,,,0.0,0.0,0,,,,,,,,,GP3,0.0,0.0,0.37187,0.41019,normalised
22.55400800704956,,,0.0,0.0,0,,,,,,,,,GP3,0.0,0.0,0.37187,0.41019,normalised
22.565528631210327,,,0.13506,0.20915,0,,,,,,,,,GP3,0.13506,0.20915,0.37187,0.41019,normalised
22.582258224487305,,,0.08251,0.1652,0,,,,,,,,,GP3,0.08251,0.1652,0.37187,0.41019,normalised
22.59885859489441,,,-0.0076,0.04591,0,,,,,,,,,GP3,-0.0076,0.04591,0.37187,0.41019,normalised
22.615906476974487,,,0.1255,0.25662,0,,,,,,,,,GP3,0.1255,0.25662,0.37187,0.41019,normalised
22.630539655685425,,,0.2382,0.4807,0,,,,,,,,,GP3,0.2382,0.4807,0.37187,0.41019,normalised
22.647192001342773,,,0.32941,0.65907,0,,,,,,,,,GP3,0.32941,0.65907,0.37187,0.41019,normalised
22.661800622940063,,,0.38549,0.59913,0,,,,,,,,,GP3,0.38549,0.59913,0.37187,0.41019,normalised
22.679712057113647,,,0.47848,0.5905,0,,,,,,,,,GP3,0.47848,0.5905,0.37187,0.41019,normalised
22.697372674942017,,,0.49836,0.52716,0,,,,,,,,,GP3,0.49836,0.52716,0.37187,0.41019,normalised
22.712128400802612,,,0.5099,0.53616,0,,,,,,,,,GP3,0.5099,0.53616,0.37187,0.41019,normalised
22.72832703590393,,,0.51222,0.52566,1,,,,,,,,,GP3,0.51222,0.52566,0.37187,0.41019,normalised
22.743205070495605,,,0.51356,0.51893,1,,,,,,,,,GP3,0.51356,0.51893,0.37187,0.41019,normalised
22.76075839996338,,,0.51009,0.50531,1,,,,,,,,,GP3,0.51009,0.50531,0.37187,0.41019,normalised
22.776538372039795,,,0.51086,0.4917,1,,,,,,,,,GP3,0.51086,0.4917,0.37187,0.41019,normalised
22.79275918006897,,,0.51088,0.47643,1,,,,,,,,,GP3,0.51088,0.47643,0.37187,0.41019,normalised
22.80943989753723,,,0.50741,0.46961,1,,,,,,,,,GP3,0.50741,0.46961,0.37187,0.41019,normalised
22.82636332511902,,,0.50603,0.45495,1,,,,,,,,,GP3,0.50603,0.45495,0.37187,0.41019,normalised
22.841238975524902,,,0.50491,0.44491,1,,,,,,,,,GP3,0.50491,0.44491,0.37187,0.41019,normalised
22.857842922210693,,,0.50372,0.43872,1,,,,,,,,,GP3,0.50372,0.43872,0.37187,0.41019,normalised
22.87446355819702,,,0.50248,0.43633,1,,,,,,,,,GP3,0.50248,0.43633,0.37187,0.41019,normalised
22.88897943496704,,,0.50142,0.43511,1,,,,,,,,,GP3,0.50142,0.43511,0.37187,0.41019,normalised
22.906506776809692,,,0.49851,0.40694,0,,,,,,,,,GP3,0.49851,0.40694,0.37187,0.41019,normalised
22.92279839515686,,,0.48708,0.40463,0,,,,,,,,,GP3,0.48708,0.40463,0.37187,0.41019,normalised
22.937543392181396,,,0.48319,0.40072,0,,,,,,,,,GP3,0.48319,0.40072,0.37187,0.41019,normalised
22.954212188720703,,,0.48727,0.3965,1,,,,,,,,,GP3,0.48727,0.3965,0.37187,0.41019,normalised
22.969773769378662,,,0.48942,0.3912,1,,,,,,,,,GP3,0.48942,0.3912,0.37187,0.41019,normalised
22.98737907409668,,,0.49085,0.38928,1,,,,,,,,,GP3,0.49085,0.38928,0.37187,0.41019,normalised
23.003535270690918,,,0.48778,0.3916,1,,,,,,,,,GP3,0.48778,0.3916,0.37187,0.41019,normalised
23.018091440200806,,,0.48968,0.39385,1,,,,,,,,,GP3,0.48968,0.39385,0.37187,0.41019,normalised
23.033729791641235,,,0.49108,0.39628,1,,,,,,,,,GP3,0.49108,0.39628,0.37187,0.41019,normalised
23.052499055862427,,,0.4897,0.39843,1,,,,,,,,,GP3,0.4897,0.39843,0.37187,0.41019,normalised
23.066895246505737,,,0.49124,0.39747,1,,,,,,,,,GP3,0.49124,0.39747,0.37187,0.41019,normalised
23.08347773551941,,,0.49252,0.39684,1,,,,,,,,,GP3,0.49252,0.39684,0.37187,0.41019,normalised
23.100290060043335,,,0.49253,0.39772,1,,,,,,,,,GP3,0.49253,0.39772,0.37187,0.41019,normalised
23.11630344390869,,,0.49159,0.39996,1,,,,,,,,,GP3,0.49159,0.39996,0.37187,0.41019,normalised
23.130869150161743,,,0.49077,0.4019,1,,,,,,,,,GP3,0.49077,0.4019,0.37187,0.41019,normalised
23.14843487739563,,,0.48958,0.40394,1,,,,,,,,,GP3,0.48958,0.40394,0.37187,0.41019,normalised
23.164083242416382,,,0.48837,0.40734,1,,,,,,,,,GP3,0.48837,0.40734,0.37187,0.41019,normalised
23.1815128326416,,,0.48732,0.41005,1,,,,,,,,,GP3,0.48732,0.41005,0.37187,0.41019,normalised
23.196030378341675,,,0.4873,0.41034,1,,,,,,,,,GP3,0.4873,0.41034,0.37187,0.41019,normalised
23.21405267715454,,,0.48755,0.41033,1,,,,,,,,,GP3,0.48755,0.41033,0.37187,0.41019,normalised
23.22868800163269,,,0.48775,0.41006,1,,,,,,,,,GP3,0.48775,0.41006,0.37187,0.41019,normalised
23.246561288833618,,,0.48744,0.40873,1,,,,,,,,,GP3,0.48744,0.40873,0.37187,0.41019,normalised
23.261179447174072,,,0.48796,0.40875,1,,,,,,,,,GP3,0.48796,0.40875,0.37187,0.41019,normalised
23.277000188827515,,,0.48847,0.40852,1,,,,,,,,,GP3,0.48847,0.40852,0.37187,0.41019,normalised
23.293732404708862,,,0.48847,0.4089,1,,,,,,,,,GP3,0.48847,0.4089,0.37187,0.41019,normalised
23.31143617630005,,,0.48912,0.40725,1,,,,,,,,,GP3,0.48912,0.40725,0.37187,0.41019,normalised
23.32634997367859,,,0.48971,0.40552,1,,,,,,,,,GP3,0.48971,0.40552,0.37187,0.41019,normalised
23.34310817718506,,,0.48935,0.40451,1,,,,,,,,,GP3,0.48935,0.40451,0.37187,0.41019,normalised
23.359718084335327,,,0.48929,0.40504,1,,,,,,,,,GP3,0.48929,0.40504,0.37187,0.41019,normalised
23.374399423599243,,,0.48926,0.4061,1,,,,,,,,,GP3,0.48926,0.4061,0.37187,0.41019,normalised
23.39203119277954,,,0.48935,0.40666,1,,,,,,,,,GP3,0.48935,0.40666,0.37187,0.41019,normalised
23.40871024131775,,,0.48955,0.40672,1,,,,,,,,,GP3,0.48955,0.40672,0.37187,0.41019,normalised
23.422120809555054,,,0.48974,0.40643,1,,,,,,,,,GP3,0.48974,0.40643,0.37187,0.41019,normalised
23.439762830734253,,,0.48943,0.40663,1,,,,,,,,,GP3,0.48943,0.40663,0.37187,0.41019,normalised
23.454345703125,,,0.48908,0.40645,1,,,,,,,,,GP3,0.48908,0.40645,0.37187,0.41019,normalised
23.472092628479004,,,0.48874,0.40671,1,,,,,,,,,GP3,0.48874,0.40671,0.37187,0.41019,normalised
23.486756801605225,,,0.48885,0.40739,1,,,,,,,,,GP3,0.48885,0.40739,0.37187,0.41019,normalised
23.504448652267456,,,0.48889,0.40918,1,,,,,,,,,GP3,0.48889,0.40918,0.37187,0.41019,normalised
23.51991319656372,,,0.48893,0.4114,1,,,,,,,,,GP3,0.48893,0.4114,0.37187,0.41019,normalised
23.536635875701904,,,0.48871,0.4136,1,,,,,,,,,GP3,0.48871,0.4136,0.37187,0.41019,normalised
23.551377773284912,,,0.48863,0.41459,1,,,,,,,,,GP3,0.48863,0.41459,0.37187,0.41019,normalised
23.570132732391357,,,0.48855,0.41531,1,,,,,,,,,GP3,0.48855,0.41531,0.37187,0.41019,normalised
23.58353352546692,,,0.4864,0.4419,0,,,,,,,,,GP3,0.4864,0.4419,0.37187,0.41019,normalised
23.600589990615845,,,0.48486,0.45084,0,,,,,,,,,GP3,0.48486,0.45084,0.37187,0.41019,normalised
23.618611574172974,,,0.48435,0.45382,0,,,,,,,,,GP3,0.48435,0.45382,0.37187,0.41019,normalised
23.633240461349487,,,0.48907,0.45045,1,,,,,,,,,GP3,0.48907,0.45045,0.37187,0.41019,normalised
23.648964881896973,,,0.49124,0.44856,1,,,,,,,,,GP3,0.49124,0.44856,0.37187,0.41019,normalised
23.665695190429688,,,0.49282,0.44427,1,,,,,,,,,GP3,0.49282,0.44427,0.37187,0.41019,normalised
23.68298840522766,,,0.49237,0.44062,1,,,,,,,,,GP3,0.49237,0.44062,0.37187,0.41019,normalised
23.69682478904724,,,0.49151,0.43531,1,,,,,,,,,GP3,0.49151,0.43531,0.37187,0.41019,normalised
23.714261770248413,,,0.49075,0.42957,1,,,,,,,,,GP3,0.49075,0.42957,0.37187,0.41019,normalised
23.732104778289795,,,0.48825,0.42472,1,,,,,,,,,GP3,0.48825,0.42472,0.37187,0.41019,normalised
23.74631667137146,,,0.48738,0.42381,1,,,,,,,,,GP3,0.48738,0.42381,0.37187,0.41019,normalised
23.762067079544067,,,0.48676,0.42523,1,,,,,,,,,GP3,0.48676,0.42523,0.37187,0.41019,normalised
23.778799772262573,,,0.4864,0.42845,1,,,,,,,,,GP3,0.4864,0.42845,0.37187,0.41019,normalised
23.796350955963135,,,0.48649,0.42982,1,,,,,,,,,GP3,0.48649,0.42982,0.37187,0.41019,normalised
23.811649799346924,,,0.48656,0.43088,1,,,,,,,,,GP3,0.48656,0.43088,0.37187,0.41019,normalised
23.82626438140869,,,0.48565,0.4298,1,,,,,,,,,GP3,0.48565,0.4298,0.37187,0.41019,normalised
23.842612743377686,,,0.48561,0.43225,1,,,,,,,,,GP3,0.48561,0.43225,0.37187,0.41019,normalised
23.859302282333374,,,0.48554,0.43473,1,,,,,,,,,GP3,0.48554,0.43473,0.37187,0.41019,normalised
23.87495756149292,,,0.48495,0.4367,1,,,,,,,,,GP3,0.48495,0.4367,0.37187,0.41019,normalised
23.892512798309326,,,0.4855,0.43709,1,,,,,,,,,GP3,0.4855,0.43709,0.37187,0.41019,normalised
23.907428979873657,,,0.48605,0.4377,1,,,,,,,,,GP3,0.48605,0.4377,0.37187,0.41019,normalised
23.924785137176514,,,0.48641,0.43843,1,,,,,,,,,GP3,0.48641,0.43843,0.37187,0.41019,normalised
23.93942880630493,,,0.48666,0.43827,1,,,,,,,,,GP3,0.48666,0.43827,0.37187,0.41019,normalised
23.956356287002563,,,0.48688,0.43674,1,,,,,,,,,GP3,0.48688,0.43674,0.37187,0.41019,normalised
23.97328519821167,,,0.48686,0.43458,1,,,,,,,,,GP3,0.48686,0.43458,0.37187,0.41019,normalised
23.987906455993652,,,0.48662,0.43071,1,,,,,,,,,GP3,0.48662,0.43071,0.37187,0.41019,normalised
24.00671887397766,,,0.48637,0.42655,1,,,,,,,,,GP3,0.48637,0.42655,0.37187,0.41019,normalised
24.02314066886902,,,0.48638,0.42327,1,,,,,,,,,GP3,0.48638,0.42327,0.37187,0.41019,normalised
24.036751985549927,,,0.48642,0.42151,1,,,,,,,,,GP3,0.48642,0.42151,0.37187,0.41019,normalised
24.055443048477173,,,0.48649,0.42075,1,,,,,,,,,GP3,0.48649,0.42075,0.37187,0.41019,normalised
24.07039475440979,,,0.48907,0.39423,0,,,,,,,,,GP3,0.48907,0.39423,0.37187,0.41019,normalised
24.08620834350586,,,0.48488,0.40966,0,,,,,,,,,GP3,0.48488,0.40966,0.37187,0.41019,normalised
24.103614807128906,,,0.48348,0.41487,0,,,,,,,,,GP3,0.48348,0.41487,0.37187,0.41019,normalised
24.11780071258545,,,0.4846,0.40866,1,,,,,,,,,GP3,0.4846,0.40866,0.37187,0.41019,normalised
24.13531732559204,,,0.48469,0.40964,1,,,,,,,,,GP3,0.48469,0.40964,0.37187,0.41019,normalised
24.15097427368164,,,0.4846,0.40783,1,,,,,,,,,GP3,0.4846,0.40783,0.37187,0.41019,normalised
24.1687273979187,,,0.48804,0.40011,1,,,,,,,,,GP3,0.48804,0.40011,0.37187,0.41019,normalised
24.18246340751648,,,0.49591,0.38553,1,,,,,,,,,GP3,0.49591,0.38553,0.37187,0.41019,normalised
24.19932508468628,,,0.5022,0.37394,1,,,,,,,,,GP3,0.5022,0.37394,0.37187,0.41019,normalised
24.216104984283447,,,0.504,0.36224,1,,,,,,,,,GP3,0.504,0.36224,0.37187,0.41019,normalised
24.232763290405273,,,0.5077,0.3502,1,,,,,,,,,GP3,0.5077,0.3502,0.37187,0.41019,normalised
24.24938941001892,,,0.51062,0.341,1,,,,,,,,,GP3,0.51062,0.341,0.37187,0.41019,normalised
24.264032125473022,,,0.51235,0.33529,1,,,,,,,,,GP3,0.51235,0.33529,0.37187,0.41019,normalised
24.281461000442505,,,0.51312,0.33125,1,,,,,,,,,GP3,0.51312,0.33125,0.37187,0.41019,normalised
24.29753541946411,,,0.51383,0.32839,1,,,,,,,,,GP3,0.51383,0.32839,0.37187,0.41019,normalised
24.3121395111084,,,0.52626,0.29372,0,,,,,,,,,GP3,0.52626,0.29372,0.37187,0.41019,normalised
24.3301100730896,,,0.53415,0.24044,0,,,,,,,,,GP3,0.53415,0.24044,0.37187,0.41019,normalised
24.34501838684082,,,0.53679,0.21655,0,,,,,,,,,GP3,0.53679,0.21655,0.37187,0.41019,normalised
24.36177158355713,,,0.53378,0.17752,0,,,,,,,,,GP3,0.53378,0.17752,0.37187,0.41019,normalised
24.376216173171997,,,0.52473,0.19866,0,,,,,,,,,GP3,0.52473,0.19866,0.37187,0.41019,normalised
24.394078254699707,,,0.52155,0.21507,0,,,,,,,,,GP3,0.52155,0.21507,0.37187,0.41019,normalised
24.40969204902649,,,0.52087,0.23063,1,,,,,,,,,GP3,0.52087,0.23063,0.37187,0.41019,normalised
24.42562699317932,,,0.5237,0.23281,1,,,,,,,,,GP3,0.5237,0.23281,0.37187,0.41019,normalised
24.442177295684814,,,0.52559,0.23427,1,,,,,,,,,GP3,0.52559,0.23427,0.37187,0.41019,normalised
24.45977759361267,,,0.5233,0.23947,1,,,,,,,,,GP3,0.5233,0.23947,0.37187,0.41019,normalised
24.473906993865967,,,0.5229,0.24176,1,,,,,,,,,GP3,0.5229,0.24176,0.37187,0.41019,normalised
24.49059009552002,,,0.52259,0.24355,1,,,,,,,,,GP3,0.52259,0.24355,0.37187,0.41019,normalised
24.508291244506836,,,0.52365,0.24292,1,,,,,,,,,GP3,0.52365,0.24292,0.37187,0.41019,normalised
24.524646997451782,,,0.52411,0.24292,1,,,,,,,,,GP3,0.52411,0.24292,0.37187,0.41019,normalised
24.53935170173645,,,0.52447,0.24389,1,,,,,,,,,GP3,0.52447,0.24389,0.37187,0.41019,normalised
24.554049015045166,,,0.52454,0.245,1,,,,,,,,,GP3,0.52454,0.245,0.37187,0.41019,normalised
24.570646286010742,,,0.5254,0.24673,1,,,,,,,,,GP3,0.5254,0.24673,0.37187,0.41019,normalised
24.588095903396606,,,0.52615,0.24824,1,,,,,,,,,GP3,0.52615,0.24824,0.37187,0.41019,normalised
24.603804349899292,,,0.52705,0.25016,1,,,,,,,,,GP3,0.52705,0.25016,0.37187,0.41019,normalised
24.621169090270996,,,0.53298,0.25866,1,,,,,,,,,GP3,0.53298,0.25866,0.37187,0.41019,normalised
24.637836456298828,,,0.53833,0.26563,1,,,,,,,,,GP3,0.53833,0.26563,0.37187,0.41019,normalised
24.652658939361572,,,0.56212,0.30602,0,,,,,,,,,GP3,0.56212,0.30602,0.37187,0.41019,normalised
24.67005157470703,,,0.65628,0.43631,0,,,,,,,,,GP3,0.65628,0.43631,0.37187,0.41019,normalised
24.68457794189453,,,0.68767,0.47974,0,,,,,,,,,GP3,0.68767,0.47974,0.37187,0.41019,normalised
24.70120620727539,,,0.7561,0.56748,0,,,,,,,,,GP3,0.7561,0.56748,0.37187,0.41019,normalised
24.718488931655884,,,0.76623,0.5785,0,,,,,,,,,GP3,0.76623,0.5785,0.37187,0.41019,normalised
24.732308626174927,,,0.77166,0.57719,0,,,,,,,,,GP3,0.77166,0.57719,0.37187,0.41019,normalised
24.749065399169922,,,0.78099,0.58586,1,,,,,,,,,GP3,0.78099,0.58586,0.37187,0.41019,normalised
24.764520406723022,,,0.80782,0.60891,1,,,,,,,,,GP3,0.80782,0.60891,0.37187,0.41019,normalised
24.7812077999115,,,0.82657,0.62299,1,,,,,,,,,GP3,0.82657,0.62299,0.37187,0.41019,normalised
24.799805402755737,,,0.83925,0.6372,1,,,,,,,,,GP3,0.83925,0.6372,0.37187,0.41019,normalised
24.813467264175415,,,0.84632,0.65204,1,,,,,,,,,GP3,0.84632,0.65204,0.37187,0.41019,normalised
24.82957124710083,,,0.85079,0.665,1,,,,,,,,,GP3,0.85079,0.665,0.37187,0.41019,normalised
24.847089290618896,,,0.85305,0.67631,1,,,,,,,,,GP3,0.85305,0.67631,0.37187,0.41019,normalised
24.86459970474243,,,0.8549,0.68698,1,,,,,,,,,GP3,0.8549,0.68698,0.37187,0.41019,normalised
24.87911295890808,,,0.85619,0.69619,1,,,,,,,,,GP3,0.85619,0.69619,0.37187,0.41019,normalised
24.893718719482422,,,0.85805,0.70316,1,,,,,,,,,GP3,0.85805,0.70316,0.37187,0.41019,normalised
24.910462617874146,,,0.87434,0.72984,0,,,,,,,,,GP3,0.87434,0.72984,0.37187,0.41019,normalised
24.92581844329834,,,0.86968,0.75543,0,,,,,,,,,GP3,0.86968,0.75543,0.37187,0.41019,normalised
24.9434072971344,,,0.87041,0.75951,0,,,,,,,,,GP3,0.87041,0.75951,0.37187,0.41019,normalised
24.961023807525635,,,0.86816,0.76469,1,,,,,,,,,GP3,0.86816,0.76469,0.37187,0.41019,normalised
24.97545337677002,,,0.86739,0.76707,1,,,,,,,,,GP3,0.86739,0.76707,0.37187,0.41019,normalised
24.993231296539307,,,0.86915,0.76943,1,,,,,,,,,GP3,0.86915,0.76943,0.37187,0.41019,normalised
25.007715940475464,,,0.87475,0.76485,1,,,,,,,,,GP3,0.87475,0.76485,0.37187,0.41019,normalised
25.02668285369873,,,0.88135,0.75807,1,,,,,,,,,GP3,0.88135,0.75807,0.37187,0.41019,normalised
25.04120421409607,,,0.88694,0.7541,1,,,,,,,,,GP3,0.88694,0.7541,0.37187,0.41019,normalised
25.05573582649231,,,0.88976,0.74683,1,,,,,,,,,GP3,0.88976,0.74683,0.37187,0.41019,normalised
25.072373151779175,,,0.89203,0.74081,1,,,,,,,,,GP3,0.89203,0.74081,0.37187,0.41019,normalised
25.089896202087402,,,0.89779,0.74111,1,,,,,,,,,GP3,0.89779,0.74111,0.37187,0.41019,normalised
25.104397296905518,,,0.89917,0.7427,1,,,,,,,,,GP3,0.89917,0.7427,0.37187,0.41019,normalised
25.120296239852905,,,0.89911,0.74569,1,,,,,,,,,GP3,0.89911,0.74569,0.37187,0.41019,normalised
25.137934923171997,,,0.89806,0.7482,1,,,,,,,,,GP3,0.89806,0.7482,0.37187,0.41019,normalised
25.152585983276367,,,0.89878,0.75234,1,,,,,,,,,GP3,0.89878,0.75234,0.37187,0.41019,normalised
25.16920781135559,,,0.89983,0.75551,1,,,,,,,,,GP3,0.89983,0.75551,0.37187,0.41019,normalised
25.1859130859375,,,0.89814,0.75889,1,,,,,,,,,GP3,0.89814,0.75889,0.37187,0.41019,normalised
25.20255208015442,,,0.89829,0.75963,1,,,,,,,,,GP3,0.89829,0.75963,0.37187,0.41019,normalised
25.219223260879517,,,0.89864,0.75997,1,,,,,,,,,GP3,0.89864,0.75997,0.37187,0.41019,normalised
25.23384380340576,,,0.89899,0.75922,1,,,,,,,,,GP3,0.89899,0.75922,0.37187,0.41019,normalised
25.250528573989868,,,0.89821,0.75954,1,,,,,,,,,GP3,0.89821,0.75954,0.37187,0.41019,normalised
25.26794171333313,,,0.89729,0.76015,1,,,,,,,,,GP3,0.89729,0.76015,0.37187,0.41019,normalised
25.282453060150146,,,0.89843,0.76074,1,,,,,,,,,GP3,0.89843,0.76074,0.37187,0.41019,normalised
25.29997944831848,,,0.89938,0.76175,1,,,,,,,,,GP3,0.89938,0.76175,0.37187,0.41019,normalised
25.31397008895874,,,0.90071,0.76211,1,,,,,,,,,GP3,0.90071,0.76211,0.37187,0.41019,normalised
25.33021354675293,,,0.90132,0.76137,1,,,,,,,,,GP3,0.90132,0.76137,0.37187,0.41019,normalised
25.34925603866577,,,0.90333,0.76142,1,,,,,,,,,GP3,0.90333,0.76142,0.37187,0.41019,normalised
25.363950490951538,,,0.90519,0.76146,1,,,,,,,,,GP3,0.90519,0.76146,0.37187,0.41019,normalised
25.380637884140015,,,0.90569,0.76122,1,,,,,,,,,GP3,0.90569,0.76122,0.37187,0.41019,normalised
25.396849393844604,,,0.90724,0.76123,1,,,,,,,,,GP3,0.90724,0.76123,0.37187,0.41019,normalised
25.411402940750122,,,0.9087,0.76123,1,,,,,,,,,GP3,0.9087,0.76123,0.37187,0.41019,normalised
25.428658485412598,,,0.90931,0.76122,1,,,,,,,,,GP3,0.90931,0.76122,0.37187,0.41019,normalised
25.44547724723816,,,0.9109,0.76059,1,,,,,,,,,GP3,0.9109,0.76059,0.37187,0.41019,normalised
25.461348295211792,,,0.94137,0.75969,0,,,,,,,,,GP3,0.94137,0.75969,0.37187,0.41019,normalised
25.476001977920532,,,0.94126,0.75057,0,,,,,,,,,GP3,0.94126,0.75057,0.37187,0.41019,normalised
25.493565797805786,,,0.95107,0.74508,0,,,,,,,,,GP3,0.95107,0.74508,0.37187,0.41019,normalised
25.510302305221558,,,0.95557,0.74268,1,,,,,,,,,GP3,0.95557,0.74268,0.37187,0.41019,normalised
25.524391174316406,,,0.96076,0.74225,1,,,,,,,,,GP3,0.96076,0.74225,0.37187,0.41019,normalised
25.542568922042847,,,0.95609,0.74382,1,,,,,,,,,GP3,0.95609,0.74382,0.37187,0.41019,normalised
25.5570969581604,,,0.95146,0.74663,1,,,,,,,,,GP3,0.95146,0.74663,0.37187,0.41019,normalised
25.573803186416626,,,0.94736,0.75266,1,,,,,,,,,GP3,0.94736,0.75266,0.37187,0.41019,normalised
25.59131407737732,,,0.94285,0.75425,1,,,,,,,,,GP3,0.94285,0.75425,0.37187,0.41019,normalised
25.605828523635864,,,0.93924,0.75553,1,,,,,,,,,GP3,0.93924,0.75553,0.37187,0.41019,normalised
25.621970653533936,,,0.93574,0.75652,1,,,,,,,,,GP3,0.93574,0.75652,0.37187,0.41019,normalised
25.639389276504517,,,0.93425,0.75895,1,,,,,,,,,GP3,0.93425,0.75895,0.37187,0.41019,normalised
25.657299041748047,,,0.933,0.76101,1,,,,,,,,,GP3,0.933,0.76101,0.37187,0.41019,normalised
25.671822786331177,,,0.93302,0.76243,1,,,,,,,,,GP3,0.93302,0.76243,0.37187,0.41019,normalised
25.686336755752563,,,0.93138,0.76085,1,,,,,,,,,GP3,0.93138,0.76085,0.37187,0.41019,normalised
25.70385479927063,,,0.92977,0.7597,1,,,,,,,,,GP3,0.92977,0.7597,0.37187,0.41019,normalised
25.72088599205017,,,0.92927,0.76166,1,,,,,,,,,GP3,0.92927,0.76166,0.37187,0.41019,normalised
25.73539924621582,,,0.92793,0.76366,1,,,,,,,,,GP3,0.92793,0.76366,0.37187,0.41019,normalised
25.752185583114624,,,0.92621,0.7661,1,,,,,,,,,GP3,0.92621,0.7661,0.37187,0.41019,normalised
25.76972508430481,,,0.92278,0.76907,1,,,,,,,,,GP3,0.92278,0.76907,0.37187,0.41019,normalised
25.78441596031189,,,0.9207,0.77133,1,,,,,,,,,GP3,0.9207,0.77133,0.37187,0.41019,normalised
25.801220655441284,,,0.91881,0.77339,1,,,,,,,,,GP3,0.91881,0.77339,0.37187,0.41019,normalised
25.8175151348114,,,0.91665,0.77575,1,,,,,,,,,GP3,0.91665,0.77575,0.37187,0.41019,normalised
25.832040071487427,,,0.89786,0.79433,0,,,,,,,,,GP3,0.89786,0.79433,0.37187,0.41019,normalised
25.848549604415894,,,0.90247,0.79286,0,,,,,,,,,GP3,0.90247,0.79286,0.37187,0.41019,normalised
25.86606740951538,,,0.90052,0.78396,0,,,,,,,,,GP3,0.90052,0.78396,0.37187,0.41019,normalised
25.882145643234253,,,0.89371,0.78261,1,,,,,,,,,GP3,0.89371,0.78261,0.37187,0.41019,normalised
25.896782398223877,,,0.88963,0.7818,1,,,,,,,,,GP3,0.88963,0.7818,0.37187,0.41019,normalised
25.91257619857788,,,0.89174,0.77956,1,,,,,,,,,GP3,0.89174,0.77956,0.37187,0.41019,normalised
25.93102478981018,,,0.89159,0.78179,1,,,,,,,,,GP3,0.89159,0.78179,0.37187,0.41019,normalised
25.94494080543518,,,0.89093,0.78417,1,,,,,,,,,GP3,0.89093,0.78417,0.37187,0.41019,normalised
25.96249008178711,,,0.89073,0.78405,1,,,,,,,,,GP3,0.89073,0.78405,0.37187,0.41019,normalised
25.977829456329346,,,0.89095,0.78751,1,,,,,,,,,GP3,0.89095,0.78751,0.37187,0.41019,normalised
25.994813442230225,,,0.89164,0.78973,1,,,,,,,,,GP3,0.89164,0.78973,0.37187,0.41019,normalised
26.011475086212158,,,0.89316,0.79038,1,,,,,,,,,GP3,0.89316,0.79038,0.37187,0.41019,normalised
26.026318311691284,,,0.8957,0.79213,1,,,,,,,,,GP3,0.8957,0.79213,0.37187,0.41019,normalised
26.04432511329651,,,0.89861,0.79279,1,,,,,,,,,GP3,0.89861,0.79279,0.37187,0.41019,normalised
26.05809450149536,,,0.90113,0.78928,1,,,,,,,,,GP3,0.90113,0.78928,0.37187,0.41019,normalised
26.075621128082275,,,0.90219,0.78639,1,,,,,,,,,GP3,0.90219,0.78639,0.37187,0.41019,normalised
26.0931396484375,,,0.9032,0.78378,1,,,,,,,,,GP3,0.9032,0.78378,0.37187,0.41019,normalised
26.107738971710205,,,0.90424,0.78345,1,,,,,,,,,GP3,0.90424,0.78345,0.37187,0.41019,normalised
26.12453579902649,,,0.90689,0.78092,1,,,,,,,,,GP3,0.90689,0.78092,0.37187,0.41019,normalised
26.139437913894653,,,0.90957,0.77825,1,,,,,,,,,GP3,0.90957,0.77825,0.37187,0.41019,normalised
26.156691074371338,,,0.91169,0.77736,1,,,,,,,,,GP3,0.91169,0.77736,0.37187,0.41019,normalised
26.17143678665161,,,0.91267,0.77684,1,,,,,,,,,GP3,0.91267,0.77684,0.37187,0.41019,normalised
26.190146446228027,,,0.91318,0.77685,1,,,,,,,,,GP3,0.91318,0.77685,0.37187,0.41019,normalised
26.20375370979309,,,0.91315,0.77718,1,,,,,,,,,GP3,0.91315,0.77718,0.37187,0.41019,normalised
26.221043825149536,,,0.91266,0.77798,1,,,,,,,,,GP3,0.91266,0.77798,0.37187,0.41019,normalised
26.2375168800354,,,0.91207,0.77886,1,,,,,,,,,GP3,0.91207,0.77886,0.37187,0.41019,normalised
26.253410577774048,,,0.91167,0.77894,1,,,,,,,,,GP3,0.91167,0.77894,0.37187,0.41019,normalised
26.27092170715332,,,0.91109,0.77899,1,,,,,,,,,GP3,0.91109,0.77899,0.37187,0.41019,normalised
26.285440683364868,,,0.91036,0.77928,1,,,,,,,,,GP3,0.91036,0.77928,0.37187,0.41019,normalised
26.301896333694458,,,0.9107,0.77977,1,,,,,,,,,GP3,0.9107,0.77977,0.37187,0.41019,normalised
26.317903995513916,,,0.91034,0.78021,1,,,,,,,,,GP3,0.91034,0.78021,0.37187,0.41019,normalised
26.33395743370056,,,0.91026,0.78028,1,,,,,,,,,GP3,0.91026,0.78028,0.37187,0.41019,normalised
26.350451707839966,,,0.91089,0.77971,1,,,,,,,,,GP3,0.91089,0.77971,0.37187,0.41019,normalised
26.367177963256836,,,0.91201,0.77872,1,,,,,,,,,GP3,0.91201,0.77872,0.37187,0.41019,normalised
26.383278608322144,,,0.91314,0.77769,1,,,,,,,,,GP3,0.91314,0.77769,0.37187,0.41019,normalised
26.400794744491577,,,0.91306,0.77794,1,,,,,,,,,GP3,0.91306,0.77794,0.37187,0.41019,normalised
26.41692018508911,,,0.91325,0.77888,1,,,,,,,,,GP3,0.91325,0.77888,0.37187,0.41019,normalised
26.430235385894775,,,0.91328,0.77994,1,,,,,,,,,GP3,0.91328,0.77994,0.37187,0.41019,normalised
26.44712495803833,,,0.91286,0.7804,1,,,,,,,,,GP3,0.91286,0.7804,0.37187,0.41019,normalised
26.465863466262817,,,0.91278,0.78132,1,,,,,,,,,GP3,0.91278,0.78132,0.37187,0.41019,normalised
26.480404376983643,,,0.9127,0.78219,1,,,,,,,,,GP3,0.9127,0.78219,0.37187,0.41019,normalised
26.49791932106018,,,0.91304,0.78325,1,,,,,,,,,GP3,0.91304,0.78325,0.37187,0.41019,normalised
26.511669397354126,,,0.91251,0.7848,1,,,,,,,,,GP3,0.91251,0.7848,0.37187,0.41019,normalised
26.529643058776855,,,0.91189,0.78642,1,,,,,,,,,GP3,0.91189,0.78642,0.37187,0.41019,normalised
26.544394731521606,,,0.91268,0.78657,1,,,,,,,,,GP3,0.91268,0.78657,0.37187,0.41019,normalised
26.561105489730835,,,0.91284,0.78657,1,,,,,,,,,GP3,0.91284,0.78657,0.37187,0.41019,normalised
26.57574987411499,,,0.91253,0.8125,0,,,,,,,,,GP3,0.91253,0.8125,0.37187,0.41019,normalised
26.592790365219116,,,0.91674,0.80014,0,,,,,,,,,GP3,0.91674,0.80014,0.37187,0.41019,normalised
26.61023449897766,,,0.91385,0.80798,0,,,,,,,,,GP3,0.91385,0.80798,0.37187,0.41019,normalised
26.626391410827637,,,0.9124,0.8119,1,,,,,,,,,GP3,0.9124,0.8119,0.37187,0.41019,normalised
26.64094829559326,,,0.91034,0.81348,1,,,,,,,,,GP3,0.91034,0.81348,0.37187,0.41019,normalised
26.657506942749023,,,0.90889,0.81414,1,,,,,,,,,GP3,0.90889,0.81414,0.37187,0.41019,normalised
26.674071550369263,,,0.90865,0.81365,1,,,,,,,,,GP3,0.90865,0.81365,0.37187,0.41019,normalised
26.691676378250122,,,0.91294,0.81207,1,,,,,,,,,GP3,0.91294,0.81207,0.37187,0.41019,normalised
26.706406116485596,,,0.91172,0.81064,1,,,,,,,,,GP3,0.91172,0.81064,0.37187,0.41019,normalised
26.721179008483887,,,0.91104,0.80917,1,,,,,,,,,GP3,0.91104,0.80917,0.37187,0.41019,normalised
26.737632274627686,,,0.90211,0.78782,1,,,,,,,,,GP3,0.90211,0.78782,0.37187,0.41019,normalised
26.75537943840027,,,0.88771,0.75848,1,,,,,,,,,GP3,0.88771,0.75848,0.37187,0.41019,normalised
26.770079851150513,,,0.87574,0.7328,1,,,,,,,,,GP3,0.87574,0.7328,0.37187,0.41019,normalised
26.787453413009644,,,0.86336,0.7001,1,,,,,,,,,GP3,0.86336,0.7001,0.37187,0.41019,normalised
26.805073976516724,,,0.8356,0.63521,0,,,,,,,,,GP3,0.8356,0.63521,0.37187,0.41019,normalised
26.819286584854126,,,0.75773,0.44352,0,,,,,,,,,GP3,0.75773,0.44352,0.37187,0.41019,normalised
26.83605194091797,,,0.73314,0.39188,0,,,,,,,,,GP3,0.73314,0.39188,0.37187,0.41019,normalised
26.851959705352783,,,0.67546,0.29171,0,,,,,,,,,GP3,0.67546,0.29171,0.37187,0.41019,normalised
26.86949110031128,,,0.66794,0.31956,0,,,,,,,,,GP3,0.66794,0.31956,0.37187,0.41019,normalised
26.884188890457153,,,0.67098,0.3289,0,,,,,,,,,GP3,0.67098,0.3289,0.37187,0.41019,normalised
26.90016531944275,,,0.66993,0.33026,1,,,,,,,,,GP3,0.66993,0.33026,0.37187,0.41019,normalised
26.916003465652466,,,0.66929,0.33108,1,,,,,,,,,GP3,0.66929,0.33108,0.37187,0.41019,normalised
26.93152356147766,,,0.66724,0.33232,1,,,,,,,,,GP3,0.66724,0.33232,0.37187,0.41019,normalised
26.94826364517212,,,0.66577,0.33652,1,,,,,,,,,GP3,0.66577,0.33652,0.37187,0.41019,normalised
26.964765548706055,,,0.66441,0.34126,1,,,,,,,,,GP3,0.66441,0.34126,0.37187,0.41019,normalised
26.98125433921814,,,0.66238,0.3431,1,,,,,,,,,GP3,0.66238,0.3431,0.37187,0.41019,normalised
26.99656891822815,,,0.66046,0.34502,1,,,,,,,,,GP3,0.66046,0.34502,0.37187,0.41019,normalised
27.01471471786499,,,0.65889,0.34659,1,,,,,,,,,GP3,0.65889,0.34659,0.37187,0.41019,normalised
27.031355142593384,,,0.65937,0.34991,1,,,,,,,,,GP3,0.65937,0.34991,0.37187,0.41019,normalised
27.047765970230103,,,0.65997,0.35108,1,,,,,,,,,GP3,0.65997,0.35108,0.37187,0.41019,normalised
27.06229019165039,,,0.66077,0.35069,1,,,,,,,,,GP3,0.66077,0.35069,0.37187,0.41019,normalised
27.079801559448242,,,0.66074,0.35024,1,,,,,,,,,GP3,0.66074,0.35024,0.37187,0.41019,normalised
27.09433674812317,,,0.66198,0.34422,1,,,,,,,,,GP3,0.66198,0.34422,0.37187,0.41019,normalised
27.111868858337402,,,0.66311,0.33854,1,,,,,,,,,GP3,0.66311,0.33854,0.37187,0.41019,normalised
27.12591052055359,,,0.66292,0.33746,1,,,,,,,,,GP3,0.66292,0.33746,0.37187,0.41019,normalised
27.142687797546387,,,0.66269,0.33563,1,,,,,,,,,GP3,0.66269,0.33563,0.37187,0.41019,normalised
27.16041874885559,,,0.66228,0.33531,1,,,,,,,,,GP3,0.66228,0.33531,0.37187,0.41019,normalised
27.175486087799072,,,0.66151,0.33653,1,,,,,,,,,GP3,0.66151,0.33653,0.37187,0.41019,normalised
27.19293999671936,,,0.66028,0.33826,1,,,,,,,,,GP3,0.66028,0.33826,0.37187,0.41019,normalised
27.209784269332886,,,0.65908,0.34028,1,,,,,,,,,GP3,0.65908,0.34028,0.37187,0.41019,normalised
27.223806858062744,,,0.65882,0.34153,1,,,,,,,,,GP3,0.65882,0.34153,0.37187,0.41019,normalised
27.24172067642212,,,0.65835,0.34269,1,,,,,,,,,GP3,0.65835,0.34269,0.37187,0.41019,normalised
27.257415771484375,,,0.65785,0.34417,1,,,,,,,,,GP3,0.65785,0.34417,0.37187,0.41019,normalised
27.272077560424805,,,0.6574,0.34628,1,,,,,,,,,GP3,0.6574,0.34628,0.37187,0.41019,normalised
27.288538694381714,,,0.65718,0.34869,1,,,,,,,,,GP3,0.65718,0.34869,0.37187,0.41019,normalised
27.304303407669067,,,0.65717,0.35006,1,,,,,,,,,GP3,0.65717,0.35006,0.37187,0.41019,normalised
27.32285165786743,,,0.65759,0.34985,1,,,,,,,,,GP3,0.65759,0.34985,0.37187,0.41019,normalised
27.338164806365967,,,0.65856,0.34826,1,,,,,,,,,GP3,0.65856,0.34826,0.37187,0.41019,normalised
27.35336208343506,,,0.65977,0.34514,1,,,,,,,,,GP3,0.65977,0.34514,0.37187,0.41019,normalised
27.37037968635559,,,0.66123,0.3411,1,,,,,,,,,GP3,0.66123,0.3411,0.37187,0.41019,normalised
27.384666204452515,,,0.66216,0.33677,1,,,,,,,,,GP3,0.66216,0.33677,0.37187,0.41019,normalised
27.402239322662354,,,0.66303,0.33256,1,,,,,,,,,GP3,0.66303,0.33256,0.37187,0.41019,normalised
27.419862985610962,,,0.67317,0.30581,0,,,,,,,,,GP3,0.67317,0.30581,0.37187,0.41019,normalised
27.433732271194458,,,0.6787,0.27363,0,,,,,,,,,GP3,0.6787,0.27363,0.37187,0.41019,normalised
27.4490909576416,,,0.6791,0.27033,0,,,,,,,,,GP3,0.6791,0.27033,0.37187,0.41019,normalised
27.467260360717773,,,0.67776,0.27442,1,,,,,,,,,GP3,0.67776,0.27442,0.37187,0.41019,normalised
27.48209500312805,,,0.67414,0.28126,1,,,,,,,,,GP3,0.67414,0.28126,0.37187,0.41019,normalised
27.500778675079346,,,0.67166,0.28682,1,,,,,,,,,GP3,0.67166,0.28682,0.37187,0.41019,normalised
27.516662120819092,,,0.67105,0.29136,1,,,,,,,,,GP3,0.67105,0.29136,0.37187,0.41019,normalised
27.530302047729492,,,0.67379,0.28799,1,,,,,,,,,GP3,0.67379,0.28799,0.37187,0.41019,normalised
27.54716730117798,,,0.67617,0.28445,1,,,,,,,,,GP3,0.67617,0.28445,0.37187,0.41019,normalised
27.562925100326538,,,0.67198,0.28189,1,,,,,,,,,GP3,0.67198,0.28189,0.37187,0.41019,normalised
27.579711198806763,,,0.66275,0.29032,1,,,,,,,,,GP3,0.66275,0.29032,0.37187,0.41019,normalised
27.59683084487915,,,0.65491,0.29855,1,,,,,,,,,GP3,0.65491,0.29855,0.37187,0.41019,normalised
27.612974405288696,,,0.65119,0.30346,1,,,,,,,,,GP3,0.65119,0.30346,0.37187,0.41019,normalised
27.627660989761353,,,0.64785,0.31233,1,,,,,,,,,GP3,0.64785,0.31233,0.37187,0.41019,normalised
27.643532752990723,,,0.64474,0.32134,1,,,,,,,,,GP3,0.64474,0.32134,0.37187,0.41019,normalised
27.66074299812317,,,0.63748,0.32862,1,,,,,,,,,GP3,0.63748,0.32862,0.37187,0.41019,normalised
27.678889989852905,,,0.60456,0.35144,0,,,,,,,,,GP3,0.60456,0.35144,0.37187,0.41019,normalised
27.692551374435425,,,0.51522,0.35954,0,,,,,,,,,GP3,0.51522,0.35954,0.37187,0.41019,normalised
27.709315299987793,,,0.48086,0.36703,0,,,,,,,,,GP3,0.48086,0.36703,0.37187,0.41019,normalised
27.725901126861572,,,0.41862,0.36796,0,,,,,,,,,GP3,0.41862,0.36796,0.37187,0.41019,normalised
27.741666793823242,,,0.4179,0.3516,0,,,,,,,,,GP3,0.4179,0.3516,0.37187,0.41019,normalised
27.759330987930298,,,0.41733,0.33408,0,,,,,,,,,GP3,0.41733,0.33408,0.37187,0.41019,normalised
27.774091243743896,,,0.41486,0.32985,1,,,,,,,,,GP3,0.41486,0.32985,0.37187,0.41019,normalised
27.791918992996216,,,0.41311,0.32619,1,,,,,,,,,GP3,0.41311,0.32619,0.37187,0.41019,normalised
27.80534791946411,,,0.40864,0.32097,1,,,,,,,,,GP3,0.40864,0.32097,0.37187,0.41019,normalised
27.82420539855957,,,0.40542,0.31922,1,,,,,,,,,GP3,0.40542,0.31922,0.37187,0.41019,normalised
27.838780403137207,,,0.40337,0.32105,1,,,,,,,,,GP3,0.40337,0.32105,0.37187,0.41019,normalised
27.854318380355835,,,0.3957,0.31217,1,,,,,,,,,GP3,0.3957,0.31217,0.37187,0.41019,normalised
27.87136697769165,,,0.38779,0.30797,1,,,,,,,,,GP3,0.38779,0.30797,0.37187,0.41019,normalised
27.88754630088806,,,0.38146,0.30493,1,,,,,,,,,GP3,0.38146,0.30493,0.37187,0.41019,normalised
27.902286529541016,,,0.37606,0.30356,1,,,,,,,,,GP3,0.37606,0.30356,0.37187,0.41019,normalised
27.921074390411377,,,0.3714,0.29981,1,,,,,,,,,GP3,0.3714,0.29981,0.37187,0.41019,normalised
27.936050176620483,,,0.36719,0.29503,1,,,,,,,,,GP3,0.36719,0.29503,0.37187,0.41019,normalised
27.951871395111084,,,0.36264,0.28877,1,,,,,,,,,GP3,0.36264,0.28877,0.37187,0.41019,normalised
27.96953320503235,,,0.35938,0.28259,1,,,,,,,,,GP3,0.35938,0.28259,0.37187,0.41019,normalised
27.98426914215088,,,0.33263,0.25563,0,,,,,,,,,GP3,0.33263,0.25563,0.37187,0.41019,normalised
27.999953031539917,,,0.31873,0.22926,0,,,,,,,,,GP3,0.31873,0.22926,0.37187,0.41019,normalised
28.018563985824585,,,0.31712,0.23253,0,,,,,,,,,GP3,0.31712,0.23253,0.37187,0.41019,normalised
28.03429102897644,,,0.31701,0.2382,1,,,,,,,,,GP3,0.31701,0.2382,0.37187,0.41019,normalised
28.050697088241577,,,0.3128,0.24051,1,,,,,,,,,GP3,0.3128,0.24051,0.37187,0.41019,normalised
28.06448268890381,,,0.313,0.23949,1,,,,,,,,,GP3,0.313,0.23949,0.37187,0.41019,normalised
28.08031725883484,,,0.31342,0.24033,1,,,,,,,,,GP3,0.31342,0.24033,0.37187,0.41019,normalised
28.09847927093506,,,0.31338,0.24522,1,,,,,,,,,GP3,0.31338,0.24522,0.37187,0.41019,normalised
28.113150358200073,,,0.31397,0.24973,1,,,,,,,,,GP3,0.31397,0.24973,0.37187,0.41019,normalised
28.13005781173706,,,0.31444,0.25334,1,,,,,,,,,GP3,0.31444,0.25334,0.37187,0.41019,normalised
28.14762592315674,,,0.31395,0.25387,1,,,,,,,,,GP3,0.31395,0.25387,0.37187,0.41019,normalised
28.162649393081665,,,0.31357,0.25351,1,,,,,,,,,GP3,0.31357,0.25351,0.37187,0.41019,normalised
28.177490711212158,,,0.31291,0.25134,1,,,,,,,,,GP3,0.31291,0.25134,0.37187,0.41019,normalised
28.19464683532715,,,0.31115,0.24995,1,,,,,,,,,GP3,0.31115,0.24995,0.37187,0.41019,normalised
28.21046805381775,,,0.30939,0.25145,1,,,,,,,,,GP3,0.30939,0.25145,0.37187,0.41019,normalised
28.227399587631226,,,0.30802,0.25356,1,,,,,,,,,GP3,0.30802,0.25356,0.37187,0.41019,normalised
28.24503183364868,,,0.30812,0.25396,1,,,,,,,,,GP3,0.30812,0.25396,0.37187,0.41019,normalised
28.258784770965576,,,0.30853,0.25584,1,,,,,,,,,GP3,0.30853,0.25584,0.37187,0.41019,normalised
28.275738954544067,,,0.3089,0.25752,1,,,,,,,,,GP3,0.3089,0.25752,0.37187,0.41019,normalised
28.293578624725342,,,0.3101,0.25754,1,,,,,,,,,GP3,0.3101,0.25754,0.37187,0.41019,normalised
28.30837059020996,,,0.31052,0.25513,1,,,,,,,,,GP3,0.31052,0.25513,0.37187,0.41019,normalised
28.323698043823242,,,0.3109,0.25294,1,,,,,,,,,GP3,0.3109,0.25294,0.37187,0.41019,normalised
28.339566946029663,,,0.31243,0.25127,1,,,,,,,,,GP3,0.31243,0.25127,0.37187,0.41019,normalised
28.357510328292847,,,0.31338,0.25209,1,,,,,,,,,GP3,0.31338,0.25209,0.37187,0.41019,normalised
28.37441349029541,,,0.31424,0.25259,1,,,,,,,,,GP3,0.31424,0.25259,0.37187,0.41019,normalised
28.38841462135315,,,0.313,0.25189,1,,,,,,,,,GP3,0.313,0.25189,0.37187,0.41019,normalised
28.406126499176025,,,0.313,0.25189,1,,,,,,,,,GP3,0.313,0.25189,0.37187,0.41019,normalised
28.423337697982788,,,0.313,0.25189,1,,,,,,,,,GP3,0.313,0.25189,0.37187,0.41019,normalised
28.43904709815979,,,0.313,0.25189,1,,,,,,,,,GP3,0.313,0.25189,0.37187,0.41019,normalised
28.456566095352173,,,0.31516,0.25415,0,,,,,,,,,GP3,0.31516,0.25415,0.37187,0.41019,normalised
28.4739089012146,,,0.31516,0.25415,0,,,,,,,,,GP3,0.31516,0.25415,0.37187,0.41019,normalised
28.48963737487793,,,0.31516,0.25415,0,,,,,,,,,GP3,0.31516,0.25415,0.37187,0.41019,normalised
28.505369901657104,,,0.0,0.0,0,,,,,,,,,GP3,0.0,0.0,0.37187,0.41019,normalised
28.521222352981567,,,0.0,0.0,0,,,,,,,,,GP3,0.0,0.0,0.37187,0.41019,normalised
28.536036729812622,,,0.0,0.0,0,,,,,,,,,GP3,0.0,0.0,0.37187,0.41019,normalised
28.554502248764038,,,0.28485,0.12514,0,,,,,,,,,GP3,0.28485,0.12514,0.37187,0.41019,normalised
28.566256761550903,,,0.28611,0.13205,0,,,,,,,,,GP3,0.28611,0.13205,0.37187,0.41019,normalised
28.582669734954834,,,0.29489,0.14778,0,,,,,,,,,GP3,0.29489,0.14778,0.37187,0.41019,normalised
28.600597858428955,,,0.31289,0.22529,0,,,,,,,,,GP3,0.31289,0.22529,0.37187,0.41019,normalised
28.61510419845581,,,0.31289,0.22529,0,,,,,,,,,GP3,0.31289,0.22529,0.37187,0.41019,normalised
28.63338804244995,,,0.31289,0.22529,0,,,,,,,,,GP3,0.31289,0.22529,0.37187,0.41019,normalised
28.650578498840332,,,0.0,0.0,0,,,,,,,,,GP3,0.0,0.0,0.37187,0.41019,normalised
28.66444730758667,,,0.0,0.0,0,,,,,,,,,GP3,0.0,0.0,0.37187,0.41019,normalised
28.680994987487793,,,0.0,0.0,0,,,,,,,,,GP3,0.0,0.0,0.37187,0.41019,normalised
28.69871711730957,,,0.0,0.0,0,,,,,,,,,GP3,0.0,0.0,0.37187,0.41019,normalised
28.715579986572266,,,0.0,0.0,0,,,,,,,,,GP3,0.0,0.0,0.37187,0.41019,normalised
28.730799913406372,,,0.0,0.0,0,,,,,,,,,GP3,0.0,0.0,0.37187,0.41019,normalised
28.746811389923096,,,0.0,0.0,0,,,,,,,,,GP3,0.0,0.0,0.37187,0.41019,normalised
28.76251530647278,,,0.0,0.0,0,,,,,,,,,GP3,0.0,0.0,0.37187,0.41019,normalised
28.77862524986267,,,0.0,0.0,0,,,,,,,,,GP3,0.0,0.0,0.37187,0.41019,normalised
28.795549392700195,,,0.0,0.0,0,,,,,,,,,GP3,0.0,0.0,0.37187,0.41019,normalised
28.81304407119751,,,0.0,0.0,0,,,,,,,,,GP3,0.0,0.0,0.37187,0.41019,normalised
28.827579736709595,,,0.0,0.0,0,,,,,,,,,GP3,0.0,0.0,0.37187,0.41019,normalised
28.844298124313354,,,0.30539,0.21951,0,,,,,,,,,GP3,0.30539,0.21951,0.37187,0.41019,normalised
28.85899567604065,,,0.30663,0.22838,0,,,,,,,,,GP3,0.30663,0.22838,0.37187,0.41019,normalised
28.87473750114441,,,0.30844,0.24351,0,,,,,,,,,GP3,0.30844,0.24351,0.37187,0.41019,normalised
28.890949010849,,,0.31105,0.25212,1,,,,,,,,,GP3,0.31105,0.25212,0.37187,0.41019,normalised
28.90678381919861,,,0.31252,0.25589,1,,,,,,,,,GP3,0.31252,0.25589,0.37187,0.41019,normalised
28.922354221343994,,,0.31393,0.25833,1,,,,,,,,,GP3,0.31393,0.25833,0.37187,0.41019,normalised
28.93739628791809,,,0.31405,0.25309,1,,,,,,,,,GP3,0.31405,0.25309,0.37187,0.41019,normalised
28.954495429992676,,,0.31368,0.24702,1,,,,,,,,,GP3,0.31368,0.24702,0.37187,0.41019,normalised
28.97249674797058,,,0.31568,0.24807,1,,,,,,,,,GP3,0.31568,0.24807,0.37187,0.41019,normalised
28.988794326782227,,,0.31757,0.25167,1,,,,,,,,,GP3,0.31757,0.25167,0.37187,0.41019,normalised
29.003438711166382,,,0.3193,0.25577,1,,,,,,,,,GP3,0.3193,0.25577,0.37187,0.41019,normalised
29.019564390182495,,,0.31978,0.25948,1,,,,,,,,,GP3,0.31978,0.25948,0.37187,0.41019,normalised
29.034704208374023,,,0.32087,0.26138,1,,,,,,,,,GP3,0.32087,0.26138,0.37187,0.41019,normalised
29.05056929588318,,,0.32165,0.2621,1,,,,,,,,,GP3,0.32165,0.2621,0.37187,0.41019,normalised
29.06790828704834,,,0.32196,0.26033,1,,,,,,,,,GP3,0.32196,0.26033,0.37187,0.41019,normalised
29.083746194839478,,,0.32159,0.25856,1,,,,,,,,,GP3,0.32159,0.25856,0.37187,0.41019,normalised
29.101261138916016,,,0.32139,0.25778,1,,,,,,,,,GP3,0.32139,0.25778,0.37187,0.41019,normalised
29.11713671684265,,,0.32204,0.25659,1,,,,,,,,,GP3,0.32204,0.25659,0.37187,0.41019,normalised
29.132848739624023,,,0.32134,0.25772,1,,,,,,,,,GP3,0.32134,0.25772,0.37187,0.41019,normalised
29.14895796775818,,,0.32084,0.25941,1,,,,,,,,,GP3,0.32084,0.25941,0.37187,0.41019,normalised
29.16559338569641,,,0.32091,0.2599,1,,,,,,,,,GP3,0.32091,0.2599,0.37187,0.41019,normalised
29.180065393447876,,,0.32033,0.26072,1,,,,,,,,,GP3,0.32033,0.26072,0.37187,0.41019,normalised
29.196645736694336,,,0.31978,0.26117,1,,,,,,,,,GP3,0.31978,0.26117,0.37187,0.41019,normalised
29.213115692138672,,,0.31954,0.26043,1,,,,,,,,,GP3,0.31954,0.26043,0.37187,0.41019,normalised
29.22926092147827,,,0.31925,0.26068,1,,,,,,,,,GP3,0.31925,0.26068,0.37187,0.41019,normalised
29.247014045715332,,,0.3188,0.25992,1,,,,,,,,,GP3,0.3188,0.25992,0.37187,0.41019,normalised
29.260769605636597,,,0.31835,0.25783,1,,,,,,,,,GP3,0.31835,0.25783,0.37187,0.41019,normalised
29.277710914611816,,,0.31792,0.25496,1,,,,,,,,,GP3,0.31792,0.25496,0.37187,0.41019,normalised
29.293664932250977,,,0.31743,0.25182,1,,,,,,,,,GP3,0.31743,0.25182,0.37187,0.41019,normalised
29.312292098999023,,,0.31735,0.24958,1,,,,,,,,,GP3,0.31735,0.24958,0.37187,0.41019,normalised
29.325453281402588,,,0.31689,0.24722,1,,,,,,,,,GP3,0.31689,0.24722,0.37187,0.41019,normalised
29.34273409843445,,,0.31654,0.24564,1,,,,,,,,,GP3,0.31654,0.24564,0.37187,0.41019,normalised
29.359347581863403,,,0.30742,0.21758,0,,,,,,,,,GP3,0.30742,0.21758,0.37187,0.41019,normalised
29.376145124435425,,,0.31816,0.23581,0,,,,,,,,,GP3,0.31816,0.23581,0.37187,0.41019,normalised
29.39128541946411,,,0.32236,0.24398,0,,,,,,,,,GP3,0.32236,0.24398,0.37187,0.41019,normalised
29.408889770507812,,,0.324,0.24481,1,,,,,,,,,GP3,0.324,0.24481,0.37187,0.41019,normalised
29.42382264137268,,,0.31779,0.23148,1,,,,,,,,,GP3,0.31779,0.23148,0.37187,0.41019,normalised
29.43961524963379,,,0.31324,0.22036,1,,,,,,,,,GP3,0.31324,0.22036,0.37187,0.41019,normalised
29.457756519317627,,,0.31423,0.21388,1,,,,,,,,,GP3,0.31423,0.21388,0.37187,0.41019,normalised
29.471686601638794,,,0.31382,0.21054,1,,,,,,,,,GP3,0.31382,0.21054,0.37187,0.41019,normalised
29.490050315856934,,,0.31379,0.21021,1,,,,,,,,,GP3,0.31379,0.21021,0.37187,0.41019,normalised
29.504611492156982,,,0.31423,0.21026,1,,,,,,,,,GP3,0.31423,0.21026,0.37187,0.41019,normalised
29.522225379943848,,,0.3176,0.21343,1,,,,,,,,,GP3,0.3176,0.21343,0.37187,0.41019,normalised
29.537832975387573,,,0.32055,0.2166,1,,,,,,,,,GP3,0.32055,0.2166,0.37187,0.41019,normalised
29.554019451141357,,,0.32065,0.2222,1,,,,,,,,,GP3,0.32065,0.2222,0.37187,0.41019,normalised
29.567784786224365,,,0.32028,0.22472,1,,,,,,,,,GP3,0.32028,0.22472,0.37187,0.41019,normalised
29.587010383605957,,,0.31968,0.2256,1,,,,,,,,,GP3,0.31968,0.2256,0.37187,0.41019,normalised
29.601218223571777,,,0.32031,0.22659,1,,,,,,,,,GP3,0.32031,0.22659,0.37187,0.41019,normalised
29.616687059402466,,,0.32041,0.22735,1,,,,,,,,,GP3,0.32041,0.22735,0.37187,0.41019,normalised
29.633404970169067,,,0.3205,0.22802,1,,,,,,,,,GP3,0.3205,0.22802,0.37187,0.41019,normalised
29.6507785320282,,,0.32033,0.22702,1,,,,,,,,,GP3,0.32033,0.22702,0.37187,0.41019,normalised
29.66584873199463,,,0.32067,0.22685,1,,,,,,,,,GP3,0.32067,0.22685,0.37187,0.41019,normalised
29.6827495098114,,,0.32107,0.22733,1,,,,,,,,,GP3,0.32107,0.22733,0.37187,0.41019,normalised
29.70002031326294,,,0.32129,0.22761,1,,,,,,,,,GP3,0.32129,0.22761,0.37187,0.41019,normalised
29.714745044708252,,,0.32142,0.2291,1,,,,,,,,,GP3,0.32142,0.2291,0.37187,0.41019,normalised
29.73216938972473,,,0.32163,0.23103,1,,,,,,,,,GP3,0.32163,0.23103,0.37187,0.41019,normalised
29.747055292129517,,,0.32155,0.23217,1,,,,,,,,,GP3,0.32155,0.23217,0.37187,0.41019,normalised
29.765326976776123,,,0.32197,0.23326,1,,,,,,,,,GP3,0.32197,0.23326,0.37187,0.41019,normalised
29.782099723815918,,,0.32236,0.23401,1,,,,,,,,,GP3,0.32236,0.23401,0.37187,0.41019,normalised
29.79483127593994,,,0.3226,0.23492,1,,,,,,,,,GP3,0.3226,0.23492,0.37187,0.41019,normalised
29.811361074447632,,,0.32255,0.2348,1,,,,,,,,,GP3,0.32255,0.2348,0.37187,0.41019,normalised
29.828768491744995,,,0.32244,0.23446,1,,,,,,,,,GP3,0.32244,0.23446,0.37187,0.41019,normalised
29.844115018844604,,,0.32239,0.23523,1,,,,,,,,,GP3,0.32239,0.23523,0.37187,0.41019,normalised
29.859567165374756,,,0.32344,0.23576,1,,,,,,,,,GP3,0.32344,0.23576,0.37187,0.41019,normalised
29.876100778579712,,,0.32447,0.23646,1,,,,,,,,,GP3,0.32447,0.23646,0.37187,0.41019,normalised
29.894022464752197,,,0.32557,0.23731,1,,,,,,,,,GP3,0.32557,0.23731,0.37187,0.41019,normalised
29.909711122512817,,,0.32631,0.23785,1,,,,,,,,,GP3,0.32631,0.23785,0.37187,0.41019,normalised
29.925967693328857,,,0.32691,0.23782,1,,,,,,,,,GP3,0.32691,0.23782,0.37187,0.41019,normalised
29.940473794937134,,,0.32726,0.23751,1,,,,,,,,,GP3,0.32726,0.23751,0.37187,0.41019,normalised
29.95751667022705,,,0.32782,0.23741,1,,,,,,,,,GP3,0.32782,0.23741,0.37187,0.41019,normalised
29.9736909866333,,,0.3284,0.23764,1,,,,,,,,,GP3,0.3284,0.23764,0.37187,0.41019,normalised
29.991116046905518,,,0.32892,0.23843,1,,,,,,,,,GP3,0.32892,0.23843,0.37187,0.41019,normalised
30.007815837860107,,,0.32956,0.23925,1,,,,,,,,,GP3,0.32956,0.23925,0.37187,0.41019,normalised
30.021560192108154,,,0.33017,0.24003,1,,,,,,,,,GP3,0.33017,0.24003,0.37187,0.41019,normalised
30.0373477935791,,,0.35186,0.25388,0,,,,,,,,,GP3,0.35186,0.25388,0.37187,0.41019,normalised
30.055428981781006,,,0.34464,0.24438,0,,,,,,,,,GP3,0.34464,0.24438,0.37187,0.41019,normalised
30.07145595550537,,,0.34223,0.24122,0,,,,,,,,,GP3,0.34223,0.24122,0.37187,0.41019,normalised
30.086905479431152,,,0.34708,0.24692,1,,,,,,,,,GP3,0.34708,0.24692,0.37187,0.41019,normalised
30.104849815368652,,,0.35164,0.25166,1,,,,,,,,,GP3,0.35164,0.25166,0.37187,0.41019,normalised
30.11963987350464,,,0.35491,0.25593,1,,,,,,,,,GP3,0.35491,0.25593,0.37187,0.41019,normalised
30.13446831703186,,,0.35212,0.2579,1,,,,,,,,,GP3,0.35212,0.2579,0.37187,0.41019,normalised
30.15027618408203,,,0.35078,0.25983,1,,,,,,,,,GP3,0.35078,0.25983,0.37187,0.41019,normalised
30.168622493743896,,,0.34929,0.25845,1,,,,,,,,,GP3,0.34929,0.25845,0.37187,0.41019,normalised
30.184443950653076,,,0.34802,0.25213,1,,,,,,,,,GP3,0.34802,0.25213,0.37187,0.41019,normalised
30.200146675109863,,,0.34762,0.24857,1,,,,,,,,,GP3,0.34762,0.24857,0.37187,0.41019,normalised
30.21643352508545,,,0.34731,0.24617,1,,,,,,,,,GP3,0.34731,0.24617,0.37187,0.41019,normalised
30.234216690063477,,,0.3554,0.2412,1,,,,,,,,,GP3,0.3554,0.2412,0.37187,0.41019,normalised
30.247742652893066,,,0.36268,0.23848,1,,,,,,,,,GP3,0.36268,0.23848,0.37187,0.41019,normalised
30.264158964157104,,,0.36909,0.23751,1,,,,,,,,,GP3,0.36909,0.23751,0.37187,0.41019,normalised
30.28128147125244,,,0.37495,0.23635,1,,,,,,,,,GP3,0.37495,0.23635,0.37187,0.41019,normalised
30.29591679573059,,,0.37904,0.23327,1,,,,,,,,,GP3,0.37904,0.23327,0.37187,0.41019,normalised
30.312636137008667,,,0.3826,0.23013,1,,,,,,,,,GP3,0.3826,0.23013,0.37187,0.41019,normalised
30.33001732826233,,,0.41607,0.2116,0,,,,,,,,,GP3,0.41607,0.2116,0.37187,0.41019,normalised
30.347015142440796,,,0.49711,0.21278,0,,,,,,,,,GP3,0.49711,0.21278,0.37187,0.41019,normalised
30.360846042633057,,,0.52377,0.21796,0,,,,,,,,,GP3,0.52377,0.21796,0.37187,0.41019,normalised
30.379827976226807,,,0.57794,0.23419,0,,,,,,,,,GP3,0.57794,0.23419,0.37187,0.41019,normalised
30.39450979232788,,,0.58118,0.22663,0,,,,,,,,,GP3,0.58118,0.22663,0.37187,0.41019,normalised
30.41027307510376,,,0.5827,0.22155,0,,,,,,,,,GP3,0.5827,0.22155,0.37187,0.41019,normalised
30.425795555114746,,,0.58275,0.21786,1,,,,,,,,,GP3,0.58275,0.21786,0.37187,0.41019,normalised
30.443061590194702,,,0.59002,0.21094,1,,,,,,,,,GP3,0.59002,0.21094,0.37187,0.41019,normalised
30.458845376968384,,,0.59485,0.20514,1,,,,,,,,,GP3,0.59485,0.20514,0.37187,0.41019,normalised
30.47528338432312,,,0.59921,0.20683,1,,,,,,,,,GP3,0.59921,0.20683,0.37187,0.41019,normalised
30.490896224975586,,,0.5931,0.21107,1,,,,,,,,,GP3,0.5931,0.21107,0.37187,0.41019,normalised
30.50774359703064,,,0.58836,0.21514,1,,,,,,,,,GP3,0.58836,0.21514,0.37187,0.41019,normalised
30.523131370544434,,,0.59011,0.21572,1,,,,,,,,,GP3,0.59011,0.21572,0.37187,0.41019,normalised
30.538989067077637,,,0.59341,0.21519,1,,,,,,,,,GP3,0.59341,0.21519,0.37187,0.41019,normalised
30.55598783493042,,,0.5963,0.21355,1,,,,,,,,,GP3,0.5963,0.21355,0.37187,0.41019,normalised
30.572593450546265,,,0.60016,0.20985,1,,,,,,,,,GP3,0.60016,0.20985,0.37187,0.41019,normalised
30.591455459594727,,,0.60555,0.20985,1,,,,,,,,,GP3,0.60555,0.20985,0.37187,0.41019,normalised
30.606069087982178,,,0.61053,0.20827,1,,,,,,,,,GP3,0.61053,0.20827,0.37187,0.41019,normalised
30.6207377910614,,,0.61614,0.20209,1,,,,,,,,,GP3,0.61614,0.20209,0.37187,0.41019,normalised
30.63604187965393,,,0.62044,0.19622,1,,,,,,,,,GP3,0.62044,0.19622,0.37187,0.41019,normalised
30.65234637260437,,,0.62442,0.18971,1,,,,,,,,,GP3,0.62442,0.18971,0.37187,0.41019,normalised
30.66932249069214,,,0.62823,0.18421,1,,,,,,,,,GP3,0.62823,0.18421,0.37187,0.41019,normalised
30.684489488601685,,,0.65536,0.15933,0,,,,,,,,,GP3,0.65536,0.15933,0.37187,0.41019,normalised
30.70154047012329,,,0.66176,0.1463,0,,,,,,,,,GP3,0.66176,0.1463,0.37187,0.41019,normalised
30.718103170394897,,,0.65948,0.15645,0,,,,,,,,,GP3,0.65948,0.15645,0.37187,0.41019,normalised
30.733994960784912,,,0.65825,0.15863,1,,,,,,,,,GP3,0.65825,0.15863,0.37187,0.41019,normalised
30.748740911483765,,,0.65678,0.16437,1,,,,,,,,,GP3,0.65678,0.16437,0.37187,0.41019,normalised
30.767602920532227,,,0.65719,0.17803,1,,,,,,,,,GP3,0.65719,0.17803,0.37187,0.41019,normalised
30.785531044006348,,,0.65354,0.18869,1,,,,,,,,,GP3,0.65354,0.18869,0.37187,0.41019,normalised
30.79871678352356,,,0.65162,0.19903,1,,,,,,,,,GP3,0.65162,0.19903,0.37187,0.41019,normalised
30.815627336502075,,,0.65162,0.19903,1,,,,,,,,,GP3,0.65162,0.19903,0.37187,0.41019,normalised
30.83212399482727,,,0.65162,0.19903,1,,,,,,,,,GP3,0.65162,0.19903,0.37187,0.41019,normalised
30.849112510681152,,,0.65162,0.19903,1,,,,,,,,,GP3,0.65162,0.19903,0.37187,0.41019,normalised
30.86520218849182,,,0.65109,0.2047,0,,,,,,,,,GP3,0.65109,0.2047,0.37187,0.41019,normalised
30.881595373153687,,,0.65109,0.2047,0,,,,,,,,,GP3,0.65109,0.2047,0.37187,0.41019,normalised
30.897372484207153,,,0.65109,0.2047,0,,,,,,,,,GP3,0.65109,0.2047,0.37187,0.41019,normalised
30.913167715072632,,,0.0,0.0,0,,,,,,,,,GP3,0.0,0.0,0.37187,0.41019,normalised
30.92959427833557,,,0.0,0.0,0,,,,,,,,,GP3,0.0,0.0,0.37187,0.41019,normalised
30.947615385055542,,,0.0,0.0,0,,,,,,,,,GP3,0.0,0.0,0.37187,0.41019,normalised
30.962280750274658,,,0.0,0.0,0,,,,,,,,,GP3,0.0,0.0,0.37187,0.41019,normalised
30.97842240333557,,,0.0,0.0,0,,,,,,,,,GP3,0.0,0.0,0.37187,0.41019,normalised
30.996081590652466,,,0.0,0.0,0,,,,,,,,,GP3,0.0,0.0,0.37187,0.41019,normalised
31.01280689239502,,,0.0,0.0,0,,,,,,,,,GP3,0.0,0.0,0.37187,0.41019,normalised
31.028956174850464,,,0.0,0.0,0,,,,,,,,,GP3,0.0,0.0,0.37187,0.41019,normalised
31.044752597808838,,,0.0,0.0,0,,,,,,,,,GP3,0.0,0.0,0.37187,0.41019,normalised
31.062634706497192,,,0.0,0.0,0,,,,,,,,,GP3,0.0,0.0,0.37187,0.41019,normalised
31.076729774475098,,,0.0,0.0,0,,,,,,,,,GP3,0.0,0.0,0.37187,0.41019,normalised
31.096693515777588,,,0.31755,0.11238,0,,,,,,,,,GP3,0.31755,0.11238,0.37187,0.41019,normalised
31.10704469680786,,,0.65377,0.22029,0,,,,,,,,,GP3,0.65377,0.22029,0.37187,0.41019,normalised
31.121901035308838,,,0.66628,0.20979,0,,,,,,,,,GP3,0.66628,0.20979,0.37187,0.41019,normalised
31.137712717056274,,,0.66967,0.21121,0,,,,,,,,,GP3,0.66967,0.21121,0.37187,0.41019,normalised
31.15497612953186,,,0.66114,0.20998,1,,,,,,,,,GP3,0.66114,0.20998,0.37187,0.41019,normalised
31.17007327079773,,,0.65412,0.2117,1,,,,,,,,,GP3,0.65412,0.2117,0.37187,0.41019,normalised
31.185595989227295,,,0.64945,0.21284,1,,,,,,,,,GP3,0.64945,0.21284,0.37187,0.41019,normalised
31.202505588531494,,,0.64863,0.22149,1,,,,,,,,,GP3,0.64863,0.22149,0.37187,0.41019,normalised
31.218944787979126,,,0.64793,0.2262,1,,,,,,,,,GP3,0.64793,0.2262,0.37187,0.41019,normalised
31.234798669815063,,,0.64739,0.22986,1,,,,,,,,,GP3,0.64739,0.22986,0.37187,0.41019,normalised
31.251569986343384,,,0.64785,0.23127,1,,,,,,,,,GP3,0.64785,0.23127,0.37187,0.41019,normalised
31.267784595489502,,,0.64881,0.23066,1,,,,,,,,,GP3,0.64881,0.23066,0.37187,0.41019,normalised
31.2823646068573,,,0.64934,0.23166,1,,,,,,,,,GP3,0.64934,0.23166,0.37187,0.41019,normalised
31.299948692321777,,,0.64855,0.23549,1,,,,,,,,,GP3,0.64855,0.23549,0.37187,0.41019,normalised
31.317457914352417,,,0.64854,0.23874,1,,,,,,,,,GP3,0.64854,0.23874,0.37187,0.41019,normalised
31.331653118133545,,,0.64866,0.24142,1,,,,,,,,,GP3,0.64866,0.24142,0.37187,0.41019,normalised
31.34861183166504,,,0.64795,0.24519,1,,,,,,,,,GP3,0.64795,0.24519,0.37187,0.41019,normalised
31.36442494392395,,,0.64781,0.24618,1,,,,,,,,,GP3,0.64781,0.24618,0.37187,0.41019,normalised
31.38050150871277,,,0.64822,0.2432,1,,,,,,,,,GP3,0.64822,0.2432,0.37187,0.41019,normalised
31.398290872573853,,,0.64964,0.23551,1,,,,,,,,,GP3,0.64964,0.23551,0.37187,0.41019,normalised
31.41489553451538,,,0.65107,0.22696,1,,,,,,,,,GP3,0.65107,0.22696,0.37187,0.41019,normalised
31.430077075958252,,,0.65228,0.21961,1,,,,,,,,,GP3,0.65228,0.21961,0.37187,0.41019,normalised
31.44721508026123,,,0.6519,0.21621,1,,,,,,,,,GP3,0.6519,0.21621,0.37187,0.41019,normalised
31.46296715736389,,,0.65241,0.21615,1,,,,,,,,,GP3,0.65241,0.21615,0.37187,0.41019,normalised
31.47979187965393,,,0.65259,0.21803,1,,,,,,,,,GP3,0.65259,0.21803,0.37187,0.41019,normalised
31.495563983917236,,,0.65329,0.21876,1,,,,,,,,,GP3,0.65329,0.21876,0.37187,0.41019,normalised
31.513274669647217,,,0.65381,0.21927,1,,,,,,,,,GP3,0.65381,0.21927,0.37187,0.41019,normalised
31.527450799942017,,,0.66133,0.19266,0,,,,,,,,,GP3,0.66133,0.19266,0.37187,0.41019,normalised
31.544692993164062,,,0.65575,0.21592,0,,,,,,,,,GP3,0.65575,0.21592,0.37187,0.41019,normalised
31.561368465423584,,,0.64971,0.22524,0,,,,,,,,,GP3,0.64971,0.22524,0.37187,0.41019,normalised
31.57611083984375,,,0.64668,0.2299,1,,,,,,,,,GP3,0.64668,0.2299,0.37187,0.41019,normalised
31.591015815734863,,,0.65122,0.23267,1,,,,,,,,,GP3,0.65122,0.23267,0.37187,0.41019,normalised
31.608034372329712,,,0.65099,0.23262,1,,,,,,,,,GP3,0.65099,0.23262,0.37187,0.41019,normalised
31.623616218566895,,,0.65084,0.23259,1,,,,,,,,,GP3,0.65084,0.23259,0.37187,0.41019,normalised
31.641130924224854,,,0.65219,0.23531,1,,,,,,,,,GP3,0.65219,0.23531,0.37187,0.41019,normalised
31.656859397888184,,,0.65235,0.23384,1,,,,,,,,,GP3,0.65235,0.23384,0.37187,0.41019,normalised
31.673614978790283,,,0.65249,0.23266,1,,,,,,,,,GP3,0.65249,0.23266,0.37187,0.41019,normalised
31.691065549850464,,,0.65208,0.2319,1,,,,,,,,,GP3,0.65208,0.2319,0.37187,0.41019,normalised
31.705142736434937,,,0.65265,0.2322,1,,,,,,,,,GP3,0.65265,0.2322,0.37187,0.41019,normalised
31.72182011604309,,,0.65343,0.23074,1,,,,,,,,,GP3,0.65343,0.23074,0.37187,0.41019,normalised
31.73887276649475,,,0.65391,0.22887,1,,,,,,,,,GP3,0.65391,0.22887,0.37187,0.41019,normalised
31.754638671875,,,0.65454,0.22586,1,,,,,,,,,GP3,0.65454,0.22586,0.37187,0.41019,normalised
31.769344329833984,,,0.6551,0.22278,1,,,,,,,,,GP3,0.6551,0.22278,0.37187,0.41019,normalised
31.784188270568848,,,0.65627,0.22161,1,,,,,,,,,GP3,0.65627,0.22161,0.37187,0.41019,normalised
31.80208158493042,,,0.6579,0.22185,1,,,,,,,,,GP3,0.6579,0.22185,0.37187,0.41019,normalised
31.818873167037964,,,0.6591,0.22357,1,,,,,,,,,GP3,0.6591,0.22357,0.37187,0.41019,normalised
31.83585810661316,,,0.65882,0.22227,1,,,,,,,,,GP3,0.65882,0.22227,0.37187,0.41019,normalised
31.850672006607056,,,0.65913,0.22221,1,,,,,,,,,GP3,0.65913,0.22221,0.37187,0.41019,normalised
31.86658239364624,,,0.65951,0.22148,1,,,,,,,,,GP3,0.65951,0.22148,0.37187,0.41019,normalised
31.88323187828064,,,0.66013,0.22178,1,,,,,,,,,GP3,0.66013,0.22178,0.37187,0.41019,normalised
31.89717411994934,,,0.66053,0.22069,1,,,,,,,,,GP3,0.66053,0.22069,0.37187,0.41019,normalised
31.914474725723267,,,0.66089,0.21969,1,,,,,,,,,GP3,0.66089,0.21969,0.37187,0.41019,normalised
31.93213653564453,,,0.66107,0.21862,1,,,,,,,,,GP3,0.66107,0.21862,0.37187,0.41019,normalised
31.94660997390747,,,0.66115,0.22014,1,,,,,,,,,GP3,0.66115,0.22014,0.37187,0.41019,normalised
31.963637113571167,,,0.66115,0.22207,1,,,,,,,,,GP3,0.66115,0.22207,0.37187,0.41019,normalised
31.980487823486328,,,0.66097,0.22405,1,,,,,,,,,GP3,0.66097,0.22405,0.37187,0.41019,normalised
31.99822449684143,,,0.66095,0.2247,1,,,,,,,,,GP3,0.66095,0.2247,0.37187,0.41019,normalised
32.01272130012512,,,0.66094,0.2253,1,,,,,,,,,GP3,0.66094,0.2253,0.37187,0.41019,normalised
32.029842376708984,,,0.66114,0.22571,1,,,,,,,,,GP3,0.66114,0.22571,0.37187,0.41019,normalised
32.04419493675232,,,0.66142,0.22547,1,,,,,,,,,GP3,0.66142,0.22547,0.37187,0.41019,normalised
32.061362981796265,,,0.66169,0.22524,1,,,,,,,,,GP3,0.66169,0.22524,0.37187,0.41019,normalised
32.07516431808472,,,0.6617,0.22644,1,,,,,,,,,GP3,0.6617,0.22644,0.37187,0.41019,normalised
32.092292070388794,,,0.66149,0.22646,1,,,,,,,,,GP3,0.66149,0.22646,0.37187,0.41019,normalised
32.10991978645325,,,0.66134,0.22627,1,,,,,,,,,GP3,0.66134,0.22627,0.37187,0.41019,normalised
32.12649178504944,,,0.66145,0.22575,1,,,,,,,,,GP3,0.66145,0.22575,0.37187,0.41019,normalised
32.14324760437012,,,0.66143,0.22525,1,,,,,,,,,GP3,0.66143,0.22525,0.37187,0.41019,normalised
32.16143584251404,,,0.66146,0.22442,1,,,,,,,,,GP3,0.66146,0.22442,0.37187,0.41019,normalised
32.17458724975586,,,0.66185,0.22322,1,,,,,,,,,GP3,0.66185,0.22322,0.37187,0.41019,normalised
32.189380168914795,,,0.66144,0.22333,1,,,,,,,,,GP3,0.66144,0.22333,0.37187,0.41019,normalised
32.205909729003906,,,0.66109,0.22311,1,,,,,,,,,GP3,0.66109,0.22311,0.37187,0.41019,normalised
32.22084903717041,,,0.66119,0.2218,1,,,,,,,,,GP3,0.66119,0.2218,0.37187,0.41019,normalised
32.23975491523743,,,0.66146,0.21998,1,,,,,,,,,GP3,0.66146,0.21998,0.37187,0.41019,normalised
32.25404667854309,,,0.66168,0.2184,1,,,,,,,,,GP3,0.66168,0.2184,0.37187,0.41019,normalised
32.270121335983276,,,0.66312,0.19267,0,,,,,,,,,GP3,0.66312,0.19267,0.37187,0.41019,normalised
32.288089990615845,,,0.66421,0.19865,0,,,,,,,,,GP3,0.66421,0.19865,0.37187,0.41019,normalised
32.304725646972656,,,0.66313,0.21036,0,,,,,,,,,GP3,0.66313,0.21036,0.37187,0.41019,normalised
32.31904983520508,,,0.66267,0.22206,1,,,,,,,,,GP3,0.66267,0.22206,0.37187,0.41019,normalised
32.33571147918701,,,0.66213,0.22528,1,,,,,,,,,GP3,0.66213,0.22528,0.37187,0.41019,normalised
32.3510844707489,,,0.66177,0.22743,1,,,,,,,,,GP3,0.66177,0.22743,0.37187,0.41019,normalised
32.36669945716858,,,0.66028,0.23071,1,,,,,,,,,GP3,0.66028,0.23071,0.37187,0.41019,normalised
32.38375234603882,,,0.6635,0.23027,1,,,,,,,,,GP3,0.6635,0.23027,0.37187,0.41019,normalised
32.39842510223389,,,0.6665,0.22799,1,,,,,,,,,GP3,0.6665,0.22799,0.37187,0.41019,normalised
32.415265798568726,,,0.6654,0.22297,1,,,,,,,,,GP3,0.6654,0.22297,0.37187,0.41019,normalised
32.433876752853394,,,0.66455,0.21794,1,,,,,,,,,GP3,0.66455,0.21794,0.37187,0.41019,normalised
32.449745893478394,,,0.66421,0.21106,1,,,,,,,,,GP3,0.66421,0.21106,0.37187,0.41019,normalised
32.464672327041626,,,0.66641,0.20431,1,,,,,,,,,GP3,0.66641,0.20431,0.37187,0.41019,normalised
32.482330083847046,,,0.66653,0.19869,1,,,,,,,,,GP3,0.66653,0.19869,0.37187,0.41019,normalised
32.49756646156311,,,0.66637,0.19494,1,,,,,,,,,GP3,0.66637,0.19494,0.37187,0.41019,normalised
32.51329207420349,,,0.66638,0.19306,1,,,,,,,,,GP3,0.66638,0.19306,0.37187,0.41019,normalised
32.53047275543213,,,0.66553,0.19235,1,,,,,,,,,GP3,0.66553,0.19235,0.37187,0.41019,normalised
32.544126987457275,,,0.66463,0.19313,1,,,,,,,,,GP3,0.66463,0.19313,0.37187,0.41019,normalised
32.56063461303711,,,0.66403,0.19318,1,,,,,,,,,GP3,0.66403,0.19318,0.37187,0.41019,normalised
32.58005356788635,,,0.66426,0.16775,0,,,,,,,,,GP3,0.66426,0.16775,0.37187,0.41019,normalised
32.59402060508728,,,0.66547,0.16143,0,,,,,,,,,GP3,0.66547,0.16143,0.37187,0.41019,normalised
32.611608266830444,,,0.67141,0.15997,0,,,,,,,,,GP3,0.67141,0.15997,0.37187,0.41019,normalised
32.626272678375244,,,0.67741,0.15769,1,,,,,,,,,GP3,0.67741,0.15769,0.37187,0.41019,normalised
32.64256978034973,,,0.68113,0.15682,1,,,,,,,,,GP3,0.68113,0.15682,0.37187,0.41019,normalised
32.65945386886597,,,0.67877,0.15743,1,,,,,,,,,GP3,0.67877,0.15743,0.37187,0.41019,normalised
32.67517018318176,,,0.6764,0.15457,1,,,,,,,,,GP3,0.6764,0.15457,0.37187,0.41019,normalised
32.69328451156616,,,0.67417,0.15413,1,,,,,,,,,GP3,0.67417,0.15413,0.37187,0.41019,normalised
32.708096742630005,,,0.67193,0.16131,1,,,,,,,,,GP3,0.67193,0.16131,0.37187,0.41019,normalised
32.72468137741089,,,0.67164,0.1694,1,,,,,,,,,GP3,0.67164,0.1694,0.37187,0.41019,normalised
32.74032998085022,,,0.67111,0.17819,1,,,,,,,,,GP3,0.67111,0.17819,0.37187,0.41019,normalised
32.75499725341797,,,0.67029,0.18502,1,,,,,,,,,GP3,0.67029,0.18502,0.37187,0.41019,normalised
32.77184700965881,,,0.66808,0.19029,1,,,,,,,,,GP3,0.66808,0.19029,0.37187,0.41019,normalised
32.78689980506897,,,0.66634,0.19328,1,,,,,,,,,GP3,0.66634,0.19328,0.37187,0.41019,normalised
32.80470585823059,,,0.66759,0.19454,1,,,,,,,,,GP3,0.66759,0.19454,0.37187,0.41019,normalised
32.821370363235474,,,0.66735,0.19482,1,,,,,,,,,GP3,0.66735,0.19482,0.37187,0.41019,normalised
32.83677339553833,,,0.66722,0.19476,1,,,,,,,,,GP3,0.66722,0.19476,0.37187,0.41019,normalised
32.85269093513489,,,0.66694,0.19603,1,,,,,,,,,GP3,0.66694,0.19603,0.37187,0.41019,normalised
32.86841821670532,,,0.66618,0.19391,1,,,,,,,,,GP3,0.66618,0.19391,0.37187,0.41019,normalised
32.884318351745605,,,0.6597,0.21726,0,,,,,,,,,GP3,0.6597,0.21726,0.37187,0.41019,normalised
32.90163493156433,,,0.66056,0.21321,0,,,,,,,,,GP3,0.66056,0.21321,0.37187,0.41019,normalised
32.91665840148926,,,0.65672,0.21111,0,,,,,,,,,GP3,0.65672,0.21111,0.37187,0.41019,normalised
32.93396759033203,,,0.65441,0.21299,1,,,,,,,,,GP3,0.65441,0.21299,0.37187,0.41019,normalised
32.95072317123413,,,0.65804,0.21173,1,,,,,,,,,GP3,0.65804,0.21173,0.37187,0.41019,normalised
32.96636128425598,,,0.65589,0.2202,1,,,,,,,,,GP3,0.65589,0.2202,0.37187,0.41019,normalised
32.982203245162964,,,0.65411,0.22726,1,,,,,,,,,GP3,0.65411,0.22726,0.37187,0.41019,normalised
32.99975824356079,,,0.65255,0.22951,1,,,,,,,,,GP3,0.65255,0.22951,0.37187,0.41019,normalised
33.01367783546448,,,0.64541,0.23633,1,,,,,,,,,GP3,0.64541,0.23633,0.37187,0.41019,normalised
33.02996373176575,,,0.63968,0.24202,1,,,,,,,,,GP3,0.63968,0.24202,0.37187,0.41019,normalised
33.04704403877258,,,0.62321,0.26272,1,,,,,,,,,GP3,0.62321,0.26272,0.37187,0.41019,normalised
33.06332302093506,,,0.60867,0.28168,1,,,,,,,,,GP3,0.60867,0.28168,0.37187,0.41019,normalised
33.07901978492737,,,0.59643,0.29679,1,,,,,,,,,GP3,0.59643,0.29679,0.37187,0.41019,normalised
33.097660303115845,,,0.58652,0.30803,1,,,,,,,,,GP3,0.58652,0.30803,0.37187,0.41019,normalised
33.11066699028015,,,0.55766,0.34056,0,,,,,,,,,GP3,0.55766,0.34056,0.37187,0.41019,normalised
33.12790870666504,,,0.50278,0.36271,0,,,,,,,,,GP3,0.50278,0.36271,0.37187,0.41019,normalised
33.145885944366455,,,0.48315,0.39013,0,,,,,,,,,GP3,0.48315,0.39013,0.37187,0.41019,normalised
33.15995979309082,,,0.44671,0.41451,0,,,,,,,,,GP3,0.44671,0.41451,0.37187,0.41019,normalised
33.175668239593506,,,0.44817,0.42613,0,,,,,,,,,GP3,0.44817,0.42613,0.37187,0.41019,normalised
33.19306302070618,,,0.44417,0.42855,0,,,,,,,,,GP3,0.44417,0.42855,0.37187,0.41019,normalised
33.21065950393677,,,0.43966,0.43223,1,,,,,,,,,GP3,0.43966,0.43223,0.37187,0.41019,normalised
33.22441267967224,,,0.43721,0.43552,1,,,,,,,,,GP3,0.43721,0.43552,0.37187,0.41019,normalised
33.2407660484314,,,0.4189,0.4499,1,,,,,,,,,GP3,0.4189,0.4499,0.37187,0.41019,normalised
33.25849509239197,,,0.40711,0.46021,1,,,,,,,,,GP3,0.40711,0.46021,0.37187,0.41019,normalised
33.27301812171936,,,0.39806,0.46737,1,,,,,,,,,GP3,0.39806,0.46737,0.37187,0.41019,normalised
33.289527893066406,,,0.39186,0.47437,1,,,,,,,,,GP3,0.39186,0.47437,0.37187,0.41019,normalised
33.3041296005249,,,0.38662,0.48053,1,,,,,,,,,GP3,0.38662,0.48053,0.37187,0.41019,normalised
33.32086253166199,,,0.38265,0.4867,1,,,,,,,,,GP3,0.38265,0.4867,0.37187,0.41019,normalised
33.33758997917175,,,0.37878,0.49324,1,,,,,,,,,GP3,0.37878,0.49324,0.37187,0.41019,normalised
33.35345983505249,,,0.37474,0.49636,1,,,,,,,,,GP3,0.37474,0.49636,0.37187,0.41019,normalised
33.36890530586243,,,0.37095,0.49763,1,,,,,,,,,GP3,0.37095,0.49763,0.37187,0.41019,normalised
33.385637521743774,,,0.34927,0.51692,0,,,,,,,,,GP3,0.34927,0.51692,0.37187,0.41019,normalised
33.40304684638977,,,0.32623,0.51346,0,,,,,,,,,GP3,0.32623,0.51346,0.37187,0.41019,normalised
33.418030977249146,,,0.31725,0.50823,0,,,,,,,,,GP3,0.31725,0.50823,0.37187,0.41019,normalised
33.43514347076416,,,0.31658,0.50764,1,,,,,,,,,GP3,0.31658,0.50764,0.37187,0.41019,normalised
33.45285129547119,,,0.31623,0.51326,1,,,,,,,,,GP3,0.31623,0.51326,0.37187,0.41019,normalised
33.46658945083618,,,0.3167,0.51927,1,,,,,,,,,GP3,0.3167,0.51927,0.37187,0.41019,normalised
33.483094692230225,,,0.31619,0.52299,1,,,,,,,,,GP3,0.31619,0.52299,0.37187,0.41019,normalised
33.50057888031006,,,0.31443,0.5251,1,,,,,,,,,GP3,0.31443,0.5251,0.37187,0.41019,normalised
33.515151023864746,,,0.31338,0.52813,1,,,,,,,,,GP3,0.31338,0.52813,0.37187,0.41019,normalised
33.5325813293457,,,0.3134,0.5323,1,,,,,,,,,GP3,0.3134,0.5323,0.37187,0.41019,normalised
33.54719138145447,,,0.31374,0.53664,1,,,,,,,,,GP3,0.31374,0.53664,0.37187,0.41019,normalised
33.56475758552551,,,0.31423,0.54102,1,,,,,,,,,GP3,0.31423,0.54102,0.37187,0.41019,normalised
33.58049178123474,,,0.31414,0.54911,1,,,,,,,,,GP3,0.31414,0.54911,0.37187,0.41019,normalised
33.5980064868927,,,0.31395,0.5527,1,,,,,,,,,GP3,0.31395,0.5527,0.37187,0.41019,normalised
33.612611532211304,,,0.31364,0.55531,1,,,,,,,,,GP3,0.31364,0.55531,0.37187,0.41019,normalised
33.62870979309082,,,0.31328,0.55779,1,,,,,,,,,GP3,0.31328,0.55779,0.37187,0.41019,normalised
33.644243478775024,,,0.31424,0.56049,1,,,,,,,,,GP3,0.31424,0.56049,0.37187,0.41019,normalised
33.66140151023865,,,0.31508,0.56289,1,,,,,,,,,GP3,0.31508,0.56289,0.37187,0.41019,normalised
33.67721605300903,,,0.31519,0.56401,1,,,,,,,,,GP3,0.31519,0.56401,0.37187,0.41019,normalised
33.693225383758545,,,0.31507,0.59059,0,,,,,,,,,GP3,0.31507,0.59059,0.37187,0.41019,normalised
33.70973491668701,,,0.31238,0.585,0,,,,,,,,,GP3,0.31238,0.585,0.37187,0.41019,normalised
33.72460913658142,,,0.31249,0.58579,0,,,,,,,,,GP3,0.31249,0.58579,0.37187,0.41019,normalised
33.7423460483551,,,0.31643,0.5861,1,,,,,,,,,GP3,0.31643,0.5861,0.37187,0.41019,normalised
33.75917339324951,,,0.31879,0.58628,1,,,,,,,,,GP3,0.31879,0.58628,0.37187,0.41019,normalised
33.774688720703125,,,0.31901,0.58908,1,,,,,,,,,GP3,0.31901,0.58908,0.37187,0.41019,normalised
33.79156017303467,,,0.32159,0.59571,1,,,,,,,,,GP3,0.32159,0.59571,0.37187,0.41019,normalised
33.809128761291504,,,0.32295,0.59815,1,,,,,,,,,GP3,0.32295,0.59815,0.37187,0.41019,normalised
33.82221031188965,,,0.32055,0.59439,1,,,,,,,,,GP3,0.32055,0.59439,0.37187,0.41019,normalised
33.84018540382385,,,0.31893,0.58889,1,,,,,,,,,GP3,0.31893,0.58889,0.37187,0.41019,normalised
33.85474514961243,,,0.31738,0.58358,1,,,,,,,,,GP3,0.31738,0.58358,0.37187,0.41019,normalised
33.87141299247742,,,0.31743,0.57924,1,,,,,,,,,GP3,0.31743,0.57924,0.37187,0.41019,normalised
33.8891282081604,,,0.31892,0.57489,1,,,,,,,,,GP3,0.31892,0.57489,0.37187,0.41019,normalised
33.90306234359741,,,0.32021,0.57153,1,,,,,,,,,GP3,0.32021,0.57153,0.37187,0.41019,normalised
33.91974711418152,,,0.31872,0.56732,1,,,,,,,,,GP3,0.31872,0.56732,0.37187,0.41019,normalised
33.93587851524353,,,0.31691,0.5675,1,,,,,,,,,GP3,0.31691,0.5675,0.37187,0.41019,normalised
33.95268511772156,,,0.31532,0.56765,1,,,,,,,,,GP3,0.31532,0.56765,0.37187,0.41019,normalised
33.96735239028931,,,0.31487,0.56688,1,,,,,,,,,GP3,0.31487,0.56688,0.37187,0.41019,normalised
33.9841730594635,,,0.31422,0.56734,1,,,,,,,,,GP3,0.31422,0.56734,0.37187,0.41019,normalised
34.000900745391846,,,0.31372,0.56797,1,,,,,,,,,GP3,0.31372,0.56797,0.37187,0.41019,normalised
34.018547773361206,,,0.31426,0.56774,1,,,,,,,,,GP3,0.31426,0.56774,0.37187,0.41019,normalised
34.034682750701904,,,0.31496,0.5674,1,,,,,,,,,GP3,0.31496,0.5674,0.37187,0.41019,normalised
34.049480676651,,,0.31552,0.5669,1,,,,,,,,,GP3,0.31552,0.5669,0.37187,0.41019,normalised
34.06639218330383,,,0.31586,0.5671,1,,,,,,,,,GP3,0.31586,0.5671,0.37187,0.41019,normalised
34.0809109210968,,,0.31608,0.56754,1,,,,,,,,,GP3,0.31608,0.56754,0.37187,0.41019,normalised
34.0986328125,,,0.31629,0.56795,1,,,,,,,,,GP3,0.31629,0.56795,0.37187,0.41019,normalised
34.113242864608765,,,0.31575,0.56595,1,,,,,,,,,GP3,0.31575,0.56595,0.37187,0.41019,normalised
34.13117337226868,,,0.31586,0.56562,1,,,,,,,,,GP3,0.31586,0.56562,0.37187,0.41019,normalised
34.14775848388672,,,0.31611,0.56588,1,,,,,,,,,GP3,0.31611,0.56588,0.37187,0.41019,normalised
34.16354513168335,,,0.31616,0.56745,1,,,,,,,,,GP3,0.31616,0.56745,0.37187,0.41019,normalised
34.18053936958313,,,0.31659,0.56959,1,,,,,,,,,GP3,0.31659,0.56959,0.37187,0.41019,normalised
34.19489359855652,,,0.31712,0.5721,1,,,,,,,,,GP3,0.31712,0.5721,0.37187,0.41019,normalised
34.21152877807617,,,0.31795,0.57428,1,,,,,,,,,GP3,0.31795,0.57428,0.37187,0.41019,normalised
34.22610831260681,,,0.31813,0.57554,1,,,,,,,,,GP3,0.31813,0.57554,0.37187,0.41019,normalised
34.24298071861267,,,0.31824,0.57651,1,,,,,,,,,GP3,0.31824,0.57651,0.37187,0.41019,normalised
34.25944542884827,,,0.31892,0.57826,1,,,,,,,,,GP3,0.31892,0.57826,0.37187,0.41019,normalised
34.274728536605835,,,0.3251,0.60513,0,,,,,,,,,GP3,0.3251,0.60513,0.37187,0.41019,normalised
34.291412115097046,,,0.3211,0.60885,0,,,,,,,,,GP3,0.3211,0.60885,0.37187,0.41019,normalised
34.308343172073364,,,0.32137,0.59811,0,,,,,,,,,GP3,0.32137,0.59811,0.37187,0.41019,normalised
34.324352979660034,,,0.32044,0.58492,1,,,,,,,,,GP3,0.32044,0.58492,0.37187,0.41019,normalised
34.341843605041504,,,0.31988,0.57767,1,,,,,,,,,GP3,0.31988,0.57767,0.37187,0.41019,normalised
34.35891532897949,,,0.32052,0.57383,1,,,,,,,,,GP3,0.32052,0.57383,0.37187,0.41019,normalised
34.37175679206848,,,0.32372,0.57779,1,,,,,,,,,GP3,0.32372,0.57779,0.37187,0.41019,normalised
34.388776779174805,,,0.32664,0.58301,1,,,,,,,,,GP3,0.32664,0.58301,0.37187,0.41019,normalised
34.40655589103699,,,0.3262,0.58893,1,,,,,,,,,GP3,0.3262,0.58893,0.37187,0.41019,normalised
34.42325019836426,,,0.32623,0.59331,1,,,,,,,,,GP3,0.32623,0.59331,0.37187,0.41019,normalised
34.43723464012146,,,0.32586,0.59546,1,,,,,,,,,GP3,0.32586,0.59546,0.37187,0.41019,normalised
34.45396876335144,,,0.32733,0.59446,1,,,,,,,,,GP3,0.32733,0.59446,0.37187,0.41019,normalised
34.47013258934021,,,0.32743,0.59119,1,,,,,,,,,GP3,0.32743,0.59119,0.37187,0.41019,normalised
34.48499608039856,,,0.32765,0.58893,1,,,,,,,,,GP3,0.32765,0.58893,0.37187,0.41019,normalised
34.503631591796875,,,0.32639,0.59006,1,,,,,,,,,GP3,0.32639,0.59006,0.37187,0.41019,normalised
34.51824378967285,,,0.32666,0.59245,1,,,,,,,,,GP3,0.32666,0.59245,0.37187,0.41019,normalised
34.53500986099243,,,0.32704,0.59508,1,,,,,,,,,GP3,0.32704,0.59508,0.37187,0.41019,normalised
34.55020332336426,,,0.32778,0.59619,1,,,,,,,,,GP3,0.32778,0.59619,0.37187,0.41019,normalised
34.56637144088745,,,0.32737,0.5964,1,,,,,,,,,GP3,0.32737,0.5964,0.37187,0.41019,normalised
34.583173990249634,,,0.32678,0.59577,1,,,,,,,,,GP3,0.32678,0.59577,0.37187,0.41019,normalised
34.59981417655945,,,0.32739,0.59537,1,,,,,,,,,GP3,0.32739,0.59537,0.37187,0.41019,normalised
34.61436200141907,,,0.32719,0.59478,1,,,,,,,,,GP3,0.32719,0.59478,0.37187,0.41019,normalised
34.63166952133179,,,0.32689,0.59365,1,,,,,,,,,GP3,0.32689,0.59365,0.37187,0.41019,normalised
34.64874196052551,,,0.32667,0.59218,1,,,,,,,,,GP3,0.32667,0.59218,0.37187,0.41019,normalised
34.663135051727295,,,0.32624,0.59135,1,,,,,,,,,GP3,0.32624,0.59135,0.37187,0.41019,normalised
34.6807587146759,,,0.32587,0.59076,1,,,,,,,,,GP3,0.32587,0.59076,0.37187,0.41019,normalised
34.69547247886658,,,0.32503,0.58974,1,,,,,,,,,GP3,0.32503,0.58974,0.37187,0.41019,normalised
34.713223934173584,,,0.3245,0.58966,1,,,,,,,,,GP3,0.3245,0.58966,0.37187,0.41019,normalised
34.72776556015015,,,0.32425,0.59044,1,,,,,,,,,GP3,0.32425,0.59044,0.37187,0.41019,normalised
34.745110273361206,,,0.32408,0.59166,1,,,,,,,,,GP3,0.32408,0.59166,0.37187,0.41019,normalised
34.75976204872131,,,0.32419,0.59296,1,,,,,,,,,GP3,0.32419,0.59296,0.37187,0.41019,normalised
34.777594804763794,,,0.32428,0.59402,1,,,,,,,,,GP3,0.32428,0.59402,0.37187,0.41019,normalised
34.793967723846436,,,0.32443,0.59433,1,,,,,,,,,GP3,0.32443,0.59433,0.37187,0.41019,normalised
34.80859708786011,,,0.32417,0.59371,1,,,,,,,,,GP3,0.32417,0.59371,0.37187,0.41019,normalised
34.825685262680054,,,0.32381,0.59264,1,,,,,,,,,GP3,0.32381,0.59264,0.37187,0.41019,normalised
34.84169578552246,,,0.32283,0.59272,1,,,,,,,,,GP3,0.32283,0.59272,0.37187,0.41019,normalised
34.85893177986145,,,0.32233,0.59151,1,,,,,,,,,GP3,0.32233,0.59151,0.37187,0.41019,normalised
34.875664472579956,,,0.32192,0.59069,1,,,,,,,,,GP3,0.32192,0.59069,0.37187,0.41019,normalised
34.89171886444092,,,0.32232,0.5904,1,,,,,,,,,GP3,0.32232,0.5904,0.37187,0.41019,normalised
34.90727496147156,,,0.32212,0.59105,1,,,,,,,,,GP3,0.32212,0.59105,0.37187,0.41019,normalised
34.92410492897034,,,0.3219,0.59139,1,,,,,,,,,GP3,0.3219,0.59139,0.37187,0.41019,normalised
34.93926739692688,,,0.32164,0.59107,1,,,,,,,,,GP3,0.32164,0.59107,0.37187,0.41019,normalised
34.95747184753418,,,0.32092,0.58941,1,,,,,,,,,GP3,0.32092,0.58941,0.37187,0.41019,normalised
34.970913887023926,,,0.32009,0.58744,1,,,,,,,,,GP3,0.32009,0.58744,0.37187,0.41019,normalised
34.98640584945679,,,0.30684,0.56378,0,,,,,,,,,GP3,0.30684,0.56378,0.37187,0.41019,normalised
35.0037887096405,,,0.30425,0.55634,0,,,,,,,,,GP3,0.30425,0.55634,0.37187,0.41019,normalised
35.02050495147705,,,0.30671,0.56617,0,,,,,,,,,GP3,0.30671,0.56617,0.37187,0.41019,normalised
35.03513479232788,,,0.30868,0.57617,1,,,,,,,,,GP3,0.30868,0.57617,0.37187,0.41019,normalised
35.052223920822144,,,0.31213,0.5852,1,,,,,,,,,GP3,0.31213,0.5852,0.37187,0.41019,normalised
35.06879711151123,,,0.31443,0.59123,1,,,,,,,,,GP3,0.31443,0.59123,0.37187,0.41019,normalised
35.08553385734558,,,0.31535,0.59318,1,,,,,,,,,GP3,0.31535,0.59318,0.37187,0.41019,normalised
35.10104751586914,,,0.31526,0.5918,1,,,,,,,,,GP3,0.31526,0.5918,0.37187,0.41019,normalised
35.11753034591675,,,0.31462,0.58831,1,,,,,,,,,GP3,0.31462,0.58831,0.37187,0.41019,normalised
35.1329665184021,,,0.3147,0.58624,1,,,,,,,,,GP3,0.3147,0.58624,0.37187,0.41019,normalised
35.14868116378784,,,0.315,0.5826,1,,,,,,,,,GP3,0.315,0.5826,0.37187,0.41019,normalised
35.16815400123596,,,0.31491,0.57845,1,,,,,,,,,GP3,0.31491,0.57845,0.37187,0.41019,normalised
35.181148529052734,,,0.31415,0.57377,1,,,,,,,,,GP3,0.31415,0.57377,0.37187,0.41019,normalised
35.197853326797485,,,0.31817,0.56722,1,,,,,,,,,GP3,0.31817,0.56722,0.37187,0.41019,normalised
35.2152373790741,,,0.32185,0.56249,1,,,,,,,,,GP3,0.32185,0.56249,0.37187,0.41019,normalised
35.22990703582764,,,0.32789,0.55159,1,,,,,,,,,GP3,0.32789,0.55159,0.37187,0.41019,normalised
35.246930837631226,,,0.3338,0.54005,1,,,,,,,,,GP3,0.3338,0.54005,0.37187,0.41019,normalised
35.2630889415741,,,0.35135,0.49909,0,,,,,,,,,GP3,0.35135,0.49909,0.37187,0.41019,normalised
35.277504205703735,,,0.41198,0.40311,0,,,,,,,,,GP3,0.41198,0.40311,0.37187,0.41019,normalised
35.296942472457886,,,0.43239,0.37373,0,,,,,,,,,GP3,0.43239,0.37373,0.37187,0.41019,normalised
35.313915729522705,,,0.47283,0.31454,0,,,,,,,,,GP3,0.47283,0.31454,0.37187,0.41019,normalised
35.32765030860901,,,0.4672,0.30549,0,,,,,,,,,GP3,0.4672,0.30549,0.37187,0.41019,normalised
35.342899322509766,,,0.47138,0.30886,0,,,,,,,,,GP3,0.47138,0.30886,0.37187,0.41019,normalised
35.360251903533936,,,0.47352,0.31374,1,,,,,,,,,GP3,0.47352,0.31374,0.37187,0.41019,normalised
35.37633037567139,,,0.46732,0.32939,1,,,,,,,,,GP3,0.46732,0.32939,0.37187,0.41019,normalised
35.39277625083923,,,0.46716,0.33825,1,,,,,,,,,GP3,0.46716,0.33825,0.37187,0.41019,normalised
35.41014528274536,,,0.46713,0.3437,1,,,,,,,,,GP3,0.46713,0.3437,0.37187,0.41019,normalised
35.424694776535034,,,0.46564,0.34486,1,,,,,,,,,GP3,0.46564,0.34486,0.37187,0.41019,normalised
35.44155263900757,,,0.46259,0.34794,1,,,,,,,,,GP3,0.46259,0.34794,0.37187,0.41019,normalised
35.458415269851685,,,0.46008,0.34922,1,,,,,,,,,GP3,0.46008,0.34922,0.37187,0.41019,normalised
35.47388577461243,,,0.45988,0.34102,1,,,,,,,,,GP3,0.45988,0.34102,0.37187,0.41019,normalised
35.49042820930481,,,0.45987,0.33586,1,,,,,,,,,GP3,0.45987,0.33586,0.37187,0.41019,normalised
35.50426769256592,,,0.45989,0.3323,1,,,,,,,,,GP3,0.45989,0.3323,0.37187,0.41019,normalised
35.520468950271606,,,0.46016,0.33011,1,,,,,,,,,GP3,0.46016,0.33011,0.37187,0.41019,normalised
35.53947901725769,,,0.4594,0.32974,1,,,,,,,,,GP3,0.4594,0.32974,0.37187,0.41019,normalised
35.55349087715149,,,0.45876,0.33008,1,,,,,,,,,GP3,0.45876,0.33008,0.37187,0.41019,normalised
35.570411920547485,,,0.45826,0.33176,1,,,,,,,,,GP3,0.45826,0.33176,0.37187,0.41019,normalised
35.58843183517456,,,0.45746,0.33317,1,,,,,,,,,GP3,0.45746,0.33317,0.37187,0.41019,normalised
35.60232973098755,,,0.4567,0.3339,1,,,,,,,,,GP3,0.4567,0.3339,0.37187,0.41019,normalised
35.61856937408447,,,0.45737,0.33469,1,,,,,,,,,GP3,0.45737,0.33469,0.37187,0.41019,normalised
35.63603949546814,,,0.45759,0.33418,1,,,,,,,,,GP3,0.45759,0.33418,0.37187,0.41019,normalised
35.650506258010864,,,0.45776,0.33353,1,,,,,,,,,GP3,0.45776,0.33353,0.37187,0.41019,normalised
35.66729545593262,,,0.45736,0.33242,1,,,,,,,,,GP3,0.45736,0.33242,0.37187,0.41019,normalised
35.684218406677246,,,0.45706,0.33298,1,,,,,,,,,GP3,0.45706,0.33298,0.37187,0.41019,normalised
35.69967198371887,,,0.45682,0.33372,1,,,,,,,,,GP3,0.45682,0.33372,0.37187,0.41019,normalised
35.715670585632324,,,0.45722,0.33243,1,,,,,,,,,GP3,0.45722,0.33243,0.37187,0.41019,normalised
35.73287272453308,,,0.45757,0.3312,1,,,,,,,,,GP3,0.45757,0.3312,0.37187,0.41019,normalised
35.74659585952759,,,0.45787,0.32914,1,,,,,,,,,GP3,0.45787,0.32914,0.37187,0.41019,normalised
35.76395583152771,,,0.45866,0.32782,1,,,,,,,,,GP3,0.45866,0.32782,0.37187,0.41019,normalised
35.78162622451782,,,0.45855,0.32651,1,,,,,,,,,GP3,0.45855,0.32651,0.37187,0.41019,normalised
35.79610252380371,,,0.45847,0.32561,1,,,,,,,,,GP3,0.45847,0.32561,0.37187,0.41019,normalised
35.81376600265503,,,0.45864,0.32445,1,,,,,,,,,GP3,0.45864,0.32445,0.37187,0.41019,normalised
35.82776689529419,,,0.4589,0.32506,1,,,,,,,,,GP3,0.4589,0.32506,0.37187,0.41019,normalised
35.84493851661682,,,0.45917,0.3263,1,,,,,,,,,GP3,0.45917,0.3263,0.37187,0.41019,normalised
35.86199450492859,,,0.45874,0.32732,1,,,,,,,,,GP3,0.45874,0.32732,0.37187,0.41019,normalised
35.87880730628967,,,0.4592,0.32738,1,,,,,,,,,GP3,0.4592,0.32738,0.37187,0.41019,normalised
35.8923544883728,,,0.45962,0.32682,1,,,,,,,,,GP3,0.45962,0.32682,0.37187,0.41019,normalised
35.90913677215576,,,0.46022,0.32644,1,,,,,,,,,GP3,0.46022,0.32644,0.37187,0.41019,normalised
35.926002979278564,,,0.4602,0.32508,1,,,,,,,,,GP3,0.4602,0.32508,0.37187,0.41019,normalised
35.9418568611145,,,0.46017,0.32353,1,,,,,,,,,GP3,0.46017,0.32353,0.37187,0.41019,normalised
35.95828652381897,,,0.4601,0.32288,1,,,,,,,,,GP3,0.4601,0.32288,0.37187,0.41019,normalised
35.97483229637146,,,0.45967,0.32313,1,,,,,,,,,GP3,0.45967,0.32313,0.37187,0.41019,normalised
35.99172902107239,,,0.45929,0.32388,1,,,,,,,,,GP3,0.45929,0.32388,0.37187,0.41019,normalised
36.00595998764038,,,0.45408,0.33097,1,,,,,,,,,GP3,0.45408,0.33097,0.37187,0.41019,normalised
36.02163314819336,,,0.42106,0.37419,0,,,,,,,,,GP3,0.42106,0.37419,0.37187,0.41019,normalised
36.039533376693726,,,0.31775,0.51225,0,,,,,,,,,GP3,0.31775,0.51225,0.37187,0.41019,normalised
36.057361125946045,,,0.28101,0.56223,0,,,,,,,,,GP3,0.28101,0.56223,0.37187,0.41019,normalised
36.07132053375244,,,0.21132,0.65441,0,,,,,,,,,GP3,0.21132,0.65441,0.37187,0.41019,normalised
36.08816409111023,,,0.21195,0.65322,0,,,,,,,,,GP3,0.21195,0.65322,0.37187,0.41019,normalised
36.104331731796265,,,0.21467,0.66411,0,,,,,,,,,GP3,0.21467,0.66411,0.37187,0.41019,normalised
36.11904549598694,,,0.2132,0.66219,1,,,,,,,,,GP3,0.2132,0.66219,0.37187,0.41019,normalised
36.13666653633118,,,0.21309,0.66264,1,,,,,,,,,GP3,0.21309,0.66264,0.37187,0.41019,normalised
36.151148080825806,,,0.2085,0.67971,1,,,,,,,,,GP3,0.2085,0.67971,0.37187,0.41019,normalised
36.167720794677734,,,0.20614,0.6927,1,,,,,,,,,GP3,0.20614,0.6927,0.37187,0.41019,normalised
36.1850426197052,,,0.20437,0.70245,1,,,,,,,,,GP3,0.20437,0.70245,0.37187,0.41019,normalised
36.2007737159729,,,0.2008,0.70827,1,,,,,,,,,GP3,0.2008,0.70827,0.37187,0.41019,normalised
36.216423988342285,,,0.19858,0.71482,1,,,,,,,,,GP3,0.19858,0.71482,0.37187,0.41019,normalised
36.23246359825134,,,0.19719,0.72091,1,,,,,,,,,GP3,0.19719,0.72091,0.37187,0.41019,normalised
36.25046157836914,,,0.19614,0.72229,1,,,,,,,,,GP3,0.19614,0.72229,0.37187,0.41019,normalised
36.264501333236694,,,0.19761,0.72368,1,,,,,,,,,GP3,0.19761,0.72368,0.37187,0.41019,normalised
36.28130555152893,,,0.19903,0.72508,1,,,,,,,,,GP3,0.19903,0.72508,0.37187,0.41019,normalised
36.296486616134644,,,0.19607,0.72958,1,,,,,,,,,GP3,0.19607,0.72958,0.37187,0.41019,normalised
36.31358289718628,,,0.19336,0.7327,1,,,,,,,,,GP3,0.19336,0.7327,0.37187,0.41019,normalised
36.330237865448,,,0.18128,0.76508,0,,,,,,,,,GP3,0.18128,0.76508,0.37187,0.41019,normalised
36.34584617614746,,,0.16053,0.75357,0,,,,,,,,,GP3,0.16053,0.75357,0.37187,0.41019,normalised
36.36271810531616,,,0.15976,0.75608,0,,,,,,,,,GP3,0.15976,0.75608,0.37187,0.41019,normalised
36.37873864173889,,,0.15863,0.75653,1,,,,,,,,,GP3,0.15863,0.75653,0.37187,0.41019,normalised
36.39567708969116,,,0.15495,0.75855,1,,,,,,,,,GP3,0.15495,0.75855,0.37187,0.41019,normalised
36.41020059585571,,,0.15152,0.76193,1,,,,,,,,,GP3,0.15152,0.76193,0.37187,0.41019,normalised
36.42693519592285,,,0.14977,0.76523,1,,,,,,,,,GP3,0.14977,0.76523,0.37187,0.41019,normalised
36.4434289932251,,,0.15255,0.7684,1,,,,,,,,,GP3,0.15255,0.7684,0.37187,0.41019,normalised
36.458532094955444,,,0.15219,0.77135,1,,,,,,,,,GP3,0.15219,0.77135,0.37187,0.41019,normalised
36.47549104690552,,,0.1523,0.77425,1,,,,,,,,,GP3,0.1523,0.77425,0.37187,0.41019,normalised
36.49093747138977,,,0.15303,0.77452,1,,,,,,,,,GP3,0.15303,0.77452,0.37187,0.41019,normalised
36.507949113845825,,,0.15317,0.77518,1,,,,,,,,,GP3,0.15317,0.77518,0.37187,0.41019,normalised
36.52460479736328,,,0.15284,0.77508,1,,,,,,,,,GP3,0.15284,0.77508,0.37187,0.41019,normalised
36.54086089134216,,,0.15287,0.77466,1,,,,,,,,,GP3,0.15287,0.77466,0.37187,0.41019,normalised
36.55570960044861,,,0.15245,0.77463,1,,,,,,,,,GP3,0.15245,0.77463,0.37187,0.41019,normalised
36.57455086708069,,,0.1519,0.77442,1,,,,,,,,,GP3,0.1519,0.77442,0.37187,0.41019,normalised
36.590043783187866,,,0.15287,0.77501,1,,,,,,,,,GP3,0.15287,0.77501,0.37187,0.41019,normalised
36.605040311813354,,,0.15379,0.7756,1,,,,,,,,,GP3,0.15379,0.7756,0.37187,0.41019,normalised
36.622312784194946,,,0.15505,0.77674,1,,,,,,,,,GP3,0.15505,0.77674,0.37187,0.41019,normalised
36.63640570640564,,,0.1551,0.77861,1,,,,,,,,,GP3,0.1551,0.77861,0.37187,0.41019,normalised
36.653921127319336,,,0.15565,0.77985,1,,,,,,,,,GP3,0.15565,0.77985,0.37187,0.41019,normalised
36.67070651054382,,,0.15616,0.78099,1,,,,,,,,,GP3,0.15616,0.78099,0.37187,0.41019,normalised
36.686290979385376,,,0.15681,0.78112,1,,,,,,,,,GP3,0.15681,0.78112,0.37187,0.41019,normalised
36.70118808746338,,,0.15678,0.78202,1,,,,,,,,,GP3,0.15678,0.78202,0.37187,0.41019,normalised
36.71890997886658,,,0.15639,0.78238,1,,,,,,,,,GP3,0.15639,0.78238,0.37187,0.41019,normalised
36.73445677757263,,,0.15522,0.78012,1,,,,,,,,,GP3,0.15522,0.78012,0.37187,0.41019,normalised
36.74925899505615,,,0.15515,0.779,1,,,,,,,,,GP3,0.15515,0.779,0.37187,0.41019,normalised
36.76633667945862,,,0.15478,0.77753,1,,,,,,,,,GP3,0.15478,0.77753,0.37187,0.41019,normalised
36.78261423110962,,,0.15322,0.77706,1,,,,,,,,,GP3,0.15322,0.77706,0.37187,0.41019,normalised
36.79952263832092,,,0.15231,0.77576,1,,,,,,,,,GP3,0.15231,0.77576,0.37187,0.41019,normalised
36.8154571056366,,,0.15147,0.77454,1,,,,,,,,,GP3,0.15147,0.77454,0.37187,0.41019,normalised
36.83295702934265,,,0.15043,0.77405,1,,,,,,,,,GP3,0.15043,0.77405,0.37187,0.41019,normalised
36.84829258918762,,,0.14942,0.77484,1,,,,,,,,,GP3,0.14942,0.77484,0.37187,0.41019,normalised
36.8630313873291,,,0.14842,0.77551,1,,,,,,,,,GP3,0.14842,0.77551,0.37187,0.41019,normalised
36.88049387931824,,,0.14751,0.77503,1,,,,,,,,,GP3,0.14751,0.77503,0.37187,0.41019,normalised
36.896127462387085,,,0.1267,0.75372,0,,,,,,,,,GP3,0.1267,0.75372,0.37187,0.41019,normalised
36.913041830062866,,,0.12433,0.72228,0,,,,,,,,,GP3,0.12433,0.72228,0.37187,0.41019,normalised
36.928555727005005,,,0.12411,0.72706,0,,,,,,,,,GP3,0.12411,0.72706,0.37187,0.41019,normalised
36.94747757911682,,,0.12608,0.73397,1,,,,,,,,,GP3,0.12608,0.73397,0.37187,0.41019,normalised
36.96126198768616,,,0.12917,0.7407,1,,,,,,,,,GP3,0.12917,0.7407,0.37187,0.41019,normalised
36.97678589820862,,,0.13248,0.75348,1,,,,,,,,,GP3,0.13248,0.75348,0.37187,0.41019,normalised
36.99254894256592,,,0.13227,0.75498,1,,,,,,,,,GP3,0.13227,0.75498,0.37187,0.41019,normalised
37.00907874107361,,,0.13211,0.7561,1,,,,,,,,,GP3,0.13211,0.7561,0.37187,0.41019,normalised
37.0257887840271,,,0.13382,0.75904,1,,,,,,,,,GP3,0.13382,0.75904,0.37187,0.41019,normalised
37.042515993118286,,,0.13521,0.76213,1,,,,,,,,,GP3,0.13521,0.76213,0.37187,0.41019,normalised
37.05834364891052,,,0.13635,0.76465,1,,,,,,,,,GP3,0.13635,0.76465,0.37187,0.41019,normalised
37.07253670692444,,,0.13651,0.76525,1,,,,,,,,,GP3,0.13651,0.76525,0.37187,0.41019,normalised
37.08933639526367,,,0.13981,0.76615,1,,,,,,,,,GP3,0.13981,0.76615,0.37187,0.41019,normalised
37.10686659812927,,,0.14263,0.76692,1,,,,,,,,,GP3,0.14263,0.76692,0.37187,0.41019,normalised
37.12156105041504,,,0.14236,0.76654,1,,,,,,,,,GP3,0.14236,0.76654,0.37187,0.41019,normalised
37.13885831832886,,,0.14306,0.76788,1,,,,,,,,,GP3,0.14306,0.76788,0.37187,0.41019,normalised
37.154937982559204,,,0.14367,0.76907,1,,,,,,,,,GP3,0.14367,0.76907,0.37187,0.41019,normalised
37.16997218132019,,,0.14448,0.76833,1,,,,,,,,,GP3,0.14448,0.76833,0.37187,0.41019,normalised
37.18679070472717,,,0.14594,0.76772,1,,,,,,,,,GP3,0.14594,0.76772,0.37187,0.41019,normalised
37.20255160331726,,,0.14695,0.76667,1,,,,,,,,,GP3,0.14695,0.76667,0.37187,0.41019,normalised
37.22052240371704,,,0.1456,0.76522,1,,,,,,,,,GP3,0.1456,0.76522,0.37187,0.41019,normalised
37.2366886138916,,,0.14475,0.76403,1,,,,,,,,,GP3,0.14475,0.76403,0.37187,0.41019,normalised
37.25251317024231,,,0.14384,0.76281,1,,,,,,,,,GP3,0.14384,0.76281,0.37187,0.41019,normalised
37.26810669898987,,,0.14419,0.7603,1,,,,,,,,,GP3,0.14419,0.7603,0.37187,0.41019,normalised
37.28401017189026,,,0.14509,0.75931,1,,,,,,,,,GP3,0.14509,0.75931,0.37187,0.41019,normalised
37.30058479309082,,,0.14602,0.75851,1,,,,,,,,,GP3,0.14602,0.75851,0.37187,0.41019,normalised
37.31680417060852,,,0.14639,0.75839,1,,,,,,,,,GP3,0.14639,0.75839,0.37187,0.41019,normalised
37.333904504776,,,0.14696,0.75877,1,,,,,,,,,GP3,0.14696,0.75877,0.37187,0.41019,normalised
37.35000038146973,,,0.14739,0.75901,1,,,,,,,,,GP3,0.14739,0.75901,0.37187,0.41019,normalised
37.36504077911377,,,0.14589,0.75825,1,,,,,,,,,GP3,0.14589,0.75825,0.37187,0.41019,normalised
37.381895542144775,,,0.14508,0.75716,1,,,,,,,,,GP3,0.14508,0.75716,0.37187,0.41019,normalised
37.39759182929993,,,0.14471,0.75664,1,,,,,,,,,GP3,0.14471,0.75664,0.37187,0.41019,normalised
37.41443634033203,,,0.14494,0.75703,1,,,,,,,,,GP3,0.14494,0.75703,0.37187,0.41019,normalised
37.430081605911255,,,0.14479,0.75636,1,,,,,,,,,GP3,0.14479,0.75636,0.37187,0.41019,normalised
37.44486045837402,,,0.14442,0.75544,1,,,,,,,,,GP3,0.14442,0.75544,0.37187,0.41019,normalised
37.46412491798401,,,0.14449,0.75504,1,,,,,,,,,GP3,0.14449,0.75504,0.37187,0.41019,normalised
37.47892475128174,,,0.14414,0.75469,1,,,,,,,,,GP3,0.14414,0.75469,0.37187,0.41019,normalised
37.49350571632385,,,0.1437,0.75421,1,,,,,,,,,GP3,0.1437,0.75421,0.37187,0.41019,normalised
37.51148748397827,,,0.14349,0.75396,1,,,,,,,,,GP3,0.14349,0.75396,0.37187,0.41019,normalised
37.52735137939453,,,0.14321,0.75408,1,,,,,,,,,GP3,0.14321,0.75408,0.37187,0.41019,normalised
37.54207420349121,,,0.14306,0.75436,1,,,,,,,,,GP3,0.14306,0.75436,0.37187,0.41019,normalised
37.559542179107666,,,0.14325,0.75511,1,,,,,,,,,GP3,0.14325,0.75511,0.37187,0.41019,normalised
37.57555866241455,,,0.14367,0.75679,1,,,,,,,,,GP3,0.14367,0.75679,0.37187,0.41019,normalised
37.591840982437134,,,0.14367,0.75679,1,,,,,,,,,GP3,0.14367,0.75679,0.37187,0.41019,normalised
37.60974073410034,,,0.14367,0.75679,1,,,,,,,,,GP3,0.14367,0.75679,0.37187,0.41019,normalised
37.62640976905823,,,0.14367,0.75679,1,,,,,,,,,GP3,0.14367,0.75679,0.37187,0.41019,normalised
37.64417767524719,,,0.14001,0.75582,0,,,,,,,,,GP3,0.14001,0.75582,0.37187,0.41019,normalised
37.658514976501465,,,0.14001,0.75582,0,,,,,,,,,GP3,0.14001,0.75582,0.37187,0.41019,normalised
37.67530298233032,,,0.14001,0.75582,0,,,,,,,,,GP3,0.14001,0.75582,0.37187,0.41019,normalised
37.6919469833374,,,0.15872,0.77082,1,,,,,,,,,GP3,0.15872,0.77082,0.37187,0.41019,normalised
37.70643377304077,,,0.25381,0.71131,0,,,,,,,,,GP3,0.25381,0.71131,0.37187,0.41019,normalised
37.72173619270325,,,0.28505,0.65699,0,,,,,,,,,GP3,0.28505,0.65699,0.37187,0.41019,normalised
37.73689889907837,,,0.26699,0.67098,0,,,,,,,,,GP3,0.26699,0.67098,0.37187,0.41019,normalised
37.7536838054657,,,0.28258,0.72658,1,,,,,,,,,GP3,0.28258,0.72658,0.37187,0.41019,normalised
37.77027368545532,,,0.29643,0.74156,1,,,,,,,,,GP3,0.29643,0.74156,0.37187,0.41019,normalised
37.78480577468872,,,0.30536,0.7506,1,,,,,,,,,GP3,0.30536,0.7506,0.37187,0.41019,normalised
37.80172920227051,,,0.30923,0.74497,1,,,,,,,,,GP3,0.30923,0.74497,0.37187,0.41019,normalised
37.819249868392944,,,0.29019,0.71723,1,,,,,,,,,GP3,0.29019,0.71723,0.37187,0.41019,normalised
37.8371217250824,,,0.2761,0.69719,1,,,,,,,,,GP3,0.2761,0.69719,0.37187,0.41019,normalised
37.851792335510254,,,0.28126,0.71679,1,,,,,,,,,GP3,0.28126,0.71679,0.37187,0.41019,normalised
37.86718559265137,,,0.29271,0.74511,1,,,,,,,,,GP3,0.29271,0.74511,0.37187,0.41019,normalised
37.88277578353882,,,0.30244,0.7692,1,,,,,,,,,GP3,0.30244,0.7692,0.37187,0.41019,normalised
37.90052652359009,,,0.30663,0.78276,1,,,,,,,,,GP3,0.30663,0.78276,0.37187,0.41019,normalised
37.914549589157104,,,0.30772,0.7948,1,,,,,,,,,GP3,0.30772,0.7948,0.37187,0.41019,normalised
37.93228459358215,,,0.31908,0.83879,0,,,,,,,,,GP3,0.31908,0.83879,0.37187,0.41019,normalised
37.948625802993774,,,0.34047,0.87004,0,,,,,,,,,GP3,0.34047,0.87004,0.37187,0.41019,normalised
37.96351337432861,,,0.30351,1.13288,0,,,,,,,,,GP3,0.30351,1.13288,0.37187,0.41019,normalised
37.97941613197327,,,0.27367,1.40615,0,,,,,,,,,GP3,0.27367,1.40615,0.37187,0.41019,normalised
37.996127128601074,,,0.30526,1.08524,0,,,,,,,,,GP3,0.30526,1.08524,0.37187,0.41019,normalised
38.01440191268921,,,0.32584,0.98747,0,,,,,,,,,GP3,0.32584,0.98747,0.37187,0.41019,normalised
38.03095579147339,,,0.35694,0.78273,0,,,,,,,,,GP3,0.35694,0.78273,0.37187,0.41019,normalised
38.04475998878479,,,0.34936,0.86947,0,,,,,,,,,GP3,0.34936,0.86947,0.37187,0.41019,normalised
38.06066417694092,,,0.36166,0.86326,0,,,,,,,,,GP3,0.36166,0.86326,0.37187,0.41019,normalised
38.07740640640259,,,0.37143,0.88596,0,,,,,,,,,GP3,0.37143,0.88596,0.37187,0.41019,normalised
38.093239307403564,,,0.36549,0.90487,0,,,,,,,,,GP3,0.36549,0.90487,0.37187,0.41019,normalised
38.11052584648132,,,0.35499,0.89953,0,,,,,,,,,GP3,0.35499,0.89953,0.37187,0.41019,normalised
38.12531900405884,,,0.34911,0.89526,1,,,,,,,,,GP3,0.34911,0.89526,0.37187,0.41019,normalised
38.14196586608887,,,0.34436,0.85061,1,,,,,,,,,GP3,0.34436,0.85061,0.37187,0.41019,normalised
38.16016960144043,,,0.34276,0.86181,1,,,,,,,,,GP3,0.34276,0.86181,0.37187,0.41019,normalised
38.17377996444702,,,0.34133,0.86931,1,,,,,,,,,GP3,0.34133,0.86931,0.37187,0.41019,normalised
38.18986129760742,,,0.34399,0.86652,1,,,,,,,,,GP3,0.34399,0.86652,0.37187,0.41019,normalised
38.207666635513306,,,0.34779,0.82598,1,,,,,,,,,GP3,0.34779,0.82598,0.37187,0.41019,normalised
38.222532749176025,,,0.35142,0.79549,1,,,,,,,,,GP3,0.35142,0.79549,0.37187,0.41019,normalised
38.23811173439026,,,0.35142,0.79549,1,,,,,,,,,GP3,0.35142,0.79549,0.37187,0.41019,normalised
38.259422302246094,,,0.35142,0.79549,1,,,,,,,,,GP3,0.35142,0.79549,0.37187,0.41019,normalised
38.27386999130249,,,0.35142,0.79549,1,,,,,,,,,GP3,0.35142,0.79549,0.37187,0.41019,normalised
38.29177212715149,,,0.3492,0.78543,0,,,,,,,,,GP3,0.3492,0.78543,0.37187,0.41019,normalised
38.30659008026123,,,0.3492,0.78543,0,,,,,,,,,GP3,0.3492,0.78543,0.37187,0.41019,normalised
38.32326698303223,,,0.3492,0.78543,0,,,,,,,,,GP3,0.3492,0.78543,0.37187,0.41019,normalised
38.33952569961548,,,0.0,0.0,0,,,,,,,,,GP3,0.0,0.0,0.37187,0.41019,normalised
38.35584211349487,,,0.0,0.0,0,,,,,,,,,GP3,0.0,0.0,0.37187,0.41019,normalised
38.372337102890015,,,0.19124,0.39336,0,,,,,,,,,GP3,0.19124,0.39336,0.37187,0.41019,normalised
38.38335847854614,,,0.34958,0.59537,0,,,,,,,,,GP3,0.34958,0.59537,0.37187,0.41019,normalised
38.40031433105469,,,0.32725,0.49103,0,,,,,,,,,GP3,0.32725,0.49103,0.37187,0.41019,normalised
38.41701316833496,,,0.31821,0.44895,0,,,,,,,,,GP3,0.31821,0.44895,0.37187,0.41019,normalised
38.434446573257446,,,0.3098,0.36925,0,,,,,,,,,GP3,0.3098,0.36925,0.37187,0.41019,normalised
38.44901752471924,,,0.31899,0.36837,0,,,,,,,,,GP3,0.31899,0.36837,0.37187,0.41019,normalised
38.46481800079346,,,0.32273,0.37173,0,,,,,,,,,GP3,0.32273,0.37173,0.37187,0.41019,normalised
38.48247027397156,,,0.31574,0.36741,1,,,,,,,,,GP3,0.31574,0.36741,0.37187,0.41019,normalised
38.49752473831177,,,0.31585,0.36293,1,,,,,,,,,GP3,0.31585,0.36293,0.37187,0.41019,normalised
38.51265740394592,,,0.31596,0.36093,1,,,,,,,,,GP3,0.31596,0.36093,0.37187,0.41019,normalised
38.52952837944031,,,0.32049,0.3628,1,,,,,,,,,GP3,0.32049,0.3628,0.37187,0.41019,normalised
38.54624390602112,,,0.3193,0.36336,1,,,,,,,,,GP3,0.3193,0.36336,0.37187,0.41019,normalised
38.56164598464966,,,0.31863,0.36506,1,,,,,,,,,GP3,0.31863,0.36506,0.37187,0.41019,normalised
38.57746720314026,,,0.3188,0.36929,1,,,,,,,,,GP3,0.3188,0.36929,0.37187,0.41019,normalised
38.59407711029053,,,0.32131,0.37512,1,,,,,,,,,GP3,0.32131,0.37512,0.37187,0.41019,normalised
38.611499071121216,,,0.32354,0.38044,1,,,,,,,,,GP3,0.32354,0.38044,0.37187,0.41019,normalised
38.62716364860535,,,0.32134,0.38241,1,,,,,,,,,GP3,0.32134,0.38241,0.37187,0.41019,normalised
38.6432843208313,,,0.32027,0.38466,1,,,,,,,,,GP3,0.32027,0.38466,0.37187,0.41019,normalised
38.660728216171265,,,0.31917,0.38588,1,,,,,,,,,GP3,0.31917,0.38588,0.37187,0.41019,normalised
38.67729878425598,,,0.31916,0.3843,1,,,,,,,,,GP3,0.31916,0.3843,0.37187,0.41019,normalised
38.69131422042847,,,0.31981,0.38417,1,,,,,,,,,GP3,0.31981,0.38417,0.37187,0.41019,normalised
38.7077214717865,,,0.32039,0.38405,1,,,,,,,,,GP3,0.32039,0.38405,0.37187,0.41019,normalised
38.72478675842285,,,0.32015,0.38362,1,,,,,,,,,GP3,0.32015,0.38362,0.37187,0.41019,normalised
38.73906207084656,,,0.3197,0.38258,1,,,,,,,,,GP3,0.3197,0.38258,0.37187,0.41019,normalised
38.75818061828613,,,0.31929,0.38164,1,,,,,,,,,GP3,0.31929,0.38164,0.37187,0.41019,normalised
38.77411675453186,,,0.31852,0.38231,1,,,,,,,,,GP3,0.31852,0.38231,0.37187,0.41019,normalised
38.78890872001648,,,0.31799,0.38415,1,,,,,,,,,GP3,0.31799,0.38415,0.37187,0.41019,normalised
38.806657552719116,,,0.31753,0.38607,1,,,,,,,,,GP3,0.31753,0.38607,0.37187,0.41019,normalised
38.82277488708496,,,0.3171,0.38739,1,,,,,,,,,GP3,0.3171,0.38739,0.37187,0.41019,normalised
38.83735108375549,,,0.31689,0.38916,1,,,,,,,,,GP3,0.31689,0.38916,0.37187,0.41019,normalised
38.854379653930664,,,0.31676,0.391,1,,,,,,,,,GP3,0.31676,0.391,0.37187,0.41019,normalised
38.86818170547485,,,0.31963,0.39556,1,,,,,,,,,GP3,0.31963,0.39556,0.37187,0.41019,normalised
38.88556170463562,,,0.32263,0.39697,1,,,,,,,,,GP3,0.32263,0.39697,0.37187,0.41019,normalised
38.903722286224365,,,0.32542,0.39823,1,,,,,,,,,GP3,0.32542,0.39823,0.37187,0.41019,normalised
38.918341398239136,,,0.34193,0.43547,0,,,,,,,,,GP3,0.34193,0.43547,0.37187,0.41019,normalised
38.93411660194397,,,0.38181,0.50689,0,,,,,,,,,GP3,0.38181,0.50689,0.37187,0.41019,normalised
38.95209813117981,,,0.39511,0.53069,0,,,,,,,,,GP3,0.39511,0.53069,0.37187,0.41019,normalised
38.96660280227661,,,0.43285,0.58376,0,,,,,,,,,GP3,0.43285,0.58376,0.37187,0.41019,normalised
38.981377601623535,,,0.43634,0.58102,0,,,,,,,,,GP3,0.43634,0.58102,0.37187,0.41019,normalised
38.9989869594574,,,0.4375,0.58011,0,,,,,,,,,GP3,0.4375,0.58011,0.37187,0.41019,normalised
39.01609539985657,,,0.47076,0.583,1,,,,,,,,,GP3,0.47076,0.583,0.37187,0.41019,normalised
39.03027272224426,,,0.48685,0.58729,1,,,,,,,,,GP3,0.48685,0.58729,0.37187,0.41019,normalised
39.04775285720825,,,0.49752,0.58941,1,,,,,,,,,GP3,0.49752,0.58941,0.37187,0.41019,normalised
39.06513977050781,,,0.50654,0.586,1,,,,,,,,,GP3,0.50654,0.586,0.37187,0.41019,normalised
39.08003640174866,,,0.5169,0.5866,1,,,,,,,,,GP3,0.5169,0.5866,0.37187,0.41019,normalised
39.09597086906433,,,0.52494,0.58723,1,,,,,,,,,GP3,0.52494,0.58723,0.37187,0.41019,normalised
39.11278247833252,,,0.52915,0.59275,1,,,,,,,,,GP3,0.52915,0.59275,0.37187,0.41019,normalised
39.128286838531494,,,0.53584,0.59638,1,,,,,,,,,GP3,0.53584,0.59638,0.37187,0.41019,normalised
39.14461064338684,,,0.54142,0.59978,1,,,,,,,,,GP3,0.54142,0.59978,0.37187,0.41019,normalised
39.161357402801514,,,0.54881,0.59832,1,,,,,,,,,GP3,0.54881,0.59832,0.37187,0.41019,normalised
39.17788910865784,,,0.56133,0.59228,1,,,,,,,,,GP3,0.56133,0.59228,0.37187,0.41019,normalised
39.19220471382141,,,0.60635,0.58704,0,,,,,,,,,GP3,0.60635,0.58704,0.37187,0.41019,normalised
39.20808005332947,,,0.67216,0.55695,0,,,,,,,,,GP3,0.67216,0.55695,0.37187,0.41019,normalised
39.22571587562561,,,0.6958,0.53953,0,,,,,,,,,GP3,0.6958,0.53953,0.37187,0.41019,normalised
39.241156339645386,,,0.74138,0.51209,0,,,,,,,,,GP3,0.74138,0.51209,0.37187,0.41019,normalised
39.258732080459595,,,0.7459,0.50867,0,,,,,,,,,GP3,0.7459,0.50867,0.37187,0.41019,normalised
39.27299427986145,,,0.74141,0.51862,0,,,,,,,,,GP3,0.74141,0.51862,0.37187,0.41019,normalised
39.290857553482056,,,0.73732,0.5293,1,,,,,,,,,GP3,0.73732,0.5293,0.37187,0.41019,normalised
39.30494999885559,,,0.73718,0.52893,1,,,,,,,,,GP3,0.73718,0.52893,0.37187,0.41019,normalised
39.32169556617737,,,0.7283,0.53548,1,,,,,,,,,GP3,0.7283,0.53548,0.37187,0.41019,normalised
39.33832359313965,,,0.72159,0.54159,1,,,,,,,,,GP3,0.72159,0.54159,0.37187,0.41019,normalised
39.35429859161377,,,0.7194,0.54819,1,,,,,,,,,GP3,0.7194,0.54819,0.37187,0.41019,normalised
39.37305021286011,,,0.71454,0.55152,1,,,,,,,,,GP3,0.71454,0.55152,0.37187,0.41019,normalised
39.38614892959595,,,0.71105,0.55286,1,,,,,,,,,GP3,0.71105,0.55286,0.37187,0.41019,normalised
39.40469980239868,,,0.70884,0.55181,1,,,,,,,,,GP3,0.70884,0.55181,0.37187,0.41019,normalised
39.41869044303894,,,0.70738,0.54942,1,,,,,,,,,GP3,0.70738,0.54942,0.37187,0.41019,normalised
39.43501114845276,,,0.70634,0.54662,1,,,,,,,,,GP3,0.70634,0.54662,0.37187,0.41019,normalised
39.4523286819458,,,0.70506,0.54443,1,,,,,,,,,GP3,0.70506,0.54443,0.37187,0.41019,normalised
39.467774868011475,,,0.70409,0.54152,1,,,,,,,,,GP3,0.70409,0.54152,0.37187,0.41019,normalised
39.48385405540466,,,0.70324,0.53898,1,,,,,,,,,GP3,0.70324,0.53898,0.37187,0.41019,normalised
39.49949502944946,,,0.70215,0.53705,1,,,,,,,,,GP3,0.70215,0.53705,0.37187,0.41019,normalised
39.51765584945679,,,0.70172,0.53545,1,,,,,,,,,GP3,0.70172,0.53545,0.37187,0.41019,normalised
39.5359423160553,,,0.70122,0.53428,1,,,,,,,,,GP3,0.70122,0.53428,0.37187,0.41019,normalised
39.54762148857117,,,0.69953,0.53555,1,,,,,,,,,GP3,0.69953,0.53555,0.37187,0.41019,normalised
39.56576347351074,,,0.69803,0.53683,1,,,,,,,,,GP3,0.69803,0.53683,0.37187,0.41019,normalised
39.58131194114685,,,0.69657,0.53844,1,,,,,,,,,GP3,0.69657,0.53844,0.37187,0.41019,normalised
39.59610557556152,,,0.6956,0.53814,1,,,,,,,,,GP3,0.6956,0.53814,0.37187,0.41019,normalised
39.612653493881226,,,0.69442,0.53916,1,,,,,,,,,GP3,0.69442,0.53916,0.37187,0.41019,normalised
39.629226207733154,,,0.69333,0.5401,1,,,,,,,,,GP3,0.69333,0.5401,0.37187,0.41019,normalised
39.64602613449097,,,0.69159,0.5401,1,,,,,,,,,GP3,0.69159,0.5401,0.37187,0.41019,normalised
39.66262221336365,,,0.69167,0.53937,1,,,,,,,,,GP3,0.69167,0.53937,0.37187,0.41019,normalised
39.67703890800476,,,0.6919,0.53811,1,,,,,,,,,GP3,0.6919,0.53811,0.37187,0.41019,normalised
39.6937894821167,,,0.69082,0.53689,1,,,,,,,,,GP3,0.69082,0.53689,0.37187,0.41019,normalised
39.711554765701294,,,0.68989,0.53571,1,,,,,,,,,GP3,0.68989,0.53571,0.37187,0.41019,normalised
39.727354764938354,,,0.68909,0.53429,1,,,,,,,,,GP3,0.68909,0.53429,0.37187,0.41019,normalised
39.74329137802124,,,0.68888,0.5336,1,,,,,,,,,GP3,0.68888,0.5336,0.37187,0.41019,normalised
39.75833082199097,,,0.68814,0.53395,1,,,,,,,,,GP3,0.68814,0.53395,0.37187,0.41019,normalised
39.77423930168152,,,0.68733,0.53471,1,,,,,,,,,GP3,0.68733,0.53471,0.37187,0.41019,normalised
39.79230499267578,,,0.68679,0.53501,1,,,,,,,,,GP3,0.68679,0.53501,0.37187,0.41019,normalised
39.80786752700806,,,0.68603,0.53518,1,,,,,,,,,GP3,0.68603,0.53518,0.37187,0.41019,normalised
39.822765827178955,,,0.6854,0.53504,1,,,,,,,,,GP3,0.6854,0.53504,0.37187,0.41019,normalised
39.83861827850342,,,0.68552,0.53443,1,,,,,,,,,GP3,0.68552,0.53443,0.37187,0.41019,normalised
39.8583550453186,,,0.68569,0.5325,1,,,,,,,,,GP3,0.68569,0.5325,0.37187,0.41019,normalised
39.872108936309814,,,0.68594,0.53014,1,,,,,,,,,GP3,0.68594,0.53014,0.37187,0.41019,normalised
39.88825988769531,,,0.68598,0.52803,1,,,,,,,,,GP3,0.68598,0.52803,0.37187,0.41019,normalised
39.90597438812256,,,0.6862,0.52712,1,,,,,,,,,GP3,0.6862,0.52712,0.37187,0.41019,normalised
39.92164897918701,,,0.68627,0.52677,1,,,,,,,,,GP3,0.68627,0.52677,0.37187,0.41019,normalised
39.93868398666382,,,0.68701,0.52607,1,,,,,,,,,GP3,0.68701,0.52607,0.37187,0.41019,normalised
39.95608925819397,,,0.68649,0.52688,1,,,,,,,,,GP3,0.68649,0.52688,0.37187,0.41019,normalised
39.96906018257141,,,0.68602,0.52763,1,,,,,,,,,GP3,0.68602,0.52763,0.37187,0.41019,normalised
39.9854097366333,,,0.68688,0.52837,1,,,,,,,,,GP3,0.68688,0.52837,0.37187,0.41019,normalised
40.002713203430176,,,0.68726,0.52918,1,,,,,,,,,GP3,0.68726,0.52918,0.37187,0.41019,normalised
40.01796102523804,,,0.68652,0.53023,1,,,,,,,,,GP3,0.68652,0.53023,0.37187,0.41019,normalised
40.03437519073486,,,0.6859,0.53252,1,,,,,,,,,GP3,0.6859,0.53252,0.37187,0.41019,normalised
40.05192756652832,,,0.6855,0.5341,1,,,,,,,,,GP3,0.6855,0.5341,0.37187,0.41019,normalised
40.06595540046692,,,0.68518,0.53543,1,,,,,,,,,GP3,0.68518,0.53543,0.37187,0.41019,normalised
40.08248591423035,,,0.70271,0.56536,0,,,,,,,,,GP3,0.70271,0.56536,0.37187,0.41019,normalised
40.09915518760681,,,0.71061,0.59561,0,,,,,,,,,GP3,0.71061,0.59561,0.37187,0.41019,normalised
40.11387276649475,,,0.71325,0.60569,0,,,,,,,,,GP3,0.71325,0.60569,0.37187,0.41019,normalised
40.13085412979126,,,0.69765,0.60773,1,,,,,,,,,GP3,0.69765,0.60773,0.37187,0.41019,normalised
40.146968364715576,,,0.69765,0.60773,1,,,,,,,,,GP3,0.69765,0.60773,0.37187,0.41019,normalised
40.16597080230713,,,0.69765,0.60773,1,,,,,,,,,GP3,0.69765,0.60773,0.37187,0.41019,normalised
40.180659532547,,,0.69765,0.60773,1,,,,,,,,,GP3,0.69765,0.60773,0.37187,0.41019,normalised
40.198028802871704,,,0.69596,0.62185,0,,,,,,,,,GP3,0.69596,0.62185,0.37187,0.41019,normalised
40.212894439697266,,,0.69596,0.62185,0,,,,,,,,,GP3,0.69596,0.62185,0.37187,0.41019,normalised
40.229716777801514,,,0.69596,0.62185,0,,,,,,,,,GP3,0.69596,0.62185,0.37187,0.41019,normalised
40.24526572227478,,,0.0,0.0,0,,,,,,,,,GP3,0.0,0.0,0.37187,0.41019,normalised
40.2609179019928,,,0.0,0.0,0,,,,,,,,,GP3,0.0,0.0,0.37187,0.41019,normalised
40.27755093574524,,,0.0,0.0,0,,,,,,,,,GP3,0.0,0.0,0.37187,0.41019,normalised
40.29724907875061,,,0.0,0.0,0,,,,,,,,,GP3,0.0,0.0,0.37187,0.41019,normalised
40.310598373413086,,,0.0,0.0,0,,,,,,,,,GP3,0.0,0.0,0.37187,0.41019,normalised
40.32849097251892,,,0.0,0.0,0,,,,,,,,,GP3,0.0,0.0,0.37187,0.41019,normalised
40.34397578239441,,,0.0,0.0,0,,,,,,,,,GP3,0.0,0.0,0.37187,0.41019,normalised
40.35967993736267,,,0.0,0.0,0,,,,,,,,,GP3,0.0,0.0,0.37187,0.41019,normalised
40.3778440952301,,,0.0,0.0,0,,,,,,,,,GP3,0.0,0.0,0.37187,0.41019,normalised
40.3937509059906,,,0.0,0.0,0,,,,,,,,,GP3,0.0,0.0,0.37187,0.41019,normalised
40.408830881118774,,,0.0,0.0,0,,,,,,,,,GP3,0.0,0.0,0.37187,0.41019,normalised
40.42575740814209,,,0.0,0.0,0,,,,,,,,,GP3,0.0,0.0,0.37187,0.41019,normalised
40.44227957725525,,,0.72892,0.56629,0,,,,,,,,,GP3,0.72892,0.56629,0.37187,0.41019,normalised
40.45604157447815,,,0.73041,0.56149,0,,,,,,,,,GP3,0.73041,0.56149,0.37187,0.41019,normalised
40.47124409675598,,,0.72589,0.55906,0,,,,,,,,,GP3,0.72589,0.55906,0.37187,0.41019,normalised
40.48830771446228,,,0.72205,0.56438,1,,,,,,,,,GP3,0.72205,0.56438,0.37187,0.41019,normalised
40.503119468688965,,,0.71937,0.56858,1,,,,,,,,,GP3,0.71937,0.56858,0.37187,0.41019,normalised
40.519179582595825,,,0.71699,0.57439,1,,,,,,,,,GP3,0.71699,0.57439,0.37187,0.41019,normalised
40.53582429885864,,,0.71295,0.58003,1,,,,,,,,,GP3,0.71295,0.58003,0.37187,0.41019,normalised
40.55295419692993,,,0.70929,0.58651,1,,,,,,,,,GP3,0.70929,0.58651,0.37187,0.41019,normalised
40.566569805145264,,,0.70661,0.59377,1,,,,,,,,,GP3,0.70661,0.59377,0.37187,0.41019,normalised
40.5836398601532,,,0.70393,0.59886,1,,,,,,,,,GP3,0.70393,0.59886,0.37187,0.41019,normalised
40.60044026374817,,,0.70173,0.60303,1,,,,,,,,,GP3,0.70173,0.60303,0.37187,0.41019,normalised
40.61656999588013,,,0.70039,0.60582,1,,,,,,,,,GP3,0.70039,0.60582,0.37187,0.41019,normalised
40.632094383239746,,,0.70034,0.60787,1,,,,,,,,,GP3,0.70034,0.60787,0.37187,0.41019,normalised
40.648839473724365,,,0.70029,0.60962,1,,,,,,,,,GP3,0.70029,0.60962,0.37187,0.41019,normalised
40.66354846954346,,,0.70147,0.60645,1,,,,,,,,,GP3,0.70147,0.60645,0.37187,0.41019,normalised
40.681477308273315,,,0.70084,0.60527,1,,,,,,,,,GP3,0.70084,0.60527,0.37187,0.41019,normalised
40.697123527526855,,,0.70054,0.60338,1,,,,,,,,,GP3,0.70054,0.60338,0.37187,0.41019,normalised
40.712398052215576,,,0.70019,0.60245,1,,,,,,,,,GP3,0.70019,0.60245,0.37187,0.41019,normalised
40.72917151451111,,,0.70103,0.60103,1,,,,,,,,,GP3,0.70103,0.60103,0.37187,0.41019,normalised
40.746803283691406,,,0.70182,0.59954,1,,,,,,,,,GP3,0.70182,0.59954,0.37187,0.41019,normalised
40.76272749900818,,,0.70282,0.59805,1,,,,,,,,,GP3,0.70282,0.59805,0.37187,0.41019,normalised
40.77731418609619,,,0.70382,0.59567,1,,,,,,,,,GP3,0.70382,0.59567,0.37187,0.41019,normalised
40.79387283325195,,,0.70456,0.59413,1,,,,,,,,,GP3,0.70456,0.59413,0.37187,0.41019,normalised
40.81158232688904,,,0.70386,0.59377,1,,,,,,,,,GP3,0.70386,0.59377,0.37187,0.41019,normalised
40.82574677467346,,,0.70279,0.59298,1,,,,,,,,,GP3,0.70279,0.59298,0.37187,0.41019,normalised
40.844374656677246,,,0.70182,0.59207,1,,,,,,,,,GP3,0.70182,0.59207,0.37187,0.41019,normalised
40.85882759094238,,,0.70094,0.59112,1,,,,,,,,,GP3,0.70094,0.59112,0.37187,0.41019,normalised
40.87451219558716,,,0.69982,0.59085,1,,,,,,,,,GP3,0.69982,0.59085,0.37187,0.41019,normalised
40.89116954803467,,,0.6987,0.59092,1,,,,,,,,,GP3,0.6987,0.59092,0.37187,0.41019,normalised
40.90828824043274,,,0.69831,0.5918,1,,,,,,,,,GP3,0.69831,0.5918,0.37187,0.41019,normalised
40.924992084503174,,,0.69748,0.59276,1,,,,,,,,,GP3,0.69748,0.59276,0.37187,0.41019,normalised
40.93886208534241,,,0.6967,0.59366,1,,,,,,,,,GP3,0.6967,0.59366,0.37187,0.41019,normalised
40.954691886901855,,,0.69592,0.59317,1,,,,,,,,,GP3,0.69592,0.59317,0.37187,0.41019,normalised
40.97206377983093,,,0.69531,0.59465,1,,,,,,,,,GP3,0.69531,0.59465,0.37187,0.41019,normalised
40.98815679550171,,,0.69473,0.59604,1,,,,,,,,,GP3,0.69473,0.59604,0.37187,0.41019,normalised
41.00436997413635,,,0.69436,0.59567,1,,,,,,,,,GP3,0.69436,0.59567,0.37187,0.41019,normalised
41.01986908912659,,,0.69429,0.59631,1,,,,,,,,,GP3,0.69429,0.59631,0.37187,0.41019,normalised
41.03806138038635,,,0.69434,0.59654,1,,,,,,,,,GP3,0.69434,0.59654,0.37187,0.41019,normalised
41.05239939689636,,,0.69395,0.59541,1,,,,,,,,,GP3,0.69395,0.59541,0.37187,0.41019,normalised
41.071171045303345,,,0.69377,0.59448,1,,,,,,,,,GP3,0.69377,0.59448,0.37187,0.41019,normalised
41.085286378860474,,,0.69361,0.5935,1,,,,,,,,,GP3,0.69361,0.5935,0.37187,0.41019,normalised
41.102110862731934,,,0.69352,0.59316,1,,,,,,,,,GP3,0.69352,0.59316,0.37187,0.41019,normalised
41.12010645866394,,,0.69293,0.59237,1,,,,,,,,,GP3,0.69293,0.59237,0.37187,0.41019,normalised
41.135276794433594,,,0.69227,0.59206,1,,,,,,,,,GP3,0.69227,0.59206,0.37187,0.41019,normalised
41.149563789367676,,,0.69221,0.59184,1,,,,,,,,,GP3,0.69221,0.59184,0.37187,0.41019,normalised
41.16708159446716,,,0.69189,0.59188,1,,,,,,,,,GP3,0.69189,0.59188,0.37187,0.41019,normalised
41.18159890174866,,,0.69158,0.59192,1,,,,,,,,,GP3,0.69158,0.59192,0.37187,0.41019,normalised
41.199140787124634,,,0.69148,0.59216,1,,,,,,,,,GP3,0.69148,0.59216,0.37187,0.41019,normalised
41.21366310119629,,,0.69027,0.59276,1,,,,,,,,,GP3,0.69027,0.59276,0.37187,0.41019,normalised
41.230226039886475,,,0.68901,0.59357,1,,,,,,,,,GP3,0.68901,0.59357,0.37187,0.41019,normalised
41.2473201751709,,,0.68814,0.59435,1,,,,,,,,,GP3,0.68814,0.59435,0.37187,0.41019,normalised
41.263020515441895,,,0.68702,0.59486,1,,,,,,,,,GP3,0.68702,0.59486,0.37187,0.41019,normalised
41.28056240081787,,,0.68602,0.59497,1,,,,,,,,,GP3,0.68602,0.59497,0.37187,0.41019,normalised
41.295323848724365,,,0.68357,0.59411,1,,,,,,,,,GP3,0.68357,0.59411,0.37187,0.41019,normalised
41.312785148620605,,,0.65509,0.58694,0,,,,,,,,,GP3,0.65509,0.58694,0.37187,0.41019,normalised
41.329328298568726,,,0.59942,0.56711,0,,,,,,,,,GP3,0.59942,0.56711,0.37187,0.41019,normalised
41.34353280067444,,,0.57836,0.56836,0,,,,,,,,,GP3,0.57836,0.56836,0.37187,0.41019,normalised
41.360812187194824,,,0.55065,0.55096,0,,,,,,,,,GP3,0.55065,0.55096,0.37187,0.41019,normalised
41.37536096572876,,,0.5609,0.55028,0,,,,,,,,,GP3,0.5609,0.55028,0.37187,0.41019,normalised
41.392282247543335,,,0.56079,0.5568,0,,,,,,,,,GP3,0.56079,0.5568,0.37187,0.41019,normalised
41.4097580909729,,,0.5605,0.55816,1,,,,,,,,,GP3,0.5605,0.55816,0.37187,0.41019,normalised
41.42547130584717,,,0.56048,0.55709,1,,,,,,,,,GP3,0.56048,0.55709,0.37187,0.41019,normalised
41.44202971458435,,,0.56026,0.55992,1,,,,,,,,,GP3,0.56026,0.55992,0.37187,0.41019,normalised
41.456732511520386,,,0.55923,0.56495,1,,,,,,,,,GP3,0.55923,0.56495,0.37187,0.41019,normalised
41.474773645401,,,0.55855,0.5676,1,,,,,,,,,GP3,0.55855,0.5676,0.37187,0.41019,normalised
41.48926496505737,,,0.55726,0.56243,1,,,,,,,,,GP3,0.55726,0.56243,0.37187,0.41019,normalised
41.505383014678955,,,0.55713,0.55984,1,,,,,,,,,GP3,0.55713,0.55984,0.37187,0.41019,normalised
41.523197889328,,,0.55697,0.55842,1,,,,,,,,,GP3,0.55697,0.55842,0.37187,0.41019,normalised
41.53746438026428,,,0.55687,0.55952,1,,,,,,,,,GP3,0.55687,0.55952,0.37187,0.41019,normalised
41.55599045753479,,,0.55687,0.56322,1,,,,,,,,,GP3,0.55687,0.56322,0.37187,0.41019,normalised
41.57049822807312,,,0.55681,0.56704,1,,,,,,,,,GP3,0.55681,0.56704,0.37187,0.41019,normalised
41.586079597473145,,,0.55687,0.5656,1,,,,,,,,,GP3,0.55687,0.5656,0.37187,0.41019,normalised
41.601972579956055,,,0.55567,0.56314,1,,,,,,,,,GP3,0.55567,0.56314,0.37187,0.41019,normalised
41.62078332901001,,,0.55467,0.5599,1,,,,,,,,,GP3,0.55467,0.5599,0.37187,0.41019,normalised
41.63572382926941,,,0.55562,0.55594,1,,,,,,,,,GP3,0.55562,0.55594,0.37187,0.41019,normalised
41.652873277664185,,,0.55582,0.55367,1,,,,,,,,,GP3,0.55582,0.55367,0.37187,0.41019,normalised
41.666646003723145,,,0.55594,0.55189,1,,,,,,,,,GP3,0.55594,0.55189,0.37187,0.41019,normalised
41.68434977531433,,,0.55703,0.55021,1,,,,,,,,,GP3,0.55703,0.55021,0.37187,0.41019,normalised
41.699069023132324,,,0.55981,0.55132,1,,,,,,,,,GP3,0.55981,0.55132,0.37187,0.41019,normalised
41.71680569648743,,,0.56235,0.55253,1,,,,,,,,,GP3,0.56235,0.55253,0.37187,0.41019,normalised
41.73346948623657,,,0.56423,0.55297,1,,,,,,,,,GP3,0.56423,0.55297,0.37187,0.41019,normalised
41.74880647659302,,,0.56615,0.55366,1,,,,,,,,,GP3,0.56615,0.55366,0.37187,0.41019,normalised
41.766552686691284,,,0.56793,0.55413,1,,,,,,,,,GP3,0.56793,0.55413,0.37187,0.41019,normalised
41.78089261054993,,,0.56858,0.55456,1,,,,,,,,,GP3,0.56858,0.55456,0.37187,0.41019,normalised
41.798431158065796,,,0.57005,0.5553,1,,,,,,,,,GP3,0.57005,0.5553,0.37187,0.41019,normalised
41.81307315826416,,,0.57136,0.55646,1,,,,,,,,,GP3,0.57136,0.55646,0.37187,0.41019,normalised
41.83092284202576,,,0.59807,0.55991,0,,,,,,,,,GP3,0.59807,0.55991,0.37187,0.41019,normalised
41.845009088516235,,,0.60516,0.56643,0,,,,,,,,,GP3,0.60516,0.56643,0.37187,0.41019,normalised
41.86256384849548,,,0.6076,0.56807,0,,,,,,,,,GP3,0.6076,0.56807,0.37187,0.41019,normalised
41.87776827812195,,,0.59697,0.57963,1,,,,,,,,,GP3,0.59697,0.57963,0.37187,0.41019,normalised
41.894402503967285,,,0.57123,0.59292,1,,,,,,,,,GP3,0.57123,0.59292,0.37187,0.41019,normalised
41.91183662414551,,,0.55407,0.60178,1,,,,,,,,,GP3,0.55407,0.60178,0.37187,0.41019,normalised
41.92535853385925,,,0.53651,0.61341,1,,,,,,,,,GP3,0.53651,0.61341,0.37187,0.41019,normalised
41.94305968284607,,,0.52163,0.62361,1,,,,,,,,,GP3,0.52163,0.62361,0.37187,0.41019,normalised
41.95919609069824,,,0.50997,0.63086,1,,,,,,,,,GP3,0.50997,0.63086,0.37187,0.41019,normalised
41.97662973403931,,,0.49894,0.63815,1,,,,,,,,,GP3,0.49894,0.63815,0.37187,0.41019,normalised
41.99143433570862,,,0.48955,0.64245,1,,,,,,,,,GP3,0.48955,0.64245,0.37187,0.41019,normalised
42.00816297531128,,,0.48181,0.64688,1,,,,,,,,,GP3,0.48181,0.64688,0.37187,0.41019,normalised
42.0255982875824,,,0.4688,0.65364,1,,,,,,,,,GP3,0.4688,0.65364,0.37187,0.41019,normalised
42.04025483131409,,,0.43352,0.67489,0,,,,,,,,,GP3,0.43352,0.67489,0.37187,0.41019,normalised
42.05461382865906,,,0.37555,0.7027,0,,,,,,,,,GP3,0.37555,0.7027,0.37187,0.41019,normalised
42.07121729850769,,,0.34022,0.70701,0,,,,,,,,,GP3,0.34022,0.70701,0.37187,0.41019,normalised
42.08866834640503,,,0.28142,0.71245,0,,,,,,,,,GP3,0.28142,0.71245,0.37187,0.41019,normalised
42.10333514213562,,,0.2682,0.70011,0,,,,,,,,,GP3,0.2682,0.70011,0.37187,0.41019,normalised
42.12085032463074,,,0.27987,0.70102,0,,,,,,,,,GP3,0.27987,0.70102,0.37187,0.41019,normalised
42.1353759765625,,,0.28331,0.70935,1,,,,,,,,,GP3,0.28331,0.70935,0.37187,0.41019,normalised
42.152841329574585,,,0.28678,0.71762,1,,,,,,,,,GP3,0.28678,0.71762,0.37187,0.41019,normalised
42.170639991760254,,,0.26124,0.72728,1,,,,,,,,,GP3,0.26124,0.72728,0.37187,0.41019,normalised
42.18436360359192,,,0.2455,0.72947,1,,,,,,,,,GP3,0.2455,0.72947,0.37187,0.41019,normalised
42.20198631286621,,,0.2328,0.73,1,,,,,,,,,GP3,0.2328,0.73,0.37187,0.41019,normalised
42.21685194969177,,,0.22,0.73519,1,,,,,,,,,GP3,0.22,0.73519,0.37187,0.41019,normalised
42.233381032943726,,,0.20924,0.73947,1,,,,,,,,,GP3,0.20924,0.73947,0.37187,0.41019,normalised
42.24962329864502,,,0.20053,0.74307,1,,,,,,,,,GP3,0.20053,0.74307,0.37187,0.41019,normalised
42.266260862350464,,,0.19399,0.74623,1,,,,,,,,,GP3,0.19399,0.74623,0.37187,0.41019,normalised
42.28191828727722,,,0.1884,0.75105,1,,,,,,,,,GP3,0.1884,0.75105,0.37187,0.41019,normalised
42.29955196380615,,,0.18347,0.75496,1,,,,,,,,,GP3,0.18347,0.75496,0.37187,0.41019,normalised
42.314176082611084,,,0.1549,0.77564,0,,,,,,,,,GP3,0.1549,0.77564,0.37187,0.41019,normalised
42.3308002948761,,,0.15355,0.78777,0,,,,,,,,,GP3,0.15355,0.78777,0.37187,0.41019,normalised
42.34800672531128,,,0.15211,0.7908,0,,,,,,,,,GP3,0.15211,0.7908,0.37187,0.41019,normalised
42.36258578300476,,,0.15904,0.7758,1,,,,,,,,,GP3,0.15904,0.7758,0.37187,0.41019,normalised
42.379055976867676,,,0.15552,0.77333,1,,,,,,,,,GP3,0.15552,0.77333,0.37187,0.41019,normalised
42.39662146568298,,,0.15396,0.77276,1,,,,,,,,,GP3,0.15396,0.77276,0.37187,0.41019,normalised
42.41113829612732,,,0.15631,0.77577,1,,,,,,,,,GP3,0.15631,0.77577,0.37187,0.41019,normalised
42.42832970619202,,,0.1577,0.78095,1,,,,,,,,,GP3,0.1577,0.78095,0.37187,0.41019,normalised
42.442912340164185,,,0.15919,0.78553,1,,,,,,,,,GP3,0.15919,0.78553,0.37187,0.41019,normalised
42.459229707717896,,,0.16396,0.78771,1,,,,,,,,,GP3,0.16396,0.78771,0.37187,0.41019,normalised
42.47699189186096,,,0.16554,0.78933,1,,,,,,,,,GP3,0.16554,0.78933,0.37187,0.41019,normalised
42.491543769836426,,,0.16672,0.79039,1,,,,,,,,,GP3,0.16672,0.79039,0.37187,0.41019,normalised
42.508968114852905,,,0.16695,0.79152,1,,,,,,,,,GP3,0.16695,0.79152,0.37187,0.41019,normalised
42.5264835357666,,,0.16268,0.78479,1,,,,,,,,,GP3,0.16268,0.78479,0.37187,0.41019,normalised
42.54131317138672,,,0.16268,0.78479,1,,,,,,,,,GP3,0.16268,0.78479,0.37187,0.41019,normalised
42.55940890312195,,,0.16268,0.78479,1,,,,,,,,,GP3,0.16268,0.78479,0.37187,0.41019,normalised
42.577040910720825,,,0.16268,0.78479,1,,,,,,,,,GP3,0.16268,0.78479,0.37187,0.41019,normalised
42.59184813499451,,,0.1642,0.78429,0,,,,,,,,,GP3,0.1642,0.78429,0.37187,0.41019,normalised
42.60851168632507,,,0.1642,0.78429,0,,,,,,,,,GP3,0.1642,0.78429,0.37187,0.41019,normalised
42.62604737281799,,,0.1642,0.78429,0,,,,,,,,,GP3,0.1642,0.78429,0.37187,0.41019,normalised
42.64073204994202,,,0.0,0.0,0,,,,,,,,,GP3,0.0,0.0,0.37187,0.41019,normalised
42.657984256744385,,,0.0,0.0,0,,,,,,,,,GP3,0.0,0.0,0.37187,0.41019,normalised
42.67163872718811,,,0.0,0.0,0,,,,,,,,,GP3,0.0,0.0,0.37187,0.41019,normalised
42.68926930427551,,,0.0,0.0,0,,,,,,,,,GP3,0.0,0.0,0.37187,0.41019,normalised
42.70689082145691,,,0.0,0.0,0,,,,,,,,,GP3,0.0,0.0,0.37187,0.41019,normalised
42.721516609191895,,,0.0,0.0,0,,,,,,,,,GP3,0.0,0.0,0.37187,0.41019,normalised
42.7391402721405,,,0.0,0.0,0,,,,,,,,,GP3,0.0,0.0,0.37187,0.41019,normalised
42.75362157821655,,,0.0,0.0,0,,,,,,,,,GP3,0.0,0.0,0.37187,0.41019,normalised
42.76933264732361,,,0.0,0.0,0,,,,,,,,,GP3,0.0,0.0,0.37187,0.41019,normalised
42.78707504272461,,,0.0,0.0,0,,,,,,,,,GP3,0.0,0.0,0.37187,0.41019,normalised
42.804686069488525,,,0.0,0.0,0,,,,,,,,,GP3,0.0,0.0,0.37187,0.41019,normalised
42.82031488418579,,,0.0,0.0,0,,,,,,,,,GP3,0.0,0.0,0.37187,0.41019,normalised
42.83503580093384,,,0.1223,0.71081,0,,,,,,,,,GP3,0.1223,0.71081,0.37187,0.41019,normalised
42.84726071357727,,,0.13085,0.73678,0,,,,,,,,,GP3,0.13085,0.73678,0.37187,0.41019,normalised
42.86393690109253,,,0.14223,0.75612,0,,,,,,,,,GP3,0.14223,0.75612,0.37187,0.41019,normalised
42.8816614151001,,,0.14807,0.76551,1,,,,,,,,,GP3,0.14807,0.76551,0.37187,0.41019,normalised
42.89741611480713,,,0.15051,0.76939,1,,,,,,,,,GP3,0.15051,0.76939,0.37187,0.41019,normalised
42.91200351715088,,,0.1521,0.77356,1,,,,,,,,,GP3,0.1521,0.77356,0.37187,0.41019,normalised
42.929537773132324,,,0.15275,0.77589,1,,,,,,,,,GP3,0.15275,0.77589,0.37187,0.41019,normalised
42.94763422012329,,,0.15261,0.77106,1,,,,,,,,,GP3,0.15261,0.77106,0.37187,0.41019,normalised
42.962305545806885,,,0.15606,0.77,1,,,,,,,,,GP3,0.15606,0.77,0.37187,0.41019,normalised
42.97689390182495,,,0.15882,0.76915,1,,,,,,,,,GP3,0.15882,0.76915,0.37187,0.41019,normalised
42.994521379470825,,,0.15884,0.76705,1,,,,,,,,,GP3,0.15884,0.76705,0.37187,0.41019,normalised
43.009233474731445,,,0.16045,0.76616,1,,,,,,,,,GP3,0.16045,0.76616,0.37187,0.41019,normalised
43.027995109558105,,,0.16217,0.76604,1,,,,,,,,,GP3,0.16217,0.76604,0.37187,0.41019,normalised
43.041653871536255,,,0.15956,0.76695,1,,,,,,,,,GP3,0.15956,0.76695,0.37187,0.41019,normalised
43.05812740325928,,,0.15897,0.76884,1,,,,,,,,,GP3,0.15897,0.76884,0.37187,0.41019,normalised
43.074889183044434,,,0.15864,0.77069,1,,,,,,,,,GP3,0.15864,0.77069,0.37187,0.41019,normalised
43.09258699417114,,,0.15908,0.77163,1,,,,,,,,,GP3,0.15908,0.77163,0.37187,0.41019,normalised
43.10630798339844,,,0.15867,0.77129,1,,,,,,,,,GP3,0.15867,0.77129,0.37187,0.41019,normalised
43.123058795928955,,,0.15772,0.77023,1,,,,,,,,,GP3,0.15772,0.77023,0.37187,0.41019,normalised
43.13966155052185,,,0.15603,0.76944,1,,,,,,,,,GP3,0.15603,0.76944,0.37187,0.41019,normalised
43.157357692718506,,,0.15655,0.76986,1,,,,,,,,,GP3,0.15655,0.76986,0.37187,0.41019,normalised
43.171191692352295,,,0.1574,0.77079,1,,,,,,,,,GP3,0.1574,0.77079,0.37187,0.41019,normalised
43.18860387802124,,,0.15667,0.77061,1,,,,,,,,,GP3,0.15667,0.77061,0.37187,0.41019,normalised
43.20471167564392,,,0.15657,0.77144,1,,,,,,,,,GP3,0.15657,0.77144,0.37187,0.41019,normalised
43.219144105911255,,,0.1566,0.77232,1,,,,,,,,,GP3,0.1566,0.77232,0.37187,0.41019,normalised
43.23601508140564,,,0.15623,0.77296,1,,,,,,,,,GP3,0.15623,0.77296,0.37187,0.41019,normalised
43.25275635719299,,,0.15562,0.77308,1,,,,,,,,,GP3,0.15562,0.77308,0.37187,0.41019,normalised
43.26952767372131,,,0.15478,0.77285,1,,,,,,,,,GP3,0.15478,0.77285,0.37187,0.41019,normalised
43.28416204452515,,,0.15386,0.77179,1,,,,,,,,,GP3,0.15386,0.77179,0.37187,0.41019,normalised
43.30087995529175,,,0.1534,0.7712,1,,,,,,,,,GP3,0.1534,0.7712,0.37187,0.41019,normalised
43.31660604476929,,,0.15311,0.77086,1,,,,,,,,,GP3,0.15311,0.77086,0.37187,0.41019,normalised
43.333364486694336,,,0.15293,0.7713,1,,,,,,,,,GP3,0.15293,0.7713,0.37187,0.41019,normalised
43.348814725875854,,,0.15265,0.77248,1,,,,,,,,,GP3,0.15265,0.77248,0.37187,0.41019,normalised
43.366249322891235,,,0.15253,0.77376,1,,,,,,,,,GP3,0.15253,0.77376,0.37187,0.41019,normalised
43.38235783576965,,,0.15306,0.77422,1,,,,,,,,,GP3,0.15306,0.77422,0.37187,0.41019,normalised
43.40013313293457,,,0.15374,0.77529,1,,,,,,,,,GP3,0.15374,0.77529,0.37187,0.41019,normalised
43.41373038291931,,,0.15444,0.77634,1,,,,,,,,,GP3,0.15444,0.77634,0.37187,0.41019,normalised
43.43105340003967,,,0.15479,0.77733,1,,,,,,,,,GP3,0.15479,0.77733,0.37187,0.41019,normalised
43.44568419456482,,,0.15485,0.77808,1,,,,,,,,,GP3,0.15485,0.77808,0.37187,0.41019,normalised
43.46176075935364,,,0.15488,0.77877,1,,,,,,,,,GP3,0.15488,0.77877,0.37187,0.41019,normalised
43.47845482826233,,,0.15437,0.77964,1,,,,,,,,,GP3,0.15437,0.77964,0.37187,0.41019,normalised
43.49491238594055,,,0.15458,0.78028,1,,,,,,,,,GP3,0.15458,0.78028,0.37187,0.41019,normalised
43.511441469192505,,,0.1592,0.80709,0,,,,,,,,,GP3,0.1592,0.80709,0.37187,0.41019,normalised
43.52733898162842,,,0.16048,0.8122,0,,,,,,,,,GP3,0.16048,0.8122,0.37187,0.41019,normalised
43.54397439956665,,,0.16199,0.81642,0,,,,,,,,,GP3,0.16199,0.81642,0.37187,0.41019,normalised
43.561119556427,,,0.16136,0.81656,1,,,,,,,,,GP3,0.16136,0.81656,0.37187,0.41019,normalised
43.577773332595825,,,0.15892,0.81122,1,,,,,,,,,GP3,0.15892,0.81122,0.37187,0.41019,normalised
43.591482639312744,,,0.15775,0.80918,1,,,,,,,,,GP3,0.15775,0.80918,0.37187,0.41019,normalised
43.60817837715149,,,0.15629,0.8069,1,,,,,,,,,GP3,0.15629,0.8069,0.37187,0.41019,normalised
43.6247193813324,,,0.15469,0.80665,1,,,,,,,,,GP3,0.15469,0.80665,0.37187,0.41019,normalised
43.64147233963013,,,0.1531,0.80664,1,,,,,,,,,GP3,0.1531,0.80664,0.37187,0.41019,normalised
43.65778636932373,,,0.1527,0.8077,1,,,,,,,,,GP3,0.1527,0.8077,0.37187,0.41019,normalised
43.6723313331604,,,0.15476,0.80649,1,,,,,,,,,GP3,0.15476,0.80649,0.37187,0.41019,normalised
43.690054178237915,,,0.15645,0.80498,1,,,,,,,,,GP3,0.15645,0.80498,0.37187,0.41019,normalised
43.70667600631714,,,0.15726,0.80283,1,,,,,,,,,GP3,0.15726,0.80283,0.37187,0.41019,normalised
43.720481872558594,,,0.15436,0.79985,1,,,,,,,,,GP3,0.15436,0.79985,0.37187,0.41019,normalised
43.7383246421814,,,0.15333,0.79905,1,,,,,,,,,GP3,0.15333,0.79905,0.37187,0.41019,normalised
43.75314140319824,,,0.15191,0.7977,1,,,,,,,,,GP3,0.15191,0.7977,0.37187,0.41019,normalised
43.76906943321228,,,0.15245,0.79729,1,,,,,,,,,GP3,0.15245,0.79729,0.37187,0.41019,normalised
43.786832332611084,,,0.15026,0.79479,1,,,,,,,,,GP3,0.15026,0.79479,0.37187,0.41019,normalised
43.80251407623291,,,0.14839,0.79271,1,,,,,,,,,GP3,0.14839,0.79271,0.37187,0.41019,normalised
43.8200409412384,,,0.14732,0.78967,1,,,,,,,,,GP3,0.14732,0.78967,0.37187,0.41019,normalised
43.83480644226074,,,0.14721,0.78969,1,,,,,,,,,GP3,0.14721,0.78969,0.37187,0.41019,normalised
43.85117864608765,,,0.14744,0.7901,1,,,,,,,,,GP3,0.14744,0.7901,0.37187,0.41019,normalised
43.8688600063324,,,0.1466,0.78992,1,,,,,,,,,GP3,0.1466,0.78992,0.37187,0.41019,normalised
43.883612394332886,,,0.14609,0.78937,1,,,,,,,,,GP3,0.14609,0.78937,0.37187,0.41019,normalised
43.90116310119629,,,0.14563,0.78887,1,,,,,,,,,GP3,0.14563,0.78887,0.37187,0.41019,normalised
43.914915561676025,,,0.14588,0.78862,1,,,,,,,,,GP3,0.14588,0.78862,0.37187,0.41019,normalised
43.93260955810547,,,0.1466,0.78748,1,,,,,,,,,GP3,0.1466,0.78748,0.37187,0.41019,normalised
43.947898864746094,,,0.14726,0.78643,1,,,,,,,,,GP3,0.14726,0.78643,0.37187,0.41019,normalised
43.965707778930664,,,0.14655,0.78514,1,,,,,,,,,GP3,0.14655,0.78514,0.37187,0.41019,normalised
43.979403257369995,,,0.14629,0.78478,1,,,,,,,,,GP3,0.14629,0.78478,0.37187,0.41019,normalised
43.99613618850708,,,0.1459,0.78423,1,,,,,,,,,GP3,0.1459,0.78423,0.37187,0.41019,normalised
44.01264691352844,,,0.14585,0.783,1,,,,,,,,,GP3,0.14585,0.783,0.37187,0.41019,normalised
44.029436111450195,,,0.14491,0.78251,1,,,,,,,,,GP3,0.14491,0.78251,0.37187,0.41019,normalised
44.04408884048462,,,0.14408,0.78215,1,,,,,,,,,GP3,0.14408,0.78215,0.37187,0.41019,normalised
44.0612359046936,,,0.14392,0.78213,1,,,,,,,,,GP3,0.14392,0.78213,0.37187,0.41019,normalised
44.078243017196655,,,0.14354,0.78271,1,,,,,,,,,GP3,0.14354,0.78271,0.37187,0.41019,normalised
44.09298515319824,,,0.14345,0.78357,1,,,,,,,,,GP3,0.14345,0.78357,0.37187,0.41019,normalised
44.10970997810364,,,0.14361,0.78435,1,,,,,,,,,GP3,0.14361,0.78435,0.37187,0.41019,normalised
44.12669658660889,,,0.1437,0.78537,1,,,,,,,,,GP3,0.1437,0.78537,0.37187,0.41019,normalised
44.14129424095154,,,0.14379,0.78633,1,,,,,,,,,GP3,0.14379,0.78633,0.37187,0.41019,normalised
44.15779948234558,,,0.14487,0.78716,1,,,,,,,,,GP3,0.14487,0.78716,0.37187,0.41019,normalised
44.17544627189636,,,0.14628,0.78362,1,,,,,,,,,GP3,0.14628,0.78362,0.37187,0.41019,normalised
44.18996548652649,,,0.14751,0.77995,1,,,,,,,,,GP3,0.14751,0.77995,0.37187,0.41019,normalised
44.207683086395264,,,0.14978,0.77487,1,,,,,,,,,GP3,0.14978,0.77487,0.37187,0.41019,normalised
44.222392320632935,,,0.17091,0.73254,0,,,,,,,,,GP3,0.17091,0.73254,0.37187,0.41019,normalised
44.2400221824646,,,0.20354,0.6167,0,,,,,,,,,GP3,0.20354,0.6167,0.37187,0.41019,normalised
44.25646996498108,,,0.23053,0.58761,0,,,,,,,,,GP3,0.23053,0.58761,0.37187,0.41019,normalised
44.273189067840576,,,0.25977,0.50888,0,,,,,,,,,GP3,0.25977,0.50888,0.37187,0.41019,normalised
44.2877402305603,,,0.26065,0.50726,0,,,,,,,,,GP3,0.26065,0.50726,0.37187,0.41019,normalised
44.30454897880554,,,0.26361,0.50978,0,,,,,,,,,GP3,0.26361,0.50978,0.37187,0.41019,normalised
44.319385290145874,,,0.27123,0.51932,1,,,,,,,,,GP3,0.27123,0.51932,0.37187,0.41019,normalised
44.335224628448486,,,0.27594,0.52601,1,,,,,,,,,GP3,0.27594,0.52601,0.37187,0.41019,normalised
44.352258920669556,,,0.27168,0.52773,1,,,,,,,,,GP3,0.27168,0.52773,0.37187,0.41019,normalised
44.368866205215454,,,0.26755,0.527,1,,,,,,,,,GP3,0.26755,0.527,0.37187,0.41019,normalised
44.383835554122925,,,0.26446,0.52644,1,,,,,,,,,GP3,0.26446,0.52644,0.37187,0.41019,normalised
44.4014618396759,,,0.26449,0.5299,1,,,,,,,,,GP3,0.26449,0.5299,0.37187,0.41019,normalised
44.41886830329895,,,0.26551,0.53101,1,,,,,,,,,GP3,0.26551,0.53101,0.37187,0.41019,normalised
44.43253517150879,,,0.26661,0.53276,1,,,,,,,,,GP3,0.26661,0.53276,0.37187,0.41019,normalised
44.451003551483154,,,0.26534,0.53504,1,,,,,,,,,GP3,0.26534,0.53504,0.37187,0.41019,normalised
44.467514991760254,,,0.26673,0.54095,1,,,,,,,,,GP3,0.26673,0.54095,0.37187,0.41019,normalised
44.481220960617065,,,0.26812,0.54663,1,,,,,,,,,GP3,0.26812,0.54663,0.37187,0.41019,normalised
44.49790906906128,,,0.26903,0.55149,1,,,,,,,,,GP3,0.26903,0.55149,0.37187,0.41019,normalised
44.514453649520874,,,0.26941,0.55523,1,,,,,,,,,GP3,0.26941,0.55523,0.37187,0.41019,normalised
44.53207278251648,,,0.26975,0.55853,1,,,,,,,,,GP3,0.26975,0.55853,0.37187,0.41019,normalised
44.546756744384766,,,0.27033,0.56189,1,,,,,,,,,GP3,0.27033,0.56189,0.37187,0.41019,normalised
44.56196093559265,,,0.27105,0.56362,1,,,,,,,,,GP3,0.27105,0.56362,0.37187,0.41019,normalised
44.57760453224182,,,0.27645,0.59063,0,,,,,,,,,GP3,0.27645,0.59063,0.37187,0.41019,normalised
44.59432077407837,,,0.26728,0.5736,0,,,,,,,,,GP3,0.26728,0.5736,0.37187,0.41019,normalised
44.61203217506409,,,0.26477,0.5712,0,,,,,,,,,GP3,0.26477,0.5712,0.37187,0.41019,normalised
44.62658452987671,,,0.26295,0.56889,1,,,,,,,,,GP3,0.26295,0.56889,0.37187,0.41019,normalised
44.64409899711609,,,0.267,0.56616,1,,,,,,,,,GP3,0.267,0.56616,0.37187,0.41019,normalised
44.66116452217102,,,0.26647,0.56766,1,,,,,,,,,GP3,0.26647,0.56766,0.37187,0.41019,normalised
44.675686836242676,,,0.26579,0.56723,1,,,,,,,,,GP3,0.26579,0.56723,0.37187,0.41019,normalised
44.69341492652893,,,0.26717,0.56813,1,,,,,,,,,GP3,0.26717,0.56813,0.37187,0.41019,normalised
44.7082462310791,,,0.26519,0.55836,1,,,,,,,,,GP3,0.26519,0.55836,0.37187,0.41019,normalised
44.72595739364624,,,0.26312,0.54955,1,,,,,,,,,GP3,0.26312,0.54955,0.37187,0.41019,normalised
44.73992466926575,,,0.26356,0.54471,1,,,,,,,,,GP3,0.26356,0.54471,0.37187,0.41019,normalised
44.75742864608765,,,0.26475,0.54408,1,,,,,,,,,GP3,0.26475,0.54408,0.37187,0.41019,normalised
44.772183418273926,,,0.26639,0.54547,1,,,,,,,,,GP3,0.26639,0.54547,0.37187,0.41019,normalised
44.78885531425476,,,0.26725,0.54954,1,,,,,,,,,GP3,0.26725,0.54954,0.37187,0.41019,normalised
44.806610107421875,,,0.26692,0.55165,1,,,,,,,,,GP3,0.26692,0.55165,0.37187,0.41019,normalised
44.821224212646484,,,0.26661,0.5534,1,,,,,,,,,GP3,0.26661,0.5534,0.37187,0.41019,normalised
44.83886957168579,,,0.2672,0.55448,1,,,,,,,,,GP3,0.2672,0.55448,0.37187,0.41019,normalised
44.85338068008423,,,0.27418,0.55153,1,,,,,,,,,GP3,0.27418,0.55153,0.37187,0.41019,normalised
44.87089729309082,,,0.28042,0.54917,1,,,,,,,,,GP3,0.28042,0.54917,0.37187,0.41019,normalised
44.8853816986084,,,0.28607,0.54736,1,,,,,,,,,GP3,0.28607,0.54736,0.37187,0.41019,normalised
44.90227246284485,,,0.2912,0.54618,1,,,,,,,,,GP3,0.2912,0.54618,0.37187,0.41019,normalised
44.919853925704956,,,0.32323,0.54058,0,,,,,,,,,GP3,0.32323,0.54058,0.37187,0.41019,normalised
44.93548130989075,,,0.37591,0.54591,0,,,,,,,,,GP3,0.37591,0.54591,0.37187,0.41019,normalised
44.95131850242615,,,0.42263,0.49105,0,,,,,,,,,GP3,0.42263,0.49105,0.37187,0.41019,normalised
44.96877598762512,,,0.48671,0.43503,0,,,,,,,,,GP3,0.48671,0.43503,0.37187,0.41019,normalised
44.982545375823975,,,0.50864,0.36808,0,,,,,,,,,GP3,0.50864,0.36808,0.37187,0.41019,normalised
44.99924063682556,,,0.51856,0.35349,0,,,,,,,,,GP3,0.51856,0.35349,0.37187,0.41019,normalised
45.01597332954407,,,0.53524,0.32397,0,,,,,,,,,GP3,0.53524,0.32397,0.37187,0.41019,normalised
45.03339433670044,,,0.54512,0.32711,0,,,,,,,,,GP3,0.54512,0.32711,0.37187,0.41019,normalised
45.04818081855774,,,0.54584,0.32096,0,,,,,,,,,GP3,0.54584,0.32096,0.37187,0.41019,normalised
45.06420111656189,,,0.54647,0.31671,1,,,,,,,,,GP3,0.54647,0.31671,0.37187,0.41019,normalised
45.0808310508728,,,0.55163,0.31399,1,,,,,,,,,GP3,0.55163,0.31399,0.37187,0.41019,normalised
45.09536337852478,,,0.57106,0.29721,1,,,,,,,,,GP3,0.57106,0.29721,0.37187,0.41019,normalised
45.1140193939209,,,0.58555,0.28109,1,,,,,,,,,GP3,0.58555,0.28109,0.37187,0.41019,normalised
45.128644704818726,,,0.6024,0.26271,1,,,,,,,,,GP3,0.6024,0.26271,0.37187,0.41019,normalised
45.14615511894226,,,0.61475,0.2483,1,,,,,,,,,GP3,0.61475,0.2483,0.37187,0.41019,normalised
45.16016960144043,,,0.62489,0.23528,1,,,,,,,,,GP3,0.62489,0.23528,0.37187,0.41019,normalised
45.17696928977966,,,0.63635,0.2206,1,,,,,,,,,GP3,0.63635,0.2206,0.37187,0.41019,normalised
45.193708658218384,,,0.64572,0.2095,1,,,,,,,,,GP3,0.64572,0.2095,0.37187,0.41019,normalised
45.21132469177246,,,0.65342,0.20129,1,,,,,,,,,GP3,0.65342,0.20129,0.37187,0.41019,normalised
45.22498393058777,,,0.68879,0.16358,0,,,,,,,,,GP3,0.68879,0.16358,0.37187,0.41019,normalised
45.24177598953247,,,0.76455,0.05194,0,,,,,,,,,GP3,0.76455,0.05194,0.37187,0.41019,normalised
45.258169174194336,,,0.78884,0.01789,0,,,,,,,,,GP3,0.78884,0.01789,0.37187,0.41019,normalised
45.27580380439758,,,0.84892,-0.04808,0,,,,,,,,,GP3,0.84892,-0.04808,0.37187,0.41019,normalised
45.29035258293152,,,0.85208,-0.04093,0,,,,,,,,,GP3,0.85208,-0.04093,0.37187,0.41019,normalised
45.30813479423523,,,0.85416,-0.04172,0,,,,,,,,,GP3,0.85416,-0.04172,0.37187,0.41019,normalised
45.32275128364563,,,0.86126,-0.04387,1,,,,,,,,,GP3,0.86126,-0.04387,0.37187,0.41019,normalised
45.340616941452026,,,0.86723,-0.05503,1,,,,,,,,,GP3,0.86723,-0.05503,0.37187,0.41019,normalised
45.35508894920349,,,0.87119,-0.06242,1,,,,,,,,,GP3,0.87119,-0.06242,0.37187,0.41019,normalised
45.37287902832031,,,0.87229,-0.06164,1,,,,,,,,,GP3,0.87229,-0.06164,0.37187,0.41019,normalised
45.38771867752075,,,0.87303,-0.05656,1,,,,,,,,,GP3,0.87303,-0.05656,0.37187,0.41019,normalised
45.405115842819214,,,0.87309,-0.05064,1,,,,,,,,,GP3,0.87309,-0.05064,0.37187,0.41019,normalised
45.41931343078613,,,0.87172,-0.04857,1,,,,,,,,,GP3,0.87172,-0.04857,0.37187,0.41019,normalised
45.436856746673584,,,0.87038,-0.04942,1,,,,,,,,,GP3,0.87038,-0.04942,0.37187,0.41019,normalised
45.45391273498535,,,0.86964,-0.05167,1,,,,,,,,,GP3,0.86964,-0.05167,0.37187,0.41019,normalised
45.46844148635864,,,0.86964,-0.05458,1,,,,,,,,,GP3,0.86964,-0.05458,0.37187,0.41019,normalised
45.486316442489624,,,0.87086,-0.05824,1,,,,,,,,,GP3,0.87086,-0.05824,0.37187,0.41019,normalised
45.50196695327759,,,0.87192,-0.06142,1,,,,,,,,,GP3,0.87192,-0.06142,0.37187,0.41019,normalised
45.51867914199829,,,0.87155,-0.0618,1,,,,,,,,,GP3,0.87155,-0.0618,0.37187,0.41019,normalised
45.53310799598694,,,0.87033,-0.05945,1,,,,,,,,,GP3,0.87033,-0.05945,0.37187,0.41019,normalised
45.5504846572876,,,0.86883,-0.05587,1,,,,,,,,,GP3,0.86883,-0.05587,0.37187,0.41019,normalised
45.56502819061279,,,0.86771,-0.05048,1,,,,,,,,,GP3,0.86771,-0.05048,0.37187,0.41019,normalised
45.58187222480774,,,0.86559,-0.04587,1,,,,,,,,,GP3,0.86559,-0.04587,0.37187,0.41019,normalised
45.5975980758667,,,0.86347,-0.04088,1,,,,,,,,,GP3,0.86347,-0.04088,0.37187,0.41019,normalised
45.6151077747345,,,0.86226,-0.03533,1,,,,,,,,,GP3,0.86226,-0.03533,0.37187,0.41019,normalised
45.63274264335632,,,0.86158,-0.031,1,,,,,,,,,GP3,0.86158,-0.031,0.37187,0.41019,normalised
45.64646553993225,,,0.85228,-0.00239,0,,,,,,,,,GP3,0.85228,-0.00239,0.37187,0.41019,normalised
45.66460084915161,,,0.84957,0.03095,0,,,,,,,,,GP3,0.84957,0.03095,0.37187,0.41019,normalised
45.67902994155884,,,0.84591,0.03446,0,,,,,,,,,GP3,0.84591,0.03446,0.37187,0.41019,normalised
45.693633794784546,,,0.84408,0.03621,1,,,,,,,,,GP3,0.84408,0.03621,0.37187,0.41019,normalised
45.71343469619751,,,0.84318,0.04362,1,,,,,,,,,GP3,0.84318,0.04362,0.37187,0.41019,normalised
45.72829246520996,,,0.84328,0.0475,1,,,,,,,,,GP3,0.84328,0.0475,0.37187,0.41019,normalised
45.74299597740173,,,0.84334,0.05028,1,,,,,,,,,GP3,0.84334,0.05028,0.37187,0.41019,normalised
45.76003432273865,,,0.84365,0.0537,1,,,,,,,,,GP3,0.84365,0.0537,0.37187,0.41019,normalised
45.77764678001404,,,0.84425,0.06163,1,,,,,,,,,GP3,0.84425,0.06163,0.37187,0.41019,normalised
45.79206657409668,,,0.84425,0.06163,1,,,,,,,,,GP3,0.84425,0.06163,0.37187,0.41019,normalised
45.809584856033325,,,0.84425,0.06163,1,,,,,,,,,GP3,0.84425,0.06163,0.37187,0.41019,normalised
45.827120780944824,,,0.84425,0.06163,1,,,,,,,,,GP3,0.84425,0.06163,0.37187,0.41019,normalised
45.84374499320984,,,0.84325,0.06963,0,,,,,,,,,GP3,0.84325,0.06963,0.37187,0.41019,normalised
45.858601808547974,,,0.84325,0.06963,0,,,,,,,,,GP3,0.84325,0.06963,0.37187,0.41019,normalised
45.87531232833862,,,0.84325,0.06963,0,,,,,,,,,GP3,0.84325,0.06963,0.37187,0.41019,normalised
45.892842292785645,,,0.0,0.0,0,,,,,,,,,GP3,0.0,0.0,0.37187,0.41019,normalised
45.9073486328125,,,0.0,0.0,0,,,,,,,,,GP3,0.0,0.0,0.37187,0.41019,normalised
45.92487359046936,,,0.0,0.0,0,,,,,,,,,GP3,0.0,0.0,0.37187,0.41019,normalised
45.94239640235901,,,0.0,0.0,0,,,,,,,,,GP3,0.0,0.0,0.37187,0.41019,normalised
45.95648431777954,,,0.0,0.0,0,,,,,,,,,GP3,0.0,0.0,0.37187,0.41019,normalised
45.97428631782532,,,0.0,0.0,0,,,,,,,,,GP3,0.0,0.0,0.37187,0.41019,normalised
45.98882818222046,,,0.0,0.0,0,,,,,,,,,GP3,0.0,0.0,0.37187,0.41019,normalised
46.00650453567505,,,0.0,0.0,0,,,,,,,,,GP3,0.0,0.0,0.37187,0.41019,normalised
46.02207851409912,,,0.0,0.0,0,,,,,,,,,GP3,0.0,0.0,0.37187,0.41019,normalised
46.03966665267944,,,0.0,0.0,0,,,,,,,,,GP3,0.0,0.0,0.37187,0.41019,normalised
46.054752349853516,,,0.42294,0.03957,0,,,,,,,,,GP3,0.42294,0.03957,0.37187,0.41019,normalised
46.06644153594971,,,0.56395,0.05592,0,,,,,,,,,GP3,0.56395,0.05592,0.37187,0.41019,normalised
46.08314228057861,,,0.84594,0.08547,0,,,,,,,,,GP3,0.84594,0.08547,0.37187,0.41019,normalised
46.1007661819458,,,0.85212,0.10394,0,,,,,,,,,GP3,0.85212,0.10394,0.37187,0.41019,normalised
46.11529302597046,,,0.84875,0.1029,0,,,,,,,,,GP3,0.84875,0.1029,0.37187,0.41019,normalised
46.132821559906006,,,0.84706,0.10239,1,,,,,,,,,GP3,0.84706,0.10239,0.37187,0.41019,normalised
46.147345781326294,,,0.8512,0.10322,1,,,,,,,,,GP3,0.8512,0.10322,0.37187,0.41019,normalised
46.16566061973572,,,0.85508,0.10228,1,,,,,,,,,GP3,0.85508,0.10228,0.37187,0.41019,normalised
46.1801815032959,,,0.85785,0.10162,1,,,,,,,,,GP3,0.85785,0.10162,0.37187,0.41019,normalised
46.19684290885925,,,0.85908,0.09951,1,,,,,,,,,GP3,0.85908,0.09951,0.37187,0.41019,normalised
46.21127986907959,,,0.86111,0.09719,1,,,,,,,,,GP3,0.86111,0.09719,0.37187,0.41019,normalised
46.22879886627197,,,0.86273,0.09533,1,,,,,,,,,GP3,0.86273,0.09533,0.37187,0.41019,normalised
46.24641799926758,,,0.86019,0.09438,1,,,,,,,,,GP3,0.86019,0.09438,0.37187,0.41019,normalised
46.26054573059082,,,0.8614,0.09293,1,,,,,,,,,GP3,0.8614,0.09293,0.37187,0.41019,normalised
46.27806377410889,,,0.86236,0.09211,1,,,,,,,,,GP3,0.86236,0.09211,0.37187,0.41019,normalised
46.294678926467896,,,0.86206,0.08919,1,,,,,,,,,GP3,0.86206,0.08919,0.37187,0.41019,normalised
46.3122136592865,,,0.86198,0.08585,1,,,,,,,,,GP3,0.86198,0.08585,0.37187,0.41019,normalised
46.32694339752197,,,0.8622,0.08182,1,,,,,,,,,GP3,0.8622,0.08182,0.37187,0.41019,normalised
46.34437823295593,,,0.86223,0.07906,1,,,,,,,,,GP3,0.86223,0.07906,0.37187,0.41019,normalised
46.359439849853516,,,0.8629,0.07571,1,,,,,,,,,GP3,0.8629,0.07571,0.37187,0.41019,normalised
46.378828287124634,,,0.86371,0.07195,1,,,,,,,,,GP3,0.86371,0.07195,0.37187,0.41019,normalised
46.394352197647095,,,0.86413,0.06797,1,,,,,,,,,GP3,0.86413,0.06797,0.37187,0.41019,normalised
46.40897345542908,,,0.86496,0.06514,1,,,,,,,,,GP3,0.86496,0.06514,0.37187,0.41019,normalised
46.42469239234924,,,0.86758,0.03723,0,,,,,,,,,GP3,0.86758,0.03723,0.37187,0.41019,normalised
46.4423143863678,,,0.85232,0.05392,0,,,,,,,,,GP3,0.85232,0.05392,0.37187,0.41019,normalised
46.45656180381775,,,0.85018,0.06023,0,,,,,,,,,GP3,0.85018,0.06023,0.37187,0.41019,normalised
46.47407579421997,,,0.84993,0.06105,1,,,,,,,,,GP3,0.84993,0.06105,0.37187,0.41019,normalised
46.48859453201294,,,0.84938,0.0593,1,,,,,,,,,GP3,0.84938,0.0593,0.37187,0.41019,normalised
46.506317138671875,,,0.85205,0.0538,1,,,,,,,,,GP3,0.85205,0.0538,0.37187,0.41019,normalised
46.520840883255005,,,0.85471,0.0467,1,,,,,,,,,GP3,0.85471,0.0467,0.37187,0.41019,normalised
46.53746795654297,,,0.85792,0.03989,1,,,,,,,,,GP3,0.85792,0.03989,0.37187,0.41019,normalised
46.552327394485474,,,0.85894,0.03664,1,,,,,,,,,GP3,0.85894,0.03664,0.37187,0.41019,normalised
46.56986045837402,,,0.85842,0.03906,1,,,,,,,,,GP3,0.85842,0.03906,0.37187,0.41019,normalised
46.5874810218811,,,0.85756,0.0424,1,,,,,,,,,GP3,0.85756,0.0424,0.37187,0.41019,normalised
46.602004289627075,,,0.85763,0.05049,1,,,,,,,,,GP3,0.85763,0.05049,0.37187,0.41019,normalised
46.61878728866577,,,0.85807,0.056,1,,,,,,,,,GP3,0.85807,0.056,0.37187,0.41019,normalised
46.633424520492554,,,0.85811,0.0551,1,,,,,,,,,GP3,0.85811,0.0551,0.37187,0.41019,normalised
46.651448249816895,,,0.85811,0.05507,1,,,,,,,,,GP3,0.85811,0.05507,0.37187,0.41019,normalised
46.66597509384155,,,0.85883,0.05251,1,,,,,,,,,GP3,0.85883,0.05251,0.37187,0.41019,normalised
46.68350863456726,,,0.85949,0.04736,1,,,,,,,,,GP3,0.85949,0.04736,0.37187,0.41019,normalised
46.6980414390564,,,0.8606,0.04041,1,,,,,,,,,GP3,0.8606,0.04041,0.37187,0.41019,normalised
46.715574741363525,,,0.86166,0.03374,1,,,,,,,,,GP3,0.86166,0.03374,0.37187,0.41019,normalised
46.73318338394165,,,0.86221,0.02877,1,,,,,,,,,GP3,0.86221,0.02877,0.37187,0.41019,normalised
46.74761390686035,,,0.86268,0.02575,1,,,,,,,,,GP3,0.86268,0.02575,0.37187,0.41019,normalised
46.76467418670654,,,0.8629,0.0238,1,,,,,,,,,GP3,0.8629,0.0238,0.37187,0.41019,normalised
46.779200315475464,,,0.86314,0.02286,1,,,,,,,,,GP3,0.86314,0.02286,0.37187,0.41019,normalised
46.79674553871155,,,0.87054,-0.00676,0,,,,,,,,,GP3,0.87054,-0.00676,0.37187,0.41019,normalised
46.811275243759155,,,0.87732,0.00036,0,,,,,,,,,GP3,0.87732,0.00036,0.37187,0.41019,normalised
46.828802824020386,,,0.8663,-0.00357,0,,,,,,,,,GP3,0.8663,-0.00357,0.37187,0.41019,normalised
46.8433313369751,,,0.86591,0.00596,1,,,,,,,,,GP3,0.86591,0.00596,0.37187,0.41019,normalised
46.86080479621887,,,0.8649,0.01457,1,,,,,,,,,GP3,0.8649,0.01457,0.37187,0.41019,normalised
46.875534534454346,,,0.8651,0.01465,1,,,,,,,,,GP3,0.8651,0.01465,0.37187,0.41019,normalised
46.89305257797241,,,0.86469,0.01739,1,,,,,,,,,GP3,0.86469,0.01739,0.37187,0.41019,normalised
46.90756940841675,,,0.86497,0.01721,1,,,,,,,,,GP3,0.86497,0.01721,0.37187,0.41019,normalised
46.92530083656311,,,0.86571,0.01693,1,,,,,,,,,GP3,0.86571,0.01693,0.37187,0.41019,normalised
46.942248821258545,,,0.86635,0.01277,1,,,,,,,,,GP3,0.86635,0.01277,0.37187,0.41019,normalised
46.959973096847534,,,0.86734,0.00728,1,,,,,,,,,GP3,0.86734,0.00728,0.37187,0.41019,normalised
46.97497582435608,,,0.84911,0.00525,1,,,,,,,,,GP3,0.84911,0.00525,0.37187,0.41019,normalised
46.989500761032104,,,0.8231,0.00505,1,,,,,,,,,GP3,0.8231,0.00505,0.37187,0.41019,normalised
47.0071382522583,,,0.80089,0.006,1,,,,,,,,,GP3,0.80089,0.006,0.37187,0.41019,normalised
47.021790981292725,,,0.7827,0.00617,1,,,,,,,,,GP3,0.7827,0.00617,0.37187,0.41019,normalised
47.039316177368164,,,0.73166,0.01282,0,,,,,,,,,GP3,0.73166,0.01282,0.37187,0.41019,normalised
47.05334687232971,,,0.618,0.05662,0,,,,,,,,,GP3,0.618,0.05662,0.37187,0.41019,normalised
47.07017493247986,,,0.58584,0.06429,0,,,,,,,,,GP3,0.58584,0.06429,0.37187,0.41019,normalised
47.08769249916077,,,0.52002,0.09816,0,,,,,,,,,GP3,0.52002,0.09816,0.37187,0.41019,normalised
47.10220646858215,,,0.52762,0.11407,0,,,,,,,,,GP3,0.52762,0.11407,0.37187,0.41019,normalised
47.119839668273926,,,0.52371,0.12092,0,,,,,,,,,GP3,0.52371,0.12092,0.37187,0.41019,normalised
47.13422608375549,,,0.52471,0.12457,1,,,,,,,,,GP3,0.52471,0.12457,0.37187,0.41019,normalised
47.15223932266235,,,0.53897,0.12114,1,,,,,,,,,GP3,0.53897,0.12114,0.37187,0.41019,normalised
47.168864488601685,,,0.53631,0.11909,1,,,,,,,,,GP3,0.53631,0.11909,0.37187,0.41019,normalised
47.18458390235901,,,0.53517,0.11793,1,,,,,,,,,GP3,0.53517,0.11793,0.37187,0.41019,normalised
47.20203399658203,,,0.53424,0.11614,1,,,,,,,,,GP3,0.53424,0.11614,0.37187,0.41019,normalised
47.21655821800232,,,0.53675,0.11187,1,,,,,,,,,GP3,0.53675,0.11187,0.37187,0.41019,normalised
47.23312997817993,,,0.53609,0.11465,1,,,,,,,,,GP3,0.53609,0.11465,0.37187,0.41019,normalised
47.247674226760864,,,0.53559,0.11759,1,,,,,,,,,GP3,0.53559,0.11759,0.37187,0.41019,normalised
47.264742851257324,,,0.54426,0.11099,1,,,,,,,,,GP3,0.54426,0.11099,0.37187,0.41019,normalised
47.28015756607056,,,0.55129,0.10442,1,,,,,,,,,GP3,0.55129,0.10442,0.37187,0.41019,normalised
47.297741413116455,,,0.55744,0.09759,1,,,,,,,,,GP3,0.55744,0.09759,0.37187,0.41019,normalised
47.31532430648804,,,0.56361,0.09202,1,,,,,,,,,GP3,0.56361,0.09202,0.37187,0.41019,normalised
47.32992887496948,,,0.56793,0.08736,1,,,,,,,,,GP3,0.56793,0.08736,0.37187,0.41019,normalised
47.34737300872803,,,0.57165,0.08374,1,,,,,,,,,GP3,0.57165,0.08374,0.37187,0.41019,normalised
47.36211800575256,,,0.59314,0.06356,0,,,,,,,,,GP3,0.59314,0.06356,0.37187,0.41019,normalised
47.379639863967896,,,0.60577,0.06095,0,,,,,,,,,GP3,0.60577,0.06095,0.37187,0.41019,normalised
47.39415502548218,,,0.60946,0.06559,0,,,,,,,,,GP3,0.60946,0.06559,0.37187,0.41019,normalised
47.411677837371826,,,0.61464,0.07036,1,,,,,,,,,GP3,0.61464,0.07036,0.37187,0.41019,normalised
47.42629647254944,,,0.61792,0.072,1,,,,,,,,,GP3,0.61792,0.072,0.37187,0.41019,normalised
47.44392132759094,,,0.61986,0.07541,1,,,,,,,,,GP3,0.61986,0.07541,0.37187,0.41019,normalised
47.45811438560486,,,0.62201,0.08063,1,,,,,,,,,GP3,0.62201,0.08063,0.37187,0.41019,normalised
47.475637912750244,,,0.62228,0.08976,1,,,,,,,,,GP3,0.62228,0.08976,0.37187,0.41019,normalised
47.49317193031311,,,0.62252,0.09743,1,,,,,,,,,GP3,0.62252,0.09743,0.37187,0.41019,normalised
47.50769805908203,,,0.62231,0.09953,1,,,,,,,,,GP3,0.62231,0.09953,0.37187,0.41019,normalised
47.52523398399353,,,0.62212,0.10112,1,,,,,,,,,GP3,0.62212,0.10112,0.37187,0.41019,normalised
47.539745807647705,,,0.6221,0.10109,1,,,,,,,,,GP3,0.6221,0.10109,0.37187,0.41019,normalised
47.556774377822876,,,0.62188,0.09969,1,,,,,,,,,GP3,0.62188,0.09969,0.37187,0.41019,normalised
47.571293115615845,,,0.62077,0.0995,1,,,,,,,,,GP3,0.62077,0.0995,0.37187,0.41019,normalised
47.588820695877075,,,0.61988,0.09844,1,,,,,,,,,GP3,0.61988,0.09844,0.37187,0.41019,normalised
47.603347063064575,,,0.61951,0.09721,1,,,,,,,,,GP3,0.61951,0.09721,0.37187,0.41019,normalised
47.62087345123291,,,0.61897,0.09437,1,,,,,,,,,GP3,0.61897,0.09437,0.37187,0.41019,normalised
47.63766956329346,,,0.61848,0.09156,1,,,,,,,,,GP3,0.61848,0.09156,0.37187,0.41019,normalised
47.65303111076355,,,0.61708,0.0908,1,,,,,,,,,GP3,0.61708,0.0908,0.37187,0.41019,normalised
47.670838832855225,,,0.61532,0.09095,1,,,,,,,,,GP3,0.61532,0.09095,0.37187,0.41019,normalised
47.68555998802185,,,0.61373,0.09147,1,,,,,,,,,GP3,0.61373,0.09147,0.37187,0.41019,normalised
47.70230269432068,,,0.61428,0.09855,1,,,,,,,,,GP3,0.61428,0.09855,0.37187,0.41019,normalised
47.71700978279114,,,0.61387,0.10474,1,,,,,,,,,GP3,0.61387,0.10474,0.37187,0.41019,normalised
47.732125997543335,,,0.61355,0.10983,1,,,,,,,,,GP3,0.61355,0.10983,0.37187,0.41019,normalised
47.74936103820801,,,0.6134,0.11551,1,,,,,,,,,GP3,0.6134,0.11551,0.37187,0.41019,normalised
47.76670479774475,,,0.60313,0.14579,0,,,,,,,,,GP3,0.60313,0.14579,0.37187,0.41019,normalised
47.78043603897095,,,0.59777,0.20581,0,,,,,,,,,GP3,0.59777,0.20581,0.37187,0.41019,normalised
47.79716205596924,,,0.59265,0.22805,0,,,,,,,,,GP3,0.59265,0.22805,0.37187,0.41019,normalised
47.8148627281189,,,0.58923,0.28066,0,,,,,,,,,GP3,0.58923,0.28066,0.37187,0.41019,normalised
47.82930064201355,,,0.59168,0.28545,0,,,,,,,,,GP3,0.59168,0.28545,0.37187,0.41019,normalised
47.84690546989441,,,0.59108,0.28138,0,,,,,,,,,GP3,0.59108,0.28138,0.37187,0.41019,normalised
47.86193633079529,,,0.58819,0.27456,1,,,,,,,,,GP3,0.58819,0.27456,0.37187,0.41019,normalised
47.87954640388489,,,0.58663,0.26831,1,,,,,,,,,GP3,0.58663,0.26831,0.37187,0.41019,normalised
47.89607095718384,,,0.58439,0.2608,1,,,,,,,,,GP3,0.58439,0.2608,0.37187,0.41019,normalised
47.9104905128479,,,0.57921,0.2628,1,,,,,,,,,GP3,0.57921,0.2628,0.37187,0.41019,normalised
47.92709469795227,,,0.57524,0.26592,1,,,,,,,,,GP3,0.57524,0.26592,0.37187,0.41019,normalised
47.94486951828003,,,0.57329,0.26771,1,,,,,,,,,GP3,0.57329,0.26771,0.37187,0.41019,normalised
47.9592809677124,,,0.56819,0.28028,1,,,,,,,,,GP3,0.56819,0.28028,0.37187,0.41019,normalised
47.976810932159424,,,0.56394,0.29111,1,,,,,,,,,GP3,0.56394,0.29111,0.37187,0.41019,normalised
47.991432189941406,,,0.56226,0.30004,1,,,,,,,,,GP3,0.56226,0.30004,0.37187,0.41019,normalised
48.008142948150635,,,0.56099,0.30446,1,,,,,,,,,GP3,0.56099,0.30446,0.37187,0.41019,normalised
48.02487397193909,,,0.56007,0.3072,1,,,,,,,,,GP3,0.56007,0.3072,0.37187,0.41019,normalised
48.04153895378113,,,0.55956,0.31168,1,,,,,,,,,GP3,0.55956,0.31168,0.37187,0.41019,normalised
48.05550479888916,,,0.55779,0.31217,1,,,,,,,,,GP3,0.55779,0.31217,0.37187,0.41019,normalised
48.07305097579956,,,0.55613,0.31245,1,,,,,,,,,GP3,0.55613,0.31245,0.37187,0.41019,normalised
48.08756732940674,,,0.53531,0.34412,0,,,,,,,,,GP3,0.53531,0.34412,0.37187,0.41019,normalised
48.104419469833374,,,0.5093,0.38957,0,,,,,,,,,GP3,0.5093,0.38957,0.37187,0.41019,normalised
48.121143102645874,,,0.50092,0.41114,0,,,,,,,,,GP3,0.50092,0.41114,0.37187,0.41019,normalised
48.13854360580444,,,0.5037,0.40835,1,,,,,,,,,GP3,0.5037,0.40835,0.37187,0.41019,normalised
48.15306544303894,,,0.50389,0.40025,1,,,,,,,,,GP3,0.50389,0.40025,0.37187,0.41019,normalised
48.16914391517639,,,0.50403,0.39131,1,,,,,,,,,GP3,0.50403,0.39131,0.37187,0.41019,normalised
48.18480443954468,,,0.5,0.38575,1,,,,,,,,,GP3,0.5,0.38575,0.37187,0.41019,normalised
48.20254588127136,,,0.4994,0.38458,1,,,,,,,,,GP3,0.4994,0.38458,0.37187,0.41019,normalised
48.21831011772156,,,0.49895,0.38496,1,,,,,,,,,GP3,0.49895,0.38496,0.37187,0.41019,normalised
48.23597478866577,,,0.49893,0.38589,1,,,,,,,,,GP3,0.49893,0.38589,0.37187,0.41019,normalised
48.250537395477295,,,0.49908,0.39464,1,,,,,,,,,GP3,0.49908,0.39464,0.37187,0.41019,normalised
48.265894651412964,,,0.49908,0.39464,1,,,,,,,,,GP3,0.49908,0.39464,0.37187,0.41019,normalised
48.28642773628235,,,0.49908,0.39464,1,,,,,,,,,GP3,0.49908,0.39464,0.37187,0.41019,normalised
48.30102515220642,,,0.49908,0.39464,1,,,,,,,,,GP3,0.49908,0.39464,0.37187,0.41019,normalised
48.318562269210815,,,0.49546,0.3997,0,,,,,,,,,GP3,0.49546,0.3997,0.37187,0.41019,normalised
48.333092212677,,,0.49546,0.3997,0,,,,,,,,,GP3,0.49546,0.3997,0.37187,0.41019,normalised
48.34972953796387,,,0.49546,0.3997,0,,,,,,,,,GP3,0.49546,0.3997,0.37187,0.41019,normalised
48.36584281921387,,,0.0,0.0,0,,,,,,,,,GP3,0.0,0.0,0.37187,0.41019,normalised
48.3833646774292,,,0.0,0.0,0,,,,,,,,,GP3,0.0,0.0,0.37187,0.41019,normalised
48.397960901260376,,,0.0,0.0,0,,,,,,,,,GP3,0.0,0.0,0.37187,0.41019,normalised
48.417813777923584,,,0.0,0.0,0,,,,,,,,,GP3,0.0,0.0,0.37187,0.41019,normalised
48.4314239025116,,,0.0,0.0,0,,,,,,,,,GP3,0.0,0.0,0.37187,0.41019,normalised
48.44792699813843,,,0.0,0.0,0,,,,,,,,,GP3,0.0,0.0,0.37187,0.41019,normalised
48.46349501609802,,,0.0,0.0,0,,,,,,,,,GP3,0.0,0.0,0.37187,0.41019,normalised
48.480127811431885,,,0.0,0.0,0,,,,,,,,,GP3,0.0,0.0,0.37187,0.41019,normalised
48.49665594100952,,,0.25405,0.37732,0,,,,,,,,,GP3,0.25405,0.37732,0.37187,0.41019,normalised
48.508198738098145,,,0.50817,0.75497,0,,,,,,,,,GP3,0.50817,0.75497,0.37187,0.41019,normalised
48.52494525909424,,,0.58562,0.52399,0,,,,,,,,,GP3,0.58562,0.52399,0.37187,0.41019,normalised
48.54238772392273,,,0.61278,0.47265,0,,,,,,,,,GP3,0.61278,0.47265,0.37187,0.41019,normalised
48.55744218826294,,,0.66552,0.34828,0,,,,,,,,,GP3,0.66552,0.34828,0.37187,0.41019,normalised
48.57495880126953,,,0.64932,0.36658,0,,,,,,,,,GP3,0.64932,0.36658,0.37187,0.41019,normalised
48.59158420562744,,,0.65097,0.3686,0,,,,,,,,,GP3,0.65097,0.3686,0.37187,0.41019,normalised
48.60608458518982,,,0.6518,0.36961,1,,,,,,,,,GP3,0.6518,0.36961,0.37187,0.41019,normalised
48.623616456985474,,,0.64339,0.37313,1,,,,,,,,,GP3,0.64339,0.37313,0.37187,0.41019,normalised
48.63815712928772,,,0.64519,0.38026,1,,,,,,,,,GP3,0.64519,0.38026,0.37187,0.41019,normalised
48.6554970741272,,,0.64647,0.38535,1,,,,,,,,,GP3,0.64647,0.38535,0.37187,0.41019,normalised
48.67003417015076,,,0.64345,0.38548,1,,,,,,,,,GP3,0.64345,0.38548,0.37187,0.41019,normalised
48.6875422000885,,,0.62684,0.39434,1,,,,,,,,,GP3,0.62684,0.39434,0.37187,0.41019,normalised
48.70206880569458,,,0.61369,0.40011,1,,,,,,,,,GP3,0.61369,0.40011,0.37187,0.41019,normalised
48.718626260757446,,,0.6036,0.40434,1,,,,,,,,,GP3,0.6036,0.40434,0.37187,0.41019,normalised
48.735442876815796,,,0.59565,0.40052,1,,,,,,,,,GP3,0.59565,0.40052,0.37187,0.41019,normalised
48.752129793167114,,,0.58889,0.39496,1,,,,,,,,,GP3,0.58889,0.39496,0.37187,0.41019,normalised
48.76745247840881,,,0.58244,0.3938,1,,,,,,,,,GP3,0.58244,0.3938,0.37187,0.41019,normalised
48.78424119949341,,,0.57805,0.3907,1,,,,,,,,,GP3,0.57805,0.3907,0.37187,0.41019,normalised
48.80271339416504,,,0.54825,0.39576,0,,,,,,,,,GP3,0.54825,0.39576,0.37187,0.41019,normalised
48.817352294921875,,,0.51551,0.40403,0,,,,,,,,,GP3,0.51551,0.40403,0.37187,0.41019,normalised
48.83310008049011,,,0.5036,0.40835,0,,,,,,,,,GP3,0.5036,0.40835,0.37187,0.41019,normalised
48.84902238845825,,,0.49808,0.41513,1,,,,,,,,,GP3,0.49808,0.41513,0.37187,0.41019,normalised
48.865386724472046,,,0.4948,0.42224,1,,,,,,,,,GP3,0.4948,0.42224,0.37187,0.41019,normalised
48.883283376693726,,,0.50119,0.42739,1,,,,,,,,,GP3,0.50119,0.42739,0.37187,0.41019,normalised
48.89877939224243,,,0.50568,0.42794,1,,,,,,,,,GP3,0.50568,0.42794,0.37187,0.41019,normalised
48.91345191001892,,,0.50249,0.42423,1,,,,,,,,,GP3,0.50249,0.42423,0.37187,0.41019,normalised
48.93171691894531,,,0.5,0.42253,1,,,,,,,,,GP3,0.5,0.42253,0.37187,0.41019,normalised
48.9481155872345,,,0.49803,0.42272,1,,,,,,,,,GP3,0.49803,0.42272,0.37187,0.41019,normalised
48.961830377578735,,,0.5002,0.42292,1,,,,,,,,,GP3,0.5002,0.42292,0.37187,0.41019,normalised
48.97863149642944,,,0.49918,0.42548,1,,,,,,,,,GP3,0.49918,0.42548,0.37187,0.41019,normalised
48.99535894393921,,,0.49845,0.4275,1,,,,,,,,,GP3,0.49845,0.4275,0.37187,0.41019,normalised
49.00967788696289,,,0.49729,0.42745,1,,,,,,,,,GP3,0.49729,0.42745,0.37187,0.41019,normalised
49.026334285736084,,,0.49756,0.42448,1,,,,,,,,,GP3,0.49756,0.42448,0.37187,0.41019,normalised
49.04311752319336,,,0.49781,0.41959,1,,,,,,,,,GP3,0.49781,0.41959,0.37187,0.41019,normalised
49.0583233833313,,,0.49666,0.41294,1,,,,,,,,,GP3,0.49666,0.41294,0.37187,0.41019,normalised
49.07496905326843,,,0.49517,0.40654,1,,,,,,,,,GP3,0.49517,0.40654,0.37187,0.41019,normalised
49.09347105026245,,,0.49382,0.40021,1,,,,,,,,,GP3,0.49382,0.40021,0.37187,0.41019,normalised
49.107874393463135,,,0.49352,0.3964,1,,,,,,,,,GP3,0.49352,0.3964,0.37187,0.41019,normalised
49.125998973846436,,,0.4931,0.39066,1,,,,,,,,,GP3,0.4931,0.39066,0.37187,0.41019,normalised
49.13966464996338,,,0.48829,0.35437,0,,,,,,,,,GP3,0.48829,0.35437,0.37187,0.41019,normalised
49.15626621246338,,,0.50227,0.30418,0,,,,,,,,,GP3,0.50227,0.30418,0.37187,0.41019,normalised
49.1742889881134,,,0.49231,0.32213,0,,,,,,,,,GP3,0.49231,0.32213,0.37187,0.41019,normalised
49.188796281814575,,,0.48702,0.33412,1,,,,,,,,,GP3,0.48702,0.33412,0.37187,0.41019,normalised
49.20353317260742,,,0.48702,0.33412,1,,,,,,,,,GP3,0.48702,0.33412,0.37187,0.41019,normalised
49.224173069000244,,,0.48702,0.33412,1,,,,,,,,,GP3,0.48702,0.33412,0.37187,0.41019,normalised
49.23882746696472,,,0.48702,0.33412,1,,,,,,,,,GP3,0.48702,0.33412,0.37187,0.41019,normalised
49.255637407302856,,,0.4866,0.32737,0,,,,,,,,,GP3,0.4866,0.32737,0.37187,0.41019,normalised
49.272722005844116,,,0.4866,0.32737,0,,,,,,,,,GP3,0.4866,0.32737,0.37187,0.41019,normalised
49.287575006484985,,,0.4866,0.32737,0,,,,,,,,,GP3,0.4866,0.32737,0.37187,0.41019,normalised
49.30356526374817,,,0.0,0.0,0,,,,,,,,,GP3,0.0,0.0,0.37187,0.41019,normalised
49.32025623321533,,,0.0,0.0,0,,,,,,,,,GP3,0.0,0.0,0.37187,0.41019,normalised
49.335073471069336,,,0.0,0.0,0,,,,,,,,,GP3,0.0,0.0,0.37187,0.41019,normalised
49.352731704711914,,,0.0,0.0,0,,,,,,,,,GP3,0.0,0.0,0.37187,0.41019,normalised
49.3693413734436,,,0.0,0.0,0,,,,,,,,,GP3,0.0,0.0,0.37187,0.41019,normalised
49.38525390625,,,0.0,0.0,0,,,,,,,,,GP3,0.0,0.0,0.37187,0.41019,normalised
49.40172743797302,,,0.0,0.0,0,,,,,,,,,GP3,0.0,0.0,0.37187,0.41019,normalised
49.41615390777588,,,0.0,0.0,0,,,,,,,,,GP3,0.0,0.0,0.37187,0.41019,normalised
49.4339485168457,,,0.0,0.0,0,,,,,,,,,GP3,0.0,0.0,0.37187,0.41019,normalised
49.45060157775879,,,0.0,0.0,0,,,,,,,,,GP3,0.0,0.0,0.37187,0.41019,normalised
49.467066049575806,,,0.0,0.0,0,,,,,,,,,GP3,0.0,0.0,0.37187,0.41019,normalised
49.482715129852295,,,0.0,0.0,0,,,,,,,,,GP3,0.0,0.0,0.37187,0.41019,normalised
49.49854040145874,,,0.0,0.0,0,,,,,,,,,GP3,0.0,0.0,0.37187,0.41019,normalised
49.51465916633606,,,0.24789,0.1943,0,,,,,,,,,GP3,0.24789,0.1943,0.37187,0.41019,normalised
49.528539180755615,,,0.33076,0.25703,0,,,,,,,,,GP3,0.33076,0.25703,0.37187,0.41019,normalised
49.54430341720581,,,0.49738,0.37352,0,,,,,,,,,GP3,0.49738,0.37352,0.37187,0.41019,normalised
49.56040358543396,,,0.49923,0.35988,0,,,,,,,,,GP3,0.49923,0.35988,0.37187,0.41019,normalised
49.57672572135925,,,0.49986,0.35147,0,,,,,,,,,GP3,0.49986,0.35147,0.37187,0.41019,normalised
49.59352731704712,,,0.5031,0.34464,1,,,,,,,,,GP3,0.5031,0.34464,0.37187,0.41019,normalised
49.608282804489136,,,0.50128,0.3484,1,,,,,,,,,GP3,0.50128,0.3484,0.37187,0.41019,normalised
49.6243941783905,,,0.50007,0.35279,1,,,,,,,,,GP3,0.50007,0.35279,0.37187,0.41019,normalised
49.64205360412598,,,0.49891,0.35461,1,,,,,,,,,GP3,0.49891,0.35461,0.37187,0.41019,normalised
49.65732288360596,,,0.49848,0.35765,1,,,,,,,,,GP3,0.49848,0.35765,0.37187,0.41019,normalised
49.675213098526,,,0.49815,0.36131,1,,,,,,,,,GP3,0.49815,0.36131,0.37187,0.41019,normalised
49.68946671485901,,,0.4993,0.3666,1,,,,,,,,,GP3,0.4993,0.3666,0.37187,0.41019,normalised
49.70752716064453,,,0.4998,0.36959,1,,,,,,,,,GP3,0.4998,0.36959,0.37187,0.41019,normalised
49.72098660469055,,,0.50022,0.37112,1,,,,,,,,,GP3,0.50022,0.37112,0.37187,0.41019,normalised
49.740663290023804,,,0.5008,0.37268,1,,,,,,,,,GP3,0.5008,0.37268,0.37187,0.41019,normalised
49.75621819496155,,,0.50022,0.37317,1,,,,,,,,,GP3,0.50022,0.37317,0.37187,0.41019,normalised
49.77165102958679,,,0.49968,0.3746,1,,,,,,,,,GP3,0.49968,0.3746,0.37187,0.41019,normalised
49.78627109527588,,,0.49968,0.37442,1,,,,,,,,,GP3,0.49968,0.37442,0.37187,0.41019,normalised
49.80388808250427,,,0.49939,0.37702,1,,,,,,,,,GP3,0.49939,0.37702,0.37187,0.41019,normalised
49.81992864608765,,,0.49917,0.37965,1,,,,,,,,,GP3,0.49917,0.37965,0.37187,0.41019,normalised
49.83454179763794,,,0.49856,0.38124,1,,,,,,,,,GP3,0.49856,0.38124,0.37187,0.41019,normalised
49.85219621658325,,,0.4994,0.38143,1,,,,,,,,,GP3,0.4994,0.38143,0.37187,0.41019,normalised
49.869954347610474,,,0.50015,0.38034,1,,,,,,,,,GP3,0.50015,0.38034,0.37187,0.41019,normalised
49.884567737579346,,,0.49995,0.37897,1,,,,,,,,,GP3,0.49995,0.37897,0.37187,0.41019,normalised
49.8998486995697,,,0.50013,0.38012,1,,,,,,,,,GP3,0.50013,0.38012,0.37187,0.41019,normalised
49.917014837265015,,,0.50029,0.38164,1,,,,,,,,,GP3,0.50029,0.38164,0.37187,0.41019,normalised
49.93134880065918,,,0.4999,0.38293,1,,,,,,,,,GP3,0.4999,0.38293,0.37187,0.41019,normalised
49.948094844818115,,,0.49949,0.38382,1,,,,,,,,,GP3,0.49949,0.38382,0.37187,0.41019,normalised
49.96669244766235,,,0.49913,0.38485,1,,,,,,,,,GP3,0.49913,0.38485,0.37187,0.41019,normalised
49.981932640075684,,,0.49857,0.38594,1,,,,,,,,,GP3,0.49857,0.38594,0.37187,0.41019,normalised
49.99787211418152,,,0.49788,0.38755,1,,,,,,,,,GP3,0.49788,0.38755,0.37187,0.41019,normalised
50.01381182670593,,,0.49723,0.38869,1,,,,,,,,,GP3,0.49723,0.38869,0.37187,0.41019,normalised
50.029322385787964,,,0.49711,0.38916,1,,,,,,,,,GP3,0.49711,0.38916,0.37187,0.41019,normalised
50.04598355293274,,,0.49685,0.38881,1,,,,,,,,,GP3,0.49685,0.38881,0.37187,0.41019,normalised
50.06220030784607,,,0.49661,0.38849,1,,,,,,,,,GP3,0.49661,0.38849,0.37187,0.41019,normalised
50.078289270401,,,0.49689,0.38826,1,,,,,,,,,GP3,0.49689,0.38826,0.37187,0.41019,normalised
50.09591031074524,,,0.49656,0.38816,1,,,,,,,,,GP3,0.49656,0.38816,0.37187,0.41019,normalised
50.10945677757263,,,0.49625,0.38807,1,,,,,,,,,GP3,0.49625,0.38807,0.37187,0.41019,normalised
50.126521825790405,,,0.49579,0.38814,1,,,,,,,,,GP3,0.49579,0.38814,0.37187,0.41019,normalised
50.14294481277466,,,0.49614,0.38775,1,,,,,,,,,GP3,0.49614,0.38775,0.37187,0.41019,normalised
50.160186767578125,,,0.49647,0.38738,1,,,,,,,,,GP3,0.49647,0.38738,0.37187,0.41019,normalised
50.17592763900757,,,0.49649,0.38705,1,,,,,,,,,GP3,0.49649,0.38705,0.37187,0.41019,normalised
50.19189381599426,,,0.49647,0.38699,1,,,,,,,,,GP3,0.49647,0.38699,0.37187,0.41019,normalised
50.206618785858154,,,0.49646,0.38721,1,,,,,,,,,GP3,0.49646,0.38721,0.37187,0.41019,normalised
50.223968744277954,,,0.49648,0.38782,1,,,,,,,,,GP3,0.49648,0.38782,0.37187,0.41019,normalised
50.24124622344971,,,0.49607,0.38822,1,,,,,,,,,GP3,0.49607,0.38822,0.37187,0.41019,normalised
50.25716948509216,,,0.49569,0.38882,1,,,,,,,,,GP3,0.49569,0.38882,0.37187,0.41019,normalised
50.272380113601685,,,0.49542,0.38978,1,,,,,,,,,GP3,0.49542,0.38978,0.37187,0.41019,normalised
50.29031205177307,,,0.49552,0.39088,1,,,,,,,,,GP3,0.49552,0.39088,0.37187,0.41019,normalised
50.30433106422424,,,0.49562,0.39194,1,,,,,,,,,GP3,0.49562,0.39194,0.37187,0.41019,normalised
50.321396350860596,,,0.49574,0.39298,1,,,,,,,,,GP3,0.49574,0.39298,0.37187,0.41019,normalised
50.336734771728516,,,0.49548,0.39452,1,,,,,,,,,GP3,0.49548,0.39452,0.37187,0.41019,normalised
50.3548641204834,,,0.49523,0.3963,1,,,,,,,,,GP3,0.49523,0.3963,0.37187,0.41019,normalised
50.36825370788574,,,0.49413,0.3983,1,,,,,,,,,GP3,0.49413,0.3983,0.37187,0.41019,normalised
50.387914180755615,,,0.49311,0.39983,1,,,,,,,,,GP3,0.49311,0.39983,0.37187,0.41019,normalised
50.401620388031006,,,0.48078,0.42614,0,,,,,,,,,GP3,0.48078,0.42614,0.37187,0.41019,normalised
50.418421268463135,,,0.45674,0.41732,0,,,,,,,,,GP3,0.45674,0.41732,0.37187,0.41019,normalised
50.43411827087402,,,0.44446,0.40793,0,,,,,,,,,GP3,0.44446,0.40793,0.37187,0.41019,normalised
50.45150899887085,,,0.43847,0.40215,1,,,,,,,,,GP3,0.43847,0.40215,0.37187,0.41019,normalised
50.46553897857666,,,0.44343,0.39479,1,,,,,,,,,GP3,0.44343,0.39479,0.37187,0.41019,normalised
50.48141360282898,,,0.44492,0.39218,1,,,,,,,,,GP3,0.44492,0.39218,0.37187,0.41019,normalised
50.49918532371521,,,0.4459,0.38864,1,,,,,,,,,GP3,0.4459,0.38864,0.37187,0.41019,normalised
50.515217781066895,,,0.44436,0.38764,1,,,,,,,,,GP3,0.44436,0.38764,0.37187,0.41019,normalised
50.53148031234741,,,0.44362,0.38639,1,,,,,,,,,GP3,0.44362,0.38639,0.37187,0.41019,normalised
50.546149253845215,,,0.44295,0.38422,1,,,,,,,,,GP3,0.44295,0.38422,0.37187,0.41019,normalised
50.56246566772461,,,0.44327,0.38705,1,,,,,,,,,GP3,0.44327,0.38705,0.37187,0.41019,normalised
50.578726053237915,,,0.44278,0.38717,1,,,,,,,,,GP3,0.44278,0.38717,0.37187,0.41019,normalised
50.596386194229126,,,0.44235,0.38772,1,,,,,,,,,GP3,0.44235,0.38772,0.37187,0.41019,normalised
50.61226773262024,,,0.44313,0.39074,1,,,,,,,,,GP3,0.44313,0.39074,0.37187,0.41019,normalised
50.6277060508728,,,0.44406,0.39286,1,,,,,,,,,GP3,0.44406,0.39286,0.37187,0.41019,normalised
50.644206523895264,,,0.44493,0.39611,1,,,,,,,,,GP3,0.44493,0.39611,0.37187,0.41019,normalised
50.659371852874756,,,0.44542,0.39978,1,,,,,,,,,GP3,0.44542,0.39978,0.37187,0.41019,normalised
50.67762541770935,,,0.44664,0.40239,1,,,,,,,,,GP3,0.44664,0.40239,0.37187,0.41019,normalised
50.692410469055176,,,0.44773,0.40472,1,,,,,,,,,GP3,0.44773,0.40472,0.37187,0.41019,normalised
50.70980501174927,,,0.44799,0.41023,1,,,,,,,,,GP3,0.44799,0.41023,0.37187,0.41019,normalised
50.726919651031494,,,0.44393,0.41735,1,,,,,,,,,GP3,0.44393,0.41735,0.37187,0.41019,normalised
50.740947246551514,,,0.43799,0.45683,0,,,,,,,,,GP3,0.43799,0.45683,0.37187,0.41019,normalised
50.758368730545044,,,0.41678,0.50916,0,,,,,,,,,GP3,0.41678,0.50916,0.37187,0.41019,normalised
50.77547812461853,,,0.40047,0.50697,0,,,,,,,,,GP3,0.40047,0.50697,0.37187,0.41019,normalised
50.790871381759644,,,0.3923,0.50453,1,,,,,,,,,GP3,0.3923,0.50453,0.37187,0.41019,normalised
50.80767011642456,,,0.38409,0.51049,1,,,,,,,,,GP3,0.38409,0.51049,0.37187,0.41019,normalised
50.82178473472595,,,0.37982,0.51415,1,,,,,,,,,GP3,0.37982,0.51415,0.37187,0.41019,normalised
50.83793640136719,,,0.37625,0.51402,1,,,,,,,,,GP3,0.37625,0.51402,0.37187,0.41019,normalised
50.85458040237427,,,0.37262,0.51738,1,,,,,,,,,GP3,0.37262,0.51738,0.37187,0.41019,normalised
50.870431423187256,,,0.3671,0.51919,1,,,,,,,,,GP3,0.3671,0.51919,0.37187,0.41019,normalised
50.886143922805786,,,0.36268,0.52063,1,,,,,,,,,GP3,0.36268,0.52063,0.37187,0.41019,normalised
50.90192198753357,,,0.35965,0.5223,1,,,,,,,,,GP3,0.35965,0.5223,0.37187,0.41019,normalised
50.918957471847534,,,0.36034,0.5269,1,,,,,,,,,GP3,0.36034,0.5269,0.37187,0.41019,normalised
50.93469429016113,,,0.36104,0.53147,1,,,,,,,,,GP3,0.36104,0.53147,0.37187,0.41019,normalised
50.95314884185791,,,0.35763,0.53232,1,,,,,,,,,GP3,0.35763,0.53232,0.37187,0.41019,normalised
50.9674928188324,,,0.35674,0.53422,1,,,,,,,,,GP3,0.35674,0.53422,0.37187,0.41019,normalised
50.98346948623657,,,0.35584,0.53532,1,,,,,,,,,GP3,0.35584,0.53532,0.37187,0.41019,normalised
51.00147080421448,,,0.35383,0.5332,1,,,,,,,,,GP3,0.35383,0.5332,0.37187,0.41019,normalised
51.015872955322266,,,0.35234,0.53122,1,,,,,,,,,GP3,0.35234,0.53122,0.37187,0.41019,normalised
51.03188729286194,,,0.35102,0.5297,1,,,,,,,,,GP3,0.35102,0.5297,0.37187,0.41019,normalised
51.048166275024414,,,0.35045,0.53051,1,,,,,,,,,GP3,0.35045,0.53051,0.37187,0.41019,normalised
51.06480813026428,,,0.34962,0.53207,1,,,,,,,,,GP3,0.34962,0.53207,0.37187,0.41019,normalised
51.080639123916626,,,0.34915,0.53467,1,,,,,,,,,GP3,0.34915,0.53467,0.37187,0.41019,normalised
51.097214221954346,,,0.34873,0.53882,1,,,,,,,,,GP3,0.34873,0.53882,0.37187,0.41019,normalised
51.11373233795166,,,0.34896,0.54194,1,,,,,,,,,GP3,0.34896,0.54194,0.37187,0.41019,normalised
51.13098859786987,,,0.34925,0.54512,1,,,,,,,,,GP3,0.34925,0.54512,0.37187,0.41019,normalised
51.14527368545532,,,0.34946,0.54812,1,,,,,,,,,GP3,0.34946,0.54812,0.37187,0.41019,normalised
51.16155219078064,,,0.34282,0.57749,0,,,,,,,,,GP3,0.34282,0.57749,0.37187,0.41019,normalised
51.17845034599304,,,0.35955,0.62912,0,,,,,,,,,GP3,0.35955,0.62912,0.37187,0.41019,normalised
51.19475698471069,,,0.34742,0.62123,0,,,,,,,,,GP3,0.34742,0.62123,0.37187,0.41019,normalised
51.21041917800903,,,0.34846,0.6203,1,,,,,,,,,GP3,0.34846,0.6203,0.37187,0.41019,normalised
51.22535538673401,,,0.34903,0.619,1,,,,,,,,,GP3,0.34903,0.619,0.37187,0.41019,normalised
51.24402093887329,,,0.35214,0.61945,1,,,,,,,,,GP3,0.35214,0.61945,0.37187,0.41019,normalised
51.25994539260864,,,0.34985,0.61606,1,,,,,,,,,GP3,0.34985,0.61606,0.37187,0.41019,normalised
51.27515959739685,,,0.34837,0.61407,1,,,,,,,,,GP3,0.34837,0.61407,0.37187,0.41019,normalised
51.290905475616455,,,0.34479,0.61284,1,,,,,,,,,GP3,0.34479,0.61284,0.37187,0.41019,normalised
51.30682063102722,,,0.34287,0.61209,1,,,,,,,,,GP3,0.34287,0.61209,0.37187,0.41019,normalised
51.323262214660645,,,0.34113,0.61111,1,,,,,,,,,GP3,0.34113,0.61111,0.37187,0.41019,normalised
51.34115219116211,,,0.34023,0.60874,1,,,,,,,,,GP3,0.34023,0.60874,0.37187,0.41019,normalised
51.35499978065491,,,0.33947,0.61048,1,,,,,,,,,GP3,0.33947,0.61048,0.37187,0.41019,normalised
51.37312626838684,,,0.33869,0.61146,1,,,,,,,,,GP3,0.33869,0.61146,0.37187,0.41019,normalised
51.38987874984741,,,0.33844,0.61087,1,,,,,,,,,GP3,0.33844,0.61087,0.37187,0.41019,normalised
51.404178619384766,,,0.33776,0.60965,1,,,,,,,,,GP3,0.33776,0.60965,0.37187,0.41019,normalised
51.42199945449829,,,0.33702,0.60778,1,,,,,,,,,GP3,0.33702,0.60778,0.37187,0.41019,normalised
51.43568682670593,,,0.33655,0.60515,1,,,,,,,,,GP3,0.33655,0.60515,0.37187,0.41019,normalised
51.45443630218506,,,0.33525,0.60057,1,,,,,,,,,GP3,0.33525,0.60057,0.37187,0.41019,normalised
51.46892166137695,,,0.33418,0.59684,1,,,,,,,,,GP3,0.33418,0.59684,0.37187,0.41019,normalised
51.48454451560974,,,0.33405,0.59522,1,,,,,,,,,GP3,0.33405,0.59522,0.37187,0.41019,normalised
51.50168490409851,,,0.33481,0.59495,1,,,,,,,,,GP3,0.33481,0.59495,0.37187,0.41019,normalised
51.51688504219055,,,0.33558,0.5951,1,,,,,,,,,GP3,0.33558,0.5951,0.37187,0.41019,normalised
51.534390926361084,,,0.33425,0.59688,1,,,,,,,,,GP3,0.33425,0.59688,0.37187,0.41019,normalised
51.550179958343506,,,0.33425,0.59688,1,,,,,,,,,GP3,0.33425,0.59688,0.37187,0.41019,normalised
51.566916704177856,,,0.33425,0.59688,1,,,,,,,,,GP3,0.33425,0.59688,0.37187,0.41019,normalised
51.58391833305359,,,0.33425,0.59688,1,,,,,,,,,GP3,0.33425,0.59688,0.37187,0.41019,normalised
51.60067129135132,,,0.32827,0.58502,0,,,,,,,,,GP3,0.32827,0.58502,0.37187,0.41019,normalised
51.61815547943115,,,0.32827,0.58502,0,,,,,,,,,GP3,0.32827,0.58502,0.37187,0.41019,normalised
51.63301658630371,,,0.32827,0.58502,0,,,,,,,,,GP3,0.32827,0.58502,0.37187,0.41019,normalised
51.64980983734131,,,0.0,0.0,0,,,,,,,,,GP3,0.0,0.0,0.37187,0.41019,normalised
51.66547608375549,,,0.0,0.0,0,,,,,,,,,GP3,0.0,0.0,0.37187,0.41019,normalised
51.68142127990723,,,0.0,0.0,0,,,,,,,,,GP3,0.0,0.0,0.37187,0.41019,normalised
51.698192834854126,,,0.0,0.0,0,,,,,,,,,GP3,0.0,0.0,0.37187,0.41019,normalised
51.71451997756958,,,0.15291,0.30014,0,,,,,,,,,GP3,0.15291,0.30014,0.37187,0.41019,normalised
51.72844696044922,,,0.15291,0.30014,0,,,,,,,,,GP3,0.15291,0.30014,0.37187,0.41019,normalised
51.74606466293335,,,0.30581,0.60028,0,,,,,,,,,GP3,0.30581,0.60028,0.37187,0.41019,normalised
51.76313924789429,,,0.30581,0.60028,0,,,,,,,,,GP3,0.30581,0.60028,0.37187,0.41019,normalised
51.777923583984375,,,0.30581,0.60028,0,,,,,,,,,GP3,0.30581,0.60028,0.37187,0.41019,normalised
51.794782400131226,,,0.0,0.0,0,,,,,,,,,GP3,0.0,0.0,0.37187,0.41019,normalised
51.811280250549316,,,0.0,0.0,0,,,,,,,,,GP3,0.0,0.0,0.37187,0.41019,normalised
51.82895565032959,,,0.0,0.0,0,,,,,,,,,GP3,0.0,0.0,0.37187,0.41019,normalised
51.84357953071594,,,0.0,0.0,0,,,,,,,,,GP3,0.0,0.0,0.37187,0.41019,normalised
51.86019968986511,,,0.0,0.0,0,,,,,,,,,GP3,0.0,0.0,0.37187,0.41019,normalised
51.876646757125854,,,0.0,0.0,0,,,,,,,,,GP3,0.0,0.0,0.37187,0.41019,normalised
51.89342451095581,,,0.0,0.0,0,,,,,,,,,GP3,0.0,0.0,0.37187,0.41019,normalised
51.90933156013489,,,0.1462,0.30187,0,,,,,,,,,GP3,0.1462,0.30187,0.37187,0.41019,normalised
51.92194080352783,,,0.2099,0.40173,0,,,,,,,,,GP3,0.2099,0.40173,0.37187,0.41019,normalised
51.93934607505798,,,0.31669,0.60228,0,,,,,,,,,GP3,0.31669,0.60228,0.37187,0.41019,normalised
51.95597195625305,,,0.32083,0.61061,0,,,,,,,,,GP3,0.32083,0.61061,0.37187,0.41019,normalised
51.97029995918274,,,0.33289,0.60987,0,,,,,,,,,GP3,0.33289,0.60987,0.37187,0.41019,normalised
51.98777103424072,,,0.32941,0.6195,1,,,,,,,,,GP3,0.32941,0.6195,0.37187,0.41019,normalised
52.003047466278076,,,0.32723,0.6244,1,,,,,,,,,GP3,0.32723,0.6244,0.37187,0.41019,normalised
52.01899790763855,,,0.33122,0.62247,1,,,,,,,,,GP3,0.33122,0.62247,0.37187,0.41019,normalised
52.034250259399414,,,0.33259,0.61962,1,,,,,,,,,GP3,0.33259,0.61962,0.37187,0.41019,normalised
52.051533460617065,,,0.33364,0.61784,1,,,,,,,,,GP3,0.33364,0.61784,0.37187,0.41019,normalised
52.06989240646362,,,0.33668,0.6187,1,,,,,,,,,GP3,0.33668,0.6187,0.37187,0.41019,normalised
52.084505558013916,,,0.33992,0.62502,1,,,,,,,,,GP3,0.33992,0.62502,0.37187,0.41019,normalised
52.0990731716156,,,0.34284,0.63118,1,,,,,,,,,GP3,0.34284,0.63118,0.37187,0.41019,normalised
52.116254806518555,,,0.34321,0.63148,1,,,,,,,,,GP3,0.34321,0.63148,0.37187,0.41019,normalised
52.13303303718567,,,0.34511,0.6324,1,,,,,,,,,GP3,0.34511,0.6324,0.37187,0.41019,normalised
52.147844314575195,,,0.34652,0.63239,1,,,,,,,,,GP3,0.34652,0.63239,0.37187,0.41019,normalised
52.164328813552856,,,0.34707,0.63231,1,,,,,,,,,GP3,0.34707,0.63231,0.37187,0.41019,normalised
52.181939125061035,,,0.34725,0.63052,1,,,,,,,,,GP3,0.34725,0.63052,0.37187,0.41019,normalised
52.1986608505249,,,0.34742,0.62902,1,,,,,,,,,GP3,0.34742,0.62902,0.37187,0.41019,normalised
52.213200092315674,,,0.34741,0.62862,1,,,,,,,,,GP3,0.34741,0.62862,0.37187,0.41019,normalised
52.23081159591675,,,0.34841,0.62911,1,,,,,,,,,GP3,0.34841,0.62911,0.37187,0.41019,normalised
52.2444703578949,,,0.34931,0.62956,1,,,,,,,,,GP3,0.34931,0.62956,0.37187,0.41019,normalised
52.26155400276184,,,0.3498,0.62891,1,,,,,,,,,GP3,0.3498,0.62891,0.37187,0.41019,normalised
52.27818942070007,,,0.3496,0.63013,1,,,,,,,,,GP3,0.3496,0.63013,0.37187,0.41019,normalised
52.295783281326294,,,0.34942,0.63125,1,,,,,,,,,GP3,0.34942,0.63125,0.37187,0.41019,normalised
52.310375690460205,,,0.34904,0.62957,1,,,,,,,,,GP3,0.34904,0.62957,0.37187,0.41019,normalised
52.32651662826538,,,0.34895,0.63115,1,,,,,,,,,GP3,0.34895,0.63115,0.37187,0.41019,normalised
52.34160542488098,,,0.34887,0.63262,1,,,,,,,,,GP3,0.34887,0.63262,0.37187,0.41019,normalised
52.359352111816406,,,0.34863,0.63182,1,,,,,,,,,GP3,0.34863,0.63182,0.37187,0.41019,normalised
52.37545990943909,,,0.34849,0.63136,1,,,,,,,,,GP3,0.34849,0.63136,0.37187,0.41019,normalised
52.390225410461426,,,0.34836,0.63093,1,,,,,,,,,GP3,0.34836,0.63093,0.37187,0.41019,normalised
52.406792640686035,,,0.34839,0.62886,1,,,,,,,,,GP3,0.34839,0.62886,0.37187,0.41019,normalised
52.42359972000122,,,0.34824,0.62776,1,,,,,,,,,GP3,0.34824,0.62776,0.37187,0.41019,normalised
52.44106078147888,,,0.34808,0.62659,1,,,,,,,,,GP3,0.34808,0.62659,0.37187,0.41019,normalised
52.45598578453064,,,0.34828,0.62617,1,,,,,,,,,GP3,0.34828,0.62617,0.37187,0.41019,normalised
52.47365069389343,,,0.34826,0.62516,1,,,,,,,,,GP3,0.34826,0.62516,0.37187,0.41019,normalised
52.48755621910095,,,0.34819,0.6241,1,,,,,,,,,GP3,0.34819,0.6241,0.37187,0.41019,normalised
52.50657296180725,,,0.3487,0.62367,1,,,,,,,,,GP3,0.3487,0.62367,0.37187,0.41019,normalised
52.51954674720764,,,0.34953,0.62327,1,,,,,,,,,GP3,0.34953,0.62327,0.37187,0.41019,normalised
52.53645849227905,,,0.35036,0.62312,1,,,,,,,,,GP3,0.35036,0.62312,0.37187,0.41019,normalised
52.55423021316528,,,0.35066,0.62364,1,,,,,,,,,GP3,0.35066,0.62364,0.37187,0.41019,normalised
52.568103075027466,,,0.35084,0.62373,1,,,,,,,,,GP3,0.35084,0.62373,0.37187,0.41019,normalised
52.58521342277527,,,0.351,0.62381,1,,,,,,,,,GP3,0.351,0.62381,0.37187,0.41019,normalised
52.60194778442383,,,0.35093,0.62319,1,,,,,,,,,GP3,0.35093,0.62319,0.37187,0.41019,normalised
52.616694688797,,,0.35089,0.62277,1,,,,,,,,,GP3,0.35089,0.62277,0.37187,0.41019,normalised
52.63345694541931,,,0.35086,0.62237,1,,,,,,,,,GP3,0.35086,0.62237,0.37187,0.41019,normalised
52.65061926841736,,,0.35095,0.6231,1,,,,,,,,,GP3,0.35095,0.6231,0.37187,0.41019,normalised
52.66564583778381,,,0.35077,0.62284,1,,,,,,,,,GP3,0.35077,0.62284,0.37187,0.41019,normalised
52.681621074676514,,,0.35062,0.62265,1,,,,,,,,,GP3,0.35062,0.62265,0.37187,0.41019,normalised
52.698318004608154,,,0.3508,0.62209,1,,,,,,,,,GP3,0.3508,0.62209,0.37187,0.41019,normalised
52.7142870426178,,,0.35145,0.62201,1,,,,,,,,,GP3,0.35145,0.62201,0.37187,0.41019,normalised
52.73080658912659,,,0.35189,0.6214,1,,,,,,,,,GP3,0.35189,0.6214,0.37187,0.41019,normalised
52.74674606323242,,,0.35157,0.62201,1,,,,,,,,,GP3,0.35157,0.62201,0.37187,0.41019,normalised
52.762457847595215,,,0.35249,0.621,1,,,,,,,,,GP3,0.35249,0.621,0.37187,0.41019,normalised
52.77852821350098,,,0.35339,0.62003,1,,,,,,,,,GP3,0.35339,0.62003,0.37187,0.41019,normalised
52.794907331466675,,,0.3527,0.61915,1,,,,,,,,,GP3,0.3527,0.61915,0.37187,0.41019,normalised
52.811535120010376,,,0.35285,0.62009,1,,,,,,,,,GP3,0.35285,0.62009,0.37187,0.41019,normalised
52.82758164405823,,,0.35298,0.62088,1,,,,,,,,,GP3,0.35298,0.62088,0.37187,0.41019,normalised
52.843921422958374,,,0.3526,0.62046,1,,,,,,,,,GP3,0.3526,0.62046,0.37187,0.41019,normalised
52.86021423339844,,,0.35235,0.61893,1,,,,,,,,,GP3,0.35235,0.61893,0.37187,0.41019,normalised
52.8757164478302,,,0.35201,0.61709,1,,,,,,,,,GP3,0.35201,0.61709,0.37187,0.41019,normalised
52.89179348945618,,,0.35142,0.61471,1,,,,,,,,,GP3,0.35142,0.61471,0.37187,0.41019,normalised
52.91017150878906,,,0.3507,0.61344,1,,,,,,,,,GP3,0.3507,0.61344,0.37187,0.41019,normalised
52.92638683319092,,,0.35013,0.61277,1,,,,,,,,,GP3,0.35013,0.61277,0.37187,0.41019,normalised
52.94342517852783,,,0.34955,0.61223,1,,,,,,,,,GP3,0.34955,0.61223,0.37187,0.41019,normalised
52.9561185836792,,,0.34914,0.6115,1,,,,,,,,,GP3,0.34914,0.6115,0.37187,0.41019,normalised
52.975674867630005,,,0.34868,0.61044,1,,,,,,,,,GP3,0.34868,0.61044,0.37187,0.41019,normalised
52.989041328430176,,,0.34826,0.60892,1,,,,,,,,,GP3,0.34826,0.60892,0.37187,0.41019,normalised
53.00686311721802,,,0.33416,0.5822,0,,,,,,,,,GP3,0.33416,0.5822,0.37187,0.41019,normalised
53.02280569076538,,,0.31844,0.56139,0,,,,,,,,,GP3,0.31844,0.56139,0.37187,0.41019,normalised
53.0374870300293,,,0.31236,0.56114,0,,,,,,,,,GP3,0.31236,0.56114,0.37187,0.41019,normalised
53.05365180969238,,,0.31237,0.57509,1,,,,,,,,,GP3,0.31237,0.57509,0.37187,0.41019,normalised
53.07020020484924,,,0.31273,0.58426,1,,,,,,,,,GP3,0.31273,0.58426,0.37187,0.41019,normalised
53.086894273757935,,,0.31306,0.5813,1,,,,,,,,,GP3,0.31306,0.5813,0.37187,0.41019,normalised
53.102755308151245,,,0.31119,0.57293,1,,,,,,,,,GP3,0.31119,0.57293,0.37187,0.41019,normalised
53.11983680725098,,,0.30916,0.56434,1,,,,,,,,,GP3,0.30916,0.56434,0.37187,0.41019,normalised
53.134612798690796,,,0.31009,0.55729,1,,,,,,,,,GP3,0.31009,0.55729,0.37187,0.41019,normalised
53.150938510894775,,,0.31033,0.5575,1,,,,,,,,,GP3,0.31033,0.5575,0.37187,0.41019,normalised
53.1679322719574,,,0.31079,0.55887,1,,,,,,,,,GP3,0.31079,0.55887,0.37187,0.41019,normalised
53.18393850326538,,,0.31154,0.55545,1,,,,,,,,,GP3,0.31154,0.55545,0.37187,0.41019,normalised
53.200236082077026,,,0.31268,0.55775,1,,,,,,,,,GP3,0.31268,0.55775,0.37187,0.41019,normalised
53.217020988464355,,,0.31378,0.56001,1,,,,,,,,,GP3,0.31378,0.56001,0.37187,0.41019,normalised
53.23175263404846,,,0.31322,0.56084,1,,,,,,,,,GP3,0.31322,0.56084,0.37187,0.41019,normalised
53.24784445762634,,,0.3131,0.56174,1,,,,,,,,,GP3,0.3131,0.56174,0.37187,0.41019,normalised
53.26492977142334,,,0.31285,0.56203,1,,,,,,,,,GP3,0.31285,0.56203,0.37187,0.41019,normalised
53.279768228530884,,,0.31263,0.56133,1,,,,,,,,,GP3,0.31263,0.56133,0.37187,0.41019,normalised
53.299381732940674,,,0.3126,0.55879,1,,,,,,,,,GP3,0.3126,0.55879,0.37187,0.41019,normalised
53.313403606414795,,,0.31257,0.55651,1,,,,,,,,,GP3,0.31257,0.55651,0.37187,0.41019,normalised
53.328176975250244,,,0.31192,0.55499,1,,,,,,,,,GP3,0.31192,0.55499,0.37187,0.41019,normalised
53.34777021408081,,,0.31203,0.55595,1,,,,,,,,,GP3,0.31203,0.55595,0.37187,0.41019,normalised
53.36085844039917,,,0.31216,0.55703,1,,,,,,,,,GP3,0.31216,0.55703,0.37187,0.41019,normalised
53.378506898880005,,,0.31235,0.55782,1,,,,,,,,,GP3,0.31235,0.55782,0.37187,0.41019,normalised
53.39383578300476,,,0.31288,0.55631,1,,,,,,,,,GP3,0.31288,0.55631,0.37187,0.41019,normalised
53.40952968597412,,,0.31344,0.55511,1,,,,,,,,,GP3,0.31344,0.55511,0.37187,0.41019,normalised
53.42643332481384,,,0.31415,0.5565,1,,,,,,,,,GP3,0.31415,0.5565,0.37187,0.41019,normalised
53.44227600097656,,,0.31428,0.55575,1,,,,,,,,,GP3,0.31428,0.55575,0.37187,0.41019,normalised
53.458954095840454,,,0.31432,0.55474,1,,,,,,,,,GP3,0.31432,0.55474,0.37187,0.41019,normalised
53.47413158416748,,,0.31382,0.55505,1,,,,,,,,,GP3,0.31382,0.55505,0.37187,0.41019,normalised
53.49089169502258,,,0.31381,0.55468,1,,,,,,,,,GP3,0.31381,0.55468,0.37187,0.41019,normalised
53.50680327415466,,,0.31389,0.55476,1,,,,,,,,,GP3,0.31389,0.55476,0.37187,0.41019,normalised
53.52260708808899,,,0.31395,0.55657,1,,,,,,,,,GP3,0.31395,0.55657,0.37187,0.41019,normalised
53.539954662323,,,0.31343,0.55862,1,,,,,,,,,GP3,0.31343,0.55862,0.37187,0.41019,normalised
53.55742263793945,,,0.31301,0.56078,1,,,,,,,,,GP3,0.31301,0.56078,0.37187,0.41019,normalised
53.57130289077759,,,0.31278,0.56125,1,,,,,,,,,GP3,0.31278,0.56125,0.37187,0.41019,normalised
53.58777403831482,,,0.31283,0.56171,1,,,,,,,,,GP3,0.31283,0.56171,0.37187,0.41019,normalised
53.60446119308472,,,0.31287,0.56215,1,,,,,,,,,GP3,0.31287,0.56215,0.37187,0.41019,normalised
53.622031688690186,,,0.31285,0.56252,1,,,,,,,,,GP3,0.31285,0.56252,0.37187,0.41019,normalised
53.636555910110474,,,0.31316,0.56288,1,,,,,,,,,GP3,0.31316,0.56288,0.37187,0.41019,normalised
53.65268540382385,,,0.31339,0.56288,1,,,,,,,,,GP3,0.31339,0.56288,0.37187,0.41019,normalised
53.66860556602478,,,0.31541,0.56106,1,,,,,,,,,GP3,0.31541,0.56106,0.37187,0.41019,normalised
53.684502601623535,,,0.31883,0.55765,1,,,,,,,,,GP3,0.31883,0.55765,0.37187,0.41019,normalised
53.7016236782074,,,0.32208,0.55414,1,,,,,,,,,GP3,0.32208,0.55414,0.37187,0.41019,normalised
53.71727681159973,,,0.35696,0.53522,0,,,,,,,,,GP3,0.35696,0.53522,0.37187,0.41019,normalised
53.73428726196289,,,0.41134,0.4646,0,,,,,,,,,GP3,0.41134,0.4646,0.37187,0.41019,normalised
53.75129771232605,,,0.42942,0.44678,0,,,,,,,,,GP3,0.42942,0.44678,0.37187,0.41019,normalised
53.765987157821655,,,0.48691,0.39096,0,,,,,,,,,GP3,0.48691,0.39096,0.37187,0.41019,normalised
53.781800270080566,,,0.50542,0.35242,0,,,,,,,,,GP3,0.50542,0.35242,0.37187,0.41019,normalised
53.79908466339111,,,0.51147,0.34385,0,,,,,,,,,GP3,0.51147,0.34385,0.37187,0.41019,normalised
53.81511211395264,,,0.51813,0.33817,1,,,,,,,,,GP3,0.51813,0.33817,0.37187,0.41019,normalised
53.83090138435364,,,0.52234,0.33192,1,,,,,,,,,GP3,0.52234,0.33192,0.37187,0.41019,normalised
53.84680461883545,,,0.52534,0.32661,1,,,,,,,,,GP3,0.52534,0.32661,0.37187,0.41019,normalised
53.8637797832489,,,0.52884,0.32531,1,,,,,,,,,GP3,0.52884,0.32531,0.37187,0.41019,normalised
53.878427028656006,,,0.53376,0.31882,1,,,,,,,,,GP3,0.53376,0.31882,0.37187,0.41019,normalised
53.89509987831116,,,0.53766,0.31157,1,,,,,,,,,GP3,0.53766,0.31157,0.37187,0.41019,normalised
53.911786794662476,,,0.53911,0.30788,1,,,,,,,,,GP3,0.53911,0.30788,0.37187,0.41019,normalised
53.926305294036865,,,0.5406,0.30347,1,,,,,,,,,GP3,0.5406,0.30347,0.37187,0.41019,normalised
53.943119287490845,,,0.54193,0.29919,1,,,,,,,,,GP3,0.54193,0.29919,0.37187,0.41019,normalised
53.95994591712952,,,0.54946,0.29428,1,,,,,,,,,GP3,0.54946,0.29428,0.37187,0.41019,normalised
53.97549510002136,,,0.55571,0.28842,1,,,,,,,,,GP3,0.55571,0.28842,0.37187,0.41019,normalised
53.99262809753418,,,0.56125,0.28244,1,,,,,,,,,GP3,0.56125,0.28244,0.37187,0.41019,normalised
54.00848627090454,,,0.58185,0.25712,0,,,,,,,,,GP3,0.58185,0.25712,0.37187,0.41019,normalised
54.02502107620239,,,0.60204,0.24989,0,,,,,,,,,GP3,0.60204,0.24989,0.37187,0.41019,normalised
54.041661977767944,,,0.60701,0.25926,0,,,,,,,,,GP3,0.60701,0.25926,0.37187,0.41019,normalised
54.05744218826294,,,0.60735,0.27082,1,,,,,,,,,GP3,0.60735,0.27082,0.37187,0.41019,normalised
54.07465219497681,,,0.61657,0.27291,1,,,,,,,,,GP3,0.61657,0.27291,0.37187,0.41019,normalised
54.088857650756836,,,0.62264,0.27642,1,,,,,,,,,GP3,0.62264,0.27642,0.37187,0.41019,normalised
54.10475039482117,,,0.62765,0.27406,1,,,,,,,,,GP3,0.62765,0.27406,0.37187,0.41019,normalised
54.124401330947876,,,0.63356,0.26919,1,,,,,,,,,GP3,0.63356,0.26919,0.37187,0.41019,normalised
54.13795781135559,,,0.6388,0.26131,1,,,,,,,,,GP3,0.6388,0.26131,0.37187,0.41019,normalised
54.156111001968384,,,0.64235,0.25173,1,,,,,,,,,GP3,0.64235,0.25173,0.37187,0.41019,normalised
54.172114610672,,,0.64693,0.24439,1,,,,,,,,,GP3,0.64693,0.24439,0.37187,0.41019,normalised
54.18552350997925,,,0.65038,0.24014,1,,,,,,,,,GP3,0.65038,0.24014,0.37187,0.41019,normalised
54.205763816833496,,,0.65231,0.23827,1,,,,,,,,,GP3,0.65231,0.23827,0.37187,0.41019,normalised
54.21953868865967,,,0.65459,0.23672,1,,,,,,,,,GP3,0.65459,0.23672,0.37187,0.41019,normalised
54.23543739318848,,,0.6567,0.23486,1,,,,,,,,,GP3,0.6567,0.23486,0.37187,0.41019,normalised
54.25537633895874,,,0.65824,0.23253,1,,,,,,,,,GP3,0.65824,0.23253,0.37187,0.41019,normalised
54.26859903335571,,,0.67645,0.21172,0,,,,,,,,,GP3,0.67645,0.21172,0.37187,0.41019,normalised
54.283724784851074,,,0.67349,0.19117,0,,,,,,,,,GP3,0.67349,0.19117,0.37187,0.41019,normalised
54.301188230514526,,,0.67409,0.17707,0,,,,,,,,,GP3,0.67409,0.17707,0.37187,0.41019,normalised
54.31569051742554,,,0.66356,0.18249,1,,,,,,,,,GP3,0.66356,0.18249,0.37187,0.41019,normalised
54.33371376991272,,,0.66356,0.18249,1,,,,,,,,,GP3,0.66356,0.18249,0.37187,0.41019,normalised
54.34966063499451,,,0.66356,0.18249,1,,,,,,,,,GP3,0.66356,0.18249,0.37187,0.41019,normalised
54.36694049835205,,,0.66356,0.18249,1,,,,,,,,,GP3,0.66356,0.18249,0.37187,0.41019,normalised
54.38256025314331,,,0.65927,0.17275,0,,,,,,,,,GP3,0.65927,0.17275,0.37187,0.41019,normalised
54.39811992645264,,,0.65927,0.17275,0,,,,,,,,,GP3,0.65927,0.17275,0.37187,0.41019,normalised
54.41485548019409,,,0.65927,0.17275,0,,,,,,,,,GP3,0.65927,0.17275,0.37187,0.41019,normalised
54.43189311027527,,,0.0,0.0,0,,,,,,,,,GP3,0.0,0.0,0.37187,0.41019,normalised
54.4466552734375,,,0.0,0.0,0,,,,,,,,,GP3,0.0,0.0,0.37187,0.41019,normalised
54.46383237838745,,,0.0,0.0,0,,,,,,,,,GP3,0.0,0.0,0.37187,0.41019,normalised
54.478574991226196,,,0.0,0.0,0,,,,,,,,,GP3,0.0,0.0,0.37187,0.41019,normalised
54.4974319934845,,,0.2539,0.49763,0,,,,,,,,,GP3,0.2539,0.49763,0.37187,0.41019,normalised
54.51007390022278,,,0.36424,0.70838,0,,,,,,,,,GP3,0.36424,0.70838,0.37187,0.41019,normalised
54.52560806274414,,,0.55908,1.08449,0,,,,,,,,,GP3,0.55908,1.08449,0.37187,0.41019,normalised
54.54159760475159,,,0.56669,1.11105,0,,,,,,,,,GP3,0.56669,1.11105,0.37187,0.41019,normalised
54.56067109107971,,,0.5607,1.07983,0,,,,,,,,,GP3,0.5607,1.07983,0.37187,0.41019,normalised
54.57418131828308,,,0.55751,1.06349,1,,,,,,,,,GP3,0.55751,1.06349,0.37187,0.41019,normalised
54.59066677093506,,,0.55751,1.06349,1,,,,,,,,,GP3,0.55751,1.06349,0.37187,0.41019,normalised
54.611464500427246,,,0.55751,1.06349,1,,,,,,,,,GP3,0.55751,1.06349,0.37187,0.41019,normalised
54.62512159347534,,,0.55751,1.06349,1,,,,,,,,,GP3,0.55751,1.06349,0.37187,0.41019,normalised
54.64410996437073,,,0.55698,1.0565,0,,,,,,,,,GP3,0.55698,1.0565,0.37187,0.41019,normalised
54.658586740493774,,,0.55698,1.0565,0,,,,,,,,,GP3,0.55698,1.0565,0.37187,0.41019,normalised
54.67538356781006,,,0.57391,0.81587,0,,,,,,,,,GP3,0.57391,0.81587,0.37187,0.41019,normalised
54.68702960014343,,,0.61434,0.37589,0,,,,,,,,,GP3,0.61434,0.37589,0.37187,0.41019,normalised
54.70271277427673,,,0.62924,0.29294,0,,,,,,,,,GP3,0.62924,0.29294,0.37187,0.41019,normalised
54.71949219703674,,,0.63557,0.25848,0,,,,,,,,,GP3,0.63557,0.25848,0.37187,0.41019,normalised
54.736696004867554,,,0.65996,0.18351,0,,,,,,,,,GP3,0.65996,0.18351,0.37187,0.41019,normalised
54.75242900848389,,,0.67387,0.13853,0,,,,,,,,,GP3,0.67387,0.13853,0.37187,0.41019,normalised
54.77021408081055,,,0.67876,0.11835,0,,,,,,,,,GP3,0.67876,0.11835,0.37187,0.41019,normalised
54.78653311729431,,,0.67039,0.12294,1,,,,,,,,,GP3,0.67039,0.12294,0.37187,0.41019,normalised
54.800288915634155,,,0.66513,0.14167,1,,,,,,,,,GP3,0.66513,0.14167,0.37187,0.41019,normalised
54.816078186035156,,,0.66082,0.16099,1,,,,,,,,,GP3,0.66082,0.16099,0.37187,0.41019,normalised
54.83417844772339,,,0.66109,0.16717,1,,,,,,,,,GP3,0.66109,0.16717,0.37187,0.41019,normalised
54.8489875793457,,,0.66191,0.17063,1,,,,,,,,,GP3,0.66191,0.17063,0.37187,0.41019,normalised
54.867465019226074,,,0.66257,0.17258,1,,,,,,,,,GP3,0.66257,0.17258,0.37187,0.41019,normalised
54.88153958320618,,,0.66289,0.17482,1,,,,,,,,,GP3,0.66289,0.17482,0.37187,0.41019,normalised
54.89907717704773,,,0.66148,0.18077,1,,,,,,,,,GP3,0.66148,0.18077,0.37187,0.41019,normalised
54.917930364608765,,,0.65998,0.18807,1,,,,,,,,,GP3,0.65998,0.18807,0.37187,0.41019,normalised
54.93116593360901,,,0.6583,0.19448,1,,,,,,,,,GP3,0.6583,0.19448,0.37187,0.41019,normalised
54.94903087615967,,,0.65652,0.19892,1,,,,,,,,,GP3,0.65652,0.19892,0.37187,0.41019,normalised
54.96487998962402,,,0.65521,0.20133,1,,,,,,,,,GP3,0.65521,0.20133,0.37187,0.41019,normalised
54.98094367980957,,,0.64994,0.22993,0,,,,,,,,,GP3,0.64994,0.22993,0.37187,0.41019,normalised
54.99845099449158,,,0.66504,0.21849,0,,,,,,,,,GP3,0.66504,0.21849,0.37187,0.41019,normalised
55.013070583343506,,,0.67157,0.20534,0,,,,,,,,,GP3,0.67157,0.20534,0.37187,0.41019,normalised
55.027087926864624,,,0.66872,0.19327,1,,,,,,,,,GP3,0.66872,0.19327,0.37187,0.41019,normalised
55.04503917694092,,,0.66917,0.1854,1,,,,,,,,,GP3,0.66917,0.1854,0.37187,0.41019,normalised
55.05950331687927,,,0.66947,0.18015,1,,,,,,,,,GP3,0.66947,0.18015,0.37187,0.41019,normalised
55.07807469367981,,,0.66756,0.16867,1,,,,,,,,,GP3,0.66756,0.16867,0.37187,0.41019,normalised
55.092220306396484,,,0.66757,0.16403,1,,,,,,,,,GP3,0.66757,0.16403,0.37187,0.41019,normalised
55.108986616134644,,,0.66735,0.16205,1,,,,,,,,,GP3,0.66735,0.16205,0.37187,0.41019,normalised
55.12481498718262,,,0.6659,0.1608,1,,,,,,,,,GP3,0.6659,0.1608,0.37187,0.41019,normalised
55.14269518852234,,,0.6656,0.16303,1,,,,,,,,,GP3,0.6656,0.16303,0.37187,0.41019,normalised
55.15738368034363,,,0.66517,0.16608,1,,,,,,,,,GP3,0.66517,0.16608,0.37187,0.41019,normalised
55.174686908721924,,,0.66476,0.17005,1,,,,,,,,,GP3,0.66476,0.17005,0.37187,0.41019,normalised
55.18908667564392,,,0.66321,0.17361,1,,,,,,,,,GP3,0.66321,0.17361,0.37187,0.41019,normalised
55.204801082611084,,,0.66187,0.1767,1,,,,,,,,,GP3,0.66187,0.1767,0.37187,0.41019,normalised
55.22263813018799,,,0.66279,0.17797,1,,,,,,,,,GP3,0.66279,0.17797,0.37187,0.41019,normalised
55.2399787902832,,,0.66276,0.17917,1,,,,,,,,,GP3,0.66276,0.17917,0.37187,0.41019,normalised
55.256932973861694,,,0.66273,0.18024,1,,,,,,,,,GP3,0.66273,0.18024,0.37187,0.41019,normalised
55.27147960662842,,,0.66224,0.17935,1,,,,,,,,,GP3,0.66224,0.17935,0.37187,0.41019,normalised
55.29045653343201,,,0.6619,0.17927,1,,,,,,,,,GP3,0.6619,0.17927,0.37187,0.41019,normalised
55.304457664489746,,,0.6615,0.17955,1,,,,,,,,,GP3,0.6615,0.17955,0.37187,0.41019,normalised
55.31940460205078,,,0.66165,0.18155,1,,,,,,,,,GP3,0.66165,0.18155,0.37187,0.41019,normalised
55.337727785110474,,,0.66203,0.18369,1,,,,,,,,,GP3,0.66203,0.18369,0.37187,0.41019,normalised
55.35420083999634,,,0.66247,0.18533,1,,,,,,,,,GP3,0.66247,0.18533,0.37187,0.41019,normalised
55.36830520629883,,,0.66212,0.1864,1,,,,,,,,,GP3,0.66212,0.1864,0.37187,0.41019,normalised
55.38535499572754,,,0.66266,0.18652,1,,,,,,,,,GP3,0.66266,0.18652,0.37187,0.41019,normalised
55.400609254837036,,,0.6635,0.18457,1,,,,,,,,,GP3,0.6635,0.18457,0.37187,0.41019,normalised
55.41775345802307,,,0.66316,0.18031,1,,,,,,,,,GP3,0.66316,0.18031,0.37187,0.41019,normalised
55.43313670158386,,,0.6639,0.17573,1,,,,,,,,,GP3,0.6639,0.17573,0.37187,0.41019,normalised
55.45035219192505,,,0.66454,0.17165,1,,,,,,,,,GP3,0.66454,0.17165,0.37187,0.41019,normalised
55.46741580963135,,,0.66512,0.16927,1,,,,,,,,,GP3,0.66512,0.16927,0.37187,0.41019,normalised
55.48374938964844,,,0.66575,0.16828,1,,,,,,,,,GP3,0.66575,0.16828,0.37187,0.41019,normalised
55.497615575790405,,,0.66617,0.16845,1,,,,,,,,,GP3,0.66617,0.16845,0.37187,0.41019,normalised
55.51342177391052,,,0.67526,0.14291,0,,,,,,,,,GP3,0.67526,0.14291,0.37187,0.41019,normalised
55.5320200920105,,,0.66755,0.14688,0,,,,,,,,,GP3,0.66755,0.14688,0.37187,0.41019,normalised
55.5458619594574,,,0.66563,0.14336,0,,,,,,,,,GP3,0.66563,0.14336,0.37187,0.41019,normalised
55.562822341918945,,,0.66745,0.14257,1,,,,,,,,,GP3,0.66745,0.14257,0.37187,0.41019,normalised
55.57787275314331,,,0.66826,0.13996,1,,,,,,,,,GP3,0.66826,0.13996,0.37187,0.41019,normalised
55.593836307525635,,,0.6688,0.13821,1,,,,,,,,,GP3,0.6688,0.13821,0.37187,0.41019,normalised
55.61061239242554,,,0.66881,0.14255,1,,,,,,,,,GP3,0.66881,0.14255,0.37187,0.41019,normalised
55.62753748893738,,,0.67134,0.13996,1,,,,,,,,,GP3,0.67134,0.13996,0.37187,0.41019,normalised
55.64454698562622,,,0.67284,0.14042,1,,,,,,,,,GP3,0.67284,0.14042,0.37187,0.41019,normalised
55.65945839881897,,,0.67142,0.14353,1,,,,,,,,,GP3,0.67142,0.14353,0.37187,0.41019,normalised
55.675718784332275,,,0.66924,0.14962,1,,,,,,,,,GP3,0.66924,0.14962,0.37187,0.41019,normalised
55.69271206855774,,,0.66741,0.15528,1,,,,,,,,,GP3,0.66741,0.15528,0.37187,0.41019,normalised
55.708524227142334,,,0.66828,0.15997,1,,,,,,,,,GP3,0.66828,0.15997,0.37187,0.41019,normalised
55.725438356399536,,,0.6682,0.1621,1,,,,,,,,,GP3,0.6682,0.1621,0.37187,0.41019,normalised
55.74126434326172,,,0.66839,0.16205,1,,,,,,,,,GP3,0.66839,0.16205,0.37187,0.41019,normalised
55.75596308708191,,,0.66852,0.15951,1,,,,,,,,,GP3,0.66852,0.15951,0.37187,0.41019,normalised
55.773085832595825,,,0.66877,0.15718,1,,,,,,,,,GP3,0.66877,0.15718,0.37187,0.41019,normalised
55.79014754295349,,,0.6687,0.15702,1,,,,,,,,,GP3,0.6687,0.15702,0.37187,0.41019,normalised
55.80466675758362,,,0.66798,0.16024,1,,,,,,,,,GP3,0.66798,0.16024,0.37187,0.41019,normalised
55.82191038131714,,,0.66651,0.16517,1,,,,,,,,,GP3,0.66651,0.16517,0.37187,0.41019,normalised
55.83971285820007,,,0.66501,0.17099,1,,,,,,,,,GP3,0.66501,0.17099,0.37187,0.41019,normalised
55.85359764099121,,,0.6585,0.20222,0,,,,,,,,,GP3,0.6585,0.20222,0.37187,0.41019,normalised
55.86883592605591,,,0.65659,0.2404,0,,,,,,,,,GP3,0.65659,0.2404,0.37187,0.41019,normalised
55.88586187362671,,,0.65711,0.24676,0,,,,,,,,,GP3,0.65711,0.24676,0.37187,0.41019,normalised
55.902368783950806,,,0.61665,0.2427,1,,,,,,,,,GP3,0.61665,0.2427,0.37187,0.41019,normalised
55.91673564910889,,,0.57861,0.23155,1,,,,,,,,,GP3,0.57861,0.23155,0.37187,0.41019,normalised
55.933818101882935,,,0.55289,0.22056,1,,,,,,,,,GP3,0.55289,0.22056,0.37187,0.41019,normalised
55.95017337799072,,,0.51273,0.21461,1,,,,,,,,,GP3,0.51273,0.21461,0.37187,0.41019,normalised
55.96607780456543,,,0.45627,0.21411,0,,,,,,,,,GP3,0.45627,0.21411,0.37187,0.41019,normalised
55.98420000076294,,,0.36121,0.21305,0,,,,,,,,,GP3,0.36121,0.21305,0.37187,0.41019,normalised
55.997129917144775,,,0.32679,0.20432,0,,,,,,,,,GP3,0.32679,0.20432,0.37187,0.41019,normalised
56.01313138008118,,,0.25874,0.19782,0,,,,,,,,,GP3,0.25874,0.19782,0.37187,0.41019,normalised
56.0308620929718,,,0.25704,0.20329,0,,,,,,,,,GP3,0.25704,0.20329,0.37187,0.41019,normalised
56.04575777053833,,,0.25771,0.2045,0,,,,,,,,,GP3,0.25771,0.2045,0.37187,0.41019,normalised
56.0630099773407,,,0.26091,0.21327,1,,,,,,,,,GP3,0.26091,0.21327,0.37187,0.41019,normalised
56.07921838760376,,,0.26271,0.21716,1,,,,,,,,,GP3,0.26271,0.21716,0.37187,0.41019,normalised
56.09483337402344,,,0.26545,0.21652,1,,,,,,,,,GP3,0.26545,0.21652,0.37187,0.41019,normalised
56.11045551300049,,,0.26149,0.21462,1,,,,,,,,,GP3,0.26149,0.21462,0.37187,0.41019,normalised
56.12772011756897,,,0.25856,0.21374,1,,,,,,,,,GP3,0.25856,0.21374,0.37187,0.41019,normalised
56.14424395561218,,,0.25786,0.21671,1,,,,,,,,,GP3,0.25786,0.21671,0.37187,0.41019,normalised
56.15875577926636,,,0.25958,0.21845,1,,,,,,,,,GP3,0.25958,0.21845,0.37187,0.41019,normalised
56.17503070831299,,,0.26126,0.22114,1,,,,,,,,,GP3,0.26126,0.22114,0.37187,0.41019,normalised
56.19216752052307,,,0.26074,0.22375,1,,,,,,,,,GP3,0.26074,0.22375,0.37187,0.41019,normalised
56.20740294456482,,,0.26035,0.22353,1,,,,,,,,,GP3,0.26035,0.22353,0.37187,0.41019,normalised
56.22404623031616,,,0.25953,0.22102,1,,,,,,,,,GP3,0.25953,0.22102,0.37187,0.41019,normalised
56.24119758605957,,,0.25902,0.21899,1,,,,,,,,,GP3,0.25902,0.21899,0.37187,0.41019,normalised
56.25691819190979,,,0.25842,0.21555,1,,,,,,,,,GP3,0.25842,0.21555,0.37187,0.41019,normalised
56.2748007774353,,,0.25757,0.21131,1,,,,,,,,,GP3,0.25757,0.21131,0.37187,0.41019,normalised
56.29093885421753,,,0.25644,0.20706,1,,,,,,,,,GP3,0.25644,0.20706,0.37187,0.41019,normalised
56.30603861808777,,,0.2568,0.20471,1,,,,,,,,,GP3,0.2568,0.20471,0.37187,0.41019,normalised
56.32112717628479,,,0.2574,0.20397,1,,,,,,,,,GP3,0.2574,0.20397,0.37187,0.41019,normalised
56.33738088607788,,,0.25655,0.20398,1,,,,,,,,,GP3,0.25655,0.20398,0.37187,0.41019,normalised
56.35443353652954,,,0.25618,0.20514,1,,,,,,,,,GP3,0.25618,0.20514,0.37187,0.41019,normalised
56.369107723236084,,,0.2558,0.2059,1,,,,,,,,,GP3,0.2558,0.2059,0.37187,0.41019,normalised
56.386311531066895,,,0.25548,0.20522,1,,,,,,,,,GP3,0.25548,0.20522,0.37187,0.41019,normalised
56.402400732040405,,,0.25501,0.20445,1,,,,,,,,,GP3,0.25501,0.20445,0.37187,0.41019,normalised
56.41816711425781,,,0.25449,0.20349,1,,,,,,,,,GP3,0.25449,0.20349,0.37187,0.41019,normalised
56.43500757217407,,,0.25397,0.20315,1,,,,,,,,,GP3,0.25397,0.20315,0.37187,0.41019,normalised
56.45266556739807,,,0.25328,0.20318,1,,,,,,,,,GP3,0.25328,0.20318,0.37187,0.41019,normalised
56.46850037574768,,,0.25285,0.2039,1,,,,,,,,,GP3,0.25285,0.2039,0.37187,0.41019,normalised
56.48338198661804,,,0.25225,0.20399,1,,,,,,,,,GP3,0.25225,0.20399,0.37187,0.41019,normalised
56.5003297328949,,,0.25173,0.20374,1,,,,,,,,,GP3,0.25173,0.20374,0.37187,0.41019,normalised
56.514671087265015,,,0.25121,0.20342,1,,,,,,,,,GP3,0.25121,0.20342,0.37187,0.41019,normalised
56.531296491622925,,,0.25058,0.20418,1,,,,,,,,,GP3,0.25058,0.20418,0.37187,0.41019,normalised
56.54851317405701,,,0.24992,0.20438,1,,,,,,,,,GP3,0.24992,0.20438,0.37187,0.41019,normalised
56.564504623413086,,,0.24923,0.20438,1,,,,,,,,,GP3,0.24923,0.20438,0.37187,0.41019,normalised
56.58033633232117,,,0.24837,0.20503,1,,,,,,,,,GP3,0.24837,0.20503,0.37187,0.41019,normalised
56.59659671783447,,,0.24712,0.20509,1,,,,,,,,,GP3,0.24712,0.20509,0.37187,0.41019,normalised
56.612449407577515,,,0.24583,0.20467,1,,,,,,,,,GP3,0.24583,0.20467,0.37187,0.41019,normalised
56.628896713256836,,,0.2445,0.20411,1,,,,,,,,,GP3,0.2445,0.20411,0.37187,0.41019,normalised
56.6466007232666,,,0.24381,0.20303,1,,,,,,,,,GP3,0.24381,0.20303,0.37187,0.41019,normalised
56.66137433052063,,,0.24316,0.202,1,,,,,,,,,GP3,0.24316,0.202,0.37187,0.41019,normalised
56.677268981933594,,,0.24449,0.20042,1,,,,,,,,,GP3,0.24449,0.20042,0.37187,0.41019,normalised
56.694897413253784,,,0.24521,0.2004,1,,,,,,,,,GP3,0.24521,0.2004,0.37187,0.41019,normalised
56.70958137512207,,,0.24598,0.20085,1,,,,,,,,,GP3,0.24598,0.20085,0.37187,0.41019,normalised
56.72646880149841,,,0.24629,0.20218,1,,,,,,,,,GP3,0.24629,0.20218,0.37187,0.41019,normalised
56.74244046211243,,,0.24692,0.20361,1,,,,,,,,,GP3,0.24692,0.20361,0.37187,0.41019,normalised
56.75745153427124,,,0.24751,0.20483,1,,,,,,,,,GP3,0.24751,0.20483,0.37187,0.41019,normalised
56.7754647731781,,,0.24806,0.2049,1,,,,,,,,,GP3,0.24806,0.2049,0.37187,0.41019,normalised
56.79063367843628,,,0.24862,0.20496,1,,,,,,,,,GP3,0.24862,0.20496,0.37187,0.41019,normalised
56.809513568878174,,,0.24919,0.20453,1,,,,,,,,,GP3,0.24919,0.20453,0.37187,0.41019,normalised
56.824575901031494,,,0.25055,0.20497,1,,,,,,,,,GP3,0.25055,0.20497,0.37187,0.41019,normalised
56.83867692947388,,,0.28014,0.21231,0,,,,,,,,,GP3,0.28014,0.21231,0.37187,0.41019,normalised
56.85554218292236,,,0.29853,0.22113,0,,,,,,,,,GP3,0.29853,0.22113,0.37187,0.41019,normalised
56.8731529712677,,,0.30331,0.2261,0,,,,,,,,,GP3,0.30331,0.2261,0.37187,0.41019,normalised
56.88760805130005,,,0.30762,0.23066,1,,,,,,,,,GP3,0.30762,0.23066,0.37187,0.41019,normalised
56.90318512916565,,,0.31021,0.23339,1,,,,,,,,,GP3,0.31021,0.23339,0.37187,0.41019,normalised
56.91891837120056,,,0.3112,0.23594,1,,,,,,,,,GP3,0.3112,0.23594,0.37187,0.41019,normalised
56.936213970184326,,,0.31305,0.2353,1,,,,,,,,,GP3,0.31305,0.2353,0.37187,0.41019,normalised
56.95411419868469,,,0.31294,0.23715,1,,,,,,,,,GP3,0.31294,0.23715,0.37187,0.41019,normalised
56.968867778778076,,,0.31294,0.23715,1,,,,,,,,,GP3,0.31294,0.23715,0.37187,0.41019,normalised
56.984734773635864,,,0.31294,0.23715,1,,,,,,,,,GP3,0.31294,0.23715,0.37187,0.41019,normalised
57.00259733200073,,,0.31294,0.23715,1,,,,,,,,,GP3,0.31294,0.23715,0.37187,0.41019,normalised
57.01970553398132,,,0.31762,0.2407,0,,,,,,,,,GP3,0.31762,0.2407,0.37187,0.41019,normalised
57.03549551963806,,,0.31762,0.2407,0,,,,,,,,,GP3,0.31762,0.2407,0.37187,0.41019,normalised
57.05043172836304,,,0.31762,0.2407,0,,,,,,,,,GP3,0.31762,0.2407,0.37187,0.41019,normalised
57.06919050216675,,,0.0,0.0,0,,,,,,,,,GP3,0.0,0.0,0.37187,0.41019,normalised
57.084601163864136,,,0.0,0.0,0,,,,,,,,,GP3,0.0,0.0,0.37187,0.41019,normalised
57.10142230987549,,,0.0,0.0,0,,,,,,,,,GP3,0.0,0.0,0.37187,0.41019,normalised
57.118382692337036,,,0.0,0.0,0,,,,,,,,,GP3,0.0,0.0,0.37187,0.41019,normalised
57.132312059402466,,,0.0,0.0,0,,,,,,,,,GP3,0.0,0.0,0.37187,0.41019,normalised
57.15001678466797,,,0.0,0.0,0,,,,,,,,,GP3,0.0,0.0,0.37187,0.41019,normalised
57.16583800315857,,,0.47112,0.18286,0,,,,,,,,,GP3,0.47112,0.18286,0.37187,0.41019,normalised
57.17836380004883,,,0.48444,0.19046,0,,,,,,,,,GP3,0.48444,0.19046,0.37187,0.41019,normalised
57.194828271865845,,,0.48888,0.193,0,,,,,,,,,GP3,0.48888,0.193,0.37187,0.41019,normalised
57.21234488487244,,,0.45107,0.22261,1,,,,,,,,,GP3,0.45107,0.22261,0.37187,0.41019,normalised
57.22686839103699,,,0.42705,0.24235,1,,,,,,,,,GP3,0.42705,0.24235,0.37187,0.41019,normalised
57.24351239204407,,,0.41104,0.25552,1,,,,,,,,,GP3,0.41104,0.25552,0.37187,0.41019,normalised
57.259028911590576,,,0.40003,0.25906,1,,,,,,,,,GP3,0.40003,0.25906,0.37187,0.41019,normalised
57.27772378921509,,,0.3918,0.26229,1,,,,,,,,,GP3,0.3918,0.26229,0.37187,0.41019,normalised
57.29156017303467,,,0.38512,0.26259,1,,,,,,,,,GP3,0.38512,0.26259,0.37187,0.41019,normalised
57.307645320892334,,,0.37977,0.26007,1,,,,,,,,,GP3,0.37977,0.26007,0.37187,0.41019,normalised
57.324411392211914,,,0.37467,0.2554,1,,,,,,,,,GP3,0.37467,0.2554,0.37187,0.41019,normalised
57.3400239944458,,,0.37006,0.24931,1,,,,,,,,,GP3,0.37006,0.24931,0.37187,0.41019,normalised
57.35703897476196,,,0.36585,0.24424,1,,,,,,,,,GP3,0.36585,0.24424,0.37187,0.41019,normalised
57.37384629249573,,,0.36426,0.24086,1,,,,,,,,,GP3,0.36426,0.24086,0.37187,0.41019,normalised
57.38819742202759,,,0.33148,0.24859,0,,,,,,,,,GP3,0.33148,0.24859,0.37187,0.41019,normalised
57.405905961990356,,,0.33148,0.24859,0,,,,,,,,,GP3,0.33148,0.24859,0.37187,0.41019,normalised
57.42246437072754,,,0.33148,0.24859,0,,,,,,,,,GP3,0.33148,0.24859,0.37187,0.41019,normalised
57.43998956680298,,,0.0,0.0,0,,,,,,,,,GP3,0.0,0.0,0.37187,0.41019,normalised
57.456578493118286,,,0.0,0.0,0,,,,,,,,,GP3,0.0,0.0,0.37187,0.41019,normalised
57.470744371414185,,,0.0,0.0,0,,,,,,,,,GP3,0.0,0.0,0.37187,0.41019,normalised
57.48809885978699,,,0.0,0.0,0,,,,,,,,,GP3,0.0,0.0,0.37187,0.41019,normalised
57.5043249130249,,,0.0,0.0,0,,,,,,,,,GP3,0.0,0.0,0.37187,0.41019,normalised
57.52100157737732,,,0.0,0.0,0,,,,,,,,,GP3,0.0,0.0,0.37187,0.41019,normalised
57.53653931617737,,,0.0,0.0,0,,,,,,,,,GP3,0.0,0.0,0.37187,0.41019,normalised
57.55254888534546,,,0.0,0.0,0,,,,,,,,,GP3,0.0,0.0,0.37187,0.41019,normalised
57.56909680366516,,,0.0,0.0,0,,,,,,,,,GP3,0.0,0.0,0.37187,0.41019,normalised
57.58571696281433,,,0.0,0.0,0,,,,,,,,,GP3,0.0,0.0,0.37187,0.41019,normalised
57.60265278816223,,,0.0,0.0,0,,,,,,,,,GP3,0.0,0.0,0.37187,0.41019,normalised
57.61849784851074,,,0.0,0.0,0,,,,,,,,,GP3,0.0,0.0,0.37187,0.41019,normalised
57.63550138473511,,,0.0,0.0,0,,,,,,,,,GP3,0.0,0.0,0.37187,0.41019,normalised
57.64983892440796,,,0.0,0.0,0,,,,,,,,,GP3,0.0,0.0,0.37187,0.41019,normalised
57.66690945625305,,,0.0,0.0,0,,,,,,,,,GP3,0.0,0.0,0.37187,0.41019,normalised
57.68470358848572,,,0.0,0.0,0,,,,,,,,,GP3,0.0,0.0,0.37187,0.41019,normalised
57.69833946228027,,,0.23901,0.03813,0,,,,,,,,,GP3,0.23901,0.03813,0.37187,0.41019,normalised
57.71257472038269,,,0.29866,0.05631,0,,,,,,,,,GP3,0.29866,0.05631,0.37187,0.41019,normalised
57.728689193725586,,,0.42577,0.10343,0,,,,,,,,,GP3,0.42577,0.10343,0.37187,0.41019,normalised
57.744555711746216,,,0.36519,0.15011,0,,,,,,,,,GP3,0.36519,0.15011,0.37187,0.41019,normalised
57.76124024391174,,,0.34645,0.16944,0,,,,,,,,,GP3,0.34645,0.16944,0.37187,0.41019,normalised
57.77611756324768,,,0.30841,0.21079,0,,,,,,,,,GP3,0.30841,0.21079,0.37187,0.41019,normalised
57.79370069503784,,,0.30957,0.21981,0,,,,,,,,,GP3,0.30957,0.21981,0.37187,0.41019,normalised
57.80941581726074,,,0.31153,0.2268,0,,,,,,,,,GP3,0.31153,0.2268,0.37187,0.41019,normalised
57.8249397277832,,,0.31367,0.23695,1,,,,,,,,,GP3,0.31367,0.23695,0.37187,0.41019,normalised
57.84184765815735,,,0.32215,0.24589,1,,,,,,,,,GP3,0.32215,0.24589,0.37187,0.41019,normalised
57.859819412231445,,,0.32286,0.25221,1,,,,,,,,,GP3,0.32286,0.25221,0.37187,0.41019,normalised
57.876352310180664,,,0.32337,0.25672,1,,,,,,,,,GP3,0.32337,0.25672,0.37187,0.41019,normalised
57.89075946807861,,,0.32225,0.2638,1,,,,,,,,,GP3,0.32225,0.2638,0.37187,0.41019,normalised
57.9067907333374,,,0.32526,0.26842,1,,,,,,,,,GP3,0.32526,0.26842,0.37187,0.41019,normalised
57.92463040351868,,,0.32767,0.27212,1,,,,,,,,,GP3,0.32767,0.27212,0.37187,0.41019,normalised
57.94041633605957,,,0.32842,0.27588,1,,,,,,,,,GP3,0.32842,0.27588,0.37187,0.41019,normalised
57.956080198287964,,,0.32975,0.27719,1,,,,,,,,,GP3,0.32975,0.27719,0.37187,0.41019,normalised
57.972575187683105,,,0.33087,0.2783,1,,,,,,,,,GP3,0.33087,0.2783,0.37187,0.41019,normalised
57.98781394958496,,,0.33096,0.28013,1,,,,,,,,,GP3,0.33096,0.28013,0.37187,0.41019,normalised
58.00371193885803,,,0.33145,0.28263,1,,,,,,,,,GP3,0.33145,0.28263,0.37187,0.41019,normalised
58.01970863342285,,,0.33172,0.28363,1,,,,,,,,,GP3,0.33172,0.28363,0.37187,0.41019,normalised
58.0376832485199,,,0.33203,0.28265,1,,,,,,,,,GP3,0.33203,0.28265,0.37187,0.41019,normalised
58.05263018608093,,,0.33215,0.27914,1,,,,,,,,,GP3,0.33215,0.27914,0.37187,0.41019,normalised
58.06843686103821,,,0.33215,0.27532,1,,,,,,,,,GP3,0.33215,0.27532,0.37187,0.41019,normalised
58.08483386039734,,,0.33173,0.27252,1,,,,,,,,,GP3,0.33173,0.27252,0.37187,0.41019,normalised
58.1005539894104,,,0.33123,0.27113,1,,,,,,,,,GP3,0.33123,0.27113,0.37187,0.41019,normalised
58.1165771484375,,,0.33077,0.26986,1,,,,,,,,,GP3,0.33077,0.26986,0.37187,0.41019,normalised
58.132386445999146,,,0.33065,0.26666,1,,,,,,,,,GP3,0.33065,0.26666,0.37187,0.41019,normalised
58.14943075180054,,,0.32931,0.2645,1,,,,,,,,,GP3,0.32931,0.2645,0.37187,0.41019,normalised
58.16577434539795,,,0.3281,0.26277,1,,,,,,,,,GP3,0.3281,0.26277,0.37187,0.41019,normalised
58.1817409992218,,,0.3273,0.26209,1,,,,,,,,,GP3,0.3273,0.26209,0.37187,0.41019,normalised
58.19886755943298,,,0.32232,0.23823,0,,,,,,,,,GP3,0.32232,0.23823,0.37187,0.41019,normalised
58.21557664871216,,,0.32819,0.27383,0,,,,,,,,,GP3,0.32819,0.27383,0.37187,0.41019,normalised
58.23020911216736,,,0.32572,0.27935,0,,,,,,,,,GP3,0.32572,0.27935,0.37187,0.41019,normalised
58.24644327163696,,,0.32637,0.283,1,,,,,,,,,GP3,0.32637,0.283,0.37187,0.41019,normalised
58.26347589492798,,,0.32676,0.28519,1,,,,,,,,,GP3,0.32676,0.28519,0.37187,0.41019,normalised
58.280359506607056,,,0.3302,0.28744,1,,,,,,,,,GP3,0.3302,0.28744,0.37187,0.41019,normalised
58.29487466812134,,,0.33064,0.28889,1,,,,,,,,,GP3,0.33064,0.28889,0.37187,0.41019,normalised
58.312586069107056,,,0.33098,0.28997,1,,,,,,,,,GP3,0.33098,0.28997,0.37187,0.41019,normalised
58.32707905769348,,,0.3315,0.29376,1,,,,,,,,,GP3,0.3315,0.29376,0.37187,0.41019,normalised
58.34379577636719,,,0.33159,0.29723,1,,,,,,,,,GP3,0.33159,0.29723,0.37187,0.41019,normalised
58.358757972717285,,,0.33164,0.29949,1,,,,,,,,,GP3,0.33164,0.29949,0.37187,0.41019,normalised
58.37546420097351,,,0.33088,0.29887,1,,,,,,,,,GP3,0.33088,0.29887,0.37187,0.41019,normalised
58.392080783843994,,,0.3298,0.29677,1,,,,,,,,,GP3,0.3298,0.29677,0.37187,0.41019,normalised
58.40853261947632,,,0.32853,0.29313,1,,,,,,,,,GP3,0.32853,0.29313,0.37187,0.41019,normalised
58.42626667022705,,,0.32847,0.28836,1,,,,,,,,,GP3,0.32847,0.28836,0.37187,0.41019,normalised
58.44160342216492,,,0.32792,0.28492,1,,,,,,,,,GP3,0.32792,0.28492,0.37187,0.41019,normalised
58.456504583358765,,,0.3273,0.28115,1,,,,,,,,,GP3,0.3273,0.28115,0.37187,0.41019,normalised
58.47316026687622,,,0.32664,0.27416,1,,,,,,,,,GP3,0.32664,0.27416,0.37187,0.41019,normalised
58.48983645439148,,,0.32545,0.26996,1,,,,,,,,,GP3,0.32545,0.26996,0.37187,0.41019,normalised
58.506407260894775,,,0.32449,0.26683,1,,,,,,,,,GP3,0.32449,0.26683,0.37187,0.41019,normalised
58.52204465866089,,,0.32512,0.26455,1,,,,,,,,,GP3,0.32512,0.26455,0.37187,0.41019,normalised
58.538997411727905,,,0.3192,0.23567,0,,,,,,,,,GP3,0.3192,0.23567,0.37187,0.41019,normalised
58.55385494232178,,,0.32009,0.24668,0,,,,,,,,,GP3,0.32009,0.24668,0.37187,0.41019,normalised
58.569910287857056,,,0.32481,0.25279,0,,,,,,,,,GP3,0.32481,0.25279,0.37187,0.41019,normalised
58.58543658256531,,,0.3244,0.2502,1,,,,,,,,,GP3,0.3244,0.2502,0.37187,0.41019,normalised
58.60193419456482,,,0.32425,0.24994,1,,,,,,,,,GP3,0.32425,0.24994,0.37187,0.41019,normalised
58.618473291397095,,,0.32487,0.25048,1,,,,,,,,,GP3,0.32487,0.25048,0.37187,0.41019,normalised
58.636414766311646,,,0.32658,0.25623,1,,,,,,,,,GP3,0.32658,0.25623,0.37187,0.41019,normalised
58.65124869346619,,,0.32807,0.26133,1,,,,,,,,,GP3,0.32807,0.26133,0.37187,0.41019,normalised
58.669278383255005,,,0.33048,0.26029,1,,,,,,,,,GP3,0.33048,0.26029,0.37187,0.41019,normalised
58.68395686149597,,,0.32871,0.25947,1,,,,,,,,,GP3,0.32871,0.25947,0.37187,0.41019,normalised
58.698912382125854,,,0.32706,0.2576,1,,,,,,,,,GP3,0.32706,0.2576,0.37187,0.41019,normalised
58.71625995635986,,,0.32728,0.25642,1,,,,,,,,,GP3,0.32728,0.25642,0.37187,0.41019,normalised
58.73325991630554,,,0.32918,0.25558,1,,,,,,,,,GP3,0.32918,0.25558,0.37187,0.41019,normalised
58.74732780456543,,,0.3308,0.25485,1,,,,,,,,,GP3,0.3308,0.25485,0.37187,0.41019,normalised
58.76429319381714,,,0.33082,0.2553,1,,,,,,,,,GP3,0.33082,0.2553,0.37187,0.41019,normalised
58.7800178527832,,,0.33133,0.25553,1,,,,,,,,,GP3,0.33133,0.25553,0.37187,0.41019,normalised
58.79762411117554,,,0.33167,0.25536,1,,,,,,,,,GP3,0.33167,0.25536,0.37187,0.41019,normalised
58.81221628189087,,,0.33286,0.25251,1,,,,,,,,,GP3,0.33286,0.25251,0.37187,0.41019,normalised
58.827953577041626,,,0.33371,0.25151,1,,,,,,,,,GP3,0.33371,0.25151,0.37187,0.41019,normalised
58.84471845626831,,,0.33447,0.25026,1,,,,,,,,,GP3,0.33447,0.25026,0.37187,0.41019,normalised
58.86040258407593,,,0.33424,0.2493,1,,,,,,,,,GP3,0.33424,0.2493,0.37187,0.41019,normalised
58.8764066696167,,,0.33377,0.24761,1,,,,,,,,,GP3,0.33377,0.24761,0.37187,0.41019,normalised
58.895466327667236,,,0.33325,0.24551,1,,,,,,,,,GP3,0.33325,0.24551,0.37187,0.41019,normalised
58.909343957901,,,0.33298,0.24305,1,,,,,,,,,GP3,0.33298,0.24305,0.37187,0.41019,normalised
58.92593741416931,,,0.33295,0.24215,1,,,,,,,,,GP3,0.33295,0.24215,0.37187,0.41019,normalised
58.942858934402466,,,0.33292,0.24131,1,,,,,,,,,GP3,0.33292,0.24131,0.37187,0.41019,normalised
58.95719051361084,,,0.3332,0.24108,1,,,,,,,,,GP3,0.3332,0.24108,0.37187,0.41019,normalised
58.97340130805969,,,0.33316,0.24159,1,,,,,,,,,GP3,0.33316,0.24159,0.37187,0.41019,normalised
58.991074323654175,,,0.33313,0.24206,1,,,,,,,,,GP3,0.33313,0.24206,0.37187,0.41019,normalised
59.007611989974976,,,0.3335,0.24092,1,,,,,,,,,GP3,0.3335,0.24092,0.37187,0.41019,normalised
59.02277636528015,,,0.33368,0.23951,1,,,,,,,,,GP3,0.33368,0.23951,0.37187,0.41019,normalised
59.03763699531555,,,0.33396,0.23894,1,,,,,,,,,GP3,0.33396,0.23894,0.37187,0.41019,normalised
59.0544753074646,,,0.33441,0.23912,1,,,,,,,,,GP3,0.33441,0.23912,0.37187,0.41019,normalised
59.07328987121582,,,0.33464,0.24015,1,,,,,,,,,GP3,0.33464,0.24015,0.37187,0.41019,normalised
59.088207721710205,,,0.33486,0.24112,1,,,,,,,,,GP3,0.33486,0.24112,0.37187,0.41019,normalised
59.10447812080383,,,0.33514,0.24125,1,,,,,,,,,GP3,0.33514,0.24125,0.37187,0.41019,normalised
59.119967460632324,,,0.33566,0.24133,1,,,,,,,,,GP3,0.33566,0.24133,0.37187,0.41019,normalised
59.13683891296387,,,0.33611,0.2413,1,,,,,,,,,GP3,0.33611,0.2413,0.37187,0.41019,normalised
59.151620626449585,,,0.33623,0.24208,1,,,,,,,,,GP3,0.33623,0.24208,0.37187,0.41019,normalised
59.16849112510681,,,0.33669,0.24344,1,,,,,,,,,GP3,0.33669,0.24344,0.37187,0.41019,normalised
59.183003187179565,,,0.33716,0.24504,1,,,,,,,,,GP3,0.33716,0.24504,0.37187,0.41019,normalised
59.20056080818176,,,0.33748,0.24631,1,,,,,,,,,GP3,0.33748,0.24631,0.37187,0.41019,normalised
59.21568250656128,,,0.33784,0.24717,1,,,,,,,,,GP3,0.33784,0.24717,0.37187,0.41019,normalised
59.233198404312134,,,0.34957,0.27245,0,,,,,,,,,GP3,0.34957,0.27245,0.37187,0.41019,normalised
59.249330043792725,,,0.34714,0.29068,0,,,,,,,,,GP3,0.34714,0.29068,0.37187,0.41019,normalised
59.26497960090637,,,0.34787,0.2976,0,,,,,,,,,GP3,0.34787,0.2976,0.37187,0.41019,normalised
59.28145217895508,,,0.34775,0.29791,1,,,,,,,,,GP3,0.34775,0.29791,0.37187,0.41019,normalised
59.296523571014404,,,0.35024,0.29635,1,,,,,,,,,GP3,0.35024,0.29635,0.37187,0.41019,normalised
59.31432509422302,,,0.35013,0.28475,1,,,,,,,,,GP3,0.35013,0.28475,0.37187,0.41019,normalised
59.32887578010559,,,0.34958,0.27307,1,,,,,,,,,GP3,0.34958,0.27307,0.37187,0.41019,normalised
59.346688985824585,,,0.34896,0.26814,1,,,,,,,,,GP3,0.34896,0.26814,0.37187,0.41019,normalised
59.36209583282471,,,0.34829,0.26218,1,,,,,,,,,GP3,0.34829,0.26218,0.37187,0.41019,normalised
59.38037037849426,,,0.34809,0.25976,1,,,,,,,,,GP3,0.34809,0.25976,0.37187,0.41019,normalised
59.39619159698486,,,0.34735,0.26249,1,,,,,,,,,GP3,0.34735,0.26249,0.37187,0.41019,normalised
59.41095757484436,,,0.34768,0.26119,1,,,,,,,,,GP3,0.34768,0.26119,0.37187,0.41019,normalised
59.426756381988525,,,0.34796,0.26008,1,,,,,,,,,GP3,0.34796,0.26008,0.37187,0.41019,normalised
59.44327640533447,,,0.34955,0.25807,1,,,,,,,,,GP3,0.34955,0.25807,0.37187,0.41019,normalised
59.46109938621521,,,0.34999,0.25591,1,,,,,,,,,GP3,0.34999,0.25591,0.37187,0.41019,normalised
59.47433948516846,,,0.35019,0.25294,1,,,,,,,,,GP3,0.35019,0.25294,0.37187,0.41019,normalised
59.49049353599548,,,0.35004,0.25207,1,,,,,,,,,GP3,0.35004,0.25207,0.37187,0.41019,normalised
59.50816488265991,,,0.34939,0.2516,1,,,,,,,,,GP3,0.34939,0.2516,0.37187,0.41019,normalised
59.52377772331238,,,0.349,0.25219,1,,,,,,,,,GP3,0.349,0.25219,0.37187,0.41019,normalised
59.53969621658325,,,0.34942,0.25358,1,,,,,,,,,GP3,0.34942,0.25358,0.37187,0.41019,normalised
59.55673432350159,,,0.34912,0.25408,1,,,,,,,,,GP3,0.34912,0.25408,0.37187,0.41019,normalised
59.57251167297363,,,0.34892,0.25503,1,,,,,,,,,GP3,0.34892,0.25503,0.37187,0.41019,normalised
59.58840012550354,,,0.34794,0.25744,1,,,,,,,,,GP3,0.34794,0.25744,0.37187,0.41019,normalised
59.6066951751709,,,0.34708,0.26016,1,,,,,,,,,GP3,0.34708,0.26016,0.37187,0.41019,normalised
59.62164044380188,,,0.34631,0.26291,1,,,,,,,,,GP3,0.34631,0.26291,0.37187,0.41019,normalised
59.6372549533844,,,0.34687,0.26555,1,,,,,,,,,GP3,0.34687,0.26555,0.37187,0.41019,normalised
59.65382218360901,,,0.35191,0.26888,1,,,,,,,,,GP3,0.35191,0.26888,0.37187,0.41019,normalised
59.66874432563782,,,0.36526,0.29638,0,,,,,,,,,GP3,0.36526,0.29638,0.37187,0.41019,normalised
59.686726570129395,,,0.46773,0.39187,0,,,,,,,,,GP3,0.46773,0.39187,0.37187,0.41019,normalised
59.7026002407074,,,0.50215,0.41183,0,,,,,,,,,GP3,0.50215,0.41183,0.37187,0.41019,normalised
59.71806788444519,,,0.57058,0.45975,0,,,,,,,,,GP3,0.57058,0.45975,0.37187,0.41019,normalised
59.73416519165039,,,0.56643,0.47565,0,,,,,,,,,GP3,0.56643,0.47565,0.37187,0.41019,normalised
59.75050354003906,,,0.56751,0.46926,0,,,,,,,,,GP3,0.56751,0.46926,0.37187,0.41019,normalised
59.766724586486816,,,0.56783,0.47074,1,,,,,,,,,GP3,0.56783,0.47074,0.37187,0.41019,normalised
59.784477949142456,,,0.59811,0.48232,1,,,,,,,,,GP3,0.59811,0.48232,0.37187,0.41019,normalised
59.7997772693634,,,0.61599,0.51277,1,,,,,,,,,GP3,0.61599,0.51277,0.37187,0.41019,normalised
59.815409421920776,,,0.62954,0.53215,1,,,,,,,,,GP3,0.62954,0.53215,0.37187,0.41019,normalised
59.83064532279968,,,0.64136,0.54379,1,,,,,,,,,GP3,0.64136,0.54379,0.37187,0.41019,normalised
59.84742999076843,,,0.65236,0.54778,1,,,,,,,,,GP3,0.65236,0.54778,0.37187,0.41019,normalised
59.863659143447876,,,0.66095,0.55144,1,,,,,,,,,GP3,0.66095,0.55144,0.37187,0.41019,normalised
59.87886881828308,,,0.66453,0.55994,1,,,,,,,,,GP3,0.66453,0.55994,0.37187,0.41019,normalised
59.89612364768982,,,0.66931,0.56803,1,,,,,,,,,GP3,0.66931,0.56803,0.37187,0.41019,normalised
59.913649797439575,,,0.6729,0.57618,1,,,,,,,,,GP3,0.6729,0.57618,0.37187,0.41019,normalised
59.92748713493347,,,0.70512,0.60826,0,,,,,,,,,GP3,0.70512,0.60826,0.37187,0.41019,normalised
59.94353222846985,,,0.7637,0.67234,0,,,,,,,,,GP3,0.7637,0.67234,0.37187,0.41019,normalised
59.960994243621826,,,0.78529,0.69095,0,,,,,,,,,GP3,0.78529,0.69095,0.37187,0.41019,normalised
59.97580409049988,,,0.83021,0.72754,0,,,,,,,,,GP3,0.83021,0.72754,0.37187,0.41019,normalised
59.99460744857788,,,0.84831,0.71236,0,,,,,,,,,GP3,0.84831,0.71236,0.37187,0.41019,normalised
60.00921964645386,,,0.85823,0.70049,0,,,,,,,,,GP3,0.85823,0.70049,0.37187,0.41019,normalised
60.02479076385498,,,0.87049,0.69711,1,,,,,,,,,GP3,0.87049,0.69711,0.37187,0.41019,normalised
60.042120933532715,,,0.87473,0.70411,1,,,,,,,,,GP3,0.87473,0.70411,0.37187,0.41019,normalised
60.05953788757324,,,0.87657,0.71022,1,,,,,,,,,GP3,0.87657,0.71022,0.37187,0.41019,normalised
60.07420539855957,,,0.88491,0.72192,1,,,,,,,,,GP3,0.88491,0.72192,0.37187,0.41019,normalised
60.0910701751709,,,0.89027,0.72926,1,,,,,,,,,GP3,0.89027,0.72926,0.37187,0.41019,normalised
60.107635259628296,,,0.89347,0.73612,1,,,,,,,,,GP3,0.89347,0.73612,0.37187,0.41019,normalised
60.12326264381409,,,0.89562,0.74316,1,,,,,,,,,GP3,0.89562,0.74316,0.37187,0.41019,normalised
60.13999819755554,,,0.89801,0.75092,1,,,,,,,,,GP3,0.89801,0.75092,0.37187,0.41019,normalised
60.15580677986145,,,0.89979,0.75762,1,,,,,,,,,GP3,0.89979,0.75762,0.37187,0.41019,normalised
60.172263383865356,,,0.89909,0.76245,1,,,,,,,,,GP3,0.89909,0.76245,0.37187,0.41019,normalised
60.18673872947693,,,0.90057,0.76743,1,,,,,,,,,GP3,0.90057,0.76743,0.37187,0.41019,normalised
60.203433990478516,,,0.90222,0.77133,1,,,,,,,,,GP3,0.90222,0.77133,0.37187,0.41019,normalised
60.2192804813385,,,0.9133,0.79859,0,,,,,,,,,GP3,0.9133,0.79859,0.37187,0.41019,normalised
60.23598098754883,,,0.91428,0.82729,0,,,,,,,,,GP3,0.91428,0.82729,0.37187,0.41019,normalised
60.25193428993225,,,0.91461,0.83685,0,,,,,,,,,GP3,0.91461,0.83685,0.37187,0.41019,normalised
60.26690220832825,,,0.90977,0.82846,1,,,,,,,,,GP3,0.90977,0.82846,0.37187,0.41019,normalised
60.28340244293213,,,0.90803,0.82283,1,,,,,,,,,GP3,0.90803,0.82283,0.37187,0.41019,normalised
60.300132513046265,,,0.90775,0.81799,1,,,,,,,,,GP3,0.90775,0.81799,0.37187,0.41019,normalised
60.31711292266846,,,0.91523,0.81198,1,,,,,,,,,GP3,0.91523,0.81198,0.37187,0.41019,normalised
60.33202910423279,,,0.92099,0.80698,1,,,,,,,,,GP3,0.92099,0.80698,0.37187,0.41019,normalised
60.3489773273468,,,0.92612,0.80235,1,,,,,,,,,GP3,0.92612,0.80235,0.37187,0.41019,normalised
60.36496376991272,,,0.92644,0.79937,1,,,,,,,,,GP3,0.92644,0.79937,0.37187,0.41019,normalised
60.381369829177856,,,0.92439,0.79726,1,,,,,,,,,GP3,0.92439,0.79726,0.37187,0.41019,normalised
60.397459983825684,,,0.92227,0.79605,1,,,,,,,,,GP3,0.92227,0.79605,0.37187,0.41019,normalised
60.413633584976196,,,0.92115,0.79262,1,,,,,,,,,GP3,0.92115,0.79262,0.37187,0.41019,normalised
60.431111335754395,,,0.92095,0.79221,1,,,,,,,,,GP3,0.92095,0.79221,0.37187,0.41019,normalised
60.44754600524902,,,0.92042,0.79229,1,,,,,,,,,GP3,0.92042,0.79229,0.37187,0.41019,normalised
60.46224308013916,,,0.92133,0.79402,1,,,,,,,,,GP3,0.92133,0.79402,0.37187,0.41019,normalised
60.47744178771973,,,0.92179,0.7948,1,,,,,,,,,GP3,0.92179,0.7948,0.37187,0.41019,normalised
60.4938006401062,,,0.92252,0.79513,1,,,,,,,,,GP3,0.92252,0.79513,0.37187,0.41019,normalised
60.511579275131226,,,0.92442,0.7937,1,,,,,,,,,GP3,0.92442,0.7937,0.37187,0.41019,normalised
60.52599573135376,,,0.92592,0.79385,1,,,,,,,,,GP3,0.92592,0.79385,0.37187,0.41019,normalised
60.54350137710571,,,0.92754,0.79367,1,,,,,,,,,GP3,0.92754,0.79367,0.37187,0.41019,normalised
60.5594584941864,,,0.92932,0.79186,1,,,,,,,,,GP3,0.92932,0.79186,0.37187,0.41019,normalised
60.57547998428345,,,0.92971,0.79053,1,,,,,,,,,GP3,0.92971,0.79053,0.37187,0.41019,normalised
60.59100294113159,,,0.92983,0.7896,1,,,,,,,,,GP3,0.92983,0.7896,0.37187,0.41019,normalised
60.60697817802429,,,0.92933,0.78905,1,,,,,,,,,GP3,0.92933,0.78905,0.37187,0.41019,normalised
60.624348878860474,,,0.92998,0.78862,1,,,,,,,,,GP3,0.92998,0.78862,0.37187,0.41019,normalised
60.6404492855072,,,0.93045,0.78835,1,,,,,,,,,GP3,0.93045,0.78835,0.37187,0.41019,normalised
60.65806555747986,,,0.93086,0.78755,1,,,,,,,,,GP3,0.93086,0.78755,0.37187,0.41019,normalised
60.67371320724487,,,0.93026,0.78715,1,,,,,,,,,GP3,0.93026,0.78715,0.37187,0.41019,normalised
60.68966364860535,,,0.92963,0.78688,1,,,,,,,,,GP3,0.92963,0.78688,0.37187,0.41019,normalised
60.70632481575012,,,0.92928,0.78633,1,,,,,,,,,GP3,0.92928,0.78633,0.37187,0.41019,normalised
60.72375798225403,,,0.92925,0.78633,1,,,,,,,,,GP3,0.92925,0.78633,0.37187,0.41019,normalised
60.73773503303528,,,0.92913,0.78645,1,,,,,,,,,GP3,0.92913,0.78645,0.37187,0.41019,normalised
60.75383949279785,,,0.92882,0.78697,1,,,,,,,,,GP3,0.92882,0.78697,0.37187,0.41019,normalised
60.769606828689575,,,0.92839,0.78718,1,,,,,,,,,GP3,0.92839,0.78718,0.37187,0.41019,normalised
60.786245584487915,,,0.92808,0.78728,1,,,,,,,,,GP3,0.92808,0.78728,0.37187,0.41019,normalised
60.80268096923828,,,0.92747,0.78656,1,,,,,,,,,GP3,0.92747,0.78656,0.37187,0.41019,normalised
60.81940007209778,,,0.928,0.78538,1,,,,,,,,,GP3,0.928,0.78538,0.37187,0.41019,normalised
60.83349800109863,,,0.92858,0.78418,1,,,,,,,,,GP3,0.92858,0.78418,0.37187,0.41019,normalised
60.850443601608276,,,0.92779,0.78424,1,,,,,,,,,GP3,0.92779,0.78424,0.37187,0.41019,normalised
60.8682017326355,,,0.92693,0.78471,1,,,,,,,,,GP3,0.92693,0.78471,0.37187,0.41019,normalised
60.88422250747681,,,0.92585,0.78547,1,,,,,,,,,GP3,0.92585,0.78547,0.37187,0.41019,normalised
60.900575399398804,,,0.92533,0.7869,1,,,,,,,,,GP3,0.92533,0.7869,0.37187,0.41019,normalised
60.91762065887451,,,0.92467,0.78774,1,,,,,,,,,GP3,0.92467,0.78774,0.37187,0.41019,normalised
60.93160343170166,,,0.92404,0.78853,1,,,,,,,,,GP3,0.92404,0.78853,0.37187,0.41019,normalised
60.94926977157593,,,0.92345,0.78909,1,,,,,,,,,GP3,0.92345,0.78909,0.37187,0.41019,normalised
60.96464705467224,,,0.92288,0.78983,1,,,,,,,,,GP3,0.92288,0.78983,0.37187,0.41019,normalised
60.98088312149048,,,0.92232,0.79054,1,,,,,,,,,GP3,0.92232,0.79054,0.37187,0.41019,normalised
60.99554133415222,,,0.92143,0.7906,1,,,,,,,,,GP3,0.92143,0.7906,0.37187,0.41019,normalised
61.014029026031494,,,0.89778,0.80808,0,,,,,,,,,GP3,0.89778,0.80808,0.37187,0.41019,normalised
61.02854919433594,,,0.89664,0.80106,0,,,,,,,,,GP3,0.89664,0.80106,0.37187,0.41019,normalised
61.04392719268799,,,0.90265,0.79463,0,,,,,,,,,GP3,0.90265,0.79463,0.37187,0.41019,normalised
61.060609102249146,,,0.90588,0.79985,1,,,,,,,,,GP3,0.90588,0.79985,0.37187,0.41019,normalised
61.078680992126465,,,0.90781,0.80298,1,,,,,,,,,GP3,0.90781,0.80298,0.37187,0.41019,normalised
61.09357523918152,,,0.90587,0.80271,1,,,,,,,,,GP3,0.90587,0.80271,0.37187,0.41019,normalised
61.10801291465759,,,0.90172,0.79981,1,,,,,,,,,GP3,0.90172,0.79981,0.37187,0.41019,normalised
61.124839544296265,,,0.89861,0.79763,1,,,,,,,,,GP3,0.89861,0.79763,0.37187,0.41019,normalised
61.14220833778381,,,0.89665,0.7984,1,,,,,,,,,GP3,0.89665,0.7984,0.37187,0.41019,normalised
61.158124685287476,,,0.89644,0.79751,1,,,,,,,,,GP3,0.89644,0.79751,0.37187,0.41019,normalised
61.17393708229065,,,0.89705,0.79579,1,,,,,,,,,GP3,0.89705,0.79579,0.37187,0.41019,normalised
61.191967725753784,,,0.89858,0.79672,1,,,,,,,,,GP3,0.89858,0.79672,0.37187,0.41019,normalised
61.20676112174988,,,0.90028,0.7969,1,,,,,,,,,GP3,0.90028,0.7969,0.37187,0.41019,normalised
61.22251558303833,,,0.90191,0.79682,1,,,,,,,,,GP3,0.90191,0.79682,0.37187,0.41019,normalised
61.23956251144409,,,0.90217,0.79554,1,,,,,,,,,GP3,0.90217,0.79554,0.37187,0.41019,normalised
61.25441908836365,,,0.90016,0.79516,1,,,,,,,,,GP3,0.90016,0.79516,0.37187,0.41019,normalised
61.270532846450806,,,0.89798,0.79541,1,,,,,,,,,GP3,0.89798,0.79541,0.37187,0.41019,normalised
61.28832292556763,,,0.89801,0.79708,1,,,,,,,,,GP3,0.89801,0.79708,0.37187,0.41019,normalised
61.303170919418335,,,0.89894,0.79756,1,,,,,,,,,GP3,0.89894,0.79756,0.37187,0.41019,normalised
61.320749044418335,,,0.89989,0.79785,1,,,,,,,,,GP3,0.89989,0.79785,0.37187,0.41019,normalised
61.33637285232544,,,0.89878,0.79714,1,,,,,,,,,GP3,0.89878,0.79714,0.37187,0.41019,normalised
61.351306676864624,,,0.89807,0.79764,1,,,,,,,,,GP3,0.89807,0.79764,0.37187,0.41019,normalised
61.36887264251709,,,0.8972,0.79838,1,,,,,,,,,GP3,0.8972,0.79838,0.37187,0.41019,normalised
61.38525438308716,,,0.89673,0.79878,1,,,,,,,,,GP3,0.89673,0.79878,0.37187,0.41019,normalised
61.40169072151184,,,0.89607,0.79957,1,,,,,,,,,GP3,0.89607,0.79957,0.37187,0.41019,normalised
61.415433168411255,,,0.89546,0.80029,1,,,,,,,,,GP3,0.89546,0.80029,0.37187,0.41019,normalised
61.43367838859558,,,0.8946,0.80051,1,,,,,,,,,GP3,0.8946,0.80051,0.37187,0.41019,normalised
61.44941759109497,,,0.89329,0.80091,1,,,,,,,,,GP3,0.89329,0.80091,0.37187,0.41019,normalised
61.46651244163513,,,0.89207,0.80128,1,,,,,,,,,GP3,0.89207,0.80128,0.37187,0.41019,normalised
61.48261737823486,,,0.8923,0.80168,1,,,,,,,,,GP3,0.8923,0.80168,0.37187,0.41019,normalised
61.49631881713867,,,0.89246,0.80097,1,,,,,,,,,GP3,0.89246,0.80097,0.37187,0.41019,normalised
61.513280391693115,,,0.89288,0.79998,1,,,,,,,,,GP3,0.89288,0.79998,0.37187,0.41019,normalised
61.5297737121582,,,0.8929,0.79935,1,,,,,,,,,GP3,0.8929,0.79935,0.37187,0.41019,normalised
61.54600167274475,,,0.89284,0.79869,1,,,,,,,,,GP3,0.89284,0.79869,0.37187,0.41019,normalised
61.56424307823181,,,0.89284,0.79798,1,,,,,,,,,GP3,0.89284,0.79798,0.37187,0.41019,normalised
61.57763957977295,,,0.89363,0.79834,1,,,,,,,,,GP3,0.89363,0.79834,0.37187,0.41019,normalised
61.59448051452637,,,0.89367,0.79762,1,,,,,,,,,GP3,0.89367,0.79762,0.37187,0.41019,normalised
61.611262798309326,,,0.89366,0.79702,1,,,,,,,,,GP3,0.89366,0.79702,0.37187,0.41019,normalised
61.62611198425293,,,0.89376,0.79769,1,,,,,,,,,GP3,0.89376,0.79769,0.37187,0.41019,normalised
61.64191651344299,,,0.89459,0.79674,1,,,,,,,,,GP3,0.89459,0.79674,0.37187,0.41019,normalised
61.6577033996582,,,0.89544,0.79576,1,,,,,,,,,GP3,0.89544,0.79576,0.37187,0.41019,normalised
61.67520308494568,,,0.89519,0.79605,1,,,,,,,,,GP3,0.89519,0.79605,0.37187,0.41019,normalised
61.69176268577576,,,0.89467,0.79554,1,,,,,,,,,GP3,0.89467,0.79554,0.37187,0.41019,normalised
61.70920181274414,,,0.89396,0.79538,1,,,,,,,,,GP3,0.89396,0.79538,0.37187,0.41019,normalised
61.72370648384094,,,0.89489,0.79644,1,,,,,,,,,GP3,0.89489,0.79644,0.37187,0.41019,normalised
61.74121618270874,,,0.89443,0.79741,1,,,,,,,,,GP3,0.89443,0.79741,0.37187,0.41019,normalised
61.756036043167114,,,0.89417,0.79814,1,,,,,,,,,GP3,0.89417,0.79814,0.37187,0.41019,normalised
61.77290916442871,,,0.89434,0.79856,1,,,,,,,,,GP3,0.89434,0.79856,0.37187,0.41019,normalised
61.7905535697937,,,0.8948,0.79859,1,,,,,,,,,GP3,0.8948,0.79859,0.37187,0.41019,normalised
61.8040030002594,,,0.89537,0.79886,1,,,,,,,,,GP3,0.89537,0.79886,0.37187,0.41019,normalised
61.82079863548279,,,0.89473,0.7992,1,,,,,,,,,GP3,0.89473,0.7992,0.37187,0.41019,normalised
61.83678102493286,,,0.89364,0.79864,1,,,,,,,,,GP3,0.89364,0.79864,0.37187,0.41019,normalised
61.85459661483765,,,0.89235,0.79835,1,,,,,,,,,GP3,0.89235,0.79835,0.37187,0.41019,normalised
61.86935377120972,,,0.89201,0.79839,1,,,,,,,,,GP3,0.89201,0.79839,0.37187,0.41019,normalised
61.887229204177856,,,0.89235,0.79877,1,,,,,,,,,GP3,0.89235,0.79877,0.37187,0.41019,normalised
61.90126895904541,,,0.89269,0.79914,1,,,,,,,,,GP3,0.89269,0.79914,0.37187,0.41019,normalised
61.91671538352966,,,0.89293,0.79933,1,,,,,,,,,GP3,0.89293,0.79933,0.37187,0.41019,normalised
61.934406995773315,,,0.89309,0.79986,1,,,,,,,,,GP3,0.89309,0.79986,0.37187,0.41019,normalised
61.950334787368774,,,0.89306,0.80062,1,,,,,,,,,GP3,0.89306,0.80062,0.37187,0.41019,normalised
61.96597337722778,,,0.89274,0.80073,1,,,,,,,,,GP3,0.89274,0.80073,0.37187,0.41019,normalised
61.983301877975464,,,0.89217,0.80135,1,,,,,,,,,GP3,0.89217,0.80135,0.37187,0.41019,normalised
61.99983811378479,,,0.89172,0.80182,1,,,,,,,,,GP3,0.89172,0.80182,0.37187,0.41019,normalised
62.016210079193115,,,0.89188,0.80268,1,,,,,,,,,GP3,0.89188,0.80268,0.37187,0.41019,normalised
62.03119373321533,,,0.89261,0.80192,1,,,,,,,,,GP3,0.89261,0.80192,0.37187,0.41019,normalised
62.04717040061951,,,0.89353,0.80088,1,,,,,,,,,GP3,0.89353,0.80088,0.37187,0.41019,normalised
62.06327438354492,,,0.89341,0.79986,1,,,,,,,,,GP3,0.89341,0.79986,0.37187,0.41019,normalised
62.08069038391113,,,0.89334,0.79939,1,,,,,,,,,GP3,0.89334,0.79939,0.37187,0.41019,normalised
62.09571933746338,,,0.89299,0.79928,1,,,,,,,,,GP3,0.89299,0.79928,0.37187,0.41019,normalised
62.11237978935242,,,0.89335,0.79965,1,,,,,,,,,GP3,0.89335,0.79965,0.37187,0.41019,normalised
62.13005971908569,,,0.89355,0.79921,1,,,,,,,,,GP3,0.89355,0.79921,0.37187,0.41019,normalised
62.145896196365356,,,0.89385,0.79864,1,,,,,,,,,GP3,0.89385,0.79864,0.37187,0.41019,normalised
62.162681579589844,,,0.89369,0.79928,1,,,,,,,,,GP3,0.89369,0.79928,0.37187,0.41019,normalised
62.17778396606445,,,0.8935,0.7998,1,,,,,,,,,GP3,0.8935,0.7998,0.37187,0.41019,normalised
62.192628622055054,,,0.89331,0.80032,1,,,,,,,,,GP3,0.89331,0.80032,0.37187,0.41019,normalised
62.20835018157959,,,0.89359,0.80084,1,,,,,,,,,GP3,0.89359,0.80084,0.37187,0.41019,normalised
62.22700071334839,,,0.89385,0.80105,1,,,,,,,,,GP3,0.89385,0.80105,0.37187,0.41019,normalised
62.2419593334198,,,0.89411,0.80127,1,,,,,,,,,GP3,0.89411,0.80127,0.37187,0.41019,normalised
62.25961661338806,,,0.89364,0.80201,1,,,,,,,,,GP3,0.89364,0.80201,0.37187,0.41019,normalised
62.27542185783386,,,0.8932,0.80237,1,,,,,,,,,GP3,0.8932,0.80237,0.37187,0.41019,normalised
62.29037356376648,,,0.89258,0.80296,1,,,,,,,,,GP3,0.89258,0.80296,0.37187,0.41019,normalised
62.307055711746216,,,0.89101,0.8023,1,,,,,,,,,GP3,0.89101,0.8023,0.37187,0.41019,normalised
62.32384943962097,,,0.862,0.80742,0,,,,,,,,,GP3,0.862,0.80742,0.37187,0.41019,normalised
62.33948230743408,,,0.81291,0.75274,0,,,,,,,,,GP3,0.81291,0.75274,0.37187,0.41019,normalised
62.35585045814514,,,0.80555,0.7305,0,,,,,,,,,GP3,0.80555,0.7305,0.37187,0.41019,normalised
62.37208795547485,,,0.78263,0.69052,0,,,,,,,,,GP3,0.78263,0.69052,0.37187,0.41019,normalised
62.38673758506775,,,0.79164,0.68121,0,,,,,,,,,GP3,0.79164,0.68121,0.37187,0.41019,normalised
62.40422701835632,,,0.79057,0.68687,0,,,,,,,,,GP3,0.79057,0.68687,0.37187,0.41019,normalised
62.41927742958069,,,0.78847,0.67321,1,,,,,,,,,GP3,0.78847,0.67321,0.37187,0.41019,normalised
62.43493604660034,,,0.78604,0.6675,1,,,,,,,,,GP3,0.78604,0.6675,0.37187,0.41019,normalised
62.452279567718506,,,0.78165,0.67078,1,,,,,,,,,GP3,0.78165,0.67078,0.37187,0.41019,normalised
62.46798849105835,,,0.77594,0.67892,1,,,,,,,,,GP3,0.77594,0.67892,0.37187,0.41019,normalised
62.4843807220459,,,0.77112,0.68643,1,,,,,,,,,GP3,0.77112,0.68643,0.37187,0.41019,normalised
62.50223422050476,,,0.76829,0.68862,1,,,,,,,,,GP3,0.76829,0.68862,0.37187,0.41019,normalised
62.516056060791016,,,0.76767,0.69119,1,,,,,,,,,GP3,0.76767,0.69119,0.37187,0.41019,normalised
62.531564712524414,,,0.76725,0.69294,1,,,,,,,,,GP3,0.76725,0.69294,0.37187,0.41019,normalised
62.548287868499756,,,0.76651,0.69574,1,,,,,,,,,GP3,0.76651,0.69574,0.37187,0.41019,normalised
62.56443977355957,,,0.7677,0.69479,1,,,,,,,,,GP3,0.7677,0.69479,0.37187,0.41019,normalised
62.58143496513367,,,0.76846,0.69455,1,,,,,,,,,GP3,0.76846,0.69455,0.37187,0.41019,normalised
62.5972843170166,,,0.76518,0.69579,1,,,,,,,,,GP3,0.76518,0.69579,0.37187,0.41019,normalised
62.614280462265015,,,0.76137,0.6989,1,,,,,,,,,GP3,0.76137,0.6989,0.37187,0.41019,normalised
62.628821849823,,,0.75828,0.70098,1,,,,,,,,,GP3,0.75828,0.70098,0.37187,0.41019,normalised
62.647446632385254,,,0.75757,0.7025,1,,,,,,,,,GP3,0.75757,0.7025,0.37187,0.41019,normalised
62.661486864089966,,,0.75166,0.6954,1,,,,,,,,,GP3,0.75166,0.6954,0.37187,0.41019,normalised
62.67973446846008,,,0.74644,0.68855,1,,,,,,,,,GP3,0.74644,0.68855,0.37187,0.41019,normalised
62.694578886032104,,,0.7414,0.67875,1,,,,,,,,,GP3,0.7414,0.67875,0.37187,0.41019,normalised
62.711121797561646,,,0.71189,0.65083,0,,,,,,,,,GP3,0.71189,0.65083,0.37187,0.41019,normalised
62.72895073890686,,,0.67995,0.56479,0,,,,,,,,,GP3,0.67995,0.56479,0.37187,0.41019,normalised
62.74425911903381,,,0.63039,0.5071,0,,,,,,,,,GP3,0.63039,0.5071,0.37187,0.41019,normalised
62.759578704833984,,,0.55767,0.40641,0,,,,,,,,,GP3,0.55767,0.40641,0.37187,0.41019,normalised
62.77608799934387,,,0.52569,0.37152,0,,,,,,,,,GP3,0.52569,0.37152,0.37187,0.41019,normalised
62.791484355926514,,,0.4859,0.33829,0,,,,,,,,,GP3,0.4859,0.33829,0.37187,0.41019,normalised
62.808334827423096,,,0.43443,0.28386,0,,,,,,,,,GP3,0.43443,0.28386,0.37187,0.41019,normalised
62.823922872543335,,,0.41884,0.26349,0,,,,,,,,,GP3,0.41884,0.26349,0.37187,0.41019,normalised
62.83935356140137,,,0.41269,0.25926,0,,,,,,,,,GP3,0.41269,0.25926,0.37187,0.41019,normalised
62.856253147125244,,,0.40689,0.25987,1,,,,,,,,,GP3,0.40689,0.25987,0.37187,0.41019,normalised
62.87351727485657,,,0.40363,0.26412,1,,,,,,,,,GP3,0.40363,0.26412,0.37187,0.41019,normalised
62.889994382858276,,,0.38164,0.25603,1,,,,,,,,,GP3,0.38164,0.25603,0.37187,0.41019,normalised
62.903626918792725,,,0.37003,0.25194,1,,,,,,,,,GP3,0.37003,0.25194,0.37187,0.41019,normalised
62.920767307281494,,,0.3619,0.25197,1,,,,,,,,,GP3,0.3619,0.25197,0.37187,0.41019,normalised
62.936866998672485,,,0.35167,0.25566,1,,,,,,,,,GP3,0.35167,0.25566,0.37187,0.41019,normalised
62.95281505584717,,,0.34381,0.26144,1,,,,,,,,,GP3,0.34381,0.26144,0.37187,0.41019,normalised
62.96900272369385,,,0.33701,0.26437,1,,,,,,,,,GP3,0.33701,0.26437,0.37187,0.41019,normalised
62.98457217216492,,,0.33138,0.2624,1,,,,,,,,,GP3,0.33138,0.2624,0.37187,0.41019,normalised
63.00144171714783,,,0.32542,0.26046,1,,,,,,,,,GP3,0.32542,0.26046,0.37187,0.41019,normalised
63.018924951553345,,,0.3195,0.2555,1,,,,,,,,,GP3,0.3195,0.2555,0.37187,0.41019,normalised
63.034602880477905,,,0.28414,0.24303,0,,,,,,,,,GP3,0.28414,0.24303,0.37187,0.41019,normalised
63.051581382751465,,,0.217,0.14678,0,,,,,,,,,GP3,0.217,0.14678,0.37187,0.41019,normalised
63.06771278381348,,,0.19729,0.12407,0,,,,,,,,,GP3,0.19729,0.12407,0.37187,0.41019,normalised
63.081316232681274,,,0.1605,0.07865,0,,,,,,,,,GP3,0.1605,0.07865,0.37187,0.41019,normalised
63.09908604621887,,,0.17383,0.11181,0,,,,,,,,,GP3,0.17383,0.11181,0.37187,0.41019,normalised
63.1149582862854,,,0.17955,0.12651,0,,,,,,,,,GP3,0.17955,0.12651,0.37187,0.41019,normalised
63.13169813156128,,,0.1603,0.10731,1,,,,,,,,,GP3,0.1603,0.10731,0.37187,0.41019,normalised
63.14728546142578,,,0.14848,0.10335,1,,,,,,,,,GP3,0.14848,0.10335,0.37187,0.41019,normalised
63.16356635093689,,,0.1398,0.09837,1,,,,,,,,,GP3,0.1398,0.09837,0.37187,0.41019,normalised
63.17930221557617,,,0.13169,0.08614,1,,,,,,,,,GP3,0.13169,0.08614,0.37187,0.41019,normalised
63.196983098983765,,,0.12697,0.07861,1,,,,,,,,,GP3,0.12697,0.07861,0.37187,0.41019,normalised
63.21198797225952,,,0.12385,0.07443,1,,,,,,,,,GP3,0.12385,0.07443,0.37187,0.41019,normalised
63.229576110839844,,,0.12254,0.07465,1,,,,,,,,,GP3,0.12254,0.07465,0.37187,0.41019,normalised
63.243162631988525,,,0.1205,0.07462,1,,,,,,,,,GP3,0.1205,0.07462,0.37187,0.41019,normalised
63.25989603996277,,,0.11927,0.07618,1,,,,,,,,,GP3,0.11927,0.07618,0.37187,0.41019,normalised
63.27731680870056,,,0.11956,0.0774,1,,,,,,,,,GP3,0.11956,0.0774,0.37187,0.41019,normalised
63.294124126434326,,,0.12253,0.0834,1,,,,,,,,,GP3,0.12253,0.0834,0.37187,0.41019,normalised
63.307761907577515,,,0.1253,0.08908,1,,,,,,,,,GP3,0.1253,0.08908,0.37187,0.41019,normalised
63.32530736923218,,,0.12665,0.09197,1,,,,,,,,,GP3,0.12665,0.09197,0.37187,0.41019,normalised
63.34011745452881,,,0.12818,0.09214,1,,,,,,,,,GP3,0.12818,0.09214,0.37187,0.41019,normalised
63.35785365104675,,,0.12929,0.09147,1,,,,,,,,,GP3,0.12929,0.09147,0.37187,0.41019,normalised
63.3753764629364,,,0.12982,0.09032,1,,,,,,,,,GP3,0.12982,0.09032,0.37187,0.41019,normalised
63.39095187187195,,,0.13041,0.09047,1,,,,,,,,,GP3,0.13041,0.09047,0.37187,0.41019,normalised
63.40544390678406,,,0.1312,0.09154,1,,,,,,,,,GP3,0.1312,0.09154,0.37187,0.41019,normalised
63.42319917678833,,,0.13263,0.093,1,,,,,,,,,GP3,0.13263,0.093,0.37187,0.41019,normalised
63.43772578239441,,,0.13423,0.09538,1,,,,,,,,,GP3,0.13423,0.09538,0.37187,0.41019,normalised
63.454328298568726,,,0.15207,0.11851,0,,,,,,,,,GP3,0.15207,0.11851,0.37187,0.41019,normalised
63.4708456993103,,,0.1488,0.12478,0,,,,,,,,,GP3,0.1488,0.12478,0.37187,0.41019,normalised
63.48660469055176,,,0.14813,0.12242,0,,,,,,,,,GP3,0.14813,0.12242,0.37187,0.41019,normalised
63.50349020957947,,,0.1461,0.11634,1,,,,,,,,,GP3,0.1461,0.11634,0.37187,0.41019,normalised
63.51990342140198,,,0.14642,0.10919,1,,,,,,,,,GP3,0.14642,0.10919,0.37187,0.41019,normalised
63.534430742263794,,,0.14582,0.11232,1,,,,,,,,,GP3,0.14582,0.11232,0.37187,0.41019,normalised
63.551676988601685,,,0.14603,0.11662,1,,,,,,,,,GP3,0.14603,0.11662,0.37187,0.41019,normalised
63.569525718688965,,,0.1463,0.12196,1,,,,,,,,,GP3,0.1463,0.12196,0.37187,0.41019,normalised
63.58278799057007,,,0.14774,0.12371,1,,,,,,,,,GP3,0.14774,0.12371,0.37187,0.41019,normalised
63.600672006607056,,,0.14876,0.12438,1,,,,,,,,,GP3,0.14876,0.12438,0.37187,0.41019,normalised
63.61524724960327,,,0.14784,0.12486,1,,,,,,,,,GP3,0.14784,0.12486,0.37187,0.41019,normalised
63.63229537010193,,,0.14611,0.1229,1,,,,,,,,,GP3,0.14611,0.1229,0.37187,0.41019,normalised
63.6482789516449,,,0.14405,0.11954,1,,,,,,,,,GP3,0.14405,0.11954,0.37187,0.41019,normalised
63.66507863998413,,,0.14271,0.1156,1,,,,,,,,,GP3,0.14271,0.1156,0.37187,0.41019,normalised
63.68105101585388,,,0.14159,0.1123,1,,,,,,,,,GP3,0.14159,0.1123,0.37187,0.41019,normalised
63.699031829833984,,,0.14051,0.10895,1,,,,,,,,,GP3,0.14051,0.10895,0.37187,0.41019,normalised
63.71294283866882,,,0.13893,0.10738,1,,,,,,,,,GP3,0.13893,0.10738,0.37187,0.41019,normalised
63.72957253456116,,,0.13725,0.10284,1,,,,,,,,,GP3,0.13725,0.10284,0.37187,0.41019,normalised
63.74732232093811,,,0.13557,0.09838,1,,,,,,,,,GP3,0.13557,0.09838,0.37187,0.41019,normalised
63.76141881942749,,,0.1341,0.09603,1,,,,,,,,,GP3,0.1341,0.09603,0.37187,0.41019,normalised
63.77936863899231,,,0.12171,0.07094,0,,,,,,,,,GP3,0.12171,0.07094,0.37187,0.41019,normalised
63.79538893699646,,,0.11886,0.06862,0,,,,,,,,,GP3,0.11886,0.06862,0.37187,0.41019,normalised
63.81008291244507,,,0.12527,0.06816,0,,,,,,,,,GP3,0.12527,0.06816,0.37187,0.41019,normalised
63.82728385925293,,,0.13043,0.06855,1,,,,,,,,,GP3,0.13043,0.06855,0.37187,0.41019,normalised
63.84368896484375,,,0.13478,0.07397,1,,,,,,,,,GP3,0.13478,0.07397,0.37187,0.41019,normalised
63.85883021354675,,,0.13645,0.08664,1,,,,,,,,,GP3,0.13645,0.08664,0.37187,0.41019,normalised
63.87538266181946,,,0.13949,0.10593,1,,,,,,,,,GP3,0.13949,0.10593,0.37187,0.41019,normalised
63.89201545715332,,,0.14295,0.12347,1,,,,,,,,,GP3,0.14295,0.12347,0.37187,0.41019,normalised
63.90657353401184,,,0.14476,0.13295,1,,,,,,,,,GP3,0.14476,0.13295,0.37187,0.41019,normalised
63.924211502075195,,,0.14632,0.13725,1,,,,,,,,,GP3,0.14632,0.13725,0.37187,0.41019,normalised
63.93937039375305,,,0.1465,0.13728,1,,,,,,,,,GP3,0.1465,0.13728,0.37187,0.41019,normalised
63.9570415019989,,,0.1447,0.13495,1,,,,,,,,,GP3,0.1447,0.13495,0.37187,0.41019,normalised
63.97174048423767,,,0.14346,0.13192,1,,,,,,,,,GP3,0.14346,0.13192,0.37187,0.41019,normalised
63.98933672904968,,,0.14212,0.12847,1,,,,,,,,,GP3,0.14212,0.12847,0.37187,0.41019,normalised
64.00307583808899,,,0.14157,0.12592,1,,,,,,,,,GP3,0.14157,0.12592,0.37187,0.41019,normalised
64.02207112312317,,,0.14092,0.12267,1,,,,,,,,,GP3,0.14092,0.12267,0.37187,0.41019,normalised
64.03665113449097,,,0.14008,0.11892,1,,,,,,,,,GP3,0.14008,0.11892,0.37187,0.41019,normalised
64.05182838439941,,,0.1393,0.11571,1,,,,,,,,,GP3,0.1393,0.11571,0.37187,0.41019,normalised
64.06907272338867,,,0.13754,0.11193,1,,,,,,,,,GP3,0.13754,0.11193,0.37187,0.41019,normalised
64.0855302810669,,,0.13604,0.10887,1,,,,,,,,,GP3,0.13604,0.10887,0.37187,0.41019,normalised
64.10039377212524,,,0.13632,0.10744,1,,,,,,,,,GP3,0.13632,0.10744,0.37187,0.41019,normalised
64.11795806884766,,,0.12916,0.08181,0,,,,,,,,,GP3,0.12916,0.08181,0.37187,0.41019,normalised
64.1337423324585,,,0.14528,0.10719,0,,,,,,,,,GP3,0.14528,0.10719,0.37187,0.41019,normalised
64.14976596832275,,,0.14618,0.12422,0,,,,,,,,,GP3,0.14618,0.12422,0.37187,0.41019,normalised
64.16570138931274,,,0.14273,0.14011,1,,,,,,,,,GP3,0.14273,0.14011,0.37187,0.41019,normalised
64.18374395370483,,,0.13971,0.14688,1,,,,,,,,,GP3,0.13971,0.14688,0.37187,0.41019,normalised
64.19729399681091,,,0.14107,0.1398,1,,,,,,,,,GP3,0.14107,0.1398,0.37187,0.41019,normalised
64.21381497383118,,,0.14008,0.13508,1,,,,,,,,,GP3,0.14008,0.13508,0.37187,0.41019,normalised
64.23010897636414,,,0.13905,0.13095,1,,,,,,,,,GP3,0.13905,0.13095,0.37187,0.41019,normalised
64.24774646759033,,,0.1382,0.12891,1,,,,,,,,,GP3,0.1382,0.12891,0.37187,0.41019,normalised
64.2653968334198,,,0.1381,0.12838,1,,,,,,,,,GP3,0.1381,0.12838,0.37187,0.41019,normalised
64.28063130378723,,,0.13864,0.1297,1,,,,,,,,,GP3,0.13864,0.1297,0.37187,0.41019,normalised
64.29648017883301,,,0.14077,0.13156,1,,,,,,,,,GP3,0.14077,0.13156,0.37187,0.41019,normalised
64.31234908103943,,,0.14155,0.13235,1,,,,,,,,,GP3,0.14155,0.13235,0.37187,0.41019,normalised
64.32911539077759,,,0.1419,0.13198,1,,,,,,,,,GP3,0.1419,0.13198,0.37187,0.41019,normalised
64.34412050247192,,,0.1424,0.13044,1,,,,,,,,,GP3,0.1424,0.13044,0.37187,0.41019,normalised
64.36078381538391,,,0.14177,0.13128,1,,,,,,,,,GP3,0.14177,0.13128,0.37187,0.41019,normalised
64.3752589225769,,,0.14072,0.13051,1,,,,,,,,,GP3,0.14072,0.13051,0.37187,0.41019,normalised
64.39191675186157,,,0.13971,0.12632,1,,,,,,,,,GP3,0.13971,0.12632,0.37187,0.41019,normalised
64.40867185592651,,,0.1389,0.12262,1,,,,,,,,,GP3,0.1389,0.12262,0.37187,0.41019,normalised
64.42483425140381,,,0.13795,0.11858,1,,,,,,,,,GP3,0.13795,0.11858,0.37187,0.41019,normalised
64.44088530540466,,,0.13707,0.11361,1,,,,,,,,,GP3,0.13707,0.11361,0.37187,0.41019,normalised
64.45666909217834,,,0.13608,0.10892,1,,,,,,,,,GP3,0.13608,0.10892,0.37187,0.41019,normalised
64.4731113910675,,,0.13544,0.10559,1,,,,,,,,,GP3,0.13544,0.10559,0.37187,0.41019,normalised
64.49069786071777,,,0.12816,0.08036,0,,,,,,,,,GP3,0.12816,0.08036,0.37187,0.41019,normalised
64.50680565834045,,,0.12919,0.08693,0,,,,,,,,,GP3,0.12919,0.08693,0.37187,0.41019,normalised
64.5226218700409,,,0.13215,0.09655,0,,,,,,,,,GP3,0.13215,0.09655,0.37187,0.41019,normalised
64.53796529769897,,,0.13706,0.10678,1,,,,,,,,,GP3,0.13706,0.10678,0.37187,0.41019,normalised
64.55546498298645,,,0.13584,0.1048,1,,,,,,,,,GP3,0.13584,0.1048,0.37187,0.41019,normalised
64.56916880607605,,,0.1349,0.10307,1,,,,,,,,,GP3,0.1349,0.10307,0.37187,0.41019,normalised
64.58618378639221,,,0.13261,0.10388,1,,,,,,,,,GP3,0.13261,0.10388,0.37187,0.41019,normalised
64.60198616981506,,,0.13266,0.10995,1,,,,,,,,,GP3,0.13266,0.10995,0.37187,0.41019,normalised
64.61769461631775,,,0.13235,0.11385,1,,,,,,,,,GP3,0.13235,0.11385,0.37187,0.41019,normalised
64.63523149490356,,,0.13308,0.11606,1,,,,,,,,,GP3,0.13308,0.11606,0.37187,0.41019,normalised
64.64995980262756,,,0.13349,0.11559,1,,,,,,,,,GP3,0.13349,0.11559,0.37187,0.41019,normalised
64.66747617721558,,,0.13377,0.1148,1,,,,,,,,,GP3,0.13377,0.1148,0.37187,0.41019,normalised
64.68450617790222,,,0.13364,0.11404,1,,,,,,,,,GP3,0.13364,0.11404,0.37187,0.41019,normalised
64.69902205467224,,,0.134,0.11149,1,,,,,,,,,GP3,0.134,0.11149,0.37187,0.41019,normalised
64.71653509140015,,,0.13432,0.1093,1,,,,,,,,,GP3,0.13432,0.1093,0.37187,0.41019,normalised
64.7340497970581,,,0.13388,0.10766,1,,,,,,,,,GP3,0.13388,0.10766,0.37187,0.41019,normalised
64.74856901168823,,,0.13429,0.10638,1,,,,,,,,,GP3,0.13429,0.10638,0.37187,0.41019,normalised
64.76310539245605,,,0.13466,0.10525,1,,,,,,,,,GP3,0.13466,0.10525,0.37187,0.41019,normalised
64.78174948692322,,,0.13503,0.10482,1,,,,,,,,,GP3,0.13503,0.10482,0.37187,0.41019,normalised
64.79873538017273,,,0.13549,0.10282,1,,,,,,,,,GP3,0.13549,0.10282,0.37187,0.41019,normalised
64.81170272827148,,,0.1359,0.101,1,,,,,,,,,GP3,0.1359,0.101,0.37187,0.41019,normalised
64.82851505279541,,,0.13519,0.10251,1,,,,,,,,,GP3,0.13519,0.10251,0.37187,0.41019,normalised
64.84640955924988,,,0.13503,0.10299,1,,,,,,,,,GP3,0.13503,0.10299,0.37187,0.41019,normalised
64.86136484146118,,,0.13474,0.10313,1,,,,,,,,,GP3,0.13474,0.10313,0.37187,0.41019,normalised
64.8782684803009,,,0.13458,0.10211,1,,,,,,,,,GP3,0.13458,0.10211,0.37187,0.41019,normalised
64.89405846595764,,,0.13437,0.1012,1,,,,,,,,,GP3,0.13437,0.1012,0.37187,0.41019,normalised
64.9105212688446,,,0.13416,0.10034,1,,,,,,,,,GP3,0.13416,0.10034,0.37187,0.41019,normalised
64.92641234397888,,,0.13465,0.09961,1,,,,,,,,,GP3,0.13465,0.09961,0.37187,0.41019,normalised
64.94146966934204,,,0.13478,0.09843,1,,,,,,,,,GP3,0.13478,0.09843,0.37187,0.41019,normalised
64.95935606956482,,,0.13512,0.09799,1,,,,,,,,,GP3,0.13512,0.09799,0.37187,0.41019,normalised
64.97395730018616,,,0.13577,0.09897,1,,,,,,,,,GP3,0.13577,0.09897,0.37187,0.41019,normalised
64.9914653301239,,,0.13602,0.10028,1,,,,,,,,,GP3,0.13602,0.10028,0.37187,0.41019,normalised
65.00919079780579,,,0.13626,0.10152,1,,,,,,,,,GP3,0.13626,0.10152,0.37187,0.41019,normalised
65.02369832992554,,,0.13617,0.10185,1,,,,,,,,,GP3,0.13617,0.10185,0.37187,0.41019,normalised
65.03831696510315,,,0.13617,0.10166,1,,,,,,,,,GP3,0.13617,0.10166,0.37187,0.41019,normalised
65.05551433563232,,,0.13607,0.10114,1,,,,,,,,,GP3,0.13607,0.10114,0.37187,0.41019,normalised
65.07072639465332,,,0.13624,0.10075,1,,,,,,,,,GP3,0.13624,0.10075,0.37187,0.41019,normalised
65.08782744407654,,,0.13592,0.10134,1,,,,,,,,,GP3,0.13592,0.10134,0.37187,0.41019,normalised
65.10468578338623,,,0.13565,0.10207,1,,,,,,,,,GP3,0.13565,0.10207,0.37187,0.41019,normalised
65.12105131149292,,,0.13643,0.1026,1,,,,,,,,,GP3,0.13643,0.1026,0.37187,0.41019,normalised
65.13685250282288,,,0.13667,0.10352,1,,,,,,,,,GP3,0.13667,0.10352,0.37187,0.41019,normalised
65.15179920196533,,,0.13701,0.10474,1,,,,,,,,,GP3,0.13701,0.10474,0.37187,0.41019,normalised
65.16894817352295,,,0.13955,0.10676,1,,,,,,,,,GP3,0.13955,0.10676,0.37187,0.41019,normalised
65.18499851226807,,,0.15683,0.13118,0,,,,,,,,,GP3,0.15683,0.13118,0.37187,0.41019,normalised
65.20196032524109,,,0.19308,0.15107,0,,,,,,,,,GP3,0.19308,0.15107,0.37187,0.41019,normalised
65.21943497657776,,,0.19926,0.15786,0,,,,,,,,,GP3,0.19926,0.15786,0.37187,0.41019,normalised
65.2329318523407,,,0.20697,0.1518,1,,,,,,,,,GP3,0.20697,0.1518,0.37187,0.41019,normalised
65.2506730556488,,,0.21114,0.14676,1,,,,,,,,,GP3,0.21114,0.14676,0.37187,0.41019,normalised
65.26607346534729,,,0.20858,0.14888,1,,,,,,,,,GP3,0.20858,0.14888,0.37187,0.41019,normalised
65.28232192993164,,,0.20919,0.15373,1,,,,,,,,,GP3,0.20919,0.15373,0.37187,0.41019,normalised
65.29781579971313,,,0.2104,0.16,1,,,,,,,,,GP3,0.2104,0.16,0.37187,0.41019,normalised
65.31340217590332,,,0.21208,0.165,1,,,,,,,,,GP3,0.21208,0.165,0.37187,0.41019,normalised
65.33165144920349,,,0.21513,0.16478,1,,,,,,,,,GP3,0.21513,0.16478,0.37187,0.41019,normalised
65.34531879425049,,,0.21734,0.16331,1,,,,,,,,,GP3,0.21734,0.16331,0.37187,0.41019,normalised
65.36204218864441,,,0.21988,0.16172,1,,,,,,,,,GP3,0.21988,0.16172,0.37187,0.41019,normalised
65.37927651405334,,,0.22079,0.15969,1,,,,,,,,,GP3,0.22079,0.15969,0.37187,0.41019,normalised
65.39554786682129,,,0.2219,0.15969,1,,,,,,,,,GP3,0.2219,0.15969,0.37187,0.41019,normalised
65.41014218330383,,,0.22305,0.16198,1,,,,,,,,,GP3,0.22305,0.16198,0.37187,0.41019,normalised
65.42790079116821,,,0.22464,0.16629,1,,,,,,,,,GP3,0.22464,0.16629,0.37187,0.41019,normalised
65.44246006011963,,,0.22637,0.17128,1,,,,,,,,,GP3,0.22637,0.17128,0.37187,0.41019,normalised
65.4604377746582,,,0.22836,0.17652,1,,,,,,,,,GP3,0.22836,0.17652,0.37187,0.41019,normalised
65.47915959358215,,,0.23068,0.1811,1,,,,,,,,,GP3,0.23068,0.1811,0.37187,0.41019,normalised
65.49266505241394,,,0.23251,0.18409,1,,,,,,,,,GP3,0.23251,0.18409,0.37187,0.41019,normalised
65.50841188430786,,,0.23392,0.18597,1,,,,,,,,,GP3,0.23392,0.18597,0.37187,0.41019,normalised
65.52729940414429,,,0.25075,0.20831,0,,,,,,,,,GP3,0.25075,0.20831,0.37187,0.41019,normalised
65.54007458686829,,,0.24939,0.22525,0,,,,,,,,,GP3,0.24939,0.22525,0.37187,0.41019,normalised
65.55719447135925,,,0.24091,0.22027,0,,,,,,,,,GP3,0.24091,0.22027,0.37187,0.41019,normalised
65.57482862472534,,,0.22986,0.21505,1,,,,,,,,,GP3,0.22986,0.21505,0.37187,0.41019,normalised
65.58826470375061,,,0.22365,0.21282,1,,,,,,,,,GP3,0.22365,0.21282,0.37187,0.41019,normalised
65.60524392127991,,,0.21714,0.20995,1,,,,,,,,,GP3,0.21714,0.20995,0.37187,0.41019,normalised
65.62290263175964,,,0.21241,0.20896,1,,,,,,,,,GP3,0.21241,0.20896,0.37187,0.41019,normalised
65.6378526687622,,,0.20784,0.20474,1,,,,,,,,,GP3,0.20784,0.20474,0.37187,0.41019,normalised
65.652596950531,,,0.20269,0.19881,1,,,,,,,,,GP3,0.20269,0.19881,0.37187,0.41019,normalised
65.6703553199768,,,0.19938,0.18973,1,,,,,,,,,GP3,0.19938,0.18973,0.37187,0.41019,normalised
65.68524670600891,,,0.19638,0.18125,1,,,,,,,,,GP3,0.19638,0.18125,0.37187,0.41019,normalised
65.70494365692139,,,0.20024,0.18569,1,,,,,,,,,GP3,0.20024,0.18569,0.37187,0.41019,normalised
65.71906423568726,,,0.20169,0.19587,1,,,,,,,,,GP3,0.20169,0.19587,0.37187,0.41019,normalised
65.73403358459473,,,0.20338,0.20613,1,,,,,,,,,GP3,0.20338,0.20613,0.37187,0.41019,normalised
65.74998426437378,,,0.20759,0.22198,1,,,,,,,,,GP3,0.20759,0.22198,0.37187,0.41019,normalised
65.76890826225281,,,0.21098,0.23552,1,,,,,,,,,GP3,0.21098,0.23552,0.37187,0.41019,normalised
65.78357553482056,,,0.21397,0.24746,1,,,,,,,,,GP3,0.21397,0.24746,0.37187,0.41019,normalised
65.799396276474,,,0.21712,0.25788,1,,,,,,,,,GP3,0.21712,0.25788,0.37187,0.41019,normalised
65.81523847579956,,,0.22292,0.30269,0,,,,,,,,,GP3,0.22292,0.30269,0.37187,0.41019,normalised
65.83198022842407,,,0.23709,0.37361,0,,,,,,,,,GP3,0.23709,0.37361,0.37187,0.41019,normalised
65.8480269908905,,,0.2561,0.38021,0,,,,,,,,,GP3,0.2561,0.38021,0.37187,0.41019,normalised
65.8645339012146,,,0.27296,0.42314,0,,,,,,,,,GP3,0.27296,0.42314,0.37187,0.41019,normalised
65.87938499450684,,,0.27179,0.42199,0,,,,,,,,,GP3,0.27179,0.42199,0.37187,0.41019,normalised
65.89735198020935,,,0.26702,0.42548,0,,,,,,,,,GP3,0.26702,0.42548,0.37187,0.41019,normalised
65.91290783882141,,,0.27214,0.42279,1,,,,,,,,,GP3,0.27214,0.42279,0.37187,0.41019,normalised
65.92904829978943,,,0.27574,0.42394,1,,,,,,,,,GP3,0.27574,0.42394,0.37187,0.41019,normalised
65.94485116004944,,,0.28426,0.4334,1,,,,,,,,,GP3,0.28426,0.4334,0.37187,0.41019,normalised
65.96318888664246,,,0.2899,0.44754,1,,,,,,,,,GP3,0.2899,0.44754,0.37187,0.41019,normalised
65.9769766330719,,,0.29496,0.46163,1,,,,,,,,,GP3,0.29496,0.46163,0.37187,0.41019,normalised
65.99459981918335,,,0.29838,0.47447,1,,,,,,,,,GP3,0.29838,0.47447,0.37187,0.41019,normalised
66.0105311870575,,,0.30177,0.485,1,,,,,,,,,GP3,0.30177,0.485,0.37187,0.41019,normalised
66.02684307098389,,,0.30406,0.491,1,,,,,,,,,GP3,0.30406,0.491,0.37187,0.41019,normalised
66.04348731040955,,,0.30481,0.49362,1,,,,,,,,,GP3,0.30481,0.49362,0.37187,0.41019,normalised
66.05938506126404,,,0.30336,0.49306,1,,,,,,,,,GP3,0.30336,0.49306,0.37187,0.41019,normalised
66.07409739494324,,,0.30138,0.48984,1,,,,,,,,,GP3,0.30138,0.48984,0.37187,0.41019,normalised
66.09190011024475,,,0.29987,0.48698,1,,,,,,,,,GP3,0.29987,0.48698,0.37187,0.41019,normalised
66.10717868804932,,,0.29903,0.48543,1,,,,,,,,,GP3,0.29903,0.48543,0.37187,0.41019,normalised
66.1228187084198,,,0.30774,0.50959,0,,,,,,,,,GP3,0.30774,0.50959,0.37187,0.41019,normalised
66.13937497138977,,,0.31707,0.50392,0,,,,,,,,,GP3,0.31707,0.50392,0.37187,0.41019,normalised
66.15639758110046,,,0.31706,0.50531,0,,,,,,,,,GP3,0.31706,0.50531,0.37187,0.41019,normalised
66.17189979553223,,,0.31831,0.51226,1,,,,,,,,,GP3,0.31831,0.51226,0.37187,0.41019,normalised
66.18779158592224,,,0.32062,0.52412,1,,,,,,,,,GP3,0.32062,0.52412,0.37187,0.41019,normalised
66.2053918838501,,,0.32312,0.53396,1,,,,,,,,,GP3,0.32312,0.53396,0.37187,0.41019,normalised
66.22021675109863,,,0.32507,0.54076,1,,,,,,,,,GP3,0.32507,0.54076,0.37187,0.41019,normalised
66.23644948005676,,,0.32783,0.5441,1,,,,,,,,,GP3,0.32783,0.5441,0.37187,0.41019,normalised
66.25246739387512,,,0.32902,0.54592,1,,,,,,,,,GP3,0.32902,0.54592,0.37187,0.41019,normalised
66.26848649978638,,,0.32962,0.54647,1,,,,,,,,,GP3,0.32962,0.54647,0.37187,0.41019,normalised
66.28689694404602,,,0.33092,0.54289,1,,,,,,,,,GP3,0.33092,0.54289,0.37187,0.41019,normalised
66.3028244972229,,,0.33143,0.54295,1,,,,,,,,,GP3,0.33143,0.54295,0.37187,0.41019,normalised
66.31810474395752,,,0.33218,0.54423,1,,,,,,,,,GP3,0.33218,0.54423,0.37187,0.41019,normalised
66.33255672454834,,,0.3318,0.54717,1,,,,,,,,,GP3,0.3318,0.54717,0.37187,0.41019,normalised
66.35153293609619,,,0.33075,0.54789,1,,,,,,,,,GP3,0.33075,0.54789,0.37187,0.41019,normalised
66.3659930229187,,,0.32952,0.54705,1,,,,,,,,,GP3,0.32952,0.54705,0.37187,0.41019,normalised
66.3820583820343,,,0.32749,0.54351,1,,,,,,,,,GP3,0.32749,0.54351,0.37187,0.41019,normalised
66.39907145500183,,,0.3261,0.54101,1,,,,,,,,,GP3,0.3261,0.54101,0.37187,0.41019,normalised
66.41562581062317,,,0.32488,0.53918,1,,,,,,,,,GP3,0.32488,0.53918,0.37187,0.41019,normalised
66.43061661720276,,,0.32475,0.53916,1,,,,,,,,,GP3,0.32475,0.53916,0.37187,0.41019,normalised
66.44734764099121,,,0.32638,0.54035,1,,,,,,,,,GP3,0.32638,0.54035,0.37187,0.41019,normalised
66.46177768707275,,,0.32817,0.54289,1,,,,,,,,,GP3,0.32817,0.54289,0.37187,0.41019,normalised
66.47833633422852,,,0.32877,0.54602,1,,,,,,,,,GP3,0.32877,0.54602,0.37187,0.41019,normalised
66.49542903900146,,,0.32825,0.54746,1,,,,,,,,,GP3,0.32825,0.54746,0.37187,0.41019,normalised
66.51109600067139,,,0.32759,0.54824,1,,,,,,,,,GP3,0.32759,0.54824,0.37187,0.41019,normalised
66.52750945091248,,,0.32756,0.54946,1,,,,,,,,,GP3,0.32756,0.54946,0.37187,0.41019,normalised
66.54378533363342,,,0.32819,0.55037,1,,,,,,,,,GP3,0.32819,0.55037,0.37187,0.41019,normalised
66.55926179885864,,,0.3288,0.55127,1,,,,,,,,,GP3,0.3288,0.55127,0.37187,0.41019,normalised
66.57615232467651,,,0.32938,0.55333,1,,,,,,,,,GP3,0.32938,0.55333,0.37187,0.41019,normalised
66.59240221977234,,,0.3298,0.55463,1,,,,,,,,,GP3,0.3298,0.55463,0.37187,0.41019,normalised
66.60909605026245,,,0.33876,0.58298,0,,,,,,,,,GP3,0.33876,0.58298,0.37187,0.41019,normalised
66.62513709068298,,,0.34404,0.60079,0,,,,,,,,,GP3,0.34404,0.60079,0.37187,0.41019,normalised
66.64177346229553,,,0.34496,0.60466,0,,,,,,,,,GP3,0.34496,0.60466,0.37187,0.41019,normalised
66.65859937667847,,,0.34535,0.60545,1,,,,,,,,,GP3,0.34535,0.60545,0.37187,0.41019,normalised
66.67343807220459,,,0.34408,0.60121,1,,,,,,,,,GP3,0.34408,0.60121,0.37187,0.41019,normalised
66.69121313095093,,,0.34074,0.59583,1,,,,,,,,,GP3,0.34074,0.59583,0.37187,0.41019,normalised
66.70712995529175,,,0.3383,0.59178,1,,,,,,,,,GP3,0.3383,0.59178,0.37187,0.41019,normalised
66.72186398506165,,,0.33898,0.59365,1,,,,,,,,,GP3,0.33898,0.59365,0.37187,0.41019,normalised
66.73981428146362,,,0.33823,0.59523,1,,,,,,,,,GP3,0.33823,0.59523,0.37187,0.41019,normalised
66.7555603981018,,,0.3374,0.59562,1,,,,,,,,,GP3,0.3374,0.59562,0.37187,0.41019,normalised
66.77007579803467,,,0.33568,0.59178,1,,,,,,,,,GP3,0.33568,0.59178,0.37187,0.41019,normalised
66.7903983592987,,,0.33473,0.58664,1,,,,,,,,,GP3,0.33473,0.58664,0.37187,0.41019,normalised
66.8020806312561,,,0.33361,0.58054,1,,,,,,,,,GP3,0.33361,0.58054,0.37187,0.41019,normalised
66.81880593299866,,,0.33257,0.57789,1,,,,,,,,,GP3,0.33257,0.57789,0.37187,0.41019,normalised
66.83425116539001,,,0.33101,0.57772,1,,,,,,,,,GP3,0.33101,0.57772,0.37187,0.41019,normalised
66.85148000717163,,,0.32969,0.57806,1,,,,,,,,,GP3,0.32969,0.57806,0.37187,0.41019,normalised
66.86898398399353,,,0.32898,0.57463,1,,,,,,,,,GP3,0.32898,0.57463,0.37187,0.41019,normalised
66.8849503993988,,,0.33094,0.57626,1,,,,,,,,,GP3,0.33094,0.57626,0.37187,0.41019,normalised
66.89883327484131,,,0.33298,0.57917,1,,,,,,,,,GP3,0.33298,0.57917,0.37187,0.41019,normalised
66.91500115394592,,,0.33281,0.58105,1,,,,,,,,,GP3,0.33281,0.58105,0.37187,0.41019,normalised
66.93183326721191,,,0.33389,0.58323,1,,,,,,,,,GP3,0.33389,0.58323,0.37187,0.41019,normalised
66.948890209198,,,0.33486,0.585,1,,,,,,,,,GP3,0.33486,0.585,0.37187,0.41019,normalised
66.96458196640015,,,0.33582,0.58517,1,,,,,,,,,GP3,0.33582,0.58517,0.37187,0.41019,normalised
66.9818263053894,,,0.33603,0.58572,1,,,,,,,,,GP3,0.33603,0.58572,0.37187,0.41019,normalised
66.9959352016449,,,0.33616,0.58607,1,,,,,,,,,GP3,0.33616,0.58607,0.37187,0.41019,normalised
67.01279425621033,,,0.33561,0.58581,1,,,,,,,,,GP3,0.33561,0.58581,0.37187,0.41019,normalised
67.02834630012512,,,0.33626,0.58624,1,,,,,,,,,GP3,0.33626,0.58624,0.37187,0.41019,normalised
67.04523038864136,,,0.33699,0.58721,1,,,,,,,,,GP3,0.33699,0.58721,0.37187,0.41019,normalised
67.06113481521606,,,0.33764,0.58964,1,,,,,,,,,GP3,0.33764,0.58964,0.37187,0.41019,normalised
67.07721996307373,,,0.34789,0.61433,0,,,,,,,,,GP3,0.34789,0.61433,0.37187,0.41019,normalised
67.0940363407135,,,0.34472,0.6312,0,,,,,,,,,GP3,0.34472,0.6312,0.37187,0.41019,normalised
67.10882306098938,,,0.34639,0.62688,0,,,,,,,,,GP3,0.34639,0.62688,0.37187,0.41019,normalised
67.127281665802,,,0.34764,0.62965,1,,,,,,,,,GP3,0.34764,0.62965,0.37187,0.41019,normalised
67.14346837997437,,,0.34773,0.62913,1,,,,,,,,,GP3,0.34773,0.62913,0.37187,0.41019,normalised
67.15845346450806,,,0.34555,0.61435,1,,,,,,,,,GP3,0.34555,0.61435,0.37187,0.41019,normalised
67.17445707321167,,,0.34359,0.61017,1,,,,,,,,,GP3,0.34359,0.61017,0.37187,0.41019,normalised
67.18999099731445,,,0.34213,0.60665,1,,,,,,,,,GP3,0.34213,0.60665,0.37187,0.41019,normalised
67.207284450531,,,0.34186,0.60514,1,,,,,,,,,GP3,0.34186,0.60514,0.37187,0.41019,normalised
67.2231719493866,,,0.34184,0.60315,1,,,,,,,,,GP3,0.34184,0.60315,0.37187,0.41019,normalised
67.23845100402832,,,0.34145,0.5999,1,,,,,,,,,GP3,0.34145,0.5999,0.37187,0.41019,normalised
67.25611019134521,,,0.34016,0.5976,1,,,,,,,,,GP3,0.34016,0.5976,0.37187,0.41019,normalised
67.2729001045227,,,0.34053,0.59534,1,,,,,,,,,GP3,0.34053,0.59534,0.37187,0.41019,normalised
67.28786897659302,,,0.34086,0.59374,1,,,,,,,,,GP3,0.34086,0.59374,0.37187,0.41019,normalised
67.30245113372803,,,0.33868,0.58998,1,,,,,,,,,GP3,0.33868,0.58998,0.37187,0.41019,normalised
67.31995916366577,,,0.33848,0.59023,1,,,,,,,,,GP3,0.33848,0.59023,0.37187,0.41019,normalised
67.33761167526245,,,0.33865,0.59191,1,,,,,,,,,GP3,0.33865,0.59191,0.37187,0.41019,normalised
67.35113263130188,,,0.34028,0.59501,1,,,,,,,,,GP3,0.34028,0.59501,0.37187,0.41019,normalised
67.36792612075806,,,0.33893,0.59668,1,,,,,,,,,GP3,0.33893,0.59668,0.37187,0.41019,normalised
67.38466572761536,,,0.3378,0.59832,1,,,,,,,,,GP3,0.3378,0.59832,0.37187,0.41019,normalised
67.40075826644897,,,0.33719,0.59791,1,,,,,,,,,GP3,0.33719,0.59791,0.37187,0.41019,normalised
67.41826581954956,,,0.33784,0.59924,1,,,,,,,,,GP3,0.33784,0.59924,0.37187,0.41019,normalised
67.43238353729248,,,0.33828,0.59977,1,,,,,,,,,GP3,0.33828,0.59977,0.37187,0.41019,normalised
67.44988870620728,,,0.33864,0.60192,1,,,,,,,,,GP3,0.33864,0.60192,0.37187,0.41019,normalised
67.46440839767456,,,0.33745,0.60143,1,,,,,,,,,GP3,0.33745,0.60143,0.37187,0.41019,normalised
67.48192191123962,,,0.33628,0.60071,1,,,,,,,,,GP3,0.33628,0.60071,0.37187,0.41019,normalised
67.49815678596497,,,0.33498,0.59981,1,,,,,,,,,GP3,0.33498,0.59981,0.37187,0.41019,normalised
67.51481199264526,,,0.33473,0.60243,1,,,,,,,,,GP3,0.33473,0.60243,0.37187,0.41019,normalised
67.52935886383057,,,0.33449,0.60487,1,,,,,,,,,GP3,0.33449,0.60487,0.37187,0.41019,normalised
67.54601550102234,,,0.33408,0.60534,1,,,,,,,,,GP3,0.33408,0.60534,0.37187,0.41019,normalised
67.56163620948792,,,0.33397,0.60382,1,,,,,,,,,GP3,0.33397,0.60382,0.37187,0.41019,normalised
67.57840728759766,,,0.33382,0.60226,1,,,,,,,,,GP3,0.33382,0.60226,0.37187,0.41019,normalised
67.59726357460022,,,0.33305,0.60281,1,,,,,,,,,GP3,0.33305,0.60281,0.37187,0.41019,normalised
67.6099898815155,,,0.33325,0.60277,1,,,,,,,,,GP3,0.33325,0.60277,0.37187,0.41019,normalised
67.6266233921051,,,0.33344,0.60274,1,,,,,,,,,GP3,0.33344,0.60274,0.37187,0.41019,normalised
67.64334177970886,,,0.33311,0.60252,1,,,,,,,,,GP3,0.33311,0.60252,0.37187,0.41019,normalised
67.66119766235352,,,0.33189,0.60152,1,,,,,,,,,GP3,0.33189,0.60152,0.37187,0.41019,normalised
67.67480659484863,,,0.33087,0.60099,1,,,,,,,,,GP3,0.33087,0.60099,0.37187,0.41019,normalised
67.6919686794281,,,0.33184,0.60193,1,,,,,,,,,GP3,0.33184,0.60193,0.37187,0.41019,normalised
67.70948338508606,,,0.33242,0.60323,1,,,,,,,,,GP3,0.33242,0.60323,0.37187,0.41019,normalised
67.7240104675293,,,0.33297,0.60435,1,,,,,,,,,GP3,0.33297,0.60435,0.37187,0.41019,normalised
67.74153685569763,,,0.33268,0.60434,1,,,,,,,,,GP3,0.33268,0.60434,0.37187,0.41019,normalised
67.75624179840088,,,0.33255,0.60369,1,,,,,,,,,GP3,0.33255,0.60369,0.37187,0.41019,normalised
67.77306079864502,,,0.33231,0.60261,1,,,,,,,,,GP3,0.33231,0.60261,0.37187,0.41019,normalised
67.78844499588013,,,0.33245,0.60214,1,,,,,,,,,GP3,0.33245,0.60214,0.37187,0.41019,normalised
67.8059949874878,,,0.33201,0.60117,1,,,,,,,,,GP3,0.33201,0.60117,0.37187,0.41019,normalised
67.82052898406982,,,0.33168,0.60061,1,,,,,,,,,GP3,0.33168,0.60061,0.37187,0.41019,normalised
67.83841323852539,,,0.33149,0.60097,1,,,,,,,,,GP3,0.33149,0.60097,0.37187,0.41019,normalised
67.85294532775879,,,0.33132,0.60126,1,,,,,,,,,GP3,0.33132,0.60126,0.37187,0.41019,normalised
67.87048196792603,,,0.33133,0.60103,1,,,,,,,,,GP3,0.33133,0.60103,0.37187,0.41019,normalised
67.8849983215332,,,0.33113,0.60116,1,,,,,,,,,GP3,0.33113,0.60116,0.37187,0.41019,normalised
67.90148448944092,,,0.33088,0.60086,1,,,,,,,,,GP3,0.33088,0.60086,0.37187,0.41019,normalised
67.92018699645996,,,0.33074,0.60095,1,,,,,,,,,GP3,0.33074,0.60095,0.37187,0.41019,normalised
67.93381810188293,,,0.33182,0.60156,1,,,,,,,,,GP3,0.33182,0.60156,0.37187,0.41019,normalised
67.95122718811035,,,0.33389,0.60103,1,,,,,,,,,GP3,0.33389,0.60103,0.37187,0.41019,normalised
67.96574807167053,,,0.33597,0.60044,1,,,,,,,,,GP3,0.33597,0.60044,0.37187,0.41019,normalised
67.98254084587097,,,0.33733,0.59896,1,,,,,,,,,GP3,0.33733,0.59896,0.37187,0.41019,normalised
67.9987678527832,,,0.36793,0.59184,0,,,,,,,,,GP3,0.36793,0.59184,0.37187,0.41019,normalised
68.01439309120178,,,0.39291,0.57093,0,,,,,,,,,GP3,0.39291,0.57093,0.37187,0.41019,normalised
68.03190040588379,,,0.39699,0.55536,0,,,,,,,,,GP3,0.39699,0.55536,0.37187,0.41019,normalised
68.04942297935486,,,0.40349,0.55346,1,,,,,,,,,GP3,0.40349,0.55346,0.37187,0.41019,normalised
68.06302785873413,,,0.4072,0.55038,1,,,,,,,,,GP3,0.4072,0.55038,0.37187,0.41019,normalised
68.08050346374512,,,0.40684,0.54354,1,,,,,,,,,GP3,0.40684,0.54354,0.37187,0.41019,normalised
68.09764862060547,,,0.40431,0.53035,1,,,,,,,,,GP3,0.40431,0.53035,0.37187,0.41019,normalised
68.11423873901367,,,0.40212,0.51811,1,,,,,,,,,GP3,0.40212,0.51811,0.37187,0.41019,normalised
68.12891697883606,,,0.40362,0.51266,1,,,,,,,,,GP3,0.40362,0.51266,0.37187,0.41019,normalised
68.14660096168518,,,0.40029,0.5101,1,,,,,,,,,GP3,0.40029,0.5101,0.37187,0.41019,normalised
68.16119480133057,,,0.39757,0.50845,1,,,,,,,,,GP3,0.39757,0.50845,0.37187,0.41019,normalised
68.17699265480042,,,0.39925,0.50693,1,,,,,,,,,GP3,0.39925,0.50693,0.37187,0.41019,normalised
68.19214391708374,,,0.40015,0.50656,1,,,,,,,,,GP3,0.40015,0.50656,0.37187,0.41019,normalised
68.20965600013733,,,0.401,0.50656,1,,,,,,,,,GP3,0.401,0.50656,0.37187,0.41019,normalised
68.22545862197876,,,0.40098,0.50632,1,,,,,,,,,GP3,0.40098,0.50632,0.37187,0.41019,normalised
68.24206113815308,,,0.40141,0.50466,1,,,,,,,,,GP3,0.40141,0.50466,0.37187,0.41019,normalised
68.25956678390503,,,0.40173,0.50262,1,,,,,,,,,GP3,0.40173,0.50262,0.37187,0.41019,normalised
68.27439069747925,,,0.40205,0.50012,1,,,,,,,,,GP3,0.40205,0.50012,0.37187,0.41019,normalised
68.29251098632812,,,0.40257,0.50045,1,,,,,,,,,GP3,0.40257,0.50045,0.37187,0.41019,normalised
68.30702352523804,,,0.40303,0.50074,1,,,,,,,,,GP3,0.40303,0.50074,0.37187,0.41019,normalised
68.32454085350037,,,0.4031,0.50159,1,,,,,,,,,GP3,0.4031,0.50159,0.37187,0.41019,normalised
68.33927249908447,,,0.40354,0.50006,1,,,,,,,,,GP3,0.40354,0.50006,0.37187,0.41019,normalised
68.3541328907013,,,0.40394,0.49867,1,,,,,,,,,GP3,0.40394,0.49867,0.37187,0.41019,normalised
68.37120199203491,,,0.40516,0.49832,1,,,,,,,,,GP3,0.40516,0.49832,0.37187,0.41019,normalised
68.38839387893677,,,0.40543,0.4975,1,,,,,,,,,GP3,0.40543,0.4975,0.37187,0.41019,normalised
68.40437650680542,,,0.40572,0.49712,1,,,,,,,,,GP3,0.40572,0.49712,0.37187,0.41019,normalised
68.42110061645508,,,0.40654,0.49641,1,,,,,,,,,GP3,0.40654,0.49641,0.37187,0.41019,normalised
68.43643355369568,,,0.40623,0.49641,1,,,,,,,,,GP3,0.40623,0.49641,0.37187,0.41019,normalised
68.45237040519714,,,0.40599,0.49674,1,,,,,,,,,GP3,0.40599,0.49674,0.37187,0.41019,normalised
68.46798324584961,,,0.40651,0.49661,1,,,,,,,,,GP3,0.40651,0.49661,0.37187,0.41019,normalised
68.48594379425049,,,0.40712,0.49749,1,,,,,,,,,GP3,0.40712,0.49749,0.37187,0.41019,normalised
68.49959063529968,,,0.4077,0.49846,1,,,,,,,,,GP3,0.4077,0.49846,0.37187,0.41019,normalised
68.51747274398804,,,0.40782,0.49874,1,,,,,,,,,GP3,0.40782,0.49874,0.37187,0.41019,normalised
68.53529596328735,,,0.40826,0.50026,1,,,,,,,,,GP3,0.40826,0.50026,0.37187,0.41019,normalised
68.54928517341614,,,0.40871,0.50183,1,,,,,,,,,GP3,0.40871,0.50183,0.37187,0.41019,normalised
68.5659966468811,,,0.40822,0.50436,1,,,,,,,,,GP3,0.40822,0.50436,0.37187,0.41019,normalised
68.58368301391602,,,0.40795,0.5051,1,,,,,,,,,GP3,0.40795,0.5051,0.37187,0.41019,normalised
68.59825158119202,,,0.40765,0.50555,1,,,,,,,,,GP3,0.40765,0.50555,0.37187,0.41019,normalised
68.615731716156,,,0.40695,0.50539,1,,,,,,,,,GP3,0.40695,0.50539,0.37187,0.41019,normalised
68.63220500946045,,,0.40628,0.50487,1,,,,,,,,,GP3,0.40628,0.50487,0.37187,0.41019,normalised
68.6461329460144,,,0.40561,0.50412,1,,,,,,,,,GP3,0.40561,0.50412,0.37187,0.41019,normalised
68.66340494155884,,,0.40829,0.50039,1,,,,,,,,,GP3,0.40829,0.50039,0.37187,0.41019,normalised
68.6788477897644,,,0.41156,0.49372,1,,,,,,,,,GP3,0.41156,0.49372,0.37187,0.41019,normalised
68.6946189403534,,,0.43331,0.45773,0,,,,,,,,,GP3,0.43331,0.45773,0.37187,0.41019,normalised
68.7124035358429,,,0.50604,0.32625,0,,,,,,,,,GP3,0.50604,0.32625,0.37187,0.41019,normalised
68.72742009162903,,,0.53952,0.28971,0,,,,,,,,,GP3,0.53952,0.28971,0.37187,0.41019,normalised
68.74381566047668,,,0.59678,0.21399,0,,,,,,,,,GP3,0.59678,0.21399,0.37187,0.41019,normalised
68.76162219047546,,,0.59774,0.19522,0,,,,,,,,,GP3,0.59774,0.19522,0.37187,0.41019,normalised
68.77614831924438,,,0.60423,0.18759,0,,,,,,,,,GP3,0.60423,0.18759,0.37187,0.41019,normalised
68.7918689250946,,,0.60747,0.18378,1,,,,,,,,,GP3,0.60747,0.18378,0.37187,0.41019,normalised
68.80766558647156,,,0.64143,0.16532,1,,,,,,,,,GP3,0.64143,0.16532,0.37187,0.41019,normalised
68.82514381408691,,,0.6587,0.15343,1,,,,,,,,,GP3,0.6587,0.15343,0.37187,0.41019,normalised
68.84072232246399,,,0.67034,0.14797,1,,,,,,,,,GP3,0.67034,0.14797,0.37187,0.41019,normalised
68.8563961982727,,,0.68034,0.14637,1,,,,,,,,,GP3,0.68034,0.14637,0.37187,0.41019,normalised
68.87358021736145,,,0.69018,0.14928,1,,,,,,,,,GP3,0.69018,0.14928,0.37187,0.41019,normalised
68.88818407058716,,,0.69833,0.15076,1,,,,,,,,,GP3,0.69833,0.15076,0.37187,0.41019,normalised
68.90487217903137,,,0.70476,0.14715,1,,,,,,,,,GP3,0.70476,0.14715,0.37187,0.41019,normalised
68.92256450653076,,,0.71209,0.13971,1,,,,,,,,,GP3,0.71209,0.13971,0.37187,0.41019,normalised
68.93929839134216,,,0.71857,0.13217,1,,,,,,,,,GP3,0.71857,0.13217,0.37187,0.41019,normalised
68.95459032058716,,,0.75302,0.10936,0,,,,,,,,,GP3,0.75302,0.10936,0.37187,0.41019,normalised
68.97140550613403,,,0.81639,0.07121,0,,,,,,,,,GP3,0.81639,0.07121,0.37187,0.41019,normalised
68.98500967025757,,,0.83587,0.06436,0,,,,,,,,,GP3,0.83587,0.06436,0.37187,0.41019,normalised
69.00255799293518,,,0.87201,0.04156,0,,,,,,,,,GP3,0.87201,0.04156,0.37187,0.41019,normalised
69.0178451538086,,,0.8729,0.02885,0,,,,,,,,,GP3,0.8729,0.02885,0.37187,0.41019,normalised
69.03422474861145,,,0.87507,0.0169,0,,,,,,,,,GP3,0.87507,0.0169,0.37187,0.41019,normalised
69.05200290679932,,,0.88165,0.01265,1,,,,,,,,,GP3,0.88165,0.01265,0.37187,0.41019,normalised
69.06768894195557,,,0.88189,0.00657,1,,,,,,,,,GP3,0.88189,0.00657,0.37187,0.41019,normalised
69.08315706253052,,,0.88182,0.00392,1,,,,,,,,,GP3,0.88182,0.00392,0.37187,0.41019,normalised
69.10095882415771,,,0.88198,0.00228,1,,,,,,,,,GP3,0.88198,0.00228,0.37187,0.41019,normalised
69.11562538146973,,,0.88331,0.00326,1,,,,,,,,,GP3,0.88331,0.00326,0.37187,0.41019,normalised
69.13182926177979,,,0.88489,0.00209,1,,,,,,,,,GP3,0.88489,0.00209,0.37187,0.41019,normalised
69.14944338798523,,,0.88426,-0.00368,1,,,,,,,,,GP3,0.88426,-0.00368,0.37187,0.41019,normalised
69.16324496269226,,,0.88608,-0.00966,1,,,,,,,,,GP3,0.88608,-0.00966,0.37187,0.41019,normalised
69.17964434623718,,,0.8876,-0.01463,1,,,,,,,,,GP3,0.8876,-0.01463,0.37187,0.41019,normalised
69.19592690467834,,,0.88749,-0.01748,1,,,,,,,,,GP3,0.88749,-0.01748,0.37187,0.41019,normalised
69.21216440200806,,,0.88653,-0.01927,1,,,,,,,,,GP3,0.88653,-0.01927,0.37187,0.41019,normalised
69.22903084754944,,,0.88547,-0.02019,1,,,,,,,,,GP3,0.88547,-0.02019,0.37187,0.41019,normalised
69.24633646011353,,,0.88395,-0.0191,1,,,,,,,,,GP3,0.88395,-0.0191,0.37187,0.41019,normalised
69.26067543029785,,,0.88439,-0.0209,1,,,,,,,,,GP3,0.88439,-0.0209,0.37187,0.41019,normalised
69.27703022956848,,,0.8847,-0.02203,1,,,,,,,,,GP3,0.8847,-0.02203,0.37187,0.41019,normalised
69.29329037666321,,,0.88415,-0.02052,1,,,,,,,,,GP3,0.88415,-0.02052,0.37187,0.41019,normalised
69.31008553504944,,,0.88326,-0.02004,1,,,,,,,,,GP3,0.88326,-0.02004,0.37187,0.41019,normalised
69.32559204101562,,,0.8823,-0.01916,1,,,,,,,,,GP3,0.8823,-0.01916,0.37187,0.41019,normalised
69.34146165847778,,,0.8819,-0.0174,1,,,,,,,,,GP3,0.8819,-0.0174,0.37187,0.41019,normalised
69.3572928905487,,,0.8813,-0.01583,1,,,,,,,,,GP3,0.8813,-0.01583,0.37187,0.41019,normalised
69.37397718429565,,,0.88055,-0.01366,1,,,,,,,,,GP3,0.88055,-0.01366,0.37187,0.41019,normalised
69.39109778404236,,,0.87975,-0.01079,1,,,,,,,,,GP3,0.87975,-0.01079,0.37187,0.41019,normalised
69.40649366378784,,,0.87904,-0.00903,1,,,,,,,,,GP3,0.87904,-0.00903,0.37187,0.41019,normalised
69.42454600334167,,,0.87824,-0.00685,1,,,,,,,,,GP3,0.87824,-0.00685,0.37187,0.41019,normalised
69.43775177001953,,,0.87718,-0.00338,1,,,,,,,,,GP3,0.87718,-0.00338,0.37187,0.41019,normalised
69.45510506629944,,,0.86276,0.02807,0,,,,,,,,,GP3,0.86276,0.02807,0.37187,0.41019,normalised
69.47088623046875,,,0.84695,0.04305,0,,,,,,,,,GP3,0.84695,0.04305,0.37187,0.41019,normalised
69.48884916305542,,,0.85145,0.04128,0,,,,,,,,,GP3,0.85145,0.04128,0.37187,0.41019,normalised
69.50382852554321,,,0.85943,0.03401,1,,,,,,,,,GP3,0.85943,0.03401,0.37187,0.41019,normalised
69.51980972290039,,,0.86603,0.02308,1,,,,,,,,,GP3,0.86603,0.02308,0.37187,0.41019,normalised
69.53659772872925,,,0.86374,0.02173,1,,,,,,,,,GP3,0.86374,0.02173,0.37187,0.41019,normalised
69.55166792869568,,,0.86486,0.01476,1,,,,,,,,,GP3,0.86486,0.01476,0.37187,0.41019,normalised
69.56859397888184,,,0.86569,0.00952,1,,,,,,,,,GP3,0.86569,0.00952,0.37187,0.41019,normalised
69.58351159095764,,,0.86527,0.0071,1,,,,,,,,,GP3,0.86527,0.0071,0.37187,0.41019,normalised
69.59966945648193,,,0.86538,0.00625,1,,,,,,,,,GP3,0.86538,0.00625,0.37187,0.41019,normalised
69.61667013168335,,,0.86532,0.00634,1,,,,,,,,,GP3,0.86532,0.00634,0.37187,0.41019,normalised
69.63258862495422,,,0.86588,0.005,1,,,,,,,,,GP3,0.86588,0.005,0.37187,0.41019,normalised
69.64946007728577,,,0.8673,0.00539,1,,,,,,,,,GP3,0.8673,0.00539,0.37187,0.41019,normalised
69.66495537757874,,,0.86827,0.00642,1,,,,,,,,,GP3,0.86827,0.00642,0.37187,0.41019,normalised
69.68245577812195,,,0.86879,0.00814,1,,,,,,,,,GP3,0.86879,0.00814,0.37187,0.41019,normalised
69.69697213172913,,,0.86809,0.01023,1,,,,,,,,,GP3,0.86809,0.01023,0.37187,0.41019,normalised
69.71336078643799,,,0.8672,0.01309,1,,,,,,,,,GP3,0.8672,0.01309,0.37187,0.41019,normalised
69.73023557662964,,,0.8668,0.01617,1,,,,,,,,,GP3,0.8668,0.01617,0.37187,0.41019,normalised
69.74804830551147,,,0.86499,0.01922,1,,,,,,,,,GP3,0.86499,0.01922,0.37187,0.41019,normalised
69.76199579238892,,,0.86336,0.02196,1,,,,,,,,,GP3,0.86336,0.02196,0.37187,0.41019,normalised
69.77941870689392,,,0.86358,0.02437,1,,,,,,,,,GP3,0.86358,0.02437,0.37187,0.41019,normalised
69.79583835601807,,,0.86345,0.0264,1,,,,,,,,,GP3,0.86345,0.0264,0.37187,0.41019,normalised
69.81031584739685,,,0.86354,0.02748,1,,,,,,,,,GP3,0.86354,0.02748,0.37187,0.41019,normalised
69.82791686058044,,,0.86416,0.02771,1,,,,,,,,,GP3,0.86416,0.02771,0.37187,0.41019,normalised
69.84227275848389,,,0.86451,0.02739,1,,,,,,,,,GP3,0.86451,0.02739,0.37187,0.41019,normalised
69.85913467407227,,,0.86483,0.0271,1,,,,,,,,,GP3,0.86483,0.0271,0.37187,0.41019,normalised
69.8751893043518,,,0.85936,0.05214,0,,,,,,,,,GP3,0.85936,0.05214,0.37187,0.41019,normalised
69.89232039451599,,,0.85669,0.05993,0,,,,,,,,,GP3,0.85669,0.05993,0.37187,0.41019,normalised
69.90798711776733,,,0.85424,0.06833,0,,,,,,,,,GP3,0.85424,0.06833,0.37187,0.41019,normalised
69.92525100708008,,,0.85503,0.06972,1,,,,,,,,,GP3,0.85503,0.06972,0.37187,0.41019,normalised
69.9414529800415,,,0.85692,0.06802,1,,,,,,,,,GP3,0.85692,0.06802,0.37187,0.41019,normalised
69.95715880393982,,,0.85954,0.06237,1,,,,,,,,,GP3,0.85954,0.06237,0.37187,0.41019,normalised
69.97394251823425,,,0.86105,0.05399,1,,,,,,,,,GP3,0.86105,0.05399,0.37187,0.41019,normalised
69.99065089225769,,,0.86247,0.04028,1,,,,,,,,,GP3,0.86247,0.04028,0.37187,0.41019,normalised
70.00405979156494,,,0.86459,0.02562,1,,,,,,,,,GP3,0.86459,0.02562,0.37187,0.41019,normalised
70.02250838279724,,,0.86704,0.01454,1,,,,,,,,,GP3,0.86704,0.01454,0.37187,0.41019,normalised
70.03755927085876,,,0.86782,0.00573,1,,,,,,,,,GP3,0.86782,0.00573,0.37187,0.41019,normalised
70.05341839790344,,,0.86822,-0.00083,1,,,,,,,,,GP3,0.86822,-0.00083,0.37187,0.41019,normalised
70.07049584388733,,,0.86947,-0.00423,1,,,,,,,,,GP3,0.86947,-0.00423,0.37187,0.41019,normalised
70.08511877059937,,,0.87063,-0.00677,1,,,,,,,,,GP3,0.87063,-0.00677,0.37187,0.41019,normalised
70.10134840011597,,,0.87153,-0.0084,1,,,,,,,,,GP3,0.87153,-0.0084,0.37187,0.41019,normalised
70.11832618713379,,,0.87719,-0.03549,0,,,,,,,,,GP3,0.87719,-0.03549,0.37187,0.41019,normalised
70.13647627830505,,,0.87222,-0.02548,0,,,,,,,,,GP3,0.87222,-0.02548,0.37187,0.41019,normalised
70.14964890480042,,,0.87054,-0.02205,0,,,,,,,,,GP3,0.87054,-0.02205,0.37187,0.41019,normalised
70.16671061515808,,,0.87179,-0.02031,1,,,,,,,,,GP3,0.87179,-0.02031,0.37187,0.41019,normalised
70.18253898620605,,,0.86898,-0.01986,1,,,,,,,,,GP3,0.86898,-0.01986,0.37187,0.41019,normalised
70.20063066482544,,,0.86637,-0.01661,1,,,,,,,,,GP3,0.86637,-0.01661,0.37187,0.41019,normalised
70.21432971954346,,,0.86671,-0.01348,1,,,,,,,,,GP3,0.86671,-0.01348,0.37187,0.41019,normalised
70.23002004623413,,,0.86643,-0.01134,1,,,,,,,,,GP3,0.86643,-0.01134,0.37187,0.41019,normalised
70.24902391433716,,,0.86672,-0.01164,1,,,,,,,,,GP3,0.86672,-0.01164,0.37187,0.41019,normalised
70.26375651359558,,,0.8664,-0.01337,1,,,,,,,,,GP3,0.8664,-0.01337,0.37187,0.41019,normalised
70.28138017654419,,,0.86701,-0.01643,1,,,,,,,,,GP3,0.86701,-0.01643,0.37187,0.41019,normalised
70.296226978302,,,0.86752,-0.01899,1,,,,,,,,,GP3,0.86752,-0.01899,0.37187,0.41019,normalised
70.31256198883057,,,0.86798,-0.02187,1,,,,,,,,,GP3,0.86798,-0.02187,0.37187,0.41019,normalised
70.32903218269348,,,0.8684,-0.02231,1,,,,,,,,,GP3,0.8684,-0.02231,0.37187,0.41019,normalised
70.34475898742676,,,0.86845,-0.0215,1,,,,,,,,,GP3,0.86845,-0.0215,0.37187,0.41019,normalised
70.36098432540894,,,0.86744,-0.02067,1,,,,,,,,,GP3,0.86744,-0.02067,0.37187,0.41019,normalised
70.37761211395264,,,0.86725,-0.01893,1,,,,,,,,,GP3,0.86725,-0.01893,0.37187,0.41019,normalised
70.39330673217773,,,0.86691,-0.01689,1,,,,,,,,,GP3,0.86691,-0.01689,0.37187,0.41019,normalised
70.40972089767456,,,0.86716,-0.01361,1,,,,,,,,,GP3,0.86716,-0.01361,0.37187,0.41019,normalised
70.42576217651367,,,0.86688,-0.00882,1,,,,,,,,,GP3,0.86688,-0.00882,0.37187,0.41019,normalised
70.44327569007874,,,0.86663,-0.0045,1,,,,,,,,,GP3,0.86663,-0.0045,0.37187,0.41019,normalised
70.45721554756165,,,0.86667,-0.00186,1,,,,,,,,,GP3,0.86667,-0.00186,0.37187,0.41019,normalised
70.47531294822693,,,0.86633,-0.00036,1,,,,,,,,,GP3,0.86633,-0.00036,0.37187,0.41019,normalised
70.4912178516388,,,0.86634,-8e-05,1,,,,,,,,,GP3,0.86634,-8e-05,0.37187,0.41019,normalised
70.50722980499268,,,0.86652,-0.0014,1,,,,,,,,,GP3,0.86652,-0.0014,0.37187,0.41019,normalised
70.52409076690674,,,0.8671,-0.00239,1,,,,,,,,,GP3,0.8671,-0.00239,0.37187,0.41019,normalised
70.53865480422974,,,0.8678,-0.00395,1,,,,,,,,,GP3,0.8678,-0.00395,0.37187,0.41019,normalised
70.55604076385498,,,0.86822,-0.00601,1,,,,,,,,,GP3,0.86822,-0.00601,0.37187,0.41019,normalised
70.57018184661865,,,0.86838,-0.00745,1,,,,,,,,,GP3,0.86838,-0.00745,0.37187,0.41019,normalised
70.58722758293152,,,0.86854,-0.00879,1,,,,,,,,,GP3,0.86854,-0.00879,0.37187,0.41019,normalised
70.60324501991272,,,0.86842,-0.00987,1,,,,,,,,,GP3,0.86842,-0.00987,0.37187,0.41019,normalised
70.6202175617218,,,0.86836,-0.01096,1,,,,,,,,,GP3,0.86836,-0.01096,0.37187,0.41019,normalised
70.6348876953125,,,0.86809,-0.01117,1,,,,,,,,,GP3,0.86809,-0.01117,0.37187,0.41019,normalised
70.65265464782715,,,0.86868,-0.01065,1,,,,,,,,,GP3,0.86868,-0.01065,0.37187,0.41019,normalised
70.66848278045654,,,0.86855,-0.00983,1,,,,,,,,,GP3,0.86855,-0.00983,0.37187,0.41019,normalised
70.68451237678528,,,0.86839,-0.00882,1,,,,,,,,,GP3,0.86839,-0.00882,0.37187,0.41019,normalised
70.70223450660706,,,0.86814,-0.00809,1,,,,,,,,,GP3,0.86814,-0.00809,0.37187,0.41019,normalised
70.71605253219604,,,0.86847,-0.00838,1,,,,,,,,,GP3,0.86847,-0.00838,0.37187,0.41019,normalised
70.73422813415527,,,0.86881,-0.00886,1,,,,,,,,,GP3,0.86881,-0.00886,0.37187,0.41019,normalised
70.74823689460754,,,0.86863,-0.00874,1,,,,,,,,,GP3,0.86863,-0.00874,0.37187,0.41019,normalised
70.76378846168518,,,0.86851,-0.0075,1,,,,,,,,,GP3,0.86851,-0.0075,0.37187,0.41019,normalised
70.78036141395569,,,0.86825,-0.0057,1,,,,,,,,,GP3,0.86825,-0.0057,0.37187,0.41019,normalised
70.79734349250793,,,0.86827,-0.00407,1,,,,,,,,,GP3,0.86827,-0.00407,0.37187,0.41019,normalised
70.81322813034058,,,0.86815,-0.00297,1,,,,,,,,,GP3,0.86815,-0.00297,0.37187,0.41019,normalised
70.82906413078308,,,0.86806,-0.00211,1,,,,,,,,,GP3,0.86806,-0.00211,0.37187,0.41019,normalised
70.84626913070679,,,0.86493,0.02596,0,,,,,,,,,GP3,0.86493,0.02596,0.37187,0.41019,normalised
70.86381125450134,,,0.86147,0.04429,0,,,,,,,,,GP3,0.86147,0.04429,0.37187,0.41019,normalised
70.87866568565369,,,0.85984,0.05309,0,,,,,,,,,GP3,0.85984,0.05309,0.37187,0.41019,normalised
70.89381337165833,,,0.85654,0.06148,1,,,,,,,,,GP3,0.85654,0.06148,0.37187,0.41019,normalised
70.91015195846558,,,0.85561,0.06271,1,,,,,,,,,GP3,0.85561,0.06271,0.37187,0.41019,normalised
70.92785239219666,,,0.85459,0.06456,1,,,,,,,,,GP3,0.85459,0.06456,0.37187,0.41019,normalised
70.9426109790802,,,0.85569,0.06499,1,,,,,,,,,GP3,0.85569,0.06499,0.37187,0.41019,normalised
70.95957541465759,,,0.85405,0.06826,1,,,,,,,,,GP3,0.85405,0.06826,0.37187,0.41019,normalised
70.97446155548096,,,0.85262,0.07174,1,,,,,,,,,GP3,0.85262,0.07174,0.37187,0.41019,normalised
70.99036312103271,,,0.84952,0.07924,1,,,,,,,,,GP3,0.84952,0.07924,0.37187,0.41019,normalised
71.00752520561218,,,0.8397,0.08451,1,,,,,,,,,GP3,0.8397,0.08451,0.37187,0.41019,normalised
71.0245258808136,,,0.83199,0.08649,1,,,,,,,,,GP3,0.83199,0.08649,0.37187,0.41019,normalised
71.04242420196533,,,0.82715,0.08827,1,,,,,,,,,GP3,0.82715,0.08827,0.37187,0.41019,normalised
71.05666399002075,,,0.82154,0.0898,1,,,,,,,,,GP3,0.82154,0.0898,0.37187,0.41019,normalised
71.07131099700928,,,0.81674,0.09062,1,,,,,,,,,GP3,0.81674,0.09062,0.37187,0.41019,normalised
71.08743166923523,,,0.81201,0.09499,1,,,,,,,,,GP3,0.81201,0.09499,0.37187,0.41019,normalised
71.107253074646,,,0.80794,0.09856,1,,,,,,,,,GP3,0.80794,0.09856,0.37187,0.41019,normalised
71.12082028388977,,,0.77913,0.12093,0,,,,,,,,,GP3,0.77913,0.12093,0.37187,0.41019,normalised
71.13628554344177,,,0.76491,0.13243,0,,,,,,,,,GP3,0.76491,0.13243,0.37187,0.41019,normalised
71.15335750579834,,,0.75552,0.14131,0,,,,,,,,,GP3,0.75552,0.14131,0.37187,0.41019,normalised
71.16924333572388,,,0.75158,0.14199,1,,,,,,,,,GP3,0.75158,0.14199,0.37187,0.41019,normalised
71.18733882904053,,,0.75008,0.13951,1,,,,,,,,,GP3,0.75008,0.13951,0.37187,0.41019,normalised
71.2016236782074,,,0.74793,0.13744,1,,,,,,,,,GP3,0.74793,0.13744,0.37187,0.41019,normalised
71.21728539466858,,,0.74651,0.13491,1,,,,,,,,,GP3,0.74651,0.13491,0.37187,0.41019,normalised
71.2333014011383,,,0.74086,0.13742,1,,,,,,,,,GP3,0.74086,0.13742,0.37187,0.41019,normalised
71.25088572502136,,,0.73545,0.13858,1,,,,,,,,,GP3,0.73545,0.13858,0.37187,0.41019,normalised
71.2664475440979,,,0.73083,0.14172,1,,,,,,,,,GP3,0.73083,0.14172,0.37187,0.41019,normalised
71.28346157073975,,,0.73536,0.13772,1,,,,,,,,,GP3,0.73536,0.13772,0.37187,0.41019,normalised
71.30037140846252,,,0.73786,0.13655,1,,,,,,,,,GP3,0.73786,0.13655,0.37187,0.41019,normalised
71.31505632400513,,,0.73976,0.13659,1,,,,,,,,,GP3,0.73976,0.13659,0.37187,0.41019,normalised
71.33193516731262,,,0.74066,0.13646,1,,,,,,,,,GP3,0.74066,0.13646,0.37187,0.41019,normalised
71.35080623626709,,,0.74087,0.13492,1,,,,,,,,,GP3,0.74087,0.13492,0.37187,0.41019,normalised
71.3637068271637,,,0.74105,0.13357,1,,,,,,,,,GP3,0.74105,0.13357,0.37187,0.41019,normalised
71.3796775341034,,,0.73897,0.13208,1,,,,,,,,,GP3,0.73897,0.13208,0.37187,0.41019,normalised
71.39796090126038,,,0.73008,0.1295,1,,,,,,,,,GP3,0.73008,0.1295,0.37187,0.41019,normalised
71.41171836853027,,,0.7221,0.12693,1,,,,,,,,,GP3,0.7221,0.12693,0.37187,0.41019,normalised
71.42775511741638,,,0.71503,0.12603,1,,,,,,,,,GP3,0.71503,0.12603,0.37187,0.41019,normalised
71.44513249397278,,,0.7091,0.12444,1,,,,,,,,,GP3,0.7091,0.12444,0.37187,0.41019,normalised
71.45989155769348,,,0.68113,0.10804,0,,,,,,,,,GP3,0.68113,0.10804,0.37187,0.41019,normalised
71.47660160064697,,,0.60072,0.11024,0,,,,,,,,,GP3,0.60072,0.11024,0.37187,0.41019,normalised
71.49450087547302,,,0.53489,0.09308,0,,,,,,,,,GP3,0.53489,0.09308,0.37187,0.41019,normalised
71.50889229774475,,,0.44146,0.06605,0,,,,,,,,,GP3,0.44146,0.06605,0.37187,0.41019,normalised
71.52543425559998,,,0.39707,0.0266,0,,,,,,,,,GP3,0.39707,0.0266,0.37187,0.41019,normalised
71.54156565666199,,,0.3727,0.0071,0,,,,,,,,,GP3,0.3727,0.0071,0.37187,0.41019,normalised
71.55728912353516,,,0.33355,-0.02555,0,,,,,,,,,GP3,0.33355,-0.02555,0.37187,0.41019,normalised
71.57502794265747,,,0.34038,-0.02429,0,,,,,,,,,GP3,0.34038,-0.02429,0.37187,0.41019,normalised
71.59144258499146,,,0.33312,-0.01477,0,,,,,,,,,GP3,0.33312,-0.01477,0.37187,0.41019,normalised
71.60663294792175,,,0.3296,-0.00805,1,,,,,,,,,GP3,0.3296,-0.00805,0.37187,0.41019,normalised
71.62348818778992,,,0.32315,-0.00666,1,,,,,,,,,GP3,0.32315,-0.00666,0.37187,0.41019,normalised
71.63998818397522,,,0.31946,-0.0002,1,,,,,,,,,GP3,0.31946,-0.0002,0.37187,0.41019,normalised
71.65441489219666,,,0.3171,0.00555,1,,,,,,,,,GP3,0.3171,0.00555,0.37187,0.41019,normalised
71.671226978302,,,0.31093,0.01055,1,,,,,,,,,GP3,0.31093,0.01055,0.37187,0.41019,normalised
71.68737387657166,,,0.29835,0.01799,1,,,,,,,,,GP3,0.29835,0.01799,0.37187,0.41019,normalised
71.70275831222534,,,0.28839,0.02473,1,,,,,,,,,GP3,0.28839,0.02473,0.37187,0.41019,normalised
71.7191846370697,,,0.27971,0.03113,1,,,,,,,,,GP3,0.27971,0.03113,0.37187,0.41019,normalised
71.73556280136108,,,0.27164,0.03912,1,,,,,,,,,GP3,0.27164,0.03912,0.37187,0.41019,normalised
71.75254464149475,,,0.26529,0.04738,1,,,,,,,,,GP3,0.26529,0.04738,0.37187,0.41019,normalised
71.77013945579529,,,0.25868,0.05594,1,,,,,,,,,GP3,0.25868,0.05594,0.37187,0.41019,normalised
71.78401517868042,,,0.2341,0.08203,0,,,,,,,,,GP3,0.2341,0.08203,0.37187,0.41019,normalised
71.80178546905518,,,0.20926,0.11585,0,,,,,,,,,GP3,0.20926,0.11585,0.37187,0.41019,normalised
71.81651067733765,,,0.17392,0.12697,0,,,,,,,,,GP3,0.17392,0.12697,0.37187,0.41019,normalised
71.83159899711609,,,0.13367,0.14598,0,,,,,,,,,GP3,0.13367,0.14598,0.37187,0.41019,normalised
71.848459482193,,,0.12665,0.15259,0,,,,,,,,,GP3,0.12665,0.15259,0.37187,0.41019,normalised
71.86625838279724,,,0.13206,0.16319,0,,,,,,,,,GP3,0.13206,0.16319,0.37187,0.41019,normalised
71.88071846961975,,,0.1328,0.1752,1,,,,,,,,,GP3,0.1328,0.1752,0.37187,0.41019,normalised
71.8974289894104,,,0.13344,0.18219,1,,,,,,,,,GP3,0.13344,0.18219,0.37187,0.41019,normalised
71.91335558891296,,,0.13254,0.18537,1,,,,,,,,,GP3,0.13254,0.18537,0.37187,0.41019,normalised
71.93120312690735,,,0.13413,0.17979,1,,,,,,,,,GP3,0.13413,0.17979,0.37187,0.41019,normalised
71.9450933933258,,,0.13399,0.17175,1,,,,,,,,,GP3,0.13399,0.17175,0.37187,0.41019,normalised
71.9636743068695,,,0.1331,0.16565,1,,,,,,,,,GP3,0.1331,0.16565,0.37187,0.41019,normalised
71.97955465316772,,,0.13167,0.16217,1,,,,,,,,,GP3,0.13167,0.16217,0.37187,0.41019,normalised
71.99491739273071,,,0.13033,0.15865,1,,,,,,,,,GP3,0.13033,0.15865,0.37187,0.41019,normalised
72.01090955734253,,,0.13094,0.15495,1,,,,,,,,,GP3,0.13094,0.15495,0.37187,0.41019,normalised
72.02694153785706,,,0.12891,0.14968,1,,,,,,,,,GP3,0.12891,0.14968,0.37187,0.41019,normalised
72.04272437095642,,,0.12723,0.1455,1,,,,,,,,,GP3,0.12723,0.1455,0.37187,0.41019,normalised
72.05849838256836,,,0.12668,0.14411,1,,,,,,,,,GP3,0.12668,0.14411,0.37187,0.41019,normalised
72.07493114471436,,,0.12812,0.145,1,,,,,,,,,GP3,0.12812,0.145,0.37187,0.41019,normalised
72.09184169769287,,,0.12993,0.14748,1,,,,,,,,,GP3,0.12993,0.14748,0.37187,0.41019,normalised
72.10663270950317,,,0.13045,0.15071,1,,,,,,,,,GP3,0.13045,0.15071,0.37187,0.41019,normalised
72.12353372573853,,,0.1321,0.152,1,,,,,,,,,GP3,0.1321,0.152,0.37187,0.41019,normalised
72.14144825935364,,,0.13332,0.15222,1,,,,,,,,,GP3,0.13332,0.15222,0.37187,0.41019,normalised
72.15625858306885,,,0.13312,0.15183,1,,,,,,,,,GP3,0.13312,0.15183,0.37187,0.41019,normalised
72.17332458496094,,,0.13353,0.15004,1,,,,,,,,,GP3,0.13353,0.15004,0.37187,0.41019,normalised
72.18770217895508,,,0.13377,0.14809,1,,,,,,,,,GP3,0.13377,0.14809,0.37187,0.41019,normalised
72.20514798164368,,,0.13357,0.14685,1,,,,,,,,,GP3,0.13357,0.14685,0.37187,0.41019,normalised
72.22082090377808,,,0.13327,0.14574,1,,,,,,,,,GP3,0.13327,0.14574,0.37187,0.41019,normalised
72.2359082698822,,,0.13311,0.14499,1,,,,,,,,,GP3,0.13311,0.14499,0.37187,0.41019,normalised
72.25256729125977,,,0.13324,0.14362,1,,,,,,,,,GP3,0.13324,0.14362,0.37187,0.41019,normalised
72.26965498924255,,,0.13283,0.14252,1,,,,,,,,,GP3,0.13283,0.14252,0.37187,0.41019,normalised
72.28426480293274,,,0.13228,0.141,1,,,,,,,,,GP3,0.13228,0.141,0.37187,0.41019,normalised
72.3030834197998,,,0.13298,0.13898,1,,,,,,,,,GP3,0.13298,0.13898,0.37187,0.41019,normalised
72.31899428367615,,,0.13297,0.13785,1,,,,,,,,,GP3,0.13297,0.13785,0.37187,0.41019,normalised
72.33468914031982,,,0.13317,0.13755,1,,,,,,,,,GP3,0.13317,0.13755,0.37187,0.41019,normalised
72.35050964355469,,,0.134,0.11242,0,,,,,,,,,GP3,0.134,0.11242,0.37187,0.41019,normalised
72.36636471748352,,,0.14365,0.15999,0,,,,,,,,,GP3,0.14365,0.15999,0.37187,0.41019,normalised
72.3827211856842,,,0.14929,0.18256,0,,,,,,,,,GP3,0.14929,0.18256,0.37187,0.41019,normalised
72.3996171951294,,,0.16089,0.2106,0,,,,,,,,,GP3,0.16089,0.2106,0.37187,0.41019,normalised
72.41554999351501,,,0.16719,0.19522,0,,,,,,,,,GP3,0.16719,0.19522,0.37187,0.41019,normalised
72.43043398857117,,,0.16544,0.17722,0,,,,,,,,,GP3,0.16544,0.17722,0.37187,0.41019,normalised
72.44649291038513,,,0.1565,0.17145,1,,,,,,,,,GP3,0.1565,0.17145,0.37187,0.41019,normalised
72.46392893791199,,,0.15254,0.15519,1,,,,,,,,,GP3,0.15254,0.15519,0.37187,0.41019,normalised
72.47879838943481,,,0.14825,0.13638,1,,,,,,,,,GP3,0.14825,0.13638,0.37187,0.41019,normalised
72.49551057815552,,,0.14358,0.12679,1,,,,,,,,,GP3,0.14358,0.12679,0.37187,0.41019,normalised
72.51245141029358,,,0.14526,0.11545,1,,,,,,,,,GP3,0.14526,0.11545,0.37187,0.41019,normalised
72.52904462814331,,,0.14629,0.10507,1,,,,,,,,,GP3,0.14629,0.10507,0.37187,0.41019,normalised
72.54598116874695,,,0.14158,0.09548,1,,,,,,,,,GP3,0.14158,0.09548,0.37187,0.41019,normalised
72.56234169006348,,,0.13987,0.09252,1,,,,,,,,,GP3,0.13987,0.09252,0.37187,0.41019,normalised
72.57640171051025,,,0.13876,0.09149,1,,,,,,,,,GP3,0.13876,0.09149,0.37187,0.41019,normalised
72.59230589866638,,,0.13733,0.09032,1,,,,,,,,,GP3,0.13733,0.09032,0.37187,0.41019,normalised
72.60881400108337,,,0.13513,0.0896,1,,,,,,,,,GP3,0.13513,0.0896,0.37187,0.41019,normalised
72.62529063224792,,,0.13322,0.08898,1,,,,,,,,,GP3,0.13322,0.08898,0.37187,0.41019,normalised
72.64231133460999,,,0.12499,0.05804,0,,,,,,,,,GP3,0.12499,0.05804,0.37187,0.41019,normalised
72.65702152252197,,,0.1278,0.03548,0,,,,,,,,,GP3,0.1278,0.03548,0.37187,0.41019,normalised
72.67467451095581,,,0.12138,0.04136,0,,,,,,,,,GP3,0.12138,0.04136,0.37187,0.41019,normalised
72.69084286689758,,,0.12001,0.05023,1,,,,,,,,,GP3,0.12001,0.05023,0.37187,0.41019,normalised
72.70657968521118,,,0.11896,0.08034,1,,,,,,,,,GP3,0.11896,0.08034,0.37187,0.41019,normalised
72.72132706642151,,,0.11896,0.08034,1,,,,,,,,,GP3,0.11896,0.08034,0.37187,0.41019,normalised
72.73974108695984,,,0.11896,0.08034,1,,,,,,,,,GP3,0.11896,0.08034,0.37187,0.41019,normalised
72.7563419342041,,,0.11896,0.08034,1,,,,,,,,,GP3,0.11896,0.08034,0.37187,0.41019,normalised
72.77088260650635,,,0.11745,0.08592,0,,,,,,,,,GP3,0.11745,0.08592,0.37187,0.41019,normalised
72.78702712059021,,,0.11745,0.08592,0,,,,,,,,,GP3,0.11745,0.08592,0.37187,0.41019,normalised
72.80464887619019,,,0.11745,0.08592,0,,,,,,,,,GP3,0.11745,0.08592,0.37187,0.41019,normalised
72.8214499950409,,,0.0,0.0,0,,,,,,,,,GP3,0.0,0.0,0.37187,0.41019,normalised
72.8378438949585,,,0.0,0.0,0,,,,,,,,,GP3,0.0,0.0,0.37187,0.41019,normalised
72.85551023483276,,,0.0,0.0,0,,,,,,,,,GP3,0.0,0.0,0.37187,0.41019,normalised
72.86915230751038,,,0.0,0.0,0,,,,,,,,,GP3,0.0,0.0,0.37187,0.41019,normalised
72.88619208335876,,,0.0,0.0,0,,,,,,,,,GP3,0.0,0.0,0.37187,0.41019,normalised
72.90278911590576,,,0.0,0.0,0,,,,,,,,,GP3,0.0,0.0,0.37187,0.41019,normalised
72.91957998275757,,,0.0,0.0,0,,,,,,,,,GP3,0.0,0.0,0.37187,0.41019,normalised
72.93520617485046,,,0.0,0.0,0,,,,,,,,,GP3,0.0,0.0,0.37187,0.41019,normalised
72.95134019851685,,,0.0,0.0,0,,,,,,,,,GP3,0.0,0.0,0.37187,0.41019,normalised
72.9705057144165,,,0.11447,0.15393,0,,,,,,,,,GP3,0.11447,0.15393,0.37187,0.41019,normalised
72.98232412338257,,,0.11549,0.1277,0,,,,,,,,,GP3,0.11549,0.1277,0.37187,0.41019,normalised
72.9968900680542,,,0.12125,0.12765,0,,,,,,,,,GP3,0.12125,0.12765,0.37187,0.41019,normalised
73.01215672492981,,,0.12625,0.13422,1,,,,,,,,,GP3,0.12625,0.13422,0.37187,0.41019,normalised
73.02959084510803,,,0.13076,0.1447,1,,,,,,,,,GP3,0.13076,0.1447,0.37187,0.41019,normalised
73.04705142974854,,,0.13225,0.15466,1,,,,,,,,,GP3,0.13225,0.15466,0.37187,0.41019,normalised
73.06111407279968,,,0.13332,0.16177,1,,,,,,,,,GP3,0.13332,0.16177,0.37187,0.41019,normalised
73.07831263542175,,,0.13709,0.16482,1,,,,,,,,,GP3,0.13709,0.16482,0.37187,0.41019,normalised
73.0938925743103,,,0.13705,0.16449,1,,,,,,,,,GP3,0.13705,0.16449,0.37187,0.41019,normalised
73.11071348190308,,,0.13615,0.16157,1,,,,,,,,,GP3,0.13615,0.16157,0.37187,0.41019,normalised
73.12755680084229,,,0.13423,0.15893,1,,,,,,,,,GP3,0.13423,0.15893,0.37187,0.41019,normalised
73.14255452156067,,,0.13311,0.1552,1,,,,,,,,,GP3,0.13311,0.1552,0.37187,0.41019,normalised
73.16028451919556,,,0.13217,0.15203,1,,,,,,,,,GP3,0.13217,0.15203,0.37187,0.41019,normalised
73.17607569694519,,,0.13367,0.15004,1,,,,,,,,,GP3,0.13367,0.15004,0.37187,0.41019,normalised
73.19269180297852,,,0.13347,0.14981,1,,,,,,,,,GP3,0.13347,0.14981,0.37187,0.41019,normalised
73.20767903327942,,,0.1335,0.15008,1,,,,,,,,,GP3,0.1335,0.15008,0.37187,0.41019,normalised
73.22454810142517,,,0.13486,0.14931,1,,,,,,,,,GP3,0.13486,0.14931,0.37187,0.41019,normalised
73.24104619026184,,,0.13571,0.1468,1,,,,,,,,,GP3,0.13571,0.1468,0.37187,0.41019,normalised
73.25656723976135,,,0.13609,0.1434,1,,,,,,,,,GP3,0.13609,0.1434,0.37187,0.41019,normalised
73.27207541465759,,,0.13569,0.14174,1,,,,,,,,,GP3,0.13569,0.14174,0.37187,0.41019,normalised
73.28804206848145,,,0.13599,0.13889,1,,,,,,,,,GP3,0.13599,0.13889,0.37187,0.41019,normalised
73.30494999885559,,,0.13621,0.13596,1,,,,,,,,,GP3,0.13621,0.13596,0.37187,0.41019,normalised
73.32058095932007,,,0.13637,0.13246,1,,,,,,,,,GP3,0.13637,0.13246,0.37187,0.41019,normalised
73.33695387840271,,,0.13775,0.10323,0,,,,,,,,,GP3,0.13775,0.10323,0.37187,0.41019,normalised
73.35466623306274,,,0.12774,0.08493,0,,,,,,,,,GP3,0.12774,0.08493,0.37187,0.41019,normalised
73.36948800086975,,,0.12233,0.09835,0,,,,,,,,,GP3,0.12233,0.09835,0.37187,0.41019,normalised
73.38543391227722,,,0.12841,0.10411,1,,,,,,,,,GP3,0.12841,0.10411,0.37187,0.41019,normalised
73.40130138397217,,,0.13205,0.10757,1,,,,,,,,,GP3,0.13205,0.10757,0.37187,0.41019,normalised
73.41748547554016,,,0.13305,0.10841,1,,,,,,,,,GP3,0.13305,0.10841,0.37187,0.41019,normalised
73.43467903137207,,,0.13386,0.102,1,,,,,,,,,GP3,0.13386,0.102,0.37187,0.41019,normalised
73.45018720626831,,,0.13349,0.0939,1,,,,,,,,,GP3,0.13349,0.0939,0.37187,0.41019,normalised
73.46800398826599,,,0.13148,0.08645,1,,,,,,,,,GP3,0.13148,0.08645,0.37187,0.41019,normalised
73.48202109336853,,,0.1297,0.08197,1,,,,,,,,,GP3,0.1297,0.08197,0.37187,0.41019,normalised
73.500559091568,,,0.12881,0.08024,1,,,,,,,,,GP3,0.12881,0.08024,0.37187,0.41019,normalised
73.51398038864136,,,0.12788,0.08277,1,,,,,,,,,GP3,0.12788,0.08277,0.37187,0.41019,normalised
73.53003358840942,,,0.12843,0.08753,1,,,,,,,,,GP3,0.12843,0.08753,0.37187,0.41019,normalised
73.54630208015442,,,0.1291,0.09212,1,,,,,,,,,GP3,0.1291,0.09212,0.37187,0.41019,normalised
73.56293392181396,,,0.12965,0.09504,1,,,,,,,,,GP3,0.12965,0.09504,0.37187,0.41019,normalised
73.5801374912262,,,0.12885,0.09531,1,,,,,,,,,GP3,0.12885,0.09531,0.37187,0.41019,normalised
73.59684133529663,,,0.1281,0.09541,1,,,,,,,,,GP3,0.1281,0.09541,0.37187,0.41019,normalised
73.6119635105133,,,0.12835,0.09609,1,,,,,,,,,GP3,0.12835,0.09609,0.37187,0.41019,normalised
73.6282787322998,,,0.12861,0.09614,1,,,,,,,,,GP3,0.12861,0.09614,0.37187,0.41019,normalised
73.6443350315094,,,0.12908,0.09693,1,,,,,,,,,GP3,0.12908,0.09693,0.37187,0.41019,normalised
73.66029667854309,,,0.1303,0.09787,1,,,,,,,,,GP3,0.1303,0.09787,0.37187,0.41019,normalised
73.67720484733582,,,0.13123,0.09879,1,,,,,,,,,GP3,0.13123,0.09879,0.37187,0.41019,normalised
73.69246315956116,,,0.13208,0.09962,1,,,,,,,,,GP3,0.13208,0.09962,0.37187,0.41019,normalised
73.70909667015076,,,0.13308,0.10171,1,,,,,,,,,GP3,0.13308,0.10171,0.37187,0.41019,normalised
73.72534418106079,,,0.13347,0.10414,1,,,,,,,,,GP3,0.13347,0.10414,0.37187,0.41019,normalised
73.74020957946777,,,0.13382,0.10637,1,,,,,,,,,GP3,0.13382,0.10637,0.37187,0.41019,normalised
73.75771999359131,,,0.13453,0.10704,1,,,,,,,,,GP3,0.13453,0.10704,0.37187,0.41019,normalised
73.77370190620422,,,0.13485,0.1069,1,,,,,,,,,GP3,0.13485,0.1069,0.37187,0.41019,normalised
73.79126238822937,,,0.13503,0.10635,1,,,,,,,,,GP3,0.13503,0.10635,0.37187,0.41019,normalised
73.80739116668701,,,0.13503,0.10648,1,,,,,,,,,GP3,0.13503,0.10648,0.37187,0.41019,normalised
73.82415819168091,,,0.13502,0.10674,1,,,,,,,,,GP3,0.13502,0.10674,0.37187,0.41019,normalised
73.83796787261963,,,0.13521,0.10776,1,,,,,,,,,GP3,0.13521,0.10776,0.37187,0.41019,normalised
73.85302329063416,,,0.13563,0.10965,1,,,,,,,,,GP3,0.13563,0.10965,0.37187,0.41019,normalised
73.87072229385376,,,0.15159,0.13751,0,,,,,,,,,GP3,0.15159,0.13751,0.37187,0.41019,normalised
73.88761353492737,,,0.19385,0.1814,0,,,,,,,,,GP3,0.19385,0.1814,0.37187,0.41019,normalised
73.90234518051147,,,0.22153,0.20538,0,,,,,,,,,GP3,0.22153,0.20538,0.37187,0.41019,normalised
73.91890501976013,,,0.26248,0.24246,0,,,,,,,,,GP3,0.26248,0.24246,0.37187,0.41019,normalised
73.93678307533264,,,0.26597,0.2342,0,,,,,,,,,GP3,0.26597,0.2342,0.37187,0.41019,normalised
73.95119071006775,,,0.26747,0.22235,0,,,,,,,,,GP3,0.26747,0.22235,0.37187,0.41019,normalised
73.96692180633545,,,0.26679,0.22591,1,,,,,,,,,GP3,0.26679,0.22591,0.37187,0.41019,normalised
73.98415994644165,,,0.26561,0.2239,1,,,,,,,,,GP3,0.26561,0.2239,0.37187,0.41019,normalised
73.99991297721863,,,0.26346,0.21359,1,,,,,,,,,GP3,0.26346,0.21359,0.37187,0.41019,normalised
74.01791787147522,,,0.26516,0.20189,1,,,,,,,,,GP3,0.26516,0.20189,0.37187,0.41019,normalised
74.03190469741821,,,0.26576,0.1896,1,,,,,,,,,GP3,0.26576,0.1896,0.37187,0.41019,normalised
74.04793190956116,,,0.2625,0.17928,1,,,,,,,,,GP3,0.2625,0.17928,0.37187,0.41019,normalised
74.06704449653625,,,0.26316,0.17306,1,,,,,,,,,GP3,0.26316,0.17306,0.37187,0.41019,normalised
74.08094668388367,,,0.26426,0.17143,1,,,,,,,,,GP3,0.26426,0.17143,0.37187,0.41019,normalised
74.09638857841492,,,0.25965,0.17154,1,,,,,,,,,GP3,0.25965,0.17154,0.37187,0.41019,normalised
74.11506938934326,,,0.25455,0.17858,1,,,,,,,,,GP3,0.25455,0.17858,0.37187,0.41019,normalised
74.1289894580841,,,0.25125,0.18815,1,,,,,,,,,GP3,0.25125,0.18815,0.37187,0.41019,normalised
74.14673805236816,,,0.25049,0.19483,1,,,,,,,,,GP3,0.25049,0.19483,0.37187,0.41019,normalised
74.16520071029663,,,0.24988,0.20139,1,,,,,,,,,GP3,0.24988,0.20139,0.37187,0.41019,normalised
74.1776511669159,,,0.24921,0.20643,1,,,,,,,,,GP3,0.24921,0.20643,0.37187,0.41019,normalised
74.19573950767517,,,0.24909,0.21003,1,,,,,,,,,GP3,0.24909,0.21003,0.37187,0.41019,normalised
74.21195363998413,,,0.24809,0.21168,1,,,,,,,,,GP3,0.24809,0.21168,0.37187,0.41019,normalised
74.22740435600281,,,0.24677,0.21167,1,,,,,,,,,GP3,0.24677,0.21167,0.37187,0.41019,normalised
74.2443995475769,,,0.25202,0.20908,1,,,,,,,,,GP3,0.25202,0.20908,0.37187,0.41019,normalised
74.25880765914917,,,0.2535,0.2358,0,,,,,,,,,GP3,0.2535,0.2358,0.37187,0.41019,normalised
74.2752525806427,,,0.3167,0.19285,0,,,,,,,,,GP3,0.3167,0.19285,0.37187,0.41019,normalised
74.29236698150635,,,0.33803,0.16633,0,,,,,,,,,GP3,0.33803,0.16633,0.37187,0.41019,normalised
74.3086895942688,,,0.38049,0.1205,0,,,,,,,,,GP3,0.38049,0.1205,0.37187,0.41019,normalised
74.322833776474,,,0.37999,0.10212,0,,,,,,,,,GP3,0.37999,0.10212,0.37187,0.41019,normalised
74.3397068977356,,,0.40702,0.09337,0,,,,,,,,,GP3,0.40702,0.09337,0.37187,0.41019,normalised
74.35656952857971,,,0.4429,0.09979,1,,,,,,,,,GP3,0.4429,0.09979,0.37187,0.41019,normalised
74.37120079994202,,,0.46428,0.10667,1,,,,,,,,,GP3,0.46428,0.10667,0.37187,0.41019,normalised
74.38774466514587,,,0.47723,0.11509,1,,,,,,,,,GP3,0.47723,0.11509,0.37187,0.41019,normalised
74.4052574634552,,,0.48841,0.1207,1,,,,,,,,,GP3,0.48841,0.1207,0.37187,0.41019,normalised
74.419686794281,,,0.4968,0.1249,1,,,,,,,,,GP3,0.4968,0.1249,0.37187,0.41019,normalised
74.43650078773499,,,0.50511,0.1271,1,,,,,,,,,GP3,0.50511,0.1271,0.37187,0.41019,normalised
74.45241498947144,,,0.51378,0.12911,1,,,,,,,,,GP3,0.51378,0.12911,0.37187,0.41019,normalised
74.46825051307678,,,0.52104,0.12986,1,,,,,,,,,GP3,0.52104,0.12986,0.37187,0.41019,normalised
74.48674750328064,,,0.52603,0.12988,1,,,,,,,,,GP3,0.52603,0.12988,0.37187,0.41019,normalised
74.50103688240051,,,0.53301,0.12775,1,,,,,,,,,GP3,0.53301,0.12775,0.37187,0.41019,normalised
74.5179078578949,,,0.56537,0.12979,0,,,,,,,,,GP3,0.56537,0.12979,0.37187,0.41019,normalised
74.53623366355896,,,0.63559,0.15615,0,,,,,,,,,GP3,0.63559,0.15615,0.37187,0.41019,normalised
74.55014371871948,,,0.66046,0.17481,0,,,,,,,,,GP3,0.66046,0.17481,0.37187,0.41019,normalised
74.5660297870636,,,0.70671,0.21297,0,,,,,,,,,GP3,0.70671,0.21297,0.37187,0.41019,normalised
74.5828161239624,,,0.70306,0.23802,0,,,,,,,,,GP3,0.70306,0.23802,0.37187,0.41019,normalised
74.59755897521973,,,0.7023,0.25544,0,,,,,,,,,GP3,0.7023,0.25544,0.37187,0.41019,normalised
74.6134831905365,,,0.70311,0.25884,1,,,,,,,,,GP3,0.70311,0.25884,0.37187,0.41019,normalised
74.63096213340759,,,0.70662,0.24986,1,,,,,,,,,GP3,0.70662,0.24986,0.37187,0.41019,normalised
74.64601826667786,,,0.70898,0.24062,1,,,,,,,,,GP3,0.70898,0.24062,0.37187,0.41019,normalised
74.66399073600769,,,0.71145,0.22994,1,,,,,,,,,GP3,0.71145,0.22994,0.37187,0.41019,normalised
74.68121600151062,,,0.71342,0.22791,1,,,,,,,,,GP3,0.71342,0.22791,0.37187,0.41019,normalised
74.69526791572571,,,0.71031,0.21989,1,,,,,,,,,GP3,0.71031,0.21989,0.37187,0.41019,normalised
74.71196341514587,,,0.70781,0.21347,1,,,,,,,,,GP3,0.70781,0.21347,0.37187,0.41019,normalised
74.72851037979126,,,0.70483,0.20711,1,,,,,,,,,GP3,0.70483,0.20711,0.37187,0.41019,normalised
74.7447919845581,,,0.70041,0.20388,1,,,,,,,,,GP3,0.70041,0.20388,0.37187,0.41019,normalised
74.75920224189758,,,0.69639,0.20278,1,,,,,,,,,GP3,0.69639,0.20278,0.37187,0.41019,normalised
74.77734589576721,,,0.69412,0.2015,1,,,,,,,,,GP3,0.69412,0.2015,0.37187,0.41019,normalised
74.79285526275635,,,0.69213,0.20291,1,,,,,,,,,GP3,0.69213,0.20291,0.37187,0.41019,normalised
74.80967307090759,,,0.69037,0.20459,1,,,,,,,,,GP3,0.69037,0.20459,0.37187,0.41019,normalised
74.82529592514038,,,0.68958,0.20546,1,,,,,,,,,GP3,0.68958,0.20546,0.37187,0.41019,normalised
74.84125709533691,,,0.68796,0.20553,1,,,,,,,,,GP3,0.68796,0.20553,0.37187,0.41019,normalised
74.85694289207458,,,0.68653,0.20524,1,,,,,,,,,GP3,0.68653,0.20524,0.37187,0.41019,normalised
74.87430906295776,,,0.68493,0.20606,1,,,,,,,,,GP3,0.68493,0.20606,0.37187,0.41019,normalised
74.88881731033325,,,0.68327,0.20673,1,,,,,,,,,GP3,0.68327,0.20673,0.37187,0.41019,normalised
74.90478348731995,,,0.68158,0.20864,1,,,,,,,,,GP3,0.68158,0.20864,0.37187,0.41019,normalised
74.92363786697388,,,0.68085,0.21183,1,,,,,,,,,GP3,0.68085,0.21183,0.37187,0.41019,normalised
74.9382553100586,,,0.68018,0.21484,1,,,,,,,,,GP3,0.68018,0.21484,0.37187,0.41019,normalised
74.9561653137207,,,0.67955,0.21762,1,,,,,,,,,GP3,0.67955,0.21762,0.37187,0.41019,normalised
74.97371912002563,,,0.66156,0.23963,0,,,,,,,,,GP3,0.66156,0.23963,0.37187,0.41019,normalised
74.9882218837738,,,0.65222,0.26524,0,,,,,,,,,GP3,0.65222,0.26524,0.37187,0.41019,normalised
75.00600075721741,,,0.6491,0.27377,0,,,,,,,,,GP3,0.6491,0.27377,0.37187,0.41019,normalised
75.020028591156,,,0.65069,0.27407,1,,,,,,,,,GP3,0.65069,0.27407,0.37187,0.41019,normalised
75.03725838661194,,,0.64733,0.2696,1,,,,,,,,,GP3,0.64733,0.2696,0.37187,0.41019,normalised
75.05323672294617,,,0.6451,0.26662,1,,,,,,,,,GP3,0.6451,0.26662,0.37187,0.41019,normalised
75.07075142860413,,,0.64635,0.26586,1,,,,,,,,,GP3,0.64635,0.26586,0.37187,0.41019,normalised
75.08570337295532,,,0.64708,0.26341,1,,,,,,,,,GP3,0.64708,0.26341,0.37187,0.41019,normalised
75.10300540924072,,,0.64728,0.26352,1,,,,,,,,,GP3,0.64728,0.26352,0.37187,0.41019,normalised
75.11572766304016,,,0.64573,0.26635,1,,,,,,,,,GP3,0.64573,0.26635,0.37187,0.41019,normalised
75.13198709487915,,,0.64662,0.27049,1,,,,,,,,,GP3,0.64662,0.27049,0.37187,0.41019,normalised
75.1477119922638,,,0.64705,0.27591,1,,,,,,,,,GP3,0.64705,0.27591,0.37187,0.41019,normalised
75.16603541374207,,,0.64644,0.28146,1,,,,,,,,,GP3,0.64644,0.28146,0.37187,0.41019,normalised
75.18034625053406,,,0.64636,0.28386,1,,,,,,,,,GP3,0.64636,0.28386,0.37187,0.41019,normalised
75.19787788391113,,,0.6463,0.28595,1,,,,,,,,,GP3,0.6463,0.28595,0.37187,0.41019,normalised
75.21538949012756,,,0.64554,0.29146,1,,,,,,,,,GP3,0.64554,0.29146,0.37187,0.41019,normalised
75.22900080680847,,,0.64522,0.29559,1,,,,,,,,,GP3,0.64522,0.29559,0.37187,0.41019,normalised
75.24557948112488,,,0.64493,0.29927,1,,,,,,,,,GP3,0.64493,0.29927,0.37187,0.41019,normalised
75.26161336898804,,,0.64442,0.30358,1,,,,,,,,,GP3,0.64442,0.30358,0.37187,0.41019,normalised
75.27940368652344,,,0.64203,0.33643,0,,,,,,,,,GP3,0.64203,0.33643,0.37187,0.41019,normalised
75.29319095611572,,,0.63948,0.35644,0,,,,,,,,,GP3,0.63948,0.35644,0.37187,0.41019,normalised
75.31305742263794,,,0.6353,0.36427,0,,,,,,,,,GP3,0.6353,0.36427,0.37187,0.41019,normalised
75.32884955406189,,,0.63456,0.36717,1,,,,,,,,,GP3,0.63456,0.36717,0.37187,0.41019,normalised
75.34355020523071,,,0.63471,0.36549,1,,,,,,,,,GP3,0.63471,0.36549,0.37187,0.41019,normalised
75.36045956611633,,,0.63592,0.35797,1,,,,,,,,,GP3,0.63592,0.35797,0.37187,0.41019,normalised
75.37702131271362,,,0.63706,0.35035,1,,,,,,,,,GP3,0.63706,0.35035,0.37187,0.41019,normalised
75.39179110527039,,,0.63832,0.34177,1,,,,,,,,,GP3,0.63832,0.34177,0.37187,0.41019,normalised
75.4098961353302,,,0.63922,0.3355,1,,,,,,,,,GP3,0.63922,0.3355,0.37187,0.41019,normalised
75.42362403869629,,,0.64049,0.32682,1,,,,,,,,,GP3,0.64049,0.32682,0.37187,0.41019,normalised
75.43858551979065,,,0.64187,0.31773,1,,,,,,,,,GP3,0.64187,0.31773,0.37187,0.41019,normalised
75.45885825157166,,,0.64217,0.31065,1,,,,,,,,,GP3,0.64217,0.31065,0.37187,0.41019,normalised
75.47357439994812,,,0.64413,0.30163,1,,,,,,,,,GP3,0.64413,0.30163,0.37187,0.41019,normalised
75.4910831451416,,,0.64583,0.29341,1,,,,,,,,,GP3,0.64583,0.29341,0.37187,0.41019,normalised
75.5055148601532,,,0.64651,0.2876,1,,,,,,,,,GP3,0.64651,0.2876,0.37187,0.41019,normalised
75.52221274375916,,,0.65192,0.25912,0,,,,,,,,,GP3,0.65192,0.25912,0.37187,0.41019,normalised
75.53875398635864,,,0.65755,0.26502,0,,,,,,,,,GP3,0.65755,0.26502,0.37187,0.41019,normalised
75.55335998535156,,,0.65934,0.26369,0,,,,,,,,,GP3,0.65934,0.26369,0.37187,0.41019,normalised
75.56984424591064,,,0.66158,0.24419,1,,,,,,,,,GP3,0.66158,0.24419,0.37187,0.41019,normalised
75.58671689033508,,,0.66299,0.23113,1,,,,,,,,,GP3,0.66299,0.23113,0.37187,0.41019,normalised
75.60403227806091,,,0.66234,0.22762,1,,,,,,,,,GP3,0.66234,0.22762,0.37187,0.41019,normalised
75.61857628822327,,,0.66153,0.22726,1,,,,,,,,,GP3,0.66153,0.22726,0.37187,0.41019,normalised
75.63521075248718,,,0.66146,0.22446,1,,,,,,,,,GP3,0.66146,0.22446,0.37187,0.41019,normalised
75.65133094787598,,,0.66318,0.21758,1,,,,,,,,,GP3,0.66318,0.21758,0.37187,0.41019,normalised
75.6682288646698,,,0.66445,0.20593,1,,,,,,,,,GP3,0.66445,0.20593,0.37187,0.41019,normalised
75.68335580825806,,,0.66588,0.19305,1,,,,,,,,,GP3,0.66588,0.19305,0.37187,0.41019,normalised
75.70119380950928,,,0.66584,0.18282,1,,,,,,,,,GP3,0.66584,0.18282,0.37187,0.41019,normalised
75.71524810791016,,,0.66659,0.17658,1,,,,,,,,,GP3,0.66659,0.17658,0.37187,0.41019,normalised
75.73377585411072,,,0.66688,0.17379,1,,,,,,,,,GP3,0.66688,0.17379,0.37187,0.41019,normalised
75.74832129478455,,,0.66685,0.17318,1,,,,,,,,,GP3,0.66685,0.17318,0.37187,0.41019,normalised
75.76611685752869,,,0.66639,0.17375,1,,,,,,,,,GP3,0.66639,0.17375,0.37187,0.41019,normalised
75.78187394142151,,,0.66598,0.17425,1,,,,,,,,,GP3,0.66598,0.17425,0.37187,0.41019,normalised
75.79784417152405,,,0.66818,0.1494,0,,,,,,,,,GP3,0.66818,0.1494,0.37187,0.41019,normalised
75.81268978118896,,,0.67174,0.16171,0,,,,,,,,,GP3,0.67174,0.16171,0.37187,0.41019,normalised
75.82913279533386,,,0.67056,0.17862,0,,,,,,,,,GP3,0.67056,0.17862,0.37187,0.41019,normalised
75.84353852272034,,,0.66618,0.20006,1,,,,,,,,,GP3,0.66618,0.20006,0.37187,0.41019,normalised
75.8592278957367,,,0.66371,0.22384,1,,,,,,,,,GP3,0.66371,0.22384,0.37187,0.41019,normalised
75.87539768218994,,,0.66196,0.2417,1,,,,,,,,,GP3,0.66196,0.2417,0.37187,0.41019,normalised
75.89227223396301,,,0.66055,0.24578,1,,,,,,,,,GP3,0.66055,0.24578,0.37187,0.41019,normalised
75.90857768058777,,,0.66092,0.2448,1,,,,,,,,,GP3,0.66092,0.2448,0.37187,0.41019,normalised
75.92686557769775,,,0.66182,0.23996,1,,,,,,,,,GP3,0.66182,0.23996,0.37187,0.41019,normalised
75.94247364997864,,,0.6615,0.23571,1,,,,,,,,,GP3,0.6615,0.23571,0.37187,0.41019,normalised
75.95898509025574,,,0.66152,0.23232,1,,,,,,,,,GP3,0.66152,0.23232,0.37187,0.41019,normalised
75.9760684967041,,,0.66154,0.22949,1,,,,,,,,,GP3,0.66154,0.22949,0.37187,0.41019,normalised
75.99197387695312,,,0.66253,0.22706,1,,,,,,,,,GP3,0.66253,0.22706,0.37187,0.41019,normalised
76.00706911087036,,,0.66339,0.22451,1,,,,,,,,,GP3,0.66339,0.22451,0.37187,0.41019,normalised
76.02405595779419,,,0.66429,0.22136,1,,,,,,,,,GP3,0.66429,0.22136,0.37187,0.41019,normalised
76.03946805000305,,,0.6639,0.21876,1,,,,,,,,,GP3,0.6639,0.21876,0.37187,0.41019,normalised
76.05403566360474,,,0.66356,0.2163,1,,,,,,,,,GP3,0.66356,0.2163,0.37187,0.41019,normalised
76.0717031955719,,,0.66325,0.21412,1,,,,,,,,,GP3,0.66325,0.21412,0.37187,0.41019,normalised
76.0905168056488,,,0.66371,0.20993,1,,,,,,,,,GP3,0.66371,0.20993,0.37187,0.41019,normalised
76.10356616973877,,,0.66476,0.18022,0,,,,,,,,,GP3,0.66476,0.18022,0.37187,0.41019,normalised
76.11942791938782,,,0.6594,0.15627,0,,,,,,,,,GP3,0.6594,0.15627,0.37187,0.41019,normalised
76.13634061813354,,,0.658,0.16434,0,,,,,,,,,GP3,0.658,0.16434,0.37187,0.41019,normalised
76.15109252929688,,,0.658,0.16434,1,,,,,,,,,GP3,0.658,0.16434,0.37187,0.41019,normalised
76.16852879524231,,,0.658,0.16434,1,,,,,,,,,GP3,0.658,0.16434,0.37187,0.41019,normalised
76.18438625335693,,,0.658,0.16434,1,,,,,,,,,GP3,0.658,0.16434,0.37187,0.41019,normalised
76.20081782341003,,,0.65461,0.1564,0,,,,,,,,,GP3,0.65461,0.1564,0.37187,0.41019,normalised
76.21709680557251,,,0.65461,0.1564,0,,,,,,,,,GP3,0.65461,0.1564,0.37187,0.41019,normalised
76.23357439041138,,,0.65461,0.1564,0,,,,,,,,,GP3,0.65461,0.1564,0.37187,0.41019,normalised
76.24953293800354,,,0.0,0.0,0,,,,,,,,,GP3,0.0,0.0,0.37187,0.41019,normalised
76.26634073257446,,,0.0,0.0,0,,,,,,,,,GP3,0.0,0.0,0.37187,0.41019,normalised
76.28309345245361,,,0.0,0.0,0,,,,,,,,,GP3,0.0,0.0,0.37187,0.41019,normalised
76.29886293411255,,,0.0,0.0,0,,,,,,,,,GP3,0.0,0.0,0.37187,0.41019,normalised
76.31476068496704,,,0.0,0.0,0,,,,,,,,,GP3,0.0,0.0,0.37187,0.41019,normalised
76.33042788505554,,,0.0,0.0,0,,,,,,,,,GP3,0.0,0.0,0.37187,0.41019,normalised
76.34827828407288,,,0.0,0.0,0,,,,,,,,,GP3,0.0,0.0,0.37187,0.41019,normalised
76.36425566673279,,,0.0,0.0,0,,,,,,,,,GP3,0.0,0.0,0.37187,0.41019,normalised
76.3788411617279,,,0.0,0.0,0,,,,,,,,,GP3,0.0,0.0,0.37187,0.41019,normalised
76.39646506309509,,,0.0,0.0,0,,,,,,,,,GP3,0.0,0.0,0.37187,0.41019,normalised
76.4130973815918,,,0.3276,0.09023,0,,,,,,,,,GP3,0.3276,0.09023,0.37187,0.41019,normalised
76.426997423172,,,0.44217,0.12052,0,,,,,,,,,GP3,0.44217,0.12052,0.37187,0.41019,normalised
76.44275093078613,,,0.66755,0.17382,0,,,,,,,,,GP3,0.66755,0.17382,0.37187,0.41019,normalised
76.46060681343079,,,0.67185,0.16686,0,,,,,,,,,GP3,0.67185,0.16686,0.37187,0.41019,normalised
76.47352337837219,,,0.67089,0.1557,0,,,,,,,,,GP3,0.67089,0.1557,0.37187,0.41019,normalised
76.49099230766296,,,0.6681,0.15636,1,,,,,,,,,GP3,0.6681,0.15636,0.37187,0.41019,normalised
76.50924158096313,,,0.66573,0.16103,1,,,,,,,,,GP3,0.66573,0.16103,0.37187,0.41019,normalised
76.5224175453186,,,0.66732,0.16867,1,,,,,,,,,GP3,0.66732,0.16867,0.37187,0.41019,normalised
76.53959703445435,,,0.66742,0.1775,1,,,,,,,,,GP3,0.66742,0.1775,0.37187,0.41019,normalised
76.55938577651978,,,0.66747,0.18497,1,,,,,,,,,GP3,0.66747,0.18497,0.37187,0.41019,normalised
76.57110619544983,,,0.66655,0.19053,1,,,,,,,,,GP3,0.66655,0.19053,0.37187,0.41019,normalised
76.5885910987854,,,0.66665,0.19159,1,,,,,,,,,GP3,0.66665,0.19159,0.37187,0.41019,normalised
76.60549569129944,,,0.66711,0.18989,1,,,,,,,,,GP3,0.66711,0.18989,0.37187,0.41019,normalised
76.62130308151245,,,0.66682,0.1883,1,,,,,,,,,GP3,0.66682,0.1883,0.37187,0.41019,normalised
76.6381208896637,,,0.66597,0.18919,1,,,,,,,,,GP3,0.66597,0.18919,0.37187,0.41019,normalised
76.65148639678955,,,0.66523,0.18995,1,,,,,,,,,GP3,0.66523,0.18995,0.37187,0.41019,normalised
76.67030072212219,,,0.66513,0.19046,1,,,,,,,,,GP3,0.66513,0.19046,0.37187,0.41019,normalised
76.68666481971741,,,0.66455,0.18687,1,,,,,,,,,GP3,0.66455,0.18687,0.37187,0.41019,normalised
76.70270705223083,,,0.66405,0.18371,1,,,,,,,,,GP3,0.66405,0.18371,0.37187,0.41019,normalised
76.71792101860046,,,0.66348,0.18213,1,,,,,,,,,GP3,0.66348,0.18213,0.37187,0.41019,normalised
76.73456931114197,,,0.66283,0.18206,1,,,,,,,,,GP3,0.66283,0.18206,0.37187,0.41019,normalised
76.75110292434692,,,0.66223,0.182,1,,,,,,,,,GP3,0.66223,0.182,0.37187,0.41019,normalised
76.76686501502991,,,0.6616,0.18142,1,,,,,,,,,GP3,0.6616,0.18142,0.37187,0.41019,normalised
76.78395938873291,,,0.66115,0.18079,1,,,,,,,,,GP3,0.66115,0.18079,0.37187,0.41019,normalised
76.80053472518921,,,0.66073,0.18022,1,,,,,,,,,GP3,0.66073,0.18022,0.37187,0.41019,normalised
76.81634950637817,,,0.66135,0.18037,1,,,,,,,,,GP3,0.66135,0.18037,0.37187,0.41019,normalised
76.83177208900452,,,0.66095,0.18077,1,,,,,,,,,GP3,0.66095,0.18077,0.37187,0.41019,normalised
76.8488872051239,,,0.66059,0.18115,1,,,,,,,,,GP3,0.66059,0.18115,0.37187,0.41019,normalised
76.86371350288391,,,0.66037,0.18163,1,,,,,,,,,GP3,0.66037,0.18163,0.37187,0.41019,normalised
76.88145184516907,,,0.66015,0.18135,1,,,,,,,,,GP3,0.66015,0.18135,0.37187,0.41019,normalised
76.8961169719696,,,0.65982,0.1818,1,,,,,,,,,GP3,0.65982,0.1818,0.37187,0.41019,normalised
76.91279458999634,,,0.65907,0.18417,1,,,,,,,,,GP3,0.65907,0.18417,0.37187,0.41019,normalised
76.93040728569031,,,0.65861,0.1871,1,,,,,,,,,GP3,0.65861,0.1871,0.37187,0.41019,normalised
76.9453489780426,,,0.65806,0.19069,1,,,,,,,,,GP3,0.65806,0.19069,0.37187,0.41019,normalised
76.96208262443542,,,0.65731,0.19381,1,,,,,,,,,GP3,0.65731,0.19381,0.37187,0.41019,normalised
76.97984027862549,,,0.64822,0.22773,0,,,,,,,,,GP3,0.64822,0.22773,0.37187,0.41019,normalised
76.99438571929932,,,0.64036,0.2712,0,,,,,,,,,GP3,0.64036,0.2712,0.37187,0.41019,normalised
77.00879836082458,,,0.64454,0.26494,0,,,,,,,,,GP3,0.64454,0.26494,0.37187,0.41019,normalised
77.02641296386719,,,0.63251,0.2712,1,,,,,,,,,GP3,0.63251,0.2712,0.37187,0.41019,normalised
77.04159045219421,,,0.62586,0.2708,1,,,,,,,,,GP3,0.62586,0.2708,0.37187,0.41019,normalised
77.05629992485046,,,0.61913,0.2789,1,,,,,,,,,GP3,0.61913,0.2789,0.37187,0.41019,normalised
77.07518887519836,,,0.61032,0.28077,1,,,,,,,,,GP3,0.61032,0.28077,0.37187,0.41019,normalised
77.08888578414917,,,0.60389,0.27901,1,,,,,,,,,GP3,0.60389,0.27901,0.37187,0.41019,normalised
77.10501503944397,,,0.59906,0.28198,1,,,,,,,,,GP3,0.59906,0.28198,0.37187,0.41019,normalised
77.12250685691833,,,0.59413,0.2829,1,,,,,,,,,GP3,0.59413,0.2829,0.37187,0.41019,normalised
77.13920140266418,,,0.59,0.28422,1,,,,,,,,,GP3,0.59,0.28422,0.37187,0.41019,normalised
77.1532735824585,,,0.58786,0.28602,1,,,,,,,,,GP3,0.58786,0.28602,0.37187,0.41019,normalised
77.16898560523987,,,0.58502,0.28986,1,,,,,,,,,GP3,0.58502,0.28986,0.37187,0.41019,normalised
77.18568634986877,,,0.58261,0.29357,1,,,,,,,,,GP3,0.58261,0.29357,0.37187,0.41019,normalised
77.20234489440918,,,0.57883,0.29591,1,,,,,,,,,GP3,0.57883,0.29591,0.37187,0.41019,normalised
77.21886324882507,,,0.57476,0.29869,1,,,,,,,,,GP3,0.57476,0.29869,0.37187,0.41019,normalised
77.23514699935913,,,0.54831,0.31431,0,,,,,,,,,GP3,0.54831,0.31431,0.37187,0.41019,normalised
77.2508327960968,,,0.53149,0.34088,0,,,,,,,,,GP3,0.53149,0.34088,0.37187,0.41019,normalised
77.26709413528442,,,0.52122,0.35881,0,,,,,,,,,GP3,0.52122,0.35881,0.37187,0.41019,normalised
77.28391289710999,,,0.51605,0.37602,1,,,,,,,,,GP3,0.51605,0.37602,0.37187,0.41019,normalised
77.30056142807007,,,0.5209,0.37926,1,,,,,,,,,GP3,0.5209,0.37926,0.37187,0.41019,normalised
77.3157570362091,,,0.52204,0.38661,1,,,,,,,,,GP3,0.52204,0.38661,0.37187,0.41019,normalised
77.3316547870636,,,0.52285,0.39186,1,,,,,,,,,GP3,0.52285,0.39186,0.37187,0.41019,normalised
77.34869694709778,,,0.51912,0.39889,1,,,,,,,,,GP3,0.51912,0.39889,0.37187,0.41019,normalised
77.36358857154846,,,0.51819,0.39983,1,,,,,,,,,GP3,0.51819,0.39983,0.37187,0.41019,normalised
77.38052725791931,,,0.51747,0.39836,1,,,,,,,,,GP3,0.51747,0.39836,0.37187,0.41019,normalised
77.39730858802795,,,0.51672,0.39965,1,,,,,,,,,GP3,0.51672,0.39965,0.37187,0.41019,normalised
77.41259527206421,,,0.51728,0.39851,1,,,,,,,,,GP3,0.51728,0.39851,0.37187,0.41019,normalised
77.4285478591919,,,0.51779,0.39664,1,,,,,,,,,GP3,0.51779,0.39664,0.37187,0.41019,normalised
77.44587993621826,,,0.51824,0.39383,1,,,,,,,,,GP3,0.51824,0.39383,0.37187,0.41019,normalised
77.46270608901978,,,0.51893,0.39167,1,,,,,,,,,GP3,0.51893,0.39167,0.37187,0.41019,normalised
77.47652006149292,,,0.51956,0.39015,1,,,,,,,,,GP3,0.51956,0.39015,0.37187,0.41019,normalised
77.49306726455688,,,0.51844,0.39048,1,,,,,,,,,GP3,0.51844,0.39048,0.37187,0.41019,normalised
77.51037740707397,,,0.51804,0.3903,1,,,,,,,,,GP3,0.51804,0.3903,0.37187,0.41019,normalised
77.52621006965637,,,0.51769,0.38953,1,,,,,,,,,GP3,0.51769,0.38953,0.37187,0.41019,normalised
77.5413568019867,,,0.51726,0.38786,1,,,,,,,,,GP3,0.51726,0.38786,0.37187,0.41019,normalised
77.5583906173706,,,0.51582,0.3859,1,,,,,,,,,GP3,0.51582,0.3859,0.37187,0.41019,normalised
77.57386541366577,,,0.51451,0.38358,1,,,,,,,,,GP3,0.51451,0.38358,0.37187,0.41019,normalised
77.5907723903656,,,0.51422,0.38084,1,,,,,,,,,GP3,0.51422,0.38084,0.37187,0.41019,normalised
77.60847043991089,,,0.51353,0.37772,1,,,,,,,,,GP3,0.51353,0.37772,0.37187,0.41019,normalised
77.62242031097412,,,0.5129,0.37574,1,,,,,,,,,GP3,0.5129,0.37574,0.37187,0.41019,normalised
77.64040565490723,,,0.51283,0.37583,1,,,,,,,,,GP3,0.51283,0.37583,0.37187,0.41019,normalised
77.65630388259888,,,0.51257,0.37717,1,,,,,,,,,GP3,0.51257,0.37717,0.37187,0.41019,normalised
77.67095398902893,,,0.51233,0.37841,1,,,,,,,,,GP3,0.51233,0.37841,0.37187,0.41019,normalised
77.68977189064026,,,0.51199,0.38049,1,,,,,,,,,GP3,0.51199,0.38049,0.37187,0.41019,normalised
77.70424032211304,,,0.51138,0.38103,1,,,,,,,,,GP3,0.51138,0.38103,0.37187,0.41019,normalised
77.71982479095459,,,0.51081,0.38123,1,,,,,,,,,GP3,0.51081,0.38123,0.37187,0.41019,normalised
77.73601198196411,,,0.51016,0.38119,1,,,,,,,,,GP3,0.51016,0.38119,0.37187,0.41019,normalised
77.7538161277771,,,0.51,0.38115,1,,,,,,,,,GP3,0.51,0.38115,0.37187,0.41019,normalised
77.76865291595459,,,0.50985,0.3811,1,,,,,,,,,GP3,0.50985,0.3811,0.37187,0.41019,normalised
77.78444957733154,,,0.51009,0.38115,1,,,,,,,,,GP3,0.51009,0.38115,0.37187,0.41019,normalised
77.80185222625732,,,0.50986,0.3807,1,,,,,,,,,GP3,0.50986,0.3807,0.37187,0.41019,normalised
77.81682538986206,,,0.50963,0.38027,1,,,,,,,,,GP3,0.50963,0.38027,0.37187,0.41019,normalised
77.83413410186768,,,0.50889,0.38462,1,,,,,,,,,GP3,0.50889,0.38462,0.37187,0.41019,normalised
77.84897494316101,,,0.50889,0.38462,1,,,,,,,,,GP3,0.50889,0.38462,0.37187,0.41019,normalised
77.86569881439209,,,0.50889,0.38462,1,,,,,,,,,GP3,0.50889,0.38462,0.37187,0.41019,normalised
77.88246154785156,,,0.50889,0.38462,1,,,,,,,,,GP3,0.50889,0.38462,0.37187,0.41019,normalised
77.89854836463928,,,0.50035,0.40366,0,,,,,,,,,GP3,0.50035,0.40366,0.37187,0.41019,normalised
77.91388154029846,,,0.50035,0.40366,0,,,,,,,,,GP3,0.50035,0.40366,0.37187,0.41019,normalised
77.93171262741089,,,0.50035,0.40366,0,,,,,,,,,GP3,0.50035,0.40366,0.37187,0.41019,normalised
77.94800114631653,,,0.0,0.0,0,,,,,,,,,GP3,0.0,0.0,0.37187,0.41019,normalised
77.96276760101318,,,0.0,0.0,0,,,,,,,,,GP3,0.0,0.0,0.37187,0.41019,normalised
77.98070549964905,,,0.0,0.0,0,,,,,,,,,GP3,0.0,0.0,0.37187,0.41019,normalised
77.99866127967834,,,0.0,0.0,0,,,,,,,,,GP3,0.0,0.0,0.37187,0.41019,normalised
78.01419353485107,,,0.0,0.0,0,,,,,,,,,GP3,0.0,0.0,0.37187,0.41019,normalised
78.03023958206177,,,0.0,0.0,0,,,,,,,,,GP3,0.0,0.0,0.37187,0.41019,normalised
78.0448157787323,,,0.0,0.0,0,,,,,,,,,GP3,0.0,0.0,0.37187,0.41019,normalised
78.06188559532166,,,0.0,0.0,0,,,,,,,,,GP3,0.0,0.0,0.37187,0.41019,normalised
78.07805800437927,,,0.0,0.0,0,,,,,,,,,GP3,0.0,0.0,0.37187,0.41019,normalised
78.09486484527588,,,0.0,0.0,0,,,,,,,,,GP3,0.0,0.0,0.37187,0.41019,normalised
78.11042213439941,,,0.0,0.0,0,,,,,,,,,GP3,0.0,0.0,0.37187,0.41019,normalised
78.12713932991028,,,0.32114,0.18052,0,,,,,,,,,GP3,0.32114,0.18052,0.37187,0.41019,normalised
78.14048480987549,,,0.57267,0.38989,0,,,,,,,,,GP3,0.57267,0.38989,0.37187,0.41019,normalised
78.15656638145447,,,0.5379,0.3987,0,,,,,,,,,GP3,0.5379,0.3987,0.37187,0.41019,normalised
78.17332577705383,,,0.52222,0.39678,0,,,,,,,,,GP3,0.52222,0.39678,0.37187,0.41019,normalised
78.1911940574646,,,0.51427,0.3926,1,,,,,,,,,GP3,0.51427,0.3926,0.37187,0.41019,normalised
78.20520949363708,,,0.50938,0.39304,1,,,,,,,,,GP3,0.50938,0.39304,0.37187,0.41019,normalised
78.221834897995,,,0.50242,0.39812,1,,,,,,,,,GP3,0.50242,0.39812,0.37187,0.41019,normalised
78.23682022094727,,,0.49865,0.40952,1,,,,,,,,,GP3,0.49865,0.40952,0.37187,0.41019,normalised
78.25457739830017,,,0.49598,0.42126,1,,,,,,,,,GP3,0.49598,0.42126,0.37187,0.41019,normalised
78.26947927474976,,,0.49453,0.43084,1,,,,,,,,,GP3,0.49453,0.43084,0.37187,0.41019,normalised
78.28625965118408,,,0.49338,0.43693,1,,,,,,,,,GP3,0.49338,0.43693,0.37187,0.41019,normalised
78.30383539199829,,,0.49241,0.44093,1,,,,,,,,,GP3,0.49241,0.44093,0.37187,0.41019,normalised
78.31855392456055,,,0.49188,0.4422,1,,,,,,,,,GP3,0.49188,0.4422,0.37187,0.41019,normalised
78.33420944213867,,,0.49284,0.44245,1,,,,,,,,,GP3,0.49284,0.44245,0.37187,0.41019,normalised
78.3509590625763,,,0.49368,0.44119,1,,,,,,,,,GP3,0.49368,0.44119,0.37187,0.41019,normalised
78.36685752868652,,,0.49383,0.43962,1,,,,,,,,,GP3,0.49383,0.43962,0.37187,0.41019,normalised
78.38258099555969,,,0.49335,0.4358,1,,,,,,,,,GP3,0.49335,0.4358,0.37187,0.41019,normalised
78.39909052848816,,,0.49292,0.43189,1,,,,,,,,,GP3,0.49292,0.43189,0.37187,0.41019,normalised
78.41613984107971,,,0.49275,0.42915,1,,,,,,,,,GP3,0.49275,0.42915,0.37187,0.41019,normalised
78.43343305587769,,,0.49328,0.42576,1,,,,,,,,,GP3,0.49328,0.42576,0.37187,0.41019,normalised
78.44720435142517,,,0.49376,0.4227,1,,,,,,,,,GP3,0.49376,0.4227,0.37187,0.41019,normalised
78.46407890319824,,,0.49325,0.421,1,,,,,,,,,GP3,0.49325,0.421,0.37187,0.41019,normalised
78.47931838035583,,,0.49426,0.41932,1,,,,,,,,,GP3,0.49426,0.41932,0.37187,0.41019,normalised
78.49596500396729,,,0.49519,0.4173,1,,,,,,,,,GP3,0.49519,0.4173,0.37187,0.41019,normalised
78.51197838783264,,,0.49919,0.38582,0,,,,,,,,,GP3,0.49919,0.38582,0.37187,0.41019,normalised
78.52884769439697,,,0.49265,0.35592,0,,,,,,,,,GP3,0.49265,0.35592,0.37187,0.41019,normalised
78.54499316215515,,,0.49051,0.34988,0,,,,,,,,,GP3,0.49051,0.34988,0.37187,0.41019,normalised
78.56159114837646,,,0.48581,0.35393,1,,,,,,,,,GP3,0.48581,0.35393,0.37187,0.41019,normalised
78.57785558700562,,,0.4823,0.36364,1,,,,,,,,,GP3,0.4823,0.36364,0.37187,0.41019,normalised
78.59261131286621,,,0.47997,0.37012,1,,,,,,,,,GP3,0.47997,0.37012,0.37187,0.41019,normalised
78.60974740982056,,,0.48154,0.36871,1,,,,,,,,,GP3,0.48154,0.36871,0.37187,0.41019,normalised
78.6254608631134,,,0.48527,0.36905,1,,,,,,,,,GP3,0.48527,0.36905,0.37187,0.41019,normalised
78.64320659637451,,,0.48809,0.36995,1,,,,,,,,,GP3,0.48809,0.36995,0.37187,0.41019,normalised
78.65817880630493,,,0.4878,0.37156,1,,,,,,,,,GP3,0.4878,0.37156,0.37187,0.41019,normalised
78.6745855808258,,,0.48673,0.37408,1,,,,,,,,,GP3,0.48673,0.37408,0.37187,0.41019,normalised
78.6907274723053,,,0.48595,0.37762,1,,,,,,,,,GP3,0.48595,0.37762,0.37187,0.41019,normalised
78.70794034004211,,,0.48529,0.38117,1,,,,,,,,,GP3,0.48529,0.38117,0.37187,0.41019,normalised
78.72368097305298,,,0.48558,0.38373,1,,,,,,,,,GP3,0.48558,0.38373,0.37187,0.41019,normalised
78.74012303352356,,,0.48583,0.38521,1,,,,,,,,,GP3,0.48583,0.38521,0.37187,0.41019,normalised
78.7542507648468,,,0.48587,0.38527,1,,,,,,,,,GP3,0.48587,0.38527,0.37187,0.41019,normalised
78.77210903167725,,,0.48618,0.38643,1,,,,,,,,,GP3,0.48618,0.38643,0.37187,0.41019,normalised
78.78939867019653,,,0.48646,0.38683,1,,,,,,,,,GP3,0.48646,0.38683,0.37187,0.41019,normalised
78.80309581756592,,,0.48714,0.38577,1,,,,,,,,,GP3,0.48714,0.38577,0.37187,0.41019,normalised
78.81931591033936,,,0.48778,0.3859,1,,,,,,,,,GP3,0.48778,0.3859,0.37187,0.41019,normalised
78.83518624305725,,,0.48837,0.38549,1,,,,,,,,,GP3,0.48837,0.38549,0.37187,0.41019,normalised
78.85223269462585,,,0.48937,0.38459,1,,,,,,,,,GP3,0.48937,0.38459,0.37187,0.41019,normalised
78.86889219284058,,,0.49042,0.38291,1,,,,,,,,,GP3,0.49042,0.38291,0.37187,0.41019,normalised
78.88462018966675,,,0.49136,0.38185,1,,,,,,,,,GP3,0.49136,0.38185,0.37187,0.41019,normalised
78.8997871875763,,,0.49083,0.3808,1,,,,,,,,,GP3,0.49083,0.3808,0.37187,0.41019,normalised
78.91751742362976,,,0.49072,0.38129,1,,,,,,,,,GP3,0.49072,0.38129,0.37187,0.41019,normalised
78.93288683891296,,,0.49061,0.38217,1,,,,,,,,,GP3,0.49061,0.38217,0.37187,0.41019,normalised
78.94990158081055,,,0.49108,0.38206,1,,,,,,,,,GP3,0.49108,0.38206,0.37187,0.41019,normalised
78.9648768901825,,,0.49176,0.38223,1,,,,,,,,,GP3,0.49176,0.38223,0.37187,0.41019,normalised
78.98195290565491,,,0.4924,0.382,1,,,,,,,,,GP3,0.4924,0.382,0.37187,0.41019,normalised
78.9978358745575,,,0.49243,0.3823,1,,,,,,,,,GP3,0.49243,0.3823,0.37187,0.41019,normalised
79.01378965377808,,,0.49213,0.38262,1,,,,,,,,,GP3,0.49213,0.38262,0.37187,0.41019,normalised
79.03133296966553,,,0.49184,0.38319,1,,,,,,,,,GP3,0.49184,0.38319,0.37187,0.41019,normalised
79.04574275016785,,,0.49171,0.38402,1,,,,,,,,,GP3,0.49171,0.38402,0.37187,0.41019,normalised
79.0628445148468,,,0.49161,0.38517,1,,,,,,,,,GP3,0.49161,0.38517,0.37187,0.41019,normalised
79.08009767532349,,,0.49152,0.38656,1,,,,,,,,,GP3,0.49152,0.38656,0.37187,0.41019,normalised
79.09384799003601,,,0.4917,0.38869,1,,,,,,,,,GP3,0.4917,0.38869,0.37187,0.41019,normalised
79.11056876182556,,,0.49186,0.39043,1,,,,,,,,,GP3,0.49186,0.39043,0.37187,0.41019,normalised
79.12868595123291,,,0.49199,0.39201,1,,,,,,,,,GP3,0.49199,0.39201,0.37187,0.41019,normalised
79.14480876922607,,,0.49213,0.39231,1,,,,,,,,,GP3,0.49213,0.39231,0.37187,0.41019,normalised
79.15959000587463,,,0.49332,0.42367,0,,,,,,,,,GP3,0.49332,0.42367,0.37187,0.41019,normalised
79.17621350288391,,,0.49456,0.45542,0,,,,,,,,,GP3,0.49456,0.45542,0.37187,0.41019,normalised
79.1908643245697,,,0.49219,0.45456,0,,,,,,,,,GP3,0.49219,0.45456,0.37187,0.41019,normalised
79.20827317237854,,,0.49239,0.45553,1,,,,,,,,,GP3,0.49239,0.45553,0.37187,0.41019,normalised
79.22596979141235,,,0.49249,0.45387,1,,,,,,,,,GP3,0.49249,0.45387,0.37187,0.41019,normalised
79.24100065231323,,,0.49564,0.45161,1,,,,,,,,,GP3,0.49564,0.45161,0.37187,0.41019,normalised
79.25702810287476,,,0.49368,0.45216,1,,,,,,,,,GP3,0.49368,0.45216,0.37187,0.41019,normalised
79.27441763877869,,,0.49228,0.45188,1,,,,,,,,,GP3,0.49228,0.45188,0.37187,0.41019,normalised
79.28827118873596,,,0.49024,0.44663,1,,,,,,,,,GP3,0.49024,0.44663,0.37187,0.41019,normalised
79.30529689788818,,,0.48832,0.44101,1,,,,,,,,,GP3,0.48832,0.44101,0.37187,0.41019,normalised
79.32111477851868,,,0.48676,0.43643,1,,,,,,,,,GP3,0.48676,0.43643,0.37187,0.41019,normalised
79.33789873123169,,,0.48814,0.43228,1,,,,,,,,,GP3,0.48814,0.43228,0.37187,0.41019,normalised
79.35546088218689,,,0.4891,0.43166,1,,,,,,,,,GP3,0.4891,0.43166,0.37187,0.41019,normalised
79.37282729148865,,,0.48992,0.43113,1,,,,,,,,,GP3,0.48992,0.43113,0.37187,0.41019,normalised
79.38660597801208,,,0.48911,0.43137,1,,,,,,,,,GP3,0.48911,0.43137,0.37187,0.41019,normalised
79.4034366607666,,,0.48879,0.42999,1,,,,,,,,,GP3,0.48879,0.42999,0.37187,0.41019,normalised
79.41750621795654,,,0.48847,0.42912,1,,,,,,,,,GP3,0.48847,0.42912,0.37187,0.41019,normalised
79.43471264839172,,,0.4902,0.42669,1,,,,,,,,,GP3,0.4902,0.42669,0.37187,0.41019,normalised
79.4505786895752,,,0.49178,0.42607,1,,,,,,,,,GP3,0.49178,0.42607,0.37187,0.41019,normalised
79.46644759178162,,,0.49325,0.42521,1,,,,,,,,,GP3,0.49325,0.42521,0.37187,0.41019,normalised
79.4821286201477,,,0.49454,0.42256,1,,,,,,,,,GP3,0.49454,0.42256,0.37187,0.41019,normalised
79.50106859207153,,,0.49553,0.41947,1,,,,,,,,,GP3,0.49553,0.41947,0.37187,0.41019,normalised
79.51587581634521,,,0.49644,0.41562,1,,,,,,,,,GP3,0.49644,0.41562,0.37187,0.41019,normalised
79.53170418739319,,,0.49723,0.41099,1,,,,,,,,,GP3,0.49723,0.41099,0.37187,0.41019,normalised
79.5487494468689,,,0.50717,0.38411,0,,,,,,,,,GP3,0.50717,0.38411,0.37187,0.41019,normalised
79.5643298625946,,,0.50905,0.37071,0,,,,,,,,,GP3,0.50905,0.37071,0.37187,0.41019,normalised
79.57983112335205,,,0.50288,0.3729,0,,,,,,,,,GP3,0.50288,0.3729,0.37187,0.41019,normalised
79.59558057785034,,,0.50087,0.37611,1,,,,,,,,,GP3,0.50087,0.37611,0.37187,0.41019,normalised
79.61212515830994,,,0.49967,0.38205,1,,,,,,,,,GP3,0.49967,0.38205,0.37187,0.41019,normalised
79.6279296875,,,0.49577,0.37863,1,,,,,,,,,GP3,0.49577,0.37863,0.37187,0.41019,normalised
79.64490222930908,,,0.49613,0.38542,1,,,,,,,,,GP3,0.49613,0.38542,0.37187,0.41019,normalised
79.66264033317566,,,0.4964,0.39051,1,,,,,,,,,GP3,0.4964,0.39051,0.37187,0.41019,normalised
79.6765308380127,,,0.49803,0.39129,1,,,,,,,,,GP3,0.49803,0.39129,0.37187,0.41019,normalised
79.69314694404602,,,0.49752,0.38866,1,,,,,,,,,GP3,0.49752,0.38866,0.37187,0.41019,normalised
79.70938754081726,,,0.49704,0.38616,1,,,,,,,,,GP3,0.49704,0.38616,0.37187,0.41019,normalised
79.72560238838196,,,0.49641,0.38548,1,,,,,,,,,GP3,0.49641,0.38548,0.37187,0.41019,normalised
79.74334836006165,,,0.49672,0.38848,1,,,,,,,,,GP3,0.49672,0.38848,0.37187,0.41019,normalised
79.75856137275696,,,0.49698,0.39267,1,,,,,,,,,GP3,0.49698,0.39267,0.37187,0.41019,normalised
79.7744255065918,,,0.49643,0.39577,1,,,,,,,,,GP3,0.49643,0.39577,0.37187,0.41019,normalised
79.78929924964905,,,0.49717,0.39604,1,,,,,,,,,GP3,0.49717,0.39604,0.37187,0.41019,normalised
79.807856798172,,,0.49787,0.39521,1,,,,,,,,,GP3,0.49787,0.39521,0.37187,0.41019,normalised
79.82244038581848,,,0.49794,0.3975,1,,,,,,,,,GP3,0.49794,0.3975,0.37187,0.41019,normalised
79.83920907974243,,,0.49735,0.3987,1,,,,,,,,,GP3,0.49735,0.3987,0.37187,0.41019,normalised
79.85456490516663,,,0.49679,0.39997,1,,,,,,,,,GP3,0.49679,0.39997,0.37187,0.41019,normalised
79.87257075309753,,,0.49497,0.40154,1,,,,,,,,,GP3,0.49497,0.40154,0.37187,0.41019,normalised
79.88718938827515,,,0.49337,0.40554,1,,,,,,,,,GP3,0.49337,0.40554,0.37187,0.41019,normalised
79.90375566482544,,,0.49194,0.41013,1,,,,,,,,,GP3,0.49194,0.41013,0.37187,0.41019,normalised
79.9219172000885,,,0.48395,0.44623,0,,,,,,,,,GP3,0.48395,0.44623,0.37187,0.41019,normalised
79.93845796585083,,,0.4686,0.50941,0,,,,,,,,,GP3,0.4686,0.50941,0.37187,0.41019,normalised
79.9521815776825,,,0.46328,0.52275,0,,,,,,,,,GP3,0.46328,0.52275,0.37187,0.41019,normalised
79.96890902519226,,,0.40205,0.5361,0,,,,,,,,,GP3,0.40205,0.5361,0.37187,0.41019,normalised
79.98512768745422,,,0.34949,0.57374,0,,,,,,,,,GP3,0.34949,0.57374,0.37187,0.41019,normalised
79.99979567527771,,,0.33055,0.58211,0,,,,,,,,,GP3,0.33055,0.58211,0.37187,0.41019,normalised
80.0155098438263,,,0.27471,0.623,0,,,,,,,,,GP3,0.27471,0.623,0.37187,0.41019,normalised
80.03450560569763,,,0.25709,0.63168,0,,,,,,,,,GP3,0.25709,0.63168,0.37187,0.41019,normalised
80.04891419410706,,,0.25229,0.63713,0,,,,,,,,,GP3,0.25229,0.63713,0.37187,0.41019,normalised
80.06519365310669,,,0.25901,0.65327,1,,,,,,,,,GP3,0.25901,0.65327,0.37187,0.41019,normalised
80.08227157592773,,,0.25478,0.66328,1,,,,,,,,,GP3,0.25478,0.66328,0.37187,0.41019,normalised
80.0968108177185,,,0.25278,0.67155,1,,,,,,,,,GP3,0.25278,0.67155,0.37187,0.41019,normalised
80.11437916755676,,,0.25116,0.6703,1,,,,,,,,,GP3,0.25116,0.6703,0.37187,0.41019,normalised
80.12887930870056,,,0.25032,0.67127,1,,,,,,,,,GP3,0.25032,0.67127,0.37187,0.41019,normalised
80.14638113975525,,,0.24942,0.67162,1,,,,,,,,,GP3,0.24942,0.67162,0.37187,0.41019,normalised
80.16239714622498,,,0.24894,0.67439,1,,,,,,,,,GP3,0.24894,0.67439,0.37187,0.41019,normalised
80.17902278900146,,,0.24505,0.67272,1,,,,,,,,,GP3,0.24505,0.67272,0.37187,0.41019,normalised
80.1941614151001,,,0.24175,0.67111,1,,,,,,,,,GP3,0.24175,0.67111,0.37187,0.41019,normalised
80.21175694465637,,,0.24172,0.6738,1,,,,,,,,,GP3,0.24172,0.6738,0.37187,0.41019,normalised
80.22748231887817,,,0.24091,0.67439,1,,,,,,,,,GP3,0.24091,0.67439,0.37187,0.41019,normalised
80.24341702461243,,,0.23987,0.67411,1,,,,,,,,,GP3,0.23987,0.67411,0.37187,0.41019,normalised
80.25854110717773,,,0.23443,0.67541,1,,,,,,,,,GP3,0.23443,0.67541,0.37187,0.41019,normalised
80.27624702453613,,,0.23128,0.67576,1,,,,,,,,,GP3,0.23128,0.67576,0.37187,0.41019,normalised
80.29084062576294,,,0.22811,0.67547,1,,,,,,,,,GP3,0.22811,0.67547,0.37187,0.41019,normalised
80.3068642616272,,,0.22322,0.67557,1,,,,,,,,,GP3,0.22322,0.67557,0.37187,0.41019,normalised
80.32360529899597,,,0.21911,0.67613,1,,,,,,,,,GP3,0.21911,0.67613,0.37187,0.41019,normalised
80.34165382385254,,,0.19044,0.68137,0,,,,,,,,,GP3,0.19044,0.68137,0.37187,0.41019,normalised
80.35638380050659,,,0.18548,0.70539,0,,,,,,,,,GP3,0.18548,0.70539,0.37187,0.41019,normalised
80.37210583686829,,,0.18117,0.71836,0,,,,,,,,,GP3,0.18117,0.71836,0.37187,0.41019,normalised
80.3889000415802,,,0.18068,0.72723,1,,,,,,,,,GP3,0.18068,0.72723,0.37187,0.41019,normalised
80.40360498428345,,,0.17194,0.73789,1,,,,,,,,,GP3,0.17194,0.73789,0.37187,0.41019,normalised
80.4214243888855,,,0.16227,0.74337,1,,,,,,,,,GP3,0.16227,0.74337,0.37187,0.41019,normalised
80.43613910675049,,,0.15597,0.74803,1,,,,,,,,,GP3,0.15597,0.74803,0.37187,0.41019,normalised
80.45392298698425,,,0.15587,0.7522,1,,,,,,,,,GP3,0.15587,0.7522,0.37187,0.41019,normalised
80.46962714195251,,,0.15859,0.74867,1,,,,,,,,,GP3,0.15859,0.74867,0.37187,0.41019,normalised
80.48701000213623,,,0.16033,0.74514,1,,,,,,,,,GP3,0.16033,0.74514,0.37187,0.41019,normalised
80.50349068641663,,,0.15799,0.74109,1,,,,,,,,,GP3,0.15799,0.74109,0.37187,0.41019,normalised
80.51864504814148,,,0.15282,0.73917,1,,,,,,,,,GP3,0.15282,0.73917,0.37187,0.41019,normalised
80.53438639640808,,,0.14789,0.73689,1,,,,,,,,,GP3,0.14789,0.73689,0.37187,0.41019,normalised
80.55247259140015,,,0.14788,0.73956,1,,,,,,,,,GP3,0.14788,0.73956,0.37187,0.41019,normalised
80.56701278686523,,,0.14608,0.74045,1,,,,,,,,,GP3,0.14608,0.74045,0.37187,0.41019,normalised
80.58385491371155,,,0.1451,0.74201,1,,,,,,,,,GP3,0.1451,0.74201,0.37187,0.41019,normalised
80.59900617599487,,,0.1456,0.74203,1,,,,,,,,,GP3,0.1456,0.74203,0.37187,0.41019,normalised
80.61458158493042,,,0.14672,0.74406,1,,,,,,,,,GP3,0.14672,0.74406,0.37187,0.41019,normalised
80.63201236724854,,,0.14772,0.74588,1,,,,,,,,,GP3,0.14772,0.74588,0.37187,0.41019,normalised
80.64773845672607,,,0.14806,0.74636,1,,,,,,,,,GP3,0.14806,0.74636,0.37187,0.41019,normalised
80.66386675834656,,,0.14916,0.74615,1,,,,,,,,,GP3,0.14916,0.74615,0.37187,0.41019,normalised
80.68161082267761,,,0.14997,0.74565,1,,,,,,,,,GP3,0.14997,0.74565,0.37187,0.41019,normalised
80.6964602470398,,,0.14898,0.74502,1,,,,,,,,,GP3,0.14898,0.74502,0.37187,0.41019,normalised
80.71301627159119,,,0.14884,0.74355,1,,,,,,,,,GP3,0.14884,0.74355,0.37187,0.41019,normalised
80.72930145263672,,,0.14871,0.74219,1,,,,,,,,,GP3,0.14871,0.74219,0.37187,0.41019,normalised
80.7453978061676,,,0.14872,0.74283,1,,,,,,,,,GP3,0.14872,0.74283,0.37187,0.41019,normalised
80.75990104675293,,,0.14814,0.74257,1,,,,,,,,,GP3,0.14814,0.74257,0.37187,0.41019,normalised
80.77668404579163,,,0.14761,0.74233,1,,,,,,,,,GP3,0.14761,0.74233,0.37187,0.41019,normalised
80.79253673553467,,,0.14712,0.74228,1,,,,,,,,,GP3,0.14712,0.74228,0.37187,0.41019,normalised
80.8091926574707,,,0.14692,0.74228,1,,,,,,,,,GP3,0.14692,0.74228,0.37187,0.41019,normalised
80.82519912719727,,,0.14674,0.74227,1,,,,,,,,,GP3,0.14674,0.74227,0.37187,0.41019,normalised
80.84228825569153,,,0.14667,0.74224,1,,,,,,,,,GP3,0.14667,0.74224,0.37187,0.41019,normalised
80.85767459869385,,,0.14642,0.74313,1,,,,,,,,,GP3,0.14642,0.74313,0.37187,0.41019,normalised
80.87417578697205,,,0.14618,0.74397,1,,,,,,,,,GP3,0.14618,0.74397,0.37187,0.41019,normalised
80.89010882377625,,,0.14646,0.7444,1,,,,,,,,,GP3,0.14646,0.7444,0.37187,0.41019,normalised
80.90793919563293,,,0.146,0.7443,1,,,,,,,,,GP3,0.146,0.7443,0.37187,0.41019,normalised
80.92283225059509,,,0.14566,0.74428,1,,,,,,,,,GP3,0.14566,0.74428,0.37187,0.41019,normalised
80.93856573104858,,,0.14593,0.74378,1,,,,,,,,,GP3,0.14593,0.74378,0.37187,0.41019,normalised
80.95474219322205,,,0.14674,0.74327,1,,,,,,,,,GP3,0.14674,0.74327,0.37187,0.41019,normalised
80.97275686264038,,,0.14745,0.74273,1,,,,,,,,,GP3,0.14745,0.74273,0.37187,0.41019,normalised
80.98733496665955,,,0.14674,0.74271,1,,,,,,,,,GP3,0.14674,0.74271,0.37187,0.41019,normalised
81.00500583648682,,,0.14623,0.74288,1,,,,,,,,,GP3,0.14623,0.74288,0.37187,0.41019,normalised
81.01924204826355,,,0.14582,0.7431,1,,,,,,,,,GP3,0.14582,0.7431,0.37187,0.41019,normalised
81.03485918045044,,,0.14534,0.74331,1,,,,,,,,,GP3,0.14534,0.74331,0.37187,0.41019,normalised
81.0537269115448,,,0.14464,0.74337,1,,,,,,,,,GP3,0.14464,0.74337,0.37187,0.41019,normalised
81.06728863716125,,,0.14382,0.7432,1,,,,,,,,,GP3,0.14382,0.7432,0.37187,0.41019,normalised
81.08396887779236,,,0.14316,0.74226,1,,,,,,,,,GP3,0.14316,0.74226,0.37187,0.41019,normalised
81.10039138793945,,,0.14205,0.74082,1,,,,,,,,,GP3,0.14205,0.74082,0.37187,0.41019,normalised
81.11805438995361,,,0.13987,0.74056,1,,,,,,,,,GP3,0.13987,0.74056,0.37187,0.41019,normalised
81.13281583786011,,,0.1384,0.74014,1,,,,,,,,,GP3,0.1384,0.74014,0.37187,0.41019,normalised
81.14967250823975,,,0.11848,0.7235,0,,,,,,,,,GP3,0.11848,0.7235,0.37187,0.41019,normalised
81.16409611701965,,,0.12956,0.73513,0,,,,,,,,,GP3,0.12956,0.73513,0.37187,0.41019,normalised
81.1808123588562,,,0.13349,0.73342,0,,,,,,,,,GP3,0.13349,0.73342,0.37187,0.41019,normalised
81.19845938682556,,,0.13007,0.73553,1,,,,,,,,,GP3,0.13007,0.73553,0.37187,0.41019,normalised
81.21530866622925,,,0.12834,0.73749,1,,,,,,,,,GP3,0.12834,0.73749,0.37187,0.41019,normalised
81.22871279716492,,,0.13012,0.74524,1,,,,,,,,,GP3,0.13012,0.74524,0.37187,0.41019,normalised
81.24632167816162,,,0.13118,0.75033,1,,,,,,,,,GP3,0.13118,0.75033,0.37187,0.41019,normalised
81.2612795829773,,,0.13235,0.75449,1,,,,,,,,,GP3,0.13235,0.75449,0.37187,0.41019,normalised
81.27712392807007,,,0.13199,0.75688,1,,,,,,,,,GP3,0.13199,0.75688,0.37187,0.41019,normalised
81.29485249519348,,,0.13364,0.76046,1,,,,,,,,,GP3,0.13364,0.76046,0.37187,0.41019,normalised
81.31020045280457,,,0.13457,0.76284,1,,,,,,,,,GP3,0.13457,0.76284,0.37187,0.41019,normalised
81.32920622825623,,,0.13696,0.76257,1,,,,,,,,,GP3,0.13696,0.76257,0.37187,0.41019,normalised
81.34378266334534,,,0.13869,0.76224,1,,,,,,,,,GP3,0.13869,0.76224,0.37187,0.41019,normalised
81.36045694351196,,,0.13997,0.76174,1,,,,,,,,,GP3,0.13997,0.76174,0.37187,0.41019,normalised
81.37519359588623,,,0.14071,0.76212,1,,,,,,,,,GP3,0.14071,0.76212,0.37187,0.41019,normalised
81.391845703125,,,0.14178,0.75906,1,,,,,,,,,GP3,0.14178,0.75906,0.37187,0.41019,normalised
81.4084312915802,,,0.14264,0.75613,1,,,,,,,,,GP3,0.14264,0.75613,0.37187,0.41019,normalised
81.42455291748047,,,0.14259,0.75622,1,,,,,,,,,GP3,0.14259,0.75622,0.37187,0.41019,normalised
81.44044947624207,,,0.14263,0.75418,1,,,,,,,,,GP3,0.14263,0.75418,0.37187,0.41019,normalised
81.45660090446472,,,0.14294,0.75279,1,,,,,,,,,GP3,0.14294,0.75279,0.37187,0.41019,normalised
81.47354984283447,,,0.14248,0.75364,1,,,,,,,,,GP3,0.14248,0.75364,0.37187,0.41019,normalised
81.49008560180664,,,0.1427,0.75438,1,,,,,,,,,GP3,0.1427,0.75438,0.37187,0.41019,normalised
81.50403881072998,,,0.14323,0.75546,1,,,,,,,,,GP3,0.14323,0.75546,0.37187,0.41019,normalised
81.5211911201477,,,0.14463,0.7574,1,,,,,,,,,GP3,0.14463,0.7574,0.37187,0.41019,normalised
81.53711748123169,,,0.14536,0.75784,1,,,,,,,,,GP3,0.14536,0.75784,0.37187,0.41019,normalised
81.55321955680847,,,0.14556,0.75756,1,,,,,,,,,GP3,0.14556,0.75756,0.37187,0.41019,normalised
81.57029438018799,,,0.14561,0.75759,1,,,,,,,,,GP3,0.14561,0.75759,0.37187,0.41019,normalised
81.58528780937195,,,0.1445,0.75801,1,,,,,,,,,GP3,0.1445,0.75801,0.37187,0.41019,normalised
81.60197234153748,,,0.14347,0.75841,1,,,,,,,,,GP3,0.14347,0.75841,0.37187,0.41019,normalised
81.61821389198303,,,0.14302,0.75898,1,,,,,,,,,GP3,0.14302,0.75898,0.37187,0.41019,normalised
81.63386559486389,,,0.14272,0.75901,1,,,,,,,,,GP3,0.14272,0.75901,0.37187,0.41019,normalised
81.64938282966614,,,0.14243,0.75904,1,,,,,,,,,GP3,0.14243,0.75904,0.37187,0.41019,normalised
81.66644430160522,,,0.14107,0.75916,1,,,,,,,,,GP3,0.14107,0.75916,0.37187,0.41019,normalised
81.6831386089325,,,0.14019,0.75985,1,,,,,,,,,GP3,0.14019,0.75985,0.37187,0.41019,normalised
81.69860553741455,,,0.13953,0.76073,1,,,,,,,,,GP3,0.13953,0.76073,0.37187,0.41019,normalised
81.71424293518066,,,0.13845,0.76113,1,,,,,,,,,GP3,0.13845,0.76113,0.37187,0.41019,normalised
81.73107671737671,,,0.13798,0.76238,1,,,,,,,,,GP3,0.13798,0.76238,0.37187,0.41019,normalised
81.7492253780365,,,0.13781,0.76388,1,,,,,,,,,GP3,0.13781,0.76388,0.37187,0.41019,normalised
81.7637107372284,,,0.1389,0.76575,1,,,,,,,,,GP3,0.1389,0.76575,0.37187,0.41019,normalised
81.77962303161621,,,0.12877,0.79035,0,,,,,,,,,GP3,0.12877,0.79035,0.37187,0.41019,normalised
81.79646110534668,,,0.14958,0.81504,0,,,,,,,,,GP3,0.14958,0.81504,0.37187,0.41019,normalised
81.81342768669128,,,0.15305,0.80216,0,,,,,,,,,GP3,0.15305,0.80216,0.37187,0.41019,normalised
81.82779788970947,,,0.15588,0.7963,1,,,,,,,,,GP3,0.15588,0.7963,0.37187,0.41019,normalised
81.8444893360138,,,0.15758,0.79279,1,,,,,,,,,GP3,0.15758,0.79279,0.37187,0.41019,normalised
81.8612539768219,,,0.15441,0.78977,1,,,,,,,,,GP3,0.15441,0.78977,0.37187,0.41019,normalised
81.87605094909668,,,0.15142,0.78596,1,,,,,,,,,GP3,0.15142,0.78596,0.37187,0.41019,normalised
81.89299249649048,,,0.14896,0.78264,1,,,,,,,,,GP3,0.14896,0.78264,0.37187,0.41019,normalised
81.90842580795288,,,0.1505,0.78294,1,,,,,,,,,GP3,0.1505,0.78294,0.37187,0.41019,normalised
81.92422294616699,,,0.15009,0.78139,1,,,,,,,,,GP3,0.15009,0.78139,0.37187,0.41019,normalised
81.94238114356995,,,0.14949,0.77988,1,,,,,,,,,GP3,0.14949,0.77988,0.37187,0.41019,normalised
81.95840549468994,,,0.14676,0.77882,1,,,,,,,,,GP3,0.14676,0.77882,0.37187,0.41019,normalised
81.97436690330505,,,0.14564,0.77856,1,,,,,,,,,GP3,0.14564,0.77856,0.37187,0.41019,normalised
81.99004077911377,,,0.14502,0.77859,1,,,,,,,,,GP3,0.14502,0.77859,0.37187,0.41019,normalised
82.00792646408081,,,0.14468,0.77857,1,,,,,,,,,GP3,0.14468,0.77857,0.37187,0.41019,normalised
82.02352929115295,,,0.14314,0.77843,1,,,,,,,,,GP3,0.14314,0.77843,0.37187,0.41019,normalised
82.03923726081848,,,0.14151,0.77804,1,,,,,,,,,GP3,0.14151,0.77804,0.37187,0.41019,normalised
82.05671906471252,,,0.1404,0.77684,1,,,,,,,,,GP3,0.1404,0.77684,0.37187,0.41019,normalised
82.07200622558594,,,0.13992,0.77676,1,,,,,,,,,GP3,0.13992,0.77676,0.37187,0.41019,normalised
82.08923053741455,,,0.13988,0.77724,1,,,,,,,,,GP3,0.13988,0.77724,0.37187,0.41019,normalised
82.10223865509033,,,0.13951,0.77749,1,,,,,,,,,GP3,0.13951,0.77749,0.37187,0.41019,normalised
82.12017393112183,,,0.14013,0.77868,1,,,,,,,,,GP3,0.14013,0.77868,0.37187,0.41019,normalised
82.13653588294983,,,0.14075,0.77972,1,,,,,,,,,GP3,0.14075,0.77972,0.37187,0.41019,normalised
82.1514687538147,,,0.14097,0.77937,1,,,,,,,,,GP3,0.14097,0.77937,0.37187,0.41019,normalised
82.1703233718872,,,0.14099,0.77914,1,,,,,,,,,GP3,0.14099,0.77914,0.37187,0.41019,normalised
82.1849274635315,,,0.14076,0.77869,1,,,,,,,,,GP3,0.14076,0.77869,0.37187,0.41019,normalised
82.20043635368347,,,0.14035,0.77996,1,,,,,,,,,GP3,0.14035,0.77996,0.37187,0.41019,normalised
82.21693205833435,,,0.14072,0.78093,1,,,,,,,,,GP3,0.14072,0.78093,0.37187,0.41019,normalised
82.23443245887756,,,0.14114,0.78193,1,,,,,,,,,GP3,0.14114,0.78193,0.37187,0.41019,normalised
82.25048613548279,,,0.14191,0.78262,1,,,,,,,,,GP3,0.14191,0.78262,0.37187,0.41019,normalised
82.26623153686523,,,0.14229,0.7835,1,,,,,,,,,GP3,0.14229,0.7835,0.37187,0.41019,normalised
82.28293585777283,,,0.14233,0.7839,1,,,,,,,,,GP3,0.14233,0.7839,0.37187,0.41019,normalised
82.29687023162842,,,0.14403,0.78139,1,,,,,,,,,GP3,0.14403,0.78139,0.37187,0.41019,normalised
82.31289052963257,,,0.14559,0.77933,1,,,,,,,,,GP3,0.14559,0.77933,0.37187,0.41019,normalised
82.32980012893677,,,0.14696,0.7772,1,,,,,,,,,GP3,0.14696,0.7772,0.37187,0.41019,normalised
82.3452045917511,,,0.14812,0.77553,1,,,,,,,,,GP3,0.14812,0.77553,0.37187,0.41019,normalised
82.36131858825684,,,0.14843,0.77381,1,,,,,,,,,GP3,0.14843,0.77381,0.37187,0.41019,normalised
82.3770341873169,,,0.14883,0.77235,1,,,,,,,,,GP3,0.14883,0.77235,0.37187,0.41019,normalised
82.39382219314575,,,0.17218,0.75025,0,,,,,,,,,GP3,0.17218,0.75025,0.37187,0.41019,normalised
82.41161799430847,,,0.18027,0.71617,0,,,,,,,,,GP3,0.18027,0.71617,0.37187,0.41019,normalised
82.42574048042297,,,0.18428,0.70723,0,,,,,,,,,GP3,0.18428,0.70723,0.37187,0.41019,normalised
82.44196581840515,,,0.18654,0.70542,1,,,,,,,,,GP3,0.18654,0.70542,0.37187,0.41019,normalised
82.4590711593628,,,0.19009,0.71048,1,,,,,,,,,GP3,0.19009,0.71048,0.37187,0.41019,normalised
82.47489476203918,,,0.19203,0.7133,1,,,,,,,,,GP3,0.19203,0.7133,0.37187,0.41019,normalised
82.49065208435059,,,0.19353,0.71627,1,,,,,,,,,GP3,0.19353,0.71627,0.37187,0.41019,normalised
82.50730586051941,,,0.19619,0.71496,1,,,,,,,,,GP3,0.19619,0.71496,0.37187,0.41019,normalised
82.5256826877594,,,0.19866,0.71471,1,,,,,,,,,GP3,0.19866,0.71471,0.37187,0.41019,normalised
82.54033493995667,,,0.19861,0.71711,1,,,,,,,,,GP3,0.19861,0.71711,0.37187,0.41019,normalised
82.55719828605652,,,0.19917,0.72042,1,,,,,,,,,GP3,0.19917,0.72042,0.37187,0.41019,normalised
82.57281160354614,,,0.19999,0.72357,1,,,,,,,,,GP3,0.19999,0.72357,0.37187,0.41019,normalised
82.58895754814148,,,0.20056,0.72376,1,,,,,,,,,GP3,0.20056,0.72376,0.37187,0.41019,normalised
82.60547518730164,,,0.20005,0.72333,1,,,,,,,,,GP3,0.20005,0.72333,0.37187,0.41019,normalised
82.62202000617981,,,0.19896,0.722,1,,,,,,,,,GP3,0.19896,0.722,0.37187,0.41019,normalised
82.63881421089172,,,0.20002,0.72288,1,,,,,,,,,GP3,0.20002,0.72288,0.37187,0.41019,normalised
82.65344190597534,,,0.19971,0.72168,1,,,,,,,,,GP3,0.19971,0.72168,0.37187,0.41019,normalised
82.66867399215698,,,0.19952,0.72077,1,,,,,,,,,GP3,0.19952,0.72077,0.37187,0.41019,normalised
82.68626284599304,,,0.19883,0.721,1,,,,,,,,,GP3,0.19883,0.721,0.37187,0.41019,normalised
82.70474767684937,,,0.19832,0.72054,1,,,,,,,,,GP3,0.19832,0.72054,0.37187,0.41019,normalised
82.71756148338318,,,0.19786,0.72013,1,,,,,,,,,GP3,0.19786,0.72013,0.37187,0.41019,normalised
82.73578667640686,,,0.19763,0.72068,1,,,,,,,,,GP3,0.19763,0.72068,0.37187,0.41019,normalised
82.7493724822998,,,0.19868,0.72115,1,,,,,,,,,GP3,0.19868,0.72115,0.37187,0.41019,normalised
82.76657199859619,,,0.1998,0.72186,1,,,,,,,,,GP3,0.1998,0.72186,0.37187,0.41019,normalised
82.78348398208618,,,0.20008,0.72271,1,,,,,,,,,GP3,0.20008,0.72271,0.37187,0.41019,normalised
82.79835438728333,,,0.20052,0.7239,1,,,,,,,,,GP3,0.20052,0.7239,0.37187,0.41019,normalised
82.81521797180176,,,0.20108,0.72519,1,,,,,,,,,GP3,0.20108,0.72519,0.37187,0.41019,normalised
82.83091378211975,,,0.20036,0.72589,1,,,,,,,,,GP3,0.20036,0.72589,0.37187,0.41019,normalised
82.84658789634705,,,0.20017,0.72707,1,,,,,,,,,GP3,0.20017,0.72707,0.37187,0.41019,normalised
82.86242651939392,,,0.19982,0.72795,1,,,,,,,,,GP3,0.19982,0.72795,0.37187,0.41019,normalised
82.87887239456177,,,0.19909,0.7281,1,,,,,,,,,GP3,0.19909,0.7281,0.37187,0.41019,normalised
82.8956606388092,,,0.199,0.72934,1,,,,,,,,,GP3,0.199,0.72934,0.37187,0.41019,normalised
82.91169691085815,,,0.19908,0.73078,1,,,,,,,,,GP3,0.19908,0.73078,0.37187,0.41019,normalised
82.92715692520142,,,0.20269,0.73154,1,,,,,,,,,GP3,0.20269,0.73154,0.37187,0.41019,normalised
82.94398379325867,,,0.22976,0.75885,0,,,,,,,,,GP3,0.22976,0.75885,0.37187,0.41019,normalised
82.96060943603516,,,0.33284,0.78632,0,,,,,,,,,GP3,0.33284,0.78632,0.37187,0.41019,normalised
82.97832679748535,,,0.36311,0.79765,0,,,,,,,,,GP3,0.36311,0.79765,0.37187,0.41019,normalised
82.99330878257751,,,0.42933,0.83601,0,,,,,,,,,GP3,0.42933,0.83601,0.37187,0.41019,normalised
83.00996708869934,,,0.42954,0.84891,0,,,,,,,,,GP3,0.42954,0.84891,0.37187,0.41019,normalised
83.02416348457336,,,0.43145,0.84116,0,,,,,,,,,GP3,0.43145,0.84116,0.37187,0.41019,normalised
83.0420913696289,,,0.43145,0.84116,1,,,,,,,,,GP3,0.43145,0.84116,0.37187,0.41019,normalised
83.06166076660156,,,0.39964,0.79696,1,,,,,,,,,GP3,0.39964,0.79696,0.37187,0.41019,normalised
83.07432341575623,,,0.47922,0.78245,1,,,,,,,,,GP3,0.47922,0.78245,0.37187,0.41019,normalised
83.08993673324585,,,0.53168,0.76827,1,,,,,,,,,GP3,0.53168,0.76827,0.37187,0.41019,normalised
83.10585880279541,,,0.54364,0.76628,1,,,,,,,,,GP3,0.54364,0.76628,0.37187,0.41019,normalised
83.12371778488159,,,0.55285,0.76758,1,,,,,,,,,GP3,0.55285,0.76758,0.37187,0.41019,normalised
83.13836145401001,,,0.56874,0.76331,1,,,,,,,,,GP3,0.56874,0.76331,0.37187,0.41019,normalised
83.15597891807556,,,0.58125,0.76045,1,,,,,,,,,GP3,0.58125,0.76045,0.37187,0.41019,normalised
83.16976165771484,,,0.61115,0.7589,1,,,,,,,,,GP3,0.61115,0.7589,0.37187,0.41019,normalised
83.18675017356873,,,0.63247,0.7618,1,,,,,,,,,GP3,0.63247,0.7618,0.37187,0.41019,normalised
83.20325994491577,,,0.65052,0.76425,1,,,,,,,,,GP3,0.65052,0.76425,0.37187,0.41019,normalised
83.21888470649719,,,0.70719,0.75138,0,,,,,,,,,GP3,0.70719,0.75138,0.37187,0.41019,normalised
83.23556232452393,,,0.8017,0.74863,0,,,,,,,,,GP3,0.8017,0.74863,0.37187,0.41019,normalised
83.2516074180603,,,0.83333,0.74722,0,,,,,,,,,GP3,0.83333,0.74722,0.37187,0.41019,normalised
83.26954197883606,,,0.91255,0.75152,0,,,,,,,,,GP3,0.91255,0.75152,0.37187,0.41019,normalised
83.28571629524231,,,0.92144,0.74906,0,,,,,,,,,GP3,0.92144,0.74906,0.37187,0.41019,normalised
83.2991840839386,,,0.92216,0.75117,0,,,,,,,,,GP3,0.92216,0.75117,0.37187,0.41019,normalised
83.31553196907043,,,0.91817,0.74924,1,,,,,,,,,GP3,0.91817,0.74924,0.37187,0.41019,normalised
83.33369493484497,,,0.91498,0.75279,1,,,,,,,,,GP3,0.91498,0.75279,0.37187,0.41019,normalised
83.34861278533936,,,0.91374,0.75399,1,,,,,,,,,GP3,0.91374,0.75399,0.37187,0.41019,normalised
83.36434292793274,,,0.91448,0.75405,1,,,,,,,,,GP3,0.91448,0.75405,0.37187,0.41019,normalised
83.3802661895752,,,0.91495,0.7589,1,,,,,,,,,GP3,0.91495,0.7589,0.37187,0.41019,normalised
83.39795017242432,,,0.9159,0.76197,1,,,,,,,,,GP3,0.9159,0.76197,0.37187,0.41019,normalised
83.41459083557129,,,0.91664,0.76385,1,,,,,,,,,GP3,0.91664,0.76385,0.37187,0.41019,normalised
83.42895078659058,,,0.91653,0.76394,1,,,,,,,,,GP3,0.91653,0.76394,0.37187,0.41019,normalised
83.44551753997803,,,0.91643,0.76402,1,,,,,,,,,GP3,0.91643,0.76402,0.37187,0.41019,normalised
83.46143364906311,,,0.91714,0.76225,1,,,,,,,,,GP3,0.91714,0.76225,0.37187,0.41019,normalised
83.47820329666138,,,0.91749,0.76105,1,,,,,,,,,GP3,0.91749,0.76105,0.37187,0.41019,normalised
83.49375319480896,,,0.91758,0.76024,1,,,,,,,,,GP3,0.91758,0.76024,0.37187,0.41019,normalised
83.51019978523254,,,0.91812,0.7587,1,,,,,,,,,GP3,0.91812,0.7587,0.37187,0.41019,normalised
83.52702021598816,,,0.91922,0.76058,1,,,,,,,,,GP3,0.91922,0.76058,0.37187,0.41019,normalised
83.54372692108154,,,0.91975,0.7628,1,,,,,,,,,GP3,0.91975,0.7628,0.37187,0.41019,normalised
83.55845737457275,,,0.91975,0.76476,1,,,,,,,,,GP3,0.91975,0.76476,0.37187,0.41019,normalised
83.57457304000854,,,0.91846,0.76494,1,,,,,,,,,GP3,0.91846,0.76494,0.37187,0.41019,normalised
83.59158825874329,,,0.91753,0.76476,1,,,,,,,,,GP3,0.91753,0.76476,0.37187,0.41019,normalised
83.60742926597595,,,0.91871,0.76372,1,,,,,,,,,GP3,0.91871,0.76372,0.37187,0.41019,normalised
83.62539339065552,,,0.91948,0.76221,1,,,,,,,,,GP3,0.91948,0.76221,0.37187,0.41019,normalised
83.63993549346924,,,0.92029,0.76068,1,,,,,,,,,GP3,0.92029,0.76068,0.37187,0.41019,normalised
83.65747094154358,,,0.91943,0.75984,1,,,,,,,,,GP3,0.91943,0.75984,0.37187,0.41019,normalised
83.67350006103516,,,0.91886,0.75977,1,,,,,,,,,GP3,0.91886,0.75977,0.37187,0.41019,normalised
83.69012498855591,,,0.91825,0.75985,1,,,,,,,,,GP3,0.91825,0.75985,0.37187,0.41019,normalised
83.70361304283142,,,0.9186,0.76004,1,,,,,,,,,GP3,0.9186,0.76004,0.37187,0.41019,normalised
83.72022199630737,,,0.91825,0.76029,1,,,,,,,,,GP3,0.91825,0.76029,0.37187,0.41019,normalised
83.7361330986023,,,0.91792,0.76053,1,,,,,,,,,GP3,0.91792,0.76053,0.37187,0.41019,normalised
83.75486755371094,,,0.91798,0.76058,1,,,,,,,,,GP3,0.91798,0.76058,0.37187,0.41019,normalised
83.76893663406372,,,0.91724,0.7614,1,,,,,,,,,GP3,0.91724,0.7614,0.37187,0.41019,normalised
83.78590703010559,,,0.91675,0.76191,1,,,,,,,,,GP3,0.91675,0.76191,0.37187,0.41019,normalised
83.80182790756226,,,0.91748,0.76124,1,,,,,,,,,GP3,0.91748,0.76124,0.37187,0.41019,normalised
83.81903648376465,,,0.91795,0.76105,1,,,,,,,,,GP3,0.91795,0.76105,0.37187,0.41019,normalised
83.83299493789673,,,0.91855,0.76069,1,,,,,,,,,GP3,0.91855,0.76069,0.37187,0.41019,normalised
83.85208320617676,,,0.92022,0.75968,1,,,,,,,,,GP3,0.92022,0.75968,0.37187,0.41019,normalised
83.86572432518005,,,0.92088,0.75876,1,,,,,,,,,GP3,0.92088,0.75876,0.37187,0.41019,normalised
83.88186025619507,,,0.92126,0.75821,1,,,,,,,,,GP3,0.92126,0.75821,0.37187,0.41019,normalised
83.89886045455933,,,0.92146,0.75776,1,,,,,,,,,GP3,0.92146,0.75776,0.37187,0.41019,normalised
83.91433620452881,,,0.92159,0.75788,1,,,,,,,,,GP3,0.92159,0.75788,0.37187,0.41019,normalised
83.93135499954224,,,0.92152,0.75824,1,,,,,,,,,GP3,0.92152,0.75824,0.37187,0.41019,normalised
83.94638299942017,,,0.92078,0.75901,1,,,,,,,,,GP3,0.92078,0.75901,0.37187,0.41019,normalised
83.96419548988342,,,0.91993,0.75952,1,,,,,,,,,GP3,0.91993,0.75952,0.37187,0.41019,normalised
83.97956681251526,,,0.91931,0.75976,1,,,,,,,,,GP3,0.91931,0.75976,0.37187,0.41019,normalised
83.99572229385376,,,0.91907,0.75911,1,,,,,,,,,GP3,0.91907,0.75911,0.37187,0.41019,normalised
84.01115798950195,,,0.9195,0.75854,1,,,,,,,,,GP3,0.9195,0.75854,0.37187,0.41019,normalised
84.0277590751648,,,0.91996,0.75791,1,,,,,,,,,GP3,0.91996,0.75791,0.37187,0.41019,normalised
84.04549026489258,,,0.92078,0.75838,1,,,,,,,,,GP3,0.92078,0.75838,0.37187,0.41019,normalised
84.06019067764282,,,0.92082,0.75873,1,,,,,,,,,GP3,0.92082,0.75873,0.37187,0.41019,normalised
84.07663297653198,,,0.92069,0.75928,1,,,,,,,,,GP3,0.92069,0.75928,0.37187,0.41019,normalised
84.09433579444885,,,0.92051,0.75971,1,,,,,,,,,GP3,0.92051,0.75971,0.37187,0.41019,normalised
84.10911512374878,,,0.9203,0.76059,1,,,,,,,,,GP3,0.9203,0.76059,0.37187,0.41019,normalised
84.1261293888092,,,0.91994,0.76168,1,,,,,,,,,GP3,0.91994,0.76168,0.37187,0.41019,normalised
84.14148664474487,,,0.9199,0.76209,1,,,,,,,,,GP3,0.9199,0.76209,0.37187,0.41019,normalised
84.15837907791138,,,0.91977,0.76136,1,,,,,,,,,GP3,0.91977,0.76136,0.37187,0.41019,normalised
84.17353963851929,,,0.91965,0.7606,1,,,,,,,,,GP3,0.91965,0.7606,0.37187,0.41019,normalised
84.19042301177979,,,0.91873,0.75987,1,,,,,,,,,GP3,0.91873,0.75987,0.37187,0.41019,normalised
84.20592617988586,,,0.91803,0.75995,1,,,,,,,,,GP3,0.91803,0.75995,0.37187,0.41019,normalised
84.22241687774658,,,0.91733,0.76003,1,,,,,,,,,GP3,0.91733,0.76003,0.37187,0.41019,normalised
84.24014568328857,,,0.91749,0.76041,1,,,,,,,,,GP3,0.91749,0.76041,0.37187,0.41019,normalised
84.25462937355042,,,0.91762,0.76093,1,,,,,,,,,GP3,0.91762,0.76093,0.37187,0.41019,normalised
84.27047038078308,,,0.91793,0.76123,1,,,,,,,,,GP3,0.91793,0.76123,0.37187,0.41019,normalised
84.28815865516663,,,0.9175,0.76182,1,,,,,,,,,GP3,0.9175,0.76182,0.37187,0.41019,normalised
84.30306339263916,,,0.91671,0.76143,1,,,,,,,,,GP3,0.91671,0.76143,0.37187,0.41019,normalised
84.3205680847168,,,0.91619,0.7607,1,,,,,,,,,GP3,0.91619,0.7607,0.37187,0.41019,normalised
84.33579516410828,,,0.91682,0.75971,1,,,,,,,,,GP3,0.91682,0.75971,0.37187,0.41019,normalised
84.35144281387329,,,0.91775,0.7588,1,,,,,,,,,GP3,0.91775,0.7588,0.37187,0.41019,normalised
84.36703586578369,,,0.91857,0.75804,1,,,,,,,,,GP3,0.91857,0.75804,0.37187,0.41019,normalised
84.38475680351257,,,0.91838,0.75843,1,,,,,,,,,GP3,0.91838,0.75843,0.37187,0.41019,normalised
84.4012405872345,,,0.9187,0.75884,1,,,,,,,,,GP3,0.9187,0.75884,0.37187,0.41019,normalised
84.41581106185913,,,0.91897,0.75933,1,,,,,,,,,GP3,0.91897,0.75933,0.37187,0.41019,normalised
84.43128108978271,,,0.91963,0.76003,1,,,,,,,,,GP3,0.91963,0.76003,0.37187,0.41019,normalised
84.44863033294678,,,0.91999,0.76017,1,,,,,,,,,GP3,0.91999,0.76017,0.37187,0.41019,normalised
84.46398878097534,,,0.92022,0.76046,1,,,,,,,,,GP3,0.92022,0.76046,0.37187,0.41019,normalised
84.48090291023254,,,0.91965,0.76079,1,,,,,,,,,GP3,0.91965,0.76079,0.37187,0.41019,normalised
84.49694156646729,,,0.91888,0.76132,1,,,,,,,,,GP3,0.91888,0.76132,0.37187,0.41019,normalised
84.51431012153625,,,0.91807,0.76191,1,,,,,,,,,GP3,0.91807,0.76191,0.37187,0.41019,normalised
84.52932572364807,,,0.91752,0.76209,1,,,,,,,,,GP3,0.91752,0.76209,0.37187,0.41019,normalised
84.5446343421936,,,0.91775,0.76182,1,,,,,,,,,GP3,0.91775,0.76182,0.37187,0.41019,normalised
84.56110453605652,,,0.91806,0.76144,1,,,,,,,,,GP3,0.91806,0.76144,0.37187,0.41019,normalised
84.57772564888,,,0.91806,0.76145,1,,,,,,,,,GP3,0.91806,0.76145,0.37187,0.41019,normalised
84.59367513656616,,,0.91757,0.76141,1,,,,,,,,,GP3,0.91757,0.76141,0.37187,0.41019,normalised
84.60937595367432,,,0.91698,0.76151,1,,,,,,,,,GP3,0.91698,0.76151,0.37187,0.41019,normalised
84.62779450416565,,,0.91561,0.76131,1,,,,,,,,,GP3,0.91561,0.76131,0.37187,0.41019,normalised
84.64140439033508,,,0.91498,0.76185,1,,,,,,,,,GP3,0.91498,0.76185,0.37187,0.41019,normalised
84.65910267829895,,,0.91455,0.76213,1,,,,,,,,,GP3,0.91455,0.76213,0.37187,0.41019,normalised
84.67584896087646,,,0.91488,0.76274,1,,,,,,,,,GP3,0.91488,0.76274,0.37187,0.41019,normalised
84.6903669834137,,,0.91511,0.7629,1,,,,,,,,,GP3,0.91511,0.7629,0.37187,0.41019,normalised
84.70646286010742,,,0.91534,0.76306,1,,,,,,,,,GP3,0.91534,0.76306,0.37187,0.41019,normalised
84.72385573387146,,,0.91497,0.76326,1,,,,,,,,,GP3,0.91497,0.76326,0.37187,0.41019,normalised
84.74146938323975,,,0.91467,0.76345,1,,,,,,,,,GP3,0.91467,0.76345,0.37187,0.41019,normalised
84.75608539581299,,,0.91398,0.76415,1,,,,,,,,,GP3,0.91398,0.76415,0.37187,0.41019,normalised
84.77282619476318,,,0.91362,0.76649,1,,,,,,,,,GP3,0.91362,0.76649,0.37187,0.41019,normalised
84.78734588623047,,,0.91236,0.76868,1,,,,,,,,,GP3,0.91236,0.76868,0.37187,0.41019,normalised
84.80437517166138,,,0.91111,0.77089,1,,,,,,,,,GP3,0.91111,0.77089,0.37187,0.41019,normalised
84.82183837890625,,,0.9099,0.77125,1,,,,,,,,,GP3,0.9099,0.77125,0.37187,0.41019,normalised
84.83634877204895,,,0.89819,0.79759,0,,,,,,,,,GP3,0.89819,0.79759,0.37187,0.41019,normalised
84.85392546653748,,,0.90724,0.79174,0,,,,,,,,,GP3,0.90724,0.79174,0.37187,0.41019,normalised
84.86865901947021,,,0.92023,0.77726,0,,,,,,,,,GP3,0.92023,0.77726,0.37187,0.41019,normalised
84.88534593582153,,,0.92373,0.77563,1,,,,,,,,,GP3,0.92373,0.77563,0.37187,0.41019,normalised
84.90263438224792,,,0.92692,0.77331,1,,,,,,,,,GP3,0.92692,0.77331,0.37187,0.41019,normalised
84.91744470596313,,,0.92283,0.76963,1,,,,,,,,,GP3,0.92283,0.76963,0.37187,0.41019,normalised
84.93398666381836,,,0.92538,0.77066,1,,,,,,,,,GP3,0.92538,0.77066,0.37187,0.41019,normalised
84.95006346702576,,,0.9266,0.77226,1,,,,,,,,,GP3,0.9266,0.77226,0.37187,0.41019,normalised
84.96513319015503,,,0.92615,0.77384,1,,,,,,,,,GP3,0.92615,0.77384,0.37187,0.41019,normalised
84.98308062553406,,,0.92404,0.77902,1,,,,,,,,,GP3,0.92404,0.77902,0.37187,0.41019,normalised
84.9977490901947,,,0.92156,0.78411,1,,,,,,,,,GP3,0.92156,0.78411,0.37187,0.41019,normalised
85.0148777961731,,,0.91822,0.7855,1,,,,,,,,,GP3,0.91822,0.7855,0.37187,0.41019,normalised
85.03061771392822,,,0.91555,0.78631,1,,,,,,,,,GP3,0.91555,0.78631,0.37187,0.41019,normalised
85.0468258857727,,,0.91311,0.78722,1,,,,,,,,,GP3,0.91311,0.78722,0.37187,0.41019,normalised
85.06379389762878,,,0.91254,0.78554,1,,,,,,,,,GP3,0.91254,0.78554,0.37187,0.41019,normalised
85.08145880699158,,,0.91261,0.78632,1,,,,,,,,,GP3,0.91261,0.78632,0.37187,0.41019,normalised
85.09550499916077,,,0.91331,0.78623,1,,,,,,,,,GP3,0.91331,0.78623,0.37187,0.41019,normalised
85.11322355270386,,,0.9124,0.78587,1,,,,,,,,,GP3,0.9124,0.78587,0.37187,0.41019,normalised
85.12699866294861,,,0.91285,0.78462,1,,,,,,,,,GP3,0.91285,0.78462,0.37187,0.41019,normalised
85.14394497871399,,,0.91384,0.78273,1,,,,,,,,,GP3,0.91384,0.78273,0.37187,0.41019,normalised
85.16058349609375,,,0.91444,0.78119,1,,,,,,,,,GP3,0.91444,0.78119,0.37187,0.41019,normalised
85.17560720443726,,,0.91538,0.77927,1,,,,,,,,,GP3,0.91538,0.77927,0.37187,0.41019,normalised
85.1923987865448,,,0.91652,0.77715,1,,,,,,,,,GP3,0.91652,0.77715,0.37187,0.41019,normalised
85.20899939537048,,,0.91659,0.7748,1,,,,,,,,,GP3,0.91659,0.7748,0.37187,0.41019,normalised
85.22680807113647,,,0.91846,0.7727,1,,,,,,,,,GP3,0.91846,0.7727,0.37187,0.41019,normalised
85.23964357376099,,,0.92033,0.7706,1,,,,,,,,,GP3,0.92033,0.7706,0.37187,0.41019,normalised
85.2578821182251,,,0.9211,0.76845,1,,,,,,,,,GP3,0.9211,0.76845,0.37187,0.41019,normalised
85.27449941635132,,,0.93556,0.73845,0,,,,,,,,,GP3,0.93556,0.73845,0.37187,0.41019,normalised
85.2907886505127,,,0.9427,0.72218,0,,,,,,,,,GP3,0.9427,0.72218,0.37187,0.41019,normalised
85.30651688575745,,,0.93439,0.71463,0,,,,,,,,,GP3,0.93439,0.71463,0.37187,0.41019,normalised
85.32368326187134,,,0.93007,0.7248,1,,,,,,,,,GP3,0.93007,0.7248,0.37187,0.41019,normalised
85.33760595321655,,,0.92491,0.73428,1,,,,,,,,,GP3,0.92491,0.73428,0.37187,0.41019,normalised
85.35396933555603,,,0.92163,0.74235,1,,,,,,,,,GP3,0.92163,0.74235,0.37187,0.41019,normalised
85.3706521987915,,,0.9183,0.7461,1,,,,,,,,,GP3,0.9183,0.7461,0.37187,0.41019,normalised
85.38683819770813,,,0.9158,0.74892,1,,,,,,,,,GP3,0.9158,0.74892,0.37187,0.41019,normalised
85.4045193195343,,,0.91644,0.74552,1,,,,,,,,,GP3,0.91644,0.74552,0.37187,0.41019,normalised
85.41943860054016,,,0.91662,0.74635,1,,,,,,,,,GP3,0.91662,0.74635,0.37187,0.41019,normalised
85.43605351448059,,,0.91628,0.74768,1,,,,,,,,,GP3,0.91628,0.74768,0.37187,0.41019,normalised
85.45236158370972,,,0.91198,0.7451,1,,,,,,,,,GP3,0.91198,0.7451,0.37187,0.41019,normalised
85.46723127365112,,,0.90833,0.74049,1,,,,,,,,,GP3,0.90833,0.74049,0.37187,0.41019,normalised
85.4830391407013,,,0.90553,0.73595,1,,,,,,,,,GP3,0.90553,0.73595,0.37187,0.41019,normalised
85.49923610687256,,,0.90184,0.73457,1,,,,,,,,,GP3,0.90184,0.73457,0.37187,0.41019,normalised
85.51592063903809,,,0.89731,0.73552,1,,,,,,,,,GP3,0.89731,0.73552,0.37187,0.41019,normalised
85.53229093551636,,,0.89316,0.73656,1,,,,,,,,,GP3,0.89316,0.73656,0.37187,0.41019,normalised
85.54832196235657,,,0.89028,0.736,1,,,,,,,,,GP3,0.89028,0.736,0.37187,0.41019,normalised
85.56572556495667,,,0.88616,0.73567,1,,,,,,,,,GP3,0.88616,0.73567,0.37187,0.41019,normalised
85.58026432991028,,,0.88217,0.73594,1,,,,,,,,,GP3,0.88217,0.73594,0.37187,0.41019,normalised
85.59775352478027,,,0.8511,0.72945,0,,,,,,,,,GP3,0.8511,0.72945,0.37187,0.41019,normalised
85.61199450492859,,,0.83866,0.73346,0,,,,,,,,,GP3,0.83866,0.73346,0.37187,0.41019,normalised
85.63021087646484,,,0.83593,0.73233,0,,,,,,,,,GP3,0.83593,0.73233,0.37187,0.41019,normalised
85.64736986160278,,,0.82274,0.74487,1,,,,,,,,,GP3,0.82274,0.74487,0.37187,0.41019,normalised
85.66188502311707,,,0.81904,0.7411,1,,,,,,,,,GP3,0.81904,0.7411,0.37187,0.41019,normalised
85.67687559127808,,,0.81656,0.73858,1,,,,,,,,,GP3,0.81656,0.73858,0.37187,0.41019,normalised
85.69239807128906,,,0.82134,0.73771,1,,,,,,,,,GP3,0.82134,0.73771,0.37187,0.41019,normalised
85.71102714538574,,,0.82284,0.73796,1,,,,,,,,,GP3,0.82284,0.73796,0.37187,0.41019,normalised
85.72654986381531,,,0.82486,0.73681,1,,,,,,,,,GP3,0.82486,0.73681,0.37187,0.41019,normalised
85.74311900138855,,,0.82592,0.73538,1,,,,,,,,,GP3,0.82592,0.73538,0.37187,0.41019,normalised
85.7589819431305,,,0.82868,0.73165,1,,,,,,,,,GP3,0.82868,0.73165,0.37187,0.41019,normalised
85.77351260185242,,,0.83111,0.72821,1,,,,,,,,,GP3,0.83111,0.72821,0.37187,0.41019,normalised
85.79102277755737,,,0.82786,0.72176,1,,,,,,,,,GP3,0.82786,0.72176,0.37187,0.41019,normalised
85.80972337722778,,,0.82711,0.71851,1,,,,,,,,,GP3,0.82711,0.71851,0.37187,0.41019,normalised
85.8243100643158,,,0.82568,0.71714,1,,,,,,,,,GP3,0.82568,0.71714,0.37187,0.41019,normalised
85.8388237953186,,,0.82201,0.71683,1,,,,,,,,,GP3,0.82201,0.71683,0.37187,0.41019,normalised
85.85544967651367,,,0.81779,0.71649,1,,,,,,,,,GP3,0.81779,0.71649,0.37187,0.41019,normalised
85.87083458900452,,,0.81417,0.71594,1,,,,,,,,,GP3,0.81417,0.71594,0.37187,0.41019,normalised
85.88665437698364,,,0.80256,0.70335,1,,,,,,,,,GP3,0.80256,0.70335,0.37187,0.41019,normalised
85.90344023704529,,,0.77143,0.65925,0,,,,,,,,,GP3,0.77143,0.65925,0.37187,0.41019,normalised
85.92056345939636,,,0.68137,0.55426,0,,,,,,,,,GP3,0.68137,0.55426,0.37187,0.41019,normalised
85.93508076667786,,,0.64057,0.52582,0,,,,,,,,,GP3,0.64057,0.52582,0.37187,0.41019,normalised
85.95293164253235,,,0.56201,0.4652,0,,,,,,,,,GP3,0.56201,0.4652,0.37187,0.41019,normalised
85.97046971321106,,,0.54863,0.47664,0,,,,,,,,,GP3,0.54863,0.47664,0.37187,0.41019,normalised
85.9840350151062,,,0.51083,0.43202,0,,,,,,,,,GP3,0.51083,0.43202,0.37187,0.41019,normalised
86.00267696380615,,,0.45631,0.34995,0,,,,,,,,,GP3,0.45631,0.34995,0.37187,0.41019,normalised
86.01738262176514,,,0.42625,0.27196,0,,,,,,,,,GP3,0.42625,0.27196,0.37187,0.41019,normalised
86.0326931476593,,,0.4111,0.24153,0,,,,,,,,,GP3,0.4111,0.24153,0.37187,0.41019,normalised
86.0500864982605,,,0.3841,0.18154,0,,,,,,,,,GP3,0.3841,0.18154,0.37187,0.41019,normalised
86.06459355354309,,,0.37973,0.17917,0,,,,,,,,,GP3,0.37973,0.17917,0.37187,0.41019,normalised
86.0834448337555,,,0.36625,0.17842,0,,,,,,,,,GP3,0.36625,0.17842,0.37187,0.41019,normalised
86.09805345535278,,,0.36735,0.18685,1,,,,,,,,,GP3,0.36735,0.18685,0.37187,0.41019,normalised
86.1147928237915,,,0.36862,0.19604,1,,,,,,,,,GP3,0.36862,0.19604,0.37187,0.41019,normalised
86.12960410118103,,,0.36253,0.20061,1,,,,,,,,,GP3,0.36253,0.20061,0.37187,0.41019,normalised
86.14624428749084,,,0.35708,0.2016,1,,,,,,,,,GP3,0.35708,0.2016,0.37187,0.41019,normalised
86.16376090049744,,,0.35272,0.20064,1,,,,,,,,,GP3,0.35272,0.20064,0.37187,0.41019,normalised
86.17949390411377,,,0.35109,0.19771,1,,,,,,,,,GP3,0.35109,0.19771,0.37187,0.41019,normalised
86.19696807861328,,,0.34907,0.19847,1,,,,,,,,,GP3,0.34907,0.19847,0.37187,0.41019,normalised
86.21140956878662,,,0.34741,0.19909,1,,,,,,,,,GP3,0.34741,0.19909,0.37187,0.41019,normalised
86.22922945022583,,,0.34114,0.19948,1,,,,,,,,,GP3,0.34114,0.19948,0.37187,0.41019,normalised
86.24376583099365,,,0.33445,0.19966,1,,,,,,,,,GP3,0.33445,0.19966,0.37187,0.41019,normalised
86.25936007499695,,,0.3285,0.19885,1,,,,,,,,,GP3,0.3285,0.19885,0.37187,0.41019,normalised
86.27610874176025,,,0.32325,0.1986,1,,,,,,,,,GP3,0.32325,0.1986,0.37187,0.41019,normalised
86.29169178009033,,,0.31764,0.19565,1,,,,,,,,,GP3,0.31764,0.19565,0.37187,0.41019,normalised
86.30913925170898,,,0.3125,0.19225,1,,,,,,,,,GP3,0.3125,0.19225,0.37187,0.41019,normalised
86.32638049125671,,,0.27978,0.18447,0,,,,,,,,,GP3,0.27978,0.18447,0.37187,0.41019,normalised
86.34100079536438,,,0.24869,0.17939,0,,,,,,,,,GP3,0.24869,0.17939,0.37187,0.41019,normalised
86.35761022567749,,,0.23944,0.18207,0,,,,,,,,,GP3,0.23944,0.18207,0.37187,0.41019,normalised
86.37428426742554,,,0.2572,0.19477,1,,,,,,,,,GP3,0.2572,0.19477,0.37187,0.41019,normalised
86.38941740989685,,,0.26451,0.20122,1,,,,,,,,,GP3,0.26451,0.20122,0.37187,0.41019,normalised
86.40700221061707,,,0.26981,0.20771,1,,,,,,,,,GP3,0.26981,0.20771,0.37187,0.41019,normalised
86.42121076583862,,,0.28128,0.21283,1,,,,,,,,,GP3,0.28128,0.21283,0.37187,0.41019,normalised
86.43704867362976,,,0.28768,0.21752,1,,,,,,,,,GP3,0.28768,0.21752,0.37187,0.41019,normalised
86.45466589927673,,,0.29269,0.2219,1,,,,,,,,,GP3,0.29269,0.2219,0.37187,0.41019,normalised
86.47037291526794,,,0.29679,0.22709,1,,,,,,,,,GP3,0.29679,0.22709,0.37187,0.41019,normalised
86.48804187774658,,,0.3006,0.23119,1,,,,,,,,,GP3,0.3006,0.23119,0.37187,0.41019,normalised
86.50156164169312,,,0.30374,0.23404,1,,,,,,,,,GP3,0.30374,0.23404,0.37187,0.41019,normalised
86.51751208305359,,,0.30537,0.23468,1,,,,,,,,,GP3,0.30537,0.23468,0.37187,0.41019,normalised
86.53541564941406,,,0.30583,0.23534,1,,,,,,,,,GP3,0.30583,0.23534,0.37187,0.41019,normalised
86.55015563964844,,,0.30592,0.23422,1,,,,,,,,,GP3,0.30592,0.23422,0.37187,0.41019,normalised
86.5679292678833,,,0.30673,0.23271,1,,,,,,,,,GP3,0.30673,0.23271,0.37187,0.41019,normalised
86.58354306221008,,,0.30763,0.23102,1,,,,,,,,,GP3,0.30763,0.23102,0.37187,0.41019,normalised
86.60099172592163,,,0.30842,0.22951,1,,,,,,,,,GP3,0.30842,0.22951,0.37187,0.41019,normalised
86.6157751083374,,,0.30876,0.22976,1,,,,,,,,,GP3,0.30876,0.22976,0.37187,0.41019,normalised
86.63292360305786,,,0.3083,0.22991,1,,,,,,,,,GP3,0.3083,0.22991,0.37187,0.41019,normalised
86.64745426177979,,,0.3079,0.23005,1,,,,,,,,,GP3,0.3079,0.23005,0.37187,0.41019,normalised
86.66433429718018,,,0.30894,0.22763,1,,,,,,,,,GP3,0.30894,0.22763,0.37187,0.41019,normalised
86.6817615032196,,,0.30942,0.22546,1,,,,,,,,,GP3,0.30942,0.22546,0.37187,0.41019,normalised
86.69648790359497,,,0.31002,0.22447,1,,,,,,,,,GP3,0.31002,0.22447,0.37187,0.41019,normalised
86.71409749984741,,,0.31141,0.22422,1,,,,,,,,,GP3,0.31141,0.22422,0.37187,0.41019,normalised
86.72958970069885,,,0.31223,0.22492,1,,,,,,,,,GP3,0.31223,0.22492,0.37187,0.41019,normalised
86.74398636817932,,,0.31307,0.22606,1,,,,,,,,,GP3,0.31307,0.22606,0.37187,0.41019,normalised
86.76075410842896,,,0.31373,0.22732,1,,,,,,,,,GP3,0.31373,0.22732,0.37187,0.41019,normalised
86.77738738059998,,,0.31413,0.22778,1,,,,,,,,,GP3,0.31413,0.22778,0.37187,0.41019,normalised
86.7929527759552,,,0.31437,0.22741,1,,,,,,,,,GP3,0.31437,0.22741,0.37187,0.41019,normalised
86.8097140789032,,,0.31421,0.22682,1,,,,,,,,,GP3,0.31421,0.22682,0.37187,0.41019,normalised
86.8258466720581,,,0.31374,0.22681,1,,,,,,,,,GP3,0.31374,0.22681,0.37187,0.41019,normalised
86.84157061576843,,,0.31322,0.22641,1,,,,,,,,,GP3,0.31322,0.22641,0.37187,0.41019,normalised
86.8591845035553,,,0.31339,0.22583,1,,,,,,,,,GP3,0.31339,0.22583,0.37187,0.41019,normalised
86.87588310241699,,,0.31338,0.22489,1,,,,,,,,,GP3,0.31338,0.22489,0.37187,0.41019,normalised
86.88970470428467,,,0.31342,0.22438,1,,,,,,,,,GP3,0.31342,0.22438,0.37187,0.41019,normalised
86.90759587287903,,,0.31287,0.2248,1,,,,,,,,,GP3,0.31287,0.2248,0.37187,0.41019,normalised
86.92475366592407,,,0.3137,0.22504,1,,,,,,,,,GP3,0.3137,0.22504,0.37187,0.41019,normalised
86.93950605392456,,,0.31448,0.22527,1,,,,,,,,,GP3,0.31448,0.22527,0.37187,0.41019,normalised
86.95724582672119,,,0.31489,0.22539,1,,,,,,,,,GP3,0.31489,0.22539,0.37187,0.41019,normalised
86.97115778923035,,,0.31499,0.22481,1,,,,,,,,,GP3,0.31499,0.22481,0.37187,0.41019,normalised
86.98779821395874,,,0.31502,0.22394,1,,,,,,,,,GP3,0.31502,0.22394,0.37187,0.41019,normalised
87.00540542602539,,,0.31568,0.22262,1,,,,,,,,,GP3,0.31568,0.22262,0.37187,0.41019,normalised
87.01965379714966,,,0.31513,0.22211,1,,,,,,,,,GP3,0.31513,0.22211,0.37187,0.41019,normalised
87.0366952419281,,,0.31466,0.22191,1,,,,,,,,,GP3,0.31466,0.22191,0.37187,0.41019,normalised
87.0543110370636,,,0.31487,0.22137,1,,,,,,,,,GP3,0.31487,0.22137,0.37187,0.41019,normalised
87.0689287185669,,,0.31513,0.22155,1,,,,,,,,,GP3,0.31513,0.22155,0.37187,0.41019,normalised
87.08352828025818,,,0.31543,0.222,1,,,,,,,,,GP3,0.31543,0.222,0.37187,0.41019,normalised
87.10113167762756,,,0.31646,0.22331,1,,,,,,,,,GP3,0.31646,0.22331,0.37187,0.41019,normalised
87.11768698692322,,,0.31864,0.22446,1,,,,,,,,,GP3,0.31864,0.22446,0.37187,0.41019,normalised
87.13227200508118,,,0.32075,0.22533,1,,,,,,,,,GP3,0.32075,0.22533,0.37187,0.41019,normalised
87.14908480644226,,,0.32131,0.22542,1,,,,,,,,,GP3,0.32131,0.22542,0.37187,0.41019,normalised
87.16560673713684,,,0.32203,0.22591,1,,,,,,,,,GP3,0.32203,0.22591,0.37187,0.41019,normalised
87.18129992485046,,,0.3227,0.22614,1,,,,,,,,,GP3,0.3227,0.22614,0.37187,0.41019,normalised
87.19856452941895,,,0.32186,0.22678,1,,,,,,,,,GP3,0.32186,0.22678,0.37187,0.41019,normalised
87.21617674827576,,,0.3215,0.22712,1,,,,,,,,,GP3,0.3215,0.22712,0.37187,0.41019,normalised
87.22983908653259,,,0.32108,0.22705,1,,,,,,,,,GP3,0.32108,0.22705,0.37187,0.41019,normalised
87.24649047851562,,,0.3206,0.22596,1,,,,,,,,,GP3,0.3206,0.22596,0.37187,0.41019,normalised
87.263099193573,,,0.32011,0.22535,1,,,,,,,,,GP3,0.32011,0.22535,0.37187,0.41019,normalised
87.28071713447571,,,0.31957,0.22462,1,,,,,,,,,GP3,0.31957,0.22462,0.37187,0.41019,normalised
87.29560899734497,,,0.31937,0.22428,1,,,,,,,,,GP3,0.31937,0.22428,0.37187,0.41019,normalised
87.3102388381958,,,0.31943,0.22382,1,,,,,,,,,GP3,0.31943,0.22382,0.37187,0.41019,normalised
87.32844424247742,,,0.31963,0.22428,1,,,,,,,,,GP3,0.31963,0.22428,0.37187,0.41019,normalised
87.34500885009766,,,0.31951,0.22526,1,,,,,,,,,GP3,0.31951,0.22526,0.37187,0.41019,normalised
87.36279153823853,,,0.3192,0.227,1,,,,,,,,,GP3,0.3192,0.227,0.37187,0.41019,normalised
87.37665271759033,,,0.31901,0.22926,1,,,,,,,,,GP3,0.31901,0.22926,0.37187,0.41019,normalised
87.39207458496094,,,0.31412,0.25641,0,,,,,,,,,GP3,0.31412,0.25641,0.37187,0.41019,normalised
87.40906071662903,,,0.32039,0.2861,0,,,,,,,,,GP3,0.32039,0.2861,0.37187,0.41019,normalised
87.42545223236084,,,0.32234,0.29384,0,,,,,,,,,GP3,0.32234,0.29384,0.37187,0.41019,normalised
87.4430718421936,,,0.3256,0.29379,1,,,,,,,,,GP3,0.3256,0.29379,0.37187,0.41019,normalised
87.45766234397888,,,0.32784,0.29538,1,,,,,,,,,GP3,0.32784,0.29538,0.37187,0.41019,normalised
87.47495675086975,,,0.32865,0.29226,1,,,,,,,,,GP3,0.32865,0.29226,0.37187,0.41019,normalised
87.49119067192078,,,0.32712,0.28409,1,,,,,,,,,GP3,0.32712,0.28409,0.37187,0.41019,normalised
87.50741410255432,,,0.3257,0.27619,1,,,,,,,,,GP3,0.3257,0.27619,0.37187,0.41019,normalised
87.52102589607239,,,0.32466,0.27076,1,,,,,,,,,GP3,0.32466,0.27076,0.37187,0.41019,normalised
87.53813338279724,,,0.32367,0.26845,1,,,,,,,,,GP3,0.32367,0.26845,0.37187,0.41019,normalised
87.55295324325562,,,0.32223,0.26921,1,,,,,,,,,GP3,0.32223,0.26921,0.37187,0.41019,normalised
87.57058453559875,,,0.3212,0.27036,1,,,,,,,,,GP3,0.3212,0.27036,0.37187,0.41019,normalised
87.58511090278625,,,0.31982,0.27081,1,,,,,,,,,GP3,0.31982,0.27081,0.37187,0.41019,normalised
87.60410118103027,,,0.3195,0.26627,1,,,,,,,,,GP3,0.3195,0.26627,0.37187,0.41019,normalised
87.61855006217957,,,0.31908,0.26146,1,,,,,,,,,GP3,0.31908,0.26146,0.37187,0.41019,normalised
87.63404941558838,,,0.31916,0.25912,1,,,,,,,,,GP3,0.31916,0.25912,0.37187,0.41019,normalised
87.65157914161682,,,0.31892,0.25831,1,,,,,,,,,GP3,0.31892,0.25831,0.37187,0.41019,normalised
87.66892838478088,,,0.31883,0.25831,1,,,,,,,,,GP3,0.31883,0.25831,0.37187,0.41019,normalised
87.68393182754517,,,0.319,0.25691,1,,,,,,,,,GP3,0.319,0.25691,0.37187,0.41019,normalised
87.70057034492493,,,0.3186,0.25564,1,,,,,,,,,GP3,0.3186,0.25564,0.37187,0.41019,normalised
87.71511578559875,,,0.31815,0.25419,1,,,,,,,,,GP3,0.31815,0.25419,0.37187,0.41019,normalised
87.73121404647827,,,0.31883,0.25382,1,,,,,,,,,GP3,0.31883,0.25382,0.37187,0.41019,normalised
87.74797248840332,,,0.31943,0.25484,1,,,,,,,,,GP3,0.31943,0.25484,0.37187,0.41019,normalised
87.76356768608093,,,0.31996,0.2555,1,,,,,,,,,GP3,0.31996,0.2555,0.37187,0.41019,normalised
87.77939367294312,,,0.31944,0.25618,1,,,,,,,,,GP3,0.31944,0.25618,0.37187,0.41019,normalised
87.79690742492676,,,0.31905,0.2553,1,,,,,,,,,GP3,0.31905,0.2553,0.37187,0.41019,normalised
87.81331157684326,,,0.31868,0.2545,1,,,,,,,,,GP3,0.31868,0.2545,0.37187,0.41019,normalised
87.83136248588562,,,0.3185,0.25371,1,,,,,,,,,GP3,0.3185,0.25371,0.37187,0.41019,normalised
87.84467267990112,,,0.31866,0.25362,1,,,,,,,,,GP3,0.31866,0.25362,0.37187,0.41019,normalised
87.86327719688416,,,0.31881,0.25353,1,,,,,,,,,GP3,0.31881,0.25353,0.37187,0.41019,normalised
87.879230260849,,,0.31812,0.25336,1,,,,,,,,,GP3,0.31812,0.25336,0.37187,0.41019,normalised
87.89487981796265,,,0.31857,0.25284,1,,,,,,,,,GP3,0.31857,0.25284,0.37187,0.41019,normalised
87.90945196151733,,,0.31894,0.25196,1,,,,,,,,,GP3,0.31894,0.25196,0.37187,0.41019,normalised
87.92661929130554,,,0.31864,0.25142,1,,,,,,,,,GP3,0.31864,0.25142,0.37187,0.41019,normalised
87.94210839271545,,,0.3187,0.24974,1,,,,,,,,,GP3,0.3187,0.24974,0.37187,0.41019,normalised
87.95954585075378,,,0.31875,0.24815,1,,,,,,,,,GP3,0.31875,0.24815,0.37187,0.41019,normalised
87.97552537918091,,,0.31856,0.24669,1,,,,,,,,,GP3,0.31856,0.24669,0.37187,0.41019,normalised
87.9899890422821,,,0.31898,0.24514,1,,,,,,,,,GP3,0.31898,0.24514,0.37187,0.41019,normalised
88.00761413574219,,,0.31938,0.24366,1,,,,,,,,,GP3,0.31938,0.24366,0.37187,0.41019,normalised
88.02213406562805,,,0.32199,0.2166,0,,,,,,,,,GP3,0.32199,0.2166,0.37187,0.41019,normalised
88.03856778144836,,,0.32138,0.20238,0,,,,,,,,,GP3,0.32138,0.20238,0.37187,0.41019,normalised
88.05587697029114,,,0.32118,0.19764,0,,,,,,,,,GP3,0.32118,0.19764,0.37187,0.41019,normalised
88.07250738143921,,,0.31522,0.19954,1,,,,,,,,,GP3,0.31522,0.19954,0.37187,0.41019,normalised
88.08846259117126,,,0.31586,0.20437,1,,,,,,,,,GP3,0.31586,0.20437,0.37187,0.41019,normalised
88.10310125350952,,,0.31629,0.20759,1,,,,,,,,,GP3,0.31629,0.20759,0.37187,0.41019,normalised
88.12063431739807,,,0.31832,0.20611,1,,,,,,,,,GP3,0.31832,0.20611,0.37187,0.41019,normalised
88.13769102096558,,,0.31663,0.20755,1,,,,,,,,,GP3,0.31663,0.20755,0.37187,0.41019,normalised
88.15222382545471,,,0.31557,0.21009,1,,,,,,,,,GP3,0.31557,0.21009,0.37187,0.41019,normalised
88.16976237297058,,,0.31607,0.2141,1,,,,,,,,,GP3,0.31607,0.2141,0.37187,0.41019,normalised
88.18429160118103,,,0.31518,0.21709,1,,,,,,,,,GP3,0.31518,0.21709,0.37187,0.41019,normalised
88.20082235336304,,,0.31465,0.22066,1,,,,,,,,,GP3,0.31465,0.22066,0.37187,0.41019,normalised
88.21856951713562,,,0.31566,0.22627,1,,,,,,,,,GP3,0.31566,0.22627,0.37187,0.41019,normalised
88.2330162525177,,,0.31608,0.22955,1,,,,,,,,,GP3,0.31608,0.22955,0.37187,0.41019,normalised
88.2496063709259,,,0.31644,0.2324,1,,,,,,,,,GP3,0.31644,0.2324,0.37187,0.41019,normalised
88.26662492752075,,,0.31667,0.23584,1,,,,,,,,,GP3,0.31667,0.23584,0.37187,0.41019,normalised
88.28119397163391,,,0.31775,0.23817,1,,,,,,,,,GP3,0.31775,0.23817,0.37187,0.41019,normalised
88.29987788200378,,,0.31873,0.24059,1,,,,,,,,,GP3,0.31873,0.24059,0.37187,0.41019,normalised
88.31459760665894,,,0.31872,0.24204,1,,,,,,,,,GP3,0.31872,0.24204,0.37187,0.41019,normalised
88.33123517036438,,,0.31943,0.24429,1,,,,,,,,,GP3,0.31943,0.24429,0.37187,0.41019,normalised
88.34787082672119,,,0.32342,0.27294,0,,,,,,,,,GP3,0.32342,0.27294,0.37187,0.41019,normalised
88.36255168914795,,,0.32791,0.2771,0,,,,,,,,,GP3,0.32791,0.2771,0.37187,0.41019,normalised
88.37941265106201,,,0.32678,0.26185,0,,,,,,,,,GP3,0.32678,0.26185,0.37187,0.41019,normalised
88.39404463768005,,,0.32577,0.25267,1,,,,,,,,,GP3,0.32577,0.25267,0.37187,0.41019,normalised
88.41159725189209,,,0.32354,0.255,1,,,,,,,,,GP3,0.32354,0.255,0.37187,0.41019,normalised
88.42873954772949,,,0.32291,0.25631,1,,,,,,,,,GP3,0.32291,0.25631,0.37187,0.41019,normalised
88.44249105453491,,,0.3231,0.26098,1,,,,,,,,,GP3,0.3231,0.26098,0.37187,0.41019,normalised
88.45920944213867,,,0.32247,0.26419,1,,,,,,,,,GP3,0.32247,0.26419,0.37187,0.41019,normalised
88.47655153274536,,,0.32205,0.26876,1,,,,,,,,,GP3,0.32205,0.26876,0.37187,0.41019,normalised
88.4932816028595,,,0.32167,0.27178,1,,,,,,,,,GP3,0.32167,0.27178,0.37187,0.41019,normalised
88.50688767433167,,,0.32205,0.27268,1,,,,,,,,,GP3,0.32205,0.27268,0.37187,0.41019,normalised
88.52337288856506,,,0.32226,0.27341,1,,,,,,,,,GP3,0.32226,0.27341,0.37187,0.41019,normalised
88.54081439971924,,,0.3221,0.27207,1,,,,,,,,,GP3,0.3221,0.27207,0.37187,0.41019,normalised
88.55733108520508,,,0.3214,0.26845,1,,,,,,,,,GP3,0.3214,0.26845,0.37187,0.41019,normalised
88.57484149932861,,,0.3217,0.2648,1,,,,,,,,,GP3,0.3217,0.2648,0.37187,0.41019,normalised
88.5897307395935,,,0.32198,0.26203,1,,,,,,,,,GP3,0.32198,0.26203,0.37187,0.41019,normalised
88.6067566871643,,,0.32232,0.26123,1,,,,,,,,,GP3,0.32232,0.26123,0.37187,0.41019,normalised
88.62126898765564,,,0.3234,0.26094,1,,,,,,,,,GP3,0.3234,0.26094,0.37187,0.41019,normalised
88.63918232917786,,,0.32457,0.26206,1,,,,,,,,,GP3,0.32457,0.26206,0.37187,0.41019,normalised
88.65271997451782,,,0.32434,0.26366,1,,,,,,,,,GP3,0.32434,0.26366,0.37187,0.41019,normalised
88.67023777961731,,,0.32457,0.26599,1,,,,,,,,,GP3,0.32457,0.26599,0.37187,0.41019,normalised
88.68475580215454,,,0.32468,0.26752,1,,,,,,,,,GP3,0.32468,0.26752,0.37187,0.41019,normalised
88.70254611968994,,,0.32413,0.26806,1,,,,,,,,,GP3,0.32413,0.26806,0.37187,0.41019,normalised
88.71853590011597,,,0.32415,0.26795,1,,,,,,,,,GP3,0.32415,0.26795,0.37187,0.41019,normalised
88.73565530776978,,,0.32416,0.26758,1,,,,,,,,,GP3,0.32416,0.26758,0.37187,0.41019,normalised
88.75224828720093,,,0.32878,0.26989,1,,,,,,,,,GP3,0.32878,0.26989,0.37187,0.41019,normalised
88.76686525344849,,,0.33586,0.27867,1,,,,,,,,,GP3,0.33586,0.27867,0.37187,0.41019,normalised
88.78463530540466,,,0.36972,0.31907,0,,,,,,,,,GP3,0.36972,0.31907,0.37187,0.41019,normalised
88.79933834075928,,,0.45769,0.37732,0,,,,,,,,,GP3,0.45769,0.37732,0.37187,0.41019,normalised
88.81605267524719,,,0.48808,0.40778,0,,,,,,,,,GP3,0.48808,0.40778,0.37187,0.41019,normalised
88.83040022850037,,,0.5478,0.45765,0,,,,,,,,,GP3,0.5478,0.45765,0.37187,0.41019,normalised
88.84790897369385,,,0.55218,0.48448,0,,,,,,,,,GP3,0.55218,0.48448,0.37187,0.41019,normalised
88.86451411247253,,,0.55953,0.49124,0,,,,,,,,,GP3,0.55953,0.49124,0.37187,0.41019,normalised
88.88202977180481,,,0.56296,0.49713,1,,,,,,,,,GP3,0.56296,0.49713,0.37187,0.41019,normalised
88.89655113220215,,,0.5665,0.49972,1,,,,,,,,,GP3,0.5665,0.49972,0.37187,0.41019,normalised
88.91409730911255,,,0.56956,0.5082,1,,,,,,,,,GP3,0.56956,0.5082,0.37187,0.41019,normalised
88.92840504646301,,,0.57161,0.51538,1,,,,,,,,,GP3,0.57161,0.51538,0.37187,0.41019,normalised
88.94502067565918,,,0.57591,0.51818,1,,,,,,,,,GP3,0.57591,0.51818,0.37187,0.41019,normalised
88.96209168434143,,,0.57744,0.52405,1,,,,,,,,,GP3,0.57744,0.52405,0.37187,0.41019,normalised
88.97674465179443,,,0.57867,0.52875,1,,,,,,,,,GP3,0.57867,0.52875,0.37187,0.41019,normalised
88.9934024810791,,,0.58104,0.53145,1,,,,,,,,,GP3,0.58104,0.53145,0.37187,0.41019,normalised
89.01037979125977,,,0.58279,0.53632,1,,,,,,,,,GP3,0.58279,0.53632,0.37187,0.41019,normalised
89.02490186691284,,,0.58425,0.54024,1,,,,,,,,,GP3,0.58425,0.54024,0.37187,0.41019,normalised
89.04282426834106,,,0.58574,0.54184,1,,,,,,,,,GP3,0.58574,0.54184,0.37187,0.41019,normalised
89.05733752250671,,,0.59252,0.54584,1,,,,,,,,,GP3,0.59252,0.54584,0.37187,0.41019,normalised
89.07485032081604,,,0.59859,0.54903,1,,,,,,,,,GP3,0.59859,0.54903,0.37187,0.41019,normalised
89.09249210357666,,,0.61844,0.57267,0,,,,,,,,,GP3,0.61844,0.57267,0.37187,0.41019,normalised
89.1064395904541,,,0.65965,0.57566,0,,,,,,,,,GP3,0.65965,0.57566,0.37187,0.41019,normalised
89.12397956848145,,,0.67508,0.57057,0,,,,,,,,,GP3,0.67508,0.57057,0.37187,0.41019,normalised
89.13871932029724,,,0.67907,0.57239,1,,,,,,,,,GP3,0.67907,0.57239,0.37187,0.41019,normalised
89.15444874763489,,,0.68148,0.56968,1,,,,,,,,,GP3,0.68148,0.56968,0.37187,0.41019,normalised
89.17219543457031,,,0.6824,0.57013,1,,,,,,,,,GP3,0.6824,0.57013,0.37187,0.41019,normalised
89.18883466720581,,,0.68432,0.57777,1,,,,,,,,,GP3,0.68432,0.57777,0.37187,0.41019,normalised
89.20362281799316,,,0.68343,0.58529,1,,,,,,,,,GP3,0.68343,0.58529,0.37187,0.41019,normalised
89.22106099128723,,,0.68242,0.59257,1,,,,,,,,,GP3,0.68242,0.59257,0.37187,0.41019,normalised
89.23811912536621,,,0.68197,0.59652,1,,,,,,,,,GP3,0.68197,0.59652,0.37187,0.41019,normalised
89.25175929069519,,,0.68095,0.59736,1,,,,,,,,,GP3,0.68095,0.59736,0.37187,0.41019,normalised
89.26768636703491,,,0.68014,0.59771,1,,,,,,,,,GP3,0.68014,0.59771,0.37187,0.41019,normalised
89.28559350967407,,,0.67787,0.59716,1,,,,,,,,,GP3,0.67787,0.59716,0.37187,0.41019,normalised
89.3023886680603,,,0.67467,0.60002,1,,,,,,,,,GP3,0.67467,0.60002,0.37187,0.41019,normalised
89.31613516807556,,,0.67189,0.60275,1,,,,,,,,,GP3,0.67189,0.60275,0.37187,0.41019,normalised
89.33212542533875,,,0.6718,0.59954,1,,,,,,,,,GP3,0.6718,0.59954,0.37187,0.41019,normalised
89.34884428977966,,,0.67086,0.59708,1,,,,,,,,,GP3,0.67086,0.59708,0.37187,0.41019,normalised
89.36553597450256,,,0.67013,0.59436,1,,,,,,,,,GP3,0.67013,0.59436,0.37187,0.41019,normalised
89.38105821609497,,,0.66976,0.59382,1,,,,,,,,,GP3,0.66976,0.59382,0.37187,0.41019,normalised
89.39777326583862,,,0.66961,0.59169,1,,,,,,,,,GP3,0.66961,0.59169,0.37187,0.41019,normalised
89.41519737243652,,,0.66946,0.58976,1,,,,,,,,,GP3,0.66946,0.58976,0.37187,0.41019,normalised
89.43031907081604,,,0.66787,0.58984,1,,,,,,,,,GP3,0.66787,0.58984,0.37187,0.41019,normalised
89.44793939590454,,,0.6669,0.59077,1,,,,,,,,,GP3,0.6669,0.59077,0.37187,0.41019,normalised
89.4625449180603,,,0.666,0.59162,1,,,,,,,,,GP3,0.666,0.59162,0.37187,0.41019,normalised
89.47957992553711,,,0.66603,0.59067,1,,,,,,,,,GP3,0.66603,0.59067,0.37187,0.41019,normalised
89.49631452560425,,,0.66599,0.58907,1,,,,,,,,,GP3,0.66599,0.58907,0.37187,0.41019,normalised
89.50986790657043,,,0.66603,0.58722,1,,,,,,,,,GP3,0.66603,0.58722,0.37187,0.41019,normalised
89.52645874023438,,,0.66634,0.5867,1,,,,,,,,,GP3,0.66634,0.5867,0.37187,0.41019,normalised
89.54267358779907,,,0.66581,0.58626,1,,,,,,,,,GP3,0.66581,0.58626,0.37187,0.41019,normalised
89.55938839912415,,,0.66532,0.58584,1,,,,,,,,,GP3,0.66532,0.58584,0.37187,0.41019,normalised
89.57449126243591,,,0.66488,0.5872,1,,,,,,,,,GP3,0.66488,0.5872,0.37187,0.41019,normalised
89.59218740463257,,,0.66515,0.58528,1,,,,,,,,,GP3,0.66515,0.58528,0.37187,0.41019,normalised
89.60780501365662,,,0.6654,0.58348,1,,,,,,,,,GP3,0.6654,0.58348,0.37187,0.41019,normalised
89.62402367591858,,,0.6643,0.58352,1,,,,,,,,,GP3,0.6643,0.58352,0.37187,0.41019,normalised
89.63924360275269,,,0.6637,0.5823,1,,,,,,,,,GP3,0.6637,0.5823,0.37187,0.41019,normalised
89.65688109397888,,,0.66308,0.58127,1,,,,,,,,,GP3,0.66308,0.58127,0.37187,0.41019,normalised
89.67439556121826,,,0.66328,0.58072,1,,,,,,,,,GP3,0.66328,0.58072,0.37187,0.41019,normalised
89.68818044662476,,,0.66324,0.58133,1,,,,,,,,,GP3,0.66324,0.58133,0.37187,0.41019,normalised
89.70544981956482,,,0.66319,0.58202,1,,,,,,,,,GP3,0.66319,0.58202,0.37187,0.41019,normalised
89.72306823730469,,,0.66319,0.58211,1,,,,,,,,,GP3,0.66319,0.58211,0.37187,0.41019,normalised
89.73766446113586,,,0.66333,0.58137,1,,,,,,,,,GP3,0.66333,0.58137,0.37187,0.41019,normalised
89.75234627723694,,,0.66356,0.58023,1,,,,,,,,,GP3,0.66356,0.58023,0.37187,0.41019,normalised
89.77018356323242,,,0.6638,0.57948,1,,,,,,,,,GP3,0.6638,0.57948,0.37187,0.41019,normalised
89.78576517105103,,,0.66427,0.57815,1,,,,,,,,,GP3,0.66427,0.57815,0.37187,0.41019,normalised
89.80145478248596,,,0.66467,0.57708,1,,,,,,,,,GP3,0.66467,0.57708,0.37187,0.41019,normalised
89.81824064254761,,,0.6651,0.5765,1,,,,,,,,,GP3,0.6651,0.5765,0.37187,0.41019,normalised
89.83454370498657,,,0.66549,0.57677,1,,,,,,,,,GP3,0.66549,0.57677,0.37187,0.41019,normalised
89.85136938095093,,,0.66581,0.57722,1,,,,,,,,,GP3,0.66581,0.57722,0.37187,0.41019,normalised
89.86703252792358,,,0.66663,0.57799,1,,,,,,,,,GP3,0.66663,0.57799,0.37187,0.41019,normalised
89.88310217857361,,,0.66578,0.57812,1,,,,,,,,,GP3,0.66578,0.57812,0.37187,0.41019,normalised
89.89919114112854,,,0.66482,0.57863,1,,,,,,,,,GP3,0.66482,0.57863,0.37187,0.41019,normalised
89.91563439369202,,,0.66439,0.57977,1,,,,,,,,,GP3,0.66439,0.57977,0.37187,0.41019,normalised
89.93215155601501,,,0.66392,0.58079,1,,,,,,,,,GP3,0.66392,0.58079,0.37187,0.41019,normalised
89.9473192691803,,,0.66355,0.58145,1,,,,,,,,,GP3,0.66355,0.58145,0.37187,0.41019,normalised
89.96497988700867,,,0.66285,0.5809,1,,,,,,,,,GP3,0.66285,0.5809,0.37187,0.41019,normalised
89.98172688484192,,,0.66258,0.57981,1,,,,,,,,,GP3,0.66258,0.57981,0.37187,0.41019,normalised
89.9962317943573,,,0.66238,0.57844,1,,,,,,,,,GP3,0.66238,0.57844,0.37187,0.41019,normalised
90.01255440711975,,,0.66204,0.57703,1,,,,,,,,,GP3,0.66204,0.57703,0.37187,0.41019,normalised
90.02996063232422,,,0.66224,0.57641,1,,,,,,,,,GP3,0.66224,0.57641,0.37187,0.41019,normalised
90.04438424110413,,,0.66248,0.57577,1,,,,,,,,,GP3,0.66248,0.57577,0.37187,0.41019,normalised
90.06062436103821,,,0.66279,0.5761,1,,,,,,,,,GP3,0.66279,0.5761,0.37187,0.41019,normalised
90.07614779472351,,,0.66357,0.57484,1,,,,,,,,,GP3,0.66357,0.57484,0.37187,0.41019,normalised
90.09365701675415,,,0.66435,0.57351,1,,,,,,,,,GP3,0.66435,0.57351,0.37187,0.41019,normalised
90.10970497131348,,,0.66414,0.57328,1,,,,,,,,,GP3,0.66414,0.57328,0.37187,0.41019,normalised
90.12589383125305,,,0.66433,0.57332,1,,,,,,,,,GP3,0.66433,0.57332,0.37187,0.41019,normalised
90.14226388931274,,,0.6644,0.57384,1,,,,,,,,,GP3,0.6644,0.57384,0.37187,0.41019,normalised
90.15904211997986,,,0.66416,0.57384,1,,,,,,,,,GP3,0.66416,0.57384,0.37187,0.41019,normalised
90.17491269111633,,,0.66396,0.57562,1,,,,,,,,,GP3,0.66396,0.57562,0.37187,0.41019,normalised
90.1904788017273,,,0.66372,0.57758,1,,,,,,,,,GP3,0.66372,0.57758,0.37187,0.41019,normalised
90.20812797546387,,,0.66388,0.57839,1,,,,,,,,,GP3,0.66388,0.57839,0.37187,0.41019,normalised
90.22206830978394,,,0.66377,0.57839,1,,,,,,,,,GP3,0.66377,0.57839,0.37187,0.41019,normalised
90.23979234695435,,,0.66371,0.5783,1,,,,,,,,,GP3,0.66371,0.5783,0.37187,0.41019,normalised
90.2543363571167,,,0.66367,0.57888,1,,,,,,,,,GP3,0.66367,0.57888,0.37187,0.41019,normalised
90.27048087120056,,,0.66379,0.58008,1,,,,,,,,,GP3,0.66379,0.58008,0.37187,0.41019,normalised
90.28740096092224,,,0.66391,0.5812,1,,,,,,,,,GP3,0.66391,0.5812,0.37187,0.41019,normalised
90.30580878257751,,,0.66351,0.58108,1,,,,,,,,,GP3,0.66351,0.58108,0.37187,0.41019,normalised
90.32053399085999,,,0.65495,0.60927,0,,,,,,,,,GP3,0.65495,0.60927,0.37187,0.41019,normalised
90.33642911911011,,,0.65115,0.63323,0,,,,,,,,,GP3,0.65115,0.63323,0.37187,0.41019,normalised
90.35318732261658,,,0.65596,0.61636,0,,,,,,,,,GP3,0.65596,0.61636,0.37187,0.41019,normalised
90.36993360519409,,,0.65422,0.60198,1,,,,,,,,,GP3,0.65422,0.60198,0.37187,0.41019,normalised
90.38386297225952,,,0.65285,0.59433,1,,,,,,,,,GP3,0.65285,0.59433,0.37187,0.41019,normalised
90.40134358406067,,,0.65504,0.59406,1,,,,,,,,,GP3,0.65504,0.59406,0.37187,0.41019,normalised
90.41642618179321,,,0.65531,0.59276,1,,,,,,,,,GP3,0.65531,0.59276,0.37187,0.41019,normalised
90.43191599845886,,,0.65569,0.59165,1,,,,,,,,,GP3,0.65569,0.59165,0.37187,0.41019,normalised
90.448233127594,,,0.65728,0.58381,1,,,,,,,,,GP3,0.65728,0.58381,0.37187,0.41019,normalised
90.46425318717957,,,0.65836,0.57393,1,,,,,,,,,GP3,0.65836,0.57393,0.37187,0.41019,normalised
90.48081278800964,,,0.65985,0.56293,1,,,,,,,,,GP3,0.65985,0.56293,0.37187,0.41019,normalised
90.49762630462646,,,0.66078,0.55757,1,,,,,,,,,GP3,0.66078,0.55757,0.37187,0.41019,normalised
90.5138955116272,,,0.66276,0.5512,1,,,,,,,,,GP3,0.66276,0.5512,0.37187,0.41019,normalised
90.52950692176819,,,0.66402,0.54719,1,,,,,,,,,GP3,0.66402,0.54719,0.37187,0.41019,normalised
90.54507231712341,,,0.6634,0.54765,1,,,,,,,,,GP3,0.6634,0.54765,0.37187,0.41019,normalised
90.56220412254333,,,0.66202,0.55113,1,,,,,,,,,GP3,0.66202,0.55113,0.37187,0.41019,normalised
90.57885360717773,,,0.66078,0.55477,1,,,,,,,,,GP3,0.66078,0.55477,0.37187,0.41019,normalised
90.59555172920227,,,0.6606,0.55621,1,,,,,,,,,GP3,0.6606,0.55621,0.37187,0.41019,normalised
90.61117124557495,,,0.66154,0.55558,1,,,,,,,,,GP3,0.66154,0.55558,0.37187,0.41019,normalised
90.62600564956665,,,0.66706,0.52936,0,,,,,,,,,GP3,0.66706,0.52936,0.37187,0.41019,normalised
90.64262008666992,,,0.66903,0.53918,0,,,,,,,,,GP3,0.66903,0.53918,0.37187,0.41019,normalised
90.65876507759094,,,0.66216,0.55616,0,,,,,,,,,GP3,0.66216,0.55616,0.37187,0.41019,normalised
90.67587661743164,,,0.65767,0.56957,1,,,,,,,,,GP3,0.65767,0.56957,0.37187,0.41019,normalised
90.69368314743042,,,0.65389,0.57823,1,,,,,,,,,GP3,0.65389,0.57823,0.37187,0.41019,normalised
90.7098159790039,,,0.65218,0.58276,1,,,,,,,,,GP3,0.65218,0.58276,0.37187,0.41019,normalised
90.72478985786438,,,0.65125,0.58515,1,,,,,,,,,GP3,0.65125,0.58515,0.37187,0.41019,normalised
90.74180340766907,,,0.65373,0.58665,1,,,,,,,,,GP3,0.65373,0.58665,0.37187,0.41019,normalised
90.7564606666565,,,0.65538,0.58241,1,,,,,,,,,GP3,0.65538,0.58241,0.37187,0.41019,normalised
90.77251839637756,,,0.65697,0.57787,1,,,,,,,,,GP3,0.65697,0.57787,0.37187,0.41019,normalised
90.78827857971191,,,0.65882,0.57354,1,,,,,,,,,GP3,0.65882,0.57354,0.37187,0.41019,normalised
90.80516719818115,,,0.66022,0.56989,1,,,,,,,,,GP3,0.66022,0.56989,0.37187,0.41019,normalised
90.82125997543335,,,0.66123,0.56728,1,,,,,,,,,GP3,0.66123,0.56728,0.37187,0.41019,normalised
90.83792757987976,,,0.66069,0.56832,1,,,,,,,,,GP3,0.66069,0.56832,0.37187,0.41019,normalised
90.85565137863159,,,0.66036,0.56985,1,,,,,,,,,GP3,0.66036,0.56985,0.37187,0.41019,normalised
90.87039494514465,,,0.66004,0.57131,1,,,,,,,,,GP3,0.66004,0.57131,0.37187,0.41019,normalised
90.88521337509155,,,0.65918,0.57154,1,,,,,,,,,GP3,0.65918,0.57154,0.37187,0.41019,normalised
90.90124940872192,,,0.65926,0.57089,1,,,,,,,,,GP3,0.65926,0.57089,0.37187,0.41019,normalised
90.91787695884705,,,0.65944,0.56983,1,,,,,,,,,GP3,0.65944,0.56983,0.37187,0.41019,normalised
90.93406677246094,,,0.65856,0.5703,1,,,,,,,,,GP3,0.65856,0.5703,0.37187,0.41019,normalised
90.95137739181519,,,0.6582,0.57122,1,,,,,,,,,GP3,0.6582,0.57122,0.37187,0.41019,normalised
90.96674633026123,,,0.65779,0.57245,1,,,,,,,,,GP3,0.65779,0.57245,0.37187,0.41019,normalised
90.98310565948486,,,0.65553,0.56986,1,,,,,,,,,GP3,0.65553,0.56986,0.37187,0.41019,normalised
90.99803233146667,,,0.65201,0.56498,1,,,,,,,,,GP3,0.65201,0.56498,0.37187,0.41019,normalised
91.01511430740356,,,0.64878,0.56048,1,,,,,,,,,GP3,0.64878,0.56048,0.37187,0.41019,normalised
91.03114891052246,,,0.6266,0.52675,0,,,,,,,,,GP3,0.6266,0.52675,0.37187,0.41019,normalised
91.04789400100708,,,0.59425,0.38684,0,,,,,,,,,GP3,0.59425,0.38684,0.37187,0.41019,normalised
91.06263089179993,,,0.58373,0.33584,0,,,,,,,,,GP3,0.58373,0.33584,0.37187,0.41019,normalised
91.07946419715881,,,0.55804,0.23124,0,,,,,,,,,GP3,0.55804,0.23124,0.37187,0.41019,normalised
91.09539198875427,,,0.55535,0.24127,0,,,,,,,,,GP3,0.55535,0.24127,0.37187,0.41019,normalised
91.11217737197876,,,0.55445,0.24461,0,,,,,,,,,GP3,0.55445,0.24461,0.37187,0.41019,normalised
91.12928867340088,,,0.55421,0.23965,1,,,,,,,,,GP3,0.55421,0.23965,0.37187,0.41019,normalised
91.14683628082275,,,0.55276,0.23597,1,,,,,,,,,GP3,0.55276,0.23597,0.37187,0.41019,normalised
91.16017150878906,,,0.55169,0.23572,1,,,,,,,,,GP3,0.55169,0.23572,0.37187,0.41019,normalised
91.17689824104309,,,0.54905,0.24349,1,,,,,,,,,GP3,0.54905,0.24349,0.37187,0.41019,normalised
91.19365572929382,,,0.54837,0.24695,1,,,,,,,,,GP3,0.54837,0.24695,0.37187,0.41019,normalised
91.20877408981323,,,0.54798,0.2487,1,,,,,,,,,GP3,0.54798,0.2487,0.37187,0.41019,normalised
91.22469973564148,,,0.54904,0.24991,1,,,,,,,,,GP3,0.54904,0.24991,0.37187,0.41019,normalised
91.2414083480835,,,0.5486,0.24401,1,,,,,,,,,GP3,0.5486,0.24401,0.37187,0.41019,normalised
91.25895071029663,,,0.54825,0.23732,1,,,,,,,,,GP3,0.54825,0.23732,0.37187,0.41019,normalised
91.27578496932983,,,0.54743,0.23336,1,,,,,,,,,GP3,0.54743,0.23336,0.37187,0.41019,normalised
91.29253578186035,,,0.54777,0.23111,1,,,,,,,,,GP3,0.54777,0.23111,0.37187,0.41019,normalised
91.30608344078064,,,0.54789,0.23157,1,,,,,,,,,GP3,0.54789,0.23157,0.37187,0.41019,normalised
91.32319617271423,,,0.54733,0.23482,1,,,,,,,,,GP3,0.54733,0.23482,0.37187,0.41019,normalised
91.33972692489624,,,0.54686,0.23823,1,,,,,,,,,GP3,0.54686,0.23823,0.37187,0.41019,normalised
91.35419511795044,,,0.54637,0.24272,1,,,,,,,,,GP3,0.54637,0.24272,0.37187,0.41019,normalised
91.37197089195251,,,0.54519,0.24793,1,,,,,,,,,GP3,0.54519,0.24793,0.37187,0.41019,normalised
91.3882668018341,,,0.54448,0.25219,1,,,,,,,,,GP3,0.54448,0.25219,0.37187,0.41019,normalised
91.40466547012329,,,0.54387,0.25623,1,,,,,,,,,GP3,0.54387,0.25623,0.37187,0.41019,normalised
91.41937494277954,,,0.54299,0.26084,1,,,,,,,,,GP3,0.54299,0.26084,0.37187,0.41019,normalised
91.43493580818176,,,0.54308,0.26309,1,,,,,,,,,GP3,0.54308,0.26309,0.37187,0.41019,normalised
91.45208263397217,,,0.53818,0.29075,0,,,,,,,,,GP3,0.53818,0.29075,0.37187,0.41019,normalised
91.46863555908203,,,0.53898,0.2728,0,,,,,,,,,GP3,0.53898,0.2728,0.37187,0.41019,normalised
91.48429250717163,,,0.53572,0.27903,0,,,,,,,,,GP3,0.53572,0.27903,0.37187,0.41019,normalised
91.50237846374512,,,0.53397,0.28119,1,,,,,,,,,GP3,0.53397,0.28119,0.37187,0.41019,normalised
91.51939678192139,,,0.53437,0.28235,1,,,,,,,,,GP3,0.53437,0.28235,0.37187,0.41019,normalised
91.53251886367798,,,0.53185,0.28935,1,,,,,,,,,GP3,0.53185,0.28935,0.37187,0.41019,normalised
91.5486707687378,,,0.53027,0.29413,1,,,,,,,,,GP3,0.53027,0.29413,0.37187,0.41019,normalised
91.56551194190979,,,0.53159,0.29274,1,,,,,,,,,GP3,0.53159,0.29274,0.37187,0.41019,normalised
91.58111691474915,,,0.53126,0.2871,1,,,,,,,,,GP3,0.53126,0.2871,0.37187,0.41019,normalised
91.5979995727539,,,0.53097,0.28056,1,,,,,,,,,GP3,0.53097,0.28056,0.37187,0.41019,normalised
91.61502194404602,,,0.53312,0.27577,1,,,,,,,,,GP3,0.53312,0.27577,0.37187,0.41019,normalised
91.62885475158691,,,0.53221,0.27335,1,,,,,,,,,GP3,0.53221,0.27335,0.37187,0.41019,normalised
91.6464273929596,,,0.53131,0.27405,1,,,,,,,,,GP3,0.53131,0.27405,0.37187,0.41019,normalised
91.66220045089722,,,0.53164,0.27709,1,,,,,,,,,GP3,0.53164,0.27709,0.37187,0.41019,normalised
91.67705631256104,,,0.53075,0.28058,1,,,,,,,,,GP3,0.53075,0.28058,0.37187,0.41019,normalised
91.69407343864441,,,0.53,0.28402,1,,,,,,,,,GP3,0.53,0.28402,0.37187,0.41019,normalised
91.7122859954834,,,0.53,0.28738,1,,,,,,,,,GP3,0.53,0.28738,0.37187,0.41019,normalised
91.72712564468384,,,0.53024,0.28906,1,,,,,,,,,GP3,0.53024,0.28906,0.37187,0.41019,normalised
91.74312591552734,,,0.53047,0.2899,1,,,,,,,,,GP3,0.53047,0.2899,0.37187,0.41019,normalised
91.75987339019775,,,0.53074,0.29066,1,,,,,,,,,GP3,0.53074,0.29066,0.37187,0.41019,normalised
91.77504897117615,,,0.53076,0.29175,1,,,,,,,,,GP3,0.53076,0.29175,0.37187,0.41019,normalised
91.7913146018982,,,0.53086,0.2918,1,,,,,,,,,GP3,0.53086,0.2918,0.37187,0.41019,normalised
91.80796480178833,,,0.53109,0.28883,1,,,,,,,,,GP3,0.53109,0.28883,0.37187,0.41019,normalised
91.82424139976501,,,0.53151,0.28593,1,,,,,,,,,GP3,0.53151,0.28593,0.37187,0.41019,normalised
91.83990240097046,,,0.5319,0.28244,1,,,,,,,,,GP3,0.5319,0.28244,0.37187,0.41019,normalised
91.85557222366333,,,0.53224,0.27953,1,,,,,,,,,GP3,0.53224,0.27953,0.37187,0.41019,normalised
91.87340760231018,,,0.53275,0.27703,1,,,,,,,,,GP3,0.53275,0.27703,0.37187,0.41019,normalised
91.88992238044739,,,0.53324,0.27497,1,,,,,,,,,GP3,0.53324,0.27497,0.37187,0.41019,normalised
91.90664577484131,,,0.53311,0.27421,1,,,,,,,,,GP3,0.53311,0.27421,0.37187,0.41019,normalised
91.92156744003296,,,0.53763,0.24599,0,,,,,,,,,GP3,0.53763,0.24599,0.37187,0.41019,normalised
91.93816947937012,,,0.53666,0.22292,0,,,,,,,,,GP3,0.53666,0.22292,0.37187,0.41019,normalised
91.95300030708313,,,0.53615,0.21977,0,,,,,,,,,GP3,0.53615,0.21977,0.37187,0.41019,normalised
91.96893239021301,,,0.53563,0.22442,1,,,,,,,,,GP3,0.53563,0.22442,0.37187,0.41019,normalised
91.9859983921051,,,0.53509,0.22876,1,,,,,,,,,GP3,0.53509,0.22876,0.37187,0.41019,normalised
92.00368571281433,,,0.53408,0.22984,1,,,,,,,,,GP3,0.53408,0.22984,0.37187,0.41019,normalised
92.01830649375916,,,0.53643,0.22721,1,,,,,,,,,GP3,0.53643,0.22721,0.37187,0.41019,normalised
92.03419494628906,,,0.53818,0.22562,1,,,,,,,,,GP3,0.53818,0.22562,0.37187,0.41019,normalised
92.05195331573486,,,0.53993,0.22885,1,,,,,,,,,GP3,0.53993,0.22885,0.37187,0.41019,normalised
92.06708240509033,,,0.5398,0.23068,1,,,,,,,,,GP3,0.5398,0.23068,0.37187,0.41019,normalised
92.08478546142578,,,0.5397,0.23217,1,,,,,,,,,GP3,0.5397,0.23217,0.37187,0.41019,normalised
92.09870171546936,,,0.54015,0.23224,1,,,,,,,,,GP3,0.54015,0.23224,0.37187,0.41019,normalised
92.11553239822388,,,0.541,0.23392,1,,,,,,,,,GP3,0.541,0.23392,0.37187,0.41019,normalised
92.13160467147827,,,0.54169,0.23627,1,,,,,,,,,GP3,0.54169,0.23627,0.37187,0.41019,normalised
92.14762878417969,,,0.54199,0.23711,1,,,,,,,,,GP3,0.54199,0.23711,0.37187,0.41019,normalised
92.16274547576904,,,0.54104,0.23782,1,,,,,,,,,GP3,0.54104,0.23782,0.37187,0.41019,normalised
92.18167781829834,,,0.54019,0.23845,1,,,,,,,,,GP3,0.54019,0.23845,0.37187,0.41019,normalised
92.1964168548584,,,0.54062,0.24026,1,,,,,,,,,GP3,0.54062,0.24026,0.37187,0.41019,normalised
92.21118021011353,,,0.54139,0.24231,1,,,,,,,,,GP3,0.54139,0.24231,0.37187,0.41019,normalised
92.2275857925415,,,0.54213,0.24353,1,,,,,,,,,GP3,0.54213,0.24353,0.37187,0.41019,normalised
92.24364018440247,,,0.54144,0.24404,1,,,,,,,,,GP3,0.54144,0.24404,0.37187,0.41019,normalised
92.2604672908783,,,0.54151,0.24319,1,,,,,,,,,GP3,0.54151,0.24319,0.37187,0.41019,normalised
92.27727246284485,,,0.54155,0.24299,1,,,,,,,,,GP3,0.54155,0.24299,0.37187,0.41019,normalised
92.29350686073303,,,0.54117,0.24307,1,,,,,,,,,GP3,0.54117,0.24307,0.37187,0.41019,normalised
92.30929803848267,,,0.54104,0.24401,1,,,,,,,,,GP3,0.54104,0.24401,0.37187,0.41019,normalised
92.32536196708679,,,0.54089,0.24538,1,,,,,,,,,GP3,0.54089,0.24538,0.37187,0.41019,normalised
92.34107160568237,,,0.5406,0.24854,1,,,,,,,,,GP3,0.5406,0.24854,0.37187,0.41019,normalised
92.3580846786499,,,0.54037,0.25019,1,,,,,,,,,GP3,0.54037,0.25019,0.37187,0.41019,normalised
92.37276864051819,,,0.54015,0.2515,1,,,,,,,,,GP3,0.54015,0.2515,0.37187,0.41019,normalised
92.39011549949646,,,0.54062,0.25253,1,,,,,,,,,GP3,0.54062,0.25253,0.37187,0.41019,normalised
92.40683197975159,,,0.54083,0.25336,1,,,,,,,,,GP3,0.54083,0.25336,0.37187,0.41019,normalised
92.42476272583008,,,0.54102,0.25466,1,,,,,,,,,GP3,0.54102,0.25466,0.37187,0.41019,normalised
92.43871760368347,,,0.54096,0.25665,1,,,,,,,,,GP3,0.54096,0.25665,0.37187,0.41019,normalised
92.45574617385864,,,0.53904,0.28736,0,,,,,,,,,GP3,0.53904,0.28736,0.37187,0.41019,normalised
92.47227573394775,,,0.53533,0.29793,0,,,,,,,,,GP3,0.53533,0.29793,0.37187,0.41019,normalised
92.4895269870758,,,0.53895,0.28324,0,,,,,,,,,GP3,0.53895,0.28324,0.37187,0.41019,normalised
92.50714111328125,,,0.5405,0.27322,1,,,,,,,,,GP3,0.5405,0.27322,0.37187,0.41019,normalised
92.52010869979858,,,0.54141,0.26358,1,,,,,,,,,GP3,0.54141,0.26358,0.37187,0.41019,normalised
92.53566861152649,,,0.53865,0.25875,1,,,,,,,,,GP3,0.53865,0.25875,0.37187,0.41019,normalised
92.55354118347168,,,0.53262,0.26159,1,,,,,,,,,GP3,0.53262,0.26159,0.37187,0.41019,normalised
92.56793808937073,,,0.5281,0.26722,1,,,,,,,,,GP3,0.5281,0.26722,0.37187,0.41019,normalised
92.58648991584778,,,0.52925,0.27196,1,,,,,,,,,GP3,0.52925,0.27196,0.37187,0.41019,normalised
92.60099339485168,,,0.5291,0.27567,1,,,,,,,,,GP3,0.5291,0.27567,0.37187,0.41019,normalised
92.61562418937683,,,0.52908,0.27799,1,,,,,,,,,GP3,0.52908,0.27799,0.37187,0.41019,normalised
92.63153195381165,,,0.53144,0.27714,1,,,,,,,,,GP3,0.53144,0.27714,0.37187,0.41019,normalised
92.64997577667236,,,0.53239,0.27523,1,,,,,,,,,GP3,0.53239,0.27523,0.37187,0.41019,normalised
92.66544246673584,,,0.5332,0.27213,1,,,,,,,,,GP3,0.5332,0.27213,0.37187,0.41019,normalised
92.68067979812622,,,0.53434,0.26907,1,,,,,,,,,GP3,0.53434,0.26907,0.37187,0.41019,normalised
92.69731879234314,,,0.5342,0.26672,1,,,,,,,,,GP3,0.5342,0.26672,0.37187,0.41019,normalised
92.71331548690796,,,0.53407,0.26482,1,,,,,,,,,GP3,0.53407,0.26482,0.37187,0.41019,normalised
92.73013925552368,,,0.53339,0.26411,1,,,,,,,,,GP3,0.53339,0.26411,0.37187,0.41019,normalised
92.7465353012085,,,0.53293,0.26293,1,,,,,,,,,GP3,0.53293,0.26293,0.37187,0.41019,normalised
92.76225352287292,,,0.53249,0.26305,1,,,,,,,,,GP3,0.53249,0.26305,0.37187,0.41019,normalised
92.7778697013855,,,0.53302,0.26548,1,,,,,,,,,GP3,0.53302,0.26548,0.37187,0.41019,normalised
92.79561305046082,,,0.53373,0.26793,1,,,,,,,,,GP3,0.53373,0.26793,0.37187,0.41019,normalised
92.80945539474487,,,0.53431,0.27099,1,,,,,,,,,GP3,0.53431,0.27099,0.37187,0.41019,normalised
92.82704973220825,,,0.53415,0.27361,1,,,,,,,,,GP3,0.53415,0.27361,0.37187,0.41019,normalised
92.84323191642761,,,0.53432,0.27652,1,,,,,,,,,GP3,0.53432,0.27652,0.37187,0.41019,normalised
92.8601005077362,,,0.53447,0.27928,1,,,,,,,,,GP3,0.53447,0.27928,0.37187,0.41019,normalised
92.87523674964905,,,0.53446,0.28299,1,,,,,,,,,GP3,0.53446,0.28299,0.37187,0.41019,normalised
92.89317798614502,,,0.53407,0.31135,0,,,,,,,,,GP3,0.53407,0.31135,0.37187,0.41019,normalised
92.90805292129517,,,0.53015,0.33919,0,,,,,,,,,GP3,0.53015,0.33919,0.37187,0.41019,normalised
92.9255063533783,,,0.52462,0.34595,0,,,,,,,,,GP3,0.52462,0.34595,0.37187,0.41019,normalised
92.93993544578552,,,0.52577,0.35397,1,,,,,,,,,GP3,0.52577,0.35397,0.37187,0.41019,normalised
92.95702528953552,,,0.52646,0.35511,1,,,,,,,,,GP3,0.52646,0.35511,0.37187,0.41019,normalised
92.97134733200073,,,0.52912,0.35224,1,,,,,,,,,GP3,0.52912,0.35224,0.37187,0.41019,normalised
92.98885416984558,,,0.53271,0.34584,1,,,,,,,,,GP3,0.53271,0.34584,0.37187,0.41019,normalised
93.00645399093628,,,0.53561,0.3389,1,,,,,,,,,GP3,0.53561,0.3389,0.37187,0.41019,normalised
93.02016520500183,,,0.52455,0.33792,1,,,,,,,,,GP3,0.52455,0.33792,0.37187,0.41019,normalised
93.03760766983032,,,0.51224,0.33739,1,,,,,,,,,GP3,0.51224,0.33739,0.37187,0.41019,normalised
93.0522563457489,,,0.50207,0.33589,1,,,,,,,,,GP3,0.50207,0.33589,0.37187,0.41019,normalised
93.07162952423096,,,0.49379,0.33054,1,,,,,,,,,GP3,0.49379,0.33054,0.37187,0.41019,normalised
93.08546304702759,,,0.48679,0.3306,1,,,,,,,,,GP3,0.48679,0.3306,0.37187,0.41019,normalised
93.102121591568,,,0.48079,0.33066,1,,,,,,,,,GP3,0.48079,0.33066,0.37187,0.41019,normalised
93.12003779411316,,,0.47466,0.32909,1,,,,,,,,,GP3,0.47466,0.32909,0.37187,0.41019,normalised
93.1343138217926,,,0.47061,0.32815,1,,,,,,,,,GP3,0.47061,0.32815,0.37187,0.41019,normalised
93.15139317512512,,,0.44226,0.31573,0,,,,,,,,,GP3,0.44226,0.31573,0.37187,0.41019,normalised
93.16809678077698,,,0.4109,0.32241,0,,,,,,,,,GP3,0.4109,0.32241,0.37187,0.41019,normalised
93.18235349655151,,,0.41369,0.31778,0,,,,,,,,,GP3,0.41369,0.31778,0.37187,0.41019,normalised
93.19898271560669,,,0.41509,0.31546,1,,,,,,,,,GP3,0.41509,0.31546,0.37187,0.41019,normalised
93.21481394767761,,,0.41745,0.31518,1,,,,,,,,,GP3,0.41745,0.31518,0.37187,0.41019,normalised
93.23108959197998,,,0.41109,0.31393,1,,,,,,,,,GP3,0.41109,0.31393,0.37187,0.41019,normalised
93.24741411209106,,,0.40675,0.31472,1,,,,,,,,,GP3,0.40675,0.31472,0.37187,0.41019,normalised
93.26507878303528,,,0.40672,0.31778,1,,,,,,,,,GP3,0.40672,0.31778,0.37187,0.41019,normalised
93.27865195274353,,,0.40285,0.34079,1,,,,,,,,,GP3,0.40285,0.34079,0.37187,0.41019,normalised
93.29746437072754,,,0.39992,0.36015,1,,,,,,,,,GP3,0.39992,0.36015,0.37187,0.41019,normalised
93.31217408180237,,,0.39645,0.37201,1,,,,,,,,,GP3,0.39645,0.37201,0.37187,0.41019,normalised
93.32721710205078,,,0.39042,0.38041,1,,,,,,,,,GP3,0.39042,0.38041,0.37187,0.41019,normalised
93.34334540367126,,,0.38548,0.38855,1,,,,,,,,,GP3,0.38548,0.38855,0.37187,0.41019,normalised
93.36105966567993,,,0.38135,0.39918,1,,,,,,,,,GP3,0.38135,0.39918,0.37187,0.41019,normalised
93.37680983543396,,,0.3794,0.40891,1,,,,,,,,,GP3,0.3794,0.40891,0.37187,0.41019,normalised
93.39250779151917,,,0.3652,0.45098,0,,,,,,,,,GP3,0.3652,0.45098,0.37187,0.41019,normalised
93.40906381607056,,,0.35134,0.50769,0,,,,,,,,,GP3,0.35134,0.50769,0.37187,0.41019,normalised
93.42658948898315,,,0.34369,0.51486,0,,,,,,,,,GP3,0.34369,0.51486,0.37187,0.41019,normalised
93.4406247138977,,,0.33943,0.51732,1,,,,,,,,,GP3,0.33943,0.51732,0.37187,0.41019,normalised
93.458251953125,,,0.33694,0.51899,1,,,,,,,,,GP3,0.33694,0.51899,0.37187,0.41019,normalised
93.47285461425781,,,0.33666,0.5217,1,,,,,,,,,GP3,0.33666,0.5217,0.37187,0.41019,normalised
93.48954272270203,,,0.33733,0.52762,1,,,,,,,,,GP3,0.33733,0.52762,0.37187,0.41019,normalised
93.50624132156372,,,0.33935,0.53636,1,,,,,,,,,GP3,0.33935,0.53636,0.37187,0.41019,normalised
93.52276825904846,,,0.33897,0.54107,1,,,,,,,,,GP3,0.33897,0.54107,0.37187,0.41019,normalised
93.5377938747406,,,0.33843,0.54354,1,,,,,,,,,GP3,0.33843,0.54354,0.37187,0.41019,normalised
93.55564785003662,,,0.33784,0.54486,1,,,,,,,,,GP3,0.33784,0.54486,0.37187,0.41019,normalised
93.5722029209137,,,0.33791,0.54503,1,,,,,,,,,GP3,0.33791,0.54503,0.37187,0.41019,normalised
93.58720397949219,,,0.33772,0.54422,1,,,,,,,,,GP3,0.33772,0.54422,0.37187,0.41019,normalised
