time_s,device_time_s,system_time_s,gaze_x,gaze_y,valid,left_gaze_x,left_gaze_y,right_gaze_x,right_gaze_y,left_valid,right_valid,pupil_left,pupil_right,source_device,raw_gaze_x,raw_gaze_y,raw_cx,raw_cy,coordinate_space
0.5614852905273438,,,0.0,0.0,0,,,,,,,,,GP3HD,0.0,0.0,0.0,0.0,normalised
0.5721690654754639,,,0.0,0.0,0,,,,,,,,,GP3HD,0.0,0.0,0.0,0.0,normalised
1.2914369106292725,,,0.0,0.0,0,,,,,,,,,GP3HD,0.0,0.0,0.0,0.0,normalised
1.3057973384857178,,,0.0,0.0,0,,,,,,,,,GP3HD,0.0,0.0,0.0,0.0,normalised
1.3236608505249023,,,0.0,0.0,0,,,,,,,,,GP3HD,0.0,0.0,0.0901,0.36389,normalised
1.3352501392364502,,,0.0,0.0,0,,,,,,,,,GP3HD,0.0,0.0,0.0901,0.36389,normalised
1.3527534008026123,,,0.0,0.0,0,,,,,,,,,GP3HD,0.0,0.0,0.0901,0.36389,normalised
1.3670916557312012,,,0.0,0.0,0,,,,,,,,,GP3HD,0.0,0.0,0.0901,0.36389,normalised
1.3871655464172363,,,0.0,0.0,0,,,,,,,,,GP3HD,0.0,0.0,0.0901,0.36389,normalised
1.4011976718902588,,,0.0,0.0,0,,,,,,,,,GP3HD,0.0,0.0,0.0901,0.36389,normalised
1.4188668727874756,,,0.0,0.0,0,,,,,,,,,GP3HD,0.0,0.0,0.0901,0.36389,normalised
1.433617115020752,,,0.0,0.0,0,,,,,,,,,GP3HD,0.0,0.0,0.0901,0.36389,normalised
1.4524903297424316,,,0.0,0.0,0,,,,,,,,,GP3HD,0.0,0.0,0.0901,0.36389,normalised
1.466897964477539,,,0.0,0.0,0,,,,,,,,,GP3HD,0.0,0.0,0.0901,0.36389,normalised
1.4834692478179932,,,0.0,0.0,0,,,,,,,,,GP3HD,0.0,0.0,0.0901,0.36389,normalised
1.4940261840820312,,,1.01369,1.22252,1,,,,,,,,,GP3HD,1.01369,1.22252,0.0901,0.36389,normalised
1.5117096900939941,,,1.02261,1.23051,1,,,,,,,,,GP3HD,1.02261,1.23051,0.0901,0.36389,normalised
1.526606559753418,,,1.02571,1.23308,1,,,,,,,,,GP3HD,1.02571,1.23308,0.0901,0.36389,normalised
1.5431251525878906,,,1.02333,1.22915,1,,,,,,,,,GP3HD,1.02333,1.22915,0.0901,0.36389,normalised
1.5605707168579102,,,1.02393,1.22668,1,,,,,,,,,GP3HD,1.02393,1.22668,0.0901,0.36389,normalised
1.5742628574371338,,,1.02425,1.22491,1,,,,,,,,,GP3HD,1.02425,1.22491,0.0901,0.36389,normalised
1.5931620597839355,,,1.02406,1.22619,1,,,,,,,,,GP3HD,1.02406,1.22619,0.0901,0.36389,normalised
1.6073760986328125,,,1.02547,1.22922,1,,,,,,,,,GP3HD,1.02547,1.22922,0.0901,0.36389,normalised
1.6251766681671143,,,1.02661,1.23186,1,,,,,,,,,GP3HD,1.02661,1.23186,0.0901,0.36389,normalised
1.639510154724121,,,1.02887,1.23433,1,,,,,,,,,GP3HD,1.02887,1.23433,0.0901,0.36389,normalised
1.6554100513458252,,,1.0265,1.23217,1,,,,,,,,,GP3HD,1.0265,1.23217,0.0901,0.36389,normalised
1.6710216999053955,,,1.02452,1.23001,1,,,,,,,,,GP3HD,1.02452,1.23001,0.0901,0.36389,normalised
1.6880102157592773,,,1.02433,1.22832,1,,,,,,,,,GP3HD,1.02433,1.22832,0.0901,0.36389,normalised
1.7043607234954834,,,1.02398,1.22761,1,,,,,,,,,GP3HD,1.02398,1.22761,0.0901,0.36389,normalised
1.7210180759429932,,,1.02368,1.227,1,,,,,,,,,GP3HD,1.02368,1.227,0.0901,0.36389,normalised
1.7385673522949219,,,1.02499,1.22719,1,,,,,,,,,GP3HD,1.02499,1.22719,0.0901,0.36389,normalised
1.7521893978118896,,,1.02723,1.22852,1,,,,,,,,,GP3HD,1.02723,1.22852,0.0901,0.36389,normalised
1.7687394618988037,,,1.02917,1.22989,1,,,,,,,,,GP3HD,1.02917,1.22989,0.0901,0.36389,normalised
1.7842028141021729,,,1.02826,1.22947,1,,,,,,,,,GP3HD,1.02826,1.22947,0.0901,0.36389,normalised
1.802126169204712,,,1.02779,1.22954,1,,,,,,,,,GP3HD,1.02779,1.22954,0.0901,0.36389,normalised
1.8186078071594238,,,1.02739,1.22974,1,,,,,,,,,GP3HD,1.02739,1.22974,0.0901,0.36389,normalised
1.835491418838501,,,1.02732,1.22943,1,,,,,,,,,GP3HD,1.02732,1.22943,0.0901,0.36389,normalised
1.8498790264129639,,,1.02744,1.22983,1,,,,,,,,,GP3HD,1.02744,1.22983,0.0901,0.36389,normalised
1.8667500019073486,,,1.02757,1.22993,1,,,,,,,,,GP3HD,1.02757,1.22993,0.0901,0.36389,normalised
1.8824551105499268,,,1.0284,1.23087,1,,,,,,,,,GP3HD,1.0284,1.23087,0.0901,0.36389,normalised
1.9001388549804688,,,1.02856,1.23058,1,,,,,,,,,GP3HD,1.02856,1.23058,0.0901,0.36389,normalised
1.9149596691131592,,,1.0287,1.23036,1,,,,,,,,,GP3HD,1.0287,1.23036,0.0901,0.36389,normalised
1.9314258098602295,,,1.02836,1.22972,1,,,,,,,,,GP3HD,1.02836,1.22972,0.0901,0.36389,normalised
1.9490606784820557,,,1.02838,1.22923,1,,,,,,,,,GP3HD,1.02838,1.22923,0.0901,0.36389,normalised
1.9625318050384521,,,1.02841,1.22888,1,,,,,,,,,GP3HD,1.02841,1.22888,0.0901,0.36389,normalised
1.9793317317962646,,,1.02924,1.22948,1,,,,,,,,,GP3HD,1.02924,1.22948,0.0901,0.36389,normalised
1.9961309432983398,,,1.02948,1.23014,1,,,,,,,,,GP3HD,1.02948,1.23014,0.0901,0.36389,normalised
2.012960195541382,,,1.02971,1.23065,1,,,,,,,,,GP3HD,1.02971,1.23065,0.0901,0.36389,normalised
2.0296058654785156,,,1.0297,1.2303,1,,,,,,,,,GP3HD,1.0297,1.2303,0.0901,0.36389,normalised
2.0458528995513916,,,1.03033,1.23098,1,,,,,,,,,GP3HD,1.03033,1.23098,0.0901,0.36389,normalised
2.0603878498077393,,,1.03091,1.23167,1,,,,,,,,,GP3HD,1.03091,1.23167,0.0901,0.36389,normalised
2.0779175758361816,,,1.03126,1.23107,1,,,,,,,,,GP3HD,1.03126,1.23107,0.0901,0.36389,normalised
2.091704845428467,,,1.0318,1.23093,1,,,,,,,,,GP3HD,1.0318,1.23093,0.0901,0.36389,normalised
2.1104350090026855,,,1.03229,1.23088,1,,,,,,,,,GP3HD,1.03229,1.23088,0.0901,0.36389,normalised
2.1251115798950195,,,1.03162,1.23045,1,,,,,,,,,GP3HD,1.03162,1.23045,0.0901,0.36389,normalised
2.1407668590545654,,,1.03186,1.23088,1,,,,,,,,,GP3HD,1.03186,1.23088,0.0901,0.36389,normalised
2.1573069095611572,,,1.03208,1.2313,1,,,,,,,,,GP3HD,1.03208,1.2313,0.0901,0.36389,normalised
2.1749043464660645,,,1.03191,1.23151,1,,,,,,,,,GP3HD,1.03191,1.23151,0.0901,0.36389,normalised
2.1885344982147217,,,1.03256,1.2322,1,,,,,,,,,GP3HD,1.03256,1.2322,0.0901,0.36389,normalised
2.205873966217041,,,1.03318,1.2329,1,,,,,,,,,GP3HD,1.03318,1.2329,0.0901,0.36389,normalised
2.2236037254333496,,,1.03298,1.23255,1,,,,,,,,,GP3HD,1.03298,1.23255,0.0901,0.36389,normalised
2.238111734390259,,,1.03324,1.23258,1,,,,,,,,,GP3HD,1.03324,1.23258,0.0901,0.36389,normalised
2.2539165019989014,,,1.03348,1.23255,1,,,,,,,,,GP3HD,1.03348,1.23255,0.0901,0.36389,normalised
2.2710635662078857,,,1.03374,1.23265,1,,,,,,,,,GP3HD,1.03374,1.23265,0.0901,0.36389,normalised
2.2871363162994385,,,1.03398,1.23276,1,,,,,,,,,GP3HD,1.03398,1.23276,0.0901,0.36389,normalised
2.302544355392456,,,1.03422,1.23285,1,,,,,,,,,GP3HD,1.03422,1.23285,0.0901,0.36389,normalised
2.3212201595306396,,,1.03463,1.23332,1,,,,,,,,,GP3HD,1.03463,1.23332,0.0901,0.36389,normalised
2.334462881088257,,,1.03511,1.23389,1,,,,,,,,,GP3HD,1.03511,1.23389,0.0901,0.36389,normalised
2.3524270057678223,,,1.03559,1.23445,1,,,,,,,,,GP3HD,1.03559,1.23445,0.0901,0.36389,normalised
2.3698084354400635,,,1.0356,1.23415,1,,,,,,,,,GP3HD,1.0356,1.23415,0.0901,0.36389,normalised
2.385354518890381,,,1.03601,1.23436,1,,,,,,,,,GP3HD,1.03601,1.23436,0.0901,0.36389,normalised
2.39890456199646,,,1.03642,1.23457,1,,,,,,,,,GP3HD,1.03642,1.23457,0.0901,0.36389,normalised
2.4164135456085205,,,1.03625,1.23466,1,,,,,,,,,GP3HD,1.03625,1.23466,0.0901,0.36389,normalised
2.4315874576568604,,,1.03668,1.2352,1,,,,,,,,,GP3HD,1.03668,1.2352,0.0901,0.36389,normalised
2.4476728439331055,,,1.03711,1.23574,1,,,,,,,,,GP3HD,1.03711,1.23574,0.0901,0.36389,normalised
2.464306592941284,,,1.03767,1.23637,1,,,,,,,,,GP3HD,1.03767,1.23637,0.0901,0.36389,normalised
2.480311870574951,,,1.03808,1.2368,1,,,,,,,,,GP3HD,1.03808,1.2368,0.0901,0.36389,normalised
2.4962544441223145,,,1.03848,1.23727,1,,,,,,,,,GP3HD,1.03848,1.23727,0.0901,0.36389,normalised
2.5150835514068604,,,1.03882,1.23806,1,,,,,,,,,GP3HD,1.03882,1.23806,0.0901,0.36389,normalised
2.531259775161743,,,1.03844,1.23812,1,,,,,,,,,GP3HD,1.03844,1.23812,0.0901,0.36389,normalised
2.5480101108551025,,,1.03808,1.23817,1,,,,,,,,,GP3HD,1.03808,1.23817,0.0901,0.36389,normalised
2.56251859664917,,,1.03841,1.23853,1,,,,,,,,,GP3HD,1.03841,1.23853,0.0901,0.36389,normalised
2.5782289505004883,,,1.03849,1.23817,1,,,,,,,,,GP3HD,1.03849,1.23817,0.0901,0.36389,normalised
2.5939502716064453,,,1.03856,1.23762,1,,,,,,,,,GP3HD,1.03856,1.23762,0.0901,0.36389,normalised
2.609567642211914,,,1.03907,1.23775,1,,,,,,,,,GP3HD,1.03907,1.23775,0.0901,0.36389,normalised
2.6258368492126465,,,1.03938,1.2374,1,,,,,,,,,GP3HD,1.03938,1.2374,0.0901,0.36389,normalised
2.643336057662964,,,1.03968,1.23722,1,,,,,,,,,GP3HD,1.03968,1.23722,0.0901,0.36389,normalised
2.660543441772461,,,1.03949,1.23676,1,,,,,,,,,GP3HD,1.03949,1.23676,0.0901,0.36389,normalised
2.6742451190948486,,,1.0396,1.23701,1,,,,,,,,,GP3HD,1.0396,1.23701,0.0901,0.36389,normalised
2.6912429332733154,,,1.03973,1.23733,1,,,,,,,,,GP3HD,1.03973,1.23733,0.0901,0.36389,normalised
2.7075374126434326,,,1.04024,1.23855,1,,,,,,,,,GP3HD,1.04024,1.23855,0.0901,0.36389,normalised
2.724332332611084,,,1.04016,1.23879,1,,,,,,,,,GP3HD,1.04016,1.23879,0.0901,0.36389,normalised
2.7420992851257324,,,1.04007,1.23893,1,,,,,,,,,GP3HD,1.04007,1.23893,0.0901,0.36389,normalised
2.7557315826416016,,,1.04004,1.23889,1,,,,,,,,,GP3HD,1.04004,1.23889,0.0901,0.36389,normalised
2.774984121322632,,,1.04015,1.23876,1,,,,,,,,,GP3HD,1.04015,1.23876,0.0901,0.36389,normalised
2.7896549701690674,,,1.04025,1.23872,1,,,,,,,,,GP3HD,1.04025,1.23872,0.0901,0.36389,normalised
2.803441047668457,,,1.04051,1.23904,1,,,,,,,,,GP3HD,1.04051,1.23904,0.0901,0.36389,normalised
2.8201744556427,,,1.04033,1.23844,1,,,,,,,,,GP3HD,1.04033,1.23844,0.0901,0.36389,normalised
2.8369266986846924,,,1.04017,1.23783,1,,,,,,,,,GP3HD,1.04017,1.23783,0.0901,0.36389,normalised
2.853111505508423,,,1.0401,1.23823,1,,,,,,,,,GP3HD,1.0401,1.23823,0.0901,0.36389,normalised
2.871436357498169,,,1.03966,1.23813,1,,,,,,,,,GP3HD,1.03966,1.23813,0.0901,0.36389,normalised
2.885767936706543,,,1.03922,1.23795,1,,,,,,,,,GP3HD,1.03922,1.23795,0.0901,0.36389,normalised
2.9007818698883057,,,1.0399,1.23843,1,,,,,,,,,GP3HD,1.0399,1.23843,0.0901,0.36389,normalised
2.9184117317199707,,,1.0396,1.23829,1,,,,,,,,,GP3HD,1.0396,1.23829,0.0901,0.36389,normalised
2.933558464050293,,,1.03932,1.23822,1,,,,,,,,,GP3HD,1.03932,1.23822,0.0901,0.36389,normalised
2.9502463340759277,,,1.03979,1.23813,1,,,,,,,,,GP3HD,1.03979,1.23813,0.0901,0.36389,normalised
2.9661500453948975,,,1.04013,1.23994,1,,,,,,,,,GP3HD,1.04013,1.23994,0.0901,0.36389,normalised
2.983708143234253,,,1.04048,1.24167,1,,,,,,,,,GP3HD,1.04048,1.24167,0.0901,0.36389,normalised
2.9974472522735596,,,1.04048,1.24167,1,,,,,,,,,GP3HD,1.04048,1.24167,0.0901,0.36389,normalised
3.0183918476104736,,,1.04048,1.24167,1,,,,,,,,,GP3HD,1.04048,1.24167,0.0901,0.36389,normalised
3.0339503288269043,,,1.04048,1.24167,1,,,,,,,,,GP3HD,1.04048,1.24167,0.0901,0.36389,normalised
3.048840045928955,,,1.04363,1.25089,0,,,,,,,,,GP3HD,1.04363,1.25089,0.0901,0.36389,normalised
3.0689358711242676,,,1.04363,1.25089,0,,,,,,,,,GP3HD,1.04363,1.25089,0.0901,0.36389,normalised
3.0827157497406006,,,1.04363,1.25089,0,,,,,,,,,GP3HD,1.04363,1.25089,0.0901,0.36389,normalised
3.0972635746002197,,,0.0,0.0,0,,,,,,,,,GP3HD,0.0,0.0,0.0901,0.36389,normalised
3.115957260131836,,,0.0,0.0,0,,,,,,,,,GP3HD,0.0,0.0,0.0901,0.36389,normalised
3.1317412853240967,,,0.0,0.0,0,,,,,,,,,GP3HD,0.0,0.0,0.0901,0.36389,normalised
3.146409273147583,,,0.0,0.0,0,,,,,,,,,GP3HD,0.0,0.0,0.0901,0.36389,normalised
3.164158344268799,,,0.0,0.0,0,,,,,,,,,GP3HD,0.0,0.0,0.0901,0.36389,normalised
3.179197072982788,,,0.0,0.0,0,,,,,,,,,GP3HD,0.0,0.0,0.0901,0.36389,normalised
3.197819471359253,,,0.0,0.0,0,,,,,,,,,GP3HD,0.0,0.0,0.0901,0.36389,normalised
3.2120988368988037,,,0.0,0.0,0,,,,,,,,,GP3HD,0.0,0.0,0.0901,0.36389,normalised
3.227900981903076,,,0.0,0.0,0,,,,,,,,,GP3HD,0.0,0.0,0.0901,0.36389,normalised
3.242947816848755,,,0.0,0.0,0,,,,,,,,,GP3HD,0.0,0.0,0.0901,0.36389,normalised
3.2629690170288086,,,0.0,0.0,0,,,,,,,,,GP3HD,0.0,0.0,0.0901,0.36389,normalised
3.277719736099243,,,0.0,0.0,0,,,,,,,,,GP3HD,0.0,0.0,0.0901,0.36389,normalised
3.2945122718811035,,,0.0,0.0,0,,,,,,,,,GP3HD,0.0,0.0,0.0901,0.36389,normalised
3.310746908187866,,,0.0,0.0,0,,,,,,,,,GP3HD,0.0,0.0,0.0901,0.36389,normalised
3.324633836746216,,,0.0,0.0,0,,,,,,,,,GP3HD,0.0,0.0,0.0901,0.36389,normalised
3.3409979343414307,,,0.0,0.0,0,,,,,,,,,GP3HD,0.0,0.0,0.0901,0.36389,normalised
3.3576223850250244,,,0.5224,0.62274,0,,,,,,,,,GP3HD,0.5224,0.62274,0.0901,0.36389,normalised
3.3691182136535645,,,0.69651,0.82983,0,,,,,,,,,GP3HD,0.69651,0.82983,0.0901,0.36389,normalised
3.3866279125213623,,,1.04187,1.23958,0,,,,,,,,,GP3HD,1.04187,1.23958,0.0901,0.36389,normalised
3.4041669368743896,,,1.03638,1.23809,0,,,,,,,,,GP3HD,1.03638,1.23809,0.0901,0.36389,normalised
3.418870210647583,,,1.03464,1.23728,0,,,,,,,,,GP3HD,1.03464,1.23728,0.0901,0.36389,normalised
3.4366044998168945,,,1.03125,1.2292,1,,,,,,,,,GP3HD,1.03125,1.2292,0.0901,0.36389,normalised
3.4510114192962646,,,1.03366,1.22873,1,,,,,,,,,GP3HD,1.03366,1.22873,0.0901,0.36389,normalised
3.46736478805542,,,1.03529,1.22868,1,,,,,,,,,GP3HD,1.03529,1.22868,0.0901,0.36389,normalised
3.4836368560791016,,,1.03434,1.22779,1,,,,,,,,,GP3HD,1.03434,1.22779,0.0901,0.36389,normalised
3.5003461837768555,,,1.03,1.22509,1,,,,,,,,,GP3HD,1.03,1.22509,0.0901,0.36389,normalised
3.516139030456543,,,1.02663,1.22325,1,,,,,,,,,GP3HD,1.02663,1.22325,0.0901,0.36389,normalised
3.5319221019744873,,,1.02626,1.22114,1,,,,,,,,,GP3HD,1.02626,1.22114,0.0901,0.36389,normalised
3.5486600399017334,,,1.02549,1.21839,1,,,,,,,,,GP3HD,1.02549,1.21839,0.0901,0.36389,normalised
3.563479423522949,,,1.02483,1.21597,1,,,,,,,,,GP3HD,1.02483,1.21597,0.0901,0.36389,normalised
3.582202672958374,,,1.0262,1.21643,1,,,,,,,,,GP3HD,1.0262,1.21643,0.0901,0.36389,normalised
3.598072052001953,,,1.02639,1.21625,1,,,,,,,,,GP3HD,1.02639,1.21625,0.0901,0.36389,normalised
3.611879348754883,,,1.02656,1.21594,1,,,,,,,,,GP3HD,1.02656,1.21594,0.0901,0.36389,normalised
3.6296794414520264,,,1.0255,1.21309,1,,,,,,,,,GP3HD,1.0255,1.21309,0.0901,0.36389,normalised
3.645216464996338,,,1.02609,1.21294,1,,,,,,,,,GP3HD,1.02609,1.21294,0.0901,0.36389,normalised
3.6608428955078125,,,1.02662,1.21268,1,,,,,,,,,GP3HD,1.02662,1.21268,0.0901,0.36389,normalised
3.6776020526885986,,,1.02528,1.21065,1,,,,,,,,,GP3HD,1.02528,1.21065,0.0901,0.36389,normalised
3.694175958633423,,,1.02556,1.20954,1,,,,,,,,,GP3HD,1.02556,1.20954,0.0901,0.36389,normalised
3.7118277549743652,,,1.02583,1.20862,1,,,,,,,,,GP3HD,1.02583,1.20862,0.0901,0.36389,normalised
3.725642442703247,,,1.02498,1.20682,1,,,,,,,,,GP3HD,1.02498,1.20682,0.0901,0.36389,normalised
3.7424404621124268,,,1.02398,1.20544,1,,,,,,,,,GP3HD,1.02398,1.20544,0.0901,0.36389,normalised
3.7586476802825928,,,1.02305,1.20411,1,,,,,,,,,GP3HD,1.02305,1.20411,0.0901,0.36389,normalised
3.7741479873657227,,,1.02294,1.2038,1,,,,,,,,,GP3HD,1.02294,1.2038,0.0901,0.36389,normalised
3.791484832763672,,,1.0229,1.20271,1,,,,,,,,,GP3HD,1.0229,1.20271,0.0901,0.36389,normalised
3.807309865951538,,,1.02287,1.20186,1,,,,,,,,,GP3HD,1.02287,1.20186,0.0901,0.36389,normalised
3.8229403495788574,,,1.02274,1.20121,1,,,,,,,,,GP3HD,1.02274,1.20121,0.0901,0.36389,normalised
3.841831922531128,,,1.02145,1.20057,1,,,,,,,,,GP3HD,1.02145,1.20057,0.0901,0.36389,normalised
3.8579249382019043,,,1.02024,1.19998,1,,,,,,,,,GP3HD,1.02024,1.19998,0.0901,0.36389,normalised
3.874664783477783,,,1.0273,1.20762,1,,,,,,,,,GP3HD,1.0273,1.20762,0.0901,0.36389,normalised
3.8887598514556885,,,1.03368,1.21499,1,,,,,,,,,GP3HD,1.03368,1.21499,0.0901,0.36389,normalised
3.906461000442505,,,1.06404,1.24505,0,,,,,,,,,GP3HD,1.06404,1.24505,0.0901,0.36389,normalised
3.922322988510132,,,1.21402,1.41781,0,,,,,,,,,GP3HD,1.21402,1.41781,0.0901,0.36389,normalised
3.938607692718506,,,1.27303,1.50127,0,,,,,,,,,GP3HD,1.27303,1.50127,0.0901,0.36389,normalised
3.955371856689453,,,1.38155,1.64207,0,,,,,,,,,GP3HD,1.38155,1.64207,0.0901,0.36389,normalised
3.972144842147827,,,1.36793,1.62647,0,,,,,,,,,GP3HD,1.36793,1.62647,0.0901,0.36389,normalised
3.9878735542297363,,,1.35834,1.63787,0,,,,,,,,,GP3HD,1.35834,1.63787,0.0901,0.36389,normalised
4.002495527267456,,,1.35407,1.64369,1,,,,,,,,,GP3HD,1.35407,1.64369,0.0901,0.36389,normalised
4.0180275440216064,,,1.35181,1.6317,1,,,,,,,,,GP3HD,1.35181,1.6317,0.0901,0.36389,normalised
4.03501558303833,,,1.35901,1.62673,1,,,,,,,,,GP3HD,1.35901,1.62673,0.0901,0.36389,normalised
4.0516252517700195,,,1.36401,1.6232,1,,,,,,,,,GP3HD,1.36401,1.6232,0.0901,0.36389,normalised
4.06848931312561,,,1.33592,1.58434,1,,,,,,,,,GP3HD,1.33592,1.58434,0.0901,0.36389,normalised
4.083002090454102,,,1.31158,1.55067,1,,,,,,,,,GP3HD,1.31158,1.55067,0.0901,0.36389,normalised
4.100475072860718,,,1.29201,1.52399,1,,,,,,,,,GP3HD,1.29201,1.52399,0.0901,0.36389,normalised
4.1139092445373535,,,1.26869,1.49519,1,,,,,,,,,GP3HD,1.26869,1.49519,0.0901,0.36389,normalised
4.1309120655059814,,,1.25213,1.47548,1,,,,,,,,,GP3HD,1.25213,1.47548,0.0901,0.36389,normalised
4.14805793762207,,,1.23813,1.45881,1,,,,,,,,,GP3HD,1.23813,1.45881,0.0901,0.36389,normalised
4.161988258361816,,,1.20122,1.41095,0,,,,,,,,,GP3HD,1.20122,1.41095,0.0901,0.36389,normalised
4.180892705917358,,,1.12301,1.3165,0,,,,,,,,,GP3HD,1.12301,1.3165,0.0901,0.36389,normalised
4.197361469268799,,,1.09693,1.28382,0,,,,,,,,,GP3HD,1.09693,1.28382,0.0901,0.36389,normalised
4.212226629257202,,,1.04922,1.21784,0,,,,,,,,,GP3HD,1.04922,1.21784,0.0901,0.36389,normalised
4.227887153625488,,,1.04343,1.19978,0,,,,,,,,,GP3HD,1.04343,1.19978,0.0901,0.36389,normalised
4.24584698677063,,,1.04158,1.19342,0,,,,,,,,,GP3HD,1.04158,1.19342,0.0901,0.36389,normalised
4.260051012039185,,,1.04203,1.1853,1,,,,,,,,,GP3HD,1.04203,1.1853,0.0901,0.36389,normalised
4.2778661251068115,,,1.04197,1.18535,1,,,,,,,,,GP3HD,1.04197,1.18535,0.0901,0.36389,normalised
4.2927000522613525,,,1.04193,1.18539,1,,,,,,,,,GP3HD,1.04193,1.18539,0.0901,0.36389,normalised
4.308544158935547,,,1.03593,1.18142,1,,,,,,,,,GP3HD,1.03593,1.18142,0.0901,0.36389,normalised
4.326606035232544,,,1.03215,1.18096,1,,,,,,,,,GP3HD,1.03215,1.18096,0.0901,0.36389,normalised
4.343185663223267,,,1.02918,1.18105,1,,,,,,,,,GP3HD,1.02918,1.18105,0.0901,0.36389,normalised
4.35799765586853,,,1.02664,1.18151,1,,,,,,,,,GP3HD,1.02664,1.18151,0.0901,0.36389,normalised
4.374410629272461,,,1.02207,1.17806,1,,,,,,,,,GP3HD,1.02207,1.17806,0.0901,0.36389,normalised
4.389222621917725,,,1.01831,1.17526,1,,,,,,,,,GP3HD,1.01831,1.17526,0.0901,0.36389,normalised
4.40634822845459,,,1.01769,1.17347,1,,,,,,,,,GP3HD,1.01769,1.17347,0.0901,0.36389,normalised
4.42186427116394,,,1.01634,1.16902,1,,,,,,,,,GP3HD,1.01634,1.16902,0.0901,0.36389,normalised
4.4395458698272705,,,1.01513,1.16485,1,,,,,,,,,GP3HD,1.01513,1.16485,0.0901,0.36389,normalised
4.453602313995361,,,1.01414,1.1622,1,,,,,,,,,GP3HD,1.01414,1.1622,0.0901,0.36389,normalised
4.469389915466309,,,1.01522,1.16416,1,,,,,,,,,GP3HD,1.01522,1.16416,0.0901,0.36389,normalised
4.486605644226074,,,1.01619,1.16604,1,,,,,,,,,GP3HD,1.01619,1.16604,0.0901,0.36389,normalised
4.503621578216553,,,1.01625,1.16735,1,,,,,,,,,GP3HD,1.01625,1.16735,0.0901,0.36389,normalised
4.521117448806763,,,1.01735,1.17036,1,,,,,,,,,GP3HD,1.01735,1.17036,0.0901,0.36389,normalised
4.534779071807861,,,1.01834,1.17308,1,,,,,,,,,GP3HD,1.01834,1.17308,0.0901,0.36389,normalised
4.550869703292847,,,1.01951,1.17491,1,,,,,,,,,GP3HD,1.01951,1.17491,0.0901,0.36389,normalised
4.569538831710815,,,1.01955,1.17606,1,,,,,,,,,GP3HD,1.01955,1.17606,0.0901,0.36389,normalised
4.58266806602478,,,1.01959,1.17722,1,,,,,,,,,GP3HD,1.01959,1.17722,0.0901,0.36389,normalised
4.5999016761779785,,,1.0207,1.17955,1,,,,,,,,,GP3HD,1.0207,1.17955,0.0901,0.36389,normalised
4.616588354110718,,,1.02177,1.1813,1,,,,,,,,,GP3HD,1.02177,1.1813,0.0901,0.36389,normalised
4.632131576538086,,,1.02275,1.18291,1,,,,,,,,,GP3HD,1.02275,1.18291,0.0901,0.36389,normalised
4.64773416519165,,,1.03384,1.2104,0,,,,,,,,,GP3HD,1.03384,1.2104,0.0901,0.36389,normalised
4.666693449020386,,,1.03237,1.19547,0,,,,,,,,,GP3HD,1.03237,1.19547,0.0901,0.36389,normalised
4.680603981018066,,,1.03188,1.19049,0,,,,,,,,,GP3HD,1.03188,1.19049,0.0901,0.36389,normalised
4.698303937911987,,,1.02936,1.18542,1,,,,,,,,,GP3HD,1.02936,1.18542,0.0901,0.36389,normalised
4.7140748500823975,,,1.02961,1.18653,1,,,,,,,,,GP3HD,1.02961,1.18653,0.0901,0.36389,normalised
4.728682994842529,,,1.02983,1.18713,1,,,,,,,,,GP3HD,1.02983,1.18713,0.0901,0.36389,normalised
4.746304988861084,,,1.02702,1.1835,1,,,,,,,,,GP3HD,1.02702,1.1835,0.0901,0.36389,normalised
4.7628068923950195,,,1.02516,1.18203,1,,,,,,,,,GP3HD,1.02516,1.18203,0.0901,0.36389,normalised
4.776512384414673,,,1.0237,1.1806,1,,,,,,,,,GP3HD,1.0237,1.1806,0.0901,0.36389,normalised
4.794297456741333,,,1.02353,1.17986,1,,,,,,,,,GP3HD,1.02353,1.17986,0.0901,0.36389,normalised
4.811388254165649,,,1.02269,1.18053,1,,,,,,,,,GP3HD,1.02269,1.18053,0.0901,0.36389,normalised
4.825305461883545,,,1.022,1.1811,1,,,,,,,,,GP3HD,1.022,1.1811,0.0901,0.36389,normalised
4.843260049819946,,,1.02198,1.18161,1,,,,,,,,,GP3HD,1.02198,1.18161,0.0901,0.36389,normalised
4.859199285507202,,,1.02335,1.18412,1,,,,,,,,,GP3HD,1.02335,1.18412,0.0901,0.36389,normalised
4.875373601913452,,,1.02453,1.18629,1,,,,,,,,,GP3HD,1.02453,1.18629,0.0901,0.36389,normalised
4.889843463897705,,,1.02579,1.18848,1,,,,,,,,,GP3HD,1.02579,1.18848,0.0901,0.36389,normalised
4.907210350036621,,,1.02609,1.19038,1,,,,,,,,,GP3HD,1.02609,1.19038,0.0901,0.36389,normalised
4.922026634216309,,,1.02635,1.1921,1,,,,,,,,,GP3HD,1.02635,1.1921,0.0901,0.36389,normalised
4.939626693725586,,,1.02693,1.19347,1,,,,,,,,,GP3HD,1.02693,1.19347,0.0901,0.36389,normalised
4.955059051513672,,,1.0271,1.19504,1,,,,,,,,,GP3HD,1.0271,1.19504,0.0901,0.36389,normalised
4.972132921218872,,,1.02726,1.19658,1,,,,,,,,,GP3HD,1.02726,1.19658,0.0901,0.36389,normalised
4.989664554595947,,,1.0281,1.19886,1,,,,,,,,,GP3HD,1.0281,1.19886,0.0901,0.36389,normalised
5.0038909912109375,,,1.02815,1.19995,1,,,,,,,,,GP3HD,1.02815,1.19995,0.0901,0.36389,normalised
5.019305467605591,,,1.02819,1.20087,1,,,,,,,,,GP3HD,1.02819,1.20087,0.0901,0.36389,normalised
5.036365747451782,,,1.02786,1.20108,1,,,,,,,,,GP3HD,1.02786,1.20108,0.0901,0.36389,normalised
5.053245544433594,,,1.02922,1.20325,1,,,,,,,,,GP3HD,1.02922,1.20325,0.0901,0.36389,normalised
5.068874359130859,,,1.03048,1.20531,1,,,,,,,,,GP3HD,1.03048,1.20531,0.0901,0.36389,normalised
5.085850715637207,,,1.04163,1.23975,0,,,,,,,,,GP3HD,1.04163,1.23975,0.0901,0.36389,normalised
5.100247144699097,,,1.1517,1.41183,0,,,,,,,,,GP3HD,1.1517,1.41183,0.0901,0.36389,normalised
5.117051362991333,,,1.18886,1.46917,0,,,,,,,,,GP3HD,1.18886,1.46917,0.0901,0.36389,normalised
5.136043548583984,,,1.3262,1.64058,0,,,,,,,,,GP3HD,1.3262,1.64058,0.0901,0.36389,normalised
5.149755001068115,,,1.39643,1.69642,0,,,,,,,,,GP3HD,1.39643,1.69642,0.0901,0.36389,normalised
5.165644645690918,,,1.41984,1.71503,0,,,,,,,,,GP3HD,1.41984,1.71503,0.0901,0.36389,normalised
5.184809446334839,,,1.45318,1.73524,0,,,,,,,,,GP3HD,1.45318,1.73524,0.0901,0.36389,normalised
5.199298858642578,,,1.44769,1.72862,0,,,,,,,,,GP3HD,1.44769,1.72862,0.0901,0.36389,normalised
5.215759754180908,,,1.44585,1.72641,0,,,,,,,,,GP3HD,1.44585,1.72641,0.0901,0.36389,normalised
5.2292320728302,,,1.44622,1.72572,1,,,,,,,,,GP3HD,1.44622,1.72572,0.0901,0.36389,normalised
5.247335910797119,,,1.44357,1.72226,1,,,,,,,,,GP3HD,1.44357,1.72226,0.0901,0.36389,normalised
5.262226581573486,,,1.4418,1.71995,1,,,,,,,,,GP3HD,1.4418,1.71995,0.0901,0.36389,normalised
5.279008388519287,,,1.43887,1.72021,1,,,,,,,,,GP3HD,1.43887,1.72021,0.0901,0.36389,normalised
5.295141935348511,,,1.43888,1.72135,1,,,,,,,,,GP3HD,1.43888,1.72135,0.0901,0.36389,normalised
5.311909198760986,,,1.4383,1.72203,1,,,,,,,,,GP3HD,1.4383,1.72203,0.0901,0.36389,normalised
5.328833818435669,,,1.43688,1.71981,1,,,,,,,,,GP3HD,1.43688,1.71981,0.0901,0.36389,normalised
5.345277547836304,,,1.4461,1.72708,1,,,,,,,,,GP3HD,1.4461,1.72708,0.0901,0.36389,normalised
5.3630006313323975,,,1.45379,1.73314,1,,,,,,,,,GP3HD,1.45379,1.73314,0.0901,0.36389,normalised
5.376774549484253,,,1.43393,1.70523,1,,,,,,,,,GP3HD,1.43393,1.70523,0.0901,0.36389,normalised
5.392643690109253,,,1.41565,1.6774,1,,,,,,,,,GP3HD,1.41565,1.6774,0.0901,0.36389,normalised
5.408114910125732,,,1.39987,1.65317,1,,,,,,,,,GP3HD,1.39987,1.65317,0.0901,0.36389,normalised
5.4233362674713135,,,1.35747,1.59382,0,,,,,,,,,GP3HD,1.35747,1.59382,0.0901,0.36389,normalised
5.440477132797241,,,1.20536,1.40599,0,,,,,,,,,GP3HD,1.20536,1.40599,0.0901,0.36389,normalised
5.45625114440918,,,1.15455,1.34363,0,,,,,,,,,GP3HD,1.15455,1.34363,0.0901,0.36389,normalised
5.471997022628784,,,1.06906,1.23298,0,,,,,,,,,GP3HD,1.06906,1.23298,0.0901,0.36389,normalised
5.488875389099121,,,1.0812,1.24596,0,,,,,,,,,GP3HD,1.0812,1.24596,0.0901,0.36389,normalised
5.5047407150268555,,,1.08537,1.24996,0,,,,,,,,,GP3HD,1.08537,1.24996,0.0901,0.36389,normalised
5.521342039108276,,,1.07929,1.24227,1,,,,,,,,,GP3HD,1.07929,1.24227,0.0901,0.36389,normalised
5.537843704223633,,,1.0815,1.24223,1,,,,,,,,,GP3HD,1.0815,1.24223,0.0901,0.36389,normalised
5.554514646530151,,,1.08309,1.24149,1,,,,,,,,,GP3HD,1.08309,1.24149,0.0901,0.36389,normalised
5.570167541503906,,,1.08051,1.24121,1,,,,,,,,,GP3HD,1.08051,1.24121,0.0901,0.36389,normalised
5.586323261260986,,,1.07359,1.2355,1,,,,,,,,,GP3HD,1.07359,1.2355,0.0901,0.36389,normalised
5.6040427684783936,,,1.06821,1.23106,1,,,,,,,,,GP3HD,1.06821,1.23106,0.0901,0.36389,normalised
5.619081258773804,,,1.06313,1.22891,1,,,,,,,,,GP3HD,1.06313,1.22891,0.0901,0.36389,normalised
5.635199546813965,,,1.05874,1.2271,1,,,,,,,,,GP3HD,1.05874,1.2271,0.0901,0.36389,normalised
5.650829792022705,,,1.05509,1.22579,1,,,,,,,,,GP3HD,1.05509,1.22579,0.0901,0.36389,normalised
5.6684253215789795,,,1.05274,1.22611,1,,,,,,,,,GP3HD,1.05274,1.22611,0.0901,0.36389,normalised
5.685040473937988,,,1.05023,1.22488,1,,,,,,,,,GP3HD,1.05023,1.22488,0.0901,0.36389,normalised
5.699572324752808,,,1.04808,1.22392,1,,,,,,,,,GP3HD,1.04808,1.22392,0.0901,0.36389,normalised
5.716619253158569,,,1.04664,1.2242,1,,,,,,,,,GP3HD,1.04664,1.2242,0.0901,0.36389,normalised
5.731111526489258,,,1.04592,1.22432,1,,,,,,,,,GP3HD,1.04592,1.22432,0.0901,0.36389,normalised
5.748639106750488,,,1.04526,1.22439,1,,,,,,,,,GP3HD,1.04526,1.22439,0.0901,0.36389,normalised
5.76397967338562,,,1.04519,1.2258,1,,,,,,,,,GP3HD,1.04519,1.2258,0.0901,0.36389,normalised
5.779751300811768,,,1.04525,1.22759,1,,,,,,,,,GP3HD,1.04525,1.22759,0.0901,0.36389,normalised
5.795434951782227,,,1.04529,1.22929,1,,,,,,,,,GP3HD,1.04529,1.22929,0.0901,0.36389,normalised
5.813621282577515,,,1.04479,1.22924,1,,,,,,,,,GP3HD,1.04479,1.22924,0.0901,0.36389,normalised
5.829223871231079,,,1.04468,1.22972,1,,,,,,,,,GP3HD,1.04468,1.22972,0.0901,0.36389,normalised
5.843962907791138,,,1.0446,1.23004,1,,,,,,,,,GP3HD,1.0446,1.23004,0.0901,0.36389,normalised
5.860468864440918,,,1.04504,1.23132,1,,,,,,,,,GP3HD,1.04504,1.23132,0.0901,0.36389,normalised
5.880059719085693,,,1.04507,1.23225,1,,,,,,,,,GP3HD,1.04507,1.23225,0.0901,0.36389,normalised
5.893908977508545,,,1.0451,1.23312,1,,,,,,,,,GP3HD,1.0451,1.23312,0.0901,0.36389,normalised
5.90913724899292,,,1.04513,1.23384,1,,,,,,,,,GP3HD,1.04513,1.23384,0.0901,0.36389,normalised
5.927018165588379,,,1.04478,1.23451,1,,,,,,,,,GP3HD,1.04478,1.23451,0.0901,0.36389,normalised
5.941482067108154,,,1.04445,1.2352,1,,,,,,,,,GP3HD,1.04445,1.2352,0.0901,0.36389,normalised
5.959672212600708,,,1.04363,1.235,1,,,,,,,,,GP3HD,1.04363,1.235,0.0901,0.36389,normalised
5.977014780044556,,,1.04306,1.23454,1,,,,,,,,,GP3HD,1.04306,1.23454,0.0901,0.36389,normalised
5.990750789642334,,,1.04254,1.23404,1,,,,,,,,,GP3HD,1.04254,1.23404,0.0901,0.36389,normalised
6.008331298828125,,,1.04187,1.23307,1,,,,,,,,,GP3HD,1.04187,1.23307,0.0901,0.36389,normalised
6.024242639541626,,,1.04121,1.232,1,,,,,,,,,GP3HD,1.04121,1.232,0.0901,0.36389,normalised
6.038985252380371,,,1.04059,1.23099,1,,,,,,,,,GP3HD,1.04059,1.23099,0.0901,0.36389,normalised
6.055123329162598,,,1.04051,1.23152,1,,,,,,,,,GP3HD,1.04051,1.23152,0.0901,0.36389,normalised
6.073657989501953,,,1.04051,1.23609,1,,,,,,,,,GP3HD,1.04051,1.23609,0.0901,0.36389,normalised
6.08655858039856,,,1.04065,1.23994,1,,,,,,,,,GP3HD,1.04065,1.23994,0.0901,0.36389,normalised
6.103137731552124,,,1.04065,1.23994,1,,,,,,,,,GP3HD,1.04065,1.23994,0.0901,0.36389,normalised
6.124842643737793,,,1.04065,1.23994,1,,,,,,,,,GP3HD,1.04065,1.23994,0.0901,0.36389,normalised
6.137563467025757,,,1.04065,1.23994,1,,,,,,,,,GP3HD,1.04065,1.23994,0.0901,0.36389,normalised
6.155908584594727,,,1.03066,1.25528,0,,,,,,,,,GP3HD,1.03066,1.25528,0.0901,0.36389,normalised
6.172384262084961,,,1.03066,1.25528,0,,,,,,,,,GP3HD,1.03066,1.25528,0.0901,0.36389,normalised
6.189218044281006,,,1.03066,1.25528,0,,,,,,,,,GP3HD,1.03066,1.25528,0.0901,0.36389,normalised
6.205069303512573,,,0.0,0.0,0,,,,,,,,,GP3HD,0.0,0.0,0.0901,0.36389,normalised
6.220512866973877,,,0.0,0.0,0,,,,,,,,,GP3HD,0.0,0.0,0.0901,0.36389,normalised
6.237943649291992,,,0.0,0.0,0,,,,,,,,,GP3HD,0.0,0.0,0.0901,0.36389,normalised
6.253762245178223,,,0.0,0.0,0,,,,,,,,,GP3HD,0.0,0.0,0.0901,0.36389,normalised
6.270289182662964,,,0.0,0.0,0,,,,,,,,,GP3HD,0.0,0.0,0.0901,0.36389,normalised
6.2850024700164795,,,0.0,0.0,0,,,,,,,,,GP3HD,0.0,0.0,0.0901,0.36389,normalised
6.301882266998291,,,0.0,0.0,0,,,,,,,,,GP3HD,0.0,0.0,0.0901,0.36389,normalised
6.316888332366943,,,0.0,0.0,0,,,,,,,,,GP3HD,0.0,0.0,0.0901,0.36389,normalised
6.3329057693481445,,,0.0,0.0,0,,,,,,,,,GP3HD,0.0,0.0,0.0901,0.36389,normalised
6.351559400558472,,,0.0,0.0,0,,,,,,,,,GP3HD,0.0,0.0,0.0901,0.36389,normalised
6.366162538528442,,,0.0,0.0,0,,,,,,,,,GP3HD,0.0,0.0,0.0901,0.36389,normalised
6.381938457489014,,,0.52808,0.66193,0,,,,,,,,,GP3HD,0.52808,0.66193,0.0901,0.36389,normalised
6.396328926086426,,,1.03533,1.18876,0,,,,,,,,,GP3HD,1.03533,1.18876,0.0901,0.36389,normalised
6.411401271820068,,,1.02006,1.14916,0,,,,,,,,,GP3HD,1.02006,1.14916,0.0901,0.36389,normalised
6.42728066444397,,,1.01582,1.15521,0,,,,,,,,,GP3HD,1.01582,1.15521,0.0901,0.36389,normalised
6.444995164871216,,,1.01644,1.17127,1,,,,,,,,,GP3HD,1.01644,1.17127,0.0901,0.36389,normalised
6.459066390991211,,,1.01713,1.17666,1,,,,,,,,,GP3HD,1.01713,1.17666,0.0901,0.36389,normalised
6.4759438037872314,,,1.01759,1.18026,1,,,,,,,,,GP3HD,1.01759,1.18026,0.0901,0.36389,normalised
6.493757247924805,,,1.01934,1.18594,1,,,,,,,,,GP3HD,1.01934,1.18594,0.0901,0.36389,normalised
6.507343053817749,,,1.01958,1.18761,1,,,,,,,,,GP3HD,1.01958,1.18761,0.0901,0.36389,normalised
6.524245262145996,,,1.0198,1.18882,1,,,,,,,,,GP3HD,1.0198,1.18882,0.0901,0.36389,normalised
6.541238784790039,,,1.02006,1.19005,1,,,,,,,,,GP3HD,1.02006,1.19005,0.0901,0.36389,normalised
6.557314157485962,,,1.01979,1.1907,1,,,,,,,,,GP3HD,1.01979,1.1907,0.0901,0.36389,normalised
6.573689937591553,,,1.01954,1.1909,1,,,,,,,,,GP3HD,1.01954,1.1909,0.0901,0.36389,normalised
6.588181018829346,,,1.01893,1.18989,1,,,,,,,,,GP3HD,1.01893,1.18989,0.0901,0.36389,normalised
6.605083465576172,,,1.01906,1.18956,1,,,,,,,,,GP3HD,1.01906,1.18956,0.0901,0.36389,normalised
6.6207451820373535,,,1.01917,1.18944,1,,,,,,,,,GP3HD,1.01917,1.18944,0.0901,0.36389,normalised
6.637468576431274,,,1.01861,1.18849,1,,,,,,,,,GP3HD,1.01861,1.18849,0.0901,0.36389,normalised
6.65330958366394,,,1.01851,1.18884,1,,,,,,,,,GP3HD,1.01851,1.18884,0.0901,0.36389,normalised
6.671719789505005,,,1.01841,1.18915,1,,,,,,,,,GP3HD,1.01841,1.18915,0.0901,0.36389,normalised
6.686109304428101,,,1.0179,1.18785,1,,,,,,,,,GP3HD,1.0179,1.18785,0.0901,0.36389,normalised
6.702477931976318,,,1.01811,1.18768,1,,,,,,,,,GP3HD,1.01811,1.18768,0.0901,0.36389,normalised
6.7182934284210205,,,1.0183,1.18753,1,,,,,,,,,GP3HD,1.0183,1.18753,0.0901,0.36389,normalised
6.735178232192993,,,1.0192,1.18749,1,,,,,,,,,GP3HD,1.0192,1.18749,0.0901,0.36389,normalised
6.749919652938843,,,1.0194,1.18699,1,,,,,,,,,GP3HD,1.0194,1.18699,0.0901,0.36389,normalised
6.7669594287872314,,,1.01958,1.18674,1,,,,,,,,,GP3HD,1.01958,1.18674,0.0901,0.36389,normalised
6.783399820327759,,,1.01983,1.18697,1,,,,,,,,,GP3HD,1.01983,1.18697,0.0901,0.36389,normalised
6.801316976547241,,,1.01938,1.18758,1,,,,,,,,,GP3HD,1.01938,1.18758,0.0901,0.36389,normalised
6.815138339996338,,,1.01898,1.18823,1,,,,,,,,,GP3HD,1.01898,1.18823,0.0901,0.36389,normalised
6.832411289215088,,,1.0188,1.18819,1,,,,,,,,,GP3HD,1.0188,1.18819,0.0901,0.36389,normalised
6.85014533996582,,,1.01877,1.18855,1,,,,,,,,,GP3HD,1.01877,1.18855,0.0901,0.36389,normalised
6.864765167236328,,,1.01874,1.18881,1,,,,,,,,,GP3HD,1.01874,1.18881,0.0901,0.36389,normalised
6.879516839981079,,,1.01853,1.18862,1,,,,,,,,,GP3HD,1.01853,1.18862,0.0901,0.36389,normalised
6.896099805831909,,,1.01825,1.18818,1,,,,,,,,,GP3HD,1.01825,1.18818,0.0901,0.36389,normalised
6.913617372512817,,,1.01798,1.18769,1,,,,,,,,,GP3HD,1.01798,1.18769,0.0901,0.36389,normalised
6.930609941482544,,,1.01808,1.18814,1,,,,,,,,,GP3HD,1.01808,1.18814,0.0901,0.36389,normalised
6.945392847061157,,,1.01802,1.18752,1,,,,,,,,,GP3HD,1.01802,1.18752,0.0901,0.36389,normalised
6.963022947311401,,,1.01797,1.18694,1,,,,,,,,,GP3HD,1.01797,1.18694,0.0901,0.36389,normalised
6.9778783321380615,,,1.0174,1.18594,1,,,,,,,,,GP3HD,1.0174,1.18594,0.0901,0.36389,normalised
6.993559837341309,,,1.01742,1.18577,1,,,,,,,,,GP3HD,1.01742,1.18577,0.0901,0.36389,normalised
7.008185863494873,,,1.01745,1.18566,1,,,,,,,,,GP3HD,1.01745,1.18566,0.0901,0.36389,normalised
7.026873588562012,,,1.01677,1.18421,1,,,,,,,,,GP3HD,1.01677,1.18421,0.0901,0.36389,normalised
7.041748523712158,,,1.01595,1.18301,1,,,,,,,,,GP3HD,1.01595,1.18301,0.0901,0.36389,normalised
7.059279441833496,,,1.01516,1.18175,1,,,,,,,,,GP3HD,1.01516,1.18175,0.0901,0.36389,normalised
7.075047254562378,,,1.01543,1.18143,1,,,,,,,,,GP3HD,1.01543,1.18143,0.0901,0.36389,normalised
7.093019247055054,,,1.01557,1.18101,1,,,,,,,,,GP3HD,1.01557,1.18101,0.0901,0.36389,normalised
7.1075098514556885,,,1.0157,1.1806,1,,,,,,,,,GP3HD,1.0157,1.1806,0.0901,0.36389,normalised
7.124322891235352,,,1.0158,1.18059,1,,,,,,,,,GP3HD,1.0158,1.18059,0.0901,0.36389,normalised
7.140939235687256,,,1.0158,1.18045,1,,,,,,,,,GP3HD,1.0158,1.18045,0.0901,0.36389,normalised
7.155613660812378,,,1.01579,1.18032,1,,,,,,,,,GP3HD,1.01579,1.18032,0.0901,0.36389,normalised
7.171212673187256,,,1.01566,1.17999,1,,,,,,,,,GP3HD,1.01566,1.17999,0.0901,0.36389,normalised
7.187924861907959,,,1.0183,1.1812,1,,,,,,,,,GP3HD,1.0183,1.1812,0.0901,0.36389,normalised
7.205424785614014,,,1.0209,1.1812,1,,,,,,,,,GP3HD,1.0209,1.1812,0.0901,0.36389,normalised
7.219627380371094,,,1.02072,1.18564,1,,,,,,,,,GP3HD,1.02072,1.18564,0.0901,0.36389,normalised
7.236309289932251,,,1.03934,1.21403,0,,,,,,,,,GP3HD,1.03934,1.21403,0.0901,0.36389,normalised
7.253765106201172,,,1.05274,1.34468,0,,,,,,,,,GP3HD,1.05274,1.34468,0.0901,0.36389,normalised
7.268510818481445,,,1.04571,1.38581,0,,,,,,,,,GP3HD,1.04571,1.38581,0.0901,0.36389,normalised
7.286908864974976,,,1.05976,1.46621,0,,,,,,,,,GP3HD,1.05976,1.46621,0.0901,0.36389,normalised
7.300431251525879,,,1.07062,1.46072,0,,,,,,,,,GP3HD,1.07062,1.46072,0.0901,0.36389,normalised
7.317968845367432,,,1.05597,1.45445,0,,,,,,,,,GP3HD,1.05597,1.45445,0.0901,0.36389,normalised
7.332482099533081,,,1.05053,1.4468,1,,,,,,,,,GP3HD,1.05053,1.4468,0.0901,0.36389,normalised
7.349558591842651,,,1.04726,1.4422,1,,,,,,,,,GP3HD,1.04726,1.4422,0.0901,0.36389,normalised
7.36554479598999,,,1.0417,1.44262,1,,,,,,,,,GP3HD,1.0417,1.44262,0.0901,0.36389,normalised
7.381208658218384,,,1.04396,1.44345,1,,,,,,,,,GP3HD,1.04396,1.44345,0.0901,0.36389,normalised
7.399048089981079,,,1.0457,1.44396,1,,,,,,,,,GP3HD,1.0457,1.44396,0.0901,0.36389,normalised
7.414095640182495,,,1.03834,1.43952,1,,,,,,,,,GP3HD,1.03834,1.43952,0.0901,0.36389,normalised
7.43185019493103,,,1.03382,1.43169,1,,,,,,,,,GP3HD,1.03382,1.43169,0.0901,0.36389,normalised
7.446377754211426,,,1.03012,1.42528,1,,,,,,,,,GP3HD,1.03012,1.42528,0.0901,0.36389,normalised
7.462873458862305,,,1.02525,1.42497,1,,,,,,,,,GP3HD,1.02525,1.42497,0.0901,0.36389,normalised
7.480656147003174,,,1.02227,1.42286,1,,,,,,,,,GP3HD,1.02227,1.42286,0.0901,0.36389,normalised
7.494582891464233,,,1.01972,1.42103,1,,,,,,,,,GP3HD,1.01972,1.42103,0.0901,0.36389,normalised
7.511638402938843,,,1.01686,1.41588,1,,,,,,,,,GP3HD,1.01686,1.41588,0.0901,0.36389,normalised
7.527312994003296,,,1.01506,1.402,1,,,,,,,,,GP3HD,1.01506,1.402,0.0901,0.36389,normalised
7.543330669403076,,,0.99936,1.36794,0,,,,,,,,,GP3HD,0.99936,1.36794,0.0901,0.36389,normalised
7.561992645263672,,,1.02636,1.28932,0,,,,,,,,,GP3HD,1.02636,1.28932,0.0901,0.36389,normalised
7.575055122375488,,,1.02775,1.259,0,,,,,,,,,GP3HD,1.02775,1.259,0.0901,0.36389,normalised
7.590667963027954,,,1.03814,1.20335,0,,,,,,,,,GP3HD,1.03814,1.20335,0.0901,0.36389,normalised
7.607937335968018,,,1.03557,1.20381,0,,,,,,,,,GP3HD,1.03557,1.20381,0.0901,0.36389,normalised
7.624587535858154,,,1.03772,1.19571,0,,,,,,,,,GP3HD,1.03772,1.19571,0.0901,0.36389,normalised
7.640432596206665,,,1.0389,1.19009,1,,,,,,,,,GP3HD,1.0389,1.19009,0.0901,0.36389,normalised
7.6560797691345215,,,1.03642,1.18472,1,,,,,,,,,GP3HD,1.03642,1.18472,0.0901,0.36389,normalised
7.673065423965454,,,1.036,1.18452,1,,,,,,,,,GP3HD,1.036,1.18452,0.0901,0.36389,normalised
7.689042568206787,,,1.03571,1.184,1,,,,,,,,,GP3HD,1.03571,1.184,0.0901,0.36389,normalised
7.706841468811035,,,1.03721,1.18677,1,,,,,,,,,GP3HD,1.03721,1.18677,0.0901,0.36389,normalised
7.720306396484375,,,1.03429,1.18711,1,,,,,,,,,GP3HD,1.03429,1.18711,0.0901,0.36389,normalised
7.73780632019043,,,1.03195,1.18738,1,,,,,,,,,GP3HD,1.03195,1.18738,0.0901,0.36389,normalised
7.75375771522522,,,1.03201,1.18806,1,,,,,,,,,GP3HD,1.03201,1.18806,0.0901,0.36389,normalised
7.772093057632446,,,1.03308,1.19095,1,,,,,,,,,GP3HD,1.03308,1.19095,0.0901,0.36389,normalised
7.7866692543029785,,,1.03395,1.19346,1,,,,,,,,,GP3HD,1.03395,1.19346,0.0901,0.36389,normalised
7.801213264465332,,,1.03444,1.19419,1,,,,,,,,,GP3HD,1.03444,1.19419,0.0901,0.36389,normalised
7.817152261734009,,,1.03423,1.1951,1,,,,,,,,,GP3HD,1.03423,1.1951,0.0901,0.36389,normalised
7.8369269371032715,,,1.03405,1.19605,1,,,,,,,,,GP3HD,1.03405,1.19605,0.0901,0.36389,normalised
7.854487419128418,,,1.03459,1.19724,1,,,,,,,,,GP3HD,1.03459,1.19724,0.0901,0.36389,normalised
7.867429256439209,,,1.0356,1.19813,1,,,,,,,,,GP3HD,1.0356,1.19813,0.0901,0.36389,normalised
7.885293245315552,,,1.03653,1.19873,1,,,,,,,,,GP3HD,1.03653,1.19873,0.0901,0.36389,normalised
7.900274753570557,,,1.03658,1.19934,1,,,,,,,,,GP3HD,1.03658,1.19934,0.0901,0.36389,normalised
7.916497468948364,,,1.0363,1.19919,1,,,,,,,,,GP3HD,1.0363,1.19919,0.0901,0.36389,normalised
7.933179140090942,,,1.03603,1.19897,1,,,,,,,,,GP3HD,1.03603,1.19897,0.0901,0.36389,normalised
7.950990915298462,,,1.03642,1.20008,1,,,,,,,,,GP3HD,1.03642,1.20008,0.0901,0.36389,normalised
7.963624477386475,,,1.03652,1.20006,1,,,,,,,,,GP3HD,1.03652,1.20006,0.0901,0.36389,normalised
7.982016324996948,,,1.0366,1.20035,1,,,,,,,,,GP3HD,1.0366,1.20035,0.0901,0.36389,normalised
7.997631072998047,,,1.03713,1.20201,1,,,,,,,,,GP3HD,1.03713,1.20201,0.0901,0.36389,normalised
8.01244068145752,,,1.03765,1.20286,1,,,,,,,,,GP3HD,1.03765,1.20286,0.0901,0.36389,normalised
8.029370069503784,,,1.03812,1.20375,1,,,,,,,,,GP3HD,1.03812,1.20375,0.0901,0.36389,normalised
8.044821977615356,,,1.03842,1.20466,1,,,,,,,,,GP3HD,1.03842,1.20466,0.0901,0.36389,normalised
8.061462640762329,,,1.03895,1.2063,1,,,,,,,,,GP3HD,1.03895,1.2063,0.0901,0.36389,normalised
8.078907251358032,,,1.03946,1.20776,1,,,,,,,,,GP3HD,1.03946,1.20776,0.0901,0.36389,normalised
8.092602252960205,,,1.03939,1.20835,1,,,,,,,,,GP3HD,1.03939,1.20835,0.0901,0.36389,normalised
8.109485864639282,,,1.03927,1.20858,1,,,,,,,,,GP3HD,1.03927,1.20858,0.0901,0.36389,normalised
8.126800060272217,,,1.03916,1.20879,1,,,,,,,,,GP3HD,1.03916,1.20879,0.0901,0.36389,normalised
8.14091444015503,,,1.03935,1.20957,1,,,,,,,,,GP3HD,1.03935,1.20957,0.0901,0.36389,normalised
8.157688856124878,,,1.03943,1.21032,1,,,,,,,,,GP3HD,1.03943,1.21032,0.0901,0.36389,normalised
8.174582242965698,,,1.03952,1.21095,1,,,,,,,,,GP3HD,1.03952,1.21095,0.0901,0.36389,normalised
8.191972732543945,,,1.03948,1.21058,1,,,,,,,,,GP3HD,1.03948,1.21058,0.0901,0.36389,normalised
8.206775665283203,,,1.03986,1.21015,1,,,,,,,,,GP3HD,1.03986,1.21015,0.0901,0.36389,normalised
8.224915981292725,,,1.04023,1.20968,1,,,,,,,,,GP3HD,1.04023,1.20968,0.0901,0.36389,normalised
8.239097833633423,,,1.03996,1.20968,1,,,,,,,,,GP3HD,1.03996,1.20968,0.0901,0.36389,normalised
8.257065534591675,,,1.04028,1.21024,1,,,,,,,,,GP3HD,1.04028,1.21024,0.0901,0.36389,normalised
8.27348518371582,,,1.04058,1.21078,1,,,,,,,,,GP3HD,1.04058,1.21078,0.0901,0.36389,normalised
8.287265062332153,,,1.04081,1.21117,1,,,,,,,,,GP3HD,1.04081,1.21117,0.0901,0.36389,normalised
8.302945137023926,,,1.04061,1.21089,1,,,,,,,,,GP3HD,1.04061,1.21089,0.0901,0.36389,normalised
8.321948051452637,,,1.04043,1.21059,1,,,,,,,,,GP3HD,1.04043,1.21059,0.0901,0.36389,normalised
8.334863662719727,,,1.04031,1.21039,1,,,,,,,,,GP3HD,1.04031,1.21039,0.0901,0.36389,normalised
8.351327419281006,,,1.03971,1.20998,1,,,,,,,,,GP3HD,1.03971,1.20998,0.0901,0.36389,normalised
8.367516040802002,,,1.03913,1.20965,1,,,,,,,,,GP3HD,1.03913,1.20965,0.0901,0.36389,normalised
8.385117530822754,,,1.03923,1.20974,1,,,,,,,,,GP3HD,1.03923,1.20974,0.0901,0.36389,normalised
8.399656534194946,,,1.03892,1.20928,1,,,,,,,,,GP3HD,1.03892,1.20928,0.0901,0.36389,normalised
8.416687726974487,,,1.03861,1.20896,1,,,,,,,,,GP3HD,1.03861,1.20896,0.0901,0.36389,normalised
8.434873819351196,,,1.03883,1.20977,1,,,,,,,,,GP3HD,1.03883,1.20977,0.0901,0.36389,normalised
8.449519872665405,,,1.03764,1.20727,1,,,,,,,,,GP3HD,1.03764,1.20727,0.0901,0.36389,normalised
8.464338779449463,,,1.02115,1.1708,0,,,,,,,,,GP3HD,1.02115,1.1708,0.0901,0.36389,normalised
8.481244087219238,,,1.01902,1.1741,0,,,,,,,,,GP3HD,1.01902,1.1741,0.0901,0.36389,normalised
8.497662544250488,,,1.01303,1.14719,0,,,,,,,,,GP3HD,1.01303,1.14719,0.0901,0.36389,normalised
8.514450550079346,,,1.01004,1.13374,1,,,,,,,,,GP3HD,1.01004,1.13374,0.0901,0.36389,normalised
8.531222343444824,,,1.00832,1.14543,1,,,,,,,,,GP3HD,1.00832,1.14543,0.0901,0.36389,normalised
8.547242641448975,,,1.00576,1.13696,1,,,,,,,,,GP3HD,1.00576,1.13696,0.0901,0.36389,normalised
8.562143325805664,,,1.00393,1.13091,1,,,,,,,,,GP3HD,1.00393,1.13091,0.0901,0.36389,normalised
8.578877449035645,,,1.00693,1.13872,1,,,,,,,,,GP3HD,1.00693,1.13872,0.0901,0.36389,normalised
8.595919370651245,,,1.00933,1.14403,1,,,,,,,,,GP3HD,1.00933,1.14403,0.0901,0.36389,normalised
8.609996557235718,,,1.01125,1.14828,1,,,,,,,,,GP3HD,1.01125,1.14828,0.0901,0.36389,normalised
8.626817464828491,,,1.01108,1.15133,1,,,,,,,,,GP3HD,1.01108,1.15133,0.0901,0.36389,normalised
8.643348932266235,,,1.01276,1.1555,1,,,,,,,,,GP3HD,1.01276,1.1555,0.0901,0.36389,normalised
8.659227132797241,,,1.01417,1.15903,1,,,,,,,,,GP3HD,1.01417,1.15903,0.0901,0.36389,normalised
8.675282716751099,,,1.01554,1.16268,1,,,,,,,,,GP3HD,1.01554,1.16268,0.0901,0.36389,normalised
8.693931579589844,,,1.01569,1.16448,1,,,,,,,,,GP3HD,1.01569,1.16448,0.0901,0.36389,normalised
8.707546710968018,,,1.01582,1.16605,1,,,,,,,,,GP3HD,1.01582,1.16605,0.0901,0.36389,normalised
8.724565267562866,,,1.01656,1.16851,1,,,,,,,,,GP3HD,1.01656,1.16851,0.0901,0.36389,normalised
8.741947174072266,,,1.01756,1.17132,1,,,,,,,,,GP3HD,1.01756,1.17132,0.0901,0.36389,normalised
8.758010864257812,,,1.02693,1.19889,0,,,,,,,,,GP3HD,1.02693,1.19889,0.0901,0.36389,normalised
8.772587537765503,,,1.02555,1.19853,0,,,,,,,,,GP3HD,1.02555,1.19853,0.0901,0.36389,normalised
8.789339542388916,,,1.02372,1.19932,0,,,,,,,,,GP3HD,1.02372,1.19932,0.0901,0.36389,normalised
8.8047194480896,,,1.02287,1.19945,1,,,,,,,,,GP3HD,1.02287,1.19945,0.0901,0.36389,normalised
8.822996854782104,,,1.02381,1.20019,1,,,,,,,,,GP3HD,1.02381,1.20019,0.0901,0.36389,normalised
8.837584257125854,,,1.02802,1.20188,1,,,,,,,,,GP3HD,1.02802,1.20188,0.0901,0.36389,normalised
8.85499382019043,,,1.03104,1.20268,1,,,,,,,,,GP3HD,1.03104,1.20268,0.0901,0.36389,normalised
8.870778322219849,,,1.02766,1.19896,1,,,,,,,,,GP3HD,1.02766,1.19896,0.0901,0.36389,normalised
8.885549306869507,,,1.02728,1.20039,1,,,,,,,,,GP3HD,1.02728,1.20039,0.0901,0.36389,normalised
8.901260614395142,,,1.02695,1.20162,1,,,,,,,,,GP3HD,1.02695,1.20162,0.0901,0.36389,normalised
8.920830488204956,,,1.02466,1.20026,1,,,,,,,,,GP3HD,1.02466,1.20026,0.0901,0.36389,normalised
8.933234453201294,,,1.02369,1.19951,1,,,,,,,,,GP3HD,1.02369,1.19951,0.0901,0.36389,normalised
8.950263261795044,,,1.02286,1.19886,1,,,,,,,,,GP3HD,1.02286,1.19886,0.0901,0.36389,normalised
8.966907024383545,,,1.02219,1.19897,1,,,,,,,,,GP3HD,1.02219,1.19897,0.0901,0.36389,normalised
8.982627153396606,,,1.02283,1.20042,1,,,,,,,,,GP3HD,1.02283,1.20042,0.0901,0.36389,normalised
8.998327255249023,,,1.02339,1.20168,1,,,,,,,,,GP3HD,1.02339,1.20168,0.0901,0.36389,normalised
9.014676809310913,,,1.02363,1.20162,1,,,,,,,,,GP3HD,1.02363,1.20162,0.0901,0.36389,normalised
9.031506776809692,,,1.02371,1.20075,1,,,,,,,,,GP3HD,1.02371,1.20075,0.0901,0.36389,normalised
9.04822325706482,,,1.02379,1.20013,1,,,,,,,,,GP3HD,1.02379,1.20013,0.0901,0.36389,normalised
9.062977313995361,,,1.02246,1.19875,1,,,,,,,,,GP3HD,1.02246,1.19875,0.0901,0.36389,normalised
9.080650091171265,,,1.02116,1.19705,1,,,,,,,,,GP3HD,1.02116,1.19705,0.0901,0.36389,normalised
9.095151424407959,,,1.01998,1.19564,1,,,,,,,,,GP3HD,1.01998,1.19564,0.0901,0.36389,normalised
9.112876653671265,,,1.02118,1.19667,1,,,,,,,,,GP3HD,1.02118,1.19667,0.0901,0.36389,normalised
9.128915548324585,,,1.02106,1.19691,1,,,,,,,,,GP3HD,1.02106,1.19691,0.0901,0.36389,normalised
9.144949913024902,,,1.02096,1.19723,1,,,,,,,,,GP3HD,1.02096,1.19723,0.0901,0.36389,normalised
9.162709951400757,,,1.02041,1.19683,1,,,,,,,,,GP3HD,1.02041,1.19683,0.0901,0.36389,normalised
9.177257299423218,,,1.02085,1.19781,1,,,,,,,,,GP3HD,1.02085,1.19781,0.0901,0.36389,normalised
9.19477128982544,,,1.02126,1.19862,1,,,,,,,,,GP3HD,1.02126,1.19862,0.0901,0.36389,normalised
9.210623741149902,,,1.02101,1.19762,1,,,,,,,,,GP3HD,1.02101,1.19762,0.0901,0.36389,normalised
9.22491455078125,,,1.02118,1.19752,1,,,,,,,,,GP3HD,1.02118,1.19752,0.0901,0.36389,normalised
9.241296529769897,,,1.02133,1.19738,1,,,,,,,,,GP3HD,1.02133,1.19738,0.0901,0.36389,normalised
9.259082555770874,,,1.02227,1.19787,1,,,,,,,,,GP3HD,1.02227,1.19787,0.0901,0.36389,normalised
9.274034261703491,,,1.02223,1.19797,1,,,,,,,,,GP3HD,1.02223,1.19797,0.0901,0.36389,normalised
9.291274309158325,,,1.0222,1.19822,1,,,,,,,,,GP3HD,1.0222,1.19822,0.0901,0.36389,normalised
9.305963516235352,,,1.02253,1.19869,1,,,,,,,,,GP3HD,1.02253,1.19869,0.0901,0.36389,normalised
9.322826623916626,,,1.02255,1.19912,1,,,,,,,,,GP3HD,1.02255,1.19912,0.0901,0.36389,normalised
9.339839696884155,,,1.02257,1.19952,1,,,,,,,,,GP3HD,1.02257,1.19952,0.0901,0.36389,normalised
9.357599258422852,,,1.02257,1.19979,1,,,,,,,,,GP3HD,1.02257,1.19979,0.0901,0.36389,normalised
9.371631860733032,,,1.02227,1.19919,1,,,,,,,,,GP3HD,1.02227,1.19919,0.0901,0.36389,normalised
9.387804985046387,,,1.02198,1.19862,1,,,,,,,,,GP3HD,1.02198,1.19862,0.0901,0.36389,normalised
9.40344524383545,,,1.02242,1.19972,1,,,,,,,,,GP3HD,1.02242,1.19972,0.0901,0.36389,normalised
9.419440507888794,,,1.02246,1.20056,1,,,,,,,,,GP3HD,1.02246,1.20056,0.0901,0.36389,normalised
9.437466859817505,,,1.0225,1.20139,1,,,,,,,,,GP3HD,1.0225,1.20139,0.0901,0.36389,normalised
9.453466892242432,,,1.02266,1.20145,1,,,,,,,,,GP3HD,1.02266,1.20145,0.0901,0.36389,normalised
9.467132091522217,,,1.02278,1.20161,1,,,,,,,,,GP3HD,1.02278,1.20161,0.0901,0.36389,normalised
9.484903573989868,,,1.02289,1.20171,1,,,,,,,,,GP3HD,1.02289,1.20171,0.0901,0.36389,normalised
9.499475955963135,,,1.02312,1.20195,1,,,,,,,,,GP3HD,1.02312,1.20195,0.0901,0.36389,normalised
9.517815113067627,,,1.02296,1.20184,1,,,,,,,,,GP3HD,1.02296,1.20184,0.0901,0.36389,normalised
9.532068252563477,,,1.02272,1.20173,1,,,,,,,,,GP3HD,1.02272,1.20173,0.0901,0.36389,normalised
9.548737287521362,,,1.02313,1.20177,1,,,,,,,,,GP3HD,1.02313,1.20177,0.0901,0.36389,normalised
9.56768012046814,,,1.02345,1.20181,1,,,,,,,,,GP3HD,1.02345,1.20181,0.0901,0.36389,normalised
9.581790208816528,,,1.02376,1.20184,1,,,,,,,,,GP3HD,1.02376,1.20184,0.0901,0.36389,normalised
9.59849214553833,,,1.0241,1.20186,1,,,,,,,,,GP3HD,1.0241,1.20186,0.0901,0.36389,normalised
9.612737655639648,,,1.0237,1.20175,1,,,,,,,,,GP3HD,1.0237,1.20175,0.0901,0.36389,normalised
9.630066871643066,,,1.02329,1.20177,1,,,,,,,,,GP3HD,1.02329,1.20177,0.0901,0.36389,normalised
9.64801573753357,,,1.02364,1.20256,1,,,,,,,,,GP3HD,1.02364,1.20256,0.0901,0.36389,normalised
9.661335945129395,,,1.02348,1.20213,1,,,,,,,,,GP3HD,1.02348,1.20213,0.0901,0.36389,normalised
9.678226232528687,,,1.02334,1.20171,1,,,,,,,,,GP3HD,1.02334,1.20171,0.0901,0.36389,normalised
9.695558547973633,,,1.0244,1.20264,1,,,,,,,,,GP3HD,1.0244,1.20264,0.0901,0.36389,normalised
9.712024450302124,,,1.02507,1.20309,1,,,,,,,,,GP3HD,1.02507,1.20309,0.0901,0.36389,normalised
9.727914571762085,,,1.02575,1.2035,1,,,,,,,,,GP3HD,1.02575,1.2035,0.0901,0.36389,normalised
9.743845462799072,,,1.02608,1.20334,1,,,,,,,,,GP3HD,1.02608,1.20334,0.0901,0.36389,normalised
9.758904218673706,,,1.02607,1.20321,1,,,,,,,,,GP3HD,1.02607,1.20321,0.0901,0.36389,normalised
9.775647163391113,,,1.02606,1.20309,1,,,,,,,,,GP3HD,1.02606,1.20309,0.0901,0.36389,normalised
9.792620182037354,,,1.02617,1.2037,1,,,,,,,,,GP3HD,1.02617,1.2037,0.0901,0.36389,normalised
9.808186054229736,,,1.02672,1.20472,1,,,,,,,,,GP3HD,1.02672,1.20472,0.0901,0.36389,normalised
9.823920249938965,,,1.02727,1.20571,1,,,,,,,,,GP3HD,1.02727,1.20571,0.0901,0.36389,normalised
9.841670036315918,,,1.02741,1.20571,1,,,,,,,,,GP3HD,1.02741,1.20571,0.0901,0.36389,normalised
9.858680963516235,,,1.02805,1.20621,1,,,,,,,,,GP3HD,1.02805,1.20621,0.0901,0.36389,normalised
9.874450922012329,,,1.02868,1.20659,1,,,,,,,,,GP3HD,1.02868,1.20659,0.0901,0.36389,normalised
9.88803243637085,,,1.02881,1.20692,1,,,,,,,,,GP3HD,1.02881,1.20692,0.0901,0.36389,normalised
9.90733003616333,,,1.02902,1.20754,1,,,,,,,,,GP3HD,1.02902,1.20754,0.0901,0.36389,normalised
9.922072649002075,,,1.02924,1.20805,1,,,,,,,,,GP3HD,1.02924,1.20805,0.0901,0.36389,normalised
9.93712306022644,,,1.03001,1.20864,1,,,,,,,,,GP3HD,1.03001,1.20864,0.0901,0.36389,normalised
9.953619003295898,,,1.02963,1.20796,1,,,,,,,,,GP3HD,1.02963,1.20796,0.0901,0.36389,normalised
9.971348524093628,,,1.02926,1.20734,1,,,,,,,,,GP3HD,1.02926,1.20734,0.0901,0.36389,normalised
9.985970258712769,,,1.02974,1.20794,1,,,,,,,,,GP3HD,1.02974,1.20794,0.0901,0.36389,normalised
10.001784324645996,,,1.02963,1.20801,1,,,,,,,,,GP3HD,1.02963,1.20801,0.0901,0.36389,normalised
10.018940210342407,,,1.02953,1.20814,1,,,,,,,,,GP3HD,1.02953,1.20814,0.0901,0.36389,normalised
10.03619384765625,,,1.0292,1.20827,1,,,,,,,,,GP3HD,1.0292,1.20827,0.0901,0.36389,normalised
10.053066968917847,,,1.02921,1.20787,1,,,,,,,,,GP3HD,1.02921,1.20787,0.0901,0.36389,normalised
10.06672191619873,,,1.02921,1.20737,1,,,,,,,,,GP3HD,1.02921,1.20737,0.0901,0.36389,normalised
10.08254075050354,,,1.02875,1.20701,1,,,,,,,,,GP3HD,1.02875,1.20701,0.0901,0.36389,normalised
10.099446773529053,,,1.02898,1.20713,1,,,,,,,,,GP3HD,1.02898,1.20713,0.0901,0.36389,normalised
10.115062236785889,,,1.0292,1.20728,1,,,,,,,,,GP3HD,1.0292,1.20728,0.0901,0.36389,normalised
10.132534742355347,,,1.02989,1.20829,1,,,,,,,,,GP3HD,1.02989,1.20829,0.0901,0.36389,normalised
10.149072647094727,,,1.03038,1.20883,1,,,,,,,,,GP3HD,1.03038,1.20883,0.0901,0.36389,normalised
10.163047790527344,,,1.03088,1.20938,1,,,,,,,,,GP3HD,1.03088,1.20938,0.0901,0.36389,normalised
10.181273460388184,,,1.03143,1.2098,1,,,,,,,,,GP3HD,1.03143,1.2098,0.0901,0.36389,normalised
10.197937250137329,,,1.03158,1.2094,1,,,,,,,,,GP3HD,1.03158,1.2094,0.0901,0.36389,normalised
10.212184190750122,,,1.03172,1.20893,1,,,,,,,,,GP3HD,1.03172,1.20893,0.0901,0.36389,normalised
10.228988885879517,,,1.0319,1.20902,1,,,,,,,,,GP3HD,1.0319,1.20902,0.0901,0.36389,normalised
10.246584177017212,,,1.03127,1.20825,1,,,,,,,,,GP3HD,1.03127,1.20825,0.0901,0.36389,normalised
10.261945247650146,,,1.03064,1.20753,1,,,,,,,,,GP3HD,1.03064,1.20753,0.0901,0.36389,normalised
10.27806282043457,,,1.03029,1.20678,1,,,,,,,,,GP3HD,1.03029,1.20678,0.0901,0.36389,normalised
10.291922807693481,,,1.03096,1.20732,1,,,,,,,,,GP3HD,1.03096,1.20732,0.0901,0.36389,normalised
10.309720993041992,,,1.03164,1.20786,1,,,,,,,,,GP3HD,1.03164,1.20786,0.0901,0.36389,normalised
10.327848672866821,,,1.03155,1.20775,1,,,,,,,,,GP3HD,1.03155,1.20775,0.0901,0.36389,normalised
10.342125654220581,,,1.03148,1.20708,1,,,,,,,,,GP3HD,1.03148,1.20708,0.0901,0.36389,normalised
10.359121799468994,,,1.0314,1.20648,1,,,,,,,,,GP3HD,1.0314,1.20648,0.0901,0.36389,normalised
10.373577117919922,,,1.03152,1.20664,1,,,,,,,,,GP3HD,1.03152,1.20664,0.0901,0.36389,normalised
10.391104459762573,,,1.03135,1.20635,1,,,,,,,,,GP3HD,1.03135,1.20635,0.0901,0.36389,normalised
10.408231735229492,,,1.03121,1.20606,1,,,,,,,,,GP3HD,1.03121,1.20606,0.0901,0.36389,normalised
10.423264265060425,,,1.0317,1.20674,1,,,,,,,,,GP3HD,1.0317,1.20674,0.0901,0.36389,normalised
10.439120531082153,,,1.03236,1.20769,1,,,,,,,,,GP3HD,1.03236,1.20769,0.0901,0.36389,normalised
10.456390857696533,,,1.03302,1.20852,1,,,,,,,,,GP3HD,1.03302,1.20852,0.0901,0.36389,normalised
10.471397161483765,,,1.03259,1.2074,1,,,,,,,,,GP3HD,1.03259,1.2074,0.0901,0.36389,normalised
10.48747992515564,,,1.03237,1.20678,1,,,,,,,,,GP3HD,1.03237,1.20678,0.0901,0.36389,normalised
10.50553297996521,,,1.03213,1.20625,1,,,,,,,,,GP3HD,1.03213,1.20625,0.0901,0.36389,normalised
10.520315170288086,,,1.03279,1.20716,1,,,,,,,,,GP3HD,1.03279,1.20716,0.0901,0.36389,normalised
10.536619424819946,,,1.03252,1.20649,1,,,,,,,,,GP3HD,1.03252,1.20649,0.0901,0.36389,normalised
10.553356170654297,,,1.03228,1.20587,1,,,,,,,,,GP3HD,1.03228,1.20587,0.0901,0.36389,normalised
10.568050384521484,,,1.03254,1.20577,1,,,,,,,,,GP3HD,1.03254,1.20577,0.0901,0.36389,normalised
10.585724353790283,,,1.03198,1.20552,1,,,,,,,,,GP3HD,1.03198,1.20552,0.0901,0.36389,normalised
10.600901126861572,,,1.03141,1.20517,1,,,,,,,,,GP3HD,1.03141,1.20517,0.0901,0.36389,normalised
10.617299795150757,,,1.03179,1.20546,1,,,,,,,,,GP3HD,1.03179,1.20546,0.0901,0.36389,normalised
10.632962703704834,,,1.03214,1.20566,1,,,,,,,,,GP3HD,1.03214,1.20566,0.0901,0.36389,normalised
10.647668600082397,,,1.03249,1.20602,1,,,,,,,,,GP3HD,1.03249,1.20602,0.0901,0.36389,normalised
10.664438724517822,,,1.03208,1.2057,1,,,,,,,,,GP3HD,1.03208,1.2057,0.0901,0.36389,normalised
10.680163860321045,,,1.03212,1.20486,1,,,,,,,,,GP3HD,1.03212,1.20486,0.0901,0.36389,normalised
10.697660446166992,,,1.03218,1.20403,1,,,,,,,,,GP3HD,1.03218,1.20403,0.0901,0.36389,normalised
10.713505983352661,,,1.03217,1.20418,1,,,,,,,,,GP3HD,1.03217,1.20418,0.0901,0.36389,normalised
10.729156970977783,,,1.03257,1.20462,1,,,,,,,,,GP3HD,1.03257,1.20462,0.0901,0.36389,normalised
10.745389938354492,,,1.03297,1.20501,1,,,,,,,,,GP3HD,1.03297,1.20501,0.0901,0.36389,normalised
10.761588335037231,,,1.03319,1.20567,1,,,,,,,,,GP3HD,1.03319,1.20567,0.0901,0.36389,normalised
10.778752326965332,,,1.03405,1.20627,1,,,,,,,,,GP3HD,1.03405,1.20627,0.0901,0.36389,normalised
10.793398141860962,,,1.0349,1.20688,1,,,,,,,,,GP3HD,1.0349,1.20688,0.0901,0.36389,normalised
10.809898376464844,,,1.0349,1.20632,1,,,,,,,,,GP3HD,1.0349,1.20632,0.0901,0.36389,normalised
10.82847285270691,,,1.03476,1.20646,1,,,,,,,,,GP3HD,1.03476,1.20646,0.0901,0.36389,normalised
10.845276355743408,,,1.03461,1.20655,1,,,,,,,,,GP3HD,1.03461,1.20655,0.0901,0.36389,normalised
10.859736680984497,,,1.03565,1.20749,1,,,,,,,,,GP3HD,1.03565,1.20749,0.0901,0.36389,normalised
10.875212669372559,,,1.03566,1.20745,1,,,,,,,,,GP3HD,1.03566,1.20745,0.0901,0.36389,normalised
10.89203667640686,,,1.03568,1.20749,1,,,,,,,,,GP3HD,1.03568,1.20749,0.0901,0.36389,normalised
10.907297134399414,,,1.03514,1.20743,1,,,,,,,,,GP3HD,1.03514,1.20743,0.0901,0.36389,normalised
10.92513394355774,,,1.03507,1.20796,1,,,,,,,,,GP3HD,1.03507,1.20796,0.0901,0.36389,normalised
10.940155744552612,,,1.03501,1.20844,1,,,,,,,,,GP3HD,1.03501,1.20844,0.0901,0.36389,normalised
10.955132484436035,,,1.03372,1.206,1,,,,,,,,,GP3HD,1.03372,1.206,0.0901,0.36389,normalised
10.973987340927124,,,1.03287,1.20335,1,,,,,,,,,GP3HD,1.03287,1.20335,0.0901,0.36389,normalised
10.988792181015015,,,1.03199,1.20066,1,,,,,,,,,GP3HD,1.03199,1.20066,0.0901,0.36389,normalised
11.006616115570068,,,1.03086,1.19888,1,,,,,,,,,GP3HD,1.03086,1.19888,0.0901,0.36389,normalised
11.020867824554443,,,1.031,1.19787,1,,,,,,,,,GP3HD,1.031,1.19787,0.0901,0.36389,normalised
11.038384437561035,,,1.0167,1.1743,0,,,,,,,,,GP3HD,1.0167,1.1743,0.0901,0.36389,normalised
11.052911758422852,,,1.00995,1.15511,0,,,,,,,,,GP3HD,1.00995,1.15511,0.0901,0.36389,normalised
11.070434808731079,,,1.01109,1.15602,0,,,,,,,,,GP3HD,1.01109,1.15602,0.0901,0.36389,normalised
11.085540056228638,,,1.01167,1.15648,1,,,,,,,,,GP3HD,1.01167,1.15648,0.0901,0.36389,normalised
11.102530241012573,,,1.01085,1.15479,1,,,,,,,,,GP3HD,1.01085,1.15479,0.0901,0.36389,normalised
11.118546724319458,,,1.01083,1.15783,1,,,,,,,,,GP3HD,1.01083,1.15783,0.0901,0.36389,normalised
11.133994340896606,,,1.01088,1.15972,1,,,,,,,,,GP3HD,1.01088,1.15972,0.0901,0.36389,normalised
11.150744676589966,,,1.00936,1.15396,1,,,,,,,,,GP3HD,1.00936,1.15396,0.0901,0.36389,normalised
11.167704105377197,,,1.0065,1.15013,1,,,,,,,,,GP3HD,1.0065,1.15013,0.0901,0.36389,normalised
11.18170976638794,,,1.00414,1.14643,1,,,,,,,,,GP3HD,1.00414,1.14643,0.0901,0.36389,normalised
11.199583292007446,,,1.0011,1.1418,1,,,,,,,,,GP3HD,1.0011,1.1418,0.0901,0.36389,normalised
11.215179443359375,,,1.00028,1.14036,1,,,,,,,,,GP3HD,1.00028,1.14036,0.0901,0.36389,normalised
11.229899644851685,,,0.99957,1.13888,1,,,,,,,,,GP3HD,0.99957,1.13888,0.0901,0.36389,normalised
11.2466402053833,,,0.99682,1.13409,1,,,,,,,,,GP3HD,0.99682,1.13409,0.0901,0.36389,normalised
11.26392674446106,,,0.9949,1.1301,1,,,,,,,,,GP3HD,0.9949,1.1301,0.0901,0.36389,normalised
11.279838562011719,,,0.9932,1.12639,1,,,,,,,,,GP3HD,0.9932,1.12639,0.0901,0.36389,normalised
11.296792984008789,,,0.99195,1.12313,1,,,,,,,,,GP3HD,0.99195,1.12313,0.0901,0.36389,normalised
11.314518928527832,,,0.9893,1.11944,1,,,,,,,,,GP3HD,0.9893,1.11944,0.0901,0.36389,normalised
11.329775333404541,,,0.97297,1.09072,0,,,,,,,,,GP3HD,0.97297,1.09072,0.0901,0.36389,normalised
11.345746755599976,,,0.92163,1.07408,0,,,,,,,,,GP3HD,0.92163,1.07408,0.0901,0.36389,normalised
11.36273980140686,,,0.90038,1.06529,0,,,,,,,,,GP3HD,0.90038,1.06529,0.0901,0.36389,normalised
11.376688241958618,,,0.86201,1.05095,0,,,,,,,,,GP3HD,0.86201,1.05095,0.0901,0.36389,normalised
11.392229557037354,,,0.8454,1.06883,0,,,,,,,,,GP3HD,0.8454,1.06883,0.0901,0.36389,normalised
11.409142255783081,,,0.84862,1.08085,0,,,,,,,,,GP3HD,0.84862,1.08085,0.0901,0.36389,normalised
11.424806118011475,,,0.85023,1.08687,1,,,,,,,,,GP3HD,0.85023,1.08687,0.0901,0.36389,normalised
11.441123962402344,,,0.84939,1.08286,1,,,,,,,,,GP3HD,0.84939,1.08286,0.0901,0.36389,normalised
11.459144830703735,,,0.84865,1.08431,1,,,,,,,,,GP3HD,0.84865,1.08431,0.0901,0.36389,normalised
11.475477457046509,,,0.84795,1.08467,1,,,,,,,,,GP3HD,0.84795,1.08467,0.0901,0.36389,normalised
11.489047765731812,,,0.84862,1.08435,1,,,,,,,,,GP3HD,0.84862,1.08435,0.0901,0.36389,normalised
11.505193710327148,,,0.84726,1.08313,1,,,,,,,,,GP3HD,0.84726,1.08313,0.0901,0.36389,normalised
11.52243185043335,,,0.84608,1.0819,1,,,,,,,,,GP3HD,0.84608,1.0819,0.0901,0.36389,normalised
11.539005279541016,,,0.84317,1.07624,1,,,,,,,,,GP3HD,0.84317,1.07624,0.0901,0.36389,normalised
11.55376935005188,,,0.8405,1.07454,1,,,,,,,,,GP3HD,0.8405,1.07454,0.0901,0.36389,normalised
11.571130990982056,,,0.83842,1.07367,1,,,,,,,,,GP3HD,0.83842,1.07367,0.0901,0.36389,normalised
11.587244749069214,,,0.83809,1.07348,1,,,,,,,,,GP3HD,0.83809,1.07348,0.0901,0.36389,normalised
11.603322267532349,,,0.83866,1.07466,1,,,,,,,,,GP3HD,0.83866,1.07466,0.0901,0.36389,normalised
11.618196725845337,,,0.83916,1.07563,1,,,,,,,,,GP3HD,0.83916,1.07563,0.0901,0.36389,normalised
11.634636163711548,,,0.83926,1.0763,1,,,,,,,,,GP3HD,0.83926,1.0763,0.0901,0.36389,normalised
11.65135669708252,,,0.83944,1.07483,1,,,,,,,,,GP3HD,0.83944,1.07483,0.0901,0.36389,normalised
11.666967868804932,,,0.83949,1.07316,1,,,,,,,,,GP3HD,0.83949,1.07316,0.0901,0.36389,normalised
11.684162378311157,,,0.83974,1.07305,1,,,,,,,,,GP3HD,0.83974,1.07305,0.0901,0.36389,normalised
11.702127456665039,,,0.83851,1.07147,1,,,,,,,,,GP3HD,0.83851,1.07147,0.0901,0.36389,normalised
11.717681169509888,,,0.83744,1.07015,1,,,,,,,,,GP3HD,0.83744,1.07015,0.0901,0.36389,normalised
11.733473300933838,,,0.83886,1.0703,1,,,,,,,,,GP3HD,0.83886,1.0703,0.0901,0.36389,normalised
11.749027967453003,,,0.83981,1.06976,1,,,,,,,,,GP3HD,0.83981,1.06976,0.0901,0.36389,normalised
11.76592469215393,,,0.84064,1.06915,1,,,,,,,,,GP3HD,0.84064,1.06915,0.0901,0.36389,normalised
11.782708883285522,,,0.84621,1.07349,1,,,,,,,,,GP3HD,0.84621,1.07349,0.0901,0.36389,normalised
11.797401428222656,,,0.85165,1.07801,1,,,,,,,,,GP3HD,0.85165,1.07801,0.0901,0.36389,normalised
11.812891960144043,,,0.8567,1.08221,1,,,,,,,,,GP3HD,0.8567,1.08221,0.0901,0.36389,normalised
11.829712390899658,,,0.89127,1.09728,0,,,,,,,,,GP3HD,0.89127,1.09728,0.0901,0.36389,normalised
11.845600605010986,,,0.96843,1.14052,0,,,,,,,,,GP3HD,0.96843,1.14052,0.0901,0.36389,normalised
11.863265037536621,,,0.99424,1.15463,0,,,,,,,,,GP3HD,0.99424,1.15463,0.0901,0.36389,normalised
11.877373933792114,,,1.04266,1.20054,0,,,,,,,,,GP3HD,1.04266,1.20054,0.0901,0.36389,normalised
11.894786834716797,,,1.08962,1.2458,0,,,,,,,,,GP3HD,1.08962,1.2458,0.0901,0.36389,normalised
11.91243314743042,,,1.10535,1.26056,0,,,,,,,,,GP3HD,1.10535,1.26056,0.0901,0.36389,normalised
11.92807936668396,,,1.11065,1.29359,0,,,,,,,,,GP3HD,1.11065,1.29359,0.0901,0.36389,normalised
11.944189548492432,,,1.1965,1.4662,0,,,,,,,,,GP3HD,1.1965,1.4662,0.0901,0.36389,normalised
11.95928406715393,,,1.22457,1.52381,0,,,,,,,,,GP3HD,1.22457,1.52381,0.0901,0.36389,normalised
11.97701907157898,,,1.12405,1.36671,1,,,,,,,,,GP3HD,1.12405,1.36671,0.0901,0.36389,normalised
11.992525577545166,,,1.07286,1.29709,1,,,,,,,,,GP3HD,1.07286,1.29709,0.0901,0.36389,normalised
12.00834584236145,,,1.0391,1.25212,1,,,,,,,,,GP3HD,1.0391,1.25212,0.0901,0.36389,normalised
12.024884700775146,,,1.00456,1.20006,1,,,,,,,,,GP3HD,1.00456,1.20006,0.0901,0.36389,normalised
12.041805028915405,,,0.96445,1.15419,0,,,,,,,,,GP3HD,0.96445,1.15419,0.0901,0.36389,normalised
12.056802749633789,,,0.89717,1.06333,0,,,,,,,,,GP3HD,0.89717,1.06333,0.0901,0.36389,normalised
12.074673414230347,,,0.85611,0.98899,0,,,,,,,,,GP3HD,0.85611,0.98899,0.0901,0.36389,normalised
12.093326568603516,,,0.81068,0.92256,0,,,,,,,,,GP3HD,0.81068,0.92256,0.0901,0.36389,normalised
12.10789966583252,,,0.81949,0.93941,0,,,,,,,,,GP3HD,0.81949,0.93941,0.0901,0.36389,normalised
12.123081922531128,,,0.81074,0.92321,0,,,,,,,,,GP3HD,0.81074,0.92321,0.0901,0.36389,normalised
12.140305519104004,,,0.81984,0.94097,1,,,,,,,,,GP3HD,0.81984,0.94097,0.0901,0.36389,normalised
12.15394377708435,,,0.82548,0.95214,1,,,,,,,,,GP3HD,0.82548,0.95214,0.0901,0.36389,normalised
12.17168927192688,,,0.8204,0.93643,1,,,,,,,,,GP3HD,0.8204,0.93643,0.0901,0.36389,normalised
12.188181638717651,,,0.82241,0.93406,1,,,,,,,,,GP3HD,0.82241,0.93406,0.0901,0.36389,normalised
12.202934980392456,,,0.82377,0.93174,1,,,,,,,,,GP3HD,0.82377,0.93174,0.0901,0.36389,normalised
12.2194242477417,,,0.82071,0.91913,1,,,,,,,,,GP3HD,0.82071,0.91913,0.0901,0.36389,normalised
12.235942363739014,,,0.82262,0.91085,1,,,,,,,,,GP3HD,0.82262,0.91085,0.0901,0.36389,normalised
12.251928091049194,,,0.82418,0.90408,1,,,,,,,,,GP3HD,0.82418,0.90408,0.0901,0.36389,normalised
12.268840312957764,,,0.81668,0.88863,1,,,,,,,,,GP3HD,0.81668,0.88863,0.0901,0.36389,normalised
12.283748626708984,,,0.81288,0.87511,1,,,,,,,,,GP3HD,0.81288,0.87511,0.0901,0.36389,normalised
12.29990291595459,,,0.80975,0.86394,1,,,,,,,,,GP3HD,0.80975,0.86394,0.0901,0.36389,normalised
12.316680192947388,,,0.8015,0.85097,1,,,,,,,,,GP3HD,0.8015,0.85097,0.0901,0.36389,normalised
12.330431461334229,,,0.77515,0.78608,0,,,,,,,,,GP3HD,0.77515,0.78608,0.0901,0.36389,normalised
12.347590923309326,,,0.66695,0.61002,0,,,,,,,,,GP3HD,0.66695,0.61002,0.0901,0.36389,normalised
12.36431360244751,,,0.76051,0.79284,0,,,,,,,,,GP3HD,0.76051,0.79284,0.0901,0.36389,normalised
12.380553722381592,,,0.81489,0.91352,0,,,,,,,,,GP3HD,0.81489,0.91352,0.0901,0.36389,normalised
12.39647126197815,,,0.8764,1.0287,0,,,,,,,,,GP3HD,0.8764,1.0287,0.0901,0.36389,normalised
12.41132116317749,,,0.90101,1.07615,0,,,,,,,,,GP3HD,0.90101,1.07615,0.0901,0.36389,normalised
12.428164958953857,,,0.94215,1.1508,0,,,,,,,,,GP3HD,0.94215,1.1508,0.0901,0.36389,normalised
12.444857597351074,,,0.94,1.14267,0,,,,,,,,,GP3HD,0.94,1.14267,0.0901,0.36389,normalised
12.463110446929932,,,0.9574,1.14917,0,,,,,,,,,GP3HD,0.9574,1.14917,0.0901,0.36389,normalised
12.477111339569092,,,0.9584,1.14965,1,,,,,,,,,GP3HD,0.9584,1.14965,0.0901,0.36389,normalised
12.492879867553711,,,0.959,1.14993,1,,,,,,,,,GP3HD,0.959,1.14993,0.0901,0.36389,normalised
12.50997519493103,,,0.95997,1.14356,1,,,,,,,,,GP3HD,0.95997,1.14356,0.0901,0.36389,normalised
12.525166273117065,,,0.95884,1.13606,1,,,,,,,,,GP3HD,0.95884,1.13606,0.0901,0.36389,normalised
12.543869256973267,,,0.958,1.13044,1,,,,,,,,,GP3HD,0.958,1.13044,0.0901,0.36389,normalised
12.55696177482605,,,0.96097,1.1326,1,,,,,,,,,GP3HD,0.96097,1.1326,0.0901,0.36389,normalised
12.574028253555298,,,0.96262,1.13008,1,,,,,,,,,GP3HD,0.96262,1.13008,0.0901,0.36389,normalised
12.58983039855957,,,0.96398,1.12794,1,,,,,,,,,GP3HD,0.96398,1.12794,0.0901,0.36389,normalised
12.606382846832275,,,0.96372,1.12678,1,,,,,,,,,GP3HD,0.96372,1.12678,0.0901,0.36389,normalised
12.622116565704346,,,0.96722,1.12632,1,,,,,,,,,GP3HD,0.96722,1.12632,0.0901,0.36389,normalised
12.637919664382935,,,0.97018,1.12541,1,,,,,,,,,GP3HD,0.97018,1.12541,0.0901,0.36389,normalised
12.655539274215698,,,0.97283,1.12105,1,,,,,,,,,GP3HD,0.97283,1.12105,0.0901,0.36389,normalised
12.673044443130493,,,0.98344,1.1205,1,,,,,,,,,GP3HD,0.98344,1.1205,0.0901,0.36389,normalised
12.688989400863647,,,0.9928,1.12002,1,,,,,,,,,GP3HD,0.9928,1.12002,0.0901,0.36389,normalised
12.702505588531494,,,0.98277,1.11134,1,,,,,,,,,GP3HD,0.98277,1.11134,0.0901,0.36389,normalised
12.719936609268188,,,0.9727,1.10112,1,,,,,,,,,GP3HD,0.9727,1.10112,0.0901,0.36389,normalised
12.734745740890503,,,0.9674,1.06625,0,,,,,,,,,GP3HD,0.9674,1.06625,0.0901,0.36389,normalised
12.753485918045044,,,0.89143,1.03349,0,,,,,,,,,GP3HD,0.89143,1.03349,0.0901,0.36389,normalised
12.766557455062866,,,0.87091,1.02805,0,,,,,,,,,GP3HD,0.87091,1.02805,0.0901,0.36389,normalised
12.784693241119385,,,0.82507,1.01169,0,,,,,,,,,GP3HD,0.82507,1.01169,0.0901,0.36389,normalised
12.799100399017334,,,0.84046,1.05028,0,,,,,,,,,GP3HD,0.84046,1.05028,0.0901,0.36389,normalised
12.81524133682251,,,0.85543,1.09073,0,,,,,,,,,GP3HD,0.85543,1.09073,0.0901,0.36389,normalised
12.831871747970581,,,0.87554,1.14404,0,,,,,,,,,GP3HD,0.87554,1.14404,0.0901,0.36389,normalised
12.848713159561157,,,0.86325,1.09974,0,,,,,,,,,GP3HD,0.86325,1.09974,0.0901,0.36389,normalised
12.8646399974823,,,0.90622,1.15622,0,,,,,,,,,GP3HD,0.90622,1.15622,0.0901,0.36389,normalised
12.882643699645996,,,0.92775,1.18472,1,,,,,,,,,GP3HD,0.92775,1.18472,0.0901,0.36389,normalised
12.897060632705688,,,0.93074,1.17308,1,,,,,,,,,GP3HD,0.93074,1.17308,0.0901,0.36389,normalised
12.913833141326904,,,0.97161,1.20075,1,,,,,,,,,GP3HD,0.97161,1.20075,0.0901,0.36389,normalised
12.928592681884766,,,1.00067,1.22079,1,,,,,,,,,GP3HD,1.00067,1.22079,0.0901,0.36389,normalised
12.946346521377563,,,0.99351,1.21243,1,,,,,,,,,GP3HD,0.99351,1.21243,0.0901,0.36389,normalised
12.963669776916504,,,1.00854,1.21048,1,,,,,,,,,GP3HD,1.00854,1.21048,0.0901,0.36389,normalised
12.978692054748535,,,1.02051,1.20924,1,,,,,,,,,GP3HD,1.02051,1.20924,0.0901,0.36389,normalised
12.995218992233276,,,1.0091,1.19612,1,,,,,,,,,GP3HD,1.0091,1.19612,0.0901,0.36389,normalised
13.011139392852783,,,1.01362,1.18983,1,,,,,,,,,GP3HD,1.01362,1.18983,0.0901,0.36389,normalised
13.028137922286987,,,1.01744,1.1848,1,,,,,,,,,GP3HD,1.01744,1.1848,0.0901,0.36389,normalised
13.042952060699463,,,1.03469,1.18517,0,,,,,,,,,GP3HD,1.03469,1.18517,0.0901,0.36389,normalised
13.058347463607788,,,1.00695,1.0923,0,,,,,,,,,GP3HD,1.00695,1.0923,0.0901,0.36389,normalised
13.075451135635376,,,0.99752,1.0598,0,,,,,,,,,GP3HD,0.99752,1.0598,0.0901,0.36389,normalised
13.091492176055908,,,0.94107,1.01285,0,,,,,,,,,GP3HD,0.94107,1.01285,0.0901,0.36389,normalised
13.109371185302734,,,0.90965,0.99193,0,,,,,,,,,GP3HD,0.90965,0.99193,0.0901,0.36389,normalised
13.124966859817505,,,0.89915,0.98448,0,,,,,,,,,GP3HD,0.89915,0.98448,0.0901,0.36389,normalised
13.139745235443115,,,0.87702,0.98806,1,,,,,,,,,GP3HD,0.87702,0.98806,0.0901,0.36389,normalised
13.155982255935669,,,0.86057,0.98371,1,,,,,,,,,GP3HD,0.86057,0.98371,0.0901,0.36389,normalised
13.172832489013672,,,0.84966,0.98108,1,,,,,,,,,GP3HD,0.84966,0.98108,0.0901,0.36389,normalised
13.187597274780273,,,0.8438,0.99148,1,,,,,,,,,GP3HD,0.8438,0.99148,0.0901,0.36389,normalised
13.205405950546265,,,0.8407,1.01909,1,,,,,,,,,GP3HD,0.8407,1.01909,0.0901,0.36389,normalised
13.221403360366821,,,0.83842,1.0409,1,,,,,,,,,GP3HD,0.83842,1.0409,0.0901,0.36389,normalised
13.239276885986328,,,0.82863,1.0146,1,,,,,,,,,GP3HD,0.82863,1.0146,0.0901,0.36389,normalised
13.256860256195068,,,0.82213,0.99483,1,,,,,,,,,GP3HD,0.82213,0.99483,0.0901,0.36389,normalised
13.271807193756104,,,0.81684,0.97866,1,,,,,,,,,GP3HD,0.81684,0.97866,0.0901,0.36389,normalised
13.287795305252075,,,0.81143,0.96104,1,,,,,,,,,GP3HD,0.81143,0.96104,0.0901,0.36389,normalised
13.304594039916992,,,0.81049,0.94793,1,,,,,,,,,GP3HD,0.81049,0.94793,0.0901,0.36389,normalised
13.319218158721924,,,0.78718,0.92414,0,,,,,,,,,GP3HD,0.78718,0.92414,0.0901,0.36389,normalised
13.334856510162354,,,0.7497,0.81839,0,,,,,,,,,GP3HD,0.7497,0.81839,0.0901,0.36389,normalised
13.35165286064148,,,0.74007,0.78584,0,,,,,,,,,GP3HD,0.74007,0.78584,0.0901,0.36389,normalised
13.3685884475708,,,0.71795,0.71805,0,,,,,,,,,GP3HD,0.71795,0.71805,0.0901,0.36389,normalised
13.384232521057129,,,0.72065,0.72018,0,,,,,,,,,GP3HD,0.72065,0.72018,0.0901,0.36389,normalised
13.39998459815979,,,0.70183,0.68659,0,,,,,,,,,GP3HD,0.70183,0.68659,0.0901,0.36389,normalised
13.417660474777222,,,0.69242,0.66979,1,,,,,,,,,GP3HD,0.69242,0.66979,0.0901,0.36389,normalised
13.432008981704712,,,0.69902,0.68522,1,,,,,,,,,GP3HD,0.69902,0.68522,0.0901,0.36389,normalised
13.445632457733154,,,0.69355,0.69054,1,,,,,,,,,GP3HD,0.69355,0.69054,0.0901,0.36389,normalised
13.463287830352783,,,0.68934,0.69347,1,,,,,,,,,GP3HD,0.68934,0.69347,0.0901,0.36389,normalised
13.480690717697144,,,0.68432,0.67989,1,,,,,,,,,GP3HD,0.68432,0.67989,0.0901,0.36389,normalised
13.498201370239258,,,0.67583,0.66735,1,,,,,,,,,GP3HD,0.67583,0.66735,0.0901,0.36389,normalised
13.513038158416748,,,0.66879,0.65661,1,,,,,,,,,GP3HD,0.66879,0.65661,0.0901,0.36389,normalised
13.530340194702148,,,0.66614,0.65307,1,,,,,,,,,GP3HD,0.66614,0.65307,0.0901,0.36389,normalised
13.544827461242676,,,0.66199,0.65179,1,,,,,,,,,GP3HD,0.66199,0.65179,0.0901,0.36389,normalised
13.559049367904663,,,0.65866,0.65121,1,,,,,,,,,GP3HD,0.65866,0.65121,0.0901,0.36389,normalised
13.575825452804565,,,0.65869,0.6495,1,,,,,,,,,GP3HD,0.65869,0.6495,0.0901,0.36389,normalised
13.593358039855957,,,0.65803,0.65179,1,,,,,,,,,GP3HD,0.65803,0.65179,0.0901,0.36389,normalised
13.607882499694824,,,0.65759,0.65419,1,,,,,,,,,GP3HD,0.65759,0.65419,0.0901,0.36389,normalised
13.625636577606201,,,0.65998,0.65478,1,,,,,,,,,GP3HD,0.65998,0.65478,0.0901,0.36389,normalised
13.640249729156494,,,0.66055,0.65325,1,,,,,,,,,GP3HD,0.66055,0.65325,0.0901,0.36389,normalised
13.657787799835205,,,0.64435,0.62687,0,,,,,,,,,GP3HD,0.64435,0.62687,0.0901,0.36389,normalised
13.672390222549438,,,0.66194,0.60789,0,,,,,,,,,GP3HD,0.66194,0.60789,0.0901,0.36389,normalised
13.689539670944214,,,0.66311,0.60406,0,,,,,,,,,GP3HD,0.66311,0.60406,0.0901,0.36389,normalised
13.707162380218506,,,0.66322,0.60099,1,,,,,,,,,GP3HD,0.66322,0.60099,0.0901,0.36389,normalised
13.72166919708252,,,0.66146,0.59978,1,,,,,,,,,GP3HD,0.66146,0.59978,0.0901,0.36389,normalised
13.73820447921753,,,0.66169,0.60333,1,,,,,,,,,GP3HD,0.66169,0.60333,0.0901,0.36389,normalised
13.754490613937378,,,0.6625,0.6078,1,,,,,,,,,GP3HD,0.6625,0.6078,0.0901,0.36389,normalised
13.77254843711853,,,0.6654,0.61376,1,,,,,,,,,GP3HD,0.6654,0.61376,0.0901,0.36389,normalised
13.786152601242065,,,0.66562,0.62634,1,,,,,,,,,GP3HD,0.66562,0.62634,0.0901,0.36389,normalised
13.80214810371399,,,0.66579,0.6364,1,,,,,,,,,GP3HD,0.66579,0.6364,0.0901,0.36389,normalised
13.819066762924194,,,0.67015,0.64162,1,,,,,,,,,GP3HD,0.67015,0.64162,0.0901,0.36389,normalised
13.835649251937866,,,0.67522,0.65177,1,,,,,,,,,GP3HD,0.67522,0.65177,0.0901,0.36389,normalised
13.850274562835693,,,0.6792,0.65938,1,,,,,,,,,GP3HD,0.6792,0.65938,0.0901,0.36389,normalised
13.868098974227905,,,0.67961,0.66032,1,,,,,,,,,GP3HD,0.67961,0.66032,0.0901,0.36389,normalised
13.883488655090332,,,0.68386,0.66579,1,,,,,,,,,GP3HD,0.68386,0.66579,0.0901,0.36389,normalised
13.900123119354248,,,0.68746,0.6702,1,,,,,,,,,GP3HD,0.68746,0.6702,0.0901,0.36389,normalised
13.917838335037231,,,0.69771,0.69496,0,,,,,,,,,GP3HD,0.69771,0.69496,0.0901,0.36389,normalised
13.931519031524658,,,0.6945,0.65194,0,,,,,,,,,GP3HD,0.6945,0.65194,0.0901,0.36389,normalised
13.949386596679688,,,0.69494,0.64246,0,,,,,,,,,GP3HD,0.69494,0.64246,0.0901,0.36389,normalised
13.966394186019897,,,0.69077,0.63284,1,,,,,,,,,GP3HD,0.69077,0.63284,0.0901,0.36389,normalised
13.98162055015564,,,0.6765,0.5636,0,,,,,,,,,GP3HD,0.6765,0.5636,0.0901,0.36389,normalised
13.999369144439697,,,0.65682,0.48479,0,,,,,,,,,GP3HD,0.65682,0.48479,0.0901,0.36389,normalised
14.012014389038086,,,0.6532,0.48939,0,,,,,,,,,GP3HD,0.6532,0.48939,0.0901,0.36389,normalised
14.029275178909302,,,0.63297,0.40482,0,,,,,,,,,GP3HD,0.63297,0.40482,0.0901,0.36389,normalised
14.045610666275024,,,0.62001,0.34446,0,,,,,,,,,GP3HD,0.62001,0.34446,0.0901,0.36389,normalised
14.06325101852417,,,0.63373,0.40847,0,,,,,,,,,GP3HD,0.63373,0.40847,0.0901,0.36389,normalised
14.078003168106079,,,0.63921,0.43872,1,,,,,,,,,GP3HD,0.63921,0.43872,0.0901,0.36389,normalised
14.095863819122314,,,0.64347,0.45989,1,,,,,,,,,GP3HD,0.64347,0.45989,0.0901,0.36389,normalised
14.11070203781128,,,0.64486,0.47931,1,,,,,,,,,GP3HD,0.64486,0.47931,0.0901,0.36389,normalised
14.126464128494263,,,0.64584,0.49023,1,,,,,,,,,GP3HD,0.64584,0.49023,0.0901,0.36389,normalised
14.142454624176025,,,0.64718,0.50031,1,,,,,,,,,GP3HD,0.64718,0.50031,0.0901,0.36389,normalised
14.159348249435425,,,0.64235,0.49873,1,,,,,,,,,GP3HD,0.64235,0.49873,0.0901,0.36389,normalised
14.173601865768433,,,0.63572,0.4938,1,,,,,,,,,GP3HD,0.63572,0.4938,0.0901,0.36389,normalised
14.191535949707031,,,0.63054,0.4905,1,,,,,,,,,GP3HD,0.63054,0.4905,0.0901,0.36389,normalised
14.207313537597656,,,0.63204,0.49786,1,,,,,,,,,GP3HD,0.63204,0.49786,0.0901,0.36389,normalised
14.224214553833008,,,0.62582,0.48564,1,,,,,,,,,GP3HD,0.62582,0.48564,0.0901,0.36389,normalised
14.242319583892822,,,0.62044,0.47497,1,,,,,,,,,GP3HD,0.62044,0.47497,0.0901,0.36389,normalised
14.256163835525513,,,0.62168,0.47872,1,,,,,,,,,GP3HD,0.62168,0.47872,0.0901,0.36389,normalised
14.274028062820435,,,0.61625,0.46444,1,,,,,,,,,GP3HD,0.61625,0.46444,0.0901,0.36389,normalised
14.29028606414795,,,0.6113,0.45146,1,,,,,,,,,GP3HD,0.6113,0.45146,0.0901,0.36389,normalised
14.303966522216797,,,0.6141,0.461,1,,,,,,,,,GP3HD,0.6141,0.461,0.0901,0.36389,normalised
14.323032140731812,,,0.61654,0.4699,1,,,,,,,,,GP3HD,0.61654,0.4699,0.0901,0.36389,normalised
14.337738990783691,,,0.61886,0.47824,1,,,,,,,,,GP3HD,0.61886,0.47824,0.0901,0.36389,normalised
14.351682662963867,,,0.61997,0.48222,1,,,,,,,,,GP3HD,0.61997,0.48222,0.0901,0.36389,normalised
14.370818853378296,,,0.61614,0.47412,1,,,,,,,,,GP3HD,0.61614,0.47412,0.0901,0.36389,normalised
14.38743805885315,,,0.59625,0.44493,0,,,,,,,,,GP3HD,0.59625,0.44493,0.0901,0.36389,normalised
14.401264667510986,,,0.61673,0.50531,0,,,,,,,,,GP3HD,0.61673,0.50531,0.0901,0.36389,normalised
14.419201374053955,,,0.59045,0.44015,0,,,,,,,,,GP3HD,0.59045,0.44015,0.0901,0.36389,normalised
14.43660283088684,,,0.57732,0.40757,1,,,,,,,,,GP3HD,0.57732,0.40757,0.0901,0.36389,normalised
14.450249671936035,,,0.58779,0.44602,1,,,,,,,,,GP3HD,0.58779,0.44602,0.0901,0.36389,normalised
14.465988159179688,,,0.59431,0.46786,1,,,,,,,,,GP3HD,0.59431,0.46786,0.0901,0.36389,normalised
14.483760356903076,,,0.59891,0.48317,1,,,,,,,,,GP3HD,0.59891,0.48317,0.0901,0.36389,normalised
14.498412847518921,,,0.60865,0.50333,1,,,,,,,,,GP3HD,0.60865,0.50333,0.0901,0.36389,normalised
14.514411449432373,,,0.61306,0.51891,1,,,,,,,,,GP3HD,0.61306,0.51891,0.0901,0.36389,normalised
14.533286333084106,,,0.6164,0.53091,1,,,,,,,,,GP3HD,0.6164,0.53091,0.0901,0.36389,normalised
14.548978328704834,,,0.61984,0.53802,1,,,,,,,,,GP3HD,0.61984,0.53802,0.0901,0.36389,normalised
14.565130949020386,,,0.62303,0.54705,1,,,,,,,,,GP3HD,0.62303,0.54705,0.0901,0.36389,normalised
14.581718921661377,,,0.62589,0.5552,1,,,,,,,,,GP3HD,0.62589,0.5552,0.0901,0.36389,normalised
14.59640097618103,,,0.62882,0.56215,1,,,,,,,,,GP3HD,0.62882,0.56215,0.0901,0.36389,normalised
14.611259460449219,,,0.64086,0.5992,0,,,,,,,,,GP3HD,0.64086,0.5992,0.0901,0.36389,normalised
14.627915382385254,,,0.64933,0.61888,0,,,,,,,,,GP3HD,0.64933,0.61888,0.0901,0.36389,normalised
14.643001317977905,,,0.6564,0.61367,0,,,,,,,,,GP3HD,0.6564,0.61367,0.0901,0.36389,normalised
14.660069465637207,,,0.65835,0.61949,1,,,,,,,,,GP3HD,0.65835,0.61949,0.0901,0.36389,normalised
14.676101446151733,,,0.65915,0.62208,1,,,,,,,,,GP3HD,0.65915,0.62208,0.0901,0.36389,normalised
14.692836046218872,,,0.66433,0.62667,1,,,,,,,,,GP3HD,0.66433,0.62667,0.0901,0.36389,normalised
14.708579540252686,,,0.66654,0.63155,1,,,,,,,,,GP3HD,0.66654,0.63155,0.0901,0.36389,normalised
14.725139141082764,,,0.66847,0.63602,1,,,,,,,,,GP3HD,0.66847,0.63602,0.0901,0.36389,normalised
14.739894390106201,,,0.67338,0.6435,1,,,,,,,,,GP3HD,0.67338,0.6435,0.0901,0.36389,normalised
14.75658655166626,,,0.6776,0.65186,1,,,,,,,,,GP3HD,0.6776,0.65186,0.0901,0.36389,normalised
14.772587776184082,,,0.68104,0.65869,1,,,,,,,,,GP3HD,0.68104,0.65869,0.0901,0.36389,normalised
14.790112257003784,,,0.68194,0.66007,1,,,,,,,,,GP3HD,0.68194,0.66007,0.0901,0.36389,normalised
14.804747581481934,,,0.68241,0.66017,1,,,,,,,,,GP3HD,0.68241,0.66017,0.0901,0.36389,normalised
14.821485757827759,,,0.68281,0.66026,1,,,,,,,,,GP3HD,0.68281,0.66026,0.0901,0.36389,normalised
14.837732553482056,,,0.6805,0.65795,1,,,,,,,,,GP3HD,0.6805,0.65795,0.0901,0.36389,normalised
14.85516905784607,,,0.67912,0.65656,1,,,,,,,,,GP3HD,0.67912,0.65656,0.0901,0.36389,normalised
14.86970067024231,,,0.67789,0.65534,1,,,,,,,,,GP3HD,0.67789,0.65534,0.0901,0.36389,normalised
14.887221336364746,,,0.67805,0.65489,1,,,,,,,,,GP3HD,0.67805,0.65489,0.0901,0.36389,normalised
14.903851509094238,,,0.67809,0.65338,1,,,,,,,,,GP3HD,0.67809,0.65338,0.0901,0.36389,normalised
14.917491436004639,,,0.67812,0.65201,1,,,,,,,,,GP3HD,0.67812,0.65201,0.0901,0.36389,normalised
14.935685873031616,,,0.67936,0.65276,1,,,,,,,,,GP3HD,0.67936,0.65276,0.0901,0.36389,normalised
14.950387716293335,,,0.68186,0.65236,1,,,,,,,,,GP3HD,0.68186,0.65236,0.0901,0.36389,normalised
14.969137907028198,,,0.68415,0.65199,1,,,,,,,,,GP3HD,0.68415,0.65199,0.0901,0.36389,normalised
14.983972549438477,,,0.68446,0.65084,1,,,,,,,,,GP3HD,0.68446,0.65084,0.0901,0.36389,normalised
15.00021481513977,,,0.68479,0.65005,1,,,,,,,,,GP3HD,0.68479,0.65005,0.0901,0.36389,normalised
15.016919374465942,,,0.68509,0.64925,1,,,,,,,,,GP3HD,0.68509,0.64925,0.0901,0.36389,normalised
15.032560110092163,,,0.68483,0.64977,1,,,,,,,,,GP3HD,0.68483,0.64977,0.0901,0.36389,normalised
15.048402786254883,,,0.68544,0.6506,1,,,,,,,,,GP3HD,0.68544,0.6506,0.0901,0.36389,normalised
15.065403699874878,,,0.68595,0.65122,1,,,,,,,,,GP3HD,0.68595,0.65122,0.0901,0.36389,normalised
15.081217527389526,,,0.68549,0.65095,1,,,,,,,,,GP3HD,0.68549,0.65095,0.0901,0.36389,normalised
15.098011016845703,,,0.68589,0.65262,1,,,,,,,,,GP3HD,0.68589,0.65262,0.0901,0.36389,normalised
15.113833665847778,,,0.68633,0.65437,1,,,,,,,,,GP3HD,0.68633,0.65437,0.0901,0.36389,normalised
15.129723072052002,,,0.68563,0.65418,1,,,,,,,,,GP3HD,0.68563,0.65418,0.0901,0.36389,normalised
15.146181344985962,,,0.68483,0.65426,1,,,,,,,,,GP3HD,0.68483,0.65426,0.0901,0.36389,normalised
15.162861824035645,,,0.68409,0.65437,1,,,,,,,,,GP3HD,0.68409,0.65437,0.0901,0.36389,normalised
15.177610874176025,,,0.68332,0.65439,1,,,,,,,,,GP3HD,0.68332,0.65439,0.0901,0.36389,normalised
15.195878505706787,,,0.68324,0.6555,1,,,,,,,,,GP3HD,0.68324,0.6555,0.0901,0.36389,normalised
15.210203409194946,,,0.6832,0.6567,1,,,,,,,,,GP3HD,0.6832,0.6567,0.0901,0.36389,normalised
15.2271089553833,,,0.68354,0.65769,1,,,,,,,,,GP3HD,0.68354,0.65769,0.0901,0.36389,normalised
15.243845462799072,,,0.68433,0.65979,1,,,,,,,,,GP3HD,0.68433,0.65979,0.0901,0.36389,normalised
15.257894515991211,,,0.68299,0.6872,0,,,,,,,,,GP3HD,0.68299,0.6872,0.0901,0.36389,normalised
15.27475357055664,,,0.68486,0.68683,0,,,,,,,,,GP3HD,0.68486,0.68683,0.0901,0.36389,normalised
15.291594743728638,,,0.68641,0.68898,0,,,,,,,,,GP3HD,0.68641,0.68898,0.0901,0.36389,normalised
15.306251764297485,,,0.68727,0.69051,1,,,,,,,,,GP3HD,0.68727,0.69051,0.0901,0.36389,normalised
15.322815179824829,,,0.6906,0.68754,1,,,,,,,,,GP3HD,0.6906,0.68754,0.0901,0.36389,normalised
15.33908724784851,,,0.69173,0.68622,1,,,,,,,,,GP3HD,0.69173,0.68622,0.0901,0.36389,normalised
15.357468366622925,,,0.69281,0.68613,1,,,,,,,,,GP3HD,0.69281,0.68613,0.0901,0.36389,normalised
15.372493982315063,,,0.69251,0.69093,1,,,,,,,,,GP3HD,0.69251,0.69093,0.0901,0.36389,normalised
15.388134956359863,,,0.69436,0.69532,1,,,,,,,,,GP3HD,0.69436,0.69532,0.0901,0.36389,normalised
15.403350114822388,,,0.6958,0.69865,1,,,,,,,,,GP3HD,0.6958,0.69865,0.0901,0.36389,normalised
15.420893907546997,,,0.69464,0.69811,1,,,,,,,,,GP3HD,0.69464,0.69811,0.0901,0.36389,normalised
15.436650037765503,,,0.69697,0.69779,1,,,,,,,,,GP3HD,0.69697,0.69779,0.0901,0.36389,normalised
15.454433679580688,,,0.6988,0.69706,1,,,,,,,,,GP3HD,0.6988,0.69706,0.0901,0.36389,normalised
15.469393730163574,,,0.6993,0.69573,1,,,,,,,,,GP3HD,0.6993,0.69573,0.0901,0.36389,normalised
15.487096786499023,,,0.70008,0.69245,1,,,,,,,,,GP3HD,0.70008,0.69245,0.0901,0.36389,normalised
15.500537395477295,,,0.70077,0.68959,1,,,,,,,,,GP3HD,0.70077,0.68959,0.0901,0.36389,normalised
15.51949143409729,,,0.69994,0.68835,1,,,,,,,,,GP3HD,0.69994,0.68835,0.0901,0.36389,normalised
15.534337520599365,,,0.69987,0.68755,1,,,,,,,,,GP3HD,0.69987,0.68755,0.0901,0.36389,normalised
15.550684928894043,,,0.69982,0.68694,1,,,,,,,,,GP3HD,0.69982,0.68694,0.0901,0.36389,normalised
15.565008640289307,,,0.69929,0.68751,1,,,,,,,,,GP3HD,0.69929,0.68751,0.0901,0.36389,normalised
15.581888198852539,,,0.69989,0.68774,1,,,,,,,,,GP3HD,0.69989,0.68774,0.0901,0.36389,normalised
15.598594665527344,,,0.70043,0.68794,1,,,,,,,,,GP3HD,0.70043,0.68794,0.0901,0.36389,normalised
15.614622592926025,,,0.69984,0.68835,1,,,,,,,,,GP3HD,0.69984,0.68835,0.0901,0.36389,normalised
15.631311655044556,,,0.70002,0.68878,1,,,,,,,,,GP3HD,0.70002,0.68878,0.0901,0.36389,normalised
15.648711442947388,,,0.70018,0.6891,1,,,,,,,,,GP3HD,0.70018,0.6891,0.0901,0.36389,normalised
15.663850784301758,,,0.69862,0.68697,1,,,,,,,,,GP3HD,0.69862,0.68697,0.0901,0.36389,normalised
15.679463863372803,,,0.69782,0.68522,1,,,,,,,,,GP3HD,0.69782,0.68522,0.0901,0.36389,normalised
15.694264650344849,,,0.697,0.68338,1,,,,,,,,,GP3HD,0.697,0.68338,0.0901,0.36389,normalised
15.712088346481323,,,0.69628,0.68167,1,,,,,,,,,GP3HD,0.69628,0.68167,0.0901,0.36389,normalised
15.727053165435791,,,0.69547,0.68007,1,,,,,,,,,GP3HD,0.69547,0.68007,0.0901,0.36389,normalised
15.745286464691162,,,0.69471,0.67863,1,,,,,,,,,GP3HD,0.69471,0.67863,0.0901,0.36389,normalised
15.761414766311646,,,0.69449,0.67802,1,,,,,,,,,GP3HD,0.69449,0.67802,0.0901,0.36389,normalised
15.777884244918823,,,0.6934,0.67683,1,,,,,,,,,GP3HD,0.6934,0.67683,0.0901,0.36389,normalised
15.792365789413452,,,0.67799,0.65433,0,,,,,,,,,GP3HD,0.67799,0.65433,0.0901,0.36389,normalised
15.809452056884766,,,0.6622,0.65695,0,,,,,,,,,GP3HD,0.6622,0.65695,0.0901,0.36389,normalised
15.824471235275269,,,0.66099,0.66165,0,,,,,,,,,GP3HD,0.66099,0.66165,0.0901,0.36389,normalised
15.841238260269165,,,0.66039,0.664,1,,,,,,,,,GP3HD,0.66039,0.664,0.0901,0.36389,normalised
15.856911182403564,,,0.66048,0.66364,1,,,,,,,,,GP3HD,0.66048,0.66364,0.0901,0.36389,normalised
15.873516082763672,,,0.65095,0.65838,1,,,,,,,,,GP3HD,0.65095,0.65838,0.0901,0.36389,normalised
15.891475915908813,,,0.64375,0.65349,1,,,,,,,,,GP3HD,0.64375,0.65349,0.0901,0.36389,normalised
15.906084060668945,,,0.64583,0.65699,1,,,,,,,,,GP3HD,0.64583,0.65699,0.0901,0.36389,normalised
15.921781063079834,,,0.64756,0.65686,1,,,,,,,,,GP3HD,0.64756,0.65686,0.0901,0.36389,normalised
15.937183856964111,,,0.64865,0.6557,1,,,,,,,,,GP3HD,0.64865,0.6557,0.0901,0.36389,normalised
15.954944849014282,,,0.64576,0.6507,1,,,,,,,,,GP3HD,0.64576,0.6507,0.0901,0.36389,normalised
15.971585988998413,,,0.63989,0.64062,1,,,,,,,,,GP3HD,0.63989,0.64062,0.0901,0.36389,normalised
15.988393545150757,,,0.63462,0.63137,1,,,,,,,,,GP3HD,0.63462,0.63137,0.0901,0.36389,normalised
16.001601934432983,,,0.64378,0.63717,1,,,,,,,,,GP3HD,0.64378,0.63717,0.0901,0.36389,normalised
16.01846671104431,,,0.64969,0.64064,1,,,,,,,,,GP3HD,0.64969,0.64064,0.0901,0.36389,normalised
16.035331964492798,,,0.65511,0.64453,1,,,,,,,,,GP3HD,0.65511,0.64453,0.0901,0.36389,normalised
16.05144166946411,,,0.66367,0.65004,1,,,,,,,,,GP3HD,0.66367,0.65004,0.0901,0.36389,normalised
16.067322254180908,,,0.66789,0.65048,1,,,,,,,,,GP3HD,0.66789,0.65048,0.0901,0.36389,normalised
16.08371138572693,,,0.67167,0.65087,1,,,,,,,,,GP3HD,0.67167,0.65087,0.0901,0.36389,normalised
16.098814964294434,,,0.67961,0.65622,1,,,,,,,,,GP3HD,0.67961,0.65622,0.0901,0.36389,normalised
16.115777015686035,,,0.71297,0.65946,0,,,,,,,,,GP3HD,0.71297,0.65946,0.0901,0.36389,normalised
16.133079767227173,,,0.75224,0.68014,0,,,,,,,,,GP3HD,0.75224,0.68014,0.0901,0.36389,normalised
16.14786696434021,,,0.75106,0.68195,0,,,,,,,,,GP3HD,0.75106,0.68195,0.0901,0.36389,normalised
16.165644645690918,,,0.71322,0.62055,1,,,,,,,,,GP3HD,0.71322,0.62055,0.0901,0.36389,normalised
16.182315349578857,,,0.69051,0.58371,1,,,,,,,,,GP3HD,0.69051,0.58371,0.0901,0.36389,normalised
16.197197675704956,,,0.7302,0.62971,1,,,,,,,,,GP3HD,0.7302,0.62971,0.0901,0.36389,normalised
16.212104558944702,,,0.75934,0.6641,1,,,,,,,,,GP3HD,0.75934,0.6641,0.0901,0.36389,normalised
16.229305028915405,,,0.7812,0.68989,1,,,,,,,,,GP3HD,0.7812,0.68989,0.0901,0.36389,normalised
16.245222330093384,,,0.79972,0.71254,1,,,,,,,,,GP3HD,0.79972,0.71254,0.0901,0.36389,normalised
16.262014389038086,,,0.80439,0.72123,1,,,,,,,,,GP3HD,0.80439,0.72123,0.0901,0.36389,normalised
16.279624700546265,,,0.80808,0.72779,1,,,,,,,,,GP3HD,0.80808,0.72779,0.0901,0.36389,normalised
16.2930908203125,,,0.81954,0.73862,1,,,,,,,,,GP3HD,0.81954,0.73862,0.0901,0.36389,normalised
16.30929136276245,,,0.82025,0.73783,1,,,,,,,,,GP3HD,0.82025,0.73783,0.0901,0.36389,normalised
16.326942443847656,,,0.82085,0.73714,1,,,,,,,,,GP3HD,0.82085,0.73714,0.0901,0.36389,normalised
16.342735052108765,,,0.82821,0.74378,1,,,,,,,,,GP3HD,0.82821,0.74378,0.0901,0.36389,normalised
16.36024785041809,,,0.87279,0.79084,0,,,,,,,,,GP3HD,0.87279,0.79084,0.0901,0.36389,normalised
16.373777866363525,,,0.88865,0.80624,0,,,,,,,,,GP3HD,0.88865,0.80624,0.0901,0.36389,normalised
16.389866590499878,,,0.90664,0.82292,0,,,,,,,,,GP3HD,0.90664,0.82292,0.0901,0.36389,normalised
16.405956268310547,,,0.91443,0.8237,1,,,,,,,,,GP3HD,0.91443,0.8237,0.0901,0.36389,normalised
16.423752069473267,,,0.91913,0.8238,1,,,,,,,,,GP3HD,0.91913,0.8238,0.0901,0.36389,normalised
16.438690185546875,,,0.92602,0.82917,1,,,,,,,,,GP3HD,0.92602,0.82917,0.0901,0.36389,normalised
16.45563054084778,,,0.93143,0.83093,1,,,,,,,,,GP3HD,0.93143,0.83093,0.0901,0.36389,normalised
16.471194744110107,,,0.93536,0.83151,1,,,,,,,,,GP3HD,0.93536,0.83151,0.0901,0.36389,normalised
16.487757444381714,,,0.94317,0.83605,1,,,,,,,,,GP3HD,0.94317,0.83605,0.0901,0.36389,normalised
16.506516695022583,,,0.94826,0.83953,1,,,,,,,,,GP3HD,0.94826,0.83953,0.0901,0.36389,normalised
16.520089387893677,,,0.9524,0.84253,1,,,,,,,,,GP3HD,0.9524,0.84253,0.0901,0.36389,normalised
16.536806106567383,,,0.95576,0.84683,1,,,,,,,,,GP3HD,0.95576,0.84683,0.0901,0.36389,normalised
16.554420232772827,,,0.95893,0.85128,1,,,,,,,,,GP3HD,0.95893,0.85128,0.0901,0.36389,normalised
16.57021951675415,,,0.9617,0.85548,1,,,,,,,,,GP3HD,0.9617,0.85548,0.0901,0.36389,normalised
16.586918592453003,,,0.96377,0.85856,1,,,,,,,,,GP3HD,0.96377,0.85856,0.0901,0.36389,normalised
16.601583242416382,,,0.96806,0.86475,1,,,,,,,,,GP3HD,0.96806,0.86475,0.0901,0.36389,normalised
16.618402242660522,,,0.99383,0.88943,0,,,,,,,,,GP3HD,0.99383,0.88943,0.0901,0.36389,normalised
16.633360624313354,,,0.99451,0.89395,0,,,,,,,,,GP3HD,0.99451,0.89395,0.0901,0.36389,normalised
16.65028142929077,,,1.00857,0.89352,0,,,,,,,,,GP3HD,1.00857,0.89352,0.0901,0.36389,normalised
16.664705753326416,,,1.01522,0.89096,1,,,,,,,,,GP3HD,1.01522,0.89096,0.0901,0.36389,normalised
16.681853532791138,,,1.00998,0.89103,1,,,,,,,,,GP3HD,1.00998,0.89103,0.0901,0.36389,normalised
16.697699785232544,,,1.01194,0.88542,1,,,,,,,,,GP3HD,1.01194,0.88542,0.0901,0.36389,normalised
16.71475911140442,,,1.01333,0.88141,1,,,,,,,,,GP3HD,1.01333,0.88141,0.0901,0.36389,normalised
16.729509592056274,,,1.0144,0.87919,1,,,,,,,,,GP3HD,1.0144,0.87919,0.0901,0.36389,normalised
16.7479829788208,,,1.01651,0.88147,1,,,,,,,,,GP3HD,1.01651,0.88147,0.0901,0.36389,normalised
16.762026071548462,,,1.01823,0.884,1,,,,,,,,,GP3HD,1.01823,0.884,0.0901,0.36389,normalised
16.778777360916138,,,1.01412,0.88189,1,,,,,,,,,GP3HD,1.01412,0.88189,0.0901,0.36389,normalised
16.79691195487976,,,1.01594,0.88421,1,,,,,,,,,GP3HD,1.01594,0.88421,0.0901,0.36389,normalised
16.81101393699646,,,1.0176,0.88688,1,,,,,,,,,GP3HD,1.0176,0.88688,0.0901,0.36389,normalised
16.827887296676636,,,1.0163,0.88872,1,,,,,,,,,GP3HD,1.0163,0.88872,0.0901,0.36389,normalised
16.843274354934692,,,1.01605,0.88898,1,,,,,,,,,GP3HD,1.01605,0.88898,0.0901,0.36389,normalised
16.860050678253174,,,1.01579,0.8889,1,,,,,,,,,GP3HD,1.01579,0.8889,0.0901,0.36389,normalised
16.875813961029053,,,1.01355,0.88855,1,,,,,,,,,GP3HD,1.01355,0.88855,0.0901,0.36389,normalised
16.8935284614563,,,1.01246,0.88726,1,,,,,,,,,GP3HD,1.01246,0.88726,0.0901,0.36389,normalised
16.907184839248657,,,1.01148,0.8861,1,,,,,,,,,GP3HD,1.01148,0.8861,0.0901,0.36389,normalised
16.92450714111328,,,1.01031,0.88567,1,,,,,,,,,GP3HD,1.01031,0.88567,0.0901,0.36389,normalised
16.94179940223694,,,1.00898,0.88455,1,,,,,,,,,GP3HD,1.00898,0.88455,0.0901,0.36389,normalised
16.95870065689087,,,1.00772,0.88334,1,,,,,,,,,GP3HD,1.00772,0.88334,0.0901,0.36389,normalised
16.97548747062683,,,1.00739,0.88403,1,,,,,,,,,GP3HD,1.00739,0.88403,0.0901,0.36389,normalised
16.990185260772705,,,1.00758,0.88493,1,,,,,,,,,GP3HD,1.00758,0.88493,0.0901,0.36389,normalised
17.005550861358643,,,1.0078,0.88589,1,,,,,,,,,GP3HD,1.0078,0.88589,0.0901,0.36389,normalised
17.022072076797485,,,1.00781,0.88624,1,,,,,,,,,GP3HD,1.00781,0.88624,0.0901,0.36389,normalised
17.036798000335693,,,1.0081,0.88642,1,,,,,,,,,GP3HD,1.0081,0.88642,0.0901,0.36389,normalised
17.053632974624634,,,1.0084,0.8868,1,,,,,,,,,GP3HD,1.0084,0.8868,0.0901,0.36389,normalised
17.07229208946228,,,1.00828,0.88688,1,,,,,,,,,GP3HD,1.00828,0.88688,0.0901,0.36389,normalised
17.08712124824524,,,1.00782,0.88825,1,,,,,,,,,GP3HD,1.00782,0.88825,0.0901,0.36389,normalised
17.102949142456055,,,1.0074,0.88953,1,,,,,,,,,GP3HD,1.0074,0.88953,0.0901,0.36389,normalised
17.117874145507812,,,1.00673,0.88955,1,,,,,,,,,GP3HD,1.00673,0.88955,0.0901,0.36389,normalised
17.134389638900757,,,1.00696,0.88974,1,,,,,,,,,GP3HD,1.00696,0.88974,0.0901,0.36389,normalised
17.150343418121338,,,1.00714,0.8898,1,,,,,,,,,GP3HD,1.00714,0.8898,0.0901,0.36389,normalised
17.166990995407104,,,1.00641,0.8903,1,,,,,,,,,GP3HD,1.00641,0.8903,0.0901,0.36389,normalised
17.182911157608032,,,1.00604,0.89184,1,,,,,,,,,GP3HD,1.00604,0.89184,0.0901,0.36389,normalised
17.19849944114685,,,1.00571,0.89338,1,,,,,,,,,GP3HD,1.00571,0.89338,0.0901,0.36389,normalised
17.21443271636963,,,1.00444,0.89321,1,,,,,,,,,GP3HD,1.00444,0.89321,0.0901,0.36389,normalised
17.232457399368286,,,1.00229,0.89273,1,,,,,,,,,GP3HD,1.00229,0.89273,0.0901,0.36389,normalised
17.246994972229004,,,1.00022,0.89215,1,,,,,,,,,GP3HD,1.00022,0.89215,0.0901,0.36389,normalised
17.263668060302734,,,0.97604,0.90295,0,,,,,,,,,GP3HD,0.97604,0.90295,0.0901,0.36389,normalised
17.28128409385681,,,0.93903,0.87213,0,,,,,,,,,GP3HD,0.93903,0.87213,0.0901,0.36389,normalised
17.295815467834473,,,0.9267,0.86186,0,,,,,,,,,GP3HD,0.9267,0.86186,0.0901,0.36389,normalised
17.31346893310547,,,0.92898,0.86172,1,,,,,,,,,GP3HD,0.92898,0.86172,0.0901,0.36389,normalised
17.330538988113403,,,0.92757,0.86832,1,,,,,,,,,GP3HD,0.92757,0.86832,0.0901,0.36389,normalised
17.345062255859375,,,0.92677,0.87379,1,,,,,,,,,GP3HD,0.92677,0.87379,0.0901,0.36389,normalised
17.36261296272278,,,0.93301,0.87738,1,,,,,,,,,GP3HD,0.93301,0.87738,0.0901,0.36389,normalised
17.376359701156616,,,0.93653,0.88152,1,,,,,,,,,GP3HD,0.93653,0.88152,0.0901,0.36389,normalised
17.39288902282715,,,0.93937,0.88512,1,,,,,,,,,GP3HD,0.93937,0.88512,0.0901,0.36389,normalised
17.408512830734253,,,0.94119,0.88595,1,,,,,,,,,GP3HD,0.94119,0.88595,0.0901,0.36389,normalised
17.426310062408447,,,0.94154,0.88572,1,,,,,,,,,GP3HD,0.94154,0.88572,0.0901,0.36389,normalised
17.441293001174927,,,0.94168,0.88483,1,,,,,,,,,GP3HD,0.94168,0.88483,0.0901,0.36389,normalised
17.45803141593933,,,0.94068,0.88213,1,,,,,,,,,GP3HD,0.94068,0.88213,0.0901,0.36389,normalised
17.475749015808105,,,0.93865,0.88185,1,,,,,,,,,GP3HD,0.93865,0.88185,0.0901,0.36389,normalised
17.49051260948181,,,0.93695,0.88193,1,,,,,,,,,GP3HD,0.93695,0.88193,0.0901,0.36389,normalised
17.508309602737427,,,0.93739,0.88187,1,,,,,,,,,GP3HD,0.93739,0.88187,0.0901,0.36389,normalised
17.52204465866089,,,0.93402,0.88014,1,,,,,,,,,GP3HD,0.93402,0.88014,0.0901,0.36389,normalised
17.538789749145508,,,0.93102,0.87859,1,,,,,,,,,GP3HD,0.93102,0.87859,0.0901,0.36389,normalised
17.554646253585815,,,0.93044,0.87795,1,,,,,,,,,GP3HD,0.93044,0.87795,0.0901,0.36389,normalised
17.570364236831665,,,0.92811,0.87752,1,,,,,,,,,GP3HD,0.92811,0.87752,0.0901,0.36389,normalised
17.587928533554077,,,0.92606,0.87738,1,,,,,,,,,GP3HD,0.92606,0.87738,0.0901,0.36389,normalised
17.605456352233887,,,0.92697,0.87753,1,,,,,,,,,GP3HD,0.92697,0.87753,0.0901,0.36389,normalised
17.619291067123413,,,0.9262,0.87636,1,,,,,,,,,GP3HD,0.9262,0.87636,0.0901,0.36389,normalised
17.636154651641846,,,0.9255,0.87529,1,,,,,,,,,GP3HD,0.9255,0.87529,0.0901,0.36389,normalised
17.653066396713257,,,0.92685,0.87551,1,,,,,,,,,GP3HD,0.92685,0.87551,0.0901,0.36389,normalised
17.66746473312378,,,0.92851,0.87541,1,,,,,,,,,GP3HD,0.92851,0.87541,0.0901,0.36389,normalised
17.684191465377808,,,0.93002,0.87507,1,,,,,,,,,GP3HD,0.93002,0.87507,0.0901,0.36389,normalised
17.70078682899475,,,0.93227,0.87563,1,,,,,,,,,GP3HD,0.93227,0.87563,0.0901,0.36389,normalised
17.718422651290894,,,0.93547,0.87563,1,,,,,,,,,GP3HD,0.93547,0.87563,0.0901,0.36389,normalised
17.73443865776062,,,0.93846,0.87563,1,,,,,,,,,GP3HD,0.93846,0.87563,0.0901,0.36389,normalised
17.750070095062256,,,0.94079,0.87605,1,,,,,,,,,GP3HD,0.94079,0.87605,0.0901,0.36389,normalised
17.76468515396118,,,0.97595,0.87995,0,,,,,,,,,GP3HD,0.97595,0.87995,0.0901,0.36389,normalised
17.782109260559082,,,1.04244,0.9193,0,,,,,,,,,GP3HD,1.04244,0.9193,0.0901,0.36389,normalised
17.798622846603394,,,1.03535,0.92218,0,,,,,,,,,GP3HD,1.03535,0.92218,0.0901,0.36389,normalised
17.813148498535156,,,1.08062,0.94532,0,,,,,,,,,GP3HD,1.08062,0.94532,0.0901,0.36389,normalised
17.829786777496338,,,1.09646,0.94657,0,,,,,,,,,GP3HD,1.09646,0.94657,0.0901,0.36389,normalised
17.84624695777893,,,1.07211,0.93532,0,,,,,,,,,GP3HD,1.07211,0.93532,0.0901,0.36389,normalised
17.86400556564331,,,1.07184,0.92706,1,,,,,,,,,GP3HD,1.07184,0.92706,0.0901,0.36389,normalised
17.879722356796265,,,1.07159,0.92105,1,,,,,,,,,GP3HD,1.07159,0.92105,0.0901,0.36389,normalised
17.895347833633423,,,1.06333,0.92352,1,,,,,,,,,GP3HD,1.06333,0.92352,0.0901,0.36389,normalised
17.91205072402954,,,1.05954,0.92622,1,,,,,,,,,GP3HD,1.05954,0.92622,0.0901,0.36389,normalised
17.926597356796265,,,1.05672,0.92904,1,,,,,,,,,GP3HD,1.05672,0.92904,0.0901,0.36389,normalised
17.94310688972473,,,1.04984,0.9237,1,,,,,,,,,GP3HD,1.04984,0.9237,0.0901,0.36389,normalised
17.95964217185974,,,1.04323,0.92108,1,,,,,,,,,GP3HD,1.04323,0.92108,0.0901,0.36389,normalised
17.976167678833008,,,1.03791,0.91928,1,,,,,,,,,GP3HD,1.03791,0.91928,0.0901,0.36389,normalised
17.993696451187134,,,1.03571,0.92073,1,,,,,,,,,GP3HD,1.03571,0.92073,0.0901,0.36389,normalised
18.00871205329895,,,1.03434,0.92316,1,,,,,,,,,GP3HD,1.03434,0.92316,0.0901,0.36389,normalised
18.023231744766235,,,1.03309,0.92467,1,,,,,,,,,GP3HD,1.03309,0.92467,0.0901,0.36389,normalised
18.039772748947144,,,1.03124,0.92438,1,,,,,,,,,GP3HD,1.03124,0.92438,0.0901,0.36389,normalised
18.05743145942688,,,1.03061,0.925,1,,,,,,,,,GP3HD,1.03061,0.925,0.0901,0.36389,normalised
18.071948766708374,,,1.03006,0.92553,1,,,,,,,,,GP3HD,1.03006,0.92553,0.0901,0.36389,normalised
18.088566064834595,,,1.02885,0.92498,1,,,,,,,,,GP3HD,1.02885,0.92498,0.0901,0.36389,normalised
18.105241298675537,,,1.02798,0.92571,1,,,,,,,,,GP3HD,1.02798,0.92571,0.0901,0.36389,normalised
18.122986555099487,,,1.02719,0.92636,1,,,,,,,,,GP3HD,1.02719,0.92636,0.0901,0.36389,normalised
18.13666558265686,,,1.02453,0.92479,1,,,,,,,,,GP3HD,1.02453,0.92479,0.0901,0.36389,normalised
18.15332055091858,,,1.02173,0.92339,1,,,,,,,,,GP3HD,1.02173,0.92339,0.0901,0.36389,normalised
18.16899824142456,,,1.01921,0.92233,1,,,,,,,,,GP3HD,1.01921,0.92233,0.0901,0.36389,normalised
18.186604261398315,,,1.01714,0.92034,1,,,,,,,,,GP3HD,1.01714,0.92034,0.0901,0.36389,normalised
18.20116424560547,,,1.01447,0.91902,1,,,,,,,,,GP3HD,1.01447,0.91902,0.0901,0.36389,normalised
18.217737197875977,,,0.98751,0.91009,0,,,,,,,,,GP3HD,0.98751,0.91009,0.0901,0.36389,normalised
18.234200477600098,,,0.97778,0.89976,0,,,,,,,,,GP3HD,0.97778,0.89976,0.0901,0.36389,normalised
18.250709533691406,,,0.97122,0.89185,0,,,,,,,,,GP3HD,0.97122,0.89185,0.0901,0.36389,normalised
18.26837420463562,,,0.96747,0.88567,1,,,,,,,,,GP3HD,0.96747,0.88567,0.0901,0.36389,normalised
18.282251834869385,,,0.96692,0.88481,1,,,,,,,,,GP3HD,0.96692,0.88481,0.0901,0.36389,normalised
18.298791646957397,,,0.96553,0.88331,1,,,,,,,,,GP3HD,0.96553,0.88331,0.0901,0.36389,normalised
18.315514087677002,,,0.96453,0.88222,1,,,,,,,,,GP3HD,0.96453,0.88222,0.0901,0.36389,normalised
18.332838773727417,,,0.96683,0.88442,1,,,,,,,,,GP3HD,0.96683,0.88442,0.0901,0.36389,normalised
18.346626043319702,,,0.97091,0.88613,1,,,,,,,,,GP3HD,0.97091,0.88613,0.0901,0.36389,normalised
18.36405324935913,,,0.97418,0.88749,1,,,,,,,,,GP3HD,0.97418,0.88749,0.0901,0.36389,normalised
18.380675315856934,,,0.97974,0.8918,1,,,,,,,,,GP3HD,0.97974,0.8918,0.0901,0.36389,normalised
18.398102045059204,,,0.99035,0.89465,1,,,,,,,,,GP3HD,0.99035,0.89465,0.0901,0.36389,normalised
18.412622451782227,,,0.99933,0.89707,1,,,,,,,,,GP3HD,0.99933,0.89707,0.0901,0.36389,normalised
18.430238723754883,,,1.00306,0.90005,1,,,,,,,,,GP3HD,1.00306,0.90005,0.0901,0.36389,normalised
18.44543719291687,,,1.00501,0.89816,1,,,,,,,,,GP3HD,1.00501,0.89816,0.0901,0.36389,normalised
18.463046550750732,,,1.00676,0.89685,1,,,,,,,,,GP3HD,1.00676,0.89685,0.0901,0.36389,normalised
18.477762699127197,,,1.00297,0.89366,1,,,,,,,,,GP3HD,1.00297,0.89366,0.0901,0.36389,normalised
18.492299795150757,,,0.99731,0.88778,1,,,,,,,,,GP3HD,0.99731,0.88778,0.0901,0.36389,normalised
18.508450269699097,,,0.99233,0.88274,1,,,,,,,,,GP3HD,0.99233,0.88274,0.0901,0.36389,normalised
18.52614951133728,,,0.9903,0.88406,1,,,,,,,,,GP3HD,0.9903,0.88406,0.0901,0.36389,normalised
18.54161787033081,,,0.98504,0.88012,1,,,,,,,,,GP3HD,0.98504,0.88012,0.0901,0.36389,normalised
18.557450532913208,,,0.98019,0.87636,1,,,,,,,,,GP3HD,0.98019,0.87636,0.0901,0.36389,normalised
18.573325395584106,,,0.97725,0.87581,1,,,,,,,,,GP3HD,0.97725,0.87581,0.0901,0.36389,normalised
18.591177701950073,,,0.95375,0.85173,0,,,,,,,,,GP3HD,0.95375,0.85173,0.0901,0.36389,normalised
18.60602378845215,,,0.90366,0.83419,0,,,,,,,,,GP3HD,0.90366,0.83419,0.0901,0.36389,normalised
18.623029470443726,,,0.91496,0.84851,0,,,,,,,,,GP3HD,0.91496,0.84851,0.0901,0.36389,normalised
18.637999057769775,,,0.90143,0.83977,1,,,,,,,,,GP3HD,0.90143,0.83977,0.0901,0.36389,normalised
18.65703248977661,,,0.8925,0.8314,1,,,,,,,,,GP3HD,0.8925,0.8314,0.0901,0.36389,normalised
18.670530796051025,,,0.90326,0.8371,1,,,,,,,,,GP3HD,0.90326,0.8371,0.0901,0.36389,normalised
18.686723470687866,,,0.90669,0.83861,1,,,,,,,,,GP3HD,0.90669,0.83861,0.0901,0.36389,normalised
18.704256534576416,,,0.90927,0.83973,1,,,,,,,,,GP3HD,0.90927,0.83973,0.0901,0.36389,normalised
18.71945595741272,,,0.91466,0.84052,1,,,,,,,,,GP3HD,0.91466,0.84052,0.0901,0.36389,normalised
18.735848665237427,,,0.91686,0.8412,1,,,,,,,,,GP3HD,0.91686,0.8412,0.0901,0.36389,normalised
18.754680395126343,,,0.91885,0.84264,1,,,,,,,,,GP3HD,0.91885,0.84264,0.0901,0.36389,normalised
18.76824426651001,,,0.92089,0.84053,1,,,,,,,,,GP3HD,0.92089,0.84053,0.0901,0.36389,normalised
18.783910751342773,,,0.92039,0.83965,1,,,,,,,,,GP3HD,0.92039,0.83965,0.0901,0.36389,normalised
18.80156636238098,,,0.91988,0.83862,1,,,,,,,,,GP3HD,0.91988,0.83862,0.0901,0.36389,normalised
18.817165851593018,,,0.92127,0.83931,1,,,,,,,,,GP3HD,0.92127,0.83931,0.0901,0.36389,normalised
18.831961154937744,,,0.91618,0.84287,1,,,,,,,,,GP3HD,0.91618,0.84287,0.0901,0.36389,normalised
18.84869384765625,,,0.91181,0.8466,1,,,,,,,,,GP3HD,0.91181,0.8466,0.0901,0.36389,normalised
18.866538524627686,,,0.90749,0.80839,1,,,,,,,,,GP3HD,0.90749,0.80839,0.0901,0.36389,normalised
18.883529663085938,,,0.90111,0.7398,0,,,,,,,,,GP3HD,0.90111,0.7398,0.0901,0.36389,normalised
18.901491403579712,,,0.86679,0.47828,0,,,,,,,,,GP3HD,0.86679,0.47828,0.0901,0.36389,normalised
18.915892839431763,,,0.86362,0.38055,0,,,,,,,,,GP3HD,0.86362,0.38055,0.0901,0.36389,normalised
18.930741786956787,,,0.84465,0.18691,0,,,,,,,,,GP3HD,0.84465,0.18691,0.0901,0.36389,normalised
18.948426961898804,,,0.84079,0.1618,0,,,,,,,,,GP3HD,0.84079,0.1618,0.0901,0.36389,normalised
18.964531660079956,,,0.84209,0.14552,0,,,,,,,,,GP3HD,0.84209,0.14552,0.0901,0.36389,normalised
18.982408046722412,,,0.84497,0.13922,1,,,,,,,,,GP3HD,0.84497,0.13922,0.0901,0.36389,normalised
18.997204780578613,,,0.84745,0.13827,1,,,,,,,,,GP3HD,0.84745,0.13827,0.0901,0.36389,normalised
19.01266884803772,,,0.85316,0.14532,1,,,,,,,,,GP3HD,0.85316,0.14532,0.0901,0.36389,normalised
19.030183792114258,,,0.85972,0.15327,1,,,,,,,,,GP3HD,0.85972,0.15327,0.0901,0.36389,normalised
19.045774698257446,,,0.86507,0.16028,1,,,,,,,,,GP3HD,0.86507,0.16028,0.0901,0.36389,normalised
19.06143856048584,,,0.87279,0.16508,1,,,,,,,,,GP3HD,0.87279,0.16508,0.0901,0.36389,normalised
19.077285766601562,,,0.8769,0.16539,1,,,,,,,,,GP3HD,0.8769,0.16539,0.0901,0.36389,normalised
19.09321880340576,,,0.87962,0.16414,1,,,,,,,,,GP3HD,0.87962,0.16414,0.0901,0.36389,normalised
19.10797357559204,,,0.88271,0.1624,1,,,,,,,,,GP3HD,0.88271,0.1624,0.0901,0.36389,normalised
19.125480890274048,,,0.88497,0.16102,1,,,,,,,,,GP3HD,0.88497,0.16102,0.0901,0.36389,normalised
19.141351461410522,,,0.88743,0.16106,1,,,,,,,,,GP3HD,0.88743,0.16106,0.0901,0.36389,normalised
19.160483598709106,,,0.88767,0.15913,1,,,,,,,,,GP3HD,0.88767,0.15913,0.0901,0.36389,normalised
19.174094915390015,,,0.88997,0.16263,1,,,,,,,,,GP3HD,0.88997,0.16263,0.0901,0.36389,normalised
19.189859867095947,,,0.8916,0.16478,1,,,,,,,,,GP3HD,0.8916,0.16478,0.0901,0.36389,normalised
19.207430124282837,,,0.89196,0.16382,1,,,,,,,,,GP3HD,0.89196,0.16382,0.0901,0.36389,normalised
19.22271203994751,,,0.8931,0.16611,1,,,,,,,,,GP3HD,0.8931,0.16611,0.0901,0.36389,normalised
19.239216327667236,,,0.89479,0.16979,1,,,,,,,,,GP3HD,0.89479,0.16979,0.0901,0.36389,normalised
19.255808115005493,,,0.89592,0.1721,1,,,,,,,,,GP3HD,0.89592,0.1721,0.0901,0.36389,normalised
19.2705078125,,,0.89748,0.17679,1,,,,,,,,,GP3HD,0.89748,0.17679,0.0901,0.36389,normalised
19.288472652435303,,,0.89862,0.18038,1,,,,,,,,,GP3HD,0.89862,0.18038,0.0901,0.36389,normalised
19.303699254989624,,,0.89664,0.17797,1,,,,,,,,,GP3HD,0.89664,0.17797,0.0901,0.36389,normalised
19.320576906204224,,,0.89466,0.17918,1,,,,,,,,,GP3HD,0.89466,0.17918,0.0901,0.36389,normalised
19.336272716522217,,,0.8926,0.17972,1,,,,,,,,,GP3HD,0.8926,0.17972,0.0901,0.36389,normalised
19.3529953956604,,,0.89529,0.2038,0,,,,,,,,,GP3HD,0.89529,0.2038,0.0901,0.36389,normalised
19.36960005760193,,,0.85045,0.17935,0,,,,,,,,,GP3HD,0.85045,0.17935,0.0901,0.36389,normalised
19.385166883468628,,,0.83979,0.18154,0,,,,,,,,,GP3HD,0.83979,0.18154,0.0901,0.36389,normalised
19.399694204330444,,,0.84934,0.1849,1,,,,,,,,,GP3HD,0.84934,0.1849,0.0901,0.36389,normalised
19.415531158447266,,,0.84988,0.18846,1,,,,,,,,,GP3HD,0.84988,0.18846,0.0901,0.36389,normalised
19.432700395584106,,,0.84915,0.18817,1,,,,,,,,,GP3HD,0.84915,0.18817,0.0901,0.36389,normalised
19.449320793151855,,,0.85343,0.18062,1,,,,,,,,,GP3HD,0.85343,0.18062,0.0901,0.36389,normalised
19.46726131439209,,,0.85371,0.17277,1,,,,,,,,,GP3HD,0.85371,0.17277,0.0901,0.36389,normalised
19.482070684432983,,,0.85234,0.16295,1,,,,,,,,,GP3HD,0.85234,0.16295,0.0901,0.36389,normalised
19.497148752212524,,,0.84877,0.14712,1,,,,,,,,,GP3HD,0.84877,0.14712,0.0901,0.36389,normalised
19.5136775970459,,,0.84386,0.13197,1,,,,,,,,,GP3HD,0.84386,0.13197,0.0901,0.36389,normalised
19.529398918151855,,,0.84042,0.12082,1,,,,,,,,,GP3HD,0.84042,0.12082,0.0901,0.36389,normalised
19.547205924987793,,,0.83851,0.11272,1,,,,,,,,,GP3HD,0.83851,0.11272,0.0901,0.36389,normalised
19.563035249710083,,,0.83982,0.11087,1,,,,,,,,,GP3HD,0.83982,0.11087,0.0901,0.36389,normalised
19.57956886291504,,,0.84144,0.11041,1,,,,,,,,,GP3HD,0.84144,0.11041,0.0901,0.36389,normalised
19.593990087509155,,,0.84973,0.12384,1,,,,,,,,,GP3HD,0.84973,0.12384,0.0901,0.36389,normalised
19.612048864364624,,,0.85733,0.13796,1,,,,,,,,,GP3HD,0.85733,0.13796,0.0901,0.36389,normalised
19.627126455307007,,,0.86647,0.15658,1,,,,,,,,,GP3HD,0.86647,0.15658,0.0901,0.36389,normalised
19.64447832107544,,,0.8794,0.18438,1,,,,,,,,,GP3HD,0.8794,0.18438,0.0901,0.36389,normalised
19.660324573516846,,,0.9179,0.23483,0,,,,,,,,,GP3HD,0.9179,0.23483,0.0901,0.36389,normalised
19.67659044265747,,,1.02397,0.45759,0,,,,,,,,,GP3HD,1.02397,0.45759,0.0901,0.36389,normalised
19.693238258361816,,,1.01822,0.44428,0,,,,,,,,,GP3HD,1.01822,0.44428,0.0901,0.36389,normalised
19.707974910736084,,,1.03293,0.45613,0,,,,,,,,,GP3HD,1.03293,0.45613,0.0901,0.36389,normalised
19.72519326210022,,,0.96216,0.27964,0,,,,,,,,,GP3HD,0.96216,0.27964,0.0901,0.36389,normalised
19.740821838378906,,,0.91002,0.15599,0,,,,,,,,,GP3HD,0.91002,0.15599,0.0901,0.36389,normalised
19.756948947906494,,,0.84793,-0.00857,0,,,,,,,,,GP3HD,0.84793,-0.00857,0.0901,0.36389,normalised
19.77194881439209,,,0.86042,0.00635,0,,,,,,,,,GP3HD,0.86042,0.00635,0.0901,0.36389,normalised
19.789413452148438,,,0.89863,0.09582,0,,,,,,,,,GP3HD,0.89863,0.09582,0.0901,0.36389,normalised
19.805521249771118,,,0.96689,0.24312,0,,,,,,,,,GP3HD,0.96689,0.24312,0.0901,0.36389,normalised
19.820454597473145,,,1.03652,0.4082,0,,,,,,,,,GP3HD,1.03652,0.4082,0.0901,0.36389,normalised
19.839240550994873,,,1.06633,0.48321,0,,,,,,,,,GP3HD,1.06633,0.48321,0.0901,0.36389,normalised
19.853761911392212,,,1.10523,0.55498,0,,,,,,,,,GP3HD,1.10523,0.55498,0.0901,0.36389,normalised
19.86869478225708,,,1.06584,0.43531,0,,,,,,,,,GP3HD,1.06584,0.43531,0.0901,0.36389,normalised
19.88571810722351,,,1.01986,0.34783,0,,,,,,,,,GP3HD,1.01986,0.34783,0.0901,0.36389,normalised
19.90000057220459,,,0.96797,0.22757,0,,,,,,,,,GP3HD,0.96797,0.22757,0.0901,0.36389,normalised
19.91696834564209,,,0.96231,0.21928,0,,,,,,,,,GP3HD,0.96231,0.21928,0.0901,0.36389,normalised
19.934237003326416,,,0.9345,0.17942,0,,,,,,,,,GP3HD,0.9345,0.17942,0.0901,0.36389,normalised
19.949039459228516,,,0.90959,0.13631,0,,,,,,,,,GP3HD,0.90959,0.13631,0.0901,0.36389,normalised
19.964183807373047,,,0.88946,0.08984,0,,,,,,,,,GP3HD,0.88946,0.08984,0.0901,0.36389,normalised
19.981050729751587,,,0.89168,0.14443,0,,,,,,,,,GP3HD,0.89168,0.14443,0.0901,0.36389,normalised
19.99932599067688,,,0.8983,0.18198,1,,,,,,,,,GP3HD,0.8983,0.18198,0.0901,0.36389,normalised
20.01428985595703,,,0.90845,0.2214,1,,,,,,,,,GP3HD,0.90845,0.2214,0.0901,0.36389,normalised
20.03121590614319,,,0.92071,0.25832,1,,,,,,,,,GP3HD,0.92071,0.25832,0.0901,0.36389,normalised
20.046082258224487,,,0.92037,0.26437,1,,,,,,,,,GP3HD,0.92037,0.26437,0.0901,0.36389,normalised
20.062899827957153,,,0.91676,0.25722,1,,,,,,,,,GP3HD,0.91676,0.25722,0.0901,0.36389,normalised
20.08067774772644,,,0.91337,0.2469,1,,,,,,,,,GP3HD,0.91337,0.2469,0.0901,0.36389,normalised
20.094276666641235,,,0.9095,0.23132,1,,,,,,,,,GP3HD,0.9095,0.23132,0.0901,0.36389,normalised
20.11115288734436,,,0.90553,0.21874,1,,,,,,,,,GP3HD,0.90553,0.21874,0.0901,0.36389,normalised
20.12853693962097,,,0.9046,0.22003,1,,,,,,,,,GP3HD,0.9046,0.22003,0.0901,0.36389,normalised
20.143000841140747,,,0.90627,0.22678,1,,,,,,,,,GP3HD,0.90627,0.22678,0.0901,0.36389,normalised
20.158496618270874,,,0.91383,0.26466,0,,,,,,,,,GP3HD,0.91383,0.26466,0.0901,0.36389,normalised
20.177085161209106,,,0.92909,0.32312,0,,,,,,,,,GP3HD,0.92909,0.32312,0.0901,0.36389,normalised
20.19333267211914,,,0.93908,0.32406,0,,,,,,,,,GP3HD,0.93908,0.32406,0.0901,0.36389,normalised
20.207000970840454,,,0.93681,0.30104,1,,,,,,,,,GP3HD,0.93681,0.30104,0.0901,0.36389,normalised
20.22434687614441,,,0.93006,0.28163,1,,,,,,,,,GP3HD,0.93006,0.28163,0.0901,0.36389,normalised
20.240021467208862,,,0.93207,0.26763,1,,,,,,,,,GP3HD,0.93207,0.26763,0.0901,0.36389,normalised
20.25769805908203,,,0.93552,0.26241,1,,,,,,,,,GP3HD,0.93552,0.26241,0.0901,0.36389,normalised
20.27426838874817,,,0.93175,0.26034,1,,,,,,,,,GP3HD,0.93175,0.26034,0.0901,0.36389,normalised
20.28819251060486,,,0.9313,0.25752,1,,,,,,,,,GP3HD,0.9313,0.25752,0.0901,0.36389,normalised
20.305881023406982,,,0.93059,0.25385,1,,,,,,,,,GP3HD,0.93059,0.25385,0.0901,0.36389,normalised
20.32059073448181,,,0.92734,0.24964,1,,,,,,,,,GP3HD,0.92734,0.24964,0.0901,0.36389,normalised
20.338252067565918,,,0.92383,0.24363,1,,,,,,,,,GP3HD,0.92383,0.24363,0.0901,0.36389,normalised
20.35319185256958,,,0.92059,0.23788,1,,,,,,,,,GP3HD,0.92059,0.23788,0.0901,0.36389,normalised
20.370975255966187,,,0.92243,0.23729,1,,,,,,,,,GP3HD,0.92243,0.23729,0.0901,0.36389,normalised
20.385027170181274,,,0.92032,0.23632,1,,,,,,,,,GP3HD,0.92032,0.23632,0.0901,0.36389,normalised
20.401622533798218,,,0.91868,0.23598,1,,,,,,,,,GP3HD,0.91868,0.23598,0.0901,0.36389,normalised
20.41730785369873,,,0.91674,0.23369,1,,,,,,,,,GP3HD,0.91674,0.23369,0.0901,0.36389,normalised
20.435309171676636,,,0.91261,0.2269,1,,,,,,,,,GP3HD,0.91261,0.2269,0.0901,0.36389,normalised
20.451114892959595,,,0.89308,0.19584,0,,,,,,,,,GP3HD,0.89308,0.19584,0.0901,0.36389,normalised
20.468404054641724,,,0.87781,0.17597,0,,,,,,,,,GP3HD,0.87781,0.17597,0.0901,0.36389,normalised
20.48321032524109,,,0.88108,0.15567,0,,,,,,,,,GP3HD,0.88108,0.15567,0.0901,0.36389,normalised
20.499131202697754,,,0.88455,0.14981,1,,,,,,,,,GP3HD,0.88455,0.14981,0.0901,0.36389,normalised
20.5159432888031,,,0.88263,0.15034,1,,,,,,,,,GP3HD,0.88263,0.15034,0.0901,0.36389,normalised
20.53080701828003,,,0.8817,0.14033,1,,,,,,,,,GP3HD,0.8817,0.14033,0.0901,0.36389,normalised
20.546446800231934,,,0.87997,0.13072,1,,,,,,,,,GP3HD,0.87997,0.13072,0.0901,0.36389,normalised
20.562868118286133,,,0.87846,0.12263,1,,,,,,,,,GP3HD,0.87846,0.12263,0.0901,0.36389,normalised
20.580052852630615,,,0.87908,0.12068,1,,,,,,,,,GP3HD,0.87908,0.12068,0.0901,0.36389,normalised
20.596686601638794,,,0.87949,0.1189,1,,,,,,,,,GP3HD,0.87949,0.1189,0.0901,0.36389,normalised
20.612383127212524,,,0.87933,0.12398,1,,,,,,,,,GP3HD,0.87933,0.12398,0.0901,0.36389,normalised
20.629339933395386,,,0.87983,0.12172,1,,,,,,,,,GP3HD,0.87983,0.12172,0.0901,0.36389,normalised
20.64594268798828,,,0.87908,0.11709,1,,,,,,,,,GP3HD,0.87908,0.11709,0.0901,0.36389,normalised
20.66062021255493,,,0.87268,0.10201,1,,,,,,,,,GP3HD,0.87268,0.10201,0.0901,0.36389,normalised
20.678887367248535,,,0.87191,0.09871,1,,,,,,,,,GP3HD,0.87191,0.09871,0.0901,0.36389,normalised
20.69296360015869,,,0.87276,0.09933,1,,,,,,,,,GP3HD,0.87276,0.09933,0.0901,0.36389,normalised
20.709728956222534,,,0.87054,0.09645,1,,,,,,,,,GP3HD,0.87054,0.09645,0.0901,0.36389,normalised
20.727789640426636,,,0.85988,0.0629,0,,,,,,,,,GP3HD,0.85988,0.0629,0.0901,0.36389,normalised
20.741605758666992,,,0.8264,-0.00859,0,,,,,,,,,GP3HD,0.8264,-0.00859,0.0901,0.36389,normalised
20.757418632507324,,,0.82158,-0.02085,0,,,,,,,,,GP3HD,0.82158,-0.02085,0.0901,0.36389,normalised
20.77342128753662,,,0.8297,0.00505,1,,,,,,,,,GP3HD,0.8297,0.00505,0.0901,0.36389,normalised
20.79029154777527,,,0.83603,0.02399,1,,,,,,,,,GP3HD,0.83603,0.02399,0.0901,0.36389,normalised
20.80647611618042,,,0.83406,0.01731,1,,,,,,,,,GP3HD,0.83406,0.01731,0.0901,0.36389,normalised
20.82197070121765,,,0.83821,0.02307,1,,,,,,,,,GP3HD,0.83821,0.02307,0.0901,0.36389,normalised
20.838597059249878,,,0.84325,0.03186,1,,,,,,,,,GP3HD,0.84325,0.03186,0.0901,0.36389,normalised
20.854626655578613,,,0.84604,0.03728,1,,,,,,,,,GP3HD,0.84604,0.03728,0.0901,0.36389,normalised
20.872509241104126,,,0.84704,0.03703,1,,,,,,,,,GP3HD,0.84704,0.03703,0.0901,0.36389,normalised
20.887035369873047,,,0.84786,0.03683,1,,,,,,,,,GP3HD,0.84786,0.03683,0.0901,0.36389,normalised
20.903963804244995,,,0.84951,0.04221,1,,,,,,,,,GP3HD,0.84951,0.04221,0.0901,0.36389,normalised
20.919880628585815,,,0.85425,0.04773,1,,,,,,,,,GP3HD,0.85425,0.04773,0.0901,0.36389,normalised
20.93657088279724,,,0.85831,0.05246,1,,,,,,,,,GP3HD,0.85831,0.05246,0.0901,0.36389,normalised
20.95405411720276,,,0.86097,0.06026,1,,,,,,,,,GP3HD,0.86097,0.06026,0.0901,0.36389,normalised
20.967996835708618,,,0.86057,0.05793,1,,,,,,,,,GP3HD,0.86057,0.05793,0.0901,0.36389,normalised
20.985564708709717,,,0.86021,0.05588,1,,,,,,,,,GP3HD,0.86021,0.05588,0.0901,0.36389,normalised
21.00055980682373,,,0.86005,0.05588,1,,,,,,,,,GP3HD,0.86005,0.05588,0.0901,0.36389,normalised
21.01733946800232,,,0.87604,0.08181,0,,,,,,,,,GP3HD,0.87604,0.08181,0.0901,0.36389,normalised
21.03194808959961,,,0.88757,0.10956,0,,,,,,,,,GP3HD,0.88757,0.10956,0.0901,0.36389,normalised
21.05152654647827,,,0.89441,0.13189,0,,,,,,,,,GP3HD,0.89441,0.13189,0.0901,0.36389,normalised
21.065175771713257,,,0.89644,0.13281,1,,,,,,,,,GP3HD,0.89644,0.13281,0.0901,0.36389,normalised
21.081963062286377,,,0.89766,0.13336,1,,,,,,,,,GP3HD,0.89766,0.13336,0.0901,0.36389,normalised
21.098106145858765,,,0.89943,0.14263,1,,,,,,,,,GP3HD,0.89943,0.14263,0.0901,0.36389,normalised
21.114749431610107,,,0.89878,0.14024,1,,,,,,,,,GP3HD,0.89878,0.14024,0.0901,0.36389,normalised
21.132185459136963,,,0.89829,0.13845,1,,,,,,,,,GP3HD,0.89829,0.13845,0.0901,0.36389,normalised
21.147849321365356,,,0.89458,0.1327,1,,,,,,,,,GP3HD,0.89458,0.1327,0.0901,0.36389,normalised
21.163118600845337,,,0.89478,0.13632,1,,,,,,,,,GP3HD,0.89478,0.13632,0.0901,0.36389,normalised
21.180742979049683,,,0.89494,0.13928,1,,,,,,,,,GP3HD,0.89494,0.13928,0.0901,0.36389,normalised
21.19526720046997,,,0.894,0.14055,1,,,,,,,,,GP3HD,0.894,0.14055,0.0901,0.36389,normalised
21.213029146194458,,,0.89479,0.14534,1,,,,,,,,,GP3HD,0.89479,0.14534,0.0901,0.36389,normalised
21.228725910186768,,,0.89547,0.14946,1,,,,,,,,,GP3HD,0.89547,0.14946,0.0901,0.36389,normalised
21.244784832000732,,,0.898,0.15543,1,,,,,,,,,GP3HD,0.898,0.15543,0.0901,0.36389,normalised
21.25955295562744,,,0.90022,0.16247,1,,,,,,,,,GP3HD,0.90022,0.16247,0.0901,0.36389,normalised
21.275586128234863,,,0.90217,0.16869,1,,,,,,,,,GP3HD,0.90217,0.16869,0.0901,0.36389,normalised
21.292953968048096,,,0.89919,0.16348,1,,,,,,,,,GP3HD,0.89919,0.16348,0.0901,0.36389,normalised
21.307459592819214,,,0.89664,0.15978,1,,,,,,,,,GP3HD,0.89664,0.15978,0.0901,0.36389,normalised
21.324377059936523,,,0.89396,0.15557,1,,,,,,,,,GP3HD,0.89396,0.15557,0.0901,0.36389,normalised
21.340892553329468,,,0.8939,0.15512,1,,,,,,,,,GP3HD,0.8939,0.15512,0.0901,0.36389,normalised
21.357536554336548,,,0.89248,0.15399,1,,,,,,,,,GP3HD,0.89248,0.15399,0.0901,0.36389,normalised
21.37415647506714,,,0.89089,0.15224,1,,,,,,,,,GP3HD,0.89089,0.15224,0.0901,0.36389,normalised
21.38899827003479,,,0.89002,0.15127,1,,,,,,,,,GP3HD,0.89002,0.15127,0.0901,0.36389,normalised
21.404948949813843,,,0.88892,0.15105,1,,,,,,,,,GP3HD,0.88892,0.15105,0.0901,0.36389,normalised
21.42096972465515,,,0.88816,0.15146,1,,,,,,,,,GP3HD,0.88816,0.15146,0.0901,0.36389,normalised
21.437736749649048,,,0.88781,0.15071,1,,,,,,,,,GP3HD,0.88781,0.15071,0.0901,0.36389,normalised
21.453121662139893,,,0.88628,0.14996,1,,,,,,,,,GP3HD,0.88628,0.14996,0.0901,0.36389,normalised
21.469831466674805,,,0.85917,0.11902,0,,,,,,,,,GP3HD,0.85917,0.11902,0.0901,0.36389,normalised
21.48778200149536,,,0.80421,0.00505,0,,,,,,,,,GP3HD,0.80421,0.00505,0.0901,0.36389,normalised
21.501590251922607,,,0.8044,0.00099,0,,,,,,,,,GP3HD,0.8044,0.00099,0.0901,0.36389,normalised
21.518015384674072,,,0.78626,-0.04106,0,,,,,,,,,GP3HD,0.78626,-0.04106,0.0901,0.36389,normalised
21.533403635025024,,,0.7934,-0.02151,0,,,,,,,,,GP3HD,0.7934,-0.02151,0.0901,0.36389,normalised
21.552348852157593,,,0.80607,0.00962,0,,,,,,,,,GP3HD,0.80607,0.00962,0.0901,0.36389,normalised
21.56856870651245,,,0.81241,0.02519,1,,,,,,,,,GP3HD,0.81241,0.02519,0.0901,0.36389,normalised
21.582043647766113,,,0.82079,0.04017,1,,,,,,,,,GP3HD,0.82079,0.04017,0.0901,0.36389,normalised
21.599551677703857,,,0.81905,0.05678,1,,,,,,,,,GP3HD,0.81905,0.05678,0.0901,0.36389,normalised
21.61613154411316,,,0.81834,0.0706,1,,,,,,,,,GP3HD,0.81834,0.0706,0.0901,0.36389,normalised
21.630942344665527,,,0.82026,0.07968,1,,,,,,,,,GP3HD,0.82026,0.07968,0.0901,0.36389,normalised
21.64697265625,,,0.82155,0.09241,1,,,,,,,,,GP3HD,0.82155,0.09241,0.0901,0.36389,normalised
21.663631200790405,,,0.82291,0.1034,1,,,,,,,,,GP3HD,0.82291,0.1034,0.0901,0.36389,normalised
21.679376363754272,,,0.82355,0.10738,1,,,,,,,,,GP3HD,0.82355,0.10738,0.0901,0.36389,normalised
21.69633173942566,,,0.83194,0.11747,1,,,,,,,,,GP3HD,0.83194,0.11747,0.0901,0.36389,normalised
21.71244168281555,,,0.83852,0.12435,1,,,,,,,,,GP3HD,0.83852,0.12435,0.0901,0.36389,normalised
21.72741174697876,,,0.82769,0.11873,1,,,,,,,,,GP3HD,0.82769,0.11873,0.0901,0.36389,normalised
21.746851444244385,,,0.82456,0.14252,0,,,,,,,,,GP3HD,0.82456,0.14252,0.0901,0.36389,normalised
21.761553525924683,,,0.77472,0.10642,0,,,,,,,,,GP3HD,0.77472,0.10642,0.0901,0.36389,normalised
21.777665853500366,,,0.77472,0.10642,0,,,,,,,,,GP3HD,0.77472,0.10642,0.0901,0.36389,normalised
21.792445421218872,,,0.57292,-0.262,0,,,,,,,,,GP3HD,0.57292,-0.262,0.0901,0.36389,normalised
21.80807375907898,,,0.57292,-0.262,0,,,,,,,,,GP3HD,0.57292,-0.262,0.0901,0.36389,normalised
21.829967260360718,,,0.57292,-0.262,0,,,,,,,,,GP3HD,0.57292,-0.262,0.0901,0.36389,normalised
21.84447979927063,,,0.0,0.0,0,,,,,,,,,GP3HD,0.0,0.0,0.0901,0.36389,normalised
21.863366842269897,,,0.0,0.0,0,,,,,,,,,GP3HD,0.0,0.0,0.0901,0.36389,normalised
21.87707781791687,,,0.0,0.0,0,,,,,,,,,GP3HD,0.0,0.0,0.0901,0.36389,normalised
21.89471673965454,,,0.0,0.0,0,,,,,,,,,GP3HD,0.0,0.0,0.0901,0.36389,normalised
21.912914037704468,,,0.0,0.0,0,,,,,,,,,GP3HD,0.0,0.0,0.0901,0.36389,normalised
21.927613735198975,,,0.0,0.0,0,,,,,,,,,GP3HD,0.0,0.0,0.0901,0.36389,normalised
21.94334101676941,,,0.0,0.0,0,,,,,,,,,GP3HD,0.0,0.0,0.0901,0.36389,normalised
21.960912704467773,,,0.0,0.0,0,,,,,,,,,GP3HD,0.0,0.0,0.0901,0.36389,normalised
21.974522829055786,,,0.0,0.0,0,,,,,,,,,GP3HD,0.0,0.0,0.0901,0.36389,normalised
21.991087675094604,,,0.0,0.0,0,,,,,,,,,GP3HD,0.0,0.0,0.0901,0.36389,normalised
22.008994102478027,,,0.26587,-0.18856,0,,,,,,,,,GP3HD,0.26587,-0.18856,0.0901,0.36389,normalised
22.019574403762817,,,0.31903,-0.17067,0,,,,,,,,,GP3HD,0.31903,-0.17067,0.0901,0.36389,normalised
22.035730838775635,,,0.71574,0.42378,0,,,,,,,,,GP3HD,0.71574,0.42378,0.0901,0.36389,normalised
22.0523841381073,,,0.95351,1.1072,0,,,,,,,,,GP3HD,0.95351,1.1072,0.0901,0.36389,normalised
22.070062398910522,,,0.71879,0.71421,0,,,,,,,,,GP3HD,0.71879,0.71421,0.0901,0.36389,normalised
22.08391284942627,,,0.58932,0.55948,0,,,,,,,,,GP3HD,0.58932,0.55948,0.0901,0.36389,normalised
22.100457191467285,,,0.45763,0.25694,0,,,,,,,,,GP3HD,0.45763,0.25694,0.0901,0.36389,normalised
22.11654758453369,,,0.38317,0.15039,0,,,,,,,,,GP3HD,0.38317,0.15039,0.0901,0.36389,normalised
22.133373737335205,,,0.27514,-0.05458,0,,,,,,,,,GP3HD,0.27514,-0.05458,0.0901,0.36389,normalised
22.149349689483643,,,0.26901,-0.05906,0,,,,,,,,,GP3HD,0.26901,-0.05906,0.0901,0.36389,normalised
22.16412115097046,,,0.26509,-0.04688,0,,,,,,,,,GP3HD,0.26509,-0.04688,0.0901,0.36389,normalised
22.18287205696106,,,0.28564,-0.06041,1,,,,,,,,,GP3HD,0.28564,-0.06041,0.0901,0.36389,normalised
22.196906566619873,,,0.29797,-0.06853,1,,,,,,,,,GP3HD,0.29797,-0.06853,0.0901,0.36389,normalised
22.21285891532898,,,0.27506,-0.05479,1,,,,,,,,,GP3HD,0.27506,-0.05479,0.0901,0.36389,normalised
22.229668140411377,,,0.25931,-0.05095,1,,,,,,,,,GP3HD,0.25931,-0.05095,0.0901,0.36389,normalised
22.246143341064453,,,0.25188,-0.03309,1,,,,,,,,,GP3HD,0.25188,-0.03309,0.0901,0.36389,normalised
22.26159644126892,,,0.25165,0.00244,1,,,,,,,,,GP3HD,0.25165,0.00244,0.0901,0.36389,normalised
22.280057430267334,,,0.26095,0.04962,1,,,,,,,,,GP3HD,0.26095,0.04962,0.0901,0.36389,normalised
22.29600691795349,,,0.27777,0.10684,1,,,,,,,,,GP3HD,0.27777,0.10684,0.0901,0.36389,normalised
22.31016206741333,,,0.29293,0.15908,1,,,,,,,,,GP3HD,0.29293,0.15908,0.0901,0.36389,normalised
22.326038599014282,,,0.30601,0.20376,1,,,,,,,,,GP3HD,0.30601,0.20376,0.0901,0.36389,normalised
22.344684600830078,,,0.32525,0.29223,0,,,,,,,,,GP3HD,0.32525,0.29223,0.0901,0.36389,normalised
22.362003803253174,,,0.39748,0.52493,0,,,,,,,,,GP3HD,0.39748,0.52493,0.0901,0.36389,normalised
22.376610040664673,,,0.41379,0.596,0,,,,,,,,,GP3HD,0.41379,0.596,0.0901,0.36389,normalised
22.391380310058594,,,0.45418,0.74464,0,,,,,,,,,GP3HD,0.45418,0.74464,0.0901,0.36389,normalised
22.407366037368774,,,0.45484,0.74293,0,,,,,,,,,GP3HD,0.45484,0.74293,0.0901,0.36389,normalised
22.42486023902893,,,0.44905,0.74195,0,,,,,,,,,GP3HD,0.44905,0.74195,0.0901,0.36389,normalised
22.439367294311523,,,0.44616,0.74146,1,,,,,,,,,GP3HD,0.44616,0.74146,0.0901,0.36389,normalised
22.4556884765625,,,0.44806,0.7438,1,,,,,,,,,GP3HD,0.44806,0.7438,0.0901,0.36389,normalised
22.4716215133667,,,0.4456,0.74352,1,,,,,,,,,GP3HD,0.4456,0.74352,0.0901,0.36389,normalised
22.488783597946167,,,0.44384,0.74332,1,,,,,,,,,GP3HD,0.44384,0.74332,0.0901,0.36389,normalised
22.50657057762146,,,0.44274,0.74103,1,,,,,,,,,GP3HD,0.44274,0.74103,0.0901,0.36389,normalised
22.520562648773193,,,0.44388,0.74464,1,,,,,,,,,GP3HD,0.44388,0.74464,0.0901,0.36389,normalised
22.537829637527466,,,0.44479,0.74753,1,,,,,,,,,GP3HD,0.44479,0.74753,0.0901,0.36389,normalised
22.552134037017822,,,0.44516,0.74615,1,,,,,,,,,GP3HD,0.44516,0.74615,0.0901,0.36389,normalised
22.56967043876648,,,0.4458,0.74809,1,,,,,,,,,GP3HD,0.4458,0.74809,0.0901,0.36389,normalised
22.585607051849365,,,0.44634,0.74973,1,,,,,,,,,GP3HD,0.44634,0.74973,0.0901,0.36389,normalised
22.60334062576294,,,0.44769,0.75012,1,,,,,,,,,GP3HD,0.44769,0.75012,0.0901,0.36389,normalised
22.618020057678223,,,0.44733,0.7495,1,,,,,,,,,GP3HD,0.44733,0.7495,0.0901,0.36389,normalised
22.632866859436035,,,0.44702,0.74897,1,,,,,,,,,GP3HD,0.44702,0.74897,0.0901,0.36389,normalised
22.653083324432373,,,0.44738,0.74865,1,,,,,,,,,GP3HD,0.44738,0.74865,0.0901,0.36389,normalised
22.66588830947876,,,0.44717,0.74821,1,,,,,,,,,GP3HD,0.44717,0.74821,0.0901,0.36389,normalised
22.6814546585083,,,0.44698,0.74781,1,,,,,,,,,GP3HD,0.44698,0.74781,0.0901,0.36389,normalised
22.700552225112915,,,0.4474,0.74755,1,,,,,,,,,GP3HD,0.4474,0.74755,0.0901,0.36389,normalised
22.715579748153687,,,0.44721,0.74714,1,,,,,,,,,GP3HD,0.44721,0.74714,0.0901,0.36389,normalised
22.732261419296265,,,0.44703,0.74678,1,,,,,,,,,GP3HD,0.44703,0.74678,0.0901,0.36389,normalised
22.74902868270874,,,0.44787,0.74699,1,,,,,,,,,GP3HD,0.44787,0.74699,0.0901,0.36389,normalised
22.763441801071167,,,0.44799,0.74706,1,,,,,,,,,GP3HD,0.44799,0.74706,0.0901,0.36389,normalised
22.78113603591919,,,0.44809,0.74712,1,,,,,,,,,GP3HD,0.44809,0.74712,0.0901,0.36389,normalised
22.798155546188354,,,0.44853,0.74734,1,,,,,,,,,GP3HD,0.44853,0.74734,0.0901,0.36389,normalised
22.812030792236328,,,0.44929,0.74798,1,,,,,,,,,GP3HD,0.44929,0.74798,0.0901,0.36389,normalised
22.828208923339844,,,0.45,0.74857,1,,,,,,,,,GP3HD,0.45,0.74857,0.0901,0.36389,normalised
22.845765829086304,,,0.4508,0.74923,1,,,,,,,,,GP3HD,0.4508,0.74923,0.0901,0.36389,normalised
22.862252473831177,,,0.45155,0.75001,1,,,,,,,,,GP3HD,0.45155,0.75001,0.0901,0.36389,normalised
22.878188610076904,,,0.45225,0.75075,1,,,,,,,,,GP3HD,0.45225,0.75075,0.0901,0.36389,normalised
22.892824172973633,,,0.45302,0.75145,1,,,,,,,,,GP3HD,0.45302,0.75145,0.0901,0.36389,normalised
22.90911316871643,,,0.45391,0.75205,1,,,,,,,,,GP3HD,0.45391,0.75205,0.0901,0.36389,normalised
22.926509380340576,,,0.45475,0.75262,1,,,,,,,,,GP3HD,0.45475,0.75262,0.0901,0.36389,normalised
22.940444707870483,,,0.45526,0.75259,1,,,,,,,,,GP3HD,0.45526,0.75259,0.0901,0.36389,normalised
22.957253456115723,,,0.45592,0.75274,1,,,,,,,,,GP3HD,0.45592,0.75274,0.0901,0.36389,normalised
22.973978519439697,,,0.45655,0.75288,1,,,,,,,,,GP3HD,0.45655,0.75288,0.0901,0.36389,normalised
22.98868465423584,,,0.45715,0.75314,1,,,,,,,,,GP3HD,0.45715,0.75314,0.0901,0.36389,normalised
23.006651639938354,,,0.45795,0.75363,1,,,,,,,,,GP3HD,0.45795,0.75363,0.0901,0.36389,normalised
23.023351907730103,,,0.4587,0.75408,1,,,,,,,,,GP3HD,0.4587,0.75408,0.0901,0.36389,normalised
23.038172483444214,,,0.45901,0.754,1,,,,,,,,,GP3HD,0.45901,0.754,0.0901,0.36389,normalised
23.054792642593384,,,0.45967,0.7541,1,,,,,,,,,GP3HD,0.45967,0.7541,0.0901,0.36389,normalised
23.07161283493042,,,0.46031,0.7542,1,,,,,,,,,GP3HD,0.46031,0.7542,0.0901,0.36389,normalised
23.08646535873413,,,0.46049,0.7541,1,,,,,,,,,GP3HD,0.46049,0.7541,0.0901,0.36389,normalised
23.102767944335938,,,0.46088,0.75366,1,,,,,,,,,GP3HD,0.46088,0.75366,0.0901,0.36389,normalised
23.119261026382446,,,0.46125,0.75323,1,,,,,,,,,GP3HD,0.46125,0.75323,0.0901,0.36389,normalised
23.137178659439087,,,0.46163,0.75313,1,,,,,,,,,GP3HD,0.46163,0.75313,0.0901,0.36389,normalised
23.152512550354004,,,0.4624,0.75334,1,,,,,,,,,GP3HD,0.4624,0.75334,0.0901,0.36389,normalised
23.169407844543457,,,0.46331,0.75372,1,,,,,,,,,GP3HD,0.46331,0.75372,0.0901,0.36389,normalised
23.18389582633972,,,0.46363,0.75381,1,,,,,,,,,GP3HD,0.46363,0.75381,0.0901,0.36389,normalised
23.20011806488037,,,0.46465,0.75396,1,,,,,,,,,GP3HD,0.46465,0.75396,0.0901,0.36389,normalised
23.216042518615723,,,0.46567,0.75412,1,,,,,,,,,GP3HD,0.46567,0.75412,0.0901,0.36389,normalised
23.232497930526733,,,0.46607,0.7539,1,,,,,,,,,GP3HD,0.46607,0.7539,0.0901,0.36389,normalised
23.25050187110901,,,0.46711,0.75416,1,,,,,,,,,GP3HD,0.46711,0.75416,0.0901,0.36389,normalised
23.264390230178833,,,0.46815,0.75443,1,,,,,,,,,GP3HD,0.46815,0.75443,0.0901,0.36389,normalised
23.28028964996338,,,0.46884,0.75471,1,,,,,,,,,GP3HD,0.46884,0.75471,0.0901,0.36389,normalised
23.297723531723022,,,0.46965,0.75427,1,,,,,,,,,GP3HD,0.46965,0.75427,0.0901,0.36389,normalised
23.31406545639038,,,0.47047,0.75383,1,,,,,,,,,GP3HD,0.47047,0.75383,0.0901,0.36389,normalised
23.330037593841553,,,0.47134,0.75422,1,,,,,,,,,GP3HD,0.47134,0.75422,0.0901,0.36389,normalised
23.346983432769775,,,0.4721,0.75393,1,,,,,,,,,GP3HD,0.4721,0.75393,0.0901,0.36389,normalised
23.361778497695923,,,0.47165,0.75131,1,,,,,,,,,GP3HD,0.47165,0.75131,0.0901,0.36389,normalised
23.37807059288025,,,0.46653,0.70193,0,,,,,,,,,GP3HD,0.46653,0.70193,0.0901,0.36389,normalised
23.39559555053711,,,0.46653,0.70193,0,,,,,,,,,GP3HD,0.46653,0.70193,0.0901,0.36389,normalised
23.411407470703125,,,0.46653,0.70193,0,,,,,,,,,GP3HD,0.46653,0.70193,0.0901,0.36389,normalised
23.42556405067444,,,0.0,0.0,0,,,,,,,,,GP3HD,0.0,0.0,0.0901,0.36389,normalised
23.447643280029297,,,0.0,0.0,0,,,,,,,,,GP3HD,0.0,0.0,0.0901,0.36389,normalised
23.46518611907959,,,0.0,0.0,0,,,,,,,,,GP3HD,0.0,0.0,0.0901,0.36389,normalised
23.48077392578125,,,0.0,0.0,0,,,,,,,,,GP3HD,0.0,0.0,0.0901,0.36389,normalised
23.4973042011261,,,0.0,0.0,0,,,,,,,,,GP3HD,0.0,0.0,0.0901,0.36389,normalised
23.51237940788269,,,0.0,0.0,0,,,,,,,,,GP3HD,0.0,0.0,0.0901,0.36389,normalised
23.528570652008057,,,0.0,0.0,0,,,,,,,,,GP3HD,0.0,0.0,0.0901,0.36389,normalised
23.54547357559204,,,0.0,0.0,0,,,,,,,,,GP3HD,0.0,0.0,0.0901,0.36389,normalised
23.561889171600342,,,0.0,0.0,0,,,,,,,,,GP3HD,0.0,0.0,0.0901,0.36389,normalised
23.57851481437683,,,0.18223,-0.05482,0,,,,,,,,,GP3HD,0.18223,-0.05482,0.0901,0.36389,normalised
23.590269804000854,,,0.1816,-0.05285,0,,,,,,,,,GP3HD,0.1816,-0.05285,0.0901,0.36389,normalised
23.60418438911438,,,0.19394,-0.03849,0,,,,,,,,,GP3HD,0.19394,-0.03849,0.0901,0.36389,normalised
23.622105836868286,,,0.18887,-0.00417,1,,,,,,,,,GP3HD,0.18887,-0.00417,0.0901,0.36389,normalised
23.637765645980835,,,0.18704,0.01691,1,,,,,,,,,GP3HD,0.18704,0.01691,0.0901,0.36389,normalised
23.652646780014038,,,0.18582,0.03096,1,,,,,,,,,GP3HD,0.18582,0.03096,0.0901,0.36389,normalised
23.669464826583862,,,0.18377,0.04173,1,,,,,,,,,GP3HD,0.18377,0.04173,0.0901,0.36389,normalised
23.685417652130127,,,0.1825,0.0495,1,,,,,,,,,GP3HD,0.1825,0.0495,0.0901,0.36389,normalised
23.701356649398804,,,0.18151,0.05555,1,,,,,,,,,GP3HD,0.18151,0.05555,0.0901,0.36389,normalised
23.716914653778076,,,0.18043,0.06142,1,,,,,,,,,GP3HD,0.18043,0.06142,0.0901,0.36389,normalised
23.73363184928894,,,0.17845,0.06596,1,,,,,,,,,GP3HD,0.17845,0.06596,0.0901,0.36389,normalised
23.749244213104248,,,0.1768,0.06975,1,,,,,,,,,GP3HD,0.1768,0.06975,0.0901,0.36389,normalised
23.766135931015015,,,0.17574,0.07327,1,,,,,,,,,GP3HD,0.17574,0.07327,0.0901,0.36389,normalised
23.783794403076172,,,0.17608,0.07786,1,,,,,,,,,GP3HD,0.17608,0.07786,0.0901,0.36389,normalised
23.79746913909912,,,0.17199,0.11191,0,,,,,,,,,GP3HD,0.17199,0.11191,0.0901,0.36389,normalised
23.81532311439514,,,0.17524,0.11577,0,,,,,,,,,GP3HD,0.17524,0.11577,0.0901,0.36389,normalised
23.83022665977478,,,0.17625,0.11784,0,,,,,,,,,GP3HD,0.17625,0.11784,0.0901,0.36389,normalised
23.849459648132324,,,0.17676,0.11888,1,,,,,,,,,GP3HD,0.17676,0.11888,0.0901,0.36389,normalised
23.8642635345459,,,0.17887,0.12491,1,,,,,,,,,GP3HD,0.17887,0.12491,0.0901,0.36389,normalised
23.879767656326294,,,0.17908,0.12962,1,,,,,,,,,GP3HD,0.17908,0.12962,0.0901,0.36389,normalised
23.896416902542114,,,0.17922,0.13298,1,,,,,,,,,GP3HD,0.17922,0.13298,0.0901,0.36389,normalised
23.911717653274536,,,0.17908,0.13483,1,,,,,,,,,GP3HD,0.17908,0.13483,0.0901,0.36389,normalised
23.929774522781372,,,0.17924,0.13623,1,,,,,,,,,GP3HD,0.17924,0.13623,0.0901,0.36389,normalised
23.9440176486969,,,0.17937,0.13735,1,,,,,,,,,GP3HD,0.17937,0.13735,0.0901,0.36389,normalised
23.960500717163086,,,0.17958,0.13843,1,,,,,,,,,GP3HD,0.17958,0.13843,0.0901,0.36389,normalised
23.976248264312744,,,0.17964,0.13858,1,,,,,,,,,GP3HD,0.17964,0.13858,0.0901,0.36389,normalised
23.99282479286194,,,0.1797,0.1387,1,,,,,,,,,GP3HD,0.1797,0.1387,0.0901,0.36389,normalised
24.0106999874115,,,0.17931,0.13796,1,,,,,,,,,GP3HD,0.17931,0.13796,0.0901,0.36389,normalised
24.025081872940063,,,0.179,0.13954,1,,,,,,,,,GP3HD,0.179,0.13954,0.0901,0.36389,normalised
24.04352617263794,,,0.17873,0.14093,1,,,,,,,,,GP3HD,0.17873,0.14093,0.0901,0.36389,normalised
24.05738878250122,,,0.17857,0.14237,1,,,,,,,,,GP3HD,0.17857,0.14237,0.0901,0.36389,normalised
24.076525449752808,,,0.1782,0.14354,1,,,,,,,,,GP3HD,0.1782,0.14354,0.0901,0.36389,normalised
24.091328144073486,,,0.17787,0.14459,1,,,,,,,,,GP3HD,0.17787,0.14459,0.0901,0.36389,normalised
24.108232736587524,,,0.17772,0.14467,1,,,,,,,,,GP3HD,0.17772,0.14467,0.0901,0.36389,normalised
24.121142864227295,,,0.17713,0.14472,1,,,,,,,,,GP3HD,0.17713,0.14472,0.0901,0.36389,normalised
24.13832712173462,,,0.1766,0.14476,1,,,,,,,,,GP3HD,0.1766,0.14476,0.0901,0.36389,normalised
24.15622043609619,,,0.17582,0.14368,1,,,,,,,,,GP3HD,0.17582,0.14368,0.0901,0.36389,normalised
24.16990065574646,,,0.17507,0.14389,1,,,,,,,,,GP3HD,0.17507,0.14389,0.0901,0.36389,normalised
24.1874737739563,,,0.17438,0.14408,1,,,,,,,,,GP3HD,0.17438,0.14408,0.0901,0.36389,normalised
24.202149868011475,,,0.17381,0.14336,1,,,,,,,,,GP3HD,0.17381,0.14336,0.0901,0.36389,normalised
24.219388246536255,,,0.17271,0.14208,1,,,,,,,,,GP3HD,0.17271,0.14208,0.0901,0.36389,normalised
24.236185550689697,,,0.1717,0.14088,1,,,,,,,,,GP3HD,0.1717,0.14088,0.0901,0.36389,normalised
24.251538038253784,,,0.17171,0.1395,1,,,,,,,,,GP3HD,0.17171,0.1395,0.0901,0.36389,normalised
24.269257307052612,,,0.17126,0.13819,1,,,,,,,,,GP3HD,0.17126,0.13819,0.0901,0.36389,normalised
24.283174991607666,,,0.17084,0.13697,1,,,,,,,,,GP3HD,0.17084,0.13697,0.0901,0.36389,normalised
24.300034046173096,,,0.1708,0.13629,1,,,,,,,,,GP3HD,0.1708,0.13629,0.0901,0.36389,normalised
24.315419912338257,,,0.17152,0.13663,1,,,,,,,,,GP3HD,0.17152,0.13663,0.0901,0.36389,normalised
24.33302354812622,,,0.17219,0.13694,1,,,,,,,,,GP3HD,0.17219,0.13694,0.0901,0.36389,normalised
24.348918914794922,,,0.17242,0.13654,1,,,,,,,,,GP3HD,0.17242,0.13654,0.0901,0.36389,normalised
24.363966464996338,,,0.1732,0.13639,1,,,,,,,,,GP3HD,0.1732,0.13639,0.0901,0.36389,normalised
24.381500959396362,,,0.17393,0.13624,1,,,,,,,,,GP3HD,0.17393,0.13624,0.0901,0.36389,normalised
24.397408723831177,,,0.17429,0.13576,1,,,,,,,,,GP3HD,0.17429,0.13576,0.0901,0.36389,normalised
24.413134336471558,,,0.17523,0.1354,1,,,,,,,,,GP3HD,0.17523,0.1354,0.0901,0.36389,normalised
24.430500984191895,,,0.17613,0.13505,1,,,,,,,,,GP3HD,0.17613,0.13505,0.0901,0.36389,normalised
24.445997953414917,,,0.17657,0.13428,1,,,,,,,,,GP3HD,0.17657,0.13428,0.0901,0.36389,normalised
24.461427450180054,,,0.17696,0.13322,1,,,,,,,,,GP3HD,0.17696,0.13322,0.0901,0.36389,normalised
24.4780113697052,,,0.17733,0.13222,1,,,,,,,,,GP3HD,0.17733,0.13222,0.0901,0.36389,normalised
24.49471950531006,,,0.17756,0.13163,1,,,,,,,,,GP3HD,0.17756,0.13163,0.0901,0.36389,normalised
24.50969123840332,,,0.17789,0.13119,1,,,,,,,,,GP3HD,0.17789,0.13119,0.0901,0.36389,normalised
24.527761459350586,,,0.17821,0.13076,1,,,,,,,,,GP3HD,0.17821,0.13076,0.0901,0.36389,normalised
24.545403242111206,,,0.17835,0.13103,1,,,,,,,,,GP3HD,0.17835,0.13103,0.0901,0.36389,normalised
24.560141801834106,,,0.17866,0.13129,1,,,,,,,,,GP3HD,0.17866,0.13129,0.0901,0.36389,normalised
24.57711410522461,,,0.17911,0.13194,1,,,,,,,,,GP3HD,0.17911,0.13194,0.0901,0.36389,normalised
24.591774225234985,,,0.17927,0.13269,1,,,,,,,,,GP3HD,0.17927,0.13269,0.0901,0.36389,normalised
24.607251405715942,,,0.17955,0.13352,1,,,,,,,,,GP3HD,0.17955,0.13352,0.0901,0.36389,normalised
24.62489414215088,,,0.17972,0.13404,1,,,,,,,,,GP3HD,0.17972,0.13404,0.0901,0.36389,normalised
24.639604568481445,,,0.18054,0.13357,1,,,,,,,,,GP3HD,0.18054,0.13357,0.0901,0.36389,normalised
24.655243396759033,,,0.18148,0.13247,1,,,,,,,,,GP3HD,0.18148,0.13247,0.0901,0.36389,normalised
24.671457052230835,,,0.18236,0.13117,1,,,,,,,,,GP3HD,0.18236,0.13117,0.0901,0.36389,normalised
24.688197135925293,,,0.18504,0.13191,1,,,,,,,,,GP3HD,0.18504,0.13191,0.0901,0.36389,normalised
24.70506477355957,,,0.2186,0.14082,0,,,,,,,,,GP3HD,0.2186,0.14082,0.0901,0.36389,normalised
24.72104287147522,,,0.2672,0.16474,0,,,,,,,,,GP3HD,0.2672,0.16474,0.0901,0.36389,normalised
24.737207651138306,,,0.28035,0.16335,0,,,,,,,,,GP3HD,0.28035,0.16335,0.0901,0.36389,normalised
24.7522554397583,,,0.28576,0.16502,1,,,,,,,,,GP3HD,0.28576,0.16502,0.0901,0.36389,normalised
24.76913619041443,,,0.28844,0.16438,1,,,,,,,,,GP3HD,0.28844,0.16438,0.0901,0.36389,normalised
24.78705883026123,,,0.29118,0.16725,1,,,,,,,,,GP3HD,0.29118,0.16725,0.0901,0.36389,normalised
24.801188230514526,,,0.29127,0.15982,1,,,,,,,,,GP3HD,0.29127,0.15982,0.0901,0.36389,normalised
24.818116664886475,,,0.29154,0.15496,1,,,,,,,,,GP3HD,0.29154,0.15496,0.0901,0.36389,normalised
24.832918643951416,,,0.30171,0.17176,1,,,,,,,,,GP3HD,0.30171,0.17176,0.0901,0.36389,normalised
24.850332260131836,,,0.30623,0.18184,1,,,,,,,,,GP3HD,0.30623,0.18184,0.0901,0.36389,normalised
24.86638855934143,,,0.31043,0.19145,1,,,,,,,,,GP3HD,0.31043,0.19145,0.0901,0.36389,normalised
24.882750988006592,,,0.33706,0.23419,1,,,,,,,,,GP3HD,0.33706,0.23419,0.0901,0.36389,normalised
24.90085196495056,,,0.35718,0.26608,1,,,,,,,,,GP3HD,0.35718,0.26608,0.0901,0.36389,normalised
24.916172742843628,,,0.39212,0.31438,0,,,,,,,,,GP3HD,0.39212,0.31438,0.0901,0.36389,normalised
24.931903839111328,,,0.49523,0.46035,0,,,,,,,,,GP3HD,0.49523,0.46035,0.0901,0.36389,normalised
24.947749853134155,,,0.51865,0.5008,0,,,,,,,,,GP3HD,0.51865,0.5008,0.0901,0.36389,normalised
24.96389079093933,,,0.57644,0.58991,0,,,,,,,,,GP3HD,0.57644,0.58991,0.0901,0.36389,normalised
24.979554891586304,,,0.59508,0.6205,0,,,,,,,,,GP3HD,0.59508,0.6205,0.0901,0.36389,normalised
24.99633502960205,,,0.58748,0.61319,0,,,,,,,,,GP3HD,0.58748,0.61319,0.0901,0.36389,normalised
25.012118816375732,,,0.58355,0.60904,1,,,,,,,,,GP3HD,0.58355,0.60904,0.0901,0.36389,normalised
25.02781915664673,,,0.59207,0.61458,1,,,,,,,,,GP3HD,0.59207,0.61458,0.0901,0.36389,normalised
25.044779539108276,,,0.59183,0.61685,1,,,,,,,,,GP3HD,0.59183,0.61685,0.0901,0.36389,normalised
25.059420347213745,,,0.59142,0.61792,1,,,,,,,,,GP3HD,0.59142,0.61792,0.0901,0.36389,normalised
25.07753896713257,,,0.59566,0.61933,1,,,,,,,,,GP3HD,0.59566,0.61933,0.0901,0.36389,normalised
25.09437370300293,,,0.59665,0.61933,1,,,,,,,,,GP3HD,0.59665,0.61933,0.0901,0.36389,normalised
25.109063863754272,,,0.59787,0.6205,1,,,,,,,,,GP3HD,0.59787,0.6205,0.0901,0.36389,normalised
25.12489652633667,,,0.60364,0.62717,1,,,,,,,,,GP3HD,0.60364,0.62717,0.0901,0.36389,normalised
25.140265464782715,,,0.60553,0.63166,1,,,,,,,,,GP3HD,0.60553,0.63166,0.0901,0.36389,normalised
25.15647315979004,,,0.60713,0.63547,1,,,,,,,,,GP3HD,0.60713,0.63547,0.0901,0.36389,normalised
25.173404455184937,,,0.61454,0.64093,1,,,,,,,,,GP3HD,0.61454,0.64093,0.0901,0.36389,normalised
25.190848112106323,,,0.61885,0.64437,1,,,,,,,,,GP3HD,0.61885,0.64437,0.0901,0.36389,normalised
25.204509258270264,,,0.62258,0.64715,1,,,,,,,,,GP3HD,0.62258,0.64715,0.0901,0.36389,normalised
25.221608638763428,,,0.62984,0.65069,1,,,,,,,,,GP3HD,0.62984,0.65069,0.0901,0.36389,normalised
25.238030672073364,,,0.65875,0.67495,0,,,,,,,,,GP3HD,0.65875,0.67495,0.0901,0.36389,normalised
25.254284858703613,,,0.70128,0.69922,0,,,,,,,,,GP3HD,0.70128,0.69922,0.0901,0.36389,normalised
25.270896911621094,,,0.68791,0.66767,0,,,,,,,,,GP3HD,0.68791,0.66767,0.0901,0.36389,normalised
25.285781383514404,,,0.67506,0.64077,1,,,,,,,,,GP3HD,0.67506,0.64077,0.0901,0.36389,normalised
25.30333399772644,,,0.66746,0.62513,1,,,,,,,,,GP3HD,0.66746,0.62513,0.0901,0.36389,normalised
25.319145441055298,,,0.66841,0.63007,1,,,,,,,,,GP3HD,0.66841,0.63007,0.0901,0.36389,normalised
25.335252046585083,,,0.67039,0.63705,1,,,,,,,,,GP3HD,0.67039,0.63705,0.0901,0.36389,normalised
25.350707530975342,,,0.67207,0.64276,1,,,,,,,,,GP3HD,0.67207,0.64276,0.0901,0.36389,normalised
25.36738610267639,,,0.67102,0.64,1,,,,,,,,,GP3HD,0.67102,0.64,0.0901,0.36389,normalised
25.383030891418457,,,0.66994,0.63415,1,,,,,,,,,GP3HD,0.66994,0.63415,0.0901,0.36389,normalised
25.399949550628662,,,0.66906,0.62937,1,,,,,,,,,GP3HD,0.66906,0.62937,0.0901,0.36389,normalised
25.415765523910522,,,0.67375,0.63604,1,,,,,,,,,GP3HD,0.67375,0.63604,0.0901,0.36389,normalised
25.43254065513611,,,0.67946,0.64252,1,,,,,,,,,GP3HD,0.67946,0.64252,0.0901,0.36389,normalised
25.447534561157227,,,0.68461,0.64891,1,,,,,,,,,GP3HD,0.68461,0.64891,0.0901,0.36389,normalised
25.46349835395813,,,0.68583,0.65252,1,,,,,,,,,GP3HD,0.68583,0.65252,0.0901,0.36389,normalised
25.48038625717163,,,0.68701,0.6564,1,,,,,,,,,GP3HD,0.68701,0.6564,0.0901,0.36389,normalised
25.496350049972534,,,0.68805,0.65982,1,,,,,,,,,GP3HD,0.68805,0.65982,0.0901,0.36389,normalised
25.5134437084198,,,0.689,0.66158,1,,,,,,,,,GP3HD,0.689,0.66158,0.0901,0.36389,normalised
25.531230926513672,,,0.68906,0.66306,1,,,,,,,,,GP3HD,0.68906,0.66306,0.0901,0.36389,normalised
25.546985864639282,,,0.68902,0.66412,1,,,,,,,,,GP3HD,0.68902,0.66412,0.0901,0.36389,normalised
25.562620162963867,,,0.69014,0.66673,1,,,,,,,,,GP3HD,0.69014,0.66673,0.0901,0.36389,normalised
25.579099416732788,,,0.70837,0.69841,0,,,,,,,,,GP3HD,0.70837,0.69841,0.0901,0.36389,normalised
25.595035552978516,,,0.70589,0.70488,0,,,,,,,,,GP3HD,0.70589,0.70488,0.0901,0.36389,normalised
25.61056876182556,,,0.70128,0.69771,0,,,,,,,,,GP3HD,0.70128,0.69771,0.0901,0.36389,normalised
25.627493858337402,,,0.69871,0.70063,1,,,,,,,,,GP3HD,0.69871,0.70063,0.0901,0.36389,normalised
25.642338752746582,,,0.69708,0.70192,1,,,,,,,,,GP3HD,0.69708,0.70192,0.0901,0.36389,normalised
25.659387350082397,,,0.69035,0.67402,1,,,,,,,,,GP3HD,0.69035,0.67402,0.0901,0.36389,normalised
25.674529314041138,,,0.6909,0.66673,1,,,,,,,,,GP3HD,0.6909,0.66673,0.0901,0.36389,normalised
25.6912739276886,,,0.69108,0.66054,1,,,,,,,,,GP3HD,0.69108,0.66054,0.0901,0.36389,normalised
25.70695734024048,,,0.69503,0.66042,1,,,,,,,,,GP3HD,0.69503,0.66042,0.0901,0.36389,normalised
25.722951650619507,,,0.70108,0.66399,1,,,,,,,,,GP3HD,0.70108,0.66399,0.0901,0.36389,normalised
25.73912262916565,,,0.70634,0.66797,1,,,,,,,,,GP3HD,0.70634,0.66797,0.0901,0.36389,normalised
25.75602412223816,,,0.70781,0.67009,1,,,,,,,,,GP3HD,0.70781,0.67009,0.0901,0.36389,normalised
25.77073335647583,,,0.71102,0.67088,1,,,,,,,,,GP3HD,0.71102,0.67088,0.0901,0.36389,normalised
25.787440538406372,,,0.71404,0.67244,1,,,,,,,,,GP3HD,0.71404,0.67244,0.0901,0.36389,normalised
25.8041570186615,,,0.7175,0.67634,1,,,,,,,,,GP3HD,0.7175,0.67634,0.0901,0.36389,normalised
25.821939945220947,,,0.71905,0.66875,1,,,,,,,,,GP3HD,0.71905,0.66875,0.0901,0.36389,normalised
25.83711552619934,,,0.72016,0.66117,1,,,,,,,,,GP3HD,0.72016,0.66117,0.0901,0.36389,normalised
25.854899406433105,,,0.71893,0.6559,1,,,,,,,,,GP3HD,0.71893,0.6559,0.0901,0.36389,normalised
25.868897914886475,,,0.71941,0.6477,1,,,,,,,,,GP3HD,0.71941,0.6477,0.0901,0.36389,normalised
25.887229681015015,,,0.71985,0.64031,1,,,,,,,,,GP3HD,0.71985,0.64031,0.0901,0.36389,normalised
25.901834726333618,,,0.71952,0.6399,1,,,,,,,,,GP3HD,0.71952,0.6399,0.0901,0.36389,normalised
25.918954610824585,,,0.7298,0.60381,0,,,,,,,,,GP3HD,0.7298,0.60381,0.0901,0.36389,normalised
25.93382167816162,,,0.69412,0.5258,0,,,,,,,,,GP3HD,0.69412,0.5258,0.0901,0.36389,normalised
25.94989824295044,,,0.68781,0.54977,0,,,,,,,,,GP3HD,0.68781,0.54977,0.0901,0.36389,normalised
25.96793246269226,,,0.64263,0.4613,0,,,,,,,,,GP3HD,0.64263,0.4613,0.0901,0.36389,normalised
25.98298978805542,,,0.61844,0.39984,0,,,,,,,,,GP3HD,0.61844,0.39984,0.0901,0.36389,normalised
25.99759078025818,,,0.64297,0.4807,0,,,,,,,,,GP3HD,0.64297,0.4807,0.0901,0.36389,normalised
26.014519929885864,,,0.65165,0.51842,1,,,,,,,,,GP3HD,0.65165,0.51842,0.0901,0.36389,normalised
26.02961277961731,,,0.6577,0.54359,1,,,,,,,,,GP3HD,0.6577,0.54359,0.0901,0.36389,normalised
26.04668116569519,,,0.66652,0.56814,1,,,,,,,,,GP3HD,0.66652,0.56814,0.0901,0.36389,normalised
26.06448745727539,,,0.6737,0.58863,1,,,,,,,,,GP3HD,0.6737,0.58863,0.0901,0.36389,normalised
26.079365730285645,,,0.67862,0.60254,1,,,,,,,,,GP3HD,0.67862,0.60254,0.0901,0.36389,normalised
26.09532332420349,,,0.68355,0.61366,1,,,,,,,,,GP3HD,0.68355,0.61366,0.0901,0.36389,normalised
26.113195657730103,,,0.68533,0.61973,1,,,,,,,,,GP3HD,0.68533,0.61973,0.0901,0.36389,normalised
26.126972198486328,,,0.68646,0.62364,1,,,,,,,,,GP3HD,0.68646,0.62364,0.0901,0.36389,normalised
26.142709255218506,,,0.68475,0.6226,1,,,,,,,,,GP3HD,0.68475,0.6226,0.0901,0.36389,normalised
26.1591534614563,,,0.68214,0.62298,1,,,,,,,,,GP3HD,0.68214,0.62298,0.0901,0.36389,normalised
26.17569875717163,,,0.6905,0.66169,0,,,,,,,,,GP3HD,0.6905,0.66169,0.0901,0.36389,normalised
26.191689252853394,,,0.67689,0.65629,0,,,,,,,,,GP3HD,0.67689,0.65629,0.0901,0.36389,normalised
26.208059787750244,,,0.67575,0.67444,0,,,,,,,,,GP3HD,0.67575,0.67444,0.0901,0.36389,normalised
26.22400450706482,,,0.67545,0.68392,1,,,,,,,,,GP3HD,0.67545,0.68392,0.0901,0.36389,normalised
26.24058198928833,,,0.67738,0.68621,1,,,,,,,,,GP3HD,0.67738,0.68621,0.0901,0.36389,normalised
26.256118535995483,,,0.67391,0.67732,1,,,,,,,,,GP3HD,0.67391,0.67732,0.0901,0.36389,normalised
26.272468090057373,,,0.67099,0.66986,1,,,,,,,,,GP3HD,0.67099,0.66986,0.0901,0.36389,normalised
26.289346933364868,,,0.67196,0.66883,1,,,,,,,,,GP3HD,0.67196,0.66883,0.0901,0.36389,normalised
26.306328058242798,,,0.67424,0.67269,1,,,,,,,,,GP3HD,0.67424,0.67269,0.0901,0.36389,normalised
26.322112560272217,,,0.67642,0.67674,1,,,,,,,,,GP3HD,0.67642,0.67674,0.0901,0.36389,normalised
26.337510347366333,,,0.67766,0.67863,1,,,,,,,,,GP3HD,0.67766,0.67863,0.0901,0.36389,normalised
26.354400157928467,,,0.67933,0.67665,1,,,,,,,,,GP3HD,0.67933,0.67665,0.0901,0.36389,normalised
26.372269868850708,,,0.68049,0.67423,1,,,,,,,,,GP3HD,0.68049,0.67423,0.0901,0.36389,normalised
26.38633680343628,,,0.68225,0.67404,1,,,,,,,,,GP3HD,0.68225,0.67404,0.0901,0.36389,normalised
26.40232753753662,,,0.68365,0.67463,1,,,,,,,,,GP3HD,0.68365,0.67463,0.0901,0.36389,normalised
26.41774606704712,,,0.68512,0.67589,1,,,,,,,,,GP3HD,0.68512,0.67589,0.0901,0.36389,normalised
26.435813188552856,,,0.68507,0.67642,1,,,,,,,,,GP3HD,0.68507,0.67642,0.0901,0.36389,normalised
26.450986862182617,,,0.68448,0.67658,1,,,,,,,,,GP3HD,0.68448,0.67658,0.0901,0.36389,normalised
26.468493461608887,,,0.68404,0.67693,1,,,,,,,,,GP3HD,0.68404,0.67693,0.0901,0.36389,normalised
26.484985828399658,,,0.68327,0.67559,1,,,,,,,,,GP3HD,0.68327,0.67559,0.0901,0.36389,normalised
26.501699447631836,,,0.68198,0.67289,1,,,,,,,,,GP3HD,0.68198,0.67289,0.0901,0.36389,normalised
26.516443967819214,,,0.68061,0.66986,1,,,,,,,,,GP3HD,0.68061,0.66986,0.0901,0.36389,normalised
26.530880451202393,,,0.68068,0.67001,1,,,,,,,,,GP3HD,0.68068,0.67001,0.0901,0.36389,normalised
26.549299240112305,,,0.67956,0.66648,1,,,,,,,,,GP3HD,0.67956,0.66648,0.0901,0.36389,normalised
26.565801858901978,,,0.67853,0.66323,1,,,,,,,,,GP3HD,0.67853,0.66323,0.0901,0.36389,normalised
26.582319259643555,,,0.67881,0.66415,1,,,,,,,,,GP3HD,0.67881,0.66415,0.0901,0.36389,normalised
26.596494436264038,,,0.67907,0.66479,1,,,,,,,,,GP3HD,0.67907,0.66479,0.0901,0.36389,normalised
26.613909006118774,,,0.67931,0.66538,1,,,,,,,,,GP3HD,0.67931,0.66538,0.0901,0.36389,normalised
26.629791259765625,,,0.68018,0.66748,1,,,,,,,,,GP3HD,0.68018,0.66748,0.0901,0.36389,normalised
26.645296573638916,,,0.68171,0.66997,1,,,,,,,,,GP3HD,0.68171,0.66997,0.0901,0.36389,normalised
26.661004781723022,,,0.68309,0.67214,1,,,,,,,,,GP3HD,0.68309,0.67214,0.0901,0.36389,normalised
26.678799152374268,,,0.68308,0.67346,1,,,,,,,,,GP3HD,0.68308,0.67346,0.0901,0.36389,normalised
26.69540524482727,,,0.6824,0.6743,1,,,,,,,,,GP3HD,0.6824,0.6743,0.0901,0.36389,normalised
26.71007513999939,,,0.68177,0.67509,1,,,,,,,,,GP3HD,0.68177,0.67509,0.0901,0.36389,normalised
26.726964712142944,,,0.68181,0.67497,1,,,,,,,,,GP3HD,0.68181,0.67497,0.0901,0.36389,normalised
26.744556188583374,,,0.68215,0.67666,1,,,,,,,,,GP3HD,0.68215,0.67666,0.0901,0.36389,normalised
26.757697582244873,,,0.69084,0.71001,0,,,,,,,,,GP3HD,0.69084,0.71001,0.0901,0.36389,normalised
26.775461435317993,,,0.68224,0.70048,0,,,,,,,,,GP3HD,0.68224,0.70048,0.0901,0.36389,normalised
26.79133677482605,,,0.68457,0.70475,0,,,,,,,,,GP3HD,0.68457,0.70475,0.0901,0.36389,normalised
26.807190656661987,,,0.6867,0.70976,1,,,,,,,,,GP3HD,0.6867,0.70976,0.0901,0.36389,normalised
26.824751377105713,,,0.68717,0.7106,1,,,,,,,,,GP3HD,0.68717,0.7106,0.0901,0.36389,normalised
26.83827567100525,,,0.68626,0.71225,1,,,,,,,,,GP3HD,0.68626,0.71225,0.0901,0.36389,normalised
26.855608463287354,,,0.68561,0.71342,1,,,,,,,,,GP3HD,0.68561,0.71342,0.0901,0.36389,normalised
26.871662855148315,,,0.68555,0.71127,1,,,,,,,,,GP3HD,0.68555,0.71127,0.0901,0.36389,normalised
26.88735294342041,,,0.68698,0.71176,1,,,,,,,,,GP3HD,0.68698,0.71176,0.0901,0.36389,normalised
26.90355634689331,,,0.68797,0.71177,1,,,,,,,,,GP3HD,0.68797,0.71177,0.0901,0.36389,normalised
26.92012643814087,,,0.68853,0.70847,1,,,,,,,,,GP3HD,0.68853,0.70847,0.0901,0.36389,normalised
26.937164068222046,,,0.68746,0.70535,1,,,,,,,,,GP3HD,0.68746,0.70535,0.0901,0.36389,normalised
26.952966690063477,,,0.68664,0.70286,1,,,,,,,,,GP3HD,0.68664,0.70286,0.0901,0.36389,normalised
26.9680233001709,,,0.68536,0.70234,1,,,,,,,,,GP3HD,0.68536,0.70234,0.0901,0.36389,normalised
26.98455286026001,,,0.68405,0.70031,1,,,,,,,,,GP3HD,0.68405,0.70031,0.0901,0.36389,normalised
27.001132488250732,,,0.68282,0.69839,1,,,,,,,,,GP3HD,0.68282,0.69839,0.0901,0.36389,normalised
27.01889991760254,,,0.68298,0.69857,1,,,,,,,,,GP3HD,0.68298,0.69857,0.0901,0.36389,normalised
27.03363823890686,,,0.68201,0.6987,1,,,,,,,,,GP3HD,0.68201,0.6987,0.0901,0.36389,normalised
27.049049854278564,,,0.68133,0.69933,1,,,,,,,,,GP3HD,0.68133,0.69933,0.0901,0.36389,normalised
27.067001342773438,,,0.68069,0.69904,1,,,,,,,,,GP3HD,0.68069,0.69904,0.0901,0.36389,normalised
27.080734491348267,,,0.67999,0.69907,1,,,,,,,,,GP3HD,0.67999,0.69907,0.0901,0.36389,normalised
27.098026990890503,,,0.67917,0.6986,1,,,,,,,,,GP3HD,0.67917,0.6986,0.0901,0.36389,normalised
27.118727445602417,,,0.67994,0.70009,1,,,,,,,,,GP3HD,0.67994,0.70009,0.0901,0.36389,normalised
27.13123893737793,,,0.68091,0.70096,1,,,,,,,,,GP3HD,0.68091,0.70096,0.0901,0.36389,normalised
27.147987127304077,,,0.68181,0.70177,1,,,,,,,,,GP3HD,0.68181,0.70177,0.0901,0.36389,normalised
27.164604663848877,,,0.68308,0.7019,1,,,,,,,,,GP3HD,0.68308,0.7019,0.0901,0.36389,normalised
27.179128885269165,,,0.68394,0.70281,1,,,,,,,,,GP3HD,0.68394,0.70281,0.0901,0.36389,normalised
27.19625425338745,,,0.68481,0.70385,1,,,,,,,,,GP3HD,0.68481,0.70385,0.0901,0.36389,normalised
27.211018562316895,,,0.68538,0.70422,1,,,,,,,,,GP3HD,0.68538,0.70422,0.0901,0.36389,normalised
27.22787833213806,,,0.68562,0.70402,1,,,,,,,,,GP3HD,0.68562,0.70402,0.0901,0.36389,normalised
27.24272584915161,,,0.68572,0.70344,1,,,,,,,,,GP3HD,0.68572,0.70344,0.0901,0.36389,normalised
27.260186672210693,,,0.68583,0.70303,1,,,,,,,,,GP3HD,0.68583,0.70303,0.0901,0.36389,normalised
27.27497386932373,,,0.68582,0.70182,1,,,,,,,,,GP3HD,0.68582,0.70182,0.0901,0.36389,normalised
27.29155731201172,,,0.68581,0.70069,1,,,,,,,,,GP3HD,0.68581,0.70069,0.0901,0.36389,normalised
27.308446168899536,,,0.6862,0.69969,1,,,,,,,,,GP3HD,0.6862,0.69969,0.0901,0.36389,normalised
27.324378728866577,,,0.68692,0.69832,1,,,,,,,,,GP3HD,0.68692,0.69832,0.0901,0.36389,normalised
27.340057849884033,,,0.68772,0.69737,1,,,,,,,,,GP3HD,0.68772,0.69737,0.0901,0.36389,normalised
27.356069326400757,,,0.6878,0.69616,1,,,,,,,,,GP3HD,0.6878,0.69616,0.0901,0.36389,normalised
27.372655153274536,,,0.68724,0.69383,1,,,,,,,,,GP3HD,0.68724,0.69383,0.0901,0.36389,normalised
27.390109300613403,,,0.69118,0.66308,0,,,,,,,,,GP3HD,0.69118,0.66308,0.0901,0.36389,normalised
27.404825448989868,,,0.68823,0.66906,0,,,,,,,,,GP3HD,0.68823,0.66906,0.0901,0.36389,normalised
27.421644926071167,,,0.68085,0.66569,0,,,,,,,,,GP3HD,0.68085,0.66569,0.0901,0.36389,normalised
27.43792986869812,,,0.67722,0.66443,1,,,,,,,,,GP3HD,0.67722,0.66443,0.0901,0.36389,normalised
27.453612804412842,,,0.67603,0.66404,1,,,,,,,,,GP3HD,0.67603,0.66404,0.0901,0.36389,normalised
27.471532106399536,,,0.67104,0.66035,1,,,,,,,,,GP3HD,0.67104,0.66035,0.0901,0.36389,normalised
27.488743543624878,,,0.66775,0.65854,1,,,,,,,,,GP3HD,0.66775,0.65854,0.0901,0.36389,normalised
27.50253915786743,,,0.67053,0.66561,1,,,,,,,,,GP3HD,0.67053,0.66561,0.0901,0.36389,normalised
27.518791437149048,,,0.68773,0.69583,1,,,,,,,,,GP3HD,0.68773,0.69583,0.0901,0.36389,normalised
27.53680419921875,,,0.70084,0.71846,1,,,,,,,,,GP3HD,0.70084,0.71846,0.0901,0.36389,normalised
27.550714254379272,,,0.71314,0.73397,1,,,,,,,,,GP3HD,0.71314,0.73397,0.0901,0.36389,normalised
27.567676782608032,,,0.7226,0.74573,1,,,,,,,,,GP3HD,0.7226,0.74573,0.0901,0.36389,normalised
27.584128856658936,,,0.73061,0.75568,1,,,,,,,,,GP3HD,0.73061,0.75568,0.0901,0.36389,normalised
27.60061526298523,,,0.73754,0.76351,1,,,,,,,,,GP3HD,0.73754,0.76351,0.0901,0.36389,normalised
27.617446899414062,,,0.75488,0.79326,0,,,,,,,,,GP3HD,0.75488,0.79326,0.0901,0.36389,normalised
27.631978034973145,,,0.76705,0.81459,0,,,,,,,,,GP3HD,0.76705,0.81459,0.0901,0.36389,normalised
27.64781403541565,,,0.7064,0.71925,0,,,,,,,,,GP3HD,0.7064,0.71925,0.0901,0.36389,normalised
27.665906190872192,,,0.57404,0.53838,0,,,,,,,,,GP3HD,0.57404,0.53838,0.0901,0.36389,normalised
27.680320262908936,,,0.51631,0.46398,0,,,,,,,,,GP3HD,0.51631,0.46398,0.0901,0.36389,normalised
27.696599006652832,,,0.72566,0.62137,0,,,,,,,,,GP3HD,0.72566,0.62137,0.0901,0.36389,normalised
27.712665796279907,,,0.89485,0.74044,0,,,,,,,,,GP3HD,0.89485,0.74044,0.0901,0.36389,normalised
27.730281829833984,,,0.98829,0.81446,0,,,,,,,,,GP3HD,0.98829,0.81446,0.0901,0.36389,normalised
27.74525284767151,,,1.12537,0.94973,0,,,,,,,,,GP3HD,1.12537,0.94973,0.0901,0.36389,normalised
27.760896921157837,,,1.29475,1.13195,0,,,,,,,,,GP3HD,1.29475,1.13195,0.0901,0.36389,normalised
27.778369665145874,,,1.35069,1.20707,0,,,,,,,,,GP3HD,1.35069,1.20707,0.0901,0.36389,normalised
27.79284930229187,,,1.37854,1.21796,0,,,,,,,,,GP3HD,1.37854,1.21796,0.0901,0.36389,normalised
27.80990219116211,,,1.42562,1.24914,0,,,,,,,,,GP3HD,1.42562,1.24914,0.0901,0.36389,normalised
27.82750678062439,,,1.43081,1.23732,0,,,,,,,,,GP3HD,1.43081,1.23732,0.0901,0.36389,normalised
27.842589378356934,,,1.42398,1.22356,0,,,,,,,,,GP3HD,1.42398,1.22356,0.0901,0.36389,normalised
27.859856128692627,,,1.42281,1.22135,1,,,,,,,,,GP3HD,1.42281,1.22135,0.0901,0.36389,normalised
27.87336826324463,,,1.42212,1.22002,1,,,,,,,,,GP3HD,1.42212,1.22002,0.0901,0.36389,normalised
27.89066433906555,,,1.42448,1.22046,1,,,,,,,,,GP3HD,1.42448,1.22046,0.0901,0.36389,normalised
27.90655779838562,,,1.41882,1.21204,1,,,,,,,,,GP3HD,1.41882,1.21204,0.0901,0.36389,normalised
27.92224359512329,,,1.41446,1.20588,1,,,,,,,,,GP3HD,1.41446,1.20588,0.0901,0.36389,normalised
27.938457012176514,,,1.4163,1.20559,1,,,,,,,,,GP3HD,1.4163,1.20559,0.0901,0.36389,normalised
27.95453405380249,,,1.4132,1.20238,1,,,,,,,,,GP3HD,1.4132,1.20238,0.0901,0.36389,normalised
27.973413467407227,,,1.4105,1.20029,1,,,,,,,,,GP3HD,1.4105,1.20029,0.0901,0.36389,normalised
27.9879207611084,,,1.413,1.2031,1,,,,,,,,,GP3HD,1.413,1.2031,0.0901,0.36389,normalised
28.00390625,,,1.41111,1.19986,1,,,,,,,,,GP3HD,1.41111,1.19986,0.0901,0.36389,normalised
28.019954442977905,,,1.40957,1.19683,1,,,,,,,,,GP3HD,1.40957,1.19683,0.0901,0.36389,normalised
28.035887956619263,,,1.41276,1.19763,1,,,,,,,,,GP3HD,1.41276,1.19763,0.0901,0.36389,normalised
28.052125453948975,,,1.41254,1.19359,1,,,,,,,,,GP3HD,1.41254,1.19359,0.0901,0.36389,normalised
28.067842960357666,,,1.41249,1.1897,1,,,,,,,,,GP3HD,1.41249,1.1897,0.0901,0.36389,normalised
28.084446668624878,,,1.41418,1.1886,1,,,,,,,,,GP3HD,1.41418,1.1886,0.0901,0.36389,normalised
28.102436065673828,,,1.41829,1.18914,1,,,,,,,,,GP3HD,1.41829,1.18914,0.0901,0.36389,normalised
28.117965936660767,,,1.42192,1.18969,1,,,,,,,,,GP3HD,1.42192,1.18969,0.0901,0.36389,normalised
28.134631872177124,,,1.42289,1.18837,1,,,,,,,,,GP3HD,1.42289,1.18837,0.0901,0.36389,normalised
28.149648666381836,,,1.42387,1.18656,1,,,,,,,,,GP3HD,1.42387,1.18656,0.0901,0.36389,normalised
28.165194749832153,,,1.4247,1.18508,1,,,,,,,,,GP3HD,1.4247,1.18508,0.0901,0.36389,normalised
28.18196129798889,,,1.42545,1.18547,1,,,,,,,,,GP3HD,1.42545,1.18547,0.0901,0.36389,normalised
28.199617862701416,,,1.42671,1.18423,1,,,,,,,,,GP3HD,1.42671,1.18423,0.0901,0.36389,normalised
28.21320676803589,,,1.44934,1.16672,0,,,,,,,,,GP3HD,1.44934,1.16672,0.0901,0.36389,normalised
28.23010778427124,,,1.45456,1.1834,0,,,,,,,,,GP3HD,1.45456,1.1834,0.0901,0.36389,normalised
28.24677014350891,,,1.4584,1.18225,0,,,,,,,,,GP3HD,1.4584,1.18225,0.0901,0.36389,normalised
28.26386785507202,,,1.46018,1.18229,1,,,,,,,,,GP3HD,1.46018,1.18229,0.0901,0.36389,normalised
28.2798912525177,,,1.45857,1.18801,1,,,,,,,,,GP3HD,1.45857,1.18801,0.0901,0.36389,normalised
28.29562020301819,,,1.46793,1.19892,1,,,,,,,,,GP3HD,1.46793,1.19892,0.0901,0.36389,normalised
28.31084156036377,,,1.47473,1.20643,1,,,,,,,,,GP3HD,1.47473,1.20643,0.0901,0.36389,normalised
28.32870101928711,,,1.47532,1.20723,1,,,,,,,,,GP3HD,1.47532,1.20723,0.0901,0.36389,normalised
28.342650651931763,,,1.48113,1.20881,1,,,,,,,,,GP3HD,1.48113,1.20881,0.0901,0.36389,normalised
28.358731031417847,,,1.48591,1.20992,1,,,,,,,,,GP3HD,1.48591,1.20992,0.0901,0.36389,normalised
28.376515865325928,,,1.48173,1.20355,1,,,,,,,,,GP3HD,1.48173,1.20355,0.0901,0.36389,normalised
28.392255544662476,,,1.48204,1.19704,1,,,,,,,,,GP3HD,1.48204,1.19704,0.0901,0.36389,normalised
28.408220052719116,,,1.48222,1.19165,1,,,,,,,,,GP3HD,1.48222,1.19165,0.0901,0.36389,normalised
28.423518180847168,,,1.47948,1.18941,1,,,,,,,,,GP3HD,1.47948,1.18941,0.0901,0.36389,normalised
28.440635442733765,,,1.4776,1.18304,1,,,,,,,,,GP3HD,1.4776,1.18304,0.0901,0.36389,normalised
28.456923246383667,,,1.47588,1.17775,1,,,,,,,,,GP3HD,1.47588,1.17775,0.0901,0.36389,normalised
28.47310996055603,,,1.47384,1.17618,1,,,,,,,,,GP3HD,1.47384,1.17618,0.0901,0.36389,normalised
28.489073276519775,,,1.47171,1.17055,1,,,,,,,,,GP3HD,1.47171,1.17055,0.0901,0.36389,normalised
28.504997730255127,,,1.46981,1.16552,1,,,,,,,,,GP3HD,1.46981,1.16552,0.0901,0.36389,normalised
28.522881031036377,,,1.46466,1.13805,0,,,,,,,,,GP3HD,1.46466,1.13805,0.0901,0.36389,normalised
28.536656379699707,,,1.45516,1.13666,0,,,,,,,,,GP3HD,1.45516,1.13666,0.0901,0.36389,normalised
28.5553879737854,,,1.45199,1.1362,0,,,,,,,,,GP3HD,1.45199,1.1362,0.0901,0.36389,normalised
28.572234392166138,,,1.44958,1.14201,1,,,,,,,,,GP3HD,1.44958,1.14201,0.0901,0.36389,normalised
28.585794925689697,,,1.44969,1.14746,1,,,,,,,,,GP3HD,1.44969,1.14746,0.0901,0.36389,normalised
28.602722644805908,,,1.45003,1.15043,1,,,,,,,,,GP3HD,1.45003,1.15043,0.0901,0.36389,normalised
28.619077444076538,,,1.4471,1.15684,1,,,,,,,,,GP3HD,1.4471,1.15684,0.0901,0.36389,normalised
28.63434386253357,,,1.44022,1.15692,1,,,,,,,,,GP3HD,1.44022,1.15692,0.0901,0.36389,normalised
28.651754140853882,,,1.43488,1.15699,1,,,,,,,,,GP3HD,1.43488,1.15699,0.0901,0.36389,normalised
28.668547868728638,,,1.43242,1.15509,1,,,,,,,,,GP3HD,1.43242,1.15509,0.0901,0.36389,normalised
28.683279037475586,,,1.4308,1.1645,1,,,,,,,,,GP3HD,1.4308,1.1645,0.0901,0.36389,normalised
28.701016902923584,,,1.42929,1.17258,1,,,,,,,,,GP3HD,1.42929,1.17258,0.0901,0.36389,normalised
28.71486186981201,,,1.42909,1.17257,1,,,,,,,,,GP3HD,1.42909,1.17257,0.0901,0.36389,normalised
28.73244285583496,,,1.42853,1.17863,1,,,,,,,,,GP3HD,1.42853,1.17863,0.0901,0.36389,normalised
28.74885630607605,,,1.42791,1.18408,1,,,,,,,,,GP3HD,1.42791,1.18408,0.0901,0.36389,normalised
28.764613151550293,,,1.43014,1.18721,1,,,,,,,,,GP3HD,1.43014,1.18721,0.0901,0.36389,normalised
28.780339002609253,,,1.43128,1.18971,1,,,,,,,,,GP3HD,1.43128,1.18971,0.0901,0.36389,normalised
28.796409368515015,,,1.4324,1.19174,1,,,,,,,,,GP3HD,1.4324,1.19174,0.0901,0.36389,normalised
28.811644315719604,,,1.4329,1.19223,1,,,,,,,,,GP3HD,1.4329,1.19223,0.0901,0.36389,normalised
28.828934907913208,,,1.4326,1.19021,1,,,,,,,,,GP3HD,1.4326,1.19021,0.0901,0.36389,normalised
28.845550060272217,,,1.43228,1.18843,1,,,,,,,,,GP3HD,1.43228,1.18843,0.0901,0.36389,normalised
28.860663652420044,,,1.4305,1.21309,0,,,,,,,,,GP3HD,1.4305,1.21309,0.0901,0.36389,normalised
28.87671446800232,,,1.40505,1.15546,0,,,,,,,,,GP3HD,1.40505,1.15546,0.0901,0.36389,normalised
28.893645524978638,,,1.39655,1.13718,0,,,,,,,,,GP3HD,1.39655,1.13718,0.0901,0.36389,normalised
28.909743070602417,,,1.38467,1.10955,0,,,,,,,,,GP3HD,1.38467,1.10955,0.0901,0.36389,normalised
28.927001953125,,,1.39643,1.121,0,,,,,,,,,GP3HD,1.39643,1.121,0.0901,0.36389,normalised
28.944541692733765,,,1.40119,1.12215,0,,,,,,,,,GP3HD,1.40119,1.12215,0.0901,0.36389,normalised
28.959264039993286,,,1.39732,1.12306,1,,,,,,,,,GP3HD,1.39732,1.12306,0.0901,0.36389,normalised
28.974550485610962,,,1.39495,1.12048,1,,,,,,,,,GP3HD,1.39495,1.12048,0.0901,0.36389,normalised
28.99016809463501,,,1.39322,1.11897,1,,,,,,,,,GP3HD,1.39322,1.11897,0.0901,0.36389,normalised
29.005558252334595,,,1.39748,1.12639,1,,,,,,,,,GP3HD,1.39748,1.12639,0.0901,0.36389,normalised
29.023886680603027,,,1.40051,1.13055,1,,,,,,,,,GP3HD,1.40051,1.13055,0.0901,0.36389,normalised
29.039793014526367,,,1.40255,1.13463,1,,,,,,,,,GP3HD,1.40255,1.13463,0.0901,0.36389,normalised
29.05544686317444,,,1.40402,1.13995,1,,,,,,,,,GP3HD,1.40402,1.13995,0.0901,0.36389,normalised
29.071448802947998,,,1.40404,1.1543,1,,,,,,,,,GP3HD,1.40404,1.1543,0.0901,0.36389,normalised
29.089131832122803,,,1.40413,1.16615,1,,,,,,,,,GP3HD,1.40413,1.16615,0.0901,0.36389,normalised
29.10386896133423,,,1.40337,1.16631,1,,,,,,,,,GP3HD,1.40337,1.16631,0.0901,0.36389,normalised
29.121506452560425,,,1.40032,1.16332,1,,,,,,,,,GP3HD,1.40032,1.16332,0.0901,0.36389,normalised
29.13510298728943,,,1.39776,1.1603,1,,,,,,,,,GP3HD,1.39776,1.1603,0.0901,0.36389,normalised
29.153481245040894,,,1.39908,1.16106,1,,,,,,,,,GP3HD,1.39908,1.16106,0.0901,0.36389,normalised
29.169307470321655,,,1.39795,1.1621,1,,,,,,,,,GP3HD,1.39795,1.1621,0.0901,0.36389,normalised
29.185624361038208,,,1.39682,1.16326,1,,,,,,,,,GP3HD,1.39682,1.16326,0.0901,0.36389,normalised
29.201045989990234,,,1.39676,1.16384,1,,,,,,,,,GP3HD,1.39676,1.16384,0.0901,0.36389,normalised
29.21732234954834,,,1.39391,1.16258,1,,,,,,,,,GP3HD,1.39391,1.16258,0.0901,0.36389,normalised
29.232869863510132,,,1.39136,1.16149,1,,,,,,,,,GP3HD,1.39136,1.16149,0.0901,0.36389,normalised
29.249576091766357,,,1.39359,1.1647,1,,,,,,,,,GP3HD,1.39359,1.1647,0.0901,0.36389,normalised
29.26493525505066,,,1.39411,1.1663,1,,,,,,,,,GP3HD,1.39411,1.1663,0.0901,0.36389,normalised
29.282845973968506,,,1.39469,1.16751,1,,,,,,,,,GP3HD,1.39469,1.16751,0.0901,0.36389,normalised
29.29959487915039,,,1.39522,1.17007,1,,,,,,,,,GP3HD,1.39522,1.17007,0.0901,0.36389,normalised
29.315375566482544,,,1.39459,1.16887,1,,,,,,,,,GP3HD,1.39459,1.16887,0.0901,0.36389,normalised
29.3307523727417,,,1.39401,1.16776,1,,,,,,,,,GP3HD,1.39401,1.16776,0.0901,0.36389,normalised
29.34754180908203,,,1.3941,1.16678,1,,,,,,,,,GP3HD,1.3941,1.16678,0.0901,0.36389,normalised
29.363548040390015,,,1.39448,1.16636,1,,,,,,,,,GP3HD,1.39448,1.16636,0.0901,0.36389,normalised
29.37856101989746,,,1.39475,1.16613,1,,,,,,,,,GP3HD,1.39475,1.16613,0.0901,0.36389,normalised
29.39554214477539,,,1.3954,1.16887,1,,,,,,,,,GP3HD,1.3954,1.16887,0.0901,0.36389,normalised
29.412126064300537,,,1.39543,1.1695,1,,,,,,,,,GP3HD,1.39543,1.1695,0.0901,0.36389,normalised
29.427207708358765,,,1.39536,1.17032,1,,,,,,,,,GP3HD,1.39536,1.17032,0.0901,0.36389,normalised
29.443620443344116,,,1.39564,1.17363,1,,,,,,,,,GP3HD,1.39564,1.17363,0.0901,0.36389,normalised
29.461087942123413,,,1.39613,1.17511,1,,,,,,,,,GP3HD,1.39613,1.17511,0.0901,0.36389,normalised
29.47464370727539,,,1.39664,1.17642,1,,,,,,,,,GP3HD,1.39664,1.17642,0.0901,0.36389,normalised
29.492637157440186,,,1.39552,1.1791,1,,,,,,,,,GP3HD,1.39552,1.1791,0.0901,0.36389,normalised
29.5073082447052,,,1.39814,1.21663,0,,,,,,,,,GP3HD,1.39814,1.21663,0.0901,0.36389,normalised
29.524799346923828,,,1.40162,1.28894,0,,,,,,,,,GP3HD,1.40162,1.28894,0.0901,0.36389,normalised
29.540490865707397,,,1.41188,1.31643,0,,,,,,,,,GP3HD,1.41188,1.31643,0.0901,0.36389,normalised
29.55734086036682,,,1.42438,1.36721,0,,,,,,,,,GP3HD,1.42438,1.36721,0.0901,0.36389,normalised
29.573339462280273,,,1.43002,1.36809,0,,,,,,,,,GP3HD,1.43002,1.36809,0.0901,0.36389,normalised
29.590338945388794,,,1.42128,1.34927,0,,,,,,,,,GP3HD,1.42128,1.34927,0.0901,0.36389,normalised
29.605067014694214,,,1.41354,1.34594,1,,,,,,,,,GP3HD,1.41354,1.34594,0.0901,0.36389,normalised
29.621925830841064,,,1.40908,1.34377,1,,,,,,,,,GP3HD,1.40908,1.34377,0.0901,0.36389,normalised
29.636872053146362,,,1.40936,1.34052,1,,,,,,,,,GP3HD,1.40936,1.34052,0.0901,0.36389,normalised
29.65428352355957,,,1.40152,1.33457,1,,,,,,,,,GP3HD,1.40152,1.33457,0.0901,0.36389,normalised
29.670013427734375,,,1.39582,1.32983,1,,,,,,,,,GP3HD,1.39582,1.32983,0.0901,0.36389,normalised
29.687010765075684,,,1.39502,1.32637,1,,,,,,,,,GP3HD,1.39502,1.32637,0.0901,0.36389,normalised
29.70167565345764,,,1.39307,1.32259,1,,,,,,,,,GP3HD,1.39307,1.32259,0.0901,0.36389,normalised
29.717538356781006,,,1.39139,1.31958,1,,,,,,,,,GP3HD,1.39139,1.31958,0.0901,0.36389,normalised
29.73379683494568,,,1.39174,1.31592,1,,,,,,,,,GP3HD,1.39174,1.31592,0.0901,0.36389,normalised
29.750367164611816,,,1.38992,1.31397,1,,,,,,,,,GP3HD,1.38992,1.31397,0.0901,0.36389,normalised
29.766389846801758,,,1.3882,1.31259,1,,,,,,,,,GP3HD,1.3882,1.31259,0.0901,0.36389,normalised
29.784088134765625,,,1.38799,1.31325,1,,,,,,,,,GP3HD,1.38799,1.31325,0.0901,0.36389,normalised
29.79885244369507,,,1.38626,1.31323,1,,,,,,,,,GP3HD,1.38626,1.31323,0.0901,0.36389,normalised
29.815667152404785,,,1.38463,1.31335,1,,,,,,,,,GP3HD,1.38463,1.31335,0.0901,0.36389,normalised
29.83326268196106,,,1.38672,1.3162,1,,,,,,,,,GP3HD,1.38672,1.3162,0.0901,0.36389,normalised
29.84820532798767,,,1.38567,1.31745,1,,,,,,,,,GP3HD,1.38567,1.31745,0.0901,0.36389,normalised
29.864198923110962,,,1.38473,1.31858,1,,,,,,,,,GP3HD,1.38473,1.31858,0.0901,0.36389,normalised
29.881911039352417,,,1.38477,1.31909,1,,,,,,,,,GP3HD,1.38477,1.31909,0.0901,0.36389,normalised
29.897363424301147,,,1.38548,1.321,1,,,,,,,,,GP3HD,1.38548,1.321,0.0901,0.36389,normalised
29.914138078689575,,,1.3862,1.32266,1,,,,,,,,,GP3HD,1.3862,1.32266,0.0901,0.36389,normalised
29.930071353912354,,,1.38758,1.32253,1,,,,,,,,,GP3HD,1.38758,1.32253,0.0901,0.36389,normalised
29.944956064224243,,,1.38745,1.32224,1,,,,,,,,,GP3HD,1.38745,1.32224,0.0901,0.36389,normalised
29.959909915924072,,,1.3874,1.32188,1,,,,,,,,,GP3HD,1.3874,1.32188,0.0901,0.36389,normalised
29.977306842803955,,,1.38728,1.31973,1,,,,,,,,,GP3HD,1.38728,1.31973,0.0901,0.36389,normalised
29.993454694747925,,,1.38707,1.3187,1,,,,,,,,,GP3HD,1.38707,1.3187,0.0901,0.36389,normalised
30.010988473892212,,,1.38686,1.31773,1,,,,,,,,,GP3HD,1.38686,1.31773,0.0901,0.36389,normalised
30.025901794433594,,,1.38724,1.31645,1,,,,,,,,,GP3HD,1.38724,1.31645,0.0901,0.36389,normalised
30.043865442276,,,1.38621,1.31391,1,,,,,,,,,GP3HD,1.38621,1.31391,0.0901,0.36389,normalised
30.05788493156433,,,1.38521,1.31156,1,,,,,,,,,GP3HD,1.38521,1.31156,0.0901,0.36389,normalised
30.0732204914093,,,1.38539,1.31075,1,,,,,,,,,GP3HD,1.38539,1.31075,0.0901,0.36389,normalised
30.09091591835022,,,1.38626,1.31037,1,,,,,,,,,GP3HD,1.38626,1.31037,0.0901,0.36389,normalised
30.105420112609863,,,1.38704,1.31008,1,,,,,,,,,GP3HD,1.38704,1.31008,0.0901,0.36389,normalised
30.122899293899536,,,1.38774,1.31037,1,,,,,,,,,GP3HD,1.38774,1.31037,0.0901,0.36389,normalised
30.13916516304016,,,1.39089,1.28238,0,,,,,,,,,GP3HD,1.39089,1.28238,0.0901,0.36389,normalised
30.156772136688232,,,1.40454,1.27688,0,,,,,,,,,GP3HD,1.40454,1.27688,0.0901,0.36389,normalised
30.17162251472473,,,1.41569,1.29816,0,,,,,,,,,GP3HD,1.41569,1.29816,0.0901,0.36389,normalised
30.18848967552185,,,1.42477,1.27954,1,,,,,,,,,GP3HD,1.42477,1.27954,0.0901,0.36389,normalised
30.20280647277832,,,1.43059,1.26767,1,,,,,,,,,GP3HD,1.43059,1.26767,0.0901,0.36389,normalised
30.220738649368286,,,1.43001,1.26928,1,,,,,,,,,GP3HD,1.43001,1.26928,0.0901,0.36389,normalised
30.236896991729736,,,1.43483,1.27448,1,,,,,,,,,GP3HD,1.43483,1.27448,0.0901,0.36389,normalised
30.252437114715576,,,1.43792,1.27902,1,,,,,,,,,GP3HD,1.43792,1.27902,0.0901,0.36389,normalised
30.26825451850891,,,1.43517,1.27042,1,,,,,,,,,GP3HD,1.43517,1.27042,0.0901,0.36389,normalised
30.28525185585022,,,1.43266,1.2626,1,,,,,,,,,GP3HD,1.43266,1.2626,0.0901,0.36389,normalised
30.301923513412476,,,1.43061,1.25621,1,,,,,,,,,GP3HD,1.43061,1.25621,0.0901,0.36389,normalised
30.320111513137817,,,1.47216,1.30407,1,,,,,,,,,GP3HD,1.47216,1.30407,0.0901,0.36389,normalised
30.331801176071167,,,1.36281,1.1146,1,,,,,,,,,GP3HD,1.36281,1.1146,0.0901,0.36389,normalised
30.348461151123047,,,1.36281,1.1146,1,,,,,,,,,GP3HD,1.36281,1.1146,0.0901,0.36389,normalised
30.368236541748047,,,1.36281,1.1146,1,,,,,,,,,GP3HD,1.36281,1.1146,0.0901,0.36389,normalised
30.38483738899231,,,1.36281,1.1146,1,,,,,,,,,GP3HD,1.36281,1.1146,0.0901,0.36389,normalised
30.402374982833862,,,1.36047,1.10062,0,,,,,,,,,GP3HD,1.36047,1.10062,0.0901,0.36389,normalised
30.417759656906128,,,1.36047,1.10062,0,,,,,,,,,GP3HD,1.36047,1.10062,0.0901,0.36389,normalised
30.434812307357788,,,1.36047,1.10062,0,,,,,,,,,GP3HD,1.36047,1.10062,0.0901,0.36389,normalised
30.44946837425232,,,0.0,0.0,0,,,,,,,,,GP3HD,0.0,0.0,0.0901,0.36389,normalised
30.465944051742554,,,0.0,0.0,0,,,,,,,,,GP3HD,0.0,0.0,0.0901,0.36389,normalised
30.480679035186768,,,0.0,0.0,0,,,,,,,,,GP3HD,0.0,0.0,0.0901,0.36389,normalised
30.49854826927185,,,0.0,0.0,0,,,,,,,,,GP3HD,0.0,0.0,0.0901,0.36389,normalised
30.515341758728027,,,0.0,0.0,0,,,,,,,,,GP3HD,0.0,0.0,0.0901,0.36389,normalised
30.53054928779602,,,0.0,0.0,0,,,,,,,,,GP3HD,0.0,0.0,0.0901,0.36389,normalised
30.549779176712036,,,0.0,0.0,0,,,,,,,,,GP3HD,0.0,0.0,0.0901,0.36389,normalised
30.56585144996643,,,0.0,0.0,0,,,,,,,,,GP3HD,0.0,0.0,0.0901,0.36389,normalised
30.582025289535522,,,0.0,0.0,0,,,,,,,,,GP3HD,0.0,0.0,0.0901,0.36389,normalised
30.59675145149231,,,0.68344,-0.11156,0,,,,,,,,,GP3HD,0.68344,-0.11156,0.0901,0.36389,normalised
30.607151746749878,,,0.91357,0.47237,0,,,,,,,,,GP3HD,0.91357,0.47237,0.0901,0.36389,normalised
30.62398099899292,,,0.98877,0.6714,0,,,,,,,,,GP3HD,0.98877,0.6714,0.0901,0.36389,normalised
30.639687538146973,,,1.14042,1.06687,0,,,,,,,,,GP3HD,1.14042,1.06687,0.0901,0.36389,normalised
30.658282041549683,,,1.20265,1.07662,0,,,,,,,,,GP3HD,1.20265,1.07662,0.0901,0.36389,normalised
30.671842336654663,,,1.27312,1.10652,0,,,,,,,,,GP3HD,1.27312,1.10652,0.0901,0.36389,normalised
30.68938422203064,,,1.36371,1.14157,0,,,,,,,,,GP3HD,1.36371,1.14157,0.0901,0.36389,normalised
30.705209255218506,,,1.09626,0.97557,0,,,,,,,,,GP3HD,1.09626,0.97557,0.0901,0.36389,normalised
30.721068859100342,,,1.00738,0.91741,0,,,,,,,,,GP3HD,1.00738,0.91741,0.0901,0.36389,normalised
30.736923456192017,,,0.82892,0.80272,0,,,,,,,,,GP3HD,0.82892,0.80272,0.0901,0.36389,normalised
30.753828048706055,,,0.84635,0.8241,0,,,,,,,,,GP3HD,0.84635,0.8241,0.0901,0.36389,normalised
30.768834829330444,,,0.85562,0.83457,0,,,,,,,,,GP3HD,0.85562,0.83457,0.0901,0.36389,normalised
30.78553557395935,,,0.86026,0.83978,1,,,,,,,,,GP3HD,0.86026,0.83978,0.0901,0.36389,normalised
30.80200505256653,,,0.86344,0.84022,1,,,,,,,,,GP3HD,0.86344,0.84022,0.0901,0.36389,normalised
30.819891691207886,,,0.88004,0.84831,1,,,,,,,,,GP3HD,0.88004,0.84831,0.0901,0.36389,normalised
30.83470606803894,,,0.89189,0.85408,1,,,,,,,,,GP3HD,0.89189,0.85408,0.0901,0.36389,normalised
30.852773666381836,,,0.84864,0.78349,1,,,,,,,,,GP3HD,0.84864,0.78349,0.0901,0.36389,normalised
30.867156744003296,,,0.82225,0.74188,1,,,,,,,,,GP3HD,0.82225,0.74188,0.0901,0.36389,normalised
30.882047653198242,,,0.80117,0.70877,1,,,,,,,,,GP3HD,0.80117,0.70877,0.0901,0.36389,normalised
30.900114059448242,,,0.79001,0.68271,1,,,,,,,,,GP3HD,0.79001,0.68271,0.0901,0.36389,normalised
30.915387868881226,,,0.79396,0.66989,1,,,,,,,,,GP3HD,0.79396,0.66989,0.0901,0.36389,normalised
30.932647466659546,,,0.79759,0.66012,1,,,,,,,,,GP3HD,0.79759,0.66012,0.0901,0.36389,normalised
30.94922184944153,,,0.7525,0.592,0,,,,,,,,,GP3HD,0.7525,0.592,0.0901,0.36389,normalised
30.96390414237976,,,0.59416,0.42878,0,,,,,,,,,GP3HD,0.59416,0.42878,0.0901,0.36389,normalised
30.982352256774902,,,0.54322,0.37963,0,,,,,,,,,GP3HD,0.54322,0.37963,0.0901,0.36389,normalised
30.997085571289062,,,0.42312,0.25949,0,,,,,,,,,GP3HD,0.42312,0.25949,0.0901,0.36389,normalised
31.013521194458008,,,0.45755,0.32503,0,,,,,,,,,GP3HD,0.45755,0.32503,0.0901,0.36389,normalised
31.028157472610474,,,0.46802,0.34397,0,,,,,,,,,GP3HD,0.46802,0.34397,0.0901,0.36389,normalised
31.045976877212524,,,0.44478,0.31288,1,,,,,,,,,GP3HD,0.44478,0.31288,0.0901,0.36389,normalised
31.061577320098877,,,0.44475,0.30885,1,,,,,,,,,GP3HD,0.44475,0.30885,0.0901,0.36389,normalised
31.07923913002014,,,0.44332,0.30208,1,,,,,,,,,GP3HD,0.44332,0.30208,0.0901,0.36389,normalised
31.095388889312744,,,0.42998,0.28227,1,,,,,,,,,GP3HD,0.42998,0.28227,0.0901,0.36389,normalised
31.110080003738403,,,0.42588,0.27149,1,,,,,,,,,GP3HD,0.42588,0.27149,0.0901,0.36389,normalised
31.126781463623047,,,0.42239,0.26223,1,,,,,,,,,GP3HD,0.42239,0.26223,0.0901,0.36389,normalised
31.144556522369385,,,0.41193,0.24504,1,,,,,,,,,GP3HD,0.41193,0.24504,0.0901,0.36389,normalised
31.160348653793335,,,0.40651,0.23797,1,,,,,,,,,GP3HD,0.40651,0.23797,0.0901,0.36389,normalised
31.17506766319275,,,0.40226,0.23294,1,,,,,,,,,GP3HD,0.40226,0.23294,0.0901,0.36389,normalised
31.19366693496704,,,0.39972,0.23403,1,,,,,,,,,GP3HD,0.39972,0.23403,0.0901,0.36389,normalised
31.208428859710693,,,0.39858,0.24002,1,,,,,,,,,GP3HD,0.39858,0.24002,0.0901,0.36389,normalised
31.22426700592041,,,0.38013,0.22092,0,,,,,,,,,GP3HD,0.38013,0.22092,0.0901,0.36389,normalised
31.24124312400818,,,0.37132,0.23506,0,,,,,,,,,GP3HD,0.37132,0.23506,0.0901,0.36389,normalised
31.257134437561035,,,0.36667,0.24086,0,,,,,,,,,GP3HD,0.36667,0.24086,0.0901,0.36389,normalised
31.271677255630493,,,0.36448,0.24421,1,,,,,,,,,GP3HD,0.36448,0.24421,0.0901,0.36389,normalised
31.288283586502075,,,0.36514,0.24533,1,,,,,,,,,GP3HD,0.36514,0.24533,0.0901,0.36389,normalised
31.305270195007324,,,0.36573,0.25554,1,,,,,,,,,GP3HD,0.36573,0.25554,0.0901,0.36389,normalised
31.32315468788147,,,0.36614,0.26281,1,,,,,,,,,GP3HD,0.36614,0.26281,0.0901,0.36389,normalised
31.3362877368927,,,0.36745,0.26528,1,,,,,,,,,GP3HD,0.36745,0.26528,0.0901,0.36389,normalised
31.354912996292114,,,0.36498,0.26566,1,,,,,,,,,GP3HD,0.36498,0.26566,0.0901,0.36389,normalised
31.370099306106567,,,0.36269,0.26507,1,,,,,,,,,GP3HD,0.36269,0.26507,0.0901,0.36389,normalised
31.386600732803345,,,0.36174,0.26397,1,,,,,,,,,GP3HD,0.36174,0.26397,0.0901,0.36389,normalised
31.40102744102478,,,0.36043,0.26746,1,,,,,,,,,GP3HD,0.36043,0.26746,0.0901,0.36389,normalised
31.416788339614868,,,0.35932,0.27042,1,,,,,,,,,GP3HD,0.35932,0.27042,0.0901,0.36389,normalised
31.43567657470703,,,0.35859,0.26788,1,,,,,,,,,GP3HD,0.35859,0.26788,0.0901,0.36389,normalised
31.45219874382019,,,0.35711,0.26759,1,,,,,,,,,GP3HD,0.35711,0.26759,0.0901,0.36389,normalised
31.466012954711914,,,0.35581,0.26734,1,,,,,,,,,GP3HD,0.35581,0.26734,0.0901,0.36389,normalised
31.484387636184692,,,0.35553,0.26541,1,,,,,,,,,GP3HD,0.35553,0.26541,0.0901,0.36389,normalised
31.498188734054565,,,0.35511,0.26314,1,,,,,,,,,GP3HD,0.35511,0.26314,0.0901,0.36389,normalised
31.514970064163208,,,0.35491,0.26159,1,,,,,,,,,GP3HD,0.35491,0.26159,0.0901,0.36389,normalised
31.5326886177063,,,0.35602,0.26197,1,,,,,,,,,GP3HD,0.35602,0.26197,0.0901,0.36389,normalised
31.548283576965332,,,0.35733,0.26304,1,,,,,,,,,GP3HD,0.35733,0.26304,0.0901,0.36389,normalised
31.565042734146118,,,0.35852,0.264,1,,,,,,,,,GP3HD,0.35852,0.264,0.0901,0.36389,normalised
31.579730987548828,,,0.35951,0.26422,1,,,,,,,,,GP3HD,0.35951,0.26422,0.0901,0.36389,normalised
31.596576929092407,,,0.36019,0.26213,1,,,,,,,,,GP3HD,0.36019,0.26213,0.0901,0.36389,normalised
31.611355781555176,,,0.36059,0.25951,1,,,,,,,,,GP3HD,0.36059,0.25951,0.0901,0.36389,normalised
31.62952446937561,,,0.36073,0.25715,1,,,,,,,,,GP3HD,0.36073,0.25715,0.0901,0.36389,normalised
31.645310878753662,,,0.36075,0.25242,1,,,,,,,,,GP3HD,0.36075,0.25242,0.0901,0.36389,normalised
31.662542581558228,,,0.36739,0.22227,0,,,,,,,,,GP3HD,0.36739,0.22227,0.0901,0.36389,normalised
31.67818570137024,,,0.35757,0.18921,0,,,,,,,,,GP3HD,0.35757,0.18921,0.0901,0.36389,normalised
31.69411015510559,,,0.36028,0.1791,0,,,,,,,,,GP3HD,0.36028,0.1791,0.0901,0.36389,normalised
31.710768222808838,,,0.3623,0.17605,1,,,,,,,,,GP3HD,0.3623,0.17605,0.0901,0.36389,normalised
31.727293014526367,,,0.36116,0.18176,1,,,,,,,,,GP3HD,0.36116,0.18176,0.0901,0.36389,normalised
31.74219584465027,,,0.36142,0.1769,1,,,,,,,,,GP3HD,0.36142,0.1769,0.0901,0.36389,normalised
31.756759643554688,,,0.36123,0.17227,1,,,,,,,,,GP3HD,0.36123,0.17227,0.0901,0.36389,normalised
31.77341318130493,,,0.36118,0.17358,1,,,,,,,,,GP3HD,0.36118,0.17358,0.0901,0.36389,normalised
31.78994393348694,,,0.36038,0.17174,1,,,,,,,,,GP3HD,0.36038,0.17174,0.0901,0.36389,normalised
31.80573034286499,,,0.35948,0.16949,1,,,,,,,,,GP3HD,0.35948,0.16949,0.0901,0.36389,normalised
31.82214665412903,,,0.35995,0.17001,1,,,,,,,,,GP3HD,0.35995,0.17001,0.0901,0.36389,normalised
31.8389732837677,,,0.36043,0.16927,1,,,,,,,,,GP3HD,0.36043,0.16927,0.0901,0.36389,normalised
31.855993270874023,,,0.36084,0.16864,1,,,,,,,,,GP3HD,0.36084,0.16864,0.0901,0.36389,normalised
31.871689319610596,,,0.36084,0.1714,1,,,,,,,,,GP3HD,0.36084,0.1714,0.0901,0.36389,normalised
31.88842797279358,,,0.36088,0.17177,1,,,,,,,,,GP3HD,0.36088,0.17177,0.0901,0.36389,normalised
31.906023025512695,,,0.36096,0.17225,1,,,,,,,,,GP3HD,0.36096,0.17225,0.0901,0.36389,normalised
31.919999361038208,,,0.36137,0.17584,1,,,,,,,,,GP3HD,0.36137,0.17584,0.0901,0.36389,normalised
31.93757724761963,,,0.36238,0.17935,1,,,,,,,,,GP3HD,0.36238,0.17935,0.0901,0.36389,normalised
31.952287197113037,,,0.36353,0.18314,1,,,,,,,,,GP3HD,0.36353,0.18314,0.0901,0.36389,normalised
31.968225240707397,,,0.3638,0.18693,1,,,,,,,,,GP3HD,0.3638,0.18693,0.0901,0.36389,normalised
31.982895374298096,,,0.36445,0.18992,1,,,,,,,,,GP3HD,0.36445,0.18992,0.0901,0.36389,normalised
32.002405643463135,,,0.36505,0.19266,1,,,,,,,,,GP3HD,0.36505,0.19266,0.0901,0.36389,normalised
32.01710343360901,,,0.36584,0.19574,1,,,,,,,,,GP3HD,0.36584,0.19574,0.0901,0.36389,normalised
32.03264570236206,,,0.37247,0.22586,0,,,,,,,,,GP3HD,0.37247,0.22586,0.0901,0.36389,normalised
32.049201250076294,,,0.37518,0.22899,0,,,,,,,,,GP3HD,0.37518,0.22899,0.0901,0.36389,normalised
32.06559467315674,,,0.37455,0.23073,0,,,,,,,,,GP3HD,0.37455,0.23073,0.0901,0.36389,normalised
32.08230924606323,,,0.37572,0.2312,1,,,,,,,,,GP3HD,0.37572,0.2312,0.0901,0.36389,normalised
32.097139835357666,,,0.37591,0.22998,1,,,,,,,,,GP3HD,0.37591,0.22998,0.0901,0.36389,normalised
32.113389015197754,,,0.37595,0.22871,1,,,,,,,,,GP3HD,0.37595,0.22871,0.0901,0.36389,normalised
32.130066871643066,,,0.37549,0.22443,1,,,,,,,,,GP3HD,0.37549,0.22443,0.0901,0.36389,normalised
32.14701318740845,,,0.37514,0.22123,1,,,,,,,,,GP3HD,0.37514,0.22123,0.0901,0.36389,normalised
32.162495374679565,,,0.3732,0.21725,1,,,,,,,,,GP3HD,0.3732,0.21725,0.0901,0.36389,normalised
32.17832064628601,,,0.3722,0.21516,1,,,,,,,,,GP3HD,0.3722,0.21516,0.0901,0.36389,normalised
32.196136474609375,,,0.37131,0.2132,1,,,,,,,,,GP3HD,0.37131,0.2132,0.0901,0.36389,normalised
32.21198534965515,,,0.36947,0.21162,1,,,,,,,,,GP3HD,0.36947,0.21162,0.0901,0.36389,normalised
32.22857880592346,,,0.36787,0.20991,1,,,,,,,,,GP3HD,0.36787,0.20991,0.0901,0.36389,normalised
32.24225926399231,,,0.36631,0.20787,1,,,,,,,,,GP3HD,0.36631,0.20787,0.0901,0.36389,normalised
32.25835609436035,,,0.36403,0.20575,1,,,,,,,,,GP3HD,0.36403,0.20575,0.0901,0.36389,normalised
32.27387452125549,,,0.36217,0.20374,1,,,,,,,,,GP3HD,0.36217,0.20374,0.0901,0.36389,normalised
32.2912061214447,,,0.36058,0.20212,1,,,,,,,,,GP3HD,0.36058,0.20212,0.0901,0.36389,normalised
32.3082230091095,,,0.35963,0.20176,1,,,,,,,,,GP3HD,0.35963,0.20176,0.0901,0.36389,normalised
32.321823596954346,,,0.35824,0.20164,1,,,,,,,,,GP3HD,0.35824,0.20164,0.0901,0.36389,normalised
32.3387508392334,,,0.35717,0.20205,1,,,,,,,,,GP3HD,0.35717,0.20205,0.0901,0.36389,normalised
32.35596799850464,,,0.35711,0.2031,1,,,,,,,,,GP3HD,0.35711,0.2031,0.0901,0.36389,normalised
32.37294936180115,,,0.35686,0.20433,1,,,,,,,,,GP3HD,0.35686,0.20433,0.0901,0.36389,normalised
32.38769459724426,,,0.35671,0.20566,1,,,,,,,,,GP3HD,0.35671,0.20566,0.0901,0.36389,normalised
32.405547857284546,,,0.35705,0.20726,1,,,,,,,,,GP3HD,0.35705,0.20726,0.0901,0.36389,normalised
32.41992378234863,,,0.35717,0.2078,1,,,,,,,,,GP3HD,0.35717,0.2078,0.0901,0.36389,normalised
32.43753147125244,,,0.35717,0.20801,1,,,,,,,,,GP3HD,0.35717,0.20801,0.0901,0.36389,normalised
32.45325422286987,,,0.35676,0.20888,1,,,,,,,,,GP3HD,0.35676,0.20888,0.0901,0.36389,normalised
32.469592809677124,,,0.35648,0.20929,1,,,,,,,,,GP3HD,0.35648,0.20929,0.0901,0.36389,normalised
32.48726177215576,,,0.35625,0.20976,1,,,,,,,,,GP3HD,0.35625,0.20976,0.0901,0.36389,normalised
32.501264333724976,,,0.35603,0.21027,1,,,,,,,,,GP3HD,0.35603,0.21027,0.0901,0.36389,normalised
32.517786741256714,,,0.35593,0.21103,1,,,,,,,,,GP3HD,0.35593,0.21103,0.0901,0.36389,normalised
32.53232192993164,,,0.3559,0.2119,1,,,,,,,,,GP3HD,0.3559,0.2119,0.0901,0.36389,normalised
32.55109643936157,,,0.35625,0.2132,1,,,,,,,,,GP3HD,0.35625,0.2132,0.0901,0.36389,normalised
32.56732225418091,,,0.35664,0.21427,1,,,,,,,,,GP3HD,0.35664,0.21427,0.0901,0.36389,normalised
32.58340859413147,,,0.35692,0.21507,1,,,,,,,,,GP3HD,0.35692,0.21507,0.0901,0.36389,normalised
32.59918022155762,,,0.35716,0.21565,1,,,,,,,,,GP3HD,0.35716,0.21565,0.0901,0.36389,normalised
32.6157488822937,,,0.3575,0.21672,1,,,,,,,,,GP3HD,0.3575,0.21672,0.0901,0.36389,normalised
32.63266968727112,,,0.35783,0.21774,1,,,,,,,,,GP3HD,0.35783,0.21774,0.0901,0.36389,normalised
32.64632034301758,,,0.35792,0.21849,1,,,,,,,,,GP3HD,0.35792,0.21849,0.0901,0.36389,normalised
32.664692878723145,,,0.35818,0.21942,1,,,,,,,,,GP3HD,0.35818,0.21942,0.0901,0.36389,normalised
32.680681467056274,,,0.36371,0.24577,0,,,,,,,,,GP3HD,0.36371,0.24577,0.0901,0.36389,normalised
32.69518971443176,,,0.36663,0.2402,0,,,,,,,,,GP3HD,0.36663,0.2402,0.0901,0.36389,normalised
32.714070320129395,,,0.3669,0.23995,0,,,,,,,,,GP3HD,0.3669,0.23995,0.0901,0.36389,normalised
32.727843284606934,,,0.36785,0.24226,1,,,,,,,,,GP3HD,0.36785,0.24226,0.0901,0.36389,normalised
32.744590520858765,,,0.36786,0.24283,1,,,,,,,,,GP3HD,0.36786,0.24283,0.0901,0.36389,normalised
32.760947704315186,,,0.36822,0.24403,1,,,,,,,,,GP3HD,0.36822,0.24403,0.0901,0.36389,normalised
32.77844285964966,,,0.36915,0.24668,1,,,,,,,,,GP3HD,0.36915,0.24668,0.0901,0.36389,normalised
32.79273843765259,,,0.37037,0.2504,1,,,,,,,,,GP3HD,0.37037,0.2504,0.0901,0.36389,normalised
32.809179067611694,,,0.3695,0.2493,1,,,,,,,,,GP3HD,0.3695,0.2493,0.0901,0.36389,normalised
32.82559275627136,,,0.36828,0.24692,1,,,,,,,,,GP3HD,0.36828,0.24692,0.0901,0.36389,normalised
32.84242606163025,,,0.36807,0.24617,1,,,,,,,,,GP3HD,0.36807,0.24617,0.0901,0.36389,normalised
32.858343839645386,,,0.36771,0.24453,1,,,,,,,,,GP3HD,0.36771,0.24453,0.0901,0.36389,normalised
32.87407422065735,,,0.36721,0.24256,1,,,,,,,,,GP3HD,0.36721,0.24256,0.0901,0.36389,normalised
32.889697551727295,,,0.36651,0.24104,1,,,,,,,,,GP3HD,0.36651,0.24104,0.0901,0.36389,normalised
32.90692472457886,,,0.36572,0.24017,1,,,,,,,,,GP3HD,0.36572,0.24017,0.0901,0.36389,normalised
32.92288661003113,,,0.36508,0.23957,1,,,,,,,,,GP3HD,0.36508,0.23957,0.0901,0.36389,normalised
32.93771004676819,,,0.36435,0.24022,1,,,,,,,,,GP3HD,0.36435,0.24022,0.0901,0.36389,normalised
32.95573806762695,,,0.3638,0.24013,1,,,,,,,,,GP3HD,0.3638,0.24013,0.0901,0.36389,normalised
32.97132134437561,,,0.36354,0.24069,1,,,,,,,,,GP3HD,0.36354,0.24069,0.0901,0.36389,normalised
32.98714566230774,,,0.36359,0.24184,1,,,,,,,,,GP3HD,0.36359,0.24184,0.0901,0.36389,normalised
33.00292444229126,,,0.36343,0.24119,1,,,,,,,,,GP3HD,0.36343,0.24119,0.0901,0.36389,normalised
33.01801919937134,,,0.36329,0.2406,1,,,,,,,,,GP3HD,0.36329,0.2406,0.0901,0.36389,normalised
33.036110639572144,,,0.3637,0.24107,1,,,,,,,,,GP3HD,0.3637,0.24107,0.0901,0.36389,normalised
33.050721168518066,,,0.36361,0.24147,1,,,,,,,,,GP3HD,0.36361,0.24147,0.0901,0.36389,normalised
33.06839346885681,,,0.36345,0.24163,1,,,,,,,,,GP3HD,0.36345,0.24163,0.0901,0.36389,normalised
33.08451437950134,,,0.36379,0.24172,1,,,,,,,,,GP3HD,0.36379,0.24172,0.0901,0.36389,normalised
33.09925436973572,,,0.36408,0.24231,1,,,,,,,,,GP3HD,0.36408,0.24231,0.0901,0.36389,normalised
33.11420917510986,,,0.36435,0.24285,1,,,,,,,,,GP3HD,0.36435,0.24285,0.0901,0.36389,normalised
33.13226366043091,,,0.36456,0.24379,1,,,,,,,,,GP3HD,0.36456,0.24379,0.0901,0.36389,normalised
33.146915674209595,,,0.36505,0.24453,1,,,,,,,,,GP3HD,0.36505,0.24453,0.0901,0.36389,normalised
33.16346192359924,,,0.36558,0.24539,1,,,,,,,,,GP3HD,0.36558,0.24539,0.0901,0.36389,normalised
33.18120312690735,,,0.36475,0.24589,1,,,,,,,,,GP3HD,0.36475,0.24589,0.0901,0.36389,normalised
33.194899797439575,,,0.36316,0.24588,1,,,,,,,,,GP3HD,0.36316,0.24588,0.0901,0.36389,normalised
33.2122745513916,,,0.36156,0.24557,1,,,,,,,,,GP3HD,0.36156,0.24557,0.0901,0.36389,normalised
33.23276424407959,,,0.36299,0.24548,1,,,,,,,,,GP3HD,0.36299,0.24548,0.0901,0.36389,normalised
33.24769568443298,,,0.36409,0.24468,1,,,,,,,,,GP3HD,0.36409,0.24468,0.0901,0.36389,normalised
33.26211094856262,,,0.36502,0.24362,1,,,,,,,,,GP3HD,0.36502,0.24362,0.0901,0.36389,normalised
33.277817726135254,,,0.36621,0.24353,1,,,,,,,,,GP3HD,0.36621,0.24353,0.0901,0.36389,normalised
33.29280185699463,,,0.36697,0.24326,1,,,,,,,,,GP3HD,0.36697,0.24326,0.0901,0.36389,normalised
33.31073784828186,,,0.36789,0.24358,1,,,,,,,,,GP3HD,0.36789,0.24358,0.0901,0.36389,normalised
33.33029747009277,,,0.36899,0.2444,1,,,,,,,,,GP3HD,0.36899,0.2444,0.0901,0.36389,normalised
33.34408116340637,,,0.36714,0.24511,1,,,,,,,,,GP3HD,0.36714,0.24511,0.0901,0.36389,normalised
33.36021184921265,,,0.36537,0.24579,1,,,,,,,,,GP3HD,0.36537,0.24579,0.0901,0.36389,normalised
33.374719858169556,,,0.37024,0.24651,1,,,,,,,,,GP3HD,0.37024,0.24651,0.0901,0.36389,normalised
33.39153265953064,,,0.4058,0.25021,0,,,,,,,,,GP3HD,0.4058,0.25021,0.0901,0.36389,normalised
33.407617807388306,,,0.48284,0.25468,0,,,,,,,,,GP3HD,0.48284,0.25468,0.0901,0.36389,normalised
33.425514936447144,,,0.52009,0.24848,0,,,,,,,,,GP3HD,0.52009,0.24848,0.0901,0.36389,normalised
33.439268827438354,,,0.58226,0.24369,0,,,,,,,,,GP3HD,0.58226,0.24369,0.0901,0.36389,normalised
33.45740222930908,,,0.58711,0.23841,0,,,,,,,,,GP3HD,0.58711,0.23841,0.0901,0.36389,normalised
33.472278118133545,,,0.59375,0.23409,0,,,,,,,,,GP3HD,0.59375,0.23409,0.0901,0.36389,normalised
33.489033937454224,,,0.60163,0.24256,1,,,,,,,,,GP3HD,0.60163,0.24256,0.0901,0.36389,normalised
33.50361132621765,,,0.60591,0.24684,1,,,,,,,,,GP3HD,0.60591,0.24684,0.0901,0.36389,normalised
33.51964545249939,,,0.6066,0.242,1,,,,,,,,,GP3HD,0.6066,0.242,0.0901,0.36389,normalised
33.53720045089722,,,0.59562,0.23144,1,,,,,,,,,GP3HD,0.59562,0.23144,0.0901,0.36389,normalised
33.5528347492218,,,0.58738,0.22347,1,,,,,,,,,GP3HD,0.58738,0.22347,0.0901,0.36389,normalised
33.56879544258118,,,0.6076,0.22708,1,,,,,,,,,GP3HD,0.6076,0.22708,0.0901,0.36389,normalised
33.58532500267029,,,0.6236,0.23014,1,,,,,,,,,GP3HD,0.6236,0.23014,0.0901,0.36389,normalised
33.601616859436035,,,0.63695,0.2335,1,,,,,,,,,GP3HD,0.63695,0.2335,0.0901,0.36389,normalised
33.61802124977112,,,0.64894,0.23987,1,,,,,,,,,GP3HD,0.64894,0.23987,0.0901,0.36389,normalised
33.63263440132141,,,0.65957,0.24679,1,,,,,,,,,GP3HD,0.65957,0.24679,0.0901,0.36389,normalised
33.651790618896484,,,0.66888,0.25346,1,,,,,,,,,GP3HD,0.66888,0.25346,0.0901,0.36389,normalised
33.66668677330017,,,0.67737,0.25845,1,,,,,,,,,GP3HD,0.67737,0.25845,0.0901,0.36389,normalised
33.68147945404053,,,0.71201,0.26892,0,,,,,,,,,GP3HD,0.71201,0.26892,0.0901,0.36389,normalised
33.699920892715454,,,0.74808,0.28358,0,,,,,,,,,GP3HD,0.74808,0.28358,0.0901,0.36389,normalised
33.71486139297485,,,0.75921,0.27417,0,,,,,,,,,GP3HD,0.75921,0.27417,0.0901,0.36389,normalised
33.73053455352783,,,0.76372,0.26869,1,,,,,,,,,GP3HD,0.76372,0.26869,0.0901,0.36389,normalised
33.748085021972656,,,0.7664,0.26487,1,,,,,,,,,GP3HD,0.7664,0.26487,0.0901,0.36389,normalised
33.76393222808838,,,0.76361,0.267,1,,,,,,,,,GP3HD,0.76361,0.267,0.0901,0.36389,normalised
33.78054475784302,,,0.76135,0.26422,1,,,,,,,,,GP3HD,0.76135,0.26422,0.0901,0.36389,normalised
33.79649806022644,,,0.7597,0.26282,1,,,,,,,,,GP3HD,0.7597,0.26282,0.0901,0.36389,normalised
33.81328105926514,,,0.75736,0.26086,1,,,,,,,,,GP3HD,0.75736,0.26086,0.0901,0.36389,normalised
33.82885527610779,,,0.75654,0.26026,1,,,,,,,,,GP3HD,0.75654,0.26026,0.0901,0.36389,normalised
33.845975160598755,,,0.75615,0.26069,1,,,,,,,,,GP3HD,0.75615,0.26069,0.0901,0.36389,normalised
33.86068534851074,,,0.75702,0.26591,1,,,,,,,,,GP3HD,0.75702,0.26591,0.0901,0.36389,normalised
33.876574993133545,,,0.75798,0.27071,1,,,,,,,,,GP3HD,0.75798,0.27071,0.0901,0.36389,normalised
33.89399218559265,,,0.75859,0.27394,1,,,,,,,,,GP3HD,0.75859,0.27394,0.0901,0.36389,normalised
33.909013986587524,,,0.75851,0.27522,1,,,,,,,,,GP3HD,0.75851,0.27522,0.0901,0.36389,normalised
33.92465019226074,,,0.75918,0.27742,1,,,,,,,,,GP3HD,0.75918,0.27742,0.0901,0.36389,normalised
33.94151067733765,,,0.75963,0.279,1,,,,,,,,,GP3HD,0.75963,0.279,0.0901,0.36389,normalised
33.95766854286194,,,0.76021,0.281,1,,,,,,,,,GP3HD,0.76021,0.281,0.0901,0.36389,normalised
33.974477767944336,,,0.76134,0.28421,1,,,,,,,,,GP3HD,0.76134,0.28421,0.0901,0.36389,normalised
33.990450859069824,,,0.76263,0.28801,1,,,,,,,,,GP3HD,0.76263,0.28801,0.0901,0.36389,normalised
34.00632405281067,,,0.76269,0.28983,1,,,,,,,,,GP3HD,0.76269,0.28983,0.0901,0.36389,normalised
34.02390742301941,,,0.76818,0.3204,0,,,,,,,,,GP3HD,0.76818,0.3204,0.0901,0.36389,normalised
34.03801465034485,,,0.76867,0.3424,0,,,,,,,,,GP3HD,0.76867,0.3424,0.0901,0.36389,normalised
34.053812742233276,,,0.76522,0.33106,0,,,,,,,,,GP3HD,0.76522,0.33106,0.0901,0.36389,normalised
34.070629358291626,,,0.76008,0.32454,1,,,,,,,,,GP3HD,0.76008,0.32454,0.0901,0.36389,normalised
34.0887017250061,,,0.75596,0.31798,1,,,,,,,,,GP3HD,0.75596,0.31798,0.0901,0.36389,normalised
34.10527276992798,,,0.75257,0.31056,1,,,,,,,,,GP3HD,0.75257,0.31056,0.0901,0.36389,normalised
34.12200427055359,,,0.74778,0.3025,1,,,,,,,,,GP3HD,0.74778,0.3025,0.0901,0.36389,normalised
34.13457465171814,,,0.74493,0.29885,1,,,,,,,,,GP3HD,0.74493,0.29885,0.0901,0.36389,normalised
34.152238845825195,,,0.74832,0.30505,1,,,,,,,,,GP3HD,0.74832,0.30505,0.0901,0.36389,normalised
34.16803479194641,,,0.74719,0.30683,1,,,,,,,,,GP3HD,0.74719,0.30683,0.0901,0.36389,normalised
34.18534827232361,,,0.74596,0.30689,1,,,,,,,,,GP3HD,0.74596,0.30689,0.0901,0.36389,normalised
34.20008611679077,,,0.74529,0.30407,1,,,,,,,,,GP3HD,0.74529,0.30407,0.0901,0.36389,normalised
34.216634035110474,,,0.74246,0.29879,1,,,,,,,,,GP3HD,0.74246,0.29879,0.0901,0.36389,normalised
34.234421253204346,,,0.73962,0.29292,1,,,,,,,,,GP3HD,0.73962,0.29292,0.0901,0.36389,normalised
34.24974751472473,,,0.73843,0.28913,1,,,,,,,,,GP3HD,0.73843,0.28913,0.0901,0.36389,normalised
34.26659345626831,,,0.73699,0.28745,1,,,,,,,,,GP3HD,0.73699,0.28745,0.0901,0.36389,normalised
34.281329870224,,,0.73606,0.28708,1,,,,,,,,,GP3HD,0.73606,0.28708,0.0901,0.36389,normalised
34.297709703445435,,,0.73647,0.28788,1,,,,,,,,,GP3HD,0.73647,0.28788,0.0901,0.36389,normalised
34.31436324119568,,,0.73604,0.28847,1,,,,,,,,,GP3HD,0.73604,0.28847,0.0901,0.36389,normalised
34.3288357257843,,,0.73565,0.289,1,,,,,,,,,GP3HD,0.73565,0.289,0.0901,0.36389,normalised
34.34673881530762,,,0.73519,0.28863,1,,,,,,,,,GP3HD,0.73519,0.28863,0.0901,0.36389,normalised
34.36160063743591,,,0.73451,0.2885,1,,,,,,,,,GP3HD,0.73451,0.2885,0.0901,0.36389,normalised
34.37740182876587,,,0.73378,0.28823,1,,,,,,,,,GP3HD,0.73378,0.28823,0.0901,0.36389,normalised
34.394543409347534,,,0.73415,0.28873,1,,,,,,,,,GP3HD,0.73415,0.28873,0.0901,0.36389,normalised
34.40904426574707,,,0.73295,0.28863,1,,,,,,,,,GP3HD,0.73295,0.28863,0.0901,0.36389,normalised
34.4266471862793,,,0.73193,0.28871,1,,,,,,,,,GP3HD,0.73193,0.28871,0.0901,0.36389,normalised
34.44281768798828,,,0.73281,0.28936,1,,,,,,,,,GP3HD,0.73281,0.28936,0.0901,0.36389,normalised
34.45975351333618,,,0.73237,0.28976,1,,,,,,,,,GP3HD,0.73237,0.28976,0.0901,0.36389,normalised
34.47643852233887,,,0.73188,0.28999,1,,,,,,,,,GP3HD,0.73188,0.28999,0.0901,0.36389,normalised
34.492149353027344,,,0.73205,0.2901,1,,,,,,,,,GP3HD,0.73205,0.2901,0.0901,0.36389,normalised
34.5068416595459,,,0.73158,0.29082,1,,,,,,,,,GP3HD,0.73158,0.29082,0.0901,0.36389,normalised
34.52364730834961,,,0.73138,0.29226,1,,,,,,,,,GP3HD,0.73138,0.29226,0.0901,0.36389,normalised
34.54014182090759,,,0.73211,0.29369,1,,,,,,,,,GP3HD,0.73211,0.29369,0.0901,0.36389,normalised
34.55748271942139,,,0.73269,0.29576,1,,,,,,,,,GP3HD,0.73269,0.29576,0.0901,0.36389,normalised
34.571556091308594,,,0.73316,0.29746,1,,,,,,,,,GP3HD,0.73316,0.29746,0.0901,0.36389,normalised
34.58912467956543,,,0.73386,0.29831,1,,,,,,,,,GP3HD,0.73386,0.29831,0.0901,0.36389,normalised
34.60443449020386,,,0.73383,0.29862,1,,,,,,,,,GP3HD,0.73383,0.29862,0.0901,0.36389,normalised
34.621063470840454,,,0.73365,0.29833,1,,,,,,,,,GP3HD,0.73365,0.29833,0.0901,0.36389,normalised
34.63692283630371,,,0.73385,0.29786,1,,,,,,,,,GP3HD,0.73385,0.29786,0.0901,0.36389,normalised
34.6543493270874,,,0.73437,0.29796,1,,,,,,,,,GP3HD,0.73437,0.29796,0.0901,0.36389,normalised
34.66905951499939,,,0.73481,0.29789,1,,,,,,,,,GP3HD,0.73481,0.29789,0.0901,0.36389,normalised
34.68669939041138,,,0.73535,0.2975,1,,,,,,,,,GP3HD,0.73535,0.2975,0.0901,0.36389,normalised
34.70154619216919,,,0.73621,0.29807,1,,,,,,,,,GP3HD,0.73621,0.29807,0.0901,0.36389,normalised
34.71906924247742,,,0.73717,0.29907,1,,,,,,,,,GP3HD,0.73717,0.29907,0.0901,0.36389,normalised
34.73529648780823,,,0.73809,0.29989,1,,,,,,,,,GP3HD,0.73809,0.29989,0.0901,0.36389,normalised
34.751829385757446,,,0.73888,0.30037,1,,,,,,,,,GP3HD,0.73888,0.30037,0.0901,0.36389,normalised
34.76741552352905,,,0.73957,0.30059,1,,,,,,,,,GP3HD,0.73957,0.30059,0.0901,0.36389,normalised
34.78419017791748,,,0.73997,0.29997,1,,,,,,,,,GP3HD,0.73997,0.29997,0.0901,0.36389,normalised
34.79827165603638,,,0.73991,0.29889,1,,,,,,,,,GP3HD,0.73991,0.29889,0.0901,0.36389,normalised
34.814892530441284,,,0.7397,0.29647,1,,,,,,,,,GP3HD,0.7397,0.29647,0.0901,0.36389,normalised
34.830047845840454,,,0.76646,0.29809,0,,,,,,,,,GP3HD,0.76646,0.29809,0.0901,0.36389,normalised
34.84767985343933,,,0.78519,0.3,0,,,,,,,,,GP3HD,0.78519,0.3,0.0901,0.36389,normalised
34.86304688453674,,,0.79234,0.30524,0,,,,,,,,,GP3HD,0.79234,0.30524,0.0901,0.36389,normalised
34.880382776260376,,,0.79299,0.31335,1,,,,,,,,,GP3HD,0.79299,0.31335,0.0901,0.36389,normalised
34.89605450630188,,,0.80284,0.33877,1,,,,,,,,,GP3HD,0.80284,0.33877,0.0901,0.36389,normalised
34.91351795196533,,,0.81017,0.35776,1,,,,,,,,,GP3HD,0.81017,0.35776,0.0901,0.36389,normalised
34.92842411994934,,,0.81082,0.36384,1,,,,,,,,,GP3HD,0.81082,0.36384,0.0901,0.36389,normalised
34.94517183303833,,,0.81837,0.37578,1,,,,,,,,,GP3HD,0.81837,0.37578,0.0901,0.36389,normalised
34.961012840270996,,,0.82376,0.38351,1,,,,,,,,,GP3HD,0.82376,0.38351,0.0901,0.36389,normalised
34.97600865364075,,,0.82357,0.38288,1,,,,,,,,,GP3HD,0.82357,0.38288,0.0901,0.36389,normalised
34.990381956100464,,,0.82794,0.39992,1,,,,,,,,,GP3HD,0.82794,0.39992,0.0901,0.36389,normalised
35.0071485042572,,,0.83194,0.4153,1,,,,,,,,,GP3HD,0.83194,0.4153,0.0901,0.36389,normalised
35.02643299102783,,,0.83036,0.41114,1,,,,,,,,,GP3HD,0.83036,0.41114,0.0901,0.36389,normalised
35.04123568534851,,,0.83273,0.41353,1,,,,,,,,,GP3HD,0.83273,0.41353,0.0901,0.36389,normalised
35.05792427062988,,,0.84501,0.44198,0,,,,,,,,,GP3HD,0.84501,0.44198,0.0901,0.36389,normalised
35.073983669281006,,,0.81218,0.37343,0,,,,,,,,,GP3HD,0.81218,0.37343,0.0901,0.36389,normalised
35.09158277511597,,,0.81346,0.3533,0,,,,,,,,,GP3HD,0.81346,0.3533,0.0901,0.36389,normalised
35.106406927108765,,,0.80476,0.31275,0,,,,,,,,,GP3HD,0.80476,0.31275,0.0901,0.36389,normalised
35.12198543548584,,,0.78201,0.27419,0,,,,,,,,,GP3HD,0.78201,0.27419,0.0901,0.36389,normalised
35.13869071006775,,,0.77955,0.24952,0,,,,,,,,,GP3HD,0.77955,0.24952,0.0901,0.36389,normalised
35.15333437919617,,,0.7695,0.21353,0,,,,,,,,,GP3HD,0.7695,0.21353,0.0901,0.36389,normalised
35.169952154159546,,,0.7483,0.1936,0,,,,,,,,,GP3HD,0.7483,0.1936,0.0901,0.36389,normalised
35.18690848350525,,,0.72914,0.14837,0,,,,,,,,,GP3HD,0.72914,0.14837,0.0901,0.36389,normalised
35.2020788192749,,,0.70669,0.10702,0,,,,,,,,,GP3HD,0.70669,0.10702,0.0901,0.36389,normalised
35.22092247009277,,,0.71655,0.15321,0,,,,,,,,,GP3HD,0.71655,0.15321,0.0901,0.36389,normalised
35.234925270080566,,,0.70033,0.11503,0,,,,,,,,,GP3HD,0.70033,0.11503,0.0901,0.36389,normalised
35.250993728637695,,,0.69118,0.09231,1,,,,,,,,,GP3HD,0.69118,0.09231,0.0901,0.36389,normalised
35.267268657684326,,,0.7016,0.12523,1,,,,,,,,,GP3HD,0.7016,0.12523,0.0901,0.36389,normalised
35.28373432159424,,,0.70182,0.12933,1,,,,,,,,,GP3HD,0.70182,0.12933,0.0901,0.36389,normalised
35.30026936531067,,,0.701,0.12921,1,,,,,,,,,GP3HD,0.701,0.12921,0.0901,0.36389,normalised
35.315908670425415,,,0.70278,0.14016,1,,,,,,,,,GP3HD,0.70278,0.14016,0.0901,0.36389,normalised
35.33353281021118,,,0.7008,0.14128,1,,,,,,,,,GP3HD,0.7008,0.14128,0.0901,0.36389,normalised
35.34797382354736,,,0.69892,0.14148,1,,,,,,,,,GP3HD,0.69892,0.14148,0.0901,0.36389,normalised
35.36581635475159,,,0.70091,0.14964,1,,,,,,,,,GP3HD,0.70091,0.14964,0.0901,0.36389,normalised
35.38323259353638,,,0.70125,0.15785,1,,,,,,,,,GP3HD,0.70125,0.15785,0.0901,0.36389,normalised
35.39811825752258,,,0.70153,0.16479,1,,,,,,,,,GP3HD,0.70153,0.16479,0.0901,0.36389,normalised
35.41413068771362,,,0.70393,0.17396,1,,,,,,,,,GP3HD,0.70393,0.17396,0.0901,0.36389,normalised
35.4287588596344,,,0.70332,0.18027,1,,,,,,,,,GP3HD,0.70332,0.18027,0.0901,0.36389,normalised
35.4470694065094,,,0.70687,0.21767,0,,,,,,,,,GP3HD,0.70687,0.21767,0.0901,0.36389,normalised
35.46368646621704,,,0.71297,0.25795,0,,,,,,,,,GP3HD,0.71297,0.25795,0.0901,0.36389,normalised
35.47910261154175,,,0.70943,0.28357,0,,,,,,,,,GP3HD,0.70943,0.28357,0.0901,0.36389,normalised
35.49533033370972,,,0.70784,0.3217,0,,,,,,,,,GP3HD,0.70784,0.3217,0.0901,0.36389,normalised
35.51060104370117,,,0.71074,0.30073,0,,,,,,,,,GP3HD,0.71074,0.30073,0.0901,0.36389,normalised
35.52720546722412,,,0.69534,0.28372,0,,,,,,,,,GP3HD,0.69534,0.28372,0.0901,0.36389,normalised
35.54274797439575,,,0.68631,0.27139,1,,,,,,,,,GP3HD,0.68631,0.27139,0.0901,0.36389,normalised
35.559202909469604,,,0.68988,0.26441,1,,,,,,,,,GP3HD,0.68988,0.26441,0.0901,0.36389,normalised
35.576231956481934,,,0.6874,0.25984,1,,,,,,,,,GP3HD,0.6874,0.25984,0.0901,0.36389,normalised
35.591445446014404,,,0.68645,0.25896,1,,,,,,,,,GP3HD,0.68645,0.25896,0.0901,0.36389,normalised
35.60595178604126,,,0.69177,0.2595,1,,,,,,,,,GP3HD,0.69177,0.2595,0.0901,0.36389,normalised
35.622276067733765,,,0.69032,0.25483,1,,,,,,,,,GP3HD,0.69032,0.25483,0.0901,0.36389,normalised
35.638909339904785,,,0.6889,0.25064,1,,,,,,,,,GP3HD,0.6889,0.25064,0.0901,0.36389,normalised
35.65728831291199,,,0.69351,0.25379,1,,,,,,,,,GP3HD,0.69351,0.25379,0.0901,0.36389,normalised
35.67207598686218,,,0.69617,0.25711,1,,,,,,,,,GP3HD,0.69617,0.25711,0.0901,0.36389,normalised
35.6890013217926,,,0.69883,0.26116,1,,,,,,,,,GP3HD,0.69883,0.26116,0.0901,0.36389,normalised
35.70399570465088,,,0.70436,0.26834,1,,,,,,,,,GP3HD,0.70436,0.26834,0.0901,0.36389,normalised
35.721333026885986,,,0.7101,0.27894,1,,,,,,,,,GP3HD,0.7101,0.27894,0.0901,0.36389,normalised
35.736088514328,,,0.71499,0.28787,1,,,,,,,,,GP3HD,0.71499,0.28787,0.0901,0.36389,normalised
35.75360345840454,,,0.71923,0.2945,1,,,,,,,,,GP3HD,0.71923,0.2945,0.0901,0.36389,normalised
35.76986074447632,,,0.74237,0.32544,0,,,,,,,,,GP3HD,0.74237,0.32544,0.0901,0.36389,normalised
35.78436803817749,,,0.77528,0.39557,0,,,,,,,,,GP3HD,0.77528,0.39557,0.0901,0.36389,normalised
35.80096983909607,,,0.77896,0.3832,0,,,,,,,,,GP3HD,0.77896,0.3832,0.0901,0.36389,normalised
35.81904649734497,,,0.78556,0.38661,1,,,,,,,,,GP3HD,0.78556,0.38661,0.0901,0.36389,normalised
35.83338403701782,,,0.78999,0.3899,1,,,,,,,,,GP3HD,0.78999,0.3899,0.0901,0.36389,normalised
35.85132932662964,,,0.78319,0.37226,1,,,,,,,,,GP3HD,0.78319,0.37226,0.0901,0.36389,normalised
35.866570711135864,,,0.77582,0.35235,1,,,,,,,,,GP3HD,0.77582,0.35235,0.0901,0.36389,normalised
35.88437366485596,,,0.76993,0.33655,1,,,,,,,,,GP3HD,0.76993,0.33655,0.0901,0.36389,normalised
35.90023875236511,,,0.76703,0.32709,1,,,,,,,,,GP3HD,0.76703,0.32709,0.0901,0.36389,normalised
35.91404604911804,,,0.76205,0.31354,1,,,,,,,,,GP3HD,0.76205,0.31354,0.0901,0.36389,normalised
35.930572748184204,,,0.75825,0.30311,1,,,,,,,,,GP3HD,0.75825,0.30311,0.0901,0.36389,normalised
35.947946548461914,,,0.75928,0.30401,1,,,,,,,,,GP3HD,0.75928,0.30401,0.0901,0.36389,normalised
35.96273231506348,,,0.76059,0.30661,1,,,,,,,,,GP3HD,0.76059,0.30661,0.0901,0.36389,normalised
35.98010540008545,,,0.76172,0.30885,1,,,,,,,,,GP3HD,0.76172,0.30885,0.0901,0.36389,normalised
35.996785163879395,,,0.76405,0.31224,1,,,,,,,,,GP3HD,0.76405,0.31224,0.0901,0.36389,normalised
36.01058745384216,,,0.76778,0.318,1,,,,,,,,,GP3HD,0.76778,0.318,0.0901,0.36389,normalised
36.026554107666016,,,0.76318,0.29524,0,,,,,,,,,GP3HD,0.76318,0.29524,0.0901,0.36389,normalised
36.044588804244995,,,0.78266,0.33207,0,,,,,,,,,GP3HD,0.78266,0.33207,0.0901,0.36389,normalised
36.06124019622803,,,0.78973,0.34891,0,,,,,,,,,GP3HD,0.78973,0.34891,0.0901,0.36389,normalised
36.07627058029175,,,0.79194,0.35272,1,,,,,,,,,GP3HD,0.79194,0.35272,0.0901,0.36389,normalised
36.092824935913086,,,0.78108,0.33076,1,,,,,,,,,GP3HD,0.78108,0.33076,0.0901,0.36389,normalised
36.10882544517517,,,0.76957,0.29962,1,,,,,,,,,GP3HD,0.76957,0.29962,0.0901,0.36389,normalised
36.12360739707947,,,0.76089,0.27628,1,,,,,,,,,GP3HD,0.76089,0.27628,0.0901,0.36389,normalised
36.14016556739807,,,0.75527,0.26935,1,,,,,,,,,GP3HD,0.75527,0.26935,0.0901,0.36389,normalised
36.155004262924194,,,0.74592,0.37407,1,,,,,,,,,GP3HD,0.74592,0.37407,0.0901,0.36389,normalised
36.17261528968811,,,0.73917,0.45827,1,,,,,,,,,GP3HD,0.73917,0.45827,0.0901,0.36389,normalised
36.18829369544983,,,0.71371,0.48194,1,,,,,,,,,GP3HD,0.71371,0.48194,0.0901,0.36389,normalised
36.20478963851929,,,0.6913,0.50463,1,,,,,,,,,GP3HD,0.6913,0.50463,0.0901,0.36389,normalised
36.21942734718323,,,0.67213,0.52349,1,,,,,,,,,GP3HD,0.67213,0.52349,0.0901,0.36389,normalised
36.23616671562195,,,0.63504,0.57291,0,,,,,,,,,GP3HD,0.63504,0.57291,0.0901,0.36389,normalised
36.25199365615845,,,0.54352,0.66538,0,,,,,,,,,GP3HD,0.54352,0.66538,0.0901,0.36389,normalised
36.26783013343811,,,0.51301,0.69621,0,,,,,,,,,GP3HD,0.51301,0.69621,0.0901,0.36389,normalised
36.28514647483826,,,0.44992,0.74967,0,,,,,,,,,GP3HD,0.44992,0.74967,0.0901,0.36389,normalised
36.3008975982666,,,0.44925,0.73632,0,,,,,,,,,GP3HD,0.44925,0.73632,0.0901,0.36389,normalised
36.3171181678772,,,0.44962,0.73295,0,,,,,,,,,GP3HD,0.44962,0.73295,0.0901,0.36389,normalised
36.33377456665039,,,0.44396,0.72384,1,,,,,,,,,GP3HD,0.44396,0.72384,0.0901,0.36389,normalised
36.3490252494812,,,0.44538,0.71026,1,,,,,,,,,GP3HD,0.44538,0.71026,0.0901,0.36389,normalised
36.36607766151428,,,0.44642,0.7014,1,,,,,,,,,GP3HD,0.44642,0.7014,0.0901,0.36389,normalised
36.383546352386475,,,0.44012,0.69976,1,,,,,,,,,GP3HD,0.44012,0.69976,0.0901,0.36389,normalised
36.40023946762085,,,0.43467,0.6926,1,,,,,,,,,GP3HD,0.43467,0.6926,0.0901,0.36389,normalised
36.41475582122803,,,0.43105,0.68817,1,,,,,,,,,GP3HD,0.43105,0.68817,0.0901,0.36389,normalised
36.43202805519104,,,0.4298,0.69193,1,,,,,,,,,GP3HD,0.4298,0.69193,0.0901,0.36389,normalised
36.44656205177307,,,0.42435,0.69087,1,,,,,,,,,GP3HD,0.42435,0.69087,0.0901,0.36389,normalised
36.46221923828125,,,0.41963,0.68969,1,,,,,,,,,GP3HD,0.41963,0.68969,0.0901,0.36389,normalised
36.47947072982788,,,0.4196,0.6907,1,,,,,,,,,GP3HD,0.4196,0.6907,0.0901,0.36389,normalised
36.4962432384491,,,0.41875,0.69043,1,,,,,,,,,GP3HD,0.41875,0.69043,0.0901,0.36389,normalised
36.512831926345825,,,0.41779,0.68979,1,,,,,,,,,GP3HD,0.41779,0.68979,0.0901,0.36389,normalised
36.5275776386261,,,0.42093,0.69172,1,,,,,,,,,GP3HD,0.42093,0.69172,0.0901,0.36389,normalised
36.54534959793091,,,0.42344,0.69535,1,,,,,,,,,GP3HD,0.42344,0.69535,0.0901,0.36389,normalised
36.559892892837524,,,0.42571,0.69867,1,,,,,,,,,GP3HD,0.42571,0.69867,0.0901,0.36389,normalised
36.577781438827515,,,0.42921,0.70211,1,,,,,,,,,GP3HD,0.42921,0.70211,0.0901,0.36389,normalised
36.59236669540405,,,0.4329,0.70719,1,,,,,,,,,GP3HD,0.4329,0.70719,0.0901,0.36389,normalised
36.608821392059326,,,0.43648,0.71221,1,,,,,,,,,GP3HD,0.43648,0.71221,0.0901,0.36389,normalised
36.626460313797,,,0.43921,0.71415,1,,,,,,,,,GP3HD,0.43921,0.71415,0.0901,0.36389,normalised
36.641554832458496,,,0.45878,0.73942,0,,,,,,,,,GP3HD,0.45878,0.73942,0.0901,0.36389,normalised
36.657392740249634,,,0.48585,0.75257,0,,,,,,,,,GP3HD,0.48585,0.75257,0.0901,0.36389,normalised
36.672499656677246,,,0.49915,0.76192,0,,,,,,,,,GP3HD,0.49915,0.76192,0.0901,0.36389,normalised
36.68940186500549,,,0.51134,0.78304,1,,,,,,,,,GP3HD,0.51134,0.78304,0.0901,0.36389,normalised
36.70491552352905,,,0.51816,0.79481,1,,,,,,,,,GP3HD,0.51816,0.79481,0.0901,0.36389,normalised
36.7221622467041,,,0.51663,0.79216,1,,,,,,,,,GP3HD,0.51663,0.79216,0.0901,0.36389,normalised
36.73966836929321,,,0.52577,0.80397,1,,,,,,,,,GP3HD,0.52577,0.80397,0.0901,0.36389,normalised
36.753729820251465,,,0.53209,0.81181,1,,,,,,,,,GP3HD,0.53209,0.81181,0.0901,0.36389,normalised
36.77077293395996,,,0.53117,0.81053,1,,,,,,,,,GP3HD,0.53117,0.81053,0.0901,0.36389,normalised
36.78610706329346,,,0.53435,0.81694,1,,,,,,,,,GP3HD,0.53435,0.81694,0.0901,0.36389,normalised
36.8025598526001,,,0.53735,0.82291,1,,,,,,,,,GP3HD,0.53735,0.82291,0.0901,0.36389,normalised
36.81906485557556,,,0.53561,0.82167,1,,,,,,,,,GP3HD,0.53561,0.82167,0.0901,0.36389,normalised
36.8352906703949,,,0.54089,0.83033,1,,,,,,,,,GP3HD,0.54089,0.83033,0.0901,0.36389,normalised
36.8526406288147,,,0.54542,0.83776,1,,,,,,,,,GP3HD,0.54542,0.83776,0.0901,0.36389,normalised
36.86665964126587,,,0.54495,0.83725,1,,,,,,,,,GP3HD,0.54495,0.83725,0.0901,0.36389,normalised
36.883957862854004,,,0.54669,0.8406,1,,,,,,,,,GP3HD,0.54669,0.8406,0.0901,0.36389,normalised
36.90012526512146,,,0.5481,0.84333,1,,,,,,,,,GP3HD,0.5481,0.84333,0.0901,0.36389,normalised
36.91536092758179,,,0.56138,0.86644,0,,,,,,,,,GP3HD,0.56138,0.86644,0.0901,0.36389,normalised
36.93403172492981,,,0.55223,0.86618,0,,,,,,,,,GP3HD,0.55223,0.86618,0.0901,0.36389,normalised
36.949835538864136,,,0.54894,0.86567,0,,,,,,,,,GP3HD,0.54894,0.86567,0.0901,0.36389,normalised
36.964670181274414,,,0.53508,0.8473,1,,,,,,,,,GP3HD,0.53508,0.8473,0.0901,0.36389,normalised
36.98043918609619,,,0.53103,0.83851,1,,,,,,,,,GP3HD,0.53103,0.83851,0.0901,0.36389,normalised
36.9981963634491,,,0.52753,0.83118,1,,,,,,,,,GP3HD,0.52753,0.83118,0.0901,0.36389,normalised
37.01265025138855,,,0.52182,0.81484,1,,,,,,,,,GP3HD,0.52182,0.81484,0.0901,0.36389,normalised
37.02904033660889,,,0.51277,0.80479,1,,,,,,,,,GP3HD,0.51277,0.80479,0.0901,0.36389,normalised
37.04683566093445,,,0.5061,0.79764,1,,,,,,,,,GP3HD,0.5061,0.79764,0.0901,0.36389,normalised
37.06285238265991,,,0.50135,0.7885,1,,,,,,,,,GP3HD,0.50135,0.7885,0.0901,0.36389,normalised
37.0789749622345,,,0.49449,0.78151,1,,,,,,,,,GP3HD,0.49449,0.78151,0.0901,0.36389,normalised
37.095672607421875,,,0.48931,0.77661,1,,,,,,,,,GP3HD,0.48931,0.77661,0.0901,0.36389,normalised
37.1126868724823,,,0.48617,0.77646,1,,,,,,,,,GP3HD,0.48617,0.77646,0.0901,0.36389,normalised
37.126370668411255,,,0.48041,0.77711,1,,,,,,,,,GP3HD,0.48041,0.77711,0.0901,0.36389,normalised
37.14416766166687,,,0.45693,0.75553,0,,,,,,,,,GP3HD,0.45693,0.75553,0.0901,0.36389,normalised
37.16142392158508,,,0.45702,0.76781,0,,,,,,,,,GP3HD,0.45702,0.76781,0.0901,0.36389,normalised
37.175158977508545,,,0.43503,0.75089,0,,,,,,,,,GP3HD,0.43503,0.75089,0.0901,0.36389,normalised
37.19040274620056,,,0.42338,0.74135,1,,,,,,,,,GP3HD,0.42338,0.74135,0.0901,0.36389,normalised
37.20634889602661,,,0.4312,0.74338,1,,,,,,,,,GP3HD,0.4312,0.74338,0.0901,0.36389,normalised
37.222492694854736,,,0.43272,0.74613,1,,,,,,,,,GP3HD,0.43272,0.74613,0.0901,0.36389,normalised
37.24045372009277,,,0.43421,0.74878,1,,,,,,,,,GP3HD,0.43421,0.74878,0.0901,0.36389,normalised
37.25644135475159,,,0.44007,0.75351,1,,,,,,,,,GP3HD,0.44007,0.75351,0.0901,0.36389,normalised
37.27071690559387,,,0.43812,0.75612,1,,,,,,,,,GP3HD,0.43812,0.75612,0.0901,0.36389,normalised
37.288647413253784,,,0.43657,0.75821,1,,,,,,,,,GP3HD,0.43657,0.75821,0.0901,0.36389,normalised
37.30462026596069,,,0.44172,0.76028,1,,,,,,,,,GP3HD,0.44172,0.76028,0.0901,0.36389,normalised
37.31963133811951,,,0.44224,0.75981,1,,,,,,,,,GP3HD,0.44224,0.75981,0.0901,0.36389,normalised
37.33590030670166,,,0.44268,0.75942,1,,,,,,,,,GP3HD,0.44268,0.75942,0.0901,0.36389,normalised
37.352638483047485,,,0.446,0.75662,1,,,,,,,,,GP3HD,0.446,0.75662,0.0901,0.36389,normalised
37.3677396774292,,,0.44371,0.74186,1,,,,,,,,,GP3HD,0.44371,0.74186,0.0901,0.36389,normalised
37.38597583770752,,,0.44149,0.72848,1,,,,,,,,,GP3HD,0.44149,0.72848,0.0901,0.36389,normalised
37.40253281593323,,,0.44325,0.73053,1,,,,,,,,,GP3HD,0.44325,0.73053,0.0901,0.36389,normalised
37.41820168495178,,,0.4442,0.72971,1,,,,,,,,,GP3HD,0.4442,0.72971,0.0901,0.36389,normalised
37.43393111228943,,,0.44477,0.72846,1,,,,,,,,,GP3HD,0.44477,0.72846,0.0901,0.36389,normalised
37.44842553138733,,,0.4469,0.72725,1,,,,,,,,,GP3HD,0.4469,0.72725,0.0901,0.36389,normalised
37.46652364730835,,,0.44846,0.7258,1,,,,,,,,,GP3HD,0.44846,0.7258,0.0901,0.36389,normalised
37.48266887664795,,,0.46106,0.6966,0,,,,,,,,,GP3HD,0.46106,0.6966,0.0901,0.36389,normalised
37.49699807167053,,,0.47722,0.72264,0,,,,,,,,,GP3HD,0.47722,0.72264,0.0901,0.36389,normalised
37.51457405090332,,,0.4846,0.72172,0,,,,,,,,,GP3HD,0.4846,0.72172,0.0901,0.36389,normalised
37.5314781665802,,,0.48976,0.72416,1,,,,,,,,,GP3HD,0.48976,0.72416,0.0901,0.36389,normalised
37.54674315452576,,,0.49447,0.72662,1,,,,,,,,,GP3HD,0.49447,0.72662,0.0901,0.36389,normalised
37.56221294403076,,,0.49426,0.72087,1,,,,,,,,,GP3HD,0.49426,0.72087,0.0901,0.36389,normalised
37.579676389694214,,,0.49343,0.71536,1,,,,,,,,,GP3HD,0.49343,0.71536,0.0901,0.36389,normalised
37.5963773727417,,,0.49579,0.71999,1,,,,,,,,,GP3HD,0.49579,0.71999,0.0901,0.36389,normalised
37.6129047870636,,,0.4976,0.71356,1,,,,,,,,,GP3HD,0.4976,0.71356,0.0901,0.36389,normalised
37.62858605384827,,,0.49892,0.7082,1,,,,,,,,,GP3HD,0.49892,0.7082,0.0901,0.36389,normalised
37.643141746520996,,,0.50197,0.7088,1,,,,,,,,,GP3HD,0.50197,0.7088,0.0901,0.36389,normalised
37.659127950668335,,,0.50943,0.7091,1,,,,,,,,,GP3HD,0.50943,0.7091,0.0901,0.36389,normalised
37.67574691772461,,,0.51619,0.7104,1,,,,,,,,,GP3HD,0.51619,0.7104,0.0901,0.36389,normalised
37.69342637062073,,,0.51664,0.71481,1,,,,,,,,,GP3HD,0.51664,0.71481,0.0901,0.36389,normalised
37.70929193496704,,,0.51931,0.72067,1,,,,,,,,,GP3HD,0.51931,0.72067,0.0901,0.36389,normalised
37.72582197189331,,,0.52152,0.72552,1,,,,,,,,,GP3HD,0.52152,0.72552,0.0901,0.36389,normalised
37.74088430404663,,,0.52266,0.72965,1,,,,,,,,,GP3HD,0.52266,0.72965,0.0901,0.36389,normalised
37.75891351699829,,,0.52544,0.7337,1,,,,,,,,,GP3HD,0.52544,0.7337,0.0901,0.36389,normalised
37.774198055267334,,,0.52783,0.73714,1,,,,,,,,,GP3HD,0.52783,0.73714,0.0901,0.36389,normalised
37.78864574432373,,,0.55357,0.75152,0,,,,,,,,,GP3HD,0.55357,0.75152,0.0901,0.36389,normalised
37.806978702545166,,,0.60478,0.76291,0,,,,,,,,,GP3HD,0.60478,0.76291,0.0901,0.36389,normalised
37.82189083099365,,,0.62282,0.76896,0,,,,,,,,,GP3HD,0.62282,0.76896,0.0901,0.36389,normalised
37.83734679222107,,,0.61276,0.77387,1,,,,,,,,,GP3HD,0.61276,0.77387,0.0901,0.36389,normalised
37.85463500022888,,,0.62015,0.78674,1,,,,,,,,,GP3HD,0.62015,0.78674,0.0901,0.36389,normalised
37.87060070037842,,,0.62488,0.79488,1,,,,,,,,,GP3HD,0.62488,0.79488,0.0901,0.36389,normalised
37.8863205909729,,,0.60966,0.79354,1,,,,,,,,,GP3HD,0.60966,0.79354,0.0901,0.36389,normalised
37.90285134315491,,,0.59742,0.79425,1,,,,,,,,,GP3HD,0.59742,0.79425,0.0901,0.36389,normalised
37.91762351989746,,,0.58796,0.79492,1,,,,,,,,,GP3HD,0.58796,0.79492,0.0901,0.36389,normalised
37.93637800216675,,,0.5825,0.79391,1,,,,,,,,,GP3HD,0.5825,0.79391,0.0901,0.36389,normalised
37.950891971588135,,,0.58235,0.79177,1,,,,,,,,,GP3HD,0.58235,0.79177,0.0901,0.36389,normalised
37.966511249542236,,,0.58236,0.79024,1,,,,,,,,,GP3HD,0.58236,0.79024,0.0901,0.36389,normalised
37.984017848968506,,,0.57978,0.78951,1,,,,,,,,,GP3HD,0.57978,0.78951,0.0901,0.36389,normalised
37.998626947402954,,,0.57909,0.79154,1,,,,,,,,,GP3HD,0.57909,0.79154,0.0901,0.36389,normalised
38.01509356498718,,,0.57838,0.7931,1,,,,,,,,,GP3HD,0.57838,0.7931,0.0901,0.36389,normalised
38.03125333786011,,,0.57291,0.7894,1,,,,,,,,,GP3HD,0.57291,0.7894,0.0901,0.36389,normalised
38.04720735549927,,,0.56506,0.78644,1,,,,,,,,,GP3HD,0.56506,0.78644,0.0901,0.36389,normalised
38.064019203186035,,,0.5246,0.77812,0,,,,,,,,,GP3HD,0.5246,0.77812,0.0901,0.36389,normalised
38.080376863479614,,,0.49798,0.76864,0,,,,,,,,,GP3HD,0.49798,0.76864,0.0901,0.36389,normalised
38.097355127334595,,,0.4927,0.76699,0,,,,,,,,,GP3HD,0.4927,0.76699,0.0901,0.36389,normalised
38.11265182495117,,,0.49031,0.76664,1,,,,,,,,,GP3HD,0.49031,0.76664,0.0901,0.36389,normalised
38.13072395324707,,,0.48505,0.75632,1,,,,,,,,,GP3HD,0.48505,0.75632,0.0901,0.36389,normalised
38.14636039733887,,,0.48717,0.7609,1,,,,,,,,,GP3HD,0.48717,0.7609,0.0901,0.36389,normalised
38.16132307052612,,,0.48929,0.76528,1,,,,,,,,,GP3HD,0.48929,0.76528,0.0901,0.36389,normalised
38.17944884300232,,,0.48885,0.76525,1,,,,,,,,,GP3HD,0.48885,0.76525,0.0901,0.36389,normalised
38.19508385658264,,,0.47771,0.763,1,,,,,,,,,GP3HD,0.47771,0.763,0.0901,0.36389,normalised
38.21022701263428,,,0.46822,0.76028,1,,,,,,,,,GP3HD,0.46822,0.76028,0.0901,0.36389,normalised
38.22800636291504,,,0.47024,0.75984,1,,,,,,,,,GP3HD,0.47024,0.75984,0.0901,0.36389,normalised
38.24269700050354,,,0.47481,0.75957,1,,,,,,,,,GP3HD,0.47481,0.75957,0.0901,0.36389,normalised
38.25757551193237,,,0.47872,0.75943,1,,,,,,,,,GP3HD,0.47872,0.75943,0.0901,0.36389,normalised
38.274592876434326,,,0.48418,0.75845,1,,,,,,,,,GP3HD,0.48418,0.75845,0.0901,0.36389,normalised
38.29134511947632,,,0.48973,0.75764,1,,,,,,,,,GP3HD,0.48973,0.75764,0.0901,0.36389,normalised
38.30735993385315,,,0.49486,0.75754,1,,,,,,,,,GP3HD,0.49486,0.75754,0.0901,0.36389,normalised
38.323917388916016,,,0.49427,0.75639,1,,,,,,,,,GP3HD,0.49427,0.75639,0.0901,0.36389,normalised
38.338505029678345,,,0.49062,0.75488,1,,,,,,,,,GP3HD,0.49062,0.75488,0.0901,0.36389,normalised
38.35419726371765,,,0.4875,0.75377,1,,,,,,,,,GP3HD,0.4875,0.75377,0.0901,0.36389,normalised
38.3717942237854,,,0.48532,0.75292,1,,,,,,,,,GP3HD,0.48532,0.75292,0.0901,0.36389,normalised
38.38764524459839,,,0.47966,0.7512,1,,,,,,,,,GP3HD,0.47966,0.7512,0.0901,0.36389,normalised
38.40566539764404,,,0.47451,0.74963,1,,,,,,,,,GP3HD,0.47451,0.74963,0.0901,0.36389,normalised
38.421730756759644,,,0.47539,0.74946,1,,,,,,,,,GP3HD,0.47539,0.74946,0.0901,0.36389,normalised
38.435251235961914,,,0.47761,0.75017,1,,,,,,,,,GP3HD,0.47761,0.75017,0.0901,0.36389,normalised
38.45171594619751,,,0.4794,0.75034,1,,,,,,,,,GP3HD,0.4794,0.75034,0.0901,0.36389,normalised
38.470274925231934,,,0.48069,0.74928,1,,,,,,,,,GP3HD,0.48069,0.74928,0.0901,0.36389,normalised
38.484389781951904,,,0.47922,0.74681,1,,,,,,,,,GP3HD,0.47922,0.74681,0.0901,0.36389,normalised
38.50095343589783,,,0.45485,0.7265,0,,,,,,,,,GP3HD,0.45485,0.7265,0.0901,0.36389,normalised
38.51988077163696,,,0.46661,0.73093,0,,,,,,,,,GP3HD,0.46661,0.73093,0.0901,0.36389,normalised
38.53315234184265,,,0.45474,0.73282,0,,,,,,,,,GP3HD,0.45474,0.73282,0.0901,0.36389,normalised
38.55044484138489,,,0.44968,0.73527,1,,,,,,,,,GP3HD,0.44968,0.73527,0.0901,0.36389,normalised
38.56792092323303,,,0.45469,0.73342,1,,,,,,,,,GP3HD,0.45469,0.73342,0.0901,0.36389,normalised
38.58319020271301,,,0.46453,0.73185,1,,,,,,,,,GP3HD,0.46453,0.73185,0.0901,0.36389,normalised
38.59793448448181,,,0.4722,0.73202,1,,,,,,,,,GP3HD,0.4722,0.73202,0.0901,0.36389,normalised
38.614301443099976,,,0.47806,0.72889,1,,,,,,,,,GP3HD,0.47806,0.72889,0.0901,0.36389,normalised
38.62919354438782,,,0.48787,0.72894,1,,,,,,,,,GP3HD,0.48787,0.72894,0.0901,0.36389,normalised
38.6478009223938,,,0.49595,0.72952,1,,,,,,,,,GP3HD,0.49595,0.72952,0.0901,0.36389,normalised
38.66446924209595,,,0.49939,0.73079,1,,,,,,,,,GP3HD,0.49939,0.73079,0.0901,0.36389,normalised
38.67941069602966,,,0.50493,0.73145,1,,,,,,,,,GP3HD,0.50493,0.73145,0.0901,0.36389,normalised
38.69604444503784,,,0.50927,0.73124,1,,,,,,,,,GP3HD,0.50927,0.73124,0.0901,0.36389,normalised
38.71165060997009,,,0.51293,0.73435,1,,,,,,,,,GP3HD,0.51293,0.73435,0.0901,0.36389,normalised
38.726593255996704,,,0.52091,0.73675,1,,,,,,,,,GP3HD,0.52091,0.73675,0.0901,0.36389,normalised
38.74398469924927,,,0.5538,0.73961,0,,,,,,,,,GP3HD,0.5538,0.73961,0.0901,0.36389,normalised
38.75969386100769,,,0.53286,0.7306,0,,,,,,,,,GP3HD,0.53286,0.7306,0.0901,0.36389,normalised
38.77639675140381,,,0.53664,0.71853,0,,,,,,,,,GP3HD,0.53664,0.71853,0.0901,0.36389,normalised
38.792649030685425,,,0.53899,0.71347,1,,,,,,,,,GP3HD,0.53899,0.71347,0.0901,0.36389,normalised
38.807575941085815,,,0.53836,0.71972,1,,,,,,,,,GP3HD,0.53836,0.71972,0.0901,0.36389,normalised
38.82459545135498,,,0.53615,0.72408,1,,,,,,,,,GP3HD,0.53615,0.72408,0.0901,0.36389,normalised
38.84166193008423,,,0.5347,0.72746,1,,,,,,,,,GP3HD,0.5347,0.72746,0.0901,0.36389,normalised
38.8565411567688,,,0.53416,0.73282,1,,,,,,,,,GP3HD,0.53416,0.73282,0.0901,0.36389,normalised
38.87403726577759,,,0.5376,0.73673,1,,,,,,,,,GP3HD,0.5376,0.73673,0.0901,0.36389,normalised
38.891475677490234,,,0.54027,0.73966,1,,,,,,,,,GP3HD,0.54027,0.73966,0.0901,0.36389,normalised
38.90527415275574,,,0.54226,0.74033,1,,,,,,,,,GP3HD,0.54226,0.74033,0.0901,0.36389,normalised
38.921661138534546,,,0.55023,0.73787,1,,,,,,,,,GP3HD,0.55023,0.73787,0.0901,0.36389,normalised
38.93935680389404,,,0.55684,0.73542,1,,,,,,,,,GP3HD,0.55684,0.73542,0.0901,0.36389,normalised
38.95391511917114,,,0.54932,0.73625,1,,,,,,,,,GP3HD,0.54932,0.73625,0.0901,0.36389,normalised
38.97128224372864,,,0.54441,0.73822,1,,,,,,,,,GP3HD,0.54441,0.73822,0.0901,0.36389,normalised
38.98719239234924,,,0.54047,0.74058,1,,,,,,,,,GP3HD,0.54047,0.74058,0.0901,0.36389,normalised
39.00102496147156,,,0.53529,0.74344,1,,,,,,,,,GP3HD,0.53529,0.74344,0.0901,0.36389,normalised
39.01771378517151,,,0.53277,0.74577,1,,,,,,,,,GP3HD,0.53277,0.74577,0.0901,0.36389,normalised
39.036508083343506,,,0.53064,0.74808,1,,,,,,,,,GP3HD,0.53064,0.74808,0.0901,0.36389,normalised
39.051610231399536,,,0.52856,0.74985,1,,,,,,,,,GP3HD,0.52856,0.74985,0.0901,0.36389,normalised
39.06935739517212,,,0.5297,0.75261,1,,,,,,,,,GP3HD,0.5297,0.75261,0.0901,0.36389,normalised
39.08291459083557,,,0.5306,0.75488,1,,,,,,,,,GP3HD,0.5306,0.75488,0.0901,0.36389,normalised
39.09877371788025,,,0.52847,0.74932,1,,,,,,,,,GP3HD,0.52847,0.74932,0.0901,0.36389,normalised
39.11558175086975,,,0.53213,0.74659,1,,,,,,,,,GP3HD,0.53213,0.74659,0.0901,0.36389,normalised
39.13218688964844,,,0.5355,0.74413,1,,,,,,,,,GP3HD,0.5355,0.74413,0.0901,0.36389,normalised
39.14969301223755,,,0.50448,0.76041,0,,,,,,,,,GP3HD,0.50448,0.76041,0.0901,0.36389,normalised
39.164472579956055,,,0.4407,0.81789,0,,,,,,,,,GP3HD,0.4407,0.81789,0.0901,0.36389,normalised
39.18205523490906,,,0.42148,0.83954,0,,,,,,,,,GP3HD,0.42148,0.83954,0.0901,0.36389,normalised
39.19685673713684,,,0.37358,0.88671,0,,,,,,,,,GP3HD,0.37358,0.88671,0.0901,0.36389,normalised
39.21275568008423,,,0.36857,0.89169,0,,,,,,,,,GP3HD,0.36857,0.89169,0.0901,0.36389,normalised
39.22953653335571,,,0.36548,0.89182,0,,,,,,,,,GP3HD,0.36548,0.89182,0.0901,0.36389,normalised
39.247578382492065,,,0.3508,0.88323,1,,,,,,,,,GP3HD,0.3508,0.88323,0.0901,0.36389,normalised
39.261242389678955,,,0.33846,0.87454,1,,,,,,,,,GP3HD,0.33846,0.87454,0.0901,0.36389,normalised
39.27726411819458,,,0.3291,0.86748,1,,,,,,,,,GP3HD,0.3291,0.86748,0.0901,0.36389,normalised
39.29409718513489,,,0.32383,0.86278,1,,,,,,,,,GP3HD,0.32383,0.86278,0.0901,0.36389,normalised
39.31065034866333,,,0.31957,0.85864,1,,,,,,,,,GP3HD,0.31957,0.85864,0.0901,0.36389,normalised
39.32486939430237,,,0.31625,0.85542,1,,,,,,,,,GP3HD,0.31625,0.85542,0.0901,0.36389,normalised
39.34140491485596,,,0.32039,0.8572,1,,,,,,,,,GP3HD,0.32039,0.8572,0.0901,0.36389,normalised
39.35766553878784,,,0.32272,0.85944,1,,,,,,,,,GP3HD,0.32272,0.85944,0.0901,0.36389,normalised
39.37580990791321,,,0.32475,0.86139,1,,,,,,,,,GP3HD,0.32475,0.86139,0.0901,0.36389,normalised
39.390703201293945,,,0.32521,0.85921,1,,,,,,,,,GP3HD,0.32521,0.85921,0.0901,0.36389,normalised
39.406044244766235,,,0.31882,0.84568,1,,,,,,,,,GP3HD,0.31882,0.84568,0.0901,0.36389,normalised
39.42286252975464,,,0.31343,0.83418,1,,,,,,,,,GP3HD,0.31343,0.83418,0.0901,0.36389,normalised
39.439066648483276,,,0.3016,0.82734,1,,,,,,,,,GP3HD,0.3016,0.82734,0.0901,0.36389,normalised
39.4561026096344,,,0.26664,0.79578,0,,,,,,,,,GP3HD,0.26664,0.79578,0.0901,0.36389,normalised
39.47086811065674,,,0.16725,0.74077,0,,,,,,,,,GP3HD,0.16725,0.74077,0.0901,0.36389,normalised
39.48846912384033,,,0.16907,0.74178,0,,,,,,,,,GP3HD,0.16907,0.74178,0.0901,0.36389,normalised
39.50405526161194,,,0.13061,0.70467,0,,,,,,,,,GP3HD,0.13061,0.70467,0.0901,0.36389,normalised
39.51902914047241,,,0.14478,0.69897,0,,,,,,,,,GP3HD,0.14478,0.69897,0.0901,0.36389,normalised
39.53485679626465,,,0.19886,0.76287,0,,,,,,,,,GP3HD,0.19886,0.76287,0.0901,0.36389,normalised
39.55246567726135,,,0.25823,0.8234,0,,,,,,,,,GP3HD,0.25823,0.8234,0.0901,0.36389,normalised
39.567880630493164,,,0.28347,0.85482,0,,,,,,,,,GP3HD,0.28347,0.85482,0.0901,0.36389,normalised
39.58407783508301,,,0.24647,0.81937,0,,,,,,,,,GP3HD,0.24647,0.81937,0.0901,0.36389,normalised
39.60037279129028,,,0.20274,0.78921,1,,,,,,,,,GP3HD,0.20274,0.78921,0.0901,0.36389,normalised
39.61782693862915,,,0.17756,0.7721,1,,,,,,,,,GP3HD,0.17756,0.7721,0.0901,0.36389,normalised
39.633028745651245,,,0.196,0.79093,1,,,,,,,,,GP3HD,0.196,0.79093,0.0901,0.36389,normalised
39.649457931518555,,,0.20672,0.80645,1,,,,,,,,,GP3HD,0.20672,0.80645,0.0901,0.36389,normalised
39.66489624977112,,,0.2144,0.81783,1,,,,,,,,,GP3HD,0.2144,0.81783,0.0901,0.36389,normalised
39.68153381347656,,,0.21623,0.81265,1,,,,,,,,,GP3HD,0.21623,0.81265,0.0901,0.36389,normalised
39.69869875907898,,,0.22604,0.81936,1,,,,,,,,,GP3HD,0.22604,0.81936,0.0901,0.36389,normalised
39.71335005760193,,,0.23328,0.82399,1,,,,,,,,,GP3HD,0.23328,0.82399,0.0901,0.36389,normalised
39.73051071166992,,,0.23979,0.82998,1,,,,,,,,,GP3HD,0.23979,0.82998,0.0901,0.36389,normalised
39.7466766834259,,,0.24243,0.83329,1,,,,,,,,,GP3HD,0.24243,0.83329,0.0901,0.36389,normalised
39.76442337036133,,,0.24521,0.83665,1,,,,,,,,,GP3HD,0.24521,0.83665,0.0901,0.36389,normalised
39.78019595146179,,,0.24214,0.83128,1,,,,,,,,,GP3HD,0.24214,0.83128,0.0901,0.36389,normalised
39.79479217529297,,,0.24498,0.83352,1,,,,,,,,,GP3HD,0.24498,0.83352,0.0901,0.36389,normalised
39.81019377708435,,,0.27663,0.86191,0,,,,,,,,,GP3HD,0.27663,0.86191,0.0901,0.36389,normalised
39.82719278335571,,,0.27475,0.86356,0,,,,,,,,,GP3HD,0.27475,0.86356,0.0901,0.36389,normalised
39.844233989715576,,,0.26702,0.86572,0,,,,,,,,,GP3HD,0.26702,0.86572,0.0901,0.36389,normalised
39.85902285575867,,,0.26188,0.86561,1,,,,,,,,,GP3HD,0.26188,0.86561,0.0901,0.36389,normalised
39.87551546096802,,,0.26219,0.86517,1,,,,,,,,,GP3HD,0.26219,0.86517,0.0901,0.36389,normalised
39.89167785644531,,,0.24677,0.84459,1,,,,,,,,,GP3HD,0.24677,0.84459,0.0901,0.36389,normalised
39.909626483917236,,,0.23466,0.82872,1,,,,,,,,,GP3HD,0.23466,0.82872,0.0901,0.36389,normalised
39.92459034919739,,,0.24283,0.8354,1,,,,,,,,,GP3HD,0.24283,0.8354,0.0901,0.36389,normalised
39.93936014175415,,,0.2494,0.8401,1,,,,,,,,,GP3HD,0.2494,0.8401,0.0901,0.36389,normalised
39.958354473114014,,,0.25511,0.84431,1,,,,,,,,,GP3HD,0.25511,0.84431,0.0901,0.36389,normalised
39.97384524345398,,,0.25718,0.84524,1,,,,,,,,,GP3HD,0.25718,0.84524,0.0901,0.36389,normalised
39.98884320259094,,,0.25493,0.83681,1,,,,,,,,,GP3HD,0.25493,0.83681,0.0901,0.36389,normalised
40.00553584098816,,,0.25321,0.82991,1,,,,,,,,,GP3HD,0.25321,0.82991,0.0901,0.36389,normalised
40.023242235183716,,,0.25531,0.8327,1,,,,,,,,,GP3HD,0.25531,0.8327,0.0901,0.36389,normalised
40.03727173805237,,,0.25634,0.83561,1,,,,,,,,,GP3HD,0.25634,0.83561,0.0901,0.36389,normalised
40.053327322006226,,,0.2568,0.83771,1,,,,,,,,,GP3HD,0.2568,0.83771,0.0901,0.36389,normalised
40.07099652290344,,,0.25252,0.83126,1,,,,,,,,,GP3HD,0.25252,0.83126,0.0901,0.36389,normalised
40.08573532104492,,,0.2485,0.82588,1,,,,,,,,,GP3HD,0.2485,0.82588,0.0901,0.36389,normalised
40.10180473327637,,,0.24491,0.82107,1,,,,,,,,,GP3HD,0.24491,0.82107,0.0901,0.36389,normalised
40.118621826171875,,,0.24851,0.82341,1,,,,,,,,,GP3HD,0.24851,0.82341,0.0901,0.36389,normalised
40.13710594177246,,,0.25184,0.82506,1,,,,,,,,,GP3HD,0.25184,0.82506,0.0901,0.36389,normalised
40.15282964706421,,,0.25487,0.82657,1,,,,,,,,,GP3HD,0.25487,0.82657,0.0901,0.36389,normalised
40.1668975353241,,,0.25589,0.82752,1,,,,,,,,,GP3HD,0.25589,0.82752,0.0901,0.36389,normalised
40.1828134059906,,,0.25795,0.82912,1,,,,,,,,,GP3HD,0.25795,0.82912,0.0901,0.36389,normalised
40.1987726688385,,,0.26001,0.83079,1,,,,,,,,,GP3HD,0.26001,0.83079,0.0901,0.36389,normalised
40.21528482437134,,,0.26012,0.83217,1,,,,,,,,,GP3HD,0.26012,0.83217,0.0901,0.36389,normalised
40.23240327835083,,,0.26169,0.83455,1,,,,,,,,,GP3HD,0.26169,0.83455,0.0901,0.36389,normalised
40.24999666213989,,,0.26323,0.83685,1,,,,,,,,,GP3HD,0.26323,0.83685,0.0901,0.36389,normalised
40.26377892494202,,,0.26444,0.83809,1,,,,,,,,,GP3HD,0.26444,0.83809,0.0901,0.36389,normalised
40.280707120895386,,,0.2919,0.85891,0,,,,,,,,,GP3HD,0.2919,0.85891,0.0901,0.36389,normalised
40.29626107215881,,,0.29617,0.85988,0,,,,,,,,,GP3HD,0.29617,0.85988,0.0901,0.36389,normalised
40.312023639678955,,,0.28953,0.86265,0,,,,,,,,,GP3HD,0.28953,0.86265,0.0901,0.36389,normalised
40.3286292552948,,,0.28669,0.87021,1,,,,,,,,,GP3HD,0.28669,0.87021,0.0901,0.36389,normalised
40.3455274105072,,,0.28593,0.87563,1,,,,,,,,,GP3HD,0.28593,0.87563,0.0901,0.36389,normalised
40.36192464828491,,,0.27832,0.86689,1,,,,,,,,,GP3HD,0.27832,0.86689,0.0901,0.36389,normalised
40.37923264503479,,,0.27038,0.86337,1,,,,,,,,,GP3HD,0.27038,0.86337,0.0901,0.36389,normalised
40.392799854278564,,,0.26475,0.8611,1,,,,,,,,,GP3HD,0.26475,0.8611,0.0901,0.36389,normalised
40.41037893295288,,,0.26644,0.86381,1,,,,,,,,,GP3HD,0.26644,0.86381,0.0901,0.36389,normalised
40.424898862838745,,,0.26526,0.86424,1,,,,,,,,,GP3HD,0.26526,0.86424,0.0901,0.36389,normalised
40.44179391860962,,,0.26363,0.86392,1,,,,,,,,,GP3HD,0.26363,0.86392,0.0901,0.36389,normalised
40.45740365982056,,,0.26313,0.86483,1,,,,,,,,,GP3HD,0.26313,0.86483,0.0901,0.36389,normalised
40.47334027290344,,,0.26308,0.86296,1,,,,,,,,,GP3HD,0.26308,0.86296,0.0901,0.36389,normalised
40.49120879173279,,,0.26303,0.86135,1,,,,,,,,,GP3HD,0.26303,0.86135,0.0901,0.36389,normalised
40.50701332092285,,,0.25955,0.86159,1,,,,,,,,,GP3HD,0.25955,0.86159,0.0901,0.36389,normalised
40.52448844909668,,,0.25391,0.85976,1,,,,,,,,,GP3HD,0.25391,0.85976,0.0901,0.36389,normalised
40.53977084159851,,,0.24953,0.85867,1,,,,,,,,,GP3HD,0.24953,0.85867,0.0901,0.36389,normalised
40.55428075790405,,,0.24934,0.86085,1,,,,,,,,,GP3HD,0.24934,0.86085,0.0901,0.36389,normalised
40.5721652507782,,,0.24841,0.8631,1,,,,,,,,,GP3HD,0.24841,0.8631,0.0901,0.36389,normalised
40.588823318481445,,,0.24812,0.86562,1,,,,,,,,,GP3HD,0.24812,0.86562,0.0901,0.36389,normalised
40.60378456115723,,,0.24928,0.86638,1,,,,,,,,,GP3HD,0.24928,0.86638,0.0901,0.36389,normalised
40.6185245513916,,,0.25068,0.86636,1,,,,,,,,,GP3HD,0.25068,0.86636,0.0901,0.36389,normalised
40.63560223579407,,,0.25166,0.86603,1,,,,,,,,,GP3HD,0.25166,0.86603,0.0901,0.36389,normalised
40.651586055755615,,,0.25169,0.86636,1,,,,,,,,,GP3HD,0.25169,0.86636,0.0901,0.36389,normalised
40.66831064224243,,,0.24979,0.86614,1,,,,,,,,,GP3HD,0.24979,0.86614,0.0901,0.36389,normalised
40.68384671211243,,,0.24804,0.86594,1,,,,,,,,,GP3HD,0.24804,0.86594,0.0901,0.36389,normalised
40.70037770271301,,,0.24952,0.86728,1,,,,,,,,,GP3HD,0.24952,0.86728,0.0901,0.36389,normalised
40.71624279022217,,,0.25079,0.8686,1,,,,,,,,,GP3HD,0.25079,0.8686,0.0901,0.36389,normalised
40.73253417015076,,,0.25182,0.86967,1,,,,,,,,,GP3HD,0.25182,0.86967,0.0901,0.36389,normalised
40.74879431724548,,,0.25266,0.87004,1,,,,,,,,,GP3HD,0.25266,0.87004,0.0901,0.36389,normalised
40.76541543006897,,,0.25473,0.87145,1,,,,,,,,,GP3HD,0.25473,0.87145,0.0901,0.36389,normalised
40.783270597457886,,,0.25673,0.87281,1,,,,,,,,,GP3HD,0.25673,0.87281,0.0901,0.36389,normalised
40.79782819747925,,,0.25865,0.87403,1,,,,,,,,,GP3HD,0.25865,0.87403,0.0901,0.36389,normalised
40.81376791000366,,,0.28015,0.89502,0,,,,,,,,,GP3HD,0.28015,0.89502,0.0901,0.36389,normalised
40.831605434417725,,,0.31524,0.93077,0,,,,,,,,,GP3HD,0.31524,0.93077,0.0901,0.36389,normalised
40.8470778465271,,,0.3049,0.93005,0,,,,,,,,,GP3HD,0.3049,0.93005,0.0901,0.36389,normalised
40.86300039291382,,,0.30201,0.9405,1,,,,,,,,,GP3HD,0.30201,0.9405,0.0901,0.36389,normalised
40.87969756126404,,,0.29887,0.94553,1,,,,,,,,,GP3HD,0.29887,0.94553,0.0901,0.36389,normalised
40.895418643951416,,,0.30048,0.94703,1,,,,,,,,,GP3HD,0.30048,0.94703,0.0901,0.36389,normalised
40.91302824020386,,,0.30721,0.95398,1,,,,,,,,,GP3HD,0.30721,0.95398,0.0901,0.36389,normalised
40.92915868759155,,,0.31226,0.95919,1,,,,,,,,,GP3HD,0.31226,0.95919,0.0901,0.36389,normalised
40.94443416595459,,,0.31364,0.95055,1,,,,,,,,,GP3HD,0.31364,0.95055,0.0901,0.36389,normalised
40.95906972885132,,,0.31805,0.94562,1,,,,,,,,,GP3HD,0.31805,0.94562,0.0901,0.36389,normalised
40.975090742111206,,,0.32166,0.94159,1,,,,,,,,,GP3HD,0.32166,0.94159,0.0901,0.36389,normalised
40.992881536483765,,,0.31827,0.93539,1,,,,,,,,,GP3HD,0.31827,0.93539,0.0901,0.36389,normalised
41.00839686393738,,,0.30561,0.9197,1,,,,,,,,,GP3HD,0.30561,0.9197,0.0901,0.36389,normalised
41.0232789516449,,,0.29475,0.90625,1,,,,,,,,,GP3HD,0.29475,0.90625,0.0901,0.36389,normalised
41.04038405418396,,,0.2927,0.90475,1,,,,,,,,,GP3HD,0.2927,0.90475,0.0901,0.36389,normalised
41.0557918548584,,,0.29122,0.90343,1,,,,,,,,,GP3HD,0.29122,0.90343,0.0901,0.36389,normalised
41.073018074035645,,,0.28963,0.902,1,,,,,,,,,GP3HD,0.28963,0.902,0.0901,0.36389,normalised
41.08768916130066,,,0.29156,0.90177,1,,,,,,,,,GP3HD,0.29156,0.90177,0.0901,0.36389,normalised
41.10463237762451,,,0.28689,0.87368,0,,,,,,,,,GP3HD,0.28689,0.87368,0.0901,0.36389,normalised
41.12122964859009,,,0.3149,0.90058,0,,,,,,,,,GP3HD,0.3149,0.90058,0.0901,0.36389,normalised
41.13690400123596,,,0.29473,0.88693,0,,,,,,,,,GP3HD,0.29473,0.88693,0.0901,0.36389,normalised
41.153794050216675,,,0.29718,0.88831,1,,,,,,,,,GP3HD,0.29718,0.88831,0.0901,0.36389,normalised
41.1707649230957,,,0.29912,0.88969,1,,,,,,,,,GP3HD,0.29912,0.88969,0.0901,0.36389,normalised
41.1845543384552,,,0.29792,0.89387,1,,,,,,,,,GP3HD,0.29792,0.89387,0.0901,0.36389,normalised
41.2013144493103,,,0.29393,0.89702,1,,,,,,,,,GP3HD,0.29393,0.89702,0.0901,0.36389,normalised
41.21836805343628,,,0.29061,0.89904,1,,,,,,,,,GP3HD,0.29061,0.89904,0.0901,0.36389,normalised
41.23593211174011,,,0.2904,0.89742,1,,,,,,,,,GP3HD,0.2904,0.89742,0.0901,0.36389,normalised
41.251978397369385,,,0.29485,0.89964,1,,,,,,,,,GP3HD,0.29485,0.89964,0.0901,0.36389,normalised
41.26864218711853,,,0.29947,0.90246,1,,,,,,,,,GP3HD,0.29947,0.90246,0.0901,0.36389,normalised
41.284077644348145,,,0.3013,0.90245,1,,,,,,,,,GP3HD,0.3013,0.90245,0.0901,0.36389,normalised
41.30067324638367,,,0.30296,0.90331,1,,,,,,,,,GP3HD,0.30296,0.90331,0.0901,0.36389,normalised
41.31540513038635,,,0.30419,0.90392,1,,,,,,,,,GP3HD,0.30419,0.90392,0.0901,0.36389,normalised
41.33097290992737,,,0.30419,0.90529,1,,,,,,,,,GP3HD,0.30419,0.90529,0.0901,0.36389,normalised
41.347583055496216,,,0.30121,0.90528,1,,,,,,,,,GP3HD,0.30121,0.90528,0.0901,0.36389,normalised
41.364466190338135,,,0.29773,0.90447,1,,,,,,,,,GP3HD,0.29773,0.90447,0.0901,0.36389,normalised
41.37999391555786,,,0.29346,0.90093,1,,,,,,,,,GP3HD,0.29346,0.90093,0.0901,0.36389,normalised
41.39678239822388,,,0.28857,0.89646,1,,,,,,,,,GP3HD,0.28857,0.89646,0.0901,0.36389,normalised
41.41431546211243,,,0.28442,0.89268,1,,,,,,,,,GP3HD,0.28442,0.89268,0.0901,0.36389,normalised
41.42822337150574,,,0.27824,0.8853,1,,,,,,,,,GP3HD,0.27824,0.8853,0.0901,0.36389,normalised
41.445915937423706,,,0.24905,0.8554,0,,,,,,,,,GP3HD,0.24905,0.8554,0.0901,0.36389,normalised
41.461731910705566,,,0.1729,0.76434,0,,,,,,,,,GP3HD,0.1729,0.76434,0.0901,0.36389,normalised
41.47724795341492,,,0.16481,0.75052,0,,,,,,,,,GP3HD,0.16481,0.75052,0.0901,0.36389,normalised
41.495070934295654,,,0.1095,0.6903,0,,,,,,,,,GP3HD,0.1095,0.6903,0.0901,0.36389,normalised
41.50983238220215,,,0.09746,0.68343,0,,,,,,,,,GP3HD,0.09746,0.68343,0.0901,0.36389,normalised
41.52787923812866,,,0.16243,0.75091,0,,,,,,,,,GP3HD,0.16243,0.75091,0.0901,0.36389,normalised
41.54136419296265,,,0.23409,0.8151,0,,,,,,,,,GP3HD,0.23409,0.8151,0.0901,0.36389,normalised
41.5582230091095,,,0.28381,0.85407,0,,,,,,,,,GP3HD,0.28381,0.85407,0.0901,0.36389,normalised
41.57366180419922,,,0.29774,0.86666,0,,,,,,,,,GP3HD,0.29774,0.86666,0.0901,0.36389,normalised
41.5897421836853,,,0.33647,0.89676,0,,,,,,,,,GP3HD,0.33647,0.89676,0.0901,0.36389,normalised
41.60779929161072,,,0.34034,0.89771,0,,,,,,,,,GP3HD,0.34034,0.89771,0.0901,0.36389,normalised
41.6225152015686,,,0.32771,0.89998,0,,,,,,,,,GP3HD,0.32771,0.89998,0.0901,0.36389,normalised
41.63768792152405,,,0.31448,0.89691,1,,,,,,,,,GP3HD,0.31448,0.89691,0.0901,0.36389,normalised
41.65479135513306,,,0.30654,0.89508,1,,,,,,,,,GP3HD,0.30654,0.89508,0.0901,0.36389,normalised
41.673006772994995,,,0.30805,0.89259,1,,,,,,,,,GP3HD,0.30805,0.89259,0.0901,0.36389,normalised
41.68897867202759,,,0.30918,0.89123,1,,,,,,,,,GP3HD,0.30918,0.89123,0.0901,0.36389,normalised
41.70277142524719,,,0.31003,0.8902,1,,,,,,,,,GP3HD,0.31003,0.8902,0.0901,0.36389,normalised
41.719852447509766,,,0.3112,0.89183,1,,,,,,,,,GP3HD,0.3112,0.89183,0.0901,0.36389,normalised
41.73528718948364,,,0.31662,0.89432,1,,,,,,,,,GP3HD,0.31662,0.89432,0.0901,0.36389,normalised
41.7515869140625,,,0.32105,0.89636,1,,,,,,,,,GP3HD,0.32105,0.89636,0.0901,0.36389,normalised
41.769885778427124,,,0.32022,0.89811,1,,,,,,,,,GP3HD,0.32022,0.89811,0.0901,0.36389,normalised
41.786245822906494,,,0.32066,0.89906,1,,,,,,,,,GP3HD,0.32066,0.89906,0.0901,0.36389,normalised
41.800254583358765,,,0.32104,0.89987,1,,,,,,,,,GP3HD,0.32104,0.89987,0.0901,0.36389,normalised
41.818639039993286,,,0.32065,0.90073,1,,,,,,,,,GP3HD,0.32065,0.90073,0.0901,0.36389,normalised
41.8324818611145,,,0.32013,0.90105,1,,,,,,,,,GP3HD,0.32013,0.90105,0.0901,0.36389,normalised
41.84993267059326,,,0.31939,0.90107,1,,,,,,,,,GP3HD,0.31939,0.90107,0.0901,0.36389,normalised
41.86571526527405,,,0.3027,0.8907,1,,,,,,,,,GP3HD,0.3027,0.8907,0.0901,0.36389,normalised
41.881290912628174,,,0.27347,0.87562,1,,,,,,,,,GP3HD,0.27347,0.87562,0.0901,0.36389,normalised
41.898706674575806,,,0.20507,0.84305,0,,,,,,,,,GP3HD,0.20507,0.84305,0.0901,0.36389,normalised
41.91434144973755,,,0.42397,0.85049,0,,,,,,,,,GP3HD,0.42397,0.85049,0.0901,0.36389,normalised
41.93045473098755,,,0.4949,0.84397,0,,,,,,,,,GP3HD,0.4949,0.84397,0.0901,0.36389,normalised
41.94814944267273,,,0.64063,0.8442,0,,,,,,,,,GP3HD,0.64063,0.8442,0.0901,0.36389,normalised
41.96521973609924,,,0.65003,0.86673,0,,,,,,,,,GP3HD,0.65003,0.86673,0.0901,0.36389,normalised
41.97858715057373,,,0.65207,0.86774,0,,,,,,,,,GP3HD,0.65207,0.86774,0.0901,0.36389,normalised
41.99320435523987,,,0.65299,0.86797,1,,,,,,,,,GP3HD,0.65299,0.86797,0.0901,0.36389,normalised
42.011350870132446,,,0.66127,0.86807,1,,,,,,,,,GP3HD,0.66127,0.86807,0.0901,0.36389,normalised
42.02576756477356,,,0.66708,0.86727,1,,,,,,,,,GP3HD,0.66708,0.86727,0.0901,0.36389,normalised
42.04240870475769,,,0.67128,0.86687,1,,,,,,,,,GP3HD,0.67128,0.86687,0.0901,0.36389,normalised
42.05882024765015,,,0.66114,0.86368,1,,,,,,,,,GP3HD,0.66114,0.86368,0.0901,0.36389,normalised
42.07718825340271,,,0.64336,0.85986,1,,,,,,,,,GP3HD,0.64336,0.85986,0.0901,0.36389,normalised
42.09192943572998,,,0.62929,0.85707,1,,,,,,,,,GP3HD,0.62929,0.85707,0.0901,0.36389,normalised
42.10881996154785,,,0.65583,0.8618,1,,,,,,,,,GP3HD,0.65583,0.8618,0.0901,0.36389,normalised
42.12354016304016,,,0.67796,0.86516,1,,,,,,,,,GP3HD,0.67796,0.86516,0.0901,0.36389,normalised
42.13917851448059,,,0.69651,0.86689,1,,,,,,,,,GP3HD,0.69651,0.86689,0.0901,0.36389,normalised
42.158018589019775,,,0.71178,0.86652,1,,,,,,,,,GP3HD,0.71178,0.86652,0.0901,0.36389,normalised
42.17275404930115,,,0.7242,0.86603,1,,,,,,,,,GP3HD,0.7242,0.86603,0.0901,0.36389,normalised
42.18927454948425,,,0.76234,0.86455,0,,,,,,,,,GP3HD,0.76234,0.86455,0.0901,0.36389,normalised
42.20427060127258,,,0.8436,0.87528,0,,,,,,,,,GP3HD,0.8436,0.87528,0.0901,0.36389,normalised
42.221293449401855,,,0.86117,0.87666,0,,,,,,,,,GP3HD,0.86117,0.87666,0.0901,0.36389,normalised
42.237008571624756,,,0.90645,0.88414,0,,,,,,,,,GP3HD,0.90645,0.88414,0.0901,0.36389,normalised
42.25491690635681,,,0.92804,0.91577,0,,,,,,,,,GP3HD,0.92804,0.91577,0.0901,0.36389,normalised
42.27046751976013,,,0.90349,0.89316,0,,,,,,,,,GP3HD,0.90349,0.89316,0.0901,0.36389,normalised
42.2854220867157,,,0.89033,0.87781,1,,,,,,,,,GP3HD,0.89033,0.87781,0.0901,0.36389,normalised
42.301018714904785,,,0.91678,0.88673,1,,,,,,,,,GP3HD,0.91678,0.88673,0.0901,0.36389,normalised
42.318692445755005,,,0.93143,0.87943,1,,,,,,,,,GP3HD,0.93143,0.87943,0.0901,0.36389,normalised
42.33469486236572,,,0.94163,0.87296,1,,,,,,,,,GP3HD,0.94163,0.87296,0.0901,0.36389,normalised
42.34985423088074,,,0.95192,0.87569,1,,,,,,,,,GP3HD,0.95192,0.87569,0.0901,0.36389,normalised
42.367289543151855,,,0.95969,0.87618,1,,,,,,,,,GP3HD,0.95969,0.87618,0.0901,0.36389,normalised
42.384342670440674,,,0.96606,0.87821,1,,,,,,,,,GP3HD,0.96606,0.87821,0.0901,0.36389,normalised
42.398946046829224,,,0.96967,0.8856,1,,,,,,,,,GP3HD,0.96967,0.8856,0.0901,0.36389,normalised
42.41640377044678,,,0.97009,0.88757,1,,,,,,,,,GP3HD,0.97009,0.88757,0.0901,0.36389,normalised
42.43083453178406,,,0.97056,0.88983,1,,,,,,,,,GP3HD,0.97056,0.88983,0.0901,0.36389,normalised
42.448344707489014,,,0.97117,0.89246,1,,,,,,,,,GP3HD,0.97117,0.89246,0.0901,0.36389,normalised
42.4652955532074,,,0.97119,0.89357,1,,,,,,,,,GP3HD,0.97119,0.89357,0.0901,0.36389,normalised
42.480027198791504,,,0.99812,0.89973,0,,,,,,,,,GP3HD,0.99812,0.89973,0.0901,0.36389,normalised
42.497578620910645,,,0.999,0.93053,0,,,,,,,,,GP3HD,0.999,0.93053,0.0901,0.36389,normalised
42.51348114013672,,,0.98666,0.92902,0,,,,,,,,,GP3HD,0.98666,0.92902,0.0901,0.36389,normalised
42.527665853500366,,,0.98044,0.92858,1,,,,,,,,,GP3HD,0.98044,0.92858,0.0901,0.36389,normalised
42.54500341415405,,,0.97806,0.93056,1,,,,,,,,,GP3HD,0.97806,0.93056,0.0901,0.36389,normalised
42.561360359191895,,,0.97336,0.93025,1,,,,,,,,,GP3HD,0.97336,0.93025,0.0901,0.36389,normalised
42.57867980003357,,,0.97002,0.92982,1,,,,,,,,,GP3HD,0.97002,0.92982,0.0901,0.36389,normalised
42.592684507369995,,,0.96973,0.92803,1,,,,,,,,,GP3HD,0.96973,0.92803,0.0901,0.36389,normalised
42.608906984329224,,,0.96696,0.92406,1,,,,,,,,,GP3HD,0.96696,0.92406,0.0901,0.36389,normalised
42.625104904174805,,,0.96466,0.92059,1,,,,,,,,,GP3HD,0.96466,0.92059,0.0901,0.36389,normalised
42.640564918518066,,,0.96883,0.92504,1,,,,,,,,,GP3HD,0.96883,0.92504,0.0901,0.36389,normalised
42.65850901603699,,,0.97182,0.92925,1,,,,,,,,,GP3HD,0.97182,0.92925,0.0901,0.36389,normalised
42.67304539680481,,,0.97441,0.93344,1,,,,,,,,,GP3HD,0.97441,0.93344,0.0901,0.36389,normalised
42.690077781677246,,,0.97505,0.93636,1,,,,,,,,,GP3HD,0.97505,0.93636,0.0901,0.36389,normalised
42.70775055885315,,,0.97567,0.93857,1,,,,,,,,,GP3HD,0.97567,0.93857,0.0901,0.36389,normalised
42.72146153450012,,,0.97623,0.94042,1,,,,,,,,,GP3HD,0.97623,0.94042,0.0901,0.36389,normalised
42.73899006843567,,,0.97706,0.94171,1,,,,,,,,,GP3HD,0.97706,0.94171,0.0901,0.36389,normalised
42.75373435020447,,,0.97783,0.94247,1,,,,,,,,,GP3HD,0.97783,0.94247,0.0901,0.36389,normalised
42.77181077003479,,,0.97846,0.9427,1,,,,,,,,,GP3HD,0.97846,0.9427,0.0901,0.36389,normalised
42.78744435310364,,,0.98063,0.94417,1,,,,,,,,,GP3HD,0.98063,0.94417,0.0901,0.36389,normalised
42.80324864387512,,,0.98252,0.94423,1,,,,,,,,,GP3HD,0.98252,0.94423,0.0901,0.36389,normalised
42.82067346572876,,,1.00051,0.96318,0,,,,,,,,,GP3HD,1.00051,0.96318,0.0901,0.36389,normalised
42.83525204658508,,,1.00317,0.93077,0,,,,,,,,,GP3HD,1.00317,0.93077,0.0901,0.36389,normalised
42.85082793235779,,,1.00997,0.92469,0,,,,,,,,,GP3HD,1.00997,0.92469,0.0901,0.36389,normalised
42.868539571762085,,,1.01304,0.91963,1,,,,,,,,,GP3HD,1.01304,0.91963,0.0901,0.36389,normalised
42.88555860519409,,,1.01066,0.91356,1,,,,,,,,,GP3HD,1.01066,0.91356,0.0901,0.36389,normalised
42.900298833847046,,,1.00741,0.90429,1,,,,,,,,,GP3HD,1.00741,0.90429,0.0901,0.36389,normalised
42.91784381866455,,,1.00531,0.89915,1,,,,,,,,,GP3HD,1.00531,0.89915,0.0901,0.36389,normalised
42.932464599609375,,,1.00478,0.90067,1,,,,,,,,,GP3HD,1.00478,0.90067,0.0901,0.36389,normalised
42.948890686035156,,,1.00566,0.90177,1,,,,,,,,,GP3HD,1.00566,0.90177,0.0901,0.36389,normalised
42.96643424034119,,,1.00643,0.90314,1,,,,,,,,,GP3HD,1.00643,0.90314,0.0901,0.36389,normalised
42.98100662231445,,,1.00455,0.90349,1,,,,,,,,,GP3HD,1.00455,0.90349,0.0901,0.36389,normalised
42.99862194061279,,,1.00272,0.90483,1,,,,,,,,,GP3HD,1.00272,0.90483,0.0901,0.36389,normalised
43.0129075050354,,,1.00116,0.90596,1,,,,,,,,,GP3HD,1.00116,0.90596,0.0901,0.36389,normalised
43.02994084358215,,,0.99907,0.90828,1,,,,,,,,,GP3HD,0.99907,0.90828,0.0901,0.36389,normalised
43.04751205444336,,,0.99588,0.90768,1,,,,,,,,,GP3HD,0.99588,0.90768,0.0901,0.36389,normalised
43.061699867248535,,,0.99314,0.90751,1,,,,,,,,,GP3HD,0.99314,0.90751,0.0901,0.36389,normalised
43.079976320266724,,,0.99311,0.90872,1,,,,,,,,,GP3HD,0.99311,0.90872,0.0901,0.36389,normalised
43.094501972198486,,,0.99187,0.91116,1,,,,,,,,,GP3HD,0.99187,0.91116,0.0901,0.36389,normalised
43.11111283302307,,,0.99079,0.91349,1,,,,,,,,,GP3HD,0.99079,0.91349,0.0901,0.36389,normalised
43.12730526924133,,,0.98886,0.91293,1,,,,,,,,,GP3HD,0.98886,0.91293,0.0901,0.36389,normalised
43.14287734031677,,,0.9871,0.91299,1,,,,,,,,,GP3HD,0.9871,0.91299,0.0901,0.36389,normalised
43.15859794616699,,,0.98543,0.91265,1,,,,,,,,,GP3HD,0.98543,0.91265,0.0901,0.36389,normalised
43.176732540130615,,,0.98518,0.9136,1,,,,,,,,,GP3HD,0.98518,0.9136,0.0901,0.36389,normalised
43.19045352935791,,,0.9853,0.91581,1,,,,,,,,,GP3HD,0.9853,0.91581,0.0901,0.36389,normalised
43.20767283439636,,,0.98543,0.918,1,,,,,,,,,GP3HD,0.98543,0.918,0.0901,0.36389,normalised
43.22303104400635,,,0.98594,0.91932,1,,,,,,,,,GP3HD,0.98594,0.91932,0.0901,0.36389,normalised
43.23997950553894,,,0.98591,0.91908,1,,,,,,,,,GP3HD,0.98591,0.91908,0.0901,0.36389,normalised
43.25689244270325,,,0.98589,0.91885,1,,,,,,,,,GP3HD,0.98589,0.91885,0.0901,0.36389,normalised
43.27279543876648,,,0.98547,0.9191,1,,,,,,,,,GP3HD,0.98547,0.9191,0.0901,0.36389,normalised
43.288920879364014,,,0.98505,0.91962,1,,,,,,,,,GP3HD,0.98505,0.91962,0.0901,0.36389,normalised
43.306716442108154,,,0.98465,0.92015,1,,,,,,,,,GP3HD,0.98465,0.92015,0.0901,0.36389,normalised
43.320345401763916,,,0.98511,0.92133,1,,,,,,,,,GP3HD,0.98511,0.92133,0.0901,0.36389,normalised
43.337194204330444,,,0.9852,0.92263,1,,,,,,,,,GP3HD,0.9852,0.92263,0.0901,0.36389,normalised
43.354907274246216,,,0.9853,0.9238,1,,,,,,,,,GP3HD,0.9853,0.9238,0.0901,0.36389,normalised
43.36941146850586,,,0.98535,0.92461,1,,,,,,,,,GP3HD,0.98535,0.92461,0.0901,0.36389,normalised
43.38743233680725,,,0.98508,0.9247,1,,,,,,,,,GP3HD,0.98508,0.9247,0.0901,0.36389,normalised
43.40297603607178,,,0.98479,0.92456,1,,,,,,,,,GP3HD,0.98479,0.92456,0.0901,0.36389,normalised
43.41749405860901,,,0.98431,0.92349,1,,,,,,,,,GP3HD,0.98431,0.92349,0.0901,0.36389,normalised
43.43510031700134,,,0.98457,0.92357,1,,,,,,,,,GP3HD,0.98457,0.92357,0.0901,0.36389,normalised
43.45262575149536,,,0.98482,0.92391,1,,,,,,,,,GP3HD,0.98482,0.92391,0.0901,0.36389,normalised
43.46728491783142,,,0.98487,0.92394,1,,,,,,,,,GP3HD,0.98487,0.92394,0.0901,0.36389,normalised
43.481900215148926,,,0.98524,0.92538,1,,,,,,,,,GP3HD,0.98524,0.92538,0.0901,0.36389,normalised
43.49942326545715,,,0.98561,0.92682,1,,,,,,,,,GP3HD,0.98561,0.92682,0.0901,0.36389,normalised
43.51396608352661,,,0.98608,0.92732,1,,,,,,,,,GP3HD,0.98608,0.92732,0.0901,0.36389,normalised
43.53169059753418,,,0.9871,0.92921,1,,,,,,,,,GP3HD,0.9871,0.92921,0.0901,0.36389,normalised
43.54844951629639,,,0.98808,0.93097,1,,,,,,,,,GP3HD,0.98808,0.93097,0.0901,0.36389,normalised
43.565250396728516,,,0.98861,0.93184,1,,,,,,,,,GP3HD,0.98861,0.93184,0.0901,0.36389,normalised
43.57938289642334,,,1.00301,0.96,0,,,,,,,,,GP3HD,1.00301,0.96,0.0901,0.36389,normalised
43.596012353897095,,,1.01891,0.98964,0,,,,,,,,,GP3HD,1.01891,0.98964,0.0901,0.36389,normalised
43.61263871192932,,,1.01177,0.98556,0,,,,,,,,,GP3HD,1.01177,0.98556,0.0901,0.36389,normalised
43.62723898887634,,,1.00774,0.979,1,,,,,,,,,GP3HD,1.00774,0.979,0.0901,0.36389,normalised
43.644752502441406,,,1.00523,0.97424,1,,,,,,,,,GP3HD,1.00523,0.97424,0.0901,0.36389,normalised
43.66142416000366,,,1.00529,0.97317,1,,,,,,,,,GP3HD,1.00529,0.97317,0.0901,0.36389,normalised
43.67660427093506,,,1.00442,0.96879,1,,,,,,,,,GP3HD,1.00442,0.96879,0.0901,0.36389,normalised
43.69422769546509,,,1.00376,0.96549,1,,,,,,,,,GP3HD,1.00376,0.96549,0.0901,0.36389,normalised
43.7087562084198,,,1.00331,0.96152,1,,,,,,,,,GP3HD,1.00331,0.96152,0.0901,0.36389,normalised
43.72573113441467,,,1.00319,0.95926,1,,,,,,,,,GP3HD,1.00319,0.95926,0.0901,0.36389,normalised
43.74145531654358,,,1.00307,0.95751,1,,,,,,,,,GP3HD,1.00307,0.95751,0.0901,0.36389,normalised
43.75837421417236,,,1.00246,0.95607,1,,,,,,,,,GP3HD,1.00246,0.95607,0.0901,0.36389,normalised
43.774059534072876,,,1.00175,0.95421,1,,,,,,,,,GP3HD,1.00175,0.95421,0.0901,0.36389,normalised
43.78972506523132,,,1.00111,0.95216,1,,,,,,,,,GP3HD,1.00111,0.95216,0.0901,0.36389,normalised
43.80578255653381,,,1.00071,0.95124,1,,,,,,,,,GP3HD,1.00071,0.95124,0.0901,0.36389,normalised
43.82376527786255,,,1.00005,0.94907,1,,,,,,,,,GP3HD,1.00005,0.94907,0.0901,0.36389,normalised
43.840237855911255,,,0.99939,0.94629,1,,,,,,,,,GP3HD,0.99939,0.94629,0.0901,0.36389,normalised
43.856658697128296,,,0.99683,0.94058,1,,,,,,,,,GP3HD,0.99683,0.94058,0.0901,0.36389,normalised
43.87052869796753,,,0.99335,0.93483,1,,,,,,,,,GP3HD,0.99335,0.93483,0.0901,0.36389,normalised
43.88637924194336,,,0.98118,0.90589,0,,,,,,,,,GP3HD,0.98118,0.90589,0.0901,0.36389,normalised
43.90427756309509,,,0.97111,0.89595,0,,,,,,,,,GP3HD,0.97111,0.89595,0.0901,0.36389,normalised
43.920419454574585,,,0.95718,0.89091,0,,,,,,,,,GP3HD,0.95718,0.89091,0.0901,0.36389,normalised
43.93548369407654,,,0.95084,0.89191,1,,,,,,,,,GP3HD,0.95084,0.89191,0.0901,0.36389,normalised
43.95331048965454,,,0.9597,0.90109,1,,,,,,,,,GP3HD,0.9597,0.90109,0.0901,0.36389,normalised
43.96802306175232,,,0.95841,0.90448,1,,,,,,,,,GP3HD,0.95841,0.90448,0.0901,0.36389,normalised
43.98550820350647,,,0.95759,0.90752,1,,,,,,,,,GP3HD,0.95759,0.90752,0.0901,0.36389,normalised
43.99934697151184,,,0.9581,0.90764,1,,,,,,,,,GP3HD,0.9581,0.90764,0.0901,0.36389,normalised
44.01571488380432,,,0.9583,0.90972,1,,,,,,,,,GP3HD,0.9583,0.90972,0.0901,0.36389,normalised
44.034486055374146,,,0.95844,0.91152,1,,,,,,,,,GP3HD,0.95844,0.91152,0.0901,0.36389,normalised
44.05050468444824,,,0.96207,0.91646,1,,,,,,,,,GP3HD,0.96207,0.91646,0.0901,0.36389,normalised
44.06526565551758,,,0.96018,0.91502,1,,,,,,,,,GP3HD,0.96018,0.91502,0.0901,0.36389,normalised
44.08116579055786,,,0.95867,0.91393,1,,,,,,,,,GP3HD,0.95867,0.91393,0.0901,0.36389,normalised
44.09900784492493,,,0.96134,0.91591,1,,,,,,,,,GP3HD,0.96134,0.91591,0.0901,0.36389,normalised
44.113072633743286,,,0.9641,0.91744,1,,,,,,,,,GP3HD,0.9641,0.91744,0.0901,0.36389,normalised
44.129841804504395,,,0.96636,0.91782,1,,,,,,,,,GP3HD,0.96636,0.91782,0.0901,0.36389,normalised
44.14614129066467,,,0.96624,0.91626,1,,,,,,,,,GP3HD,0.96624,0.91626,0.0901,0.36389,normalised
44.163076877593994,,,0.96601,0.91488,1,,,,,,,,,GP3HD,0.96601,0.91488,0.0901,0.36389,normalised
44.17806386947632,,,0.96588,0.91412,1,,,,,,,,,GP3HD,0.96588,0.91412,0.0901,0.36389,normalised
44.195892572402954,,,0.96617,0.9128,1,,,,,,,,,GP3HD,0.96617,0.9128,0.0901,0.36389,normalised
44.21039128303528,,,0.96677,0.91293,1,,,,,,,,,GP3HD,0.96677,0.91293,0.0901,0.36389,normalised
44.226866245269775,,,0.96735,0.91322,1,,,,,,,,,GP3HD,0.96735,0.91322,0.0901,0.36389,normalised
44.24395275115967,,,0.9688,0.91364,1,,,,,,,,,GP3HD,0.9688,0.91364,0.0901,0.36389,normalised
44.257954835891724,,,0.96935,0.91329,1,,,,,,,,,GP3HD,0.96935,0.91329,0.0901,0.36389,normalised
44.27592730522156,,,0.96982,0.91279,1,,,,,,,,,GP3HD,0.96982,0.91279,0.0901,0.36389,normalised
44.29299545288086,,,0.97157,0.91523,1,,,,,,,,,GP3HD,0.97157,0.91523,0.0901,0.36389,normalised
44.30670237541199,,,0.97342,0.91741,1,,,,,,,,,GP3HD,0.97342,0.91741,0.0901,0.36389,normalised
44.32376194000244,,,0.97515,0.91957,1,,,,,,,,,GP3HD,0.97515,0.91957,0.0901,0.36389,normalised
44.34054231643677,,,0.97593,0.92046,1,,,,,,,,,GP3HD,0.97593,0.92046,0.0901,0.36389,normalised
44.35654091835022,,,0.97666,0.92136,1,,,,,,,,,GP3HD,0.97666,0.92136,0.0901,0.36389,normalised
44.372299909591675,,,0.97733,0.92225,1,,,,,,,,,GP3HD,0.97733,0.92225,0.0901,0.36389,normalised
44.38935112953186,,,0.97716,0.92189,1,,,,,,,,,GP3HD,0.97716,0.92189,0.0901,0.36389,normalised
44.40404176712036,,,0.99835,0.93846,0,,,,,,,,,GP3HD,0.99835,0.93846,0.0901,0.36389,normalised
44.421101331710815,,,1.00602,0.93768,0,,,,,,,,,GP3HD,1.00602,0.93768,0.0901,0.36389,normalised
44.438159704208374,,,1.00583,0.94346,0,,,,,,,,,GP3HD,1.00583,0.94346,0.0901,0.36389,normalised
44.45358085632324,,,1.0031,0.93723,1,,,,,,,,,GP3HD,1.0031,0.93723,0.0901,0.36389,normalised
44.470515966415405,,,1.00151,0.93323,1,,,,,,,,,GP3HD,1.00151,0.93323,0.0901,0.36389,normalised
44.48474597930908,,,0.99613,0.93101,1,,,,,,,,,GP3HD,0.99613,0.93101,0.0901,0.36389,normalised
44.501168966293335,,,0.99256,0.92669,1,,,,,,,,,GP3HD,0.99256,0.92669,0.0901,0.36389,normalised
44.518022775650024,,,0.98977,0.92305,1,,,,,,,,,GP3HD,0.98977,0.92305,0.0901,0.36389,normalised
44.536017656326294,,,0.98898,0.92345,1,,,,,,,,,GP3HD,0.98898,0.92345,0.0901,0.36389,normalised
44.55040407180786,,,0.98764,0.92263,1,,,,,,,,,GP3HD,0.98764,0.92263,0.0901,0.36389,normalised
44.56680512428284,,,0.98653,0.92124,1,,,,,,,,,GP3HD,0.98653,0.92124,0.0901,0.36389,normalised
44.58215665817261,,,0.98884,0.92133,1,,,,,,,,,GP3HD,0.98884,0.92133,0.0901,0.36389,normalised
44.60025453567505,,,0.98938,0.91712,1,,,,,,,,,GP3HD,0.98938,0.91712,0.0901,0.36389,normalised
44.61499071121216,,,0.98969,0.91248,1,,,,,,,,,GP3HD,0.98969,0.91248,0.0901,0.36389,normalised
44.631117820739746,,,0.98975,0.91096,1,,,,,,,,,GP3HD,0.98975,0.91096,0.0901,0.36389,normalised
44.64884614944458,,,0.99063,0.9087,1,,,,,,,,,GP3HD,0.99063,0.9087,0.0901,0.36389,normalised
44.666051149368286,,,0.99149,0.90728,1,,,,,,,,,GP3HD,0.99149,0.90728,0.0901,0.36389,normalised
44.67950963973999,,,0.99156,0.90744,1,,,,,,,,,GP3HD,0.99156,0.90744,0.0901,0.36389,normalised
44.69645714759827,,,0.99092,0.90677,1,,,,,,,,,GP3HD,0.99092,0.90677,0.0901,0.36389,normalised
44.71346664428711,,,0.99037,0.90645,1,,,,,,,,,GP3HD,0.99037,0.90645,0.0901,0.36389,normalised
44.72721719741821,,,0.99018,0.90618,1,,,,,,,,,GP3HD,0.99018,0.90618,0.0901,0.36389,normalised
44.745057821273804,,,0.99143,0.90723,1,,,,,,,,,GP3HD,0.99143,0.90723,0.0901,0.36389,normalised
44.762614488601685,,,0.99258,0.9082,1,,,,,,,,,GP3HD,0.99258,0.9082,0.0901,0.36389,normalised
44.777223348617554,,,0.98885,0.90847,1,,,,,,,,,GP3HD,0.98885,0.90847,0.0901,0.36389,normalised
44.79173946380615,,,0.98467,0.90783,1,,,,,,,,,GP3HD,0.98467,0.90783,0.0901,0.36389,normalised
44.80936145782471,,,0.98081,0.90729,1,,,,,,,,,GP3HD,0.98081,0.90729,0.0901,0.36389,normalised
44.82517862319946,,,0.9784,0.90825,1,,,,,,,,,GP3HD,0.9784,0.90825,0.0901,0.36389,normalised
44.840912103652954,,,0.97566,0.90855,1,,,,,,,,,GP3HD,0.97566,0.90855,0.0901,0.36389,normalised
44.85754418373108,,,0.94712,0.91126,0,,,,,,,,,GP3HD,0.94712,0.91126,0.0901,0.36389,normalised
44.87441110610962,,,0.91777,0.88965,0,,,,,,,,,GP3HD,0.91777,0.88965,0.0901,0.36389,normalised
44.88878607749939,,,0.90064,0.88195,0,,,,,,,,,GP3HD,0.90064,0.88195,0.0901,0.36389,normalised
44.90635967254639,,,0.89181,0.87761,1,,,,,,,,,GP3HD,0.89181,0.87761,0.0901,0.36389,normalised
44.92110013961792,,,0.9126,0.90468,1,,,,,,,,,GP3HD,0.9126,0.90468,0.0901,0.36389,normalised
44.938931941986084,,,0.93226,0.88273,1,,,,,,,,,GP3HD,0.93226,0.88273,0.0901,0.36389,normalised
44.95552158355713,,,0.9467,0.86926,1,,,,,,,,,GP3HD,0.9467,0.86926,0.0901,0.36389,normalised
44.971662521362305,,,0.90068,0.87147,1,,,,,,,,,GP3HD,0.90068,0.87147,0.0901,0.36389,normalised
44.9859881401062,,,0.86454,0.86959,1,,,,,,,,,GP3HD,0.86454,0.86959,0.0901,0.36389,normalised
45.00379967689514,,,0.83542,0.86771,1,,,,,,,,,GP3HD,0.83542,0.86771,0.0901,0.36389,normalised
45.01971888542175,,,0.81044,0.86941,1,,,,,,,,,GP3HD,0.81044,0.86941,0.0901,0.36389,normalised
45.035505056381226,,,0.79161,0.86914,1,,,,,,,,,GP3HD,0.79161,0.86914,0.0901,0.36389,normalised
45.05211901664734,,,0.77567,0.8689,1,,,,,,,,,GP3HD,0.77567,0.8689,0.0901,0.36389,normalised
45.06700825691223,,,0.73555,0.86821,0,,,,,,,,,GP3HD,0.73555,0.86821,0.0901,0.36389,normalised
45.08372902870178,,,0.66299,0.8867,0,,,,,,,,,GP3HD,0.66299,0.8867,0.0901,0.36389,normalised
45.10003924369812,,,0.63864,0.89249,0,,,,,,,,,GP3HD,0.63864,0.89249,0.0901,0.36389,normalised
45.11699986457825,,,0.57497,0.89468,0,,,,,,,,,GP3HD,0.57497,0.89468,0.0901,0.36389,normalised
45.13260459899902,,,0.59042,0.85506,0,,,,,,,,,GP3HD,0.59042,0.85506,0.0901,0.36389,normalised
45.148197412490845,,,0.59505,0.84083,0,,,,,,,,,GP3HD,0.59505,0.84083,0.0901,0.36389,normalised
45.16490817070007,,,0.5388,0.84075,1,,,,,,,,,GP3HD,0.5388,0.84075,0.0901,0.36389,normalised
45.18118953704834,,,0.51055,0.84392,1,,,,,,,,,GP3HD,0.51055,0.84392,0.0901,0.36389,normalised
45.19754457473755,,,0.49155,0.84585,1,,,,,,,,,GP3HD,0.49155,0.84585,0.0901,0.36389,normalised
45.214922189712524,,,0.47796,0.84183,1,,,,,,,,,GP3HD,0.47796,0.84183,0.0901,0.36389,normalised
45.22865343093872,,,0.46955,0.84442,1,,,,,,,,,GP3HD,0.46955,0.84442,0.0901,0.36389,normalised
45.24790024757385,,,0.46238,0.84559,1,,,,,,,,,GP3HD,0.46238,0.84559,0.0901,0.36389,normalised
45.262638330459595,,,0.46214,0.84399,1,,,,,,,,,GP3HD,0.46214,0.84399,0.0901,0.36389,normalised
45.27923583984375,,,0.45953,0.82781,1,,,,,,,,,GP3HD,0.45953,0.82781,0.0901,0.36389,normalised
45.29604387283325,,,0.45761,0.81481,1,,,,,,,,,GP3HD,0.45761,0.81481,0.0901,0.36389,normalised
45.311442852020264,,,0.43941,0.80665,1,,,,,,,,,GP3HD,0.43941,0.80665,0.0901,0.36389,normalised
45.32612323760986,,,0.40062,0.7912,0,,,,,,,,,GP3HD,0.40062,0.7912,0.0901,0.36389,normalised
45.342137575149536,,,0.34154,0.75895,0,,,,,,,,,GP3HD,0.34154,0.75895,0.0901,0.36389,normalised
45.35857105255127,,,0.31027,0.75477,0,,,,,,,,,GP3HD,0.31027,0.75477,0.0901,0.36389,normalised
45.374807596206665,,,0.26253,0.72649,0,,,,,,,,,GP3HD,0.26253,0.72649,0.0901,0.36389,normalised
45.3915433883667,,,0.25769,0.71357,0,,,,,,,,,GP3HD,0.25769,0.71357,0.0901,0.36389,normalised
45.40904974937439,,,0.24421,0.71649,0,,,,,,,,,GP3HD,0.24421,0.71649,0.0901,0.36389,normalised
45.42365217208862,,,0.24157,0.71709,1,,,,,,,,,GP3HD,0.24157,0.71709,0.0901,0.36389,normalised
45.43962860107422,,,0.23952,0.71681,1,,,,,,,,,GP3HD,0.23952,0.71681,0.0901,0.36389,normalised
45.45673418045044,,,0.23418,0.72029,1,,,,,,,,,GP3HD,0.23418,0.72029,0.0901,0.36389,normalised
45.47096014022827,,,0.23467,0.72171,1,,,,,,,,,GP3HD,0.23467,0.72171,0.0901,0.36389,normalised
45.48832702636719,,,0.23589,0.7238,1,,,,,,,,,GP3HD,0.23589,0.7238,0.0901,0.36389,normalised
45.50424671173096,,,0.23359,0.72642,1,,,,,,,,,GP3HD,0.23359,0.72642,0.0901,0.36389,normalised
45.52251935005188,,,0.23392,0.72868,1,,,,,,,,,GP3HD,0.23392,0.72868,0.0901,0.36389,normalised
45.53728914260864,,,0.23419,0.73053,1,,,,,,,,,GP3HD,0.23419,0.73053,0.0901,0.36389,normalised
45.55235266685486,,,0.23073,0.72927,1,,,,,,,,,GP3HD,0.23073,0.72927,0.0901,0.36389,normalised
45.568790674209595,,,0.233,0.73183,1,,,,,,,,,GP3HD,0.233,0.73183,0.0901,0.36389,normalised
45.585602045059204,,,0.23495,0.73402,1,,,,,,,,,GP3HD,0.23495,0.73402,0.0901,0.36389,normalised
45.60054683685303,,,0.23281,0.73449,1,,,,,,,,,GP3HD,0.23281,0.73449,0.0901,0.36389,normalised
45.61717939376831,,,0.23371,0.73542,1,,,,,,,,,GP3HD,0.23371,0.73542,0.0901,0.36389,normalised
45.633503675460815,,,0.2345,0.73625,1,,,,,,,,,GP3HD,0.2345,0.73625,0.0901,0.36389,normalised
45.64967632293701,,,0.23308,0.73736,1,,,,,,,,,GP3HD,0.23308,0.73736,0.0901,0.36389,normalised
45.66641354560852,,,0.23325,0.73795,1,,,,,,,,,GP3HD,0.23325,0.73795,0.0901,0.36389,normalised
45.684343576431274,,,0.23339,0.73848,1,,,,,,,,,GP3HD,0.23339,0.73848,0.0901,0.36389,normalised
45.69846248626709,,,0.2321,0.73919,1,,,,,,,,,GP3HD,0.2321,0.73919,0.0901,0.36389,normalised
45.71610975265503,,,0.23222,0.74025,1,,,,,,,,,GP3HD,0.23222,0.74025,0.0901,0.36389,normalised
45.731035470962524,,,0.23212,0.741,1,,,,,,,,,GP3HD,0.23212,0.741,0.0901,0.36389,normalised
45.746978759765625,,,0.23017,0.74082,1,,,,,,,,,GP3HD,0.23017,0.74082,0.0901,0.36389,normalised
45.76472473144531,,,0.22917,0.74105,1,,,,,,,,,GP3HD,0.22917,0.74105,0.0901,0.36389,normalised
45.78109693527222,,,0.22816,0.74114,1,,,,,,,,,GP3HD,0.22816,0.74114,0.0901,0.36389,normalised
45.79562425613403,,,0.22692,0.74122,1,,,,,,,,,GP3HD,0.22692,0.74122,0.0901,0.36389,normalised
45.81277084350586,,,0.22651,0.74145,1,,,,,,,,,GP3HD,0.22651,0.74145,0.0901,0.36389,normalised
45.82842946052551,,,0.22638,0.74194,1,,,,,,,,,GP3HD,0.22638,0.74194,0.0901,0.36389,normalised
45.84308481216431,,,0.225,0.74227,1,,,,,,,,,GP3HD,0.225,0.74227,0.0901,0.36389,normalised
45.860413789749146,,,0.22432,0.74267,1,,,,,,,,,GP3HD,0.22432,0.74267,0.0901,0.36389,normalised
45.878525257110596,,,0.22369,0.74305,1,,,,,,,,,GP3HD,0.22369,0.74305,0.0901,0.36389,normalised
45.8922004699707,,,0.22363,0.74383,1,,,,,,,,,GP3HD,0.22363,0.74383,0.0901,0.36389,normalised
45.90889525413513,,,0.22372,0.74461,1,,,,,,,,,GP3HD,0.22372,0.74461,0.0901,0.36389,normalised
45.9244441986084,,,0.22368,0.74521,1,,,,,,,,,GP3HD,0.22368,0.74521,0.0901,0.36389,normalised
45.94118618965149,,,0.22231,0.74488,1,,,,,,,,,GP3HD,0.22231,0.74488,0.0901,0.36389,normalised
45.958481788635254,,,0.22105,0.74461,1,,,,,,,,,GP3HD,0.22105,0.74461,0.0901,0.36389,normalised
45.975083112716675,,,0.21978,0.74429,1,,,,,,,,,GP3HD,0.21978,0.74429,0.0901,0.36389,normalised
45.99007821083069,,,0.21927,0.74426,1,,,,,,,,,GP3HD,0.21927,0.74426,0.0901,0.36389,normalised
46.0060932636261,,,0.21909,0.7439,1,,,,,,,,,GP3HD,0.21909,0.7439,0.0901,0.36389,normalised
46.02139472961426,,,0.2191,0.74376,1,,,,,,,,,GP3HD,0.2191,0.74376,0.0901,0.36389,normalised
46.03842616081238,,,0.21874,0.74403,1,,,,,,,,,GP3HD,0.21874,0.74403,0.0901,0.36389,normalised
46.05481266975403,,,0.21927,0.74466,1,,,,,,,,,GP3HD,0.21927,0.74466,0.0901,0.36389,normalised
46.0716667175293,,,0.21976,0.74527,1,,,,,,,,,GP3HD,0.21976,0.74527,0.0901,0.36389,normalised
46.086405754089355,,,0.21932,0.7456,1,,,,,,,,,GP3HD,0.21932,0.7456,0.0901,0.36389,normalised
46.104459285736084,,,0.22127,0.74847,1,,,,,,,,,GP3HD,0.22127,0.74847,0.0901,0.36389,normalised
46.119317054748535,,,0.22315,0.75122,1,,,,,,,,,GP3HD,0.22315,0.75122,0.0901,0.36389,normalised
46.135863304138184,,,0.22291,0.75131,1,,,,,,,,,GP3HD,0.22291,0.75131,0.0901,0.36389,normalised
46.151843547821045,,,0.22186,0.75216,1,,,,,,,,,GP3HD,0.22186,0.75216,0.0901,0.36389,normalised
46.1684091091156,,,0.22092,0.75345,1,,,,,,,,,GP3HD,0.22092,0.75345,0.0901,0.36389,normalised
46.18362331390381,,,0.21995,0.75352,1,,,,,,,,,GP3HD,0.21995,0.75352,0.0901,0.36389,normalised
46.2016499042511,,,0.21852,0.75333,1,,,,,,,,,GP3HD,0.21852,0.75333,0.0901,0.36389,normalised
46.214868783950806,,,0.21708,0.75315,1,,,,,,,,,GP3HD,0.21708,0.75315,0.0901,0.36389,normalised
46.23188066482544,,,0.21552,0.75207,1,,,,,,,,,GP3HD,0.21552,0.75207,0.0901,0.36389,normalised
46.24886727333069,,,0.21308,0.75076,1,,,,,,,,,GP3HD,0.21308,0.75076,0.0901,0.36389,normalised
46.2646746635437,,,0.21055,0.74935,1,,,,,,,,,GP3HD,0.21055,0.74935,0.0901,0.36389,normalised
46.28236746788025,,,0.21001,0.74907,1,,,,,,,,,GP3HD,0.21001,0.74907,0.0901,0.36389,normalised
46.29635667800903,,,0.18269,0.73278,0,,,,,,,,,GP3HD,0.18269,0.73278,0.0901,0.36389,normalised
46.312772035598755,,,0.18418,0.72981,0,,,,,,,,,GP3HD,0.18418,0.72981,0.0901,0.36389,normalised
46.32958245277405,,,0.18157,0.73405,0,,,,,,,,,GP3HD,0.18157,0.73405,0.0901,0.36389,normalised
46.34560251235962,,,0.18968,0.73843,1,,,,,,,,,GP3HD,0.18968,0.73843,0.0901,0.36389,normalised
46.36275386810303,,,0.19601,0.7427,1,,,,,,,,,GP3HD,0.19601,0.7427,0.0901,0.36389,normalised
46.3793580532074,,,0.19909,0.74595,1,,,,,,,,,GP3HD,0.19909,0.74595,0.0901,0.36389,normalised
46.39386343955994,,,0.2012,0.74778,1,,,,,,,,,GP3HD,0.2012,0.74778,0.0901,0.36389,normalised
46.40923523902893,,,0.20278,0.74915,1,,,,,,,,,GP3HD,0.20278,0.74915,0.0901,0.36389,normalised
46.426437854766846,,,0.20447,0.75089,1,,,,,,,,,GP3HD,0.20447,0.75089,0.0901,0.36389,normalised
46.44409537315369,,,0.20661,0.7523,1,,,,,,,,,GP3HD,0.20661,0.7523,0.0901,0.36389,normalised
46.45786905288696,,,0.20836,0.75346,1,,,,,,,,,GP3HD,0.20836,0.75346,0.0901,0.36389,normalised
46.475735664367676,,,0.20926,0.75524,1,,,,,,,,,GP3HD,0.20926,0.75524,0.0901,0.36389,normalised
46.492262840270996,,,0.21093,0.75692,1,,,,,,,,,GP3HD,0.21093,0.75692,0.0901,0.36389,normalised
46.50646734237671,,,0.21237,0.75837,1,,,,,,,,,GP3HD,0.21237,0.75837,0.0901,0.36389,normalised
46.52394723892212,,,0.21269,0.76014,1,,,,,,,,,GP3HD,0.21269,0.76014,0.0901,0.36389,normalised
46.540581703186035,,,0.2135,0.76125,1,,,,,,,,,GP3HD,0.2135,0.76125,0.0901,0.36389,normalised
46.555306911468506,,,0.21422,0.76223,1,,,,,,,,,GP3HD,0.21422,0.76223,0.0901,0.36389,normalised
46.571330070495605,,,0.21367,0.76369,1,,,,,,,,,GP3HD,0.21367,0.76369,0.0901,0.36389,normalised
46.588958501815796,,,0.21482,0.76564,1,,,,,,,,,GP3HD,0.21482,0.76564,0.0901,0.36389,normalised
46.605597257614136,,,0.21585,0.7674,1,,,,,,,,,GP3HD,0.21585,0.7674,0.0901,0.36389,normalised
46.61980390548706,,,0.21554,0.76734,1,,,,,,,,,GP3HD,0.21554,0.76734,0.0901,0.36389,normalised
46.63553333282471,,,0.21914,0.77327,1,,,,,,,,,GP3HD,0.21914,0.77327,0.0901,0.36389,normalised
46.65236186981201,,,0.23531,0.80179,0,,,,,,,,,GP3HD,0.23531,0.80179,0.0901,0.36389,normalised
46.66863703727722,,,0.22215,0.79049,0,,,,,,,,,GP3HD,0.22215,0.79049,0.0901,0.36389,normalised
46.68569254875183,,,0.25102,0.82714,0,,,,,,,,,GP3HD,0.25102,0.82714,0.0901,0.36389,normalised
46.700173139572144,,,0.26545,0.84546,1,,,,,,,,,GP3HD,0.26545,0.84546,0.0901,0.36389,normalised
46.71790552139282,,,0.25352,0.82804,1,,,,,,,,,GP3HD,0.25352,0.82804,0.0901,0.36389,normalised
46.732545137405396,,,0.2431,0.81218,1,,,,,,,,,GP3HD,0.2431,0.81218,0.0901,0.36389,normalised
46.749836921691895,,,0.23566,0.80084,1,,,,,,,,,GP3HD,0.23566,0.80084,0.0901,0.36389,normalised
46.766719341278076,,,0.2234,0.79,1,,,,,,,,,GP3HD,0.2234,0.79,0.0901,0.36389,normalised
46.781370878219604,,,0.21325,0.78143,1,,,,,,,,,GP3HD,0.21325,0.78143,0.0901,0.36389,normalised
46.798957109451294,,,0.20514,0.77457,1,,,,,,,,,GP3HD,0.20514,0.77457,0.0901,0.36389,normalised
46.813913345336914,,,0.19885,0.76867,1,,,,,,,,,GP3HD,0.19885,0.76867,0.0901,0.36389,normalised
46.83061170578003,,,0.19486,0.76591,1,,,,,,,,,GP3HD,0.19486,0.76591,0.0901,0.36389,normalised
46.84658074378967,,,0.19148,0.76358,1,,,,,,,,,GP3HD,0.19148,0.76358,0.0901,0.36389,normalised
46.86537265777588,,,0.1917,0.76219,1,,,,,,,,,GP3HD,0.1917,0.76219,0.0901,0.36389,normalised
46.879295110702515,,,0.19406,0.76244,1,,,,,,,,,GP3HD,0.19406,0.76244,0.0901,0.36389,normalised
46.897477865219116,,,0.17262,0.73464,0,,,,,,,,,GP3HD,0.17262,0.73464,0.0901,0.36389,normalised
46.91226530075073,,,0.18869,0.74447,0,,,,,,,,,GP3HD,0.18869,0.74447,0.0901,0.36389,normalised
46.928956747055054,,,0.18962,0.74615,0,,,,,,,,,GP3HD,0.18962,0.74615,0.0901,0.36389,normalised
46.94319486618042,,,0.18943,0.74622,1,,,,,,,,,GP3HD,0.18943,0.74622,0.0901,0.36389,normalised
46.960716247558594,,,0.18697,0.74609,1,,,,,,,,,GP3HD,0.18697,0.74609,0.0901,0.36389,normalised
46.976746797561646,,,0.18163,0.74843,1,,,,,,,,,GP3HD,0.18163,0.74843,0.0901,0.36389,normalised
46.9919228553772,,,0.1782,0.75056,1,,,,,,,,,GP3HD,0.1782,0.75056,0.0901,0.36389,normalised
47.00739049911499,,,0.1779,0.75115,1,,,,,,,,,GP3HD,0.1779,0.75115,0.0901,0.36389,normalised
47.02393555641174,,,0.17632,0.75061,1,,,,,,,,,GP3HD,0.17632,0.75061,0.0901,0.36389,normalised
47.04108500480652,,,0.17478,0.74987,1,,,,,,,,,GP3HD,0.17478,0.74987,0.0901,0.36389,normalised
47.05706071853638,,,0.17559,0.74918,1,,,,,,,,,GP3HD,0.17559,0.74918,0.0901,0.36389,normalised
47.07348132133484,,,0.1762,0.74798,1,,,,,,,,,GP3HD,0.1762,0.74798,0.0901,0.36389,normalised
47.08934569358826,,,0.17692,0.7472,1,,,,,,,,,GP3HD,0.17692,0.7472,0.0901,0.36389,normalised
47.10559892654419,,,0.174,0.74362,1,,,,,,,,,GP3HD,0.174,0.74362,0.0901,0.36389,normalised
47.122233390808105,,,0.17129,0.74016,1,,,,,,,,,GP3HD,0.17129,0.74016,0.0901,0.36389,normalised
47.1380934715271,,,0.16843,0.7366,1,,,,,,,,,GP3HD,0.16843,0.7366,0.0901,0.36389,normalised
47.15357685089111,,,0.16555,0.73323,1,,,,,,,,,GP3HD,0.16555,0.73323,0.0901,0.36389,normalised
47.17017126083374,,,0.16141,0.72952,1,,,,,,,,,GP3HD,0.16141,0.72952,0.0901,0.36389,normalised
47.18675208091736,,,0.15799,0.72649,1,,,,,,,,,GP3HD,0.15799,0.72649,0.0901,0.36389,normalised
47.203009843826294,,,0.15618,0.72485,1,,,,,,,,,GP3HD,0.15618,0.72485,0.0901,0.36389,normalised
47.21789598464966,,,0.13795,0.70364,0,,,,,,,,,GP3HD,0.13795,0.70364,0.0901,0.36389,normalised
47.237812757492065,,,0.13239,0.70731,0,,,,,,,,,GP3HD,0.13239,0.70731,0.0901,0.36389,normalised
47.25057101249695,,,0.13674,0.71511,0,,,,,,,,,GP3HD,0.13674,0.71511,0.0901,0.36389,normalised
47.26794791221619,,,0.13869,0.71966,1,,,,,,,,,GP3HD,0.13869,0.71966,0.0901,0.36389,normalised
47.285184383392334,,,0.13987,0.72239,1,,,,,,,,,GP3HD,0.13987,0.72239,0.0901,0.36389,normalised
47.300235748291016,,,0.14119,0.72237,1,,,,,,,,,GP3HD,0.14119,0.72237,0.0901,0.36389,normalised
47.315815448760986,,,0.14318,0.72209,1,,,,,,,,,GP3HD,0.14318,0.72209,0.0901,0.36389,normalised
47.33075284957886,,,0.14467,0.72188,1,,,,,,,,,GP3HD,0.14467,0.72188,0.0901,0.36389,normalised
47.348899364471436,,,0.15128,0.72707,1,,,,,,,,,GP3HD,0.15128,0.72707,0.0901,0.36389,normalised
47.36468815803528,,,0.15797,0.73136,1,,,,,,,,,GP3HD,0.15797,0.73136,0.0901,0.36389,normalised
47.382291316986084,,,0.163,0.73441,1,,,,,,,,,GP3HD,0.163,0.73441,0.0901,0.36389,normalised
47.397441387176514,,,0.16379,0.73695,1,,,,,,,,,GP3HD,0.16379,0.73695,0.0901,0.36389,normalised
47.41534686088562,,,0.16383,0.73792,1,,,,,,,,,GP3HD,0.16383,0.73792,0.0901,0.36389,normalised
47.43007302284241,,,0.16368,0.73852,1,,,,,,,,,GP3HD,0.16368,0.73852,0.0901,0.36389,normalised
47.44789266586304,,,0.16409,0.73981,1,,,,,,,,,GP3HD,0.16409,0.73981,0.0901,0.36389,normalised
47.46172213554382,,,0.17099,0.75058,1,,,,,,,,,GP3HD,0.17099,0.75058,0.0901,0.36389,normalised
47.47959923744202,,,0.17723,0.76024,1,,,,,,,,,GP3HD,0.17723,0.76024,0.0901,0.36389,normalised
47.49389839172363,,,0.19448,0.77636,0,,,,,,,,,GP3HD,0.19448,0.77636,0.0901,0.36389,normalised
47.511807441711426,,,0.17936,0.74852,0,,,,,,,,,GP3HD,0.17936,0.74852,0.0901,0.36389,normalised
47.5252902507782,,,0.17345,0.73819,0,,,,,,,,,GP3HD,0.17345,0.73819,0.0901,0.36389,normalised
47.54320526123047,,,0.17742,0.73737,1,,,,,,,,,GP3HD,0.17742,0.73737,0.0901,0.36389,normalised
47.559025049209595,,,0.18099,0.73469,1,,,,,,,,,GP3HD,0.18099,0.73469,0.0901,0.36389,normalised
47.576433181762695,,,0.18379,0.73344,1,,,,,,,,,GP3HD,0.18379,0.73344,0.0901,0.36389,normalised
47.590450048446655,,,0.18225,0.73077,1,,,,,,,,,GP3HD,0.18225,0.73077,0.0901,0.36389,normalised
47.607306241989136,,,0.1801,0.72439,1,,,,,,,,,GP3HD,0.1801,0.72439,0.0901,0.36389,normalised
47.6240496635437,,,0.17815,0.71908,1,,,,,,,,,GP3HD,0.17815,0.71908,0.0901,0.36389,normalised
47.63967204093933,,,0.18033,0.7215,1,,,,,,,,,GP3HD,0.18033,0.7215,0.0901,0.36389,normalised
47.65622925758362,,,0.18226,0.72255,1,,,,,,,,,GP3HD,0.18226,0.72255,0.0901,0.36389,normalised
47.67045044898987,,,0.18486,0.72452,1,,,,,,,,,GP3HD,0.18486,0.72452,0.0901,0.36389,normalised
47.68675255775452,,,0.18705,0.72833,1,,,,,,,,,GP3HD,0.18705,0.72833,0.0901,0.36389,normalised
47.70543885231018,,,0.18966,0.73051,1,,,,,,,,,GP3HD,0.18966,0.73051,0.0901,0.36389,normalised
47.71996784210205,,,0.19207,0.73261,1,,,,,,,,,GP3HD,0.19207,0.73261,0.0901,0.36389,normalised
47.737714767456055,,,0.19482,0.73598,1,,,,,,,,,GP3HD,0.19482,0.73598,0.0901,0.36389,normalised
47.75261211395264,,,0.1965,0.73761,1,,,,,,,,,GP3HD,0.1965,0.73761,0.0901,0.36389,normalised
47.76955723762512,,,0.19787,0.73889,1,,,,,,,,,GP3HD,0.19787,0.73889,0.0901,0.36389,normalised
47.78506302833557,,,0.19817,0.73922,1,,,,,,,,,GP3HD,0.19817,0.73922,0.0901,0.36389,normalised
47.80276942253113,,,0.19882,0.73982,1,,,,,,,,,GP3HD,0.19882,0.73982,0.0901,0.36389,normalised
47.81790518760681,,,0.19974,0.74072,1,,,,,,,,,GP3HD,0.19974,0.74072,0.0901,0.36389,normalised
47.83416223526001,,,0.22648,0.7731,0,,,,,,,,,GP3HD,0.22648,0.7731,0.0901,0.36389,normalised
47.84867978096008,,,0.23768,0.86662,0,,,,,,,,,GP3HD,0.23768,0.86662,0.0901,0.36389,normalised
47.867454528808594,,,0.2397,0.89649,0,,,,,,,,,GP3HD,0.2397,0.89649,0.0901,0.36389,normalised
47.88165807723999,,,0.27123,0.92082,0,,,,,,,,,GP3HD,0.27123,0.92082,0.0901,0.36389,normalised
47.89828324317932,,,0.38128,1.39336,0,,,,,,,,,GP3HD,0.38128,1.39336,0.0901,0.36389,normalised
47.91518545150757,,,0.38128,1.39336,0,,,,,,,,,GP3HD,0.38128,1.39336,0.0901,0.36389,normalised
47.9352023601532,,,0.49132,1.86591,0,,,,,,,,,GP3HD,0.49132,1.86591,0.0901,0.36389,normalised
47.953604221343994,,,0.49132,1.86591,0,,,,,,,,,GP3HD,0.49132,1.86591,0.0901,0.36389,normalised
47.97102451324463,,,0.49132,1.86591,0,,,,,,,,,GP3HD,0.49132,1.86591,0.0901,0.36389,normalised
47.98586964607239,,,0.0,0.0,0,,,,,,,,,GP3HD,0.0,0.0,0.0901,0.36389,normalised
48.00192713737488,,,0.0,0.0,0,,,,,,,,,GP3HD,0.0,0.0,0.0901,0.36389,normalised
48.01806139945984,,,0.0,0.0,0,,,,,,,,,GP3HD,0.0,0.0,0.0901,0.36389,normalised
48.03493285179138,,,0.0,0.0,0,,,,,,,,,GP3HD,0.0,0.0,0.0901,0.36389,normalised
48.049946308135986,,,0.0,0.0,0,,,,,,,,,GP3HD,0.0,0.0,0.0901,0.36389,normalised
48.068843841552734,,,0.0,0.0,0,,,,,,,,,GP3HD,0.0,0.0,0.0901,0.36389,normalised
48.081918716430664,,,0.0,0.0,0,,,,,,,,,GP3HD,0.0,0.0,0.0901,0.36389,normalised
48.0988187789917,,,0.0,0.0,0,,,,,,,,,GP3HD,0.0,0.0,0.0901,0.36389,normalised
48.11763954162598,,,0.0,0.0,0,,,,,,,,,GP3HD,0.0,0.0,0.0901,0.36389,normalised
48.131288051605225,,,0.0,0.0,0,,,,,,,,,GP3HD,0.0,0.0,0.0901,0.36389,normalised
48.14568614959717,,,0.0,0.0,0,,,,,,,,,GP3HD,0.0,0.0,0.0901,0.36389,normalised
48.16567301750183,,,0.18247,0.64812,0,,,,,,,,,GP3HD,0.18247,0.64812,0.0901,0.36389,normalised
48.176183462142944,,,0.56179,0.77097,0,,,,,,,,,GP3HD,0.56179,0.77097,0.0901,0.36389,normalised
48.19166326522827,,,0.63522,0.53894,0,,,,,,,,,GP3HD,0.63522,0.53894,0.0901,0.36389,normalised
48.20767879486084,,,0.66113,0.46524,0,,,,,,,,,GP3HD,0.66113,0.46524,0.0901,0.36389,normalised
48.22249746322632,,,0.75861,0.25098,0,,,,,,,,,GP3HD,0.75861,0.25098,0.0901,0.36389,normalised
48.23890495300293,,,0.80497,0.20075,0,,,,,,,,,GP3HD,0.80497,0.20075,0.0901,0.36389,normalised
48.255911350250244,,,0.82247,0.18887,0,,,,,,,,,GP3HD,0.82247,0.18887,0.0901,0.36389,normalised
48.27346968650818,,,0.86181,0.15445,0,,,,,,,,,GP3HD,0.86181,0.15445,0.0901,0.36389,normalised
48.28662419319153,,,0.87728,0.17462,0,,,,,,,,,GP3HD,0.87728,0.17462,0.0901,0.36389,normalised
48.30200934410095,,,0.88043,0.17655,0,,,,,,,,,GP3HD,0.88043,0.17655,0.0901,0.36389,normalised
48.320209980010986,,,0.87259,0.16576,1,,,,,,,,,GP3HD,0.87259,0.16576,0.0901,0.36389,normalised
48.33463954925537,,,0.87226,0.1837,1,,,,,,,,,GP3HD,0.87226,0.1837,0.0901,0.36389,normalised
48.352009534835815,,,0.87388,0.20017,1,,,,,,,,,GP3HD,0.87388,0.20017,0.0901,0.36389,normalised
48.369354248046875,,,0.87219,0.20071,1,,,,,,,,,GP3HD,0.87219,0.20071,0.0901,0.36389,normalised
48.38569378852844,,,0.86539,0.20004,1,,,,,,,,,GP3HD,0.86539,0.20004,0.0901,0.36389,normalised
48.401750802993774,,,0.86009,0.19951,1,,,,,,,,,GP3HD,0.86009,0.19951,0.0901,0.36389,normalised
48.4200701713562,,,0.86185,0.19507,1,,,,,,,,,GP3HD,0.86185,0.19507,0.0901,0.36389,normalised
48.43471336364746,,,0.86411,0.19577,1,,,,,,,,,GP3HD,0.86411,0.19577,0.0901,0.36389,normalised
48.44918632507324,,,0.86573,0.19529,1,,,,,,,,,GP3HD,0.86573,0.19529,0.0901,0.36389,normalised
48.46603798866272,,,0.86608,0.19028,1,,,,,,,,,GP3HD,0.86608,0.19028,0.0901,0.36389,normalised
48.48328924179077,,,0.86428,0.18397,1,,,,,,,,,GP3HD,0.86428,0.18397,0.0901,0.36389,normalised
48.49789810180664,,,0.86226,0.17713,1,,,,,,,,,GP3HD,0.86226,0.17713,0.0901,0.36389,normalised
48.515461683273315,,,0.86054,0.16763,1,,,,,,,,,GP3HD,0.86054,0.16763,0.0901,0.36389,normalised
48.531988859176636,,,0.85841,0.16035,1,,,,,,,,,GP3HD,0.85841,0.16035,0.0901,0.36389,normalised
48.54683065414429,,,0.85652,0.15387,1,,,,,,,,,GP3HD,0.85652,0.15387,0.0901,0.36389,normalised
48.563247203826904,,,0.84877,0.1195,0,,,,,,,,,GP3HD,0.84877,0.1195,0.0901,0.36389,normalised
48.58079123497009,,,0.86017,0.08979,0,,,,,,,,,GP3HD,0.86017,0.08979,0.0901,0.36389,normalised
48.59576606750488,,,0.86255,0.07488,0,,,,,,,,,GP3HD,0.86255,0.07488,0.0901,0.36389,normalised
48.61275339126587,,,0.85265,0.04769,1,,,,,,,,,GP3HD,0.85265,0.04769,0.0901,0.36389,normalised
48.62739133834839,,,0.85414,0.04411,1,,,,,,,,,GP3HD,0.85414,0.04411,0.0901,0.36389,normalised
48.64394426345825,,,0.85452,0.04032,1,,,,,,,,,GP3HD,0.85452,0.04032,0.0901,0.36389,normalised
48.66012954711914,,,0.84925,0.02848,1,,,,,,,,,GP3HD,0.84925,0.02848,0.0901,0.36389,normalised
48.67597270011902,,,0.84636,0.02388,1,,,,,,,,,GP3HD,0.84636,0.02388,0.0901,0.36389,normalised
48.69184494018555,,,0.84506,0.02298,1,,,,,,,,,GP3HD,0.84506,0.02298,0.0901,0.36389,normalised
48.708266496658325,,,0.84692,0.02386,1,,,,,,,,,GP3HD,0.84692,0.02386,0.0901,0.36389,normalised
48.72505211830139,,,0.85107,0.02517,1,,,,,,,,,GP3HD,0.85107,0.02517,0.0901,0.36389,normalised
48.74203848838806,,,0.85452,0.02627,1,,,,,,,,,GP3HD,0.85452,0.02627,0.0901,0.36389,normalised
48.75676488876343,,,0.854,0.02537,1,,,,,,,,,GP3HD,0.854,0.02537,0.0901,0.36389,normalised
48.77100086212158,,,0.85454,0.02539,1,,,,,,,,,GP3HD,0.85454,0.02539,0.0901,0.36389,normalised
48.78795099258423,,,0.85528,0.02634,1,,,,,,,,,GP3HD,0.85528,0.02634,0.0901,0.36389,normalised
48.80535888671875,,,0.85529,0.0294,1,,,,,,,,,GP3HD,0.85529,0.0294,0.0901,0.36389,normalised
48.82066607475281,,,0.85528,0.03255,1,,,,,,,,,GP3HD,0.85528,0.03255,0.0901,0.36389,normalised
48.83589696884155,,,0.85545,0.03578,1,,,,,,,,,GP3HD,0.85545,0.03578,0.0901,0.36389,normalised
48.85516571998596,,,0.85767,0.03995,1,,,,,,,,,GP3HD,0.85767,0.03995,0.0901,0.36389,normalised
48.86946439743042,,,0.85934,0.04221,1,,,,,,,,,GP3HD,0.85934,0.04221,0.0901,0.36389,normalised
48.88519525527954,,,0.8605,0.04322,1,,,,,,,,,GP3HD,0.8605,0.04322,0.0901,0.36389,normalised
48.902984380722046,,,0.86105,0.04362,1,,,,,,,,,GP3HD,0.86105,0.04362,0.0901,0.36389,normalised
48.916764974594116,,,0.86294,0.04628,1,,,,,,,,,GP3HD,0.86294,0.04628,0.0901,0.36389,normalised
48.93375897407532,,,0.8645,0.04809,1,,,,,,,,,GP3HD,0.8645,0.04809,0.0901,0.36389,normalised
48.949609994888306,,,0.87509,0.07216,0,,,,,,,,,GP3HD,0.87509,0.07216,0.0901,0.36389,normalised
48.966238260269165,,,0.85429,0.03989,0,,,,,,,,,GP3HD,0.85429,0.03989,0.0901,0.36389,normalised
48.983548164367676,,,0.8446,0.0213,0,,,,,,,,,GP3HD,0.8446,0.0213,0.0901,0.36389,normalised
48.99850535392761,,,0.84575,0.018,1,,,,,,,,,GP3HD,0.84575,0.018,0.0901,0.36389,normalised
49.013086795806885,,,0.8427,0.01255,1,,,,,,,,,GP3HD,0.8427,0.01255,0.0901,0.36389,normalised
49.03001093864441,,,0.84141,0.0114,1,,,,,,,,,GP3HD,0.84141,0.0114,0.0901,0.36389,normalised
49.047202825546265,,,0.84608,0.01708,1,,,,,,,,,GP3HD,0.84608,0.01708,0.0901,0.36389,normalised
49.06483006477356,,,0.85073,0.02468,1,,,,,,,,,GP3HD,0.85073,0.02468,0.0901,0.36389,normalised
49.079728841781616,,,0.85519,0.03313,1,,,,,,,,,GP3HD,0.85519,0.03313,0.0901,0.36389,normalised
49.09522461891174,,,0.85634,0.03597,1,,,,,,,,,GP3HD,0.85634,0.03597,0.0901,0.36389,normalised
49.1117730140686,,,0.85572,0.03997,1,,,,,,,,,GP3HD,0.85572,0.03997,0.0901,0.36389,normalised
49.127755641937256,,,0.8552,0.0433,1,,,,,,,,,GP3HD,0.8552,0.0433,0.0901,0.36389,normalised
49.14322566986084,,,0.8559,0.04629,1,,,,,,,,,GP3HD,0.8559,0.04629,0.0901,0.36389,normalised
49.15995192527771,,,0.85755,0.049,1,,,,,,,,,GP3HD,0.85755,0.049,0.0901,0.36389,normalised
49.175940990448,,,0.85943,0.0524,1,,,,,,,,,GP3HD,0.85943,0.0524,0.0901,0.36389,normalised
49.1927752494812,,,0.86285,0.05818,1,,,,,,,,,GP3HD,0.86285,0.05818,0.0901,0.36389,normalised
49.20756435394287,,,0.86445,0.06094,1,,,,,,,,,GP3HD,0.86445,0.06094,0.0901,0.36389,normalised
49.22445344924927,,,0.87924,0.09202,0,,,,,,,,,GP3HD,0.87924,0.09202,0.0901,0.36389,normalised
49.241477966308594,,,0.87765,0.12411,0,,,,,,,,,GP3HD,0.87765,0.12411,0.0901,0.36389,normalised
49.25721025466919,,,0.88075,0.1383,0,,,,,,,,,GP3HD,0.88075,0.1383,0.0901,0.36389,normalised
49.2749969959259,,,0.88068,0.14155,1,,,,,,,,,GP3HD,0.88068,0.14155,0.0901,0.36389,normalised
49.28810214996338,,,0.88847,0.15238,1,,,,,,,,,GP3HD,0.88847,0.15238,0.0901,0.36389,normalised
49.30471634864807,,,0.88585,0.14527,1,,,,,,,,,GP3HD,0.88585,0.14527,0.0901,0.36389,normalised
49.32324981689453,,,0.88207,0.13578,1,,,,,,,,,GP3HD,0.88207,0.13578,0.0901,0.36389,normalised
49.33665084838867,,,0.88641,0.13854,1,,,,,,,,,GP3HD,0.88641,0.13854,0.0901,0.36389,normalised
49.35568881034851,,,0.89282,0.14688,1,,,,,,,,,GP3HD,0.89282,0.14688,0.0901,0.36389,normalised
49.37056064605713,,,0.89858,0.15502,1,,,,,,,,,GP3HD,0.89858,0.15502,0.0901,0.36389,normalised
49.385297775268555,,,0.89895,0.15816,1,,,,,,,,,GP3HD,0.89895,0.15816,0.0901,0.36389,normalised
49.40233373641968,,,0.90369,0.16904,1,,,,,,,,,GP3HD,0.90369,0.16904,0.0901,0.36389,normalised
49.41925573348999,,,0.90859,0.18041,1,,,,,,,,,GP3HD,0.90859,0.18041,0.0901,0.36389,normalised
49.43501305580139,,,0.90866,0.18213,1,,,,,,,,,GP3HD,0.90866,0.18213,0.0901,0.36389,normalised
49.44993543624878,,,0.90934,0.18783,1,,,,,,,,,GP3HD,0.90934,0.18783,0.0901,0.36389,normalised
49.468167781829834,,,0.90957,0.19192,1,,,,,,,,,GP3HD,0.90957,0.19192,0.0901,0.36389,normalised
49.48313498497009,,,0.90805,0.19017,1,,,,,,,,,GP3HD,0.90805,0.19017,0.0901,0.36389,normalised
49.50051546096802,,,0.90647,0.18765,1,,,,,,,,,GP3HD,0.90647,0.18765,0.0901,0.36389,normalised
49.515902519226074,,,0.91761,0.21146,0,,,,,,,,,GP3HD,0.91761,0.21146,0.0901,0.36389,normalised
49.53183102607727,,,0.87515,0.11018,0,,,,,,,,,GP3HD,0.87515,0.11018,0.0901,0.36389,normalised
49.54884195327759,,,0.85338,0.06609,0,,,,,,,,,GP3HD,0.85338,0.06609,0.0901,0.36389,normalised
49.56547784805298,,,0.81757,-0.01002,0,,,,,,,,,GP3HD,0.81757,-0.01002,0.0901,0.36389,normalised
49.57930016517639,,,0.82264,0.00486,0,,,,,,,,,GP3HD,0.82264,0.00486,0.0901,0.36389,normalised
49.598114252090454,,,0.83024,0.02648,0,,,,,,,,,GP3HD,0.83024,0.02648,0.0901,0.36389,normalised
49.61290431022644,,,0.83772,0.04842,1,,,,,,,,,GP3HD,0.83772,0.04842,0.0901,0.36389,normalised
49.62928056716919,,,0.84696,0.07121,1,,,,,,,,,GP3HD,0.84696,0.07121,0.0901,0.36389,normalised
49.64640808105469,,,0.84971,0.08122,1,,,,,,,,,GP3HD,0.84971,0.08122,0.0901,0.36389,normalised
49.66243839263916,,,0.85168,0.08838,1,,,,,,,,,GP3HD,0.85168,0.08838,0.0901,0.36389,normalised
49.67947459220886,,,0.85559,0.09612,1,,,,,,,,,GP3HD,0.85559,0.09612,0.0901,0.36389,normalised
49.696510553359985,,,0.85603,0.09824,1,,,,,,,,,GP3HD,0.85603,0.09824,0.0901,0.36389,normalised
49.70950222015381,,,0.85601,0.09859,1,,,,,,,,,GP3HD,0.85601,0.09859,0.0901,0.36389,normalised
49.725653648376465,,,0.85589,0.09902,1,,,,,,,,,GP3HD,0.85589,0.09902,0.0901,0.36389,normalised
49.74262619018555,,,0.85476,0.09654,1,,,,,,,,,GP3HD,0.85476,0.09654,0.0901,0.36389,normalised
49.758784770965576,,,0.85355,0.09386,1,,,,,,,,,GP3HD,0.85355,0.09386,0.0901,0.36389,normalised
49.77427434921265,,,0.85334,0.09353,1,,,,,,,,,GP3HD,0.85334,0.09353,0.0901,0.36389,normalised
49.790868043899536,,,0.85407,0.09523,1,,,,,,,,,GP3HD,0.85407,0.09523,0.0901,0.36389,normalised
49.80702066421509,,,0.85512,0.098,1,,,,,,,,,GP3HD,0.85512,0.098,0.0901,0.36389,normalised
49.82270431518555,,,0.85679,0.10165,1,,,,,,,,,GP3HD,0.85679,0.10165,0.0901,0.36389,normalised
49.8401517868042,,,0.85801,0.10427,1,,,,,,,,,GP3HD,0.85801,0.10427,0.0901,0.36389,normalised
49.8546576499939,,,0.8587,0.10513,1,,,,,,,,,GP3HD,0.8587,0.10513,0.0901,0.36389,normalised
49.87145733833313,,,0.85957,0.10495,1,,,,,,,,,GP3HD,0.85957,0.10495,0.0901,0.36389,normalised
49.88868427276611,,,0.85942,0.10418,1,,,,,,,,,GP3HD,0.85942,0.10418,0.0901,0.36389,normalised
49.90332889556885,,,0.85882,0.1022,1,,,,,,,,,GP3HD,0.85882,0.1022,0.0901,0.36389,normalised
49.92133808135986,,,0.8579,0.09824,1,,,,,,,,,GP3HD,0.8579,0.09824,0.0901,0.36389,normalised
49.935380697250366,,,0.85847,0.09711,1,,,,,,,,,GP3HD,0.85847,0.09711,0.0901,0.36389,normalised
49.95302414894104,,,0.85913,0.0964,1,,,,,,,,,GP3HD,0.85913,0.0964,0.0901,0.36389,normalised
49.967721700668335,,,0.85926,0.09468,1,,,,,,,,,GP3HD,0.85926,0.09468,0.0901,0.36389,normalised
49.985477685928345,,,0.8591,0.09189,1,,,,,,,,,GP3HD,0.8591,0.09189,0.0901,0.36389,normalised
50.000211000442505,,,0.85882,0.08899,1,,,,,,,,,GP3HD,0.85882,0.08899,0.0901,0.36389,normalised
50.01691031455994,,,0.8585,0.08654,1,,,,,,,,,GP3HD,0.8585,0.08654,0.0901,0.36389,normalised
50.03333377838135,,,0.85902,0.05588,0,,,,,,,,,GP3HD,0.85902,0.05588,0.0901,0.36389,normalised
50.048871994018555,,,0.86139,0.05843,0,,,,,,,,,GP3HD,0.86139,0.05843,0.0901,0.36389,normalised
50.06694555282593,,,0.85679,0.06521,0,,,,,,,,,GP3HD,0.85679,0.06521,0.0901,0.36389,normalised
50.0813729763031,,,0.85557,0.06912,1,,,,,,,,,GP3HD,0.85557,0.06912,0.0901,0.36389,normalised
50.09955406188965,,,0.85484,0.07147,1,,,,,,,,,GP3HD,0.85484,0.07147,0.0901,0.36389,normalised
50.11405158042908,,,0.85069,0.06859,1,,,,,,,,,GP3HD,0.85069,0.06859,0.0901,0.36389,normalised
50.13157677650452,,,0.84884,0.06631,1,,,,,,,,,GP3HD,0.84884,0.06631,0.0901,0.36389,normalised
50.14611744880676,,,0.8483,0.06656,1,,,,,,,,,GP3HD,0.8483,0.06656,0.0901,0.36389,normalised
50.16271924972534,,,0.85248,0.07473,1,,,,,,,,,GP3HD,0.85248,0.07473,0.0901,0.36389,normalised
50.18023681640625,,,0.85918,0.08826,1,,,,,,,,,GP3HD,0.85918,0.08826,0.0901,0.36389,normalised
50.19433069229126,,,0.86579,0.10201,1,,,,,,,,,GP3HD,0.86579,0.10201,0.0901,0.36389,normalised
50.210484743118286,,,0.86935,0.11335,1,,,,,,,,,GP3HD,0.86935,0.11335,0.0901,0.36389,normalised
50.22826862335205,,,0.87466,0.12704,1,,,,,,,,,GP3HD,0.87466,0.12704,0.0901,0.36389,normalised
50.24503493309021,,,0.87921,0.13878,1,,,,,,,,,GP3HD,0.87921,0.13878,0.0901,0.36389,normalised
50.25910782814026,,,0.88292,0.14615,1,,,,,,,,,GP3HD,0.88292,0.14615,0.0901,0.36389,normalised
50.27545976638794,,,0.8963,0.18036,0,,,,,,,,,GP3HD,0.8963,0.18036,0.0901,0.36389,normalised
50.292327642440796,,,0.91519,0.21447,0,,,,,,,,,GP3HD,0.91519,0.21447,0.0901,0.36389,normalised
50.309964656829834,,,0.91039,0.21294,0,,,,,,,,,GP3HD,0.91039,0.21294,0.0901,0.36389,normalised
50.324482917785645,,,0.91433,0.2219,1,,,,,,,,,GP3HD,0.91433,0.2219,0.0901,0.36389,normalised
50.340628147125244,,,0.91548,0.22434,1,,,,,,,,,GP3HD,0.91548,0.22434,0.0901,0.36389,normalised
50.35743546485901,,,0.90856,0.21362,1,,,,,,,,,GP3HD,0.90856,0.21362,0.0901,0.36389,normalised
50.37185192108154,,,0.90583,0.2097,1,,,,,,,,,GP3HD,0.90583,0.2097,0.0901,0.36389,normalised
50.388869762420654,,,0.90226,0.2031,1,,,,,,,,,GP3HD,0.90226,0.2031,0.0901,0.36389,normalised
50.40589785575867,,,0.90123,0.19919,1,,,,,,,,,GP3HD,0.90123,0.19919,0.0901,0.36389,normalised
50.42056369781494,,,0.89964,0.19437,1,,,,,,,,,GP3HD,0.89964,0.19437,0.0901,0.36389,normalised
50.43801927566528,,,0.89891,0.19177,1,,,,,,,,,GP3HD,0.89891,0.19177,0.0901,0.36389,normalised
50.453760862350464,,,0.90084,0.19459,1,,,,,,,,,GP3HD,0.90084,0.19459,0.0901,0.36389,normalised
50.47043466567993,,,0.90382,0.2034,1,,,,,,,,,GP3HD,0.90382,0.2034,0.0901,0.36389,normalised
50.48845934867859,,,0.90677,0.21191,1,,,,,,,,,GP3HD,0.90677,0.21191,0.0901,0.36389,normalised
50.50191855430603,,,0.9075,0.2128,1,,,,,,,,,GP3HD,0.9075,0.2128,0.0901,0.36389,normalised
50.517908811569214,,,0.9096,0.21764,1,,,,,,,,,GP3HD,0.9096,0.21764,0.0901,0.36389,normalised
50.535515546798706,,,0.91079,0.22029,1,,,,,,,,,GP3HD,0.91079,0.22029,0.0901,0.36389,normalised
50.5526020526886,,,0.91415,0.22152,1,,,,,,,,,GP3HD,0.91415,0.22152,0.0901,0.36389,normalised
50.567237854003906,,,0.90456,0.19912,1,,,,,,,,,GP3HD,0.90456,0.19912,0.0901,0.36389,normalised
50.5819149017334,,,0.90456,0.19912,1,,,,,,,,,GP3HD,0.90456,0.19912,0.0901,0.36389,normalised
50.60471487045288,,,0.90456,0.19912,1,,,,,,,,,GP3HD,0.90456,0.19912,0.0901,0.36389,normalised
50.62070178985596,,,0.90456,0.19912,1,,,,,,,,,GP3HD,0.90456,0.19912,0.0901,0.36389,normalised
50.63730216026306,,,0.90382,0.19294,0,,,,,,,,,GP3HD,0.90382,0.19294,0.0901,0.36389,normalised
50.65233278274536,,,0.90382,0.19294,0,,,,,,,,,GP3HD,0.90382,0.19294,0.0901,0.36389,normalised
50.66892623901367,,,0.90382,0.19294,0,,,,,,,,,GP3HD,0.90382,0.19294,0.0901,0.36389,normalised
50.68736267089844,,,0.0,0.0,0,,,,,,,,,GP3HD,0.0,0.0,0.0901,0.36389,normalised
50.70078086853027,,,0.0,0.0,0,,,,,,,,,GP3HD,0.0,0.0,0.0901,0.36389,normalised
50.718032360076904,,,0.0,0.0,0,,,,,,,,,GP3HD,0.0,0.0,0.0901,0.36389,normalised
50.732404470443726,,,0.0,0.0,0,,,,,,,,,GP3HD,0.0,0.0,0.0901,0.36389,normalised
50.750426054000854,,,0.0,0.0,0,,,,,,,,,GP3HD,0.0,0.0,0.0901,0.36389,normalised
50.76570701599121,,,0.0,0.0,0,,,,,,,,,GP3HD,0.0,0.0,0.0901,0.36389,normalised
50.783249378204346,,,0.73207,-0.20413,0,,,,,,,,,GP3HD,0.73207,-0.20413,0.0901,0.36389,normalised
50.7936053276062,,,0.76779,0.06926,0,,,,,,,,,GP3HD,0.76779,0.06926,0.0901,0.36389,normalised
50.808528661727905,,,0.77878,0.15749,0,,,,,,,,,GP3HD,0.77878,0.15749,0.0901,0.36389,normalised
50.825249910354614,,,0.80243,0.33873,0,,,,,,,,,GP3HD,0.80243,0.33873,0.0901,0.36389,normalised
50.84224796295166,,,0.79291,0.34972,0,,,,,,,,,GP3HD,0.79291,0.34972,0.0901,0.36389,normalised
50.859620571136475,,,0.79199,0.35601,0,,,,,,,,,GP3HD,0.79199,0.35601,0.0901,0.36389,normalised
50.8741295337677,,,0.79094,0.35763,1,,,,,,,,,GP3HD,0.79094,0.35763,0.0901,0.36389,normalised
50.892422676086426,,,0.7883,0.36109,1,,,,,,,,,GP3HD,0.7883,0.36109,0.0901,0.36389,normalised
50.90808653831482,,,0.7899,0.36859,1,,,,,,,,,GP3HD,0.7899,0.36859,0.0901,0.36389,normalised
50.92314839363098,,,0.79105,0.37335,1,,,,,,,,,GP3HD,0.79105,0.37335,0.0901,0.36389,normalised
50.940550327301025,,,0.79087,0.37485,1,,,,,,,,,GP3HD,0.79087,0.37485,0.0901,0.36389,normalised
50.95666861534119,,,0.79052,0.37466,1,,,,,,,,,GP3HD,0.79052,0.37466,0.0901,0.36389,normalised
50.97134780883789,,,0.78952,0.37225,1,,,,,,,,,GP3HD,0.78952,0.37225,0.0901,0.36389,normalised
50.98953318595886,,,0.78616,0.38834,1,,,,,,,,,GP3HD,0.78616,0.38834,0.0901,0.36389,normalised
51.00409007072449,,,0.78249,0.40235,1,,,,,,,,,GP3HD,0.78249,0.40235,0.0901,0.36389,normalised
51.021706104278564,,,0.77953,0.41474,1,,,,,,,,,GP3HD,0.77953,0.41474,0.0901,0.36389,normalised
51.03611397743225,,,0.77607,0.43098,1,,,,,,,,,GP3HD,0.77607,0.43098,0.0901,0.36389,normalised
51.05352425575256,,,0.77341,0.44737,1,,,,,,,,,GP3HD,0.77341,0.44737,0.0901,0.36389,normalised
51.06993794441223,,,0.7646,0.49687,0,,,,,,,,,GP3HD,0.7646,0.49687,0.0901,0.36389,normalised
51.08383345603943,,,0.74204,0.57984,0,,,,,,,,,GP3HD,0.74204,0.57984,0.0901,0.36389,normalised
51.10096526145935,,,0.73516,0.6137,0,,,,,,,,,GP3HD,0.73516,0.6137,0.0901,0.36389,normalised
51.11701941490173,,,0.72077,0.67521,0,,,,,,,,,GP3HD,0.72077,0.67521,0.0901,0.36389,normalised
51.134270668029785,,,0.71093,0.64848,0,,,,,,,,,GP3HD,0.71093,0.64848,0.0901,0.36389,normalised
51.15116095542908,,,0.70542,0.61395,0,,,,,,,,,GP3HD,0.70542,0.61395,0.0901,0.36389,normalised
51.16565203666687,,,0.69597,0.56836,0,,,,,,,,,GP3HD,0.69597,0.56836,0.0901,0.36389,normalised
51.18316578865051,,,0.68592,0.58582,0,,,,,,,,,GP3HD,0.68592,0.58582,0.0901,0.36389,normalised
51.19832968711853,,,0.6806,0.58106,0,,,,,,,,,GP3HD,0.6806,0.58106,0.0901,0.36389,normalised
51.2128529548645,,,0.67794,0.57868,1,,,,,,,,,GP3HD,0.67794,0.57868,0.0901,0.36389,normalised
51.230162620544434,,,0.67724,0.59397,1,,,,,,,,,GP3HD,0.67724,0.59397,0.0901,0.36389,normalised
51.24777793884277,,,0.67066,0.6042,1,,,,,,,,,GP3HD,0.67066,0.6042,0.0901,0.36389,normalised
51.262511253356934,,,0.6663,0.61253,1,,,,,,,,,GP3HD,0.6663,0.61253,0.0901,0.36389,normalised
51.27818465232849,,,0.66603,0.6188,1,,,,,,,,,GP3HD,0.66603,0.6188,0.0901,0.36389,normalised
51.29488945007324,,,0.66255,0.62386,1,,,,,,,,,GP3HD,0.66255,0.62386,0.0901,0.36389,normalised
51.31240463256836,,,0.65972,0.62774,1,,,,,,,,,GP3HD,0.65972,0.62774,0.0901,0.36389,normalised
51.32813572883606,,,0.66084,0.6288,1,,,,,,,,,GP3HD,0.66084,0.6288,0.0901,0.36389,normalised
51.34261775016785,,,0.66195,0.63096,1,,,,,,,,,GP3HD,0.66195,0.63096,0.0901,0.36389,normalised
51.358558654785156,,,0.66277,0.63249,1,,,,,,,,,GP3HD,0.66277,0.63249,0.0901,0.36389,normalised
51.37629008293152,,,0.66481,0.63538,1,,,,,,,,,GP3HD,0.66481,0.63538,0.0901,0.36389,normalised
51.39678716659546,,,0.66658,0.63911,1,,,,,,,,,GP3HD,0.66658,0.63911,0.0901,0.36389,normalised
51.407920598983765,,,0.66823,0.64271,1,,,,,,,,,GP3HD,0.66823,0.64271,0.0901,0.36389,normalised
51.42561912536621,,,0.6686,0.64226,1,,,,,,,,,GP3HD,0.6686,0.64226,0.0901,0.36389,normalised
51.442503690719604,,,0.66913,0.64219,1,,,,,,,,,GP3HD,0.66913,0.64219,0.0901,0.36389,normalised
51.457030057907104,,,0.66959,0.64213,1,,,,,,,,,GP3HD,0.66959,0.64213,0.0901,0.36389,normalised
51.471553802490234,,,0.66922,0.6424,1,,,,,,,,,GP3HD,0.66922,0.6424,0.0901,0.36389,normalised
51.48896646499634,,,0.66766,0.64365,1,,,,,,,,,GP3HD,0.66766,0.64365,0.0901,0.36389,normalised
51.5050847530365,,,0.66623,0.64472,1,,,,,,,,,GP3HD,0.66623,0.64472,0.0901,0.36389,normalised
51.52165865898132,,,0.66645,0.64568,1,,,,,,,,,GP3HD,0.66645,0.64568,0.0901,0.36389,normalised
51.53761577606201,,,0.6662,0.64597,1,,,,,,,,,GP3HD,0.6662,0.64597,0.0901,0.36389,normalised
51.55244159698486,,,0.66589,0.64602,1,,,,,,,,,GP3HD,0.66589,0.64602,0.0901,0.36389,normalised
51.57006573677063,,,0.66684,0.64575,1,,,,,,,,,GP3HD,0.66684,0.64575,0.0901,0.36389,normalised
51.586931467056274,,,0.66755,0.64623,1,,,,,,,,,GP3HD,0.66755,0.64623,0.0901,0.36389,normalised
51.60263180732727,,,0.66828,0.64688,1,,,,,,,,,GP3HD,0.66828,0.64688,0.0901,0.36389,normalised
51.61806511878967,,,0.67032,0.64887,1,,,,,,,,,GP3HD,0.67032,0.64887,0.0901,0.36389,normalised
51.633705854415894,,,0.67134,0.65012,1,,,,,,,,,GP3HD,0.67134,0.65012,0.0901,0.36389,normalised
51.651832580566406,,,0.67223,0.6511,1,,,,,,,,,GP3HD,0.67223,0.6511,0.0901,0.36389,normalised
51.66789174079895,,,0.67195,0.65094,1,,,,,,,,,GP3HD,0.67195,0.65094,0.0901,0.36389,normalised
51.683398485183716,,,0.67166,0.65055,1,,,,,,,,,GP3HD,0.67166,0.65055,0.0901,0.36389,normalised
51.69942855834961,,,0.67134,0.65001,1,,,,,,,,,GP3HD,0.67134,0.65001,0.0901,0.36389,normalised
51.7153594493866,,,0.67189,0.65084,1,,,,,,,,,GP3HD,0.67189,0.65084,0.0901,0.36389,normalised
51.73111152648926,,,0.67183,0.6508,1,,,,,,,,,GP3HD,0.67183,0.6508,0.0901,0.36389,normalised
51.74871897697449,,,0.67176,0.65077,1,,,,,,,,,GP3HD,0.67176,0.65077,0.0901,0.36389,normalised
51.76429843902588,,,0.67216,0.6505,1,,,,,,,,,GP3HD,0.67216,0.6505,0.0901,0.36389,normalised
51.780123710632324,,,0.67229,0.65003,1,,,,,,,,,GP3HD,0.67229,0.65003,0.0901,0.36389,normalised
51.79600262641907,,,0.67242,0.64958,1,,,,,,,,,GP3HD,0.67242,0.64958,0.0901,0.36389,normalised
51.81339168548584,,,0.67212,0.64882,1,,,,,,,,,GP3HD,0.67212,0.64882,0.0901,0.36389,normalised
51.82793569564819,,,0.67192,0.64857,1,,,,,,,,,GP3HD,0.67192,0.64857,0.0901,0.36389,normalised
51.845468044281006,,,0.67176,0.64847,1,,,,,,,,,GP3HD,0.67176,0.64847,0.0901,0.36389,normalised
51.8629937171936,,,0.67174,0.64768,1,,,,,,,,,GP3HD,0.67174,0.64768,0.0901,0.36389,normalised
51.877702951431274,,,0.67208,0.64821,1,,,,,,,,,GP3HD,0.67208,0.64821,0.0901,0.36389,normalised
51.89471507072449,,,0.67246,0.64887,1,,,,,,,,,GP3HD,0.67246,0.64887,0.0901,0.36389,normalised
51.90922236442566,,,0.6728,0.64872,1,,,,,,,,,GP3HD,0.6728,0.64872,0.0901,0.36389,normalised
51.92704677581787,,,0.67278,0.64884,1,,,,,,,,,GP3HD,0.67278,0.64884,0.0901,0.36389,normalised
51.94168019294739,,,0.6723,0.65074,1,,,,,,,,,GP3HD,0.6723,0.65074,0.0901,0.36389,normalised
51.958526849746704,,,0.67226,0.65203,1,,,,,,,,,GP3HD,0.67226,0.65203,0.0901,0.36389,normalised
51.975146770477295,,,0.67266,0.65407,1,,,,,,,,,GP3HD,0.67266,0.65407,0.0901,0.36389,normalised
51.99018716812134,,,0.67306,0.65611,1,,,,,,,,,GP3HD,0.67306,0.65611,0.0901,0.36389,normalised
52.006962060928345,,,0.67405,0.6572,1,,,,,,,,,GP3HD,0.67405,0.6572,0.0901,0.36389,normalised
52.02150106430054,,,0.67578,0.65834,1,,,,,,,,,GP3HD,0.67578,0.65834,0.0901,0.36389,normalised
52.03811287879944,,,0.70306,0.68297,0,,,,,,,,,GP3HD,0.70306,0.68297,0.0901,0.36389,normalised
52.05475115776062,,,0.77455,0.74963,0,,,,,,,,,GP3HD,0.77455,0.74963,0.0901,0.36389,normalised
52.07227683067322,,,0.78876,0.75523,0,,,,,,,,,GP3HD,0.78876,0.75523,0.0901,0.36389,normalised
52.08680605888367,,,0.82577,0.78039,0,,,,,,,,,GP3HD,0.82577,0.78039,0.0901,0.36389,normalised
52.104867458343506,,,0.81019,0.76848,0,,,,,,,,,GP3HD,0.81019,0.76848,0.0901,0.36389,normalised
52.119494676589966,,,0.79626,0.75969,0,,,,,,,,,GP3HD,0.79626,0.75969,0.0901,0.36389,normalised
52.136186838150024,,,0.7901,0.75729,1,,,,,,,,,GP3HD,0.7901,0.75729,0.0901,0.36389,normalised
52.152939558029175,,,0.78983,0.75966,1,,,,,,,,,GP3HD,0.78983,0.75966,0.0901,0.36389,normalised
52.1704740524292,,,0.79176,0.76244,1,,,,,,,,,GP3HD,0.79176,0.76244,0.0901,0.36389,normalised
52.18413472175598,,,0.79269,0.76331,1,,,,,,,,,GP3HD,0.79269,0.76331,0.0901,0.36389,normalised
52.201984882354736,,,0.79528,0.76751,1,,,,,,,,,GP3HD,0.79528,0.76751,0.0901,0.36389,normalised
52.21661734580994,,,0.80018,0.77977,1,,,,,,,,,GP3HD,0.80018,0.77977,0.0901,0.36389,normalised
52.23402404785156,,,0.7913,0.77427,1,,,,,,,,,GP3HD,0.7913,0.77427,0.0901,0.36389,normalised
52.248546838760376,,,0.78302,0.77223,1,,,,,,,,,GP3HD,0.78302,0.77223,0.0901,0.36389,normalised
52.265363931655884,,,0.77738,0.77188,1,,,,,,,,,GP3HD,0.77738,0.77188,0.0901,0.36389,normalised
52.28207230567932,,,0.77245,0.77108,1,,,,,,,,,GP3HD,0.77245,0.77108,0.0901,0.36389,normalised
52.298900842666626,,,0.7656,0.76243,1,,,,,,,,,GP3HD,0.7656,0.76243,0.0901,0.36389,normalised
52.313310861587524,,,0.76022,0.7553,1,,,,,,,,,GP3HD,0.76022,0.7553,0.0901,0.36389,normalised
52.33018398284912,,,0.75541,0.74872,1,,,,,,,,,GP3HD,0.75541,0.74872,0.0901,0.36389,normalised
52.34792494773865,,,0.74431,0.7364,1,,,,,,,,,GP3HD,0.74431,0.7364,0.0901,0.36389,normalised
52.362565755844116,,,0.70504,0.70629,0,,,,,,,,,GP3HD,0.70504,0.70629,0.0901,0.36389,normalised
52.38008689880371,,,0.63217,0.62349,0,,,,,,,,,GP3HD,0.63217,0.62349,0.0901,0.36389,normalised
52.39433979988098,,,0.60506,0.5939,0,,,,,,,,,GP3HD,0.60506,0.5939,0.0901,0.36389,normalised
52.411885023117065,,,0.55405,0.52295,0,,,,,,,,,GP3HD,0.55405,0.52295,0.0901,0.36389,normalised
52.42641353607178,,,0.55303,0.50819,0,,,,,,,,,GP3HD,0.55303,0.50819,0.0901,0.36389,normalised
52.44394898414612,,,0.55676,0.50762,0,,,,,,,,,GP3HD,0.55676,0.50762,0.0901,0.36389,normalised
52.460500717163086,,,0.55706,0.4996,1,,,,,,,,,GP3HD,0.55706,0.4996,0.0901,0.36389,normalised
52.477135181427,,,0.55706,0.4996,1,,,,,,,,,GP3HD,0.55706,0.4996,0.0901,0.36389,normalised
52.49754500389099,,,0.55706,0.4996,1,,,,,,,,,GP3HD,0.55706,0.4996,0.0901,0.36389,normalised
52.514180183410645,,,0.55706,0.4996,1,,,,,,,,,GP3HD,0.55706,0.4996,0.0901,0.36389,normalised
52.52873706817627,,,0.60686,0.55587,1,,,,,,,,,GP3HD,0.60686,0.55587,0.0901,0.36389,normalised
52.540292263031006,,,0.66942,0.63808,0,,,,,,,,,GP3HD,0.66942,0.63808,0.0901,0.36389,normalised
52.55584669113159,,,0.76715,0.82432,0,,,,,,,,,GP3HD,0.76715,0.82432,0.0901,0.36389,normalised
52.57259964942932,,,0.79884,0.88429,0,,,,,,,,,GP3HD,0.79884,0.88429,0.0901,0.36389,normalised
52.59009671211243,,,0.83761,0.95293,0,,,,,,,,,GP3HD,0.83761,0.95293,0.0901,0.36389,normalised
52.605392932891846,,,0.79721,0.95357,0,,,,,,,,,GP3HD,0.79721,0.95357,0.0901,0.36389,normalised
52.62112545967102,,,0.78374,0.95379,0,,,,,,,,,GP3HD,0.78374,0.95379,0.0901,0.36389,normalised
52.637890577316284,,,0.7157,0.85292,0,,,,,,,,,GP3HD,0.7157,0.85292,0.0901,0.36389,normalised
52.65283417701721,,,0.64019,0.73071,0,,,,,,,,,GP3HD,0.64019,0.73071,0.0901,0.36389,normalised
52.670259952545166,,,0.61502,0.68997,0,,,,,,,,,GP3HD,0.61502,0.68997,0.0901,0.36389,normalised
52.68779540061951,,,0.58527,0.61281,0,,,,,,,,,GP3HD,0.58527,0.61281,0.0901,0.36389,normalised
52.70487356185913,,,0.55194,0.47748,0,,,,,,,,,GP3HD,0.55194,0.47748,0.0901,0.36389,normalised
52.71871876716614,,,0.54082,0.43237,0,,,,,,,,,GP3HD,0.54082,0.43237,0.0901,0.36389,normalised
52.73548746109009,,,0.56024,0.42873,0,,,,,,,,,GP3HD,0.56024,0.42873,0.0901,0.36389,normalised
52.749736309051514,,,0.59571,0.52412,0,,,,,,,,,GP3HD,0.59571,0.52412,0.0901,0.36389,normalised
52.767290115356445,,,0.60753,0.55592,0,,,,,,,,,GP3HD,0.60753,0.55592,0.0901,0.36389,normalised
52.78486132621765,,,0.65549,0.66,0,,,,,,,,,GP3HD,0.65549,0.66,0.0901,0.36389,normalised
52.79835319519043,,,0.68652,0.70852,0,,,,,,,,,GP3HD,0.68652,0.70852,0.0901,0.36389,normalised
52.81511950492859,,,0.69687,0.7247,0,,,,,,,,,GP3HD,0.69687,0.7247,0.0901,0.36389,normalised
52.83286166191101,,,0.73585,0.77719,0,,,,,,,,,GP3HD,0.73585,0.77719,0.0901,0.36389,normalised
52.84646010398865,,,0.7548,0.79599,0,,,,,,,,,GP3HD,0.7548,0.79599,0.0901,0.36389,normalised
52.86322617530823,,,0.76112,0.80225,0,,,,,,,,,GP3HD,0.76112,0.80225,0.0901,0.36389,normalised
52.88091540336609,,,0.74986,0.78722,1,,,,,,,,,GP3HD,0.74986,0.78722,0.0901,0.36389,normalised
52.895946741104126,,,0.74052,0.77535,1,,,,,,,,,GP3HD,0.74052,0.77535,0.0901,0.36389,normalised
52.91258883476257,,,0.73433,0.76767,1,,,,,,,,,GP3HD,0.73433,0.76767,0.0901,0.36389,normalised
52.93006658554077,,,0.72715,0.75565,1,,,,,,,,,GP3HD,0.72715,0.75565,0.0901,0.36389,normalised
52.943660259246826,,,0.71492,0.7258,1,,,,,,,,,GP3HD,0.71492,0.7258,0.0901,0.36389,normalised
52.96044445037842,,,0.70561,0.7031,1,,,,,,,,,GP3HD,0.70561,0.7031,0.0901,0.36389,normalised
52.97860550880432,,,0.70402,0.69966,1,,,,,,,,,GP3HD,0.70402,0.69966,0.0901,0.36389,normalised
52.992576360702515,,,0.69667,0.67727,1,,,,,,,,,GP3HD,0.69667,0.67727,0.0901,0.36389,normalised
53.01012182235718,,,0.69016,0.65743,1,,,,,,,,,GP3HD,0.69016,0.65743,0.0901,0.36389,normalised
53.02465105056763,,,0.69039,0.65707,1,,,,,,,,,GP3HD,0.69039,0.65707,0.0901,0.36389,normalised
53.04242396354675,,,0.67385,0.61414,0,,,,,,,,,GP3HD,0.67385,0.61414,0.0901,0.36389,normalised
53.056862592697144,,,0.64849,0.52041,0,,,,,,,,,GP3HD,0.64849,0.52041,0.0901,0.36389,normalised
53.07439208030701,,,0.64214,0.50318,0,,,,,,,,,GP3HD,0.64214,0.50318,0.0901,0.36389,normalised
53.093687534332275,,,0.61322,0.39946,0,,,,,,,,,GP3HD,0.61322,0.39946,0.0901,0.36389,normalised
53.10850739479065,,,0.60154,0.35549,0,,,,,,,,,GP3HD,0.60154,0.35549,0.0901,0.36389,normalised
53.12316966056824,,,0.62061,0.43143,0,,,,,,,,,GP3HD,0.62061,0.43143,0.0901,0.36389,normalised
53.1407151222229,,,0.6074,0.43183,1,,,,,,,,,GP3HD,0.6074,0.43183,0.0901,0.36389,normalised
53.15532207489014,,,0.59955,0.43241,1,,,,,,,,,GP3HD,0.59955,0.43241,0.0901,0.36389,normalised
53.17303681373596,,,0.60233,0.46337,1,,,,,,,,,GP3HD,0.60233,0.46337,0.0901,0.36389,normalised
53.187498807907104,,,0.59461,0.47379,1,,,,,,,,,GP3HD,0.59461,0.47379,0.0901,0.36389,normalised
53.20250177383423,,,0.58903,0.48215,1,,,,,,,,,GP3HD,0.58903,0.48215,0.0901,0.36389,normalised
53.220232248306274,,,0.59533,0.50474,1,,,,,,,,,GP3HD,0.59533,0.50474,0.0901,0.36389,normalised
53.23591446876526,,,0.59137,0.51674,1,,,,,,,,,GP3HD,0.59137,0.51674,0.0901,0.36389,normalised
53.25353407859802,,,0.58774,0.52559,1,,,,,,,,,GP3HD,0.58774,0.52559,0.0901,0.36389,normalised
53.26735711097717,,,0.59306,0.53921,1,,,,,,,,,GP3HD,0.59306,0.53921,0.0901,0.36389,normalised
53.28504729270935,,,0.5904,0.54666,1,,,,,,,,,GP3HD,0.5904,0.54666,0.0901,0.36389,normalised
53.30218529701233,,,0.58631,0.58707,0,,,,,,,,,GP3HD,0.58631,0.58707,0.0901,0.36389,normalised
53.315895318984985,,,0.60652,0.64332,0,,,,,,,,,GP3HD,0.60652,0.64332,0.0901,0.36389,normalised
53.333290100097656,,,0.59771,0.63537,0,,,,,,,,,GP3HD,0.59771,0.63537,0.0901,0.36389,normalised
53.35081648826599,,,0.5941,0.63316,1,,,,,,,,,GP3HD,0.5941,0.63316,0.0901,0.36389,normalised
53.36532664299011,,,0.60833,0.63623,1,,,,,,,,,GP3HD,0.60833,0.63623,0.0901,0.36389,normalised
53.382848501205444,,,0.59558,0.58811,1,,,,,,,,,GP3HD,0.59558,0.58811,0.0901,0.36389,normalised
53.400362491607666,,,0.58529,0.55047,1,,,,,,,,,GP3HD,0.58529,0.55047,0.0901,0.36389,normalised
53.414907932281494,,,0.58484,0.52729,1,,,,,,,,,GP3HD,0.58484,0.52729,0.0901,0.36389,normalised
53.43243598937988,,,0.57989,0.49429,1,,,,,,,,,GP3HD,0.57989,0.49429,0.0901,0.36389,normalised
53.44696092605591,,,0.57634,0.46894,1,,,,,,,,,GP3HD,0.57634,0.46894,0.0901,0.36389,normalised
53.46470546722412,,,0.57924,0.46245,1,,,,,,,,,GP3HD,0.57924,0.46245,0.0901,0.36389,normalised
53.479158878326416,,,0.57881,0.44504,1,,,,,,,,,GP3HD,0.57881,0.44504,0.0901,0.36389,normalised
53.496182680130005,,,0.57784,0.42846,1,,,,,,,,,GP3HD,0.57784,0.42846,0.0901,0.36389,normalised
53.510905742645264,,,0.57789,0.403,0,,,,,,,,,GP3HD,0.57789,0.403,0.0901,0.36389,normalised
53.528684854507446,,,0.58157,0.40115,0,,,,,,,,,GP3HD,0.58157,0.40115,0.0901,0.36389,normalised
53.54331040382385,,,0.58197,0.39804,0,,,,,,,,,GP3HD,0.58197,0.39804,0.0901,0.36389,normalised
53.56004977226257,,,0.60477,0.45769,1,,,,,,,,,GP3HD,0.60477,0.45769,0.0901,0.36389,normalised
53.57476353645325,,,0.59512,0.44475,1,,,,,,,,,GP3HD,0.59512,0.44475,0.0901,0.36389,normalised
53.59219145774841,,,0.58904,0.43703,1,,,,,,,,,GP3HD,0.58904,0.43703,0.0901,0.36389,normalised
53.60686945915222,,,0.58628,0.44228,1,,,,,,,,,GP3HD,0.58628,0.44228,0.0901,0.36389,normalised
53.62437915802002,,,0.57724,0.42712,1,,,,,,,,,GP3HD,0.57724,0.42712,0.0901,0.36389,normalised
53.64043354988098,,,0.57026,0.4156,1,,,,,,,,,GP3HD,0.57026,0.4156,0.0901,0.36389,normalised
53.65615272521973,,,0.57689,0.43856,1,,,,,,,,,GP3HD,0.57689,0.43856,0.0901,0.36389,normalised
53.67384457588196,,,0.57699,0.45143,1,,,,,,,,,GP3HD,0.57699,0.45143,0.0901,0.36389,normalised
53.688615560531616,,,0.57726,0.46265,1,,,,,,,,,GP3HD,0.57726,0.46265,0.0901,0.36389,normalised
53.704978704452515,,,0.58061,0.47959,1,,,,,,,,,GP3HD,0.58061,0.47959,0.0901,0.36389,normalised
53.72257089614868,,,0.58483,0.49662,1,,,,,,,,,GP3HD,0.58483,0.49662,0.0901,0.36389,normalised
53.73732018470764,,,0.5901,0.5397,0,,,,,,,,,GP3HD,0.5901,0.5397,0.0901,0.36389,normalised
53.75401973724365,,,0.62568,0.63218,0,,,,,,,,,GP3HD,0.62568,0.63218,0.0901,0.36389,normalised
53.769789934158325,,,0.66275,0.66034,0,,,,,,,,,GP3HD,0.66275,0.66034,0.0901,0.36389,normalised
53.78729605674744,,,0.71107,0.71688,0,,,,,,,,,GP3HD,0.71107,0.71688,0.0901,0.36389,normalised
53.801271200180054,,,0.621,0.72104,0,,,,,,,,,GP3HD,0.621,0.72104,0.0901,0.36389,normalised
53.81879925727844,,,0.59875,0.73418,0,,,,,,,,,GP3HD,0.59875,0.73418,0.0901,0.36389,normalised
53.83334541320801,,,0.54518,0.74604,0,,,,,,,,,GP3HD,0.54518,0.74604,0.0901,0.36389,normalised
53.85088062286377,,,0.55096,0.782,0,,,,,,,,,GP3HD,0.55096,0.782,0.0901,0.36389,normalised
53.868403673172,,,0.5711,0.79553,0,,,,,,,,,GP3HD,0.5711,0.79553,0.0901,0.36389,normalised
53.88291835784912,,,0.58206,0.8042,1,,,,,,,,,GP3HD,0.58206,0.8042,0.0901,0.36389,normalised
53.90044045448303,,,0.58111,0.80366,1,,,,,,,,,GP3HD,0.58111,0.80366,0.0901,0.36389,normalised
53.914959192276,,,0.58691,0.80721,1,,,,,,,,,GP3HD,0.58691,0.80721,0.0901,0.36389,normalised
53.932498931884766,,,0.59077,0.80911,1,,,,,,,,,GP3HD,0.59077,0.80911,0.0901,0.36389,normalised
53.9470329284668,,,0.58479,0.8074,1,,,,,,,,,GP3HD,0.58479,0.8074,0.0901,0.36389,normalised
53.96438479423523,,,0.58663,0.80903,1,,,,,,,,,GP3HD,0.58663,0.80903,0.0901,0.36389,normalised
53.98151898384094,,,0.58793,0.81001,1,,,,,,,,,GP3HD,0.58793,0.81001,0.0901,0.36389,normalised
53.995821714401245,,,0.57674,0.80472,1,,,,,,,,,GP3HD,0.57674,0.80472,0.0901,0.36389,normalised
54.01347208023071,,,0.56547,0.80103,1,,,,,,,,,GP3HD,0.56547,0.80103,0.0901,0.36389,normalised
54.028053283691406,,,0.55607,0.79815,1,,,,,,,,,GP3HD,0.55607,0.79815,0.0901,0.36389,normalised
54.04491209983826,,,0.5471,0.79449,1,,,,,,,,,GP3HD,0.5471,0.79449,0.0901,0.36389,normalised
54.06263756752014,,,0.53762,0.78656,1,,,,,,,,,GP3HD,0.53762,0.78656,0.0901,0.36389,normalised
54.07729434967041,,,0.52915,0.77931,1,,,,,,,,,GP3HD,0.52915,0.77931,0.0901,0.36389,normalised
54.09210920333862,,,0.49874,0.76151,0,,,,,,,,,GP3HD,0.49874,0.76151,0.0901,0.36389,normalised
54.11139416694641,,,0.44047,0.67833,0,,,,,,,,,GP3HD,0.44047,0.67833,0.0901,0.36389,normalised
54.12598419189453,,,0.42226,0.6531,0,,,,,,,,,GP3HD,0.42226,0.6531,0.0901,0.36389,normalised
54.14058804512024,,,0.41379,0.63944,0,,,,,,,,,GP3HD,0.41379,0.63944,0.0901,0.36389,normalised
54.1573269367218,,,0.44592,0.65021,0,,,,,,,,,GP3HD,0.44592,0.65021,0.0901,0.36389,normalised
54.173393964767456,,,0.45833,0.65735,0,,,,,,,,,GP3HD,0.45833,0.65735,0.0901,0.36389,normalised
54.18979024887085,,,0.46811,0.66845,1,,,,,,,,,GP3HD,0.46811,0.66845,0.0901,0.36389,normalised
54.206881523132324,,,0.47997,0.67344,1,,,,,,,,,GP3HD,0.47997,0.67344,0.0901,0.36389,normalised
54.22262716293335,,,0.48747,0.67588,1,,,,,,,,,GP3HD,0.48747,0.67588,0.0901,0.36389,normalised
54.23889946937561,,,0.4948,0.68524,1,,,,,,,,,GP3HD,0.4948,0.68524,0.0901,0.36389,normalised
54.25661492347717,,,0.50269,0.6865,1,,,,,,,,,GP3HD,0.50269,0.6865,0.0901,0.36389,normalised
54.27113890647888,,,0.50883,0.68748,1,,,,,,,,,GP3HD,0.50883,0.68748,0.0901,0.36389,normalised
54.286781787872314,,,0.51354,0.69072,1,,,,,,,,,GP3HD,0.51354,0.69072,0.0901,0.36389,normalised
54.3022620677948,,,0.52023,0.69228,1,,,,,,,,,GP3HD,0.52023,0.69228,0.0901,0.36389,normalised
54.318602085113525,,,0.52599,0.69403,1,,,,,,,,,GP3HD,0.52599,0.69403,0.0901,0.36389,normalised
54.33672833442688,,,0.52841,0.69951,1,,,,,,,,,GP3HD,0.52841,0.69951,0.0901,0.36389,normalised
54.35080051422119,,,0.53533,0.70437,1,,,,,,,,,GP3HD,0.53533,0.70437,0.0901,0.36389,normalised
54.36757016181946,,,0.54133,0.70858,1,,,,,,,,,GP3HD,0.54133,0.70858,0.0901,0.36389,normalised
54.38413906097412,,,0.5678,0.72644,0,,,,,,,,,GP3HD,0.5678,0.72644,0.0901,0.36389,normalised
54.400227308273315,,,0.59558,0.73747,0,,,,,,,,,GP3HD,0.59558,0.73747,0.0901,0.36389,normalised
54.416730642318726,,,0.60484,0.74115,0,,,,,,,,,GP3HD,0.60484,0.74115,0.0901,0.36389,normalised
54.432289123535156,,,0.58826,0.7509,1,,,,,,,,,GP3HD,0.58826,0.7509,0.0901,0.36389,normalised
54.44793891906738,,,0.58825,0.76486,1,,,,,,,,,GP3HD,0.58825,0.76486,0.0901,0.36389,normalised
54.464876651763916,,,0.58825,0.77416,1,,,,,,,,,GP3HD,0.58825,0.77416,0.0901,0.36389,normalised
54.48129868507385,,,0.57937,0.77408,1,,,,,,,,,GP3HD,0.57937,0.77408,0.0901,0.36389,normalised
54.497437715530396,,,0.57911,0.77669,1,,,,,,,,,GP3HD,0.57911,0.77669,0.0901,0.36389,normalised
54.51420450210571,,,0.5789,0.77872,1,,,,,,,,,GP3HD,0.5789,0.77872,0.0901,0.36389,normalised
54.528605699539185,,,0.57456,0.77581,1,,,,,,,,,GP3HD,0.57456,0.77581,0.0901,0.36389,normalised
54.54538059234619,,,0.57148,0.77622,1,,,,,,,,,GP3HD,0.57148,0.77622,0.0901,0.36389,normalised
54.56371450424194,,,0.56891,0.77655,1,,,,,,,,,GP3HD,0.56891,0.77655,0.0901,0.36389,normalised
54.57820701599121,,,0.56189,0.77456,1,,,,,,,,,GP3HD,0.56189,0.77456,0.0901,0.36389,normalised
54.594040870666504,,,0.55649,0.77301,1,,,,,,,,,GP3HD,0.55649,0.77301,0.0901,0.36389,normalised
54.61123466491699,,,0.55181,0.77167,1,,,,,,,,,GP3HD,0.55181,0.77167,0.0901,0.36389,normalised
54.627684354782104,,,0.54701,0.77102,1,,,,,,,,,GP3HD,0.54701,0.77102,0.0901,0.36389,normalised
54.64466953277588,,,0.5423,0.76994,1,,,,,,,,,GP3HD,0.5423,0.76994,0.0901,0.36389,normalised
54.65946412086487,,,0.51305,0.76638,0,,,,,,,,,GP3HD,0.51305,0.76638,0.0901,0.36389,normalised
54.67509603500366,,,0.48789,0.74997,0,,,,,,,,,GP3HD,0.48789,0.74997,0.0901,0.36389,normalised
54.69438314437866,,,0.47242,0.75116,0,,,,,,,,,GP3HD,0.47242,0.75116,0.0901,0.36389,normalised
54.70995044708252,,,0.46468,0.75175,1,,,,,,,,,GP3HD,0.46468,0.75175,0.0901,0.36389,normalised
54.72301626205444,,,0.4619,0.7479,1,,,,,,,,,GP3HD,0.4619,0.7479,0.0901,0.36389,normalised
54.74120330810547,,,0.45669,0.74712,1,,,,,,,,,GP3HD,0.45669,0.74712,0.0901,0.36389,normalised
54.75577712059021,,,0.45345,0.74737,1,,,,,,,,,GP3HD,0.45345,0.74737,0.0901,0.36389,normalised
54.77168345451355,,,0.45668,0.74785,1,,,,,,,,,GP3HD,0.45668,0.74785,0.0901,0.36389,normalised
54.78876328468323,,,0.45608,0.74684,1,,,,,,,,,GP3HD,0.45608,0.74684,0.0901,0.36389,normalised
54.80534744262695,,,0.45612,0.74693,1,,,,,,,,,GP3HD,0.45612,0.74693,0.0901,0.36389,normalised
54.82253050804138,,,0.46295,0.7523,1,,,,,,,,,GP3HD,0.46295,0.7523,0.0901,0.36389,normalised
54.8383355140686,,,0.47097,0.75644,1,,,,,,,,,GP3HD,0.47097,0.75644,0.0901,0.36389,normalised
54.855825424194336,,,0.47754,0.75949,1,,,,,,,,,GP3HD,0.47754,0.75949,0.0901,0.36389,normalised
54.8686580657959,,,0.48159,0.76016,1,,,,,,,,,GP3HD,0.48159,0.76016,0.0901,0.36389,normalised
54.88739585876465,,,0.48784,0.76359,1,,,,,,,,,GP3HD,0.48784,0.76359,0.0901,0.36389,normalised
54.90044164657593,,,0.49287,0.76567,1,,,,,,,,,GP3HD,0.49287,0.76567,0.0901,0.36389,normalised
54.91780185699463,,,0.49476,0.76463,1,,,,,,,,,GP3HD,0.49476,0.76463,0.0901,0.36389,normalised
54.93436884880066,,,0.49857,0.76447,1,,,,,,,,,GP3HD,0.49857,0.76447,0.0901,0.36389,normalised
54.9490966796875,,,0.53013,0.77395,0,,,,,,,,,GP3HD,0.53013,0.77395,0.0901,0.36389,normalised
54.96676850318909,,,0.52681,0.74069,0,,,,,,,,,GP3HD,0.52681,0.74069,0.0901,0.36389,normalised
54.9834361076355,,,0.52826,0.72954,0,,,,,,,,,GP3HD,0.52826,0.72954,0.0901,0.36389,normalised
54.9982635974884,,,0.53018,0.72653,1,,,,,,,,,GP3HD,0.53018,0.72653,0.0901,0.36389,normalised
55.01496863365173,,,0.53282,0.73706,1,,,,,,,,,GP3HD,0.53282,0.73706,0.0901,0.36389,normalised
55.03182125091553,,,0.53483,0.74483,1,,,,,,,,,GP3HD,0.53483,0.74483,0.0901,0.36389,normalised
55.04647135734558,,,0.53627,0.75037,1,,,,,,,,,GP3HD,0.53627,0.75037,0.0901,0.36389,normalised
55.064263105392456,,,0.53431,0.75082,1,,,,,,,,,GP3HD,0.53431,0.75082,0.0901,0.36389,normalised
55.07896280288696,,,0.53386,0.74817,1,,,,,,,,,GP3HD,0.53386,0.74817,0.0901,0.36389,normalised
55.09689712524414,,,0.53319,0.74539,1,,,,,,,,,GP3HD,0.53319,0.74539,0.0901,0.36389,normalised
55.112762689590454,,,0.53098,0.74334,1,,,,,,,,,GP3HD,0.53098,0.74334,0.0901,0.36389,normalised
55.12927460670471,,,0.53071,0.74457,1,,,,,,,,,GP3HD,0.53071,0.74457,0.0901,0.36389,normalised
55.145251989364624,,,0.53035,0.74535,1,,,,,,,,,GP3HD,0.53035,0.74535,0.0901,0.36389,normalised
55.16317343711853,,,0.52635,0.74184,1,,,,,,,,,GP3HD,0.52635,0.74184,0.0901,0.36389,normalised
55.17672872543335,,,0.52343,0.74126,1,,,,,,,,,GP3HD,0.52343,0.74126,0.0901,0.36389,normalised
55.19486880302429,,,0.5212,0.74136,1,,,,,,,,,GP3HD,0.5212,0.74136,0.0901,0.36389,normalised
55.21014952659607,,,0.51889,0.74229,1,,,,,,,,,GP3HD,0.51889,0.74229,0.0901,0.36389,normalised
55.22507572174072,,,0.5148,0.74375,1,,,,,,,,,GP3HD,0.5148,0.74375,0.0901,0.36389,normalised
55.24142384529114,,,0.51115,0.74506,1,,,,,,,,,GP3HD,0.51115,0.74506,0.0901,0.36389,normalised
55.25935506820679,,,0.5091,0.74463,1,,,,,,,,,GP3HD,0.5091,0.74463,0.0901,0.36389,normalised
55.27409243583679,,,0.50653,0.74583,1,,,,,,,,,GP3HD,0.50653,0.74583,0.0901,0.36389,normalised
55.28883385658264,,,0.5042,0.74693,1,,,,,,,,,GP3HD,0.5042,0.74693,0.0901,0.36389,normalised
55.307523012161255,,,0.4791,0.75256,0,,,,,,,,,GP3HD,0.4791,0.75256,0.0901,0.36389,normalised
55.32426929473877,,,0.47755,0.75322,0,,,,,,,,,GP3HD,0.47755,0.75322,0.0901,0.36389,normalised
55.339067459106445,,,0.47808,0.75534,0,,,,,,,,,GP3HD,0.47808,0.75534,0.0901,0.36389,normalised
55.354857444763184,,,0.48092,0.76163,1,,,,,,,,,GP3HD,0.48092,0.76163,0.0901,0.36389,normalised
55.371078968048096,,,0.47541,0.76095,1,,,,,,,,,GP3HD,0.47541,0.76095,0.0901,0.36389,normalised
55.38779067993164,,,0.47203,0.76102,1,,,,,,,,,GP3HD,0.47203,0.76102,0.0901,0.36389,normalised
55.403544664382935,,,0.47143,0.76041,1,,,,,,,,,GP3HD,0.47143,0.76041,0.0901,0.36389,normalised
55.41829013824463,,,0.47132,0.76227,1,,,,,,,,,GP3HD,0.47132,0.76227,0.0901,0.36389,normalised
55.43501424789429,,,0.47028,0.76207,1,,,,,,,,,GP3HD,0.47028,0.76207,0.0901,0.36389,normalised
55.452314615249634,,,0.47029,0.75868,1,,,,,,,,,GP3HD,0.47029,0.75868,0.0901,0.36389,normalised
55.46806454658508,,,0.46613,0.75386,1,,,,,,,,,GP3HD,0.46613,0.75386,0.0901,0.36389,normalised
55.483722448349,,,0.46252,0.74955,1,,,,,,,,,GP3HD,0.46252,0.74955,0.0901,0.36389,normalised
55.50115418434143,,,0.46048,0.74476,1,,,,,,,,,GP3HD,0.46048,0.74476,0.0901,0.36389,normalised
55.51659297943115,,,0.44975,0.73468,1,,,,,,,,,GP3HD,0.44975,0.73468,0.0901,0.36389,normalised
55.53346633911133,,,0.4409,0.72671,1,,,,,,,,,GP3HD,0.4409,0.72671,0.0901,0.36389,normalised
55.54806566238403,,,0.43899,0.72014,1,,,,,,,,,GP3HD,0.43899,0.72014,0.0901,0.36389,normalised
55.56468415260315,,,0.43638,0.71648,1,,,,,,,,,GP3HD,0.43638,0.71648,0.0901,0.36389,normalised
55.58223533630371,,,0.41524,0.68961,0,,,,,,,,,GP3HD,0.41524,0.68961,0.0901,0.36389,normalised
55.59597444534302,,,0.43862,0.70774,0,,,,,,,,,GP3HD,0.43862,0.70774,0.0901,0.36389,normalised
55.61267066001892,,,0.42014,0.68733,0,,,,,,,,,GP3HD,0.42014,0.68733,0.0901,0.36389,normalised
55.62858843803406,,,0.41043,0.67631,1,,,,,,,,,GP3HD,0.41043,0.67631,0.0901,0.36389,normalised
55.645540714263916,,,0.41682,0.68584,1,,,,,,,,,GP3HD,0.41682,0.68584,0.0901,0.36389,normalised
55.66187047958374,,,0.41659,0.68425,1,,,,,,,,,GP3HD,0.41659,0.68425,0.0901,0.36389,normalised
55.679603815078735,,,0.41669,0.68358,1,,,,,,,,,GP3HD,0.41669,0.68358,0.0901,0.36389,normalised
55.69625973701477,,,0.42511,0.68887,1,,,,,,,,,GP3HD,0.42511,0.68887,0.0901,0.36389,normalised
55.709819316864014,,,0.42997,0.69216,1,,,,,,,,,GP3HD,0.42997,0.69216,0.0901,0.36389,normalised
55.72771716117859,,,0.43369,0.69448,1,,,,,,,,,GP3HD,0.43369,0.69448,0.0901,0.36389,normalised
55.74316716194153,,,0.43916,0.69865,1,,,,,,,,,GP3HD,0.43916,0.69865,0.0901,0.36389,normalised
55.760761737823486,,,0.44322,0.70133,1,,,,,,,,,GP3HD,0.44322,0.70133,0.0901,0.36389,normalised
55.77736186981201,,,0.44679,0.70384,1,,,,,,,,,GP3HD,0.44679,0.70384,0.0901,0.36389,normalised
55.79059052467346,,,0.45253,0.70736,1,,,,,,,,,GP3HD,0.45253,0.70736,0.0901,0.36389,normalised
55.807852268218994,,,0.45686,0.70988,1,,,,,,,,,GP3HD,0.45686,0.70988,0.0901,0.36389,normalised
55.82353186607361,,,0.46055,0.7119,1,,,,,,,,,GP3HD,0.46055,0.7119,0.0901,0.36389,normalised
55.83983111381531,,,0.4621,0.71284,1,,,,,,,,,GP3HD,0.4621,0.71284,0.0901,0.36389,normalised
55.85697793960571,,,0.49578,0.75839,0,,,,,,,,,GP3HD,0.49578,0.75839,0.0901,0.36389,normalised
55.8735134601593,,,0.44161,0.75427,0,,,,,,,,,GP3HD,0.44161,0.75427,0.0901,0.36389,normalised
55.8873405456543,,,0.44161,0.75427,0,,,,,,,,,GP3HD,0.44161,0.75427,0.0901,0.36389,normalised
55.908828258514404,,,0.38743,0.75016,0,,,,,,,,,GP3HD,0.38743,0.75016,0.0901,0.36389,normalised
55.923567056655884,,,0.38743,0.75016,0,,,,,,,,,GP3HD,0.38743,0.75016,0.0901,0.36389,normalised
55.9391233921051,,,0.38743,0.75016,0,,,,,,,,,GP3HD,0.38743,0.75016,0.0901,0.36389,normalised
55.960267543792725,,,0.0,0.0,0,,,,,,,,,GP3HD,0.0,0.0,0.0901,0.36389,normalised
55.97173452377319,,,0.0,0.0,0,,,,,,,,,GP3HD,0.0,0.0,0.0901,0.36389,normalised
55.99081087112427,,,0.0,0.0,0,,,,,,,,,GP3HD,0.0,0.0,0.0901,0.36389,normalised
56.00448036193848,,,0.0,0.0,0,,,,,,,,,GP3HD,0.0,0.0,0.0901,0.36389,normalised
56.024298667907715,,,0.0,0.0,0,,,,,,,,,GP3HD,0.0,0.0,0.0901,0.36389,normalised
56.03797173500061,,,0.0,0.0,0,,,,,,,,,GP3HD,0.0,0.0,0.0901,0.36389,normalised
56.05603766441345,,,0.0,0.0,0,,,,,,,,,GP3HD,0.0,0.0,0.0901,0.36389,normalised
56.073551177978516,,,0.0,0.0,0,,,,,,,,,GP3HD,0.0,0.0,0.0901,0.36389,normalised
56.08859443664551,,,0.0,0.0,0,,,,,,,,,GP3HD,0.0,0.0,0.0901,0.36389,normalised
56.10545992851257,,,0.0,0.0,0,,,,,,,,,GP3HD,0.0,0.0,0.0901,0.36389,normalised
56.12204337120056,,,0.0,0.0,0,,,,,,,,,GP3HD,0.0,0.0,0.0901,0.36389,normalised
56.13666820526123,,,0.0,0.0,0,,,,,,,,,GP3HD,0.0,0.0,0.0901,0.36389,normalised
56.15309238433838,,,0.0,0.0,0,,,,,,,,,GP3HD,0.0,0.0,0.0901,0.36389,normalised
56.169801235198975,,,0.29806,0.54579,0,,,,,,,,,GP3HD,0.29806,0.54579,0.0901,0.36389,normalised
56.18146467208862,,,0.35771,0.6171,0,,,,,,,,,GP3HD,0.35771,0.6171,0.0901,0.36389,normalised
56.195220708847046,,,0.51577,0.86596,0,,,,,,,,,GP3HD,0.51577,0.86596,0.0901,0.36389,normalised
56.21174240112305,,,0.49411,0.8047,0,,,,,,,,,GP3HD,0.49411,0.8047,0.0901,0.36389,normalised
56.22791504859924,,,0.49532,0.78376,0,,,,,,,,,GP3HD,0.49532,0.78376,0.0901,0.36389,normalised
56.2435622215271,,,0.48859,0.73741,0,,,,,,,,,GP3HD,0.48859,0.73741,0.0901,0.36389,normalised
56.26025605201721,,,0.49295,0.7338,0,,,,,,,,,GP3HD,0.49295,0.7338,0.0901,0.36389,normalised
56.27763772010803,,,0.48857,0.73377,0,,,,,,,,,GP3HD,0.48857,0.73377,0.0901,0.36389,normalised
56.291889905929565,,,0.48688,0.73533,1,,,,,,,,,GP3HD,0.48688,0.73533,0.0901,0.36389,normalised
56.30898332595825,,,0.48491,0.73447,1,,,,,,,,,GP3HD,0.48491,0.73447,0.0901,0.36389,normalised
56.32438516616821,,,0.4826,0.72999,1,,,,,,,,,GP3HD,0.4826,0.72999,0.0901,0.36389,normalised
56.34160804748535,,,0.47831,0.72062,1,,,,,,,,,GP3HD,0.47831,0.72062,0.0901,0.36389,normalised
56.35626006126404,,,0.47548,0.71437,1,,,,,,,,,GP3HD,0.47548,0.71437,0.0901,0.36389,normalised
56.37352538108826,,,0.47728,0.71807,1,,,,,,,,,GP3HD,0.47728,0.71807,0.0901,0.36389,normalised
56.38965463638306,,,0.47991,0.72464,1,,,,,,,,,GP3HD,0.47991,0.72464,0.0901,0.36389,normalised
56.40523290634155,,,0.48221,0.73029,1,,,,,,,,,GP3HD,0.48221,0.73029,0.0901,0.36389,normalised
56.42239046096802,,,0.48173,0.7302,1,,,,,,,,,GP3HD,0.48173,0.7302,0.0901,0.36389,normalised
56.43814158439636,,,0.4805,0.72896,1,,,,,,,,,GP3HD,0.4805,0.72896,0.0901,0.36389,normalised
56.45445203781128,,,0.4791,0.72723,1,,,,,,,,,GP3HD,0.4791,0.72723,0.0901,0.36389,normalised
56.47002387046814,,,0.48042,0.72999,1,,,,,,,,,GP3HD,0.48042,0.72999,0.0901,0.36389,normalised
56.489624977111816,,,0.48106,0.73044,1,,,,,,,,,GP3HD,0.48106,0.73044,0.0901,0.36389,normalised
56.504629135131836,,,0.48163,0.73083,1,,,,,,,,,GP3HD,0.48163,0.73083,0.0901,0.36389,normalised
56.521421670913696,,,0.48391,0.7336,1,,,,,,,,,GP3HD,0.48391,0.7336,0.0901,0.36389,normalised
56.53619861602783,,,0.48746,0.73403,1,,,,,,,,,GP3HD,0.48746,0.73403,0.0901,0.36389,normalised
56.55048871040344,,,0.49051,0.73409,1,,,,,,,,,GP3HD,0.49051,0.73409,0.0901,0.36389,normalised
56.567261934280396,,,0.49029,0.73488,1,,,,,,,,,GP3HD,0.49029,0.73488,0.0901,0.36389,normalised
56.58609580993652,,,0.49068,0.73381,1,,,,,,,,,GP3HD,0.49068,0.73381,0.0901,0.36389,normalised
56.59905123710632,,,0.49109,0.73294,1,,,,,,,,,GP3HD,0.49109,0.73294,0.0901,0.36389,normalised
56.615710496902466,,,0.49214,0.73497,1,,,,,,,,,GP3HD,0.49214,0.73497,0.0901,0.36389,normalised
56.632373571395874,,,0.4944,0.73705,1,,,,,,,,,GP3HD,0.4944,0.73705,0.0901,0.36389,normalised
56.64704370498657,,,0.51731,0.75373,0,,,,,,,,,GP3HD,0.51731,0.75373,0.0901,0.36389,normalised
56.66360902786255,,,0.48521,0.78903,0,,,,,,,,,GP3HD,0.48521,0.78903,0.0901,0.36389,normalised
56.681262493133545,,,0.43014,0.79437,0,,,,,,,,,GP3HD,0.43014,0.79437,0.0901,0.36389,normalised
56.698299169540405,,,0.36223,0.80883,0,,,,,,,,,GP3HD,0.36223,0.80883,0.0901,0.36389,normalised
56.71313285827637,,,0.48482,0.69383,0,,,,,,,,,GP3HD,0.48482,0.69383,0.0901,0.36389,normalised
56.730515241622925,,,0.52804,0.65679,0,,,,,,,,,GP3HD,0.52804,0.65679,0.0901,0.36389,normalised
56.74803066253662,,,0.61212,0.58142,0,,,,,,,,,GP3HD,0.61212,0.58142,0.0901,0.36389,normalised
56.76254177093506,,,0.63465,0.60747,0,,,,,,,,,GP3HD,0.63465,0.60747,0.0901,0.36389,normalised
56.78004765510559,,,0.64639,0.61703,0,,,,,,,,,GP3HD,0.64639,0.61703,0.0901,0.36389,normalised
56.793652057647705,,,0.65218,0.62131,1,,,,,,,,,GP3HD,0.65218,0.62131,0.0901,0.36389,normalised
56.81104612350464,,,0.6359,0.61497,1,,,,,,,,,GP3HD,0.6359,0.61497,0.0901,0.36389,normalised
56.82625412940979,,,0.61317,0.60489,1,,,,,,,,,GP3HD,0.61317,0.60489,0.0901,0.36389,normalised
56.84389805793762,,,0.59667,0.5971,1,,,,,,,,,GP3HD,0.59667,0.5971,0.0901,0.36389,normalised
56.858739137649536,,,0.61397,0.54173,1,,,,,,,,,GP3HD,0.61397,0.54173,0.0901,0.36389,normalised
56.87749195098877,,,0.62766,0.49968,1,,,,,,,,,GP3HD,0.62766,0.49968,0.0901,0.36389,normalised
56.89351844787598,,,0.63927,0.46829,1,,,,,,,,,GP3HD,0.63927,0.46829,0.0901,0.36389,normalised
56.90712285041809,,,0.65166,0.44745,1,,,,,,,,,GP3HD,0.65166,0.44745,0.0901,0.36389,normalised
56.92475986480713,,,0.66236,0.43161,1,,,,,,,,,GP3HD,0.66236,0.43161,0.0901,0.36389,normalised
56.94250249862671,,,0.67162,0.41872,1,,,,,,,,,GP3HD,0.67162,0.41872,0.0901,0.36389,normalised
56.95629262924194,,,0.68673,0.3745,0,,,,,,,,,GP3HD,0.68673,0.3745,0.0901,0.36389,normalised
56.97278881072998,,,0.73139,0.31536,0,,,,,,,,,GP3HD,0.73139,0.31536,0.0901,0.36389,normalised
56.98985314369202,,,0.74331,0.28523,0,,,,,,,,,GP3HD,0.74331,0.28523,0.0901,0.36389,normalised
57.00716733932495,,,0.75669,0.21448,0,,,,,,,,,GP3HD,0.75669,0.21448,0.0901,0.36389,normalised
57.02068734169006,,,0.72934,0.16532,0,,,,,,,,,GP3HD,0.72934,0.16532,0.0901,0.36389,normalised
57.03820991516113,,,0.71792,0.14192,0,,,,,,,,,GP3HD,0.71792,0.14192,0.0901,0.36389,normalised
57.05399465560913,,,0.69954,0.10101,0,,,,,,,,,GP3HD,0.69954,0.10101,0.0901,0.36389,normalised
57.070616245269775,,,0.70911,0.11537,0,,,,,,,,,GP3HD,0.70911,0.11537,0.0901,0.36389,normalised
57.08624744415283,,,0.7123,0.12016,0,,,,,,,,,GP3HD,0.7123,0.12016,0.0901,0.36389,normalised
57.10322403907776,,,0.71739,0.12063,1,,,,,,,,,GP3HD,0.71739,0.12063,0.0901,0.36389,normalised
57.117940187454224,,,0.71614,0.12094,1,,,,,,,,,GP3HD,0.71614,0.12094,0.0901,0.36389,normalised
57.13555836677551,,,0.71532,0.12114,1,,,,,,,,,GP3HD,0.71532,0.12114,0.0901,0.36389,normalised
57.14999198913574,,,0.71782,0.11432,1,,,,,,,,,GP3HD,0.71782,0.11432,0.0901,0.36389,normalised
57.1695294380188,,,0.7184,0.10765,1,,,,,,,,,GP3HD,0.7184,0.10765,0.0901,0.36389,normalised
57.18306612968445,,,0.71928,0.10399,1,,,,,,,,,GP3HD,0.71928,0.10399,0.0901,0.36389,normalised
57.198943853378296,,,0.72246,0.11682,1,,,,,,,,,GP3HD,0.72246,0.11682,0.0901,0.36389,normalised
57.21564984321594,,,0.72246,0.12892,1,,,,,,,,,GP3HD,0.72246,0.12892,0.0901,0.36389,normalised
57.23306655883789,,,0.72338,0.14233,1,,,,,,,,,GP3HD,0.72338,0.14233,0.0901,0.36389,normalised
57.247602462768555,,,0.72505,0.1549,1,,,,,,,,,GP3HD,0.72505,0.1549,0.0901,0.36389,normalised
57.26421594619751,,,0.72741,0.16847,1,,,,,,,,,GP3HD,0.72741,0.16847,0.0901,0.36389,normalised
57.28082084655762,,,0.72994,0.18174,1,,,,,,,,,GP3HD,0.72994,0.18174,0.0901,0.36389,normalised
57.298240661621094,,,0.7326,0.19291,1,,,,,,,,,GP3HD,0.7326,0.19291,0.0901,0.36389,normalised
57.31291341781616,,,0.74186,0.23572,0,,,,,,,,,GP3HD,0.74186,0.23572,0.0901,0.36389,normalised
57.33050751686096,,,0.74798,0.27786,0,,,,,,,,,GP3HD,0.74798,0.27786,0.0901,0.36389,normalised
57.345163106918335,,,0.75276,0.28542,0,,,,,,,,,GP3HD,0.75276,0.28542,0.0901,0.36389,normalised
57.36171531677246,,,0.7495,0.28294,1,,,,,,,,,GP3HD,0.7495,0.28294,0.0901,0.36389,normalised
57.376224994659424,,,0.7465,0.27799,1,,,,,,,,,GP3HD,0.7465,0.27799,0.0901,0.36389,normalised
57.39421033859253,,,0.74926,0.28094,1,,,,,,,,,GP3HD,0.74926,0.28094,0.0901,0.36389,normalised
57.410762548446655,,,0.75018,0.28419,1,,,,,,,,,GP3HD,0.75018,0.28419,0.0901,0.36389,normalised
57.42845940589905,,,0.75087,0.28662,1,,,,,,,,,GP3HD,0.75087,0.28662,0.0901,0.36389,normalised
57.442062854766846,,,0.7524,0.28686,1,,,,,,,,,GP3HD,0.7524,0.28686,0.0901,0.36389,normalised
57.45889925956726,,,0.75323,0.28666,1,,,,,,,,,GP3HD,0.75323,0.28666,0.0901,0.36389,normalised
57.47562885284424,,,0.75391,0.28651,1,,,,,,,,,GP3HD,0.75391,0.28651,0.0901,0.36389,normalised
57.490273237228394,,,0.75255,0.28383,1,,,,,,,,,GP3HD,0.75255,0.28383,0.0901,0.36389,normalised
57.50774574279785,,,0.75163,0.28161,1,,,,,,,,,GP3HD,0.75163,0.28161,0.0901,0.36389,normalised
57.52448797225952,,,0.75084,0.2797,1,,,,,,,,,GP3HD,0.75084,0.2797,0.0901,0.36389,normalised
57.541290044784546,,,0.752,0.27972,1,,,,,,,,,GP3HD,0.752,0.27972,0.0901,0.36389,normalised
57.55491590499878,,,0.75453,0.28307,1,,,,,,,,,GP3HD,0.75453,0.28307,0.0901,0.36389,normalised
57.572444438934326,,,0.75691,0.28665,1,,,,,,,,,GP3HD,0.75691,0.28665,0.0901,0.36389,normalised
57.58704590797424,,,0.75878,0.28969,1,,,,,,,,,GP3HD,0.75878,0.28969,0.0901,0.36389,normalised
57.60255742073059,,,0.76059,0.29321,1,,,,,,,,,GP3HD,0.76059,0.29321,0.0901,0.36389,normalised
57.61926198005676,,,0.76234,0.29668,1,,,,,,,,,GP3HD,0.76234,0.29668,0.0901,0.36389,normalised
57.63699674606323,,,0.76346,0.29798,1,,,,,,,,,GP3HD,0.76346,0.29798,0.0901,0.36389,normalised
57.6514048576355,,,0.76327,0.29683,1,,,,,,,,,GP3HD,0.76327,0.29683,0.0901,0.36389,normalised
57.66891837120056,,,0.76287,0.29502,1,,,,,,,,,GP3HD,0.76287,0.29502,0.0901,0.36389,normalised
57.68344712257385,,,0.76235,0.29405,1,,,,,,,,,GP3HD,0.76235,0.29405,0.0901,0.36389,normalised
57.69849705696106,,,0.76185,0.29297,1,,,,,,,,,GP3HD,0.76185,0.29297,0.0901,0.36389,normalised
57.716025590896606,,,0.76139,0.29197,1,,,,,,,,,GP3HD,0.76139,0.29197,0.0901,0.36389,normalised
57.732834339141846,,,0.76092,0.29131,1,,,,,,,,,GP3HD,0.76092,0.29131,0.0901,0.36389,normalised
57.747456550598145,,,0.7601,0.29034,1,,,,,,,,,GP3HD,0.7601,0.29034,0.0901,0.36389,normalised
57.76512670516968,,,0.75933,0.28944,1,,,,,,,,,GP3HD,0.75933,0.28944,0.0901,0.36389,normalised
57.77977252006531,,,0.75917,0.28895,1,,,,,,,,,GP3HD,0.75917,0.28895,0.0901,0.36389,normalised
57.79638385772705,,,0.75854,0.28843,1,,,,,,,,,GP3HD,0.75854,0.28843,0.0901,0.36389,normalised
57.81299614906311,,,0.75803,0.28829,1,,,,,,,,,GP3HD,0.75803,0.28829,0.0901,0.36389,normalised
57.829901695251465,,,0.75816,0.28827,1,,,,,,,,,GP3HD,0.75816,0.28827,0.0901,0.36389,normalised
57.844611167907715,,,0.75871,0.28896,1,,,,,,,,,GP3HD,0.75871,0.28896,0.0901,0.36389,normalised
57.862324714660645,,,0.7593,0.2898,1,,,,,,,,,GP3HD,0.7593,0.2898,0.0901,0.36389,normalised
57.876917362213135,,,0.76019,0.29097,1,,,,,,,,,GP3HD,0.76019,0.29097,0.0901,0.36389,normalised
57.894773960113525,,,0.76127,0.29181,1,,,,,,,,,GP3HD,0.76127,0.29181,0.0901,0.36389,normalised
57.91094613075256,,,0.76217,0.29209,1,,,,,,,,,GP3HD,0.76217,0.29209,0.0901,0.36389,normalised
57.928401470184326,,,0.76234,0.29262,1,,,,,,,,,GP3HD,0.76234,0.29262,0.0901,0.36389,normalised
57.94314932823181,,,0.76355,0.29379,1,,,,,,,,,GP3HD,0.76355,0.29379,0.0901,0.36389,normalised
57.96065855026245,,,0.76464,0.29469,1,,,,,,,,,GP3HD,0.76464,0.29469,0.0901,0.36389,normalised
57.97640895843506,,,0.76452,0.29468,1,,,,,,,,,GP3HD,0.76452,0.29468,0.0901,0.36389,normalised
57.99406576156616,,,0.76475,0.29496,1,,,,,,,,,GP3HD,0.76475,0.29496,0.0901,0.36389,normalised
58.008533239364624,,,0.78351,0.31378,0,,,,,,,,,GP3HD,0.78351,0.31378,0.0901,0.36389,normalised
58.023133754730225,,,0.77978,0.30899,0,,,,,,,,,GP3HD,0.77978,0.30899,0.0901,0.36389,normalised
58.04175591468811,,,0.78118,0.31499,0,,,,,,,,,GP3HD,0.78118,0.31499,0.0901,0.36389,normalised
58.05647301673889,,,0.78253,0.3212,1,,,,,,,,,GP3HD,0.78253,0.3212,0.0901,0.36389,normalised
58.07314658164978,,,0.78159,0.32567,1,,,,,,,,,GP3HD,0.78159,0.32567,0.0901,0.36389,normalised
58.09056806564331,,,0.78658,0.34296,1,,,,,,,,,GP3HD,0.78658,0.34296,0.0901,0.36389,normalised
58.105202436447144,,,0.79077,0.35732,1,,,,,,,,,GP3HD,0.79077,0.35732,0.0901,0.36389,normalised
58.12200713157654,,,0.79192,0.36273,1,,,,,,,,,GP3HD,0.79192,0.36273,0.0901,0.36389,normalised
58.13751792907715,,,0.79204,0.36397,1,,,,,,,,,GP3HD,0.79204,0.36397,0.0901,0.36389,normalised
58.154141664505005,,,0.79166,0.36333,1,,,,,,,,,GP3HD,0.79166,0.36333,0.0901,0.36389,normalised
58.1718225479126,,,0.78982,0.36092,1,,,,,,,,,GP3HD,0.78982,0.36092,0.0901,0.36389,normalised
58.18624663352966,,,0.78929,0.36114,1,,,,,,,,,GP3HD,0.78929,0.36114,0.0901,0.36389,normalised
58.202250957489014,,,0.78884,0.36114,1,,,,,,,,,GP3HD,0.78884,0.36114,0.0901,0.36389,normalised
58.2196900844574,,,0.78654,0.35733,1,,,,,,,,,GP3HD,0.78654,0.35733,0.0901,0.36389,normalised
58.23419404029846,,,0.78477,0.35425,1,,,,,,,,,GP3HD,0.78477,0.35425,0.0901,0.36389,normalised
58.25080680847168,,,0.78335,0.35215,1,,,,,,,,,GP3HD,0.78335,0.35215,0.0901,0.36389,normalised
58.26723885536194,,,0.78289,0.35099,1,,,,,,,,,GP3HD,0.78289,0.35099,0.0901,0.36389,normalised
58.28179311752319,,,0.78285,0.35109,1,,,,,,,,,GP3HD,0.78285,0.35109,0.0901,0.36389,normalised
58.29899048805237,,,0.78295,0.35166,1,,,,,,,,,GP3HD,0.78295,0.35166,0.0901,0.36389,normalised
58.31578469276428,,,0.78257,0.35085,1,,,,,,,,,GP3HD,0.78257,0.35085,0.0901,0.36389,normalised
58.33229064941406,,,0.78213,0.34948,1,,,,,,,,,GP3HD,0.78213,0.34948,0.0901,0.36389,normalised
58.34601926803589,,,0.78162,0.34789,1,,,,,,,,,GP3HD,0.78162,0.34789,0.0901,0.36389,normalised
58.36362600326538,,,0.78233,0.34791,1,,,,,,,,,GP3HD,0.78233,0.34791,0.0901,0.36389,normalised
58.38032007217407,,,0.78308,0.34822,1,,,,,,,,,GP3HD,0.78308,0.34822,0.0901,0.36389,normalised
58.396016359329224,,,0.78378,0.34861,1,,,,,,,,,GP3HD,0.78378,0.34861,0.0901,0.36389,normalised
58.41268467903137,,,0.78323,0.34796,1,,,,,,,,,GP3HD,0.78323,0.34796,0.0901,0.36389,normalised
58.42739939689636,,,0.78269,0.34742,1,,,,,,,,,GP3HD,0.78269,0.34742,0.0901,0.36389,normalised
58.44313859939575,,,0.78217,0.34683,1,,,,,,,,,GP3HD,0.78217,0.34683,0.0901,0.36389,normalised
58.46135497093201,,,0.78201,0.34721,1,,,,,,,,,GP3HD,0.78201,0.34721,0.0901,0.36389,normalised
58.47606563568115,,,0.78172,0.34728,1,,,,,,,,,GP3HD,0.78172,0.34728,0.0901,0.36389,normalised
58.49376940727234,,,0.78138,0.34701,1,,,,,,,,,GP3HD,0.78138,0.34701,0.0901,0.36389,normalised
58.510130167007446,,,0.78042,0.34515,1,,,,,,,,,GP3HD,0.78042,0.34515,0.0901,0.36389,normalised
58.52385187149048,,,0.77882,0.343,1,,,,,,,,,GP3HD,0.77882,0.343,0.0901,0.36389,normalised
58.540594816207886,,,0.77723,0.34078,1,,,,,,,,,GP3HD,0.77723,0.34078,0.0901,0.36389,normalised
58.55721426010132,,,0.77606,0.33878,1,,,,,,,,,GP3HD,0.77606,0.33878,0.0901,0.36389,normalised
58.573933601379395,,,0.75792,0.31419,0,,,,,,,,,GP3HD,0.75792,0.31419,0.0901,0.36389,normalised
58.58870792388916,,,0.7437,0.29557,0,,,,,,,,,GP3HD,0.7437,0.29557,0.0901,0.36389,normalised
58.60837745666504,,,0.74714,0.29725,0,,,,,,,,,GP3HD,0.74714,0.29725,0.0901,0.36389,normalised
58.62290072441101,,,0.74636,0.29509,1,,,,,,,,,GP3HD,0.74636,0.29509,0.0901,0.36389,normalised
58.63771414756775,,,0.74534,0.29197,1,,,,,,,,,GP3HD,0.74534,0.29197,0.0901,0.36389,normalised
58.65645146369934,,,0.74711,0.28915,1,,,,,,,,,GP3HD,0.74711,0.28915,0.0901,0.36389,normalised
58.66987156867981,,,0.74516,0.28503,1,,,,,,,,,GP3HD,0.74516,0.28503,0.0901,0.36389,normalised
58.687204122543335,,,0.74372,0.28227,1,,,,,,,,,GP3HD,0.74372,0.28227,0.0901,0.36389,normalised
58.70365834236145,,,0.74265,0.27957,1,,,,,,,,,GP3HD,0.74265,0.27957,0.0901,0.36389,normalised
58.71819877624512,,,0.74083,0.2787,1,,,,,,,,,GP3HD,0.74083,0.2787,0.0901,0.36389,normalised
58.73472714424133,,,0.74004,0.2803,1,,,,,,,,,GP3HD,0.74004,0.2803,0.0901,0.36389,normalised
58.750911235809326,,,0.74016,0.28265,1,,,,,,,,,GP3HD,0.74016,0.28265,0.0901,0.36389,normalised
58.76831078529358,,,0.74153,0.28818,1,,,,,,,,,GP3HD,0.74153,0.28818,0.0901,0.36389,normalised
58.78329014778137,,,0.74288,0.29368,1,,,,,,,,,GP3HD,0.74288,0.29368,0.0901,0.36389,normalised
58.80051112174988,,,0.74566,0.30008,1,,,,,,,,,GP3HD,0.74566,0.30008,0.0901,0.36389,normalised
58.815040588378906,,,0.74712,0.30501,1,,,,,,,,,GP3HD,0.74712,0.30501,0.0901,0.36389,normalised
58.83165526390076,,,0.74826,0.30879,1,,,,,,,,,GP3HD,0.74826,0.30879,0.0901,0.36389,normalised
58.848331451416016,,,0.75032,0.31189,1,,,,,,,,,GP3HD,0.75032,0.31189,0.0901,0.36389,normalised
58.866015672683716,,,0.7511,0.3123,1,,,,,,,,,GP3HD,0.7511,0.3123,0.0901,0.36389,normalised
58.87969660758972,,,0.75167,0.31213,1,,,,,,,,,GP3HD,0.75167,0.31213,0.0901,0.36389,normalised
58.89714026451111,,,0.75158,0.3111,1,,,,,,,,,GP3HD,0.75158,0.3111,0.0901,0.36389,normalised
58.913185834884644,,,0.75997,0.33569,0,,,,,,,,,GP3HD,0.75997,0.33569,0.0901,0.36389,normalised
58.93088889122009,,,0.75104,0.30553,0,,,,,,,,,GP3HD,0.75104,0.30553,0.0901,0.36389,normalised
58.94727611541748,,,0.75716,0.30645,0,,,,,,,,,GP3HD,0.75716,0.30645,0.0901,0.36389,normalised
58.962788105010986,,,0.7507,0.29784,1,,,,,,,,,GP3HD,0.7507,0.29784,0.0901,0.36389,normalised
58.979241371154785,,,0.74686,0.29282,1,,,,,,,,,GP3HD,0.74686,0.29282,0.0901,0.36389,normalised
58.99359750747681,,,0.74847,0.29075,1,,,,,,,,,GP3HD,0.74847,0.29075,0.0901,0.36389,normalised
59.01054620742798,,,0.74518,0.28632,1,,,,,,,,,GP3HD,0.74518,0.28632,0.0901,0.36389,normalised
59.02635407447815,,,0.74273,0.28329,1,,,,,,,,,GP3HD,0.74273,0.28329,0.0901,0.36389,normalised
59.04113554954529,,,0.74475,0.28527,1,,,,,,,,,GP3HD,0.74475,0.28527,0.0901,0.36389,normalised
59.05884528160095,,,0.7452,0.28712,1,,,,,,,,,GP3HD,0.7452,0.28712,0.0901,0.36389,normalised
59.07636094093323,,,0.74601,0.28995,1,,,,,,,,,GP3HD,0.74601,0.28995,0.0901,0.36389,normalised
59.09108281135559,,,0.74942,0.29768,1,,,,,,,,,GP3HD,0.74942,0.29768,0.0901,0.36389,normalised
59.108402729034424,,,0.75229,0.30383,1,,,,,,,,,GP3HD,0.75229,0.30383,0.0901,0.36389,normalised
59.122902154922485,,,0.75458,0.30869,1,,,,,,,,,GP3HD,0.75458,0.30869,0.0901,0.36389,normalised
59.140427350997925,,,0.75591,0.31131,1,,,,,,,,,GP3HD,0.75591,0.31131,0.0901,0.36389,normalised
59.156940937042236,,,0.75761,0.31411,1,,,,,,,,,GP3HD,0.75761,0.31411,0.0901,0.36389,normalised
59.17170333862305,,,0.7591,0.31643,1,,,,,,,,,GP3HD,0.7591,0.31643,0.0901,0.36389,normalised
59.18921780586243,,,0.76051,0.31857,1,,,,,,,,,GP3HD,0.76051,0.31857,0.0901,0.36389,normalised
59.20604586601257,,,0.75981,0.31581,1,,,,,,,,,GP3HD,0.75981,0.31581,0.0901,0.36389,normalised
59.222548723220825,,,0.75905,0.31289,1,,,,,,,,,GP3HD,0.75905,0.31289,0.0901,0.36389,normalised
59.23724174499512,,,0.75914,0.31173,1,,,,,,,,,GP3HD,0.75914,0.31173,0.0901,0.36389,normalised
59.25479459762573,,,0.7597,0.31091,1,,,,,,,,,GP3HD,0.7597,0.31091,0.0901,0.36389,normalised
59.27150297164917,,,0.76032,0.31054,1,,,,,,,,,GP3HD,0.76032,0.31054,0.0901,0.36389,normalised
59.28630018234253,,,0.76091,0.31141,1,,,,,,,,,GP3HD,0.76091,0.31141,0.0901,0.36389,normalised
59.303237199783325,,,0.76104,0.31147,1,,,,,,,,,GP3HD,0.76104,0.31147,0.0901,0.36389,normalised
59.32094073295593,,,0.76127,0.31195,1,,,,,,,,,GP3HD,0.76127,0.31195,0.0901,0.36389,normalised
59.33655667304993,,,0.76154,0.31287,1,,,,,,,,,GP3HD,0.76154,0.31287,0.0901,0.36389,normalised
59.35122036933899,,,0.76204,0.31396,1,,,,,,,,,GP3HD,0.76204,0.31396,0.0901,0.36389,normalised
59.36890912055969,,,0.76259,0.31518,1,,,,,,,,,GP3HD,0.76259,0.31518,0.0901,0.36389,normalised
59.383445262908936,,,0.76296,0.31649,1,,,,,,,,,GP3HD,0.76296,0.31649,0.0901,0.36389,normalised
59.4002480506897,,,0.76345,0.31743,1,,,,,,,,,GP3HD,0.76345,0.31743,0.0901,0.36389,normalised
59.416685342788696,,,0.76376,0.31779,1,,,,,,,,,GP3HD,0.76376,0.31779,0.0901,0.36389,normalised
59.433345794677734,,,0.76401,0.31792,1,,,,,,,,,GP3HD,0.76401,0.31792,0.0901,0.36389,normalised
59.449958086013794,,,0.76725,0.31887,1,,,,,,,,,GP3HD,0.76725,0.31887,0.0901,0.36389,normalised
59.46446347236633,,,0.78926,0.33674,0,,,,,,,,,GP3HD,0.78926,0.33674,0.0901,0.36389,normalised
59.47919034957886,,,0.69921,0.27043,0,,,,,,,,,GP3HD,0.69921,0.27043,0.0901,0.36389,normalised
59.495909452438354,,,0.67307,0.24772,0,,,,,,,,,GP3HD,0.67307,0.24772,0.0901,0.36389,normalised
59.5128710269928,,,0.61692,0.20291,0,,,,,,,,,GP3HD,0.61692,0.20291,0.0901,0.36389,normalised
59.53038954734802,,,0.54106,0.20001,0,,,,,,,,,GP3HD,0.54106,0.20001,0.0901,0.36389,normalised
59.54492139816284,,,0.52268,0.20468,0,,,,,,,,,GP3HD,0.52268,0.20468,0.0901,0.36389,normalised
59.55971550941467,,,0.47901,0.20838,0,,,,,,,,,GP3HD,0.47901,0.20838,0.0901,0.36389,normalised
59.57732844352722,,,0.46547,0.20244,0,,,,,,,,,GP3HD,0.46547,0.20244,0.0901,0.36389,normalised
59.59186840057373,,,0.46581,0.19891,0,,,,,,,,,GP3HD,0.46581,0.19891,0.0901,0.36389,normalised
59.60826396942139,,,0.46598,0.19715,1,,,,,,,,,GP3HD,0.46598,0.19715,0.0901,0.36389,normalised
59.62598896026611,,,0.46058,0.19387,1,,,,,,,,,GP3HD,0.46058,0.19387,0.0901,0.36389,normalised
59.64370012283325,,,0.46057,0.19115,1,,,,,,,,,GP3HD,0.46057,0.19115,0.0901,0.36389,normalised
59.65830445289612,,,0.46093,0.19033,1,,,,,,,,,GP3HD,0.46093,0.19033,0.0901,0.36389,normalised
59.67302083969116,,,0.45653,0.19257,1,,,,,,,,,GP3HD,0.45653,0.19257,0.0901,0.36389,normalised
59.69163227081299,,,0.45353,0.19277,1,,,,,,,,,GP3HD,0.45353,0.19277,0.0901,0.36389,normalised
59.70535135269165,,,0.45144,0.19395,1,,,,,,,,,GP3HD,0.45144,0.19395,0.0901,0.36389,normalised
59.724252462387085,,,0.44757,0.19722,1,,,,,,,,,GP3HD,0.44757,0.19722,0.0901,0.36389,normalised
59.738051652908325,,,0.44629,0.19813,1,,,,,,,,,GP3HD,0.44629,0.19813,0.0901,0.36389,normalised
59.75378227233887,,,0.44519,0.19889,1,,,,,,,,,GP3HD,0.44519,0.19889,0.0901,0.36389,normalised
59.77166485786438,,,0.43566,0.19971,1,,,,,,,,,GP3HD,0.43566,0.19971,0.0901,0.36389,normalised
59.78537726402283,,,0.42722,0.19892,1,,,,,,,,,GP3HD,0.42722,0.19892,0.0901,0.36389,normalised
59.802801847457886,,,0.41984,0.19823,1,,,,,,,,,GP3HD,0.41984,0.19823,0.0901,0.36389,normalised
59.82030963897705,,,0.41334,0.19982,1,,,,,,,,,GP3HD,0.41334,0.19982,0.0901,0.36389,normalised
59.835156202316284,,,0.38207,0.20797,0,,,,,,,,,GP3HD,0.38207,0.20797,0.0901,0.36389,normalised
59.852822065353394,,,0.35146,0.22565,0,,,,,,,,,GP3HD,0.35146,0.22565,0.0901,0.36389,normalised
59.867422342300415,,,0.33741,0.22182,0,,,,,,,,,GP3HD,0.33741,0.22182,0.0901,0.36389,normalised
59.88386392593384,,,0.33241,0.21659,1,,,,,,,,,GP3HD,0.33241,0.21659,0.0901,0.36389,normalised
59.89836931228638,,,0.32843,0.21064,1,,,,,,,,,GP3HD,0.32843,0.21064,0.0901,0.36389,normalised
59.914796113967896,,,0.32546,0.2053,1,,,,,,,,,GP3HD,0.32546,0.2053,0.0901,0.36389,normalised
59.932310819625854,,,0.32091,0.19804,1,,,,,,,,,GP3HD,0.32091,0.19804,0.0901,0.36389,normalised
59.94693350791931,,,0.31787,0.19378,1,,,,,,,,,GP3HD,0.31787,0.19378,0.0901,0.36389,normalised
59.96376419067383,,,0.32272,0.196,1,,,,,,,,,GP3HD,0.32272,0.196,0.0901,0.36389,normalised
59.98036432266235,,,0.3294,0.19802,1,,,,,,,,,GP3HD,0.3294,0.19802,0.0901,0.36389,normalised
59.998079776763916,,,0.33504,0.20013,1,,,,,,,,,GP3HD,0.33504,0.20013,0.0901,0.36389,normalised
60.012290954589844,,,0.33786,0.20447,1,,,,,,,,,GP3HD,0.33786,0.20447,0.0901,0.36389,normalised
60.02990365028381,,,0.34189,0.20656,1,,,,,,,,,GP3HD,0.34189,0.20656,0.0901,0.36389,normalised
60.04742407798767,,,0.34522,0.20801,1,,,,,,,,,GP3HD,0.34522,0.20801,0.0901,0.36389,normalised
60.06216025352478,,,0.3464,0.21022,1,,,,,,,,,GP3HD,0.3464,0.21022,0.0901,0.36389,normalised
60.0787513256073,,,0.34753,0.21231,1,,,,,,,,,GP3HD,0.34753,0.21231,0.0901,0.36389,normalised
60.09337019920349,,,0.34901,0.21551,1,,,,,,,,,GP3HD,0.34901,0.21551,0.0901,0.36389,normalised
60.11069416999817,,,0.35032,0.21961,1,,,,,,,,,GP3HD,0.35032,0.21961,0.0901,0.36389,normalised
60.12542796134949,,,0.35173,0.2242,1,,,,,,,,,GP3HD,0.35173,0.2242,0.0901,0.36389,normalised
60.14215421676636,,,0.37656,0.25172,0,,,,,,,,,GP3HD,0.37656,0.25172,0.0901,0.36389,normalised
60.15969491004944,,,0.38035,0.27752,0,,,,,,,,,GP3HD,0.38035,0.27752,0.0901,0.36389,normalised
60.17448663711548,,,0.38152,0.28819,0,,,,,,,,,GP3HD,0.38152,0.28819,0.0901,0.36389,normalised
60.19111204147339,,,0.3801,0.28796,1,,,,,,,,,GP3HD,0.3801,0.28796,0.0901,0.36389,normalised
60.20584416389465,,,0.37827,0.28282,1,,,,,,,,,GP3HD,0.37827,0.28282,0.0901,0.36389,normalised
60.22238516807556,,,0.37743,0.27532,1,,,,,,,,,GP3HD,0.37743,0.27532,0.0901,0.36389,normalised
60.240010261535645,,,0.3768,0.26989,1,,,,,,,,,GP3HD,0.3768,0.26989,0.0901,0.36389,normalised
60.255770206451416,,,0.37632,0.26873,1,,,,,,,,,GP3HD,0.37632,0.26873,0.0901,0.36389,normalised
60.271562576293945,,,0.37838,0.27066,1,,,,,,,,,GP3HD,0.37838,0.27066,0.0901,0.36389,normalised
60.28932523727417,,,0.38059,0.2738,1,,,,,,,,,GP3HD,0.38059,0.2738,0.0901,0.36389,normalised
60.30470037460327,,,0.38023,0.27561,1,,,,,,,,,GP3HD,0.38023,0.27561,0.0901,0.36389,normalised
60.32056975364685,,,0.38267,0.2792,1,,,,,,,,,GP3HD,0.38267,0.2792,0.0901,0.36389,normalised
60.33719778060913,,,0.38499,0.28294,1,,,,,,,,,GP3HD,0.38499,0.28294,0.0901,0.36389,normalised
60.35180997848511,,,0.38596,0.28571,1,,,,,,,,,GP3HD,0.38596,0.28571,0.0901,0.36389,normalised
60.36952018737793,,,0.3885,0.28897,1,,,,,,,,,GP3HD,0.3885,0.28897,0.0901,0.36389,normalised
60.38606786727905,,,0.39065,0.29153,1,,,,,,,,,GP3HD,0.39065,0.29153,0.0901,0.36389,normalised
60.400925159454346,,,0.39186,0.29308,1,,,,,,,,,GP3HD,0.39186,0.29308,0.0901,0.36389,normalised
60.41839551925659,,,0.39201,0.29159,1,,,,,,,,,GP3HD,0.39201,0.29159,0.0901,0.36389,normalised
60.432905435562134,,,0.39164,0.28881,1,,,,,,,,,GP3HD,0.39164,0.28881,0.0901,0.36389,normalised
60.45069766044617,,,0.39035,0.28581,1,,,,,,,,,GP3HD,0.39035,0.28581,0.0901,0.36389,normalised
60.46571612358093,,,0.39044,0.28256,1,,,,,,,,,GP3HD,0.39044,0.28256,0.0901,0.36389,normalised
60.48332738876343,,,0.39063,0.27991,1,,,,,,,,,GP3HD,0.39063,0.27991,0.0901,0.36389,normalised
60.49803376197815,,,0.38935,0.2776,1,,,,,,,,,GP3HD,0.38935,0.2776,0.0901,0.36389,normalised
60.51329445838928,,,0.38974,0.27642,1,,,,,,,,,GP3HD,0.38974,0.27642,0.0901,0.36389,normalised
60.53000044822693,,,0.39034,0.27607,1,,,,,,,,,GP3HD,0.39034,0.27607,0.0901,0.36389,normalised
60.547707319259644,,,0.39087,0.27749,1,,,,,,,,,GP3HD,0.39087,0.27749,0.0901,0.36389,normalised
60.562408208847046,,,0.39158,0.27925,1,,,,,,,,,GP3HD,0.39158,0.27925,0.0901,0.36389,normalised
60.57811784744263,,,0.39232,0.28105,1,,,,,,,,,GP3HD,0.39232,0.28105,0.0901,0.36389,normalised
60.59581398963928,,,0.39275,0.28284,1,,,,,,,,,GP3HD,0.39275,0.28284,0.0901,0.36389,normalised
60.610175371170044,,,0.39345,0.28469,1,,,,,,,,,GP3HD,0.39345,0.28469,0.0901,0.36389,normalised
60.626861572265625,,,0.39395,0.28602,1,,,,,,,,,GP3HD,0.39395,0.28602,0.0901,0.36389,normalised
60.64457654953003,,,0.39375,0.28653,1,,,,,,,,,GP3HD,0.39375,0.28653,0.0901,0.36389,normalised
60.65927743911743,,,0.39433,0.28738,1,,,,,,,,,GP3HD,0.39433,0.28738,0.0901,0.36389,normalised
60.67588925361633,,,0.39484,0.28805,1,,,,,,,,,GP3HD,0.39484,0.28805,0.0901,0.36389,normalised
60.69253087043762,,,0.39477,0.28834,1,,,,,,,,,GP3HD,0.39477,0.28834,0.0901,0.36389,normalised
60.709941148757935,,,0.40413,0.31296,0,,,,,,,,,GP3HD,0.40413,0.31296,0.0901,0.36389,normalised
60.7246515750885,,,0.39256,0.29817,0,,,,,,,,,GP3HD,0.39256,0.29817,0.0901,0.36389,normalised
60.74025225639343,,,0.3885,0.28773,0,,,,,,,,,GP3HD,0.3885,0.28773,0.0901,0.36389,normalised
60.757017374038696,,,0.38579,0.28352,1,,,,,,,,,GP3HD,0.38579,0.28352,0.0901,0.36389,normalised
60.773497581481934,,,0.38499,0.28358,1,,,,,,,,,GP3HD,0.38499,0.28358,0.0901,0.36389,normalised
60.79123091697693,,,0.38531,0.28125,1,,,,,,,,,GP3HD,0.38531,0.28125,0.0901,0.36389,normalised
60.80459213256836,,,0.38815,0.28556,1,,,,,,,,,GP3HD,0.38815,0.28556,0.0901,0.36389,normalised
60.82210969924927,,,0.39139,0.29168,1,,,,,,,,,GP3HD,0.39139,0.29168,0.0901,0.36389,normalised
60.8395254611969,,,0.39308,0.29496,1,,,,,,,,,GP3HD,0.39308,0.29496,0.0901,0.36389,normalised
60.854140520095825,,,0.39392,0.29587,1,,,,,,,,,GP3HD,0.39392,0.29587,0.0901,0.36389,normalised
60.86864995956421,,,0.39373,0.29412,1,,,,,,,,,GP3HD,0.39373,0.29412,0.0901,0.36389,normalised
60.886160373687744,,,0.39194,0.28943,1,,,,,,,,,GP3HD,0.39194,0.28943,0.0901,0.36389,normalised
60.90317511558533,,,0.3903,0.28375,1,,,,,,,,,GP3HD,0.3903,0.28375,0.0901,0.36389,normalised
60.92032027244568,,,0.38856,0.2779,1,,,,,,,,,GP3HD,0.38856,0.2779,0.0901,0.36389,normalised
60.93707585334778,,,0.38684,0.27539,1,,,,,,,,,GP3HD,0.38684,0.27539,0.0901,0.36389,normalised
60.95159196853638,,,0.38587,0.27186,1,,,,,,,,,GP3HD,0.38587,0.27186,0.0901,0.36389,normalised
60.96620416641235,,,0.38536,0.26981,1,,,,,,,,,GP3HD,0.38536,0.26981,0.0901,0.36389,normalised
60.983734130859375,,,0.38515,0.26949,1,,,,,,,,,GP3HD,0.38515,0.26949,0.0901,0.36389,normalised
60.998348236083984,,,0.38654,0.27029,1,,,,,,,,,GP3HD,0.38654,0.27029,0.0901,0.36389,normalised
61.01534175872803,,,0.38829,0.27241,1,,,,,,,,,GP3HD,0.38829,0.27241,0.0901,0.36389,normalised
61.03187894821167,,,0.38884,0.2751,1,,,,,,,,,GP3HD,0.38884,0.2751,0.0901,0.36389,normalised
61.04856085777283,,,0.39112,0.2789,1,,,,,,,,,GP3HD,0.39112,0.2789,0.0901,0.36389,normalised
61.06311869621277,,,0.3932,0.28238,1,,,,,,,,,GP3HD,0.3932,0.28238,0.0901,0.36389,normalised
61.080788373947144,,,0.39362,0.28489,1,,,,,,,,,GP3HD,0.39362,0.28489,0.0901,0.36389,normalised
61.095072984695435,,,0.39485,0.28835,1,,,,,,,,,GP3HD,0.39485,0.28835,0.0901,0.36389,normalised
61.113860845565796,,,0.39594,0.29137,1,,,,,,,,,GP3HD,0.39594,0.29137,0.0901,0.36389,normalised
61.13138246536255,,,0.39568,0.29192,1,,,,,,,,,GP3HD,0.39568,0.29192,0.0901,0.36389,normalised
61.14529085159302,,,0.40797,0.31953,0,,,,,,,,,GP3HD,0.40797,0.31953,0.0901,0.36389,normalised
61.16269493103027,,,0.39502,0.30533,0,,,,,,,,,GP3HD,0.39502,0.30533,0.0901,0.36389,normalised
61.17952585220337,,,0.38712,0.29914,0,,,,,,,,,GP3HD,0.38712,0.29914,0.0901,0.36389,normalised
61.196107149124146,,,0.38198,0.29897,1,,,,,,,,,GP3HD,0.38198,0.29897,0.0901,0.36389,normalised
61.210182189941406,,,0.37894,0.29898,1,,,,,,,,,GP3HD,0.37894,0.29898,0.0901,0.36389,normalised
61.22785425186157,,,0.37756,0.3007,1,,,,,,,,,GP3HD,0.37756,0.3007,0.0901,0.36389,normalised
61.243555307388306,,,0.37461,0.29969,1,,,,,,,,,GP3HD,0.37461,0.29969,0.0901,0.36389,normalised
61.261072874069214,,,0.37247,0.29919,1,,,,,,,,,GP3HD,0.37247,0.29919,0.0901,0.36389,normalised
61.27558088302612,,,0.37255,0.29915,1,,,,,,,,,GP3HD,0.37255,0.29915,0.0901,0.36389,normalised
61.29309797286987,,,0.37213,0.30009,1,,,,,,,,,GP3HD,0.37213,0.30009,0.0901,0.36389,normalised
61.307594776153564,,,0.37223,0.30203,1,,,,,,,,,GP3HD,0.37223,0.30203,0.0901,0.36389,normalised
61.32509970664978,,,0.37292,0.30362,1,,,,,,,,,GP3HD,0.37292,0.30362,0.0901,0.36389,normalised
61.339890480041504,,,0.37264,0.30805,1,,,,,,,,,GP3HD,0.37264,0.30805,0.0901,0.36389,normalised
61.35550332069397,,,0.37217,0.31124,1,,,,,,,,,GP3HD,0.37217,0.31124,0.0901,0.36389,normalised
61.373109579086304,,,0.3728,0.31187,1,,,,,,,,,GP3HD,0.3728,0.31187,0.0901,0.36389,normalised
61.38763666152954,,,0.37134,0.31154,1,,,,,,,,,GP3HD,0.37134,0.31154,0.0901,0.36389,normalised
61.404682636260986,,,0.36977,0.31051,1,,,,,,,,,GP3HD,0.36977,0.31051,0.0901,0.36389,normalised
61.42228984832764,,,0.36903,0.30859,1,,,,,,,,,GP3HD,0.36903,0.30859,0.0901,0.36389,normalised
61.436970472335815,,,0.36744,0.30683,1,,,,,,,,,GP3HD,0.36744,0.30683,0.0901,0.36389,normalised
61.45356869697571,,,0.366,0.30525,1,,,,,,,,,GP3HD,0.366,0.30525,0.0901,0.36389,normalised
61.469260692596436,,,0.36533,0.3036,1,,,,,,,,,GP3HD,0.36533,0.3036,0.0901,0.36389,normalised
61.4862003326416,,,0.36393,0.30184,1,,,,,,,,,GP3HD,0.36393,0.30184,0.0901,0.36389,normalised
61.50354838371277,,,0.36265,0.30023,1,,,,,,,,,GP3HD,0.36265,0.30023,0.0901,0.36389,normalised
61.5184006690979,,,0.36248,0.29949,1,,,,,,,,,GP3HD,0.36248,0.29949,0.0901,0.36389,normalised
61.534847021102905,,,0.36096,0.29847,1,,,,,,,,,GP3HD,0.36096,0.29847,0.0901,0.36389,normalised
61.55021810531616,,,0.35955,0.29752,1,,,,,,,,,GP3HD,0.35955,0.29752,0.0901,0.36389,normalised
61.56586670875549,,,0.34076,0.27716,0,,,,,,,,,GP3HD,0.34076,0.27716,0.0901,0.36389,normalised
61.58272385597229,,,0.3208,0.28771,0,,,,,,,,,GP3HD,0.3208,0.28771,0.0901,0.36389,normalised
61.59903025627136,,,0.3152,0.29398,0,,,,,,,,,GP3HD,0.3152,0.29398,0.0901,0.36389,normalised
61.61504864692688,,,0.3254,0.29761,1,,,,,,,,,GP3HD,0.3254,0.29761,0.0901,0.36389,normalised
61.63086533546448,,,0.32572,0.29997,1,,,,,,,,,GP3HD,0.32572,0.29997,0.0901,0.36389,normalised
61.64770460128784,,,0.32564,0.30068,1,,,,,,,,,GP3HD,0.32564,0.30068,0.0901,0.36389,normalised
61.663201570510864,,,0.32887,0.29774,1,,,,,,,,,GP3HD,0.32887,0.29774,0.0901,0.36389,normalised
61.68073487281799,,,0.32744,0.29206,1,,,,,,,,,GP3HD,0.32744,0.29206,0.0901,0.36389,normalised
61.695865869522095,,,0.32564,0.28577,1,,,,,,,,,GP3HD,0.32564,0.28577,0.0901,0.36389,normalised
61.71342420578003,,,0.32848,0.28222,1,,,,,,,,,GP3HD,0.32848,0.28222,0.0901,0.36389,normalised
61.729459047317505,,,0.33056,0.28075,1,,,,,,,,,GP3HD,0.33056,0.28075,0.0901,0.36389,normalised
61.74729895591736,,,0.33272,0.28069,1,,,,,,,,,GP3HD,0.33272,0.28069,0.0901,0.36389,normalised
61.7619571685791,,,0.33524,0.28001,1,,,,,,,,,GP3HD,0.33524,0.28001,0.0901,0.36389,normalised
61.776567697525024,,,0.33796,0.28052,1,,,,,,,,,GP3HD,0.33796,0.28052,0.0901,0.36389,normalised
61.794244050979614,,,0.34051,0.28154,1,,,,,,,,,GP3HD,0.34051,0.28154,0.0901,0.36389,normalised
61.80868053436279,,,0.34237,0.28145,1,,,,,,,,,GP3HD,0.34237,0.28145,0.0901,0.36389,normalised
61.8262779712677,,,0.34397,0.2818,1,,,,,,,,,GP3HD,0.34397,0.2818,0.0901,0.36389,normalised
61.84303665161133,,,0.34529,0.28181,1,,,,,,,,,GP3HD,0.34529,0.28181,0.0901,0.36389,normalised
61.85785698890686,,,0.34628,0.28157,1,,,,,,,,,GP3HD,0.34628,0.28157,0.0901,0.36389,normalised
61.874632596969604,,,0.34661,0.28092,1,,,,,,,,,GP3HD,0.34661,0.28092,0.0901,0.36389,normalised
61.89122676849365,,,0.34647,0.27908,1,,,,,,,,,GP3HD,0.34647,0.27908,0.0901,0.36389,normalised
61.90722966194153,,,0.34633,0.27726,1,,,,,,,,,GP3HD,0.34633,0.27726,0.0901,0.36389,normalised
61.924055337905884,,,0.34546,0.27465,1,,,,,,,,,GP3HD,0.34546,0.27465,0.0901,0.36389,normalised
61.93850088119507,,,0.34491,0.27301,1,,,,,,,,,GP3HD,0.34491,0.27301,0.0901,0.36389,normalised
61.955687046051025,,,0.34498,0.27261,1,,,,,,,,,GP3HD,0.34498,0.27261,0.0901,0.36389,normalised
61.97170352935791,,,0.34497,0.2724,1,,,,,,,,,GP3HD,0.34497,0.2724,0.0901,0.36389,normalised
61.9884889125824,,,0.34533,0.27321,1,,,,,,,,,GP3HD,0.34533,0.27321,0.0901,0.36389,normalised
62.002317667007446,,,0.34679,0.27583,1,,,,,,,,,GP3HD,0.34679,0.27583,0.0901,0.36389,normalised
62.021626234054565,,,0.34782,0.27819,1,,,,,,,,,GP3HD,0.34782,0.27819,0.0901,0.36389,normalised
62.036338329315186,,,0.34877,0.2804,1,,,,,,,,,GP3HD,0.34877,0.2804,0.0901,0.36389,normalised
62.052111864089966,,,0.35045,0.28299,1,,,,,,,,,GP3HD,0.35045,0.28299,0.0901,0.36389,normalised
62.06834292411804,,,0.35214,0.28549,1,,,,,,,,,GP3HD,0.35214,0.28549,0.0901,0.36389,normalised
62.08526015281677,,,0.35374,0.28784,1,,,,,,,,,GP3HD,0.35374,0.28784,0.0901,0.36389,normalised
62.102033376693726,,,0.37078,0.31093,0,,,,,,,,,GP3HD,0.37078,0.31093,0.0901,0.36389,normalised
62.11694931983948,,,0.38928,0.32526,0,,,,,,,,,GP3HD,0.38928,0.32526,0.0901,0.36389,normalised
62.13268065452576,,,0.39329,0.32396,0,,,,,,,,,GP3HD,0.39329,0.32396,0.0901,0.36389,normalised
62.15036964416504,,,0.38833,0.31135,1,,,,,,,,,GP3HD,0.38833,0.31135,0.0901,0.36389,normalised
62.16692090034485,,,0.38379,0.2988,1,,,,,,,,,GP3HD,0.38379,0.2988,0.0901,0.36389,normalised
62.18218159675598,,,0.37969,0.28751,1,,,,,,,,,GP3HD,0.37969,0.28751,0.0901,0.36389,normalised
62.19680953025818,,,0.37548,0.28008,1,,,,,,,,,GP3HD,0.37548,0.28008,0.0901,0.36389,normalised
62.214332818984985,,,0.37108,0.27524,1,,,,,,,,,GP3HD,0.37108,0.27524,0.0901,0.36389,normalised
62.230250120162964,,,0.36823,0.27304,1,,,,,,,,,GP3HD,0.36823,0.27304,0.0901,0.36389,normalised
62.247413635253906,,,0.36721,0.27331,1,,,,,,,,,GP3HD,0.36721,0.27331,0.0901,0.36389,normalised
62.26185631752014,,,0.36506,0.27403,1,,,,,,,,,GP3HD,0.36506,0.27403,0.0901,0.36389,normalised
62.279491662979126,,,0.36353,0.27533,1,,,,,,,,,GP3HD,0.36353,0.27533,0.0901,0.36389,normalised
62.296529054641724,,,0.36347,0.2755,1,,,,,,,,,GP3HD,0.36347,0.2755,0.0901,0.36389,normalised
62.31140899658203,,,0.36296,0.27781,1,,,,,,,,,GP3HD,0.36296,0.27781,0.0901,0.36389,normalised
62.327269315719604,,,0.36263,0.28009,1,,,,,,,,,GP3HD,0.36263,0.28009,0.0901,0.36389,normalised
62.343493700027466,,,0.36403,0.28372,1,,,,,,,,,GP3HD,0.36403,0.28372,0.0901,0.36389,normalised
62.361056089401245,,,0.36447,0.28621,1,,,,,,,,,GP3HD,0.36447,0.28621,0.0901,0.36389,normalised
62.37756872177124,,,0.3646,0.28773,1,,,,,,,,,GP3HD,0.3646,0.28773,0.0901,0.36389,normalised
62.39123463630676,,,0.36552,0.28795,1,,,,,,,,,GP3HD,0.36552,0.28795,0.0901,0.36389,normalised
62.40694546699524,,,0.36555,0.28775,1,,,,,,,,,GP3HD,0.36555,0.28775,0.0901,0.36389,normalised
62.423935651779175,,,0.36572,0.28797,1,,,,,,,,,GP3HD,0.36572,0.28797,0.0901,0.36389,normalised
62.441147327423096,,,0.36616,0.28823,1,,,,,,,,,GP3HD,0.36616,0.28823,0.0901,0.36389,normalised
62.45617747306824,,,0.36714,0.2899,1,,,,,,,,,GP3HD,0.36714,0.2899,0.0901,0.36389,normalised
62.47182774543762,,,0.36812,0.29161,1,,,,,,,,,GP3HD,0.36812,0.29161,0.0901,0.36389,normalised
62.4894323348999,,,0.36925,0.29325,1,,,,,,,,,GP3HD,0.36925,0.29325,0.0901,0.36389,normalised
62.502920150756836,,,0.37049,0.29454,1,,,,,,,,,GP3HD,0.37049,0.29454,0.0901,0.36389,normalised
62.51951766014099,,,0.37146,0.29526,1,,,,,,,,,GP3HD,0.37146,0.29526,0.0901,0.36389,normalised
62.538551568984985,,,0.37215,0.2952,1,,,,,,,,,GP3HD,0.37215,0.2952,0.0901,0.36389,normalised
62.553157329559326,,,0.37349,0.29521,1,,,,,,,,,GP3HD,0.37349,0.29521,0.0901,0.36389,normalised
62.56973052024841,,,0.37484,0.2955,1,,,,,,,,,GP3HD,0.37484,0.2955,0.0901,0.36389,normalised
62.58576035499573,,,0.37607,0.29566,1,,,,,,,,,GP3HD,0.37607,0.29566,0.0901,0.36389,normalised
62.601948976516724,,,0.39786,0.31243,0,,,,,,,,,GP3HD,0.39786,0.31243,0.0901,0.36389,normalised
62.616509437561035,,,0.41485,0.33211,0,,,,,,,,,GP3HD,0.41485,0.33211,0.0901,0.36389,normalised
62.63583183288574,,,0.41953,0.33281,0,,,,,,,,,GP3HD,0.41953,0.33281,0.0901,0.36389,normalised
62.64824986457825,,,0.41992,0.32745,1,,,,,,,,,GP3HD,0.41992,0.32745,0.0901,0.36389,normalised
62.664549350738525,,,0.41955,0.32244,1,,,,,,,,,GP3HD,0.41955,0.32244,0.0901,0.36389,normalised
62.68141484260559,,,0.40433,0.31251,1,,,,,,,,,GP3HD,0.40433,0.31251,0.0901,0.36389,normalised
62.69714379310608,,,0.37339,0.30472,1,,,,,,,,,GP3HD,0.37339,0.30472,0.0901,0.36389,normalised
62.71301794052124,,,0.34932,0.29644,1,,,,,,,,,GP3HD,0.34932,0.29644,0.0901,0.36389,normalised
62.73089575767517,,,0.3777,0.31974,1,,,,,,,,,GP3HD,0.3777,0.31974,0.0901,0.36389,normalised
62.7458713054657,,,0.39469,0.33641,1,,,,,,,,,GP3HD,0.39469,0.33641,0.0901,0.36389,normalised
62.763577699661255,,,0.40795,0.34815,1,,,,,,,,,GP3HD,0.40795,0.34815,0.0901,0.36389,normalised
62.780415534973145,,,0.46682,0.40563,1,,,,,,,,,GP3HD,0.46682,0.40563,0.0901,0.36389,normalised
62.79505944252014,,,0.51638,0.4448,1,,,,,,,,,GP3HD,0.51638,0.4448,0.0901,0.36389,normalised
62.812872886657715,,,0.58281,0.50192,0,,,,,,,,,GP3HD,0.58281,0.50192,0.0901,0.36389,normalised
62.82723879814148,,,0.85538,0.75298,0,,,,,,,,,GP3HD,0.85538,0.75298,0.0901,0.36389,normalised
62.843801736831665,,,0.96336,0.85205,0,,,,,,,,,GP3HD,0.96336,0.85205,0.0901,0.36389,normalised
62.86403799057007,,,1.16202,1.03524,0,,,,,,,,,GP3HD,1.16202,1.03524,0.0901,0.36389,normalised
62.87564539909363,,,1.14607,1.03284,0,,,,,,,,,GP3HD,1.14607,1.03284,0.0901,0.36389,normalised
62.89308142662048,,,1.13925,1.03241,0,,,,,,,,,GP3HD,1.13925,1.03241,0.0901,0.36389,normalised
62.907464265823364,,,1.1358,1.03422,1,,,,,,,,,GP3HD,1.1358,1.03422,0.0901,0.36389,normalised
62.924691677093506,,,1.13573,1.03712,1,,,,,,,,,GP3HD,1.13573,1.03712,0.0901,0.36389,normalised
62.94093060493469,,,1.11122,1.01605,1,,,,,,,,,GP3HD,1.11122,1.01605,0.0901,0.36389,normalised
62.95680785179138,,,1.09372,1.00101,1,,,,,,,,,GP3HD,1.09372,1.00101,0.0901,0.36389,normalised
62.972429037094116,,,1.12358,1.02249,1,,,,,,,,,GP3HD,1.12358,1.02249,0.0901,0.36389,normalised
62.988096714019775,,,1.14625,1.03712,1,,,,,,,,,GP3HD,1.14625,1.03712,0.0901,0.36389,normalised
63.00548505783081,,,1.16462,1.0481,1,,,,,,,,,GP3HD,1.16462,1.0481,0.0901,0.36389,normalised
63.02140712738037,,,1.17972,1.06017,1,,,,,,,,,GP3HD,1.17972,1.06017,0.0901,0.36389,normalised
63.039730072021484,,,1.19284,1.06957,1,,,,,,,,,GP3HD,1.19284,1.06957,0.0901,0.36389,normalised
63.05340075492859,,,1.20394,1.07753,1,,,,,,,,,GP3HD,1.20394,1.07753,0.0901,0.36389,normalised
63.07177662849426,,,1.20931,1.08127,1,,,,,,,,,GP3HD,1.20931,1.08127,0.0901,0.36389,normalised
63.08628296852112,,,1.20782,1.07806,1,,,,,,,,,GP3HD,1.20782,1.07806,0.0901,0.36389,normalised
63.10307598114014,,,1.23003,1.08929,0,,,,,,,,,GP3HD,1.23003,1.08929,0.0901,0.36389,normalised
63.118160247802734,,,1.33596,1.15637,0,,,,,,,,,GP3HD,1.33596,1.15637,0.0901,0.36389,normalised
63.13347887992859,,,1.35169,1.16071,0,,,,,,,,,GP3HD,1.35169,1.16071,0.0901,0.36389,normalised
63.14914059638977,,,1.40293,1.1865,0,,,,,,,,,GP3HD,1.40293,1.1865,0.0901,0.36389,normalised
63.166152238845825,,,1.41762,1.2,0,,,,,,,,,GP3HD,1.41762,1.2,0.0901,0.36389,normalised
63.18379259109497,,,1.41525,1.19088,0,,,,,,,,,GP3HD,1.41525,1.19088,0.0901,0.36389,normalised
63.19835352897644,,,1.41415,1.18612,1,,,,,,,,,GP3HD,1.41415,1.18612,0.0901,0.36389,normalised
63.21595048904419,,,1.41649,1.18676,1,,,,,,,,,GP3HD,1.41649,1.18676,0.0901,0.36389,normalised
63.231480836868286,,,1.41345,1.18218,1,,,,,,,,,GP3HD,1.41345,1.18218,0.0901,0.36389,normalised
63.247422218322754,,,1.41069,1.18047,1,,,,,,,,,GP3HD,1.41069,1.18047,0.0901,0.36389,normalised
63.26321625709534,,,1.41272,1.18552,1,,,,,,,,,GP3HD,1.41272,1.18552,0.0901,0.36389,normalised
63.28142595291138,,,1.41238,1.19165,1,,,,,,,,,GP3HD,1.41238,1.19165,0.0901,0.36389,normalised
63.29582858085632,,,1.41184,1.19708,1,,,,,,,,,GP3HD,1.41184,1.19708,0.0901,0.36389,normalised
63.31368327140808,,,1.41441,1.20217,1,,,,,,,,,GP3HD,1.41441,1.20217,0.0901,0.36389,normalised
63.32876443862915,,,1.41657,1.20463,1,,,,,,,,,GP3HD,1.41657,1.20463,0.0901,0.36389,normalised
63.34427452087402,,,1.41857,1.20635,1,,,,,,,,,GP3HD,1.41857,1.20635,0.0901,0.36389,normalised
63.36212182044983,,,1.42075,1.21031,1,,,,,,,,,GP3HD,1.42075,1.21031,0.0901,0.36389,normalised
63.37707185745239,,,1.4228,1.21435,1,,,,,,,,,GP3HD,1.4228,1.21435,0.0901,0.36389,normalised
63.392005920410156,,,1.42437,1.21821,1,,,,,,,,,GP3HD,1.42437,1.21821,0.0901,0.36389,normalised
63.40910053253174,,,1.42486,1.21979,1,,,,,,,,,GP3HD,1.42486,1.21979,0.0901,0.36389,normalised
63.4257333278656,,,1.42518,1.22105,1,,,,,,,,,GP3HD,1.42518,1.22105,0.0901,0.36389,normalised
63.44088864326477,,,1.43394,1.24675,0,,,,,,,,,GP3HD,1.43394,1.24675,0.0901,0.36389,normalised
63.457916259765625,,,1.42791,1.22714,0,,,,,,,,,GP3HD,1.42791,1.22714,0.0901,0.36389,normalised
63.47408699989319,,,1.42202,1.21874,0,,,,,,,,,GP3HD,1.42202,1.21874,0.0901,0.36389,normalised
63.48915457725525,,,1.41907,1.21455,1,,,,,,,,,GP3HD,1.41907,1.21455,0.0901,0.36389,normalised
63.506611585617065,,,1.42021,1.2184,1,,,,,,,,,GP3HD,1.42021,1.2184,0.0901,0.36389,normalised
63.52443742752075,,,1.41663,1.21687,1,,,,,,,,,GP3HD,1.41663,1.21687,0.0901,0.36389,normalised
63.53811025619507,,,1.42413,1.19543,1,,,,,,,,,GP3HD,1.42413,1.19543,0.0901,0.36389,normalised
63.555407762527466,,,1.43785,1.15153,1,,,,,,,,,GP3HD,1.43785,1.15153,0.0901,0.36389,normalised
63.572134256362915,,,1.44701,1.09154,1,,,,,,,,,GP3HD,1.44701,1.09154,0.0901,0.36389,normalised
63.58695411682129,,,1.45036,1.03142,1,,,,,,,,,GP3HD,1.45036,1.03142,0.0901,0.36389,normalised
63.605034589767456,,,1.45712,1.00023,1,,,,,,,,,GP3HD,1.45712,1.00023,0.0901,0.36389,normalised
63.62041187286377,,,1.46264,0.99587,1,,,,,,,,,GP3HD,1.46264,0.99587,0.0901,0.36389,normalised
63.63486957550049,,,1.46627,0.99907,1,,,,,,,,,GP3HD,1.46627,0.99907,0.0901,0.36389,normalised
63.65228080749512,,,1.47995,0.95857,0,,,,,,,,,GP3HD,1.47995,0.95857,0.0901,0.36389,normalised
63.6697952747345,,,1.51871,0.88489,0,,,,,,,,,GP3HD,1.51871,0.88489,0.0901,0.36389,normalised
63.684762716293335,,,1.53141,0.86209,0,,,,,,,,,GP3HD,1.53141,0.86209,0.0901,0.36389,normalised
63.7015540599823,,,1.54178,0.86204,0,,,,,,,,,GP3HD,1.54178,0.86204,0.0901,0.36389,normalised
63.71625995635986,,,1.52257,0.9874,0,,,,,,,,,GP3HD,1.52257,0.9874,0.0901,0.36389,normalised
63.734387159347534,,,1.49633,1.07188,0,,,,,,,,,GP3HD,1.49633,1.07188,0.0901,0.36389,normalised
63.749430656433105,,,1.46047,1.19199,0,,,,,,,,,GP3HD,1.46047,1.19199,0.0901,0.36389,normalised
63.76490879058838,,,1.44134,1.20158,0,,,,,,,,,GP3HD,1.44134,1.20158,0.0901,0.36389,normalised
63.781906843185425,,,1.43497,1.20478,0,,,,,,,,,GP3HD,1.43497,1.20478,0.0901,0.36389,normalised
63.798402309417725,,,1.43585,1.2112,1,,,,,,,,,GP3HD,1.43585,1.2112,0.0901,0.36389,normalised
63.815409660339355,,,1.43296,1.20876,1,,,,,,,,,GP3HD,1.43296,1.20876,0.0901,0.36389,normalised
63.829981565475464,,,1.43186,1.2053,1,,,,,,,,,GP3HD,1.43186,1.2053,0.0901,0.36389,normalised
63.84849452972412,,,1.43226,1.2033,1,,,,,,,,,GP3HD,1.43226,1.2033,0.0901,0.36389,normalised
63.861621141433716,,,1.43384,1.20079,1,,,,,,,,,GP3HD,1.43384,1.20079,0.0901,0.36389,normalised
63.878998041152954,,,1.43507,1.19884,1,,,,,,,,,GP3HD,1.43507,1.19884,0.0901,0.36389,normalised
63.89497494697571,,,1.4317,1.19743,1,,,,,,,,,GP3HD,1.4317,1.19743,0.0901,0.36389,normalised
63.91230392456055,,,1.42896,1.19782,1,,,,,,,,,GP3HD,1.42896,1.19782,0.0901,0.36389,normalised
63.92704486846924,,,1.42676,1.19806,1,,,,,,,,,GP3HD,1.42676,1.19806,0.0901,0.36389,normalised
63.94275617599487,,,1.42732,1.1975,1,,,,,,,,,GP3HD,1.42732,1.1975,0.0901,0.36389,normalised
63.96015405654907,,,1.42883,1.19767,1,,,,,,,,,GP3HD,1.42883,1.19767,0.0901,0.36389,normalised
63.97578501701355,,,1.43048,1.19699,1,,,,,,,,,GP3HD,1.43048,1.19699,0.0901,0.36389,normalised
63.99056577682495,,,1.43118,1.19715,1,,,,,,,,,GP3HD,1.43118,1.19715,0.0901,0.36389,normalised
64.0081262588501,,,1.43038,1.19689,1,,,,,,,,,GP3HD,1.43038,1.19689,0.0901,0.36389,normalised
64.02410674095154,,,1.42946,1.19714,1,,,,,,,,,GP3HD,1.42946,1.19714,0.0901,0.36389,normalised
64.0389564037323,,,1.42925,1.19666,1,,,,,,,,,GP3HD,1.42925,1.19666,0.0901,0.36389,normalised
64.05547499656677,,,1.42976,1.19805,1,,,,,,,,,GP3HD,1.42976,1.19805,0.0901,0.36389,normalised
64.07240986824036,,,1.43012,1.19949,1,,,,,,,,,GP3HD,1.43012,1.19949,0.0901,0.36389,normalised
64.0895767211914,,,1.42993,1.2004,1,,,,,,,,,GP3HD,1.42993,1.2004,0.0901,0.36389,normalised
64.10513472557068,,,1.42989,1.20126,1,,,,,,,,,GP3HD,1.42989,1.20126,0.0901,0.36389,normalised
64.12110590934753,,,1.42975,1.20223,1,,,,,,,,,GP3HD,1.42975,1.20223,0.0901,0.36389,normalised
64.13821816444397,,,1.43035,1.20398,1,,,,,,,,,GP3HD,1.43035,1.20398,0.0901,0.36389,normalised
64.15260195732117,,,1.4297,1.2075,1,,,,,,,,,GP3HD,1.4297,1.2075,0.0901,0.36389,normalised
64.17030024528503,,,1.42909,1.21075,1,,,,,,,,,GP3HD,1.42909,1.21075,0.0901,0.36389,normalised
64.18639898300171,,,1.42946,1.21126,1,,,,,,,,,GP3HD,1.42946,1.21126,0.0901,0.36389,normalised
64.20103073120117,,,1.43014,1.21162,1,,,,,,,,,GP3HD,1.43014,1.21162,0.0901,0.36389,normalised
64.21828866004944,,,1.43094,1.21161,1,,,,,,,,,GP3HD,1.43094,1.21161,0.0901,0.36389,normalised
64.23338437080383,,,1.43136,1.2115,1,,,,,,,,,GP3HD,1.43136,1.2115,0.0901,0.36389,normalised
64.24981045722961,,,1.43232,1.2124,1,,,,,,,,,GP3HD,1.43232,1.2124,0.0901,0.36389,normalised
64.26733255386353,,,1.43311,1.21343,1,,,,,,,,,GP3HD,1.43311,1.21343,0.0901,0.36389,normalised
64.28396439552307,,,1.43236,1.21276,1,,,,,,,,,GP3HD,1.43236,1.21276,0.0901,0.36389,normalised
64.30032300949097,,,1.43169,1.21231,1,,,,,,,,,GP3HD,1.43169,1.21231,0.0901,0.36389,normalised
64.31532764434814,,,1.43098,1.21206,1,,,,,,,,,GP3HD,1.43098,1.21206,0.0901,0.36389,normalised
64.33144164085388,,,1.42986,1.21097,1,,,,,,,,,GP3HD,1.42986,1.21097,0.0901,0.36389,normalised
64.3476927280426,,,1.42926,1.21025,1,,,,,,,,,GP3HD,1.42926,1.21025,0.0901,0.36389,normalised
64.36544489860535,,,1.42877,1.2094,1,,,,,,,,,GP3HD,1.42877,1.2094,0.0901,0.36389,normalised
64.37913084030151,,,1.42871,1.20941,1,,,,,,,,,GP3HD,1.42871,1.20941,0.0901,0.36389,normalised
64.39622807502747,,,1.42863,1.20926,1,,,,,,,,,GP3HD,1.42863,1.20926,0.0901,0.36389,normalised
64.41202878952026,,,1.42855,1.20912,1,,,,,,,,,GP3HD,1.42855,1.20912,0.0901,0.36389,normalised
64.42919206619263,,,1.42852,1.20923,1,,,,,,,,,GP3HD,1.42852,1.20923,0.0901,0.36389,normalised
64.44521045684814,,,1.42893,1.20991,1,,,,,,,,,GP3HD,1.42893,1.20991,0.0901,0.36389,normalised
64.46220374107361,,,1.42934,1.21051,1,,,,,,,,,GP3HD,1.42934,1.21051,0.0901,0.36389,normalised
64.47682738304138,,,1.42965,1.21233,1,,,,,,,,,GP3HD,1.42965,1.21233,0.0901,0.36389,normalised
64.4944498538971,,,1.43022,1.21464,1,,,,,,,,,GP3HD,1.43022,1.21464,0.0901,0.36389,normalised
64.50843167304993,,,1.43069,1.21693,1,,,,,,,,,GP3HD,1.43069,1.21693,0.0901,0.36389,normalised
64.5271623134613,,,1.42962,1.21712,1,,,,,,,,,GP3HD,1.42962,1.21712,0.0901,0.36389,normalised
64.54367327690125,,,1.42992,1.21685,1,,,,,,,,,GP3HD,1.42992,1.21685,0.0901,0.36389,normalised
64.55899286270142,,,1.43025,1.21649,1,,,,,,,,,GP3HD,1.43025,1.21649,0.0901,0.36389,normalised
64.57568740844727,,,1.43027,1.21612,1,,,,,,,,,GP3HD,1.43027,1.21612,0.0901,0.36389,normalised
64.59003686904907,,,1.43079,1.21615,1,,,,,,,,,GP3HD,1.43079,1.21615,0.0901,0.36389,normalised
64.6077048778534,,,1.43127,1.21627,1,,,,,,,,,GP3HD,1.43127,1.21627,0.0901,0.36389,normalised
64.62254595756531,,,1.43167,1.21674,1,,,,,,,,,GP3HD,1.43167,1.21674,0.0901,0.36389,normalised
64.64042544364929,,,1.43178,1.21756,1,,,,,,,,,GP3HD,1.43178,1.21756,0.0901,0.36389,normalised
64.65730237960815,,,1.43184,1.21849,1,,,,,,,,,GP3HD,1.43184,1.21849,0.0901,0.36389,normalised
64.67106318473816,,,1.43264,1.2189,1,,,,,,,,,GP3HD,1.43264,1.2189,0.0901,0.36389,normalised
64.68668866157532,,,1.43373,1.21925,1,,,,,,,,,GP3HD,1.43373,1.21925,0.0901,0.36389,normalised
64.70445609092712,,,1.43474,1.21972,1,,,,,,,,,GP3HD,1.43474,1.21972,0.0901,0.36389,normalised
64.72046494483948,,,1.43431,1.22152,1,,,,,,,,,GP3HD,1.43431,1.22152,0.0901,0.36389,normalised
64.73494791984558,,,1.43359,1.22332,1,,,,,,,,,GP3HD,1.43359,1.22332,0.0901,0.36389,normalised
64.75142335891724,,,1.43274,1.22541,1,,,,,,,,,GP3HD,1.43274,1.22541,0.0901,0.36389,normalised
64.76768565177917,,,1.43215,1.22733,1,,,,,,,,,GP3HD,1.43215,1.22733,0.0901,0.36389,normalised
64.7842309474945,,,1.43226,1.22943,1,,,,,,,,,GP3HD,1.43226,1.22943,0.0901,0.36389,normalised
64.8021948337555,,,1.43252,1.23125,1,,,,,,,,,GP3HD,1.43252,1.23125,0.0901,0.36389,normalised
64.81685066223145,,,1.43251,1.23186,1,,,,,,,,,GP3HD,1.43251,1.23186,0.0901,0.36389,normalised
64.8336751461029,,,1.43272,1.23199,1,,,,,,,,,GP3HD,1.43272,1.23199,0.0901,0.36389,normalised
64.84817957878113,,,1.43297,1.23203,1,,,,,,,,,GP3HD,1.43297,1.23203,0.0901,0.36389,normalised
64.86426568031311,,,1.43225,1.25798,0,,,,,,,,,GP3HD,1.43225,1.25798,0.0901,0.36389,normalised
64.88199257850647,,,1.43976,1.25762,0,,,,,,,,,GP3HD,1.43976,1.25762,0.0901,0.36389,normalised
64.89769625663757,,,1.44227,1.25751,0,,,,,,,,,GP3HD,1.44227,1.25751,0.0901,0.36389,normalised
64.91261219978333,,,1.44671,1.25802,1,,,,,,,,,GP3HD,1.44671,1.25802,0.0901,0.36389,normalised
64.93040156364441,,,1.44607,1.26781,1,,,,,,,,,GP3HD,1.44607,1.26781,0.0901,0.36389,normalised
64.94630146026611,,,1.44545,1.27451,1,,,,,,,,,GP3HD,1.44545,1.27451,0.0901,0.36389,normalised
64.96363186836243,,,1.44451,1.27844,1,,,,,,,,,GP3HD,1.44451,1.27844,0.0901,0.36389,normalised
64.97746682167053,,,1.44685,1.27714,1,,,,,,,,,GP3HD,1.44685,1.27714,0.0901,0.36389,normalised
64.99536204338074,,,1.44869,1.27609,1,,,,,,,,,GP3HD,1.44869,1.27609,0.0901,0.36389,normalised
65.01295495033264,,,1.4499,1.27368,1,,,,,,,,,GP3HD,1.4499,1.27368,0.0901,0.36389,normalised
65.02746272087097,,,1.45118,1.27098,1,,,,,,,,,GP3HD,1.45118,1.27098,0.0901,0.36389,normalised
65.04448294639587,,,1.45267,1.26809,1,,,,,,,,,GP3HD,1.45267,1.26809,0.0901,0.36389,normalised
65.05893301963806,,,1.45351,1.27312,1,,,,,,,,,GP3HD,1.45351,1.27312,0.0901,0.36389,normalised
65.07665944099426,,,1.45348,1.27499,1,,,,,,,,,GP3HD,1.45348,1.27499,0.0901,0.36389,normalised
65.09043526649475,,,1.45343,1.27663,1,,,,,,,,,GP3HD,1.45343,1.27663,0.0901,0.36389,normalised
65.10984396934509,,,1.45408,1.27866,1,,,,,,,,,GP3HD,1.45408,1.27866,0.0901,0.36389,normalised
65.12595415115356,,,1.45389,1.27934,1,,,,,,,,,GP3HD,1.45389,1.27934,0.0901,0.36389,normalised
65.13995218276978,,,1.45354,1.28017,1,,,,,,,,,GP3HD,1.45354,1.28017,0.0901,0.36389,normalised
65.15576553344727,,,1.45279,1.28139,1,,,,,,,,,GP3HD,1.45279,1.28139,0.0901,0.36389,normalised
65.1730432510376,,,1.45182,1.28337,1,,,,,,,,,GP3HD,1.45182,1.28337,0.0901,0.36389,normalised
65.18788075447083,,,1.451,1.28509,1,,,,,,,,,GP3HD,1.451,1.28509,0.0901,0.36389,normalised
65.20579981803894,,,1.45054,1.28241,1,,,,,,,,,GP3HD,1.45054,1.28241,0.0901,0.36389,normalised
65.220618724823,,,1.45024,1.27958,1,,,,,,,,,GP3HD,1.45024,1.27958,0.0901,0.36389,normalised
65.23723006248474,,,1.45006,1.27676,1,,,,,,,,,GP3HD,1.45006,1.27676,0.0901,0.36389,normalised
65.25407099723816,,,1.45086,1.27471,1,,,,,,,,,GP3HD,1.45086,1.27471,0.0901,0.36389,normalised
65.27031445503235,,,1.4516,1.27125,1,,,,,,,,,GP3HD,1.4516,1.27125,0.0901,0.36389,normalised
65.28596472740173,,,1.45221,1.26825,1,,,,,,,,,GP3HD,1.45221,1.26825,0.0901,0.36389,normalised
65.30074644088745,,,1.45337,1.26666,1,,,,,,,,,GP3HD,1.45337,1.26666,0.0901,0.36389,normalised
65.31738138198853,,,1.45594,1.26576,1,,,,,,,,,GP3HD,1.45594,1.26576,0.0901,0.36389,normalised
65.33490252494812,,,1.45826,1.26506,1,,,,,,,,,GP3HD,1.45826,1.26506,0.0901,0.36389,normalised
65.35015678405762,,,1.46693,1.23336,0,,,,,,,,,GP3HD,1.46693,1.23336,0.0901,0.36389,normalised
65.36754751205444,,,1.48336,1.22427,0,,,,,,,,,GP3HD,1.48336,1.22427,0.0901,0.36389,normalised
65.38156771659851,,,1.48883,1.22124,0,,,,,,,,,GP3HD,1.48883,1.22124,0.0901,0.36389,normalised
65.40082931518555,,,1.4843,1.22193,1,,,,,,,,,GP3HD,1.4843,1.22193,0.0901,0.36389,normalised
65.41581344604492,,,1.48002,1.21896,1,,,,,,,,,GP3HD,1.48002,1.21896,0.0901,0.36389,normalised
65.43070006370544,,,1.47746,1.2164,1,,,,,,,,,GP3HD,1.47746,1.2164,0.0901,0.36389,normalised
65.44851016998291,,,1.4755,1.21726,1,,,,,,,,,GP3HD,1.4755,1.21726,0.0901,0.36389,normalised
65.46325325965881,,,1.47406,1.21776,1,,,,,,,,,GP3HD,1.47406,1.21776,0.0901,0.36389,normalised
65.47998118400574,,,1.47264,1.21859,1,,,,,,,,,GP3HD,1.47264,1.21859,0.0901,0.36389,normalised
65.49686026573181,,,1.4675,1.21731,1,,,,,,,,,GP3HD,1.4675,1.21731,0.0901,0.36389,normalised
65.51245665550232,,,1.46365,1.21726,1,,,,,,,,,GP3HD,1.46365,1.21726,0.0901,0.36389,normalised
65.52805876731873,,,1.46016,1.21775,1,,,,,,,,,GP3HD,1.46016,1.21775,0.0901,0.36389,normalised
65.54817199707031,,,1.45669,1.21733,1,,,,,,,,,GP3HD,1.45669,1.21733,0.0901,0.36389,normalised
65.56159591674805,,,1.45357,1.22458,1,,,,,,,,,GP3HD,1.45357,1.22458,0.0901,0.36389,normalised
65.57871317863464,,,1.45086,1.23087,1,,,,,,,,,GP3HD,1.45086,1.23087,0.0901,0.36389,normalised
65.59431743621826,,,1.44747,1.23481,1,,,,,,,,,GP3HD,1.44747,1.23481,0.0901,0.36389,normalised
65.60815024375916,,,1.44535,1.23997,1,,,,,,,,,GP3HD,1.44535,1.23997,0.0901,0.36389,normalised
65.62553834915161,,,1.44336,1.24467,1,,,,,,,,,GP3HD,1.44336,1.24467,0.0901,0.36389,normalised
65.64258766174316,,,1.42225,1.26717,0,,,,,,,,,GP3HD,1.42225,1.26717,0.0901,0.36389,normalised
65.65773487091064,,,1.40205,1.28041,0,,,,,,,,,GP3HD,1.40205,1.28041,0.0901,0.36389,normalised
65.67533874511719,,,1.39623,1.2837,0,,,,,,,,,GP3HD,1.39623,1.2837,0.0901,0.36389,normalised
65.69134330749512,,,1.40913,1.30308,1,,,,,,,,,GP3HD,1.40913,1.30308,0.0901,0.36389,normalised
65.70658946037292,,,1.45119,1.34016,1,,,,,,,,,GP3HD,1.45119,1.34016,0.0901,0.36389,normalised
65.72352576255798,,,1.4805,1.36437,1,,,,,,,,,GP3HD,1.4805,1.36437,0.0901,0.36389,normalised
65.73960328102112,,,1.42653,1.30088,1,,,,,,,,,GP3HD,1.42653,1.30088,0.0901,0.36389,normalised
65.75492262840271,,,1.38688,1.25407,1,,,,,,,,,GP3HD,1.38688,1.25407,0.0901,0.36389,normalised
65.76983165740967,,,1.35595,1.21728,1,,,,,,,,,GP3HD,1.35595,1.21728,0.0901,0.36389,normalised
65.78734993934631,,,1.30857,1.17117,1,,,,,,,,,GP3HD,1.30857,1.17117,0.0901,0.36389,normalised
65.8048746585846,,,1.27961,1.14139,1,,,,,,,,,GP3HD,1.27961,1.14139,0.0901,0.36389,normalised
65.81978702545166,,,1.25558,1.11755,1,,,,,,,,,GP3HD,1.25558,1.11755,0.0901,0.36389,normalised
65.83593702316284,,,1.21322,1.06811,1,,,,,,,,,GP3HD,1.21322,1.06811,0.0901,0.36389,normalised
65.85297346115112,,,1.1426,0.98728,0,,,,,,,,,GP3HD,1.1426,0.98728,0.0901,0.36389,normalised
65.867830991745,,,0.94506,0.76187,0,,,,,,,,,GP3HD,0.94506,0.76187,0.0901,0.36389,normalised
65.88419151306152,,,0.82114,0.61336,0,,,,,,,,,GP3HD,0.82114,0.61336,0.0901,0.36389,normalised
65.90099143981934,,,0.63032,0.38227,0,,,,,,,,,GP3HD,0.63032,0.38227,0.0901,0.36389,normalised
65.91515755653381,,,0.59872,0.33295,0,,,,,,,,,GP3HD,0.59872,0.33295,0.0901,0.36389,normalised
65.93346691131592,,,0.59107,0.29769,0,,,,,,,,,GP3HD,0.59107,0.29769,0.0901,0.36389,normalised
65.95049285888672,,,0.60876,0.23908,0,,,,,,,,,GP3HD,0.60876,0.23908,0.0901,0.36389,normalised
65.96410465240479,,,0.64327,0.21382,0,,,,,,,,,GP3HD,0.64327,0.21382,0.0901,0.36389,normalised
65.98179864883423,,,0.52177,0.1701,0,,,,,,,,,GP3HD,0.52177,0.1701,0.0901,0.36389,normalised
65.99784684181213,,,0.41079,0.11833,0,,,,,,,,,GP3HD,0.41079,0.11833,0.0901,0.36389,normalised
66.01508164405823,,,0.3433,0.10106,0,,,,,,,,,GP3HD,0.3433,0.10106,0.0901,0.36389,normalised
66.02965664863586,,,0.31608,0.08971,0,,,,,,,,,GP3HD,0.31608,0.08971,0.0901,0.36389,normalised
66.04554152488708,,,0.2672,0.07453,0,,,,,,,,,GP3HD,0.2672,0.07453,0.0901,0.36389,normalised
66.0633716583252,,,0.26568,0.07365,0,,,,,,,,,GP3HD,0.26568,0.07365,0.0901,0.36389,normalised
66.07788324356079,,,0.26269,0.0719,0,,,,,,,,,GP3HD,0.26269,0.0719,0.0901,0.36389,normalised
66.09483814239502,,,0.26887,0.08515,1,,,,,,,,,GP3HD,0.26887,0.08515,0.0901,0.36389,normalised
66.11109733581543,,,0.27258,0.0931,1,,,,,,,,,GP3HD,0.27258,0.0931,0.0901,0.36389,normalised
66.12883186340332,,,0.26402,0.08707,1,,,,,,,,,GP3HD,0.26402,0.08707,0.0901,0.36389,normalised
66.14624667167664,,,0.25803,0.08744,1,,,,,,,,,GP3HD,0.25803,0.08744,0.0901,0.36389,normalised
66.16031694412231,,,0.25354,0.08772,1,,,,,,,,,GP3HD,0.25354,0.08772,0.0901,0.36389,normalised
66.17702031135559,,,0.24365,0.08329,1,,,,,,,,,GP3HD,0.24365,0.08329,0.0901,0.36389,normalised
66.19171953201294,,,0.23429,0.08313,1,,,,,,,,,GP3HD,0.23429,0.08313,0.0901,0.36389,normalised
66.20832705497742,,,0.22662,0.083,1,,,,,,,,,GP3HD,0.22662,0.083,0.0901,0.36389,normalised
66.2241005897522,,,0.22064,0.07866,1,,,,,,,,,GP3HD,0.22064,0.07866,0.0901,0.36389,normalised
66.24053740501404,,,0.21681,0.07525,1,,,,,,,,,GP3HD,0.21681,0.07525,0.0901,0.36389,normalised
66.25828409194946,,,0.21353,0.07232,1,,,,,,,,,GP3HD,0.21353,0.07232,0.0901,0.36389,normalised
66.27528476715088,,,0.21115,0.07121,1,,,,,,,,,GP3HD,0.21115,0.07121,0.0901,0.36389,normalised
66.29202604293823,,,0.20917,0.06855,1,,,,,,,,,GP3HD,0.20917,0.06855,0.0901,0.36389,normalised
66.30656051635742,,,0.18026,0.05501,0,,,,,,,,,GP3HD,0.18026,0.05501,0.0901,0.36389,normalised
66.32445311546326,,,0.17365,0.05114,0,,,,,,,,,GP3HD,0.17365,0.05114,0.0901,0.36389,normalised
66.34010338783264,,,0.1638,0.06772,0,,,,,,,,,GP3HD,0.1638,0.06772,0.0901,0.36389,normalised
66.35375833511353,,,0.15888,0.07601,1,,,,,,,,,GP3HD,0.15888,0.07601,0.0901,0.36389,normalised
66.37231016159058,,,0.15589,0.07971,1,,,,,,,,,GP3HD,0.15589,0.07971,0.0901,0.36389,normalised
66.38800096511841,,,0.1545,0.08097,1,,,,,,,,,GP3HD,0.1545,0.08097,0.0901,0.36389,normalised
66.40269446372986,,,0.1535,0.08188,1,,,,,,,,,GP3HD,0.1535,0.08188,0.0901,0.36389,normalised
66.41958045959473,,,0.14865,0.08539,1,,,,,,,,,GP3HD,0.14865,0.08539,0.0901,0.36389,normalised
66.43721461296082,,,0.14551,0.08786,1,,,,,,,,,GP3HD,0.14551,0.08786,0.0901,0.36389,normalised
66.45093107223511,,,0.143,0.08984,1,,,,,,,,,GP3HD,0.143,0.08984,0.0901,0.36389,normalised
66.4694664478302,,,0.1426,0.09003,1,,,,,,,,,GP3HD,0.1426,0.09003,0.0901,0.36389,normalised
66.48508882522583,,,0.14233,0.09213,1,,,,,,,,,GP3HD,0.14233,0.09213,0.0901,0.36389,normalised
66.50029039382935,,,0.14211,0.09391,1,,,,,,,,,GP3HD,0.14211,0.09391,0.0901,0.36389,normalised
66.51534795761108,,,0.14246,0.09411,1,,,,,,,,,GP3HD,0.14246,0.09411,0.0901,0.36389,normalised
66.53162026405334,,,0.1434,0.09705,1,,,,,,,,,GP3HD,0.1434,0.09705,0.0901,0.36389,normalised
66.5491714477539,,,0.14422,0.09963,1,,,,,,,,,GP3HD,0.14422,0.09963,0.0901,0.36389,normalised
66.56504154205322,,,0.14477,0.10117,1,,,,,,,,,GP3HD,0.14477,0.10117,0.0901,0.36389,normalised
66.57971572875977,,,0.14688,0.1037,1,,,,,,,,,GP3HD,0.14688,0.1037,0.0901,0.36389,normalised
66.59724140167236,,,0.14877,0.10597,1,,,,,,,,,GP3HD,0.14877,0.10597,0.0901,0.36389,normalised
66.61368060112,,,0.14917,0.1062,1,,,,,,,,,GP3HD,0.14917,0.1062,0.0901,0.36389,normalised
66.6307761669159,,,0.15068,0.10737,1,,,,,,,,,GP3HD,0.15068,0.10737,0.0901,0.36389,normalised
66.6455614566803,,,0.15205,0.10844,1,,,,,,,,,GP3HD,0.15205,0.10844,0.0901,0.36389,normalised
66.66348838806152,,,0.15261,0.10795,1,,,,,,,,,GP3HD,0.15261,0.10795,0.0901,0.36389,normalised
66.67934060096741,,,0.15403,0.10773,1,,,,,,,,,GP3HD,0.15403,0.10773,0.0901,0.36389,normalised
66.69382977485657,,,0.15534,0.10753,1,,,,,,,,,GP3HD,0.15534,0.10753,0.0901,0.36389,normalised
66.71056723594666,,,0.15551,0.10687,1,,,,,,,,,GP3HD,0.15551,0.10687,0.0901,0.36389,normalised
66.7272961139679,,,0.15603,0.10618,1,,,,,,,,,GP3HD,0.15603,0.10618,0.0901,0.36389,normalised
66.74415826797485,,,0.15652,0.10555,1,,,,,,,,,GP3HD,0.15652,0.10555,0.0901,0.36389,normalised
66.76183605194092,,,0.15641,0.10642,1,,,,,,,,,GP3HD,0.15641,0.10642,0.0901,0.36389,normalised
66.77506923675537,,,0.15647,0.10622,1,,,,,,,,,GP3HD,0.15647,0.10622,0.0901,0.36389,normalised
66.79012823104858,,,0.15652,0.10604,1,,,,,,,,,GP3HD,0.15652,0.10604,0.0901,0.36389,normalised
66.80898880958557,,,0.1562,0.10542,1,,,,,,,,,GP3HD,0.1562,0.10542,0.0901,0.36389,normalised
66.82258248329163,,,0.15595,0.10415,1,,,,,,,,,GP3HD,0.15595,0.10415,0.0901,0.36389,normalised
66.83801937103271,,,0.15572,0.10296,1,,,,,,,,,GP3HD,0.15572,0.10296,0.0901,0.36389,normalised
66.85564112663269,,,0.15624,0.10262,1,,,,,,,,,GP3HD,0.15624,0.10262,0.0901,0.36389,normalised
66.87068724632263,,,0.15678,0.1016,1,,,,,,,,,GP3HD,0.15678,0.1016,0.0901,0.36389,normalised
66.8866834640503,,,0.15728,0.10064,1,,,,,,,,,GP3HD,0.15728,0.10064,0.0901,0.36389,normalised
66.90358972549438,,,0.15793,0.10061,1,,,,,,,,,GP3HD,0.15793,0.10061,0.0901,0.36389,normalised
66.9225242137909,,,0.15852,0.10042,1,,,,,,,,,GP3HD,0.15852,0.10042,0.0901,0.36389,normalised
66.93400430679321,,,0.15909,0.10024,1,,,,,,,,,GP3HD,0.15909,0.10024,0.0901,0.36389,normalised
66.95302200317383,,,0.15968,0.09884,1,,,,,,,,,GP3HD,0.15968,0.09884,0.0901,0.36389,normalised
66.96927952766418,,,0.16042,0.09735,1,,,,,,,,,GP3HD,0.16042,0.09735,0.0901,0.36389,normalised
66.98383784294128,,,0.173,0.06985,0,,,,,,,,,GP3HD,0.173,0.06985,0.0901,0.36389,normalised
67.00020289421082,,,0.1757,0.05999,0,,,,,,,,,GP3HD,0.1757,0.05999,0.0901,0.36389,normalised
67.0162992477417,,,0.18299,0.0559,0,,,,,,,,,GP3HD,0.18299,0.0559,0.0901,0.36389,normalised
67.03438305854797,,,0.18664,0.05385,1,,,,,,,,,GP3HD,0.18664,0.05385,0.0901,0.36389,normalised
67.04834818840027,,,0.18793,0.05445,1,,,,,,,,,GP3HD,0.18793,0.05445,0.0901,0.36389,normalised
67.0639259815216,,,0.19318,0.04838,1,,,,,,,,,GP3HD,0.19318,0.04838,0.0901,0.36389,normalised
67.08057880401611,,,0.19693,0.04403,1,,,,,,,,,GP3HD,0.19693,0.04403,0.0901,0.36389,normalised
67.09679055213928,,,0.19952,0.04698,1,,,,,,,,,GP3HD,0.19952,0.04698,0.0901,0.36389,normalised
67.11326265335083,,,0.20384,0.04424,1,,,,,,,,,GP3HD,0.20384,0.04424,0.0901,0.36389,normalised
67.12926936149597,,,0.2073,0.04206,1,,,,,,,,,GP3HD,0.2073,0.04206,0.0901,0.36389,normalised
67.14563345909119,,,0.20775,0.04507,1,,,,,,,,,GP3HD,0.20775,0.04507,0.0901,0.36389,normalised
67.16163539886475,,,0.21035,0.0428,1,,,,,,,,,GP3HD,0.21035,0.0428,0.0901,0.36389,normalised
67.17929315567017,,,0.21256,0.04087,1,,,,,,,,,GP3HD,0.21256,0.04087,0.0901,0.36389,normalised
67.19478487968445,,,0.21149,0.0427,1,,,,,,,,,GP3HD,0.21149,0.0427,0.0901,0.36389,normalised
67.21155786514282,,,0.21373,0.04525,1,,,,,,,,,GP3HD,0.21373,0.04525,0.0901,0.36389,normalised
67.22526526451111,,,0.21569,0.04749,1,,,,,,,,,GP3HD,0.21569,0.04749,0.0901,0.36389,normalised
67.24346470832825,,,0.21438,0.04915,1,,,,,,,,,GP3HD,0.21438,0.04915,0.0901,0.36389,normalised
67.25843667984009,,,0.21414,0.05049,1,,,,,,,,,GP3HD,0.21414,0.05049,0.0901,0.36389,normalised
67.27414679527283,,,0.21393,0.05169,1,,,,,,,,,GP3HD,0.21393,0.05169,0.0901,0.36389,normalised
67.29139399528503,,,0.21279,0.05364,1,,,,,,,,,GP3HD,0.21279,0.05364,0.0901,0.36389,normalised
67.30710434913635,,,0.21241,0.05571,1,,,,,,,,,GP3HD,0.21241,0.05571,0.0901,0.36389,normalised
67.32333374023438,,,0.21207,0.05759,1,,,,,,,,,GP3HD,0.21207,0.05759,0.0901,0.36389,normalised
67.34177613258362,,,0.21028,0.05907,1,,,,,,,,,GP3HD,0.21028,0.05907,0.0901,0.36389,normalised
67.35548114776611,,,0.20864,0.06063,1,,,,,,,,,GP3HD,0.20864,0.06063,0.0901,0.36389,normalised
67.3730673789978,,,0.20714,0.06207,1,,,,,,,,,GP3HD,0.20714,0.06207,0.0901,0.36389,normalised
67.387362241745,,,0.19779,0.08974,0,,,,,,,,,GP3HD,0.19779,0.08974,0.0901,0.36389,normalised
67.40441036224365,,,0.1771,0.09774,0,,,,,,,,,GP3HD,0.1771,0.09774,0.0901,0.36389,normalised
67.42122983932495,,,0.1702,0.10041,0,,,,,,,,,GP3HD,0.1702,0.10041,0.0901,0.36389,normalised
67.43682765960693,,,0.16985,0.10084,1,,,,,,,,,GP3HD,0.16985,0.10084,0.0901,0.36389,normalised
67.45251774787903,,,0.17199,0.09965,1,,,,,,,,,GP3HD,0.17199,0.09965,0.0901,0.36389,normalised
67.46906065940857,,,0.17342,0.09886,1,,,,,,,,,GP3HD,0.17342,0.09886,0.0901,0.36389,normalised
67.48678159713745,,,0.17464,0.10083,1,,,,,,,,,GP3HD,0.17464,0.10083,0.0901,0.36389,normalised
67.50329446792603,,,0.17682,0.10301,1,,,,,,,,,GP3HD,0.17682,0.10301,0.0901,0.36389,normalised
67.51674699783325,,,0.17851,0.1047,1,,,,,,,,,GP3HD,0.17851,0.1047,0.0901,0.36389,normalised
67.53419733047485,,,0.17714,0.10806,1,,,,,,,,,GP3HD,0.17714,0.10806,0.0901,0.36389,normalised
67.54872345924377,,,0.17559,0.11267,1,,,,,,,,,GP3HD,0.17559,0.11267,0.0901,0.36389,normalised
67.56634736061096,,,0.1743,0.11651,1,,,,,,,,,GP3HD,0.1743,0.11651,0.0901,0.36389,normalised
67.58335185050964,,,0.17359,0.11766,1,,,,,,,,,GP3HD,0.17359,0.11766,0.0901,0.36389,normalised
67.59998345375061,,,0.17212,0.12029,1,,,,,,,,,GP3HD,0.17212,0.12029,0.0901,0.36389,normalised
67.61423206329346,,,0.17085,0.12257,1,,,,,,,,,GP3HD,0.17085,0.12257,0.0901,0.36389,normalised
67.63185691833496,,,0.17031,0.12327,1,,,,,,,,,GP3HD,0.17031,0.12327,0.0901,0.36389,normalised
67.64664316177368,,,0.16907,0.12496,1,,,,,,,,,GP3HD,0.16907,0.12496,0.0901,0.36389,normalised
67.66355013847351,,,0.16796,0.12647,1,,,,,,,,,GP3HD,0.16796,0.12647,0.0901,0.36389,normalised
67.68106937408447,,,0.16791,0.12763,1,,,,,,,,,GP3HD,0.16791,0.12763,0.0901,0.36389,normalised
67.69558644294739,,,0.16775,0.12954,1,,,,,,,,,GP3HD,0.16775,0.12954,0.0901,0.36389,normalised
67.71310567855835,,,0.16761,0.13127,1,,,,,,,,,GP3HD,0.16761,0.13127,0.0901,0.36389,normalised
67.73023128509521,,,0.16734,0.1304,1,,,,,,,,,GP3HD,0.16734,0.1304,0.0901,0.36389,normalised
67.74468779563904,,,0.16708,0.13076,1,,,,,,,,,GP3HD,0.16708,0.13076,0.0901,0.36389,normalised
67.75938248634338,,,0.16684,0.13108,1,,,,,,,,,GP3HD,0.16684,0.13108,0.0901,0.36389,normalised
67.77599048614502,,,0.1668,0.13097,1,,,,,,,,,GP3HD,0.1668,0.13097,0.0901,0.36389,normalised
67.79270768165588,,,0.16693,0.13104,1,,,,,,,,,GP3HD,0.16693,0.13104,0.0901,0.36389,normalised
67.8102195262909,,,0.16705,0.13111,1,,,,,,,,,GP3HD,0.16705,0.13111,0.0901,0.36389,normalised
67.82432460784912,,,0.16702,0.13072,1,,,,,,,,,GP3HD,0.16702,0.13072,0.0901,0.36389,normalised
67.84093284606934,,,0.16737,0.13168,1,,,,,,,,,GP3HD,0.16737,0.13168,0.0901,0.36389,normalised
67.85761904716492,,,0.1677,0.13258,1,,,,,,,,,GP3HD,0.1677,0.13258,0.0901,0.36389,normalised
67.8748676776886,,,0.16741,0.13256,1,,,,,,,,,GP3HD,0.16741,0.13256,0.0901,0.36389,normalised
67.88951683044434,,,0.16721,0.13241,1,,,,,,,,,GP3HD,0.16721,0.13241,0.0901,0.36389,normalised
67.90703797340393,,,0.16703,0.13226,1,,,,,,,,,GP3HD,0.16703,0.13226,0.0901,0.36389,normalised
67.92278981208801,,,0.16687,0.13161,1,,,,,,,,,GP3HD,0.16687,0.13161,0.0901,0.36389,normalised
67.93944144248962,,,0.16667,0.13131,1,,,,,,,,,GP3HD,0.16667,0.13131,0.0901,0.36389,normalised
67.95322632789612,,,0.16647,0.13102,1,,,,,,,,,GP3HD,0.16647,0.13102,0.0901,0.36389,normalised
67.97073864936829,,,0.16609,0.13032,1,,,,,,,,,GP3HD,0.16609,0.13032,0.0901,0.36389,normalised
67.98825240135193,,,0.16504,0.1291,1,,,,,,,,,GP3HD,0.16504,0.1291,0.0901,0.36389,normalised
68.0029821395874,,,0.16403,0.12795,1,,,,,,,,,GP3HD,0.16403,0.12795,0.0901,0.36389,normalised
68.01801085472107,,,0.16321,0.12696,1,,,,,,,,,GP3HD,0.16321,0.12696,0.0901,0.36389,normalised
68.03410410881042,,,0.16173,0.12598,1,,,,,,,,,GP3HD,0.16173,0.12598,0.0901,0.36389,normalised
68.05186104774475,,,0.14185,0.1062,0,,,,,,,,,GP3HD,0.14185,0.1062,0.0901,0.36389,normalised
68.0685830116272,,,0.1359,0.09195,0,,,,,,,,,GP3HD,0.1359,0.09195,0.0901,0.36389,normalised
68.08450031280518,,,0.12667,0.08108,0,,,,,,,,,GP3HD,0.12667,0.08108,0.0901,0.36389,normalised
68.10164165496826,,,0.12206,0.07565,1,,,,,,,,,GP3HD,0.12206,0.07565,0.0901,0.36389,normalised
68.1166603565216,,,0.12602,0.07422,1,,,,,,,,,GP3HD,0.12602,0.07422,0.0901,0.36389,normalised
68.1325011253357,,,0.12617,0.07227,1,,,,,,,,,GP3HD,0.12617,0.07227,0.0901,0.36389,normalised
68.14826250076294,,,0.12627,0.07087,1,,,,,,,,,GP3HD,0.12627,0.07087,0.0901,0.36389,normalised
68.16569519042969,,,0.12851,0.07192,1,,,,,,,,,GP3HD,0.12851,0.07192,0.0901,0.36389,normalised
68.18083477020264,,,0.12735,0.07133,1,,,,,,,,,GP3HD,0.12735,0.07133,0.0901,0.36389,normalised
68.19845604896545,,,0.12642,0.07085,1,,,,,,,,,GP3HD,0.12642,0.07085,0.0901,0.36389,normalised
68.21355247497559,,,0.12906,0.07557,1,,,,,,,,,GP3HD,0.12906,0.07557,0.0901,0.36389,normalised
68.22952604293823,,,0.12919,0.0755,1,,,,,,,,,GP3HD,0.12919,0.0755,0.0901,0.36389,normalised
68.24526405334473,,,0.12931,0.07544,1,,,,,,,,,GP3HD,0.12931,0.07544,0.0901,0.36389,normalised
68.26180791854858,,,0.13078,0.07731,1,,,,,,,,,GP3HD,0.13078,0.07731,0.0901,0.36389,normalised
68.27927899360657,,,0.13215,0.07932,1,,,,,,,,,GP3HD,0.13215,0.07932,0.0901,0.36389,normalised
68.29486799240112,,,0.13336,0.08108,1,,,,,,,,,GP3HD,0.13336,0.08108,0.0901,0.36389,normalised
68.31283950805664,,,0.13512,0.08333,1,,,,,,,,,GP3HD,0.13512,0.08333,0.0901,0.36389,normalised
68.32659006118774,,,0.13669,0.08706,1,,,,,,,,,GP3HD,0.13669,0.08706,0.0901,0.36389,normalised
68.34241604804993,,,0.13811,0.09039,1,,,,,,,,,GP3HD,0.13811,0.09039,0.0901,0.36389,normalised
68.3607931137085,,,0.13964,0.09345,1,,,,,,,,,GP3HD,0.13964,0.09345,0.0901,0.36389,normalised
68.37434983253479,,,0.14091,0.09686,1,,,,,,,,,GP3HD,0.14091,0.09686,0.0901,0.36389,normalised
68.39040613174438,,,0.1551,0.12424,0,,,,,,,,,GP3HD,0.1551,0.12424,0.0901,0.36389,normalised
68.40704941749573,,,0.15963,0.13256,0,,,,,,,,,GP3HD,0.15963,0.13256,0.0901,0.36389,normalised
68.4232075214386,,,0.15403,0.12693,0,,,,,,,,,GP3HD,0.15403,0.12693,0.0901,0.36389,normalised
68.440669298172,,,0.15122,0.12411,1,,,,,,,,,GP3HD,0.15122,0.12411,0.0901,0.36389,normalised
68.45741152763367,,,0.16358,0.12071,1,,,,,,,,,GP3HD,0.16358,0.12071,0.0901,0.36389,normalised
68.47237586975098,,,0.17164,0.12287,1,,,,,,,,,GP3HD,0.17164,0.12287,0.0901,0.36389,normalised
68.48715734481812,,,0.1774,0.12441,1,,,,,,,,,GP3HD,0.1774,0.12441,0.0901,0.36389,normalised
68.50390243530273,,,0.18331,0.12825,1,,,,,,,,,GP3HD,0.18331,0.12825,0.0901,0.36389,normalised
68.52174186706543,,,0.18792,0.12962,1,,,,,,,,,GP3HD,0.18792,0.12962,0.0901,0.36389,normalised
68.53624820709229,,,0.19161,0.13071,1,,,,,,,,,GP3HD,0.19161,0.13071,0.0901,0.36389,normalised
68.55332684516907,,,0.19483,0.13054,1,,,,,,,,,GP3HD,0.19483,0.13054,0.0901,0.36389,normalised
68.56942081451416,,,0.19592,0.12829,1,,,,,,,,,GP3HD,0.19592,0.12829,0.0901,0.36389,normalised
68.5841133594513,,,0.19658,0.12559,1,,,,,,,,,GP3HD,0.19658,0.12559,0.0901,0.36389,normalised
68.6005482673645,,,0.19768,0.12349,1,,,,,,,,,GP3HD,0.19768,0.12349,0.0901,0.36389,normalised
68.61703062057495,,,0.19865,0.12176,1,,,,,,,,,GP3HD,0.19865,0.12176,0.0901,0.36389,normalised
68.63472533226013,,,0.1992,0.11931,1,,,,,,,,,GP3HD,0.1992,0.11931,0.0901,0.36389,normalised
68.65002965927124,,,0.20009,0.11648,1,,,,,,,,,GP3HD,0.20009,0.11648,0.0901,0.36389,normalised
68.66702580451965,,,0.20059,0.11421,1,,,,,,,,,GP3HD,0.20059,0.11421,0.0901,0.36389,normalised
68.68462896347046,,,0.20104,0.11217,1,,,,,,,,,GP3HD,0.20104,0.11217,0.0901,0.36389,normalised
68.69855856895447,,,0.20246,0.10958,1,,,,,,,,,GP3HD,0.20246,0.10958,0.0901,0.36389,normalised
68.71592783927917,,,0.20378,0.10943,1,,,,,,,,,GP3HD,0.20378,0.10943,0.0901,0.36389,normalised
68.73051595687866,,,0.20513,0.10975,1,,,,,,,,,GP3HD,0.20513,0.10975,0.0901,0.36389,normalised
68.74745059013367,,,0.20713,0.11067,1,,,,,,,,,GP3HD,0.20713,0.11067,0.0901,0.36389,normalised
68.76303005218506,,,0.20887,0.11052,1,,,,,,,,,GP3HD,0.20887,0.11052,0.0901,0.36389,normalised
68.77901291847229,,,0.21066,0.11099,1,,,,,,,,,GP3HD,0.21066,0.11099,0.0901,0.36389,normalised
68.79702639579773,,,0.21444,0.11698,1,,,,,,,,,GP3HD,0.21444,0.11698,0.0901,0.36389,normalised
68.81207537651062,,,0.24474,0.12309,0,,,,,,,,,GP3HD,0.24474,0.12309,0.0901,0.36389,normalised
68.8290491104126,,,0.29291,0.19217,0,,,,,,,,,GP3HD,0.29291,0.19217,0.0901,0.36389,normalised
68.84511971473694,,,0.35667,0.35722,0,,,,,,,,,GP3HD,0.35667,0.35722,0.0901,0.36389,normalised
68.86216139793396,,,0.44021,0.5429,0,,,,,,,,,GP3HD,0.44021,0.5429,0.0901,0.36389,normalised
68.87682604789734,,,0.47007,0.61627,0,,,,,,,,,GP3HD,0.47007,0.61627,0.0901,0.36389,normalised
68.89240884780884,,,0.49298,0.71397,0,,,,,,,,,GP3HD,0.49298,0.71397,0.0901,0.36389,normalised
68.908438205719,,,0.53431,0.84284,0,,,,,,,,,GP3HD,0.53431,0.84284,0.0901,0.36389,normalised
68.925128698349,,,0.5523,0.89121,0,,,,,,,,,GP3HD,0.5523,0.89121,0.0901,0.36389,normalised
68.9417040348053,,,0.55005,0.89555,0,,,,,,,,,GP3HD,0.55005,0.89555,0.0901,0.36389,normalised
68.95955085754395,,,0.55316,0.89532,1,,,,,,,,,GP3HD,0.55316,0.89532,0.0901,0.36389,normalised
68.97433733940125,,,0.55471,0.89462,1,,,,,,,,,GP3HD,0.55471,0.89462,0.0901,0.36389,normalised
68.98983955383301,,,0.55532,0.90131,1,,,,,,,,,GP3HD,0.55532,0.90131,0.0901,0.36389,normalised
69.0046534538269,,,0.56238,0.9103,1,,,,,,,,,GP3HD,0.56238,0.9103,0.0901,0.36389,normalised
69.02228140830994,,,0.5677,0.91708,1,,,,,,,,,GP3HD,0.5677,0.91708,0.0901,0.36389,normalised
69.03711795806885,,,0.57066,0.91466,1,,,,,,,,,GP3HD,0.57066,0.91466,0.0901,0.36389,normalised
69.05372619628906,,,0.57243,0.91189,1,,,,,,,,,GP3HD,0.57243,0.91189,0.0901,0.36389,normalised
69.07079982757568,,,0.57342,0.90875,1,,,,,,,,,GP3HD,0.57342,0.90875,0.0901,0.36389,normalised
69.08733797073364,,,0.56892,0.89834,1,,,,,,,,,GP3HD,0.56892,0.89834,0.0901,0.36389,normalised
69.10329484939575,,,0.56751,0.89059,1,,,,,,,,,GP3HD,0.56751,0.89059,0.0901,0.36389,normalised
69.11873984336853,,,0.56604,0.88343,1,,,,,,,,,GP3HD,0.56604,0.88343,0.0901,0.36389,normalised
69.13425827026367,,,0.55956,0.87345,1,,,,,,,,,GP3HD,0.55956,0.87345,0.0901,0.36389,normalised
69.15211415290833,,,0.55307,0.8669,1,,,,,,,,,GP3HD,0.55307,0.8669,0.0901,0.36389,normalised
69.16684532165527,,,0.54761,0.86158,1,,,,,,,,,GP3HD,0.54761,0.86158,0.0901,0.36389,normalised
69.18453240394592,,,0.5436,0.85607,1,,,,,,,,,GP3HD,0.5436,0.85607,0.0901,0.36389,normalised
69.19993662834167,,,0.52237,0.81384,0,,,,,,,,,GP3HD,0.52237,0.81384,0.0901,0.36389,normalised
69.21698904037476,,,0.47093,0.7706,0,,,,,,,,,GP3HD,0.47093,0.7706,0.0901,0.36389,normalised
69.23166418075562,,,0.46672,0.76273,0,,,,,,,,,GP3HD,0.46672,0.76273,0.0901,0.36389,normalised
69.24849200248718,,,0.45005,0.73553,0,,,,,,,,,GP3HD,0.45005,0.73553,0.0901,0.36389,normalised
69.26614665985107,,,0.46184,0.73517,0,,,,,,,,,GP3HD,0.46184,0.73517,0.0901,0.36389,normalised
69.280925989151,,,0.47274,0.73363,0,,,,,,,,,GP3HD,0.47274,0.73363,0.0901,0.36389,normalised
69.2986626625061,,,0.48559,0.74235,1,,,,,,,,,GP3HD,0.48559,0.74235,0.0901,0.36389,normalised
69.31402659416199,,,0.49354,0.74795,1,,,,,,,,,GP3HD,0.49354,0.74795,0.0901,0.36389,normalised
69.32802128791809,,,0.49928,0.75095,1,,,,,,,,,GP3HD,0.49928,0.75095,0.0901,0.36389,normalised
69.34515285491943,,,0.50119,0.74418,1,,,,,,,,,GP3HD,0.50119,0.74418,0.0901,0.36389,normalised
69.36158418655396,,,0.50191,0.73765,1,,,,,,,,,GP3HD,0.50191,0.73765,0.0901,0.36389,normalised
69.37862062454224,,,0.49922,0.73319,1,,,,,,,,,GP3HD,0.49922,0.73319,0.0901,0.36389,normalised
69.39513659477234,,,0.49672,0.73068,1,,,,,,,,,GP3HD,0.49672,0.73068,0.0901,0.36389,normalised
69.40983486175537,,,0.49508,0.72939,1,,,,,,,,,GP3HD,0.49508,0.72939,0.0901,0.36389,normalised
69.42749905586243,,,0.49434,0.73131,1,,,,,,,,,GP3HD,0.49434,0.73131,0.0901,0.36389,normalised
69.44190526008606,,,0.49381,0.73161,1,,,,,,,,,GP3HD,0.49381,0.73161,0.0901,0.36389,normalised
69.45876884460449,,,0.493,0.73119,1,,,,,,,,,GP3HD,0.493,0.73119,0.0901,0.36389,normalised
69.47372579574585,,,0.49152,0.73048,1,,,,,,,,,GP3HD,0.49152,0.73048,0.0901,0.36389,normalised
69.49148344993591,,,0.48942,0.72968,1,,,,,,,,,GP3HD,0.48942,0.72968,0.0901,0.36389,normalised
69.50799226760864,,,0.48776,0.72932,1,,,,,,,,,GP3HD,0.48776,0.72932,0.0901,0.36389,normalised
69.52257370948792,,,0.48749,0.72908,1,,,,,,,,,GP3HD,0.48749,0.72908,0.0901,0.36389,normalised
69.53934025764465,,,0.48565,0.72833,1,,,,,,,,,GP3HD,0.48565,0.72833,0.0901,0.36389,normalised
69.55677080154419,,,0.48423,0.72808,1,,,,,,,,,GP3HD,0.48423,0.72808,0.0901,0.36389,normalised
69.57128524780273,,,0.4843,0.72908,1,,,,,,,,,GP3HD,0.4843,0.72908,0.0901,0.36389,normalised
69.58807373046875,,,0.48427,0.73049,1,,,,,,,,,GP3HD,0.48427,0.73049,0.0901,0.36389,normalised
69.60300493240356,,,0.48417,0.73163,1,,,,,,,,,GP3HD,0.48417,0.73163,0.0901,0.36389,normalised
69.6208028793335,,,0.48466,0.73296,1,,,,,,,,,GP3HD,0.48466,0.73296,0.0901,0.36389,normalised
69.63819098472595,,,0.48547,0.73511,1,,,,,,,,,GP3HD,0.48547,0.73511,0.0901,0.36389,normalised
69.65144944190979,,,0.48617,0.73703,1,,,,,,,,,GP3HD,0.48617,0.73703,0.0901,0.36389,normalised
69.66923785209656,,,0.48649,0.73758,1,,,,,,,,,GP3HD,0.48649,0.73758,0.0901,0.36389,normalised
69.68393564224243,,,0.48667,0.73839,1,,,,,,,,,GP3HD,0.48667,0.73839,0.0901,0.36389,normalised
69.7015073299408,,,0.48657,0.73863,1,,,,,,,,,GP3HD,0.48657,0.73863,0.0901,0.36389,normalised
69.71921682357788,,,0.48591,0.7371,1,,,,,,,,,GP3HD,0.48591,0.7371,0.0901,0.36389,normalised
69.73288536071777,,,0.48534,0.73629,1,,,,,,,,,GP3HD,0.48534,0.73629,0.0901,0.36389,normalised
69.7497546672821,,,0.48484,0.73558,1,,,,,,,,,GP3HD,0.48484,0.73558,0.0901,0.36389,normalised
69.76760983467102,,,0.48489,0.73506,1,,,,,,,,,GP3HD,0.48489,0.73506,0.0901,0.36389,normalised
69.78236985206604,,,0.48491,0.73492,1,,,,,,,,,GP3HD,0.48491,0.73492,0.0901,0.36389,normalised
69.7970359325409,,,0.48506,0.73506,1,,,,,,,,,GP3HD,0.48506,0.73506,0.0901,0.36389,normalised
69.81448483467102,,,0.48493,0.73537,1,,,,,,,,,GP3HD,0.48493,0.73537,0.0901,0.36389,normalised
69.82979226112366,,,0.48492,0.73552,1,,,,,,,,,GP3HD,0.48492,0.73552,0.0901,0.36389,normalised
69.84628582000732,,,0.48499,0.73581,1,,,,,,,,,GP3HD,0.48499,0.73581,0.0901,0.36389,normalised
69.86223411560059,,,0.48491,0.73637,1,,,,,,,,,GP3HD,0.48491,0.73637,0.0901,0.36389,normalised
69.87817931175232,,,0.4838,0.73641,1,,,,,,,,,GP3HD,0.4838,0.73641,0.0901,0.36389,normalised
69.89624524116516,,,0.48278,0.73652,1,,,,,,,,,GP3HD,0.48278,0.73652,0.0901,0.36389,normalised
69.9132981300354,,,0.4828,0.73674,1,,,,,,,,,GP3HD,0.4828,0.73674,0.0901,0.36389,normalised
69.92825245857239,,,0.48228,0.73676,1,,,,,,,,,GP3HD,0.48228,0.73676,0.0901,0.36389,normalised
69.94282341003418,,,0.48163,0.73649,1,,,,,,,,,GP3HD,0.48163,0.73649,0.0901,0.36389,normalised
69.96201944351196,,,0.48187,0.73755,1,,,,,,,,,GP3HD,0.48187,0.73755,0.0901,0.36389,normalised
69.9772162437439,,,0.48178,0.73828,1,,,,,,,,,GP3HD,0.48178,0.73828,0.0901,0.36389,normalised
69.99204277992249,,,0.48175,0.73907,1,,,,,,,,,GP3HD,0.48175,0.73907,0.0901,0.36389,normalised
70.00842785835266,,,0.48219,0.73966,1,,,,,,,,,GP3HD,0.48219,0.73966,0.0901,0.36389,normalised
70.02423334121704,,,0.48303,0.7404,1,,,,,,,,,GP3HD,0.48303,0.7404,0.0901,0.36389,normalised
70.04024982452393,,,0.48334,0.74111,1,,,,,,,,,GP3HD,0.48334,0.74111,0.0901,0.36389,normalised
70.05862498283386,,,0.48301,0.73995,1,,,,,,,,,GP3HD,0.48301,0.73995,0.0901,0.36389,normalised
70.07245135307312,,,0.4821,0.73854,1,,,,,,,,,GP3HD,0.4821,0.73854,0.0901,0.36389,normalised
70.08831357955933,,,0.48109,0.73692,1,,,,,,,,,GP3HD,0.48109,0.73692,0.0901,0.36389,normalised
70.10455918312073,,,0.48018,0.73546,1,,,,,,,,,GP3HD,0.48018,0.73546,0.0901,0.36389,normalised
70.12188577651978,,,0.47965,0.73548,1,,,,,,,,,GP3HD,0.47965,0.73548,0.0901,0.36389,normalised
70.13989758491516,,,0.4794,0.73607,1,,,,,,,,,GP3HD,0.4794,0.73607,0.0901,0.36389,normalised
70.15443778038025,,,0.48035,0.73749,1,,,,,,,,,GP3HD,0.48035,0.73749,0.0901,0.36389,normalised
70.1690833568573,,,0.48135,0.7385,1,,,,,,,,,GP3HD,0.48135,0.7385,0.0901,0.36389,normalised
70.18709874153137,,,0.48231,0.73943,1,,,,,,,,,GP3HD,0.48231,0.73943,0.0901,0.36389,normalised
70.20202541351318,,,0.48282,0.73937,1,,,,,,,,,GP3HD,0.48282,0.73937,0.0901,0.36389,normalised
70.21883344650269,,,0.48338,0.73979,1,,,,,,,,,GP3HD,0.48338,0.73979,0.0901,0.36389,normalised
70.23450541496277,,,0.48399,0.74028,1,,,,,,,,,GP3HD,0.48399,0.74028,0.0901,0.36389,normalised
70.25134134292603,,,0.4842,0.74167,1,,,,,,,,,GP3HD,0.4842,0.74167,0.0901,0.36389,normalised
70.26869440078735,,,0.50025,0.86594,0,,,,,,,,,GP3HD,0.50025,0.86594,0.0901,0.36389,normalised
70.28269863128662,,,0.48534,1.56323,0,,,,,,,,,GP3HD,0.48534,1.56323,0.0901,0.36389,normalised
70.30011081695557,,,0.48534,1.56323,0,,,,,,,,,GP3HD,0.48534,1.56323,0.0901,0.36389,normalised
70.3179988861084,,,0.47043,2.26051,0,,,,,,,,,GP3HD,0.47043,2.26051,0.0901,0.36389,normalised
70.33744049072266,,,0.47043,2.26051,0,,,,,,,,,GP3HD,0.47043,2.26051,0.0901,0.36389,normalised
70.3518979549408,,,0.47043,2.26051,0,,,,,,,,,GP3HD,0.47043,2.26051,0.0901,0.36389,normalised
70.36748385429382,,,0.0,0.0,0,,,,,,,,,GP3HD,0.0,0.0,0.0901,0.36389,normalised
70.38704013824463,,,0.0,0.0,0,,,,,,,,,GP3HD,0.0,0.0,0.0901,0.36389,normalised
70.40068507194519,,,0.0,0.0,0,,,,,,,,,GP3HD,0.0,0.0,0.0901,0.36389,normalised
70.41600632667542,,,0.0,0.0,0,,,,,,,,,GP3HD,0.0,0.0,0.0901,0.36389,normalised
70.4353506565094,,,0.0,0.0,0,,,,,,,,,GP3HD,0.0,0.0,0.0901,0.36389,normalised
70.44907450675964,,,0.0,0.0,0,,,,,,,,,GP3HD,0.0,0.0,0.0901,0.36389,normalised
70.4655213356018,,,0.0,0.0,0,,,,,,,,,GP3HD,0.0,0.0,0.0901,0.36389,normalised
70.4847559928894,,,0.0,0.0,0,,,,,,,,,GP3HD,0.0,0.0,0.0901,0.36389,normalised
70.49995875358582,,,0.0,0.0,0,,,,,,,,,GP3HD,0.0,0.0,0.0901,0.36389,normalised
70.5168354511261,,,0.0,0.0,0,,,,,,,,,GP3HD,0.0,0.0,0.0901,0.36389,normalised
70.53269410133362,,,0.0,0.0,0,,,,,,,,,GP3HD,0.0,0.0,0.0901,0.36389,normalised
70.54746127128601,,,0.0,0.0,0,,,,,,,,,GP3HD,0.0,0.0,0.0901,0.36389,normalised
70.5651752948761,,,0.0,0.0,0,,,,,,,,,GP3HD,0.0,0.0,0.0901,0.36389,normalised
70.5800461769104,,,0.0,0.0,0,,,,,,,,,GP3HD,0.0,0.0,0.0901,0.36389,normalised
70.59527635574341,,,0.0,0.0,0,,,,,,,,,GP3HD,0.0,0.0,0.0901,0.36389,normalised
70.61207318305969,,,0.0,0.0,0,,,,,,,,,GP3HD,0.0,0.0,0.0901,0.36389,normalised
70.62887215614319,,,0.23522,1.13025,0,,,,,,,,,GP3HD,0.23522,1.13025,0.0901,0.36389,normalised
70.63940191268921,,,0.31798,0.99523,0,,,,,,,,,GP3HD,0.31798,0.99523,0.0901,0.36389,normalised
70.65565729141235,,,0.48432,1.24116,0,,,,,,,,,GP3HD,0.48432,1.24116,0.0901,0.36389,normalised
70.67326879501343,,,0.49199,0.99013,0,,,,,,,,,GP3HD,0.49199,0.99013,0.0901,0.36389,normalised
70.68885946273804,,,0.49143,0.89953,0,,,,,,,,,GP3HD,0.49143,0.89953,0.0901,0.36389,normalised
70.70571517944336,,,0.49387,0.72617,0,,,,,,,,,GP3HD,0.49387,0.72617,0.0901,0.36389,normalised
70.72058653831482,,,0.49361,0.72524,0,,,,,,,,,GP3HD,0.49361,0.72524,0.0901,0.36389,normalised
70.73642420768738,,,0.48845,0.7299,0,,,,,,,,,GP3HD,0.48845,0.7299,0.0901,0.36389,normalised
70.75293779373169,,,0.48037,0.7301,1,,,,,,,,,GP3HD,0.48037,0.7301,0.0901,0.36389,normalised
70.76838946342468,,,0.47518,0.7296,1,,,,,,,,,GP3HD,0.47518,0.7296,0.0901,0.36389,normalised
70.78430819511414,,,0.47855,0.73741,1,,,,,,,,,GP3HD,0.47855,0.73741,0.0901,0.36389,normalised
70.80007719993591,,,0.48222,0.74621,1,,,,,,,,,GP3HD,0.48222,0.74621,0.0901,0.36389,normalised
70.81748461723328,,,0.48519,0.75318,1,,,,,,,,,GP3HD,0.48519,0.75318,0.0901,0.36389,normalised
70.83510327339172,,,0.48664,0.75524,1,,,,,,,,,GP3HD,0.48664,0.75524,0.0901,0.36389,normalised
70.8532919883728,,,0.4858,0.75615,1,,,,,,,,,GP3HD,0.4858,0.75615,0.0901,0.36389,normalised
70.86754655838013,,,0.48491,0.7565,1,,,,,,,,,GP3HD,0.48491,0.7565,0.0901,0.36389,normalised
70.88231563568115,,,0.48664,0.75889,1,,,,,,,,,GP3HD,0.48664,0.75889,0.0901,0.36389,normalised
70.8982093334198,,,0.48635,0.76083,1,,,,,,,,,GP3HD,0.48635,0.76083,0.0901,0.36389,normalised
70.91429615020752,,,0.48631,0.76288,1,,,,,,,,,GP3HD,0.48631,0.76288,0.0901,0.36389,normalised
70.93064451217651,,,0.48799,0.76388,1,,,,,,,,,GP3HD,0.48799,0.76388,0.0901,0.36389,normalised
70.94828391075134,,,0.48816,0.7657,1,,,,,,,,,GP3HD,0.48816,0.7657,0.0901,0.36389,normalised
70.96304702758789,,,0.48826,0.76721,1,,,,,,,,,GP3HD,0.48826,0.76721,0.0901,0.36389,normalised
70.98057055473328,,,0.48794,0.76541,1,,,,,,,,,GP3HD,0.48794,0.76541,0.0901,0.36389,normalised
70.99446964263916,,,0.48757,0.76403,1,,,,,,,,,GP3HD,0.48757,0.76403,0.0901,0.36389,normalised
71.01194715499878,,,0.48716,0.76263,1,,,,,,,,,GP3HD,0.48716,0.76263,0.0901,0.36389,normalised
71.02687096595764,,,0.48801,0.76329,1,,,,,,,,,GP3HD,0.48801,0.76329,0.0901,0.36389,normalised
71.04269886016846,,,0.48927,0.7648,1,,,,,,,,,GP3HD,0.48927,0.7648,0.0901,0.36389,normalised
71.05942010879517,,,0.49074,0.76676,1,,,,,,,,,GP3HD,0.49074,0.76676,0.0901,0.36389,normalised
71.0762095451355,,,0.49224,0.76891,1,,,,,,,,,GP3HD,0.49224,0.76891,0.0901,0.36389,normalised
71.09284353256226,,,0.49292,0.76891,1,,,,,,,,,GP3HD,0.49292,0.76891,0.0901,0.36389,normalised
71.1073956489563,,,0.49335,0.76855,1,,,,,,,,,GP3HD,0.49335,0.76855,0.0901,0.36389,normalised
71.1276547908783,,,0.49287,0.76867,1,,,,,,,,,GP3HD,0.49287,0.76867,0.0901,0.36389,normalised
71.14157128334045,,,0.49277,0.76791,1,,,,,,,,,GP3HD,0.49277,0.76791,0.0901,0.36389,normalised
71.15648889541626,,,0.49258,0.76701,1,,,,,,,,,GP3HD,0.49258,0.76701,0.0901,0.36389,normalised
71.17351222038269,,,0.49264,0.76724,1,,,,,,,,,GP3HD,0.49264,0.76724,0.0901,0.36389,normalised
71.1881275177002,,,0.49226,0.76711,1,,,,,,,,,GP3HD,0.49226,0.76711,0.0901,0.36389,normalised
71.2044906616211,,,0.49191,0.767,1,,,,,,,,,GP3HD,0.49191,0.767,0.0901,0.36389,normalised
71.22184133529663,,,0.49254,0.76762,1,,,,,,,,,GP3HD,0.49254,0.76762,0.0901,0.36389,normalised
71.2369167804718,,,0.49288,0.7675,1,,,,,,,,,GP3HD,0.49288,0.7675,0.0901,0.36389,normalised
71.25370693206787,,,0.4932,0.76739,1,,,,,,,,,GP3HD,0.4932,0.76739,0.0901,0.36389,normalised
71.26928186416626,,,0.49315,0.76695,1,,,,,,,,,GP3HD,0.49315,0.76695,0.0901,0.36389,normalised
71.28627419471741,,,0.49381,0.76727,1,,,,,,,,,GP3HD,0.49381,0.76727,0.0901,0.36389,normalised
71.3039288520813,,,0.49449,0.76768,1,,,,,,,,,GP3HD,0.49449,0.76768,0.0901,0.36389,normalised
71.31853985786438,,,0.4953,0.76734,1,,,,,,,,,GP3HD,0.4953,0.76734,0.0901,0.36389,normalised
71.33459758758545,,,0.4958,0.76743,1,,,,,,,,,GP3HD,0.4958,0.76743,0.0901,0.36389,normalised
71.35222291946411,,,0.49621,0.76741,1,,,,,,,,,GP3HD,0.49621,0.76741,0.0901,0.36389,normalised
71.36685085296631,,,0.49659,0.76737,1,,,,,,,,,GP3HD,0.49659,0.76737,0.0901,0.36389,normalised
71.38252544403076,,,0.49675,0.76688,1,,,,,,,,,GP3HD,0.49675,0.76688,0.0901,0.36389,normalised
71.399245262146,,,0.4968,0.76621,1,,,,,,,,,GP3HD,0.4968,0.76621,0.0901,0.36389,normalised
71.41590118408203,,,0.49686,0.76517,1,,,,,,,,,GP3HD,0.49686,0.76517,0.0901,0.36389,normalised
71.43081140518188,,,0.49667,0.76416,1,,,,,,,,,GP3HD,0.49667,0.76416,0.0901,0.36389,normalised
71.44741868972778,,,0.49655,0.76329,1,,,,,,,,,GP3HD,0.49655,0.76329,0.0901,0.36389,normalised
71.46419978141785,,,0.49673,0.76309,1,,,,,,,,,GP3HD,0.49673,0.76309,0.0901,0.36389,normalised
71.48099994659424,,,0.49731,0.76381,1,,,,,,,,,GP3HD,0.49731,0.76381,0.0901,0.36389,normalised
71.49634742736816,,,0.49788,0.76455,1,,,,,,,,,GP3HD,0.49788,0.76455,0.0901,0.36389,normalised
71.51186656951904,,,0.49818,0.76426,1,,,,,,,,,GP3HD,0.49818,0.76426,0.0901,0.36389,normalised
71.53079986572266,,,0.49914,0.76373,1,,,,,,,,,GP3HD,0.49914,0.76373,0.0901,0.36389,normalised
71.54481983184814,,,0.503,0.73494,0,,,,,,,,,GP3HD,0.503,0.73494,0.0901,0.36389,normalised
71.56343483924866,,,0.50035,0.74497,0,,,,,,,,,GP3HD,0.50035,0.74497,0.0901,0.36389,normalised
71.57699847221375,,,0.5026,0.75157,0,,,,,,,,,GP3HD,0.5026,0.75157,0.0901,0.36389,normalised
71.59301805496216,,,0.50612,0.75943,1,,,,,,,,,GP3HD,0.50612,0.75943,0.0901,0.36389,normalised
71.61065936088562,,,0.51068,0.76813,1,,,,,,,,,GP3HD,0.51068,0.76813,0.0901,0.36389,normalised
71.62603044509888,,,0.51031,0.77303,1,,,,,,,,,GP3HD,0.51031,0.77303,0.0901,0.36389,normalised
71.64260935783386,,,0.50997,0.77635,1,,,,,,,,,GP3HD,0.50997,0.77635,0.0901,0.36389,normalised
71.65742230415344,,,0.50115,0.77155,1,,,,,,,,,GP3HD,0.50115,0.77155,0.0901,0.36389,normalised
71.6761622428894,,,0.47599,0.77151,1,,,,,,,,,GP3HD,0.47599,0.77151,0.0901,0.36389,normalised
71.69080090522766,,,0.4552,0.77067,1,,,,,,,,,GP3HD,0.4552,0.77067,0.0901,0.36389,normalised
71.70867538452148,,,0.47326,0.71809,1,,,,,,,,,GP3HD,0.47326,0.71809,0.0901,0.36389,normalised
71.72569346427917,,,0.48745,0.67424,1,,,,,,,,,GP3HD,0.48745,0.67424,0.0901,0.36389,normalised
71.74035096168518,,,0.49945,0.63714,1,,,,,,,,,GP3HD,0.49945,0.63714,0.0901,0.36389,normalised
71.7582528591156,,,0.5112,0.5701,0,,,,,,,,,GP3HD,0.5112,0.5701,0.0901,0.36389,normalised
71.77172803878784,,,0.57393,0.30249,0,,,,,,,,,GP3HD,0.57393,0.30249,0.0901,0.36389,normalised
71.78978633880615,,,0.59484,0.21329,0,,,,,,,,,GP3HD,0.59484,0.21329,0.0901,0.36389,normalised
71.80650663375854,,,0.6446,0.03692,0,,,,,,,,,GP3HD,0.6446,0.03692,0.0901,0.36389,normalised
71.8228988647461,,,0.64612,0.03677,0,,,,,,,,,GP3HD,0.64612,0.03677,0.0901,0.36389,normalised
71.8372814655304,,,0.64663,0.03672,0,,,,,,,,,GP3HD,0.64663,0.03672,0.0901,0.36389,normalised
71.85551953315735,,,0.64684,0.0328,1,,,,,,,,,GP3HD,0.64684,0.0328,0.0901,0.36389,normalised
71.87141919136047,,,0.64706,0.0289,1,,,,,,,,,GP3HD,0.64706,0.0289,0.0901,0.36389,normalised
71.8853075504303,,,0.6472,0.0263,1,,,,,,,,,GP3HD,0.6472,0.0263,0.0901,0.36389,normalised
71.90270256996155,,,0.6489,0.02476,1,,,,,,,,,GP3HD,0.6489,0.02476,0.0901,0.36389,normalised
71.91866111755371,,,0.64558,0.02052,1,,,,,,,,,GP3HD,0.64558,0.02052,0.0901,0.36389,normalised
71.93530654907227,,,0.64299,0.01722,1,,,,,,,,,GP3HD,0.64299,0.01722,0.0901,0.36389,normalised
71.95184230804443,,,0.64738,0.01153,1,,,,,,,,,GP3HD,0.64738,0.01153,0.0901,0.36389,normalised
71.96662831306458,,,0.64422,-0.00109,1,,,,,,,,,GP3HD,0.64422,-0.00109,0.0901,0.36389,normalised
71.98291945457458,,,0.64159,-0.0116,1,,,,,,,,,GP3HD,0.64159,-0.0116,0.0901,0.36389,normalised
71.9998128414154,,,0.65552,-0.00823,1,,,,,,,,,GP3HD,0.65552,-0.00823,0.0901,0.36389,normalised
72.013356924057,,,0.6641,-0.00811,1,,,,,,,,,GP3HD,0.6641,-0.00811,0.0901,0.36389,normalised
72.03182911872864,,,0.67153,-0.008,1,,,,,,,,,GP3HD,0.67153,-0.008,0.0901,0.36389,normalised
72.04678106307983,,,0.68182,-0.00478,1,,,,,,,,,GP3HD,0.68182,-0.00478,0.0901,0.36389,normalised
72.06454586982727,,,0.69222,0.00193,1,,,,,,,,,GP3HD,0.69222,0.00193,0.0901,0.36389,normalised
72.07859015464783,,,0.72861,-0.0013,0,,,,,,,,,GP3HD,0.72861,-0.0013,0.0901,0.36389,normalised
72.09548926353455,,,0.77327,-0.00553,0,,,,,,,,,GP3HD,0.77327,-0.00553,0.0901,0.36389,normalised
72.11253809928894,,,0.80172,0.01384,0,,,,,,,,,GP3HD,0.80172,0.01384,0.0901,0.36389,normalised
72.12694311141968,,,0.84505,0.0318,0,,,,,,,,,GP3HD,0.84505,0.0318,0.0901,0.36389,normalised
72.14348363876343,,,0.84684,0.02866,0,,,,,,,,,GP3HD,0.84684,0.02866,0.0901,0.36389,normalised
72.16124653816223,,,0.84723,0.02846,0,,,,,,,,,GP3HD,0.84723,0.02846,0.0901,0.36389,normalised
72.17598366737366,,,0.84927,0.03258,1,,,,,,,,,GP3HD,0.84927,0.03258,0.0901,0.36389,normalised
72.19307780265808,,,0.84932,0.03677,1,,,,,,,,,GP3HD,0.84932,0.03677,0.0901,0.36389,normalised
72.20680022239685,,,0.8518,0.04583,1,,,,,,,,,GP3HD,0.8518,0.04583,0.0901,0.36389,normalised
72.22438740730286,,,0.85512,0.05736,1,,,,,,,,,GP3HD,0.85512,0.05736,0.0901,0.36389,normalised
72.24233484268188,,,0.86326,0.07143,1,,,,,,,,,GP3HD,0.86326,0.07143,0.0901,0.36389,normalised
72.25613284111023,,,0.8678,0.08206,1,,,,,,,,,GP3HD,0.8678,0.08206,0.0901,0.36389,normalised
72.27379417419434,,,0.87174,0.0913,1,,,,,,,,,GP3HD,0.87174,0.0913,0.0901,0.36389,normalised
72.28958463668823,,,0.87323,0.09792,1,,,,,,,,,GP3HD,0.87323,0.09792,0.0901,0.36389,normalised
72.30410933494568,,,0.87568,0.10289,1,,,,,,,,,GP3HD,0.87568,0.10289,0.0901,0.36389,normalised
72.32367873191833,,,0.87774,0.10744,1,,,,,,,,,GP3HD,0.87774,0.10744,0.0901,0.36389,normalised
72.33746600151062,,,0.87953,0.1131,1,,,,,,,,,GP3HD,0.87953,0.1131,0.0901,0.36389,normalised
72.35387253761292,,,0.88237,0.12037,1,,,,,,,,,GP3HD,0.88237,0.12037,0.0901,0.36389,normalised
72.37007689476013,,,0.89767,0.1613,0,,,,,,,,,GP3HD,0.89767,0.1613,0.0901,0.36389,normalised
72.38691997528076,,,0.92763,0.2237,0,,,,,,,,,GP3HD,0.92763,0.2237,0.0901,0.36389,normalised
72.40211415290833,,,0.95946,0.29115,0,,,,,,,,,GP3HD,0.95946,0.29115,0.0901,0.36389,normalised
72.41863965988159,,,0.99961,0.37513,0,,,,,,,,,GP3HD,0.99961,0.37513,0.0901,0.36389,normalised
72.4333655834198,,,0.95971,0.30278,0,,,,,,,,,GP3HD,0.95971,0.30278,0.0901,0.36389,normalised
72.45039367675781,,,0.95077,0.27513,0,,,,,,,,,GP3HD,0.95077,0.27513,0.0901,0.36389,normalised
72.46609330177307,,,0.92558,0.21285,0,,,,,,,,,GP3HD,0.92558,0.21285,0.0901,0.36389,normalised
72.48320055007935,,,0.91445,0.19043,0,,,,,,,,,GP3HD,0.91445,0.19043,0.0901,0.36389,normalised
72.49936556816101,,,0.89778,0.15309,0,,,,,,,,,GP3HD,0.89778,0.15309,0.0901,0.36389,normalised
72.51616597175598,,,0.87357,0.09611,0,,,,,,,,,GP3HD,0.87357,0.09611,0.0901,0.36389,normalised
72.53378033638,,,0.86025,0.06537,0,,,,,,,,,GP3HD,0.86025,0.06537,0.0901,0.36389,normalised
72.54967904090881,,,0.85591,0.05039,0,,,,,,,,,GP3HD,0.85591,0.05039,0.0901,0.36389,normalised
72.56615114212036,,,0.85279,0.04075,1,,,,,,,,,GP3HD,0.85279,0.04075,0.0901,0.36389,normalised
72.57978677749634,,,0.85315,0.04312,1,,,,,,,,,GP3HD,0.85315,0.04312,0.0901,0.36389,normalised
72.59686231613159,,,0.85586,0.04753,1,,,,,,,,,GP3HD,0.85586,0.04753,0.0901,0.36389,normalised
72.61210823059082,,,0.85888,0.05396,1,,,,,,,,,GP3HD,0.85888,0.05396,0.0901,0.36389,normalised
72.62802076339722,,,0.86479,0.06836,1,,,,,,,,,GP3HD,0.86479,0.06836,0.0901,0.36389,normalised
72.64418911933899,,,0.86893,0.08007,1,,,,,,,,,GP3HD,0.86893,0.08007,0.0901,0.36389,normalised
72.6623203754425,,,0.87225,0.08943,1,,,,,,,,,GP3HD,0.87225,0.08943,0.0901,0.36389,normalised
72.67694425582886,,,0.87634,0.09796,1,,,,,,,,,GP3HD,0.87634,0.09796,0.0901,0.36389,normalised
72.69281506538391,,,0.87513,0.09691,1,,,,,,,,,GP3HD,0.87513,0.09691,0.0901,0.36389,normalised
72.70925664901733,,,0.87409,0.09603,1,,,,,,,,,GP3HD,0.87409,0.09603,0.0901,0.36389,normalised
72.72711324691772,,,0.87536,0.09842,1,,,,,,,,,GP3HD,0.87536,0.09842,0.0901,0.36389,normalised
72.74148774147034,,,0.87206,0.09378,1,,,,,,,,,GP3HD,0.87206,0.09378,0.0901,0.36389,normalised
72.75870037078857,,,0.86918,0.08973,1,,,,,,,,,GP3HD,0.86918,0.08973,0.0901,0.36389,normalised
72.7739794254303,,,0.86836,0.08903,1,,,,,,,,,GP3HD,0.86836,0.08903,0.0901,0.36389,normalised
72.79005718231201,,,0.86807,0.08898,1,,,,,,,,,GP3HD,0.86807,0.08898,0.0901,0.36389,normalised
72.8082332611084,,,0.86782,0.08893,1,,,,,,,,,GP3HD,0.86782,0.08893,0.0901,0.36389,normalised
72.8229341506958,,,0.86813,0.09013,1,,,,,,,,,GP3HD,0.86813,0.09013,0.0901,0.36389,normalised
72.83905100822449,,,0.86898,0.09224,1,,,,,,,,,GP3HD,0.86898,0.09224,0.0901,0.36389,normalised
72.85701179504395,,,0.86991,0.09474,1,,,,,,,,,GP3HD,0.86991,0.09474,0.0901,0.36389,normalised
72.87170124053955,,,0.87051,0.09653,1,,,,,,,,,GP3HD,0.87051,0.09653,0.0901,0.36389,normalised
72.88883996009827,,,0.87391,0.10426,1,,,,,,,,,GP3HD,0.87391,0.10426,0.0901,0.36389,normalised
72.90371489524841,,,0.87749,0.11251,1,,,,,,,,,GP3HD,0.87749,0.11251,0.0901,0.36389,normalised
72.91986274719238,,,0.879,0.11626,1,,,,,,,,,GP3HD,0.879,0.11626,0.0901,0.36389,normalised
72.93538975715637,,,0.88974,0.15125,0,,,,,,,,,GP3HD,0.88974,0.15125,0.0901,0.36389,normalised
72.95216822624207,,,0.89682,0.17512,0,,,,,,,,,GP3HD,0.89682,0.17512,0.0901,0.36389,normalised
72.96970438957214,,,0.88983,0.16555,0,,,,,,,,,GP3HD,0.88983,0.16555,0.0901,0.36389,normalised
72.98435926437378,,,0.88553,0.16207,1,,,,,,,,,GP3HD,0.88553,0.16207,0.0901,0.36389,normalised
73.00234651565552,,,0.88295,0.15999,1,,,,,,,,,GP3HD,0.88295,0.15999,0.0901,0.36389,normalised
73.01705765724182,,,0.88354,0.16103,1,,,,,,,,,GP3HD,0.88354,0.16103,0.0901,0.36389,normalised
73.03420066833496,,,0.88417,0.16225,1,,,,,,,,,GP3HD,0.88417,0.16225,0.0901,0.36389,normalised
73.0493631362915,,,0.88423,0.16154,1,,,,,,,,,GP3HD,0.88423,0.16154,0.0901,0.36389,normalised
73.06594324111938,,,0.88478,0.16233,1,,,,,,,,,GP3HD,0.88478,0.16233,0.0901,0.36389,normalised
73.08199787139893,,,0.88456,0.16132,1,,,,,,,,,GP3HD,0.88456,0.16132,0.0901,0.36389,normalised
73.09866285324097,,,0.88381,0.15868,1,,,,,,,,,GP3HD,0.88381,0.15868,0.0901,0.36389,normalised
73.11380696296692,,,0.8817,0.15091,1,,,,,,,,,GP3HD,0.8817,0.15091,0.0901,0.36389,normalised
73.13018417358398,,,0.88064,0.14686,1,,,,,,,,,GP3HD,0.88064,0.14686,0.0901,0.36389,normalised
73.14511060714722,,,0.87944,0.14235,1,,,,,,,,,GP3HD,0.87944,0.14235,0.0901,0.36389,normalised
73.1632182598114,,,0.87571,0.13436,1,,,,,,,,,GP3HD,0.87571,0.13436,0.0901,0.36389,normalised
73.17873287200928,,,0.87698,0.1346,1,,,,,,,,,GP3HD,0.87698,0.1346,0.0901,0.36389,normalised
73.19602584838867,,,0.8777,0.13388,1,,,,,,,,,GP3HD,0.8777,0.13388,0.0901,0.36389,normalised
73.2131290435791,,,0.87601,0.12932,1,,,,,,,,,GP3HD,0.87601,0.12932,0.0901,0.36389,normalised
73.22832489013672,,,0.87874,0.13428,1,,,,,,,,,GP3HD,0.87874,0.13428,0.0901,0.36389,normalised
73.24246859550476,,,0.88183,0.14028,1,,,,,,,,,GP3HD,0.88183,0.14028,0.0901,0.36389,normalised
73.26013541221619,,,0.88212,0.13993,1,,,,,,,,,GP3HD,0.88212,0.13993,0.0901,0.36389,normalised
73.2757556438446,,,0.88246,0.14034,1,,,,,,,,,GP3HD,0.88246,0.14034,0.0901,0.36389,normalised
73.29202580451965,,,0.88276,0.1407,1,,,,,,,,,GP3HD,0.88276,0.1407,0.0901,0.36389,normalised
73.30995059013367,,,0.88266,0.14057,1,,,,,,,,,GP3HD,0.88266,0.14057,0.0901,0.36389,normalised
73.32544946670532,,,0.88297,0.14172,1,,,,,,,,,GP3HD,0.88297,0.14172,0.0901,0.36389,normalised
73.34036111831665,,,0.883,0.14215,1,,,,,,,,,GP3HD,0.883,0.14215,0.0901,0.36389,normalised
73.35809683799744,,,0.88224,0.14,1,,,,,,,,,GP3HD,0.88224,0.14,0.0901,0.36389,normalised
73.37226486206055,,,0.88043,0.13602,1,,,,,,,,,GP3HD,0.88043,0.13602,0.0901,0.36389,normalised
73.38850736618042,,,0.87848,0.13173,1,,,,,,,,,GP3HD,0.87848,0.13173,0.0901,0.36389,normalised
73.4060275554657,,,0.87698,0.12806,1,,,,,,,,,GP3HD,0.87698,0.12806,0.0901,0.36389,normalised
73.42064261436462,,,0.87667,0.12684,1,,,,,,,,,GP3HD,0.87667,0.12684,0.0901,0.36389,normalised
73.43688774108887,,,0.87682,0.12674,1,,,,,,,,,GP3HD,0.87682,0.12674,0.0901,0.36389,normalised
73.45439267158508,,,0.87739,0.12763,1,,,,,,,,,GP3HD,0.87739,0.12763,0.0901,0.36389,normalised
73.46890997886658,,,0.86863,0.10401,0,,,,,,,,,GP3HD,0.86863,0.10401,0.0901,0.36389,normalised
73.48642706871033,,,0.87256,0.10544,0,,,,,,,,,GP3HD,0.87256,0.10544,0.0901,0.36389,normalised
73.50395464897156,,,0.87674,0.11755,0,,,,,,,,,GP3HD,0.87674,0.11755,0.0901,0.36389,normalised
73.51770901679993,,,0.87696,0.10179,1,,,,,,,,,GP3HD,0.87696,0.10179,0.0901,0.36389,normalised
73.53434324264526,,,0.87407,0.08548,1,,,,,,,,,GP3HD,0.87407,0.08548,0.0901,0.36389,normalised
73.55214953422546,,,0.87239,0.08101,1,,,,,,,,,GP3HD,0.87239,0.08101,0.0901,0.36389,normalised
73.56690263748169,,,0.8685,0.07152,1,,,,,,,,,GP3HD,0.8685,0.07152,0.0901,0.36389,normalised
73.58471155166626,,,0.86653,0.06653,1,,,,,,,,,GP3HD,0.86653,0.06653,0.0901,0.36389,normalised
73.59934210777283,,,0.8627,0.05963,1,,,,,,,,,GP3HD,0.8627,0.05963,0.0901,0.36389,normalised
73.61693668365479,,,0.85851,0.05612,1,,,,,,,,,GP3HD,0.85851,0.05612,0.0901,0.36389,normalised
73.63105940818787,,,0.85642,0.05632,1,,,,,,,,,GP3HD,0.85642,0.05632,0.0901,0.36389,normalised
73.6476788520813,,,0.85762,0.05959,1,,,,,,,,,GP3HD,0.85762,0.05959,0.0901,0.36389,normalised
73.66419839859009,,,0.85838,0.06281,1,,,,,,,,,GP3HD,0.85838,0.06281,0.0901,0.36389,normalised
73.68079996109009,,,0.85904,0.06556,1,,,,,,,,,GP3HD,0.85904,0.06556,0.0901,0.36389,normalised
73.69744277000427,,,0.85985,0.069,1,,,,,,,,,GP3HD,0.85985,0.069,0.0901,0.36389,normalised
73.7118911743164,,,0.86087,0.07247,1,,,,,,,,,GP3HD,0.86087,0.07247,0.0901,0.36389,normalised
73.72867727279663,,,0.86178,0.07554,1,,,,,,,,,GP3HD,0.86178,0.07554,0.0901,0.36389,normalised
73.7468044757843,,,0.86454,0.08264,1,,,,,,,,,GP3HD,0.86454,0.08264,0.0901,0.36389,normalised
73.76260495185852,,,0.86593,0.08675,1,,,,,,,,,GP3HD,0.86593,0.08675,0.0901,0.36389,normalised
73.77737355232239,,,0.86718,0.09044,1,,,,,,,,,GP3HD,0.86718,0.09044,0.0901,0.36389,normalised
73.79481530189514,,,0.87459,0.12241,0,,,,,,,,,GP3HD,0.87459,0.12241,0.0901,0.36389,normalised
73.81170296669006,,,0.88148,0.12546,0,,,,,,,,,GP3HD,0.88148,0.12546,0.0901,0.36389,normalised
73.82479643821716,,,0.88378,0.12648,0,,,,,,,,,GP3HD,0.88378,0.12648,0.0901,0.36389,normalised
73.84345746040344,,,0.8835,0.12855,1,,,,,,,,,GP3HD,0.8835,0.12855,0.0901,0.36389,normalised
73.85821294784546,,,0.88119,0.12613,1,,,,,,,,,GP3HD,0.88119,0.12613,0.0901,0.36389,normalised
73.87335443496704,,,0.87965,0.12452,1,,,,,,,,,GP3HD,0.87965,0.12452,0.0901,0.36389,normalised
73.89030313491821,,,0.88323,0.12988,1,,,,,,,,,GP3HD,0.88323,0.12988,0.0901,0.36389,normalised
73.90600514411926,,,0.88311,0.13044,1,,,,,,,,,GP3HD,0.88311,0.13044,0.0901,0.36389,normalised
73.92285466194153,,,0.88302,0.13088,1,,,,,,,,,GP3HD,0.88302,0.13088,0.0901,0.36389,normalised
73.93773365020752,,,0.88548,0.13566,1,,,,,,,,,GP3HD,0.88548,0.13566,0.0901,0.36389,normalised
73.95461344718933,,,0.88771,0.13879,1,,,,,,,,,GP3HD,0.88771,0.13879,0.0901,0.36389,normalised
73.97009110450745,,,0.88957,0.14139,1,,,,,,,,,GP3HD,0.88957,0.14139,0.0901,0.36389,normalised
73.9867856502533,,,0.88835,0.13848,1,,,,,,,,,GP3HD,0.88835,0.13848,0.0901,0.36389,normalised
74.00351119041443,,,0.88905,0.13857,1,,,,,,,,,GP3HD,0.88905,0.13857,0.0901,0.36389,normalised
74.01956081390381,,,0.88966,0.13864,1,,,,,,,,,GP3HD,0.88966,0.13864,0.0901,0.36389,normalised
74.03741884231567,,,0.88908,0.13903,1,,,,,,,,,GP3HD,0.88908,0.13903,0.0901,0.36389,normalised
74.05378365516663,,,0.88899,0.14022,1,,,,,,,,,GP3HD,0.88899,0.14022,0.0901,0.36389,normalised
74.06739592552185,,,0.88892,0.14127,1,,,,,,,,,GP3HD,0.88892,0.14127,0.0901,0.36389,normalised
74.08343124389648,,,0.88947,0.14209,1,,,,,,,,,GP3HD,0.88947,0.14209,0.0901,0.36389,normalised
74.10088467597961,,,0.88717,0.13932,1,,,,,,,,,GP3HD,0.88717,0.13932,0.0901,0.36389,normalised
74.11654472351074,,,0.88474,0.13602,1,,,,,,,,,GP3HD,0.88474,0.13602,0.0901,0.36389,normalised
74.13299250602722,,,0.88397,0.13517,1,,,,,,,,,GP3HD,0.88397,0.13517,0.0901,0.36389,normalised
74.1487648487091,,,0.88446,0.13371,1,,,,,,,,,GP3HD,0.88446,0.13371,0.0901,0.36389,normalised
74.16543316841125,,,0.88458,0.13142,1,,,,,,,,,GP3HD,0.88458,0.13142,0.0901,0.36389,normalised
74.18126773834229,,,0.87736,0.12713,1,,,,,,,,,GP3HD,0.87736,0.12713,0.0901,0.36389,normalised
74.19704818725586,,,0.8488,0.10415,0,,,,,,,,,GP3HD,0.8488,0.10415,0.0901,0.36389,normalised
74.21515727043152,,,0.77547,0.06462,0,,,,,,,,,GP3HD,0.77547,0.06462,0.0901,0.36389,normalised
74.23134183883667,,,0.75671,0.0688,0,,,,,,,,,GP3HD,0.75671,0.0688,0.0901,0.36389,normalised
74.24520945549011,,,0.71585,0.06604,0,,,,,,,,,GP3HD,0.71585,0.06604,0.0901,0.36389,normalised
74.26323533058167,,,0.72445,0.09142,0,,,,,,,,,GP3HD,0.72445,0.09142,0.0901,0.36389,normalised
74.28007483482361,,,0.73309,0.10825,0,,,,,,,,,GP3HD,0.73309,0.10825,0.0901,0.36389,normalised
74.29683184623718,,,0.73612,0.11455,1,,,,,,,,,GP3HD,0.73612,0.11455,0.0901,0.36389,normalised
74.31271862983704,,,0.73794,0.11833,1,,,,,,,,,GP3HD,0.73794,0.11833,0.0901,0.36389,normalised
74.32694458961487,,,0.73792,0.12052,1,,,,,,,,,GP3HD,0.73792,0.12052,0.0901,0.36389,normalised
74.34362363815308,,,0.73528,0.11419,1,,,,,,,,,GP3HD,0.73528,0.11419,0.0901,0.36389,normalised
74.36160516738892,,,0.7333,0.10943,1,,,,,,,,,GP3HD,0.7333,0.10943,0.0901,0.36389,normalised
74.37600994110107,,,0.73079,0.10655,1,,,,,,,,,GP3HD,0.73079,0.10655,0.0901,0.36389,normalised
74.39338517189026,,,0.73388,0.10631,1,,,,,,,,,GP3HD,0.73388,0.10631,0.0901,0.36389,normalised
74.40686130523682,,,0.73568,0.1035,1,,,,,,,,,GP3HD,0.73568,0.1035,0.0901,0.36389,normalised
74.42379450798035,,,0.7268,0.0959,1,,,,,,,,,GP3HD,0.7268,0.0959,0.0901,0.36389,normalised
74.43922257423401,,,0.71888,0.08504,1,,,,,,,,,GP3HD,0.71888,0.08504,0.0901,0.36389,normalised
74.45845890045166,,,0.71158,0.07456,1,,,,,,,,,GP3HD,0.71158,0.07456,0.0901,0.36389,normalised
74.4715142250061,,,0.69738,0.06698,1,,,,,,,,,GP3HD,0.69738,0.06698,0.0901,0.36389,normalised
74.48840403556824,,,0.68783,0.06463,1,,,,,,,,,GP3HD,0.68783,0.06463,0.0901,0.36389,normalised
74.50503754615784,,,0.65582,0.04167,0,,,,,,,,,GP3HD,0.65582,0.04167,0.0901,0.36389,normalised
74.52193212509155,,,0.58928,0.03501,0,,,,,,,,,GP3HD,0.58928,0.03501,0.0901,0.36389,normalised
74.53631448745728,,,0.57531,0.03114,0,,,,,,,,,GP3HD,0.57531,0.03114,0.0901,0.36389,normalised
74.55237627029419,,,0.53823,0.02277,0,,,,,,,,,GP3HD,0.53823,0.02277,0.0901,0.36389,normalised
74.57146048545837,,,0.52074,0.02143,0,,,,,,,,,GP3HD,0.52074,0.02143,0.0901,0.36389,normalised
74.58502316474915,,,0.52374,0.02822,0,,,,,,,,,GP3HD,0.52374,0.02822,0.0901,0.36389,normalised
74.60184836387634,,,0.52591,0.03331,1,,,,,,,,,GP3HD,0.52591,0.03331,0.0901,0.36389,normalised
74.61846661567688,,,0.52194,0.03027,1,,,,,,,,,GP3HD,0.52194,0.03027,0.0901,0.36389,normalised
74.63443565368652,,,0.52183,0.02315,1,,,,,,,,,GP3HD,0.52183,0.02315,0.0901,0.36389,normalised
74.6504819393158,,,0.52082,0.01523,1,,,,,,,,,GP3HD,0.52082,0.01523,0.0901,0.36389,normalised
74.66770505905151,,,0.51218,0.01009,1,,,,,,,,,GP3HD,0.51218,0.01009,0.0901,0.36389,normalised
74.68319892883301,,,0.5114,0.00244,1,,,,,,,,,GP3HD,0.5114,0.00244,0.0901,0.36389,normalised
74.69887852668762,,,0.51079,-0.00369,1,,,,,,,,,GP3HD,0.51079,-0.00369,0.0901,0.36389,normalised
74.71539163589478,,,0.49034,-0.00283,1,,,,,,,,,GP3HD,0.49034,-0.00283,0.0901,0.36389,normalised
74.73257803916931,,,0.47516,-0.00226,1,,,,,,,,,GP3HD,0.47516,-0.00226,0.0901,0.36389,normalised
74.74726676940918,,,0.46232,-0.00178,1,,,,,,,,,GP3HD,0.46232,-0.00178,0.0901,0.36389,normalised
74.76501560211182,,,0.44986,-0.00052,1,,,,,,,,,GP3HD,0.44986,-0.00052,0.0901,0.36389,normalised
74.78161287307739,,,0.43968,0.00073,1,,,,,,,,,GP3HD,0.43968,0.00073,0.0901,0.36389,normalised
74.79604315757751,,,0.39906,-0.00868,0,,,,,,,,,GP3HD,0.39906,-0.00868,0.0901,0.36389,normalised
74.81304144859314,,,0.34156,0.00438,0,,,,,,,,,GP3HD,0.34156,0.00438,0.0901,0.36389,normalised
74.82878232002258,,,0.34474,0.0021,0,,,,,,,,,GP3HD,0.34474,0.0021,0.0901,0.36389,normalised
74.8454065322876,,,0.34632,0.00096,1,,,,,,,,,GP3HD,0.34632,0.00096,0.0901,0.36389,normalised
74.86203980445862,,,0.30371,0.02035,1,,,,,,,,,GP3HD,0.30371,0.02035,0.0901,0.36389,normalised
74.87664866447449,,,0.25081,0.04262,0,,,,,,,,,GP3HD,0.25081,0.04262,0.0901,0.36389,normalised
74.89415216445923,,,0.19268,0.07267,0,,,,,,,,,GP3HD,0.19268,0.07267,0.0901,0.36389,normalised
74.90867400169373,,,0.1727,0.07914,0,,,,,,,,,GP3HD,0.1727,0.07914,0.0901,0.36389,normalised
74.92459273338318,,,0.1304,0.09401,0,,,,,,,,,GP3HD,0.1304,0.09401,0.0901,0.36389,normalised
74.94164204597473,,,0.12716,0.09062,0,,,,,,,,,GP3HD,0.12716,0.09062,0.0901,0.36389,normalised
74.95783376693726,,,0.12645,0.09465,0,,,,,,,,,GP3HD,0.12645,0.09465,0.0901,0.36389,normalised
74.97424983978271,,,0.12835,0.09443,1,,,,,,,,,GP3HD,0.12835,0.09443,0.0901,0.36389,normalised
74.9905652999878,,,0.1295,0.0943,1,,,,,,,,,GP3HD,0.1295,0.0943,0.0901,0.36389,normalised
75.00634455680847,,,0.12881,0.09809,1,,,,,,,,,GP3HD,0.12881,0.09809,0.0901,0.36389,normalised
75.02229285240173,,,0.12685,0.09829,1,,,,,,,,,GP3HD,0.12685,0.09829,0.0901,0.36389,normalised
75.03866791725159,,,0.12537,0.09844,1,,,,,,,,,GP3HD,0.12537,0.09844,0.0901,0.36389,normalised
75.0564649105072,,,0.1242,0.09838,1,,,,,,,,,GP3HD,0.1242,0.09838,0.0901,0.36389,normalised
75.07085061073303,,,0.12327,0.09834,1,,,,,,,,,GP3HD,0.12327,0.09834,0.0901,0.36389,normalised
75.08665466308594,,,0.12251,0.0983,1,,,,,,,,,GP3HD,0.12251,0.0983,0.0901,0.36389,normalised
75.10576057434082,,,0.12269,0.09947,1,,,,,,,,,GP3HD,0.12269,0.09947,0.0901,0.36389,normalised
75.12195682525635,,,0.12091,0.09973,1,,,,,,,,,GP3HD,0.12091,0.09973,0.0901,0.36389,normalised
75.1358528137207,,,0.11938,0.09995,1,,,,,,,,,GP3HD,0.11938,0.09995,0.0901,0.36389,normalised
75.15327882766724,,,0.11994,0.10087,1,,,,,,,,,GP3HD,0.11994,0.10087,0.0901,0.36389,normalised
75.16779565811157,,,0.12213,0.10167,1,,,,,,,,,GP3HD,0.12213,0.10167,0.0901,0.36389,normalised
75.18531584739685,,,0.12406,0.10237,1,,,,,,,,,GP3HD,0.12406,0.10237,0.0901,0.36389,normalised
75.20135426521301,,,0.12629,0.10451,1,,,,,,,,,GP3HD,0.12629,0.10451,0.0901,0.36389,normalised
75.21576380729675,,,0.12969,0.10598,1,,,,,,,,,GP3HD,0.12969,0.10598,0.0901,0.36389,normalised
75.23304915428162,,,0.13275,0.10731,1,,,,,,,,,GP3HD,0.13275,0.10731,0.0901,0.36389,normalised
75.24885702133179,,,0.13466,0.10893,1,,,,,,,,,GP3HD,0.13466,0.10893,0.0901,0.36389,normalised
75.26534938812256,,,0.13726,0.11049,1,,,,,,,,,GP3HD,0.13726,0.11049,0.0901,0.36389,normalised
75.28308415412903,,,0.13964,0.1119,1,,,,,,,,,GP3HD,0.13964,0.1119,0.0901,0.36389,normalised
75.2968442440033,,,0.14118,0.11319,1,,,,,,,,,GP3HD,0.14118,0.11319,0.0901,0.36389,normalised
75.31351447105408,,,0.16697,0.13154,0,,,,,,,,,GP3HD,0.16697,0.13154,0.0901,0.36389,normalised
75.33127164840698,,,0.17699,0.14502,0,,,,,,,,,GP3HD,0.17699,0.14502,0.0901,0.36389,normalised
75.347008228302,,,0.17262,0.14918,0,,,,,,,,,GP3HD,0.17262,0.14918,0.0901,0.36389,normalised
75.3616726398468,,,0.17763,0.15979,1,,,,,,,,,GP3HD,0.17763,0.15979,0.0901,0.36389,normalised
75.37740755081177,,,0.18064,0.16616,1,,,,,,,,,GP3HD,0.18064,0.16616,0.0901,0.36389,normalised
75.39638876914978,,,0.17846,0.16508,1,,,,,,,,,GP3HD,0.17846,0.16508,0.0901,0.36389,normalised
75.41012835502625,,,0.18062,0.16573,1,,,,,,,,,GP3HD,0.18062,0.16573,0.0901,0.36389,normalised
75.42840671539307,,,0.18224,0.16621,1,,,,,,,,,GP3HD,0.18224,0.16621,0.0901,0.36389,normalised
75.44317626953125,,,0.18126,0.16298,1,,,,,,,,,GP3HD,0.18126,0.16298,0.0901,0.36389,normalised
75.46022868156433,,,0.18418,0.16044,1,,,,,,,,,GP3HD,0.18418,0.16044,0.0901,0.36389,normalised
75.476078748703,,,0.18657,0.15836,1,,,,,,,,,GP3HD,0.18657,0.15836,0.0901,0.36389,normalised
75.4969208240509,,,0.18752,0.1576,1,,,,,,,,,GP3HD,0.18752,0.1576,0.0901,0.36389,normalised
75.50746035575867,,,0.18971,0.15642,1,,,,,,,,,GP3HD,0.18971,0.15642,0.0901,0.36389,normalised
75.524338722229,,,0.19159,0.15541,1,,,,,,,,,GP3HD,0.19159,0.15541,0.0901,0.36389,normalised
75.54242587089539,,,0.1916,0.154,1,,,,,,,,,GP3HD,0.1916,0.154,0.0901,0.36389,normalised
75.55617833137512,,,0.193,0.1531,1,,,,,,,,,GP3HD,0.193,0.1531,0.0901,0.36389,normalised
75.57365703582764,,,0.19423,0.15231,1,,,,,,,,,GP3HD,0.19423,0.15231,0.0901,0.36389,normalised
75.58846616744995,,,0.19282,0.15147,1,,,,,,,,,GP3HD,0.19282,0.15147,0.0901,0.36389,normalised
75.60646605491638,,,0.1913,0.15,1,,,,,,,,,GP3HD,0.1913,0.15,0.0901,0.36389,normalised
75.62004542350769,,,0.18994,0.14868,1,,,,,,,,,GP3HD,0.18994,0.14868,0.0901,0.36389,normalised
75.63752341270447,,,0.1883,0.14842,1,,,,,,,,,GP3HD,0.1883,0.14842,0.0901,0.36389,normalised
75.65704560279846,,,0.18685,0.14836,1,,,,,,,,,GP3HD,0.18685,0.14836,0.0901,0.36389,normalised
75.66992497444153,,,0.18553,0.14831,1,,,,,,,,,GP3HD,0.18553,0.14831,0.0901,0.36389,normalised
75.68476343154907,,,0.18479,0.14735,1,,,,,,,,,GP3HD,0.18479,0.14735,0.0901,0.36389,normalised
75.70154356956482,,,0.18393,0.14714,1,,,,,,,,,GP3HD,0.18393,0.14714,0.0901,0.36389,normalised
75.7177529335022,,,0.18314,0.14695,1,,,,,,,,,GP3HD,0.18314,0.14695,0.0901,0.36389,normalised
75.73427224159241,,,0.18292,0.14637,1,,,,,,,,,GP3HD,0.18292,0.14637,0.0901,0.36389,normalised
75.75205373764038,,,0.18257,0.14556,1,,,,,,,,,GP3HD,0.18257,0.14556,0.0901,0.36389,normalised
75.76652383804321,,,0.18225,0.14482,1,,,,,,,,,GP3HD,0.18225,0.14482,0.0901,0.36389,normalised
75.7827684879303,,,0.18125,0.14455,1,,,,,,,,,GP3HD,0.18125,0.14455,0.0901,0.36389,normalised
75.79951119422913,,,0.18043,0.14427,1,,,,,,,,,GP3HD,0.18043,0.14427,0.0901,0.36389,normalised
75.81472969055176,,,0.17966,0.144,1,,,,,,,,,GP3HD,0.17966,0.144,0.0901,0.36389,normalised
75.83280420303345,,,0.17864,0.1433,1,,,,,,,,,GP3HD,0.17864,0.1433,0.0901,0.36389,normalised
75.84782266616821,,,0.17791,0.14275,1,,,,,,,,,GP3HD,0.17791,0.14275,0.0901,0.36389,normalised
75.86353898048401,,,0.17722,0.14223,1,,,,,,,,,GP3HD,0.17722,0.14223,0.0901,0.36389,normalised
75.8794858455658,,,0.17637,0.14233,1,,,,,,,,,GP3HD,0.17637,0.14233,0.0901,0.36389,normalised
75.89647078514099,,,0.17529,0.14177,1,,,,,,,,,GP3HD,0.17529,0.14177,0.0901,0.36389,normalised
75.91346383094788,,,0.17427,0.14124,1,,,,,,,,,GP3HD,0.17427,0.14124,0.0901,0.36389,normalised
75.9288957118988,,,0.1734,0.14186,1,,,,,,,,,GP3HD,0.1734,0.14186,0.0901,0.36389,normalised
75.94593024253845,,,0.17238,0.1425,1,,,,,,,,,GP3HD,0.17238,0.1425,0.0901,0.36389,normalised
75.96172213554382,,,0.1452,0.13901,0,,,,,,,,,GP3HD,0.1452,0.13901,0.0901,0.36389,normalised
75.97841811180115,,,0.14302,0.14504,0,,,,,,,,,GP3HD,0.14302,0.14504,0.0901,0.36389,normalised
75.99216151237488,,,0.13779,0.14689,0,,,,,,,,,GP3HD,0.13779,0.14689,0.0901,0.36389,normalised
76.00869965553284,,,0.13517,0.14782,1,,,,,,,,,GP3HD,0.13517,0.14782,0.0901,0.36389,normalised
76.024418592453,,,0.13412,0.14713,1,,,,,,,,,GP3HD,0.13412,0.14713,0.0901,0.36389,normalised
76.04216766357422,,,0.13405,0.15114,1,,,,,,,,,GP3HD,0.13405,0.15114,0.0901,0.36389,normalised
76.05820846557617,,,0.13399,0.15399,1,,,,,,,,,GP3HD,0.13399,0.15399,0.0901,0.36389,normalised
76.07297110557556,,,0.13523,0.14754,1,,,,,,,,,GP3HD,0.13523,0.14754,0.0901,0.36389,normalised
76.09009981155396,,,0.13498,0.14001,1,,,,,,,,,GP3HD,0.13498,0.14001,0.0901,0.36389,normalised
76.10565447807312,,,0.13477,0.13399,1,,,,,,,,,GP3HD,0.13477,0.13399,0.0901,0.36389,normalised
76.12140846252441,,,0.13539,0.12869,1,,,,,,,,,GP3HD,0.13539,0.12869,0.0901,0.36389,normalised
76.13857626914978,,,0.13517,0.12408,1,,,,,,,,,GP3HD,0.13517,0.12408,0.0901,0.36389,normalised
76.15638661384583,,,0.13497,0.12018,1,,,,,,,,,GP3HD,0.13497,0.12018,0.0901,0.36389,normalised
76.16988325119019,,,0.13566,0.1181,1,,,,,,,,,GP3HD,0.13566,0.1181,0.0901,0.36389,normalised
76.18721652030945,,,0.13546,0.11574,1,,,,,,,,,GP3HD,0.13546,0.11574,0.0901,0.36389,normalised
76.20313143730164,,,0.13529,0.11367,1,,,,,,,,,GP3HD,0.13529,0.11367,0.0901,0.36389,normalised
76.21922445297241,,,0.13632,0.11239,1,,,,,,,,,GP3HD,0.13632,0.11239,0.0901,0.36389,normalised
76.23606133460999,,,0.13649,0.11121,1,,,,,,,,,GP3HD,0.13649,0.11121,0.0901,0.36389,normalised
76.2520387172699,,,0.13819,0.08458,0,,,,,,,,,GP3HD,0.13819,0.08458,0.0901,0.36389,normalised
76.26692700386047,,,0.14517,0.08262,0,,,,,,,,,GP3HD,0.14517,0.08262,0.0901,0.36389,normalised
76.28406047821045,,,0.14373,0.10613,0,,,,,,,,,GP3HD,0.14373,0.10613,0.0901,0.36389,normalised
76.30198574066162,,,0.14301,0.11789,1,,,,,,,,,GP3HD,0.14301,0.11789,0.0901,0.36389,normalised
76.31689405441284,,,0.14501,0.12581,1,,,,,,,,,GP3HD,0.14501,0.12581,0.0901,0.36389,normalised
76.33480024337769,,,0.14534,0.11804,1,,,,,,,,,GP3HD,0.14534,0.11804,0.0901,0.36389,normalised
76.34794449806213,,,0.14558,0.11249,1,,,,,,,,,GP3HD,0.14558,0.11249,0.0901,0.36389,normalised
76.36552333831787,,,0.14569,0.11533,1,,,,,,,,,GP3HD,0.14569,0.11533,0.0901,0.36389,normalised
76.38234663009644,,,0.14585,0.10978,1,,,,,,,,,GP3HD,0.14585,0.10978,0.0901,0.36389,normalised
76.39761567115784,,,0.14598,0.10534,1,,,,,,,,,GP3HD,0.14598,0.10534,0.0901,0.36389,normalised
76.41355752944946,,,0.14642,0.10277,1,,,,,,,,,GP3HD,0.14642,0.10277,0.0901,0.36389,normalised
76.43113541603088,,,0.14535,0.10476,1,,,,,,,,,GP3HD,0.14535,0.10476,0.0901,0.36389,normalised
76.4462468624115,,,0.14445,0.10645,1,,,,,,,,,GP3HD,0.14445,0.10645,0.0901,0.36389,normalised
76.46286249160767,,,0.14469,0.11022,1,,,,,,,,,GP3HD,0.14469,0.11022,0.0901,0.36389,normalised
76.47843384742737,,,0.1437,0.1121,1,,,,,,,,,GP3HD,0.1437,0.1121,0.0901,0.36389,normalised
76.49452447891235,,,0.14284,0.11374,1,,,,,,,,,GP3HD,0.14284,0.11374,0.0901,0.36389,normalised
76.51145124435425,,,0.14261,0.11228,1,,,,,,,,,GP3HD,0.14261,0.11228,0.0901,0.36389,normalised
76.52717542648315,,,0.14157,0.11352,1,,,,,,,,,GP3HD,0.14157,0.11352,0.0901,0.36389,normalised
76.54254364967346,,,0.14064,0.11462,1,,,,,,,,,GP3HD,0.14064,0.11462,0.0901,0.36389,normalised
76.55849409103394,,,0.14045,0.11642,1,,,,,,,,,GP3HD,0.14045,0.11642,0.0901,0.36389,normalised
76.57419943809509,,,0.14028,0.11757,1,,,,,,,,,GP3HD,0.14028,0.11757,0.0901,0.36389,normalised
76.59167385101318,,,0.14012,0.11862,1,,,,,,,,,GP3HD,0.14012,0.11862,0.0901,0.36389,normalised
76.6086323261261,,,0.14067,0.12075,1,,,,,,,,,GP3HD,0.14067,0.12075,0.0901,0.36389,normalised
76.62526416778564,,,0.14092,0.12237,1,,,,,,,,,GP3HD,0.14092,0.12237,0.0901,0.36389,normalised
76.63925862312317,,,0.14115,0.12385,1,,,,,,,,,GP3HD,0.14115,0.12385,0.0901,0.36389,normalised
76.65823745727539,,,0.14188,0.12517,1,,,,,,,,,GP3HD,0.14188,0.12517,0.0901,0.36389,normalised
76.67201685905457,,,0.14259,0.126,1,,,,,,,,,GP3HD,0.14259,0.126,0.0901,0.36389,normalised
76.6894166469574,,,0.14325,0.12677,1,,,,,,,,,GP3HD,0.14325,0.12677,0.0901,0.36389,normalised
76.70607686042786,,,0.1437,0.12762,1,,,,,,,,,GP3HD,0.1437,0.12762,0.0901,0.36389,normalised
76.72118282318115,,,0.14419,0.12595,1,,,,,,,,,GP3HD,0.14419,0.12595,0.0901,0.36389,normalised
76.73863410949707,,,0.14465,0.12438,1,,,,,,,,,GP3HD,0.14465,0.12438,0.0901,0.36389,normalised
76.75537300109863,,,0.14527,0.12234,1,,,,,,,,,GP3HD,0.14527,0.12234,0.0901,0.36389,normalised
76.76930069923401,,,0.14573,0.12058,1,,,,,,,,,GP3HD,0.14573,0.12058,0.0901,0.36389,normalised
76.7867705821991,,,0.14616,0.11893,1,,,,,,,,,GP3HD,0.14616,0.11893,0.0901,0.36389,normalised
76.80333542823792,,,0.14669,0.11777,1,,,,,,,,,GP3HD,0.14669,0.11777,0.0901,0.36389,normalised
76.81919050216675,,,0.14713,0.11631,1,,,,,,,,,GP3HD,0.14713,0.11631,0.0901,0.36389,normalised
76.83311438560486,,,0.14754,0.11493,1,,,,,,,,,GP3HD,0.14754,0.11493,0.0901,0.36389,normalised
76.85060858726501,,,0.1606,0.09007,0,,,,,,,,,GP3HD,0.1606,0.09007,0.0901,0.36389,normalised
76.86636185646057,,,0.15896,0.0966,0,,,,,,,,,GP3HD,0.15896,0.0966,0.0901,0.36389,normalised
76.88313245773315,,,0.15841,0.09877,0,,,,,,,,,GP3HD,0.15841,0.09877,0.0901,0.36389,normalised
76.90023231506348,,,0.15699,0.09848,1,,,,,,,,,GP3HD,0.15699,0.09848,0.0901,0.36389,normalised
76.91519594192505,,,0.15674,0.09702,1,,,,,,,,,GP3HD,0.15674,0.09702,0.0901,0.36389,normalised
76.93079924583435,,,0.15657,0.09606,1,,,,,,,,,GP3HD,0.15657,0.09606,0.0901,0.36389,normalised
76.94810581207275,,,0.15683,0.0945,1,,,,,,,,,GP3HD,0.15683,0.0945,0.0901,0.36389,normalised
76.96392822265625,,,0.1573,0.09287,1,,,,,,,,,GP3HD,0.1573,0.09287,0.0901,0.36389,normalised
76.98014163970947,,,0.15767,0.0916,1,,,,,,,,,GP3HD,0.15767,0.0916,0.0901,0.36389,normalised
76.99452567100525,,,0.15774,0.09242,1,,,,,,,,,GP3HD,0.15774,0.09242,0.0901,0.36389,normalised
77.01307344436646,,,0.15796,0.09103,1,,,,,,,,,GP3HD,0.15796,0.09103,0.0901,0.36389,normalised
77.02992153167725,,,0.15815,0.08987,1,,,,,,,,,GP3HD,0.15815,0.08987,0.0901,0.36389,normalised
77.04526782035828,,,0.15851,0.09141,1,,,,,,,,,GP3HD,0.15851,0.09141,0.0901,0.36389,normalised
77.06274032592773,,,0.15879,0.09236,1,,,,,,,,,GP3HD,0.15879,0.09236,0.0901,0.36389,normalised
77.07695698738098,,,0.15904,0.09318,1,,,,,,,,,GP3HD,0.15904,0.09318,0.0901,0.36389,normalised
77.09225153923035,,,0.15885,0.09365,1,,,,,,,,,GP3HD,0.15885,0.09365,0.0901,0.36389,normalised
77.10945701599121,,,0.15837,0.09384,1,,,,,,,,,GP3HD,0.15837,0.09384,0.0901,0.36389,normalised
77.12695097923279,,,0.15794,0.09401,1,,,,,,,,,GP3HD,0.15794,0.09401,0.0901,0.36389,normalised
77.14089965820312,,,0.15816,0.09367,1,,,,,,,,,GP3HD,0.15816,0.09367,0.0901,0.36389,normalised
77.15967726707458,,,0.1583,0.09314,1,,,,,,,,,GP3HD,0.1583,0.09314,0.0901,0.36389,normalised
77.17423224449158,,,0.15844,0.09265,1,,,,,,,,,GP3HD,0.15844,0.09265,0.0901,0.36389,normalised
77.1899402141571,,,0.15844,0.093,1,,,,,,,,,GP3HD,0.15844,0.093,0.0901,0.36389,normalised
77.20558953285217,,,0.15845,0.09423,1,,,,,,,,,GP3HD,0.15845,0.09423,0.0901,0.36389,normalised
77.22223591804504,,,0.15846,0.09537,1,,,,,,,,,GP3HD,0.15846,0.09537,0.0901,0.36389,normalised
77.2376983165741,,,0.15763,0.09361,1,,,,,,,,,GP3HD,0.15763,0.09361,0.0901,0.36389,normalised
77.25362825393677,,,0.15376,0.09157,1,,,,,,,,,GP3HD,0.15376,0.09157,0.0901,0.36389,normalised
77.27126598358154,,,0.15018,0.08967,1,,,,,,,,,GP3HD,0.15018,0.08967,0.0901,0.36389,normalised
77.28599452972412,,,0.16098,0.09008,1,,,,,,,,,GP3HD,0.16098,0.09008,0.0901,0.36389,normalised
77.30346536636353,,,0.17048,0.09048,1,,,,,,,,,GP3HD,0.17048,0.09048,0.0901,0.36389,normalised
77.32108354568481,,,0.21173,0.08703,0,,,,,,,,,GP3HD,0.21173,0.08703,0.0901,0.36389,normalised
77.33743739128113,,,0.36473,0.13696,0,,,,,,,,,GP3HD,0.36473,0.13696,0.0901,0.36389,normalised
77.35196900367737,,,0.41545,0.16665,0,,,,,,,,,GP3HD,0.41545,0.16665,0.0901,0.36389,normalised
77.36948609352112,,,0.51788,0.21477,0,,,,,,,,,GP3HD,0.51788,0.21477,0.0901,0.36389,normalised
77.38419985771179,,,0.52999,0.21869,0,,,,,,,,,GP3HD,0.52999,0.21869,0.0901,0.36389,normalised
77.40179538726807,,,0.52905,0.21553,0,,,,,,,,,GP3HD,0.52905,0.21553,0.0901,0.36389,normalised
77.41631770133972,,,0.52729,0.20991,1,,,,,,,,,GP3HD,0.52729,0.20991,0.0901,0.36389,normalised
77.43179631233215,,,0.52712,0.20344,1,,,,,,,,,GP3HD,0.52712,0.20344,0.0901,0.36389,normalised
77.4484212398529,,,0.51509,0.19005,1,,,,,,,,,GP3HD,0.51509,0.19005,0.0901,0.36389,normalised
77.46492719650269,,,0.50688,0.18166,1,,,,,,,,,GP3HD,0.50688,0.18166,0.0901,0.36389,normalised
77.48057746887207,,,0.52951,0.19111,1,,,,,,,,,GP3HD,0.52951,0.19111,0.0901,0.36389,normalised
77.49730324745178,,,0.54536,0.19686,1,,,,,,,,,GP3HD,0.54536,0.19686,0.0901,0.36389,normalised
77.51400566101074,,,0.55807,0.20171,1,,,,,,,,,GP3HD,0.55807,0.20171,0.0901,0.36389,normalised
77.52973365783691,,,0.57045,0.20843,1,,,,,,,,,GP3HD,0.57045,0.20843,0.0901,0.36389,normalised
77.54572319984436,,,0.5796,0.21253,1,,,,,,,,,GP3HD,0.5796,0.21253,0.0901,0.36389,normalised
77.56314706802368,,,0.58733,0.21599,1,,,,,,,,,GP3HD,0.58733,0.21599,0.0901,0.36389,normalised
77.57766914367676,,,0.59705,0.22051,1,,,,,,,,,GP3HD,0.59705,0.22051,0.0901,0.36389,normalised
77.59539771080017,,,0.60366,0.22561,1,,,,,,,,,GP3HD,0.60366,0.22561,0.0901,0.36389,normalised
77.6101188659668,,,0.63681,0.23658,0,,,,,,,,,GP3HD,0.63681,0.23658,0.0901,0.36389,normalised
77.62784838676453,,,0.67192,0.26571,0,,,,,,,,,GP3HD,0.67192,0.26571,0.0901,0.36389,normalised
77.64192342758179,,,0.67207,0.26575,0,,,,,,,,,GP3HD,0.67207,0.26575,0.0901,0.36389,normalised
77.6587426662445,,,0.67222,0.26643,1,,,,,,,,,GP3HD,0.67222,0.26643,0.0901,0.36389,normalised
77.67616128921509,,,0.69363,0.29114,1,,,,,,,,,GP3HD,0.69363,0.29114,0.0901,0.36389,normalised
77.69067811965942,,,0.70172,0.30706,1,,,,,,,,,GP3HD,0.70172,0.30706,0.0901,0.36389,normalised
77.70642852783203,,,0.7078,0.31921,1,,,,,,,,,GP3HD,0.7078,0.31921,0.0901,0.36389,normalised
77.72300267219543,,,0.716,0.32554,1,,,,,,,,,GP3HD,0.716,0.32554,0.0901,0.36389,normalised
77.74062871932983,,,0.71908,0.32728,1,,,,,,,,,GP3HD,0.71908,0.32728,0.0901,0.36389,normalised
77.75521516799927,,,0.72132,0.3281,1,,,,,,,,,GP3HD,0.72132,0.3281,0.0901,0.36389,normalised
77.77186036109924,,,0.72575,0.33083,1,,,,,,,,,GP3HD,0.72575,0.33083,0.0901,0.36389,normalised
77.7885012626648,,,0.72748,0.33308,1,,,,,,,,,GP3HD,0.72748,0.33308,0.0901,0.36389,normalised
77.80614995956421,,,0.72912,0.33543,1,,,,,,,,,GP3HD,0.72912,0.33543,0.0901,0.36389,normalised
77.81981325149536,,,0.7316,0.3369,1,,,,,,,,,GP3HD,0.7316,0.3369,0.0901,0.36389,normalised
77.83598256111145,,,0.7333,0.33701,1,,,,,,,,,GP3HD,0.7333,0.33701,0.0901,0.36389,normalised
77.85359477996826,,,0.75544,0.36018,0,,,,,,,,,GP3HD,0.75544,0.36018,0.0901,0.36389,normalised
77.86929678916931,,,0.76235,0.34297,0,,,,,,,,,GP3HD,0.76235,0.34297,0.0901,0.36389,normalised
77.88682174682617,,,0.7701,0.3517,0,,,,,,,,,GP3HD,0.7701,0.3517,0.0901,0.36389,normalised
77.90112614631653,,,0.77517,0.36021,1,,,,,,,,,GP3HD,0.77517,0.36021,0.0901,0.36389,normalised
77.91860699653625,,,0.77815,0.36578,1,,,,,,,,,GP3HD,0.77815,0.36578,0.0901,0.36389,normalised
77.9329092502594,,,0.7803,0.36952,1,,,,,,,,,GP3HD,0.7803,0.36952,0.0901,0.36389,normalised
77.95161533355713,,,0.78148,0.37067,1,,,,,,,,,GP3HD,0.78148,0.37067,0.0901,0.36389,normalised
77.96923971176147,,,0.7829,0.37101,1,,,,,,,,,GP3HD,0.7829,0.37101,0.0901,0.36389,normalised
77.98375964164734,,,0.7835,0.36991,1,,,,,,,,,GP3HD,0.7835,0.36991,0.0901,0.36389,normalised
77.99818682670593,,,0.78376,0.36843,1,,,,,,,,,GP3HD,0.78376,0.36843,0.0901,0.36389,normalised
78.01698517799377,,,0.78341,0.36566,1,,,,,,,,,GP3HD,0.78341,0.36566,0.0901,0.36389,normalised
78.03409814834595,,,0.78625,0.36786,1,,,,,,,,,GP3HD,0.78625,0.36786,0.0901,0.36389,normalised
78.04804706573486,,,0.78882,0.37018,1,,,,,,,,,GP3HD,0.78882,0.37018,0.0901,0.36389,normalised
78.06488084793091,,,0.78924,0.36973,1,,,,,,,,,GP3HD,0.78924,0.36973,0.0901,0.36389,normalised
78.08322286605835,,,0.78972,0.36664,1,,,,,,,,,GP3HD,0.78972,0.36664,0.0901,0.36389,normalised
78.09773826599121,,,0.78998,0.36355,1,,,,,,,,,GP3HD,0.78998,0.36355,0.0901,0.36389,normalised
78.11226797103882,,,0.78959,0.36177,1,,,,,,,,,GP3HD,0.78959,0.36177,0.0901,0.36389,normalised
78.1300642490387,,,0.78928,0.35901,1,,,,,,,,,GP3HD,0.78928,0.35901,0.0901,0.36389,normalised
78.14616703987122,,,0.78927,0.35747,1,,,,,,,,,GP3HD,0.78927,0.35747,0.0901,0.36389,normalised
78.16067838668823,,,0.78883,0.35797,1,,,,,,,,,GP3HD,0.78883,0.35797,0.0901,0.36389,normalised
78.17838478088379,,,0.78905,0.35779,1,,,,,,,,,GP3HD,0.78905,0.35779,0.0901,0.36389,normalised
78.19309663772583,,,0.78913,0.35712,1,,,,,,,,,GP3HD,0.78913,0.35712,0.0901,0.36389,normalised
78.21060943603516,,,0.78888,0.35661,1,,,,,,,,,GP3HD,0.78888,0.35661,0.0901,0.36389,normalised
78.22513484954834,,,0.78797,0.35435,1,,,,,,,,,GP3HD,0.78797,0.35435,0.0901,0.36389,normalised
78.24215769767761,,,0.78703,0.35203,1,,,,,,,,,GP3HD,0.78703,0.35203,0.0901,0.36389,normalised
78.25975680351257,,,0.78652,0.35181,1,,,,,,,,,GP3HD,0.78652,0.35181,0.0901,0.36389,normalised
78.27422165870667,,,0.7873,0.35267,1,,,,,,,,,GP3HD,0.7873,0.35267,0.0901,0.36389,normalised
78.29085779190063,,,0.78818,0.35406,1,,,,,,,,,GP3HD,0.78818,0.35406,0.0901,0.36389,normalised
78.30759048461914,,,0.78876,0.35553,1,,,,,,,,,GP3HD,0.78876,0.35553,0.0901,0.36389,normalised
78.32211184501648,,,0.7891,0.35662,1,,,,,,,,,GP3HD,0.7891,0.35662,0.0901,0.36389,normalised
78.33873915672302,,,0.78935,0.3573,1,,,,,,,,,GP3HD,0.78935,0.3573,0.0901,0.36389,normalised
78.35672068595886,,,0.78802,0.35547,1,,,,,,,,,GP3HD,0.78802,0.35547,0.0901,0.36389,normalised
78.37258839607239,,,0.78695,0.35332,1,,,,,,,,,GP3HD,0.78695,0.35332,0.0901,0.36389,normalised
78.38705730438232,,,0.78587,0.35111,1,,,,,,,,,GP3HD,0.78587,0.35111,0.0901,0.36389,normalised
78.40457582473755,,,0.78497,0.35012,1,,,,,,,,,GP3HD,0.78497,0.35012,0.0901,0.36389,normalised
78.41923713684082,,,0.78425,0.34963,1,,,,,,,,,GP3HD,0.78425,0.34963,0.0901,0.36389,normalised
78.43782114982605,,,0.78371,0.34963,1,,,,,,,,,GP3HD,0.78371,0.34963,0.0901,0.36389,normalised
78.45239424705505,,,0.78342,0.34996,1,,,,,,,,,GP3HD,0.78342,0.34996,0.0901,0.36389,normalised
78.4701611995697,,,0.7832,0.35038,1,,,,,,,,,GP3HD,0.7832,0.35038,0.0901,0.36389,normalised
78.48484134674072,,,0.78291,0.35051,1,,,,,,,,,GP3HD,0.78291,0.35051,0.0901,0.36389,normalised
78.50223898887634,,,0.78269,0.35047,1,,,,,,,,,GP3HD,0.78269,0.35047,0.0901,0.36389,normalised
78.51674818992615,,,0.78258,0.35013,1,,,,,,,,,GP3HD,0.78258,0.35013,0.0901,0.36389,normalised
78.53406143188477,,,0.76451,0.32994,0,,,,,,,,,GP3HD,0.76451,0.32994,0.0901,0.36389,normalised
78.54849648475647,,,0.7723,0.34029,0,,,,,,,,,GP3HD,0.7723,0.34029,0.0901,0.36389,normalised
78.56514239311218,,,0.77579,0.34865,0,,,,,,,,,GP3HD,0.77579,0.34865,0.0901,0.36389,normalised
78.58267021179199,,,0.7781,0.3543,1,,,,,,,,,GP3HD,0.7781,0.3543,0.0901,0.36389,normalised
78.59719514846802,,,0.77713,0.35417,1,,,,,,,,,GP3HD,0.77713,0.35417,0.0901,0.36389,normalised
78.61489534378052,,,0.77525,0.3519,1,,,,,,,,,GP3HD,0.77525,0.3519,0.0901,0.36389,normalised
78.62940835952759,,,0.7732,0.3479,1,,,,,,,,,GP3HD,0.7732,0.3479,0.0901,0.36389,normalised
78.6465425491333,,,0.7724,0.34456,1,,,,,,,,,GP3HD,0.7724,0.34456,0.0901,0.36389,normalised
78.66467499732971,,,0.76906,0.34151,1,,,,,,,,,GP3HD,0.76906,0.34151,0.0901,0.36389,normalised
78.68162965774536,,,0.76664,0.34013,1,,,,,,,,,GP3HD,0.76664,0.34013,0.0901,0.36389,normalised
78.6962251663208,,,0.76686,0.34035,1,,,,,,,,,GP3HD,0.76686,0.34035,0.0901,0.36389,normalised
78.71086645126343,,,0.7659,0.34105,1,,,,,,,,,GP3HD,0.7659,0.34105,0.0901,0.36389,normalised
78.72838020324707,,,0.76546,0.34293,1,,,,,,,,,GP3HD,0.76546,0.34293,0.0901,0.36389,normalised
78.74451065063477,,,0.76616,0.34468,1,,,,,,,,,GP3HD,0.76616,0.34468,0.0901,0.36389,normalised
78.7589168548584,,,0.76732,0.34787,1,,,,,,,,,GP3HD,0.76732,0.34787,0.0901,0.36389,normalised
78.77644157409668,,,0.76818,0.35001,1,,,,,,,,,GP3HD,0.76818,0.35001,0.0901,0.36389,normalised
78.7942488193512,,,0.76845,0.34972,1,,,,,,,,,GP3HD,0.76845,0.34972,0.0901,0.36389,normalised
78.81004357337952,,,0.76892,0.34986,1,,,,,,,,,GP3HD,0.76892,0.34986,0.0901,0.36389,normalised
78.82455682754517,,,0.76921,0.34967,1,,,,,,,,,GP3HD,0.76921,0.34967,0.0901,0.36389,normalised
78.84107518196106,,,0.76936,0.3497,1,,,,,,,,,GP3HD,0.76936,0.3497,0.0901,0.36389,normalised
78.85798025131226,,,0.76948,0.34993,1,,,,,,,,,GP3HD,0.76948,0.34993,0.0901,0.36389,normalised
78.87244391441345,,,0.76969,0.3504,1,,,,,,,,,GP3HD,0.76969,0.3504,0.0901,0.36389,normalised
78.89025330543518,,,0.7702,0.3504,1,,,,,,,,,GP3HD,0.7702,0.3504,0.0901,0.36389,normalised
78.9046893119812,,,0.77032,0.34936,1,,,,,,,,,GP3HD,0.77032,0.34936,0.0901,0.36389,normalised
78.92247200012207,,,0.77023,0.34773,1,,,,,,,,,GP3HD,0.77023,0.34773,0.0901,0.36389,normalised
78.93813157081604,,,0.77052,0.34721,1,,,,,,,,,GP3HD,0.77052,0.34721,0.0901,0.36389,normalised
78.9527759552002,,,0.77071,0.34648,1,,,,,,,,,GP3HD,0.77071,0.34648,0.0901,0.36389,normalised
78.9702832698822,,,0.77089,0.3458,1,,,,,,,,,GP3HD,0.77089,0.3458,0.0901,0.36389,normalised
78.987060546875,,,0.77086,0.34476,1,,,,,,,,,GP3HD,0.77086,0.34476,0.0901,0.36389,normalised
79.00267791748047,,,0.77021,0.34276,1,,,,,,,,,GP3HD,0.77021,0.34276,0.0901,0.36389,normalised
79.01747465133667,,,0.76969,0.34125,1,,,,,,,,,GP3HD,0.76969,0.34125,0.0901,0.36389,normalised
79.03598213195801,,,0.7699,0.34057,1,,,,,,,,,GP3HD,0.7699,0.34057,0.0901,0.36389,normalised
79.05049324035645,,,0.7702,0.34046,1,,,,,,,,,GP3HD,0.7702,0.34046,0.0901,0.36389,normalised
79.0680046081543,,,0.77064,0.34086,1,,,,,,,,,GP3HD,0.77064,0.34086,0.0901,0.36389,normalised
79.08568525314331,,,0.77106,0.34133,1,,,,,,,,,GP3HD,0.77106,0.34133,0.0901,0.36389,normalised
79.09940338134766,,,0.77132,0.34159,1,,,,,,,,,GP3HD,0.77132,0.34159,0.0901,0.36389,normalised
79.11801075935364,,,0.77157,0.34183,1,,,,,,,,,GP3HD,0.77157,0.34183,0.0901,0.36389,normalised
79.13181567192078,,,0.77205,0.3424,1,,,,,,,,,GP3HD,0.77205,0.3424,0.0901,0.36389,normalised
79.14827060699463,,,0.77255,0.34279,1,,,,,,,,,GP3HD,0.77255,0.34279,0.0901,0.36389,normalised
79.16488456726074,,,0.77296,0.3429,1,,,,,,,,,GP3HD,0.77296,0.3429,0.0901,0.36389,normalised
79.18229055404663,,,0.77305,0.34284,1,,,,,,,,,GP3HD,0.77305,0.34284,0.0901,0.36389,normalised
79.19682049751282,,,0.77341,0.34287,1,,,,,,,,,GP3HD,0.77341,0.34287,0.0901,0.36389,normalised
79.2144136428833,,,0.77364,0.34252,1,,,,,,,,,GP3HD,0.77364,0.34252,0.0901,0.36389,normalised
79.2311098575592,,,0.77378,0.34212,1,,,,,,,,,GP3HD,0.77378,0.34212,0.0901,0.36389,normalised
79.24501514434814,,,0.77402,0.34119,1,,,,,,,,,GP3HD,0.77402,0.34119,0.0901,0.36389,normalised
79.26167249679565,,,0.77431,0.34053,1,,,,,,,,,GP3HD,0.77431,0.34053,0.0901,0.36389,normalised
79.27838563919067,,,0.77442,0.34048,1,,,,,,,,,GP3HD,0.77442,0.34048,0.0901,0.36389,normalised
79.29300785064697,,,0.77492,0.34096,1,,,,,,,,,GP3HD,0.77492,0.34096,0.0901,0.36389,normalised
79.31071352958679,,,0.77568,0.34178,1,,,,,,,,,GP3HD,0.77568,0.34178,0.0901,0.36389,normalised
79.32542610168457,,,0.77623,0.34229,1,,,,,,,,,GP3HD,0.77623,0.34229,0.0901,0.36389,normalised
79.33983302116394,,,0.77669,0.34232,1,,,,,,,,,GP3HD,0.77669,0.34232,0.0901,0.36389,normalised
79.35651516914368,,,0.77709,0.34222,1,,,,,,,,,GP3HD,0.77709,0.34222,0.0901,0.36389,normalised
79.37611556053162,,,0.77738,0.34232,1,,,,,,,,,GP3HD,0.77738,0.34232,0.0901,0.36389,normalised
79.39074540138245,,,0.77857,0.34348,1,,,,,,,,,GP3HD,0.77857,0.34348,0.0901,0.36389,normalised
79.40852093696594,,,0.77987,0.34499,1,,,,,,,,,GP3HD,0.77987,0.34499,0.0901,0.36389,normalised
79.42222452163696,,,0.78067,0.34593,1,,,,,,,,,GP3HD,0.78067,0.34593,0.0901,0.36389,normalised
79.43748545646667,,,0.78159,0.34642,1,,,,,,,,,GP3HD,0.78159,0.34642,0.0901,0.36389,normalised
79.45425248146057,,,0.80029,0.36435,0,,,,,,,,,GP3HD,0.80029,0.36435,0.0901,0.36389,normalised
79.47088694572449,,,0.7878,0.35386,0,,,,,,,,,GP3HD,0.7878,0.35386,0.0901,0.36389,normalised
79.48862791061401,,,0.78707,0.35459,0,,,,,,,,,GP3HD,0.78707,0.35459,0.0901,0.36389,normalised
79.50335764884949,,,0.78729,0.35646,1,,,,,,,,,GP3HD,0.78729,0.35646,0.0901,0.36389,normalised
79.52021026611328,,,0.78564,0.35708,1,,,,,,,,,GP3HD,0.78564,0.35708,0.0901,0.36389,normalised
79.5375645160675,,,0.78331,0.35237,1,,,,,,,,,GP3HD,0.78331,0.35237,0.0901,0.36389,normalised
79.55340147018433,,,0.78094,0.3466,1,,,,,,,,,GP3HD,0.78094,0.3466,0.0901,0.36389,normalised
79.57117223739624,,,0.77816,0.34201,1,,,,,,,,,GP3HD,0.77816,0.34201,0.0901,0.36389,normalised
79.58466696739197,,,0.77604,0.3378,1,,,,,,,,,GP3HD,0.77604,0.3378,0.0901,0.36389,normalised
79.60129714012146,,,0.77434,0.33443,1,,,,,,,,,GP3HD,0.77434,0.33443,0.0901,0.36389,normalised
79.61756730079651,,,0.77403,0.3331,1,,,,,,,,,GP3HD,0.77403,0.3331,0.0901,0.36389,normalised
79.63147377967834,,,0.77358,0.3316,1,,,,,,,,,GP3HD,0.77358,0.3316,0.0901,0.36389,normalised
79.64821219444275,,,0.77319,0.33034,1,,,,,,,,,GP3HD,0.77319,0.33034,0.0901,0.36389,normalised
79.66757774353027,,,0.77281,0.3292,1,,,,,,,,,GP3HD,0.77281,0.3292,0.0901,0.36389,normalised
79.68068099021912,,,0.77079,0.32692,1,,,,,,,,,GP3HD,0.77079,0.32692,0.0901,0.36389,normalised
79.69742679595947,,,0.76934,0.32623,1,,,,,,,,,GP3HD,0.76934,0.32623,0.0901,0.36389,normalised
79.7163450717926,,,0.76899,0.32813,1,,,,,,,,,GP3HD,0.76899,0.32813,0.0901,0.36389,normalised
79.7310631275177,,,0.76759,0.32983,1,,,,,,,,,GP3HD,0.76759,0.32983,0.0901,0.36389,normalised
79.74816346168518,,,0.76659,0.33207,1,,,,,,,,,GP3HD,0.76659,0.33207,0.0901,0.36389,normalised
79.76264381408691,,,0.76654,0.33541,1,,,,,,,,,GP3HD,0.76654,0.33541,0.0901,0.36389,normalised
79.77923464775085,,,0.76548,0.33656,1,,,,,,,,,GP3HD,0.76548,0.33656,0.0901,0.36389,normalised
79.79613542556763,,,0.76443,0.33738,1,,,,,,,,,GP3HD,0.76443,0.33738,0.0901,0.36389,normalised
79.81371283531189,,,0.76469,0.34017,1,,,,,,,,,GP3HD,0.76469,0.34017,0.0901,0.36389,normalised
79.82575702667236,,,0.76468,0.34352,1,,,,,,,,,GP3HD,0.76468,0.34352,0.0901,0.36389,normalised
79.84436964988708,,,0.76484,0.34714,1,,,,,,,,,GP3HD,0.76484,0.34714,0.0901,0.36389,normalised
79.85923147201538,,,0.75746,0.37385,0,,,,,,,,,GP3HD,0.75746,0.37385,0.0901,0.36389,normalised
79.87689995765686,,,0.75879,0.39605,0,,,,,,,,,GP3HD,0.75879,0.39605,0.0901,0.36389,normalised
79.89340543746948,,,0.75783,0.3986,0,,,,,,,,,GP3HD,0.75783,0.3986,0.0901,0.36389,normalised
79.9083640575409,,,0.76114,0.39745,1,,,,,,,,,GP3HD,0.76114,0.39745,0.0901,0.36389,normalised
79.92423009872437,,,0.75929,0.39578,1,,,,,,,,,GP3HD,0.75929,0.39578,0.0901,0.36389,normalised
79.94186115264893,,,0.75843,0.39625,1,,,,,,,,,GP3HD,0.75843,0.39625,0.0901,0.36389,normalised
79.95633816719055,,,0.76024,0.39789,1,,,,,,,,,GP3HD,0.76024,0.39789,0.0901,0.36389,normalised
79.97307133674622,,,0.76029,0.40108,1,,,,,,,,,GP3HD,0.76029,0.40108,0.0901,0.36389,normalised
79.98885345458984,,,0.76027,0.40298,1,,,,,,,,,GP3HD,0.76027,0.40298,0.0901,0.36389,normalised
80.00722765922546,,,0.76003,0.39969,1,,,,,,,,,GP3HD,0.76003,0.39969,0.0901,0.36389,normalised
80.02210068702698,,,0.75742,0.39363,1,,,,,,,,,GP3HD,0.75742,0.39363,0.0901,0.36389,normalised
80.03819847106934,,,0.75445,0.38595,1,,,,,,,,,GP3HD,0.75445,0.38595,0.0901,0.36389,normalised
80.05484676361084,,,0.75451,0.38118,1,,,,,,,,,GP3HD,0.75451,0.38118,0.0901,0.36389,normalised
80.0714955329895,,,0.75308,0.37665,1,,,,,,,,,GP3HD,0.75308,0.37665,0.0901,0.36389,normalised
80.08654546737671,,,0.75184,0.37272,1,,,,,,,,,GP3HD,0.75184,0.37272,0.0901,0.36389,normalised
80.1034288406372,,,0.75125,0.36898,1,,,,,,,,,GP3HD,0.75125,0.36898,0.0901,0.36389,normalised
80.11742806434631,,,0.75076,0.36547,1,,,,,,,,,GP3HD,0.75076,0.36547,0.0901,0.36389,normalised
80.1364951133728,,,0.75032,0.36234,1,,,,,,,,,GP3HD,0.75032,0.36234,0.0901,0.36389,normalised
80.15019464492798,,,0.75004,0.36053,1,,,,,,,,,GP3HD,0.75004,0.36053,0.0901,0.36389,normalised
80.16784334182739,,,0.74361,0.32493,0,,,,,,,,,GP3HD,0.74361,0.32493,0.0901,0.36389,normalised
80.18395566940308,,,0.74923,0.29132,0,,,,,,,,,GP3HD,0.74923,0.29132,0.0901,0.36389,normalised
80.20005559921265,,,0.72223,0.30715,0,,,,,,,,,GP3HD,0.72223,0.30715,0.0901,0.36389,normalised
80.21466898918152,,,0.71705,0.32228,1,,,,,,,,,GP3HD,0.71705,0.32228,0.0901,0.36389,normalised
80.23213624954224,,,0.7139,0.33087,1,,,,,,,,,GP3HD,0.7139,0.33087,0.0901,0.36389,normalised
80.24874186515808,,,0.71302,0.34906,1,,,,,,,,,GP3HD,0.71302,0.34906,0.0901,0.36389,normalised
80.26280975341797,,,0.71266,0.36052,1,,,,,,,,,GP3HD,0.71266,0.36052,0.0901,0.36389,normalised
80.28041172027588,,,0.71213,0.36843,1,,,,,,,,,GP3HD,0.71213,0.36843,0.0901,0.36389,normalised
80.29525685310364,,,0.7092,0.38037,1,,,,,,,,,GP3HD,0.7092,0.38037,0.0901,0.36389,normalised
80.31184244155884,,,0.70664,0.39055,1,,,,,,,,,GP3HD,0.70664,0.39055,0.0901,0.36389,normalised
80.32926225662231,,,0.70476,0.39955,1,,,,,,,,,GP3HD,0.70476,0.39955,0.0901,0.36389,normalised
80.34594559669495,,,0.70101,0.40517,1,,,,,,,,,GP3HD,0.70101,0.40517,0.0901,0.36389,normalised
80.36054563522339,,,0.698,0.40705,1,,,,,,,,,GP3HD,0.698,0.40705,0.0901,0.36389,normalised
80.37596821784973,,,0.69542,0.40867,1,,,,,,,,,GP3HD,0.69542,0.40867,0.0901,0.36389,normalised
80.39420914649963,,,0.68726,0.44945,0,,,,,,,,,GP3HD,0.68726,0.44945,0.0901,0.36389,normalised
80.40849471092224,,,0.70446,0.53426,0,,,,,,,,,GP3HD,0.70446,0.53426,0.0901,0.36389,normalised
80.42626023292542,,,0.71026,0.56311,0,,,,,,,,,GP3HD,0.71026,0.56311,0.0901,0.36389,normalised
80.44108891487122,,,0.71277,0.65561,0,,,,,,,,,GP3HD,0.71277,0.65561,0.0901,0.36389,normalised
80.45715713500977,,,0.72389,0.7082,0,,,,,,,,,GP3HD,0.72389,0.7082,0.0901,0.36389,normalised
80.47279047966003,,,0.72803,0.72684,0,,,,,,,,,GP3HD,0.72803,0.72684,0.0901,0.36389,normalised
80.4886577129364,,,0.71828,0.71995,1,,,,,,,,,GP3HD,0.71828,0.71995,0.0901,0.36389,normalised
80.50633907318115,,,0.71503,0.71517,1,,,,,,,,,GP3HD,0.71503,0.71517,0.0901,0.36389,normalised
80.52099299430847,,,0.71262,0.71138,1,,,,,,,,,GP3HD,0.71262,0.71138,0.0901,0.36389,normalised
80.53844356536865,,,0.71088,0.71092,1,,,,,,,,,GP3HD,0.71088,0.71092,0.0901,0.36389,normalised
80.55417656898499,,,0.71033,0.71277,1,,,,,,,,,GP3HD,0.71033,0.71277,0.0901,0.36389,normalised
80.5717089176178,,,0.71008,0.71477,1,,,,,,,,,GP3HD,0.71008,0.71477,0.0901,0.36389,normalised
80.58619284629822,,,0.70594,0.70914,1,,,,,,,,,GP3HD,0.70594,0.70914,0.0901,0.36389,normalised
80.60388231277466,,,0.70326,0.70592,1,,,,,,,,,GP3HD,0.70326,0.70592,0.0901,0.36389,normalised
80.61840462684631,,,0.70101,0.7031,1,,,,,,,,,GP3HD,0.70101,0.7031,0.0901,0.36389,normalised
80.63661479949951,,,0.69905,0.69861,1,,,,,,,,,GP3HD,0.69905,0.69861,0.0901,0.36389,normalised
80.65139555931091,,,0.69618,0.69574,1,,,,,,,,,GP3HD,0.69618,0.69574,0.0901,0.36389,normalised
80.6662757396698,,,0.69372,0.69337,1,,,,,,,,,GP3HD,0.69372,0.69337,0.0901,0.36389,normalised
80.68320751190186,,,0.69306,0.6931,1,,,,,,,,,GP3HD,0.69306,0.6931,0.0901,0.36389,normalised
80.69979619979858,,,0.69229,0.69369,1,,,,,,,,,GP3HD,0.69229,0.69369,0.0901,0.36389,normalised
80.71554970741272,,,0.69169,0.6945,1,,,,,,,,,GP3HD,0.69169,0.6945,0.0901,0.36389,normalised
80.73218965530396,,,0.69094,0.69267,1,,,,,,,,,GP3HD,0.69094,0.69267,0.0901,0.36389,normalised
80.74891328811646,,,0.69053,0.69095,1,,,,,,,,,GP3HD,0.69053,0.69095,0.0901,0.36389,normalised
80.76369738578796,,,0.69007,0.68904,1,,,,,,,,,GP3HD,0.69007,0.68904,0.0901,0.36389,normalised
80.78057837486267,,,0.6893,0.68751,1,,,,,,,,,GP3HD,0.6893,0.68751,0.0901,0.36389,normalised
80.79809141159058,,,0.68792,0.68616,1,,,,,,,,,GP3HD,0.68792,0.68616,0.0901,0.36389,normalised
80.81193470954895,,,0.68657,0.68471,1,,,,,,,,,GP3HD,0.68657,0.68471,0.0901,0.36389,normalised
80.829030752182,,,0.68613,0.68298,1,,,,,,,,,GP3HD,0.68613,0.68298,0.0901,0.36389,normalised
80.84468245506287,,,0.68507,0.68183,1,,,,,,,,,GP3HD,0.68507,0.68183,0.0901,0.36389,normalised
80.8617434501648,,,0.68408,0.68076,1,,,,,,,,,GP3HD,0.68408,0.68076,0.0901,0.36389,normalised
80.87919163703918,,,0.68374,0.6815,1,,,,,,,,,GP3HD,0.68374,0.6815,0.0901,0.36389,normalised
80.89511275291443,,,0.66732,0.65803,0,,,,,,,,,GP3HD,0.66732,0.65803,0.0901,0.36389,normalised
80.91140913963318,,,0.64989,0.63336,0,,,,,,,,,GP3HD,0.64989,0.63336,0.0901,0.36389,normalised
80.92816853523254,,,0.66086,0.65519,0,,,,,,,,,GP3HD,0.66086,0.65519,0.0901,0.36389,normalised
80.94210958480835,,,0.66989,0.66503,1,,,,,,,,,GP3HD,0.66989,0.66503,0.0901,0.36389,normalised
80.95890784263611,,,0.67594,0.67271,1,,,,,,,,,GP3HD,0.67594,0.67271,0.0901,0.36389,normalised
80.97395443916321,,,0.67761,0.67276,1,,,,,,,,,GP3HD,0.67761,0.67276,0.0901,0.36389,normalised
80.99013924598694,,,0.67723,0.66627,1,,,,,,,,,GP3HD,0.67723,0.66627,0.0901,0.36389,normalised
81.00603532791138,,,0.67674,0.66089,1,,,,,,,,,GP3HD,0.67674,0.66089,0.0901,0.36389,normalised
81.02480983734131,,,0.6794,0.6599,1,,,,,,,,,GP3HD,0.6794,0.6599,0.0901,0.36389,normalised
81.04078555107117,,,0.67951,0.65495,1,,,,,,,,,GP3HD,0.67951,0.65495,0.0901,0.36389,normalised
81.05554056167603,,,0.68976,0.65819,1,,,,,,,,,GP3HD,0.68976,0.65819,0.0901,0.36389,normalised
81.07313203811646,,,0.70266,0.67225,1,,,,,,,,,GP3HD,0.70266,0.67225,0.0901,0.36389,normalised
81.08791065216064,,,0.71236,0.68195,1,,,,,,,,,GP3HD,0.71236,0.68195,0.0901,0.36389,normalised
81.10460925102234,,,0.71236,0.68195,1,,,,,,,,,GP3HD,0.71236,0.68195,0.0901,0.36389,normalised
81.12780284881592,,,0.71236,0.68195,1,,,,,,,,,GP3HD,0.71236,0.68195,0.0901,0.36389,normalised
81.14345288276672,,,0.71236,0.68195,1,,,,,,,,,GP3HD,0.71236,0.68195,0.0901,0.36389,normalised
81.16049218177795,,,0.71611,0.68395,0,,,,,,,,,GP3HD,0.71611,0.68395,0.0901,0.36389,normalised
81.17715334892273,,,0.71611,0.68395,0,,,,,,,,,GP3HD,0.71611,0.68395,0.0901,0.36389,normalised
81.1907229423523,,,0.71611,0.68395,0,,,,,,,,,GP3HD,0.71611,0.68395,0.0901,0.36389,normalised
81.20871019363403,,,0.0,0.0,0,,,,,,,,,GP3HD,0.0,0.0,0.0901,0.36389,normalised
81.22439289093018,,,0.0,0.0,0,,,,,,,,,GP3HD,0.0,0.0,0.0901,0.36389,normalised
81.23950409889221,,,0.0,0.0,0,,,,,,,,,GP3HD,0.0,0.0,0.0901,0.36389,normalised
81.25625419616699,,,0.0,0.0,0,,,,,,,,,GP3HD,0.0,0.0,0.0901,0.36389,normalised
81.27283906936646,,,0.36795,0.29193,0,,,,,,,,,GP3HD,0.36795,0.29193,0.0901,0.36389,normalised
81.28351831436157,,,0.36795,0.29193,0,,,,,,,,,GP3HD,0.36795,0.29193,0.0901,0.36389,normalised
81.3066291809082,,,0.73591,0.58387,0,,,,,,,,,GP3HD,0.73591,0.58387,0.0901,0.36389,normalised
81.3174078464508,,,0.73591,0.58387,0,,,,,,,,,GP3HD,0.73591,0.58387,0.0901,0.36389,normalised
81.33760285377502,,,0.73591,0.58387,0,,,,,,,,,GP3HD,0.73591,0.58387,0.0901,0.36389,normalised
81.35269141197205,,,0.0,0.0,0,,,,,,,,,GP3HD,0.0,0.0,0.0901,0.36389,normalised
81.37266087532043,,,0.0,0.0,0,,,,,,,,,GP3HD,0.0,0.0,0.0901,0.36389,normalised
81.38650894165039,,,0.0,0.0,0,,,,,,,,,GP3HD,0.0,0.0,0.0901,0.36389,normalised
81.40342307090759,,,0.0,0.0,0,,,,,,,,,GP3HD,0.0,0.0,0.0901,0.36389,normalised
81.41711068153381,,,0.0,0.0,0,,,,,,,,,GP3HD,0.0,0.0,0.0901,0.36389,normalised
81.43589544296265,,,0.0,0.0,0,,,,,,,,,GP3HD,0.0,0.0,0.0901,0.36389,normalised
81.45152854919434,,,0.0,0.0,0,,,,,,,,,GP3HD,0.0,0.0,0.0901,0.36389,normalised
81.46916556358337,,,0.0,0.0,0,,,,,,,,,GP3HD,0.0,0.0,0.0901,0.36389,normalised
81.48410940170288,,,0.0,0.0,0,,,,,,,,,GP3HD,0.0,0.0,0.0901,0.36389,normalised
81.49883365631104,,,0.0,0.0,0,,,,,,,,,GP3HD,0.0,0.0,0.0901,0.36389,normalised
81.51689171791077,,,0.0,0.0,0,,,,,,,,,GP3HD,0.0,0.0,0.0901,0.36389,normalised
81.5324387550354,,,0.0,0.0,0,,,,,,,,,GP3HD,0.0,0.0,0.0901,0.36389,normalised
81.54857754707336,,,0.0,0.0,0,,,,,,,,,GP3HD,0.0,0.0,0.0901,0.36389,normalised
81.56457662582397,,,0.0,0.0,0,,,,,,,,,GP3HD,0.0,0.0,0.0901,0.36389,normalised
81.58045434951782,,,0.42349,0.67614,0,,,,,,,,,GP3HD,0.42349,0.67614,0.0901,0.36389,normalised
81.59120512008667,,,0.84829,1.35436,0,,,,,,,,,GP3HD,0.84829,1.35436,0.0901,0.36389,normalised
81.60491347312927,,,1.00172,1.65713,0,,,,,,,,,GP3HD,1.00172,1.65713,0.0901,0.36389,normalised
81.6215751171112,,,1.01888,1.73127,0,,,,,,,,,GP3HD,1.01888,1.73127,0.0901,0.36389,normalised
81.63900685310364,,,1.08776,1.90677,0,,,,,,,,,GP3HD,1.08776,1.90677,0.0901,0.36389,normalised
81.65360856056213,,,0.97491,1.64051,0,,,,,,,,,GP3HD,0.97491,1.64051,0.0901,0.36389,normalised
81.67012047767639,,,0.98939,1.7345,0,,,,,,,,,GP3HD,0.98939,1.7345,0.0901,0.36389,normalised
81.6877236366272,,,0.96625,1.73972,0,,,,,,,,,GP3HD,0.96625,1.73972,0.0901,0.36389,normalised
81.70234847068787,,,0.86689,1.47368,0,,,,,,,,,GP3HD,0.86689,1.47368,0.0901,0.36389,normalised
81.71917128562927,,,0.879,1.34708,0,,,,,,,,,GP3HD,0.879,1.34708,0.0901,0.36389,normalised
81.73477959632874,,,0.85798,1.13181,0,,,,,,,,,GP3HD,0.85798,1.13181,0.0901,0.36389,normalised
81.7516119480133,,,0.85073,1.09591,0,,,,,,,,,GP3HD,0.85073,1.09591,0.0901,0.36389,normalised
81.76907324790955,,,0.84873,1.0583,0,,,,,,,,,GP3HD,0.84873,1.0583,0.0901,0.36389,normalised
81.7836525440216,,,0.84431,1.00873,0,,,,,,,,,GP3HD,0.84431,1.00873,0.0901,0.36389,normalised
81.79909205436707,,,0.82173,1.02233,0,,,,,,,,,GP3HD,0.82173,1.02233,0.0901,0.36389,normalised
81.81598782539368,,,0.81306,1.0955,0,,,,,,,,,GP3HD,0.81306,1.0955,0.0901,0.36389,normalised
81.83231997489929,,,0.79687,1.1732,0,,,,,,,,,GP3HD,0.79687,1.1732,0.0901,0.36389,normalised
81.84790086746216,,,0.76285,1.17224,0,,,,,,,,,GP3HD,0.76285,1.17224,0.0901,0.36389,normalised
81.86508965492249,,,0.75835,1.19882,0,,,,,,,,,GP3HD,0.75835,1.19882,0.0901,0.36389,normalised
81.88085055351257,,,0.75609,1.21211,1,,,,,,,,,GP3HD,0.75609,1.21211,0.0901,0.36389,normalised
81.89640998840332,,,0.76636,1.16064,1,,,,,,,,,GP3HD,0.76636,1.16064,0.0901,0.36389,normalised
81.91319227218628,,,0.76226,1.16717,1,,,,,,,,,GP3HD,0.76226,1.16717,0.0901,0.36389,normalised
81.93138885498047,,,0.75933,1.17184,1,,,,,,,,,GP3HD,0.75933,1.17184,0.0901,0.36389,normalised
81.94493770599365,,,0.74692,1.16601,1,,,,,,,,,GP3HD,0.74692,1.16601,0.0901,0.36389,normalised
81.96184825897217,,,0.74818,1.18134,1,,,,,,,,,GP3HD,0.74818,1.18134,0.0901,0.36389,normalised
81.97836256027222,,,0.74919,1.1936,1,,,,,,,,,GP3HD,0.74919,1.1936,0.0901,0.36389,normalised
81.99514818191528,,,0.74442,1.19573,1,,,,,,,,,GP3HD,0.74442,1.19573,0.0901,0.36389,normalised
82.01185274124146,,,0.86754,1.33767,1,,,,,,,,,GP3HD,0.86754,1.33767,0.0901,0.36389,normalised
82.02755689620972,,,0.98629,1.48148,0,,,,,,,,,GP3HD,0.98629,1.48148,0.0901,0.36389,normalised
82.04491019248962,,,0.897,1.22576,0,,,,,,,,,GP3HD,0.897,1.22576,0.0901,0.36389,normalised
82.06043338775635,,,0.87279,1.14785,0,,,,,,,,,GP3HD,0.87279,1.14785,0.0901,0.36389,normalised
82.07519865036011,,,0.81882,0.98471,0,,,,,,,,,GP3HD,0.81882,0.98471,0.0901,0.36389,normalised
82.09129595756531,,,0.79623,1.13792,0,,,,,,,,,GP3HD,0.79623,1.13792,0.0901,0.36389,normalised
82.1080949306488,,,0.82537,1.16962,0,,,,,,,,,GP3HD,0.82537,1.16962,0.0901,0.36389,normalised
82.12408399581909,,,0.84698,1.25239,0,,,,,,,,,GP3HD,0.84698,1.25239,0.0901,0.36389,normalised
82.14089679718018,,,0.96344,1.7361,0,,,,,,,,,GP3HD,0.96344,1.7361,0.0901,0.36389,normalised
82.15623998641968,,,1.00104,1.8961,0,,,,,,,,,GP3HD,1.00104,1.8961,0.0901,0.36389,normalised
82.17179226875305,,,1.07746,2.21734,0,,,,,,,,,GP3HD,1.07746,2.21734,0.0901,0.36389,normalised
82.18847298622131,,,0.97956,1.61824,0,,,,,,,,,GP3HD,0.97956,1.61824,0.0901,0.36389,normalised
82.20511484146118,,,0.92207,1.40592,0,,,,,,,,,GP3HD,0.92207,1.40592,0.0901,0.36389,normalised
82.22005152702332,,,0.83196,0.9939,0,,,,,,,,,GP3HD,0.83196,0.9939,0.0901,0.36389,normalised
82.23603415489197,,,0.83329,1.0037,0,,,,,,,,,GP3HD,0.83329,1.0037,0.0901,0.36389,normalised
82.2527928352356,,,0.82682,0.9976,0,,,,,,,,,GP3HD,0.82682,0.9976,0.0901,0.36389,normalised
82.26962208747864,,,0.82359,0.99455,1,,,,,,,,,GP3HD,0.82359,0.99455,0.0901,0.36389,normalised
82.28512024879456,,,0.81479,0.98423,1,,,,,,,,,GP3HD,0.81479,0.98423,0.0901,0.36389,normalised
82.30224084854126,,,0.81549,0.98263,1,,,,,,,,,GP3HD,0.81549,0.98263,0.0901,0.36389,normalised
82.31704497337341,,,0.81599,0.98149,1,,,,,,,,,GP3HD,0.81599,0.98149,0.0901,0.36389,normalised
82.3331880569458,,,0.82455,1.01057,1,,,,,,,,,GP3HD,0.82455,1.01057,0.0901,0.36389,normalised
82.35127830505371,,,0.82209,1.00438,1,,,,,,,,,GP3HD,0.82209,1.00438,0.0901,0.36389,normalised
82.36586141586304,,,0.82012,0.99942,1,,,,,,,,,GP3HD,0.82012,0.99942,0.0901,0.36389,normalised
82.38254165649414,,,0.82249,0.99685,1,,,,,,,,,GP3HD,0.82249,0.99685,0.0901,0.36389,normalised
82.39966487884521,,,0.82138,0.99228,1,,,,,,,,,GP3HD,0.82138,0.99228,0.0901,0.36389,normalised
82.41528916358948,,,0.82044,0.98841,1,,,,,,,,,GP3HD,0.82044,0.98841,0.0901,0.36389,normalised
82.43110394477844,,,0.81738,0.98481,1,,,,,,,,,GP3HD,0.81738,0.98481,0.0901,0.36389,normalised
82.44683480262756,,,0.81599,0.98064,1,,,,,,,,,GP3HD,0.81599,0.98064,0.0901,0.36389,normalised
82.46438646316528,,,0.81477,0.97699,1,,,,,,,,,GP3HD,0.81477,0.97699,0.0901,0.36389,normalised
82.47844672203064,,,0.81416,0.98397,1,,,,,,,,,GP3HD,0.81416,0.98397,0.0901,0.36389,normalised
82.49446773529053,,,0.81653,0.98559,1,,,,,,,,,GP3HD,0.81653,0.98559,0.0901,0.36389,normalised
82.51264786720276,,,0.81865,0.98703,1,,,,,,,,,GP3HD,0.81865,0.98703,0.0901,0.36389,normalised
82.52855372428894,,,0.81743,0.98542,1,,,,,,,,,GP3HD,0.81743,0.98542,0.0901,0.36389,normalised
82.5455048084259,,,0.81297,0.99935,1,,,,,,,,,GP3HD,0.81297,0.99935,0.0901,0.36389,normalised
82.56286978721619,,,0.80892,1.01201,1,,,,,,,,,GP3HD,0.80892,1.01201,0.0901,0.36389,normalised
82.57647895812988,,,0.80761,1.00979,1,,,,,,,,,GP3HD,0.80761,1.00979,0.0901,0.36389,normalised
82.59318327903748,,,0.91255,1.18734,0,,,,,,,,,GP3HD,0.91255,1.18734,0.0901,0.36389,normalised
82.61048865318298,,,1.57235,2.05884,0,,,,,,,,,GP3HD,1.57235,2.05884,0.0901,0.36389,normalised
82.62461185455322,,,1.31481,1.69105,0,,,,,,,,,GP3HD,1.31481,1.69105,0.0901,0.36389,normalised
82.64221954345703,,,1.75185,2.22504,0,,,,,,,,,GP3HD,1.75185,2.22504,0.0901,0.36389,normalised
82.65891075134277,,,1.99064,2.50945,0,,,,,,,,,GP3HD,1.99064,2.50945,0.0901,0.36389,normalised
82.67356038093567,,,2.07517,2.64457,0,,,,,,,,,GP3HD,2.07517,2.64457,0.0901,0.36389,normalised
82.69069838523865,,,1.75588,2.33283,0,,,,,,,,,GP3HD,1.75588,2.33283,0.0901,0.36389,normalised
82.70864963531494,,,1.27493,1.81133,0,,,,,,,,,GP3HD,1.27493,1.81133,0.0901,0.36389,normalised
82.72326612472534,,,1.57712,2.15104,0,,,,,,,,,GP3HD,1.57712,2.15104,0.0901,0.36389,normalised
82.73805403709412,,,1.71863,2.30428,1,,,,,,,,,GP3HD,1.71863,2.30428,0.0901,0.36389,normalised
82.75363326072693,,,1.8047,2.3972,1,,,,,,,,,GP3HD,1.8047,2.3972,0.0901,0.36389,normalised
82.77139139175415,,,1.6161,2.20278,0,,,,,,,,,GP3HD,1.6161,2.20278,0.0901,0.36389,normalised
82.78630065917969,,,1.17799,1.7467,0,,,,,,,,,GP3HD,1.17799,1.7467,0.0901,0.36389,normalised
82.80275344848633,,,1.03195,1.59467,0,,,,,,,,,GP3HD,1.03195,1.59467,0.0901,0.36389,normalised
82.81960701942444,,,0.74373,1.15534,0,,,,,,,,,GP3HD,0.74373,1.15534,0.0901,0.36389,normalised
82.83490419387817,,,1.5017,2.00153,0,,,,,,,,,GP3HD,1.5017,2.00153,0.0901,0.36389,normalised
82.85157084465027,,,1.75436,2.2836,0,,,,,,,,,GP3HD,1.75436,2.2836,0.0901,0.36389,normalised
82.86861634254456,,,1.76729,2.19282,0,,,,,,,,,GP3HD,1.76729,2.19282,0.0901,0.36389,normalised
82.88464784622192,,,1.28594,1.76981,0,,,,,,,,,GP3HD,1.28594,1.76981,0.0901,0.36389,normalised
82.89919686317444,,,1.12549,1.6288,0,,,,,,,,,GP3HD,1.12549,1.6288,0.0901,0.36389,normalised
82.91639518737793,,,0.81124,1.34904,0,,,,,,,,,GP3HD,0.81124,1.34904,0.0901,0.36389,normalised
82.93321132659912,,,0.79501,1.32966,0,,,,,,,,,GP3HD,0.79501,1.32966,0.0901,0.36389,normalised
82.94853615760803,,,0.7917,1.32627,0,,,,,,,,,GP3HD,0.7917,1.32627,0.0901,0.36389,normalised
82.96398901939392,,,0.78999,1.24478,0,,,,,,,,,GP3HD,0.78999,1.24478,0.0901,0.36389,normalised
82.98010110855103,,,0.79738,1.10324,0,,,,,,,,,GP3HD,0.79738,1.10324,0.0901,0.36389,normalised
82.99685740470886,,,0.79985,1.05606,0,,,,,,,,,GP3HD,0.79985,1.05606,0.0901,0.36389,normalised
83.01369166374207,,,0.79704,0.95563,0,,,,,,,,,GP3HD,0.79704,0.95563,0.0901,0.36389,normalised
83.03028512001038,,,0.79698,0.95399,0,,,,,,,,,GP3HD,0.79698,0.95399,0.0901,0.36389,normalised
83.04575204849243,,,0.79696,0.95344,0,,,,,,,,,GP3HD,0.79696,0.95344,0.0901,0.36389,normalised
83.06212449073792,,,0.79267,0.95225,1,,,,,,,,,GP3HD,0.79267,0.95225,0.0901,0.36389,normalised
83.07795810699463,,,0.79568,0.95626,1,,,,,,,,,GP3HD,0.79568,0.95626,0.0901,0.36389,normalised
83.09432125091553,,,0.79768,0.95893,1,,,,,,,,,GP3HD,0.79768,0.95893,0.0901,0.36389,normalised
83.11094808578491,,,1.02373,1.27624,0,,,,,,,,,GP3HD,1.02373,1.27624,0.0901,0.36389,normalised
83.12823486328125,,,1.58527,2.04129,0,,,,,,,,,GP3HD,1.58527,2.04129,0.0901,0.36389,normalised
83.14265966415405,,,1.77842,2.3016,0,,,,,,,,,GP3HD,1.77842,2.3016,0.0901,0.36389,normalised
83.15905404090881,,,1.71053,2.20802,0,,,,,,,,,GP3HD,1.71053,2.20802,0.0901,0.36389,normalised
83.17484974861145,,,1.29041,1.61324,0,,,,,,,,,GP3HD,1.29041,1.61324,0.0901,0.36389,normalised
83.19206881523132,,,1.14951,1.41292,0,,,,,,,,,GP3HD,1.14951,1.41292,0.0901,0.36389,normalised
83.20672225952148,,,0.83109,0.96881,0,,,,,,,,,GP3HD,0.83109,0.96881,0.0901,0.36389,normalised
83.22357130050659,,,0.94669,1.60485,0,,,,,,,,,GP3HD,0.94669,1.60485,0.0901,0.36389,normalised
83.23906898498535,,,0.98749,1.81628,0,,,,,,,,,GP3HD,0.98749,1.81628,0.0901,0.36389,normalised
83.25675773620605,,,1.0777,1.96008,0,,,,,,,,,GP3HD,1.0777,1.96008,0.0901,0.36389,normalised
83.27276396751404,,,0.9629,1.544,0,,,,,,,,,GP3HD,0.9629,1.544,0.0901,0.36389,normalised
83.28760933876038,,,0.92552,1.40719,0,,,,,,,,,GP3HD,0.92552,1.40719,0.0901,0.36389,normalised
83.30532455444336,,,0.97239,1.28862,0,,,,,,,,,GP3HD,0.97239,1.28862,0.0901,0.36389,normalised
83.3199405670166,,,1.09231,1.445,0,,,,,,,,,GP3HD,1.09231,1.445,0.0901,0.36389,normalised
83.33710384368896,,,1.13228,1.49713,0,,,,,,,,,GP3HD,1.13228,1.49713,0.0901,0.36389,normalised
83.35378742218018,,,1.08576,1.39522,0,,,,,,,,,GP3HD,1.08576,1.39522,0.0901,0.36389,normalised
83.37039804458618,,,0.96121,1.18163,0,,,,,,,,,GP3HD,0.96121,1.18163,0.0901,0.36389,normalised
83.3850462436676,,,0.91768,1.10566,0,,,,,,,,,GP3HD,0.91768,1.10566,0.0901,0.36389,normalised
83.40083765983582,,,0.91829,1.09201,0,,,,,,,,,GP3HD,0.91829,1.09201,0.0901,0.36389,normalised
83.41772770881653,,,0.97932,1.20292,0,,,,,,,,,GP3HD,0.97932,1.20292,0.0901,0.36389,normalised
83.43515968322754,,,0.99967,1.23989,0,,,,,,,,,GP3HD,0.99967,1.23989,0.0901,0.36389,normalised
83.45149564743042,,,1.03708,1.61548,0,,,,,,,,,GP3HD,1.03708,1.61548,0.0901,0.36389,normalised
83.46556973457336,,,1.06994,1.94918,0,,,,,,,,,GP3HD,1.06994,1.94918,0.0901,0.36389,normalised
83.48326277732849,,,1.08217,2.05985,0,,,,,,,,,GP3HD,1.08217,2.05985,0.0901,0.36389,normalised
83.49757981300354,,,1.10769,2.00676,0,,,,,,,,,GP3HD,1.10769,2.00676,0.0901,0.36389,normalised
83.5145046710968,,,0.96449,1.47164,0,,,,,,,,,GP3HD,0.96449,1.47164,0.0901,0.36389,normalised
83.5314269065857,,,0.91676,1.29326,0,,,,,,,,,GP3HD,0.91676,1.29326,0.0901,0.36389,normalised
83.5470838546753,,,0.91127,1.08293,0,,,,,,,,,GP3HD,0.91127,1.08293,0.0901,0.36389,normalised
83.56295943260193,,,1.01632,1.24797,0,,,,,,,,,GP3HD,1.01632,1.24797,0.0901,0.36389,normalised
83.57967472076416,,,1.05133,1.30299,0,,,,,,,,,GP3HD,1.05133,1.30299,0.0901,0.36389,normalised
83.59541654586792,,,1.12883,1.43272,0,,,,,,,,,GP3HD,1.12883,1.43272,0.0901,0.36389,normalised
83.61119318008423,,,1.0849,1.39066,0,,,,,,,,,GP3HD,1.0849,1.39066,0.0901,0.36389,normalised
83.6287350654602,,,1.07026,1.37665,0,,,,,,,,,GP3HD,1.07026,1.37665,0.0901,0.36389,normalised
83.64426493644714,,,1.05005,1.35552,0,,,,,,,,,GP3HD,1.05005,1.35552,0.0901,0.36389,normalised
83.65954184532166,,,1.04739,1.35026,0,,,,,,,,,GP3HD,1.04739,1.35026,0.0901,0.36389,normalised
83.6763379573822,,,1.0465,1.3485,0,,,,,,,,,GP3HD,1.0465,1.3485,0.0901,0.36389,normalised
83.69415330886841,,,1.05499,1.34796,1,,,,,,,,,GP3HD,1.05499,1.34796,0.0901,0.36389,normalised
83.70789933204651,,,0.9923,1.24143,0,,,,,,,,,GP3HD,0.9923,1.24143,0.0901,0.36389,normalised
83.72550630569458,,,0.89581,1.08542,0,,,,,,,,,GP3HD,0.89581,1.08542,0.0901,0.36389,normalised
83.74002933502197,,,1.31558,1.65254,0,,,,,,,,,GP3HD,1.31558,1.65254,0.0901,0.36389,normalised
83.75705599784851,,,1.70059,2.15843,0,,,,,,,,,GP3HD,1.70059,2.15843,0.0901,0.36389,normalised
83.77358365058899,,,1.92954,2.46338,0,,,,,,,,,GP3HD,1.92954,2.46338,0.0901,0.36389,normalised
83.79116225242615,,,1.55537,1.98186,0,,,,,,,,,GP3HD,1.55537,1.98186,0.0901,0.36389,normalised
83.80569648742676,,,1.25034,1.58757,0,,,,,,,,,GP3HD,1.25034,1.58757,0.0901,0.36389,normalised
83.8224983215332,,,1.01791,1.28155,0,,,,,,,,,GP3HD,1.01791,1.28155,0.0901,0.36389,normalised
83.83902025222778,,,0.94546,1.16242,0,,,,,,,,,GP3HD,0.94546,1.16242,0.0901,0.36389,normalised
83.85432314872742,,,0.79099,0.96536,0,,,,,,,,,GP3HD,0.79099,0.96536,0.0901,0.36389,normalised
83.8709499835968,,,0.78897,0.98087,0,,,,,,,,,GP3HD,0.78897,0.98087,0.0901,0.36389,normalised
83.88726615905762,,,0.8047,0.98587,0,,,,,,,,,GP3HD,0.8047,0.98587,0.0901,0.36389,normalised
83.90237379074097,,,0.81346,1.01586,1,,,,,,,,,GP3HD,0.81346,1.01586,0.0901,0.36389,normalised
83.92084956169128,,,0.81871,1.03386,1,,,,,,,,,GP3HD,0.81871,1.03386,0.0901,0.36389,normalised
83.93562626838684,,,0.81441,1.01423,1,,,,,,,,,GP3HD,0.81441,1.01423,0.0901,0.36389,normalised
83.95117616653442,,,0.81413,1.00362,1,,,,,,,,,GP3HD,0.81413,1.00362,0.0901,0.36389,normalised
83.96794009208679,,,0.81469,0.99746,1,,,,,,,,,GP3HD,0.81469,0.99746,0.0901,0.36389,normalised
83.98361849784851,,,0.81136,0.99409,1,,,,,,,,,GP3HD,0.81136,0.99409,0.0901,0.36389,normalised
84.00038146972656,,,0.81039,0.99174,1,,,,,,,,,GP3HD,0.81039,0.99174,0.0901,0.36389,normalised
84.01597142219543,,,0.8096,0.98983,1,,,,,,,,,GP3HD,0.8096,0.98983,0.0901,0.36389,normalised
84.03170347213745,,,0.81148,0.98875,1,,,,,,,,,GP3HD,0.81148,0.98875,0.0901,0.36389,normalised
84.04889464378357,,,0.81332,0.99105,1,,,,,,,,,GP3HD,0.81332,0.99105,0.0901,0.36389,normalised
84.06581997871399,,,0.8149,0.99302,1,,,,,,,,,GP3HD,0.8149,0.99302,0.0901,0.36389,normalised
84.08034682273865,,,0.81528,0.9913,1,,,,,,,,,GP3HD,0.81528,0.9913,0.0901,0.36389,normalised
84.09953165054321,,,0.81571,0.99135,1,,,,,,,,,GP3HD,0.81571,0.99135,0.0901,0.36389,normalised
84.11201357841492,,,0.81608,0.99139,1,,,,,,,,,GP3HD,0.81608,0.99139,0.0901,0.36389,normalised
84.12997817993164,,,0.81706,0.99233,1,,,,,,,,,GP3HD,0.81706,0.99233,0.0901,0.36389,normalised
84.14541745185852,,,0.81917,0.99421,1,,,,,,,,,GP3HD,0.81917,0.99421,0.0901,0.36389,normalised
84.16220664978027,,,0.82108,0.99591,1,,,,,,,,,GP3HD,0.82108,0.99591,0.0901,0.36389,normalised
84.1791775226593,,,0.81917,0.99345,1,,,,,,,,,GP3HD,0.81917,0.99345,0.0901,0.36389,normalised
84.19309496879578,,,0.82301,1.00302,1,,,,,,,,,GP3HD,0.82301,1.00302,0.0901,0.36389,normalised
84.21094965934753,,,0.84204,1.03187,0,,,,,,,,,GP3HD,0.84204,1.03187,0.0901,0.36389,normalised
84.22706866264343,,,0.82095,0.98611,0,,,,,,,,,GP3HD,0.82095,0.98611,0.0901,0.36389,normalised
84.24542665481567,,,0.91955,1.15652,0,,,,,,,,,GP3HD,0.91955,1.15652,0.0901,0.36389,normalised
84.25918364524841,,,1.01111,1.31169,0,,,,,,,,,GP3HD,1.01111,1.31169,0.0901,0.36389,normalised
84.27405023574829,,,0.90326,1.11984,0,,,,,,,,,GP3HD,0.90326,1.11984,0.0901,0.36389,normalised
84.29302763938904,,,1.36268,1.70259,0,,,,,,,,,GP3HD,1.36268,1.70259,0.0901,0.36389,normalised
84.30775856971741,,,1.7905,2.22498,0,,,,,,,,,GP3HD,1.7905,2.22498,0.0901,0.36389,normalised
84.32253766059875,,,2.00135,2.52452,0,,,,,,,,,GP3HD,2.00135,2.52452,0.0901,0.36389,normalised
84.34125113487244,,,2.10437,2.64834,0,,,,,,,,,GP3HD,2.10437,2.64834,0.0901,0.36389,normalised
84.35610151290894,,,2.28198,2.87559,0,,,,,,,,,GP3HD,2.28198,2.87559,0.0901,0.36389,normalised
84.37347292900085,,,2.25901,2.86829,0,,,,,,,,,GP3HD,2.25901,2.86829,0.0901,0.36389,normalised
84.3879885673523,,,2.25768,2.87112,0,,,,,,,,,GP3HD,2.25768,2.87112,0.0901,0.36389,normalised
84.40391397476196,,,2.25542,2.87117,1,,,,,,,,,GP3HD,2.25542,2.87117,0.0901,0.36389,normalised
84.41966795921326,,,2.25886,2.86512,1,,,,,,,,,GP3HD,2.25886,2.86512,0.0901,0.36389,normalised
84.43694806098938,,,2.25341,2.85889,1,,,,,,,,,GP3HD,2.25341,2.85889,0.0901,0.36389,normalised
84.45263886451721,,,2.24952,2.85445,1,,,,,,,,,GP3HD,2.24952,2.85445,0.0901,0.36389,normalised
84.46943998336792,,,2.2475,2.85649,1,,,,,,,,,GP3HD,2.2475,2.85649,0.0901,0.36389,normalised
84.48494172096252,,,2.24197,2.84919,1,,,,,,,,,GP3HD,2.24197,2.84919,0.0901,0.36389,normalised
84.50174713134766,,,2.23815,2.84384,1,,,,,,,,,GP3HD,2.23815,2.84384,0.0901,0.36389,normalised
84.5179488658905,,,2.24241,2.85465,1,,,,,,,,,GP3HD,2.24241,2.85465,0.0901,0.36389,normalised
84.53460717201233,,,2.2479,2.86158,1,,,,,,,,,GP3HD,2.2479,2.86158,0.0901,0.36389,normalised
84.55035662651062,,,2.25254,2.86744,1,,,,,,,,,GP3HD,2.25254,2.86744,0.0901,0.36389,normalised
84.56698489189148,,,2.13203,2.70377,0,,,,,,,,,GP3HD,2.13203,2.70377,0.0901,0.36389,normalised
84.5829758644104,,,1.48063,1.85271,0,,,,,,,,,GP3HD,1.48063,1.85271,0.0901,0.36389,normalised
84.59694290161133,,,1.2654,1.57338,0,,,,,,,,,GP3HD,1.2654,1.57338,0.0901,0.36389,normalised
84.61369466781616,,,0.82682,1.01411,0,,,,,,,,,GP3HD,0.82682,1.01411,0.0901,0.36389,normalised
84.63067078590393,,,0.83294,1.03709,0,,,,,,,,,GP3HD,0.83294,1.03709,0.0901,0.36389,normalised
84.64742660522461,,,0.8369,1.04901,0,,,,,,,,,GP3HD,0.8369,1.04901,0.0901,0.36389,normalised
84.66247868537903,,,0.82169,1.01155,1,,,,,,,,,GP3HD,0.82169,1.01155,0.0901,0.36389,normalised
84.67937159538269,,,0.81319,1.01857,1,,,,,,,,,GP3HD,0.81319,1.01857,0.0901,0.36389,normalised
84.69633221626282,,,0.80751,1.02325,1,,,,,,,,,GP3HD,0.80751,1.02325,0.0901,0.36389,normalised
84.713130235672,,,0.80624,1.02291,1,,,,,,,,,GP3HD,0.80624,1.02291,0.0901,0.36389,normalised
84.72777485847473,,,1.00392,1.28778,0,,,,,,,,,GP3HD,1.00392,1.28778,0.0901,0.36389,normalised
84.74472546577454,,,1.6134,2.08348,0,,,,,,,,,GP3HD,1.6134,2.08348,0.0901,0.36389,normalised
84.76139760017395,,,1.79264,2.31761,0,,,,,,,,,GP3HD,1.79264,2.31761,0.0901,0.36389,normalised
84.77622175216675,,,1.71785,2.19488,0,,,,,,,,,GP3HD,1.71785,2.19488,0.0901,0.36389,normalised
84.79256558418274,,,1.2487,1.55724,0,,,,,,,,,GP3HD,1.2487,1.55724,0.0901,0.36389,normalised
84.81018590927124,,,1.08785,1.33799,0,,,,,,,,,GP3HD,1.08785,1.33799,0.0901,0.36389,normalised
84.82490277290344,,,0.7915,0.94123,0,,,,,,,,,GP3HD,0.7915,0.94123,0.0901,0.36389,normalised
84.84143114089966,,,0.81015,0.97292,0,,,,,,,,,GP3HD,0.81015,0.97292,0.0901,0.36389,normalised
84.85664129257202,,,0.81478,0.98475,0,,,,,,,,,GP3HD,0.81478,0.98475,0.0901,0.36389,normalised
84.87436938285828,,,0.80971,0.97105,1,,,,,,,,,GP3HD,0.80971,0.97105,0.0901,0.36389,normalised
84.88942837715149,,,0.80667,0.96283,1,,,,,,,,,GP3HD,0.80667,0.96283,0.0901,0.36389,normalised
84.90596866607666,,,0.86346,1.23193,0,,,,,,,,,GP3HD,0.86346,1.23193,0.0901,0.36389,normalised
84.92273378372192,,,0.95627,1.7296,0,,,,,,,,,GP3HD,0.95627,1.7296,0.0901,0.36389,normalised
84.9385416507721,,,0.98874,1.89518,0,,,,,,,,,GP3HD,0.98874,1.89518,0.0901,0.36389,normalised
84.95444846153259,,,0.95848,1.79735,0,,,,,,,,,GP3HD,0.95848,1.79735,0.0901,0.36389,normalised
84.96971368789673,,,0.88282,1.37477,0,,,,,,,,,GP3HD,0.88282,1.37477,0.0901,0.36389,normalised
84.98573732376099,,,0.85759,1.23392,0,,,,,,,,,GP3HD,0.85759,1.23392,0.0901,0.36389,normalised
85.00334596633911,,,0.80333,1.00555,0,,,,,,,,,GP3HD,0.80333,1.00555,0.0901,0.36389,normalised
85.01934337615967,,,1.51238,1.94804,0,,,,,,,,,GP3HD,1.51238,1.94804,0.0901,0.36389,normalised
85.03524136543274,,,1.75289,2.26597,0,,,,,,,,,GP3HD,1.75289,2.26597,0.0901,0.36389,normalised
85.05004119873047,,,1.75707,2.2462,0,,,,,,,,,GP3HD,1.75707,2.2462,0.0901,0.36389,normalised
85.06794834136963,,,1.28404,1.60136,0,,,,,,,,,GP3HD,1.28404,1.60136,0.0901,0.36389,normalised
85.08433055877686,,,1.12636,1.38641,0,,,,,,,,,GP3HD,1.12636,1.38641,0.0901,0.36389,normalised
85.09871864318848,,,0.79258,0.94288,0,,,,,,,,,GP3HD,0.79258,0.94288,0.0901,0.36389,normalised
85.1148362159729,,,0.82452,1.04615,0,,,,,,,,,GP3HD,0.82452,1.04615,0.0901,0.36389,normalised
85.1313545703888,,,0.837,1.08444,0,,,,,,,,,GP3HD,0.837,1.08444,0.0901,0.36389,normalised
85.14866590499878,,,0.94057,1.2929,0,,,,,,,,,GP3HD,0.94057,1.2929,0.0901,0.36389,normalised
85.16532826423645,,,0.98957,1.39883,0,,,,,,,,,GP3HD,0.98957,1.39883,0.0901,0.36389,normalised
85.1798791885376,,,1.00591,1.43414,0,,,,,,,,,GP3HD,1.00591,1.43414,0.0901,0.36389,normalised
85.19625329971313,,,1.06054,1.51111,0,,,,,,,,,GP3HD,1.06054,1.51111,0.0901,0.36389,normalised
85.21202611923218,,,1.02996,1.50464,0,,,,,,,,,GP3HD,1.02996,1.50464,0.0901,0.36389,normalised
85.22956275939941,,,1.01977,1.50249,0,,,,,,,,,GP3HD,1.01977,1.50249,0.0901,0.36389,normalised
85.24581480026245,,,0.93863,1.37809,0,,,,,,,,,GP3HD,0.93863,1.37809,0.0901,0.36389,normalised
85.26263689994812,,,0.89324,1.26551,0,,,,,,,,,GP3HD,0.89324,1.26551,0.0901,0.36389,normalised
85.27713465690613,,,0.87811,1.22798,0,,,,,,,,,GP3HD,0.87811,1.22798,0.0901,0.36389,normalised
85.29454684257507,,,0.84774,1.16075,0,,,,,,,,,GP3HD,0.84774,1.16075,0.0901,0.36389,normalised
85.31137418746948,,,0.89123,1.29258,0,,,,,,,,,GP3HD,0.89123,1.29258,0.0901,0.36389,normalised
85.32786846160889,,,0.90572,1.33652,0,,,,,,,,,GP3HD,0.90572,1.33652,0.0901,0.36389,normalised
85.3426456451416,,,1.37213,1.72596,0,,,,,,,,,GP3HD,1.37213,1.72596,0.0901,0.36389,normalised
85.35982465744019,,,1.19474,1.73047,0,,,,,,,,,GP3HD,1.19474,1.73047,0.0901,0.36389,normalised
85.37420773506165,,,1.13561,1.73198,0,,,,,,,,,GP3HD,1.13561,1.73198,0.0901,0.36389,normalised
85.39048075675964,,,1.15055,1.06746,0,,,,,,,,,GP3HD,1.15055,1.06746,0.0901,0.36389,normalised
85.40725517272949,,,1.25185,1.54741,0,,,,,,,,,GP3HD,1.25185,1.54741,0.0901,0.36389,normalised
85.42286038398743,,,1.28562,1.70739,0,,,,,,,,,GP3HD,1.28562,1.70739,0.0901,0.36389,normalised
85.43955397605896,,,1.42162,1.99298,0,,,,,,,,,GP3HD,1.42162,1.99298,0.0901,0.36389,normalised
85.45625376701355,,,1.27911,1.97664,0,,,,,,,,,GP3HD,1.27911,1.97664,0.0901,0.36389,normalised
85.47122883796692,,,1.2316,1.97119,0,,,,,,,,,GP3HD,1.2316,1.97119,0.0901,0.36389,normalised
85.48767375946045,,,1.27752,1.95217,0,,,,,,,,,GP3HD,1.27752,1.95217,0.0901,0.36389,normalised
85.50530004501343,,,1.16225,1.9916,0,,,,,,,,,GP3HD,1.16225,1.9916,0.0901,0.36389,normalised
85.51909732818604,,,1.12382,2.00474,0,,,,,,,,,GP3HD,1.12382,2.00474,0.0901,0.36389,normalised
85.53703832626343,,,1.04747,2.03647,0,,,,,,,,,GP3HD,1.04747,2.03647,0.0901,0.36389,normalised
85.55287432670593,,,1.22722,1.92366,0,,,,,,,,,GP3HD,1.22722,1.92366,0.0901,0.36389,normalised
85.56770491600037,,,1.28714,1.88606,0,,,,,,,,,GP3HD,1.28714,1.88606,0.0901,0.36389,normalised
85.58435273170471,,,0.67899,1.55454,0,,,,,,,,,GP3HD,0.67899,1.55454,0.0901,0.36389,normalised
85.60054636001587,,,1.18862,1.96888,0,,,,,,,,,GP3HD,1.18862,1.96888,0.0901,0.36389,normalised
85.61762571334839,,,1.3585,2.10699,0,,,,,,,,,GP3HD,1.3585,2.10699,0.0901,0.36389,normalised
85.63405132293701,,,1.47796,2.27232,0,,,,,,,,,GP3HD,1.47796,2.27232,0.0901,0.36389,normalised
85.650559425354,,,1.357,2.15298,0,,,,,,,,,GP3HD,1.357,2.15298,0.0901,0.36389,normalised
85.66462230682373,,,1.31668,2.1132,0,,,,,,,,,GP3HD,1.31668,2.1132,0.0901,0.36389,normalised
85.68138599395752,,,0.89388,1.84657,0,,,,,,,,,GP3HD,0.89388,1.84657,0.0901,0.36389,normalised
85.6989541053772,,,0.98148,1.84501,0,,,,,,,,,GP3HD,0.98148,1.84501,0.0901,0.36389,normalised
85.7141284942627,,,1.01068,1.84449,0,,,,,,,,,GP3HD,1.01068,1.84449,0.0901,0.36389,normalised
85.73075604438782,,,1.22751,1.91544,0,,,,,,,,,GP3HD,1.22751,1.91544,0.0901,0.36389,normalised
85.74652886390686,,,1.10899,1.8594,0,,,,,,,,,GP3HD,1.10899,1.8594,0.0901,0.36389,normalised
85.7640323638916,,,1.06948,1.84072,0,,,,,,,,,GP3HD,1.06948,1.84072,0.0901,0.36389,normalised
85.77883577346802,,,1.05896,1.85558,0,,,,,,,,,GP3HD,1.05896,1.85558,0.0901,0.36389,normalised
85.7947130203247,,,1.09351,1.90737,0,,,,,,,,,GP3HD,1.09351,1.90737,0.0901,0.36389,normalised
85.8111960887909,,,1.10503,1.92463,0,,,,,,,,,GP3HD,1.10503,1.92463,0.0901,0.36389,normalised
85.826984167099,,,0.93408,1.16856,0,,,,,,,,,GP3HD,0.93408,1.16856,0.0901,0.36389,normalised
85.84456205368042,,,1.00301,1.52323,0,,,,,,,,,GP3HD,1.00301,1.52323,0.0901,0.36389,normalised
85.86048102378845,,,1.02599,1.64145,0,,,,,,,,,GP3HD,1.02599,1.64145,0.0901,0.36389,normalised
85.87625527381897,,,0.81976,0.99284,0,,,,,,,,,GP3HD,0.81976,0.99284,0.0901,0.36389,normalised
85.89176774024963,,,0.55619,0.08578,0,,,,,,,,,GP3HD,0.55619,0.08578,0.0901,0.36389,normalised
85.90835404396057,,,0.46833,-0.21657,0,,,,,,,,,GP3HD,0.46833,-0.21657,0.0901,0.36389,normalised
85.92398524284363,,,0.47801,-0.12165,0,,,,,,,,,GP3HD,0.47801,-0.12165,0.0901,0.36389,normalised
85.94047284126282,,,0.5449,-0.12415,0,,,,,,,,,GP3HD,0.5449,-0.12415,0.0901,0.36389,normalised
85.95620608329773,,,0.56719,-0.12498,0,,,,,,,,,GP3HD,0.56719,-0.12498,0.0901,0.36389,normalised
85.97375297546387,,,0.61159,-0.11925,0,,,,,,,,,GP3HD,0.61159,-0.11925,0.0901,0.36389,normalised
85.98878717422485,,,0.61094,-0.10522,0,,,,,,,,,GP3HD,0.61094,-0.10522,0.0901,0.36389,normalised
86.0043478012085,,,0.61072,-0.10054,0,,,,,,,,,GP3HD,0.61072,-0.10054,0.0901,0.36389,normalised
86.0203447341919,,,0.61072,-0.10054,1,,,,,,,,,GP3HD,0.61072,-0.10054,0.0901,0.36389,normalised
86.04116940498352,,,0.61072,-0.10054,1,,,,,,,,,GP3HD,0.61072,-0.10054,0.0901,0.36389,normalised
86.05792355537415,,,0.61072,-0.10054,1,,,,,,,,,GP3HD,0.61072,-0.10054,0.0901,0.36389,normalised
86.07385420799255,,,0.61029,-0.09118,0,,,,,,,,,GP3HD,0.61029,-0.09118,0.0901,0.36389,normalised
86.09263443946838,,,0.61029,-0.09118,0,,,,,,,,,GP3HD,0.61029,-0.09118,0.0901,0.36389,normalised
86.10649943351746,,,0.61029,-0.09118,0,,,,,,,,,GP3HD,0.61029,-0.09118,0.0901,0.36389,normalised
86.1229796409607,,,0.0,0.0,0,,,,,,,,,GP3HD,0.0,0.0,0.0901,0.36389,normalised
86.13970851898193,,,0.0,0.0,0,,,,,,,,,GP3HD,0.0,0.0,0.0901,0.36389,normalised
86.15503358840942,,,0.0,0.0,0,,,,,,,,,GP3HD,0.0,0.0,0.0901,0.36389,normalised
86.17304611206055,,,0.0,0.0,0,,,,,,,,,GP3HD,0.0,0.0,0.0901,0.36389,normalised
86.18969297409058,,,0.26351,0.35657,0,,,,,,,,,GP3HD,0.26351,0.35657,0.0901,0.36389,normalised
86.20036458969116,,,0.35135,0.47543,0,,,,,,,,,GP3HD,0.35135,0.47543,0.0901,0.36389,normalised
86.21427631378174,,,0.67647,0.81717,0,,,,,,,,,GP3HD,0.67647,0.81717,0.0901,0.36389,normalised
86.2320716381073,,,0.80429,0.90251,0,,,,,,,,,GP3HD,0.80429,0.90251,0.0901,0.36389,normalised
86.24640154838562,,,0.84665,0.93004,0,,,,,,,,,GP3HD,0.84665,0.93004,0.0901,0.36389,normalised
86.26404976844788,,,0.9489,0.99706,0,,,,,,,,,GP3HD,0.9489,0.99706,0.0901,0.36389,normalised
86.280277967453,,,0.94532,0.97846,0,,,,,,,,,GP3HD,0.94532,0.97846,0.0901,0.36389,normalised
86.29509997367859,,,0.94432,0.97349,0,,,,,,,,,GP3HD,0.94432,0.97349,0.0901,0.36389,normalised
86.31267929077148,,,0.9475,0.98648,1,,,,,,,,,GP3HD,0.9475,0.98648,0.0901,0.36389,normalised
86.3285665512085,,,0.90681,0.9606,1,,,,,,,,,GP3HD,0.90681,0.9606,0.0901,0.36389,normalised
86.34630227088928,,,0.87962,0.9429,1,,,,,,,,,GP3HD,0.87962,0.9429,0.0901,0.36389,normalised
86.36232256889343,,,0.93929,0.96585,1,,,,,,,,,GP3HD,0.93929,0.96585,0.0901,0.36389,normalised
86.37788939476013,,,0.97079,0.96454,1,,,,,,,,,GP3HD,0.97079,0.96454,0.0901,0.36389,normalised
86.39268851280212,,,0.9953,0.96202,1,,,,,,,,,GP3HD,0.9953,0.96202,0.0901,0.36389,normalised
86.40923070907593,,,1.02713,0.98391,1,,,,,,,,,GP3HD,1.02713,0.98391,0.0901,0.36389,normalised
86.42486524581909,,,1.03783,0.99503,1,,,,,,,,,GP3HD,1.03783,0.99503,0.0901,0.36389,normalised
86.44076251983643,,,1.04675,1.0043,1,,,,,,,,,GP3HD,1.04675,1.0043,0.0901,0.36389,normalised
86.45802426338196,,,1.06317,1.01464,1,,,,,,,,,GP3HD,1.06317,1.01464,0.0901,0.36389,normalised
86.47552943229675,,,1.06164,1.02078,1,,,,,,,,,GP3HD,1.06164,1.02078,0.0901,0.36389,normalised
86.49068284034729,,,1.08927,1.03992,0,,,,,,,,,GP3HD,1.08927,1.03992,0.0901,0.36389,normalised
86.5056619644165,,,1.16092,1.09913,0,,,,,,,,,GP3HD,1.16092,1.09913,0.0901,0.36389,normalised
86.52330732345581,,,1.11802,1.10818,0,,,,,,,,,GP3HD,1.11802,1.10818,0.0901,0.36389,normalised
86.53814816474915,,,1.09907,1.14088,0,,,,,,,,,GP3HD,1.09907,1.14088,0.0901,0.36389,normalised
86.5542540550232,,,1.15993,1.1425,0,,,,,,,,,GP3HD,1.15993,1.1425,0.0901,0.36389,normalised
86.56990504264832,,,1.11811,1.12129,0,,,,,,,,,GP3HD,1.11811,1.12129,0.0901,0.36389,normalised
86.58766341209412,,,1.0972,1.11068,1,,,,,,,,,GP3HD,1.0972,1.11068,0.0901,0.36389,normalised
86.60252618789673,,,1.12596,1.09986,1,,,,,,,,,GP3HD,1.12596,1.09986,0.0901,0.36389,normalised
86.6192557811737,,,1.11254,1.08276,1,,,,,,,,,GP3HD,1.11254,1.08276,0.0901,0.36389,normalised
86.63649106025696,,,1.10295,1.07055,1,,,,,,,,,GP3HD,1.10295,1.07055,0.0901,0.36389,normalised
86.65208864212036,,,1.12683,1.07108,1,,,,,,,,,GP3HD,1.12683,1.07108,0.0901,0.36389,normalised
86.6670024394989,,,1.13415,1.06006,1,,,,,,,,,GP3HD,1.13415,1.06006,0.0901,0.36389,normalised
86.6834921836853,,,1.14,1.05124,1,,,,,,,,,GP3HD,1.14,1.05124,0.0901,0.36389,normalised
86.700448513031,,,1.16055,1.05777,1,,,,,,,,,GP3HD,1.16055,1.05777,0.0901,0.36389,normalised
86.71597146987915,,,1.17399,1.05771,1,,,,,,,,,GP3HD,1.17399,1.05771,0.0901,0.36389,normalised
86.73211693763733,,,1.18633,1.04226,1,,,,,,,,,GP3HD,1.18633,1.04226,0.0901,0.36389,normalised
86.74869155883789,,,1.20578,1.02324,1,,,,,,,,,GP3HD,1.20578,1.02324,0.0901,0.36389,normalised
86.7650785446167,,,1.2357,0.94343,0,,,,,,,,,GP3HD,1.2357,0.94343,0.0901,0.36389,normalised
86.78264474868774,,,1.22152,0.50449,0,,,,,,,,,GP3HD,1.22152,0.50449,0.0901,0.36389,normalised
86.7974545955658,,,1.26957,0.43229,0,,,,,,,,,GP3HD,1.26957,0.43229,0.0901,0.36389,normalised
86.81415224075317,,,1.28645,0.16386,0,,,,,,,,,GP3HD,1.28645,0.16386,0.0901,0.36389,normalised
86.82993125915527,,,1.2864,0.151,0,,,,,,,,,GP3HD,1.2864,0.151,0.0901,0.36389,normalised
86.84650039672852,,,1.3518,0.26902,0,,,,,,,,,GP3HD,1.3518,0.26902,0.0901,0.36389,normalised
86.86124038696289,,,1.41743,0.38325,0,,,,,,,,,GP3HD,1.41743,0.38325,0.0901,0.36389,normalised
86.8784339427948,,,1.45038,0.4449,0,,,,,,,,,GP3HD,1.45038,0.4449,0.0901,0.36389,normalised
86.89530825614929,,,1.50101,0.49993,0,,,,,,,,,GP3HD,1.50101,0.49993,0.0901,0.36389,normalised
86.91120934486389,,,1.60031,0.73435,0,,,,,,,,,GP3HD,1.60031,0.73435,0.0901,0.36389,normalised
86.92811489105225,,,1.65258,0.93693,0,,,,,,,,,GP3HD,1.65258,0.93693,0.0901,0.36389,normalised
86.94257855415344,,,1.6701,0.92171,0,,,,,,,,,GP3HD,1.6701,0.92171,0.0901,0.36389,normalised
86.95945835113525,,,1.75499,1.10154,0,,,,,,,,,GP3HD,1.75499,1.10154,0.0901,0.36389,normalised
86.97415661811829,,,1.77581,1.21578,0,,,,,,,,,GP3HD,1.77581,1.21578,0.0901,0.36389,normalised
86.99176836013794,,,1.72746,1.16211,0,,,,,,,,,GP3HD,1.72746,1.16211,0.0901,0.36389,normalised
87.00867033004761,,,1.68792,1.22462,0,,,,,,,,,GP3HD,1.68792,1.22462,0.0901,0.36389,normalised
87.02521300315857,,,1.63193,1.28686,0,,,,,,,,,GP3HD,1.63193,1.28686,0.0901,0.36389,normalised
87.04121255874634,,,1.58794,1.24945,0,,,,,,,,,GP3HD,1.58794,1.24945,0.0901,0.36389,normalised
87.05527138710022,,,1.53339,1.23974,0,,,,,,,,,GP3HD,1.53339,1.23974,0.0901,0.36389,normalised
87.0731189250946,,,1.52884,1.21762,0,,,,,,,,,GP3HD,1.52884,1.21762,0.0901,0.36389,normalised
87.08902215957642,,,1.51958,1.1961,0,,,,,,,,,GP3HD,1.51958,1.1961,0.0901,0.36389,normalised
87.10485982894897,,,1.52436,1.18337,1,,,,,,,,,GP3HD,1.52436,1.18337,0.0901,0.36389,normalised
87.1228277683258,,,1.52722,1.17574,1,,,,,,,,,GP3HD,1.52722,1.17574,0.0901,0.36389,normalised
87.13774037361145,,,1.52764,1.17675,1,,,,,,,,,GP3HD,1.52764,1.17675,0.0901,0.36389,normalised
87.15253782272339,,,1.53975,1.18265,1,,,,,,,,,GP3HD,1.53975,1.18265,0.0901,0.36389,normalised
87.17097115516663,,,1.54883,1.18708,1,,,,,,,,,GP3HD,1.54883,1.18708,0.0901,0.36389,normalised
87.18561005592346,,,1.54906,1.18784,1,,,,,,,,,GP3HD,1.54906,1.18784,0.0901,0.36389,normalised
87.20164132118225,,,1.55757,1.19126,1,,,,,,,,,GP3HD,1.55757,1.19126,0.0901,0.36389,normalised
87.21712803840637,,,1.56453,1.19405,1,,,,,,,,,GP3HD,1.56453,1.19405,0.0901,0.36389,normalised
87.23391366004944,,,1.56247,1.19291,1,,,,,,,,,GP3HD,1.56247,1.19291,0.0901,0.36389,normalised
87.25075769424438,,,1.56837,1.19507,1,,,,,,,,,GP3HD,1.56837,1.19507,0.0901,0.36389,normalised
87.26668643951416,,,1.57978,1.18563,1,,,,,,,,,GP3HD,1.57978,1.18563,0.0901,0.36389,normalised
87.28461027145386,,,1.58145,1.15499,1,,,,,,,,,GP3HD,1.58145,1.15499,0.0901,0.36389,normalised
87.29841542243958,,,1.59946,1.07722,0,,,,,,,,,GP3HD,1.59946,1.07722,0.0901,0.36389,normalised
87.31567764282227,,,1.50723,0.49499,0,,,,,,,,,GP3HD,1.50723,0.49499,0.0901,0.36389,normalised
87.33276557922363,,,1.49449,0.32854,0,,,,,,,,,GP3HD,1.49449,0.32854,0.0901,0.36389,normalised
87.3466899394989,,,1.43893,-0.04378,0,,,,,,,,,GP3HD,1.43893,-0.04378,0.0901,0.36389,normalised
87.36316680908203,,,1.43585,-0.04177,0,,,,,,,,,GP3HD,1.43585,-0.04177,0.0901,0.36389,normalised
87.38077569007874,,,1.41297,-0.04905,0,,,,,,,,,GP3HD,1.41297,-0.04905,0.0901,0.36389,normalised
87.39763855934143,,,1.41249,-0.05245,1,,,,,,,,,GP3HD,1.41249,-0.05245,0.0901,0.36389,normalised
87.41154980659485,,,1.4122,-0.05449,1,,,,,,,,,GP3HD,1.4122,-0.05449,0.0901,0.36389,normalised
87.42928552627563,,,1.38962,-0.07924,1,,,,,,,,,GP3HD,1.38962,-0.07924,0.0901,0.36389,normalised
87.44618439674377,,,1.37447,-0.0943,1,,,,,,,,,GP3HD,1.37447,-0.0943,0.0901,0.36389,normalised
87.46031785011292,,,1.36311,-0.10561,1,,,,,,,,,GP3HD,1.36311,-0.10561,0.0901,0.36389,normalised
87.47637939453125,,,1.34105,-0.13067,1,,,,,,,,,GP3HD,1.34105,-0.13067,0.0901,0.36389,normalised
87.49487686157227,,,1.32692,-0.1454,1,,,,,,,,,GP3HD,1.32692,-0.1454,0.0901,0.36389,normalised
87.50962519645691,,,1.31536,-0.15745,1,,,,,,,,,GP3HD,1.31536,-0.15745,0.0901,0.36389,normalised
87.52532386779785,,,1.30679,-0.16507,1,,,,,,,,,GP3HD,1.30679,-0.16507,0.0901,0.36389,normalised
87.54329252243042,,,1.30144,-0.16647,1,,,,,,,,,GP3HD,1.30144,-0.16647,0.0901,0.36389,normalised
87.55724835395813,,,1.27368,-0.18865,0,,,,,,,,,GP3HD,1.27368,-0.18865,0.0901,0.36389,normalised
87.57293319702148,,,1.283,-0.15324,0,,,,,,,,,GP3HD,1.283,-0.15324,0.0901,0.36389,normalised
87.59044480323792,,,1.35839,0.01499,0,,,,,,,,,GP3HD,1.35839,0.01499,0.0901,0.36389,normalised
87.60580205917358,,,1.43689,0.19502,0,,,,,,,,,GP3HD,1.43689,0.19502,0.0901,0.36389,normalised
87.62260746955872,,,1.53368,0.33239,0,,,,,,,,,GP3HD,1.53368,0.33239,0.0901,0.36389,normalised
87.63860821723938,,,1.47192,0.21426,0,,,,,,,,,GP3HD,1.47192,0.21426,0.0901,0.36389,normalised
87.65448594093323,,,1.44104,0.1552,1,,,,,,,,,GP3HD,1.44104,0.1552,0.0901,0.36389,normalised
87.67061352729797,,,1.41281,0.10688,1,,,,,,,,,GP3HD,1.41281,0.10688,0.0901,0.36389,normalised
87.68701720237732,,,1.34127,-0.0142,0,,,,,,,,,GP3HD,1.34127,-0.0142,0.0901,0.36389,normalised
87.70268678665161,,,1.21023,-0.21228,0,,,,,,,,,GP3HD,1.21023,-0.21228,0.0901,0.36389,normalised
87.71856665611267,,,1.21059,-0.21356,0,,,,,,,,,GP3HD,1.21059,-0.21356,0.0901,0.36389,normalised
87.73547124862671,,,1.17577,-0.26288,0,,,,,,,,,GP3HD,1.17577,-0.26288,0.0901,0.36389,normalised
87.75364279747009,,,1.10757,-0.43245,0,,,,,,,,,GP3HD,1.10757,-0.43245,0.0901,0.36389,normalised
87.76958131790161,,,0.91705,-0.77441,0,,,,,,,,,GP3HD,0.91705,-0.77441,0.0901,0.36389,normalised
87.7842583656311,,,0.42857,-1.55403,0,,,,,,,,,GP3HD,0.42857,-1.55403,0.0901,0.36389,normalised
87.79986476898193,,,-0.39411,-2.66727,0,,,,,,,,,GP3HD,-0.39411,-2.66727,0.0901,0.36389,normalised
87.81671786308289,,,-0.69847,-3.12043,0,,,,,,,,,GP3HD,-0.69847,-3.12043,0.0901,0.36389,normalised
87.83256268501282,,,-1.26186,-3.9457,0,,,,,,,,,GP3HD,-1.26186,-3.9457,0.0901,0.36389,normalised
87.84803485870361,,,-1.26173,-3.98778,0,,,,,,,,,GP3HD,-1.26173,-3.98778,0.0901,0.36389,normalised
87.86521768569946,,,-1.34717,-4.06426,0,,,,,,,,,GP3HD,-1.34717,-4.06426,0.0901,0.36389,normalised
87.8810727596283,,,-1.20892,-3.90874,1,,,,,,,,,GP3HD,-1.20892,-3.90874,0.0901,0.36389,normalised
87.8979344367981,,,-1.09199,-3.78286,0,,,,,,,,,GP3HD,-1.09199,-3.78286,0.0901,0.36389,normalised
87.91469836235046,,,-1.17021,-3.83193,0,,,,,,,,,GP3HD,-1.17021,-3.83193,0.0901,0.36389,normalised
87.9316418170929,,,-0.55677,-3.03555,0,,,,,,,,,GP3HD,-0.55677,-3.03555,0.0901,0.36389,normalised
87.94508266448975,,,0.0306,-2.25552,0,,,,,,,,,GP3HD,0.0306,-2.25552,0.0901,0.36389,normalised
87.96229529380798,,,0.22979,-1.98864,0,,,,,,,,,GP3HD,0.22979,-1.98864,0.0901,0.36389,normalised
87.980224609375,,,0.47809,-1.7072,0,,,,,,,,,GP3HD,0.47809,-1.7072,0.0901,0.36389,normalised
87.99370408058167,,,0.79278,-1.3368,0,,,,,,,,,GP3HD,0.79278,-1.3368,0.0901,0.36389,normalised
88.0104501247406,,,0.56891,-1.61726,0,,,,,,,,,GP3HD,0.56891,-1.61726,0.0901,0.36389,normalised
88.02707076072693,,,0.8867,-1.2429,0,,,,,,,,,GP3HD,0.8867,-1.2429,0.0901,0.36389,normalised
88.04426884651184,,,1.12987,-0.96203,0,,,,,,,,,GP3HD,1.12987,-0.96203,0.0901,0.36389,normalised
88.05894327163696,,,0.8335,-1.32478,0,,,,,,,,,GP3HD,0.8335,-1.32478,0.0901,0.36389,normalised
88.07640814781189,,,1.17495,-0.92909,0,,,,,,,,,GP3HD,1.17495,-0.92909,0.0901,0.36389,normalised
88.09390830993652,,,1.41761,-0.65431,0,,,,,,,,,GP3HD,1.41761,-0.65431,0.0901,0.36389,normalised
88.1078896522522,,,0.89958,-1.24603,0,,,,,,,,,GP3HD,0.89958,-1.24603,0.0901,0.36389,normalised
88.12374567985535,,,0.82532,-1.31103,0,,,,,,,,,GP3HD,0.82532,-1.31103,0.0901,0.36389,normalised
88.14167618751526,,,0.57839,-1.57327,0,,,,,,,,,GP3HD,0.57839,-1.57327,0.0901,0.36389,normalised
88.15476942062378,,,-0.44564,-2.85007,0,,,,,,,,,GP3HD,-0.44564,-2.85007,0.0901,0.36389,normalised
88.17154860496521,,,-0.76823,-3.26804,0,,,,,,,,,GP3HD,-0.76823,-3.26804,0.0901,0.36389,normalised
88.18836736679077,,,-1.43216,-4.11161,0,,,,,,,,,GP3HD,-1.43216,-4.11161,0.0901,0.36389,normalised
88.2063901424408,,,-1.52508,-4.22706,0,,,,,,,,,GP3HD,-1.52508,-4.22706,0.0901,0.36389,normalised
88.22111105918884,,,-1.69102,-4.43288,0,,,,,,,,,GP3HD,-1.69102,-4.43288,0.0901,0.36389,normalised
88.23574447631836,,,-1.88793,-4.67718,0,,,,,,,,,GP3HD,-1.88793,-4.67718,0.0901,0.36389,normalised
88.25302124023438,,,-1.78989,-4.56555,0,,,,,,,,,GP3HD,-1.78989,-4.56555,0.0901,0.36389,normalised
88.2707097530365,,,-1.77854,-4.57028,0,,,,,,,,,GP3HD,-1.77854,-4.57028,0.0901,0.36389,normalised
88.28640604019165,,,-1.73452,-4.53781,0,,,,,,,,,GP3HD,-1.73452,-4.53781,0.0901,0.36389,normalised
88.30098080635071,,,-1.49035,-4.23757,0,,,,,,,,,GP3HD,-1.49035,-4.23757,0.0901,0.36389,normalised
88.3184928894043,,,-1.28353,-3.98681,0,,,,,,,,,GP3HD,-1.28353,-3.98681,0.0901,0.36389,normalised
88.3329746723175,,,-0.99532,-3.63597,0,,,,,,,,,GP3HD,-0.99532,-3.63597,0.0901,0.36389,normalised
88.35009479522705,,,-1.19107,-3.84821,0,,,,,,,,,GP3HD,-1.19107,-3.84821,0.0901,0.36389,normalised
88.36717391014099,,,-1.16668,-3.81658,0,,,,,,,,,GP3HD,-1.16668,-3.81658,0.0901,0.36389,normalised
88.384042263031,,,-1.20753,-3.8557,0,,,,,,,,,GP3HD,-1.20753,-3.8557,0.0901,0.36389,normalised
88.40035367012024,,,-1.18131,-3.81853,0,,,,,,,,,GP3HD,-1.18131,-3.81853,0.0901,0.36389,normalised
88.4148850440979,,,-1.2173,-3.85681,0,,,,,,,,,GP3HD,-1.2173,-3.85681,0.0901,0.36389,normalised
88.43270206451416,,,-1.2353,-3.87595,1,,,,,,,,,GP3HD,-1.2353,-3.87595,0.0901,0.36389,normalised
88.44907259941101,,,-1.21974,-3.86811,1,,,,,,,,,GP3HD,-1.21974,-3.86811,0.0901,0.36389,normalised
88.46218752861023,,,-1.16628,-3.79993,1,,,,,,,,,GP3HD,-1.16628,-3.79993,0.0901,0.36389,normalised
88.48027634620667,,,-1.12809,-3.75123,1,,,,,,,,,GP3HD,-1.12809,-3.75123,0.0901,0.36389,normalised
88.49706172943115,,,-1.11459,-3.73366,1,,,,,,,,,GP3HD,-1.11459,-3.73366,0.0901,0.36389,normalised
88.5134699344635,,,-1.12203,-3.73152,1,,,,,,,,,GP3HD,-1.12203,-3.73152,0.0901,0.36389,normalised
88.52906250953674,,,-1.12799,-3.72982,1,,,,,,,,,GP3HD,-1.12799,-3.72982,0.0901,0.36389,normalised
88.54414343833923,,,-1.18349,-3.7921,1,,,,,,,,,GP3HD,-1.18349,-3.7921,0.0901,0.36389,normalised
88.55976247787476,,,-1.25343,-3.86638,1,,,,,,,,,GP3HD,-1.25343,-3.86638,0.0901,0.36389,normalised
88.57674217224121,,,-1.31261,-3.92924,1,,,,,,,,,GP3HD,-1.31261,-3.92924,0.0901,0.36389,normalised
88.59320616722107,,,-1.36894,-3.9864,0,,,,,,,,,GP3HD,-1.36894,-3.9864,0.0901,0.36389,normalised
88.610586643219,,,-1.87174,-4.53709,0,,,,,,,,,GP3HD,-1.87174,-4.53709,0.0901,0.36389,normalised
88.62509632110596,,,-2.03935,-4.72065,0,,,,,,,,,GP3HD,-2.03935,-4.72065,0.0901,0.36389,normalised
88.64140486717224,,,-2.23461,-4.93931,0,,,,,,,,,GP3HD,-2.23461,-4.93931,0.0901,0.36389,normalised
88.65739154815674,,,-2.40883,-5.15747,0,,,,,,,,,GP3HD,-2.40883,-5.15747,0.0901,0.36389,normalised
88.67338585853577,,,-2.46691,-5.23019,0,,,,,,,,,GP3HD,-2.46691,-5.23019,0.0901,0.36389,normalised
88.69003677368164,,,-2.32856,-5.09189,0,,,,,,,,,GP3HD,-2.32856,-5.09189,0.0901,0.36389,normalised
88.70638084411621,,,-2.16232,-4.9195,0,,,,,,,,,GP3HD,-2.16232,-4.9195,0.0901,0.36389,normalised
88.72246527671814,,,-2.10691,-4.86204,0,,,,,,,,,GP3HD,-2.10691,-4.86204,0.0901,0.36389,normalised
88.7391004562378,,,-1.93205,-4.67782,0,,,,,,,,,GP3HD,-1.93205,-4.67782,0.0901,0.36389,normalised
88.75440692901611,,,-1.83206,-4.56711,0,,,,,,,,,GP3HD,-1.83206,-4.56711,0.0901,0.36389,normalised
88.77246165275574,,,-1.79873,-4.5302,0,,,,,,,,,GP3HD,-1.79873,-4.5302,0.0901,0.36389,normalised
88.78637218475342,,,-1.70898,-4.42112,0,,,,,,,,,GP3HD,-1.70898,-4.42112,0.0901,0.36389,normalised
88.80345344543457,,,-1.64561,-4.33047,0,,,,,,,,,GP3HD,-1.64561,-4.33047,0.0901,0.36389,normalised
88.81872606277466,,,-1.62449,-4.30026,0,,,,,,,,,GP3HD,-1.62449,-4.30026,0.0901,0.36389,normalised
88.83670234680176,,,-1.57194,-4.24303,0,,,,,,,,,GP3HD,-1.57194,-4.24303,0.0901,0.36389,normalised
88.85120797157288,,,-1.51042,-4.18034,0,,,,,,,,,GP3HD,-1.51042,-4.18034,0.0901,0.36389,normalised
88.86694669723511,,,-1.48992,-4.15944,0,,,,,,,,,GP3HD,-1.48992,-4.15944,0.0901,0.36389,normalised
88.88440895080566,,,-0.97435,-3.68683,0,,,,,,,,,GP3HD,-0.97435,-3.68683,0.0901,0.36389,normalised
88.89902091026306,,,0.61969,-2.2082,0,,,,,,,,,GP3HD,0.61969,-2.2082,0.0901,0.36389,normalised
88.91638112068176,,,1.18968,-1.63168,0,,,,,,,,,GP3HD,1.18968,-1.63168,0.0901,0.36389,normalised
88.9351179599762,,,0.83828,-1.9822,0,,,,,,,,,GP3HD,0.83828,-1.9822,0.0901,0.36389,normalised
88.94780898094177,,,-0.28078,-2.90748,0,,,,,,,,,GP3HD,-0.28078,-2.90748,0.0901,0.36389,normalised
88.9646852016449,,,-0.46881,-2.93756,0,,,,,,,,,GP3HD,-0.46881,-2.93756,0.0901,0.36389,normalised
88.98125267028809,,,-0.96235,-3.17425,0,,,,,,,,,GP3HD,-0.96235,-3.17425,0.0901,0.36389,normalised
88.99683380126953,,,-0.81424,-2.94813,0,,,,,,,,,GP3HD,-0.81424,-2.94813,0.0901,0.36389,normalised
89.0127899646759,,,-0.76488,-2.87276,0,,,,,,,,,GP3HD,-0.76488,-2.87276,0.0901,0.36389,normalised
89.03046131134033,,,-0.64554,-2.69347,0,,,,,,,,,GP3HD,-0.64554,-2.69347,0.0901,0.36389,normalised
89.04435133934021,,,-0.75712,-2.89908,0,,,,,,,,,GP3HD,-0.75712,-2.89908,0.0901,0.36389,normalised
89.06125617027283,,,-0.79432,-2.96762,0,,,,,,,,,GP3HD,-0.79432,-2.96762,0.0901,0.36389,normalised
89.07809567451477,,,-0.7146,-2.85415,0,,,,,,,,,GP3HD,-0.7146,-2.85415,0.0901,0.36389,normalised
89.09363412857056,,,-0.86765,-3.08824,0,,,,,,,,,GP3HD,-0.86765,-3.08824,0.0901,0.36389,normalised
89.11149525642395,,,-0.91867,-3.16627,0,,,,,,,,,GP3HD,-0.91867,-3.16627,0.0901,0.36389,normalised
89.12911486625671,,,-0.85031,-3.22121,0,,,,,,,,,GP3HD,-0.85031,-3.22121,0.0901,0.36389,normalised
89.14475631713867,,,-0.91044,-3.40649,0,,,,,,,,,GP3HD,-0.91044,-3.40649,0.0901,0.36389,normalised
89.16188144683838,,,-0.93048,-3.46825,0,,,,,,,,,GP3HD,-0.93048,-3.46825,0.0901,0.36389,normalised
89.17649483680725,,,-0.95765,-3.49599,0,,,,,,,,,GP3HD,-0.95765,-3.49599,0.0901,0.36389,normalised
89.19188046455383,,,-1.15948,-3.65779,0,,,,,,,,,GP3HD,-1.15948,-3.65779,0.0901,0.36389,normalised
89.20727705955505,,,-1.22675,-3.71173,0,,,,,,,,,GP3HD,-1.22675,-3.71173,0.0901,0.36389,normalised
89.2237331867218,,,-0.74224,-3.2933,0,,,,,,,,,GP3HD,-0.74224,-3.2933,0.0901,0.36389,normalised
89.240957736969,,,-0.31268,-2.93846,0,,,,,,,,,GP3HD,-0.31268,-2.93846,0.0901,0.36389,normalised
89.25770568847656,,,-0.16949,-2.82017,0,,,,,,,,,GP3HD,-0.16949,-2.82017,0.0901,0.36389,normalised
89.27240753173828,,,0.26116,-2.4594,0,,,,,,,,,GP3HD,0.26116,-2.4594,0.0901,0.36389,normalised
89.29064345359802,,,0.28588,-2.44008,0,,,,,,,,,GP3HD,0.28588,-2.44008,0.0901,0.36389,normalised
89.30730867385864,,,0.29413,-2.43365,0,,,,,,,,,GP3HD,0.29413,-2.43365,0.0901,0.36389,normalised
89.32123947143555,,,0.46522,-2.2382,0,,,,,,,,,GP3HD,0.46522,-2.2382,0.0901,0.36389,normalised
89.33995342254639,,,0.50784,-2.17988,0,,,,,,,,,GP3HD,0.50784,-2.17988,0.0901,0.36389,normalised
89.35472774505615,,,0.50075,-2.12622,0,,,,,,,,,GP3HD,0.50075,-2.12622,0.0901,0.36389,normalised
89.3715226650238,,,0.5285,-1.96215,0,,,,,,,,,GP3HD,0.5285,-1.96215,0.0901,0.36389,normalised
89.38736414909363,,,0.36806,-1.94516,0,,,,,,,,,GP3HD,0.36806,-1.94516,0.0901,0.36389,normalised
89.40205216407776,,,0.29968,-1.88059,0,,,,,,,,,GP3HD,0.29968,-1.88059,0.0901,0.36389,normalised
89.41886568069458,,,0.2207,-1.71587,0,,,,,,,,,GP3HD,0.2207,-1.71587,0.0901,0.36389,normalised
89.43495225906372,,,0.13218,-1.81439,0,,,,,,,,,GP3HD,0.13218,-1.81439,0.0901,0.36389,normalised
89.45193266868591,,,0.10267,-1.84723,0,,,,,,,,,GP3HD,0.10267,-1.84723,0.0901,0.36389,normalised
89.46889901161194,,,0.17333,-1.70867,1,,,,,,,,,GP3HD,0.17333,-1.70867,0.0901,0.36389,normalised
89.48462796211243,,,0.2149,-1.6205,1,,,,,,,,,GP3HD,0.2149,-1.6205,0.0901,0.36389,normalised
89.49936532974243,,,0.247,-1.53088,0,,,,,,,,,GP3HD,0.247,-1.53088,0.0901,0.36389,normalised
89.51597785949707,,,0.35007,-1.36262,0,,,,,,,,,GP3HD,0.35007,-1.36262,0.0901,0.36389,normalised
89.53195333480835,,,0.38127,-1.30198,0,,,,,,,,,GP3HD,0.38127,-1.30198,0.0901,0.36389,normalised
89.54757714271545,,,0.44683,-1.18525,0,,,,,,,,,GP3HD,0.44683,-1.18525,0.0901,0.36389,normalised
89.56470394134521,,,0.43263,-1.19366,0,,,,,,,,,GP3HD,0.43263,-1.19366,0.0901,0.36389,normalised
89.58119249343872,,,0.44849,-1.18118,0,,,,,,,,,GP3HD,0.44849,-1.18118,0.0901,0.36389,normalised
89.59813404083252,,,0.47857,-1.19601,1,,,,,,,,,GP3HD,0.47857,-1.19601,0.0901,0.36389,normalised
89.6143524646759,,,0.50295,-1.25431,1,,,,,,,,,GP3HD,0.50295,-1.25431,0.0901,0.36389,normalised
89.63007760047913,,,0.59555,-1.27153,0,,,,,,,,,GP3HD,0.59555,-1.27153,0.0901,0.36389,normalised
89.64686512947083,,,0.86535,-1.2752,0,,,,,,,,,GP3HD,0.86535,-1.2752,0.0901,0.36389,normalised
89.66273880004883,,,0.8952,-1.39186,0,,,,,,,,,GP3HD,0.8952,-1.39186,0.0901,0.36389,normalised
89.67736005783081,,,1.01517,-1.48852,0,,,,,,,,,GP3HD,1.01517,-1.48852,0.0901,0.36389,normalised
89.6950511932373,,,0.98532,-1.52501,0,,,,,,,,,GP3HD,0.98532,-1.52501,0.0901,0.36389,normalised
89.70963501930237,,,0.91055,-1.61405,0,,,,,,,,,GP3HD,0.91055,-1.61405,0.0901,0.36389,normalised
89.72661066055298,,,0.84079,-1.71863,0,,,,,,,,,GP3HD,0.84079,-1.71863,0.0901,0.36389,normalised
89.74206018447876,,,0.82334,-1.76045,0,,,,,,,,,GP3HD,0.82334,-1.76045,0.0901,0.36389,normalised
89.76091933250427,,,0.79262,-1.78916,0,,,,,,,,,GP3HD,0.79262,-1.78916,0.0901,0.36389,normalised
89.77443051338196,,,0.75389,-1.8466,0,,,,,,,,,GP3HD,0.75389,-1.8466,0.0901,0.36389,normalised
89.79115390777588,,,0.69502,-1.82486,0,,,,,,,,,GP3HD,0.69502,-1.82486,0.0901,0.36389,normalised
89.80791234970093,,,0.80497,-1.69478,0,,,,,,,,,GP3HD,0.80497,-1.69478,0.0901,0.36389,normalised
89.82273817062378,,,0.71251,-1.51798,0,,,,,,,,,GP3HD,0.71251,-1.51798,0.0901,0.36389,normalised
89.84123849868774,,,0.54005,-1.36784,0,,,,,,,,,GP3HD,0.54005,-1.36784,0.0901,0.36389,normalised
89.8559353351593,,,0.46589,-1.31411,0,,,,,,,,,GP3HD,0.46589,-1.31411,0.0901,0.36389,normalised
89.87176632881165,,,0.34304,-1.16427,0,,,,,,,,,GP3HD,0.34304,-1.16427,0.0901,0.36389,normalised
89.88778424263,,,0.34351,-1.11637,0,,,,,,,,,GP3HD,0.34351,-1.11637,0.0901,0.36389,normalised
89.90407252311707,,,0.37824,-1.22771,0,,,,,,,,,GP3HD,0.37824,-1.22771,0.0901,0.36389,normalised
89.92002415657043,,,0.3613,-1.22538,1,,,,,,,,,GP3HD,0.3613,-1.22538,0.0901,0.36389,normalised
89.93725991249084,,,0.35114,-1.22399,1,,,,,,,,,GP3HD,0.35114,-1.22399,0.0901,0.36389,normalised
89.95441555976868,,,0.35138,-1.28301,1,,,,,,,,,GP3HD,0.35138,-1.28301,0.0901,0.36389,normalised
89.96720218658447,,,0.34503,-1.36044,0,,,,,,,,,GP3HD,0.34503,-1.36044,0.0901,0.36389,normalised
89.9828622341156,,,0.325,-1.49463,0,,,,,,,,,GP3HD,0.325,-1.49463,0.0901,0.36389,normalised
90.00065422058105,,,0.31857,-1.44936,0,,,,,,,,,GP3HD,0.31857,-1.44936,0.0901,0.36389,normalised
90.01480984687805,,,0.31638,-1.57213,0,,,,,,,,,GP3HD,0.31638,-1.57213,0.0901,0.36389,normalised
90.03269410133362,,,0.32742,-1.65045,0,,,,,,,,,GP3HD,0.32742,-1.65045,0.0901,0.36389,normalised
90.05173134803772,,,0.31088,-1.58269,0,,,,,,,,,GP3HD,0.31088,-1.58269,0.0901,0.36389,normalised
90.06650471687317,,,0.32751,-1.60104,1,,,,,,,,,GP3HD,0.32751,-1.60104,0.0901,0.36389,normalised
90.08031725883484,,,0.33749,-1.61205,1,,,,,,,,,GP3HD,0.33749,-1.61205,0.0901,0.36389,normalised
90.09743785858154,,,0.33618,-1.55643,1,,,,,,,,,GP3HD,0.33618,-1.55643,0.0901,0.36389,normalised
90.11325931549072,,,0.33385,-1.52083,1,,,,,,,,,GP3HD,0.33385,-1.52083,0.0901,0.36389,normalised
90.13009858131409,,,0.33211,-1.49412,1,,,,,,,,,GP3HD,0.33211,-1.49412,0.0901,0.36389,normalised
90.14512538909912,,,0.35398,-1.4747,1,,,,,,,,,GP3HD,0.35398,-1.4747,0.0901,0.36389,normalised
90.16247725486755,,,0.35624,-1.43967,1,,,,,,,,,GP3HD,0.35624,-1.43967,0.0901,0.36389,normalised
90.18034338951111,,,0.35809,-1.41101,1,,,,,,,,,GP3HD,0.35809,-1.41101,0.0901,0.36389,normalised
90.19677877426147,,,0.35536,-1.39705,1,,,,,,,,,GP3HD,0.35536,-1.39705,0.0901,0.36389,normalised
90.2117018699646,,,0.36703,-1.38851,1,,,,,,,,,GP3HD,0.36703,-1.38851,0.0901,0.36389,normalised
90.22615766525269,,,0.3853,-1.33632,0,,,,,,,,,GP3HD,0.3853,-1.33632,0.0901,0.36389,normalised
90.24365282058716,,,0.35774,-1.32206,0,,,,,,,,,GP3HD,0.35774,-1.32206,0.0901,0.36389,normalised
90.26037216186523,,,0.3524,-1.31734,0,,,,,,,,,GP3HD,0.3524,-1.31734,0.0901,0.36389,normalised
90.27427077293396,,,0.34973,-1.31497,1,,,,,,,,,GP3HD,0.34973,-1.31497,0.0901,0.36389,normalised
90.29137659072876,,,0.353,-1.3178,1,,,,,,,,,GP3HD,0.353,-1.3178,0.0901,0.36389,normalised
90.30740857124329,,,0.39716,-1.32378,1,,,,,,,,,GP3HD,0.39716,-1.32378,0.0901,0.36389,normalised
90.32527184486389,,,0.4287,-1.32805,1,,,,,,,,,GP3HD,0.4287,-1.32805,0.0901,0.36389,normalised
90.34038996696472,,,0.42573,-1.32709,1,,,,,,,,,GP3HD,0.42573,-1.32709,0.0901,0.36389,normalised
90.35669779777527,,,0.4388,-1.32217,1,,,,,,,,,GP3HD,0.4388,-1.32217,0.0901,0.36389,normalised
90.37230014801025,,,0.44925,-1.31825,1,,,,,,,,,GP3HD,0.44925,-1.31825,0.0901,0.36389,normalised
90.38684034347534,,,0.44716,-1.31604,1,,,,,,,,,GP3HD,0.44716,-1.31604,0.0901,0.36389,normalised
90.40479445457458,,,0.47121,-1.31137,1,,,,,,,,,GP3HD,0.47121,-1.31137,0.0901,0.36389,normalised
90.4203622341156,,,0.49155,-1.30741,1,,,,,,,,,GP3HD,0.49155,-1.30741,0.0901,0.36389,normalised
90.43626165390015,,,0.49475,-1.31313,1,,,,,,,,,GP3HD,0.49475,-1.31313,0.0901,0.36389,normalised
90.45380306243896,,,0.52409,-1.30058,0,,,,,,,,,GP3HD,0.52409,-1.30058,0.0901,0.36389,normalised
90.4677312374115,,,0.47194,-1.23787,0,,,,,,,,,GP3HD,0.47194,-1.23787,0.0901,0.36389,normalised
90.48416471481323,,,0.50081,-1.26509,0,,,,,,,,,GP3HD,0.50081,-1.26509,0.0901,0.36389,normalised
90.50089406967163,,,0.48065,-1.24764,1,,,,,,,,,GP3HD,0.48065,-1.24764,0.0901,0.36389,normalised
90.5176169872284,,,0.46855,-1.23717,1,,,,,,,,,GP3HD,0.46855,-1.23717,0.0901,0.36389,normalised
90.53299236297607,,,0.47727,-1.25454,1,,,,,,,,,GP3HD,0.47727,-1.25454,0.0901,0.36389,normalised
90.55064225196838,,,0.46931,-1.24227,1,,,,,,,,,GP3HD,0.46931,-1.24227,0.0901,0.36389,normalised
90.56537365913391,,,0.46334,-1.23306,1,,,,,,,,,GP3HD,0.46334,-1.23306,0.0901,0.36389,normalised
90.5813410282135,,,0.45751,-1.23954,1,,,,,,,,,GP3HD,0.45751,-1.23954,0.0901,0.36389,normalised
90.59757494926453,,,0.45347,-1.24229,1,,,,,,,,,GP3HD,0.45347,-1.24229,0.0901,0.36389,normalised
90.61565923690796,,,0.45017,-1.24453,1,,,,,,,,,GP3HD,0.45017,-1.24453,0.0901,0.36389,normalised
90.63159155845642,,,0.44467,-1.25009,1,,,,,,,,,GP3HD,0.44467,-1.25009,0.0901,0.36389,normalised
90.64625024795532,,,0.45922,-1.25208,1,,,,,,,,,GP3HD,0.45922,-1.25208,0.0901,0.36389,normalised
90.66361856460571,,,0.4717,-1.25378,1,,,,,,,,,GP3HD,0.4717,-1.25378,0.0901,0.36389,normalised
90.678457736969,,,0.47345,-1.26841,1,,,,,,,,,GP3HD,0.47345,-1.26841,0.0901,0.36389,normalised
90.6956627368927,,,0.47472,-1.28787,1,,,,,,,,,GP3HD,0.47472,-1.28787,0.0901,0.36389,normalised
90.71352934837341,,,0.47887,-1.33331,0,,,,,,,,,GP3HD,0.47887,-1.33331,0.0901,0.36389,normalised
90.72851538658142,,,0.41335,-1.3273,0,,,,,,,,,GP3HD,0.41335,-1.3273,0.0901,0.36389,normalised
90.74423956871033,,,0.41024,-1.42174,0,,,,,,,,,GP3HD,0.41024,-1.42174,0.0901,0.36389,normalised
90.75972008705139,,,0.3853,-1.51418,0,,,,,,,,,GP3HD,0.3853,-1.51418,0.0901,0.36389,normalised
90.778635263443,,,0.43638,-1.52467,0,,,,,,,,,GP3HD,0.43638,-1.52467,0.0901,0.36389,normalised
90.79248929023743,,,0.3763,-1.51919,0,,,,,,,,,GP3HD,0.3763,-1.51919,0.0901,0.36389,normalised
90.8082103729248,,,0.34626,-1.51645,1,,,,,,,,,GP3HD,0.34626,-1.51645,0.0901,0.36389,normalised
90.82415723800659,,,0.34375,-1.48172,1,,,,,,,,,GP3HD,0.34375,-1.48172,0.0901,0.36389,normalised
90.84109091758728,,,0.32407,-1.47953,1,,,,,,,,,GP3HD,0.32407,-1.47953,0.0901,0.36389,normalised
90.85646605491638,,,0.31001,-1.47796,1,,,,,,,,,GP3HD,0.31001,-1.47796,0.0901,0.36389,normalised
90.87468266487122,,,0.30847,-1.47149,1,,,,,,,,,GP3HD,0.30847,-1.47149,0.0901,0.36389,normalised
90.88964772224426,,,0.29972,-1.47751,1,,,,,,,,,GP3HD,0.29972,-1.47751,0.0901,0.36389,normalised
90.90590929985046,,,0.29272,-1.48233,1,,,,,,,,,GP3HD,0.29272,-1.48233,0.0901,0.36389,normalised
90.92292666435242,,,0.30403,-1.49564,1,,,,,,,,,GP3HD,0.30403,-1.49564,0.0901,0.36389,normalised
90.9374327659607,,,0.30152,-1.49276,1,,,,,,,,,GP3HD,0.30152,-1.49276,0.0901,0.36389,normalised
90.95468497276306,,,0.30265,-1.49953,1,,,,,,,,,GP3HD,0.30265,-1.49953,0.0901,0.36389,normalised
90.97037196159363,,,0.32191,-1.50125,1,,,,,,,,,GP3HD,0.32191,-1.50125,0.0901,0.36389,normalised
90.98631024360657,,,0.34364,-1.51561,1,,,,,,,,,GP3HD,0.34364,-1.51561,0.0901,0.36389,normalised
91.00284004211426,,,0.37302,-1.53283,1,,,,,,,,,GP3HD,0.37302,-1.53283,0.0901,0.36389,normalised
91.01761865615845,,,0.43806,-1.55816,0,,,,,,,,,GP3HD,0.43806,-1.55816,0.0901,0.36389,normalised
91.03653502464294,,,0.72009,-1.57711,0,,,,,,,,,GP3HD,0.72009,-1.57711,0.0901,0.36389,normalised
91.05144238471985,,,0.81409,-1.58343,0,,,,,,,,,GP3HD,0.81409,-1.58343,0.0901,0.36389,normalised
91.06932067871094,,,1.01033,-1.56858,0,,,,,,,,,GP3HD,1.01033,-1.56858,0.0901,0.36389,normalised
91.08609318733215,,,1.01155,-1.54614,0,,,,,,,,,GP3HD,1.01155,-1.54614,0.0901,0.36389,normalised
91.09993195533752,,,1.01195,-1.53865,0,,,,,,,,,GP3HD,1.01195,-1.53865,0.0901,0.36389,normalised
91.11728358268738,,,1.02823,-1.53131,1,,,,,,,,,GP3HD,1.02823,-1.53131,0.0901,0.36389,normalised
91.13352632522583,,,1.2042,-1.41791,0,,,,,,,,,GP3HD,1.2042,-1.41791,0.0901,0.36389,normalised
91.14807486534119,,,1.45921,-1.26643,0,,,,,,,,,GP3HD,1.45921,-1.26643,0.0901,0.36389,normalised
91.16350030899048,,,1.32152,-1.35491,0,,,,,,,,,GP3HD,1.32152,-1.35491,0.0901,0.36389,normalised
91.18139290809631,,,1.29928,-1.35049,0,,,,,,,,,GP3HD,1.29928,-1.35049,0.0901,0.36389,normalised
91.19610500335693,,,1.21838,-1.37757,0,,,,,,,,,GP3HD,1.21838,-1.37757,0.0901,0.36389,normalised
91.2125494480133,,,1.14545,-1.44064,0,,,,,,,,,GP3HD,1.14545,-1.44064,0.0901,0.36389,normalised
91.23034477233887,,,1.06507,-1.48209,0,,,,,,,,,GP3HD,1.06507,-1.48209,0.0901,0.36389,normalised
91.24611711502075,,,1.19622,-1.52908,0,,,,,,,,,GP3HD,1.19622,-1.52908,0.0901,0.36389,normalised
91.26041221618652,,,1.3569,-1.60139,0,,,,,,,,,GP3HD,1.3569,-1.60139,0.0901,0.36389,normalised
91.27683520317078,,,1.69752,-1.71054,0,,,,,,,,,GP3HD,1.69752,-1.71054,0.0901,0.36389,normalised
91.29432606697083,,,2.21558,-1.70347,0,,,,,,,,,GP3HD,2.21558,-1.70347,0.0901,0.36389,normalised
91.31110620498657,,,2.54993,-1.53575,0,,,,,,,,,GP3HD,2.54993,-1.53575,0.0901,0.36389,normalised
91.3253562450409,,,3.0443,-1.38472,0,,,,,,,,,GP3HD,3.0443,-1.38472,0.0901,0.36389,normalised
91.34240460395813,,,3.11247,-1.32109,0,,,,,,,,,GP3HD,3.11247,-1.32109,0.0901,0.36389,normalised
91.36022233963013,,,3.11272,-1.36152,0,,,,,,,,,GP3HD,3.11272,-1.36152,0.0901,0.36389,normalised
91.3748369216919,,,3.14111,-1.34643,0,,,,,,,,,GP3HD,3.14111,-1.34643,0.0901,0.36389,normalised
91.39089918136597,,,3.13529,-1.34295,0,,,,,,,,,GP3HD,3.13529,-1.34295,0.0901,0.36389,normalised
91.40688824653625,,,3.24367,-1.21201,0,,,,,,,,,GP3HD,3.24367,-1.21201,0.0901,0.36389,normalised
91.42220139503479,,,3.38726,-1.06754,0,,,,,,,,,GP3HD,3.38726,-1.06754,0.0901,0.36389,normalised
91.44132661819458,,,3.47957,-0.99029,0,,,,,,,,,GP3HD,3.47957,-0.99029,0.0901,0.36389,normalised
91.45457577705383,,,3.39044,-1.04719,0,,,,,,,,,GP3HD,3.39044,-1.04719,0.0901,0.36389,normalised
91.47200226783752,,,3.46994,-0.95443,0,,,,,,,,,GP3HD,3.46994,-0.95443,0.0901,0.36389,normalised
91.48685765266418,,,3.54784,-0.87185,0,,,,,,,,,GP3HD,3.54784,-0.87185,0.0901,0.36389,normalised
91.5065655708313,,,3.49542,-0.89798,0,,,,,,,,,GP3HD,3.49542,-0.89798,0.0901,0.36389,normalised
91.52018880844116,,,3.48294,-0.91925,1,,,,,,,,,GP3HD,3.48294,-0.91925,0.0901,0.36389,normalised
91.53712511062622,,,3.47546,-0.93202,1,,,,,,,,,GP3HD,3.47546,-0.93202,0.0901,0.36389,normalised
91.55281734466553,,,3.90108,-0.50605,0,,,,,,,,,GP3HD,3.90108,-0.50605,0.0901,0.36389,normalised
91.56860303878784,,,3.74565,-0.70493,0,,,,,,,,,GP3HD,3.74565,-0.70493,0.0901,0.36389,normalised
91.58638024330139,,,3.69384,-0.77122,0,,,,,,,,,GP3HD,3.69384,-0.77122,0.0901,0.36389,normalised
91.60209465026855,,,3.54722,-0.94796,0,,,,,,,,,GP3HD,3.54722,-0.94796,0.0901,0.36389,normalised
91.61908531188965,,,3.49801,-1.01161,0,,,,,,,,,GP3HD,3.49801,-1.01161,0.0901,0.36389,normalised
91.63300204277039,,,3.25475,-1.04799,0,,,,,,,,,GP3HD,3.25475,-1.04799,0.0901,0.36389,normalised
91.65069365501404,,,2.64149,-1.22399,0,,,,,,,,,GP3HD,2.64149,-1.22399,0.0901,0.36389,normalised
91.66737413406372,,,1.82273,-1.33372,0,,,,,,,,,GP3HD,1.82273,-1.33372,0.0901,0.36389,normalised
91.68421006202698,,,1.38351,-1.31627,0,,,,,,,,,GP3HD,1.38351,-1.31627,0.0901,0.36389,normalised
91.69784164428711,,,0.61994,-1.34027,0,,,,,,,,,GP3HD,0.61994,-1.34027,0.0901,0.36389,normalised
91.71326613426208,,,0.47683,-1.33696,0,,,,,,,,,GP3HD,0.47683,-1.33696,0.0901,0.36389,normalised
91.73112487792969,,,0.42912,-1.33585,0,,,,,,,,,GP3HD,0.42912,-1.33585,0.0901,0.36389,normalised
91.7463128566742,,,0.35113,-1.29062,0,,,,,,,,,GP3HD,0.35113,-1.29062,0.0901,0.36389,normalised
91.76422262191772,,,0.42213,-1.22652,0,,,,,,,,,GP3HD,0.42213,-1.22652,0.0901,0.36389,normalised
91.77919912338257,,,0.4458,-1.20515,0,,,,,,,,,GP3HD,0.4458,-1.20515,0.0901,0.36389,normalised
91.79543805122375,,,0.39097,-1.0709,0,,,,,,,,,GP3HD,0.39097,-1.0709,0.0901,0.36389,normalised
91.81182026863098,,,0.26619,-1.02292,0,,,,,,,,,GP3HD,0.26619,-1.02292,0.0901,0.36389,normalised
91.82958483695984,,,0.24064,-0.93897,0,,,,,,,,,GP3HD,0.24064,-0.93897,0.0901,0.36389,normalised
91.843998670578,,,0.17449,-0.83984,0,,,,,,,,,GP3HD,0.17449,-0.83984,0.0901,0.36389,normalised
91.86027264595032,,,0.18921,-0.65782,0,,,,,,,,,GP3HD,0.18921,-0.65782,0.0901,0.36389,normalised
91.87816596031189,,,0.21237,-0.49438,0,,,,,,,,,GP3HD,0.21237,-0.49438,0.0901,0.36389,normalised
91.89300012588501,,,0.43121,-0.03517,0,,,,,,,,,GP3HD,0.43121,-0.03517,0.0901,0.36389,normalised
91.90894269943237,,,0.6217,0.27495,0,,,,,,,,,GP3HD,0.6217,0.27495,0.0901,0.36389,normalised
91.92622184753418,,,0.68519,0.37832,0,,,,,,,,,GP3HD,0.68519,0.37832,0.0901,0.36389,normalised
91.9410080909729,,,0.83759,0.5952,0,,,,,,,,,GP3HD,0.83759,0.5952,0.0901,0.36389,normalised
91.95629405975342,,,0.85328,0.5822,0,,,,,,,,,GP3HD,0.85328,0.5822,0.0901,0.36389,normalised
91.972731590271,,,0.85851,0.57786,0,,,,,,,,,GP3HD,0.85851,0.57786,0.0901,0.36389,normalised
91.98871064186096,,,0.87436,0.58576,1,,,,,,,,,GP3HD,0.87436,0.58576,0.0901,0.36389,normalised
92.00547623634338,,,0.88298,0.58815,1,,,,,,,,,GP3HD,0.88298,0.58815,0.0901,0.36389,normalised
92.02297854423523,,,0.88873,0.58974,1,,,,,,,,,GP3HD,0.88873,0.58974,0.0901,0.36389,normalised
92.03665018081665,,,0.88324,0.58714,1,,,,,,,,,GP3HD,0.88324,0.58714,0.0901,0.36389,normalised
92.05420112609863,,,0.8801,0.58107,1,,,,,,,,,GP3HD,0.8801,0.58107,0.0901,0.36389,normalised
92.07062649726868,,,0.87765,0.57635,1,,,,,,,,,GP3HD,0.87765,0.57635,0.0901,0.36389,normalised
92.08526659011841,,,0.87429,0.5723,1,,,,,,,,,GP3HD,0.87429,0.5723,0.0901,0.36389,normalised
92.10278010368347,,,0.87202,0.56877,1,,,,,,,,,GP3HD,0.87202,0.56877,0.0901,0.36389,normalised
92.1195740699768,,,0.87013,0.56583,1,,,,,,,,,GP3HD,0.87013,0.56583,0.0901,0.36389,normalised
92.13522052764893,,,0.87867,0.57613,1,,,,,,,,,GP3HD,0.87867,0.57613,0.0901,0.36389,normalised
92.1514949798584,,,0.8854,0.58148,1,,,,,,,,,GP3HD,0.8854,0.58148,0.0901,0.36389,normalised
92.16886758804321,,,0.89123,0.58611,1,,,,,,,,,GP3HD,0.89123,0.58611,0.0901,0.36389,normalised
92.18355131149292,,,0.89578,0.58902,1,,,,,,,,,GP3HD,0.89578,0.58902,0.0901,0.36389,normalised
92.20152425765991,,,0.90019,0.59066,1,,,,,,,,,GP3HD,0.90019,0.59066,0.0901,0.36389,normalised
92.21541810035706,,,0.90412,0.59212,1,,,,,,,,,GP3HD,0.90412,0.59212,0.0901,0.36389,normalised
92.23216485977173,,,0.90974,0.5987,1,,,,,,,,,GP3HD,0.90974,0.5987,0.0901,0.36389,normalised
92.24691605567932,,,0.93948,0.62306,0,,,,,,,,,GP3HD,0.93948,0.62306,0.0901,0.36389,normalised
92.26367139816284,,,0.9845,0.68648,0,,,,,,,,,GP3HD,0.9845,0.68648,0.0901,0.36389,normalised
92.28000831604004,,,0.99198,0.71739,0,,,,,,,,,GP3HD,0.99198,0.71739,0.0901,0.36389,normalised
92.29678416252136,,,1.01242,0.76417,0,,,,,,,,,GP3HD,1.01242,0.76417,0.0901,0.36389,normalised
92.31164717674255,,,1.0066,0.76379,0,,,,,,,,,GP3HD,1.0066,0.76379,0.0901,0.36389,normalised
92.32952809333801,,,0.98995,0.73577,0,,,,,,,,,GP3HD,0.98995,0.73577,0.0901,0.36389,normalised
92.34524512290955,,,0.97835,0.72538,1,,,,,,,,,GP3HD,0.97835,0.72538,0.0901,0.36389,normalised
92.36188626289368,,,0.97139,0.71915,1,,,,,,,,,GP3HD,0.97139,0.71915,0.0901,0.36389,normalised
92.37894916534424,,,0.97171,0.7155,1,,,,,,,,,GP3HD,0.97171,0.7155,0.0901,0.36389,normalised
92.3959653377533,,,0.97053,0.7106,1,,,,,,,,,GP3HD,0.97053,0.7106,0.0901,0.36389,normalised
92.40971994400024,,,0.97031,0.7126,1,,,,,,,,,GP3HD,0.97031,0.7126,0.0901,0.36389,normalised
92.42689180374146,,,0.96977,0.72085,1,,,,,,,,,GP3HD,0.96977,0.72085,0.0901,0.36389,normalised
92.44267797470093,,,0.96967,0.73781,1,,,,,,,,,GP3HD,0.96967,0.73781,0.0901,0.36389,normalised
92.45793986320496,,,0.9704,0.75739,1,,,,,,,,,GP3HD,0.9704,0.75739,0.0901,0.36389,normalised
92.4761610031128,,,0.97085,0.76984,1,,,,,,,,,GP3HD,0.97085,0.76984,0.0901,0.36389,normalised
92.4922866821289,,,0.97003,0.78258,1,,,,,,,,,GP3HD,0.97003,0.78258,0.0901,0.36389,normalised
92.50650238990784,,,0.96296,0.75511,1,,,,,,,,,GP3HD,0.96296,0.75511,0.0901,0.36389,normalised
92.52296495437622,,,0.94026,0.67535,1,,,,,,,,,GP3HD,0.94026,0.67535,0.0901,0.36389,normalised
92.54140186309814,,,0.85133,0.4701,0,,,,,,,,,GP3HD,0.85133,0.4701,0.0901,0.36389,normalised
92.55540084838867,,,0.07351,-1.17661,0,,,,,,,,,GP3HD,0.07351,-1.17661,0.0901,0.36389,normalised
92.57285952568054,,,-0.29926,-1.90233,0,,,,,,,,,GP3HD,-0.29926,-1.90233,0.0901,0.36389,normalised
92.58647751808167,,,-0.84342,-3.05329,0,,,,,,,,,GP3HD,-0.84342,-3.05329,0.0901,0.36389,normalised
92.60354232788086,,,-1.3885,-3.95718,0,,,,,,,,,GP3HD,-1.3885,-3.95718,0.0901,0.36389,normalised
92.61950469017029,,,-1.76328,-4.53526,0,,,,,,,,,GP3HD,-1.76328,-4.53526,0.0901,0.36389,normalised
92.6373233795166,,,-2.07539,-5.03261,0,,,,,,,,,GP3HD,-2.07539,-5.03261,0.0901,0.36389,normalised
92.65401339530945,,,-1.92757,-4.78897,0,,,,,,,,,GP3HD,-1.92757,-4.78897,0.0901,0.36389,normalised
92.66925501823425,,,-1.8617,-4.68455,0,,,,,,,,,GP3HD,-1.8617,-4.68455,0.0901,0.36389,normalised
92.68599915504456,,,-1.78129,-4.55744,0,,,,,,,,,GP3HD,-1.78129,-4.55744,0.0901,0.36389,normalised
92.70006394386292,,,-1.78129,-4.55744,0,,,,,,,,,GP3HD,-1.78129,-4.55744,0.0901,0.36389,normalised
92.72368168830872,,,-1.78129,-4.55744,0,,,,,,,,,GP3HD,-1.78129,-4.55744,0.0901,0.36389,normalised
92.73839092254639,,,0.0,0.0,0,,,,,,,,,GP3HD,0.0,0.0,0.0901,0.36389,normalised
92.75447821617126,,,0.0,0.0,0,,,,,,,,,GP3HD,0.0,0.0,0.0901,0.36389,normalised
92.76987528800964,,,0.0,0.0,0,,,,,,,,,GP3HD,0.0,0.0,0.0901,0.36389,normalised
92.78672385215759,,,0.0,0.0,0,,,,,,,,,GP3HD,0.0,0.0,0.0901,0.36389,normalised
92.80281186103821,,,0.0,0.0,0,,,,,,,,,GP3HD,0.0,0.0,0.0901,0.36389,normalised
92.81971645355225,,,0.0,0.0,0,,,,,,,,,GP3HD,0.0,0.0,0.0901,0.36389,normalised
92.83320689201355,,,0.0,0.0,0,,,,,,,,,GP3HD,0.0,0.0,0.0901,0.36389,normalised
92.85082054138184,,,-0.91707,-2.32564,0,,,,,,,,,GP3HD,-0.91707,-2.32564,0.0901,0.36389,normalised
92.86354207992554,,,-1.78802,-3.93781,0,,,,,,,,,GP3HD,-1.78802,-3.93781,0.0901,0.36389,normalised
92.8792314529419,,,-2.73484,-5.99775,0,,,,,,,,,GP3HD,-2.73484,-5.99775,0.0901,0.36389,normalised
92.89587163925171,,,-2.78765,-6.08878,0,,,,,,,,,GP3HD,-2.78765,-6.08878,0.0901,0.36389,normalised
92.91161298751831,,,-2.7851,-6.07374,0,,,,,,,,,GP3HD,-2.7851,-6.07374,0.0901,0.36389,normalised
92.92850804328918,,,-2.5431,-5.70077,0,,,,,,,,,GP3HD,-2.5431,-5.70077,0.0901,0.36389,normalised
92.944020986557,,,-2.27597,-5.28981,0,,,,,,,,,GP3HD,-2.27597,-5.28981,0.0901,0.36389,normalised
92.96064376831055,,,-2.58566,-5.73933,0,,,,,,,,,GP3HD,-2.58566,-5.73933,0.0901,0.36389,normalised
92.97772479057312,,,-2.55658,-5.69539,1,,,,,,,,,GP3HD,-2.55658,-5.69539,0.0901,0.36389,normalised
92.9922182559967,,,-2.53914,-5.66903,1,,,,,,,,,GP3HD,-2.53914,-5.66903,0.0901,0.36389,normalised
93.00832557678223,,,-2.54591,-5.67886,1,,,,,,,,,GP3HD,-2.54591,-5.67886,0.0901,0.36389,normalised
93.02495312690735,,,-2.60918,-5.76883,1,,,,,,,,,GP3HD,-2.60918,-5.76883,0.0901,0.36389,normalised
93.04043984413147,,,-2.67286,-5.85566,0,,,,,,,,,GP3HD,-2.67286,-5.85566,0.0901,0.36389,normalised
93.05822944641113,,,-4.6035,-8.61495,0,,,,,,,,,GP3HD,-4.6035,-8.61495,0.0901,0.36389,normalised
93.07322525978088,,,-5.45295,-9.79194,0,,,,,,,,,GP3HD,-5.45295,-9.79194,0.0901,0.36389,normalised
93.08905792236328,,,-6.94594,-11.8887,0,,,,,,,,,GP3HD,-6.94594,-11.8887,0.0901,0.36389,normalised
93.1068115234375,,,-4.88493,-8.98872,0,,,,,,,,,GP3HD,-4.88493,-8.98872,0.0901,0.36389,normalised
93.12258219718933,,,-5.35538,-9.64658,0,,,,,,,,,GP3HD,-5.35538,-9.64658,0.0901,0.36389,normalised
93.13841438293457,,,-5.13883,-9.33778,0,,,,,,,,,GP3HD,-5.13883,-9.33778,0.0901,0.36389,normalised
93.15601396560669,,,-3.86098,-7.54036,0,,,,,,,,,GP3HD,-3.86098,-7.54036,0.0901,0.36389,normalised
93.16982746124268,,,-2.92689,-6.14483,0,,,,,,,,,GP3HD,-2.92689,-6.14483,0.0901,0.36389,normalised
93.18653535842896,,,-1.56685,-4.15016,0,,,,,,,,,GP3HD,-1.56685,-4.15016,0.0901,0.36389,normalised
93.20214176177979,,,-0.57271,-2.59938,0,,,,,,,,,GP3HD,-0.57271,-2.59938,0.0901,0.36389,normalised
93.21955299377441,,,-0.19604,-2.0231,0,,,,,,,,,GP3HD,-0.19604,-2.0231,0.0901,0.36389,normalised
93.23406267166138,,,0.51201,-0.9299,0,,,,,,,,,GP3HD,0.51201,-0.9299,0.0901,0.36389,normalised
93.2507643699646,,,0.51352,-0.92835,0,,,,,,,,,GP3HD,0.51352,-0.92835,0.0901,0.36389,normalised
93.26779651641846,,,0.52195,-0.91203,0,,,,,,,,,GP3HD,0.52195,-0.91203,0.0901,0.36389,normalised
93.28548550605774,,,0.52616,-0.90387,1,,,,,,,,,GP3HD,0.52616,-0.90387,0.0901,0.36389,normalised
93.29920744895935,,,0.53039,-0.88994,1,,,,,,,,,GP3HD,0.53039,-0.88994,0.0901,0.36389,normalised
93.31563472747803,,,0.53264,-0.88755,1,,,,,,,,,GP3HD,0.53264,-0.88755,0.0901,0.36389,normalised
93.33323621749878,,,0.53425,-0.88584,1,,,,,,,,,GP3HD,0.53425,-0.88584,0.0901,0.36389,normalised
93.3478307723999,,,0.53899,-0.88057,1,,,,,,,,,GP3HD,0.53899,-0.88057,0.0901,0.36389,normalised
93.36370539665222,,,0.36214,-1.15442,0,,,,,,,,,GP3HD,0.36214,-1.15442,0.0901,0.36389,normalised
93.37934374809265,,,-0.27036,-2.13755,0,,,,,,,,,GP3HD,-0.27036,-2.13755,0.0901,0.36389,normalised
93.39848494529724,,,-0.52592,-2.53212,0,,,,,,,,,GP3HD,-0.52592,-2.53212,0.0901,0.36389,normalised
93.41235899925232,,,-0.92883,-3.1597,0,,,,,,,,,GP3HD,-0.92883,-3.1597,0.0901,0.36389,normalised
93.4293098449707,,,-0.8877,-3.09841,0,,,,,,,,,GP3HD,-0.8877,-3.09841,0.0901,0.36389,normalised
93.44511198997498,,,-0.87295,-3.08194,0,,,,,,,,,GP3HD,-0.87295,-3.08194,0.0901,0.36389,normalised
93.46139693260193,,,-0.88311,-3.10039,1,,,,,,,,,GP3HD,-0.88311,-3.10039,0.0901,0.36389,normalised
93.4770655632019,,,-0.8892,-3.11147,1,,,,,,,,,GP3HD,-0.8892,-3.11147,0.0901,0.36389,normalised
93.49372506141663,,,-0.87023,-3.08648,1,,,,,,,,,GP3HD,-0.87023,-3.08648,0.0901,0.36389,normalised
93.51178193092346,,,-0.88794,-3.11409,1,,,,,,,,,GP3HD,-0.88794,-3.11409,0.0901,0.36389,normalised
93.52650713920593,,,-0.90123,-3.1348,1,,,,,,,,,GP3HD,-0.90123,-3.1348,0.0901,0.36389,normalised
93.54334211349487,,,-0.89964,-3.1315,1,,,,,,,,,GP3HD,-0.89964,-3.1315,0.0901,0.36389,normalised
93.55711483955383,,,-0.88821,-3.11392,1,,,,,,,,,GP3HD,-0.88821,-3.11392,0.0901,0.36389,normalised
93.57441568374634,,,-0.87886,-3.09953,1,,,,,,,,,GP3HD,-0.87886,-3.09953,0.0901,0.36389,normalised
93.59182667732239,,,-0.87705,-3.09697,1,,,,,,,,,GP3HD,-0.87705,-3.09697,0.0901,0.36389,normalised
93.60756325721741,,,-0.87,-3.08814,1,,,,,,,,,GP3HD,-0.87,-3.08814,0.0901,0.36389,normalised
93.62227964401245,,,-0.86395,-3.08057,1,,,,,,,,,GP3HD,-0.86395,-3.08057,0.0901,0.36389,normalised
93.63942408561707,,,-0.86388,-3.07987,1,,,,,,,,,GP3HD,-0.86388,-3.07987,0.0901,0.36389,normalised
93.65556025505066,,,-0.85891,-3.07316,1,,,,,,,,,GP3HD,-0.85891,-3.07316,0.0901,0.36389,normalised
93.67271423339844,,,-0.85451,-3.06725,1,,,,,,,,,GP3HD,-0.85451,-3.06725,0.0901,0.36389,normalised
93.68697834014893,,,-0.85458,-3.06692,1,,,,,,,,,GP3HD,-0.85458,-3.06692,0.0901,0.36389,normalised
93.70443439483643,,,-0.82884,-3.02987,0,,,,,,,,,GP3HD,-0.82884,-3.02987,0.0901,0.36389,normalised
93.72033047676086,,,-0.80402,-2.99119,0,,,,,,,,,GP3HD,-0.80402,-2.99119,0.0901,0.36389,normalised
93.73515272140503,,,-0.82585,-3.0187,0,,,,,,,,,GP3HD,-0.82585,-3.0187,0.0901,0.36389,normalised
93.75272369384766,,,-0.82197,-3.01462,1,,,,,,,,,GP3HD,-0.82197,-3.01462,0.0901,0.36389,normalised
93.76765036582947,,,-0.53894,-2.55849,0,,,,,,,,,GP3HD,-0.53894,-2.55849,0.0901,0.36389,normalised
93.78396368026733,,,-0.53894,-2.55849,0,,,,,,,,,GP3HD,-0.53894,-2.55849,0.0901,0.36389,normalised
93.80386805534363,,,-1.68186,-4.34113,0,,,,,,,,,GP3HD,-1.68186,-4.34113,0.0901,0.36389,normalised
93.81686639785767,,,-2.82478,-6.12377,0,,,,,,,,,GP3HD,-2.82478,-6.12377,0.0901,0.36389,normalised
93.83283352851868,,,-2.52234,-5.6755,0,,,,,,,,,GP3HD,-2.52234,-5.6755,0.0901,0.36389,normalised
93.84984111785889,,,-3.54716,-7.16264,0,,,,,,,,,GP3HD,-3.54716,-7.16264,0.0901,0.36389,normalised
93.86566495895386,,,-4.47118,-8.50035,0,,,,,,,,,GP3HD,-4.47118,-8.50035,0.0901,0.36389,normalised
93.88149952888489,,,-3.20633,-6.64661,0,,,,,,,,,GP3HD,-3.20633,-6.64661,0.0901,0.36389,normalised
93.8983507156372,,,-2.95666,-6.28776,0,,,,,,,,,GP3HD,-2.95666,-6.28776,0.0901,0.36389,normalised
93.91532731056213,,,-2.28536,-5.31099,0,,,,,,,,,GP3HD,-2.28536,-5.31099,0.0901,0.36389,normalised
93.93078422546387,,,-1.58715,-4.20693,0,,,,,,,,,GP3HD,-1.58715,-4.20693,0.0901,0.36389,normalised
93.94803953170776,,,-1.36793,-3.85645,0,,,,,,,,,GP3HD,-1.36793,-3.85645,0.0901,0.36389,normalised
93.96447587013245,,,-0.91598,-3.13795,0,,,,,,,,,GP3HD,-0.91598,-3.13795,0.0901,0.36389,normalised
93.97912955284119,,,-0.93092,-3.16191,0,,,,,,,,,GP3HD,-0.93092,-3.16191,0.0901,0.36389,normalised
93.99545526504517,,,-1.44683,-3.89874,0,,,,,,,,,GP3HD,-1.44683,-3.89874,0.0901,0.36389,normalised
94.01107692718506,,,-1.96773,-4.64357,0,,,,,,,,,GP3HD,-1.96773,-4.64357,0.0901,0.36389,normalised
94.0266580581665,,,-1.34445,-3.75562,0,,,,,,,,,GP3HD,-1.34445,-3.75562,0.0901,0.36389,normalised
94.0434181690216,,,-1.12678,-3.44136,0,,,,,,,,,GP3HD,-1.12678,-3.44136,0.0901,0.36389,normalised
94.06078267097473,,,-0.70135,-2.83111,0,,,,,,,,,GP3HD,-0.70135,-2.83111,0.0901,0.36389,normalised
94.07557082176208,,,-0.74057,-2.8962,0,,,,,,,,,GP3HD,-0.74057,-2.8962,0.0901,0.36389,normalised
94.09286403656006,,,-0.94567,-3.19961,0,,,,,,,,,GP3HD,-0.94567,-3.19961,0.0901,0.36389,normalised
94.10960984230042,,,-1.75719,-4.44834,0,,,,,,,,,GP3HD,-1.75719,-4.44834,0.0901,0.36389,normalised
94.12462377548218,,,-1.91409,-4.7128,0,,,,,,,,,GP3HD,-1.91409,-4.7128,0.0901,0.36389,normalised
94.13980627059937,,,-1.91409,-4.7128,0,,,,,,,,,GP3HD,-1.91409,-4.7128,0.0901,0.36389,normalised
94.16112303733826,,,-2.07098,-4.97727,0,,,,,,,,,GP3HD,-2.07098,-4.97727,0.0901,0.36389,normalised
94.17794346809387,,,-1.87264,-4.67811,0,,,,,,,,,GP3HD,-1.87264,-4.67811,0.0901,0.36389,normalised
94.18947243690491,,,-2.06255,-4.97057,0,,,,,,,,,GP3HD,-2.06255,-4.97057,0.0901,0.36389,normalised
94.20611929893494,,,-2.06255,-4.97057,1,,,,,,,,,GP3HD,-2.06255,-4.97057,0.0901,0.36389,normalised
94.22455716133118,,,-1.99687,-4.88118,0,,,,,,,,,GP3HD,-1.99687,-4.88118,0.0901,0.36389,normalised
94.23866653442383,,,-1.81934,-4.61681,0,,,,,,,,,GP3HD,-1.81934,-4.61681,0.0901,0.36389,normalised
94.25320553779602,,,-1.76017,-4.52869,0,,,,,,,,,GP3HD,-1.76017,-4.52869,0.0901,0.36389,normalised
94.27119064331055,,,-1.41123,-3.97567,0,,,,,,,,,GP3HD,-1.41123,-3.97567,0.0901,0.36389,normalised
94.28628635406494,,,-1.32845,-3.83712,0,,,,,,,,,GP3HD,-1.32845,-3.83712,0.0901,0.36389,normalised
94.30379676818848,,,-1.32845,-3.83712,0,,,,,,,,,GP3HD,-1.32845,-3.83712,0.0901,0.36389,normalised
94.32081699371338,,,-1.24568,-3.69857,0,,,,,,,,,GP3HD,-1.24568,-3.69857,0.0901,0.36389,normalised
94.340571641922,,,-1.24568,-3.69857,0,,,,,,,,,GP3HD,-1.24568,-3.69857,0.0901,0.36389,normalised
94.35507559776306,,,-1.24568,-3.69857,0,,,,,,,,,GP3HD,-1.24568,-3.69857,0.0901,0.36389,normalised
94.3720166683197,,,0.0,0.0,0,,,,,,,,,GP3HD,0.0,0.0,0.0901,0.36389,normalised
94.38757252693176,,,0.0,0.0,0,,,,,,,,,GP3HD,0.0,0.0,0.0901,0.36389,normalised
94.40418744087219,,,0.0,0.0,0,,,,,,,,,GP3HD,0.0,0.0,0.0901,0.36389,normalised
94.42070174217224,,,0.0,0.0,0,,,,,,,,,GP3HD,0.0,0.0,0.0901,0.36389,normalised
94.43717217445374,,,0.0,0.0,0,,,,,,,,,GP3HD,0.0,0.0,0.0901,0.36389,normalised
94.45182061195374,,,0.0,0.0,0,,,,,,,,,GP3HD,0.0,0.0,0.0901,0.36389,normalised
94.4672863483429,,,0.0,0.0,0,,,,,,,,,GP3HD,0.0,0.0,0.0901,0.36389,normalised
94.48507356643677,,,-0.51361,-1.61746,0,,,,,,,,,GP3HD,-0.51361,-1.61746,0.0901,0.36389,normalised
94.49561858177185,,,-0.68482,-2.15661,0,,,,,,,,,GP3HD,-0.68482,-2.15661,0.0901,0.36389,normalised
94.51237869262695,,,-0.94119,-3.10719,0,,,,,,,,,GP3HD,-0.94119,-3.10719,0.0901,0.36389,normalised
94.52808952331543,,,-1.04952,-3.33338,0,,,,,,,,,GP3HD,-1.04952,-3.33338,0.0901,0.36389,normalised
94.54580235481262,,,-1.04952,-3.33338,0,,,,,,,,,GP3HD,-1.04952,-3.33338,0.0901,0.36389,normalised
94.56501173973083,,,-1.15786,-3.55957,0,,,,,,,,,GP3HD,-1.15786,-3.55957,0.0901,0.36389,normalised
94.58263444900513,,,-1.15786,-3.55957,0,,,,,,,,,GP3HD,-1.15786,-3.55957,0.0901,0.36389,normalised
94.59578061103821,,,-1.15786,-3.55957,0,,,,,,,,,GP3HD,-1.15786,-3.55957,0.0901,0.36389,normalised
94.6134033203125,,,0.0,0.0,0,,,,,,,,,GP3HD,0.0,0.0,0.0901,0.36389,normalised
94.63030076026917,,,0.0,0.0,0,,,,,,,,,GP3HD,0.0,0.0,0.0901,0.36389,normalised
94.64638781547546,,,0.0,0.0,0,,,,,,,,,GP3HD,0.0,0.0,0.0901,0.36389,normalised
94.66000151634216,,,0.0,0.0,0,,,,,,,,,GP3HD,0.0,0.0,0.0901,0.36389,normalised
94.67471933364868,,,0.0,0.0,0,,,,,,,,,GP3HD,0.0,0.0,0.0901,0.36389,normalised
94.69448280334473,,,0.0,0.0,0,,,,,,,,,GP3HD,0.0,0.0,0.0901,0.36389,normalised
94.70890593528748,,,0.0,0.0,0,,,,,,,,,GP3HD,0.0,0.0,0.0901,0.36389,normalised
94.72667813301086,,,0.0,0.0,0,,,,,,,,,GP3HD,0.0,0.0,0.0901,0.36389,normalised
94.7442946434021,,,0.0,0.0,0,,,,,,,,,GP3HD,0.0,0.0,0.0901,0.36389,normalised
94.75701403617859,,,0.0,0.0,0,,,,,,,,,GP3HD,0.0,0.0,0.0901,0.36389,normalised
94.7779107093811,,,0.0,0.0,0,,,,,,,,,GP3HD,0.0,0.0,0.0901,0.36389,normalised
94.7923731803894,,,0.0,0.0,0,,,,,,,,,GP3HD,0.0,0.0,0.0901,0.36389,normalised
94.80556678771973,,,0.0,0.0,0,,,,,,,,,GP3HD,0.0,0.0,0.0901,0.36389,normalised
94.82212424278259,,,0.0,0.0,0,,,,,,,,,GP3HD,0.0,0.0,0.0901,0.36389,normalised
94.83894205093384,,,0.0,0.0,0,,,,,,,,,GP3HD,0.0,0.0,0.0901,0.36389,normalised
94.8534586429596,,,0.0,0.0,0,,,,,,,,,GP3HD,0.0,0.0,0.0901,0.36389,normalised
94.87359023094177,,,0.0,0.0,0,,,,,,,,,GP3HD,0.0,0.0,0.0901,0.36389,normalised
94.88933897018433,,,0.0,0.0,0,,,,,,,,,GP3HD,0.0,0.0,0.0901,0.36389,normalised
94.90425372123718,,,0.0,0.0,0,,,,,,,,,GP3HD,0.0,0.0,0.0901,0.36389,normalised
94.91939663887024,,,0.0,0.0,0,,,,,,,,,GP3HD,0.0,0.0,0.0901,0.36389,normalised
94.93620204925537,,,0.0,0.0,0,,,,,,,,,GP3HD,0.0,0.0,0.0901,0.36389,normalised
94.95164155960083,,,0.0,0.0,0,,,,,,,,,GP3HD,0.0,0.0,0.0901,0.36389,normalised
94.96925377845764,,,0.0,0.0,0,,,,,,,,,GP3HD,0.0,0.0,0.0901,0.36389,normalised
94.98407626152039,,,0.0,0.0,0,,,,,,,,,GP3HD,0.0,0.0,0.0901,0.36389,normalised
95.00003147125244,,,0.0,0.0,0,,,,,,,,,GP3HD,0.0,0.0,0.0901,0.36389,normalised
95.01696515083313,,,0.0,0.0,0,,,,,,,,,GP3HD,0.0,0.0,0.0901,0.36389,normalised
95.03284072875977,,,0.0,0.0,0,,,,,,,,,GP3HD,0.0,0.0,0.0901,0.36389,normalised
95.04935622215271,,,0.0,0.0,0,,,,,,,,,GP3HD,0.0,0.0,0.0901,0.36389,normalised
95.06463170051575,,,0.0,0.0,0,,,,,,,,,GP3HD,0.0,0.0,0.0901,0.36389,normalised
95.08139634132385,,,0.0,0.0,0,,,,,,,,,GP3HD,0.0,0.0,0.0901,0.36389,normalised
95.0972511768341,,,0.0,0.0,0,,,,,,,,,GP3HD,0.0,0.0,0.0901,0.36389,normalised
95.11405491828918,,,0.0,0.0,0,,,,,,,,,GP3HD,0.0,0.0,0.0901,0.36389,normalised
95.13100552558899,,,0.0,0.0,0,,,,,,,,,GP3HD,0.0,0.0,0.0901,0.36389,normalised
95.1488356590271,,,0.0,0.0,0,,,,,,,,,GP3HD,0.0,0.0,0.0901,0.36389,normalised
95.16501545906067,,,0.0,0.0,0,,,,,,,,,GP3HD,0.0,0.0,0.0901,0.36389,normalised
95.17941784858704,,,0.0,0.0,0,,,,,,,,,GP3HD,0.0,0.0,0.0901,0.36389,normalised
95.19613432884216,,,0.0,0.0,0,,,,,,,,,GP3HD,0.0,0.0,0.0901,0.36389,normalised
95.2105770111084,,,0.0,0.0,0,,,,,,,,,GP3HD,0.0,0.0,0.0901,0.36389,normalised
95.22938418388367,,,0.0,0.0,0,,,,,,,,,GP3HD,0.0,0.0,0.0901,0.36389,normalised
95.24485397338867,,,0.0,0.0,0,,,,,,,,,GP3HD,0.0,0.0,0.0901,0.36389,normalised
95.26158595085144,,,0.0,0.0,0,,,,,,,,,GP3HD,0.0,0.0,0.0901,0.36389,normalised
95.2761914730072,,,0.07457,-0.71462,0,,,,,,,,,GP3HD,0.07457,-0.71462,0.0901,0.36389,normalised
95.28991937637329,,,0.14915,-1.42924,0,,,,,,,,,GP3HD,0.14915,-1.42924,0.0901,0.36389,normalised
95.30662751197815,,,0.14915,-1.42924,0,,,,,,,,,GP3HD,0.14915,-1.42924,0.0901,0.36389,normalised
95.32421946525574,,,0.14915,-1.42924,0,,,,,,,,,GP3HD,0.14915,-1.42924,0.0901,0.36389,normalised
95.33957386016846,,,0.0,0.0,0,,,,,,,,,GP3HD,0.0,0.0,0.0901,0.36389,normalised
95.35574293136597,,,0.0,0.0,0,,,,,,,,,GP3HD,0.0,0.0,0.0901,0.36389,normalised
95.37216567993164,,,0.0,0.0,0,,,,,,,,,GP3HD,0.0,0.0,0.0901,0.36389,normalised
95.38776564598083,,,0.0,0.0,0,,,,,,,,,GP3HD,0.0,0.0,0.0901,0.36389,normalised
95.40564751625061,,,0.0,0.0,0,,,,,,,,,GP3HD,0.0,0.0,0.0901,0.36389,normalised
95.4232656955719,,,0.0,0.0,0,,,,,,,,,GP3HD,0.0,0.0,0.0901,0.36389,normalised
95.43907403945923,,,0.0,0.0,0,,,,,,,,,GP3HD,0.0,0.0,0.0901,0.36389,normalised
95.45581030845642,,,0.0,0.0,0,,,,,,,,,GP3HD,0.0,0.0,0.0901,0.36389,normalised
95.46982336044312,,,0.0,0.0,0,,,,,,,,,GP3HD,0.0,0.0,0.0901,0.36389,normalised
95.48580288887024,,,0.0,0.0,0,,,,,,,,,GP3HD,0.0,0.0,0.0901,0.36389,normalised
95.5034327507019,,,0.0,0.0,0,,,,,,,,,GP3HD,0.0,0.0,0.0901,0.36389,normalised
95.52163815498352,,,0.0,0.0,0,,,,,,,,,GP3HD,0.0,0.0,0.0901,0.36389,normalised
95.53429245948792,,,0.0,0.0,0,,,,,,,,,GP3HD,0.0,0.0,0.0901,0.36389,normalised
95.55067729949951,,,0.0,0.0,0,,,,,,,,,GP3HD,0.0,0.0,0.0901,0.36389,normalised
95.56763792037964,,,0.0,0.0,0,,,,,,,,,GP3HD,0.0,0.0,0.0901,0.36389,normalised
95.5823404788971,,,0.64793,0.07757,0,,,,,,,,,GP3HD,0.64793,0.07757,0.0901,0.36389,normalised
95.59649586677551,,,0.59167,-0.00579,0,,,,,,,,,GP3HD,0.59167,-0.00579,0.0901,0.36389,normalised
95.61174130439758,,,0.57292,-0.03357,0,,,,,,,,,GP3HD,0.57292,-0.03357,0.0901,0.36389,normalised
95.62760066986084,,,0.57681,-0.03144,0,,,,,,,,,GP3HD,0.57681,-0.03144,0.0901,0.36389,normalised
95.64609384536743,,,0.59094,-0.01709,0,,,,,,,,,GP3HD,0.59094,-0.01709,0.0901,0.36389,normalised
95.66066336631775,,,0.59565,-0.01231,0,,,,,,,,,GP3HD,0.59565,-0.01231,0.0901,0.36389,normalised
95.67837715148926,,,0.60151,-0.00616,1,,,,,,,,,GP3HD,0.60151,-0.00616,0.0901,0.36389,normalised
95.69339084625244,,,0.59609,-0.02972,1,,,,,,,,,GP3HD,0.59609,-0.02972,0.0901,0.36389,normalised
95.7111394405365,,,0.59248,-0.04542,1,,,,,,,,,GP3HD,0.59248,-0.04542,0.0901,0.36389,normalised
95.72519087791443,,,0.59558,-0.04133,1,,,,,,,,,GP3HD,0.59558,-0.04133,0.0901,0.36389,normalised
95.74295425415039,,,0.60143,-0.02815,1,,,,,,,,,GP3HD,0.60143,-0.02815,0.0901,0.36389,normalised
95.75825190544128,,,0.60222,-0.0308,1,,,,,,,,,GP3HD,0.60222,-0.0308,0.0901,0.36389,normalised
95.7738950252533,,,0.59463,-0.05592,1,,,,,,,,,GP3HD,0.59463,-0.05592,0.0901,0.36389,normalised
95.7894856929779,,,0.58239,-0.09408,1,,,,,,,,,GP3HD,0.58239,-0.09408,0.0901,0.36389,normalised
95.80646300315857,,,0.56383,-0.1477,1,,,,,,,,,GP3HD,0.56383,-0.1477,0.0901,0.36389,normalised
95.82215213775635,,,0.53846,-0.21642,1,,,,,,,,,GP3HD,0.53846,-0.21642,0.0901,0.36389,normalised
95.84040379524231,,,0.49654,-0.33825,0,,,,,,,,,GP3HD,0.49654,-0.33825,0.0901,0.36389,normalised
95.85514426231384,,,0.34918,-0.73113,0,,,,,,,,,GP3HD,0.34918,-0.73113,0.0901,0.36389,normalised
95.87341070175171,,,0.36639,-0.68653,0,,,,,,,,,GP3HD,0.36639,-0.68653,0.0901,0.36389,normalised
95.8892970085144,,,0.3844,-0.64575,0,,,,,,,,,GP3HD,0.3844,-0.64575,0.0901,0.36389,normalised
95.90439987182617,,,0.5511,-0.17252,0,,,,,,,,,GP3HD,0.5511,-0.17252,0.0901,0.36389,normalised
95.9201979637146,,,0.63651,0.09356,0,,,,,,,,,GP3HD,0.63651,0.09356,0.0901,0.36389,normalised
95.93771314620972,,,0.79828,0.57702,0,,,,,,,,,GP3HD,0.79828,0.57702,0.0901,0.36389,normalised
95.95257019996643,,,0.84527,0.72607,0,,,,,,,,,GP3HD,0.84527,0.72607,0.0901,0.36389,normalised
95.96759033203125,,,0.84981,0.72911,0,,,,,,,,,GP3HD,0.84981,0.72911,0.0901,0.36389,normalised
95.98351073265076,,,0.85277,0.71875,0,,,,,,,,,GP3HD,0.85277,0.71875,0.0901,0.36389,normalised
96.00042343139648,,,0.73378,0.29317,0,,,,,,,,,GP3HD,0.73378,0.29317,0.0901,0.36389,normalised
96.01816248893738,,,0.6021,-0.08368,0,,,,,,,,,GP3HD,0.6021,-0.08368,0.0901,0.36389,normalised
96.03185701370239,,,0.29295,-0.89574,0,,,,,,,,,GP3HD,0.29295,-0.89574,0.0901,0.36389,normalised
96.04875826835632,,,-0.12548,-1.74909,0,,,,,,,,,GP3HD,-0.12548,-1.74909,0.0901,0.36389,normalised
96.06756353378296,,,-0.33795,-2.17029,0,,,,,,,,,GP3HD,-0.33795,-2.17029,0.0901,0.36389,normalised
96.08046245574951,,,-0.70853,-2.90121,0,,,,,,,,,GP3HD,-0.70853,-2.90121,0.0901,0.36389,normalised
96.09739995002747,,,-0.76366,-2.99484,0,,,,,,,,,GP3HD,-0.76366,-2.99484,0.0901,0.36389,normalised
96.1145670413971,,,-0.75692,-2.9878,0,,,,,,,,,GP3HD,-0.75692,-2.9878,0.0901,0.36389,normalised
96.13109827041626,,,-0.79315,-3.04932,0,,,,,,,,,GP3HD,-0.79315,-3.04932,0.0901,0.36389,normalised
96.1475076675415,,,-0.80519,-3.06755,0,,,,,,,,,GP3HD,-0.80519,-3.06755,0.0901,0.36389,normalised
96.1649124622345,,,-0.82878,-3.12375,0,,,,,,,,,GP3HD,-0.82878,-3.12375,0.0901,0.36389,normalised
96.17991924285889,,,-0.8596,-3.19082,0,,,,,,,,,GP3HD,-0.8596,-3.19082,0.0901,0.36389,normalised
96.19534826278687,,,-0.87262,-3.22067,0,,,,,,,,,GP3HD,-0.87262,-3.22067,0.0901,0.36389,normalised
96.21205925941467,,,-0.83896,-3.17669,0,,,,,,,,,GP3HD,-0.83896,-3.17669,0.0901,0.36389,normalised
96.22750186920166,,,-0.83083,-3.16895,1,,,,,,,,,GP3HD,-0.83083,-3.16895,0.0901,0.36389,normalised
96.24342179298401,,,-0.82595,-3.1643,1,,,,,,,,,GP3HD,-0.82595,-3.1643,0.0901,0.36389,normalised
96.26032757759094,,,-0.85081,-3.2051,1,,,,,,,,,GP3HD,-0.85081,-3.2051,0.0901,0.36389,normalised
96.27729344367981,,,-0.8591,-3.20867,1,,,,,,,,,GP3HD,-0.8591,-3.20867,0.0901,0.36389,normalised
96.29162883758545,,,-0.86531,-3.21134,1,,,,,,,,,GP3HD,-0.86531,-3.21134,0.0901,0.36389,normalised
96.30662226676941,,,-0.87991,-3.23516,1,,,,,,,,,GP3HD,-0.87991,-3.23516,0.0901,0.36389,normalised
96.32791233062744,,,-0.88585,-3.23812,1,,,,,,,,,GP3HD,-0.88585,-3.23812,0.0901,0.36389,normalised
96.3422999382019,,,-0.8907,-3.24054,1,,,,,,,,,GP3HD,-0.8907,-3.24054,0.0901,0.36389,normalised
96.35593914985657,,,-0.89353,-3.2503,1,,,,,,,,,GP3HD,-0.89353,-3.2503,0.0901,0.36389,normalised
96.37270498275757,,,-0.90137,-3.26336,1,,,,,,,,,GP3HD,-0.90137,-3.26336,0.0901,0.36389,normalised
96.38957524299622,,,-0.90809,-3.27456,1,,,,,,,,,GP3HD,-0.90809,-3.27456,0.0901,0.36389,normalised
96.40445280075073,,,-0.92879,-3.30388,0,,,,,,,,,GP3HD,-0.92879,-3.30388,0.0901,0.36389,normalised
96.42159533500671,,,-0.8218,-3.10055,0,,,,,,,,,GP3HD,-0.8218,-3.10055,0.0901,0.36389,normalised
96.43919682502747,,,-0.66646,-2.79813,0,,,,,,,,,GP3HD,-0.66646,-2.79813,0.0901,0.36389,normalised
96.45423293113708,,,-0.5353,-2.54526,0,,,,,,,,,GP3HD,-0.5353,-2.54526,0.0901,0.36389,normalised
96.46960496902466,,,-0.5353,-2.54526,0,,,,,,,,,GP3HD,-0.5353,-2.54526,0.0901,0.36389,normalised
96.48721671104431,,,-0.5353,-2.54526,0,,,,,,,,,GP3HD,-0.5353,-2.54526,0.0901,0.36389,normalised
96.50578927993774,,,0.0,0.0,0,,,,,,,,,GP3HD,0.0,0.0,0.0901,0.36389,normalised
96.5212037563324,,,0.0,0.0,0,,,,,,,,,GP3HD,0.0,0.0,0.0901,0.36389,normalised
96.53590250015259,,,0.0,0.0,0,,,,,,,,,GP3HD,0.0,0.0,0.0901,0.36389,normalised
96.55373525619507,,,0.0,0.0,0,,,,,,,,,GP3HD,0.0,0.0,0.0901,0.36389,normalised
96.57235670089722,,,0.0,0.0,0,,,,,,,,,GP3HD,0.0,0.0,0.0901,0.36389,normalised
